Ticker,Date,Open,High,Low,Close,Volume
BFC,10/8/2015 00:00:00,9.50969,9.50969,9.14394,9.29024,30370
BFC,10/9/2015 00:00:00,9.29024,9.29024,9.07078,9.25366,40730
BFC,10/12/2015 00:00:00,9.07078,9.07078,8.63188,8.63188,119300
BFC,10/13/2015 00:00:00,8.04666,8.41242,8.04666,8.19297,215830
BFC,10/14/2015 00:00:00,8.33927,8.66845,8.33927,8.66845,8450
BFC,10/15/2015 00:00:00,8.5953,8.77818,8.48557,8.7416,43830
BFC,10/16/2015 00:00:00,8.77818,8.81475,8.77818,8.77818,54700
BFC,10/19/2015 00:00:00,8.77818,8.81475,8.77818,8.77818,24740
BFC,10/20/2015 00:00:00,8.77818,8.96106,8.77818,8.96106,25700
BFC,10/21/2015 00:00:00,8.88791,8.92448,8.81475,8.81475,11660
BFC,10/22/2015 00:00:00,8.81475,8.88791,8.81475,8.85133,19700
BFC,10/23/2015 00:00:00,8.85133,9.18051,8.85133,9.18051,116390
BFC,10/26/2015 00:00:00,9.14394,9.25366,9.10736,9.10736,21810
BFC,10/27/2015 00:00:00,9.14394,9.43654,9.14394,9.43654,84070
BFC,10/28/2015 00:00:00,9.43654,9.87545,9.43654,9.8023,126370
BFC,10/29/2015 00:00:00,9.9486,10.4607,9.9486,10.4607,289240
BFC,10/30/2015 00:00:00,10.9727,10.9727,10.4607,10.4607,105240
BFC,11/2/2015 00:00:00,10.6801,10.6801,9.76572,9.87545,33880
BFC,11/3/2015 00:00:00,9.91203,10.0949,9.50969,10.0949,16800
BFC,11/4/2015 00:00:00,10.0949,10.0949,9.58285,9.656,40300
BFC,11/5/2015 00:00:00,9.58285,9.8023,9.58285,9.656,46210
BFC,11/6/2015 00:00:00,9.72915,10.0583,9.72915,9.87545,91190
BFC,11/9/2015 00:00:00,9.98518,9.98518,9.69257,9.69257,33090
BFC,11/10/2015 00:00:00,9.656,9.76572,9.61942,9.61942,57090
BFC,11/11/2015 00:00:00,9.69257,9.69257,9.58285,9.58285,15240
BFC,11/12/2015 00:00:00,9.54627,9.69257,9.50969,9.58285,65860
BFC,11/13/2015 00:00:00,9.58285,9.91203,9.58285,9.91203,58580
BFC,11/16/2015 00:00:00,9.87545,9.91203,9.69257,9.91203,25360
BFC,11/17/2015 00:00:00,9.9486,9.9486,9.87545,9.87545,49190
BFC,11/18/2015 00:00:00,9.91203,9.91203,9.656,9.69257,8730
BFC,11/19/2015 00:00:00,9.69257,9.69257,9.50969,9.69257,21590
BFC,11/20/2015 00:00:00,9.69257,10.0218,9.69257,9.72915,49640
BFC,11/23/2015 00:00:00,9.83888,9.83888,9.8023,9.8023,39390
BFC,11/24/2015 00:00:00,9.69257,9.83888,9.69257,9.69257,42570
BFC,11/25/2015 00:00:00,9.69257,10.3509,9.69257,10.3144,164360
BFC,11/26/2015 00:00:00,10.3875,10.3875,10.1681,10.1681,45620
BFC,11/27/2015 00:00:00,10.3509,10.3509,9.8023,9.8023,18040
BFC,11/30/2015 00:00:00,10.0949,10.0949,9.69257,9.72915,36360
BFC,12/1/2015 00:00:00,9.69257,9.87545,9.69257,9.83888,11880
BFC,12/2/2015 00:00:00,9.87545,9.87545,9.83888,9.83888,3210
BFC,12/3/2015 00:00:00,9.87545,9.91203,9.76572,9.76572,28660
BFC,12/4/2015 00:00:00,9.72915,9.83888,9.69257,9.8023,27530
BFC,12/7/2015 00:00:00,9.72915,9.83888,9.61942,9.8023,52450
BFC,12/8/2015 00:00:00,9.69257,9.8023,9.69257,9.8023,56770
BFC,12/9/2015 00:00:00,9.8023,9.87545,9.69257,9.87545,26740
BFC,12/10/2015 00:00:00,9.69257,9.72915,9.656,9.72915,7040
BFC,12/11/2015 00:00:00,9.72915,9.72915,9.69257,9.69257,28820
BFC,12/14/2015 00:00:00,9.656,9.69257,9.656,9.656,5700
BFC,12/15/2015 00:00:00,9.72915,9.72915,9.656,9.69257,11650
BFC,12/16/2015 00:00:00,9.69257,9.72915,9.656,9.656,8670
BFC,12/17/2015 00:00:00,9.76572,9.76572,9.656,9.656,31280
BFC,12/18/2015 00:00:00,9.61942,9.656,9.61942,9.656,9320
BFC,12/21/2015 00:00:00,9.61942,9.72915,9.61942,9.69257,25980
BFC,12/22/2015 00:00:00,9.69257,9.8023,9.69257,9.8023,6020
BFC,12/24/2015 00:00:00,9.72915,9.8023,9.656,9.72915,5930
BFC,12/25/2015 00:00:00,9.69257,9.69257,9.61942,9.69257,10300
BFC,12/29/2015 00:00:00,9.61942,9.69257,9.50969,9.69257,12740
BFC,12/30/2015 00:00:00,9.76572,10.2412,9.72915,9.91203,79750
BFC,12/31/2015 00:00:00,10.2046,10.2046,9.8023,9.87545,23150
BFC,1/4/2016 00:00:00,9.8023,9.87545,9.8023,9.87545,32090
BFC,1/5/2016 00:00:00,9.87545,9.87545,9.69257,9.69257,16050
BFC,1/6/2016 00:00:00,9.72915,9.87545,9.69257,9.87545,21670
BFC,1/7/2016 00:00:00,9.8023,9.8023,9.69257,9.8023,48300
BFC,1/8/2016 00:00:00,9.58285,9.69257,9.50969,9.61942,59120
BFC,1/11/2016 00:00:00,9.14394,9.76572,9.14394,9.72915,550
BFC,1/12/2016 00:00:00,9.72915,9.72915,9.72915,9.72915,180
BFC,1/13/2016 00:00:00,9.69257,9.72915,9.58285,9.58285,9920
BFC,1/14/2016 00:00:00,9.58285,9.58285,9.50969,9.50969,6900
BFC,1/15/2016 00:00:00,9.50969,9.50969,9.50969,9.50969,2200
BFC,1/18/2016 00:00:00,9.25366,9.43654,8.88791,8.96106,26280
BFC,1/19/2016 00:00:00,9.58285,9.58285,9.58285,9.58285,10
BFC,1/20/2016 00:00:00,9.61942,9.61942,8.96106,8.96106,29190
BFC,1/21/2016 00:00:00,9.58285,9.58285,8.96106,9.50969,14610
BFC,1/22/2016 00:00:00,9.50969,9.50969,8.96106,9.47312,6160
BFC,1/25/2016 00:00:00,9.50969,9.50969,9.47312,9.50969,1500
BFC,1/26/2016 00:00:00,8.99763,9.47312,8.96106,9.47312,6280
BFC,1/27/2016 00:00:00,9.32682,9.43654,9.10736,9.18051,27620
BFC,1/28/2016 00:00:00,9.18051,9.36339,9.14394,9.36339,12830
BFC,1/29/2016 00:00:00,9.21709,9.29024,9.14394,9.29024,11900
BFC,2/1/2016 00:00:00,9.14394,9.21709,9.14394,9.21709,17800
BFC,2/2/2016 00:00:00,9.14394,9.18051,9.10736,9.10736,12610
BFC,2/3/2016 00:00:00,9.14394,9.36339,9.14394,9.36339,49560
BFC,2/4/2016 00:00:00,9.50969,9.76572,9.50969,9.69257,37780
BFC,2/5/2016 00:00:00,9.50969,9.69257,9.50969,9.69257,32500
BFC,2/15/2016 00:00:00,9.43654,9.69257,9.43654,9.69257,53550
BFC,2/16/2016 00:00:00,9.69257,9.72915,9.69257,9.72915,27400
BFC,2/17/2016 00:00:00,9.72915,10.3509,9.72915,10.2412,95440
BFC,2/18/2016 00:00:00,10.2412,10.2778,10.0583,10.0583,58200
BFC,2/19/2016 00:00:00,10.0583,10.2412,10.0583,10.1681,17200
BFC,2/22/2016 00:00:00,10.0949,10.0949,10.0218,10.0583,22350
BFC,2/23/2016 00:00:00,10.0583,10.0949,10.0583,10.0949,18500
BFC,2/24/2016 00:00:00,10.0949,10.0949,10.0583,10.0949,22140
BFC,2/25/2016 00:00:00,10.0949,10.0949,10.0583,10.0583,7760
BFC,2/26/2016 00:00:00,10.0218,10.2046,9.61942,10.0218,6730
BFC,2/29/2016 00:00:00,10.0949,10.2046,10.0218,10.2046,18470
BFC,3/1/2016 00:00:00,10.2046,10.3144,10.1681,10.2046,21130
BFC,3/2/2016 00:00:00,10.3144,10.3144,10.0949,10.0949,39870
BFC,3/3/2016 00:00:00,10.2778,10.2778,10.1681,10.2412,20010
BFC,3/4/2016 00:00:00,10.2412,10.2412,10.1681,10.2412,10800
BFC,3/7/2016 00:00:00,10.2412,10.2412,9.58285,10.2046,1650
BFC,3/8/2016 00:00:00,10.2046,10.2412,10.1681,10.2412,28310
BFC,3/9/2016 00:00:00,10.2046,10.607,10.2046,10.5704,44910
BFC,3/10/2016 00:00:00,10.607,11.0093,10.607,11.0093,64690
BFC,3/11/2016 00:00:00,11.0825,11.5214,10.8996,11.4848,162710
BFC,3/14/2016 00:00:00,11.5579,11.5579,10.9727,11.1922,48610
BFC,3/15/2016 00:00:00,11.119,11.3385,10.607,10.607,101120
BFC,3/16/2016 00:00:00,10.607,11.119,10.607,10.9361,72180
BFC,3/17/2016 00:00:00,10.9361,10.9727,10.8264,10.9727,24260
BFC,3/18/2016 00:00:00,10.9727,10.9727,10.607,10.7533,29400
BFC,3/21/2016 00:00:00,11.119,11.119,10.5338,10.5338,38560
BFC,3/22/2016 00:00:00,10.5704,10.6801,10.2778,10.6801,32400
BFC,3/23/2016 00:00:00,10.6801,10.7898,10.5338,10.7898,28230
BFC,3/24/2016 00:00:00,10.7898,10.7898,10.5338,10.5338,14350
BFC,3/25/2016 00:00:00,10.5338,10.7167,10.4607,10.6801,15320
BFC,3/28/2016 00:00:00,10.8996,10.9727,10.4607,10.7533,12960
BFC,3/29/2016 00:00:00,10.6435,10.6801,10.4241,10.4241,52590
BFC,3/30/2016 00:00:00,10.4241,10.9727,10.4241,10.6801,151710
BFC,3/31/2016 00:00:00,10.7898,11.1556,10.7167,10.9361,140960
BFC,4/1/2016 00:00:00,10.7167,11.0093,10.6435,10.8996,60910
BFC,4/4/2016 00:00:00,10.7898,10.8996,10.6801,10.7533,40290
BFC,4/5/2016 00:00:00,10.7533,10.7898,10.7533,10.7898,4370
BFC,4/6/2016 00:00:00,10.7898,10.9727,10.7898,10.8996,46640
BFC,4/7/2016 00:00:00,11.0093,11.0093,10.7898,10.9361,55460
BFC,4/8/2016 00:00:00,10.7898,11.5214,10.7898,11.4848,190380
BFC,4/11/2016 00:00:00,11.5214,12.1431,11.5214,11.8871,126000
BFC,4/12/2016 00:00:00,11.8871,11.9968,11.8505,11.8871,131010
BFC,4/13/2016 00:00:00,11.8871,12.1066,11.7042,11.9968,85740
BFC,4/14/2016 00:00:00,11.8871,11.9968,11.7774,11.814,48970
BFC,4/15/2016 00:00:00,11.7774,12.1066,11.7042,11.8505,106880
BFC,4/19/2016 00:00:00,12.1066,12.1066,11.8505,11.8505,215780
BFC,4/20/2016 00:00:00,11.8505,11.9237,11.7042,11.814,49090
BFC,4/21/2016 00:00:00,11.7774,11.8871,11.7042,11.7408,67550
BFC,4/22/2016 00:00:00,11.7042,11.814,11.4848,11.7408,38850
BFC,4/25/2016 00:00:00,11.5579,11.6677,11.4848,11.5579,32320
BFC,4/26/2016 00:00:00,11.3751,11.5579,11.3385,11.4482,65460
BFC,4/27/2016 00:00:00,11.4116,11.4482,11.3019,11.3019,31990
BFC,4/28/2016 00:00:00,11.3385,11.7042,11.3019,11.3019,47840
BFC,4/29/2016 00:00:00,11.3385,11.4848,11.3019,11.3751,33430
BFC,5/4/2016 00:00:00,11.4116,11.7408,11.4116,11.6677,62660
BFC,5/5/2016 00:00:00,11.6311,11.6311,11.5579,11.5945,51180
BFC,5/6/2016 00:00:00,11.5214,11.6311,11.5214,11.5579,28210
BFC,5/9/2016 00:00:00,11.5579,11.6677,11.3751,11.5579,15170
BFC,5/10/2016 00:00:00,11.6311,11.6311,11.3385,11.4116,8820
BFC,5/11/2016 00:00:00,11.5214,11.6311,11.3385,11.5214,18930
BFC,5/12/2016 00:00:00,11.6677,11.6677,11.3751,11.5214,6220
BFC,5/13/2016 00:00:00,11.6311,11.6311,11.3019,11.5214,15720
BFC,5/16/2016 00:00:00,11.3751,11.5579,11.3385,11.4116,11430
BFC,5/17/2016 00:00:00,11.5214,11.7042,11.4116,11.5214,10480
BFC,5/18/2016 00:00:00,11.6311,11.7042,11.5579,11.6311,48050
BFC,5/19/2016 00:00:00,11.7042,11.7042,11.5579,11.6311,22260
BFC,5/20/2016 00:00:00,11.6311,11.6677,11.5945,11.6677,32080
BFC,5/23/2016 00:00:00,11.5214,11.6311,11.5214,11.6311,18570
BFC,5/24/2016 00:00:00,11.6677,11.6677,11.5214,11.5945,22800
BFC,5/25/2016 00:00:00,11.5945,11.5945,11.5579,11.5945,10340
BFC,5/26/2016 00:00:00,11.6677,11.6677,11.5579,11.6311,30220
BFC,5/27/2016 00:00:00,11.5945,11.7042,11.5945,11.6677,19770
BFC,5/30/2016 00:00:00,11.7042,11.7042,11.4848,11.6677,33060
BFC,5/31/2016 00:00:00,11.6677,11.6677,11.5214,11.6311,9720
BFC,6/1/2016 00:00:00,11.6677,11.6677,11.4848,11.6311,15150
BFC,6/2/2016 00:00:00,11.6311,12.1431,11.6311,11.9603,75500
BFC,6/3/2016 00:00:00,11.9968,11.9968,11.9237,11.9603,10490
BFC,6/6/2016 00:00:00,12.07,12.2163,12.07,12.1797,96910
BFC,6/7/2016 00:00:00,12.2529,12.4358,12.2163,12.326,55440
BFC,6/8/2016 00:00:00,12.4358,12.4358,12.326,12.3992,18970
BFC,6/9/2016 00:00:00,12.3992,12.4358,12.2529,12.4358,75090
BFC,6/10/2016 00:00:00,12.7649,13.0941,12.7649,13.0575,179480
BFC,6/13/2016 00:00:00,13.277,13.3501,12.8747,12.9844,93270
BFC,6/14/2016 00:00:00,12.9844,12.9844,12.7649,12.8015,115950
BFC,6/15/2016 00:00:00,12.9844,13.1673,12.8015,13.0575,74750
BFC,6/16/2016 00:00:00,13.2404,13.4233,13.2038,13.3501,96300
BFC,6/17/2016 00:00:00,13.277,13.3867,13.0575,13.3136,45580
BFC,6/20/2016 00:00:00,13.3501,13.4965,13.1673,13.3501,28760
BFC,6/21/2016 00:00:00,13.4233,13.4233,13.2404,13.2404,22600
BFC,6/22/2016 00:00:00,13.3136,13.4599,13.277,13.277,75200
BFC,6/23/2016 00:00:00,13.4965,13.4965,13.3136,13.4233,100110
BFC,6/24/2016 00:00:00,14.3394,14.3394,12.5072,13.025,89310
BFC,6/27/2016 00:00:00,12.3877,13.025,12.3877,12.7462,25920
BFC,6/28/2016 00:00:00,12.7462,12.7462,12.4275,12.6665,20450
BFC,6/29/2016 00:00:00,12.6665,12.9453,12.6665,12.9453,39690
BFC,6/30/2016 00:00:00,13.2241,13.2241,12.7462,12.7462,30560
BFC,7/1/2016 00:00:00,12.7462,12.7462,12.5868,12.7063,32780
BFC,7/4/2016 00:00:00,12.7462,12.7462,12.4275,12.6267,49120
BFC,7/5/2016 00:00:00,12.5868,12.5868,12.2682,12.2682,101500
BFC,7/6/2016 00:00:00,12.0292,12.2682,11.9894,11.9894,61280
BFC,7/7/2016 00:00:00,11.9495,12.5868,11.9495,12.4673,19550
BFC,7/8/2016 00:00:00,12.547,12.547,12.1089,12.1487,67530
BFC,7/11/2016 00:00:00,12.1487,12.308,12.069,12.1487,56810
BFC,7/12/2016 00:00:00,12.1089,12.1487,12.069,12.1487,53440
BFC,7/13/2016 00:00:00,12.1487,12.308,12.069,12.2283,97820
BFC,7/14/2016 00:00:00,12.5072,12.7063,12.5072,12.5868,144510
BFC,7/15/2016 00:00:00,12.5868,12.7063,12.547,12.7063,92140
BFC,7/18/2016 00:00:00,12.7462,13.1445,12.6267,13.1046,100200
BFC,7/19/2016 00:00:00,13.1445,13.4631,13.0648,13.3436,191870
BFC,7/20/2016 00:00:00,12.9453,13.4631,12.9453,12.9453,36690
BFC,7/21/2016 00:00:00,13.1046,13.1046,12.786,12.9453,20520
BFC,7/22/2016 00:00:00,13.0648,13.0648,12.547,12.5868,51190
BFC,7/25/2016 00:00:00,12.9851,12.9851,12.5868,12.8657,8540
BFC,7/26/2016 00:00:00,12.8657,12.8657,12.5072,12.8258,9910
BFC,7/27/2016 00:00:00,12.547,12.9055,12.547,12.8258,9450
BFC,7/28/2016 00:00:00,12.9453,13.4631,12.8657,13.1843,178860
BFC,7/29/2016 00:00:00,13.2241,14.1004,13.2241,13.9809,250390
BFC,8/1/2016 00:00:00,14.5386,14.6581,13.9809,14.4191,127520
BFC,8/2/2016 00:00:00,14.3394,14.3394,13.742,13.8216,85820
BFC,8/3/2016 00:00:00,13.8216,13.8216,13.4631,13.7021,52810
BFC,8/4/2016 00:00:00,13.7021,13.8614,13.503,13.503,33180
BFC,8/5/2016 00:00:00,13.6623,13.6623,13.1445,13.503,23770
BFC,8/8/2016 00:00:00,13.9013,13.9411,13.503,13.9411,36470
BFC,8/9/2016 00:00:00,13.9411,14.1403,13.9013,14.1004,78840
BFC,8/10/2016 00:00:00,14.0606,14.4191,14.0606,14.3793,143880
BFC,8/11/2016 00:00:00,14.3793,14.4191,14.1801,14.1801,55000
BFC,8/12/2016 00:00:00,14.1801,14.2598,13.8614,14.1004,70530
BFC,8/15/2016 00:00:00,13.9809,15.0564,13.9411,15.0564,158400
BFC,8/16/2016 00:00:00,15.4149,15.7335,15.1361,15.7335,210850
BFC,8/17/2016 00:00:00,15.6539,15.8929,15.5344,15.6539,44140
BFC,8/18/2016 00:00:00,15.9327,15.9327,15.5742,15.6937,94200
BFC,8/19/2016 00:00:00,15.8132,16.7692,15.6937,16.7692,237930
BFC,8/22/2016 00:00:00,17.1675,17.8845,17.1675,17.6853,176610
BFC,8/23/2016 00:00:00,17.765,18.004,17.1277,17.526,117980
BFC,8/24/2016 00:00:00,17.7251,17.8446,17.526,17.6056,167180
BFC,8/25/2016 00:00:00,17.7251,17.7251,17.048,17.2073,68140
BFC,8/26/2016 00:00:00,17.1277,17.1675,16.57,16.6497,191730
BFC,8/29/2016 00:00:00,16.7293,16.7293,15.9327,15.9725,277400
BFC,8/30/2016 00:00:00,15.9327,16.331,15.7335,16.331,124130
BFC,8/31/2016 00:00:00,16.2514,16.8887,16.2514,16.7293,182430
BFC,9/1/2016 00:00:00,16.7293,16.7692,16.4903,16.6497,130090
BFC,9/5/2016 00:00:00,16.57,16.57,15.4945,15.4945,678580
BFC,9/6/2016 00:00:00,15.2157,15.7734,15.2157,15.6539,122490
BFC,9/7/2016 00:00:00,15.853,15.9725,15.7335,15.8132,148560
BFC,9/8/2016 00:00:00,16.2514,16.6337,16.2514,16.5859,250970
BFC,9/9/2016 00:00:00,16.6337,17.3029,16.6337,17.2073,150400
BFC,9/12/2016 00:00:00,17.2073,17.3507,16.7771,16.8727,85170
BFC,9/13/2016 00:00:00,16.7771,17.1595,16.6576,16.9683,74750
BFC,9/14/2016 00:00:00,17.1595,17.6853,17.1595,17.3985,224430
BFC,9/15/2016 00:00:00,17.5897,17.5897,17.2551,17.4463,28910
BFC,9/16/2016 00:00:00,17.4463,17.5897,17.2073,17.279,96220
BFC,9/19/2016 00:00:00,17.2073,17.4941,17.2073,17.3985,221620
BFC,9/20/2016 00:00:00,17.4463,17.9721,17.3985,17.7809,257060
BFC,9/21/2016 00:00:00,17.9721,18.1155,17.5897,17.8765,161740
BFC,9/22/2016 00:00:00,17.9243,17.9243,17.6853,17.9243,92010
BFC,9/23/2016 00:00:00,17.9243,17.9243,17.6853,17.8287,179080
BFC,9/26/2016 00:00:00,17.8765,17.8765,17.6614,17.8287,97420
BFC,9/27/2016 00:00:00,17.8287,17.8287,17.5897,17.8287,173430
BFC,9/28/2016 00:00:00,17.8287,18.7369,17.8287,18.7369,389190
BFC,9/29/2016 00:00:00,19.1192,19.1192,18.4501,18.4501,137570
BFC,9/30/2016 00:00:00,18.3067,18.6413,18.2589,18.5457,116230
BFC,10/3/2016 00:00:00,18.4501,18.5457,17.9243,18.0677,178760
BFC,10/4/2016 00:00:00,18.0677,18.4501,17.9243,18.1155,249760
BFC,10/5/2016 00:00:00,18.1155,18.4023,18.0199,18.0677,77290
BFC,10/6/2016 00:00:00,17.9721,18.235,17.9721,17.9721,108900
BFC,10/7/2016 00:00:00,17.9721,17.9721,17.2551,17.4463,199960
BFC,10/10/2016 00:00:00,17.3985,17.6853,17.2551,17.2551,98320
BFC,10/11/2016 00:00:00,17.2551,17.6375,16.9683,17.2073,105250
BFC,10/12/2016 00:00:00,17.2551,17.6853,17.2551,17.4463,39970
BFC,10/13/2016 00:00:00,17.4941,17.8765,17.3507,17.8765,46130
BFC,10/14/2016 00:00:00,17.8765,17.9243,17.4941,17.5897,35260
BFC,10/17/2016 00:00:00,17.4463,17.4941,17.2073,17.4463,14780
BFC,10/18/2016 00:00:00,17.3985,17.3985,17.2073,17.2551,82720
BFC,10/19/2016 00:00:00,17.2551,17.3985,17.2073,17.3507,105570
BFC,10/20/2016 00:00:00,17.3985,17.3985,17.1117,17.1117,88530
BFC,10/21/2016 00:00:00,16.9683,16.9683,16.6576,16.7293,227980
BFC,10/24/2016 00:00:00,16.6815,16.7532,16.2753,16.2992,113390
BFC,10/25/2016 00:00:00,16.3469,16.3469,15.7734,16.0602,176130
BFC,10/26/2016 00:00:00,16.2036,16.2036,15.7256,15.7734,156930
BFC,10/27/2016 00:00:00,15.7734,16.2036,15.7256,16.0124,165110
BFC,10/28/2016 00:00:00,16.3469,16.5859,16.0602,16.3947,162900
BFC,10/31/2016 00:00:00,16.4425,16.8249,16.3947,16.5859,134100
BFC,11/1/2016 00:00:00,16.5381,16.6337,16.2514,16.5381,70010
BFC,11/2/2016 00:00:00,16.5859,16.6815,16.3947,16.5381,138030
BFC,11/3/2016 00:00:00,16.2036,16.5381,16.2036,16.5381,91980
BFC,11/4/2016 00:00:00,16.6337,16.6337,16.3947,16.3947,45020
BFC,11/7/2016 00:00:00,16.6815,17.1117,16.6815,17.1117,188570
BFC,11/8/2016 00:00:00,17.3985,17.3985,17.0639,17.1117,149860
BFC,11/9/2016 00:00:00,17.1117,17.1117,16.4903,16.9205,186020
BFC,11/10/2016 00:00:00,17.0161,17.3985,17.0161,17.3507,130640
BFC,11/11/2016 00:00:00,17.3507,17.4941,17.1117,17.4224,155550
BFC,11/14/2016 00:00:00,17.3985,17.4941,17.3507,17.4224,151950
BFC,11/15/2016 00:00:00,17.4702,17.4941,17.3268,17.4224,83750
BFC,11/16/2016 00:00:00,17.4224,17.4224,17.2551,17.4224,89110
BFC,11/17/2016 00:00:00,17.4224,17.4224,17.1117,17.2073,224340
BFC,11/18/2016 00:00:00,17.0639,17.2073,16.9683,16.9683,97750
BFC,11/21/2016 00:00:00,16.9683,17.2073,16.8249,17.1117,21200
BFC,11/22/2016 00:00:00,17.1595,17.1595,16.7293,16.801,140190
BFC,11/23/2016 00:00:00,16.801,17.3507,16.801,17.3507,122630
BFC,11/24/2016 00:00:00,17.7048,17.7048,16.946,16.946,93000
BFC,11/25/2016 00:00:00,17.1484,17.1484,16.5919,16.9966,41910
BFC,11/28/2016 00:00:00,16.7943,16.9966,16.1873,16.9966,72760
BFC,11/29/2016 00:00:00,16.9966,16.9966,16.1873,16.5919,40640
BFC,11/30/2016 00:00:00,16.1873,16.6678,15.5296,15.9849,105690
BFC,12/1/2016 00:00:00,16.1873,16.1873,15.6055,15.6561,81090
BFC,12/2/2016 00:00:00,15.6561,16.0861,15.4538,16.0861,99510
BFC,12/5/2016 00:00:00,16.0861,16.0861,15.6814,15.8837,53530
BFC,12/6/2016 00:00:00,15.6561,15.6814,15.2261,15.2261,53970
BFC,12/7/2016 00:00:00,15.2261,15.4285,14.8215,15.1755,57220
BFC,12/8/2016 00:00:00,15.1755,15.1755,14.9226,15.0238,13110
BFC,12/9/2016 00:00:00,14.9226,15.1755,14.7709,14.9732,21870
BFC,12/12/2016 00:00:00,14.4674,14.9226,14.4674,14.4674,22430
BFC,12/13/2016 00:00:00,14.4674,14.6697,14.4674,14.6191,55590
BFC,12/14/2016 00:00:00,14.4674,15.125,14.4674,15.0744,38800
BFC,12/15/2016 00:00:00,14.872,15.2514,14.872,15.125,29280
BFC,12/16/2016 00:00:00,15.2261,15.2261,14.872,14.9985,15160
BFC,12/19/2016 00:00:00,14.9985,15.2261,14.9226,15.0744,31920
BFC,12/20/2016 00:00:00,15.0744,15.9849,15.0238,15.732,283920
BFC,12/21/2016 00:00:00,15.732,15.9849,15.6308,15.6308,18210
BFC,12/22/2016 00:00:00,15.6308,15.6814,15.4791,15.6308,23050
BFC,12/23/2016 00:00:00,15.4285,15.4285,15.0238,15.1755,86380
BFC,12/26/2016 00:00:00,15.1755,15.1755,14.9732,15.125,18300
BFC,12/27/2016 00:00:00,14.9732,15.0238,14.6191,14.9226,154380
BFC,12/28/2016 00:00:00,15.0238,15.125,14.7709,14.8215,13660
BFC,12/29/2016 00:00:00,14.6697,14.8467,14.6697,14.8467,35820
BFC,12/30/2016 00:00:00,14.8467,15.125,14.8215,14.9226,52150
BFC,1/3/2017 00:00:00,14.9226,15.0238,14.872,14.9226,76610
BFC,1/4/2017 00:00:00,14.9226,15.0997,14.8215,15.0744,65280
BFC,1/5/2017 00:00:00,15.125,15.4285,14.9732,15.3779,100930
BFC,1/6/2017 00:00:00,15.4285,15.6308,15.3779,15.5044,155890
BFC,1/9/2017 00:00:00,15.3526,15.5296,15.2767,15.3779,63640
BFC,1/10/2017 00:00:00,15.4538,15.5296,15.2767,15.3273,29020
BFC,1/11/2017 00:00:00,15.4285,15.4285,15.1755,15.1755,82500
BFC,1/12/2017 00:00:00,15.3273,16.1367,15.3273,16.1367,406440
BFC,1/13/2017 00:00:00,16.339,16.6931,16.1367,16.2631,296410
BFC,1/16/2017 00:00:00,16.1873,16.4149,15.7826,15.909,267870
BFC,1/17/2017 00:00:00,15.8332,15.9849,15.3273,15.4285,130980
BFC,1/18/2017 00:00:00,15.4285,15.7826,15.3273,15.4285,133080
BFC,1/19/2017 00:00:00,15.3526,15.5802,15.2767,15.3273,94460
BFC,1/20/2017 00:00:00,15.3273,16.0355,15.3273,15.9849,173740
BFC,1/23/2017 00:00:00,15.732,16.0608,15.732,15.7573,18310
BFC,1/24/2017 00:00:00,15.6814,15.9849,15.4791,15.9849,82150
BFC,1/25/2017 00:00:00,16.1873,16.2884,15.9849,15.9849,67950
BFC,2/2/2017 00:00:00,15.9849,16.1873,15.7826,15.9849,40540
BFC,2/3/2017 00:00:00,15.9343,16.6931,15.8332,16.339,449740
BFC,2/6/2017 00:00:00,16.4908,17.1484,16.4908,17.0472,400330
BFC,2/7/2017 00:00:00,17.0978,17.2242,16.946,17.0472,236200
BFC,2/8/2017 00:00:00,17.0978,17.3001,17.0472,17.3001,197990
BFC,2/9/2017 00:00:00,17.3001,17.9071,17.3001,17.8313,280150
BFC,2/10/2017 00:00:00,17.7048,17.9577,17.553,17.6542,235620
BFC,2/13/2017 00:00:00,17.7554,18.3624,17.553,18.1095,238930
BFC,2/14/2017 00:00:00,18.2107,18.2107,17.7048,17.7554,241460
BFC,2/15/2017 00:00:00,17.7048,17.9577,17.6542,17.7554,124820
BFC,2/16/2017 00:00:00,17.9577,17.9577,17.3507,17.4013,209370
BFC,2/17/2017 00:00:00,17.4013,17.7554,17.1484,17.7048,290730
BFC,2/20/2017 00:00:00,17.6542,18.1095,17.4519,18.0589,191650
BFC,2/21/2017 00:00:00,18.0589,18.2107,17.7554,17.7807,174230
BFC,2/22/2017 00:00:00,17.7048,17.7807,17.4519,17.553,161590
BFC,2/23/2017 00:00:00,17.5025,17.6036,17.2495,17.4519,185870
BFC,2/24/2017 00:00:00,17.6036,17.7554,17.2495,17.2495,125730
BFC,2/27/2017 00:00:00,17.199,17.6795,17.199,17.3001,56970
BFC,2/28/2017 00:00:00,17.3507,17.553,17.3001,17.3507,88210
BFC,3/1/2017 00:00:00,17.3001,17.5025,16.946,17.3001,177800
BFC,3/2/2017 00:00:00,17.3001,17.4266,16.946,17.0472,71770
BFC,3/3/2017 00:00:00,17.0472,17.0472,16.6931,16.946,147310
BFC,3/6/2017 00:00:00,16.946,16.946,16.7184,16.7943,200280
BFC,3/7/2017 00:00:00,16.7943,17.5025,16.7943,17.5025,296470
BFC,3/8/2017 00:00:00,17.7048,17.8819,17.6036,17.6036,263420
BFC,3/9/2017 00:00:00,17.6036,17.6036,17.3254,17.3254,120110
BFC,3/10/2017 00:00:00,17.3254,17.7048,17.3001,17.5025,204320
BFC,3/13/2017 00:00:00,17.5025,17.5025,17.3254,17.3507,75390
BFC,3/14/2017 00:00:00,17.3507,18.1095,17.3507,17.9577,536480
BFC,3/15/2017 00:00:00,17.9577,18.0589,17.806,17.8566,256230
BFC,3/16/2017 00:00:00,17.9324,18.9441,17.8566,18.6659,845990
BFC,3/17/2017 00:00:00,18.7165,19.1212,18.4636,18.5395,376280
BFC,3/20/2017 00:00:00,18.6659,19.1465,18.5648,18.8936,453570
BFC,3/21/2017 00:00:00,18.9188,19.02,18.4636,18.5648,350840
BFC,3/22/2017 00:00:00,18.5142,18.7165,17.806,17.806,413290
BFC,3/23/2017 00:00:00,17.7554,18.2107,17.7554,17.9577,275680
BFC,3/24/2017 00:00:00,17.8566,18.1095,17.6036,17.7554,363060
BFC,3/27/2017 00:00:00,17.7554,17.9577,17.6036,17.7554,151150
BFC,3/28/2017 00:00:00,17.7554,17.9324,17.3001,17.4013,437720
BFC,3/29/2017 00:00:00,17.4013,17.6036,17.3001,17.5278,219900
BFC,3/30/2017 00:00:00,17.5278,18.1095,17.5278,17.7048,120310
BFC,3/31/2017 00:00:00,17.7048,17.9071,17.4519,17.4519,203160
BFC,4/3/2017 00:00:00,17.4519,17.6036,17.3507,17.4519,124030
BFC,4/4/2017 00:00:00,17.4519,17.5025,17.3507,17.4013,168690
BFC,4/5/2017 00:00:00,17.4013,17.6795,17.3254,17.3507,153390
BFC,4/7/2017 00:00:00,17.3507,17.6542,17.3001,17.6289,186210
BFC,4/10/2017 00:00:00,17.6542,17.6542,17.3507,17.4519,95340
BFC,4/11/2017 00:00:00,17.4519,17.7048,17.4519,17.6036,170950
BFC,4/12/2017 00:00:00,17.9071,18.3624,17.6542,17.9071,402700
BFC,4/13/2017 00:00:00,18.0589,18.2107,17.806,17.9324,286730
BFC,4/14/2017 00:00:00,18.0083,18.1601,17.7554,17.806,499690
BFC,4/17/2017 00:00:00,17.9071,18.0842,16.946,17.5025,395130
BFC,4/18/2017 00:00:00,17.5025,17.5025,17.0219,17.2495,224400
BFC,4/19/2017 00:00:00,17.2495,18.413,17.2495,18.2107,663720
BFC,4/20/2017 00:00:00,18.2865,18.2865,17.7554,17.7554,275200
BFC,4/21/2017 00:00:00,17.8566,17.983,17.7807,17.806,184350
BFC,4/24/2017 00:00:00,17.806,17.806,17.4013,17.4519,194090
BFC,4/25/2017 00:00:00,17.5783,17.6795,17.3001,17.3001,153670
BFC,4/26/2017 00:00:00,17.3001,17.806,17.3001,17.6289,272140
BFC,4/27/2017 00:00:00,17.7048,17.983,17.4519,17.7807,263310
BFC,4/28/2017 00:00:00,17.6289,17.7048,17.4519,17.6289,140290
BFC,5/3/2017 00:00:00,17.6036,18.0589,17.4519,17.9577,262160
BFC,5/4/2017 00:00:00,17.9577,18.0589,17.6036,17.6036,298290
BFC,5/5/2017 00:00:00,17.6036,17.8566,17.4519,17.7048,154200
BFC,5/8/2017 00:00:00,17.7048,18.9441,17.4519,18.9441,1.11767e+006
BFC,5/9/2017 00:00:00,19.2224,19.6776,18.9694,19.2224,964490
BFC,5/10/2017 00:00:00,19.02,19.3741,18.9694,19.0453,386270
BFC,5/11/2017 00:00:00,18.9188,19.6017,18.7671,19.4753,668920
BFC,5/12/2017 00:00:00,19.4753,20.0317,19.4247,19.9811,741430
BFC,5/15/2017 00:00:00,20.2088,20.5882,19.9811,20.2846,569240
BFC,5/16/2017 00:00:00,20.0317,20.6387,19.7788,19.9306,852680
BFC,5/17/2017 00:00:00,20.3352,20.6893,19.7282,19.9811,708910
BFC,5/18/2017 00:00:00,19.7282,20.2341,19.5765,20.0823,527350
BFC,5/19/2017 00:00:00,20.0823,20.0823,19.7282,19.7282,367140
BFC,5/22/2017 00:00:00,19.5259,20.1076,19.5259,19.7282,546100
BFC,5/23/2017 00:00:00,19.6523,20.2341,19.627,20.057,267600
BFC,5/24/2017 00:00:00,20.057,20.4364,19.9811,20.2341,317820
BFC,5/25/2017 00:00:00,20.3858,20.9675,20.3352,20.7399,552110
BFC,5/26/2017 00:00:00,20.9928,20.9928,20.487,20.7399,436900
BFC,5/29/2017 00:00:00,20.7399,20.7905,20.487,20.5882,248430
BFC,5/30/2017 00:00:00,20.5882,20.9423,20.3858,20.487,434940
BFC,5/31/2017 00:00:00,20.487,21.2205,20.3352,20.9675,349010
BFC,6/1/2017 00:00:00,20.9423,21.3469,20.6893,20.9675,242000
BFC,6/2/2017 00:00:00,20.7399,20.917,20.5882,20.8664,255540
BFC,6/5/2017 00:00:00,20.7399,20.9675,20.5882,20.7399,129790
BFC,6/6/2017 00:00:00,20.7399,20.9675,20.664,20.7399,180890
BFC,6/7/2017 00:00:00,20.7399,21.1446,20.6387,20.7905,207480
BFC,6/8/2017 00:00:00,20.7905,21.2205,20.7905,21.1446,192940
BFC,6/9/2017 00:00:00,21.2482,21.4037,21.2223,21.3001,171690
BFC,6/12/2017 00:00:00,21.2482,21.4815,21.2482,21.3778,137200
BFC,6/13/2017 00:00:00,21.3778,21.4555,21.2482,21.4037,119380
BFC,6/14/2017 00:00:00,21.3001,21.6888,21.2482,21.5851,251240
BFC,6/15/2017 00:00:00,21.4037,21.611,21.3778,21.5074,65820
BFC,6/16/2017 00:00:00,21.4037,21.7406,21.4037,21.611,174580
BFC,6/19/2017 00:00:00,21.611,22.0256,21.5074,22.0256,164970
BFC,6/20/2017 00:00:00,22.0256,22.5439,22.0256,22.5439,167430
BFC,6/21/2017 00:00:00,22.5957,22.5957,20.9891,22.0256,270730
BFC,6/22/2017 00:00:00,21.7665,21.922,21.5074,21.922,133320
BFC,6/23/2017 00:00:00,21.922,22.2329,21.611,22.1811,96280
BFC,6/26/2017 00:00:00,22.1811,22.1811,21.2482,21.3001,260580
BFC,6/27/2017 00:00:00,21.3001,21.611,21.1446,21.3001,127220
BFC,6/28/2017 00:00:00,21.3001,21.8701,21.2482,21.611,96360
BFC,6/29/2017 00:00:00,21.611,21.922,21.3519,21.5074,73880
BFC,6/30/2017 00:00:00,21.7406,21.7665,21.3778,21.5074,79790
BFC,7/3/2017 00:00:00,21.5074,21.5592,21.2223,21.2482,147920
BFC,7/4/2017 00:00:00,21.1964,21.4296,20.8855,21.0409,181730
BFC,7/5/2017 00:00:00,21.2482,21.2482,20.9632,21.0409,89980
BFC,7/6/2017 00:00:00,21.1964,21.1964,20.6782,21.0928,222640
BFC,7/7/2017 00:00:00,21.0409,21.1446,20.5227,20.5227,219670
BFC,7/10/2017 00:00:00,20.5227,20.9891,20.4709,20.5227,359800
BFC,7/11/2017 00:00:00,20.6782,21.0928,20.5227,20.9114,313420
BFC,7/12/2017 00:00:00,20.9891,21.4296,20.9891,21.3001,246960
BFC,7/13/2017 00:00:00,21.3001,21.3001,19.9267,21.1964,145810
BFC,7/14/2017 00:00:00,21.2482,21.2482,20.8855,21.0409,70090
BFC,7/17/2017 00:00:00,20.9891,20.9891,20.2117,20.2895,286440
BFC,7/18/2017 00:00:00,20.2117,21.6888,20.2117,20.9373,285530
BFC,7/19/2017 00:00:00,21.2482,21.2482,20.9114,20.9373,97400
BFC,7/20/2017 00:00:00,20.9373,20.9373,20.3672,20.9373,98330
BFC,7/21/2017 00:00:00,20.7818,21.1446,20.4709,20.4709,106240
BFC,7/24/2017 00:00:00,20.4709,20.8855,20.4709,20.5745,131690
BFC,7/25/2017 00:00:00,20.3672,20.7041,20.3672,20.4709,74760
BFC,7/26/2017 00:00:00,20.73,20.7818,20.3672,20.6263,116970
BFC,7/27/2017 00:00:00,20.5745,21.3519,20.5745,21.3519,506220
BFC,7/28/2017 00:00:00,21.3519,21.3519,21.0928,21.2482,188250
BFC,7/31/2017 00:00:00,21.5074,21.7665,21.3519,21.5074,257050
BFC,8/1/2017 00:00:00,21.6628,21.6628,21.3001,21.5592,265380
BFC,8/2/2017 00:00:00,21.5074,22.5439,21.1446,22.2847,522600
BFC,8/3/2017 00:00:00,22.4402,22.492,22.0774,22.2847,254730
BFC,8/4/2017 00:00:00,22.2847,22.4402,21.7665,22.0774,207500
BFC,8/7/2017 00:00:00,22.4402,22.6993,22.1811,22.3625,429480
BFC,8/8/2017 00:00:00,22.5439,22.6475,22.3366,22.4402,385170
BFC,8/9/2017 00:00:00,22.2847,22.2847,21.5592,21.7665,168800
BFC,8/10/2017 00:00:00,21.7665,21.7665,21.2482,21.5074,62880
BFC,8/11/2017 00:00:00,21.4037,21.7147,21.2482,21.3001,185690
BFC,8/14/2017 00:00:00,21.1446,21.7665,21.0928,21.4555,111310
BFC,8/15/2017 00:00:00,21.7147,22.0256,21.4037,21.7406,96430
BFC,8/16/2017 00:00:00,21.7665,22.2329,21.7665,22.0256,156720
BFC,8/17/2017 00:00:00,22.0256,22.2847,21.5074,21.5074,113300
BFC,8/18/2017 00:00:00,21.4555,21.4555,20.9891,21.0928,170550
BFC,8/21/2017 00:00:00,21.0928,21.0928,20.6263,20.73,210280
BFC,8/22/2017 00:00:00,20.73,21.2482,20.73,21.2482,128390
BFC,8/23/2017 00:00:00,21.0928,21.1446,20.73,21.0409,15790
BFC,8/24/2017 00:00:00,20.73,21.1187,20.73,20.9632,28910
BFC,8/25/2017 00:00:00,20.9891,21.0669,20.9373,20.9891,113380
BFC,8/28/2017 00:00:00,20.8855,21.015,20.8336,20.9891,93570
BFC,8/29/2017 00:00:00,20.8855,21.015,20.8855,20.9373,61040
BFC,8/30/2017 00:00:00,20.9891,21.4037,20.8855,20.9891,184600
BFC,8/31/2017 00:00:00,20.9114,20.9891,20.8336,20.8336,208810
BFC,9/1/2017 00:00:00,20.8855,20.9114,20.7559,20.7559,108370
BFC,9/5/2017 00:00:00,20.7559,20.9373,20.7559,20.7818,57890
BFC,9/6/2017 00:00:00,20.7818,20.8077,20.6263,20.73,127040
BFC,9/7/2017 00:00:00,20.73,20.9891,20.6782,20.73,96290
BFC,9/8/2017 00:00:00,20.73,20.73,20.6782,20.6782,35890
BFC,9/11/2017 00:00:00,20.5227,20.8336,20.5227,20.7818,40440
BFC,9/12/2017 00:00:00,20.8336,20.8855,20.6523,20.73,59440
BFC,9/13/2017 00:00:00,20.73,20.9114,20.6263,20.73,106720
BFC,9/14/2017 00:00:00,20.8596,21.611,20.73,21.611,256610
BFC,9/15/2017 00:00:00,21.6628,21.6628,21.2482,21.3519,121860
BFC,9/18/2017 00:00:00,21.5074,21.5074,21.0409,21.1446,59060
BFC,9/19/2017 00:00:00,21.0409,21.4555,21.0409,21.2482,131990
BFC,9/20/2017 00:00:00,21.2482,21.2482,21.0928,21.2482,47950
BFC,9/21/2017 00:00:00,21.3001,21.4555,21.1446,21.1446,44600
BFC,9/22/2017 00:00:00,21.2482,21.2482,21.0928,21.1446,103840
BFC,9/25/2017 00:00:00,21.5074,21.5074,21.0409,21.1187,34930
BFC,9/26/2017 00:00:00,21.1187,21.2223,21.0409,21.0928,74280
BFC,9/27/2017 00:00:00,21.1964,21.1964,20.8336,21.015,41150
BFC,9/28/2017 00:00:00,21.015,21.1446,20.73,20.7818,110220
BFC,9/29/2017 00:00:00,20.73,20.9373,20.6263,20.8855,74470
BFC,10/2/2017 00:00:00,20.9632,20.9632,20.7818,20.9114,43940
BFC,10/3/2017 00:00:00,20.9114,20.9632,20.73,20.7559,59240
BFC,10/4/2017 00:00:00,20.7559,20.9114,20.7559,20.9114,78450
BFC,10/5/2017 00:00:00,20.8336,21.0928,20.8336,20.8596,13620
BFC,10/6/2017 00:00:00,20.8855,21.5074,20.8855,21.1446,134780
BFC,10/9/2017 00:00:00,21.2482,21.2482,20.9891,21.2223,11000
BFC,10/10/2017 00:00:00,21.4296,21.4296,20.9632,20.9632,24900
BFC,10/11/2017 00:00:00,20.9632,21.0928,20.9373,20.9891,38830
BFC,10/12/2017 00:00:00,20.9891,21.1964,20.73,20.73,135220
BFC,10/13/2017 00:00:00,20.73,20.9632,20.6263,20.6782,51370
BFC,10/16/2017 00:00:00,20.6782,20.8077,20.5227,20.5227,75470
BFC,10/17/2017 00:00:00,20.419,20.5227,20.2117,20.3154,141720
BFC,10/18/2017 00:00:00,20.6263,20.6263,20.1599,20.4709,31510
BFC,10/19/2017 00:00:00,20.4709,20.4709,20.2117,20.2117,43150
BFC,10/20/2017 00:00:00,20.1081,20.419,20.1081,20.1081,88950
BFC,10/23/2017 00:00:00,20.0563,20.0563,19.5898,19.6935,89370
BFC,10/24/2017 00:00:00,19.2789,20.0563,19.2789,20.0563,138290
BFC,10/25/2017 00:00:00,20.1081,20.3154,19.538,19.6935,101480
BFC,10/26/2017 00:00:00,20.2117,20.2117,19.6417,19.6935,347540
BFC,10/27/2017 00:00:00,20.0044,20.0304,19.4344,19.538,101500
BFC,10/30/2017 00:00:00,19.538,19.5898,19.0198,19.0198,144240
BFC,10/31/2017 00:00:00,19.0198,19.0716,18.1387,18.7088,90190
BFC,11/1/2017 00:00:00,18.7088,18.9161,18.3979,18.6052,70200
BFC,11/2/2017 00:00:00,18.7606,18.9161,18.5533,18.6052,78100
BFC,11/3/2017 00:00:00,18.8384,18.8384,18.3979,18.4756,134660
BFC,11/6/2017 00:00:00,18.7866,18.7866,18.346,18.3979,198330
BFC,11/7/2017 00:00:00,18.3979,18.657,18.346,18.6052,164330
BFC,11/8/2017 00:00:00,18.7606,19.5898,18.7606,19.3825,257080
BFC,11/9/2017 00:00:00,19.538,19.538,19.0716,19.0716,164240
BFC,11/10/2017 00:00:00,19.0716,19.2271,19.0198,19.0716,86060
BFC,11/13/2017 00:00:00,19.0975,19.2789,18.9161,18.9939,92400
BFC,11/14/2017 00:00:00,18.9939,19.0975,18.7606,19.0198,61650
BFC,11/15/2017 00:00:00,19.0198,19.4862,18.9679,19.3566,108710
BFC,11/16/2017 00:00:00,19.5898,19.6935,19.4085,19.6158,136760
BFC,11/17/2017 00:00:00,19.7453,19.7453,19.1752,19.5121,123210
BFC,11/20/2017 00:00:00,19.4862,19.4862,19.1493,19.253,287060
BFC,11/21/2017 00:00:00,19.253,19.4344,19.1234,19.253,128230
BFC,11/22/2017 00:00:00,19.253,19.4344,19.1234,19.253,266090
BFC,11/23/2017 00:00:00,19.2256,19.4447,19.0065,19.1708,83100
BFC,11/24/2017 00:00:00,18.897,18.9243,18.4588,18.7874,329290
BFC,11/27/2017 00:00:00,18.5683,18.7326,18.5135,18.5135,152330
BFC,11/28/2017 00:00:00,18.5135,19.2256,18.5135,18.5683,326740
BFC,11/29/2017 00:00:00,18.5683,19.116,18.5683,19.0887,271670
BFC,11/30/2017 00:00:00,19.0887,19.1708,18.8422,18.8422,63650
BFC,12/1/2017 00:00:00,18.8422,18.897,18.5135,18.897,163720
BFC,12/4/2017 00:00:00,18.897,18.897,18.3492,18.3492,541800
BFC,12/5/2017 00:00:00,18.4588,18.7874,18.4588,18.76,233730
BFC,12/6/2017 00:00:00,18.5957,18.8148,18.5135,18.7326,77750
BFC,12/7/2017 00:00:00,18.7326,18.8422,18.6231,18.6505,115350
BFC,12/8/2017 00:00:00,18.6505,18.9517,18.6231,18.7326,146970
BFC,12/11/2017 00:00:00,18.7326,18.897,18.5683,18.5683,138090
BFC,12/12/2017 00:00:00,18.6231,18.6231,17.8015,18.5683,116550
BFC,12/13/2017 00:00:00,18.5683,18.5683,18.3492,18.3492,61960
BFC,12/14/2017 00:00:00,18.3492,18.5135,18.048,18.1849,145160
BFC,12/15/2017 00:00:00,18.404,18.5135,18.0753,18.2944,90750
BFC,12/18/2017 00:00:00,18.1849,18.6231,18.1849,18.4862,77500
BFC,12/19/2017 00:00:00,18.5683,18.6231,18.2397,18.2944,83680
BFC,12/20/2017 00:00:00,18.2944,18.3766,18.1849,18.2397,104120
BFC,12/21/2017 00:00:00,18.2671,19.116,18.1849,18.897,143270
BFC,12/22/2017 00:00:00,19.0887,19.4447,18.8148,18.9517,235760
BFC,12/25/2017 00:00:00,18.8422,18.8422,18.4588,18.6231,104610
BFC,12/26/2017 00:00:00,18.5409,18.7326,18.5135,18.6231,107230
BFC,12/27/2017 00:00:00,18.6231,18.7326,18.5135,18.5409,97320
BFC,12/28/2017 00:00:00,18.5957,18.5957,18.2944,18.404,98990
BFC,12/29/2017 00:00:00,18.4588,18.4862,18.3492,18.4314,109810
BFC,1/2/2018 00:00:00,18.5957,18.5957,18.2397,18.2397,182570
BFC,1/3/2018 00:00:00,18.2397,18.2397,17.911,18.048,445620
BFC,1/4/2018 00:00:00,18.048,18.2397,17.9932,18.0753,153380
BFC,1/5/2018 00:00:00,18.1849,18.897,18.1849,18.7326,299510
BFC,1/8/2018 00:00:00,18.7326,19.4447,18.6231,19.0613,284520
BFC,1/9/2018 00:00:00,19.3351,19.4173,19.0613,19.3078,247820
BFC,1/10/2018 00:00:00,19.1708,19.3899,19.116,19.2804,192790
BFC,1/11/2018 00:00:00,19.2804,19.8281,18.9517,19.8281,439110
BFC,1/12/2018 00:00:00,19.6912,19.965,19.4995,19.5542,302360
BFC,1/15/2018 00:00:00,19.5816,20.102,19.2804,19.9924,159170
BFC,1/16/2018 00:00:00,19.9103,19.9924,19.4447,19.7186,192470
BFC,1/17/2018 00:00:00,19.7186,19.7186,19.116,19.116,199400
BFC,1/18/2018 00:00:00,19.116,19.1708,18.5135,18.9517,217440
BFC,1/19/2018 00:00:00,18.9517,19.1434,18.5135,18.6231,276800
BFC,1/22/2018 00:00:00,18.6231,18.897,18.2944,18.4588,151180
BFC,1/25/2018 00:00:00,18.7052,18.7052,17.9658,18.0206,361490
BFC,1/26/2018 00:00:00,18.048,18.5683,18.0206,18.3492,231630
BFC,1/29/2018 00:00:00,18.1301,18.2397,17.2537,17.2537,605370
BFC,1/30/2018 00:00:00,17.5276,17.7193,17.2811,17.5276,280640
BFC,1/31/2018 00:00:00,17.7467,18.1301,17.6098,17.911,263870
BFC,2/1/2018 00:00:00,18.0206,18.0753,17.7467,17.911,251780
BFC,2/2/2018 00:00:00,17.911,17.9658,17.6919,17.8015,182880
BFC,2/5/2018 00:00:00,17.8015,17.8015,17.2537,17.4728,231250
BFC,2/6/2018 00:00:00,16.8703,16.8703,16.2678,16.4869,486810
BFC,2/7/2018 00:00:00,16.8429,17.3085,16.8155,16.9799,136960
BFC,2/8/2018 00:00:00,17.199,17.2537,16.4321,16.9251,53360
BFC,2/9/2018 00:00:00,16.9251,17.0894,16.1035,16.9251,64520
BFC,2/12/2018 00:00:00,16.8703,17.2537,16.8703,17.2264,68970
BFC,2/13/2018 00:00:00,17.4181,17.4181,17.1716,17.3359,158730
BFC,2/21/2018 00:00:00,17.5276,17.6372,17.3907,17.6372,46950
BFC,2/22/2018 00:00:00,17.6372,18.0753,17.4728,17.9658,251220
BFC,2/23/2018 00:00:00,18.1849,18.2944,17.9658,18.1301,99920
BFC,2/26/2018 00:00:00,18.1849,18.2397,17.9658,18.048,71230
BFC,2/27/2018 00:00:00,18.0206,18.048,17.4181,17.5276,133820
BFC,2/28/2018 00:00:00,17.4728,17.8015,17.2537,17.7467,127950
BFC,3/1/2018 00:00:00,17.5276,17.8015,17.4181,17.5276,135060
BFC,3/2/2018 00:00:00,17.5276,18.7326,17.5276,18.7326,604270
BFC,3/5/2018 00:00:00,18.9517,19.4447,18.6231,18.7874,313970
BFC,3/6/2018 00:00:00,18.7874,19.1708,18.5135,18.9243,309120
BFC,3/7/2018 00:00:00,19.1708,19.1708,18.7326,18.9517,127640
BFC,3/8/2018 00:00:00,18.9517,19.2804,18.7326,18.76,352640
BFC,3/9/2018 00:00:00,19.116,19.6638,18.6779,19.1708,489120
BFC,3/12/2018 00:00:00,19.4447,19.4447,18.9791,18.9791,71420
BFC,3/13/2018 00:00:00,18.9517,19.3351,18.9517,19.2804,308300
BFC,3/14/2018 00:00:00,19.3078,19.5816,19.2804,19.5269,169580
BFC,3/15/2018 00:00:00,19.609,20.1568,19.5269,19.7186,306090
BFC,3/16/2018 00:00:00,19.8829,19.9924,19.4995,19.7186,191520
BFC,3/19/2018 00:00:00,20.0198,20.0198,19.5269,19.7186,105060
BFC,3/20/2018 00:00:00,19.4447,19.6638,19.116,19.116,120830
BFC,3/21/2018 00:00:00,19.1708,19.1708,18.897,19.1708,99990
BFC,3/22/2018 00:00:00,19.4447,19.4447,19.0339,19.116,32180
BFC,3/23/2018 00:00:00,18.0753,19.0065,18.0753,19.0065,76530
BFC,3/26/2018 00:00:00,18.9517,18.9517,18.7874,18.9243,45450
BFC,3/27/2018 00:00:00,19.1708,19.7186,18.8696,18.8696,129000
BFC,3/28/2018 00:00:00,18.8696,19.4447,18.8696,19.2804,61390
BFC,3/29/2018 00:00:00,19.2804,19.4447,19.1708,19.1708,53270
BFC,3/30/2018 00:00:00,19.4447,19.4447,19.1708,19.2256,73250
BFC,4/2/2018 00:00:00,19.4173,19.4447,18.897,18.897,84890
BFC,4/3/2018 00:00:00,18.897,19.253,18.897,19.0065,12070
BFC,4/4/2018 00:00:00,18.9517,19.1434,18.8422,18.897,64450
BFC,4/5/2018 00:00:00,19.1434,19.1708,18.7326,19.0613,86270
BFC,4/6/2018 00:00:00,19.0613,19.2804,18.9243,19.253,37120
BFC,4/9/2018 00:00:00,19.253,19.253,18.9243,19.0613,36180
BFC,4/10/2018 00:00:00,19.116,19.116,18.7326,18.897,32800
BFC,4/11/2018 00:00:00,18.897,18.897,18.404,18.6231,73450
BFC,4/12/2018 00:00:00,18.3492,18.8422,18.3492,18.5135,10980
BFC,4/13/2018 00:00:00,18.8422,18.8422,18.404,18.5135,32080
BFC,4/16/2018 00:00:00,18.5135,18.5135,18.1301,18.404,22190
BFC,4/17/2018 00:00:00,18.6231,18.6231,18.1849,18.404,12680
BFC,4/18/2018 00:00:00,18.3492,18.404,18.0753,18.0753,28790
BFC,4/19/2018 00:00:00,18.0206,18.0206,17.6372,17.7741,67420
BFC,4/20/2018 00:00:00,17.8015,18.0206,17.6919,17.7741,20150
BFC,4/23/2018 00:00:00,17.6372,18.2123,16.9799,17.7193,50610
BFC,4/24/2018 00:00:00,17.0894,17.8289,17.0894,17.7467,15230
BFC,4/26/2018 00:00:00,17.6919,17.6919,16.8429,16.8429,29950
BFC,4/27/2018 00:00:00,16.6512,17.5276,16.6512,17.2537,41830
BFC,5/2/2018 00:00:00,17.2537,17.2537,16.8155,16.8155,21890
BFC,5/3/2018 00:00:00,17.7467,17.7467,16.8155,17.5276,48190
BFC,5/4/2018 00:00:00,17.7467,17.7467,17.5276,17.5276,24300
BFC,5/7/2018 00:00:00,17.7467,17.7467,16.9799,16.9799,17610
BFC,5/8/2018 00:00:00,17.6919,17.6919,16.9799,17.2537,27080
BFC,5/9/2018 00:00:00,17.5276,17.5276,16.9799,17.3907,5220
BFC,5/10/2018 00:00:00,17.5276,17.5276,17.0346,17.199,4660
BFC,5/11/2018 00:00:00,17.3907,17.3907,17.0346,17.2537,8430
BFC,5/14/2018 00:00:00,17.0894,17.4728,17.062,17.2811,9150
BFC,5/15/2018 00:00:00,17.3359,17.3633,17.2264,17.2811,15360
BFC,5/16/2018 00:00:00,17.2537,17.2537,17.199,17.199,23350
BFC,5/17/2018 00:00:00,17.2537,17.2537,17.199,17.199,12590
BFC,5/18/2018 00:00:00,17.3633,17.3633,17.0894,17.1442,1420
BFC,5/21/2018 00:00:00,17.0894,17.2537,17.062,17.1442,4620
BFC,5/22/2018 00:00:00,17.3085,17.3085,16.1583,16.9799,13110
BFC,5/23/2018 00:00:00,16.9251,16.9799,16.4321,16.9799,13040
BFC,5/24/2018 00:00:00,16.9251,16.9799,16.706,16.9251,5040
BFC,5/25/2018 00:00:00,16.8977,16.9251,16.7608,16.8703,2720
BFC,5/28/2018 00:00:00,16.706,16.9799,16.1583,16.3774,38030
BFC,5/29/2018 00:00:00,15.6105,16.3774,15.6105,16.3774,33990
BFC,5/30/2018 00:00:00,16.213,16.3774,15.8844,15.8844,45100
BFC,5/31/2018 00:00:00,16.3774,16.3774,15.8296,16.1583,33880
BFC,6/1/2018 00:00:00,16.4321,16.4321,16.1583,16.1583,19780
BFC,6/4/2018 00:00:00,16.1583,16.3774,16.1583,16.213,23050
BFC,6/5/2018 00:00:00,16.4321,16.5417,16.2952,16.5417,20290
BFC,6/6/2018 00:00:00,16.706,16.7334,16.1857,16.6512,8940
BFC,6/7/2018 00:00:00,16.6512,17.4181,16.6512,17.3633,93140
BFC,6/8/2018 00:00:00,17.4728,17.5002,16.9799,17.199,11490
BFC,6/11/2018 00:00:00,17.199,17.4728,16.7882,16.8703,5810
BFC,6/12/2018 00:00:00,16.9799,16.9799,16.3774,16.3774,29790
BFC,6/13/2018 00:00:00,16.4321,16.4321,16.3226,16.3774,13780
BFC,6/14/2018 00:00:00,16.3774,16.4869,16.35,16.35,23860
BFC,6/15/2018 00:00:00,15.9939,16.5417,15.9939,16.3774,10240
BFC,6/18/2018 00:00:00,16.4321,16.6238,16.0487,16.35,12550
BFC,6/19/2018 00:00:00,17.0132,17.0132,15.5714,16.1481,22720
BFC,6/20/2018 00:00:00,16.6095,16.6095,15.5714,16.3788,15940
BFC,6/21/2018 00:00:00,16.3788,16.3788,15.8598,16.0905,3610
BFC,6/22/2018 00:00:00,16.0905,16.1481,15.8886,15.8886,5330
BFC,6/25/2018 00:00:00,16.1193,16.1481,15.9751,16.1193,5240
BFC,6/26/2018 00:00:00,16.0905,16.0905,15.7444,16.0328,3340
BFC,6/27/2018 00:00:00,16.0039,16.0616,15.8598,15.8886,32020
BFC,6/28/2018 00:00:00,16.0328,16.0328,15.5714,15.9174,5210
BFC,6/29/2018 00:00:00,15.6291,15.6291,15.5714,15.5714,12030
BFC,7/2/2018 00:00:00,15.5714,15.5714,14.7063,14.8793,24790
BFC,7/3/2018 00:00:00,14.8793,15.5714,14.418,14.8793,18040
BFC,7/4/2018 00:00:00,14.7063,14.8217,14.418,14.8217,610
BFC,7/5/2018 00:00:00,14.8217,14.8217,14.245,14.245,32590
BFC,7/6/2018 00:00:00,14.245,14.418,13.8412,14.2738,64400
BFC,7/9/2018 00:00:00,14.1584,14.9082,14.1584,14.5333,14020
BFC,7/10/2018 00:00:00,14.8217,14.8217,14.418,14.5333,8450
BFC,7/11/2018 00:00:00,14.4756,14.4756,14.3026,14.3026,21340
BFC,7/12/2018 00:00:00,14.3315,14.3891,14.1873,14.3603,11560
BFC,7/13/2018 00:00:00,14.418,14.418,13.9566,14.3603,53160
BFC,7/16/2018 00:00:00,14.591,14.591,14.245,14.5333,23370
BFC,7/17/2018 00:00:00,14.245,14.591,14.245,14.5333,7920
BFC,7/18/2018 00:00:00,14.5333,14.937,14.5333,14.937,25000
BFC,7/19/2018 00:00:00,14.9658,14.9658,14.764,14.8793,6120
BFC,7/20/2018 00:00:00,14.5045,14.8217,14.418,14.7063,8080
BFC,7/23/2018 00:00:00,14.7063,15.7156,14.6198,15.5714,77060
BFC,7/24/2018 00:00:00,14.8793,15.6002,14.8793,14.937,460
BFC,7/25/2018 00:00:00,14.937,15.4561,14.937,15.11,2830
BFC,7/26/2018 00:00:00,15.11,15.11,14.7063,14.9947,5940
BFC,7/27/2018 00:00:00,15.5137,15.5137,14.5333,14.937,27300
BFC,7/30/2018 00:00:00,14.9947,14.9947,14.8217,14.9947,17610
BFC,7/31/2018 00:00:00,15.2254,15.2254,14.8793,14.9947,45920
BFC,8/1/2018 00:00:00,14.9947,15.5137,14.8217,14.8793,9480
BFC,8/2/2018 00:00:00,14.8793,14.9947,14.8793,14.8793,40750
BFC,8/3/2018 00:00:00,14.8793,14.9947,14.7928,14.937,10080
BFC,8/6/2018 00:00:00,14.9658,15.1677,14.9658,14.9947,40090
BFC,8/7/2018 00:00:00,14.9947,15.1677,14.937,14.9947,7400
BFC,8/8/2018 00:00:00,14.9947,15.1677,14.937,15.0524,3490
BFC,8/9/2018 00:00:00,14.9947,15.11,14.937,14.937,5540
BFC,8/10/2018 00:00:00,14.9947,14.9947,14.9082,14.937,2280
BFC,8/13/2018 00:00:00,14.9082,14.9947,14.8793,14.937,28040
BFC,8/14/2018 00:00:00,14.937,15.0524,14.937,15.0524,24870
BFC,8/15/2018 00:00:00,14.9658,15.11,14.8793,14.937,22490
BFC,8/16/2018 00:00:00,14.9947,15.0524,14.8793,15.0524,13180
BFC,8/17/2018 00:00:00,15.0524,15.1389,14.9947,15.0524,10590
BFC,8/20/2018 00:00:00,15.11,15.11,14.937,14.937,9990
BFC,8/21/2018 00:00:00,14.937,15.0524,14.8793,15.0524,21980
BFC,8/22/2018 00:00:00,14.9947,15.1677,14.8793,14.8793,26180
BFC,8/23/2018 00:00:00,14.591,15.1677,14.591,14.9947,59100
BFC,8/24/2018 00:00:00,15.1677,15.1677,14.937,14.937,10150
BFC,8/27/2018 00:00:00,14.937,15.4561,14.937,15.4561,42680
BFC,8/28/2018 00:00:00,15.0524,15.4561,15.0524,15.4561,14540
BFC,8/29/2018 00:00:00,15.4561,15.8598,15.4561,15.7156,44760
BFC,8/30/2018 00:00:00,15.7156,16.6672,15.7156,16.6095,69840
BFC,8/31/2018 00:00:00,16.6095,16.9267,16.4942,16.4942,43490
BFC,9/4/2018 00:00:00,16.4942,16.4942,15.8021,15.8598,15450
BFC,9/5/2018 00:00:00,16.0905,16.0905,15.3407,15.7444,16960
BFC,9/6/2018 00:00:00,15.7444,15.7444,15.283,15.5714,10620
BFC,9/7/2018 00:00:00,15.283,15.7444,15.1389,15.3119,21630
BFC,9/10/2018 00:00:00,16.1193,16.1193,15.11,15.11,7930
BFC,9/11/2018 00:00:00,15.11,15.2254,15.0235,15.2254,23310
BFC,9/12/2018 00:00:00,15.4849,15.4849,14.9947,15.1677,35630
BFC,9/13/2018 00:00:00,15.1677,15.283,15.11,15.1677,35870
BFC,9/14/2018 00:00:00,15.11,15.6867,15.11,15.4272,76910
BFC,9/17/2018 00:00:00,15.5426,15.9751,15.4561,15.9463,58520
BFC,9/18/2018 00:00:00,15.9463,16.0616,15.5714,15.8598,23030
BFC,9/19/2018 00:00:00,15.9463,15.9463,15.5137,15.5137,30670
BFC,9/20/2018 00:00:00,15.5714,15.7444,15.283,15.7444,46000
BFC,9/21/2018 00:00:00,15.8309,15.8309,15.4849,15.4849,65780
BFC,9/24/2018 00:00:00,15.4849,15.6291,15.4849,15.5714,17630
BFC,9/25/2018 00:00:00,15.5714,15.7156,15.5714,15.6867,32920
BFC,9/26/2018 00:00:00,15.6867,15.9751,15.6291,15.9751,70590
BFC,9/27/2018 00:00:00,16.3211,16.3211,15.9751,16.0328,32360
BFC,9/28/2018 00:00:00,16.0328,16.0328,15.8021,15.8021,58220
BFC,10/1/2018 00:00:00,15.8021,16.1193,15.8021,15.9174,63500
BFC,10/2/2018 00:00:00,15.9174,15.9174,15.7444,15.7444,29200
BFC,10/3/2018 00:00:00,16.0328,16.0328,15.8309,15.8598,35400
BFC,10/4/2018 00:00:00,15.8598,16.0905,15.8598,16.0905,45480
BFC,10/5/2018 00:00:00,15.9174,16.1193,15.5714,15.8598,75030
BFC,10/8/2018 00:00:00,15.8598,15.8598,15.6579,15.6867,16230
BFC,10/9/2018 00:00:00,15.8309,15.8309,15.6291,15.6867,21410
BFC,10/10/2018 00:00:00,15.6291,15.8021,15.5714,15.5714,29850
BFC,10/11/2018 00:00:00,14.8217,15.5714,14.7063,14.8793,92920
BFC,10/12/2018 00:00:00,14.764,15.1677,14.764,15.1677,21640
BFC,10/15/2018 00:00:00,15.1677,15.1677,15.0235,15.1677,42670
BFC,10/16/2018 00:00:00,14.9947,15.2254,14.9947,15.11,19320
BFC,10/17/2018 00:00:00,15.11,15.5137,15.11,15.3984,10050
BFC,10/18/2018 00:00:00,15.5137,15.5137,15.11,15.11,7180
BFC,10/19/2018 00:00:00,14.9947,15.283,14.9947,15.283,26620
BFC,10/22/2018 00:00:00,15.283,15.283,15.0235,15.0235,20840
BFC,10/23/2018 00:00:00,14.9947,15.283,14.8217,15.0524,12040
BFC,10/24/2018 00:00:00,15.0524,15.11,14.8793,14.8793,52570
BFC,10/25/2018 00:00:00,14.0143,14.8793,14.0143,14.8793,59960
BFC,10/26/2018 00:00:00,14.8793,14.937,14.7928,14.8793,38290
BFC,10/29/2018 00:00:00,14.8793,14.937,14.418,14.8793,39060
BFC,10/30/2018 00:00:00,14.764,14.8793,14.6487,14.6775,30950
BFC,10/31/2018 00:00:00,14.8217,15.2542,14.764,15.2542,19990
BFC,11/1/2018 00:00:00,15.0235,15.0235,14.8217,14.9947,13210
BFC,11/2/2018 00:00:00,14.9947,15.283,14.9947,15.283,32290
BFC,11/5/2018 00:00:00,15.1389,15.3407,14.764,15.3407,21070
BFC,11/6/2018 00:00:00,15.11,15.283,14.764,15.0235,24120
BFC,11/7/2018 00:00:00,15.1965,15.4561,15.1965,15.283,34780
BFC,11/8/2018 00:00:00,15.3696,15.4561,15.283,15.283,24450
BFC,11/9/2018 00:00:00,15.283,15.4561,15.2254,15.283,38290
BFC,11/12/2018 00:00:00,15.283,15.3407,14.9947,15.2254,49630
BFC,11/13/2018 00:00:00,15.0524,15.2254,14.9947,14.9947,42040
BFC,11/14/2018 00:00:00,15.2254,15.2254,14.9947,14.9947,5470
BFC,11/15/2018 00:00:00,15.11,15.4561,14.9658,14.9947,12560
BFC,11/16/2018 00:00:00,15.1965,15.283,15.0524,15.0524,40580
BFC,11/19/2018 00:00:00,15.1677,15.1677,15.0524,15.0524,26540
BFC,11/20/2018 00:00:00,15.0524,15.8598,15.0524,15.3407,100520
BFC,11/21/2018 00:00:00,15.4849,16.2346,15.3984,16.1481,196230
BFC,11/22/2018 00:00:00,16.4365,16.4365,15.8598,16.1193,39190
BFC,11/23/2018 00:00:00,15.8598,16.3211,15.7733,16.1481,55750
BFC,11/26/2018 00:00:00,16.1481,16.1481,15.8598,15.9463,90150
BFC,11/27/2018 00:00:00,16.2058,16.2058,15.8598,16.0328,77490
BFC,11/28/2018 00:00:00,15.5714,16.177,15.5714,16.177,33360
BFC,11/29/2018 00:00:00,16.1481,16.2058,16.0328,16.0616,45350
BFC,11/30/2018 00:00:00,16.0616,16.4653,16.0616,16.3788,215600
BFC,12/3/2018 00:00:00,16.696,16.7825,16.2635,16.3788,106970
BFC,12/4/2018 00:00:00,16.3788,16.7248,16.1481,16.5518,47640
BFC,12/5/2018 00:00:00,16.4076,16.4942,16.2058,16.4942,57160
BFC,12/6/2018 00:00:00,16.4365,16.4365,16.1481,16.4076,69530
BFC,12/7/2018 00:00:00,16.4076,16.4365,16.2635,16.4365,44340
BFC,12/10/2018 00:00:00,16.7466,16.7466,16.4365,16.5605,45430
BFC,12/11/2018 00:00:00,16.3434,16.5295,16.1884,16.1884,12230
BFC,12/12/2018 00:00:00,16.1264,16.3745,15.8783,16.0333,35200
BFC,12/13/2018 00:00:00,15.8162,16.1264,15.5061,16.0643,24460
BFC,12/14/2018 00:00:00,15.9403,16.4365,15.8783,16.2814,52800
BFC,12/17/2018 00:00:00,16.1264,16.1264,16.0643,16.1264,25360
BFC,12/18/2018 00:00:00,15.3821,16.1574,15.3821,16.1574,50710
BFC,12/19/2018 00:00:00,15.5371,16.0643,15.5371,15.6302,38040
BFC,12/20/2018 00:00:00,16.0953,16.0953,15.6922,16.0023,10270
BFC,12/21/2018 00:00:00,15.8783,16.0023,15.8783,15.8783,21190
BFC,12/24/2018 00:00:00,15.8162,15.9403,15.8162,15.8783,19310
BFC,12/25/2018 00:00:00,15.6922,15.9713,15.5061,15.5992,27570
BFC,12/26/2018 00:00:00,15.6612,15.8783,15.5061,15.5992,17500
BFC,12/27/2018 00:00:00,15.6302,15.8783,15.5992,15.8162,15280
BFC,12/28/2018 00:00:00,15.8162,15.8783,15.5371,15.8783,3330
BFC,1/2/2019 00:00:00,15.8783,15.9093,15.3821,15.9093,16930
BFC,1/3/2019 00:00:00,15.8783,15.8783,15.5061,15.8162,23670
BFC,1/4/2019 00:00:00,15.5061,15.6922,15.5061,15.5061,20480
BFC,1/7/2019 00:00:00,16.0023,16.0023,15.6302,15.8162,21000
BFC,1/8/2019 00:00:00,15.8162,15.8472,15.6302,15.7852,34700
BFC,1/9/2019 00:00:00,15.8162,15.8783,15.8162,15.8783,9800
BFC,1/10/2019 00:00:00,15.6302,15.9093,15.5061,15.8783,19060
BFC,1/11/2019 00:00:00,15.8783,16.4055,15.8783,16.1264,101530
BFC,1/14/2019 00:00:00,16.6226,16.6226,16.0643,16.2504,12820
BFC,1/15/2019 00:00:00,16.0643,16.3124,16.0643,16.2814,27280
BFC,1/16/2019 00:00:00,16.0023,16.1884,16.0023,16.1884,14250
BFC,1/17/2019 00:00:00,16.0023,16.1884,15.8783,16.1884,10800
BFC,1/18/2019 00:00:00,16.1884,16.1884,15.9403,15.9713,101260
BFC,1/21/2019 00:00:00,15.6922,15.9403,15.6922,15.8783,30600
BFC,1/22/2019 00:00:00,15.8783,15.8783,15.5992,15.5992,16430
BFC,1/23/2019 00:00:00,15.5992,15.5992,14.8859,14.8859,58260
BFC,1/24/2019 00:00:00,15.0099,15.134,14.6688,14.8859,49380
BFC,1/25/2019 00:00:00,14.8859,14.8859,13.8625,13.8625,283190
BFC,1/28/2019 00:00:00,13.8625,14.2036,13.8625,14.1416,37430
BFC,1/29/2019 00:00:00,14.1726,14.1726,13.8935,13.8935,35930
BFC,1/30/2019 00:00:00,13.8935,13.8935,13.6454,13.7694,37270
BFC,1/31/2019 00:00:00,13.7694,13.8935,13.1492,13.7074,71220
BFC,2/1/2019 00:00:00,13.7384,13.7384,13.6144,13.6454,30740
BFC,2/11/2019 00:00:00,13.6454,13.7074,13.5523,13.6454,17060
BFC,2/12/2019 00:00:00,13.6454,13.8315,13.5834,13.6454,44830
BFC,2/13/2019 00:00:00,13.9555,14.4207,13.8315,14.1726,248370
BFC,2/14/2019 00:00:00,14.2656,14.2656,14.0796,14.0796,74780
BFC,2/15/2019 00:00:00,14.0485,14.2036,13.9555,14.1416,43900
BFC,2/18/2019 00:00:00,14.1416,14.1416,13.5834,14.0485,531210
BFC,2/19/2019 00:00:00,14.2346,14.2346,13.6454,13.6454,389290
BFC,2/20/2019 00:00:00,13.6454,13.8625,13.5213,13.8315,72500
BFC,2/21/2019 00:00:00,13.8315,13.8315,13.5834,13.6454,610840
BFC,2/22/2019 00:00:00,13.6454,13.6454,13.2112,13.2112,143060
BFC,2/25/2019 00:00:00,13.2112,13.4593,13.2112,13.3042,84410
BFC,2/26/2019 00:00:00,13.3042,13.3663,13.2732,13.3042,36310
BFC,2/27/2019 00:00:00,13.3042,13.3663,13.2422,13.2732,701520
BFC,2/28/2019 00:00:00,13.3973,13.3973,13.1802,13.2112,83030
BFC,3/1/2019 00:00:00,13.3042,13.5523,13.2422,13.4283,65160
BFC,3/4/2019 00:00:00,13.4283,13.6454,13.3973,13.4593,94310
BFC,3/5/2019 00:00:00,13.4593,13.9555,13.3973,13.7694,157120
BFC,3/6/2019 00:00:00,13.7694,13.9865,13.7694,13.8315,114280
BFC,3/7/2019 00:00:00,13.8935,13.8935,13.5523,13.5523,196480
BFC,3/8/2019 00:00:00,13.5213,13.6454,13.3973,13.5213,46470
BFC,3/11/2019 00:00:00,13.5523,13.5523,13.1802,13.2112,180190
BFC,3/12/2019 00:00:00,13.2112,13.3663,13.2112,13.3353,248410
BFC,3/13/2019 00:00:00,13.3973,14.0175,13.3042,14.0175,544710
BFC,3/14/2019 00:00:00,14.0175,14.0175,13.8315,13.8935,127350
BFC,3/15/2019 00:00:00,13.8935,14.0485,13.8315,13.8935,122280
BFC,3/18/2019 00:00:00,13.9555,14.8549,13.8315,14.8549,780620
BFC,3/19/2019 00:00:00,15.258,15.8783,15.196,15.5681,426770
BFC,3/20/2019 00:00:00,15.5681,15.5681,14.9789,15.5681,100130
BFC,3/21/2019 00:00:00,15.5061,15.5061,14.8859,14.8859,215490
BFC,3/22/2019 00:00:00,14.8859,15.258,14.5137,14.5137,88070
BFC,3/25/2019 00:00:00,14.3276,14.9479,14.3276,14.8238,161950
BFC,3/26/2019 00:00:00,15.0099,15.258,14.8238,15.227,145600
BFC,3/27/2019 00:00:00,14.9479,15.4751,14.9479,15.4751,91930
BFC,3/28/2019 00:00:00,15.5061,15.5061,15.134,15.196,97410
BFC,3/29/2019 00:00:00,15.0719,15.196,14.8859,15.0719,65600
BFC,4/1/2019 00:00:00,15.0719,15.0719,14.7618,14.7618,47500
BFC,4/2/2019 00:00:00,14.7618,14.9169,14.7618,14.7618,52460
BFC,4/3/2019 00:00:00,14.6378,15.7852,14.6378,15.5061,352500
BFC,4/4/2019 00:00:00,15.196,15.5681,15.196,15.5061,68080
BFC,4/5/2019 00:00:00,15.5061,15.8783,15.258,15.5061,144720
BFC,4/8/2019 00:00:00,15.5061,15.8162,15.4441,15.7232,116390
BFC,4/9/2019 00:00:00,15.5371,15.6922,15.196,15.196,176160
BFC,4/10/2019 00:00:00,15.196,15.258,14.8859,14.8859,118980
BFC,4/11/2019 00:00:00,14.8859,15.196,14.8549,15.103,80830
BFC,4/12/2019 00:00:00,14.8859,14.8859,14.4827,14.5137,131540
BFC,4/16/2019 00:00:00,14.0175,14.3897,14.0175,14.1726,246060
BFC,4/17/2019 00:00:00,14.1726,14.5757,13.8935,13.8935,109530
BFC,4/18/2019 00:00:00,13.6454,14.2656,13.6454,13.7694,171680
BFC,4/19/2019 00:00:00,13.7694,14.2036,13.7694,14.2036,15610
BFC,4/22/2019 00:00:00,14.3897,14.3897,14.1106,14.3276,163030
BFC,4/23/2019 00:00:00,14.3276,14.3587,13.8315,13.8935,209930
BFC,4/24/2019 00:00:00,13.8935,14.1106,13.8315,13.8935,51630
BFC,4/25/2019 00:00:00,13.7694,13.9555,13.7694,13.8004,30930
BFC,4/26/2019 00:00:00,13.9555,14.2966,13.7694,14.2036,249020
BFC,5/2/2019 00:00:00,14.2036,14.2656,13.7694,13.8315,39850
BFC,5/3/2019 00:00:00,13.7384,13.8315,13.5834,13.8315,109400
BFC,5/6/2019 00:00:00,13.6454,13.6454,13.0251,13.0251,124290
BFC,5/7/2019 00:00:00,13.3353,13.3353,12.715,12.9011,141030
BFC,5/8/2019 00:00:00,12.8391,12.8391,12.591,12.622,52110
BFC,5/9/2019 00:00:00,12.715,12.9011,12.622,12.653,36510
BFC,5/10/2019 00:00:00,12.653,12.9011,12.622,12.715,29640
BFC,5/13/2019 00:00:00,12.653,13.2112,12.622,12.715,36910
BFC,5/14/2019 00:00:00,12.653,12.715,12.4049,12.715,70240
BFC,5/15/2019 00:00:00,12.9321,13.2112,12.715,13.0872,56200
BFC,5/16/2019 00:00:00,13.0872,13.3353,12.9941,13.1802,64380
BFC,5/17/2019 00:00:00,13.1802,13.4593,13.0251,13.2112,75720
BFC,5/20/2019 00:00:00,13.3353,13.3353,13.1802,13.3042,37640
BFC,5/21/2019 00:00:00,13.3973,13.5213,13.2732,13.5213,40350
BFC,5/22/2019 00:00:00,13.5213,13.5213,13.1492,13.1492,32890
BFC,5/23/2019 00:00:00,13.1492,13.1492,12.9631,13.1492,28070
BFC,5/24/2019 00:00:00,13.1492,13.2112,12.9941,12.9941,36000
BFC,5/27/2019 00:00:00,13.0251,13.1182,12.9011,12.9631,38210
BFC,5/28/2019 00:00:00,13.0872,13.0872,12.715,12.8391,41680
BFC,5/29/2019 00:00:00,12.8391,12.9941,12.777,12.8391,22350
BFC,5/30/2019 00:00:00,12.9941,12.9941,12.715,12.746,42370
BFC,5/31/2019 00:00:00,12.715,12.9011,12.5289,12.5289,41610
BFC,6/3/2019 00:00:00,12.4049,12.684,12.3739,12.4049,44900
BFC,6/4/2019 00:00:00,12.4049,12.715,12.4049,12.4049,32130
BFC,6/5/2019 00:00:00,12.4049,12.653,12.4049,12.4359,35300
BFC,6/6/2019 00:00:00,12.5289,12.715,12.4049,12.5289,19080
BFC,6/7/2019 00:00:00,12.5289,12.653,12.4979,12.653,23250
BFC,6/10/2019 00:00:00,12.715,12.746,12.653,12.715,29460
BFC,6/11/2019 00:00:00,12.715,12.715,12.56,12.56,29600
BFC,6/12/2019 00:00:00,12.56,12.622,12.5289,12.5289,23660
BFC,6/13/2019 00:00:00,12.5289,12.653,12.4669,12.5289,31410
BFC,6/14/2019 00:00:00,12.7197,12.7833,12.5925,12.5925,41260
BFC,6/17/2019 00:00:00,12.6561,12.9105,12.5925,12.8469,21010
BFC,6/18/2019 00:00:00,12.7197,12.9105,12.7197,12.7197,13820
BFC,6/19/2019 00:00:00,12.8469,12.8469,12.6561,12.7197,26470
BFC,6/20/2019 00:00:00,12.6561,12.6561,12.5289,12.5925,59080
BFC,6/21/2019 00:00:00,12.4971,12.6879,12.4653,12.6879,51640
BFC,6/24/2019 00:00:00,12.6879,12.6879,12.5289,12.6243,16620
BFC,6/25/2019 00:00:00,12.5925,12.6243,12.5289,12.5289,22020
BFC,6/26/2019 00:00:00,12.5289,12.5289,12.3699,12.4017,30330
BFC,6/27/2019 00:00:00,12.3381,12.4017,11.9566,12.3381,92890
BFC,6/28/2019 00:00:00,12.0837,12.3381,12.0837,12.3063,8460
BFC,7/1/2019 00:00:00,12.5925,12.5925,12.2109,12.3699,10990
BFC,7/2/2019 00:00:00,12.2745,12.2745,11.9248,11.9248,35760
BFC,7/3/2019 00:00:00,11.9248,12.052,11.9248,12.0202,17500
BFC,7/4/2019 00:00:00,12.0837,12.0837,11.893,11.893,35030
BFC,7/5/2019 00:00:00,11.7022,11.9248,11.5432,11.575,67630
BFC,7/8/2019 00:00:00,11.575,11.7022,11.416,11.575,60620
BFC,7/9/2019 00:00:00,11.5114,11.575,11.4478,11.4478,48300
BFC,7/10/2019 00:00:00,11.4478,11.5432,11.4478,11.4478,75210
BFC,7/11/2019 00:00:00,11.575,11.6704,11.4478,11.6068,25910
BFC,7/12/2019 00:00:00,11.6068,11.6704,11.4478,11.575,29970
BFC,7/15/2019 00:00:00,11.6704,11.6704,11.5114,11.575,29060
BFC,7/16/2019 00:00:00,11.4796,11.7022,11.4478,11.5114,21930
BFC,7/17/2019 00:00:00,11.4478,11.575,11.3842,11.4478,46090
BFC,7/18/2019 00:00:00,11.3842,11.5432,11.257,11.3842,68870
BFC,7/19/2019 00:00:00,11.3842,11.4478,11.257,11.3842,26790
BFC,7/22/2019 00:00:00,11.3842,11.416,11.1616,11.3842,25000
BFC,7/23/2019 00:00:00,11.1616,11.416,11.1298,11.1934,44320
BFC,7/24/2019 00:00:00,11.1934,11.1934,10.6846,10.8118,112440
BFC,7/25/2019 00:00:00,10.8118,10.939,10.1758,10.4938,78710
BFC,7/26/2019 00:00:00,10.621,10.8118,10.5574,10.621,85470
BFC,7/29/2019 00:00:00,10.6528,10.9708,10.6528,10.7482,593150
BFC,7/30/2019 00:00:00,10.2394,10.4302,10.0486,10.303,191080
BFC,7/31/2019 00:00:00,10.303,10.3984,10.1758,10.3984,25960
BFC,8/1/2019 00:00:00,10.3984,10.3984,10.1758,10.2076,53490
BFC,8/2/2019 00:00:00,10.1758,10.2712,10.1758,10.2394,46280
BFC,8/5/2019 00:00:00,10.2712,10.2712,9.8578,9.8896,106920
BFC,8/6/2019 00:00:00,9.8896,9.8896,9.25361,9.5398,133390
BFC,8/7/2019 00:00:00,9.5398,9.5716,9.15821,9.34901,75640
BFC,8/8/2019 00:00:00,9.34901,9.508,9.28541,9.4762,28800
BFC,8/9/2019 00:00:00,9.508,10.1122,9.508,10.1122,66420
BFC,8/12/2019 00:00:00,10.0168,10.1758,9.92139,10.144,46360
BFC,8/13/2019 00:00:00,10.1122,10.1122,10.0168,10.0486,30300
BFC,8/14/2019 00:00:00,10.0486,10.2712,10.0168,10.0168,40670
BFC,8/15/2019 00:00:00,10.0168,10.0804,9.98499,10.0804,50830
BFC,8/16/2019 00:00:00,10.0804,10.1758,10.0168,10.0486,33710
BFC,8/19/2019 00:00:00,10.2394,10.2394,10.0168,10.0486,35520
BFC,8/20/2019 00:00:00,10.0168,10.0804,9.98499,9.98499,24150
BFC,8/21/2019 00:00:00,9.98499,10.1122,9.8578,9.98499,25860
BFC,8/22/2019 00:00:00,10.0168,10.0486,9.8578,9.98499,15850
BFC,8/23/2019 00:00:00,9.8578,9.98499,9.5398,9.8896,23550
BFC,8/26/2019 00:00:00,9.8896,9.8896,9.4444,9.5398,52640
BFC,8/27/2019 00:00:00,9.5398,9.8578,9.508,9.8578,54870
BFC,8/28/2019 00:00:00,9.8578,9.8578,9.34901,9.4762,24860
BFC,8/29/2019 00:00:00,9.6034,9.6988,9.508,9.667,46860
BFC,8/30/2019 00:00:00,9.667,9.7306,9.5716,9.6034,36040
BFC,9/3/2019 00:00:00,9.6034,9.667,9.5716,9.5716,20010
BFC,9/4/2019 00:00:00,9.5716,9.667,9.508,9.667,680930
BFC,9/5/2019 00:00:00,9.6034,9.826,9.5398,9.7306,27620
BFC,9/6/2019 00:00:00,9.667,9.7624,9.6034,9.6034,23440
BFC,9/9/2019 00:00:00,9.6034,9.6988,9.4762,9.6034,7570
BFC,9/10/2019 00:00:00,9.4444,9.4762,9.34901,9.4762,11080
BFC,9/11/2019 00:00:00,9.5398,9.5398,9.15821,9.25361,23810
BFC,9/12/2019 00:00:00,9.34901,9.5398,9.15821,9.22181,20970
BFC,9/13/2019 00:00:00,9.22181,9.28541,9.22181,9.28541,96630
BFC,9/16/2019 00:00:00,9.28541,9.34901,9.25361,9.25361,33070
BFC,9/17/2019 00:00:00,9.28541,9.41261,9.22181,9.31721,26890
BFC,9/18/2019 00:00:00,9.41261,9.4444,9.28541,9.34901,23630
BFC,9/19/2019 00:00:00,9.4444,9.4444,9.34901,9.38081,15650
BFC,9/20/2019 00:00:00,9.41261,9.4762,9.38081,9.4762,8680
BFC,9/23/2019 00:00:00,9.4762,9.4762,9.41261,9.41261,34240
BFC,9/24/2019 00:00:00,9.4444,9.4444,9.34901,9.41261,56310
BFC,9/25/2019 00:00:00,9.41261,9.41261,9.31721,9.31721,34640
BFC,9/26/2019 00:00:00,9.31721,9.41261,9.31721,9.41261,17620
BFC,9/27/2019 00:00:00,9.34901,9.4444,9.34901,9.41261,20960
BFC,9/30/2019 00:00:00,9.5398,9.5398,9.41261,9.4762,14520
BFC,10/1/2019 00:00:00,9.4762,9.5716,9.4762,9.5398,17320
BFC,10/2/2019 00:00:00,9.5398,9.5398,9.4762,9.4762,30570
BFC,10/3/2019 00:00:00,9.5398,9.5398,9.38081,9.38081,5870
BFC,10/4/2019 00:00:00,9.38081,9.7306,9.38081,9.6034,63260
BFC,10/7/2019 00:00:00,9.667,9.7624,9.508,9.508,63340
BFC,10/8/2019 00:00:00,9.7306,9.7306,9.6034,9.6034,14610
BFC,10/9/2019 00:00:00,9.6352,9.667,9.508,9.667,320940
BFC,10/10/2019 00:00:00,9.667,9.7306,9.508,9.5398,29890
BFC,10/11/2019 00:00:00,9.5398,9.6034,9.4762,9.5398,19160
BFC,10/14/2019 00:00:00,9.5398,9.667,9.508,9.5398,33670
BFC,10/15/2019 00:00:00,9.5398,9.7942,9.5398,9.7624,38150
BFC,10/16/2019 00:00:00,9.7624,9.7942,9.7306,9.7624,14430
BFC,10/17/2019 00:00:00,9.7624,9.8578,9.7624,9.8578,49300
BFC,10/18/2019 00:00:00,9.92139,9.92139,9.8578,9.92139,24570
BFC,10/21/2019 00:00:00,9.92139,10.2394,9.92139,10.0486,32650
BFC,10/22/2019 00:00:00,10.1122,10.1122,9.6034,9.6034,15560
BFC,10/23/2019 00:00:00,9.7624,9.8578,9.6988,9.6988,7890
BFC,10/24/2019 00:00:00,9.6988,9.826,9.6988,9.7306,11920
BFC,10/25/2019 00:00:00,9.7306,9.7306,9.5398,9.7306,20060
BFC,10/28/2019 00:00:00,9.7306,9.7942,9.5716,9.5716,16160
BFC,10/29/2019 00:00:00,9.667,9.667,9.4762,9.5716,53170
BFC,10/30/2019 00:00:00,9.667,9.667,9.5398,9.667,18410
BFC,10/31/2019 00:00:00,9.7306,9.7306,9.6034,9.6034,6210
BFC,11/1/2019 00:00:00,9.6034,9.667,9.5716,9.667,415900
BFC,11/4/2019 00:00:00,9.6988,9.6988,9.41261,9.4762,44710
BFC,11/5/2019 00:00:00,9.6034,9.6034,9.4762,9.4762,30340
BFC,11/6/2019 00:00:00,9.4762,9.6034,9.4444,9.5398,9820
BFC,11/7/2019 00:00:00,9.6034,9.6034,9.22181,9.31721,89200
BFC,11/8/2019 00:00:00,9.34901,9.41261,9.31721,9.41261,9770
BFC,11/11/2019 00:00:00,9.41261,9.41261,9.28541,9.41261,4900
BFC,11/12/2019 00:00:00,9.31721,9.38081,9.22181,9.38081,6240
BFC,11/13/2019 00:00:00,9.34901,9.38081,9.15821,9.15821,41730
BFC,11/14/2019 00:00:00,9.22181,9.25361,9.12641,9.19001,76520
BFC,11/15/2019 00:00:00,9.15821,9.41261,9.15821,9.38081,17210
BFC,11/18/2019 00:00:00,9.4444,9.4762,9.38081,9.41261,19670
BFC,11/19/2019 00:00:00,9.4444,9.4762,9.38081,9.4444,5990
BFC,11/20/2019 00:00:00,9.4444,9.4444,9.31721,9.41261,13020
BFC,11/21/2019 00:00:00,9.41261,9.4444,9.41261,9.4444,4040
BFC,11/22/2019 00:00:00,9.4762,9.508,9.4444,9.4762,92760
BFC,11/25/2019 00:00:00,9.508,9.5398,9.4444,9.5398,49410
BFC,11/26/2019 00:00:00,9.5398,9.5398,9.34901,9.34901,21170
BFC,11/27/2019 00:00:00,9.34901,9.34901,9.06281,9.06281,69760
BFC,11/28/2019 00:00:00,9.06281,9.34901,9.06281,9.34901,8280
BFC,11/29/2019 00:00:00,9.4444,9.4762,9.25361,9.34901,6580
BFC,12/2/2019 00:00:00,9.4762,9.4762,9.25361,9.28541,8580
BFC,12/3/2019 00:00:00,9.41261,9.41261,9.25361,9.31721,10000
BFC,12/4/2019 00:00:00,9.28541,9.31721,9.28541,9.31721,3920
BFC,12/5/2019 00:00:00,9.31721,9.31721,9.03101,9.03101,47780
BFC,12/6/2019 00:00:00,9.09461,9.22181,9.03101,9.03101,69970
BFC,12/9/2019 00:00:00,9.06281,9.19001,8.52222,8.58582,212620
BFC,12/10/2019 00:00:00,8.58582,8.61762,8.01343,8.01343,389630
BFC,12/11/2019 00:00:00,8.04523,8.17243,7.47285,7.91804,229400
BFC,12/12/2019 00:00:00,7.94984,8.17243,7.56824,8.14063,763380
BFC,12/13/2019 00:00:00,8.14063,8.14063,7.63184,7.63184,131260
BFC,12/16/2019 00:00:00,7.88624,7.88624,7.72724,7.79084,18880
BFC,12/17/2019 00:00:00,7.82399,8.05606,7.82399,7.85714,30640
BFC,12/18/2019 00:00:00,7.8903,8.02291,7.8903,7.8903,36750
BFC,12/19/2019 00:00:00,8.02291,8.02291,7.85714,7.85714,14480
BFC,12/20/2019 00:00:00,7.8903,7.8903,7.75769,7.85714,14190
BFC,12/23/2019 00:00:00,8.02291,8.02291,7.79084,7.92345,19760
BFC,12/24/2019 00:00:00,7.8903,7.92345,7.79084,7.92345,21810
BFC,12/25/2019 00:00:00,7.82399,7.9566,7.82399,7.9566,4350
BFC,12/26/2019 00:00:00,7.9566,7.9566,7.8903,7.8903,28040
BFC,12/27/2019 00:00:00,7.9566,7.9566,7.85714,7.85714,50600
BFC,12/30/2019 00:00:00,7.85714,7.9566,7.75769,7.75769,196760
BFC,12/31/2019 00:00:00,7.75769,7.75769,7.45931,7.45931,102550
BFC,1/2/2020 00:00:00,7.62508,7.72453,7.55877,7.69138,25720
BFC,1/3/2020 00:00:00,7.69138,7.75769,7.65823,7.65823,11670
BFC,1/6/2020 00:00:00,7.75769,7.75769,7.62508,7.62508,24300
BFC,1/7/2020 00:00:00,7.72453,7.72453,7.65823,7.69138,14960
BFC,1/8/2020 00:00:00,7.75769,7.75769,7.52562,7.52562,45200
BFC,1/9/2020 00:00:00,7.62508,7.65823,7.49247,7.52562,41110
BFC,1/10/2020 00:00:00,7.52562,7.62508,7.52562,7.55877,43790
BFC,1/13/2020 00:00:00,7.55877,7.59192,7.55877,7.59192,213010
BFC,1/14/2020 00:00:00,7.62508,7.65823,7.55877,7.65823,15910
BFC,1/15/2020 00:00:00,7.65823,7.69138,7.62508,7.62508,14930
BFC,1/16/2020 00:00:00,7.75769,7.75769,7.62508,7.75769,20160
BFC,1/17/2020 00:00:00,7.72453,7.79084,7.72453,7.79084,394980
BFC,1/20/2020 00:00:00,7.79084,7.8903,7.75769,7.85714,48810
BFC,1/21/2020 00:00:00,7.92345,7.98975,7.82399,7.92345,130970
BFC,1/22/2020 00:00:00,7.9566,8.15552,7.8903,8.02291,10650
BFC,1/30/2020 00:00:00,8.02291,8.02291,7.8903,7.8903,35610
BFC,1/31/2020 00:00:00,7.8903,7.8903,7.55877,7.55877,42230
BFC,2/3/2020 00:00:00,7.55877,7.55877,7.06148,7.06148,97780
BFC,2/4/2020 00:00:00,7.06148,7.29355,6.57083,6.76311,161570
BFC,2/5/2020 00:00:00,6.76311,6.99518,6.57746,6.6305,170960
BFC,2/6/2020 00:00:00,6.6305,6.96203,6.6305,6.96203,80340
BFC,2/7/2020 00:00:00,6.96203,6.96203,6.66365,6.89572,22040
BFC,2/10/2020 00:00:00,6.96203,6.96203,6.82942,6.89572,11340
BFC,2/11/2020 00:00:00,6.96203,7.06148,6.89572,7.06148,42070
BFC,2/12/2020 00:00:00,7.12779,7.29355,7.06148,7.29355,45350
BFC,2/13/2020 00:00:00,7.29355,7.49247,7.29355,7.42616,127880
BFC,2/14/2020 00:00:00,7.42616,7.69138,7.42616,7.59192,34370
BFC,2/17/2020 00:00:00,7.62508,7.85714,7.62508,7.79084,39880
BFC,2/18/2020 00:00:00,7.9566,7.9566,7.8903,7.9566,22480
BFC,2/19/2020 00:00:00,8.02291,8.02291,7.82399,7.82399,32140
BFC,2/20/2020 00:00:00,7.85714,8.02291,7.85714,7.9566,56110
BFC,2/21/2020 00:00:00,7.9566,8.22182,7.92345,7.9566,53870
BFC,2/24/2020 00:00:00,7.92345,7.92345,7.72453,7.75769,54230
BFC,2/25/2020 00:00:00,7.75769,7.9566,7.75769,7.9566,15990
BFC,2/26/2020 00:00:00,7.9566,7.9566,7.85714,7.9566,52790
BFC,2/27/2020 00:00:00,7.9566,8.05606,7.9566,8.05606,92290
BFC,2/28/2020 00:00:00,8.02291,8.02291,7.79084,8.02291,52010
BFC,3/2/2020 00:00:00,8.02291,8.02291,7.9566,8.02291,610
BFC,3/3/2020 00:00:00,8.08921,8.15552,7.92345,7.92345,14600
BFC,3/4/2020 00:00:00,7.92345,7.9566,7.8903,7.9566,25420
BFC,3/5/2020 00:00:00,7.9566,8.05606,7.9566,7.98975,73970
BFC,3/6/2020 00:00:00,7.98975,8.12236,7.98975,8.12236,29450
BFC,3/9/2020 00:00:00,8.05606,8.05606,7.75769,7.82399,70420
BFC,3/10/2020 00:00:00,8.02291,8.02291,7.29355,7.9566,74040
BFC,3/11/2020 00:00:00,8.02291,8.02291,7.75769,7.75769,88590
BFC,3/12/2020 00:00:00,7.75769,7.82399,7.45931,7.55877,47600
BFC,3/13/2020 00:00:00,7.49247,7.55877,7.06148,7.55877,56790
BFC,3/16/2020 00:00:00,7.55877,7.55877,7.09464,7.42616,4740
BFC,3/17/2020 00:00:00,7.09464,7.59192,7.09464,7.39301,25850
BFC,3/18/2020 00:00:00,7.42616,7.62508,7.42616,7.42616,23920
BFC,3/19/2020 00:00:00,7.59192,7.59192,7.39301,7.42616,14120
BFC,3/20/2020 00:00:00,7.49247,7.49247,7.29355,7.42616,4910
BFC,3/23/2020 00:00:00,7.42616,7.42616,6.92887,6.92887,197480
BFC,3/24/2020 00:00:00,6.92887,7.06148,6.72996,6.76311,32150
BFC,3/25/2020 00:00:00,6.76311,7.09464,6.76311,7.09464,17410
BFC,3/26/2020 00:00:00,7.09464,7.22725,6.96203,6.96203,6200
BFC,3/27/2020 00:00:00,6.96203,6.96203,6.76311,6.76311,18260
BFC,3/30/2020 00:00:00,6.76311,6.76311,6.62387,6.62387,31490
BFC,3/31/2020 00:00:00,6.6305,6.76311,6.173,6.6305,338320
BFC,4/1/2020 00:00:00,6.6305,6.82942,6.49789,6.76311,59250
BFC,4/3/2020 00:00:00,6.82942,6.82942,6.6305,6.82942,57460
BFC,4/6/2020 00:00:00,6.82942,7.09464,6.82942,7.09464,14230
BFC,4/7/2020 00:00:00,7.09464,7.22725,7.02833,7.22725,4150
BFC,4/8/2020 00:00:00,7.09464,7.29355,7.09464,7.09464,86630
BFC,4/9/2020 00:00:00,7.55877,7.55877,7.16094,7.16094,305970
BFC,4/10/2020 00:00:00,7.22725,7.22725,6.96203,7.06148,256030
BFC,4/13/2020 00:00:00,7.06148,7.06148,6.76311,6.76311,280650
BFC,4/14/2020 00:00:00,6.76311,7.22725,6.76311,7.22725,515940
BFC,4/15/2020 00:00:00,7.29355,7.55877,7.29355,7.42616,504800
BFC,4/16/2020 00:00:00,7.42616,7.92345,7.29355,7.92345,605660
BFC,4/17/2020 00:00:00,8.15552,8.45389,7.92345,8.12236,655570
BFC,4/20/2020 00:00:00,8.15552,8.68596,7.92345,8.61965,1.00505e+006
BFC,4/21/2020 00:00:00,8.48704,8.81857,8.02291,8.02291,693270
BFC,4/22/2020 00:00:00,7.65823,8.28813,7.59192,8.28813,563130
BFC,4/23/2020 00:00:00,8.48704,8.55335,8.02291,8.02291,272160
BFC,4/24/2020 00:00:00,8.08921,8.08921,7.72453,7.92345,343540
BFC,4/27/2020 00:00:00,7.92345,8.18867,7.8903,8.12236,249230
BFC,4/28/2020 00:00:00,8.15552,8.55335,8.08921,8.55335,384940
BFC,4/29/2020 00:00:00,8.61965,8.61965,8.32128,8.35443,356070
BFC,5/4/2020 00:00:00,8.32128,8.38758,7.82399,7.82399,278160
BFC,5/5/2020 00:00:00,7.82399,7.92345,7.75769,7.82399,223280
BFC,5/6/2020 00:00:00,7.82399,8.08921,7.79084,7.9566,287510
BFC,5/7/2020 00:00:00,8.02291,8.02291,7.72453,7.79084,367750
BFC,5/8/2020 00:00:00,7.79084,8.02291,7.62508,7.65823,728330
BFC,5/11/2020 00:00:00,7.65823,7.75769,7.59192,7.65823,432920
BFC,5/12/2020 00:00:00,7.72453,8.15552,7.65823,7.92345,431530
BFC,5/13/2020 00:00:00,7.92345,8.08921,7.82399,7.92345,535900
BFC,5/14/2020 00:00:00,7.8903,7.9566,7.82399,7.9566,302030
BFC,5/15/2020 00:00:00,7.9566,7.9566,7.72453,7.75769,241480
BFC,5/18/2020 00:00:00,7.79084,7.79084,7.62508,7.72453,353080
BFC,5/19/2020 00:00:00,7.75769,8.12236,7.69138,7.72453,948660
BFC,5/20/2020 00:00:00,7.82399,8.25497,7.75769,8.25497,1.83678e+006
BFC,5/21/2020 00:00:00,8.5865,8.61965,8.22182,8.42074,1.21972e+006
BFC,5/22/2020 00:00:00,8.28813,8.5865,8.15552,8.32128,804480
BFC,5/25/2020 00:00:00,8.28813,8.88487,8.22182,8.88487,1.44799e+006
BFC,5/26/2020 00:00:00,8.95118,9.01748,8.68596,8.81857,745540
BFC,5/27/2020 00:00:00,8.85172,9.01748,8.42074,8.42074,772150
BFC,5/28/2020 00:00:00,8.5865,8.85172,8.55335,8.78541,968160
BFC,5/29/2020 00:00:00,8.88487,8.91802,8.61965,8.75226,384580
BFC,6/1/2020 00:00:00,8.75226,9.34901,8.68596,9.18324,1.21863e+006
BFC,6/2/2020 00:00:00,9.15009,9.24955,8.61965,8.68596,798670
BFC,6/3/2020 00:00:00,8.68596,8.88487,8.68596,8.88487,357390
BFC,6/4/2020 00:00:00,8.88487,8.98433,8.75226,8.81857,450620
BFC,6/5/2020 00:00:00,8.75226,8.95118,8.68596,8.95118,350860
BFC,6/8/2020 00:00:00,9.08379,9.18324,8.88487,8.98433,690940
BFC,6/9/2020 00:00:00,9.01748,9.24955,8.91802,9.08379,562380
BFC,6/10/2020 00:00:00,9.08379,9.15009,8.95118,9.01748,503770
BFC,6/11/2020 00:00:00,9.01748,9.11694,8.38758,8.38758,1.35571e+006
BFC,6/12/2020 00:00:00,7.8903,8.28813,7.8903,8.22182,681510
BFC,6/15/2020 00:00:00,8.22182,8.32128,7.8903,7.8903,531600
BFC,6/16/2020 00:00:00,8.08921,8.18867,7.8903,8.15552,337480
BFC,6/17/2020 00:00:00,8.15552,8.35443,8.12236,8.25497,285180
BFC,6/18/2020 00:00:00,8.08921,8.25497,8.08921,8.18867,156750
BFC,6/19/2020 00:00:00,8.18867,8.38758,8.18867,8.38758,384570
BFC,6/22/2020 00:00:00,8.42074,8.95118,8.42074,8.91802,727130
BFC,6/23/2020 00:00:00,8.88487,8.98433,8.48704,8.68596,289050
BFC,6/24/2020 00:00:00,8.68596,8.71911,8.35443,8.42074,436590
BFC,6/25/2020 00:00:00,8.59617,8.80669,8.42074,8.7716,802150
BFC,6/26/2020 00:00:00,8.7716,8.91195,8.49091,8.526,303240
BFC,6/29/2020 00:00:00,8.42074,8.42074,8.14005,8.21022,347630
BFC,6/30/2020 00:00:00,8.21022,8.35056,8.06987,8.06987,264510
BFC,7/1/2020 00:00:00,8.2453,8.35056,8.06987,8.28039,186260
BFC,7/2/2020 00:00:00,8.28039,8.28039,8.14005,8.17513,161720
BFC,7/3/2020 00:00:00,8.2453,8.2453,8.14005,8.21022,190910
BFC,7/6/2020 00:00:00,8.35056,8.56108,8.2453,8.35056,188430
BFC,7/7/2020 00:00:00,8.35056,8.42074,8.17513,8.17513,180130
BFC,7/8/2020 00:00:00,8.17513,8.38565,8.17513,8.2453,124220
BFC,7/9/2020 00:00:00,8.2453,8.38565,8.2453,8.31548,175020
BFC,7/10/2020 00:00:00,8.28039,8.38565,8.2453,8.28039,194440
BFC,7/13/2020 00:00:00,8.2453,8.42074,8.2453,8.2453,132360
BFC,7/14/2020 00:00:00,8.2453,8.31548,8.21022,8.31548,123220
BFC,7/15/2020 00:00:00,8.42074,8.45582,8.31548,8.42074,173520
BFC,7/16/2020 00:00:00,8.45582,8.526,8.35056,8.38565,230510
BFC,7/17/2020 00:00:00,8.42074,8.84177,8.38565,8.7716,927160
BFC,7/20/2020 00:00:00,8.80669,8.80669,8.56108,8.63125,469650
BFC,7/21/2020 00:00:00,8.63125,8.80669,8.59617,8.73651,226670
BFC,7/22/2020 00:00:00,8.66634,8.91195,8.66634,8.66634,394350
BFC,7/23/2020 00:00:00,8.70143,8.70143,8.49091,8.49091,184560
BFC,7/24/2020 00:00:00,8.42074,8.49091,7.92953,8.06987,662630
BFC,7/27/2020 00:00:00,7.71901,8.06987,7.54358,7.54358,632080
BFC,7/28/2020 00:00:00,7.71901,8.06987,7.71901,8.06987,238410
BFC,7/29/2020 00:00:00,8.14005,8.14005,7.78918,7.92953,493620
BFC,7/30/2020 00:00:00,7.92953,8.14005,7.92953,7.9997,165250
BFC,7/31/2020 00:00:00,7.9997,8.06987,7.71901,7.92953,251340
BFC,8/3/2020 00:00:00,7.92953,8.31548,7.92953,8.31548,230180
BFC,8/4/2020 00:00:00,8.42074,8.56108,8.31548,8.56108,295120
BFC,8/5/2020 00:00:00,8.56108,8.63125,8.42074,8.56108,375830
BFC,8/6/2020 00:00:00,8.56108,8.59617,8.45582,8.56108,292650
BFC,8/7/2020 00:00:00,8.526,8.98212,8.49091,8.84177,917980
BFC,8/10/2020 00:00:00,8.91195,9.43824,8.91195,9.33298,1.3005e+006
BFC,8/11/2020 00:00:00,9.33298,9.64876,9.15755,9.5435,589310
BFC,8/12/2020 00:00:00,9.40316,9.5435,9.33298,9.40316,591130
BFC,8/13/2020 00:00:00,9.40316,9.75402,9.33298,9.5435,582730
BFC,8/14/2020 00:00:00,9.61367,9.64876,9.22772,9.33298,544460
BFC,8/17/2020 00:00:00,9.2979,9.40316,9.19264,9.36807,272070
BFC,8/18/2020 00:00:00,9.36807,9.75402,9.36807,9.71893,890370
BFC,8/19/2020 00:00:00,9.64876,10.1751,9.64876,10.0347,1.24488e+006
BFC,8/20/2020 00:00:00,10.0347,10.1751,9.75402,9.89437,555690
BFC,8/21/2020 00:00:00,9.99962,10.3154,9.96454,10.2452,771910
BFC,8/24/2020 00:00:00,10.5259,10.947,10.3856,10.947,947590
BFC,8/25/2020 00:00:00,11.1575,11.2276,10.8417,10.8417,958550
BFC,8/26/2020 00:00:00,10.6312,11.368,10.6312,11.0522,595740
BFC,8/27/2020 00:00:00,11.0522,11.368,10.9119,10.9119,530470
BFC,8/28/2020 00:00:00,10.947,11.0171,10.5961,10.7014,726960
BFC,8/31/2020 00:00:00,10.7364,11.4031,10.4557,11.0873,772200
BFC,9/1/2020 00:00:00,11.1926,11.2276,10.947,10.982,224770
BFC,9/3/2020 00:00:00,11.0171,11.0873,10.7715,10.982,355500
BFC,9/4/2020 00:00:00,10.6663,10.8768,10.5259,10.6663,756420
BFC,9/7/2020 00:00:00,10.6663,10.8768,10.3856,10.3856,649770
BFC,9/8/2020 00:00:00,10.5259,10.7014,10.3856,10.5259,387070
BFC,9/9/2020 00:00:00,10.4557,11.2276,10.3856,11.1926,1.33475e+006
BFC,9/10/2020 00:00:00,11.2276,11.2627,10.982,11.1926,548110
BFC,9/11/2020 00:00:00,11.0873,11.8943,11.0171,11.8241,1.23608e+006
BFC,9/14/2020 00:00:00,11.8241,12.175,11.789,11.8943,961130
BFC,9/15/2020 00:00:00,11.9294,12.0346,11.7539,11.8241,602990
BFC,9/16/2020 00:00:00,11.7539,11.8241,11.6136,11.7189,375020
BFC,9/17/2020 00:00:00,11.7189,11.9294,11.4382,11.8943,619660
BFC,9/18/2020 00:00:00,11.8943,11.8943,11.7189,11.789,287060
BFC,9/21/2020 00:00:00,11.789,11.8241,11.368,11.4031,814990
BFC,9/22/2020 00:00:00,11.2978,11.6487,11.2276,11.4733,783320
BFC,9/23/2020 00:00:00,11.4733,11.6136,11.4031,11.4382,821140
BFC,9/24/2020 00:00:00,11.3329,11.6487,11.3329,11.5434,792030
BFC,9/25/2020 00:00:00,11.5083,11.5083,11.3329,11.4382,710440
BFC,9/28/2020 00:00:00,11.4382,12.0697,11.4382,12.0697,1.28686e+006
BFC,9/29/2020 00:00:00,12.0697,12.4206,11.6487,11.789,1.27867e+006
BFC,9/30/2020 00:00:00,11.789,11.9995,11.5083,11.9294,542720
BFC,10/1/2020 00:00:00,11.9294,12.2101,11.789,12.2101,892600
BFC,10/2/2020 00:00:00,12.2101,12.2101,11.4382,11.9294,825490
BFC,10/5/2020 00:00:00,12.0697,12.1399,11.8592,11.9294,462520
BFC,10/6/2020 00:00:00,12.0346,12.0346,11.789,11.8241,484990
BFC,10/7/2020 00:00:00,11.7189,11.8943,11.6136,11.6838,425950
BFC,10/8/2020 00:00:00,11.789,12.1399,11.6487,12.0346,1.42538e+006
BFC,10/9/2020 00:00:00,11.9995,12.2452,11.9995,11.9995,414690
BFC,10/12/2020 00:00:00,11.9995,11.9995,11.6487,11.6487,448130
BFC,10/13/2020 00:00:00,11.5434,11.7189,11.368,11.4382,532830
BFC,10/14/2020 00:00:00,11.4382,11.5083,11.368,11.4031,411740
BFC,10/15/2020 00:00:00,11.2978,11.6487,11.2978,11.5434,417970
BFC,10/16/2020 00:00:00,11.5785,11.789,11.368,11.5785,734490
BFC,10/19/2020 00:00:00,11.7189,11.789,11.4382,11.5785,236810
BFC,10/20/2020 00:00:00,11.5083,11.7539,11.4733,11.7189,422490
BFC,10/21/2020 00:00:00,11.789,11.9995,11.5785,11.5785,510450
BFC,10/22/2020 00:00:00,11.6487,11.8592,11.6487,11.7539,370410
BFC,10/23/2020 00:00:00,11.7539,11.9995,11.7539,11.789,335860
BFC,10/26/2020 00:00:00,11.789,11.8592,11.4382,11.4382,416740
BFC,10/27/2020 00:00:00,11.4382,11.4382,11.1575,11.1575,333120
BFC,10/28/2020 00:00:00,11.0873,11.0873,10.4557,10.4557,554730
BFC,10/29/2020 00:00:00,10.4557,10.7364,10.1751,10.6312,415830
BFC,10/30/2020 00:00:00,10.6663,10.7364,10.4557,10.6312,177940
BFC,11/2/2020 00:00:00,10.6312,11.1926,10.6312,11.1575,402070
BFC,11/3/2020 00:00:00,11.1575,11.1575,10.947,11.0171,169510
BFC,11/4/2020 00:00:00,11.0522,11.1926,10.8768,11.0522,168400
BFC,11/5/2020 00:00:00,11.0522,11.1926,10.982,10.982,355950
BFC,11/6/2020 00:00:00,11.1224,11.1224,10.9119,10.982,144910
BFC,11/9/2020 00:00:00,11.0522,11.3329,11.0171,11.3329,387910
BFC,11/10/2020 00:00:00,11.3329,11.4382,11.1575,11.3329,390460
BFC,11/11/2020 00:00:00,11.3329,11.4031,11.2627,11.2978,197840
BFC,11/12/2020 00:00:00,11.2627,11.5434,11.1575,11.4031,398870
BFC,11/13/2020 00:00:00,11.3329,11.5083,11.3329,11.368,272290
BFC,11/16/2020 00:00:00,11.5083,11.5083,11.1575,11.1926,350870
BFC,11/17/2020 00:00:00,11.2978,11.2978,11.0873,11.1926,200220
BFC,11/18/2020 00:00:00,11.2276,11.2627,10.8768,10.982,412620
BFC,11/19/2020 00:00:00,11.1633,11.3082,11.0183,11.3082,450520
BFC,11/20/2020 00:00:00,11.4532,11.4532,11.1633,11.1633,210590
BFC,11/23/2020 00:00:00,11.127,11.127,10.982,11.0545,291390
BFC,11/24/2020 00:00:00,11.0545,11.562,11.0545,11.4532,1.02918e+006
BFC,11/25/2020 00:00:00,11.4895,11.5257,11.2358,11.2358,215040
BFC,11/26/2020 00:00:00,11.1633,11.3082,11.1633,11.1995,169030
BFC,11/27/2020 00:00:00,11.1995,11.4532,11.1995,11.3445,410930
BFC,11/30/2020 00:00:00,11.417,11.417,11.272,11.272,233110
BFC,12/1/2020 00:00:00,11.0545,11.272,11.0183,11.2358,276240
BFC,12/2/2020 00:00:00,11.2358,11.3082,11.127,11.1995,324070
BFC,12/3/2020 00:00:00,11.2358,11.3082,11.1995,11.272,298250
BFC,12/4/2020 00:00:00,11.272,11.8882,11.272,11.6707,982830
BFC,12/7/2020 00:00:00,11.9606,11.9606,11.5982,11.8157,585030
BFC,12/8/2020 00:00:00,11.8157,12.2506,11.6707,11.9606,818830
BFC,12/9/2020 00:00:00,11.9606,11.9969,11.8519,11.8882,350920
BFC,12/10/2020 00:00:00,11.8882,11.8882,11.5257,11.5257,598140
BFC,12/11/2020 00:00:00,11.5257,11.562,11.3445,11.562,430540
BFC,12/14/2020 00:00:00,11.5982,11.7794,11.5982,11.7069,283950
BFC,12/15/2020 00:00:00,11.7432,12.1781,11.5982,11.8519,891280
BFC,12/16/2020 00:00:00,11.8519,11.8519,11.7432,11.7432,341450
BFC,12/17/2020 00:00:00,11.7432,11.8157,11.7069,11.7794,482140
BFC,12/18/2020 00:00:00,11.7794,11.9969,11.7432,11.7432,344680
BFC,12/21/2020 00:00:00,11.8882,11.8882,11.6344,11.6707,603650
BFC,12/22/2020 00:00:00,11.7069,12.4681,11.562,12.3593,1.47833e+006
BFC,12/23/2020 00:00:00,12.613,12.613,12.1781,12.1781,646990
BFC,12/24/2020 00:00:00,12.1781,12.2144,11.3445,11.8519,469180
BFC,12/25/2020 00:00:00,11.6707,12.1419,11.5982,12.0331,673100
BFC,12/28/2020 00:00:00,12.1056,12.1056,11.8882,11.9244,703820
BFC,12/29/2020 00:00:00,11.8882,12.2144,11.8157,11.9969,730260
BFC,12/30/2020 00:00:00,12.1056,12.4681,11.9969,12.2144,1.15863e+006
BFC,12/31/2020 00:00:00,12.2506,12.6493,12.2506,12.6493,918180
BFC,1/4/2021 00:00:00,12.903,12.9392,12.6493,12.6855,699800
BFC,1/5/2021 00:00:00,12.6855,12.8668,12.3956,12.7218,617400
BFC,1/6/2021 00:00:00,12.758,12.7943,12.5043,12.6855,782000
BFC,1/7/2021 00:00:00,12.758,12.8668,12.0694,12.758,740800
BFC,1/8/2021 00:00:00,13.1205,13.2654,12.758,12.9755,659500
BFC,1/11/2021 00:00:00,13.1929,13.1929,12.9392,13.0117,406100
BFC,1/12/2021 00:00:00,13.048,13.048,12.6493,12.8305,363100
BFC,1/13/2021 00:00:00,12.8305,12.9755,12.6855,12.7218,533300
BFC,1/14/2021 00:00:00,12.613,12.758,12.5768,12.7218,323100
BFC,1/15/2021 00:00:00,12.903,12.903,12.613,12.7218,395300
BFC,1/18/2021 00:00:00,12.6855,13.4829,12.6493,13.0117,564200
BFC,1/19/2021 00:00:00,13.1929,13.1929,12.1056,12.4681,682500
BFC,1/20/2021 00:00:00,12.4681,12.4681,11.7794,12.1056,408700
BFC,1/21/2021 00:00:00,12.3231,12.613,12.1781,12.5406,332900
BFC,1/22/2021 00:00:00,12.5406,12.5768,12.1056,12.5043,308900
BFC,1/25/2021 00:00:00,12.2506,12.6855,12.2506,12.4681,316900
BFC,1/26/2021 00:00:00,12.4681,12.4681,11.6344,12.0694,308000
BFC,1/27/2021 00:00:00,11.5982,12.1781,11.5982,11.9244,468700
BFC,1/28/2021 00:00:00,11.5982,11.5982,11.0908,11.0908,417400
BFC,1/29/2021 00:00:00,11.0908,11.4532,10.9458,11.2358,219200
BFC,2/1/2021 00:00:00,11.4532,11.5982,10.4746,10.6558,261700
BFC,2/2/2021 00:00:00,10.6558,11.1995,10.4021,11.1995,711200
BFC,2/3/2021 00:00:00,11.3807,11.6707,10.982,11.6707,264900
BFC,2/4/2021 00:00:00,11.6707,11.7794,11.4532,11.5982,157200
BFC,2/5/2021 00:00:00,11.4532,11.8157,11.3807,11.8157,667400
BFC,2/8/2021 00:00:00,11.8157,11.9244,11.417,11.417,225200
BFC,2/9/2021 00:00:00,11.417,11.7069,11.417,11.5982,303300
BFC,2/17/2021 00:00:00,11.5982,11.9606,11.5982,11.9606,125400
BFC,2/18/2021 00:00:00,11.9606,12.5406,11.8882,12.4318,284100
BFC,2/19/2021 00:00:00,12.3231,12.7943,12.1419,12.758,547900
BFC,2/22/2021 00:00:00,12.758,13.1567,12.758,12.8668,1e+006
BFC,2/23/2021 00:00:00,12.8668,13.0842,12.7943,13.0117,344800
BFC,2/24/2021 00:00:00,13.0117,13.0842,12.4681,12.613,270100
BFC,2/25/2021 00:00:00,12.613,12.758,12.5406,12.758,154400
BFC,2/26/2021 00:00:00,12.613,12.8668,12.4681,12.8668,185600
BFC,3/1/2021 00:00:00,12.903,13.7366,12.903,13.7004,1.0803e+006
BFC,3/2/2021 00:00:00,13.9178,14.4977,13.9178,14.4253,585900
BFC,3/3/2021 00:00:00,14.4253,14.8602,14.2078,14.7152,450300
BFC,3/4/2021 00:00:00,14.7877,15.0777,14.4253,14.4253,941800
BFC,3/5/2021 00:00:00,14.4977,14.6427,13.9541,14.5702,379100
BFC,3/8/2021 00:00:00,14.5702,15.1501,14.4977,14.9327,460300
BFC,3/9/2021 00:00:00,14.7877,14.9327,14.3528,14.5702,410800
BFC,3/10/2021 00:00:00,15.5851,15.5851,15.2226,15.5851,906900
BFC,3/11/2021 00:00:00,16.6724,16.6724,16.02,16.31,660700
BFC,3/12/2021 00:00:00,16.9624,16.9624,16.165,16.165,532600
BFC,3/15/2021 00:00:00,15.9475,16.02,15.5851,15.875,1.0853e+006
BFC,3/16/2021 00:00:00,15.875,16.31,15.7301,15.875,301100
BFC,3/17/2021 00:00:00,15.7301,16.5999,15.7301,16.4187,434900
BFC,3/18/2021 00:00:00,16.6724,16.6724,16.4187,16.4187,283800
BFC,3/19/2021 00:00:00,16.31,16.4187,15.875,16.165,275500
BFC,3/22/2021 00:00:00,16.2012,16.2012,15.7301,15.8025,309100
BFC,3/23/2021 00:00:00,15.7301,16.2375,15.6576,15.7663,240300
BFC,3/24/2021 00:00:00,15.5851,15.7663,15.2226,15.4401,289500
BFC,3/25/2021 00:00:00,15.5126,15.7301,15.0777,15.5126,170600
BFC,3/26/2021 00:00:00,15.2226,15.5851,14.7877,15.4401,232700
BFC,3/29/2021 00:00:00,15.6576,15.6576,15.3676,15.5488,238600
BFC,3/30/2021 00:00:00,15.8025,15.8025,15.4763,15.5488,259600
BFC,3/31/2021 00:00:00,15.5126,15.9475,15.5126,15.9475,395000
BFC,4/1/2021 00:00:00,15.9475,16.3462,15.8388,16.2012,474200
BFC,4/2/2021 00:00:00,16.3462,16.8174,16.165,16.8174,703900
BFC,4/5/2021 00:00:00,16.8536,16.8899,16.2375,16.3462,649200
BFC,4/6/2021 00:00:00,16.165,16.4549,16.165,16.2737,337300
BFC,4/7/2021 00:00:00,16.2375,16.31,16.0925,16.2012,142300
BFC,4/8/2021 00:00:00,16.165,16.31,15.8025,16.02,233000
BFC,4/9/2021 00:00:00,16.02,16.2375,15.9475,16.0925,107700
BFC,4/12/2021 00:00:00,15.9838,16.5999,15.9838,16.5999,470500
BFC,4/13/2021 00:00:00,16.5999,16.5999,16.0925,16.165,259000
BFC,4/14/2021 00:00:00,16.165,16.31,15.9475,16.2737,188100
BFC,4/15/2021 00:00:00,16.02,16.2737,15.8025,16.0925,265100
BFC,4/16/2021 00:00:00,16.02,16.165,15.5851,15.6576,202700
BFC,4/19/2021 00:00:00,15.5851,15.6576,14.9327,15.5126,123100
BFC,4/20/2021 00:00:00,15.5126,16.2375,15.5126,16.2375,194600
BFC,4/22/2021 00:00:00,16.165,16.165,15.6576,15.6576,77500
BFC,4/23/2021 00:00:00,15.2226,15.875,15.0052,15.7301,89100
BFC,4/26/2021 00:00:00,15.7663,15.7663,15.0777,15.0777,103500
BFC,4/27/2021 00:00:00,15.0777,15.3314,14.6427,15.2226,90500
BFC,4/28/2021 00:00:00,15.0052,16.2737,15.0052,16.2375,271300
BFC,4/29/2021 00:00:00,16.2375,16.5274,15.9475,15.9475,207100
BFC,5/4/2021 00:00:00,15.1501,15.8025,15.1501,15.4401,145500
BFC,5/5/2021 00:00:00,15.4401,15.7663,15.4401,15.7301,260100
BFC,5/6/2021 00:00:00,15.7301,15.8025,15.4401,15.4401,172800
BFC,5/7/2021 00:00:00,14.9327,15.4401,14.9327,15.1501,168000
BFC,5/10/2021 00:00:00,15.0052,15.1139,14.8602,15.0414,109300
BFC,5/11/2021 00:00:00,15.0052,15.5851,15.0052,15.5126,180500
BFC,5/12/2021 00:00:00,15.3676,16.31,15.3676,16.0925,262800
BFC,5/13/2021 00:00:00,16.0925,16.4549,16.02,16.3825,387100
BFC,5/14/2021 00:00:00,16.8174,17.506,16.6362,17.506,1.5645e+006
BFC,5/17/2021 00:00:00,17.9047,18.4846,17.8322,18.0859,391700
BFC,5/18/2021 00:00:00,17.9047,17.9772,17.3973,17.3973,253600
BFC,5/19/2021 00:00:00,17.1798,18.1222,16.31,17.7597,648200
BFC,5/20/2021 00:00:00,17.7597,17.9047,17.3248,17.7597,351900
BFC,5/21/2021 00:00:00,17.9772,18.8471,17.8322,18.7021,1.0044e+006
BFC,5/24/2021 00:00:00,18.8471,19.4632,18.7746,19.0645,536100
BFC,5/25/2021 00:00:00,18.992,19.427,18.2672,19.3907,489300
BFC,5/26/2021 00:00:00,19.282,19.8619,18.8471,19.572,703500
BFC,5/27/2021 00:00:00,19.6444,19.6444,18.5209,18.5571,343000
BFC,5/28/2021 00:00:00,18.5571,18.8108,18.2672,18.6296,455700
BFC,5/31/2021 00:00:00,18.6296,18.6296,18.2672,18.4484,221500
BFC,6/1/2021 00:00:00,18.1222,18.5571,18.1222,18.3396,275900
BFC,6/2/2021 00:00:00,18.1947,19.3545,18.1222,19.3545,293700
BFC,6/3/2021 00:00:00,19.572,20.4418,19.427,20.0431,432900
BFC,6/4/2021 00:00:00,20.0794,20.4418,20.0431,20.2244,362800
BFC,6/7/2021 00:00:00,20.2244,20.2968,18.8471,19.427,204200
BFC,6/8/2021 00:00:00,19.427,20.0794,18.9558,19.2095,289600
BFC,6/9/2021 00:00:00,18.9196,19.4995,18.9196,19.3182,159500
BFC,6/10/2021 00:00:00,19.3182,20.2968,19.282,20.2968,490400
BFC,6/11/2021 00:00:00,20.8768,20.9855,20.0069,20.1519,246500
BFC,6/14/2021 00:00:00,20.6593,20.6593,20.1519,20.2968,198800
BFC,6/15/2021 00:00:00,20.1519,20.5868,20.0794,20.2968,366000
BFC,6/16/2021 00:00:00,20.0794,20.6593,20.0069,20.3693,377500
BFC,6/17/2021 00:00:00,21.4414,21.4414,20.5608,20.8671,216500
BFC,6/18/2021 00:00:00,20.8288,21.8243,20.8288,21.4414,317500
BFC,6/21/2021 00:00:00,21.4414,22.054,21.4414,21.5946,366700
BFC,6/22/2021 00:00:00,21.5946,21.6328,20.8288,21.2883,260500
BFC,6/23/2021 00:00:00,20.9819,22.054,20.8288,21.786,634400
BFC,6/24/2021 00:00:00,21.786,21.786,21.3648,21.6328,144100
BFC,6/25/2021 00:00:00,21.1351,21.518,21.1351,21.4414,82800
BFC,6/28/2021 00:00:00,21.4414,21.6711,21.1351,21.5563,219700
BFC,6/29/2021 00:00:00,21.5946,22.054,21.5946,21.5946,518200
BFC,6/30/2021 00:00:00,21.5946,22.8198,21.4797,21.9774,367100
BFC,7/1/2021 00:00:00,22.2072,22.2072,21.5946,21.9392,225900
BFC,7/2/2021 00:00:00,22.054,22.5518,21.7094,21.9774,525900
BFC,7/5/2021 00:00:00,21.518,21.9009,21.0585,21.0585,414100
BFC,7/6/2021 00:00:00,20.8288,20.9054,19.9865,20.1396,500300
BFC,7/7/2021 00:00:00,20.1013,20.5225,19.1441,20.1396,157800
BFC,7/8/2021 00:00:00,20.2928,20.2928,19.527,20.1396,107700
BFC,7/9/2021 00:00:00,19.2207,19.9099,18.7612,18.991,174500
BFC,7/12/2021 00:00:00,19.0292,19.2973,17.8423,18.9144,244200
BFC,7/13/2021 00:00:00,18.9144,19.9099,18.9144,19.7567,77400
BFC,7/14/2021 00:00:00,19.3738,19.6801,18.9144,19.2207,29500
BFC,7/15/2021 00:00:00,18.7612,19.527,18.7612,19.4887,49800
BFC,7/16/2021 00:00:00,19.4887,20.063,19.4887,19.9099,93200
BFC,7/19/2021 00:00:00,19.6036,19.6036,19.1441,19.1441,110600
BFC,7/20/2021 00:00:00,19.527,20.0247,19.1441,20.0247,77500
BFC,7/21/2021 00:00:00,20.063,20.3693,19.8333,20.0247,97400
BFC,7/22/2021 00:00:00,20.063,20.3693,20.063,20.3693,84400
BFC,7/23/2021 00:00:00,20.3693,21.1734,20.3693,20.9819,214700
BFC,7/26/2021 00:00:00,21.2117,21.8243,21.0585,21.5946,243600
BFC,7/27/2021 00:00:00,22.2072,22.3603,21.2883,21.4414,223200
BFC,7/28/2021 00:00:00,21.0968,21.6711,20.7522,20.8671,196900
BFC,7/29/2021 00:00:00,20.2928,21.4797,20.2928,20.9054,169100
BFC,7/30/2021 00:00:00,21.5946,21.9774,21.0968,21.5563,367500
BFC,8/2/2021 00:00:00,21.518,23.0495,21.518,23.0495,951900
BFC,8/3/2021 00:00:00,23.7387,23.8919,23.1644,23.6238,524300
BFC,8/4/2021 00:00:00,23.2027,24.5045,23.2027,23.9684,492700
BFC,8/5/2021 00:00:00,23.509,25.6148,23.509,25.6148,1.196e+006
BFC,8/6/2021 00:00:00,25.8828,27.2612,25.7297,27.1846,1.0352e+006
BFC,8/9/2021 00:00:00,26.8018,28.3333,25.6148,28.1036,1.2471e+006
BFC,8/10/2021 00:00:00,28.1801,28.7162,28.1036,28.295,1.0539e+006
BFC,8/11/2021 00:00:00,28.1801,30.1711,28.1801,29.7882,1.046e+006
BFC,8/12/2021 00:00:00,30.0945,31.3963,27.7207,27.7207,1.3096e+006
BFC,8/13/2021 00:00:00,27.4144,29.4819,26.4189,29.1756,460300
BFC,8/16/2021 00:00:00,30.2477,30.2477,28.2184,28.2184,404300
BFC,8/17/2021 00:00:00,27.9504,27.9504,26.8018,27.7207,532000
BFC,8/18/2021 00:00:00,26.9932,27.5292,26.4189,26.4189,397600
BFC,8/19/2021 00:00:00,26.4955,27.2612,26.4955,27.1846,183900
BFC,8/20/2021 00:00:00,27.4909,27.8738,26.572,27.4909,474100
BFC,8/23/2021 00:00:00,27.4909,28.6396,27.4144,27.9504,805100
BFC,8/24/2021 00:00:00,27.9504,28.1418,26.036,26.7252,223300
BFC,8/25/2021 00:00:00,26.8018,26.8018,25.1171,25.6914,242000
BFC,8/26/2021 00:00:00,25.2702,27.4144,25.2702,26.3806,354000
BFC,8/27/2021 00:00:00,26.4955,27.4144,25.6531,27.4144,304900
BFC,8/30/2021 00:00:00,27.7207,28.295,27.1081,27.4909,1.3386e+006
BFC,8/31/2021 00:00:00,27.4909,28.2184,27.2612,27.8738,529700
BFC,9/1/2021 00:00:00,27.8738,29.2139,27.7972,28.6779,2.0228e+006
BFC,9/6/2021 00:00:00,29.4819,29.4819,28.3716,28.4864,1.7812e+006
BFC,9/7/2021 00:00:00,28.4864,28.4864,27.1846,27.1846,799100
BFC,9/8/2021 00:00:00,26.4189,27.1846,26.036,26.1509,794200
BFC,9/9/2021 00:00:00,26.036,26.8783,25.5382,26.7252,741200
BFC,9/10/2021 00:00:00,26.7252,26.8018,26.0743,26.3423,252600
BFC,9/13/2021 00:00:00,26.1126,26.2657,25.5765,25.7297,567700
BFC,9/14/2021 00:00:00,25.5,26.4955,25.5,25.7297,402500
BFC,9/15/2021 00:00:00,26.036,26.036,24.7342,24.7342,714100
BFC,9/16/2021 00:00:00,24.5045,24.9639,23.777,24.1982,767400
BFC,9/17/2021 00:00:00,24.1216,25.5765,23.4324,25.3085,686400
BFC,9/20/2021 00:00:00,25.7297,26.2657,25.1937,25.1937,675900
BFC,9/21/2021 00:00:00,24.8108,25.1937,24.5045,25.1554,285800
BFC,9/22/2021 00:00:00,25.5,25.5765,24.9639,25.2702,297500
BFC,9/23/2021 00:00:00,25.2702,25.6148,25.1171,25.1171,674600
BFC,9/24/2021 00:00:00,24.6576,25.0788,24.2747,24.3896,243400
BFC,9/27/2021 00:00:00,24.3896,24.4279,23.3558,23.3558,421600
BFC,9/28/2021 00:00:00,22.9729,23.7387,22.5901,23.5855,358800
BFC,9/29/2021 00:00:00,23.5855,25.2319,22.9729,25.2319,798900
BFC,9/30/2021 00:00:00,25.6531,26.6869,25.2702,26.2274,821300
BFC,10/1/2021 00:00:00,25.9594,27.9504,25.7297,27.5675,1.5389e+006
BFC,10/4/2021 00:00:00,27.6824,28.3333,27.1846,27.5675,924900
BFC,10/5/2021 00:00:00,27.2229,27.8738,27.0315,27.2612,546100
BFC,10/6/2021 00:00:00,26.8783,27.5675,26.6869,26.8018,957100
BFC,10/7/2021 00:00:00,26.84,27.5675,26.6486,26.7252,703800
BFC,10/8/2021 00:00:00,27.1846,27.1846,26.1891,26.1891,644500
BFC,10/11/2021 00:00:00,26.4572,26.9549,26.036,26.6486,402400
BFC,10/12/2021 00:00:00,26.8018,27.1846,26.6103,26.6103,525700
BFC,10/13/2021 00:00:00,26.6486,28.3333,26.1891,27.8738,1.077e+006
BFC,10/14/2021 00:00:00,27.8738,28.9459,27.759,28.1036,860300
BFC,10/15/2021 00:00:00,28.1418,28.5247,27.5675,27.759,647300
BFC,10/18/2021 00:00:00,27.7972,28.027,26.8783,27.0315,1.0566e+006
BFC,10/19/2021 00:00:00,27.0315,28.1418,26.8783,28.027,883100
BFC,10/20/2021 00:00:00,28.3333,28.6396,28.027,28.1801,836400
BFC,10/21/2021 00:00:00,28.4864,29.0225,28.027,28.7927,696300
BFC,10/22/2021 00:00:00,29.0608,29.3288,28.7162,29.0225,642200
BFC,10/25/2021 00:00:00,29.0225,29.0608,27.3378,27.4144,951000
BFC,10/26/2021 00:00:00,27.4144,28.027,26.8018,28.027,490000
BFC,10/27/2021 00:00:00,27.9504,28.4864,27.4909,27.759,378300
BFC,10/28/2021 00:00:00,28.1801,28.9459,27.9887,28.5247,882100
BFC,10/29/2021 00:00:00,28.2184,28.3333,27.7207,27.8738,1.0214e+006
BFC,11/1/2021 00:00:00,27.8738,28.3333,27.5292,27.6441,561500
BFC,11/2/2021 00:00:00,27.4909,27.5675,26.8018,27.0315,1.1945e+006
BFC,11/3/2021 00:00:00,27.0315,27.2229,25.2702,25.4234,841200
BFC,11/4/2021 00:00:00,25.8063,25.8063,25.2702,25.8063,469700
BFC,11/5/2021 00:00:00,25.8063,27.6058,25.8063,27.6058,875000
BFC,11/8/2021 00:00:00,27.9504,28.2567,27.4909,27.5675,1.1488e+006
BFC,11/9/2021 00:00:00,27.5675,28.2184,27.3378,27.6058,451800
BFC,11/10/2021 00:00:00,27.7207,28.7162,27.7207,28.2184,1.9458e+006
BFC,11/11/2021 00:00:00,28.6779,28.9842,27.5675,28.295,856800
BFC,11/12/2021 00:00:00,28.295,28.4099,27.8738,28.4099,644500
BFC,11/15/2021 00:00:00,28.9459,30.3626,28.9459,30.3626,2.5149e+006
BFC,11/16/2021 00:00:00,31.0135,32.1621,30.4774,31.6261,1.2355e+006
BFC,11/17/2021 00:00:00,31.5495,31.5495,30.7072,30.7072,722700
BFC,11/18/2021 00:00:00,30.7072,32.1621,30.3243,30.9369,1.4256e+006
BFC,11/19/2021 00:00:00,30.6306,30.6306,28.7927,28.7927,1.7352e+006
BFC,11/22/2021 00:00:00,28.7162,28.7927,27.1846,27.1846,848200
BFC,11/23/2021 00:00:00,26.036,28.3333,26.036,28.1036,574800
BFC,11/24/2021 00:00:00,28.2184,28.7162,27.1846,27.5292,574800
BFC,11/25/2021 00:00:00,28.2184,28.2184,26.8018,27.4909,554800
BFC,11/26/2021 00:00:00,27.4909,28.3333,27.2995,27.6441,601000
BFC,11/29/2021 00:00:00,26.572,27.7972,26.572,27.6824,360400
BFC,11/30/2021 00:00:00,27.7207,28.7162,27.7207,28.1036,751000
BFC,12/1/2021 00:00:00,28.1036,29.4436,28.1036,28.9842,1.0751e+006
BFC,12/2/2021 00:00:00,29.4819,29.4819,29.0608,29.099,694100
BFC,12/3/2021 00:00:00,29.3288,29.3288,27.2612,27.5675,513000
BFC,12/6/2021 00:00:00,26.9549,27.5292,25.6531,25.6531,699100
BFC,12/7/2021 00:00:00,26.2657,26.4955,25.5,26.4955,404800
BFC,12/8/2021 00:00:00,26.7252,26.7252,25.8828,26.3806,176900
BFC,12/9/2021 00:00:00,26.3806,26.8018,26.2657,26.572,179300
BFC,12/10/2021 00:00:00,26.572,27.2612,26.572,26.9166,207700
BFC,12/13/2021 00:00:00,27.0315,27.4909,27.0315,27.1464,240400
BFC,12/14/2021 00:00:00,27.1846,27.9504,26.4189,27.5675,444700
BFC,12/15/2021 00:00:00,27.5675,28.1036,27.5675,27.6441,425000
BFC,12/16/2021 00:00:00,27.6441,27.6824,27.2229,27.4144,204700
BFC,12/17/2021 00:00:00,27.1846,27.9504,26.8018,27.2612,391200
BFC,12/20/2021 00:00:00,27.1846,27.5292,26.8018,26.84,284500
BFC,12/21/2021 00:00:00,26.8783,28.4864,26.8783,27.7207,564300
BFC,12/22/2021 00:00:00,28.7162,28.7162,27.0315,27.0315,309600
BFC,12/23/2021 00:00:00,27.0315,27.3761,25.5,26.3806,364200
BFC,12/24/2021 00:00:00,26.1891,26.572,25.8828,25.9211,393300
BFC,12/27/2021 00:00:00,25.9594,26.4572,25.7297,26.036,209300
BFC,12/28/2021 00:00:00,26.0743,26.1509,25.6914,25.7297,290400
BFC,12/29/2021 00:00:00,25.7297,25.9977,25.1937,25.2702,514200
BFC,12/30/2021 00:00:00,25.3468,25.3851,24.1982,24.6576,585500
BFC,12/31/2021 00:00:00,25.1937,25.2702,24.8108,25.0405,199800
BFC,1/4/2022 00:00:00,25.1171,25.9594,25.1171,25.6148,189500
BFC,1/5/2022 00:00:00,25.9594,26.036,25.4617,25.5765,330200
BFC,1/6/2022 00:00:00,25.0788,25.5765,25.0788,25.1171,290400
BFC,1/7/2022 00:00:00,24.8873,25.1171,24.581,24.581,349000
BFC,1/10/2022 00:00:00,24.581,24.6193,23.1261,23.509,635000
BFC,1/11/2022 00:00:00,23.4324,23.6621,22.9729,23.0112,261700
BFC,1/12/2022 00:00:00,22.3603,23.7387,22.2072,23.3558,219900
BFC,1/13/2022 00:00:00,23.5855,23.5855,22.7432,22.8198,168500
BFC,1/14/2022 00:00:00,22.5901,22.7432,22.2072,22.2072,156600
BFC,1/17/2022 00:00:00,22.2072,22.2455,20.6756,20.6756,349600
BFC,1/18/2022 00:00:00,20.5991,20.5991,19.259,20.4459,351100
BFC,1/19/2022 00:00:00,21.786,21.786,20.7522,21.0585,172300
BFC,1/20/2022 00:00:00,21.0968,21.6328,20.6756,21.518,85100
BFC,1/21/2022 00:00:00,21.518,21.518,20.9054,20.9819,92000
BFC,1/24/2022 00:00:00,20.9819,20.9819,19.5653,19.6801,130700
BFC,1/25/2022 00:00:00,19.7184,20.1396,19.1441,19.9865,131900
BFC,1/26/2022 00:00:00,19.9865,20.7905,19.9865,20.5225,253700
BFC,1/27/2022 00:00:00,20.9054,21.2883,20.6374,21.1734,140400
BFC,1/28/2022 00:00:00,21.2117,21.2883,20.7139,20.7139,74200
BFC,2/7/2022 00:00:00,21.4414,21.8243,21.3265,21.7477,167200
BFC,2/8/2022 00:00:00,21.7477,22.5518,21.6711,22.322,204200
BFC,2/9/2022 00:00:00,22.5901,22.9729,22.3603,22.7815,151300
BFC,2/10/2022 00:00:00,22.8198,23.4324,22.5901,23.2792,276800
BFC,2/11/2022 00:00:00,23.2792,23.8536,23.2792,23.5855,310000
BFC,2/14/2022 00:00:00,22.6666,23.4707,22.6666,23.3175,144600
BFC,2/15/2022 00:00:00,23.2792,24.1216,22.6666,23.5473,136400
BFC,2/16/2022 00:00:00,23.5473,23.8919,23.241,23.777,130300
BFC,2/17/2022 00:00:00,23.3558,23.8919,23.1644,23.7387,116500
BFC,2/18/2022 00:00:00,23.2027,23.8153,23.2027,23.6621,152700
BFC,2/21/2022 00:00:00,23.6621,23.7387,23.4707,23.6621,169300
BFC,2/22/2022 00:00:00,23.6621,23.6621,23.1644,23.2792,116900
BFC,2/23/2022 00:00:00,23.241,23.8536,23.241,23.8153,342400
BFC,2/24/2022 00:00:00,24.0833,25.2702,23.7387,25.1171,941700
BFC,2/25/2022 00:00:00,25.6531,26.1891,25.4234,25.768,441500
BFC,2/28/2022 00:00:00,25.7297,27.1846,25.7297,26.6486,903500
BFC,3/1/2022 00:00:00,27.1081,27.1464,25.6531,25.6531,655000
BFC,3/2/2022 00:00:00,25.8063,26.7252,25.768,26.4189,513500
BFC,3/3/2022 00:00:00,26.4572,27.1846,26.4572,26.9549,678600
BFC,3/4/2022 00:00:00,26.8783,27.2995,26.1891,26.8783,563300
BFC,3/7/2022 00:00:00,27.9504,28.7545,27.5292,28.7545,1.5056e+006
BFC,3/8/2022 00:00:00,29.5585,30.2477,27.9504,27.9504,942300
BFC,3/9/2022 00:00:00,28.6013,29.9031,28.2184,29.9031,1.247e+006
BFC,3/10/2022 00:00:00,29.4819,30.7837,28.563,30.0945,926000
BFC,3/11/2022 00:00:00,30.9369,32.1621,30.6306,32.0855,1.9725e+006
BFC,3/14/2022 00:00:00,32.0855,33.6936,29.8648,29.8648,1.5036e+006
BFC,3/15/2022 00:00:00,29.8648,30.554,29.099,30.3243,841600
BFC,3/16/2022 00:00:00,30.7072,32.0855,30.3243,30.4008,728600
BFC,3/17/2022 00:00:00,30.4774,30.6306,28.295,28.3333,1.6532e+006
BFC,3/18/2022 00:00:00,28.4481,29.4819,27.7207,29.4819,755500
BFC,3/21/2022 00:00:00,29.8648,30.0945,27.5675,29.099,428000
BFC,3/22/2022 00:00:00,29.4054,30.4774,28.6013,29.8648,969700
BFC,3/23/2022 00:00:00,30.0945,31.9324,30.0945,31.9324,2.0726e+006
BFC,3/24/2022 00:00:00,33.3108,33.4256,32.2387,32.7747,1.1758e+006
BFC,3/25/2022 00:00:00,32.1621,34.8423,32.009,34.4594,1.7337e+006
BFC,3/28/2022 00:00:00,33.349,36.6035,33.349,36.2972,1.6428e+006
BFC,3/29/2022 00:00:00,36.2972,37.2162,35.3017,36.4504,987600
BFC,3/30/2022 00:00:00,36.4504,36.4504,33.9234,33.9234,1.6508e+006
BFC,3/31/2022 00:00:00,34.4594,34.6891,33.3873,34.0765,743700
BFC,4/1/2022 00:00:00,33.9999,35.5698,33.6936,35.5315,715700
BFC,4/4/2022 00:00:00,35.5315,35.5315,33.081,33.081,1.4023e+006
BFC,4/5/2022 00:00:00,32.3153,33.6936,32.3153,33.081,525900
BFC,4/6/2022 00:00:00,32.3153,33.5405,30.7837,30.7837,980500
BFC,4/7/2022 00:00:00,31.3963,31.7792,29.4819,31.7026,730900
BFC,4/8/2022 00:00:00,31.7026,31.7409,29.5585,29.5585,347000
BFC,4/12/2022 00:00:00,30.2477,31.0135,29.1756,30.4008,550500
BFC,4/13/2022 00:00:00,30.2477,31.2049,29.099,31.0135,573900
BFC,4/14/2022 00:00:00,30.2477,32.9279,30.2477,32.2387,814100
BFC,4/15/2022 00:00:00,32.1621,32.6981,30.554,31.3198,476100
BFC,4/18/2022 00:00:00,30.6306,32.1621,30.3243,31.4729,690300
BFC,4/19/2022 00:00:00,31.9324,33.6171,31.3198,32.0855,948000
BFC,4/20/2022 00:00:00,31.9324,32.0855,29.8648,29.8648,458100
BFC,4/21/2022 00:00:00,28.4099,30.8603,27.7972,29.8648,789800
BFC,4/22/2022 00:00:00,30.4391,30.4391,27.7972,27.7972,778100
BFC,4/25/2022 00:00:00,25.8828,26.4955,25.8828,25.8828,390000
BFC,4/26/2022 00:00:00,24.0833,25.5765,24.0833,25.5765,1.2966e+006
BFC,4/27/2022 00:00:00,25.5765,25.5765,23.8153,24.5045,714700
BFC,4/28/2022 00:00:00,24.5045,25.6531,24.045,24.8873,1.3425e+006
BFC,4/29/2022 00:00:00,25.0788,26.1891,25.0788,25.9594,765200
BFC,5/4/2022 00:00:00,25.9594,25.9594,24.1599,24.1599,853500
BFC,5/5/2022 00:00:00,24.1599,24.8873,22.4752,22.4752,717400
BFC,5/6/2022 00:00:00,21.4414,22.2072,20.9054,20.9054,1.6599e+006
BFC,5/9/2022 00:00:00,20.1396,20.8288,19.4504,19.4504,1.1556e+006
BFC,5/10/2022 00:00:00,18.3783,20.6756,18.3783,20.6756,710200
BFC,5/11/2022 00:00:00,20.9054,21.0585,20.5991,20.8288,398100
BFC,5/12/2022 00:00:00,20.2162,20.6374,19.3738,19.3738,506900
BFC,5/13/2022 00:00:00,19.1441,19.2207,18.0338,18.0338,591900
BFC,5/16/2022 00:00:00,19.1058,19.1441,16.9234,18.3401,491300
BFC,5/17/2022 00:00:00,17.268,19.6036,17.268,19.6036,530400
BFC,5/18/2022 00:00:00,19.9099,20.7522,19.6419,20.3693,670300
BFC,5/19/2022 00:00:00,19.8333,20.8671,19.1824,20.6756,515700
BFC,5/20/2022 00:00:00,20.7522,21.4031,20.4076,21.2117,697000
BFC,5/23/2022 00:00:00,21.3648,21.3648,20.2928,20.6756,791200
BFC,5/24/2022 00:00:00,19.9482,20.9054,19.9482,20.6756,560100
BFC,5/25/2022 00:00:00,20.4842,21.9009,20.4842,21.9009,523400
BFC,5/26/2022 00:00:00,22.2072,22.3603,21.518,21.786,473000
BFC,5/27/2022 00:00:00,21.7094,22.054,21.4414,22.054,424500
BFC,5/30/2022 00:00:00,22.5901,23.5855,22.5901,22.7815,851500
BFC,5/31/2022 00:00:00,22.8198,24.3513,22.322,23.7387,1.2507e+006
BFC,6/1/2022 00:00:00,24.0833,24.7725,23.0878,24.1216,697600
BFC,6/2/2022 00:00:00,24.1982,24.5045,23.7004,23.7004,457600
BFC,6/3/2022 00:00:00,23.777,24.6193,23.6621,24.3513,769800
BFC,6/6/2022 00:00:00,24.5045,25.9977,24.045,25.6531,969800
BFC,6/7/2022 00:00:00,25.2702,26.036,24.313,25.5765,666200
BFC,6/8/2022 00:00:00,26.1891,26.1891,25.0405,25.4234,538300
BFC,6/9/2022 00:00:00,25.2702,25.2702,24.6576,24.7342,645700
BFC,6/10/2022 00:00:00,23.8919,24.8108,23.3175,23.3175,693700
BFC,6/13/2022 00:00:00,21.7094,22.5901,21.7094,21.7094,811900
BFC,6/14/2022 00:00:00,20.6756,22.5135,20.6756,22.5135,565400
BFC,6/15/2022 00:00:00,22.7432,22.7815,21.5946,22.4369,314000
BFC,6/16/2022 00:00:00,22.5901,23.2792,22.2072,23.2792,516700
BFC,6/17/2022 00:00:00,22.1317,22.8694,21.6808,22.1317,492900
BFC,6/20/2022 00:00:00,22.1317,22.1317,20.6152,20.6152,465600
BFC,6/21/2022 00:00:00,19.7136,20.0824,19.1808,19.1808,457900
BFC,6/22/2022 00:00:00,19.1808,19.5087,17.8693,17.8693,696200
BFC,6/23/2022 00:00:00,17.2135,18.0742,16.8037,18.0332,481700
BFC,6/24/2022 00:00:00,18.8529,18.9759,18.4431,18.9759,234000
BFC,6/27/2022 00:00:00,19.4267,19.4677,17.8283,18.1152,527200
BFC,6/28/2022 00:00:00,17.6644,18.607,17.2135,17.7053,583300
BFC,6/29/2022 00:00:00,17.7053,18.9349,17.7053,18.9349,512500
BFC,6/30/2022 00:00:00,19.5906,19.5906,18.9349,18.9349,402400
BFC,7/1/2022 00:00:00,18.525,18.8939,18.0332,18.7709,355900
BFC,7/4/2022 00:00:00,18.9349,19.0988,18.689,18.8119,271800
BFC,7/5/2022 00:00:00,18.7709,19.0168,18.2791,18.689,380800
BFC,7/6/2022 00:00:00,18.1152,18.689,17.4594,17.4594,294700
BFC,7/7/2022 00:00:00,18.1972,18.1972,17.2135,17.7873,178000
BFC,7/8/2022 00:00:00,17.8693,18.607,17.8693,18.2791,182300
BFC,7/11/2022 00:00:00,18.2791,18.7709,17.7873,18.2791,186000
BFC,7/12/2022 00:00:00,18.4021,18.7709,18.0332,18.73,149400
BFC,7/13/2022 00:00:00,18.9349,19.2628,18.73,18.7709,250300
BFC,7/14/2022 00:00:00,18.73,19.9185,18.566,19.6726,317800
BFC,7/15/2022 00:00:00,19.6726,19.9595,19.6726,19.6726,295100
BFC,7/18/2022 00:00:00,19.7546,19.7546,18.8529,19.2628,220200
BFC,7/19/2022 00:00:00,19.2628,19.2628,18.566,18.9759,184600
BFC,7/20/2022 00:00:00,19.2628,19.3447,18.9759,19.1808,168000
BFC,7/21/2022 00:00:00,19.2628,19.6726,18.9759,19.5087,188700
BFC,7/22/2022 00:00:00,19.5087,19.6316,19.1398,19.1398,194100
BFC,7/25/2022 00:00:00,19.0168,19.0988,18.4431,18.607,178400
BFC,7/26/2022 00:00:00,18.4431,18.8529,18.4431,18.566,102900
BFC,7/27/2022 00:00:00,18.1972,18.7709,18.1972,18.73,52800
BFC,7/28/2022 00:00:00,18.8529,19.2628,18.8529,18.8529,178200
BFC,7/29/2022 00:00:00,18.8529,18.9759,18.4431,18.4431,226000
BFC,8/1/2022 00:00:00,18.4431,18.73,18.4021,18.73,174500
BFC,8/2/2022 00:00:00,18.607,19.1808,18.607,19.1808,280100
BFC,8/3/2022 00:00:00,19.2218,19.9595,19.2218,19.9185,489300
BFC,8/4/2022 00:00:00,20.0005,20.2464,19.4677,19.5906,186100
BFC,8/5/2022 00:00:00,19.5906,19.8365,19.3447,19.7546,149900
BFC,8/8/2022 00:00:00,19.9595,20.4513,19.6726,20.2874,462400
BFC,8/9/2022 00:00:00,20.5743,20.6972,20.2874,20.3693,271700
BFC,8/10/2022 00:00:00,20.3693,20.3693,19.9595,20.1644,208900
BFC,8/11/2022 00:00:00,20.3284,20.4103,19.5087,19.7546,320700
BFC,8/12/2022 00:00:00,19.5496,19.8365,19.4267,19.6726,185100
BFC,8/15/2022 00:00:00,20.0415,20.0415,19.6726,19.8775,231900
BFC,8/16/2022 00:00:00,19.8365,20.3284,19.7956,20.0824,240600
BFC,8/17/2022 00:00:00,20.0824,20.3284,20.0824,20.0824,311100
BFC,8/18/2022 00:00:00,19.6726,20.2464,19.6726,19.8365,172400
BFC,8/19/2022 00:00:00,19.8365,19.8775,19.4267,19.4267,332000
BFC,8/22/2022 00:00:00,18.9759,19.3857,18.9759,19.0168,211900
BFC,8/23/2022 00:00:00,18.8939,19.3037,18.8529,19.3037,158200
BFC,8/24/2022 00:00:00,19.6316,20.2464,19.3037,19.8365,247600
BFC,8/25/2022 00:00:00,20.2464,21.189,20.0415,21.189,975700
BFC,8/26/2022 00:00:00,21.6399,21.9267,20.9021,21.189,403300
BFC,8/29/2022 00:00:00,20.6972,22.4186,20.6972,22.1317,1.1864e+006
BFC,8/30/2022 00:00:00,22.5415,22.7055,21.7218,21.8448,528300
BFC,8/31/2022 00:00:00,21.8448,21.8858,21.353,21.4349,286500
BFC,9/5/2022 00:00:00,21.5579,22.1317,21.23,21.8448,341300
BFC,9/6/2022 00:00:00,21.6399,21.8038,20.9021,20.9021,487900
BFC,9/7/2022 00:00:00,20.9021,21.1071,20.0415,20.0415,324800
BFC,9/8/2022 00:00:00,19.7956,20.4923,19.5087,20.1644,400400
BFC,9/9/2022 00:00:00,20.1644,20.3693,19.7546,20.3284,192900
BFC,9/12/2022 00:00:00,20.5333,20.7382,20.2874,20.4513,377400
BFC,9/13/2022 00:00:00,20.6972,20.6972,20.2874,20.4513,165900
BFC,9/14/2022 00:00:00,20.1234,20.2874,19.8775,20.2874,192700
BFC,9/15/2022 00:00:00,20.2874,21.0661,20.2874,21.0251,450200
BFC,9/16/2022 00:00:00,21.0251,21.148,20.1234,20.2054,189900
BFC,9/19/2022 00:00:00,20.2054,20.2054,18.8119,18.8119,452200
BFC,9/20/2022 00:00:00,19.1808,19.3447,18.3201,19.3447,237600
BFC,9/21/2022 00:00:00,19.0988,19.3447,18.0332,19.3447,291400
BFC,9/22/2022 00:00:00,19.1398,19.7136,19.0988,19.6726,169400
BFC,9/23/2022 00:00:00,19.6726,19.7136,19.4677,19.5087,144500
BFC,9/26/2022 00:00:00,18.8939,19.4267,18.3201,18.648,163000
BFC,9/27/2022 00:00:00,18.4431,18.8939,18.4431,18.607,67800
BFC,9/28/2022 00:00:00,18.4431,18.7709,18.4431,18.648,141900
BFC,9/29/2022 00:00:00,18.8529,18.9759,18.4431,18.648,100400
BFC,9/30/2022 00:00:00,18.2381,18.9349,18.2381,18.9349,221000
BFC,10/3/2022 00:00:00,18.73,18.73,17.6234,17.6234,172500
BFC,10/4/2022 00:00:00,18.3201,18.3201,16.5578,16.5578,190400
BFC,10/5/2022 00:00:00,16.8037,17.1725,16.7217,17.1316,155700
BFC,10/6/2022 00:00:00,17.0086,17.1316,15.984,15.984,243500
BFC,10/7/2022 00:00:00,15.7791,15.984,14.8774,14.8774,426400
BFC,10/10/2022 00:00:00,14.0167,15.3282,14.0167,15.2053,398500
BFC,10/11/2022 00:00:00,15.5332,15.5332,14.4266,14.6315,251200
BFC,10/12/2022 00:00:00,14.6725,15.2463,14.6315,15.0823,192100
BFC,10/13/2022 00:00:00,15.1643,15.1643,14.5495,14.8774,212900
BFC,10/14/2022 00:00:00,15.0413,15.4102,15.0413,15.2463,231400
BFC,10/17/2022 00:00:00,15.0823,15.2463,14.5085,14.7954,382400
BFC,10/18/2022 00:00:00,15.2463,15.2872,14.7954,14.7954,238200
BFC,10/19/2022 00:00:00,14.9184,15.1643,14.8364,15.1643,170400
BFC,10/20/2022 00:00:00,15.1643,15.2463,14.7544,14.8774,118500
BFC,10/21/2022 00:00:00,14.9184,14.9184,13.9757,13.9757,262500
BFC,10/24/2022 00:00:00,13.9348,14.2626,13.0741,13.197,276200
BFC,10/25/2022 00:00:00,13.197,13.9757,12.8692,13.4839,221500
BFC,10/26/2022 00:00:00,13.238,13.6888,13.1151,13.361,65900
BFC,10/27/2022 00:00:00,13.197,14.2626,13.197,14.2626,201200
BFC,10/28/2022 00:00:00,14.2626,14.7135,14.2626,14.4266,139400
BFC,10/31/2022 00:00:00,14.4266,14.5905,13.4429,14.0167,153600
BFC,11/1/2022 00:00:00,14.1807,14.1807,13.8938,13.9348,67200
BFC,11/2/2022 00:00:00,13.9348,14.1807,13.6069,13.6069,82800
BFC,11/3/2022 00:00:00,13.6069,14.0167,13.279,13.9348,261800
BFC,11/4/2022 00:00:00,13.6888,14.1397,13.4429,13.7708,144500
BFC,11/7/2022 00:00:00,13.9348,13.9348,13.238,13.7708,85600
BFC,11/8/2022 00:00:00,13.238,13.8118,13.238,13.7708,69200
BFC,11/9/2022 00:00:00,13.9757,13.9757,13.6069,13.7298,82200
BFC,11/10/2022 00:00:00,13.197,13.6479,12.7872,12.7872,304200
BFC,11/11/2022 00:00:00,13.0741,13.1151,12.5413,12.7872,154100
BFC,11/14/2022 00:00:00,12.8692,12.8692,11.9265,12.3773,259400
BFC,11/15/2022 00:00:00,11.5577,11.5986,11.5167,11.5167,131200
BFC,11/16/2022 00:00:00,10.8199,12.2954,10.738,12.2544,178900
BFC,11/17/2022 00:00:00,12.7052,12.7052,12.2954,12.6233,84000
BFC,11/18/2022 00:00:00,11.9265,12.8282,11.9265,12.6233,63100
BFC,11/21/2022 00:00:00,12.6233,12.9511,12.6233,12.7052,60300
BFC,11/22/2022 00:00:00,12.7052,13.279,12.7052,12.9511,110500
BFC,11/23/2022 00:00:00,12.9511,13.0331,12.8282,12.9101,41300
BFC,11/24/2022 00:00:00,12.5413,12.9511,12.5413,12.9101,57900
BFC,11/25/2022 00:00:00,12.7872,13.1151,12.7872,13.1151,58300
BFC,11/28/2022 00:00:00,13.1151,13.7708,13.1151,13.7298,127100
BFC,11/29/2022 00:00:00,14.0167,14.1807,13.32,13.9348,111000
BFC,11/30/2022 00:00:00,13.9348,14.4266,13.9348,14.4266,196100
BFC,12/1/2022 00:00:00,14.8364,14.8364,14.0987,14.4266,204500
BFC,12/2/2022 00:00:00,13.9757,14.5495,13.9757,14.5495,89400
BFC,12/5/2022 00:00:00,14.8774,14.9184,14.6725,14.7954,174700
BFC,12/6/2022 00:00:00,14.7544,15.82,14.3446,15.82,431100
BFC,12/7/2022 00:00:00,15.5741,15.984,15.0823,15.4102,90700
BFC,12/8/2022 00:00:00,15.6561,15.7791,15.1643,15.6971,177400
BFC,12/9/2022 00:00:00,15.4922,15.5741,15.4922,15.5332,125100
BFC,12/12/2022 00:00:00,15.5332,15.943,15.5332,15.5741,122500
BFC,12/13/2022 00:00:00,15.6971,15.7381,15.0004,15.1233,146700
BFC,12/14/2022 00:00:00,15.7381,15.7381,15.1233,15.4102,57900
BFC,12/15/2022 00:00:00,15.4922,15.4922,15.0823,15.2872,59400
BFC,12/16/2022 00:00:00,15.0413,15.4102,14.7954,15.1643,119200
BFC,12/19/2022 00:00:00,15.2463,15.4922,15.2463,15.3692,87000
BFC,12/20/2022 00:00:00,15.2463,15.3282,14.5085,15.0823,185600
BFC,12/21/2022 00:00:00,14.8364,15.0004,14.4266,14.5905,48400
BFC,12/22/2022 00:00:00,14.5905,14.8364,14.4266,14.6725,51700
BFC,12/23/2022 00:00:00,14.4676,14.7544,14.3856,14.3856,34100
BFC,12/26/2022 00:00:00,14.5085,14.5085,13.7708,13.8528,33200
BFC,12/27/2022 00:00:00,14.2216,14.2216,13.4429,13.5249,203500
BFC,12/28/2022 00:00:00,13.8938,13.9348,13.6479,13.9348,11500
BFC,12/29/2022 00:00:00,13.9348,14.0577,13.8118,13.8118,22500
BFC,12/30/2022 00:00:00,13.9348,13.9348,13.6888,13.7298,37900
BFC,1/3/2023 00:00:00,14.0167,14.6315,13.9348,14.5905,63300
BFC,1/4/2023 00:00:00,14.5905,15.0413,14.3856,14.5495,122700
BFC,1/5/2023 00:00:00,14.7135,14.7544,14.1397,14.4266,74300
BFC,1/6/2023 00:00:00,14.5495,14.5905,14.2216,14.3446,26100
BFC,1/9/2023 00:00:00,14.1807,14.3446,14.0987,14.1397,72100
BFC,1/10/2023 00:00:00,14.1397,14.3036,14.1397,14.2626,24200
BFC,1/11/2023 00:00:00,14.4266,14.8364,14.0987,14.4266,122000
BFC,1/12/2023 00:00:00,14.5905,14.5905,14.0987,14.3446,44300
BFC,1/13/2023 00:00:00,14.3446,14.4266,14.0167,14.1807,115900
BFC,1/16/2023 00:00:00,14.2626,14.3446,14.0987,14.3446,54900
BFC,1/17/2023 00:00:00,14.4719,14.4719,14.2173,14.3446,109500
BFC,1/18/2023 00:00:00,14.5568,14.5568,14.387,14.5568,89200
BFC,1/19/2023 00:00:00,14.6841,14.8114,14.6841,14.7266,95300
BFC,1/27/2023 00:00:00,15.1085,15.1085,14.8539,15.1085,56000
BFC,1/30/2023 00:00:00,15.1085,15.2783,14.9812,15.1085,113400
BFC,1/31/2023 00:00:00,14.8963,15.448,14.8114,15.1085,283500
BFC,2/1/2023 00:00:00,15.1934,15.3632,14.769,14.769,107200
BFC,2/2/2023 00:00:00,14.769,14.769,13.8353,14.2173,100600
BFC,2/3/2023 00:00:00,14.2173,14.4295,14.1324,14.2597,64700
BFC,2/6/2023 00:00:00,14.2597,14.387,14.1748,14.3022,35800
BFC,2/7/2023 00:00:00,14.1748,14.4295,14.0475,14.0475,46200
BFC,2/8/2023 00:00:00,13.8353,14.2173,13.7504,14.1324,21100
BFC,2/9/2023 00:00:00,14.2173,14.4719,14.1748,14.4295,36600
BFC,2/10/2023 00:00:00,14.5144,14.5568,14.2173,14.4295,10400
BFC,2/13/2023 00:00:00,14.4295,14.4295,13.7504,13.7504,76200
BFC,2/14/2023 00:00:00,13.7929,14.0475,13.7929,14.0475,16700
BFC,2/15/2023 00:00:00,14.09,14.3446,14.09,14.3446,12300
BFC,2/16/2023 00:00:00,14.4295,14.4295,14.0475,14.387,37700
BFC,2/17/2023 00:00:00,14.5144,14.769,14.5144,14.7266,334700
BFC,2/20/2023 00:00:00,14.8114,14.8539,14.5992,14.8539,66100
BFC,2/21/2023 00:00:00,14.769,14.9388,14.5144,14.6417,73100
BFC,2/22/2023 00:00:00,14.5992,14.5992,14.3022,14.3446,58100
BFC,2/23/2023 00:00:00,14.1324,14.3446,14.09,14.3446,40600
BFC,2/24/2023 00:00:00,14.3446,14.3446,14.0051,14.0051,60400
BFC,2/27/2023 00:00:00,13.7504,13.9202,13.708,13.708,40800
BFC,2/28/2023 00:00:00,13.6656,13.8778,13.6656,13.7504,68800
BFC,3/1/2023 00:00:00,13.7504,14.0475,13.7504,14.0051,17300
BFC,3/2/2023 00:00:00,14.0051,14.1748,13.708,14.09,27800
BFC,3/3/2023 00:00:00,14.09,14.2597,13.8353,14.1748,26500
BFC,3/6/2023 00:00:00,14.3446,14.3446,14.0475,14.1748,16600
BFC,3/7/2023 00:00:00,14.2597,14.3446,13.6656,13.6656,179300
BFC,3/8/2023 00:00:00,13.708,13.9202,13.708,13.8778,8600
BFC,3/9/2023 00:00:00,13.9202,14.0475,13.8778,13.8778,19600
BFC,3/10/2023 00:00:00,13.9626,14.0051,13.8778,13.9202,30300
BFC,3/13/2023 00:00:00,13.7504,13.9626,13.7504,13.9626,23100
BFC,3/14/2023 00:00:00,13.9626,13.9626,13.6231,13.8353,20500
BFC,3/15/2023 00:00:00,13.8778,14.1748,13.8778,14.0475,158500
BFC,3/16/2023 00:00:00,13.8353,13.9626,13.8353,13.9626,15000
BFC,3/17/2023 00:00:00,13.8353,13.9202,13.7504,13.8778,34600
BFC,3/20/2023 00:00:00,13.708,13.8778,13.6231,13.8353,52900
BFC,3/21/2023 00:00:00,13.8778,14.0051,13.8778,13.9626,36500
BFC,3/22/2023 00:00:00,13.7504,13.9626,13.7504,13.8778,8700
BFC,3/23/2023 00:00:00,13.8778,13.8778,13.7929,13.8778,11100
BFC,3/24/2023 00:00:00,13.8353,13.8778,13.8353,13.8353,15300
BFC,3/27/2023 00:00:00,13.7929,13.8778,13.7504,13.8778,27200
BFC,3/28/2023 00:00:00,14.0051,14.0051,13.8778,13.9202,20800
BFC,3/29/2023 00:00:00,13.9202,13.9202,13.8353,13.8778,12700
BFC,3/30/2023 00:00:00,13.7929,14.09,13.7929,13.9626,71400
BFC,3/31/2023 00:00:00,14.0475,14.0475,13.9626,13.9626,13300
BFC,4/3/2023 00:00:00,13.9626,14.09,13.9626,14.0475,25500
BFC,4/4/2023 00:00:00,14.1748,14.2597,14.0051,14.1748,62100
BFC,4/5/2023 00:00:00,14.2173,14.3022,14.2173,14.3022,50500
BFC,4/6/2023 00:00:00,14.3022,14.8539,14.3022,14.6417,199900
BFC,4/7/2023 00:00:00,14.5992,14.7266,14.4295,14.6417,84700
BFC,4/10/2023 00:00:00,14.5144,14.5144,14.2173,14.2597,61800
BFC,4/11/2023 00:00:00,14.387,14.4295,14.2597,14.3022,11600
BFC,4/12/2023 00:00:00,14.6417,14.6417,14.3446,14.5144,31700
BFC,4/13/2023 00:00:00,14.5144,14.5992,14.4295,14.5568,66300
BFC,4/14/2023 00:00:00,14.6841,14.6841,13.5807,13.5807,107000
BFC,4/17/2023 00:00:00,14.4295,14.4295,13.7929,13.9202,33100
BFC,4/18/2023 00:00:00,13.9202,14.09,13.9202,13.9202,29800
BFC,4/19/2023 00:00:00,14.0051,14.1324,13.9202,13.9202,21600
BFC,4/20/2023 00:00:00,13.9202,13.9626,13.9202,13.9202,28100
BFC,4/21/2023 00:00:00,13.8778,14.1748,13.8353,13.8778,34900
BFC,4/24/2023 00:00:00,13.7504,14.09,13.6656,13.9626,19500
BFC,4/25/2023 00:00:00,13.9202,14.0475,13.7929,13.7929,23100
BFC,4/26/2023 00:00:00,13.7929,13.8353,13.6656,13.8353,16800
BFC,4/27/2023 00:00:00,13.8353,13.9626,13.8353,13.9202,19700
BFC,4/28/2023 00:00:00,14.0051,14.0475,13.9202,13.9202,30800
BFC,5/4/2023 00:00:00,13.7929,14.3022,13.6656,14.1748,201500
BFC,5/5/2023 00:00:00,14.0051,15.1085,13.7929,15.1085,678500
BFC,5/8/2023 00:00:00,15.0236,15.0236,14.6417,14.6417,112500
BFC,5/9/2023 00:00:00,14.6417,14.8539,14.4295,14.4295,84700
BFC,5/10/2023 00:00:00,14.4295,14.6841,14.3022,14.5144,110100
BFC,5/11/2023 00:00:00,14.769,14.9812,14.5568,14.769,191800
BFC,5/12/2023 00:00:00,14.9388,14.9388,14.6417,14.7266,81700
BFC,5/15/2023 00:00:00,15.0236,15.2358,14.769,14.769,314000
BFC,5/16/2023 00:00:00,14.769,14.8539,14.7266,14.7266,71300
BFC,5/17/2023 00:00:00,14.769,14.769,14.4295,14.5144,214200
BFC,5/18/2023 00:00:00,14.769,14.8114,14.4295,14.6841,60000
BFC,5/19/2023 00:00:00,14.6841,14.8963,14.5144,14.6841,91800
BFC,5/22/2023 00:00:00,14.7266,14.9388,14.7266,14.8539,194300
BFC,5/23/2023 00:00:00,15.6178,15.6178,14.8114,15.0661,93400
BFC,5/24/2023 00:00:00,15.0661,15.1085,14.5144,14.6417,143900
BFC,5/25/2023 00:00:00,14.9388,14.9388,14.5144,14.5568,97400
BFC,5/26/2023 00:00:00,14.5568,14.5568,14.387,14.5568,82500
BFC,5/29/2023 00:00:00,14.8539,14.8539,14.5568,14.769,79900
BFC,5/30/2023 00:00:00,14.9388,15.4905,14.9388,15.151,391200
BFC,5/31/2023 00:00:00,15.1934,15.448,15.0661,15.2783,210100
BFC,6/1/2023 00:00:00,15.2783,15.448,15.1934,15.2358,165400
BFC,6/2/2023 00:00:00,15.448,15.448,15.1934,15.3632,265900
BFC,6/5/2023 00:00:00,15.6178,16.1271,15.4056,15.9573,396200
BFC,6/6/2023 00:00:00,15.9149,15.9573,15.7875,15.8724,106400
BFC,6/7/2023 00:00:00,15.8724,15.9573,15.7451,15.8724,125000
BFC,6/8/2023 00:00:00,15.8724,15.9573,15.6178,15.6178,255300
BFC,6/9/2023 00:00:00,15.7027,15.7027,15.448,15.5329,189600
BFC,6/12/2023 00:00:00,15.5329,15.9149,15.5329,15.83,267500
BFC,6/13/2023 00:00:00,15.9149,15.9997,15.83,15.8724,454400
BFC,6/14/2023 00:00:00,15.9573,16.0422,15.7875,15.83,298600
BFC,6/15/2023 00:00:00,15.83,15.83,15.5088,15.6006,180800
BFC,6/16/2023 00:00:00,15.7841,15.7841,15.2335,15.2335,296500
BFC,6/19/2023 00:00:00,14.9582,15.1417,14.637,14.7288,605100
BFC,6/20/2023 00:00:00,15.05,15.0958,14.6829,14.9123,148200
BFC,6/21/2023 00:00:00,15.1417,15.1417,14.7747,14.9582,236800
BFC,6/22/2023 00:00:00,15.1876,15.5088,15.0041,15.417,303800
BFC,6/23/2023 00:00:00,15.3253,15.4629,15.2335,15.3253,129700
BFC,6/26/2023 00:00:00,15.3711,15.4629,15.1876,15.3253,360400
BFC,6/27/2023 00:00:00,15.417,15.7841,15.2794,15.7841,1.0738e+006
BFC,6/28/2023 00:00:00,15.7841,16.8853,15.7841,16.8853,1.6419e+006
BFC,6/29/2023 00:00:00,17.2524,17.2524,16.3806,16.9771,621900
BFC,6/30/2023 00:00:00,16.8853,16.8853,16.2429,16.4724,542700
BFC,7/3/2023 00:00:00,17.4359,17.4818,16.8853,17.023,971600
BFC,7/4/2023 00:00:00,17.023,17.0689,16.5182,16.5182,330900
BFC,7/5/2023 00:00:00,16.5182,17.4359,16.5182,17.39,933400
BFC,7/6/2023 00:00:00,17.4359,17.4818,16.8853,16.9312,617800
BFC,7/7/2023 00:00:00,17.3442,17.5277,16.9771,17.1147,603600
BFC,7/10/2023 00:00:00,17.3442,17.803,17.1606,17.7112,822200
BFC,7/11/2023 00:00:00,17.8948,17.9407,17.39,17.4818,644400
BFC,7/12/2023 00:00:00,17.6195,17.9407,17.4818,17.6195,396000
BFC,7/13/2023 00:00:00,17.7571,18.1701,17.6195,17.9407,680700
BFC,7/14/2023 00:00:00,18.216,18.216,17.7112,17.9407,496000
BFC,7/17/2023 00:00:00,17.8489,17.8489,17.4818,17.803,443100
BFC,7/18/2023 00:00:00,17.803,18.1242,17.5277,17.5277,366900
BFC,7/19/2023 00:00:00,17.7112,17.7112,17.4818,17.4818,292100
BFC,7/20/2023 00:00:00,17.4818,17.7571,17.4359,17.6195,256900
BFC,7/21/2023 00:00:00,17.6195,17.7571,17.5736,17.6653,343400
BFC,7/24/2023 00:00:00,17.6653,17.803,17.3442,17.803,464600
BFC,7/25/2023 00:00:00,17.9865,18.2618,17.7112,17.9407,565900
BFC,7/26/2023 00:00:00,17.9407,18.0783,17.5736,17.6195,242800
BFC,7/27/2023 00:00:00,17.6195,17.803,17.39,17.803,459900
BFC,7/28/2023 00:00:00,17.8489,18.3077,17.803,18.0324,539300
BFC,7/31/2023 00:00:00,18.6289,18.7666,18.1242,18.6289,763300
BFC,8/1/2023 00:00:00,18.8125,18.9501,17.803,17.8948,493700
BFC,8/2/2023 00:00:00,18.216,18.216,17.6653,17.803,280200
BFC,8/3/2023 00:00:00,17.8489,17.9865,17.5277,17.6195,307000
BFC,8/4/2023 00:00:00,17.6195,17.9865,17.4359,17.9865,455100
BFC,8/7/2023 00:00:00,18.3077,18.5371,18.1242,18.4454,682600
BFC,8/8/2023 00:00:00,18.5371,18.6748,18.2618,18.4913,585200
BFC,8/9/2023 00:00:00,18.4913,18.4913,17.8948,18.1242,479900
BFC,8/10/2023 00:00:00,18.0783,18.3536,17.9865,18.0324,188400
BFC,8/11/2023 00:00:00,17.9865,17.9865,17.5277,17.8948,356000
BFC,8/14/2023 00:00:00,18.3536,18.3536,17.7571,18.0783,300100
BFC,8/15/2023 00:00:00,18.0783,18.3995,18.0783,18.0783,229700
BFC,8/16/2023 00:00:00,18.0783,18.0783,17.8489,17.8948,175300
BFC,8/17/2023 00:00:00,17.803,18.0324,17.803,17.8489,304800
BFC,8/18/2023 00:00:00,17.7571,17.803,16.61,16.7936,681400
BFC,8/21/2023 00:00:00,16.7936,17.1606,16.2888,16.9771,220400
BFC,8/22/2023 00:00:00,16.9771,17.0689,16.1053,16.9771,200100
BFC,8/23/2023 00:00:00,16.9771,17.1147,16.7477,16.8394,90700
BFC,8/24/2023 00:00:00,16.8853,17.0689,16.7477,17.0689,88400
BFC,8/25/2023 00:00:00,17.0689,17.2065,16.9771,17.0689,112400
BFC,8/28/2023 00:00:00,17.1606,17.7571,17.0689,17.4818,204300
BFC,8/29/2023 00:00:00,17.4359,17.7112,17.2983,17.2983,240900
BFC,8/30/2023 00:00:00,17.5277,17.5277,17.2065,17.2524,138700
BFC,8/31/2023 00:00:00,17.2983,17.7112,17.1606,17.7112,203900
BFC,9/5/2023 00:00:00,17.9407,17.9865,17.6195,17.803,290100
BFC,9/6/2023 00:00:00,17.8948,18.0783,17.803,17.9865,336000
BFC,9/7/2023 00:00:00,18.0324,18.0324,17.803,17.8489,211300
BFC,9/8/2023 00:00:00,18.7207,19.0878,18.6289,19.0878,739100
BFC,9/11/2023 00:00:00,19.5466,19.9137,19.0878,19.0878,752700
BFC,9/12/2023 00:00:00,18.6289,19.1336,18.5371,18.8125,741100
BFC,9/13/2023 00:00:00,18.8125,19.2713,18.3077,18.7207,288800
BFC,9/14/2023 00:00:00,18.9042,18.9042,18.216,18.3536,323000
BFC,9/15/2023 00:00:00,18.3995,18.6289,18.1701,18.1701,236500
BFC,9/18/2023 00:00:00,18.1701,18.2618,17.8948,17.9407,206000
BFC,9/19/2023 00:00:00,17.9407,18.3536,17.7571,18.2618,271100
BFC,9/20/2023 00:00:00,18.2618,18.583,18.2618,18.5371,180900
BFC,9/21/2023 00:00:00,18.5371,18.8125,18.2618,18.5371,138600
BFC,9/22/2023 00:00:00,18.0324,18.5371,17.6195,18.216,371000
BFC,9/25/2023 00:00:00,18.1701,18.2618,17.023,17.023,237100
BFC,9/26/2023 00:00:00,16.9771,17.39,16.61,16.9312,208400
BFC,9/27/2023 00:00:00,16.9312,17.1606,16.8394,17.1606,87300
BFC,9/28/2023 00:00:00,17.39,17.39,17.1606,17.2524,83300
BFC,9/29/2023 00:00:00,17.2065,17.39,17.1606,17.3442,57700
BFC,10/2/2023 00:00:00,17.5277,17.8489,17.1606,17.7571,181000
BFC,10/3/2023 00:00:00,17.4359,17.5736,17.0689,17.0689,70900
BFC,10/4/2023 00:00:00,16.8853,18.1242,16.8853,17.803,215900
BFC,10/5/2023 00:00:00,18.0783,18.3536,17.6195,17.7112,112300
BFC,10/6/2023 00:00:00,17.7112,17.9865,17.3442,17.7112,128600
BFC,10/9/2023 00:00:00,17.7571,18.6289,17.7112,18.216,186700
BFC,10/10/2023 00:00:00,18.7666,18.7666,18.216,18.2618,344900
BFC,10/11/2023 00:00:00,18.4454,19.2254,18.3536,18.8125,702600
BFC,10/12/2023 00:00:00,18.8125,18.9501,18.6748,18.9042,230000
BFC,10/13/2023 00:00:00,18.4913,19.1795,18.3536,19.0878,389400
BFC,10/16/2023 00:00:00,19.1795,19.8219,19.1336,19.4548,771200
BFC,10/17/2023 00:00:00,19.4548,19.5466,18.5371,18.5371,288300
BFC,10/18/2023 00:00:00,18.7207,19.0878,17.6195,18.5371,654500
BFC,10/19/2023 00:00:00,18.5371,18.5371,18.0783,18.3536,146700
BFC,10/20/2023 00:00:00,17.803,18.8125,17.803,18.8125,213900
BFC,10/23/2023 00:00:00,18.7666,18.7666,17.6195,18.3536,423800
BFC,10/24/2023 00:00:00,18.3536,19.2254,17.8948,19.2254,321500
BFC,10/25/2023 00:00:00,18.8125,19.0878,18.2618,18.583,292800
BFC,10/26/2023 00:00:00,18.3536,18.3536,17.2983,18.2618,1.2878e+006
BFC,10/27/2023 00:00:00,17.4818,18.3536,17.3442,18.1701,224700
BFC,10/30/2023 00:00:00,17.803,18.1242,17.2983,17.5736,143800
BFC,10/31/2023 00:00:00,17.5277,17.7112,16.3806,17.3442,160700
BFC,11/1/2023 00:00:00,17.023,17.5736,16.8853,17.39,70100
BFC,11/2/2023 00:00:00,17.3442,18.2618,17.2524,18.0324,490600
BFC,11/3/2023 00:00:00,18.0783,18.1701,17.6195,18.1242,244000
BFC,11/6/2023 00:00:00,18.1242,18.1242,17.7571,18.0783,131100
BFC,11/7/2023 00:00:00,17.803,18.1701,17.803,18.0324,223400
BFC,11/8/2023 00:00:00,18.0324,18.8125,17.7112,18.8125,684800
BFC,11/9/2023 00:00:00,18.996,19.3172,18.8125,18.996,614600
BFC,11/10/2023 00:00:00,18.8125,19.0878,18.5371,18.583,523700
BFC,11/13/2023 00:00:00,18.6289,18.6289,18.1242,18.2618,395900
BFC,11/14/2023 00:00:00,18.583,18.6748,18.3995,18.5371,544300
BFC,11/15/2023 00:00:00,18.9042,18.9042,18.4454,18.5371,166500
BFC,11/16/2023 00:00:00,18.5371,19.8219,18.3995,19.8219,1.07e+006
BFC,11/17/2023 00:00:00,20.6478,20.9231,20.0513,20.0972,928000
BFC,11/20/2023 00:00:00,19.776,21.0608,19.776,20.969,989900
BFC,11/21/2023 00:00:00,21.1067,21.7031,20.8313,21.382,533800
BFC,11/22/2023 00:00:00,21.6573,21.6573,20.969,21.1525,303800
BFC,11/23/2023 00:00:00,21.0149,21.6573,20.189,20.189,543900
BFC,11/24/2023 00:00:00,20.4643,21.2902,19.9596,21.2902,659300
BFC,11/27/2023 00:00:00,21.6573,21.8408,21.2902,21.6573,503200
BFC,11/28/2023 00:00:00,21.6573,21.8408,21.1984,21.5655,381300
BFC,11/29/2023 00:00:00,21.5655,21.749,21.2902,21.5196,221900
BFC,11/30/2023 00:00:00,21.4278,22.3455,21.4278,22.162,510700
BFC,12/1/2023 00:00:00,22.162,22.2996,21.7949,22.162,181700
BFC,12/4/2023 00:00:00,22.162,22.2996,21.7949,22.2538,506000
BFC,12/5/2023 00:00:00,22.2538,22.3914,21.8408,22.2538,296800
BFC,12/6/2023 00:00:00,22.2079,22.4373,21.1984,21.6573,500200
BFC,12/7/2023 00:00:00,21.6573,22.8961,21.1984,22.8961,1.0494e+006
BFC,12/8/2023 00:00:00,22.8961,23.5385,22.3914,22.8961,544800
BFC,12/11/2023 00:00:00,22.8961,22.942,22.2079,22.6208,237700
BFC,12/12/2023 00:00:00,22.6208,23.355,22.3455,23.3091,652300
BFC,12/13/2023 00:00:00,23.3091,23.3091,22.7126,22.9879,232300
BFC,12/14/2023 00:00:00,23.2173,23.2173,22.4832,22.7585,221500
BFC,12/15/2023 00:00:00,22.4832,22.8502,22.2079,22.5291,142500
BFC,12/18/2023 00:00:00,22.2079,22.5291,21.1067,21.1067,319100
BFC,12/19/2023 00:00:00,21.0608,21.749,21.0149,21.749,251300
BFC,12/20/2023 00:00:00,21.5655,21.9326,21.4278,21.6573,111900
BFC,12/21/2023 00:00:00,21.5655,22.3914,21.2902,22.3455,334100
BFC,12/22/2023 00:00:00,22.3455,22.7126,22.0243,22.3455,98700
BFC,12/25/2023 00:00:00,22.2079,23.1255,22.0702,22.9879,600700
BFC,12/26/2023 00:00:00,22.9879,23.2632,22.2996,23.0338,681200
BFC,12/27/2023 00:00:00,23.3147,23.5956,23.1742,23.5019,501600
BFC,12/28/2023 00:00:00,23.5019,23.8765,23.221,23.5956,224600
BFC,12/29/2023 00:00:00,23.5956,23.5956,22.9401,23.1274,161900
BFC,1/2/2024 00:00:00,23.1274,23.6424,22.8933,23.1742,280300
BFC,1/3/2024 00:00:00,23.221,23.5488,23.1274,23.5488,129500
BFC,1/4/2024 00:00:00,23.5019,24.251,23.1274,23.1274,844100
BFC,1/5/2024 00:00:00,23.1742,23.736,23.1742,23.5488,409600
BFC,1/8/2024 00:00:00,23.5956,24.3446,23.4083,24.0637,324800
BFC,1/9/2024 00:00:00,24.2978,25.0937,23.9701,25.0937,358300
BFC,1/10/2024 00:00:00,25.2342,25.2342,24.5787,24.6255,177700
BFC,1/11/2024 00:00:00,24.7192,25.1873,24.251,25.0001,146000
BFC,1/12/2024 00:00:00,25.0469,25.0469,24.1574,24.4383,156100
BFC,1/15/2024 00:00:00,24.3446,24.766,24.1574,24.6255,133100
BFC,1/16/2024 00:00:00,24.2978,24.6255,23.8765,23.8765,227900
BFC,1/17/2024 00:00:00,24.251,24.8128,23.9233,23.9233,123500
BFC,1/18/2024 00:00:00,23.9701,24.5319,23.7828,24.3446,85200
BFC,1/19/2024 00:00:00,24.5787,24.766,24.1574,24.4383,108100
BFC,1/22/2024 00:00:00,24.4383,24.9064,24.0169,24.9064,236700
BFC,1/23/2024 00:00:00,24.5319,25.4682,24.5319,24.9064,82300
BFC,1/24/2024 00:00:00,24.9064,25.0937,24.6255,24.6255,191700
BFC,1/25/2024 00:00:00,24.6255,24.9064,24.3915,24.8128,178300
BFC,1/26/2024 00:00:00,24.8596,25.6555,24.8128,25.0937,125900
BFC,1/29/2024 00:00:00,25.1405,25.8428,25.1405,25.4682,291700
BFC,1/30/2024 00:00:00,25.1873,25.4214,24.5319,25.4214,241800
BFC,1/31/2024 00:00:00,25.4214,25.4214,24.0637,24.0637,543900
BFC,2/1/2024 00:00:00,24.1574,24.5319,24.1574,24.251,157800
BFC,2/2/2024 00:00:00,24.0637,24.3446,23.7828,23.7828,350500
BFC,2/5/2024 00:00:00,23.6892,24.1106,23.6892,23.9701,96000
BFC,2/6/2024 00:00:00,23.8765,24.1106,23.7828,24.0637,138800
BFC,2/7/2024 00:00:00,24.0637,24.5319,24.0637,24.0637,124200
BFC,2/15/2024 00:00:00,24.1106,24.2042,23.5956,24.1106,102200
BFC,2/16/2024 00:00:00,24.1106,24.6255,23.4083,24.5787,237100
BFC,2/19/2024 00:00:00,24.7192,25.0001,24.4851,24.7192,350600
BFC,2/20/2024 00:00:00,24.8596,25.281,24.6255,25.0937,629500
BFC,2/21/2024 00:00:00,25.0469,25.4682,24.5787,25.0001,436800
BFC,2/22/2024 00:00:00,25.0001,25.2342,24.6255,24.6724,179000
BFC,2/23/2024 00:00:00,24.6724,24.9533,23.9701,24.0637,238600
BFC,2/26/2024 00:00:00,24.1106,24.3446,24.0637,24.2042,151800
BFC,2/27/2024 00:00:00,24.5319,25.0937,24.3446,24.8128,194800
BFC,2/28/2024 00:00:00,25.0937,26.0769,24.8128,25.5619,623300
BFC,2/29/2024 00:00:00,25.5619,25.7023,25.1873,25.281,187500
BFC,3/1/2024 00:00:00,25.3278,25.7491,25.0001,25.4682,352700
BFC,3/4/2024 00:00:00,25.4682,25.4682,25.0001,25.0937,451200
BFC,3/5/2024 00:00:00,25.0937,25.6555,25.0001,25.6555,390600
BFC,3/6/2024 00:00:00,25.6555,25.7491,25.3746,25.5619,291900
BFC,3/7/2024 00:00:00,25.5151,27.3409,25.5151,27.3409,2.0218e+006
BFC,3/8/2024 00:00:00,27.4345,28.0432,27.06,27.4345,651200
BFC,3/11/2024 00:00:00,27.9963,29.354,27.575,29.1199,1.0348e+006
BFC,3/12/2024 00:00:00,29.0263,29.7754,28.7454,28.7454,849900
BFC,3/13/2024 00:00:00,29.0731,30.7117,28.7922,30.2904,711600
BFC,3/14/2024 00:00:00,30.2904,30.6181,29.4945,30.0563,382400
BFC,3/15/2024 00:00:00,30.0563,30.0563,29.1199,29.869,291000
BFC,3/18/2024 00:00:00,29.5881,30.899,27.8091,27.8091,991200
BFC,3/19/2024 00:00:00,27.7154,28.5581,27.2473,28.09,239400
BFC,3/20/2024 00:00:00,27.9495,28.7454,27.9495,28.3709,198300
BFC,3/21/2024 00:00:00,28.5581,28.9795,28.1836,28.839,394500
BFC,3/22/2024 00:00:00,29.3072,29.3072,27.9027,28.09,494000
BFC,3/25/2024 00:00:00,28.4645,28.5581,27.4814,27.4814,511500
BFC,3/26/2024 00:00:00,27.5282,28.3709,27.4345,27.6218,239700
BFC,3/27/2024 00:00:00,27.6218,28.1368,27.6218,28.09,261200
BFC,3/28/2024 00:00:00,28.5581,28.5581,28.09,28.5113,319800
BFC,3/29/2024 00:00:00,28.6518,29.2136,28.5113,28.5113,521400
BFC,4/1/2024 00:00:00,28.5113,28.5113,28.0432,28.0432,193500
BFC,4/2/2024 00:00:00,27.9027,28.9327,27.9027,28.9327,412100
BFC,4/3/2024 00:00:00,29.2604,30.9458,29.2604,30.7117,1.094e+006
BFC,4/4/2024 00:00:00,31.0862,31.0862,29.6349,30.2435,244700
BFC,4/5/2024 00:00:00,29.4945,30.384,28.3709,28.3709,1.0237e+006
BFC,4/8/2024 00:00:00,28.3709,28.3709,27.3409,27.3409,506700
BFC,4/9/2024 00:00:00,27.4345,27.9495,27.4345,27.9027,182700
BFC,4/10/2024 00:00:00,27.9027,28.2772,27.5282,27.7154,156500
BFC,4/11/2024 00:00:00,27.1536,27.9963,27.1536,27.8559,214600
BFC,4/12/2024 00:00:00,28.2304,28.2304,27.575,27.8559,144900
BFC,4/15/2024 00:00:00,27.8559,28.5113,25.9364,27.1536,357200
BFC,4/16/2024 00:00:00,26.9664,27.1536,25.8428,26.6855,278100
BFC,4/17/2024 00:00:00,26.1237,27.1068,25.8896,26.7791,214500
BFC,4/19/2024 00:00:00,25.4682,26.2173,25.0937,25.0937,239100
BFC,4/22/2024 00:00:00,26.03,26.03,25.281,25.6087,109400
BFC,4/23/2024 00:00:00,25.6087,25.7491,25.1873,25.6087,61100
BFC,4/24/2024 00:00:00,26.2173,26.5918,25.7491,26.3109,166400
BFC,4/25/2024 00:00:00,26.7323,26.7323,25.9832,26.4046,101800
BFC,4/26/2024 00:00:00,26.03,26.5918,25.4682,25.4682,84100
BFC,5/2/2024 00:00:00,26.7791,26.7791,26.2173,26.6855,188300
BFC,5/3/2024 00:00:00,27.0132,28.09,26.6855,27.8091,423100
BFC,5/6/2024 00:00:00,27.8091,29.7286,27.8091,29.7286,915400
BFC,5/7/2024 00:00:00,29.7754,30.4308,29.3072,29.869,415600
BFC,5/8/2024 00:00:00,29.4945,31.7417,29.4945,31.648,1.239e+006
BFC,5/9/2024 00:00:00,31.8353,32.678,31.7417,32.1162,1.1686e+006
BFC,5/10/2024 00:00:00,32.1162,32.5844,31.3671,31.648,1.0367e+006
BFC,5/13/2024 00:00:00,31.648,32.3035,30.899,32.3035,717800
BFC,5/14/2024 00:00:00,32.4907,32.4907,31.8821,32.3971,537800
BFC,5/15/2024 00:00:00,33.1462,33.1462,32.4907,32.9589,726600
BFC,5/16/2024 00:00:00,33.2398,33.708,32.5844,32.7716,617400
BFC,5/17/2024 00:00:00,32.3971,32.678,31.9758,32.0694,408100
BFC,5/20/2024 00:00:00,32.678,33.5207,32.3035,33.4739,1.0083e+006
BFC,5/21/2024 00:00:00,33.5207,34.8316,33.0525,34.8316,858600
BFC,5/22/2024 00:00:00,35.3934,36.517,35.3934,36.1424,922700
BFC,5/23/2024 00:00:00,36.3297,36.3297,34.8784,35.8147,449100
BFC,5/24/2024 00:00:00,35.8147,36.517,34.457,36.4233,345700
BFC,5/27/2024 00:00:00,36.4233,37.0788,35.2997,36.0488,408200
BFC,5/28/2024 00:00:00,36.2361,36.4233,35.3934,36.002,395200
BFC,5/29/2024 00:00:00,36.002,37.4533,36.002,36.7979,502300
BFC,5/30/2024 00:00:00,36.7979,36.7979,35.487,36.4233,338800
BFC,5/31/2024 00:00:00,36.4233,36.6574,35.2997,35.5806,330100
BFC,6/3/2024 00:00:00,35.7211,37.4533,35.7211,35.8615,467400
BFC,6/4/2024 00:00:00,36.4702,36.6574,36.002,36.002,320500
BFC,6/5/2024 00:00:00,36.517,36.517,35.487,35.7679,439200
BFC,6/6/2024 00:00:00,35.7679,36.517,35.7679,35.8615,640300
BFC,6/7/2024 00:00:00,35.9552,37.9215,35.9552,36.8447,802700
BFC,6/10/2024 00:00:00,37.0788,37.1724,36.1893,36.7979,513600
BFC,6/11/2024 00:00:00,37.032,37.4065,36.0488,36.1893,1.0322e+006
BFC,6/12/2024 00:00:00,36.002,36.517,35.5806,36.517,478300
BFC,6/13/2024 00:00:00,37.0104,37.5039,36.3196,36.517,402800
BFC,6/14/2024 00:00:00,36.517,36.8624,35.0366,35.0366,745100
BFC,6/17/2024 00:00:00,34.6418,35.0859,34.0496,34.3457,518200
BFC,6/18/2024 00:00:00,34.5431,35.8755,34.5431,35.7768,461300
BFC,6/19/2024 00:00:00,36.2209,38.2441,36.0235,38.2441,1.8888e+006
BFC,6/20/2024 00:00:00,38.6389,39.4778,38.5402,39.4778,981000
BFC,6/21/2024 00:00:00,39.5272,40.8595,39.2804,39.5272,795100
BFC,6/24/2024 00:00:00,39.3298,39.4778,37.0104,37.0598,1.0546e+006
BFC,6/25/2024 00:00:00,37.1091,37.7013,36.3689,37.0598,672400
BFC,6/26/2024 00:00:00,37.0104,38.3922,37.0104,38.3922,1.1579e+006
BFC,6/27/2024 00:00:00,38.4909,39.2804,37.5039,37.5533,770500
BFC,6/28/2024 00:00:00,37.5039,37.8,36.1222,36.1222,575200
BFC,7/1/2024 00:00:00,35.9248,37.2572,35.1352,36.0235,388400
BFC,7/2/2024 00:00:00,36.0235,36.9611,36.0235,36.665,460100
BFC,7/3/2024 00:00:00,37.2572,38.3922,36.7144,37.7013,831200
BFC,7/4/2024 00:00:00,37.9974,38.1948,37.2078,37.7013,506900
BFC,7/5/2024 00:00:00,37.9974,38.8363,37.7013,37.948,805300
BFC,7/8/2024 00:00:00,38.9843,40.5634,38.6883,40.5634,900700
BFC,7/9/2024 00:00:00,43.3762,43.3762,43.3762,43.3762,885200
BFC,7/10/2024 00:00:00,45.4982,46.3864,44.3632,44.8073,2.1302e+006
BFC,7/11/2024 00:00:00,46.3864,46.3864,42.9321,44.3138,951700
BFC,7/12/2024 00:00:00,44.4125,44.4125,43.4749,43.9191,548700
BFC,7/15/2024 00:00:00,44.2151,45.3008,43.8697,44.0178,642700
BFC,7/16/2024 00:00:00,44.0178,45.5475,44.0178,44.6593,1.0419e+006
BFC,7/17/2024 00:00:00,44.5112,45.3008,41.5504,41.5504,2.3154e+006
BFC,7/18/2024 00:00:00,41.5997,43.9191,41.353,43.7217,1.0868e+006
BFC,7/19/2024 00:00:00,44.2151,44.7086,42.8334,43.8697,689700
BFC,7/22/2024 00:00:00,43.8204,43.8204,41.6491,42.636,388900
BFC,7/23/2024 00:00:00,43.3269,43.623,42.488,42.488,776600
BFC,7/24/2024 00:00:00,41.8465,42.7841,39.5765,41.9452,721600
BFC,7/25/2024 00:00:00,40.8595,43.623,40.8595,43.3762,956600
BFC,7/26/2024 00:00:00,43.5243,44.4125,42.8828,43.9191,365200
BFC,7/29/2024 00:00:00,45.3008,46.9786,45.3008,46.9786,1.7268e+006
BFC,7/30/2024 00:00:00,48.6564,49.446,47.5708,48.0642,1.3195e+006
BFC,7/31/2024 00:00:00,48.0642,48.0642,47.176,47.6695,659000
BFC,8/1/2024 00:00:00,47.6695,47.8175,44.3632,44.3632,1.4358e+006
BFC,8/2/2024 00:00:00,43.4749,46.189,42.488,46.0903,1.6371e+006
BFC,8/5/2024 00:00:00,44.1164,45.3995,42.8828,42.8828,1.2134e+006
BFC,8/6/2024 00:00:00,44.0178,44.0178,42.1426,43.7217,657300
BFC,8/7/2024 00:00:00,43.771,44.0178,42.488,43.5736,663500
BFC,8/8/2024 00:00:00,43.1295,43.8204,41.0569,41.2543,702900
BFC,8/9/2024 00:00:00,42.1919,43.3762,41.6491,43.3762,779300
BFC,8/12/2024 00:00:00,43.7217,45.3995,43.0308,44.2151,820700
BFC,8/13/2024 00:00:00,44.4619,45.1527,43.771,44.758,754600
BFC,8/14/2024 00:00:00,45.5969,47.8668,45.054,45.054,1.918e+006
BFC,8/15/2024 00:00:00,45.3995,45.3995,42.7347,44.0178,850000
BFC,8/16/2024 00:00:00,44.3138,45.5969,43.4256,45.5969,904900
BFC,8/19/2024 00:00:00,46.1397,46.3864,45.0047,46.189,999600
BFC,8/20/2024 00:00:00,46.189,46.7319,45.4488,45.9916,744400
BFC,8/21/2024 00:00:00,45.6956,47.3734,45.6462,46.3864,1.5128e+006
BFC,8/22/2024 00:00:00,46.9786,46.9786,45.893,45.893,498600
BFC,8/23/2024 00:00:00,46.2384,46.2384,44.1658,44.4125,1.4267e+006
BFC,8/26/2024 00:00:00,44.8073,44.8073,42.5867,43.3269,1.1639e+006
BFC,8/27/2024 00:00:00,42.9321,43.8204,42.9321,43.623,582200
BFC,8/28/2024 00:00:00,44.0178,44.0178,42.9321,43.8204,412700
BFC,8/29/2024 00:00:00,43.8204,43.8204,43.2282,43.4749,242900
BFC,8/30/2024 00:00:00,43.4749,44.0178,43.4256,43.771,447400
BFC,9/4/2024 00:00:00,43.2282,43.771,43.0308,43.2282,295200
BFC,9/5/2024 00:00:00,43.3269,44.0671,43.2775,43.623,603500
BFC,9/6/2024 00:00:00,43.8204,44.3138,42.9321,44.3138,504700
BFC,9/9/2024 00:00:00,44.1164,44.4619,43.8204,44.3138,442300
BFC,9/10/2024 00:00:00,44.5112,44.7086,42.9321,43.2775,368400
BFC,9/11/2024 00:00:00,43.2775,43.771,42.488,43.3269,431600
BFC,9/12/2024 00:00:00,43.9191,45.3995,43.4256,44.0671,1.492e+006
BFC,9/13/2024 00:00:00,44.4125,44.6099,43.771,44.4619,368400
BFC,9/16/2024 00:00:00,44.4619,45.893,44.0178,44.0178,1.9257e+006
BFC,9/17/2024 00:00:00,43.6723,44.6099,43.2775,44.2151,499200
BFC,9/18/2024 00:00:00,44.2645,44.4125,43.4256,43.7217,447700
BFC,9/19/2024 00:00:00,43.9191,44.2151,43.1789,43.2775,795900
BFC,9/20/2024 00:00:00,43.9191,44.0671,42.7841,42.8334,1.0101e+006
BFC,9/23/2024 00:00:00,42.8334,43.6723,42.8334,43.2282,243300
BFC,9/24/2024 00:00:00,43.2282,43.4749,42.636,42.9815,380400
BFC,9/25/2024 00:00:00,43.0308,43.4256,42.9321,43.0308,692200
BFC,9/26/2024 00:00:00,43.2282,43.2775,41.5504,41.8465,1.8641e+006
BFC,9/27/2024 00:00:00,41.9452,42.2413,40.9582,41.1556,1.1542e+006
BFC,9/30/2024 00:00:00,41.353,41.9452,41.1556,41.5504,428500
BFC,10/1/2024 00:00:00,41.9452,42.1426,41.501,41.7478,334200
BFC,10/2/2024 00:00:00,41.7971,41.7971,41.0076,41.205,398000
BFC,10/3/2024 00:00:00,41.205,41.3037,39.7739,39.9713,670800
BFC,10/4/2024 00:00:00,40.9089,40.9089,39.4778,40.2674,256800
BFC,10/7/2024 00:00:00,40.2674,40.3167,39.5272,39.6258,247600
BFC,10/8/2024 00:00:00,39.5765,39.8726,39.2804,39.6752,253300
BFC,10/9/2024 00:00:00,39.6752,40.7608,39.4778,40.5141,480700
BFC,10/10/2024 00:00:00,40.5141,40.9089,40.2674,40.3167,168000
BFC,10/11/2024 00:00:00,40.3661,40.6621,39.5765,40.2674,113300
BFC,10/14/2024 00:00:00,40.5634,40.5634,40.2674,40.3167,234100
BFC,10/15/2024 00:00:00,40.5141,40.5141,39.5765,39.9713,148300
BFC,10/16/2024 00:00:00,39.5765,40.1193,39.3791,39.3791,334600
BFC,10/17/2024 00:00:00,39.3791,39.5765,38.935,39.1324,402900
BFC,10/18/2024 00:00:00,39.4778,39.7739,39.083,39.083,242700
BFC,10/21/2024 00:00:00,39.083,39.083,37.9974,37.9974,349800
BFC,10/22/2024 00:00:00,37.9974,39.4285,37.5039,39.4285,1.0615e+006
BFC,10/23/2024 00:00:00,39.083,40.07,39.083,39.9713,368100
BFC,10/24/2024 00:00:00,39.9713,40.1193,39.0337,39.0337,300400
BFC,10/25/2024 00:00:00,38.9843,39.2311,38.4909,38.7869,208900
BFC,10/28/2024 00:00:00,38.7869,39.9219,38.6883,39.8232,722900
BFC,10/29/2024 00:00:00,39.8232,41.0569,39.8232,40.5634,1.0482e+006
BFC,10/30/2024 00:00:00,40.5634,40.9582,39.1817,39.1817,1.6122e+006
BFC,10/31/2024 00:00:00,39.2311,39.4778,38.8856,39.2311,406900
BFC,11/1/2024 00:00:00,39.2804,39.2804,37.6026,37.6026,1.1597e+006
BFC,11/4/2024 00:00:00,37.7013,37.7013,36.0235,36.517,1.1733e+006
BFC,11/5/2024 00:00:00,36.517,36.9118,36.2209,36.3689,236500
BFC,11/6/2024 00:00:00,36.5663,37.0598,36.4676,37.0598,458300
BFC,11/7/2024 00:00:00,37.3065,37.4546,36.5663,36.8624,374300
BFC,11/8/2024 00:00:00,36.9611,37.1585,36.665,36.665,314400
BFC,11/11/2024 00:00:00,36.517,37.8,36.517,37.2572,549900
BFC,11/12/2024 00:00:00,37.3065,38.0961,37.3065,37.7507,1.0523e+006
BFC,11/13/2024 00:00:00,37.7507,38.8856,37.1585,38.8856,755800
BFC,11/14/2024 00:00:00,38.8363,39.4778,38.7376,38.7869,818000
BFC,11/15/2024 00:00:00,38.7869,38.7869,36.8131,37.5039,783800
BFC,11/18/2024 00:00:00,37.6026,37.7013,36.517,37.0598,485600
BFC,11/19/2024 00:00:00,36.8624,37.4052,36.517,36.517,363800
BFC,11/20/2024 00:00:00,36.8624,37.4546,36.2702,36.8624,231400
BFC,11/21/2024 00:00:00,37.4052,37.7013,36.8624,37.7013,300700
BFC,11/22/2024 00:00:00,37.8987,38.935,37.8,38.7376,1.3398e+006
BFC,11/25/2024 00:00:00,39.083,39.5765,38.5896,39.0337,646000
BFC,11/26/2024 00:00:00,39.1324,40.1687,38.5896,39.7739,978200
BFC,11/27/2024 00:00:00,40.0206,40.1687,38.2441,38.2935,1.2165e+006
BFC,11/28/2024 00:00:00,38.2441,38.5896,37.7013,38.2441,838800
BFC,11/29/2024 00:00:00,38.4909,38.4909,37.7013,37.8987,517900
BFC,12/2/2024 00:00:00,37.8987,38.1454,37.7013,38.0961,513200
BFC,12/3/2024 00:00:00,38.0961,38.5402,37.8,38.3922,538400
BFC,12/4/2024 00:00:00,38.7869,38.935,38.1948,38.1948,633500
BFC,12/5/2024 00:00:00,38.1948,38.7376,37.8987,38.7376,561200
BFC,12/6/2024 00:00:00,38.8363,40.3661,38.6389,38.9843,1.8673e+006
BFC,12/9/2024 00:00:00,38.9843,39.3791,38.7376,39.083,612500
BFC,12/10/2024 00:00:00,39.3298,39.3791,38.5402,38.5402,632800
BFC,12/11/2024 00:00:00,38.5896,38.5896,38.0961,38.2935,832700
BFC,12/12/2024 00:00:00,38.3922,38.8856,38.0961,38.1948,503400
BFC,12/13/2024 00:00:00,38.0961,38.2441,37.4052,37.6026,654000
BFC,12/16/2024 00:00:00,37.5039,38.4415,37.5039,37.8,420900
BFC,12/17/2024 00:00:00,38.1,38.2,37.6,38,322800
BFC,12/18/2024 00:00:00,38,38.1,37.7,38,193500
BFC,12/19/2024 00:00:00,37.8,38.75,35.45,38,568900
BFC,12/20/2024 00:00:00,38.1,38.75,37.8,38.3,432000
BFC,12/23/2024 00:00:00,38.6,39.9,38.15,39.75,1.166e+006
BFC,12/24/2024 00:00:00,39.95,41.3,39.75,41.1,1.934e+006
BFC,12/25/2024 00:00:00,41.5,41.65,40.05,40.5,1.0291e+006
BFC,12/26/2024 00:00:00,40.3,41.3,40.1,40.65,932000
BFC,12/27/2024 00:00:00,40.65,40.95,39.95,40.2,856900
BFC,12/30/2024 00:00:00,40.45,40.45,40.05,40.15,359300
BFC,12/31/2024 00:00:00,40.15,40.9,40,40.25,531200
BFC,1/2/2025 00:00:00,40.4,40.9,40.4,40.65,528000
BFC,1/3/2025 00:00:00,40.5,41.45,40.5,40.65,1.4324e+006
BFC,1/6/2025 00:00:00,40.2,40.7,38.5,39,1.3328e+006
BFC,1/7/2025 00:00:00,39.05,39.25,37,37.55,861500
BFC,1/8/2025 00:00:00,37.2,37.8,37.15,37.4,310900
BFC,1/9/2025 00:00:00,37.45,37.7,36.75,36.85,365500
BFC,1/10/2025 00:00:00,36.9,36.95,35.6,35.6,736800
BFC,1/13/2025 00:00:00,34.8,35.8,34.6,35.8,343300
BFC,1/14/2025 00:00:00,35.8,36.5,35.8,36.3,351200
BFC,1/15/2025 00:00:00,36.4,36.65,36.1,36.55,332300
BFC,1/16/2025 00:00:00,37,38,36.75,37.9,749700
BFC,1/17/2025 00:00:00,37.95,39.3,37.95,38.5,761400
BFC,1/20/2025 00:00:00,38.55,40,38.55,39.3,572000
BFC,1/21/2025 00:00:00,39.25,39.5,38.55,39.2,292900
BFC,1/22/2025 00:00:00,39.2,40.4,39.05,40.15,1.0067e+006
BFC,1/23/2025 00:00:00,40.45,40.9,39.9,40.25,731900
BFC,1/24/2025 00:00:00,40.65,40.65,40.15,40.3,616100
BFC,2/3/2025 00:00:00,40.2,40.9,39.5,40.4,582900
BFC,2/4/2025 00:00:00,40.85,42.5,40.55,41.9,609600
BFC,2/5/2025 00:00:00,42.2,42.9,41.55,42.7,1.2807e+006
BFC,2/6/2025 00:00:00,43,43.5,42.6,42.8,784800
BFC,2/7/2025 00:00:00,43.15,43.15,42.25,42.7,588500
BFC,2/10/2025 00:00:00,42.5,42.9,42.15,42.7,764000
BFC,2/11/2025 00:00:00,42.75,42.95,42.3,42.75,485100
BFC,2/12/2025 00:00:00,43.15,43.4,42.6,42.9,346500
BFC,2/13/2025 00:00:00,43.05,44,42.75,43.7,911000
BFC,2/14/2025 00:00:00,44,44,42.6,42.7,750300
BFC,2/17/2025 00:00:00,42.7,42.7,41.65,42,1.0808e+006
BFC,2/18/2025 00:00:00,41.65,41.95,41.5,41.9,645800
BFC,2/19/2025 00:00:00,42,42.95,42,42.6,517900
BFC,2/20/2025 00:00:00,42.6,43.5,42.4,42.6,767200
BFC,2/21/2025 00:00:00,42.5,43.35,42.45,43.25,762000
BFC,2/24/2025 00:00:00,43.25,43.7,42.2,42.85,557000
BFC,2/25/2025 00:00:00,43.2,43.55,42.6,42.85,482800
BFC,2/26/2025 00:00:00,43.4,44.4,42.6,42.65,1.504e+006
BFC,2/27/2025 00:00:00,42.7,42.95,42.4,42.7,499500
BFC,2/28/2025 00:00:00,42.7,42.9,42.5,42.55,549500
BFC,3/3/2025 00:00:00,42.65,43.25,42.1,43.25,844200
BFC,3/4/2025 00:00:00,43.5,43.85,43.25,43.5,797700
BFC,3/5/2025 00:00:00,43.8,43.8,43.05,43.05,644200
BFC,3/6/2025 00:00:00,42.85,43.2,42,42.65,806500
BFC,3/7/2025 00:00:00,42.7,43.3,42.65,42.8,380000
BFC,3/10/2025 00:00:00,42.95,43,42.1,42.2,429400
BFC,3/11/2025 00:00:00,41.8,42.55,41.8,42.55,317700
BFC,3/12/2025 00:00:00,42.6,42.6,41.8,41.95,344300
BFC,3/13/2025 00:00:00,41.95,41.95,40.05,40.5,1.0434e+006
BFC,3/14/2025 00:00:00,40.2,40.5,39.95,40,252400
BFC,3/17/2025 00:00:00,40.8,40.8,40,40.1,249000
BFC,3/18/2025 00:00:00,39.8,40.55,39.8,40.35,215400
BFC,3/19/2025 00:00:00,40.3,40.6,40.15,40.4,121800
BFC,3/20/2025 00:00:00,40.5,41,40.2,41,176800
BFC,3/21/2025 00:00:00,40,40.85,39.8,40.4,303400
BFC,3/24/2025 00:00:00,40.4,40.4,39.55,40.3,213200
BFC,3/25/2025 00:00:00,40.2,41,40.05,40.8,221300
BFC,3/26/2025 00:00:00,40.9,40.95,40.25,40.3,143000
BFC,3/27/2025 00:00:00,40.3,41.3,40.3,40.85,299600
BFC,3/28/2025 00:00:00,41.25,41.5,40.85,40.95,275400
BFC,3/31/2025 00:00:00,40.85,40.85,40.3,40.45,286000
BFC,4/1/2025 00:00:00,40.45,41.4,40.45,41.4,332200
BFC,4/2/2025 00:00:00,41.4,41.5,41.1,41.2,70600
