Ticker,Date,Open,High,Low,Close,Volume
BID,1/27/2014 00:00:00,8.10297,8.1463,7.84298,7.97297,3.24091e+006
BID,2/6/2014 00:00:00,7.88631,7.92964,7.62632,7.62632,959590
BID,2/7/2014 00:00:00,7.53966,7.58299,7.14968,7.19301,2.9876e+006
BID,2/10/2014 00:00:00,7.14968,7.453,7.01968,7.36633,4.05209e+006
BID,2/11/2014 00:00:00,7.453,7.453,7.323,7.323,1.93848e+006
BID,2/12/2014 00:00:00,7.27967,7.323,7.23634,7.27967,1.17618e+006
BID,2/13/2014 00:00:00,7.27967,7.323,7.19301,7.19301,2.15614e+006
BID,2/14/2014 00:00:00,7.27967,7.36633,7.19301,7.27967,1.48938e+006
BID,2/17/2014 00:00:00,7.323,7.323,7.19301,7.23634,1.17356e+006
BID,2/18/2014 00:00:00,7.23634,7.23634,7.19301,7.19301,1.86154e+006
BID,2/19/2014 00:00:00,7.23634,7.27967,7.14968,7.19301,2.98812e+006
BID,2/20/2014 00:00:00,7.23634,7.453,7.19301,7.323,3.24365e+006
BID,2/21/2014 00:00:00,7.27967,7.27967,7.23634,7.23634,903040
BID,2/24/2014 00:00:00,7.27967,7.27967,7.19301,7.23634,833430
BID,2/25/2014 00:00:00,7.19301,7.23634,7.14968,7.23634,1.24915e+006
BID,2/26/2014 00:00:00,7.23634,7.323,7.19301,7.23634,1.39967e+006
BID,2/27/2014 00:00:00,7.23634,7.53966,7.23634,7.323,3.7319e+006
BID,2/28/2014 00:00:00,7.27967,7.36633,7.27967,7.36633,1.15456e+006
BID,3/3/2014 00:00:00,7.323,7.36633,7.23634,7.23634,954830
BID,3/4/2014 00:00:00,7.19301,7.23634,7.14968,7.19301,1.55174e+006
BID,3/5/2014 00:00:00,7.23634,7.27967,7.19301,7.19301,737090
BID,3/6/2014 00:00:00,7.19301,7.23634,7.14968,7.19301,768340
BID,3/7/2014 00:00:00,7.19301,7.23634,7.19301,7.19301,773450
BID,3/10/2014 00:00:00,7.19301,7.27967,7.19301,7.23634,957770
BID,3/11/2014 00:00:00,7.19301,7.23634,7.19301,7.19301,752790
BID,3/12/2014 00:00:00,7.19301,7.23634,7.14968,7.14968,979430
BID,3/13/2014 00:00:00,7.19301,7.19301,7.10635,7.14968,806950
BID,3/14/2014 00:00:00,7.19301,7.23634,7.10635,7.19301,924510
BID,3/17/2014 00:00:00,7.19301,7.23634,7.14968,7.19301,989350
BID,3/18/2014 00:00:00,7.19301,7.323,7.14968,7.27967,2.17157e+006
BID,3/19/2014 00:00:00,7.323,7.53966,7.323,7.53966,5.62479e+006
BID,3/20/2014 00:00:00,7.58299,7.79965,7.58299,7.66965,3.32542e+006
BID,3/21/2014 00:00:00,7.58299,7.71299,7.58299,7.58299,1.23601e+006
BID,3/24/2014 00:00:00,7.66965,7.79965,7.62632,7.62632,2.49801e+006
BID,3/25/2014 00:00:00,7.66965,7.66965,7.453,7.453,2.05143e+006
BID,3/26/2014 00:00:00,7.49633,7.49633,7.23634,7.27967,2.03092e+006
BID,3/27/2014 00:00:00,7.323,7.323,7.23634,7.27967,1.02618e+006
BID,3/28/2014 00:00:00,7.27967,7.36633,7.27967,7.36633,713160
BID,3/31/2014 00:00:00,7.40967,7.40967,7.27967,7.27967,831760
BID,4/1/2014 00:00:00,7.323,7.323,7.19301,7.23634,1.7016e+006
BID,4/2/2014 00:00:00,7.23634,7.27967,7.14968,7.23634,1.21711e+006
BID,4/3/2014 00:00:00,7.23634,7.323,7.19301,7.27967,519700
BID,4/4/2014 00:00:00,7.323,7.323,7.23634,7.323,608360
BID,4/7/2014 00:00:00,7.27967,7.323,7.23634,7.27967,441790
BID,4/8/2014 00:00:00,7.27967,7.323,7.23634,7.23634,515610
BID,4/10/2014 00:00:00,7.23634,7.27967,7.23634,7.23634,485550
BID,4/11/2014 00:00:00,7.19301,7.23634,7.14968,7.19301,670380
BID,4/14/2014 00:00:00,7.23634,7.27967,7.19301,7.23634,414100
BID,4/15/2014 00:00:00,7.19301,7.23634,7.14968,7.14968,480360
BID,4/16/2014 00:00:00,7.14968,7.14968,6.84636,6.93302,1.06509e+006
BID,4/17/2014 00:00:00,6.93302,7.10635,6.93302,6.97635,681040
BID,4/18/2014 00:00:00,6.97635,7.01968,6.88969,6.88969,763370
BID,4/21/2014 00:00:00,6.88969,6.88969,6.67303,6.71636,565920
BID,4/22/2014 00:00:00,6.67303,6.84636,6.6297,6.84636,529160
BID,4/23/2014 00:00:00,6.88969,6.88969,6.7597,6.84636,217960
BID,4/24/2014 00:00:00,6.80303,6.88969,6.80303,6.88969,288090
BID,4/25/2014 00:00:00,6.80303,6.93302,6.80303,6.80303,516240
BID,4/28/2014 00:00:00,6.80303,6.84636,6.7597,6.80303,336220
BID,4/29/2014 00:00:00,6.80303,6.84636,6.80303,6.84636,202970
BID,5/5/2014 00:00:00,6.88969,6.88969,6.71636,6.7597,301760
BID,5/6/2014 00:00:00,6.71636,6.7597,6.54304,6.58637,479520
BID,5/7/2014 00:00:00,6.58637,6.7597,6.58637,6.71636,274120
BID,5/8/2014 00:00:00,6.6297,6.6297,6.28305,6.32638,1.51584e+006
BID,5/9/2014 00:00:00,6.23972,6.41304,6.23972,6.41304,308830
BID,5/12/2014 00:00:00,6.36971,6.36971,5.97973,6.06639,520700
BID,5/13/2014 00:00:00,5.84974,6.15306,5.84974,6.10972,695610
BID,5/14/2014 00:00:00,6.06639,6.41304,6.06639,6.36971,473470
BID,5/15/2014 00:00:00,6.41304,6.41304,6.02306,6.15306,636940
BID,5/16/2014 00:00:00,6.15306,6.32638,6.10972,6.32638,333670
BID,5/19/2014 00:00:00,6.23972,6.36971,6.23972,6.28305,357580
BID,5/20/2014 00:00:00,6.28305,6.36971,6.23972,6.36971,181780
BID,5/21/2014 00:00:00,6.32638,6.49971,6.23972,6.45638,604540
BID,5/22/2014 00:00:00,6.45638,6.45638,6.32638,6.32638,233070
BID,5/23/2014 00:00:00,6.36971,6.36971,6.28305,6.36971,163360
BID,5/26/2014 00:00:00,6.28305,6.36971,6.28305,6.32638,103450
BID,5/27/2014 00:00:00,6.32638,6.49971,6.32638,6.49971,445140
BID,5/28/2014 00:00:00,6.49971,6.49971,6.41304,6.45638,404820
BID,5/29/2014 00:00:00,6.41304,6.49971,6.41304,6.45638,423040
BID,5/30/2014 00:00:00,6.41304,6.45638,6.36971,6.41304,192420
BID,6/2/2014 00:00:00,6.41304,6.41304,6.28305,6.32638,278960
BID,6/3/2014 00:00:00,6.28305,6.36971,6.28305,6.28305,168500
BID,6/4/2014 00:00:00,6.28305,6.32638,6.19639,6.28305,157450
BID,6/5/2014 00:00:00,6.28305,6.28305,6.19639,6.28305,54870
BID,6/6/2014 00:00:00,6.23972,6.32638,6.23972,6.32638,91870
BID,6/9/2014 00:00:00,6.32638,6.36971,6.23972,6.28305,162110
BID,6/10/2014 00:00:00,6.28305,6.41304,6.23972,6.36971,216450
BID,6/11/2014 00:00:00,6.36971,6.36971,6.28305,6.36971,361280
BID,6/12/2014 00:00:00,6.36971,6.45638,6.36971,6.45638,454450
BID,6/13/2014 00:00:00,6.41304,6.49971,6.36971,6.45638,507030
BID,6/16/2014 00:00:00,6.45638,6.49971,6.41304,6.45638,343780
BID,6/17/2014 00:00:00,6.45638,6.49971,6.41304,6.45638,241630
BID,6/18/2014 00:00:00,6.45638,6.49971,6.41304,6.45638,427080
BID,6/19/2014 00:00:00,6.41304,6.45638,6.32638,6.45638,310390
BID,6/20/2014 00:00:00,6.41304,6.45638,6.36971,6.36971,136260
BID,6/23/2014 00:00:00,6.36971,6.45638,6.36971,6.45638,210760
BID,6/24/2014 00:00:00,6.41304,6.49971,6.41304,6.49971,317550
BID,6/25/2014 00:00:00,6.45638,6.49971,6.41304,6.49971,282130
BID,6/26/2014 00:00:00,6.45638,6.6297,6.41304,6.54304,561760
BID,6/27/2014 00:00:00,6.49971,6.58637,6.49971,6.58637,295440
BID,6/30/2014 00:00:00,6.58637,6.58637,6.49971,6.58637,259480
BID,7/1/2014 00:00:00,6.54304,6.54304,6.49971,6.54304,375930
BID,7/2/2014 00:00:00,6.54304,6.6297,6.49971,6.58637,650420
BID,7/3/2014 00:00:00,6.58637,6.6297,6.54304,6.58637,391260
BID,7/4/2014 00:00:00,6.58637,6.58637,6.54304,6.58637,206750
BID,7/7/2014 00:00:00,6.54304,6.58637,6.49971,6.49971,252570
BID,7/8/2014 00:00:00,6.49971,6.54304,6.41304,6.41304,284940
BID,7/9/2014 00:00:00,6.41304,6.54304,6.41304,6.49971,304900
BID,7/10/2014 00:00:00,6.49971,6.49971,6.41304,6.41304,344960
BID,7/11/2014 00:00:00,6.45638,6.45638,6.41304,6.45638,117230
BID,7/14/2014 00:00:00,6.41304,6.45638,6.36971,6.41304,82990
BID,7/15/2014 00:00:00,6.41304,6.45638,6.36971,6.45638,355370
BID,7/16/2014 00:00:00,6.49971,6.49971,6.45638,6.45638,356200
BID,7/17/2014 00:00:00,6.45638,6.49971,6.41304,6.45638,103650
BID,7/18/2014 00:00:00,6.49971,6.49971,6.45638,6.49971,347570
BID,7/21/2014 00:00:00,6.45638,6.49971,6.41304,6.45638,126260
BID,7/22/2014 00:00:00,6.41304,6.45638,6.36971,6.41304,95750
BID,7/23/2014 00:00:00,6.45638,6.45638,6.36971,6.36971,142650
BID,7/24/2014 00:00:00,6.36971,6.45638,6.36971,6.41304,185940
BID,7/25/2014 00:00:00,6.41304,6.80303,6.41304,6.6297,1.73677e+006
BID,7/28/2014 00:00:00,6.6297,6.67303,6.54304,6.6297,450520
BID,7/29/2014 00:00:00,6.67303,6.67303,6.54304,6.54304,242380
BID,7/30/2014 00:00:00,6.54304,6.67303,6.49971,6.58637,1.34957e+006
BID,7/31/2014 00:00:00,6.58637,6.6297,6.54304,6.58637,356880
BID,8/1/2014 00:00:00,6.58637,6.67303,6.58637,6.6297,406370
BID,8/4/2014 00:00:00,6.6297,6.84636,6.6297,6.80303,1.46689e+006
BID,8/5/2014 00:00:00,6.80303,6.84636,6.7597,6.80303,730130
BID,8/6/2014 00:00:00,6.80303,6.80303,6.71636,6.7597,278630
BID,8/7/2014 00:00:00,6.71636,6.80303,6.71636,6.7597,603770
BID,8/8/2014 00:00:00,6.87427,6.87427,6.69095,6.78261,899050
BID,8/11/2014 00:00:00,6.73678,6.78261,6.64512,6.64512,256040
BID,8/12/2014 00:00:00,6.64512,6.64512,6.55347,6.5993,252780
BID,8/13/2014 00:00:00,6.55347,6.64512,6.50764,6.64512,329460
BID,8/14/2014 00:00:00,6.5993,6.69095,6.55347,6.55347,261390
BID,8/15/2014 00:00:00,6.5993,6.5993,6.50764,6.50764,202100
BID,8/18/2014 00:00:00,6.46181,6.50764,6.32433,6.37015,721730
BID,8/19/2014 00:00:00,6.37015,6.41598,6.37015,6.37015,343930
BID,8/20/2014 00:00:00,6.37015,6.41598,6.37015,6.41598,370800
BID,8/21/2014 00:00:00,6.46181,6.50764,6.37015,6.50764,475540
BID,8/22/2014 00:00:00,6.50764,6.50764,6.37015,6.37015,585500
BID,8/25/2014 00:00:00,6.41598,6.41598,6.37015,6.37015,313870
BID,8/26/2014 00:00:00,6.41598,6.46181,6.37015,6.46181,367320
BID,8/27/2014 00:00:00,6.46181,6.46181,6.37015,6.37015,227180
BID,8/28/2014 00:00:00,6.37015,6.41598,6.37015,6.41598,202330
BID,8/29/2014 00:00:00,6.41598,6.82844,6.37015,6.82844,2.0905e+006
BID,9/3/2014 00:00:00,6.82844,6.92009,6.69095,6.73678,593880
BID,9/4/2014 00:00:00,6.69095,6.78261,6.5993,6.64512,390050
BID,9/5/2014 00:00:00,6.5993,6.64512,6.50764,6.5993,739480
BID,9/8/2014 00:00:00,6.5993,6.5993,6.50764,6.50764,846120
BID,9/9/2014 00:00:00,6.50764,6.55347,6.41598,6.50764,399870
BID,9/10/2014 00:00:00,6.46181,6.50764,6.41598,6.46181,252240
BID,9/11/2014 00:00:00,6.50764,6.50764,6.41598,6.46181,209860
BID,9/12/2014 00:00:00,6.46181,6.50764,6.41598,6.46181,250500
BID,9/15/2014 00:00:00,6.46181,6.50764,6.37015,6.41598,392500
BID,9/16/2014 00:00:00,6.41598,6.41598,6.32433,6.37015,473890
BID,9/17/2014 00:00:00,6.37015,6.41598,6.32433,6.37015,434550
BID,9/18/2014 00:00:00,6.41598,6.41598,6.32433,6.37015,221490
BID,9/19/2014 00:00:00,6.37015,6.41598,6.32433,6.37015,225530
BID,9/22/2014 00:00:00,6.37015,6.41598,6.32433,6.32433,354320
BID,9/23/2014 00:00:00,6.32433,6.37015,6.2785,6.32433,269030
BID,9/24/2014 00:00:00,6.32433,6.37015,6.2785,6.2785,206180
BID,9/25/2014 00:00:00,6.32433,6.41598,6.2785,6.37015,335400
BID,9/26/2014 00:00:00,6.37015,6.41598,6.32433,6.32433,97740
BID,9/29/2014 00:00:00,6.32433,6.41598,6.32433,6.37015,368070
BID,9/30/2014 00:00:00,6.37015,6.37015,6.2785,6.32433,230550
BID,10/1/2014 00:00:00,6.32433,6.37015,6.32433,6.32433,250860
BID,10/2/2014 00:00:00,6.32433,6.37015,6.32433,6.37015,343140
BID,10/3/2014 00:00:00,6.37015,6.41598,6.32433,6.37015,108820
BID,10/6/2014 00:00:00,6.37015,6.37015,6.32433,6.37015,288640
BID,10/7/2014 00:00:00,6.37015,6.37015,6.32433,6.32433,258270
BID,10/8/2014 00:00:00,6.32433,6.32433,6.23267,6.2785,669460
BID,10/9/2014 00:00:00,6.2785,6.32433,6.23267,6.2785,433470
BID,10/10/2014 00:00:00,6.2785,6.2785,6.23267,6.23267,423660
BID,10/13/2014 00:00:00,6.2785,6.2785,6.14101,6.18684,302560
BID,10/14/2014 00:00:00,6.23267,6.23267,6.09518,6.09518,257940
BID,10/15/2014 00:00:00,6.09518,6.14101,6.04935,6.09518,272660
BID,10/16/2014 00:00:00,6.09518,6.14101,6.00353,6.00353,221660
BID,10/17/2014 00:00:00,6.00353,6.04935,5.91187,6.00353,414390
BID,10/20/2014 00:00:00,6.04935,6.04935,5.9577,6.04935,100900
BID,10/21/2014 00:00:00,6.00353,6.04935,6.00353,6.04935,155550
BID,10/22/2014 00:00:00,6.04935,6.09518,6.00353,6.04935,159840
BID,10/23/2014 00:00:00,6.04935,6.04935,5.9577,6.00353,311540
BID,10/24/2014 00:00:00,5.9577,6.04935,5.9577,5.9577,127540
BID,10/27/2014 00:00:00,5.91187,5.9577,5.77438,5.77438,353810
BID,10/28/2014 00:00:00,5.77438,5.82021,5.77438,5.82021,299750
BID,10/29/2014 00:00:00,5.82021,5.91187,5.82021,5.86604,189190
BID,10/30/2014 00:00:00,5.91187,5.91187,5.82021,5.86604,69700
BID,10/31/2014 00:00:00,5.86604,6.18684,5.82021,6.18684,372750
BID,11/3/2014 00:00:00,6.14101,6.18684,6.04935,6.04935,419180
BID,11/4/2014 00:00:00,6.04935,6.04935,5.9577,5.9577,109060
BID,11/5/2014 00:00:00,5.9577,6.00353,5.91187,5.91187,133390
BID,11/6/2014 00:00:00,5.9577,6.04935,5.9577,6.00353,237440
BID,11/7/2014 00:00:00,6.00353,6.04935,5.9577,6.00353,148180
BID,11/10/2014 00:00:00,6.00353,6.04935,6.00353,6.00353,113490
BID,11/11/2014 00:00:00,6.00353,6.04935,5.9577,5.9577,116250
BID,11/12/2014 00:00:00,6.00353,6.00353,5.9577,5.9577,124110
BID,11/13/2014 00:00:00,6.00353,6.04935,5.9577,6.04935,139390
BID,11/14/2014 00:00:00,6.04935,6.04935,5.9577,5.9577,223700
BID,11/17/2014 00:00:00,6.04935,6.04935,5.9577,6.04935,258110
BID,11/18/2014 00:00:00,5.9577,6.04935,5.9577,6.00353,244260
BID,11/19/2014 00:00:00,5.9577,6.00353,5.9577,6.00353,104150
BID,11/20/2014 00:00:00,6.00353,6.00353,5.9577,5.9577,140250
BID,11/21/2014 00:00:00,5.9577,6.00353,5.9577,5.9577,347440
BID,11/24/2014 00:00:00,5.9577,5.9577,5.86604,5.91187,202960
BID,11/25/2014 00:00:00,5.91187,5.9577,5.91187,5.91187,150970
BID,11/26/2014 00:00:00,5.91187,5.9577,5.86604,5.86604,274110
BID,11/27/2014 00:00:00,5.86604,5.86604,5.77438,5.82021,361890
BID,11/28/2014 00:00:00,5.82021,5.86604,5.82021,5.82021,188610
BID,12/1/2014 00:00:00,5.82021,5.91187,5.82021,5.91187,97520
BID,12/2/2014 00:00:00,5.91187,6.00353,5.82021,6.00353,495640
BID,12/3/2014 00:00:00,5.9577,6.00353,5.91187,6.00353,213520
BID,12/4/2014 00:00:00,6.00353,6.23267,5.9577,6.09518,801550
BID,12/5/2014 00:00:00,6.09518,6.18684,6.04935,6.14101,434010
BID,12/8/2014 00:00:00,6.14101,6.14101,6.04935,6.04935,220750
BID,12/9/2014 00:00:00,6.04935,6.04935,5.86604,5.91187,428590
BID,12/10/2014 00:00:00,5.91187,6.04935,5.82021,5.9577,458660
BID,12/11/2014 00:00:00,5.9577,6.04935,5.91187,6.00353,310500
BID,12/12/2014 00:00:00,6.00353,6.09518,6.00353,6.00353,188780
BID,12/15/2014 00:00:00,6.00353,6.04935,6.00353,6.00353,124110
BID,12/16/2014 00:00:00,5.9577,6.00353,5.91187,5.91187,197950
BID,12/17/2014 00:00:00,5.86604,5.9577,5.72856,5.82021,373740
BID,12/18/2014 00:00:00,5.86604,5.91187,5.82021,5.91187,72360
BID,12/19/2014 00:00:00,5.91187,5.9577,5.82021,5.91187,51430
BID,12/22/2014 00:00:00,5.91187,6.04935,5.91187,6.00353,364470
BID,12/23/2014 00:00:00,6.00353,6.04935,5.9577,6.00353,146840
BID,12/24/2014 00:00:00,5.9577,6.00353,5.91187,5.9577,92620
BID,12/25/2014 00:00:00,5.91187,5.9577,5.86604,5.9577,102730
BID,12/26/2014 00:00:00,5.9577,5.9577,5.86604,5.86604,84170
BID,12/29/2014 00:00:00,5.91187,5.9577,5.82021,5.82021,86380
BID,12/30/2014 00:00:00,5.82021,5.91187,5.82021,5.91187,128410
BID,12/31/2014 00:00:00,5.91187,6.00353,5.82021,5.82021,214120
BID,1/5/2015 00:00:00,5.91187,5.9577,5.91187,5.91187,66380
BID,1/6/2015 00:00:00,5.86604,6.09518,5.86604,6.04935,403170
BID,1/7/2015 00:00:00,6.04935,6.23267,6.00353,6.23267,830630
BID,1/8/2015 00:00:00,6.23267,6.32433,6.14101,6.23267,798240
BID,1/9/2015 00:00:00,6.23267,6.64512,6.23267,6.64512,3.29128e+006
BID,1/12/2015 00:00:00,6.87427,7.10341,6.82844,7.10341,3.50914e+006
BID,1/13/2015 00:00:00,7.14924,7.56169,7.14924,7.51586,4.23954e+006
BID,1/14/2015 00:00:00,7.42421,7.74501,7.28672,7.47004,3.62672e+006
BID,1/15/2015 00:00:00,7.47004,7.74501,7.47004,7.51586,3.85473e+006
BID,1/16/2015 00:00:00,7.56169,7.65335,7.42421,7.42421,2.25315e+006
BID,1/19/2015 00:00:00,7.56169,7.69918,7.42421,7.51586,3.21814e+006
BID,1/20/2015 00:00:00,7.47004,7.51586,7.33255,7.42421,1.46856e+006
BID,1/21/2015 00:00:00,7.42421,7.47004,7.19507,7.19507,1.72669e+006
BID,1/22/2015 00:00:00,7.19507,7.65335,7.05758,7.65335,4.91501e+006
BID,1/23/2015 00:00:00,7.88249,8.11163,7.83666,7.97415,5.68556e+006
BID,1/26/2015 00:00:00,7.97415,8.06581,7.88249,7.97415,2.80513e+006
BID,1/27/2015 00:00:00,7.92832,8.24912,7.83666,7.97415,6.30727e+006
BID,1/28/2015 00:00:00,7.97415,8.52409,7.97415,8.52409,7.66444e+006
BID,1/29/2015 00:00:00,8.47826,8.61575,8.20329,8.34078,4.48827e+006
BID,1/30/2015 00:00:00,8.24912,8.29495,7.97415,8.01998,4.22366e+006
BID,2/2/2015 00:00:00,7.97415,8.11163,7.88249,7.88249,2.4165e+006
BID,2/3/2015 00:00:00,8.01998,8.01998,7.33255,7.33255,4.75586e+006
BID,2/4/2015 00:00:00,7.19507,7.28672,6.92009,7.19507,4.5574e+006
BID,2/5/2015 00:00:00,7.24089,7.56169,7.24089,7.51586,1.88909e+006
BID,2/6/2015 00:00:00,7.56169,7.97415,7.47004,7.97415,2.71961e+006
BID,2/9/2015 00:00:00,7.88249,8.11163,7.83666,7.92832,4.54056e+006
BID,2/10/2015 00:00:00,8.15746,8.29495,8.06581,8.20329,3.6854e+006
BID,2/11/2015 00:00:00,8.15746,8.34078,8.11163,8.29495,2.09246e+006
BID,2/12/2015 00:00:00,8.29495,8.34078,8.01998,8.15746,2.683e+006
BID,2/13/2015 00:00:00,8.15746,8.29495,8.01998,8.15746,2.23711e+006
BID,2/24/2015 00:00:00,8.29495,8.52409,8.24912,8.47826,2.60454e+006
BID,2/25/2015 00:00:00,8.61575,8.79906,8.43243,8.47826,6.84433e+006
BID,2/26/2015 00:00:00,8.47826,8.7074,8.47826,8.66158,2.27235e+006
BID,2/27/2015 00:00:00,8.66158,8.75323,8.47826,8.52409,2.06843e+006
BID,3/2/2015 00:00:00,8.43243,8.56992,8.38661,8.47826,2.3219e+006
BID,3/3/2015 00:00:00,8.47826,8.61575,8.47826,8.52409,2.06981e+006
BID,3/4/2015 00:00:00,8.52409,8.56992,8.38661,8.52409,3.16318e+006
BID,3/5/2015 00:00:00,8.52409,8.56992,8.29495,8.29495,2.81295e+006
BID,3/6/2015 00:00:00,8.24912,8.56992,8.20329,8.47826,3.67467e+006
BID,3/9/2015 00:00:00,8.47826,8.52409,8.24912,8.29495,1.68102e+006
BID,3/10/2015 00:00:00,8.24912,8.43243,8.24912,8.38661,1.70074e+006
BID,3/11/2015 00:00:00,8.29495,8.52409,8.29495,8.38661,1.83098e+006
BID,3/12/2015 00:00:00,8.38661,8.47826,8.38661,8.43243,1.2522e+006
BID,3/13/2015 00:00:00,8.47826,8.61575,8.47826,8.52409,2.43359e+006
BID,3/16/2015 00:00:00,8.47826,8.52409,8.38661,8.38661,1.40261e+006
BID,3/17/2015 00:00:00,8.38661,8.47826,8.34078,8.38661,1.21142e+006
BID,3/18/2015 00:00:00,8.34078,8.38661,8.20329,8.24912,2.49584e+006
BID,3/19/2015 00:00:00,8.29495,8.34078,8.06581,8.11163,1.82033e+006
BID,3/20/2015 00:00:00,8.06581,8.24912,8.06581,8.20329,1.17334e+006
BID,3/23/2015 00:00:00,8.20329,8.29495,7.88249,7.92832,1.7699e+006
BID,3/24/2015 00:00:00,7.83666,7.88249,7.65335,7.88249,2.7865e+006
BID,3/25/2015 00:00:00,7.92832,8.06581,7.83666,7.97415,1.10248e+006
BID,3/26/2015 00:00:00,7.88249,8.24912,7.88249,8.15746,2.10598e+006
BID,3/27/2015 00:00:00,8.20329,8.24912,8.06581,8.11163,1.47753e+006
BID,3/30/2015 00:00:00,8.11163,8.15746,7.92832,7.92832,1.26388e+006
BID,3/31/2015 00:00:00,7.83666,8.15746,7.83666,8.06581,1.16976e+006
BID,4/1/2015 00:00:00,8.06581,8.11163,7.92832,7.92832,1.26878e+006
BID,4/2/2015 00:00:00,8.01998,8.20329,7.92832,8.20329,1.27164e+006
BID,4/3/2015 00:00:00,8.20329,8.24912,8.11163,8.15746,1.45002e+006
BID,4/6/2015 00:00:00,8.15746,8.20329,8.11163,8.15746,569590
BID,4/7/2015 00:00:00,8.11163,8.43243,8.11163,8.43243,2.63668e+006
BID,4/8/2015 00:00:00,8.43243,8.52409,8.38661,8.47826,910500
BID,4/9/2015 00:00:00,8.43243,8.66158,8.43243,8.66158,2.45443e+006
BID,4/10/2015 00:00:00,8.61575,8.84489,8.61575,8.7074,3.85217e+006
BID,4/13/2015 00:00:00,8.7074,8.79906,8.56992,8.7074,1.48659e+006
BID,4/14/2015 00:00:00,8.7074,8.89072,8.66158,8.7074,5.0979e+006
BID,4/15/2015 00:00:00,8.61575,8.75323,8.61575,8.7074,2.06948e+006
BID,4/16/2015 00:00:00,8.7074,9.0282,8.7074,8.98238,4.92081e+006
BID,4/17/2015 00:00:00,8.98238,9.07403,8.84489,8.84489,2.68679e+006
BID,4/20/2015 00:00:00,8.79906,8.84489,8.7074,8.75323,1.28459e+006
BID,4/21/2015 00:00:00,8.7074,8.84489,8.61575,8.61575,2.20481e+006
BID,4/22/2015 00:00:00,8.61575,8.7074,8.43243,8.52409,2.70544e+006
BID,4/23/2015 00:00:00,8.56992,8.61575,8.43243,8.52409,1.12742e+006
BID,4/24/2015 00:00:00,8.56992,8.7074,8.56992,8.7074,684920
BID,4/27/2015 00:00:00,8.7074,8.79906,8.61575,8.61575,950380
BID,5/4/2015 00:00:00,8.61575,8.61575,8.01998,8.01998,1.8819e+006
BID,5/5/2015 00:00:00,8.11163,8.29495,7.83666,8.24912,1.98142e+006
BID,5/6/2015 00:00:00,8.24912,8.34078,8.06581,8.15746,761530
BID,5/7/2015 00:00:00,8.06581,8.47826,8.06581,8.43243,771260
BID,5/8/2015 00:00:00,8.63621,8.73325,8.49065,8.68473,1.37664e+006
BID,5/11/2015 00:00:00,8.68473,8.73325,8.58769,8.58769,465380
BID,5/12/2015 00:00:00,8.58769,8.63621,8.29658,8.49065,1.4281e+006
BID,5/13/2015 00:00:00,8.49065,8.53917,8.24806,8.39362,1.62148e+006
BID,5/14/2015 00:00:00,8.39362,8.58769,8.29658,8.49065,804260
BID,5/15/2015 00:00:00,8.53917,8.58769,8.39362,8.39362,1.0132e+006
BID,5/18/2015 00:00:00,8.39362,8.44214,8.24806,8.29658,677080
BID,5/19/2015 00:00:00,8.39362,8.44214,8.29658,8.39362,481540
BID,5/20/2015 00:00:00,8.39362,8.68473,8.39362,8.63621,1.1039e+006
BID,5/21/2015 00:00:00,8.68473,8.78176,8.63621,8.63621,984730
BID,5/22/2015 00:00:00,8.63621,8.92732,8.63621,8.8788,1.88917e+006
BID,5/25/2015 00:00:00,8.83028,9.07287,8.83028,9.02435,1.17046e+006
BID,5/26/2015 00:00:00,9.02435,9.36398,8.97584,9.31546,2.85589e+006
BID,5/27/2015 00:00:00,9.26694,9.65509,9.21843,9.46102,2.26015e+006
BID,5/28/2015 00:00:00,9.50953,10.0432,9.4125,9.84916,3.01604e+006
BID,5/29/2015 00:00:00,9.80064,10.0432,9.70361,9.80064,2.21333e+006
BID,6/1/2015 00:00:00,9.80064,10.4799,9.65509,10.1403,2.52064e+006
BID,6/2/2015 00:00:00,10.1403,10.6254,9.9462,9.99471,3.69962e+006
BID,6/3/2015 00:00:00,10.0432,10.2858,9.80064,9.99471,1.70938e+006
BID,6/4/2015 00:00:00,9.99471,10.2373,9.89768,9.99471,2.76143e+006
BID,6/5/2015 00:00:00,9.9462,10.6254,9.9462,10.5769,2.9371e+006
BID,6/8/2015 00:00:00,10.8195,10.9651,10.5769,10.5769,2.97413e+006
BID,6/9/2015 00:00:00,10.5769,10.674,10.1888,10.2858,3.11763e+006
BID,6/10/2015 00:00:00,10.2858,10.3343,9.99471,10.2858,2.61675e+006
BID,6/11/2015 00:00:00,10.3829,10.5284,10.1888,10.3829,1.45059e+006
BID,6/12/2015 00:00:00,10.3829,10.4799,10.2373,10.2858,1.29123e+006
BID,6/15/2015 00:00:00,10.3343,10.674,10.2858,10.674,2.04005e+006
BID,6/16/2015 00:00:00,10.771,10.868,10.4314,10.4314,1.68291e+006
BID,6/17/2015 00:00:00,10.2858,10.5284,10.2373,10.4314,1.39627e+006
BID,6/18/2015 00:00:00,10.4314,10.5284,10.3343,10.3343,697040
BID,6/19/2015 00:00:00,10.4799,10.771,10.4314,10.5769,1.94761e+006
BID,6/22/2015 00:00:00,10.5769,10.9166,10.5769,10.9166,3.26009e+006
BID,6/23/2015 00:00:00,10.9166,11.0621,10.8195,11.0136,1.95801e+006
BID,6/24/2015 00:00:00,10.9651,11.0136,10.868,10.9651,1.7717e+006
BID,6/25/2015 00:00:00,10.9166,11.0621,10.7225,11.0136,1.55665e+006
BID,6/26/2015 00:00:00,11.0136,11.0136,10.4314,10.4314,2.96566e+006
BID,6/29/2015 00:00:00,10.3343,10.8195,10.2858,10.771,2.15136e+006
BID,6/30/2015 00:00:00,10.674,11.0136,10.674,10.7225,2.04213e+006
BID,7/1/2015 00:00:00,10.771,10.8195,10.5284,10.6254,1.43765e+006
BID,7/2/2015 00:00:00,10.5769,11.3532,10.5769,11.3532,4.03943e+006
BID,7/3/2015 00:00:00,11.6443,12.1295,11.4017,11.9354,2.7026e+006
BID,7/6/2015 00:00:00,12.081,12.4206,11.984,12.2751,2.87776e+006
BID,7/7/2015 00:00:00,12.2751,13.0999,11.984,12.9543,3.13044e+006
BID,7/8/2015 00:00:00,12.7602,13.2939,12.178,12.5662,4.43304e+006
BID,7/9/2015 00:00:00,12.2265,12.7117,12.178,12.2751,5.26064e+006
BID,7/10/2015 00:00:00,12.4691,12.5662,12.2751,12.4691,3.91456e+006
BID,7/13/2015 00:00:00,12.4691,12.7117,12.2265,12.5177,2.41763e+006
BID,7/14/2015 00:00:00,12.4691,13.0514,12.3721,12.8088,3.09298e+006
BID,7/15/2015 00:00:00,12.8573,13.0514,12.5177,12.6147,2.91783e+006
BID,7/16/2015 00:00:00,12.5177,12.6147,12.2751,12.5177,1.99987e+006
BID,7/17/2015 00:00:00,12.4691,12.5177,12.3236,12.3236,1.60157e+006
BID,7/20/2015 00:00:00,12.1295,12.2751,11.8869,12.1295,2.6874e+006
BID,7/21/2015 00:00:00,12.1295,12.3236,12.0325,12.1295,2.00063e+006
BID,7/22/2015 00:00:00,12.0325,12.8088,12.0325,12.8088,1.79321e+006
BID,7/23/2015 00:00:00,12.8573,13.0028,12.5662,12.5662,3.03727e+006
BID,7/24/2015 00:00:00,12.5662,12.6632,12.4206,12.4691,1.45798e+006
BID,7/27/2015 00:00:00,12.4206,12.8573,12.4206,12.7602,1.74731e+006
BID,7/28/2015 00:00:00,12.7602,12.9543,12.6147,12.6147,1.8363e+006
BID,7/29/2015 00:00:00,12.7117,12.8088,12.4691,12.5177,1.85003e+006
BID,7/30/2015 00:00:00,12.5177,12.6632,12.4206,12.5662,1.02414e+006
BID,7/31/2015 00:00:00,12.7117,12.8088,12.3721,12.3721,1.56006e+006
BID,8/3/2015 00:00:00,12.2751,12.2751,11.7899,12.081,3.55047e+006
BID,8/4/2015 00:00:00,12.081,12.1295,11.4503,11.4988,3.00008e+006
BID,8/5/2015 00:00:00,11.5473,11.7899,11.5473,11.6928,1.6896e+006
BID,8/6/2015 00:00:00,11.7414,11.7899,11.2077,11.3532,2.48557e+006
BID,8/7/2015 00:00:00,11.3532,11.4503,11.1591,11.3532,1.37075e+006
BID,8/10/2015 00:00:00,11.3532,11.5958,11.3047,11.5958,741270
BID,8/11/2015 00:00:00,11.6443,12.178,11.5958,11.8869,2.91271e+006
BID,8/12/2015 00:00:00,11.7414,11.8384,11.5473,11.5958,1.73848e+006
BID,8/13/2015 00:00:00,11.5958,11.5958,11.1591,11.1591,2.5924e+006
BID,8/14/2015 00:00:00,11.2246,11.5802,11.1231,11.377,1.20887e+006
BID,8/17/2015 00:00:00,11.3262,11.377,10.6152,10.6659,2.91011e+006
BID,8/18/2015 00:00:00,10.5644,11.1739,10.4628,11.1739,2.13385e+006
BID,8/19/2015 00:00:00,10.7167,11.4278,10.7167,11.1739,1.30777e+006
BID,8/20/2015 00:00:00,10.9199,11.2246,10.7675,10.8691,1.13891e+006
BID,8/21/2015 00:00:00,10.5644,10.8691,10.158,10.7675,2.60162e+006
BID,8/24/2015 00:00:00,10.7675,10.7675,10.0565,10.0565,3.8403e+006
BID,8/25/2015 00:00:00,9.65014,10.4628,9.65014,10.3612,2.3275e+006
BID,8/26/2015 00:00:00,10.3612,11.0723,10.3612,11.0723,1.8585e+006
BID,8/27/2015 00:00:00,11.3262,11.5294,11.2246,11.4786,2.53657e+006
BID,8/28/2015 00:00:00,11.4786,11.8341,11.4278,11.8341,2.49075e+006
BID,8/31/2015 00:00:00,11.8341,11.8849,11.5802,11.7833,1.70634e+006
BID,9/1/2015 00:00:00,11.6818,12.0373,11.631,11.9865,1.68272e+006
BID,9/3/2015 00:00:00,11.9865,11.9865,11.631,11.8341,1.62664e+006
BID,9/4/2015 00:00:00,11.6818,11.9357,11.6818,11.6818,916910
BID,9/7/2015 00:00:00,11.9865,12.342,11.8849,12.0881,2.19531e+006
BID,9/8/2015 00:00:00,12.0881,12.9007,12.0881,12.9007,4.29187e+006
BID,9/9/2015 00:00:00,13.4594,13.4594,13.0531,13.1039,2.98919e+006
BID,9/10/2015 00:00:00,12.8499,13.1547,12.7991,12.9007,1.8999e+006
BID,9/11/2015 00:00:00,12.8499,13.0023,12.6468,12.6976,1.77231e+006
BID,9/14/2015 00:00:00,13.561,13.561,13.561,13.561,1.3371e+006
BID,9/15/2015 00:00:00,14.4752,14.4752,14.1197,14.4752,9.10534e+006
BID,9/16/2015 00:00:00,13.5102,13.5102,13.5102,13.5102,130560
BID,9/17/2015 00:00:00,12.596,12.596,12.596,12.596,68170
BID,9/18/2015 00:00:00,11.7325,12.596,11.7325,12.4436,6.91675e+006
BID,9/21/2015 00:00:00,12.4436,12.6976,12.1897,12.596,761850
BID,9/22/2015 00:00:00,12.596,12.6468,12.3928,12.4944,893470
BID,9/23/2015 00:00:00,12.2404,12.342,12.0881,12.2912,2.32602e+006
BID,9/24/2015 00:00:00,12.342,12.4436,12.1389,12.1389,1.17888e+006
BID,9/25/2015 00:00:00,12.1389,12.2912,12.0881,12.1897,762190
BID,9/28/2015 00:00:00,12.1897,12.1897,11.9357,11.9357,825810
BID,9/29/2015 00:00:00,11.7833,11.9865,11.7325,11.9357,1.32625e+006
BID,9/30/2015 00:00:00,11.9357,12.1389,11.9357,12.0373,600380
BID,10/1/2015 00:00:00,11.9865,12.1389,11.9357,11.9357,201000
BID,10/2/2015 00:00:00,11.9357,11.9357,11.7833,11.7833,577300
BID,10/5/2015 00:00:00,11.8849,12.0373,11.8341,11.9865,499560
BID,10/6/2015 00:00:00,12.1897,12.5452,12.1897,12.4944,1.79195e+006
BID,10/7/2015 00:00:00,12.596,12.596,12.1897,12.1897,764870
BID,10/8/2015 00:00:00,12.1897,12.4436,12.1897,12.2912,894920
BID,10/9/2015 00:00:00,12.4436,12.6468,12.2912,12.3928,1.8059e+006
BID,10/12/2015 00:00:00,12.2912,12.6468,12.2912,12.4436,1.02772e+006
BID,10/13/2015 00:00:00,12.4436,12.596,12.3928,12.4944,783600
BID,10/14/2015 00:00:00,12.4944,12.4944,12.342,12.3928,776170
BID,10/15/2015 00:00:00,12.4436,12.5452,12.2912,12.3928,1.23469e+006
BID,10/16/2015 00:00:00,12.3928,12.5452,12.342,12.4436,1.05744e+006
BID,10/19/2015 00:00:00,12.4436,12.4944,12.342,12.4436,589810
BID,10/20/2015 00:00:00,12.3928,12.4436,12.1897,12.1897,992240
BID,10/21/2015 00:00:00,12.1897,12.342,12.0881,12.1897,749170
BID,10/22/2015 00:00:00,12.1897,12.3928,12.0881,12.2404,312420
BID,10/23/2015 00:00:00,12.4436,12.5452,12.342,12.4944,1.0757e+006
BID,10/26/2015 00:00:00,12.5452,12.5452,12.342,12.342,743780
BID,10/27/2015 00:00:00,12.3928,12.4944,12.342,12.3928,759540
BID,10/28/2015 00:00:00,12.342,12.4436,12.1897,12.1897,583210
BID,10/29/2015 00:00:00,12.2912,12.342,12.1897,12.2912,729800
BID,10/30/2015 00:00:00,12.2404,12.342,12.1897,12.2404,444740
BID,11/2/2015 00:00:00,12.1897,12.3928,12.1897,12.2404,856570
BID,11/3/2015 00:00:00,12.2404,12.2404,12.0881,12.1897,686240
BID,11/4/2015 00:00:00,12.1897,12.2912,12.0373,12.0373,755690
BID,11/5/2015 00:00:00,11.9865,12.0881,11.9357,11.9865,578350
BID,11/6/2015 00:00:00,11.9865,12.1897,11.8849,11.9865,700470
BID,11/9/2015 00:00:00,11.9865,12.1389,11.9357,12.0373,360310
BID,11/10/2015 00:00:00,12.0373,12.0373,11.8341,11.8849,644920
BID,11/11/2015 00:00:00,11.8849,11.9357,11.7325,11.7325,285280
BID,11/12/2015 00:00:00,11.7325,11.8849,11.631,11.8341,722320
BID,11/13/2015 00:00:00,11.8341,12.0373,11.6818,12.0373,577460
BID,11/16/2015 00:00:00,11.9865,12.0373,11.8341,11.9357,204700
BID,11/17/2015 00:00:00,11.9865,11.9865,11.8341,11.8849,487770
BID,11/18/2015 00:00:00,11.8849,11.9357,11.8341,11.8849,376510
BID,11/19/2015 00:00:00,11.9357,11.9865,11.8341,11.8849,222220
BID,11/20/2015 00:00:00,11.8849,11.9357,11.7833,11.9357,796570
BID,11/23/2015 00:00:00,11.8341,11.9357,11.7833,11.7833,483040
BID,11/24/2015 00:00:00,11.7325,11.7833,11.5802,11.631,573180
BID,11/25/2015 00:00:00,11.5294,11.6818,11.377,11.4786,449700
BID,11/26/2015 00:00:00,10.8691,11.1739,10.8691,10.9707,2.4653e+006
BID,11/27/2015 00:00:00,11.0215,11.0215,10.7675,10.8183,1.03189e+006
BID,11/30/2015 00:00:00,10.6659,10.6659,10.2088,10.3612,1.24542e+006
BID,12/1/2015 00:00:00,10.3104,10.5644,10.2596,10.5136,798460
BID,12/2/2015 00:00:00,10.5644,11.0215,10.5644,10.7675,1.34312e+006
BID,12/3/2015 00:00:00,10.8691,10.8691,10.7675,10.8183,903160
BID,12/4/2015 00:00:00,10.7167,10.7675,10.5644,10.5644,580460
BID,12/7/2015 00:00:00,10.412,10.5644,10.3612,10.412,615120
BID,12/8/2015 00:00:00,10.3104,10.6659,10.2596,10.6659,859320
BID,12/9/2015 00:00:00,10.7675,10.7675,10.4628,10.4628,317220
BID,12/10/2015 00:00:00,10.3104,10.4628,10.2596,10.3104,685510
BID,12/11/2015 00:00:00,10.2596,10.3612,10.2088,10.2088,938690
BID,12/14/2015 00:00:00,10.158,10.3612,10.1073,10.158,479600
BID,12/15/2015 00:00:00,10.158,10.3104,10.0565,10.158,1.71081e+006
BID,12/16/2015 00:00:00,10.158,10.5644,10.158,10.4628,6.45391e+006
BID,12/17/2015 00:00:00,11.0723,11.0723,10.7675,10.9199,1.96231e+006
BID,12/18/2015 00:00:00,10.7167,10.9199,10.7167,10.8183,1.29764e+006
BID,12/21/2015 00:00:00,10.6152,10.6659,10.4628,10.5136,2.29213e+006
BID,12/22/2015 00:00:00,10.5136,10.8183,10.4628,10.6152,1.43822e+006
BID,12/23/2015 00:00:00,10.6152,10.7675,10.5136,10.5136,660920
BID,12/24/2015 00:00:00,10.6152,10.6152,10.412,10.412,625710
BID,12/25/2015 00:00:00,10.412,10.5644,10.3612,10.3612,1.17944e+006
BID,12/28/2015 00:00:00,10.3612,10.412,10.158,10.2596,1.56715e+006
BID,12/29/2015 00:00:00,10.3104,10.5136,10.2088,10.5136,979430
BID,12/30/2015 00:00:00,10.5136,10.7167,10.5136,10.5644,1.2424e+006
BID,12/31/2015 00:00:00,10.5644,10.6152,10.412,10.4628,1.00049e+006
BID,1/4/2016 00:00:00,10.5644,10.5644,10.2596,10.2596,1.01927e+006
BID,1/5/2016 00:00:00,10.2596,10.3612,10.158,10.2088,1.10428e+006
BID,1/6/2016 00:00:00,10.158,10.3104,10.158,10.2596,895200
BID,1/7/2016 00:00:00,10.2088,10.2596,9.65014,9.80252,2.58335e+006
BID,1/8/2016 00:00:00,9.80252,9.80252,9.29461,9.54856,1.21777e+006
BID,1/11/2016 00:00:00,9.65014,9.80252,9.59935,9.65014,902550
BID,1/12/2016 00:00:00,9.65014,9.80252,9.65014,9.80252,615630
BID,1/13/2016 00:00:00,9.8533,9.9041,9.59935,9.65014,528540
BID,1/14/2016 00:00:00,9.54856,9.59935,9.3454,9.39619,1.115e+006
BID,1/15/2016 00:00:00,9.39619,9.54856,9.04066,9.04066,1.334e+006
BID,1/18/2016 00:00:00,8.8375,8.8375,8.43118,8.43118,3.66453e+006
BID,1/19/2016 00:00:00,8.43118,8.73592,8.43118,8.68513,1.60671e+006
BID,1/20/2016 00:00:00,8.68513,8.68513,8.53276,8.58355,760120
BID,1/21/2016 00:00:00,8.53276,8.58355,8.02486,8.02486,2.69973e+006
BID,1/22/2016 00:00:00,8.02486,8.07565,7.46616,7.61854,5.37656e+006
BID,1/25/2016 00:00:00,7.92328,8.12644,7.87249,8.12644,1.96452e+006
BID,1/26/2016 00:00:00,8.27881,8.53276,7.87249,8.38039,2.67807e+006
BID,1/27/2016 00:00:00,8.38039,8.78671,8.3296,8.73592,2.31462e+006
BID,1/28/2016 00:00:00,8.88829,8.88829,8.38039,8.38039,1.85309e+006
BID,1/29/2016 00:00:00,8.38039,8.58355,8.3296,8.53276,1.76447e+006
BID,2/1/2016 00:00:00,8.38039,8.58355,8.27881,8.27881,1.62671e+006
BID,2/2/2016 00:00:00,8.27881,8.53276,8.12644,8.22802,824540
BID,2/3/2016 00:00:00,8.17723,8.3296,8.12644,8.3296,718690
BID,2/4/2016 00:00:00,8.38039,8.43118,8.22802,8.22802,1.09937e+006
BID,2/5/2016 00:00:00,8.22802,8.3296,8.17723,8.3296,490750
BID,2/15/2016 00:00:00,8.27881,8.38039,8.17723,8.3296,452890
BID,2/16/2016 00:00:00,8.38039,8.38039,8.22802,8.27881,781240
BID,2/17/2016 00:00:00,8.27881,8.27881,8.12644,8.12644,1.51174e+006
BID,2/18/2016 00:00:00,8.22802,8.3296,8.17723,8.17723,1.27791e+006
BID,2/19/2016 00:00:00,8.22802,8.48197,8.17723,8.38039,1.64778e+006
BID,2/22/2016 00:00:00,8.48197,8.73592,8.43118,8.73592,2.24792e+006
BID,2/23/2016 00:00:00,8.78671,8.8375,8.58355,8.63434,1.8719e+006
BID,2/24/2016 00:00:00,8.58355,9.19303,8.53276,9.19303,5.78065e+006
BID,2/25/2016 00:00:00,9.44698,9.65014,9.19303,9.29461,3.2645e+006
BID,2/26/2016 00:00:00,9.39619,9.49777,9.24382,9.3454,1.8136e+006
BID,2/29/2016 00:00:00,9.24382,9.29461,8.98987,8.98987,2.48418e+006
BID,3/1/2016 00:00:00,8.98987,9.19303,8.98987,8.98987,1.86633e+006
BID,3/2/2016 00:00:00,9.14224,9.29461,9.09145,9.29461,1.8113e+006
BID,3/3/2016 00:00:00,9.29461,9.3454,9.14224,9.24382,1.27445e+006
BID,3/4/2016 00:00:00,9.24382,9.29461,9.19303,9.19303,1.1802e+006
BID,3/7/2016 00:00:00,9.24382,9.24382,9.09145,9.09145,1.71371e+006
BID,3/8/2016 00:00:00,9.09145,9.14224,8.98987,9.04066,1.48544e+006
BID,3/9/2016 00:00:00,9.04066,9.09145,8.78671,8.8375,1.23699e+006
BID,3/10/2016 00:00:00,8.93908,8.98987,8.8375,8.98987,951910
BID,3/11/2016 00:00:00,9.09145,9.14224,8.98987,8.98987,1.29946e+006
BID,3/14/2016 00:00:00,9.04066,9.09145,8.93908,8.98987,968310
BID,3/15/2016 00:00:00,8.98987,8.98987,8.8375,8.88829,1.20871e+006
BID,3/16/2016 00:00:00,8.88829,9.04066,8.8375,8.98987,1.39867e+006
BID,3/17/2016 00:00:00,9.04066,9.09145,8.98987,8.98987,970590
BID,3/18/2016 00:00:00,8.98987,8.98987,8.78671,8.93908,954300
BID,3/21/2016 00:00:00,8.98987,9.09145,8.93908,8.93908,1.46408e+006
BID,3/22/2016 00:00:00,8.93908,8.93908,8.78671,8.78671,1.31385e+006
BID,3/23/2016 00:00:00,8.78671,8.93908,8.78671,8.93908,994300
BID,3/24/2016 00:00:00,8.88829,8.88829,8.73592,8.73592,943010
BID,3/25/2016 00:00:00,8.73592,8.78671,8.58355,8.78671,1.47322e+006
BID,3/28/2016 00:00:00,8.8375,8.8375,8.68513,8.73592,580320
BID,3/29/2016 00:00:00,8.63434,8.73592,8.58355,8.58355,697840
BID,3/30/2016 00:00:00,8.58355,8.63434,8.48197,8.58355,824140
BID,3/31/2016 00:00:00,8.68513,8.73592,8.48197,8.48197,769430
BID,4/1/2016 00:00:00,8.53276,8.63434,8.43118,8.43118,1.18742e+006
BID,4/4/2016 00:00:00,8.43118,8.63434,8.38039,8.38039,764980
BID,4/5/2016 00:00:00,8.38039,8.48197,8.38039,8.43118,437370
BID,4/6/2016 00:00:00,8.43118,8.58355,8.43118,8.58355,1.19753e+006
BID,4/7/2016 00:00:00,8.63434,8.63434,8.53276,8.58355,452990
BID,4/8/2016 00:00:00,8.58355,8.58355,8.53276,8.53276,259830
BID,4/11/2016 00:00:00,8.53276,8.58355,8.38039,8.48197,1.312e+006
BID,4/12/2016 00:00:00,8.38039,8.43118,8.17723,8.22802,1.53393e+006
BID,4/13/2016 00:00:00,8.12644,8.17723,7.87249,8.02486,2.08501e+006
BID,4/14/2016 00:00:00,8.02486,8.27881,7.97407,8.07565,1.64257e+006
BID,4/15/2016 00:00:00,8.22802,8.22802,8.07565,8.12644,701360
BID,4/19/2016 00:00:00,8.07565,8.07565,7.92328,7.92328,1.09977e+006
BID,4/20/2016 00:00:00,7.97407,8.07565,7.92328,7.97407,1.06779e+006
BID,4/21/2016 00:00:00,8.02486,8.07565,7.92328,8.07565,854710
BID,4/22/2016 00:00:00,8.02486,8.63434,7.97407,8.63434,2.81702e+006
BID,4/25/2016 00:00:00,8.88829,9.14224,8.88829,8.88829,3.95554e+006
BID,4/26/2016 00:00:00,8.88829,8.88829,8.68513,8.78671,956530
BID,4/27/2016 00:00:00,8.8375,8.8375,8.53276,8.63434,1.22287e+006
BID,4/28/2016 00:00:00,8.63434,8.68513,8.38039,8.38039,866470
BID,4/29/2016 00:00:00,8.38039,8.88829,8.38039,8.88829,3.03865e+006
BID,5/4/2016 00:00:00,8.78671,8.98987,8.63434,8.78671,1.4261e+006
BID,5/5/2016 00:00:00,8.73592,9.14224,8.73592,8.98987,3.03426e+006
BID,5/6/2016 00:00:00,8.98987,9.3454,8.98987,9.19303,4.36352e+006
BID,5/9/2016 00:00:00,9.24382,9.3454,8.98987,9.04066,2.11508e+006
BID,5/10/2016 00:00:00,8.98987,9.39619,8.88829,9.29461,3.71607e+006
BID,5/11/2016 00:00:00,9.39619,9.49777,9.3454,9.44698,3.1211e+006
BID,5/12/2016 00:00:00,9.49777,9.49777,9.3454,9.49777,2.14999e+006
BID,5/13/2016 00:00:00,9.44698,9.59935,9.39619,9.49777,3.10402e+006
BID,5/16/2016 00:00:00,9.44698,9.54856,9.39619,9.44698,1.57335e+006
BID,5/17/2016 00:00:00,9.54856,9.75173,9.49777,9.65014,3.20963e+006
BID,5/18/2016 00:00:00,9.65014,9.80252,9.59935,9.65014,1.9857e+006
BID,5/19/2016 00:00:00,9.59935,9.65014,9.44698,9.44698,966170
BID,5/20/2016 00:00:00,9.44698,9.54856,9.24382,9.29461,1.977e+006
BID,5/23/2016 00:00:00,9.29461,9.3454,9.09145,9.09145,1.52971e+006
BID,5/24/2016 00:00:00,9.09145,9.19303,8.98987,9.09145,1.6447e+006
BID,5/25/2016 00:00:00,9.14224,9.24382,9.09145,9.09145,938560
BID,5/26/2016 00:00:00,9.04066,9.09145,8.8375,8.88829,1.60238e+006
BID,5/27/2016 00:00:00,8.88829,9.04066,8.78671,9.04066,1.46654e+006
BID,5/30/2016 00:00:00,9.04066,9.24382,8.98987,9.19303,661330
BID,5/31/2016 00:00:00,9.24382,9.3454,9.19303,9.24382,1.81328e+006
BID,6/1/2016 00:00:00,9.14224,9.3454,9.14224,9.29461,1.03296e+006
BID,6/2/2016 00:00:00,9.29461,9.39619,9.24382,9.39619,834990
BID,6/3/2016 00:00:00,9.39619,9.44698,9.29461,9.29461,1.11554e+006
BID,6/6/2016 00:00:00,9.29461,9.29461,9.14224,9.24382,1.08328e+006
BID,6/7/2016 00:00:00,9.29461,9.29461,9.14224,9.19303,1.1495e+006
BID,6/8/2016 00:00:00,9.14224,9.39619,9.14224,9.29461,1.69927e+006
BID,6/9/2016 00:00:00,9.29461,9.59935,9.24382,9.54856,2.94351e+006
BID,6/10/2016 00:00:00,9.49777,9.65014,9.44698,9.44698,3.93531e+006
BID,6/13/2016 00:00:00,9.39619,9.44698,9.24382,9.29461,886660
BID,6/14/2016 00:00:00,9.19303,9.29461,9.14224,9.19303,1.1152e+006
BID,6/15/2016 00:00:00,9.14224,9.29461,9.14224,9.19303,867900
BID,6/16/2016 00:00:00,9.24382,9.29461,9.14224,9.14224,819390
BID,6/17/2016 00:00:00,9.14224,9.19303,8.98987,9.14224,965090
BID,6/20/2016 00:00:00,9.09145,9.14224,9.04066,9.14224,595980
BID,6/21/2016 00:00:00,9.24382,9.24382,9.09145,9.14224,575810
BID,6/22/2016 00:00:00,9.14224,9.14224,9.04066,9.09145,371290
BID,6/23/2016 00:00:00,9.09145,9.19303,9.04066,9.14224,764500
BID,6/24/2016 00:00:00,9.09145,9.09145,8.58355,8.98987,1.93651e+006
BID,6/27/2016 00:00:00,8.78671,8.88829,8.68513,8.88829,799990
BID,6/28/2016 00:00:00,8.88829,8.88829,8.73592,8.88829,351720
BID,6/29/2016 00:00:00,8.88829,9.04066,8.8375,8.93908,1.08353e+006
BID,6/30/2016 00:00:00,8.93908,8.98987,8.8375,8.88829,639570
BID,7/1/2016 00:00:00,8.8375,8.93908,8.78671,8.8375,788490
BID,7/4/2016 00:00:00,8.8375,8.88829,8.68513,8.88829,1.55577e+006
BID,7/5/2016 00:00:00,8.88829,9.24382,8.8375,9.14224,2.06634e+006
BID,7/6/2016 00:00:00,9.04066,9.09145,8.98987,9.09145,598240
BID,7/7/2016 00:00:00,9.04066,9.09145,8.98987,9.09145,602090
BID,7/8/2016 00:00:00,9.09145,9.09145,8.78671,9.04066,1.26673e+006
BID,7/11/2016 00:00:00,9.04066,9.19303,8.88829,9.04066,2.01231e+006
BID,7/12/2016 00:00:00,9.09145,9.09145,8.93908,9.04066,687640
BID,7/13/2016 00:00:00,9.04066,9.49777,9.04066,9.39619,4.32778e+006
BID,7/14/2016 00:00:00,9.44698,9.70093,9.44698,9.44698,4.3154e+006
BID,7/15/2016 00:00:00,9.39619,9.44698,9.29461,9.39619,1.12316e+006
BID,7/18/2016 00:00:00,9.29461,9.49777,9.19303,9.44698,2.08208e+006
BID,7/19/2016 00:00:00,9.44698,9.44698,9.04066,9.14224,2.75845e+006
BID,7/20/2016 00:00:00,9.14224,9.19303,8.98987,8.98987,1.36332e+006
BID,7/21/2016 00:00:00,8.98987,9.09145,8.93908,8.98987,1.70547e+006
BID,7/22/2016 00:00:00,8.93908,8.98987,8.78671,8.98987,2.00951e+006
BID,7/25/2016 00:00:00,8.98987,9.04066,8.88829,8.93908,581260
BID,7/26/2016 00:00:00,8.93908,8.98987,8.8375,8.88829,858490
BID,7/27/2016 00:00:00,8.8375,9.04066,8.8375,8.98987,1.09137e+006
BID,7/28/2016 00:00:00,8.93908,9.04066,8.88829,8.93908,501590
BID,7/29/2016 00:00:00,8.88829,8.93908,8.8375,8.93908,805210
BID,8/1/2016 00:00:00,9.04066,9.04066,8.8375,8.93908,707890
BID,8/2/2016 00:00:00,8.88829,8.88829,8.63434,8.68513,1.1697e+006
BID,8/3/2016 00:00:00,8.73592,8.73592,8.53276,8.68513,1.31746e+006
BID,8/4/2016 00:00:00,8.68513,8.73592,8.58355,8.58355,1.12824e+006
BID,8/5/2016 00:00:00,8.48197,8.53276,8.27881,8.48197,1.69097e+006
BID,8/8/2016 00:00:00,8.38039,8.43118,8.22802,8.43118,1.55199e+006
BID,8/9/2016 00:00:00,8.43118,8.48197,8.3296,8.38039,519900
BID,8/10/2016 00:00:00,8.27881,8.58355,8.27881,8.58355,1.14817e+006
BID,8/11/2016 00:00:00,8.58355,8.78671,8.48197,8.78671,1.22889e+006
BID,8/12/2016 00:00:00,8.68513,8.78671,8.53276,8.68513,434800
BID,8/15/2016 00:00:00,8.58355,8.68513,8.53276,8.68513,632830
BID,8/16/2016 00:00:00,8.68513,8.68513,8.53276,8.58355,827940
BID,8/17/2016 00:00:00,8.58355,8.63434,8.48197,8.58355,285200
BID,8/18/2016 00:00:00,8.53276,8.53276,8.38039,8.48197,1.34354e+006
BID,8/19/2016 00:00:00,8.48197,8.48197,8.27881,8.43118,2.02945e+006
BID,8/22/2016 00:00:00,8.3296,8.43118,8.3296,8.38039,1.25798e+006
BID,8/23/2016 00:00:00,8.3296,8.38039,8.27881,8.38039,903350
BID,8/24/2016 00:00:00,8.38039,8.38039,8.22802,8.27881,1.61233e+006
BID,8/25/2016 00:00:00,8.27881,8.3296,8.17723,8.27881,703200
BID,8/26/2016 00:00:00,8.3296,8.48197,8.27881,8.3296,1.29727e+006
BID,8/29/2016 00:00:00,8.38039,8.43118,8.3296,8.38039,1.09163e+006
BID,8/30/2016 00:00:00,8.3296,8.38039,8.27881,8.38039,466210
BID,8/31/2016 00:00:00,8.3296,8.38039,8.27881,8.3296,734920
BID,9/1/2016 00:00:00,8.3296,8.3296,8.17723,8.3296,900430
BID,9/5/2016 00:00:00,8.27881,8.3296,8.07565,8.3296,1.3063e+006
BID,9/6/2016 00:00:00,8.17723,8.27881,8.17723,8.17723,828750
BID,9/7/2016 00:00:00,8.17723,8.22802,8.07565,8.17723,1.32956e+006
BID,9/8/2016 00:00:00,8.27881,8.27881,8.12644,8.27881,541640
BID,9/9/2016 00:00:00,8.22802,8.27881,8.22802,8.27881,447890
BID,9/12/2016 00:00:00,8.3296,8.35499,8.17723,8.27881,815890
BID,9/13/2016 00:00:00,8.22802,8.27881,8.17723,8.22802,477480
BID,9/14/2016 00:00:00,8.12644,8.17723,8.07565,8.07565,652350
BID,9/15/2016 00:00:00,8.07565,8.12644,7.99946,8.07565,916150
BID,9/16/2016 00:00:00,8.07565,8.07565,7.92328,8.05025,758660
BID,9/19/2016 00:00:00,8.07565,8.10104,7.99946,8.02486,367810
BID,9/20/2016 00:00:00,7.99946,8.12644,7.89788,8.12644,983190
BID,9/21/2016 00:00:00,8.02486,8.27881,8.02486,8.17723,960130
BID,9/22/2016 00:00:00,8.17723,8.27881,8.12644,8.15183,502770
BID,9/23/2016 00:00:00,8.15183,8.15183,8.05025,8.15183,753340
BID,9/26/2016 00:00:00,8.15183,8.15183,8.02486,8.10104,775690
BID,9/27/2016 00:00:00,8.02486,8.53276,8.02486,8.53276,4.49914e+006
BID,9/28/2016 00:00:00,8.53276,8.81211,8.48197,8.81211,3.58928e+006
BID,9/29/2016 00:00:00,8.78671,8.78671,8.50736,8.63434,1.27017e+006
BID,9/30/2016 00:00:00,8.48197,8.68513,8.45657,8.63434,1.67267e+006
BID,10/3/2016 00:00:00,8.63434,8.68513,8.50736,8.63434,1.6771e+006
BID,10/4/2016 00:00:00,8.58355,8.81211,8.55815,8.68513,1.68454e+006
BID,10/5/2016 00:00:00,8.68513,8.8629,8.63434,8.78671,1.59728e+006
BID,10/6/2016 00:00:00,8.76132,8.81211,8.65973,8.78671,2.47839e+006
BID,10/7/2016 00:00:00,8.73592,8.78671,8.60894,8.63434,905070
BID,10/10/2016 00:00:00,8.60894,8.68513,8.48197,8.50736,778870
BID,10/11/2016 00:00:00,8.50736,8.53276,8.3296,8.53276,1.97489e+006
BID,10/12/2016 00:00:00,8.53276,8.58355,8.48197,8.53276,422240
BID,10/13/2016 00:00:00,8.50736,8.53276,8.48197,8.53276,421910
BID,10/14/2016 00:00:00,8.48197,8.68513,8.45657,8.63434,2.34978e+006
BID,10/17/2016 00:00:00,8.58355,8.71052,8.58355,8.68513,897530
BID,10/18/2016 00:00:00,8.68513,8.68513,8.50736,8.63434,251130
BID,10/19/2016 00:00:00,8.55815,8.98987,8.55815,8.98987,5.95757e+006
BID,10/20/2016 00:00:00,9.04066,9.04066,8.88829,8.93908,2.28106e+006
BID,10/21/2016 00:00:00,8.8375,8.98987,8.8375,8.93908,929330
BID,10/24/2016 00:00:00,9.04066,9.09145,8.93908,8.96448,3.45802e+006
BID,10/25/2016 00:00:00,8.96448,8.96448,8.73592,8.8629,2.23277e+006
BID,10/26/2016 00:00:00,8.78671,8.88829,8.63434,8.76132,1.23086e+006
BID,10/27/2016 00:00:00,8.68513,8.71052,8.48197,8.48197,2.3076e+006
BID,10/28/2016 00:00:00,8.53276,8.73592,8.50736,8.68513,1.92649e+006
BID,10/31/2016 00:00:00,8.68513,8.73592,8.48197,8.48197,1.09096e+006
BID,11/1/2016 00:00:00,8.48197,8.63434,8.45657,8.63434,1.40729e+006
BID,11/2/2016 00:00:00,8.63434,8.63434,8.48197,8.55815,1.4224e+006
BID,11/3/2016 00:00:00,8.66513,8.66513,8.47792,8.61164,1.91743e+006
BID,11/4/2016 00:00:00,8.50467,8.66513,8.45118,8.66513,1.59054e+006
BID,11/7/2016 00:00:00,8.53141,8.66513,8.45118,8.45118,1.29132e+006
BID,11/8/2016 00:00:00,8.45118,8.55815,8.42443,8.42443,650940
BID,11/9/2016 00:00:00,8.45118,8.45118,7.91629,8.45118,1.44488e+006
BID,11/10/2016 00:00:00,8.50467,8.50467,8.39769,8.45118,1.0482e+006
BID,11/11/2016 00:00:00,8.39769,8.47792,8.31746,8.39769,730860
BID,11/14/2016 00:00:00,8.42443,8.42443,8.18373,8.21048,1.11721e+006
BID,11/15/2016 00:00:00,8.21048,8.29071,8.18373,8.21048,943440
BID,11/16/2016 00:00:00,8.21048,8.29071,8.21048,8.26397,554170
BID,11/17/2016 00:00:00,8.26397,8.26397,8.18373,8.18373,680780
BID,11/18/2016 00:00:00,8.21048,8.21048,8.13025,8.18373,837340
BID,11/21/2016 00:00:00,8.23722,8.39769,8.23722,8.29071,2.00279e+006
BID,11/22/2016 00:00:00,8.29071,8.61164,8.29071,8.61164,1.90503e+006
BID,11/23/2016 00:00:00,8.66513,8.74536,8.61164,8.61164,3.22153e+006
BID,11/24/2016 00:00:00,8.61164,8.61164,8.39769,8.55815,617020
BID,11/25/2016 00:00:00,8.55815,8.55815,8.39769,8.50467,840410
BID,11/28/2016 00:00:00,8.45118,8.45118,8.31746,8.39769,1.81854e+006
BID,11/29/2016 00:00:00,8.39769,8.42443,8.13025,8.13025,1.66532e+006
BID,11/30/2016 00:00:00,8.23722,8.26397,8.1035,8.18373,2.36891e+006
BID,12/1/2016 00:00:00,8.23722,8.23722,8.15699,8.23722,2.93624e+006
BID,12/2/2016 00:00:00,8.21048,8.23722,8.13025,8.18373,1.33551e+006
BID,12/5/2016 00:00:00,8.18373,8.18373,8.02327,8.13025,1.64057e+006
BID,12/6/2016 00:00:00,8.05001,8.07676,7.75583,7.88955,2.27909e+006
BID,12/7/2016 00:00:00,7.88955,7.94304,7.83606,7.88955,1.78435e+006
BID,12/8/2016 00:00:00,7.88955,7.94304,7.83606,7.91629,1.62361e+006
BID,12/9/2016 00:00:00,7.91629,7.96978,7.83606,7.88955,772520
BID,12/12/2016 00:00:00,7.80932,7.88955,7.72908,7.80932,1.56524e+006
BID,12/13/2016 00:00:00,7.75583,7.75583,7.48839,7.64885,2.48813e+006
BID,12/14/2016 00:00:00,7.54187,8.13025,7.51513,8.13025,1.76262e+006
BID,12/15/2016 00:00:00,7.91629,8.02327,7.75583,8.02327,2.15787e+006
BID,12/16/2016 00:00:00,7.78257,7.91629,7.78257,7.83606,1.66347e+006
BID,12/19/2016 00:00:00,7.83606,8.02327,7.83606,7.88955,1.82373e+006
BID,12/20/2016 00:00:00,7.91629,7.94304,7.83606,7.88955,1.29897e+006
BID,12/21/2016 00:00:00,7.88955,7.96978,7.78257,7.96978,1.77831e+006
BID,12/22/2016 00:00:00,7.88955,7.88955,7.75583,7.80932,967740
BID,12/23/2016 00:00:00,7.80932,7.80932,7.67559,7.80932,1.83728e+006
BID,12/26/2016 00:00:00,7.80932,7.88955,7.78257,7.80932,1.12783e+006
BID,12/27/2016 00:00:00,7.80932,7.80932,7.67559,7.75583,1.46389e+006
BID,12/28/2016 00:00:00,7.78257,7.78257,7.64885,7.72908,1.80521e+006
BID,12/29/2016 00:00:00,7.70234,7.72908,7.59536,7.64885,1.70782e+006
BID,12/30/2016 00:00:00,7.62211,7.70234,7.59536,7.59536,1.43998e+006
BID,1/3/2017 00:00:00,7.67559,8.1035,7.67559,8.1035,4.954e+006
BID,1/4/2017 00:00:00,8.18373,8.39769,8.18373,8.26397,4.67447e+006
BID,1/5/2017 00:00:00,8.21048,8.39769,8.13025,8.23722,1.98858e+006
BID,1/6/2017 00:00:00,8.13025,8.5849,8.13025,8.42443,6.33828e+006
BID,1/9/2017 00:00:00,8.45118,8.77211,8.45118,8.66513,6.1607e+006
BID,1/10/2017 00:00:00,8.61164,8.66513,8.53141,8.61164,2.47178e+006
BID,1/11/2017 00:00:00,8.66513,8.87909,8.5849,8.87909,7.29291e+006
BID,1/12/2017 00:00:00,8.87909,8.87909,8.77211,8.8256,3.5415e+006
BID,1/13/2017 00:00:00,8.8256,8.85234,8.63839,8.69188,3.41424e+006
BID,1/16/2017 00:00:00,8.69188,8.71862,8.45118,8.45118,2.73961e+006
BID,1/17/2017 00:00:00,8.61164,9.01281,8.53141,8.98606,6.53842e+006
BID,1/18/2017 00:00:00,8.98606,9.2535,8.79885,8.79885,5.52349e+006
BID,1/19/2017 00:00:00,8.74536,8.90583,8.71862,8.79885,1.9974e+006
BID,1/20/2017 00:00:00,8.8256,9.03955,8.77211,8.90583,3.22689e+006
BID,1/23/2017 00:00:00,8.93257,9.09304,8.87909,9.01281,3.41229e+006
BID,1/24/2017 00:00:00,9.01281,9.17327,9.01281,9.09304,3.13004e+006
BID,1/25/2017 00:00:00,9.09304,9.09304,8.8256,9.03955,2.42436e+006
BID,2/2/2017 00:00:00,9.03955,9.20002,8.90583,9.20002,3.03303e+006
BID,2/3/2017 00:00:00,9.20002,9.38723,9.11978,9.20002,4.05758e+006
BID,2/6/2017 00:00:00,9.20002,9.30699,9.09304,9.20002,2.89639e+006
BID,2/7/2017 00:00:00,9.11978,9.28025,9.06629,9.14653,3.55094e+006
BID,2/8/2017 00:00:00,9.14653,9.20002,9.01281,9.09304,3.71642e+006
BID,2/9/2017 00:00:00,9.09304,9.17327,9.01281,9.01281,3.89423e+006
BID,2/10/2017 00:00:00,9.01281,9.17327,8.98606,9.14653,3.88246e+006
BID,2/13/2017 00:00:00,9.14653,9.17327,9.01281,9.01281,2.35692e+006
BID,2/14/2017 00:00:00,9.03955,9.11978,9.01281,9.09304,3.45252e+006
BID,2/15/2017 00:00:00,9.06629,9.30699,9.01281,9.28025,3.86652e+006
BID,2/16/2017 00:00:00,9.22676,9.33374,9.09304,9.09304,4.20754e+006
BID,2/17/2017 00:00:00,9.03955,9.11978,8.95932,9.03955,2.31541e+006
BID,2/20/2017 00:00:00,8.98606,9.01281,8.8256,8.87909,4.31965e+006
BID,2/21/2017 00:00:00,8.90583,9.01281,8.90583,8.93257,3.46622e+006
BID,2/22/2017 00:00:00,8.95932,8.98606,8.8256,8.87909,2.0272e+006
BID,2/23/2017 00:00:00,8.87909,8.93257,8.74536,8.90583,1.91796e+006
BID,2/24/2017 00:00:00,8.8256,8.98606,8.8256,8.90583,2.71755e+006
BID,2/27/2017 00:00:00,8.8256,8.93257,8.79885,8.93257,1.29932e+006
BID,2/28/2017 00:00:00,8.90583,8.93257,8.77211,8.79885,1.37471e+006
BID,3/1/2017 00:00:00,8.79885,8.79885,8.61164,8.71862,2.9715e+006
BID,3/2/2017 00:00:00,8.77211,8.8256,8.5849,8.5849,2.35798e+006
BID,3/3/2017 00:00:00,8.61164,8.77211,8.45118,8.77211,3.2914e+006
BID,3/6/2017 00:00:00,8.87909,8.93257,8.77211,8.87909,2.66309e+006
BID,3/7/2017 00:00:00,8.87909,8.87909,8.77211,8.8256,1.22986e+006
BID,3/8/2017 00:00:00,8.77211,8.95932,8.71862,8.87909,2.09172e+006
BID,3/9/2017 00:00:00,8.87909,9.06629,8.85234,8.98606,4.63569e+006
BID,3/10/2017 00:00:00,9.03955,9.03955,8.85234,8.85234,2.21022e+006
BID,3/13/2017 00:00:00,8.8256,8.85234,8.71862,8.8256,1.37793e+006
BID,3/14/2017 00:00:00,8.74536,8.8256,8.71862,8.77211,2.19059e+006
BID,3/15/2017 00:00:00,8.71862,8.79885,8.69188,8.79885,1.17793e+006
BID,3/16/2017 00:00:00,8.79885,8.85234,8.69188,8.74536,1.86075e+006
BID,3/17/2017 00:00:00,8.74536,8.95932,8.71862,8.93257,4.64604e+006
BID,3/20/2017 00:00:00,8.93257,8.98606,8.79885,8.95932,3.01728e+006
BID,3/21/2017 00:00:00,8.98606,9.30699,8.98606,9.30699,1.00068e+007
BID,3/22/2017 00:00:00,9.30699,9.44071,9.2535,9.30699,9.32193e+006
BID,3/23/2017 00:00:00,9.30699,9.44071,9.20002,9.33374,3.45589e+006
BID,3/24/2017 00:00:00,9.44071,9.57444,9.30699,9.57444,8.24299e+006
BID,3/27/2017 00:00:00,9.62792,9.70816,9.44071,9.4942,7.21284e+006
BID,3/28/2017 00:00:00,9.41397,9.52095,9.30699,9.30699,3.12992e+006
BID,3/29/2017 00:00:00,9.33374,9.33374,9.14653,9.30699,4.0293e+006
BID,3/30/2017 00:00:00,9.30699,9.54769,9.28025,9.4942,5.46727e+006
BID,3/31/2017 00:00:00,9.4942,9.4942,9.30699,9.38723,2.40272e+006
BID,4/3/2017 00:00:00,9.33374,9.38723,9.17327,9.17327,3.04616e+006
BID,4/4/2017 00:00:00,9.2535,9.33374,9.11978,9.20002,3.16069e+006
BID,4/5/2017 00:00:00,9.20002,9.28025,9.14653,9.17327,3.2566e+006
BID,4/7/2017 00:00:00,9.14653,9.22676,8.98606,9.14653,4.06558e+006
BID,4/10/2017 00:00:00,9.20002,9.22676,9.09304,9.09304,3.21007e+006
BID,4/11/2017 00:00:00,9.09304,9.11978,8.95932,9.09304,3.27457e+006
BID,4/12/2017 00:00:00,9.09304,9.20002,8.98606,9.09304,3.27261e+006
BID,4/13/2017 00:00:00,9.03955,9.14653,8.98606,9.03955,4.01755e+006
BID,4/14/2017 00:00:00,8.93257,9.11978,8.79885,9.11978,4.089e+006
BID,4/17/2017 00:00:00,9.09304,9.11978,8.77211,8.77211,2.64055e+006
BID,4/18/2017 00:00:00,8.77211,8.8256,8.66513,8.8256,3.39439e+006
BID,4/19/2017 00:00:00,8.8256,8.8256,8.71862,8.71862,2.20074e+006
BID,4/20/2017 00:00:00,8.71862,9.03955,8.63839,8.87909,3.27682e+006
BID,4/21/2017 00:00:00,8.95932,9.03955,8.8256,8.85234,2.32213e+006
BID,4/24/2017 00:00:00,8.8256,8.87909,8.71862,8.74536,915040
BID,4/25/2017 00:00:00,8.77211,8.8256,8.66513,8.74536,2.0397e+006
BID,4/26/2017 00:00:00,8.71862,8.95932,8.63839,8.8256,3.09336e+006
BID,4/27/2017 00:00:00,8.8256,8.93257,8.79885,8.87909,1.3052e+006
BID,4/28/2017 00:00:00,8.71862,8.93257,8.71862,8.87909,4.05447e+006
BID,5/3/2017 00:00:00,8.87909,8.98606,8.8256,8.87909,2.1342e+006
BID,5/4/2017 00:00:00,8.87909,9.11978,8.79885,8.98606,3.60307e+006
BID,5/5/2017 00:00:00,8.98606,8.98606,8.77211,8.85234,2.55819e+006
BID,5/8/2017 00:00:00,8.90583,8.90583,8.71862,8.8256,2.75013e+006
BID,5/9/2017 00:00:00,8.77211,8.93257,8.74536,8.87909,3.39005e+006
BID,5/10/2017 00:00:00,8.87909,9.2535,8.87909,9.14653,6.20406e+006
BID,5/11/2017 00:00:00,9.14653,9.22676,9.09304,9.09304,3.43874e+006
BID,5/12/2017 00:00:00,9.09304,9.2535,9.03955,9.06629,3.23278e+006
BID,5/15/2017 00:00:00,9.03955,9.06629,8.93257,9.03955,3.09473e+006
BID,5/16/2017 00:00:00,9.09304,9.11978,8.93257,9.03955,3.55765e+006
BID,5/17/2017 00:00:00,8.98606,9.03955,8.90583,8.93257,2.28977e+006
BID,5/18/2017 00:00:00,8.93257,9.11978,8.90583,8.98606,3.27031e+006
BID,5/19/2017 00:00:00,9.01281,9.20002,8.95932,9.20002,5.38717e+006
BID,5/22/2017 00:00:00,9.30699,9.84188,9.30699,9.84188,1.5701e+007
BID,5/23/2017 00:00:00,9.84188,10.243,9.70816,9.92211,1.01071e+007
BID,5/24/2017 00:00:00,9.86862,10.35,9.78839,10.2965,9.62091e+006
BID,5/25/2017 00:00:00,10.2965,10.5372,10.1628,10.2163,8.56265e+006
BID,5/26/2017 00:00:00,10.1628,10.4303,10.1628,10.4303,6.66262e+006
BID,5/29/2017 00:00:00,10.4303,10.5907,10.1093,10.1628,6.83544e+006
BID,5/30/2017 00:00:00,10.1093,10.2698,9.81513,9.81513,7.52171e+006
BID,5/31/2017 00:00:00,9.81513,9.94885,9.70816,9.86862,4.66578e+006
BID,6/1/2017 00:00:00,9.89537,9.9756,9.78839,9.78839,3.18244e+006
BID,6/2/2017 00:00:00,9.78839,9.84188,9.60118,9.76164,5.0407e+006
BID,6/5/2017 00:00:00,9.89537,10.0558,9.84188,10.0023,3.17312e+006
BID,6/6/2017 00:00:00,9.94885,10.4035,9.89537,10.3768,8.70147e+006
BID,6/7/2017 00:00:00,10.4303,10.564,10.3233,10.3768,6.66555e+006
BID,6/8/2017 00:00:00,10.3233,10.3768,10.1093,10.2163,3.77646e+006
BID,6/9/2017 00:00:00,10.2163,10.2965,10.0558,10.0826,4.7801e+006
BID,6/12/2017 00:00:00,10.1093,10.2965,10.0291,10.1361,4.45955e+006
BID,6/13/2017 00:00:00,10.1628,10.5372,10.1093,10.4303,4.41892e+006
BID,6/14/2017 00:00:00,10.5372,10.7512,10.5105,10.6977,7.43847e+006
BID,6/15/2017 00:00:00,10.7512,10.7512,10.5105,10.5907,5.82722e+006
BID,6/16/2017 00:00:00,10.5372,10.6442,10.5105,10.564,3.74061e+006
BID,6/19/2017 00:00:00,10.6977,10.7244,10.5907,10.6977,4.81254e+006
BID,6/20/2017 00:00:00,10.8582,11.0186,10.7512,10.9919,6.64868e+006
BID,6/21/2017 00:00:00,10.9116,11.0186,10.6175,10.8582,7.24507e+006
BID,6/22/2017 00:00:00,10.9116,10.9651,10.6175,10.6175,4.70065e+006
BID,6/23/2017 00:00:00,10.5372,10.6442,10.4837,10.6442,4.06748e+006
BID,6/26/2017 00:00:00,10.6442,10.8849,10.5907,10.8047,4.07903e+006
BID,6/27/2017 00:00:00,10.8047,10.8849,10.6442,10.6442,3.95578e+006
BID,6/28/2017 00:00:00,10.6175,10.8047,10.5372,10.6709,3.58422e+006
BID,6/29/2017 00:00:00,10.7779,11.0186,10.7779,10.8582,5.4145e+006
BID,6/30/2017 00:00:00,10.8047,10.9116,10.8047,10.9116,2.71822e+006
BID,7/3/2017 00:00:00,10.9116,11.2058,10.9116,11.0721,3.70219e+006
BID,7/4/2017 00:00:00,11.1791,11.1791,10.8047,10.8582,3.96019e+006
BID,7/5/2017 00:00:00,10.8849,10.9384,10.8047,10.9116,3.79225e+006
BID,7/6/2017 00:00:00,10.9651,11.0721,10.7779,10.8582,5.08262e+006
BID,7/7/2017 00:00:00,10.8582,11.0186,10.7779,10.8047,4.88378e+006
BID,7/10/2017 00:00:00,10.8047,10.8582,10.5372,10.5372,4.28032e+006
BID,7/11/2017 00:00:00,10.457,10.564,10.1896,10.5372,2.40608e+006
BID,7/12/2017 00:00:00,10.5372,10.5372,10.3233,10.3233,2.21853e+006
BID,7/13/2017 00:00:00,10.3233,10.5105,10.2965,10.457,1.42781e+006
BID,7/14/2017 00:00:00,10.5372,10.5372,10.3233,10.3233,1.61565e+006
BID,7/17/2017 00:00:00,10.4035,10.4303,10.0826,10.1093,2.50815e+006
BID,7/18/2017 00:00:00,10.0826,10.2163,10.0023,10.1361,1.98843e+006
BID,7/19/2017 00:00:00,10.243,10.2965,10.1628,10.1896,1.78565e+006
BID,7/20/2017 00:00:00,10.2965,10.4837,10.1628,10.4837,2.88539e+006
BID,7/21/2017 00:00:00,10.5372,10.5907,10.2965,10.2965,2.84669e+006
BID,7/24/2017 00:00:00,10.2698,10.4303,10.1361,10.3768,1.52132e+006
BID,7/25/2017 00:00:00,10.3768,10.9651,10.3768,10.9651,4.85462e+006
BID,7/26/2017 00:00:00,10.9116,11.1791,10.8849,11.0186,4.93895e+006
BID,7/27/2017 00:00:00,11.0186,11.1523,10.9116,11.0721,3.95461e+006
BID,7/28/2017 00:00:00,11.1523,11.3396,11.0186,11.2326,5.40806e+006
BID,7/31/2017 00:00:00,11.2861,11.9547,11.2861,11.8744,6.61944e+006
BID,8/1/2017 00:00:00,11.7675,11.9547,11.6605,11.8744,3.55441e+006
BID,8/2/2017 00:00:00,11.6605,12.2756,11.5803,12.0082,6.8291e+006
BID,8/3/2017 00:00:00,11.9814,12.3023,11.9814,12.2489,4.41809e+006
BID,8/4/2017 00:00:00,12.2489,12.2489,11.9814,11.9814,2.56593e+006
BID,8/7/2017 00:00:00,11.8744,12.0616,11.8744,12.0349,3.10732e+006
BID,8/8/2017 00:00:00,12.0884,12.1419,11.9814,12.0884,2.96324e+006
BID,8/9/2017 00:00:00,12.1988,12.1988,11.2604,11.2604,9.68248e+006
BID,8/10/2017 00:00:00,11.15,11.4812,10.7084,11.2052,4.45065e+006
BID,8/11/2017 00:00:00,11.15,11.2604,10.9292,11.2052,2.43937e+006
BID,8/14/2017 00:00:00,11.2052,11.4812,11.0396,11.4812,1.73692e+006
BID,8/15/2017 00:00:00,11.4536,11.4812,11.2052,11.2052,1.78412e+006
BID,8/16/2017 00:00:00,11.2052,11.2604,10.9292,11.0396,2.00157e+006
BID,8/17/2017 00:00:00,11.0396,11.1224,10.5428,10.598,5.63985e+006
BID,8/18/2017 00:00:00,10.4876,11.0396,10.3773,10.9016,2.25062e+006
BID,8/21/2017 00:00:00,10.9016,10.9568,10.598,10.8464,1.02778e+006
BID,8/22/2017 00:00:00,10.8188,10.8188,10.5704,10.5704,1.79942e+006
BID,8/23/2017 00:00:00,10.5704,10.7636,10.5152,10.7084,1.18006e+006
BID,8/24/2017 00:00:00,10.736,10.9844,10.7084,10.9292,2.01656e+006
BID,8/25/2017 00:00:00,10.9844,11.0948,10.874,10.9016,1.77488e+006
BID,8/28/2017 00:00:00,10.9016,10.9844,10.7912,10.8464,1.18961e+006
BID,8/29/2017 00:00:00,10.8464,10.9844,10.8188,10.8464,1.63632e+006
BID,8/30/2017 00:00:00,10.874,10.874,10.6808,10.6808,1.7288e+006
BID,8/31/2017 00:00:00,10.7084,11.426,10.6808,11.426,5.42135e+006
BID,9/1/2017 00:00:00,11.5916,11.9228,11.4536,11.6192,3.77289e+006
BID,9/5/2017 00:00:00,11.5916,11.5916,11.3708,11.564,1.76965e+006
BID,9/6/2017 00:00:00,11.426,11.5364,11.288,11.3708,2.63822e+006
BID,9/7/2017 00:00:00,11.3432,11.702,11.3432,11.5088,2.38871e+006
BID,9/8/2017 00:00:00,11.5088,11.5088,11.2328,11.2328,2.15024e+006
BID,9/11/2017 00:00:00,11.15,11.3708,11.0396,11.15,1.59541e+006
BID,9/12/2017 00:00:00,11.0948,11.426,11.0672,11.3156,1.08666e+006
BID,9/13/2017 00:00:00,11.3984,11.426,11.2328,11.3156,865900
BID,9/14/2017 00:00:00,11.2328,11.5088,11.2052,11.3984,1.63027e+006
BID,9/15/2017 00:00:00,11.3984,11.3984,11.2328,11.2604,761660
BID,9/18/2017 00:00:00,11.2604,11.426,11.2328,11.3156,1.8675e+006
BID,9/19/2017 00:00:00,11.3708,11.5088,11.288,11.3984,1.77176e+006
BID,9/20/2017 00:00:00,11.3984,11.3984,11.2604,11.3156,1.16503e+006
BID,9/21/2017 00:00:00,11.2604,11.5364,11.2328,11.5088,3.54258e+006
BID,9/22/2017 00:00:00,11.426,11.5364,11.3708,11.3708,1.53918e+006
BID,9/25/2017 00:00:00,11.3708,11.3984,11.2052,11.2604,1.29667e+006
BID,9/26/2017 00:00:00,11.2604,11.3708,11.2328,11.2604,1.40028e+006
BID,9/27/2017 00:00:00,11.2604,11.3156,11.15,11.15,1.27012e+006
BID,9/28/2017 00:00:00,11.15,11.2604,10.8464,10.8464,2.62084e+006
BID,9/29/2017 00:00:00,10.8464,10.9568,10.8188,10.8188,2.04718e+006
BID,10/2/2017 00:00:00,10.8188,11.0396,10.8188,10.874,1.3161e+006
BID,10/3/2017 00:00:00,10.9292,11.15,10.874,10.9568,2.74702e+006
BID,10/4/2017 00:00:00,10.9844,11.15,10.9568,11.0672,1.79856e+006
BID,10/5/2017 00:00:00,11.15,11.1776,10.9568,10.9844,1.25997e+006
BID,10/6/2017 00:00:00,10.9568,11.15,10.9292,11.012,2.51222e+006
BID,10/9/2017 00:00:00,11.15,11.2052,11.0396,11.0396,1.93148e+006
BID,10/10/2017 00:00:00,11.0396,11.15,11.012,11.0396,786110
BID,10/11/2017 00:00:00,11.0948,11.288,11.0672,11.2052,2.05425e+006
BID,10/12/2017 00:00:00,11.2052,11.288,11.1224,11.1224,1.23724e+006
BID,10/13/2017 00:00:00,11.15,11.1776,11.0672,11.15,720350
BID,10/16/2017 00:00:00,11.15,11.288,11.15,11.2328,1.72379e+006
BID,10/17/2017 00:00:00,11.2604,11.8676,11.2604,11.8676,5.85115e+006
BID,10/18/2017 00:00:00,11.8676,11.978,11.7572,11.8124,3.87733e+006
BID,10/19/2017 00:00:00,11.702,11.7848,11.4812,11.7296,2.22112e+006
BID,10/20/2017 00:00:00,11.6468,11.84,11.6468,11.8124,2.79509e+006
BID,10/23/2017 00:00:00,11.702,11.84,11.4812,11.5364,2.10428e+006
BID,10/24/2017 00:00:00,11.5364,11.5364,11.3708,11.4536,991780
BID,10/25/2017 00:00:00,11.426,11.7572,11.426,11.5916,1.41971e+006
BID,10/26/2017 00:00:00,11.5364,11.702,11.2052,11.426,1.94936e+006
BID,10/27/2017 00:00:00,11.426,11.702,11.3432,11.702,1.52512e+006
BID,10/30/2017 00:00:00,11.702,12.3092,11.702,12.0608,5.51603e+006
BID,10/31/2017 00:00:00,12.0332,12.2264,11.8676,12.0608,2.8609e+006
BID,11/1/2017 00:00:00,12.0608,12.392,12.0608,12.3644,2.54023e+006
BID,11/2/2017 00:00:00,12.3644,12.4472,11.8676,12.0884,2.24006e+006
BID,11/3/2017 00:00:00,12.0332,12.3644,11.8676,12.3644,2.0001e+006
BID,11/6/2017 00:00:00,12.3644,12.6128,12.2816,12.6128,2.24895e+006
BID,11/7/2017 00:00:00,12.53,12.7232,12.4748,12.6128,2.39747e+006
BID,11/8/2017 00:00:00,12.6128,13.1372,12.53,13.1372,3.1629e+006
BID,11/9/2017 00:00:00,13.1648,13.1924,12.9164,12.9716,2.32842e+006
BID,11/10/2017 00:00:00,12.8612,13.358,12.8612,13.0268,2.65535e+006
BID,11/13/2017 00:00:00,13.0544,13.22,13.0268,13.22,1.456e+006
BID,11/14/2017 00:00:00,13.22,13.4683,12.9716,13.4131,1.9769e+006
BID,11/15/2017 00:00:00,13.4683,13.4683,13.2476,13.358,1.14307e+006
BID,11/16/2017 00:00:00,13.2752,13.4407,13.082,13.3304,2.38308e+006
BID,11/17/2017 00:00:00,13.358,13.4131,12.9716,13.2752,2.51827e+006
BID,11/20/2017 00:00:00,13.1372,13.3304,13.0544,13.2476,1.42475e+006
BID,11/21/2017 00:00:00,13.2476,13.5235,13.2476,13.2752,2.39731e+006
BID,11/22/2017 00:00:00,13.2752,14.1859,13.2476,14.1859,4.04189e+006
BID,11/23/2017 00:00:00,14.3515,14.6275,13.9651,13.9651,2.64853e+006
BID,11/24/2017 00:00:00,13.9651,14.1031,13.7995,13.9651,1.76213e+006
BID,11/27/2017 00:00:00,13.9651,14.1031,13.8547,13.9099,1.30064e+006
BID,11/28/2017 00:00:00,13.9099,14.0203,13.5511,13.7995,1.73586e+006
BID,11/29/2017 00:00:00,13.7443,14.1307,13.7443,14.1307,1.64426e+006
BID,11/30/2017 00:00:00,14.3515,14.5171,14.0755,14.1583,1.53927e+006
BID,12/1/2017 00:00:00,14.1307,14.1583,14.0203,14.0755,1.313e+006
BID,12/4/2017 00:00:00,14.1859,14.4619,14.0755,14.0755,1.01047e+006
BID,12/5/2017 00:00:00,14.1859,14.1859,13.7443,13.7443,2.42951e+006
BID,12/6/2017 00:00:00,13.6339,13.7443,13.5235,13.7167,1.85603e+006
BID,12/7/2017 00:00:00,13.7995,13.8823,13.5511,13.7995,642950
BID,12/8/2017 00:00:00,13.8271,13.9099,13.6063,13.7995,853010
BID,12/11/2017 00:00:00,13.1924,13.6891,13.1924,13.2476,1.23689e+006
BID,12/12/2017 00:00:00,13.2476,13.4683,12.3368,13.3028,2.61946e+006
BID,12/13/2017 00:00:00,13.3028,13.358,13.0544,13.1924,2.01722e+006
BID,12/14/2017 00:00:00,13.1372,13.5235,12.8336,13.4959,1.47219e+006
BID,12/15/2017 00:00:00,13.358,13.4959,13.1648,13.4131,642650
BID,12/18/2017 00:00:00,13.4131,13.5235,13.358,13.4407,1.02365e+006
BID,12/19/2017 00:00:00,13.4407,13.6339,13.3028,13.3028,939300
BID,12/20/2017 00:00:00,13.3028,13.6339,13.2752,13.5235,873610
BID,12/21/2017 00:00:00,13.5235,13.6891,13.358,13.358,1.31216e+006
BID,12/22/2017 00:00:00,13.1924,13.358,12.9716,13.1648,1.93197e+006
BID,12/25/2017 00:00:00,13.358,13.4131,13.082,13.1372,572480
BID,12/26/2017 00:00:00,13.1372,13.3028,12.9716,13.3028,1.00956e+006
BID,12/27/2017 00:00:00,13.3855,13.6063,13.2752,13.4683,1.20151e+006
BID,12/28/2017 00:00:00,13.4683,13.8547,13.4683,13.6615,1.38265e+006
BID,12/29/2017 00:00:00,13.8271,14.0755,13.6615,14.0755,2.59329e+006
BID,1/2/2018 00:00:00,14.0755,14.9035,13.9099,14.9035,2.90377e+006
BID,1/3/2018 00:00:00,14.9035,14.9311,14.6275,14.7931,2.45811e+006
BID,1/4/2018 00:00:00,14.7931,15.2899,14.6551,15.2071,4.42419e+006
BID,1/5/2018 00:00:00,15.1795,15.2071,14.8759,15.1243,1.90883e+006
BID,1/8/2018 00:00:00,15.2899,15.5659,15.1243,15.3727,2.05387e+006
BID,1/9/2018 00:00:00,15.4003,15.4279,14.3515,15.1243,4.21475e+006
BID,1/10/2018 00:00:00,15.1243,15.5935,15.0691,15.1519,2.81775e+006
BID,1/11/2018 00:00:00,15.1795,15.3175,14.9863,15.2347,1.56697e+006
BID,1/12/2018 00:00:00,15.0139,15.2071,14.9587,15.0415,2.48484e+006
BID,1/15/2018 00:00:00,14.9311,15.2899,14.7655,15.0691,1.78719e+006
BID,1/16/2018 00:00:00,15.0967,15.4003,15.0415,15.2899,2.36845e+006
BID,1/17/2018 00:00:00,15.2899,15.5107,14.9035,14.9035,2.84768e+006
BID,1/18/2018 00:00:00,14.6827,14.9587,14.5171,14.9587,1.83301e+006
BID,1/19/2018 00:00:00,15.0139,15.0691,14.6827,14.8483,3.55354e+006
BID,1/22/2018 00:00:00,14.8483,15.7867,14.8207,15.7039,5.04012e+006
BID,1/25/2018 00:00:00,16.0627,16.7802,15.8971,16.7802,7.98625e+006
BID,1/26/2018 00:00:00,17.9394,17.9394,17.3874,17.9394,5.67717e+006
BID,1/29/2018 00:00:00,18.2154,19.1814,18.2154,19.0986,4.39539e+006
BID,1/30/2018 00:00:00,18.1326,19.8713,18.1326,19.8713,3.28323e+006
BID,1/31/2018 00:00:00,20.5337,20.5613,18.8778,18.8778,1.75587e+006
BID,2/1/2018 00:00:00,19.0434,19.071,18.1602,18.6018,1.89428e+006
BID,2/2/2018 00:00:00,18.381,18.933,18.2706,18.6018,1.77152e+006
BID,2/5/2018 00:00:00,18.3258,18.4362,17.3046,17.3046,2.79064e+006
BID,2/6/2018 00:00:00,16.1179,17.001,16.1179,16.1179,3.3167e+006
BID,2/7/2018 00:00:00,17.2218,17.2218,16.5594,17.2218,2.05805e+006
BID,2/8/2018 00:00:00,17.2218,18.105,17.2218,17.7738,2.04347e+006
BID,2/9/2018 00:00:00,16.5594,18.2154,16.5318,17.829,1.80017e+006
BID,2/12/2018 00:00:00,18.2154,19.071,17.9394,19.071,2.36327e+006
BID,2/13/2018 00:00:00,20.0921,20.1473,19.3193,19.5401,2.45838e+006
BID,2/21/2018 00:00:00,19.8713,20.8925,19.6505,20.6441,2.13701e+006
BID,2/22/2018 00:00:00,20.4233,21.3065,20.2853,20.3129,2.85678e+006
BID,2/23/2018 00:00:00,20.4233,20.6993,19.8161,20.4785,3.62435e+006
BID,2/26/2018 00:00:00,20.9201,21.3893,20.6441,21.0305,3.5166e+006
BID,2/27/2018 00:00:00,21.0305,21.4169,20.7545,21.0581,2.21661e+006
BID,2/28/2018 00:00:00,20.9753,21.8033,20.7821,21.5273,4.52185e+006
BID,3/1/2018 00:00:00,21.3065,21.8585,20.6993,20.8649,2.63415e+006
BID,3/2/2018 00:00:00,20.4233,20.9753,20.3681,20.8649,2.37883e+006
BID,3/5/2018 00:00:00,21.1133,21.1961,19.4297,19.4297,2.5891e+006
BID,3/6/2018 00:00:00,19.8713,20.7821,19.5677,20.7821,2.52506e+006
BID,3/7/2018 00:00:00,20.9753,21.0305,20.3681,20.6993,2.05319e+006
BID,3/8/2018 00:00:00,20.6993,20.9753,20.4233,20.5337,1.13207e+006
BID,3/9/2018 00:00:00,20.6993,20.9753,20.4233,20.5613,2.26333e+006
BID,3/12/2018 00:00:00,21.3617,21.5273,20.9753,21.3065,2.01466e+006
BID,3/13/2018 00:00:00,21.3065,21.6377,20.9753,21.6377,1.98008e+006
BID,3/14/2018 00:00:00,21.9689,21.9689,21.4721,21.5273,1.99608e+006
BID,3/15/2018 00:00:00,21.5273,23.0176,21.3617,23.0176,3.52806e+006
BID,3/16/2018 00:00:00,23.3488,24.0112,23.0728,23.6248,2.6282e+006
BID,3/19/2018 00:00:00,23.7352,23.7904,22.7416,23.0176,2.36618e+006
BID,3/20/2018 00:00:00,22.7416,23.7904,22.6312,23.4592,1.86655e+006
BID,3/21/2018 00:00:00,24.0112,24.1768,23.5144,24.0112,1.60679e+006
BID,3/22/2018 00:00:00,24.0112,24.5632,23.8732,24.4528,2.52539e+006
BID,3/23/2018 00:00:00,24.0112,24.0664,22.852,23.3764,3.66153e+006
BID,3/26/2018 00:00:00,23.1832,24.784,23.1832,24.784,1.93289e+006
BID,3/27/2018 00:00:00,25.3911,25.7223,24.3424,24.3424,2.94139e+006
BID,3/28/2018 00:00:00,24.2872,24.7012,23.956,24.5908,1.67254e+006
BID,3/29/2018 00:00:00,24.5908,24.6736,24.1768,24.2872,896470
BID,3/30/2018 00:00:00,24.1768,24.2596,23.542,23.956,2.21104e+006
BID,4/2/2018 00:00:00,24.1768,24.8392,23.7076,24.8392,2.61017e+006
BID,4/3/2018 00:00:00,25.0048,25.2807,24.6736,24.8944,1.34017e+006
BID,4/4/2018 00:00:00,24.8944,25.0876,24.7288,24.7288,1.51121e+006
BID,4/5/2018 00:00:00,24.7288,24.7288,24.1492,24.2872,1.74401e+006
BID,4/6/2018 00:00:00,24.3976,24.6736,24.1768,24.2872,1.46983e+006
BID,4/9/2018 00:00:00,24.4528,24.8392,23.956,24.508,2.72481e+006
BID,4/10/2018 00:00:00,24.784,25.6119,24.7288,25.1152,4.1815e+006
BID,4/11/2018 00:00:00,25.8327,25.8327,24.2872,24.5632,2.38491e+006
BID,4/12/2018 00:00:00,24.4528,24.8392,24.0664,24.508,1.81648e+006
BID,4/13/2018 00:00:00,24.5632,24.7288,23.0176,23.1832,3.36927e+006
BID,4/16/2018 00:00:00,22.6312,23.1832,22.0793,22.0793,2.20754e+006
BID,4/17/2018 00:00:00,22.0793,23.128,21.9137,23.128,2.51628e+006
BID,4/18/2018 00:00:00,23.5696,23.5696,22.1897,22.1897,1.19642e+006
BID,4/19/2018 00:00:00,22.1897,22.3,20.8649,20.9753,2.75502e+006
BID,4/20/2018 00:00:00,21.2513,21.8309,20.4233,21.7757,2.41549e+006
BID,4/23/2018 00:00:00,21.9689,22.438,20.2577,20.2577,3.21089e+006
BID,4/24/2018 00:00:00,20.4233,21.2513,19.8161,20.9753,2.50308e+006
BID,4/26/2018 00:00:00,20.8649,21.2513,19.5953,20.1473,2.20727e+006
BID,4/27/2018 00:00:00,20.0921,21.0305,19.8713,19.9265,2.02683e+006
BID,5/2/2018 00:00:00,20.2577,20.3681,18.5466,18.5466,1.86864e+006
BID,5/3/2018 00:00:00,17.7738,19.2642,17.2494,18.6018,4.16948e+006
BID,5/4/2018 00:00:00,18.8226,19.0434,17.9394,17.9394,1.59934e+006
BID,5/7/2018 00:00:00,18.1878,19.1814,17.4978,19.1814,3.55849e+006
BID,5/8/2018 00:00:00,19.1814,20.3957,18.9882,19.5953,3.01346e+006
BID,5/9/2018 00:00:00,19.3193,20.0093,19.0434,19.3193,1.84314e+006
BID,5/10/2018 00:00:00,18.9882,19.6505,17.967,18.0498,2.83404e+006
BID,5/11/2018 00:00:00,18.0498,18.8778,17.3874,18.7674,2.11633e+006
BID,5/14/2018 00:00:00,19.0986,19.1538,18.6018,18.933,918220
BID,5/15/2018 00:00:00,18.933,19.3193,18.7674,19.0986,2.22156e+006
BID,5/16/2018 00:00:00,18.8226,18.933,18.2982,18.3258,1.85676e+006
BID,5/17/2018 00:00:00,18.3258,18.4914,18.0498,18.2154,1.50268e+006
BID,5/18/2018 00:00:00,18.2154,18.4362,17.1114,18.1878,2.93745e+006
BID,5/21/2018 00:00:00,18.1878,18.1878,17.3874,17.3874,2.40589e+006
BID,5/22/2018 00:00:00,17.1114,17.3322,16.1731,16.1731,3.11962e+006
BID,5/23/2018 00:00:00,15.8971,16.8354,15.8695,16.8078,1.81923e+006
BID,5/24/2018 00:00:00,16.8354,16.9734,16.2559,16.3662,1.08904e+006
BID,5/25/2018 00:00:00,16.4766,16.6146,15.2899,15.2899,2.16161e+006
BID,5/28/2018 00:00:00,14.9587,15.0139,14.2411,14.2411,3.90227e+006
BID,5/29/2018 00:00:00,14.6275,15.2347,14.2411,15.2347,2.87402e+006
BID,5/30/2018 00:00:00,15.4555,15.7315,15.0967,15.2347,2.14421e+006
BID,5/31/2018 00:00:00,15.0691,16.2283,15.0691,16.1455,3.41258e+006
BID,6/1/2018 00:00:00,16.0075,16.9458,15.8971,16.3938,3.63492e+006
BID,6/4/2018 00:00:00,16.0075,16.8906,15.6763,16.8354,4.87828e+006
BID,6/5/2018 00:00:00,16.725,17.2218,16.3386,16.7802,3.06625e+006
BID,6/6/2018 00:00:00,16.8078,17.553,16.449,17.553,2.53264e+006
BID,6/7/2018 00:00:00,17.553,17.7738,17.2218,17.2218,3.70489e+006
BID,6/8/2018 00:00:00,17.2218,17.4978,17.001,17.3874,2.68339e+006
BID,6/11/2018 00:00:00,17.1666,17.6358,17.1114,17.1114,2.32029e+006
BID,6/12/2018 00:00:00,16.725,16.8354,15.9247,16.3386,4.31451e+006
BID,6/13/2018 00:00:00,16.3386,16.5594,16.0903,16.3662,1.67203e+006
BID,6/14/2018 00:00:00,16.3938,16.5042,15.6211,15.6211,3.86918e+006
BID,6/15/2018 00:00:00,15.4555,16.0075,15.3451,16.0075,2.262e+006
BID,6/18/2018 00:00:00,16.0075,16.0351,15.0139,15.0691,2.87322e+006
BID,6/19/2018 00:00:00,14.7931,14.9035,14.0203,14.7931,5.46012e+006
BID,6/20/2018 00:00:00,14.9587,15.4555,14.7103,15.4555,2.36406e+006
BID,6/21/2018 00:00:00,15.2347,15.4555,14.6827,14.7931,2.07385e+006
BID,6/22/2018 00:00:00,14.3791,15.2623,14.3791,15.1795,2.28183e+006
BID,6/25/2018 00:00:00,15.4831,15.8143,15.4003,15.5659,1.93798e+006
BID,6/26/2018 00:00:00,15.1795,15.5107,15.0691,15.3451,1.28339e+006
BID,6/27/2018 00:00:00,15.3451,15.5659,14.7931,14.7931,1.93132e+006
BID,6/28/2018 00:00:00,14.5723,14.7931,14.2411,14.2963,3.83392e+006
BID,6/29/2018 00:00:00,14.3515,14.7379,14.1859,14.3515,2.11272e+006
BID,7/2/2018 00:00:00,14.0755,14.3515,13.4407,13.6615,3.54225e+006
BID,7/3/2018 00:00:00,13.6891,13.8823,12.7232,12.7232,4.94496e+006
BID,7/4/2018 00:00:00,12.7232,12.7784,12.116,12.6404,4.64164e+006
BID,7/5/2018 00:00:00,12.4472,12.7232,11.7572,11.9228,3.04405e+006
BID,7/6/2018 00:00:00,11.8124,12.7508,11.5088,12.7508,5.06191e+006
BID,7/9/2018 00:00:00,13.0268,13.4683,12.8336,12.8612,5.42312e+006
BID,7/10/2018 00:00:00,13.082,13.4407,12.9164,13.0544,3.61275e+006
BID,7/11/2018 00:00:00,12.5852,12.6956,12.1436,12.1988,5.44181e+006
BID,7/12/2018 00:00:00,12.3644,13.0268,12.1712,12.6956,2.50879e+006
BID,7/13/2018 00:00:00,12.9716,13.2476,12.8612,12.9716,3.13816e+006
BID,7/16/2018 00:00:00,13.2476,13.4683,13.082,13.3304,2.91201e+006
BID,7/17/2018 00:00:00,13.0268,13.8823,13.0268,13.7443,3.99177e+006
BID,7/18/2018 00:00:00,13.7995,14.4619,13.7443,14.4343,4.01234e+006
BID,7/19/2018 00:00:00,14.3515,14.4619,14.0755,14.2411,3.34491e+006
BID,7/20/2018 00:00:00,14.0203,14.2963,13.6891,14.0203,4.27927e+006
BID,7/23/2018 00:00:00,14.0203,14.4619,13.6891,13.6891,3.12437e+006
BID,7/24/2018 00:00:00,13.6339,14.0755,13.2476,13.6891,2.59131e+006
BID,7/25/2018 00:00:00,13.7995,13.8823,13.0268,13.0268,2.77376e+006
BID,7/26/2018 00:00:00,13.0268,13.3028,12.8336,13.3028,2.36456e+006
BID,7/27/2018 00:00:00,13.3028,13.7719,13.2476,13.6891,2.03106e+006
BID,7/30/2018 00:00:00,13.9099,14.5171,13.7995,14.5171,3.79361e+006
BID,7/31/2018 00:00:00,14.4619,14.8759,14.2687,14.5171,5.30716e+006
BID,8/1/2018 00:00:00,14.5171,14.7931,14.3515,14.5171,3.48779e+006
BID,8/2/2018 00:00:00,14.3515,14.4619,13.9651,14.4619,3.52325e+006
BID,8/3/2018 00:00:00,14.6827,14.7379,14.5171,14.6551,2.58562e+006
BID,8/6/2018 00:00:00,14.6827,15.2347,14.3791,14.8207,3.26229e+006
BID,8/7/2018 00:00:00,14.5171,15.2899,14.5171,15.1519,3.70727e+006
BID,8/8/2018 00:00:00,15.1795,16.1179,15.1795,16.1179,4.50724e+006
BID,8/9/2018 00:00:00,16.2835,16.449,15.8971,15.9247,3.44403e+006
BID,8/10/2018 00:00:00,15.7867,16.5042,15.7315,16.5042,4.42377e+006
BID,8/13/2018 00:00:00,16.3938,17.0286,16.3386,16.8354,3.67018e+006
BID,8/14/2018 00:00:00,16.8354,16.9182,16.5042,16.5594,2.18722e+006
BID,8/15/2018 00:00:00,16.8354,16.9458,15.7867,16.1731,4.94607e+006
BID,8/16/2018 00:00:00,15.9799,16.587,15.4555,16.5594,5.0174e+006
BID,8/17/2018 00:00:00,16.8906,17.4978,16.6146,17.1666,4.6648e+006
BID,8/20/2018 00:00:00,17.1114,17.553,17.001,17.3322,3.5732e+006
BID,8/21/2018 00:00:00,17.1114,18.2154,17.1114,18.2154,4.07046e+006
BID,8/22/2018 00:00:00,18.3258,18.6018,17.8842,17.9394,4.34668e+006
BID,8/23/2018 00:00:00,18.0498,18.4914,17.7738,18.243,3.33559e+006
BID,8/24/2018 00:00:00,17.9946,18.519,17.9946,18.4362,2.77535e+006
BID,8/27/2018 00:00:00,18.6018,18.8226,18.4638,18.7674,2.54198e+006
BID,8/28/2018 00:00:00,18.933,18.933,18.381,18.6018,2.58253e+006
BID,8/29/2018 00:00:00,18.6018,18.8226,18.519,18.5742,2.31981e+006
BID,8/30/2018 00:00:00,18.5466,19.2642,18.4914,19.2642,3.2863e+006
BID,8/31/2018 00:00:00,19.209,19.3193,18.933,18.9882,2.3362e+006
BID,9/4/2018 00:00:00,18.7674,18.7674,17.7738,17.9394,4.08899e+006
BID,9/5/2018 00:00:00,17.7738,18.4086,17.7462,18.2706,3.28334e+006
BID,9/6/2018 00:00:00,18.2706,18.3258,17.8842,18.0774,1.92319e+006
BID,9/7/2018 00:00:00,17.9394,18.8502,17.9394,18.7122,3.17102e+006
BID,9/10/2018 00:00:00,18.657,19.0434,18.4914,18.7674,3.07883e+006
BID,9/11/2018 00:00:00,18.7674,19.5401,18.7122,19.4849,4.37113e+006
BID,9/12/2018 00:00:00,19.5953,19.6505,19.1814,19.1814,2.52807e+006
BID,9/13/2018 00:00:00,19.4297,19.5953,19.0434,19.3193,2.98467e+006
BID,9/14/2018 00:00:00,19.4849,19.5953,19.1538,19.2366,1.65624e+006
BID,9/17/2018 00:00:00,19.1538,19.3745,18.8778,18.8778,2.1642e+006
BID,9/18/2018 00:00:00,18.657,19.4849,18.4914,19.4573,4.1275e+006
BID,9/19/2018 00:00:00,19.5953,19.8437,19.4297,19.4849,2.94307e+006
BID,9/20/2018 00:00:00,19.4849,19.7333,19.2366,19.5953,2.3048e+006
BID,9/21/2018 00:00:00,19.7057,19.7333,19.1262,19.4849,4.63102e+006
BID,9/24/2018 00:00:00,19.4849,19.6505,19.2366,19.2642,2.42394e+006
BID,9/25/2018 00:00:00,19.1814,19.6505,19.0986,19.3193,1.82012e+006
BID,9/26/2018 00:00:00,19.2917,19.5677,19.2642,19.2642,1.9565e+006
BID,9/27/2018 00:00:00,19.3193,19.3469,19.1262,19.1262,2.07409e+006
BID,9/28/2018 00:00:00,19.2642,19.6781,19.1538,19.4297,2.82291e+006
BID,10/1/2018 00:00:00,19.4297,19.5953,19.0986,19.1814,1.73319e+006
BID,10/2/2018 00:00:00,19.209,20.0921,19.0434,19.9817,5.19933e+006
BID,10/3/2018 00:00:00,20.0369,20.2853,19.9817,20.2301,2.36136e+006
BID,10/4/2018 00:00:00,20.2577,20.3129,20.0369,20.2853,1.87979e+006
BID,10/5/2018 00:00:00,20.0921,20.2025,19.5953,19.5953,2.83496e+006
BID,10/8/2018 00:00:00,19.4297,19.9817,19.2642,19.8713,3.26836e+006
BID,10/9/2018 00:00:00,19.9265,20.1473,19.7609,19.9265,1.27014e+006
BID,10/10/2018 00:00:00,19.9817,19.9817,19.4297,19.5125,2.08002e+006
BID,10/11/2018 00:00:00,18.2706,18.933,18.1602,18.1602,6.5735e+006
BID,10/12/2018 00:00:00,18.2154,18.8502,17.6634,18.657,2.66097e+006
BID,10/15/2018 00:00:00,18.7674,18.7674,17.9946,17.9946,1.19956e+006
BID,10/16/2018 00:00:00,17.9946,18.4914,17.9946,18.4914,1.57444e+006
BID,10/17/2018 00:00:00,18.7674,19.209,18.7398,19.0986,2.87034e+006
BID,10/18/2018 00:00:00,18.9882,19.4021,18.657,19.0986,3.35256e+006
BID,10/19/2018 00:00:00,18.7674,19.1814,18.657,19.0986,2.01083e+006
BID,10/22/2018 00:00:00,19.3193,19.5677,19.1538,19.3193,3.64359e+006
BID,10/23/2018 00:00:00,19.209,19.4297,18.4914,19.2642,3.64883e+006
BID,10/24/2018 00:00:00,19.2642,19.3193,17.9946,17.9946,2.23071e+006
BID,10/25/2018 00:00:00,16.7526,17.6634,16.7526,17.2218,4.5923e+006
BID,10/26/2018 00:00:00,17.6634,17.829,16.8906,16.8906,1.87795e+006
BID,10/29/2018 00:00:00,16.8354,17.001,15.8971,15.9523,2.48295e+006
BID,10/30/2018 00:00:00,15.7315,16.3938,15.2347,15.2347,3.14041e+006
BID,10/31/2018 00:00:00,15.7315,16.2835,15.5659,16.2835,1.67035e+006
BID,11/1/2018 00:00:00,17.3598,17.3874,16.725,16.7526,2.97411e+006
BID,11/2/2018 00:00:00,17.1114,17.9118,17.001,17.9118,3.46949e+006
BID,11/5/2018 00:00:00,17.6634,18.105,17.4426,18.105,1.73234e+006
BID,11/6/2018 00:00:00,18.2154,18.2982,17.5806,17.6634,1.83497e+006
BID,11/7/2018 00:00:00,17.6634,18.1326,17.6082,17.9118,2.11724e+006
BID,11/8/2018 00:00:00,18.4914,18.4914,17.8842,17.9118,1.72867e+006
BID,11/9/2018 00:00:00,17.7738,17.9394,17.4702,17.4978,1.79015e+006
BID,11/12/2018 00:00:00,17.1666,17.9118,17.1666,17.7738,1.33289e+006
BID,11/13/2018 00:00:00,17.277,17.5254,17.1114,17.1114,2.05435e+006
BID,11/14/2018 00:00:00,17.1114,17.3874,16.5594,16.5594,1.51141e+006
BID,11/15/2018 00:00:00,16.5594,17.553,16.5042,17.1114,1.57419e+006
BID,11/16/2018 00:00:00,17.3874,17.9118,17.3874,17.7738,2.33988e+006
BID,11/19/2018 00:00:00,17.7738,17.967,17.6634,17.7738,1.52058e+006
BID,11/20/2018 00:00:00,17.3598,17.6634,17.3598,17.4978,1.30198e+006
BID,11/21/2018 00:00:00,17.2218,17.7738,17.1942,17.6634,1.74797e+006
BID,11/22/2018 00:00:00,17.7738,17.9118,17.553,17.5806,1.86611e+006
BID,11/23/2018 00:00:00,17.553,17.7186,17.4426,17.4978,1.34087e+006
BID,11/26/2018 00:00:00,17.3322,17.6358,17.3322,17.4702,790910
BID,11/27/2018 00:00:00,17.6082,17.6634,17.1114,17.3598,1.38203e+006
BID,11/28/2018 00:00:00,17.3598,17.4702,17.277,17.415,764130
BID,11/29/2018 00:00:00,17.415,17.6634,17.2494,17.2494,2.48099e+006
BID,11/30/2018 00:00:00,16.8906,17.553,16.8906,17.3322,2.6114e+006
BID,12/3/2018 00:00:00,17.6634,18.519,17.553,18.519,3.46487e+006
BID,12/4/2018 00:00:00,18.519,18.8226,18.3258,18.4362,2.37425e+006
BID,12/5/2018 00:00:00,18.2154,18.795,18.105,18.6846,2.57467e+006
BID,12/6/2018 00:00:00,18.6018,18.6846,18.3258,18.6018,1.98411e+006
BID,12/7/2018 00:00:00,18.657,18.9882,18.5742,18.6018,1.22021e+006
BID,12/10/2018 00:00:00,18.6018,18.8226,18.3534,18.6018,1.55658e+006
BID,12/11/2018 00:00:00,18.6018,18.6846,18.4362,18.519,1.14879e+006
BID,12/12/2018 00:00:00,18.6018,19.1262,18.4362,19.1262,2.22599e+006
BID,12/13/2018 00:00:00,19.2917,19.2917,18.933,18.933,1.61047e+006
BID,12/14/2018 00:00:00,18.8778,19.209,18.657,18.7122,1.21463e+006
BID,12/17/2018 00:00:00,18.4638,18.795,18.3258,18.3258,2.27285e+006
BID,12/18/2018 00:00:00,18.0498,18.5742,17.9394,18.5742,2.34837e+006
BID,12/19/2018 00:00:00,18.5742,18.7398,18.381,18.381,1.31434e+006
BID,12/20/2018 00:00:00,18.4914,18.9054,18.4362,18.7398,1.63562e+006
BID,12/21/2018 00:00:00,18.657,18.795,18.4362,18.7674,706310
BID,12/24/2018 00:00:00,18.7674,19.1814,18.657,18.7674,1.8579e+006
BID,12/25/2018 00:00:00,18.3258,18.6294,17.4978,18.0774,1.82768e+006
BID,12/26/2018 00:00:00,18.0774,18.4638,17.967,17.9946,1.03686e+006
BID,12/27/2018 00:00:00,18.657,19.0158,18.519,18.7674,1.64352e+006
BID,12/28/2018 00:00:00,18.657,18.9882,18.5742,18.9882,2.13182e+006
BID,1/2/2019 00:00:00,18.9882,18.9882,18.4638,18.4914,805700
BID,1/3/2019 00:00:00,18.4914,18.657,17.6634,17.6634,1.1075e+006
BID,1/4/2019 00:00:00,17.3874,17.6358,17.001,17.415,1.4573e+006
BID,1/7/2019 00:00:00,17.6634,18.2154,17.6634,17.829,806060
BID,1/8/2019 00:00:00,17.9946,17.9946,17.6082,17.6634,558540
BID,1/9/2019 00:00:00,17.829,18.243,17.7186,18.2154,1.07573e+006
BID,1/10/2019 00:00:00,18.2154,18.2706,17.9394,17.9394,410690
BID,1/11/2019 00:00:00,17.9394,18.105,17.5806,17.6082,941940
BID,1/14/2019 00:00:00,17.6082,17.8566,17.3598,17.6082,755920
BID,1/15/2019 00:00:00,17.5254,18.105,17.5254,17.9394,580710
BID,1/16/2019 00:00:00,18.0498,18.0774,17.7738,17.7738,363680
BID,1/17/2019 00:00:00,17.7738,17.8842,17.6082,17.6358,297560
BID,1/18/2019 00:00:00,17.6358,17.829,17.4702,17.4978,509140
BID,1/21/2019 00:00:00,17.6634,18.4086,17.4978,18.1326,1.20756e+006
BID,1/22/2019 00:00:00,18.1602,18.2706,18.0498,18.0774,563940
BID,1/23/2019 00:00:00,17.8842,18.1326,17.7186,18.0498,457760
BID,1/24/2019 00:00:00,17.967,18.1326,17.9394,17.9394,579540
BID,1/25/2019 00:00:00,18.0498,18.0498,17.6634,17.691,570980
BID,1/28/2019 00:00:00,17.691,17.8566,17.553,17.6082,545190
BID,1/29/2019 00:00:00,17.6082,17.6082,17.415,17.4978,635890
BID,1/30/2019 00:00:00,17.6082,17.8014,17.4426,17.4978,429410
BID,1/31/2019 00:00:00,17.7738,17.7738,17.3874,17.3874,678130
BID,2/1/2019 00:00:00,17.3598,17.5806,17.3322,17.4426,537050
BID,2/11/2019 00:00:00,17.5806,17.8014,17.553,17.6358,631710
BID,2/12/2019 00:00:00,17.691,18.0498,17.691,17.9118,1.39578e+006
BID,2/13/2019 00:00:00,17.967,17.9946,17.8014,17.9394,1.55781e+006
BID,2/14/2019 00:00:00,17.9394,17.967,17.8566,17.8842,1.01855e+006
BID,2/15/2019 00:00:00,17.8566,18.657,17.7186,18.2982,1.62253e+006
BID,2/18/2019 00:00:00,18.4914,18.6018,18.3258,18.4914,955540
BID,2/19/2019 00:00:00,18.4914,18.6294,18.1602,18.1602,1.14313e+006
BID,2/20/2019 00:00:00,18.105,19.2642,18.0222,18.7674,2.36111e+006
BID,2/21/2019 00:00:00,18.9054,19.1262,18.7674,18.9054,2.15787e+006
BID,2/22/2019 00:00:00,18.8778,19.1538,18.7674,18.7674,1.45973e+006
BID,2/25/2019 00:00:00,19.0434,19.0434,18.6018,18.7674,1.6875e+006
BID,2/26/2019 00:00:00,18.6018,18.7674,18.4914,18.5466,1.40974e+006
BID,2/27/2019 00:00:00,18.5466,18.7398,18.4914,18.5466,749060
BID,2/28/2019 00:00:00,18.5466,18.6294,17.9394,17.9394,1.79348e+006
BID,3/1/2019 00:00:00,17.9946,18.2706,17.9946,18.1326,1.15313e+006
BID,3/4/2019 00:00:00,18.2706,18.6294,18.2154,18.5466,918340
BID,3/5/2019 00:00:00,18.3258,19.4849,18.3258,19.0986,4.21564e+006
BID,3/6/2019 00:00:00,19.0986,19.2642,18.9882,19.1814,1.60166e+006
BID,3/7/2019 00:00:00,19.3193,19.4573,19.1538,19.2642,1.70265e+006
BID,3/8/2019 00:00:00,19.0158,19.1538,18.7122,18.7674,1.80896e+006
BID,3/11/2019 00:00:00,18.8226,18.8226,18.4638,18.5742,1.13725e+006
BID,3/12/2019 00:00:00,18.8226,19.5953,18.657,19.5953,1.6905e+006
BID,3/13/2019 00:00:00,19.4849,19.8437,19.4297,19.6505,2.86092e+006
BID,3/14/2019 00:00:00,19.6505,20.2577,19.4297,19.9817,2.65104e+006
BID,3/15/2019 00:00:00,19.9817,20.6993,19.8161,20.5337,3.18024e+006
BID,3/18/2019 00:00:00,20.5337,20.7545,20.3681,20.5889,2.92581e+006
BID,3/19/2019 00:00:00,20.5061,20.5889,20.1473,20.2025,2.81911e+006
BID,3/20/2019 00:00:00,19.9541,20.1473,19.5953,19.9265,2.70062e+006
BID,3/21/2019 00:00:00,20.0093,20.2301,19.209,19.209,2.23965e+006
BID,3/22/2019 00:00:00,19.5401,19.7057,19.209,19.3745,1.87712e+006
BID,3/25/2019 00:00:00,18.8226,19.3193,18.4914,19.0434,2.0929e+006
BID,3/26/2019 00:00:00,19.2642,19.3745,18.8778,18.933,1.04209e+006
BID,3/27/2019 00:00:00,19.2366,19.3745,18.933,19.2642,1.23655e+006
BID,3/28/2019 00:00:00,19.0158,19.7885,19.0158,19.6505,2.19657e+006
BID,3/29/2019 00:00:00,19.6505,19.8713,19.6505,19.7609,1.65479e+006
BID,4/1/2019 00:00:00,19.7609,20.0369,19.4849,19.5953,909820
BID,4/2/2019 00:00:00,19.8713,19.8713,19.209,19.209,1.45353e+006
BID,4/3/2019 00:00:00,19.209,19.9265,19.0158,19.7057,1.89571e+006
BID,4/4/2019 00:00:00,19.8713,19.8713,19.4021,19.4849,1.05854e+006
BID,4/5/2019 00:00:00,19.4849,19.7057,19.209,19.3469,737650
BID,4/8/2019 00:00:00,19.209,19.6229,19.209,19.5953,1.04266e+006
BID,4/9/2019 00:00:00,19.5953,19.9817,19.5953,19.7333,2.08154e+006
BID,4/10/2019 00:00:00,19.7333,19.7609,19.4297,19.4297,522520
BID,4/11/2019 00:00:00,19.4849,19.5953,19.2917,19.4021,643960
BID,4/12/2019 00:00:00,19.3745,19.4297,19.1538,19.1814,894410
BID,4/16/2019 00:00:00,19.0986,19.6505,18.8778,19.5953,1.40452e+006
BID,4/17/2019 00:00:00,19.5953,19.5953,19.209,19.209,852450
BID,4/18/2019 00:00:00,19.209,19.5401,19.1262,19.209,1.01606e+006
BID,4/19/2019 00:00:00,19.209,19.4297,19.1538,19.2366,293870
BID,4/22/2019 00:00:00,19.2366,19.2366,18.7398,18.8778,687460
BID,4/23/2019 00:00:00,19.0986,19.0986,18.7398,18.8778,1.00574e+006
BID,4/24/2019 00:00:00,19.0434,19.209,18.933,19.0986,538100
BID,4/25/2019 00:00:00,19.0986,19.3193,19.0434,19.0434,464620
BID,4/26/2019 00:00:00,19.0434,19.2642,19.0434,19.209,484200
BID,5/2/2019 00:00:00,19.3193,19.3193,19.0434,19.0434,483460
BID,5/3/2019 00:00:00,19.0434,19.209,18.8778,18.8778,555330
BID,5/6/2019 00:00:00,18.5742,18.7122,18.2154,18.2706,1.22026e+006
BID,5/7/2019 00:00:00,18.381,18.7122,18.1602,18.2706,949150
BID,5/8/2019 00:00:00,18.0498,18.2154,17.8566,17.8566,1.12791e+006
BID,5/9/2019 00:00:00,18.0222,18.105,17.1114,17.1666,1.93796e+006
BID,5/10/2019 00:00:00,17.3874,17.7738,17.3322,17.6634,1.09803e+006
BID,5/13/2019 00:00:00,17.6634,18.105,17.6634,18.0498,778440
BID,5/14/2019 00:00:00,17.9118,17.9946,17.6634,17.8842,1.09164e+006
BID,5/15/2019 00:00:00,17.9946,18.2706,17.829,18.1602,1.46006e+006
BID,5/16/2019 00:00:00,18.1878,18.2154,17.9118,17.9946,776200
BID,5/17/2019 00:00:00,18.0498,18.0498,17.6634,17.7462,938600
BID,5/20/2019 00:00:00,17.7186,18.1602,17.7186,18.0498,960860
BID,5/21/2019 00:00:00,18.0498,18.3534,17.9946,18.243,1.71634e+006
BID,5/22/2019 00:00:00,18.243,18.5466,18.243,18.3258,1.26273e+006
BID,5/23/2019 00:00:00,18.2154,18.4362,17.9946,18.4362,795270
BID,5/24/2019 00:00:00,18.2706,18.3534,17.9394,17.9394,1.51092e+006
BID,5/27/2019 00:00:00,17.9394,18.0498,17.8842,17.9946,526030
BID,5/28/2019 00:00:00,17.9394,18.105,17.7462,17.829,881610
BID,5/29/2019 00:00:00,17.829,17.9118,17.6358,17.6634,896960
BID,5/30/2019 00:00:00,17.7738,17.829,17.553,17.553,671830
BID,5/31/2019 00:00:00,17.4702,17.6082,17.3598,17.3874,914150
BID,6/3/2019 00:00:00,17.3322,17.3874,16.8906,16.8906,1.29905e+006
BID,6/4/2019 00:00:00,16.8906,17.6634,16.863,17.6634,867040
BID,6/5/2019 00:00:00,17.6634,17.7738,17.3322,17.3322,482730
BID,6/6/2019 00:00:00,17.3322,17.4978,17.0562,17.277,329600
BID,6/7/2019 00:00:00,17.277,17.4978,17.277,17.4978,459310
BID,6/10/2019 00:00:00,17.553,17.7186,17.4978,17.4978,471530
BID,6/11/2019 00:00:00,17.553,17.6634,17.4426,17.6082,584390
BID,6/12/2019 00:00:00,17.4978,17.6082,17.3598,17.3874,351310
BID,6/13/2019 00:00:00,17.3322,17.5254,17.3322,17.3874,289140
BID,6/14/2019 00:00:00,17.4978,17.8014,17.3874,17.7462,1.58962e+006
BID,6/17/2019 00:00:00,17.7738,17.967,17.6358,17.7186,693710
BID,6/18/2019 00:00:00,17.6082,17.7186,17.4978,17.6634,273680
BID,6/19/2019 00:00:00,17.8842,17.8842,17.6358,17.6634,461820
BID,6/20/2019 00:00:00,17.6634,18.0498,17.6082,18.0222,1.14238e+006
BID,6/21/2019 00:00:00,18.0498,18.1878,17.9118,17.9394,501660
BID,6/24/2019 00:00:00,18.0222,18.2154,17.8842,17.9946,750120
BID,6/25/2019 00:00:00,17.9946,18.0498,17.7186,17.7186,734450
BID,6/26/2019 00:00:00,17.6634,17.967,17.6082,17.9394,1.05251e+006
BID,6/27/2019 00:00:00,17.9118,17.9118,17.6634,17.6634,664820
BID,6/28/2019 00:00:00,17.6634,17.7738,17.3322,17.4978,653190
BID,7/1/2019 00:00:00,17.7738,17.9394,17.7186,17.8566,550440
BID,7/2/2019 00:00:00,17.7186,17.8842,17.691,17.691,454740
BID,7/3/2019 00:00:00,17.6634,17.8842,17.6634,17.7186,409880
BID,7/4/2019 00:00:00,17.8842,18.1326,17.7738,18.105,1.14715e+006
BID,7/5/2019 00:00:00,18.0222,18.3258,17.9946,18.105,1.20478e+006
BID,7/8/2019 00:00:00,18.1602,18.1602,17.8842,17.967,564180
BID,7/9/2019 00:00:00,17.8842,18.0498,17.8842,17.9946,403680
BID,7/10/2019 00:00:00,17.9946,18.1326,17.8842,17.8842,699090
BID,7/11/2019 00:00:00,17.9946,18.4914,17.8842,18.4638,2.46104e+006
BID,7/12/2019 00:00:00,18.4914,18.657,18.381,18.4362,1.417e+006
BID,7/15/2019 00:00:00,18.381,18.4914,18.3534,18.381,913470
BID,7/16/2019 00:00:00,18.4638,19.071,18.4638,19.071,3.28793e+006
BID,7/17/2019 00:00:00,19.0434,19.2642,18.9054,19.071,1.55186e+006
BID,7/18/2019 00:00:00,19.0158,19.1538,18.8778,19.1538,1.44246e+006
BID,7/19/2019 00:00:00,19.3193,19.5401,19.1538,19.2642,1.71301e+006
BID,7/22/2019 00:00:00,19.4297,19.8437,19.3193,19.7333,2.86306e+006
BID,7/23/2019 00:00:00,19.7333,19.7333,19.1538,19.4573,2.13286e+006
BID,7/24/2019 00:00:00,19.5401,19.5401,18.8778,19.0158,1.88628e+006
BID,7/25/2019 00:00:00,18.933,19.4297,18.933,19.4297,1.31621e+006
BID,7/26/2019 00:00:00,19.3193,19.8161,19.3193,19.7609,2.18436e+006
BID,7/29/2019 00:00:00,19.7057,19.7609,19.4849,19.7609,1.35132e+006
BID,7/30/2019 00:00:00,19.6505,19.6505,19.2917,19.3193,1.62311e+006
BID,7/31/2019 00:00:00,19.3193,19.5953,19.1538,19.5953,933640
BID,8/1/2019 00:00:00,19.5953,19.5953,19.3469,19.5677,744670
BID,8/2/2019 00:00:00,19.3193,19.8713,19.2642,19.7609,1.82409e+006
BID,8/5/2019 00:00:00,19.5953,19.7609,19.5677,19.7609,1.969e+006
BID,8/6/2019 00:00:00,19.0434,19.6781,19.0434,19.4297,1.22964e+006
BID,8/7/2019 00:00:00,19.5125,19.5953,19.1538,19.1538,1.08138e+006
BID,8/8/2019 00:00:00,19.1538,19.4021,19.1262,19.1538,908980
BID,8/9/2019 00:00:00,19.3193,19.3193,18.8778,19.1538,997910
BID,8/12/2019 00:00:00,19.2366,19.5401,18.795,19.5125,1.37332e+006
BID,8/13/2019 00:00:00,19.3469,19.5401,19.1814,19.2642,817060
BID,8/14/2019 00:00:00,19.4849,19.5401,19.1814,19.3745,520650
BID,8/15/2019 00:00:00,19.0434,19.3745,19.0434,19.3745,551130
BID,8/16/2019 00:00:00,19.3193,20.2577,19.2642,19.8713,3.23704e+006
BID,8/19/2019 00:00:00,20.1473,20.4233,20.0369,20.2577,1.13296e+006
BID,8/20/2019 00:00:00,20.3957,20.3957,20.1749,20.3129,800200
BID,8/21/2019 00:00:00,20.1473,21.1133,20.1473,20.8925,2.6914e+006
BID,8/22/2019 00:00:00,20.9753,21.0305,20.6993,20.7545,1.61894e+006
BID,8/23/2019 00:00:00,20.8649,20.8649,20.5061,20.7269,977030
BID,8/26/2019 00:00:00,20.3681,20.8925,20.2025,20.8925,1.80698e+006
BID,8/27/2019 00:00:00,21.1409,21.1961,20.6993,20.6993,1.17079e+006
BID,8/28/2019 00:00:00,20.6993,20.9753,20.6441,20.7545,932680
BID,8/29/2019 00:00:00,20.7545,20.9201,20.6165,20.9201,1.33016e+006
BID,8/30/2019 00:00:00,21.0857,21.4169,20.9477,21.3893,2.18698e+006
BID,9/3/2019 00:00:00,21.4169,21.5825,21.3341,21.3617,830420
BID,9/4/2019 00:00:00,21.3617,21.4169,20.9753,21.3065,921560
BID,9/5/2019 00:00:00,21.4169,21.5549,21.2513,21.2513,939140
BID,9/6/2019 00:00:00,21.2513,21.2513,20.7269,20.9753,1.528e+006
BID,9/9/2019 00:00:00,20.9753,21.0305,20.8373,21.0305,801830
BID,9/10/2019 00:00:00,20.9477,21.3065,20.8649,21.1409,1.00393e+006
BID,9/11/2019 00:00:00,20.9753,21.1961,20.9477,21.0857,519270
BID,9/12/2019 00:00:00,21.1685,21.3893,20.9753,21.3341,1.76342e+006
BID,9/13/2019 00:00:00,21.4445,21.9965,21.3065,21.9965,2.30306e+006
BID,9/16/2019 00:00:00,21.9965,22.5208,21.9689,22.0793,1.25081e+006
BID,9/17/2019 00:00:00,21.9137,22.6312,21.7481,22.6312,1.56685e+006
BID,9/18/2019 00:00:00,22.576,22.7692,22.3828,22.714,1.63031e+006
BID,9/19/2019 00:00:00,22.7416,22.7692,22.4932,22.5208,1.02949e+006
BID,9/20/2019 00:00:00,22.5208,22.6864,21.9689,22.0793,2.2044e+006
BID,9/23/2019 00:00:00,21.9137,22.3552,21.8585,21.8861,1.08955e+006
BID,9/24/2019 00:00:00,21.9689,22.0793,21.7757,21.7757,821180
BID,9/25/2019 00:00:00,21.6653,22.0241,21.4721,22.0241,1.44508e+006
BID,9/26/2019 00:00:00,22.0241,22.4656,22.0241,22.1621,888310
BID,9/27/2019 00:00:00,22.2449,22.3,22.1069,22.2173,876890
BID,9/30/2019 00:00:00,22.1897,22.438,21.7481,21.7481,1.42915e+006
BID,10/1/2019 00:00:00,21.7481,22.0793,21.7481,22.0793,862420
BID,10/2/2019 00:00:00,22.0793,22.5208,22.0517,22.1897,1.50519e+006
BID,10/3/2019 00:00:00,21.9689,22.7692,21.9413,22.7692,1.93916e+006
BID,10/4/2019 00:00:00,22.7968,22.99,22.3552,22.3552,884430
BID,10/7/2019 00:00:00,22.576,22.576,22.0793,22.3,807180
BID,10/8/2019 00:00:00,22.3,22.6864,22.1345,22.6864,650420
BID,10/9/2019 00:00:00,22.6864,23.0728,22.5208,22.7692,1.41556e+006
BID,10/10/2019 00:00:00,22.7692,23.0176,22.6312,22.6312,1.05469e+006
BID,10/11/2019 00:00:00,22.6312,22.7416,22.4656,22.5208,552640
BID,10/14/2019 00:00:00,22.6312,23.1556,22.5484,22.714,1.38196e+006
BID,10/15/2019 00:00:00,22.6312,22.9348,22.6312,22.852,631810
BID,10/16/2019 00:00:00,22.852,22.99,22.714,22.714,650130
BID,10/17/2019 00:00:00,22.8244,22.8244,22.5208,22.5208,801110
BID,10/18/2019 00:00:00,22.5208,22.5208,22.0793,22.1345,1.22556e+006
BID,10/21/2019 00:00:00,21.9137,22.0793,21.6929,21.6929,1.28152e+006
BID,10/22/2019 00:00:00,21.6929,22.0793,21.6929,22.0793,566150
BID,10/23/2019 00:00:00,22.0793,22.2449,21.9965,22.1345,455760
BID,10/24/2019 00:00:00,22.1345,22.3552,21.9413,22.2449,513170
BID,10/25/2019 00:00:00,22.0793,22.3828,21.9689,22.1897,968770
BID,10/28/2019 00:00:00,22.6864,22.7416,22.4104,22.4104,800080
BID,10/29/2019 00:00:00,22.576,22.576,22.0793,22.4104,921380
BID,10/30/2019 00:00:00,22.3552,22.5208,22.1621,22.1897,760410
BID,10/31/2019 00:00:00,22.1897,22.4656,22.1069,22.4104,777680
BID,11/1/2019 00:00:00,22.3552,22.6864,22.2449,22.6312,1.18064e+006
BID,11/4/2019 00:00:00,22.6864,23.4316,22.6864,23.2936,1.74425e+006
BID,11/5/2019 00:00:00,23.3488,23.4592,23.266,23.4592,898400
BID,11/6/2019 00:00:00,23.3764,23.5696,23.2936,23.2936,821030
BID,11/7/2019 00:00:00,23.5791,23.8645,23.2936,23.7504,1.10506e+006
BID,11/8/2019 00:00:00,23.8645,23.9787,23.522,23.5791,729880
BID,11/11/2019 00:00:00,23.5505,23.9216,23.4649,23.5791,724450
BID,11/12/2019 00:00:00,23.6362,24.0929,23.5791,24.0358,1.49951e+006
BID,11/13/2019 00:00:00,24.0929,24.4926,24.0929,24.4926,1.80444e+006
BID,11/14/2019 00:00:00,24.5496,24.5496,24.0358,24.2642,811080
BID,11/15/2019 00:00:00,24.3498,24.3784,23.9787,23.9787,627650
BID,11/18/2019 00:00:00,23.8645,24.0929,23.5505,23.5791,958470
BID,11/19/2019 00:00:00,23.5791,23.8074,23.4649,23.7789,676040
BID,11/20/2019 00:00:00,23.9216,23.9216,23.5505,23.7218,246520
BID,11/21/2019 00:00:00,23.6933,23.8074,23.4934,23.522,611690
BID,11/22/2019 00:00:00,23.6933,23.6933,22.7227,22.9511,1.04132e+006
BID,11/25/2019 00:00:00,22.9511,23.1794,22.5514,22.6656,822450
BID,11/26/2019 00:00:00,23.0082,23.1509,22.7227,22.8369,406540
BID,11/27/2019 00:00:00,22.894,23.6362,22.894,23.2936,1.06081e+006
BID,11/28/2019 00:00:00,23.4078,23.4078,23.0938,23.208,396280
BID,11/29/2019 00:00:00,23.1223,23.3507,23.1223,23.1223,391620
BID,12/2/2019 00:00:00,23.0082,23.0082,22.4943,22.4943,702050
BID,12/3/2019 00:00:00,22.4943,22.8654,22.266,22.6656,786830
BID,12/4/2019 00:00:00,22.6656,23.1509,22.6085,23.0367,352310
BID,12/5/2019 00:00:00,23.1509,23.1794,22.6371,22.8369,393640
BID,12/6/2019 00:00:00,22.6656,22.9511,22.58,22.6371,374930
BID,12/9/2019 00:00:00,22.8369,22.8369,22.6371,22.8369,358570
BID,12/10/2019 00:00:00,22.8369,23.0367,22.6941,22.7798,415660
BID,12/11/2019 00:00:00,22.7798,22.894,22.7227,22.894,280130
BID,12/12/2019 00:00:00,23.1794,23.4078,22.9511,23.4078,724090
BID,12/13/2019 00:00:00,23.4078,23.9502,23.4078,23.9216,1.42606e+006
BID,12/16/2019 00:00:00,24.0929,24.1215,23.6933,23.9216,841690
BID,12/17/2019 00:00:00,23.8645,23.9216,23.5791,23.6647,580480
BID,12/18/2019 00:00:00,23.4649,24.2927,23.4649,23.9787,1.4782e+006
BID,12/19/2019 00:00:00,24.0358,24.2356,23.6362,24.0929,702550
BID,12/20/2019 00:00:00,23.9787,24.4355,23.9787,24.4069,712940
BID,12/23/2019 00:00:00,24.4069,25.6629,24.4069,25.5488,2.44266e+006
BID,12/24/2019 00:00:00,25.4346,25.7771,25.2918,25.6344,741520
BID,12/25/2019 00:00:00,25.1777,25.8342,25.1777,25.8057,585450
BID,12/26/2019 00:00:00,25.72,25.8913,25.2348,25.2348,525840
BID,12/27/2019 00:00:00,25.2348,26.3766,25.1206,26.3766,1.09801e+006
BID,12/30/2019 00:00:00,26.4337,26.919,26.2624,26.3195,872650
BID,12/31/2019 00:00:00,26.3766,26.5479,26.2053,26.348,630410
BID,1/2/2020 00:00:00,26.2624,26.9475,26.2053,26.7762,872620
BID,1/3/2020 00:00:00,27.0332,27.1188,26.6621,26.6621,603940
BID,1/6/2020 00:00:00,26.6621,26.6621,26.1482,26.1482,794490
BID,1/7/2020 00:00:00,26.1482,26.6621,25.8057,26.6621,526890
BID,1/8/2020 00:00:00,26.2624,27.3472,26.1482,26.8904,1.23083e+006
BID,1/9/2020 00:00:00,27.2615,28.489,27.1759,28.3463,1.57319e+006
BID,1/10/2020 00:00:00,28.3463,29.6879,28.3177,29.2883,1.50641e+006
BID,1/13/2020 00:00:00,28.489,29.4025,28.2606,28.6032,544740
BID,1/14/2020 00:00:00,28.6032,29.4025,28.489,28.6032,752200
BID,1/15/2020 00:00:00,28.489,29.2883,28.489,29.117,695290
BID,1/16/2020 00:00:00,29.117,30.8869,29.117,30.8298,1.00408e+006
BID,1/17/2020 00:00:00,30.8869,31.1723,30.316,30.5443,643490
BID,1/20/2020 00:00:00,30.5443,30.944,30.373,30.4301,761650
BID,1/21/2020 00:00:00,30.4301,31.1152,30.4301,30.8298,609600
BID,1/22/2020 00:00:00,30.8298,31.8574,30.7156,31.6862,781390
BID,1/30/2020 00:00:00,31.1152,31.3436,29.6879,30.0876,1.38871e+006
BID,1/31/2020 00:00:00,29.8592,30.6014,29.4025,29.4025,1.15457e+006
BID,2/3/2020 00:00:00,28.4319,31.4007,27.3472,30.5443,1.56256e+006
BID,2/4/2020 00:00:00,31.0582,31.2294,30.6014,31.0582,1.40627e+006
BID,2/5/2020 00:00:00,31.3436,31.5149,30.5443,30.5443,718710
BID,2/6/2020 00:00:00,30.4872,30.8869,30.2589,30.373,1.46993e+006
BID,2/7/2020 00:00:00,30.0876,30.4301,29.4596,29.5167,1.50114e+006
BID,2/10/2020 00:00:00,29.0599,29.2312,28.0323,28.0323,1.11168e+006
BID,2/11/2020 00:00:00,28.0323,29.3454,28.0323,29.0028,917080
BID,2/12/2020 00:00:00,29.4025,29.5738,28.9457,29.0028,704550
BID,2/13/2020 00:00:00,28.9457,29.117,28.489,28.7745,578820
BID,2/14/2020 00:00:00,28.6032,28.8887,28.5461,28.5461,627040
BID,2/17/2020 00:00:00,28.6603,29.4025,28.6032,29.4025,863730
BID,2/18/2020 00:00:00,29.6308,30.0305,29.4025,29.6879,879430
BID,2/19/2020 00:00:00,29.6879,29.745,29.2312,29.2883,372250
BID,2/20/2020 00:00:00,29.6308,29.6879,29.2312,29.2883,552810
BID,2/21/2020 00:00:00,29.2883,29.2883,27.8324,28.2606,2.61902e+006
BID,2/24/2020 00:00:00,27.5184,27.861,26.4337,26.4337,1.08121e+006
BID,2/25/2020 00:00:00,25.6915,27.861,25.6915,27.861,878610
BID,2/26/2020 00:00:00,27.1759,27.5755,26.7477,26.8333,626350
BID,2/27/2020 00:00:00,26.8333,27.233,26.5193,26.8904,722680
BID,2/28/2020 00:00:00,26.2624,26.4908,25.72,25.9769,972320
BID,3/2/2020 00:00:00,26.2053,26.2053,25.6915,25.7771,568290
BID,3/3/2020 00:00:00,26.7191,27.2615,26.0911,26.7762,1.0169e+006
BID,3/4/2020 00:00:00,26.8333,26.8333,26.2053,26.348,658350
BID,3/5/2020 00:00:00,26.5764,26.9761,26.5479,26.6335,872610
BID,3/6/2020 00:00:00,25.9769,26.919,25.9769,26.7477,555990
BID,3/9/2020 00:00:00,24.9493,25.5202,24.8922,24.8922,944020
BID,3/10/2020 00:00:00,24.2642,25.1206,23.5791,24.2071,1.36622e+006
BID,3/11/2020 00:00:00,24.8351,24.8351,22.5229,22.5229,1.52203e+006
BID,3/12/2020 00:00:00,20.9814,21.5238,20.9528,20.9528,1.53114e+006
BID,3/13/2020 00:00:00,19.497,20.9528,19.497,19.9823,2.33029e+006
BID,3/16/2020 00:00:00,19.9823,20.5246,18.5835,18.7262,2.19159e+006
BID,3/17/2020 00:00:00,17.4702,19.3543,17.4702,19.2972,1.77434e+006
BID,3/18/2020 00:00:00,19.4113,20.2677,19.3828,19.7254,1.74397e+006
BID,3/19/2020 00:00:00,19.3828,19.5255,18.6977,19.0688,906470
BID,3/20/2020 00:00:00,19.183,19.4399,18.7833,18.8975,771320
BID,3/23/2020 00:00:00,17.6986,18.2124,17.5844,17.5844,2.72871e+006
BID,3/24/2020 00:00:00,17.6986,18.241,17.5273,18.0411,1.22702e+006
BID,3/25/2020 00:00:00,19.0688,19.0973,18.7262,18.9546,1.61198e+006
BID,3/26/2020 00:00:00,18.8404,19.5255,18.3551,19.0117,1.14858e+006
BID,3/27/2020 00:00:00,18.8975,19.2686,18.4979,18.8404,1.12821e+006
BID,3/30/2020 00:00:00,17.6986,18.2124,17.5273,17.6415,1.36943e+006
BID,3/31/2020 00:00:00,18.2695,18.3551,16.8422,17.6129,1.01877e+006
BID,4/1/2020 00:00:00,17.6415,18.8404,17.5844,18.3266,1.19096e+006
BID,4/3/2020 00:00:00,18.6121,19.5826,18.6121,19.5826,1.54702e+006
BID,4/6/2020 00:00:00,20.3819,20.9528,20.0394,20.9528,1.88164e+006
BID,4/7/2020 00:00:00,21.4096,21.5238,20.5532,21.1241,1.79305e+006
BID,4/8/2020 00:00:00,20.439,21.695,20.0394,21.6665,1.45616e+006
BID,4/9/2020 00:00:00,21.6665,22.0376,21.4952,21.5238,1.349e+006
BID,4/10/2020 00:00:00,21.2954,21.5809,20.9528,21.067,1.19858e+006
BID,4/13/2020 00:00:00,20.9528,21.5238,20.8957,21.2098,1.05695e+006
BID,4/14/2020 00:00:00,21.1527,21.4381,20.439,20.8387,1.22036e+006
BID,4/15/2020 00:00:00,20.9528,21.5238,20.9528,21.2954,1.10707e+006
BID,4/16/2020 00:00:00,21.2383,21.2954,20.9814,21.2954,1.21027e+006
BID,4/17/2020 00:00:00,21.6094,21.8092,21.2383,21.3525,1.15171e+006
BID,4/20/2020 00:00:00,21.6379,21.695,21.0956,21.1812,1.37183e+006
BID,4/21/2020 00:00:00,20.5532,21.0099,19.811,19.811,2.23898e+006
BID,4/22/2020 00:00:00,18.8975,21.1527,18.8975,20.6674,1.4138e+006
BID,4/23/2020 00:00:00,21.1241,21.2383,20.6103,20.6674,789930
BID,4/24/2020 00:00:00,20.8101,20.8101,20.1535,20.5532,592910
BID,4/27/2020 00:00:00,20.6674,20.7816,20.0394,20.0394,1.20568e+006
BID,4/28/2020 00:00:00,20.0394,20.439,19.6968,20.0679,589490
BID,4/29/2020 00:00:00,19.9823,20.4961,19.9823,20.3248,595490
BID,5/4/2020 00:00:00,20.3248,20.7816,20.0394,20.1535,655630
BID,5/5/2020 00:00:00,20.1535,20.439,20.0965,20.1535,427650
BID,5/6/2020 00:00:00,20.2392,20.5532,20.1535,20.5532,739320
BID,5/7/2020 00:00:00,20.7245,21.4667,20.7245,21.4381,2.52445e+006
BID,5/8/2020 00:00:00,21.6665,22.4372,21.4381,21.695,2.56357e+006
BID,5/11/2020 00:00:00,21.9805,22.266,21.6665,21.9805,1.20973e+006
BID,5/12/2020 00:00:00,21.8663,22.0661,21.6665,22.009,1.64596e+006
BID,5/13/2020 00:00:00,21.8663,22.7227,21.5809,22.6085,2.7259e+006
BID,5/14/2020 00:00:00,22.266,23.1223,22.266,22.6656,1.99489e+006
BID,5/15/2020 00:00:00,22.7227,22.894,21.9234,22.0376,1.90978e+006
BID,5/18/2020 00:00:00,21.9519,22.2089,21.695,22.2089,1.86437e+006
BID,5/19/2020 00:00:00,22.7798,22.7798,22.2089,22.323,1.68624e+006
BID,5/20/2020 00:00:00,22.266,22.4372,21.9805,22.3516,900670
BID,5/21/2020 00:00:00,22.5514,22.9225,22.5229,22.6656,2.47477e+006
BID,5/22/2020 00:00:00,22.6656,22.8369,22.4372,22.4372,1.14083e+006
BID,5/25/2020 00:00:00,22.4372,22.7227,22.266,22.6371,888300
BID,5/26/2020 00:00:00,22.6941,23.9787,22.6941,23.9787,2.95412e+006
BID,5/27/2020 00:00:00,24.4069,24.4069,22.7227,22.7227,2.29324e+006
BID,5/28/2020 00:00:00,22.8369,23.3793,22.7227,23.2365,1.91389e+006
BID,5/29/2020 00:00:00,23.0652,23.1223,22.7227,22.894,1.66973e+006
BID,6/1/2020 00:00:00,23.0082,23.7218,22.9796,23.6647,1.10433e+006
BID,6/2/2020 00:00:00,23.6933,23.9216,23.1223,23.1509,1.4966e+006
BID,6/3/2020 00:00:00,23.3507,23.522,23.1223,23.4078,896130
BID,6/4/2020 00:00:00,23.522,24.15,23.4649,23.8645,2.01338e+006
BID,6/5/2020 00:00:00,23.8645,24.0929,23.5505,24.0358,1.21616e+006
BID,6/8/2020 00:00:00,24.3784,25.1206,24.2642,25.1206,2.48793e+006
BID,6/9/2020 00:00:00,25.1777,25.1777,24.7209,24.7495,1.11959e+006
BID,6/10/2020 00:00:00,24.6067,25.1777,24.2642,24.8351,1.2974e+006
BID,6/11/2020 00:00:00,24.8351,24.9493,23.1223,23.1223,2.38667e+006
BID,6/12/2020 00:00:00,22.5514,24.2642,22.5514,24.2642,1.91359e+006
BID,6/15/2020 00:00:00,24.15,24.15,22.7798,22.7798,1.50348e+006
BID,6/16/2020 00:00:00,23.6933,23.7504,23.1223,23.2365,958780
BID,6/17/2020 00:00:00,23.2365,23.4649,22.7512,23.0082,817560
BID,6/18/2020 00:00:00,23.0082,23.1794,22.8369,23.1223,629450
BID,6/19/2020 00:00:00,23.522,23.6647,23.2365,23.6647,720420
BID,6/22/2020 00:00:00,23.6933,23.8931,23.2936,23.5791,622920
BID,6/23/2020 00:00:00,23.4363,23.6076,23.1223,23.2365,1.1101e+006
BID,6/24/2020 00:00:00,23.2365,23.522,22.9511,23.0082,692090
BID,6/25/2020 00:00:00,22.8369,22.9796,22.7227,22.8369,791820
BID,6/26/2020 00:00:00,23.3507,23.3507,22.6656,22.7798,717380
BID,6/29/2020 00:00:00,22.4372,22.5514,21.9234,21.9805,1.33421e+006
BID,6/30/2020 00:00:00,22.266,22.2945,21.5809,21.6379,862060
BID,7/1/2020 00:00:00,21.6379,22.4943,21.6379,22.3801,769310
BID,7/2/2020 00:00:00,22.5229,22.5229,22.0947,22.266,501500
BID,7/3/2020 00:00:00,22.4087,22.4372,22.1518,22.323,547350
BID,7/6/2020 00:00:00,22.4943,22.9511,22.323,22.894,757690
BID,7/7/2020 00:00:00,23.0652,23.3222,22.9796,23.1794,1.09757e+006
BID,7/8/2020 00:00:00,23.1223,23.2365,22.8369,23.1509,768660
BID,7/9/2020 00:00:00,23.1509,23.9216,23.1509,23.7504,1.53178e+006
BID,7/10/2020 00:00:00,23.522,23.7789,23.2651,23.6933,1.03079e+006
BID,7/13/2020 00:00:00,23.7789,23.8931,23.4078,23.5791,1.03952e+006
BID,7/14/2020 00:00:00,23.3222,23.5791,23.2365,23.5505,990800
BID,7/15/2020 00:00:00,23.8074,23.8074,23.5791,23.6076,690440
BID,7/16/2020 00:00:00,23.6076,23.6362,23.4078,23.6076,473290
BID,7/17/2020 00:00:00,23.6362,23.8931,23.6362,23.7504,1.3436e+006
BID,7/20/2020 00:00:00,23.8074,23.836,23.2936,23.2936,832370
BID,7/21/2020 00:00:00,23.4078,23.4078,23.0367,23.2936,374580
BID,7/22/2020 00:00:00,23.4078,23.4078,22.5514,22.8369,750600
BID,7/23/2020 00:00:00,22.8369,23.0938,22.6371,22.7512,764300
BID,7/24/2020 00:00:00,22.7512,22.7512,21.5523,21.8092,1.80777e+006
BID,7/27/2020 00:00:00,20.5532,21.5809,20.2963,20.2963,1.54543e+006
BID,7/28/2020 00:00:00,20.5532,21.6094,20.5532,21.6094,1.19355e+006
BID,7/29/2020 00:00:00,21.0099,21.2383,20.439,21.0956,725660
BID,7/30/2020 00:00:00,21.4096,21.4096,20.5532,21.2383,419920
BID,7/31/2020 00:00:00,20.5532,21.2668,20.5532,20.9243,479890
BID,8/3/2020 00:00:00,20.7245,21.3239,20.7245,21.2383,646640
BID,8/4/2020 00:00:00,21.695,21.695,21.4096,21.6379,494030
BID,8/5/2020 00:00:00,21.5809,22.266,21.4667,22.1232,911970
BID,8/6/2020 00:00:00,22.0661,22.2089,21.8092,21.8378,597260
BID,8/7/2020 00:00:00,21.8378,22.0376,21.6665,21.7521,532060
BID,8/10/2020 00:00:00,21.9519,22.0947,21.7521,21.7521,534820
BID,8/11/2020 00:00:00,21.8949,22.0376,21.7521,21.9805,780760
BID,8/12/2020 00:00:00,22.0376,22.4658,22.0376,22.3801,963310
BID,8/13/2020 00:00:00,22.5514,22.6656,22.4372,22.6371,673490
BID,8/14/2020 00:00:00,22.4658,22.6085,22.1518,22.266,985710
BID,8/17/2020 00:00:00,22.2089,22.266,21.9519,22.0947,631010
BID,8/18/2020 00:00:00,22.266,22.266,21.9234,21.9234,663290
BID,8/19/2020 00:00:00,21.9234,22.1803,21.9234,22.0376,346360
BID,8/20/2020 00:00:00,22.0376,22.1803,21.8378,21.8378,859310
BID,8/21/2020 00:00:00,21.9234,22.4087,21.9234,22.2374,1.09841e+006
BID,8/24/2020 00:00:00,22.5514,22.7798,22.3801,22.6371,940780
BID,8/25/2020 00:00:00,22.7798,22.8369,22.4943,22.5514,886570
BID,8/26/2020 00:00:00,22.5514,22.5514,22.4372,22.4658,831700
BID,8/27/2020 00:00:00,22.4372,22.4943,22.266,22.323,1.09526e+006
BID,8/28/2020 00:00:00,22.5514,23.4078,22.4372,23.1509,3.03257e+006
BID,8/31/2020 00:00:00,23.1794,23.5791,23.1509,23.3793,2.00645e+006
BID,9/1/2020 00:00:00,23.1223,23.6362,23.0652,23.6362,2.12422e+006
BID,9/3/2020 00:00:00,23.6933,24.0929,23.522,24.0929,2.66617e+006
BID,9/4/2020 00:00:00,23.5791,24.15,23.5505,24.0358,2.00184e+006
BID,9/7/2020 00:00:00,24.0929,24.0929,23.1794,23.1794,2.24644e+006
BID,9/8/2020 00:00:00,23.2936,23.4078,22.8654,23.3222,1.26151e+006
BID,9/9/2020 00:00:00,22.9511,23.3793,22.894,23.2936,804160
BID,9/10/2020 00:00:00,23.4649,23.4934,23.1223,23.1223,846810
BID,9/11/2020 00:00:00,23.1223,23.208,22.9796,23.0938,773230
BID,9/14/2020 00:00:00,23.1509,23.2936,23.0938,23.1223,931340
BID,9/15/2020 00:00:00,23.2365,23.522,23.0652,23.2651,1.10981e+006
BID,9/16/2020 00:00:00,23.3507,23.3507,23.0938,23.1509,546300
BID,9/17/2020 00:00:00,23.2365,23.4649,23.0082,23.1223,1.52066e+006
BID,9/18/2020 00:00:00,23.1794,23.4078,23.1223,23.4078,1.40199e+006
BID,9/21/2020 00:00:00,23.522,23.6933,23.2365,23.2936,1.00652e+006
BID,9/22/2020 00:00:00,23.2365,23.3507,23.0938,23.2365,1.16073e+006
BID,9/23/2020 00:00:00,23.2936,23.9216,23.2936,23.6362,2.10588e+006
BID,9/24/2020 00:00:00,23.522,23.7218,23.2936,23.3507,1.52378e+006
BID,9/25/2020 00:00:00,23.4078,23.4649,23.1509,23.2936,1.33476e+006
BID,9/28/2020 00:00:00,23.4363,23.8074,23.2936,23.5791,1.952e+006
BID,9/29/2020 00:00:00,23.6933,23.9502,23.1794,23.208,2.02202e+006
BID,9/30/2020 00:00:00,23.2365,23.3507,23.1223,23.2936,933550
BID,10/1/2020 00:00:00,23.2936,23.4934,23.2936,23.3793,1.15783e+006
BID,10/2/2020 00:00:00,23.4078,23.6647,21.9805,23.208,1.75899e+006
BID,10/5/2020 00:00:00,23.4078,23.4078,22.9511,23.0652,1.56792e+006
BID,10/6/2020 00:00:00,23.1509,23.2936,23.0082,23.0938,1.50779e+006
BID,10/7/2020 00:00:00,23.0652,23.3507,23.0082,23.0938,1.17772e+006
BID,10/8/2020 00:00:00,23.1794,23.208,22.7227,23.0652,1.89339e+006
BID,10/9/2020 00:00:00,23.0082,23.1223,22.894,23.0367,849330
BID,10/12/2020 00:00:00,23.7504,23.9502,23.2365,23.3793,3.53355e+006
BID,10/13/2020 00:00:00,23.4078,23.8931,23.1794,23.5505,1.98074e+006
BID,10/14/2020 00:00:00,23.8645,24.5211,23.6933,24.4926,6.82105e+006
BID,10/15/2020 00:00:00,24.8066,24.8066,24.0929,24.1215,2.9578e+006
BID,10/16/2020 00:00:00,24.1215,24.6638,23.8645,24.0929,2.41165e+006
BID,10/19/2020 00:00:00,24.2356,24.2356,23.8074,23.9216,2.69025e+006
BID,10/20/2020 00:00:00,23.6933,24.2642,23.6933,23.9787,1.92339e+006
BID,10/21/2020 00:00:00,24.2071,24.8351,24.0644,24.1785,3.01994e+006
BID,10/22/2020 00:00:00,24.15,24.5211,23.9216,24.5211,1.73302e+006
BID,10/23/2020 00:00:00,24.778,24.778,24.4355,24.4355,1.94e+006
BID,10/26/2020 00:00:00,24.2642,24.5496,23.4078,23.4078,3.37951e+006
BID,10/27/2020 00:00:00,23.4078,23.6933,23.2365,23.2365,2.63596e+006
BID,10/28/2020 00:00:00,23.1223,23.2365,22.4372,22.4372,2.8995e+006
BID,10/29/2020 00:00:00,22.1518,22.5514,21.9519,22.0661,2.82319e+006
BID,10/30/2020 00:00:00,22.266,22.3801,21.7807,21.9805,1.67827e+006
BID,11/2/2020 00:00:00,21.9805,22.323,21.9805,22.2089,1.08473e+006
BID,11/3/2020 00:00:00,22.266,22.5514,22.266,22.4943,1.03523e+006
BID,11/4/2020 00:00:00,22.4943,22.894,22.4658,22.6941,1.07774e+006
BID,11/5/2020 00:00:00,22.6941,22.6941,22.2945,22.2945,1.28023e+006
BID,11/6/2020 00:00:00,22.5229,22.5229,22.1803,22.2945,646660
BID,11/9/2020 00:00:00,22.5229,22.5229,22.323,22.4087,1.18761e+006
BID,11/10/2020 00:00:00,22.7512,22.8369,22.4943,22.4943,1.36119e+006
BID,11/11/2020 00:00:00,22.4943,22.6371,22.3516,22.4943,723840
BID,11/12/2020 00:00:00,22.5514,22.7227,22.4943,22.6085,1.12604e+006
BID,11/13/2020 00:00:00,22.6656,23.0082,22.6371,23.0082,1.83335e+006
BID,11/16/2020 00:00:00,23.0367,23.2936,22.7798,22.7798,1.93961e+006
BID,11/17/2020 00:00:00,22.8369,23.0082,22.6941,23.0082,1.45555e+006
BID,11/18/2020 00:00:00,23.0082,23.0367,22.8369,22.8654,1.57221e+006
BID,11/19/2020 00:00:00,22.894,23.2936,22.894,23.0652,1.78748e+006
BID,11/20/2020 00:00:00,23.2365,23.5505,23.2365,23.522,2.52269e+006
BID,11/23/2020 00:00:00,23.6933,23.6933,23.1509,23.4649,1.31528e+006
BID,11/24/2020 00:00:00,23.4363,23.4649,23.0652,23.2365,1.95851e+006
BID,11/25/2020 00:00:00,23.4078,23.6647,23.1509,23.5791,2.775e+006
BID,11/26/2020 00:00:00,23.5791,24.3213,23.4078,24.3213,4.35638e+006
BID,11/27/2020 00:00:00,24.4355,24.464,24.0073,24.2356,2.32362e+006
BID,11/30/2020 00:00:00,24.2356,24.2642,23.8074,23.8074,1.70819e+006
BID,12/1/2020 00:00:00,23.4078,23.8645,23.2936,23.8074,2.91347e+006
BID,12/2/2020 00:00:00,23.836,23.9787,23.6362,23.6933,1.83312e+006
BID,12/3/2020 00:00:00,23.7218,23.9216,23.6362,23.7504,1.83679e+006
BID,12/4/2020 00:00:00,23.7504,24.15,23.6933,23.7789,2.56304e+006
BID,12/7/2020 00:00:00,23.9787,24.6638,23.8931,24.5496,4.12083e+006
BID,12/8/2020 00:00:00,24.7209,24.7209,24.2356,24.3784,2.15174e+006
BID,12/9/2020 00:00:00,24.4926,25.1206,24.4069,25.0064,3.67983e+006
BID,12/10/2020 00:00:00,25.0064,25.5773,24.9493,25.092,3.83086e+006
BID,12/11/2020 00:00:00,25.0635,26.1482,24.8922,26.1482,4.56695e+006
BID,12/14/2020 00:00:00,26.348,26.5764,26.1768,26.5479,2.93549e+006
BID,12/15/2020 00:00:00,26.348,26.8333,26.1768,26.3195,3.42238e+006
BID,12/16/2020 00:00:00,26.3195,27.0902,26.3195,27.0617,3.09305e+006
BID,12/17/2020 00:00:00,26.7191,27.1759,26.4908,26.4908,3.89458e+006
BID,12/18/2020 00:00:00,26.6621,27.1188,26.4908,26.8333,2.43254e+006
BID,12/21/2020 00:00:00,27.4043,27.4043,26.5479,27.0902,2.47624e+006
BID,12/22/2020 00:00:00,27.0902,27.0902,26.605,26.7477,2.73523e+006
BID,12/23/2020 00:00:00,26.8333,27.1188,26.4908,26.605,2.10562e+006
BID,12/24/2020 00:00:00,26.605,26.7191,25.0635,25.9769,3.13518e+006
BID,12/25/2020 00:00:00,25.9769,26.6621,25.6915,26.605,1.5629e+006
BID,12/28/2020 00:00:00,26.8048,27.4043,26.7191,27.0902,3.15628e+006
BID,12/29/2020 00:00:00,27.0046,27.7754,27.0046,27.6041,3.03127e+006
BID,12/30/2020 00:00:00,27.6326,27.861,27.4043,27.4328,1.44216e+006
BID,12/31/2020 00:00:00,27.4328,27.8102,27.2877,27.8102,1.34238e+006
BID,1/4/2021 00:00:00,27.7231,28.1295,27.7231,28.0134,1.9938e+006
BID,1/5/2021 00:00:00,27.8102,27.9263,27.665,27.8102,2.1557e+006
BID,1/6/2021 00:00:00,28.0424,29.3778,27.607,28.3327,3.6745e+006
BID,1/7/2021 00:00:00,28.3327,28.9714,28.1585,28.3908,1.6785e+006
BID,1/8/2021 00:00:00,28.623,28.623,27.9844,28.1585,2.0349e+006
BID,1/11/2021 00:00:00,28.1585,28.2166,27.8102,28.0134,2.7588e+006
BID,1/12/2021 00:00:00,28.0134,28.4488,27.8102,28.3037,2.1893e+006
BID,1/13/2021 00:00:00,28.3327,28.5649,28.1005,28.1295,1.6502e+006
BID,1/14/2021 00:00:00,28.1585,28.4488,27.8682,28.3617,1.9048e+006
BID,1/15/2021 00:00:00,28.623,28.7391,28.3617,28.3617,2.4047e+006
BID,1/18/2021 00:00:00,28.3908,28.4488,28.2166,28.2456,1.6851e+006
BID,1/19/2021 00:00:00,28.2166,28.2166,26.2716,26.2716,2.7011e+006
BID,1/20/2021 00:00:00,26.2716,26.9974,24.675,26.4168,2.3065e+006
BID,1/21/2021 00:00:00,26.4748,26.9974,26.2426,26.9974,1.347e+006
BID,1/22/2021 00:00:00,26.9974,27.0264,26.1845,26.2716,2.2118e+006
BID,1/25/2021 00:00:00,26.1265,26.2426,25.7781,25.8942,1.3719e+006
BID,1/26/2021 00:00:00,25.7491,25.7491,24.2686,24.704,1.8368e+006
BID,1/27/2021 00:00:00,24.704,25.1975,23.5719,23.9783,2.1021e+006
BID,1/28/2021 00:00:00,22.6429,23.2235,22.3236,22.3236,2.692e+006
BID,1/29/2021 00:00:00,21.1915,23.717,21.1915,23.1655,2.0082e+006
BID,2/1/2021 00:00:00,23.1655,23.8041,22.4397,22.701,1.545e+006
BID,2/2/2021 00:00:00,22.5849,23.1945,22.3817,22.8462,2.4973e+006
BID,2/3/2021 00:00:00,23.2816,24.0944,23.0494,24.0073,1.8519e+006
BID,2/4/2021 00:00:00,24.0364,24.1525,23.7461,24.0944,1.3785e+006
BID,2/5/2021 00:00:00,24.0944,24.4428,23.9783,24.2686,1.2796e+006
BID,2/8/2021 00:00:00,24.2686,24.3847,22.672,23.2816,1.8749e+006
BID,2/9/2021 00:00:00,23.5138,23.9202,23.0494,23.688,1.4485e+006
BID,2/17/2021 00:00:00,23.717,24.4428,23.717,24.4428,1.439e+006
BID,2/18/2021 00:00:00,24.5008,25.2556,24.2105,25.1975,2.3397e+006
BID,2/19/2021 00:00:00,24.9653,25.8362,24.8782,25.6039,2.0272e+006
BID,2/22/2021 00:00:00,25.6039,25.8362,25.3717,25.4007,1.5238e+006
BID,2/23/2021 00:00:00,25.4007,25.6039,25.0814,25.5459,1.5331e+006
BID,2/24/2021 00:00:00,25.4878,25.662,24.7331,24.9943,1.64e+006
BID,2/25/2021 00:00:00,25.0524,25.4298,24.5008,24.9363,1.7332e+006
BID,2/26/2021 00:00:00,24.8492,25.3717,24.5589,25.3137,1.3795e+006
BID,3/1/2021 00:00:00,25.3137,25.7781,25.3137,25.6039,2.2514e+006
BID,3/2/2021 00:00:00,25.8362,25.8942,25.4588,25.5749,2.124e+006
BID,3/3/2021 00:00:00,25.5749,25.662,25.3717,25.4298,1.5838e+006
BID,3/4/2021 00:00:00,25.5459,25.691,24.5589,24.8202,2.0895e+006
BID,3/5/2021 00:00:00,24.8202,25.1395,24.3847,24.6169,1.8572e+006
BID,3/8/2021 00:00:00,25.1975,25.1975,24.5589,24.646,1.5953e+006
BID,3/9/2021 00:00:00,24.6169,24.6169,24.0944,24.2976,2.4307e+006
BID,3/10/2021 00:00:00,24.3847,24.5008,24.0364,24.3847,2.0565e+006
BID,3/11/2021 00:00:00,24.7911,25.3137,24.704,25.1395,1.6724e+006
BID,3/12/2021 00:00:00,25.2556,25.3717,25.0234,25.1685,2.5364e+006
BID,3/15/2021 00:00:00,25.2556,25.3137,24.8492,24.9653,2.7797e+006
BID,3/16/2021 00:00:00,24.9653,25.0814,24.5589,24.6169,2.2237e+006
BID,3/17/2021 00:00:00,24.675,25.1975,24.3557,25.1395,4.3465e+006
BID,3/18/2021 00:00:00,25.5459,26.3007,25.2846,26.1265,5.6665e+006
BID,3/19/2021 00:00:00,26.1265,26.3587,25.9523,26.1265,2.8854e+006
BID,3/22/2021 00:00:00,26.1265,26.1265,25.8362,25.9233,2.5628e+006
BID,3/23/2021 00:00:00,25.8362,25.8652,25.0234,25.3717,4.5493e+006
BID,3/24/2021 00:00:00,24.9653,25.1395,24.3267,24.4718,3.3419e+006
BID,3/25/2021 00:00:00,24.675,24.9363,24.3557,24.5299,2.369e+006
BID,3/26/2021 00:00:00,24.3557,24.6169,23.5138,24.4428,2.4451e+006
BID,3/29/2021 00:00:00,24.675,24.7621,24.4718,24.704,1.3479e+006
BID,3/30/2021 00:00:00,24.9653,24.9943,24.5589,24.8782,2.3042e+006
BID,3/31/2021 00:00:00,24.9363,25.2266,24.8492,24.9363,2.1701e+006
BID,4/1/2021 00:00:00,24.9653,25.5459,24.9653,25.5169,3.7065e+006
BID,4/2/2021 00:00:00,25.7781,26.4168,25.5749,26.1265,5.7941e+006
BID,4/5/2021 00:00:00,26.5329,26.649,26.1845,26.4458,5.9694e+006
BID,4/6/2021 00:00:00,26.3587,26.8522,26.1555,26.5619,4.1138e+006
BID,4/7/2021 00:00:00,26.5329,26.5619,26.3297,26.4458,2.609e+006
BID,4/8/2021 00:00:00,26.5329,26.5909,25.9523,26.0104,4.4124e+006
BID,4/9/2021 00:00:00,25.9523,26.0104,25.5749,25.7201,4.4897e+006
BID,4/12/2021 00:00:00,25.8362,26.3007,25.6039,25.9813,5.1493e+006
BID,4/13/2021 00:00:00,26.1265,26.1845,25.2556,25.3427,3.952e+006
BID,4/14/2021 00:00:00,25.2556,25.7201,24.9653,25.5459,2.8393e+006
BID,4/15/2021 00:00:00,25.6039,25.662,24.9653,24.9943,3.7051e+006
BID,4/16/2021 00:00:00,24.8782,25.2556,24.2976,24.3847,4.6673e+006
BID,4/19/2021 00:00:00,24.3847,25.0234,24.2686,24.9653,3.194e+006
BID,4/20/2021 00:00:00,25.0234,25.5459,24.9363,25.0814,2.6761e+006
BID,4/22/2021 00:00:00,25.0814,25.0814,23.8041,23.8041,2.9297e+006
BID,4/23/2021 00:00:00,23.8041,24.4718,23.717,24.3847,3.0782e+006
BID,4/26/2021 00:00:00,24.2396,24.3847,23.5138,23.5138,3.3283e+006
BID,4/27/2021 00:00:00,23.5138,23.688,23.3397,23.4267,1.9785e+006
BID,4/28/2021 00:00:00,23.4267,23.7461,23.4267,23.5719,1.3792e+006
BID,4/29/2021 00:00:00,23.5719,24.3267,23.5719,23.8041,1.9491e+006
BID,5/4/2021 00:00:00,23.2235,24.2686,23.2235,23.9783,2.1719e+006
BID,5/5/2021 00:00:00,24.2105,24.5879,24.0944,24.3267,2.6922e+006
BID,5/6/2021 00:00:00,24.3267,24.3267,23.9202,23.9493,2.2461e+006
BID,5/7/2021 00:00:00,23.5719,23.9202,23.5138,23.6009,3.7066e+006
BID,5/10/2021 00:00:00,23.5138,24.0944,23.4267,24.0364,3.0278e+006
BID,5/11/2021 00:00:00,24.3847,25.2556,24.2686,24.4428,5.3493e+006
BID,5/12/2021 00:00:00,24.3847,24.7911,24.2686,24.7621,3.3315e+006
BID,5/13/2021 00:00:00,24.675,25.1975,24.3847,24.7331,3.4839e+006
BID,5/14/2021 00:00:00,24.8492,24.9653,24.5589,24.5879,2.7246e+006
BID,5/17/2021 00:00:00,24.675,24.9653,24.2105,24.2686,2.9924e+006
BID,5/18/2021 00:00:00,24.2105,24.2105,23.688,23.7461,3.9031e+006
BID,5/19/2021 00:00:00,23.8041,24.0364,23.5719,23.7461,2.8721e+006
BID,5/20/2021 00:00:00,23.7461,24.3267,23.2235,24.2976,3.495e+006
BID,5/21/2021 00:00:00,24.3847,25.9813,24.2976,25.9813,1.30275e+007
BID,5/24/2021 00:00:00,26.4168,26.9393,26.4168,26.7071,6.9941e+006
BID,5/25/2021 00:00:00,26.7071,27.2006,26.3877,27.1135,6.3296e+006
BID,5/26/2021 00:00:00,27.1135,27.3457,26.8232,27.0844,7.3698e+006
BID,5/27/2021 00:00:00,27.1715,27.1715,26.1555,26.3587,5.8623e+006
BID,5/28/2021 00:00:00,26.4748,27.6941,26.0684,27.3747,7.857e+006
BID,5/31/2021 00:00:00,27.7521,28.3327,27.5779,28.2747,5.5979e+006
BID,6/1/2021 00:00:00,28.3617,28.4488,27.8682,27.8682,4.0961e+006
BID,6/2/2021 00:00:00,27.4618,27.8392,27.4038,27.5199,6.0436e+006
BID,6/3/2021 00:00:00,27.7521,28.7391,27.5199,28.3327,6.7154e+006
BID,6/4/2021 00:00:00,28.2747,28.7391,27.8682,28.4488,5.9396e+006
BID,6/7/2021 00:00:00,28.1585,28.2166,26.4748,27.1715,5.2751e+006
BID,6/8/2021 00:00:00,27.2296,27.4038,25.9523,26.0104,5.6854e+006
BID,6/9/2021 00:00:00,26.1265,26.5329,25.5459,26.3877,4.4543e+006
BID,6/10/2021 00:00:00,26.3877,26.4748,25.4878,25.4878,4.4634e+006
BID,6/11/2021 00:00:00,25.5459,26.2716,25.2556,26.2426,6.3903e+006
BID,6/14/2021 00:00:00,26.4168,26.4748,25.9233,26.0684,3.3943e+006
BID,6/15/2021 00:00:00,25.9813,26.2136,25.5459,26.0684,3.257e+006
BID,6/16/2021 00:00:00,25.9523,27.1135,25.662,26.3007,4.2176e+006
BID,6/17/2021 00:00:00,25.8942,26.9103,25.8942,26.649,3.5793e+006
BID,6/18/2021 00:00:00,26.8522,26.9974,26.5329,26.7942,3.2002e+006
BID,6/21/2021 00:00:00,26.649,26.7071,26.0394,26.1265,4.2376e+006
BID,6/22/2021 00:00:00,26.3007,26.3877,26.0684,26.1265,2.7819e+006
BID,6/23/2021 00:00:00,26.0684,26.9393,26.0684,26.3587,2.5742e+006
BID,6/24/2021 00:00:00,26.3587,26.649,26.1265,26.2426,2.1107e+006
BID,6/25/2021 00:00:00,26.1845,26.7071,25.9523,26.4458,2.5723e+006
BID,6/28/2021 00:00:00,26.7071,27.3457,26.5039,27.2296,6.6851e+006
BID,6/29/2021 00:00:00,27.2877,27.8102,27.0554,27.2296,3.9457e+006
BID,6/30/2021 00:00:00,27.2296,27.5489,27.2006,27.4328,4.0018e+006
BID,7/1/2021 00:00:00,27.5779,27.665,27.2006,27.4618,4.6016e+006
BID,7/2/2021 00:00:00,27.5779,27.7231,27.2296,27.3167,4.2047e+006
BID,7/5/2021 00:00:00,27.3167,27.3167,26.2426,27.0844,3.4895e+006
BID,7/6/2021 00:00:00,27.2296,28.2166,25.5459,25.5459,6.896e+006
BID,7/7/2021 00:00:00,25.8362,26.5039,25.3137,26.4168,3.9436e+006
BID,7/8/2021 00:00:00,26.4168,26.7942,26.0974,26.5909,2.1274e+006
BID,7/9/2021 00:00:00,26.2426,26.7071,25.5459,26.0684,3.5878e+006
BID,7/12/2021 00:00:00,25.8942,25.8942,24.2686,24.3847,6.0218e+006
BID,7/13/2021 00:00:00,24.675,24.8202,24.1234,24.6169,1.9825e+006
BID,7/14/2021 00:00:00,24.675,24.7911,23.8041,24.7331,1.7889e+006
BID,7/15/2021 00:00:00,24.4137,25.0524,24.3847,24.7911,1.7932e+006
BID,7/16/2021 00:00:00,24.8492,24.9653,24.675,24.675,1.4164e+006
BID,7/19/2021 00:00:00,23.8622,24.3267,23.0203,23.0203,2.9608e+006
BID,7/20/2021 00:00:00,23.0494,23.8041,22.5849,23.8041,2.7136e+006
BID,7/21/2021 00:00:00,24.0364,24.0364,23.5138,23.6299,1.1577e+006
BID,7/22/2021 00:00:00,23.5719,23.8622,23.5719,23.8041,1.7009e+006
BID,7/23/2021 00:00:00,23.7461,24.0944,23.3397,23.3397,1.8235e+006
BID,7/26/2021 00:00:00,23.2235,23.4267,22.9332,23.2235,1.4369e+006
BID,7/27/2021 00:00:00,23.4558,23.688,23.3106,23.3397,1.4289e+006
BID,7/28/2021 00:00:00,23.3397,23.5138,23.2235,23.5138,1.2333e+006
BID,7/29/2021 00:00:00,23.688,23.8041,23.5719,23.8041,1.1799e+006
BID,7/30/2021 00:00:00,23.9783,24.0073,23.7751,23.8622,2.0315e+006
BID,8/2/2021 00:00:00,24.3847,24.9363,24.3847,24.704,3.9614e+006
BID,8/3/2021 00:00:00,24.5589,25.1685,24.4428,25.1685,2.7656e+006
BID,8/4/2021 00:00:00,25.1975,25.2556,24.7911,24.9653,2.14e+006
BID,8/5/2021 00:00:00,24.7331,25.2556,24.5589,24.9363,2.1166e+006
BID,8/6/2021 00:00:00,24.9363,25.1975,24.7331,24.9072,1.8683e+006
BID,8/9/2021 00:00:00,24.704,25.0524,24.5879,25.0524,1.7438e+006
BID,8/10/2021 00:00:00,25.1104,25.2556,24.9943,25.1395,1.8674e+006
BID,8/11/2021 00:00:00,25.1395,25.6039,24.9072,25.0234,2.7391e+006
BID,8/12/2021 00:00:00,25.1685,25.1975,24.8492,24.8492,1.7094e+006
BID,8/13/2021 00:00:00,24.7621,24.9653,24.2686,24.704,2.3096e+006
BID,8/16/2021 00:00:00,24.5879,25.2556,24.3847,25.1395,3.2863e+006
BID,8/17/2021 00:00:00,25.3137,25.3137,24.8492,24.9363,1.5653e+006
BID,8/18/2021 00:00:00,24.9072,24.9653,24.675,24.7621,1.5145e+006
BID,8/19/2021 00:00:00,24.7331,24.7331,24.4718,24.675,1.8039e+006
BID,8/20/2021 00:00:00,24.7331,24.9072,23.2235,23.5138,4.3635e+006
BID,8/23/2021 00:00:00,23.5138,23.688,22.8171,22.8171,2.7423e+006
BID,8/24/2021 00:00:00,22.8171,23.0494,22.5849,22.8752,2.5409e+006
BID,8/25/2021 00:00:00,22.9332,22.9623,22.6429,22.9042,1.1036e+006
BID,8/26/2021 00:00:00,23.0203,23.0203,22.0624,22.4107,2.0456e+006
BID,8/27/2021 00:00:00,22.3527,22.6429,21.9462,22.4688,1.9065e+006
BID,8/30/2021 00:00:00,22.6429,22.9332,22.5268,22.9042,1.4102e+006
BID,8/31/2021 00:00:00,22.9913,22.9913,22.6139,22.6139,1.8148e+006
BID,9/1/2021 00:00:00,22.5268,22.701,22.4397,22.6429,1.3579e+006
BID,9/6/2021 00:00:00,22.672,22.9332,22.6139,22.701,1.3646e+006
BID,9/7/2021 00:00:00,22.8171,23.3397,22.73,23.0494,1.7098e+006
BID,9/8/2021 00:00:00,23.3397,23.4558,22.9332,22.9913,1.4209e+006
BID,9/9/2021 00:00:00,22.9913,23.1074,22.9623,23.1074,839800
BID,9/10/2021 00:00:00,23.2235,23.2235,22.9913,23.0203,793800
BID,9/13/2021 00:00:00,23.0203,23.0203,22.6429,22.73,1.7347e+006
BID,9/14/2021 00:00:00,22.701,22.73,22.4107,22.4688,1.4153e+006
BID,9/15/2021 00:00:00,22.4107,22.6429,22.4107,22.5268,1.0551e+006
BID,9/16/2021 00:00:00,22.701,22.9332,22.672,22.8752,1.4656e+006
BID,9/17/2021 00:00:00,22.9913,23.4848,22.9913,23.2235,1.7841e+006
BID,9/20/2021 00:00:00,23.2526,23.3977,23.1655,23.1655,1.957e+006
BID,9/21/2021 00:00:00,22.9332,23.1074,22.7591,23.0203,1.5241e+006
BID,9/22/2021 00:00:00,22.9913,23.1655,22.701,22.9913,1.2678e+006
BID,9/23/2021 00:00:00,23.1074,23.1655,22.9042,22.9042,1.0846e+006
BID,9/24/2021 00:00:00,22.9332,23.1074,22.9042,23.0494,964900
BID,9/27/2021 00:00:00,23.0494,23.2816,22.7591,22.8752,1.2108e+006
BID,9/28/2021 00:00:00,22.8752,23.4267,22.7591,23.2816,2.1877e+006
BID,9/29/2021 00:00:00,23.2526,23.2526,22.8171,23.1655,1.1831e+006
BID,9/30/2021 00:00:00,23.1364,23.2235,22.8462,22.9042,1.0973e+006
BID,10/1/2021 00:00:00,22.8171,22.9042,22.5268,22.5268,1.6581e+006
BID,10/4/2021 00:00:00,22.5559,22.9913,22.3527,22.5849,1.0551e+006
BID,10/5/2021 00:00:00,22.6429,22.9623,22.6429,22.8171,730100
BID,10/6/2021 00:00:00,22.9332,23.2235,22.8171,22.8752,813300
BID,10/7/2021 00:00:00,22.8752,22.9332,22.73,22.73,1.0215e+006
BID,10/8/2021 00:00:00,22.73,22.8752,22.73,22.7591,978100
BID,10/11/2021 00:00:00,22.9913,23.2235,22.8752,23.2235,1.7601e+006
BID,10/12/2021 00:00:00,23.3397,23.659,23.2526,23.3687,1.9859e+006
BID,10/13/2021 00:00:00,23.3977,23.4848,22.9913,23.1655,1.4236e+006
BID,10/14/2021 00:00:00,23.1655,23.1945,22.9623,22.9623,1.0607e+006
BID,10/15/2021 00:00:00,22.9623,23.1364,22.9332,22.9332,1.1049e+006
BID,10/18/2021 00:00:00,22.9332,23.2526,22.6429,22.8171,1.7955e+006
BID,10/19/2021 00:00:00,22.8171,23.5429,22.6429,23.2526,2.2123e+006
BID,10/20/2021 00:00:00,23.2526,23.3397,22.8171,23.0784,1.0796e+006
BID,10/21/2021 00:00:00,23.0784,23.1655,22.9332,22.9332,632200
BID,10/22/2021 00:00:00,22.9332,23.0494,22.8171,22.8171,1.0549e+006
BID,10/25/2021 00:00:00,22.9913,22.9913,22.7591,22.7591,889700
BID,10/26/2021 00:00:00,22.7591,22.8752,22.73,22.7591,547200
BID,10/27/2021 00:00:00,22.7881,23.1945,22.7881,23.1655,1.4123e+006
BID,10/28/2021 00:00:00,23.2235,23.3397,23.0494,23.1364,1.2371e+006
BID,10/29/2021 00:00:00,23.2235,24.2105,23.1655,24.0944,3.7303e+006
BID,11/1/2021 00:00:00,24.3847,24.4428,24.1525,24.2686,3.2932e+006
BID,11/2/2021 00:00:00,24.2686,24.675,24.1525,24.3557,1.5277e+006
BID,11/3/2021 00:00:00,24.5589,25.6039,24.3847,24.9943,5.6017e+006
BID,11/4/2021 00:00:00,25.0524,25.691,24.7911,25.5459,4.3802e+006
BID,11/5/2021 00:00:00,25.5459,25.7781,25.1104,25.3137,1.9409e+006
BID,11/8/2021 00:00:00,25.3137,25.7781,25.0524,25.4878,2.6868e+006
BID,11/9/2021 00:00:00,25.5459,25.633,24.9653,24.9653,2.5409e+006
BID,11/10/2021 00:00:00,25.0234,25.2556,24.5879,24.9653,2.1385e+006
BID,11/11/2021 00:00:00,25.1975,25.2556,24.5008,24.8492,2.4418e+006
BID,11/12/2021 00:00:00,24.5879,25.1395,24.5879,25.0814,1.8763e+006
BID,11/15/2021 00:00:00,25.1685,25.2556,24.3847,24.8492,1.5233e+006
BID,11/16/2021 00:00:00,24.7911,25.0234,24.646,24.8492,1.2669e+006
BID,11/17/2021 00:00:00,24.7621,25.4298,24.646,25.3137,2.4448e+006
BID,11/18/2021 00:00:00,25.5459,26.0684,25.1975,25.8362,3.5108e+006
BID,11/19/2021 00:00:00,25.8652,26.7361,24.3847,25.7781,4.0551e+006
BID,11/22/2021 00:00:00,25.7781,26.8232,25.5459,26.4458,4.9399e+006
BID,11/23/2021 00:00:00,26.4168,26.4168,25.662,25.9523,1.795e+006
BID,11/24/2021 00:00:00,26.0974,26.7651,25.8942,26.7361,4.1276e+006
BID,11/25/2021 00:00:00,26.9393,26.9393,26.3007,26.3297,2.6868e+006
BID,11/26/2021 00:00:00,26.7651,26.8232,25.5459,26.3877,4.1321e+006
BID,11/29/2021 00:00:00,25.8362,26.1265,25.6039,25.8362,3.2605e+006
BID,11/30/2021 00:00:00,26.0684,26.5039,25.3137,25.7781,2.5421e+006
BID,12/1/2021 00:00:00,25.7781,25.9523,25.3717,25.7201,1.7557e+006
BID,12/2/2021 00:00:00,25.691,26.3587,25.5459,25.662,1.3673e+006
BID,12/3/2021 00:00:00,25.8362,25.8362,24.3847,24.3847,2.1991e+006
BID,12/6/2021 00:00:00,24.9653,24.9653,24.1815,24.3557,2.8581e+006
BID,12/7/2021 00:00:00,24.4137,25.4007,24.4137,25.3137,1.6535e+006
BID,12/8/2021 00:00:00,25.3717,25.7201,25.2266,25.5459,1.145e+006
BID,12/9/2021 00:00:00,25.5169,25.633,25.2846,25.5459,979700
BID,12/10/2021 00:00:00,25.7201,26.2426,25.7201,25.8942,2.0646e+006
BID,12/13/2021 00:00:00,26.4168,26.5909,26.1845,26.4168,2.4775e+006
BID,12/14/2021 00:00:00,26.5329,26.5329,26.2426,26.3007,1.711e+006
BID,12/15/2021 00:00:00,26.2426,26.4168,25.9813,26.0684,1.4267e+006
BID,12/16/2021 00:00:00,26.1265,26.1265,25.5459,26.0684,1.6745e+006
BID,12/17/2021 00:00:00,26.0684,26.4168,25.6039,26.0684,1.8517e+006
BID,12/20/2021 00:00:00,26.0104,26.0974,25.8362,25.8942,1.2293e+006
BID,12/21/2021 00:00:00,25.8362,25.9233,25.4298,25.4298,2.7877e+006
BID,12/22/2021 00:00:00,25.5459,25.691,24.9363,25.1395,2.8278e+006
BID,12/23/2021 00:00:00,25.5293,25.6027,24.7224,25.3092,2.3188e+006
BID,12/24/2021 00:00:00,25.3092,25.9695,25.3092,25.676,1.525e+006
BID,12/27/2021 00:00:00,25.8228,26.0428,25.676,25.8961,1.2021e+006
BID,12/28/2021 00:00:00,26.0428,26.0428,25.6027,25.8228,1.3599e+006
BID,12/29/2021 00:00:00,26.0795,26.0795,25.7494,25.8228,1.5816e+006
BID,12/30/2021 00:00:00,25.9695,26.1896,25.8228,25.9695,987000
BID,12/31/2021 00:00:00,26.1162,27.6568,26.0428,27.2166,4.857e+006
BID,1/4/2022 00:00:00,27.5834,27.8769,27.3267,27.4367,1.7692e+006
BID,1/5/2022 00:00:00,27.8035,27.8035,27.0699,27.1799,1.9222e+006
BID,1/6/2022 00:00:00,26.7764,28.4637,26.5931,27.8769,5.9988e+006
BID,1/7/2022 00:00:00,28.3537,28.9406,27.6201,28.7572,4.3677e+006
BID,1/10/2022 00:00:00,28.7572,29.5641,28.4637,28.5004,3.1806e+006
BID,1/11/2022 00:00:00,28.4637,29.2707,28.0969,28.9039,4.2765e+006
BID,1/12/2022 00:00:00,28.9039,30.9213,28.9039,30.9213,8.0283e+006
BID,1/13/2022 00:00:00,31.1781,33.0854,31.1781,32.2785,9.6648e+006
BID,1/14/2022 00:00:00,31.7649,33.0854,31.7649,32.4619,3.2654e+006
BID,1/17/2022 00:00:00,32.2785,34.4793,31.985,32.0217,7.7411e+006
BID,1/18/2022 00:00:00,31.8383,33.3422,31.8383,32.9387,4.8492e+006
BID,1/19/2022 00:00:00,33.0487,33.5989,31.9483,32.0217,2.9728e+006
BID,1/20/2022 00:00:00,31.6182,34.2592,30.9947,34.2592,5.6379e+006
BID,1/21/2022 00:00:00,34.5159,35.7997,34.1125,34.736,4.57e+006
BID,1/24/2022 00:00:00,34.4059,35.5797,34.3692,34.4059,4.1651e+006
BID,1/25/2022 00:00:00,33.9657,35.9465,33.6723,35.9465,4.7032e+006
BID,1/26/2022 00:00:00,36.3133,36.6434,35.2862,35.2862,4.0529e+006
BID,1/27/2022 00:00:00,35.2129,35.5797,34.7727,34.9194,1.9211e+006
BID,1/28/2022 00:00:00,34.9194,35.9465,34.6993,35.1762,2.9569e+006
BID,2/7/2022 00:00:00,35.5063,35.653,34.626,34.7727,3.4772e+006
BID,2/8/2022 00:00:00,34.7727,35.5063,34.1125,34.736,2.6726e+006
BID,2/9/2022 00:00:00,34.6993,35.8731,34.4793,35.5063,4.562e+006
BID,2/10/2022 00:00:00,35.653,35.8731,35.2129,35.5063,2.7415e+006
BID,2/11/2022 00:00:00,35.3596,35.5797,35.0661,35.1395,1.7161e+006
BID,2/14/2022 00:00:00,34.626,34.9194,32.8287,32.8287,7.129e+006
BID,2/15/2022 00:00:00,32.902,33.9657,32.5719,33.8924,3.6941e+006
BID,2/16/2022 00:00:00,33.819,33.819,32.792,33.1221,2.7958e+006
BID,2/17/2022 00:00:00,33.5256,33.7457,32.792,33.7457,1.7902e+006
BID,2/18/2022 00:00:00,33.3422,33.7823,32.792,32.792,2.9954e+006
BID,2/21/2022 00:00:00,32.8653,33.3422,32.0584,33.1955,2.9572e+006
BID,2/22/2022 00:00:00,32.9387,33.7457,32.792,33.7457,2.2903e+006
BID,2/23/2022 00:00:00,34.1125,34.4059,33.3789,33.4522,2.954e+006
BID,2/24/2022 00:00:00,33.2321,33.4155,31.985,32.7186,3.3859e+006
BID,2/25/2022 00:00:00,32.7186,33.4522,32.6453,32.6819,2.3475e+006
BID,2/28/2022 00:00:00,32.4985,32.6819,32.0584,32.0584,2.699e+006
BID,3/1/2022 00:00:00,32.0951,33.0121,31.985,32.3518,2.3956e+006
BID,3/2/2022 00:00:00,32.0584,32.2785,31.068,31.1414,3.0901e+006
BID,3/3/2022 00:00:00,31.068,31.6916,30.8113,31.3981,2.4737e+006
BID,3/4/2022 00:00:00,31.3981,31.9117,31.1781,31.7649,1.6608e+006
BID,3/7/2022 00:00:00,31.3981,31.3981,30.9213,30.9947,2.2661e+006
BID,3/8/2022 00:00:00,30.6645,31.2147,30.3711,30.5178,2.5858e+006
BID,3/9/2022 00:00:00,30.5178,30.7379,29.7109,29.7109,1.9707e+006
BID,3/10/2022 00:00:00,30.4445,30.8113,30.041,30.041,1.5631e+006
BID,3/11/2022 00:00:00,30.041,30.7012,30.041,30.7012,1.4765e+006
BID,3/14/2022 00:00:00,30.7012,30.958,30.2977,30.2977,1.3373e+006
BID,3/15/2022 00:00:00,30.2977,30.958,30.0777,30.8846,1.5153e+006
BID,3/16/2022 00:00:00,31.0313,31.0313,30.4445,30.5178,1.3314e+006
BID,3/17/2022 00:00:00,30.958,32.4619,30.0777,31.9117,5.8199e+006
BID,3/18/2022 00:00:00,32.0584,32.7186,31.9117,32.2051,2.7866e+006
BID,3/21/2022 00:00:00,32.2051,32.3518,31.7649,32.1317,1.279e+006
BID,3/22/2022 00:00:00,32.1317,32.2418,31.6916,31.9117,2.825e+006
BID,3/23/2022 00:00:00,31.875,32.5719,31.6549,31.8383,1.9959e+006
BID,3/24/2022 00:00:00,31.8383,31.875,31.5449,31.6182,1.287e+006
BID,3/25/2022 00:00:00,31.6549,32.1684,31.2514,31.875,1.969e+006
BID,3/28/2022 00:00:00,31.5449,31.875,30.4078,30.5178,3.9839e+006
BID,3/29/2022 00:00:00,30.5912,31.1781,30.4445,31.1047,1.7338e+006
BID,3/30/2022 00:00:00,30.8846,33.0121,30.5912,31.9483,3.5128e+006
BID,3/31/2022 00:00:00,32.0951,32.2418,31.8383,31.9117,1.444e+006
BID,4/1/2022 00:00:00,31.9117,32.6453,31.8383,32.5352,3.1659e+006
BID,4/4/2022 00:00:00,32.9754,32.9754,32.4619,32.4619,2.0819e+006
BID,4/5/2022 00:00:00,31.9117,32.1317,31.6549,31.7649,2.905e+006
BID,4/6/2022 00:00:00,31.5449,32.1317,31.2881,31.9117,3.2426e+006
BID,4/7/2022 00:00:00,31.9117,32.5352,31.5815,31.5815,3.1528e+006
BID,4/8/2022 00:00:00,31.5449,31.6916,30.6645,30.7379,3.1461e+006
BID,4/12/2022 00:00:00,31.0313,31.0313,29.6742,29.6742,3.1875e+006
BID,4/13/2022 00:00:00,29.7109,30.3711,29.4174,30.0043,1.9961e+006
BID,4/14/2022 00:00:00,30.3711,30.3711,29.7109,29.7109,1.8909e+006
BID,4/15/2022 00:00:00,29.7842,30.2244,28.6105,28.8305,2.5087e+006
BID,4/18/2022 00:00:00,29.0139,29.124,27.7301,27.8402,2.8206e+006
BID,4/19/2022 00:00:00,28.1336,28.7572,27.5101,27.8402,2.3225e+006
BID,4/20/2022 00:00:00,27.8402,28.4637,27.7668,27.8402,1.4583e+006
BID,4/21/2022 00:00:00,27.8035,28.4271,27.6201,28.2437,2.0941e+006
BID,4/22/2022 00:00:00,28.317,28.6838,27.8769,28.2437,2.6289e+006
BID,4/25/2022 00:00:00,28.2437,28.317,26.2996,26.2996,2.9454e+006
BID,4/26/2022 00:00:00,25.7861,27.3267,25.7861,27.0699,1.8578e+006
BID,4/27/2022 00:00:00,27.1432,27.5101,26.7398,27.29,748100
BID,4/28/2022 00:00:00,27.29,27.29,26.9232,26.9232,974900
BID,4/29/2022 00:00:00,27.0332,27.6935,26.9965,27.3267,1.5186e+006
BID,5/4/2022 00:00:00,27.3267,27.6568,27.1066,27.3267,1.561e+006
BID,5/5/2022 00:00:00,27.5834,28.0236,27.1432,28.0236,1.9906e+006
BID,5/6/2022 00:00:00,27.4,27.7668,27.1432,27.1432,1.5796e+006
BID,5/9/2022 00:00:00,26.8498,27.0699,25.2726,25.2726,2.4141e+006
BID,5/10/2022 00:00:00,25.0158,26.3363,24.5756,26.2629,1.7276e+006
BID,5/11/2022 00:00:00,26.2262,26.483,25.7127,26.483,862900
BID,5/12/2022 00:00:00,25.9695,26.2629,24.649,24.649,1.5079e+006
BID,5/13/2022 00:00:00,24.7957,24.9424,23.3285,23.3285,2.3539e+006
BID,5/16/2022 00:00:00,24.3556,24.3922,23.622,23.622,1.2807e+006
BID,5/17/2022 00:00:00,23.842,25.2726,23.5119,25.2726,1.1168e+006
BID,5/18/2022 00:00:00,25.6027,26.0428,25.0892,25.6027,1.2888e+006
BID,5/19/2022 00:00:00,24.9424,25.676,24.8691,25.4193,895100
BID,5/20/2022 00:00:00,25.2359,25.6027,25.1625,25.3092,1.1281e+006
BID,5/23/2022 00:00:00,25.2359,25.456,24.2088,24.4656,1.0028e+006
BID,5/24/2022 00:00:00,24.7224,24.8324,24.2822,24.759,768000
BID,5/25/2022 00:00:00,24.9424,25.7494,24.9424,25.6027,1.0668e+006
BID,5/26/2022 00:00:00,26.1162,26.2262,25.676,25.7494,1.1941e+006
BID,5/27/2022 00:00:00,25.7494,25.9695,25.6027,25.8961,891000
BID,5/30/2022 00:00:00,26.0428,26.2996,25.8228,26.2262,1.0881e+006
BID,5/31/2022 00:00:00,26.0428,26.1162,25.676,25.8961,1.0273e+006
BID,6/1/2022 00:00:00,25.7494,26.0795,25.6394,25.7861,1.0711e+006
BID,6/2/2022 00:00:00,25.7861,25.8228,25.3092,25.456,905200
BID,6/3/2022 00:00:00,25.456,25.4926,24.9424,25.1992,570700
BID,6/6/2022 00:00:00,25.1992,25.4193,24.7957,25.0892,918800
BID,6/7/2022 00:00:00,25.0158,25.0892,24.2822,24.649,1.1725e+006
BID,6/8/2022 00:00:00,24.7224,25.5293,24.6857,25.1625,982900
BID,6/9/2022 00:00:00,25.1992,25.4926,25.0158,25.3092,394400
BID,6/10/2022 00:00:00,24.9791,25.1625,24.7957,24.7957,786000
BID,6/13/2022 00:00:00,24.2455,24.4656,23.4386,23.4386,1.4469e+006
BID,6/14/2022 00:00:00,23.4019,24.0621,22.815,23.6953,1.1789e+006
BID,6/15/2022 00:00:00,23.4752,23.842,22.7416,23.4752,1.3661e+006
BID,6/16/2022 00:00:00,23.4752,24.0621,23.4752,23.6953,1.2935e+006
BID,6/17/2022 00:00:00,23.4386,23.4386,22.8884,23.1818,1.2187e+006
BID,6/20/2022 00:00:00,23.2552,23.3285,21.6412,21.6412,972600
BID,6/21/2022 00:00:00,21.3478,22.4849,21.2378,22.2281,1.4037e+006
BID,6/22/2022 00:00:00,22.2281,23.1818,21.8613,22.3748,1.5327e+006
BID,6/23/2022 00:00:00,22.3748,22.7416,22.0447,22.7416,422300
BID,6/24/2022 00:00:00,22.8884,23.6586,22.815,22.8884,1.3282e+006
BID,6/27/2022 00:00:00,22.9617,23.3285,22.8517,23.2918,826300
BID,6/28/2022 00:00:00,23.1818,24.9058,23.1818,24.6857,2.4127e+006
BID,6/29/2022 00:00:00,24.2088,25.6027,24.2088,25.6027,2.3422e+006
BID,6/30/2022 00:00:00,25.676,25.676,24.5756,24.5756,1.4984e+006
BID,7/1/2022 00:00:00,24.1355,26.1896,23.5486,25.7127,3.5207e+006
BID,7/4/2022 00:00:00,26.0428,26.2262,25.6027,25.7127,1.8275e+006
BID,7/5/2022 00:00:00,25.7127,27.5101,25.676,26.6297,4.9335e+006
BID,7/6/2022 00:00:00,26.2629,27.0699,26.0428,26.1162,2.7316e+006
BID,7/7/2022 00:00:00,25.9695,26.8865,25.1625,26.6297,2.8247e+006
BID,7/8/2022 00:00:00,26.7031,26.7398,25.676,25.676,1.9794e+006
BID,7/11/2022 00:00:00,25.6027,25.7861,24.2088,25.3092,2.0585e+006
BID,7/12/2022 00:00:00,25.1992,26.7764,25.0892,26.7031,1.671e+006
BID,7/13/2022 00:00:00,26.5564,27.29,26.2629,26.4463,2.6571e+006
BID,7/14/2022 00:00:00,26.2629,27.0699,26.2262,26.5197,1.5042e+006
BID,7/15/2022 00:00:00,26.483,26.9599,26.2629,26.2629,1.3873e+006
BID,7/18/2022 00:00:00,26.4096,26.4096,25.9695,26.0428,1.6984e+006
BID,7/19/2022 00:00:00,26.0428,26.2996,25.676,26.1529,976900
BID,7/20/2022 00:00:00,26.5564,27.0699,26.373,26.7031,1.5878e+006
BID,7/21/2022 00:00:00,26.5564,27.0332,26.5564,26.7764,1.5191e+006
BID,7/22/2022 00:00:00,27.0699,27.0699,26.0428,26.0428,1.2474e+006
BID,7/25/2022 00:00:00,26.0428,26.3363,25.5293,25.9695,1.1968e+006
BID,7/26/2022 00:00:00,26.2629,26.4096,26.0428,26.0795,885800
BID,7/27/2022 00:00:00,26.0795,26.1529,25.676,26.0795,725200
BID,7/28/2022 00:00:00,26.4096,27.0332,26.1896,26.7764,2.0498e+006
BID,7/29/2022 00:00:00,26.9232,27.8035,26.8865,27.3633,4.1747e+006
BID,8/1/2022 00:00:00,27.4367,28.6105,27.3633,28.6105,3.3674e+006
BID,8/2/2022 00:00:00,28.317,28.6105,28.0236,28.2437,1.9518e+006
BID,8/3/2022 00:00:00,27.8402,28.8305,27.8035,28.8305,2.1462e+006
BID,8/4/2022 00:00:00,28.8305,29.0873,28.2437,28.8305,2.4217e+006
BID,8/5/2022 00:00:00,28.7572,28.7572,28.2437,28.6105,1.0294e+006
BID,8/8/2022 00:00:00,28.6105,28.7939,28.3904,28.4637,987900
BID,8/9/2022 00:00:00,28.4637,28.7572,28.317,28.3537,1.5677e+006
BID,8/10/2022 00:00:00,28.2437,28.4637,28.1703,28.1703,987000
BID,8/11/2022 00:00:00,28.6105,28.8305,28.0236,28.0969,1.7391e+006
BID,8/12/2022 00:00:00,28.0969,28.7572,27.9869,28.7572,1.639e+006
BID,8/15/2022 00:00:00,28.8305,30.1877,28.8305,30.0777,3.7722e+006
BID,8/16/2022 00:00:00,30.041,30.151,29.7109,29.7109,981400
BID,8/17/2022 00:00:00,29.7109,29.7842,29.3441,29.3441,1.3949e+006
BID,8/18/2022 00:00:00,29.124,29.4174,29.0506,29.0506,1.4809e+006
BID,8/19/2022 00:00:00,29.0139,29.3441,28.7572,28.8672,1.4518e+006
BID,8/22/2022 00:00:00,28.8672,28.8672,28.1336,28.207,1.7618e+006
BID,8/23/2022 00:00:00,28.1336,28.9773,28.0236,28.9773,1.7325e+006
BID,8/24/2022 00:00:00,29.124,29.1973,28.5738,28.8305,969800
BID,8/25/2022 00:00:00,28.6105,28.9773,28.5738,28.8305,1.2721e+006
BID,8/26/2022 00:00:00,28.8305,29.4541,28.8305,28.9039,2.0062e+006
BID,8/29/2022 00:00:00,28.317,28.8305,27.9869,28.6105,1.3454e+006
BID,8/30/2022 00:00:00,28.6471,29.6742,28.6105,29.1973,2.3297e+006
BID,8/31/2022 00:00:00,29.1973,29.4908,29.0506,29.3441,1.6221e+006
BID,9/5/2022 00:00:00,29.3441,29.3807,28.7939,28.9773,803800
BID,9/6/2022 00:00:00,28.9773,29.7475,28.9406,29.3807,1.7796e+006
BID,9/7/2022 00:00:00,29.2707,29.2707,27.7301,27.7301,3.012e+006
BID,9/8/2022 00:00:00,27.8035,28.1336,26.8498,26.9232,2.1904e+006
BID,9/9/2022 00:00:00,26.9232,27.2166,26.5197,27.1432,1.111e+006
BID,9/12/2022 00:00:00,27.1432,27.5101,26.9965,27.0699,937800
BID,9/13/2022 00:00:00,27.0699,27.3267,26.8865,26.9965,840200
BID,9/14/2022 00:00:00,26.4096,26.7764,26.373,26.7764,933100
BID,9/15/2022 00:00:00,26.7764,26.9965,26.1529,26.2262,1.9456e+006
BID,9/16/2022 00:00:00,26.4096,26.5564,26.0428,26.0428,974900
BID,9/19/2022 00:00:00,26.0062,26.0062,25.0158,25.0892,1.276e+006
BID,9/20/2022 00:00:00,25.1625,25.8594,25.1625,25.7861,1.1166e+006
BID,9/21/2022 00:00:00,25.5293,25.7494,25.4926,25.4926,495400
BID,9/22/2022 00:00:00,25.3459,25.8961,25.2726,25.7861,977300
BID,9/23/2022 00:00:00,26.1162,26.1162,25.3092,25.4926,785400
BID,9/26/2022 00:00:00,25.0158,25.1258,23.7687,24.5023,2.0164e+006
BID,9/27/2022 00:00:00,24.5756,24.9791,24.2088,24.7224,607300
BID,9/28/2022 00:00:00,24.7224,24.8691,24.4656,24.5756,777900
BID,9/29/2022 00:00:00,24.9424,25.0158,24.539,24.5756,1.0001e+006
BID,9/30/2022 00:00:00,24.0621,24.8691,23.6953,24.8691,1.8179e+006
BID,10/3/2022 00:00:00,24.2822,24.649,23.1451,23.1451,1.5734e+006
BID,10/4/2022 00:00:00,23.4752,23.5119,22.6683,22.7416,1.1954e+006
BID,10/5/2022 00:00:00,23.3285,23.4752,22.9617,23.3285,516100
BID,10/6/2022 00:00:00,23.4386,23.4386,22.7416,22.7416,915800
BID,10/7/2022 00:00:00,22.3748,22.4482,21.2011,21.4212,1.7163e+006
BID,10/10/2022 00:00:00,20.6509,22.3382,20.5408,22.008,1.0008e+006
BID,10/11/2022 00:00:00,22.008,22.008,20.9076,20.9076,907900
BID,10/12/2022 00:00:00,21.2744,22.3382,21.0544,22.3382,1.4766e+006
BID,10/13/2022 00:00:00,22.4115,23.8054,22.3382,23.8054,1.4137e+006
BID,10/14/2022 00:00:00,24.2088,24.3556,23.9154,24.2088,1.7208e+006
BID,10/17/2022 00:00:00,24.1722,24.1722,23.2552,23.9888,1.0896e+006
BID,10/18/2022 00:00:00,24.2088,24.539,23.9888,24.0621,882400
BID,10/19/2022 00:00:00,24.0621,24.5756,23.7687,24.2088,753300
BID,10/20/2022 00:00:00,23.9154,24.9424,23.842,24.3189,1.4763e+006
BID,10/21/2022 00:00:00,24.3189,24.3189,23.5486,23.9154,1.6573e+006
BID,10/24/2022 00:00:00,24.1722,24.1722,22.2648,22.2648,1.3742e+006
BID,10/25/2022 00:00:00,22.008,23.8054,21.4945,22.9617,1.4645e+006
BID,10/26/2022 00:00:00,23.1084,23.842,22.9617,23.2552,684000
BID,10/27/2022 00:00:00,23.3285,24.8691,23.3285,24.8691,2.0345e+006
BID,10/28/2022 00:00:00,25.1625,25.6394,24.7957,24.7957,2.1062e+006
BID,10/31/2022 00:00:00,24.7957,25.566,24.7224,25.3459,2.6634e+006
BID,11/1/2022 00:00:00,25.3826,25.7861,24.9424,24.9791,1.6152e+006
BID,11/2/2022 00:00:00,24.9791,25.1992,24.6123,24.7224,1.3252e+006
BID,11/3/2022 00:00:00,24.3189,24.7957,24.2088,24.2088,1.1254e+006
BID,11/4/2022 00:00:00,24.2088,24.6857,23.1451,24.4289,2.3766e+006
BID,11/7/2022 00:00:00,24.0621,25.0158,24.0621,24.4289,1.5822e+006
BID,11/8/2022 00:00:00,24.2088,25.676,24.2088,25.6027,3.0791e+006
BID,11/9/2022 00:00:00,25.7494,26.9965,25.7127,26.5197,4.5017e+006
BID,11/10/2022 00:00:00,26.373,26.373,24.6857,25.456,2.4997e+006
BID,11/11/2022 00:00:00,26.4096,26.7764,25.9695,26.4096,2.1656e+006
BID,11/14/2022 00:00:00,26.1162,27.0699,25.6027,26.3363,1.3268e+006
BID,11/15/2022 00:00:00,25.676,26.2262,24.5023,24.5023,1.8887e+006
BID,11/16/2022 00:00:00,23.4019,26.1896,23.1451,26.1896,1.603e+006
BID,11/17/2022 00:00:00,26.5564,26.7764,26.0428,26.1529,1.4922e+006
BID,11/18/2022 00:00:00,26.1529,26.4463,24.9424,26.373,1.3836e+006
BID,11/21/2022 00:00:00,26.7764,26.7764,26.0428,26.0428,1.2853e+006
BID,11/22/2022 00:00:00,25.3826,26.9599,25.3826,26.7398,2.1091e+006
BID,11/23/2022 00:00:00,26.7031,27.8769,26.373,27.4367,2.4152e+006
BID,11/24/2022 00:00:00,27.29,28.1703,26.9965,27.8769,1.7893e+006
BID,11/25/2022 00:00:00,28.1703,29.3441,28.0236,29.3441,2.5644e+006
BID,11/28/2022 00:00:00,29.3441,29.7842,28.6105,28.9773,2.6058e+006
BID,11/29/2022 00:00:00,28.9773,30.0777,28.5004,30.0777,2.5492e+006
BID,11/30/2022 00:00:00,30.0777,31.0313,28.9773,30.151,2.0549e+006
BID,12/1/2022 00:00:00,30.151,30.4445,28.6105,28.6105,1.9355e+006
BID,12/2/2022 00:00:00,28.6105,30.2977,28.5738,30.2244,1.503e+006
BID,12/5/2022 00:00:00,30.3711,30.8113,29.7475,30.2611,1.6658e+006
BID,12/6/2022 00:00:00,30.151,30.151,28.6838,28.6838,2.673e+006
BID,12/7/2022 00:00:00,28.9773,28.9773,28.2437,28.6105,1.7979e+006
BID,12/8/2022 00:00:00,28.7572,30.2244,28.4637,28.6105,2.7315e+006
BID,12/9/2022 00:00:00,28.5371,28.9773,28.0969,28.7572,1.6241e+006
BID,12/12/2022 00:00:00,28.9039,29.2707,27.9502,27.9502,1.9837e+006
BID,12/13/2022 00:00:00,27.9135,28.9773,27.9135,28.3904,1.7064e+006
BID,12/14/2022 00:00:00,29.124,29.124,28.4637,28.4637,659400
BID,12/15/2022 00:00:00,28.317,29.234,28.317,28.6105,1.4599e+006
BID,12/16/2022 00:00:00,28.3537,28.9773,28.3537,28.5371,1.0002e+006
BID,12/19/2022 00:00:00,28.4637,29.7109,28.4637,28.4637,1.9174e+006
BID,12/20/2022 00:00:00,28.4637,28.6105,27.5101,28.2437,1.6527e+006
BID,12/21/2022 00:00:00,28.5004,29.0506,28.207,28.317,1.4328e+006
BID,12/22/2022 00:00:00,28.5004,29.2707,28.4271,28.6105,1.3357e+006
BID,12/23/2022 00:00:00,28.9773,28.9773,28.6105,28.6105,690600
BID,12/26/2022 00:00:00,28.6105,28.6838,28.4271,28.4637,1.2557e+006
BID,12/27/2022 00:00:00,28.4637,29.3441,28.3904,29.3441,1.496e+006
BID,12/28/2022 00:00:00,29.4174,31.1047,29.0506,30.7379,3.6928e+006
BID,12/29/2022 00:00:00,30.8113,30.8846,29.3441,29.3441,1.2657e+006
BID,12/30/2022 00:00:00,29.5275,30.4445,28.317,28.317,2.6182e+006
BID,1/3/2023 00:00:00,28.8305,30.2244,28.6471,30.2244,1.7329e+006
BID,1/4/2023 00:00:00,30.2244,30.958,29.6375,29.9309,2.0703e+006
BID,1/5/2023 00:00:00,30.0777,30.151,29.5275,29.8943,1.1751e+006
BID,1/6/2023 00:00:00,29.8943,31.1414,29.7842,30.5545,3.4009e+006
BID,1/9/2023 00:00:00,30.958,30.958,29.9676,30.0777,1.3264e+006
BID,1/10/2023 00:00:00,30.5178,30.5912,29.8943,30.2977,924000
BID,1/11/2023 00:00:00,30.5178,30.958,30.0043,30.2611,1.5313e+006
BID,1/12/2023 00:00:00,30.3344,30.7746,30.0777,30.4078,708200
BID,1/13/2023 00:00:00,30.5178,30.958,30.5178,30.6645,1.63e+006
BID,1/16/2023 00:00:00,30.8113,32.792,30.7746,32.792,4.7379e+006
BID,1/17/2023 00:00:00,33.0121,33.2321,32.7186,32.9754,1.4992e+006
BID,1/18/2023 00:00:00,32.9387,33.4155,32.8653,33.0854,1.8329e+006
BID,1/19/2023 00:00:00,33.0854,33.9657,32.9754,33.709,1.6568e+006
BID,1/27/2023 00:00:00,34.1125,34.1858,32.6453,32.6819,1.7298e+006
BID,1/30/2023 00:00:00,32.2785,32.9387,32.2785,32.6453,1.2103e+006
BID,1/31/2023 00:00:00,32.4619,33.0854,31.9483,33.0854,1.6435e+006
BID,2/1/2023 00:00:00,33.2688,33.3789,31.2514,31.3981,2.5105e+006
BID,2/2/2023 00:00:00,31.3615,31.985,30.8846,31.6549,2.8645e+006
BID,2/3/2023 00:00:00,31.9117,32.1317,31.6549,31.8016,1.3779e+006
BID,2/6/2023 00:00:00,31.7649,33.0121,31.4715,33.0121,1.7472e+006
BID,2/7/2023 00:00:00,33.0121,33.2688,32.0584,32.1317,1.5683e+006
BID,2/8/2023 00:00:00,32.2051,33.1955,32.2051,32.6453,1.7967e+006
BID,2/9/2023 00:00:00,32.6453,33.0121,32.2785,32.2785,1.1848e+006
BID,2/10/2023 00:00:00,32.5719,32.6819,31.5082,31.5082,1.398e+006
BID,2/13/2023 00:00:00,31.5082,32.5719,31.5082,32.5719,1.5897e+006
BID,2/14/2023 00:00:00,32.6453,32.6453,31.7649,31.8383,1.3251e+006
BID,2/15/2023 00:00:00,31.6549,32.6086,31.6549,32.2785,604600
BID,2/16/2023 00:00:00,32.792,33.0121,32.2785,33.0121,1.0681e+006
BID,2/17/2023 00:00:00,33.0121,33.5989,32.9754,33.5989,1.4937e+006
BID,2/20/2023 00:00:00,33.5989,34.736,33.5989,34.626,1.5083e+006
BID,2/21/2023 00:00:00,34.626,34.6993,33.9291,33.9291,996600
BID,2/22/2023 00:00:00,33.6356,33.7457,33.0121,33.0121,994100
BID,2/23/2023 00:00:00,32.9754,33.4155,32.0584,33.4155,1.2799e+006
BID,2/24/2023 00:00:00,33.0487,33.4155,32.5719,32.7186,497900
BID,2/27/2023 00:00:00,32.6453,32.6453,31.985,32.4619,939200
BID,2/28/2023 00:00:00,32.4619,32.7186,32.3151,32.3518,257600
BID,3/1/2023 00:00:00,32.2785,33.4889,32.1317,33.4889,740900
BID,3/2/2023 00:00:00,33.4889,34.1125,33.3055,34.0391,976200
BID,3/3/2023 00:00:00,34.0391,34.1125,33.1955,33.6723,735400
BID,3/6/2023 00:00:00,33.6723,34.4793,33.2321,33.5989,864900
BID,3/7/2023 00:00:00,33.3789,34.5526,33.3789,34.4059,1.6346e+006
BID,3/8/2023 00:00:00,34.0391,35.2129,33.6723,35.2129,1.2297e+006
BID,3/9/2023 00:00:00,35.2129,35.2129,34.5159,34.9561,1.1706e+006
BID,3/10/2023 00:00:00,34.8094,34.8094,34.4426,34.5893,862200
BID,3/13/2023 00:00:00,34.1858,34.4059,33.9291,33.9291,933700
BID,3/14/2023 00:00:00,33.819,34.0024,32.8287,33.0487,1.4445e+006
BID,3/15/2023 00:00:00,33.7457,34.7727,33.3422,34.3325,628400
BID,3/16/2023 00:00:00,33.7823,34.4059,33.7823,33.9291,875700
BID,3/17/2023 00:00:00,34.4793,34.4793,33.7457,33.9657,310700
BID,3/20/2023 00:00:00,33.7457,33.7457,33.0121,33.2688,585800
BID,3/21/2023 00:00:00,33.3055,33.5623,32.8653,33.2688,741600
BID,3/22/2023 00:00:00,33.5623,33.8924,33.3422,33.819,560800
BID,3/23/2023 00:00:00,33.2321,33.7457,33.2321,33.6723,414900
BID,3/24/2023 00:00:00,33.6723,33.9657,33.3789,33.4155,364600
BID,3/27/2023 00:00:00,33.4155,33.8557,33.0121,33.7457,672200
BID,3/28/2023 00:00:00,34.1125,34.3325,33.7457,33.7457,504000
BID,3/29/2023 00:00:00,33.7457,34.0024,33.4155,33.8924,303100
BID,3/30/2023 00:00:00,33.9291,34.1858,33.8924,33.8924,699700
BID,3/31/2023 00:00:00,33.8924,34.4793,33.7823,33.8924,643700
BID,4/3/2023 00:00:00,34.2225,34.3325,33.5989,33.6723,1.2637e+006
BID,4/4/2023 00:00:00,33.6723,33.8557,33.5256,33.7457,889600
BID,4/5/2023 00:00:00,33.7457,33.9657,33.2321,33.3789,1.3638e+006
BID,4/6/2023 00:00:00,33.3789,34.1125,33.2321,33.7457,1.5147e+006
BID,4/7/2023 00:00:00,33.5623,33.7457,33.3789,33.4889,731900
BID,4/10/2023 00:00:00,33.5989,33.5989,32.792,32.792,1.8061e+006
BID,4/11/2023 00:00:00,32.6086,32.7553,32.3885,32.5719,1.2291e+006
BID,4/12/2023 00:00:00,32.6453,32.8653,32.4252,32.5719,775500
BID,4/13/2023 00:00:00,32.5719,33.0121,32.5719,32.9754,779000
BID,4/14/2023 00:00:00,33.0121,33.0121,32.6086,32.6086,618700
BID,4/17/2023 00:00:00,32.6086,33.0854,32.5719,33.0121,716600
BID,4/18/2023 00:00:00,32.8653,33.0121,32.4985,32.7186,639700
BID,4/19/2023 00:00:00,32.8287,32.8287,32.4252,32.5719,452100
BID,4/20/2023 00:00:00,32.5352,32.7186,32.3885,32.7186,256900
BID,4/21/2023 00:00:00,32.7186,32.7186,32.4252,32.4252,354500
BID,4/24/2023 00:00:00,32.4252,32.4252,32.0584,32.0584,462900
BID,4/25/2023 00:00:00,31.985,32.2051,31.6549,31.9483,539200
BID,4/26/2023 00:00:00,31.9117,32.4985,31.6916,32.3518,405100
BID,4/27/2023 00:00:00,32.3518,32.3518,31.9117,32.2051,163100
BID,4/28/2023 00:00:00,32.2418,32.3518,31.9117,31.9117,414600
BID,5/4/2023 00:00:00,31.9117,32.4252,31.7649,32.0951,376500
BID,5/5/2023 00:00:00,32.1317,32.1684,31.875,31.875,296500
BID,5/8/2023 00:00:00,31.9483,33.3789,31.9483,32.792,1.1305e+006
BID,5/9/2023 00:00:00,32.792,33.2688,32.792,33.0854,650900
BID,5/10/2023 00:00:00,33.2321,33.2321,32.6453,33.0121,595000
BID,5/11/2023 00:00:00,33.0121,33.1955,32.8653,33.0121,510500
BID,5/12/2023 00:00:00,33.0121,33.0854,32.6819,33.0121,428300
BID,5/15/2023 00:00:00,33.7457,33.7457,32.9387,32.9387,435500
BID,5/16/2023 00:00:00,33.0854,33.0854,32.8287,33.0121,429200
BID,5/17/2023 00:00:00,33.0121,33.0854,32.8653,32.8653,865900
BID,5/18/2023 00:00:00,32.9387,32.9754,32.6453,32.7553,514700
BID,5/19/2023 00:00:00,32.7186,32.9754,32.4985,32.5719,603200
BID,5/22/2023 00:00:00,32.5719,32.9754,32.5719,32.5719,607800
BID,5/23/2023 00:00:00,32.9387,32.9387,32.1684,32.1684,753500
BID,5/24/2023 00:00:00,32.2785,32.2785,31.9117,31.9117,767100
BID,5/25/2023 00:00:00,31.9117,32.2785,31.875,32.0951,655400
BID,5/26/2023 00:00:00,32.3518,32.3518,31.8383,31.8383,544800
BID,5/29/2023 00:00:00,32.2418,32.2418,31.8383,32.2051,668100
BID,5/30/2023 00:00:00,32.2785,32.2785,31.985,32.1317,800800
BID,5/31/2023 00:00:00,32.1317,32.2785,31.9483,32.2785,770800
BID,6/1/2023 00:00:00,32.2785,32.2785,32.0217,32.2051,617900
BID,6/2/2023 00:00:00,32.2785,32.9387,32.2785,32.792,1.2028e+006
BID,6/5/2023 00:00:00,32.9387,33.2688,32.792,32.792,959100
BID,6/6/2023 00:00:00,33.0121,33.0121,32.4985,32.8653,846100
BID,6/7/2023 00:00:00,32.8653,32.9387,32.5352,32.5352,967700
BID,6/8/2023 00:00:00,32.5719,32.6453,32.0584,32.0584,1.6554e+006
BID,6/9/2023 00:00:00,32.1317,32.3151,31.6182,31.875,1.2896e+006
BID,6/12/2023 00:00:00,31.985,32.0217,31.5449,32.0217,1.1256e+006
BID,6/13/2023 00:00:00,32.0584,32.6453,32.0217,32.5352,1.3283e+006
BID,6/14/2023 00:00:00,32.7186,32.792,32.2785,32.2785,1.3348e+006
BID,6/15/2023 00:00:00,32.2051,32.4252,32.0584,32.1684,823400
BID,6/16/2023 00:00:00,32.4985,32.6453,32.0217,32.0584,1.4415e+006
BID,6/19/2023 00:00:00,32.1317,32.1684,31.7649,31.7649,796000
BID,6/20/2023 00:00:00,31.875,31.9117,31.6549,31.9117,812700
BID,6/21/2023 00:00:00,31.9117,32.2785,31.7649,31.8383,812800
BID,6/22/2023 00:00:00,32.0584,32.3151,31.8383,32.2418,1.284e+006
BID,6/23/2023 00:00:00,32.2051,32.9754,32.0584,32.4985,1.9119e+006
BID,6/26/2023 00:00:00,32.6453,32.902,32.2051,32.4985,1.2251e+006
BID,6/27/2023 00:00:00,32.3518,32.6086,32.2785,32.4985,793800
BID,6/28/2023 00:00:00,32.4985,33.2688,32.3885,33.2688,2.3374e+006
BID,6/29/2023 00:00:00,33.3055,33.6723,32.6453,32.6453,1.582e+006
BID,6/30/2023 00:00:00,32.6453,32.8653,31.8016,31.8016,975000
BID,7/3/2023 00:00:00,32.2051,32.6453,32.0584,32.6453,1.0854e+006
BID,7/4/2023 00:00:00,32.5719,32.6819,32.0951,32.2785,1.1833e+006
BID,7/5/2023 00:00:00,32.4252,32.8287,32.3151,32.5352,1.2944e+006
BID,7/6/2023 00:00:00,32.4252,32.7553,31.985,32.2418,1.337e+006
BID,7/7/2023 00:00:00,32.0584,32.4985,32.0584,32.4985,880100
BID,7/10/2023 00:00:00,32.5719,34.4426,32.4252,34.4426,4.6204e+006
BID,7/11/2023 00:00:00,34.626,34.7727,34.1125,34.1491,2.6202e+006
BID,7/12/2023 00:00:00,34.4426,34.5893,33.8557,34.2592,2.3321e+006
BID,7/13/2023 00:00:00,34.4059,34.8461,34.1491,34.4059,1.8846e+006
BID,7/14/2023 00:00:00,34.4059,34.9561,33.7823,34.2959,2.6061e+006
BID,7/17/2023 00:00:00,34.2959,34.5526,33.8924,33.8924,2.2315e+006
BID,7/18/2023 00:00:00,33.8924,34.2592,33.8924,34.2592,1.6672e+006
BID,7/19/2023 00:00:00,34.4059,34.4059,33.6356,33.9291,2.3295e+006
BID,7/20/2023 00:00:00,33.8924,34.0391,33.6356,33.9291,934600
BID,7/21/2023 00:00:00,33.9291,34.2959,33.819,34.2959,1.4221e+006
BID,7/24/2023 00:00:00,34.4059,34.9194,34.3325,34.3325,1.97e+006
BID,7/25/2023 00:00:00,34.2959,34.626,34.2592,34.5893,1.6216e+006
BID,7/26/2023 00:00:00,34.5893,35.2495,34.5893,34.736,2.3291e+006
BID,7/27/2023 00:00:00,34.6993,34.7727,34.2225,34.2592,1.3697e+006
BID,7/28/2023 00:00:00,34.2592,34.6993,34.0391,34.2592,1.7546e+006
BID,7/31/2023 00:00:00,34.4793,34.8094,34.2592,34.626,1.873e+006
BID,8/1/2023 00:00:00,34.8827,36.3133,34.626,35.3596,3.8141e+006
BID,8/2/2023 00:00:00,35.3596,36.1665,35.3229,36.0198,2.3556e+006
BID,8/3/2023 00:00:00,36.0198,36.0565,35.5063,35.6163,2.0944e+006
BID,8/4/2023 00:00:00,35.5797,35.8731,35.3596,35.5063,2.196e+006
BID,8/7/2023 00:00:00,35.7264,36.2766,35.543,35.8364,2.0047e+006
BID,8/8/2023 00:00:00,35.8731,36.2766,35.6163,35.6897,2.1049e+006
BID,8/9/2023 00:00:00,35.6897,35.7997,35.2495,35.3596,1.8023e+006
BID,8/10/2023 00:00:00,35.3596,35.5063,34.1125,34.1125,2.6121e+006
BID,8/11/2023 00:00:00,34.1125,34.4059,33.4522,34.2592,2.1024e+006
BID,8/14/2023 00:00:00,34.4793,34.9561,34.2225,34.9194,2.1171e+006
BID,8/15/2023 00:00:00,34.7727,34.9194,34.3692,34.4793,1.658e+006
BID,8/16/2023 00:00:00,34.4426,34.9194,34.4059,34.8461,1.3537e+006
BID,8/17/2023 00:00:00,34.8461,34.9928,34.5526,34.5526,1.666e+006
BID,8/18/2023 00:00:00,34.5526,34.5526,32.3518,32.4252,2.8454e+006
BID,8/21/2023 00:00:00,32.7186,34.3692,32.6453,33.4522,1.81e+006
BID,8/22/2023 00:00:00,32.9387,33.709,32.6453,33.5989,1.2875e+006
BID,8/23/2023 00:00:00,33.8924,33.8924,33.3055,33.5256,1.3631e+006
BID,8/24/2023 00:00:00,33.5256,33.819,33.2688,33.5989,1.3601e+006
BID,8/25/2023 00:00:00,33.5989,33.5989,33.0487,33.1588,1.1747e+006
BID,8/28/2023 00:00:00,33.2688,33.6723,33.2321,33.3055,740300
BID,8/29/2023 00:00:00,33.3055,33.819,33.2688,33.5989,1.3596e+006
BID,8/30/2023 00:00:00,33.7457,34.1858,33.5989,33.8924,1.1238e+006
BID,8/31/2023 00:00:00,34.0024,34.4426,33.9657,34.4426,1.6689e+006
BID,9/5/2023 00:00:00,34.4793,34.9928,34.4793,34.8461,1.3623e+006
BID,9/6/2023 00:00:00,34.9928,34.9928,34.5893,34.6993,1.1787e+006
BID,9/7/2023 00:00:00,34.8461,35.3229,34.626,34.736,1.1727e+006
BID,9/8/2023 00:00:00,34.8461,34.8827,34.4426,34.4793,1.6007e+006
BID,9/11/2023 00:00:00,34.7727,34.7727,33.7457,34.1125,967200
BID,9/12/2023 00:00:00,34.2959,34.4793,34.0391,34.4793,991700
BID,9/13/2023 00:00:00,34.5526,34.736,34.1125,34.4793,1.2011e+006
BID,9/14/2023 00:00:00,34.4793,35.1395,34.2959,34.2959,1.8739e+006
BID,9/15/2023 00:00:00,34.4793,34.7727,34.3325,34.3325,1.054e+006
BID,9/18/2023 00:00:00,34.4793,34.4793,33.2321,33.5623,1.4466e+006
BID,9/19/2023 00:00:00,33.5989,33.8557,33.0121,33.1588,1.1896e+006
BID,9/20/2023 00:00:00,33.1588,33.5256,33.0854,33.5256,673300
BID,9/21/2023 00:00:00,33.5256,33.7823,33.0854,33.1588,915200
BID,9/22/2023 00:00:00,32.8653,33.7823,32.4252,33.7823,1.8225e+006
BID,9/25/2023 00:00:00,33.7823,33.7823,32.9387,33.0854,1.0383e+006
BID,9/26/2023 00:00:00,33.2321,33.2321,32.4252,32.5352,1.1218e+006
BID,9/27/2023 00:00:00,32.5352,32.792,32.4619,32.5719,1.0798e+006
BID,9/28/2023 00:00:00,32.5352,32.792,32.4619,32.5352,695600
BID,9/29/2023 00:00:00,32.5719,32.8287,32.4252,32.5352,542600
BID,10/2/2023 00:00:00,32.5352,32.7553,32.1317,32.2418,688100
BID,10/3/2023 00:00:00,32.0217,32.0951,30.4811,30.4811,1.3363e+006
BID,10/4/2023 00:00:00,30.0777,31.5082,30.0777,31.1781,892900
BID,10/5/2023 00:00:00,31.1781,31.4348,30.4811,30.5178,526100
BID,10/6/2023 00:00:00,30.5178,31.1781,30.2244,30.958,555200
BID,10/9/2023 00:00:00,30.958,31.0313,30.6645,30.7746,699800
BID,10/10/2023 00:00:00,30.958,31.1781,30.7379,30.8479,876600
BID,10/11/2023 00:00:00,31.1781,31.1781,30.6279,30.8113,1.1175e+006
BID,10/12/2023 00:00:00,30.8479,31.1047,30.7379,30.9213,1.0159e+006
BID,10/13/2023 00:00:00,30.958,31.1781,30.8846,31.1781,1.027e+006
BID,10/16/2023 00:00:00,31.1781,31.1781,30.2611,30.5545,973400
BID,10/17/2023 00:00:00,30.7379,30.958,30.2977,30.2977,978500
BID,10/18/2023 00:00:00,30.2977,30.3344,29.3441,29.3441,1.4556e+006
BID,10/19/2023 00:00:00,29.4908,29.7842,29.124,29.4908,1.1696e+006
BID,10/20/2023 00:00:00,29.4908,29.7109,29.0139,29.7109,978400
BID,10/23/2023 00:00:00,29.5641,29.7109,29.4174,29.5641,706800
BID,10/24/2023 00:00:00,29.4541,30.4078,29.4541,30.2977,915400
BID,10/25/2023 00:00:00,30.2977,30.5178,29.8943,29.8943,741800
BID,10/26/2023 00:00:00,29.3441,30.0043,28.6105,29.7475,1.976e+006
BID,10/27/2023 00:00:00,29.7475,30.8113,29.4908,30.8113,894500
BID,10/30/2023 00:00:00,30.7379,30.7379,30.0777,30.0777,540600
BID,10/31/2023 00:00:00,30.0777,30.4445,29.4908,29.4908,545000
BID,11/1/2023 00:00:00,30.0043,30.0043,29.124,29.3441,350900
BID,11/2/2023 00:00:00,29.9676,30.5545,29.7842,30.5545,690200
BID,11/3/2023 00:00:00,30.9947,30.9947,30.4445,30.4445,563400
BID,11/6/2023 00:00:00,30.5545,30.958,30.5178,30.6645,586900
BID,11/7/2023 00:00:00,30.8113,30.8113,30.4445,30.6645,531300
BID,11/8/2023 00:00:00,30.5545,31.5449,30.4811,31.4715,966700
BID,11/9/2023 00:00:00,31.5449,31.6549,31.2514,31.4348,756700
BID,11/10/2023 00:00:00,31.1047,31.4715,30.8846,30.958,627400
BID,11/13/2023 00:00:00,30.958,31.3248,30.7746,30.8846,473900
BID,11/14/2023 00:00:00,30.9947,31.875,30.9947,31.5449,1.5716e+006
BID,11/15/2023 00:00:00,31.8383,32.3885,31.6916,32.3885,1.4492e+006
BID,11/16/2023 00:00:00,32.4619,32.5719,31.875,32.0951,970300
BID,11/17/2023 00:00:00,32.2785,32.2785,31.2147,31.4715,1.2097e+006
BID,11/20/2023 00:00:00,30.8113,32.1684,30.8113,31.6549,809800
BID,11/21/2023 00:00:00,32.0584,32.2418,31.5449,32.2418,824200
BID,11/22/2023 00:00:00,32.2418,32.2785,31.8383,31.985,738100
BID,11/23/2023 00:00:00,32.2785,32.2785,31.5449,31.5449,755300
BID,11/24/2023 00:00:00,31.5449,32.0217,31.1047,32.0217,811000
BID,11/27/2023 00:00:00,32.0217,32.0217,31.3981,31.5449,747600
BID,11/28/2023 00:00:00,32.2411,32.2411,31.5798,32.1171,833900
BID,11/29/2023 00:00:00,32.2411,32.4891,32.1585,32.4891,811800
BID,11/30/2023 00:00:00,32.2411,32.6545,32.0758,32.1171,726300
BID,12/1/2023 00:00:00,32.1585,32.6545,32.1171,32.5718,761100
BID,12/4/2023 00:00:00,32.6545,32.9025,32.5305,32.9025,711900
BID,12/5/2023 00:00:00,32.9025,32.9851,32.5718,32.7785,654400
BID,12/6/2023 00:00:00,32.7785,33.3985,32.5718,33.0678,1.1571e+006
BID,12/7/2023 00:00:00,33.3572,33.8945,33.0678,33.5638,1.955e+006
BID,12/8/2023 00:00:00,33.5638,34.7212,33.5638,34.6385,2.4064e+006
BID,12/11/2023 00:00:00,34.7212,34.8865,34.1839,34.2252,1.5894e+006
BID,12/12/2023 00:00:00,34.3079,34.7625,34.0598,34.6385,956500
BID,12/13/2023 00:00:00,34.6385,34.7212,33.5638,34.3905,793400
BID,12/14/2023 00:00:00,34.4319,34.5559,34.1425,34.3905,779800
BID,12/15/2023 00:00:00,34.2665,34.4732,34.1012,34.3079,562000
BID,12/18/2023 00:00:00,33.9358,34.3079,33.4812,33.8945,678400
BID,12/19/2023 00:00:00,33.8945,34.3079,33.5225,34.0598,823300
BID,12/20/2023 00:00:00,34.6385,34.7212,33.7292,34.1425,1.0249e+006
BID,12/21/2023 00:00:00,33.8118,34.6385,33.8118,34.5559,1.1369e+006
BID,12/22/2023 00:00:00,34.5559,35.0932,34.2252,35.0932,1.1891e+006
BID,12/25/2023 00:00:00,35.1346,35.7959,34.7212,35.7132,1.1734e+006
BID,12/26/2023 00:00:00,35.7132,36.0026,35.2999,35.5479,1.1638e+006
BID,12/27/2023 00:00:00,35.3826,35.7132,35.3826,35.5479,938900
BID,12/28/2023 00:00:00,35.5479,35.6719,35.2999,35.2999,1.0995e+006
BID,12/29/2023 00:00:00,35.2999,35.8786,34.9692,35.8786,882100
BID,1/2/2024 00:00:00,35.8786,36.0439,35.2999,35.5479,1.112e+006
BID,1/3/2024 00:00:00,35.8786,36.4573,35.5479,36.2093,1.5593e+006
BID,1/4/2024 00:00:00,36.2919,37.2013,36.0439,36.0853,3.2132e+006
BID,1/5/2024 00:00:00,36.1266,37.16,36.1266,36.7879,1.3298e+006
BID,1/8/2024 00:00:00,37.036,38.4413,36.9119,38.3587,1.949e+006
BID,1/9/2024 00:00:00,38.8547,38.8547,38.0693,38.0693,1.7411e+006
BID,1/10/2024 00:00:00,38.0693,39.516,38.028,39.1854,2.1418e+006
BID,1/11/2024 00:00:00,39.02,39.0614,38.1933,38.4413,3.3856e+006
BID,1/12/2024 00:00:00,37.9453,39.02,37.2426,38.028,3.0745e+006
BID,1/15/2024 00:00:00,38.0693,38.8547,38.0693,38.524,1.3357e+006
BID,1/16/2024 00:00:00,38.0693,38.8133,38.0693,38.772,1.1307e+006
BID,1/17/2024 00:00:00,38.4827,38.8547,38.276,38.7307,1.463e+006
BID,1/18/2024 00:00:00,38.7307,39.5574,38.5653,39.268,2.2783e+006
BID,1/19/2024 00:00:00,39.5987,41.2108,39.02,41.2108,2.954e+006
BID,1/22/2024 00:00:00,41.2934,41.5001,40.2601,41.1694,2.3654e+006
BID,1/23/2024 00:00:00,40.9214,41.1694,40.2187,40.8388,2.1822e+006
BID,1/24/2024 00:00:00,40.0947,40.6734,40.0534,40.4254,1.8687e+006
BID,1/25/2024 00:00:00,40.4254,41.1281,40.0121,40.0121,1.3489e+006
BID,1/26/2024 00:00:00,40.0121,40.4667,40.0121,40.4667,812400
BID,1/29/2024 00:00:00,40.4254,40.6734,40.0947,40.2601,984500
BID,1/30/2024 00:00:00,40.3427,40.4254,39.8467,40.0534,1.1213e+006
BID,1/31/2024 00:00:00,40.0947,40.3427,39.268,39.4334,1.6736e+006
BID,2/1/2024 00:00:00,39.268,39.64,38.9787,39.0614,1.5426e+006
BID,2/2/2024 00:00:00,39.1027,39.268,38.6067,38.772,1.9528e+006
BID,2/5/2024 00:00:00,38.9374,40.8388,38.896,40.2187,2.2499e+006
BID,2/6/2024 00:00:00,40.3427,40.3427,39.6814,40.3427,1.5274e+006
BID,2/7/2024 00:00:00,40.3427,40.5494,40.1774,40.4667,1.8592e+006
BID,2/15/2024 00:00:00,40.4667,40.7147,40.0534,40.4667,1.6256e+006
BID,2/16/2024 00:00:00,40.5081,40.5081,39.9294,40.1361,1.353e+006
BID,2/19/2024 00:00:00,40.3014,41.5828,39.8881,40.7561,3.2833e+006
BID,2/20/2024 00:00:00,40.9214,41.5001,40.8388,40.8388,1.5693e+006
BID,2/21/2024 00:00:00,41.1281,41.1694,40.4254,41.1281,1.8509e+006
BID,2/22/2024 00:00:00,41.1694,41.2521,40.9214,41.1281,1.5962e+006
BID,2/23/2024 00:00:00,41.1694,43.9802,40.7561,42.9882,6.9352e+006
BID,2/26/2024 00:00:00,43.6495,45.0549,42.9882,44.3109,1.533e+006
BID,2/27/2024 00:00:00,44.3935,44.6415,43.8149,43.8149,1.7427e+006
BID,2/28/2024 00:00:00,43.9802,45.3029,43.2362,44.5589,2.3423e+006
BID,2/29/2024 00:00:00,44.5589,44.6415,43.8149,43.8149,1.3373e+006
BID,3/1/2024 00:00:00,44.0629,44.8896,43.3188,44.2282,1.2461e+006
BID,3/4/2024 00:00:00,44.3109,45.0549,43.4015,44.2282,2.3304e+006
BID,3/5/2024 00:00:00,44.2282,44.9722,43.7322,44.9722,1.2004e+006
BID,3/6/2024 00:00:00,44.6415,45.3029,44.2282,44.9722,1.5853e+006
BID,3/7/2024 00:00:00,44.9722,44.9722,43.9802,44.0629,2.1252e+006
BID,3/8/2024 00:00:00,44.1455,44.1455,41.0041,42.2441,2.7407e+006
BID,3/11/2024 00:00:00,42.8228,43.3188,41.7481,41.7481,1.4787e+006
BID,3/12/2024 00:00:00,41.8308,43.0708,41.7481,42.9882,1.2101e+006
BID,3/13/2024 00:00:00,43.1535,43.4842,42.8228,43.4842,1.3981e+006
BID,3/14/2024 00:00:00,44.2282,44.2282,42.4921,42.7402,1.4824e+006
BID,3/15/2024 00:00:00,42.6575,43.6495,42.1615,43.1535,1.4337e+006
BID,3/18/2024 00:00:00,42.9882,43.6495,41.2521,42.9882,1.481e+006
BID,3/19/2024 00:00:00,43.0708,43.0708,42.1615,42.6575,765300
BID,3/20/2024 00:00:00,42.6575,43.8975,41.7481,43.8149,3.1326e+006
BID,3/21/2024 00:00:00,43.9802,44.1455,43.6495,43.8149,1.8571e+006
BID,3/22/2024 00:00:00,44.0629,46.8736,44.0629,44.8069,4.3612e+006
BID,3/25/2024 00:00:00,44.8069,45.8816,43.5668,43.8149,1.2622e+006
BID,3/26/2024 00:00:00,43.8149,44.5589,43.8149,43.8149,1.4095e+006
BID,3/27/2024 00:00:00,44.0629,44.0629,43.4015,43.4015,1.6079e+006
BID,3/28/2024 00:00:00,43.9802,44.5589,43.4015,43.4842,1.3587e+006
BID,3/29/2024 00:00:00,43.9802,43.9802,42.9882,43.0708,1.7883e+006
BID,4/1/2024 00:00:00,43.1535,43.5668,42.7402,43.0708,1.3629e+006
BID,4/2/2024 00:00:00,42.9055,43.3188,42.5748,42.9055,1.5763e+006
BID,4/3/2024 00:00:00,42.9882,43.2362,42.1615,42.1615,1.4965e+006
BID,4/4/2024 00:00:00,42.8228,42.8228,42.1615,42.1615,1.0935e+006
BID,4/5/2024 00:00:00,42.0788,42.0788,41.5001,41.5001,1.6549e+006
BID,4/8/2024 00:00:00,41.5001,42.6575,41.3348,41.9961,904800
BID,4/9/2024 00:00:00,42.2441,43.5668,41.9961,43.5668,1.751e+006
BID,4/10/2024 00:00:00,43.6495,43.6495,42.9055,42.9882,1.1932e+006
BID,4/11/2024 00:00:00,42.5748,44.1455,42.4095,43.8149,2.2764e+006
BID,4/12/2024 00:00:00,43.8149,45.0549,43.6495,44.1455,3.3741e+006
BID,4/15/2024 00:00:00,44.0629,45.0549,41.0868,41.0868,2.5415e+006
BID,4/16/2024 00:00:00,41.0868,42.3268,40.8801,41.5828,2.3499e+006
BID,4/17/2024 00:00:00,42.0788,42.1615,39.6814,39.764,1.9732e+006
BID,4/19/2024 00:00:00,39.5987,40.9214,38.9374,39.9707,2.17e+006
BID,4/22/2024 00:00:00,40.3427,41.4174,40.3427,41.4174,1.2989e+006
BID,4/23/2024 00:00:00,40.6734,41.7481,40.0947,40.8388,2.2733e+006
BID,4/24/2024 00:00:00,40.8801,41.6654,40.7974,41.3348,1.4168e+006
BID,4/25/2024 00:00:00,41.1281,41.5828,40.7561,41.0041,1.0536e+006
BID,4/26/2024 00:00:00,41.0041,41.4174,40.5907,40.6734,774500
BID,5/2/2024 00:00:00,40.7561,41.0868,40.3841,40.6734,568700
BID,5/3/2024 00:00:00,41.0454,41.2521,40.5081,40.6734,700800
BID,5/6/2024 00:00:00,40.7561,41.7481,40.7561,41.7481,1.192e+006
BID,5/7/2024 00:00:00,41.8308,42.1615,41.3348,41.3348,1.0695e+006
BID,5/8/2024 00:00:00,41.4174,41.9961,41.1694,41.1694,1.0576e+006
BID,5/9/2024 00:00:00,41.5828,41.5828,40.9214,40.9214,970600
BID,5/10/2024 00:00:00,41.0041,41.1281,40.4667,40.5494,827700
BID,5/13/2024 00:00:00,40.6734,40.9214,40.0947,40.1774,1.6637e+006
BID,5/14/2024 00:00:00,40.3427,40.6734,39.7227,39.764,1.9483e+006
BID,5/15/2024 00:00:00,40.0534,40.4667,39.9707,40.1774,1.393e+006
BID,5/16/2024 00:00:00,40.6321,41.5828,40.5494,41.0041,2.0973e+006
BID,5/17/2024 00:00:00,41.0454,41.0868,40.6734,40.7974,1.5183e+006
BID,5/20/2024 00:00:00,41.0041,41.9135,40.9214,41.0041,2.1919e+006
BID,5/21/2024 00:00:00,41.3348,41.5828,40.8388,41.3348,1.7947e+006
BID,5/22/2024 00:00:00,41.7481,42.3268,41.1281,41.1694,2.428e+006
BID,5/23/2024 00:00:00,41.1694,41.5001,40.8388,40.9214,1.7889e+006
BID,5/24/2024 00:00:00,41.0041,41.8308,40.0947,40.6734,2.1756e+006
BID,5/27/2024 00:00:00,40.8388,40.8388,40.1361,40.4254,763200
BID,5/28/2024 00:00:00,40.5081,40.6734,40.1774,40.5907,1.2307e+006
BID,5/29/2024 00:00:00,40.8801,40.8801,40.1774,40.1774,1.3889e+006
BID,5/30/2024 00:00:00,40.0121,40.0947,39.1854,39.4334,2.092e+006
BID,5/31/2024 00:00:00,39.4334,39.9294,38.9374,38.9374,1.9678e+006
BID,6/3/2024 00:00:00,39.5987,40.0534,39.02,39.1027,2.0952e+006
BID,6/4/2024 00:00:00,39.5574,39.8467,39.3094,39.3507,1.1129e+006
BID,6/5/2024 00:00:00,39.5987,39.8467,39.392,39.392,1.7994e+006
BID,6/6/2024 00:00:00,39.4334,39.764,39.4334,39.5987,1.413e+006
BID,6/7/2024 00:00:00,39.764,39.9294,39.4334,39.4747,1.2334e+006
BID,6/10/2024 00:00:00,39.5574,40.1361,39.3094,39.392,2.0627e+006
BID,6/11/2024 00:00:00,39.516,39.5574,39.02,39.144,2.5355e+006
BID,6/12/2024 00:00:00,39.3507,39.64,38.8547,39.5987,2.6492e+006
BID,6/13/2024 00:00:00,39.9707,39.9707,39.5987,39.9707,2.6154e+006
BID,6/14/2024 00:00:00,40.0121,40.3014,39.268,39.268,2.2409e+006
BID,6/17/2024 00:00:00,39.268,39.268,38.4413,38.4413,2.8128e+006
BID,6/18/2024 00:00:00,38.6067,38.896,38.4413,38.4413,1.468e+006
BID,6/19/2024 00:00:00,38.6893,38.6893,37.904,38.1107,2.5995e+006
BID,6/20/2024 00:00:00,38.028,38.1933,37.4906,37.6146,2.6712e+006
BID,6/21/2024 00:00:00,37.6973,38.4,37.656,37.6973,1.5402e+006
BID,6/24/2024 00:00:00,38.028,38.3173,37.2013,37.2013,1.951e+006
BID,6/25/2024 00:00:00,37.532,37.78,36.0026,36.5399,2.8911e+006
BID,6/26/2024 00:00:00,36.5813,37.036,36.3746,36.7879,1.6898e+006
BID,6/27/2024 00:00:00,36.9533,37.2013,36.4573,36.4573,1.5736e+006
BID,6/28/2024 00:00:00,36.4573,36.8706,35.7546,35.7546,2.1205e+006
BID,7/1/2024 00:00:00,35.7959,36.2919,35.5479,36.2919,1.2368e+006
BID,7/2/2024 00:00:00,36.5813,37.8626,36.4159,37.8213,3.6125e+006
BID,7/3/2024 00:00:00,38.028,39.02,37.656,39.02,4.6018e+006
BID,7/4/2024 00:00:00,38.8547,39.1854,38.6893,39.1027,2.6661e+006
BID,7/5/2024 00:00:00,39.144,39.8467,38.9374,39.1027,4.622e+006
BID,7/8/2024 00:00:00,39.3094,39.516,38.648,38.8547,1.9817e+006
BID,7/9/2024 00:00:00,39.268,39.6814,38.772,39.268,2.5723e+006
BID,7/10/2024 00:00:00,39.5574,39.5987,38.772,38.772,2.0199e+006
BID,7/11/2024 00:00:00,39.2267,39.2267,38.6893,38.6893,1.2937e+006
BID,7/12/2024 00:00:00,38.772,39.02,38.2347,38.524,1.4356e+006
BID,7/15/2024 00:00:00,38.8547,38.896,38.276,38.4827,1.1854e+006
BID,7/16/2024 00:00:00,38.6893,39.9294,38.4413,38.9787,4.0797e+006
BID,7/17/2024 00:00:00,39.5987,41.3348,39.3094,39.6814,7.855e+006
BID,7/18/2024 00:00:00,40.1774,40.7561,39.5574,40.0947,3.3627e+006
BID,7/19/2024 00:00:00,40.3427,40.5081,39.268,39.4334,3.0827e+006
BID,7/22/2024 00:00:00,39.4334,40.2601,39.02,39.4334,3.4381e+006
BID,7/23/2024 00:00:00,39.516,39.8881,36.7879,38.028,3.3597e+006
BID,7/24/2024 00:00:00,37.2013,38.7307,37.2013,38.1107,2.478e+006
BID,7/25/2024 00:00:00,38.4,38.4,37.6146,38.028,1.465e+006
BID,7/26/2024 00:00:00,38.276,38.4827,37.904,38.2347,1.2383e+006
BID,7/29/2024 00:00:00,38.3173,39.0614,38.3173,38.9374,1.0454e+006
BID,7/30/2024 00:00:00,39.144,39.144,38.4413,38.6893,2.2821e+006
BID,7/31/2024 00:00:00,38.8547,40.0121,38.772,39.3507,3.1612e+006
BID,8/1/2024 00:00:00,39.5987,40.4254,38.6893,38.6893,3.8255e+006
BID,8/2/2024 00:00:00,38.4413,39.4747,38.4413,39.4747,1.9688e+006
BID,8/5/2024 00:00:00,38.772,39.02,37.2013,38.1107,2.7231e+006
BID,8/6/2024 00:00:00,38.3587,39.392,37.904,38.648,1.8061e+006
BID,8/7/2024 00:00:00,39.1854,39.1854,38.028,38.3587,2.145e+006
BID,8/8/2024 00:00:00,38.4413,38.6893,37.78,38.028,1.424e+006
BID,8/9/2024 00:00:00,38.8547,38.8547,38.3173,38.6067,1.0509e+006
BID,8/12/2024 00:00:00,38.6067,39.144,38.4413,38.6893,1.3584e+006
BID,8/13/2024 00:00:00,38.8547,38.9787,38.4413,38.5653,1.0154e+006
BID,8/14/2024 00:00:00,38.6893,39.4747,38.6893,38.896,1.7038e+006
BID,8/15/2024 00:00:00,38.896,39.2267,38.5653,38.5653,1.0043e+006
BID,8/16/2024 00:00:00,38.648,39.7227,38.648,39.268,2.3822e+006
BID,8/19/2024 00:00:00,39.516,40.0947,39.3507,39.5987,2.1072e+006
BID,8/20/2024 00:00:00,39.9294,40.6734,39.8054,40.6321,4.3594e+006
BID,8/21/2024 00:00:00,40.8801,41.9961,40.5494,41.8308,6.1709e+006
BID,8/22/2024 00:00:00,42.1615,42.4095,41.2521,41.5828,2.738e+006
BID,8/23/2024 00:00:00,41.5001,41.9961,41.4174,41.7481,2.2732e+006
BID,8/26/2024 00:00:00,41.9961,42.0788,41.4174,41.5001,2.2465e+006
BID,8/27/2024 00:00:00,41.5828,41.5828,40.5907,41.0041,4.1598e+006
BID,8/28/2024 00:00:00,41.0041,41.5828,40.9214,41.0041,1.2061e+006
BID,8/29/2024 00:00:00,40.7561,41.8308,40.7561,40.7561,1.6861e+006
BID,8/30/2024 00:00:00,40.9628,41.0868,40.4254,40.4254,1.798e+006
BID,9/4/2024 00:00:00,40.0947,40.8801,39.8054,40.4667,1.971e+006
BID,9/5/2024 00:00:00,40.3014,40.9214,40.1774,40.2601,1.8994e+006
BID,9/6/2024 00:00:00,40.2601,40.9214,40.2187,40.7561,2.3615e+006
BID,9/9/2024 00:00:00,40.6734,40.9628,40.4254,40.5494,1.2024e+006
BID,9/10/2024 00:00:00,40.7561,40.7561,40.0534,40.0947,2.3999e+006
BID,9/11/2024 00:00:00,40.0534,40.2187,39.6814,39.9294,1.4058e+006
BID,9/12/2024 00:00:00,40.0947,40.2601,39.9707,39.9707,1.1052e+006
BID,9/13/2024 00:00:00,39.8467,40.1361,39.8467,39.8467,747400
BID,9/16/2024 00:00:00,39.8467,40.1774,39.4747,39.4747,1.5707e+006
BID,9/17/2024 00:00:00,39.516,40.2601,39.268,40.2601,1.3633e+006
BID,9/18/2024 00:00:00,40.3427,40.8801,40.0947,40.5494,1.8363e+006
BID,9/19/2024 00:00:00,40.6734,40.8388,40.3427,40.7147,1.3561e+006
BID,9/20/2024 00:00:00,40.9214,41.2521,40.5494,40.5494,2.6522e+006
BID,9/23/2024 00:00:00,40.5494,40.8388,40.2601,40.2601,1.2177e+006
BID,9/24/2024 00:00:00,40.4667,40.7147,40.0947,40.7147,1.4142e+006
BID,9/25/2024 00:00:00,41.0868,41.6654,40.7974,41.3348,5.2579e+006
BID,9/26/2024 00:00:00,41.5828,41.9961,41.2108,41.3348,4.2326e+006
BID,9/27/2024 00:00:00,41.5828,42.7402,41.3348,41.4174,3.204e+006
BID,9/30/2024 00:00:00,41.4174,41.5001,41.0041,41.0868,2.1906e+006
BID,10/1/2024 00:00:00,41.0868,41.9135,41.0868,41.0868,2.8177e+006
BID,10/2/2024 00:00:00,41.0868,41.5001,41.0041,41.1694,1.8352e+006
BID,10/3/2024 00:00:00,41.1694,41.9961,40.9214,40.9214,3.5038e+006
BID,10/4/2024 00:00:00,40.9214,41.0041,40.6321,40.6734,2.1648e+006
BID,10/7/2024 00:00:00,40.9214,40.9214,40.5081,40.5494,1.4925e+006
BID,10/8/2024 00:00:00,40.5494,40.7974,40.3427,40.4254,1.9001e+006
BID,10/9/2024 00:00:00,40.6734,41.0041,40.3427,40.8801,2.1909e+006
BID,10/10/2024 00:00:00,41.2934,41.2934,40.8388,41.1281,2.6504e+006
BID,10/11/2024 00:00:00,41.2108,41.2108,40.7561,40.8388,1.5398e+006
BID,10/14/2024 00:00:00,40.9214,41.1281,40.8388,40.8388,1.1619e+006
BID,10/15/2024 00:00:00,40.9214,42.1615,40.9214,41.3348,6.9284e+006
BID,10/16/2024 00:00:00,41.3348,41.7481,41.1694,41.2108,1.791e+006
BID,10/17/2024 00:00:00,41.5001,41.5828,40.9628,41.5828,2.1189e+006
BID,10/18/2024 00:00:00,41.9135,42.1615,41.5828,41.5828,3.3951e+006
BID,10/21/2024 00:00:00,41.3348,41.5001,41.0454,41.0454,2.1252e+006
BID,10/22/2024 00:00:00,41.0868,41.0868,40.2601,40.3014,3.3719e+006
BID,10/23/2024 00:00:00,40.3014,40.3014,39.6814,40.0121,2.3972e+006
BID,10/24/2024 00:00:00,39.764,40.3841,39.6814,39.6814,1.4652e+006
BID,10/25/2024 00:00:00,39.7227,39.9294,39.268,39.268,1.6965e+006
BID,10/28/2024 00:00:00,39.268,39.4747,39.1027,39.268,1.7262e+006
BID,10/29/2024 00:00:00,39.4334,40.0534,39.268,39.3094,2.1764e+006
BID,10/30/2024 00:00:00,39.392,39.8467,39.392,39.4334,1.4158e+006
BID,10/31/2024 00:00:00,39.6814,40.0534,39.392,39.4747,1.7922e+006
BID,11/1/2024 00:00:00,39.6814,39.764,39.3094,39.4747,1.5432e+006
BID,11/4/2024 00:00:00,39.4747,39.8467,39.3094,39.4334,1.3371e+006
BID,11/5/2024 00:00:00,39.4334,39.5987,39.144,39.1854,1.526e+006
BID,11/6/2024 00:00:00,39.3507,39.8054,39.3507,39.7227,1.0826e+006
BID,11/7/2024 00:00:00,40.0121,40.0121,39.3507,39.3507,1.2636e+006
BID,11/8/2024 00:00:00,39.4334,39.5987,38.8547,39.1854,2.6487e+006
BID,11/11/2024 00:00:00,39.1854,39.268,38.3587,38.4413,2.6003e+006
BID,11/12/2024 00:00:00,38.4413,38.7307,38.276,38.276,1.6862e+006
BID,11/13/2024 00:00:00,38.276,38.4413,37.904,38.152,1.8164e+006
BID,11/14/2024 00:00:00,38.2347,38.2347,37.6146,37.6146,1.9985e+006
BID,11/15/2024 00:00:00,37.6973,37.6973,36.9533,36.9533,2.2558e+006
BID,11/18/2024 00:00:00,36.9119,37.6973,36.7466,36.7466,1.9143e+006
BID,11/19/2024 00:00:00,37.3666,37.3666,36.8706,36.8706,1.4574e+006
BID,11/20/2024 00:00:00,36.9533,37.904,36.7879,37.2013,2.1888e+006
BID,11/21/2024 00:00:00,37.284,37.7386,37.284,37.4906,1.4724e+006
BID,11/22/2024 00:00:00,37.8626,37.8626,37.408,37.78,1.8747e+006
BID,11/25/2024 00:00:00,37.78,37.8626,37.6146,37.656,1.1104e+006
BID,11/26/2024 00:00:00,37.6146,38.2347,37.6146,38.2347,1.8393e+006
BID,11/27/2024 00:00:00,38.2347,38.4,38.0693,38.3173,1.2149e+006
BID,11/28/2024 00:00:00,38.4413,38.4827,38.1107,38.1107,1.2847e+006
BID,11/29/2024 00:00:00,38.1107,38.648,37.904,38.648,1.4432e+006
BID,12/2/2024 00:00:00,38.772,38.9374,38.4413,38.4413,1.3141e+006
BID,12/3/2024 00:00:00,38.4413,38.4413,38.0693,38.0693,1.4001e+006
BID,12/4/2024 00:00:00,38.1107,38.152,37.3253,37.3253,2.3991e+006
BID,12/5/2024 00:00:00,37.4493,38.6893,37.4493,38.028,2.4274e+006
BID,12/6/2024 00:00:00,38.3587,38.8133,38.3587,38.524,2.4972e+006
BID,12/9/2024 00:00:00,38.5653,38.8547,38.524,38.6067,1.7177e+006
BID,12/10/2024 00:00:00,38.6893,39.144,38.648,38.648,1.9433e+006
BID,12/11/2024 00:00:00,38.8133,38.8547,38.4413,38.524,1.2866e+006
BID,12/12/2024 00:00:00,38.6067,38.9787,38.524,38.524,1.9353e+006
BID,12/13/2024 00:00:00,38.4827,38.6893,38.3587,38.3587,1.3829e+006
BID,12/16/2024 00:00:00,38.8547,39.0614,38.6067,38.648,3.2472e+006
BID,12/17/2024 00:00:00,38.8547,38.9787,38.524,38.524,2.2488e+006
BID,12/18/2024 00:00:00,38.7307,38.8547,38.6067,38.7307,1.6611e+006
BID,12/19/2024 00:00:00,38.5653,38.648,38.3587,38.4,2.706e+006
BID,12/20/2024 00:00:00,38.4413,38.6067,38.3173,38.4,2.9934e+006
BID,12/23/2024 00:00:00,38.9,39,38.5,38.6,2.8954e+006
BID,12/24/2024 00:00:00,38.7,38.85,38.05,38.1,3.216e+006
BID,12/25/2024 00:00:00,38.2,39.8,38.1,38.65,5.2773e+006
BID,12/26/2024 00:00:00,38.95,39.35,38.8,39,3.8842e+006
BID,12/27/2024 00:00:00,39.25,39.5,39.1,39.15,2.8595e+006
BID,12/30/2024 00:00:00,39.1,39.15,38.25,38.25,4.0118e+006
BID,12/31/2024 00:00:00,38.5,38.75,37.55,37.55,3.4169e+006
BID,1/2/2025 00:00:00,38.2,38.65,37.9,38.2,3.1605e+006
BID,1/3/2025 00:00:00,38.2,38.6,38.2,38.2,3.6985e+006
BID,1/6/2025 00:00:00,38.3,39.15,38.2,38.8,4.8208e+006
BID,1/7/2025 00:00:00,39.1,40.5,39.05,40.4,1.04484e+007
BID,1/8/2025 00:00:00,40.4,40.4,39.65,40.35,3.1252e+006
BID,1/9/2025 00:00:00,39.9,40.05,39.35,39.95,3.5991e+006
BID,1/10/2025 00:00:00,39.9,39.9,39.1,39.1,3.1145e+006
BID,1/13/2025 00:00:00,39.1,39.35,38.4,39.3,2.4614e+006
BID,1/14/2025 00:00:00,39.2,39.2,38.9,39,957600
BID,1/15/2025 00:00:00,39.2,39.2,38.6,39.2,1.4858e+006
BID,1/16/2025 00:00:00,39.2,39.5,39.05,39.4,1.6285e+006
BID,1/17/2025 00:00:00,39.2,39.5,39.05,39.5,1.5729e+006
BID,1/20/2025 00:00:00,39.45,40.1,39.4,39.9,2.8543e+006
BID,1/21/2025 00:00:00,40.05,40.05,39.5,39.8,2.1396e+006
BID,1/22/2025 00:00:00,39.8,39.8,39.45,39.5,2.0209e+006
BID,1/23/2025 00:00:00,39.5,40.1,39.45,39.9,2.9255e+006
BID,1/24/2025 00:00:00,39.9,40,39.75,40,2.3339e+006
BID,2/3/2025 00:00:00,39.7,39.9,39.1,39.4,3.5505e+006
BID,2/4/2025 00:00:00,39.5,40.1,39.15,39.65,4.2709e+006
BID,2/5/2025 00:00:00,39.9,39.95,39.55,39.6,2.3703e+006
BID,2/6/2025 00:00:00,39.65,40,39.6,39.8,3.9761e+006
BID,2/7/2025 00:00:00,39.8,40.8,39.8,40.5,8.054e+006
BID,2/10/2025 00:00:00,40.5,41.2,40.1,40.35,4.5967e+006
BID,2/11/2025 00:00:00,40.5,40.75,40.1,40.45,2.8738e+006
BID,2/12/2025 00:00:00,40.35,40.45,39.9,40,4.336e+006
BID,2/13/2025 00:00:00,40,40.25,39.9,40,2.4301e+006
BID,2/14/2025 00:00:00,40.35,40.85,40.15,40.65,4.5578e+006
BID,2/17/2025 00:00:00,40.65,40.65,40.15,40.2,2.2731e+006
BID,2/18/2025 00:00:00,40.1,40.65,40.05,40.5,3.3201e+006
BID,2/19/2025 00:00:00,40.5,40.9,40.4,40.85,5.4524e+006
BID,2/20/2025 00:00:00,41,41.05,40.65,40.9,3.3984e+006
BID,2/21/2025 00:00:00,40.85,41.05,40.65,40.9,2.9888e+006
BID,2/24/2025 00:00:00,40.9,41.4,40.7,41.1,4.1686e+006
BID,2/25/2025 00:00:00,41.15,41.35,41,41.25,4.3488e+006
BID,2/26/2025 00:00:00,41.2,41.25,40.95,41.2,3.0201e+006
BID,2/27/2025 00:00:00,41.2,41.3,40.9,40.95,2.5523e+006
BID,2/28/2025 00:00:00,40.95,40.95,40.7,40.95,3.0516e+006
BID,3/3/2025 00:00:00,40.95,41.2,40.85,40.95,1.9661e+006
BID,3/4/2025 00:00:00,40.8,40.9,40.4,40.8,3.3401e+006
BID,3/5/2025 00:00:00,40.7,41.15,40.45,40.65,2.8298e+006
BID,3/6/2025 00:00:00,40.65,40.9,40.55,40.8,2.3905e+006
BID,3/7/2025 00:00:00,40.8,41.15,40.7,41.15,4.6224e+006
BID,3/10/2025 00:00:00,41.3,42,41.2,41.4,4.8817e+006
BID,3/11/2025 00:00:00,40.95,41.4,40.75,41.4,3.3522e+006
BID,3/12/2025 00:00:00,41.35,41.4,40.85,40.9,3.9681e+006
BID,3/13/2025 00:00:00,40.9,40.9,40.1,40.2,3.9813e+006
BID,3/14/2025 00:00:00,40.2,40.4,40.05,40.4,2.2981e+006
BID,3/17/2025 00:00:00,40.4,40.55,40.15,40.35,3.3199e+006
BID,3/18/2025 00:00:00,40.5,40.6,40,40,3.4192e+006
BID,3/19/2025 00:00:00,40.2,40.2,39.55,39.8,3.182e+006
BID,3/20/2025 00:00:00,39.55,39.9,39.55,39.8,2.2558e+006
BID,3/21/2025 00:00:00,39.6,39.8,39.45,39.45,2.4076e+006
BID,3/24/2025 00:00:00,39.45,39.5,39,39.1,3.7335e+006
BID,3/25/2025 00:00:00,39.2,39.7,39.2,39.7,2.9365e+006
BID,3/26/2025 00:00:00,39.6,39.85,39.4,39.55,2.6038e+006
BID,3/27/2025 00:00:00,39.65,39.65,39.1,39.1,1.8624e+006
BID,3/28/2025 00:00:00,39.15,39.25,39.05,39.1,1.4015e+006
BID,3/31/2025 00:00:00,39,39,38.5,38.75,2.8996e+006
BID,4/1/2025 00:00:00,38.9,39,38.7,39,1.367e+006
BID,4/2/2025 00:00:00,39.25,39.25,38.7,38.7,3.026e+006
BID,4/3/2025 00:00:00,37,37.9,36,36,7.5201e+006
BID,4/4/2025 00:00:00,33.55,36,33.55,36,6.8832e+006
BID,4/8/2025 00:00:00,35,35.5,33.5,33.5,4.7065e+006
BID,4/9/2025 00:00:00,31.2,34.5,31.2,32.45,6.5191e+006
BID,4/10/2025 00:00:00,34.7,34.7,34.7,34.7,635800
BID,4/11/2025 00:00:00,36.9,36.9,35.55,36.75,6.9475e+006
BID,4/14/2025 00:00:00,37,37,36,37,3.5474e+006
BID,4/15/2025 00:00:00,36.6,36.75,36,36.5,2.9991e+006
BID,4/16/2025 00:00:00,36.1,36.4,36.1,36.15,913800
