Ticker,Date,Open,High,Low,Close,Volume
BMP,7/12/2006 00:00:00,3.47989,3.55666,3.47989,3.47989,151690
BMP,7/13/2006 00:00:00,3.47989,3.47989,3.45431,3.45431,27770
BMP,7/14/2006 00:00:00,3.42872,3.42872,3.37754,3.37754,18100
BMP,7/17/2006 00:00:00,3.30078,3.30078,3.22402,3.22402,30970
BMP,7/18/2006 00:00:00,3.17284,3.17284,3.17284,3.17284,51920
BMP,7/19/2006 00:00:00,3.14726,3.14726,3.07049,3.07049,19760
BMP,7/20/2006 00:00:00,3.07049,3.22402,3.01932,3.22402,59600
BMP,7/21/2006 00:00:00,3.22402,3.22402,3.12167,3.12167,14550
BMP,7/24/2006 00:00:00,3.07049,3.07049,3.01932,3.01932,15150
BMP,7/25/2006 00:00:00,2.94256,2.94256,2.91697,2.91697,113460
BMP,7/26/2006 00:00:00,2.91697,2.91697,2.86579,2.91697,106560
BMP,7/27/2006 00:00:00,3.01932,3.04491,3.01932,3.04491,65820
BMP,7/28/2006 00:00:00,3.12167,3.17284,3.12167,3.12167,75180
BMP,7/31/2006 00:00:00,3.12167,3.12167,2.99373,2.99373,48330
BMP,8/1/2006 00:00:00,2.96814,2.96814,2.89138,2.89138,35760
BMP,8/2/2006 00:00:00,2.89138,3.01932,2.86579,3.01932,133050
BMP,8/3/2006 00:00:00,3.07049,3.14726,3.07049,3.14726,141160
BMP,8/4/2006 00:00:00,3.22402,3.27519,3.22402,3.22402,164950
BMP,8/7/2006 00:00:00,3.22402,3.22402,3.12167,3.12167,69930
BMP,8/8/2006 00:00:00,3.17284,3.22402,3.17284,3.19843,33250
BMP,8/9/2006 00:00:00,3.19843,3.22402,3.19843,3.19843,75630
BMP,8/10/2006 00:00:00,3.19843,3.22402,3.17284,3.22402,72900
BMP,8/11/2006 00:00:00,3.27519,3.30078,3.27519,3.30078,107520
BMP,8/14/2006 00:00:00,3.42872,3.45431,3.42872,3.45431,109620
BMP,8/15/2006 00:00:00,3.45431,3.45431,3.32637,3.42872,86840
BMP,8/16/2006 00:00:00,3.47989,3.50548,3.47989,3.50548,159490
BMP,8/17/2006 00:00:00,3.50548,3.53107,3.50548,3.53107,155380
BMP,8/18/2006 00:00:00,3.53107,3.53107,3.50548,3.50548,100360
BMP,8/21/2006 00:00:00,3.50548,3.53107,3.47989,3.53107,111380
BMP,8/22/2006 00:00:00,3.50548,3.50548,3.50548,3.50548,248350
BMP,8/23/2006 00:00:00,3.50548,3.55666,3.50548,3.55666,162610
BMP,8/24/2006 00:00:00,3.65901,3.71018,3.65901,3.71018,221220
BMP,8/25/2006 00:00:00,3.71018,3.71018,3.68459,3.71018,101840
BMP,8/28/2006 00:00:00,3.71018,3.78694,3.71018,3.78694,100940
BMP,8/29/2006 00:00:00,3.78694,3.8637,3.78694,3.8637,109570
BMP,8/30/2006 00:00:00,3.88929,3.94047,3.88929,3.88929,92820
BMP,8/31/2006 00:00:00,3.8637,3.8637,3.78694,3.8637,92930
BMP,9/1/2006 00:00:00,3.94047,3.96605,3.94047,3.96605,68520
BMP,9/5/2006 00:00:00,4.01723,4.0684,4.01723,4.0684,113610
BMP,9/6/2006 00:00:00,4.0684,4.09399,4.0684,4.0684,165790
BMP,9/7/2006 00:00:00,4.04282,4.04282,4.01723,4.01723,223950
BMP,9/8/2006 00:00:00,4.04282,4.04282,4.04282,4.04282,100800
BMP,9/11/2006 00:00:00,4.11958,4.17075,4.11958,4.11958,155440
BMP,9/12/2006 00:00:00,4.09399,4.09399,4.0684,4.0684,73950
BMP,9/13/2006 00:00:00,4.0684,4.17075,4.04282,4.14517,60580
BMP,9/14/2006 00:00:00,4.14517,4.14517,4.14517,4.14517,106750
BMP,9/15/2006 00:00:00,4.3518,4.3518,4.32317,4.32317,225440
BMP,9/18/2006 00:00:00,4.3518,4.3518,4.3518,4.3518,69320
BMP,9/19/2006 00:00:00,4.3518,4.3518,4.32317,4.3518,140910
BMP,9/20/2006 00:00:00,4.38043,4.40906,4.38043,4.40906,78250
BMP,9/21/2006 00:00:00,4.40906,4.40906,4.38043,4.38043,45460
BMP,9/22/2006 00:00:00,4.38043,4.40906,4.38043,4.38043,25800
BMP,9/25/2006 00:00:00,4.38043,4.40906,4.3518,4.3518,40170
BMP,9/26/2006 00:00:00,4.3518,4.40906,4.3518,4.40906,59310
BMP,9/27/2006 00:00:00,4.46632,4.49495,4.46632,4.49495,87090
BMP,9/28/2006 00:00:00,4.49495,4.52358,4.49495,4.52358,70630
BMP,9/29/2006 00:00:00,4.52358,4.55221,4.52358,4.52358,50890
BMP,10/2/2006 00:00:00,4.52358,4.58084,4.52358,4.58084,50050
BMP,10/3/2006 00:00:00,4.60948,4.63811,4.60948,4.63811,46670
BMP,10/4/2006 00:00:00,4.63811,4.66674,4.63811,4.66674,64840
BMP,10/5/2006 00:00:00,4.66674,4.66674,4.52358,4.52358,67240
BMP,10/6/2006 00:00:00,4.55221,4.58084,4.55221,4.55221,33430
BMP,10/9/2006 00:00:00,4.58084,4.60948,4.58084,4.58084,40810
BMP,10/10/2006 00:00:00,4.58084,4.58084,4.52358,4.52358,67510
BMP,10/11/2006 00:00:00,4.55221,4.58084,4.55221,4.58084,19820
BMP,10/12/2006 00:00:00,4.58084,4.58084,4.58084,4.58084,32500
BMP,10/13/2006 00:00:00,4.58084,4.60948,4.58084,4.60948,52480
BMP,10/16/2006 00:00:00,4.60948,4.60948,4.58084,4.60948,38800
BMP,10/17/2006 00:00:00,4.58084,4.58084,4.55221,4.55221,80680
BMP,10/18/2006 00:00:00,4.55221,4.58084,4.52358,4.58084,76160
BMP,10/19/2006 00:00:00,4.58084,4.63811,4.58084,4.63811,63010
BMP,10/20/2006 00:00:00,4.66674,4.69537,4.66674,4.66674,49830
BMP,10/23/2006 00:00:00,4.66674,4.66674,4.66674,4.66674,20710
BMP,10/24/2006 00:00:00,4.66674,4.66674,4.63811,4.63811,35490
BMP,10/25/2006 00:00:00,4.63811,4.63811,4.58084,4.63811,26710
BMP,10/26/2006 00:00:00,4.63811,4.63811,4.63811,4.63811,35750
BMP,10/27/2006 00:00:00,4.63811,4.66674,4.63811,4.63811,50190
BMP,10/30/2006 00:00:00,4.63811,4.69537,4.63811,4.63811,93240
BMP,10/31/2006 00:00:00,4.63811,4.63811,4.58084,4.63811,40270
BMP,11/1/2006 00:00:00,4.63811,4.66674,4.63811,4.63811,40730
BMP,11/2/2006 00:00:00,4.63811,4.63811,4.58084,4.58084,44100
BMP,11/3/2006 00:00:00,4.58084,4.60948,4.58084,4.60948,26380
BMP,11/6/2006 00:00:00,4.63811,4.69537,4.63811,4.69537,106500
BMP,11/7/2006 00:00:00,4.724,4.78126,4.724,4.78126,95870
BMP,11/8/2006 00:00:00,4.86715,4.98167,4.86715,4.98167,128490
BMP,11/9/2006 00:00:00,5.12482,5.21071,5.12482,5.21071,99280
BMP,11/10/2006 00:00:00,5.21071,5.2966,5.09619,5.09619,74770
BMP,11/13/2006 00:00:00,5.21071,5.32523,5.21071,5.32523,88440
BMP,11/14/2006 00:00:00,5.41112,5.55427,5.41112,5.52564,131640
BMP,11/15/2006 00:00:00,5.52564,5.5829,5.35386,5.35386,116030
BMP,11/16/2006 00:00:00,5.35386,5.38249,5.32523,5.38249,74340
BMP,11/17/2006 00:00:00,5.41112,5.49701,5.41112,5.49701,98300
BMP,11/20/2006 00:00:00,5.6688,5.72606,5.6688,5.72606,223620
BMP,11/21/2006 00:00:00,6.01236,6.01236,6.01236,6.01236,70190
BMP,11/22/2006 00:00:00,6.29866,6.29866,6.29866,6.29866,55540
BMP,11/23/2006 00:00:00,6.58496,6.58496,6.58496,6.58496,89280
BMP,11/24/2006 00:00:00,6.87127,6.87127,6.87127,6.87127,154600
BMP,11/27/2006 00:00:00,6.58496,6.58496,6.5277,6.5277,50510
BMP,11/28/2006 00:00:00,6.5277,6.58496,6.2414,6.35592,231350
BMP,11/29/2006 00:00:00,6.06962,6.06962,6.06962,6.06962,135160
BMP,11/30/2006 00:00:00,6.06962,6.35592,6.06962,6.35592,120200
BMP,12/1/2006 00:00:00,6.35592,6.41318,6.29866,6.29866,111970
BMP,12/4/2006 00:00:00,6.35592,6.47044,6.35592,6.35592,64970
BMP,12/5/2006 00:00:00,6.35592,6.35592,6.2414,6.2414,69780
BMP,12/6/2006 00:00:00,6.29866,6.5277,6.29866,6.5277,102900
BMP,12/7/2006 00:00:00,6.81401,6.81401,6.81401,6.81401,93410
BMP,12/8/2006 00:00:00,7.10031,7.10031,7.10031,7.10031,58440
BMP,12/11/2006 00:00:00,7.44387,7.44387,7.44387,7.44387,145220
BMP,12/12/2006 00:00:00,7.44387,7.78744,7.21483,7.21483,151940
BMP,12/13/2006 00:00:00,7.44387,7.55839,7.44387,7.55839,110580
BMP,12/14/2006 00:00:00,7.90196,7.90196,7.90196,7.90196,128780
BMP,12/15/2006 00:00:00,8.24552,8.24552,8.24552,8.24552,105910
BMP,12/18/2006 00:00:00,8.24552,8.24552,8.07374,8.24552,128790
BMP,12/19/2006 00:00:00,8.4173,8.64635,8.4173,8.64635,109750
BMP,12/20/2006 00:00:00,8.93265,9.04717,8.93265,9.04717,110010
BMP,12/21/2006 00:00:00,9.04717,9.04717,8.70361,9.04717,147010
BMP,12/22/2006 00:00:00,8.64635,8.64635,8.64635,8.64635,9550
BMP,12/25/2006 00:00:00,8.24552,8.24552,8.24552,8.24552,65550
BMP,12/26/2006 00:00:00,8.24552,8.64635,7.8447,8.64635,92900
BMP,12/27/2006 00:00:00,8.70361,8.87539,8.70361,8.81813,56650
BMP,12/28/2006 00:00:00,8.76087,8.76087,8.58908,8.58908,51200
BMP,12/29/2006 00:00:00,8.58908,8.58908,8.36004,8.36004,15610
BMP,1/2/2007 00:00:00,8.24552,8.24552,8.131,8.24552,23910
BMP,1/3/2007 00:00:00,8.4173,8.53182,8.4173,8.53182,38060
BMP,1/4/2007 00:00:00,8.93265,8.93265,8.93265,8.93265,88460
BMP,1/5/2007 00:00:00,9.10443,9.33347,9.10443,9.10443,220860
BMP,1/8/2007 00:00:00,9.16169,9.50525,9.16169,9.50525,148870
BMP,1/9/2007 00:00:00,9.96334,9.96334,9.96334,9.96334,137900
BMP,1/10/2007 00:00:00,10.4214,10.4214,10.4214,10.4214,54130
BMP,1/11/2007 00:00:00,10.8795,10.9368,10.8795,10.9368,70210
BMP,1/12/2007 00:00:00,11.4521,11.4521,11.4521,11.4521,40590
BMP,1/15/2007 00:00:00,12.0247,12.0247,12.0247,12.0247,89690
BMP,1/16/2007 00:00:00,12.5973,12.5973,12.5973,12.5973,184780
BMP,1/17/2007 00:00:00,12.5973,12.5973,11.9675,11.9675,36560
BMP,1/18/2007 00:00:00,11.9675,12.3683,11.3949,12.3683,291870
BMP,1/19/2007 00:00:00,12.9409,12.9409,12.9409,12.9409,72130
BMP,1/22/2007 00:00:00,12.9409,13.5708,12.9409,12.9409,104660
BMP,1/23/2007 00:00:00,13.5708,13.5708,13.5708,13.5708,109810
BMP,1/24/2007 00:00:00,13.5708,14.2006,12.9409,12.9409,35210
BMP,1/25/2007 00:00:00,12.9409,13.1699,12.311,13.1699,46170
BMP,1/26/2007 00:00:00,12.5401,12.5401,12.5401,12.5401,105850
BMP,1/29/2007 00:00:00,13.1127,13.1127,13.1127,13.1127,40390
BMP,1/30/2007 00:00:00,13.7425,13.7425,13.7425,13.7425,141130
BMP,1/31/2007 00:00:00,14.3724,14.4297,14.3724,14.3724,298630
BMP,2/1/2007 00:00:00,14.3724,15.0023,14.3151,14.3151,310340
BMP,2/2/2007 00:00:00,14.8877,14.8877,14.8877,14.8877,65470
BMP,2/5/2007 00:00:00,14.3151,14.3151,14.2579,14.2579,93340
BMP,2/6/2007 00:00:00,14.2579,14.3151,14.1434,14.3151,69460
BMP,2/7/2007 00:00:00,14.3151,14.6014,13.8571,14.3151,50210
BMP,2/8/2007 00:00:00,13.7425,13.7425,13.628,13.628,51800
BMP,2/9/2007 00:00:00,12.9981,12.9981,12.9981,12.9981,67020
BMP,2/12/2007 00:00:00,12.9981,13.628,12.8836,13.628,99890
BMP,2/13/2007 00:00:00,14.2579,14.2579,14.2579,14.2579,47720
BMP,2/14/2007 00:00:00,14.3733,14.3733,14.3733,14.3733,36660
BMP,2/15/2007 00:00:00,14.3156,14.3156,13.6806,14.3156,29050
BMP,2/26/2007 00:00:00,15.0083,15.0083,15.0083,15.0083,89580
BMP,2/27/2007 00:00:00,15.0083,15.7587,14.4311,14.4311,67420
BMP,2/28/2007 00:00:00,13.7384,13.7384,13.7384,13.7384,152230
BMP,3/1/2007 00:00:00,13.7384,13.8538,13.7384,13.8538,34480
BMP,3/2/2007 00:00:00,14.1424,14.5465,14.1424,14.4311,47330
BMP,3/5/2007 00:00:00,14.4311,14.4311,14.1424,14.1424,42230
BMP,3/6/2007 00:00:00,14.1424,14.3156,14.1424,14.1424,71280
BMP,3/7/2007 00:00:00,13.8538,13.8538,13.4497,13.4497,27070
BMP,3/8/2007 00:00:00,13.4497,13.8538,13.3343,13.3343,26960
BMP,3/9/2007 00:00:00,13.8538,13.9693,13.8538,13.9693,27680
BMP,3/12/2007 00:00:00,14.1424,14.1424,14.1424,14.1424,12220
BMP,3/13/2007 00:00:00,14.1424,14.1424,13.5075,13.5075,6380
BMP,3/14/2007 00:00:00,13.1611,13.1611,12.8725,12.8725,16360
BMP,3/15/2007 00:00:00,12.2375,12.2375,12.2375,12.2375,10570
BMP,3/16/2007 00:00:00,12.2375,12.8148,11.6603,12.8148,70660
BMP,3/19/2007 00:00:00,12.2375,12.2375,12.2375,12.2375,74240
BMP,3/20/2007 00:00:00,12.2375,12.8148,12.2375,12.2375,34680
BMP,3/21/2007 00:00:00,12.4107,12.8148,12.4107,12.4107,18330
BMP,3/22/2007 00:00:00,12.4107,12.4107,12.4107,12.4107,41660
BMP,3/23/2007 00:00:00,12.4107,12.5839,12.4107,12.5839,27750
BMP,3/26/2007 00:00:00,12.5839,12.6993,12.2953,12.6993,49890
BMP,3/27/2007 00:00:00,12.6993,12.6993,12.6993,12.6993,49170
BMP,3/28/2007 00:00:00,12.1221,12.1221,12.1221,12.1221,21360
BMP,3/29/2007 00:00:00,12.1221,12.6993,12.1221,12.6993,60300
BMP,3/30/2007 00:00:00,12.6993,13.3343,12.6993,12.6993,65980
BMP,4/2/2007 00:00:00,12.1221,12.6993,12.1221,12.1221,9070
BMP,4/3/2007 00:00:00,11.5448,11.5448,11.5448,11.5448,12350
BMP,4/4/2007 00:00:00,11.5448,11.6026,11.1985,11.6026,21130
BMP,4/5/2007 00:00:00,11.8335,11.9489,11.8335,11.9489,28500
BMP,4/6/2007 00:00:00,11.4294,11.9489,11.4294,11.4294,1170
BMP,4/9/2007 00:00:00,11.4294,11.4294,11.3717,11.4294,10210
BMP,4/10/2007 00:00:00,11.8335,11.8335,11.8335,11.8335,25340
BMP,4/11/2007 00:00:00,11.8335,11.8335,11.8335,11.8335,5500
BMP,4/12/2007 00:00:00,11.8335,11.8912,11.8335,11.8912,37960
BMP,4/13/2007 00:00:00,11.7757,11.7757,11.3139,11.7757,17300
BMP,4/16/2007 00:00:00,11.3139,11.6603,11.3139,11.3139,4190
BMP,4/17/2007 00:00:00,10.7944,10.7944,10.7944,10.7944,24920
BMP,4/18/2007 00:00:00,10.7944,11.3139,10.7944,11.3139,4860
BMP,4/19/2007 00:00:00,10.8522,11.8335,10.8522,10.8522,4590
BMP,4/20/2007 00:00:00,10.8522,10.8522,10.3904,10.8522,15370
BMP,4/23/2007 00:00:00,10.6213,10.6213,10.6213,10.6213,23320
BMP,4/24/2007 00:00:00,10.1017,10.1017,10.1017,10.1017,15930
BMP,4/25/2007 00:00:00,9.63994,9.63994,9.63994,9.63994,50290
BMP,5/2/2007 00:00:00,9.40905,10.1017,9.40905,9.40905,33140
BMP,5/3/2007 00:00:00,9.40905,9.87084,9.35132,9.87084,33380
BMP,5/4/2007 00:00:00,9.87084,10.3326,9.40905,10.3326,46280
BMP,5/7/2007 00:00:00,10.3904,10.679,10.3904,10.5635,40040
BMP,5/8/2007 00:00:00,10.679,11.083,10.679,11.083,29550
BMP,5/9/2007 00:00:00,11.5448,11.6026,11.5448,11.6026,83640
BMP,5/10/2007 00:00:00,11.6026,11.6026,11.6026,11.6026,21170
BMP,5/11/2007 00:00:00,11.6026,11.6026,11.2562,11.6026,28880
BMP,5/14/2007 00:00:00,11.6026,12.1798,11.5448,12.1798,58030
BMP,5/15/2007 00:00:00,12.5839,12.7571,12.5839,12.5839,82110
BMP,5/16/2007 00:00:00,12.5839,12.9879,12.5839,12.5839,48350
BMP,5/17/2007 00:00:00,12.1221,12.1221,12.1221,12.1221,12550
BMP,5/18/2007 00:00:00,11.8335,12.0066,11.8335,11.8335,29630
BMP,5/21/2007 00:00:00,12.4107,12.4107,12.4107,12.4107,9920
BMP,5/22/2007 00:00:00,12.7571,12.9879,12.7571,12.9879,65090
BMP,5/23/2007 00:00:00,12.6993,12.9879,12.6993,12.6993,7850
BMP,5/24/2007 00:00:00,12.6993,12.6993,12.5839,12.6993,27360
BMP,5/25/2007 00:00:00,12.6993,12.6993,12.4107,12.6993,9250
BMP,5/28/2007 00:00:00,12.4107,12.9879,12.4107,12.4107,4130
BMP,5/29/2007 00:00:00,12.4107,12.4107,12.4107,12.4107,3220
BMP,5/30/2007 00:00:00,12.1221,12.7571,12.1221,12.1221,10260
BMP,5/31/2007 00:00:00,12.1221,12.4107,12.1221,12.1798,7300
BMP,6/1/2007 00:00:00,12.2375,12.4107,12.2375,12.2375,4660
BMP,6/4/2007 00:00:00,12.2375,12.8148,12.1221,12.1221,2500
BMP,6/5/2007 00:00:00,12.1221,12.1221,12.1221,12.1221,3580
BMP,6/6/2007 00:00:00,12.1221,12.1221,11.8335,11.8335,18940
BMP,6/7/2007 00:00:00,11.8335,11.8335,11.8335,11.8335,14650
BMP,6/8/2007 00:00:00,12.0066,12.2953,12.0066,12.0066,9270
BMP,6/11/2007 00:00:00,12.0066,12.1221,11.5448,12.1221,2700
BMP,6/12/2007 00:00:00,12.1221,12.1221,11.718,12.0066,20340
BMP,6/13/2007 00:00:00,11.5448,11.5448,11.5448,11.5448,38670
BMP,6/14/2007 00:00:00,11.5448,11.5448,11.5448,11.5448,24090
BMP,6/15/2007 00:00:00,11.4294,11.4294,11.3139,11.3139,20750
BMP,6/18/2007 00:00:00,10.7944,10.7944,10.7944,10.7944,78370
BMP,6/19/2007 00:00:00,11.3139,11.3139,11.3139,11.3139,29650
BMP,6/20/2007 00:00:00,11.4871,11.5448,11.4871,11.4871,16400
BMP,6/21/2007 00:00:00,11.1408,11.1408,11.083,11.1408,26250
BMP,6/22/2007 00:00:00,11.1408,11.1408,11.1408,11.1408,29790
BMP,6/25/2007 00:00:00,11.0253,11.0253,10.9676,10.9676,17330
BMP,6/26/2007 00:00:00,10.9676,11.3139,10.9676,11.3139,31020
BMP,6/27/2007 00:00:00,11.3139,11.3139,11.083,11.083,13970
BMP,6/28/2007 00:00:00,11.083,11.1408,11.0253,11.1408,23020
BMP,6/29/2007 00:00:00,11.2562,11.2562,11.2562,11.2562,34760
BMP,7/2/2007 00:00:00,11.2562,11.3717,11.2562,11.2562,28010
BMP,7/3/2007 00:00:00,11.1985,11.1985,10.9676,11.1985,35920
BMP,7/4/2007 00:00:00,11.3139,11.3717,11.3139,11.3139,20040
BMP,7/5/2007 00:00:00,11.3717,11.3717,11.3717,11.3717,22860
BMP,7/6/2007 00:00:00,11.083,11.083,11.083,11.083,1000
BMP,7/9/2007 00:00:00,10.9676,10.9676,10.8522,10.9676,25050
BMP,7/10/2007 00:00:00,11.2562,11.3139,11.2562,11.2562,11160
BMP,7/11/2007 00:00:00,11.2562,11.3139,11.083,11.083,11090
BMP,7/12/2007 00:00:00,11.083,11.083,11.083,11.083,2740
BMP,7/13/2007 00:00:00,11.083,11.2562,11.083,11.2562,2790
BMP,7/16/2007 00:00:00,11.2562,11.2562,11.0253,11.0253,2150
BMP,7/17/2007 00:00:00,11.0253,11.0253,11.0253,11.0253,5650
BMP,7/18/2007 00:00:00,11.1414,11.2574,11.1414,11.1414,4270
BMP,7/19/2007 00:00:00,11.1414,11.1414,11.0253,11.0253,6190
BMP,7/20/2007 00:00:00,11.0253,11.0253,10.9673,10.9673,6850
BMP,7/23/2007 00:00:00,10.9673,10.9673,10.9093,10.9093,12810
BMP,7/24/2007 00:00:00,10.9673,11.0253,10.9673,11.0253,23430
BMP,7/25/2007 00:00:00,11.0253,11.0253,10.9673,11.0253,14990
BMP,7/26/2007 00:00:00,10.9673,10.9673,10.8512,10.9093,2230
BMP,7/27/2007 00:00:00,10.5031,10.5031,10.387,10.387,24880
BMP,7/30/2007 00:00:00,10.387,10.387,9.92279,9.92279,8430
BMP,7/31/2007 00:00:00,9.92279,10.0388,9.57462,9.57462,23510
BMP,8/1/2007 00:00:00,9.63265,10.0388,9.63265,10.0388,35950
BMP,8/2/2007 00:00:00,10.329,10.387,10.1549,10.1549,9030
BMP,8/3/2007 00:00:00,10.2129,10.271,9.80674,9.80674,10580
BMP,8/6/2007 00:00:00,10.1549,10.1549,9.86476,9.86476,19310
BMP,8/7/2007 00:00:00,10.329,10.329,10.329,10.329,25190
BMP,8/8/2007 00:00:00,10.7932,10.7932,10.7932,10.7932,17020
BMP,8/9/2007 00:00:00,10.9673,10.9673,10.7932,10.9673,11820
BMP,8/10/2007 00:00:00,10.9673,10.9673,10.9093,10.9093,9740
BMP,8/13/2007 00:00:00,10.6191,10.6772,10.445,10.445,15750
BMP,8/14/2007 00:00:00,10.445,10.445,10.445,10.445,7100
BMP,8/15/2007 00:00:00,10.445,10.445,10.271,10.271,7980
BMP,8/16/2007 00:00:00,10.271,10.445,10.271,10.271,6170
BMP,8/17/2007 00:00:00,10.0969,10.271,10.0969,10.271,5140
BMP,8/20/2007 00:00:00,10.0388,10.1549,10.0388,10.0388,26950
BMP,8/21/2007 00:00:00,10.387,10.387,10.0969,10.1549,1500
BMP,8/22/2007 00:00:00,10.1549,10.1549,10.1549,10.1549,2640
BMP,8/23/2007 00:00:00,10.1549,10.2129,10.1549,10.2129,3250
BMP,8/24/2007 00:00:00,10.6772,10.6772,10.2129,10.271,32830
BMP,8/27/2007 00:00:00,10.387,10.387,10.329,10.329,3750
BMP,8/28/2007 00:00:00,10.445,10.445,10.329,10.329,5770
BMP,8/29/2007 00:00:00,10.2129,10.2129,10.2129,10.2129,2700
BMP,8/30/2007 00:00:00,10.445,10.445,10.2129,10.271,770
BMP,8/31/2007 00:00:00,10.2129,10.329,10.1549,10.1549,45540
BMP,9/4/2007 00:00:00,10.1549,10.387,10.1549,10.329,7650
BMP,9/5/2007 00:00:00,10.329,10.329,10.329,10.329,730
BMP,9/6/2007 00:00:00,10.329,10.329,10.2129,10.2129,110
BMP,9/7/2007 00:00:00,10.6772,10.6772,10.2129,10.5611,58310
BMP,9/10/2007 00:00:00,10.387,10.445,10.329,10.387,8660
BMP,9/11/2007 00:00:00,10.387,10.387,10.329,10.329,1980
BMP,9/12/2007 00:00:00,10.329,10.445,10.329,10.387,2150
BMP,9/13/2007 00:00:00,10.329,10.387,10.329,10.387,4240
BMP,9/14/2007 00:00:00,10.387,10.387,10.329,10.329,6300
BMP,9/17/2007 00:00:00,10.329,10.445,10.271,10.387,1560
BMP,9/18/2007 00:00:00,10.329,10.387,10.329,10.329,3170
BMP,9/19/2007 00:00:00,10.329,10.387,10.271,10.329,5300
BMP,9/20/2007 00:00:00,10.387,10.445,10.329,10.387,4350
BMP,9/21/2007 00:00:00,10.387,10.387,10.329,10.329,3840
BMP,9/24/2007 00:00:00,10.387,10.387,10.329,10.387,16930
BMP,9/25/2007 00:00:00,10.5611,10.7352,10.445,10.445,29390
BMP,9/26/2007 00:00:00,10.445,10.5611,10.329,10.5611,29090
BMP,9/27/2007 00:00:00,10.5611,10.5611,10.445,10.445,6490
BMP,9/28/2007 00:00:00,10.7352,10.7352,10.5611,10.6772,23470
BMP,10/1/2007 00:00:00,11.1994,11.1994,10.5611,11.0253,32970
BMP,10/2/2007 00:00:00,11.0253,11.0253,10.9673,10.9673,19550
BMP,10/3/2007 00:00:00,10.8512,10.8512,10.6191,10.7352,21000
BMP,10/4/2007 00:00:00,11.0253,11.0253,10.329,10.329,81100
BMP,10/5/2007 00:00:00,10.7932,10.7932,10.6772,10.7932,30720
BMP,10/8/2007 00:00:00,10.7932,11.0253,10.5611,10.5611,19730
BMP,10/9/2007 00:00:00,10.9093,10.9093,10.5611,10.8512,8700
BMP,10/10/2007 00:00:00,11.1994,11.1994,10.9093,10.9673,58760
BMP,10/11/2007 00:00:00,10.9673,10.9673,10.8512,10.9093,12170
BMP,10/12/2007 00:00:00,10.9093,10.9093,10.8512,10.9093,12470
BMP,10/15/2007 00:00:00,10.8512,10.8512,10.7932,10.8512,6670
BMP,10/16/2007 00:00:00,10.7932,10.8512,10.7352,10.7932,14540
BMP,10/17/2007 00:00:00,10.8512,10.8512,10.7932,10.8512,20320
BMP,10/18/2007 00:00:00,10.8512,10.8512,10.7932,10.7932,6170
BMP,10/19/2007 00:00:00,10.7932,10.7932,10.7352,10.7932,5500
BMP,10/22/2007 00:00:00,10.7352,10.7352,10.329,10.6772,11290
BMP,10/23/2007 00:00:00,10.5031,10.5611,10.5031,10.5031,10170
BMP,10/24/2007 00:00:00,10.6191,10.6191,10.6191,10.6191,11430
BMP,10/25/2007 00:00:00,10.5031,10.6191,10.5031,10.6191,23310
BMP,10/26/2007 00:00:00,10.445,10.5611,10.445,10.5611,8970
BMP,10/29/2007 00:00:00,10.0388,10.5611,10.0388,10.329,19720
BMP,10/30/2007 00:00:00,10.329,10.387,10.0969,10.0969,41070
BMP,10/31/2007 00:00:00,10.0969,10.387,10.0388,10.387,26880
BMP,11/1/2007 00:00:00,10.1549,10.271,10.0969,10.0969,33690
BMP,11/2/2007 00:00:00,10.0969,10.0969,9.86476,9.86476,75050
BMP,11/5/2007 00:00:00,10.271,10.271,10.1549,10.2129,42690
BMP,11/6/2007 00:00:00,10.445,10.445,10.329,10.387,29850
BMP,11/7/2007 00:00:00,10.5611,10.5611,10.387,10.387,38270
BMP,11/8/2007 00:00:00,10.445,10.445,10.329,10.387,49620
BMP,11/9/2007 00:00:00,10.445,10.445,10.271,10.387,36690
BMP,11/12/2007 00:00:00,10.1549,10.2129,10.1549,10.1549,3940
BMP,11/13/2007 00:00:00,10.0388,10.0388,9.98082,9.98082,5370
BMP,11/14/2007 00:00:00,9.98082,10.329,9.98082,10.0969,15640
BMP,11/15/2007 00:00:00,10.0969,10.1549,9.98082,10.0969,6900
BMP,11/16/2007 00:00:00,9.98082,9.98082,9.98082,9.98082,1360
BMP,11/19/2007 00:00:00,9.92279,10.0388,9.92279,10.0388,5760
BMP,11/20/2007 00:00:00,9.63265,10.0388,9.63265,10.0388,6550
BMP,11/21/2007 00:00:00,10.0388,10.0388,9.98082,9.98082,2070
BMP,11/22/2007 00:00:00,10.0388,10.0388,9.86476,9.92279,9470
BMP,11/23/2007 00:00:00,10.0388,10.0388,9.92279,9.92279,7600
BMP,11/26/2007 00:00:00,10.0969,10.0969,9.98082,9.98082,9690
BMP,11/27/2007 00:00:00,10.0969,10.0969,9.98082,9.98082,17370
BMP,11/28/2007 00:00:00,10.0969,10.0969,9.98082,10.0388,17310
BMP,11/29/2007 00:00:00,10.0969,10.0969,9.98082,9.98082,8100
BMP,11/30/2007 00:00:00,9.98082,10.0388,9.98082,9.98082,590
BMP,12/3/2007 00:00:00,9.92279,10.0388,9.92279,10.0388,1310
BMP,12/4/2007 00:00:00,10.0388,10.0388,10.0388,10.0388,14300
BMP,12/5/2007 00:00:00,9.74871,9.92279,9.74871,9.92279,27010
BMP,12/6/2007 00:00:00,10.0388,10.0388,9.92279,9.92279,3420
BMP,12/7/2007 00:00:00,9.86476,9.92279,9.86476,9.86476,16200
BMP,12/10/2007 00:00:00,9.86476,9.86476,9.74871,9.74871,1520
BMP,12/11/2007 00:00:00,9.80674,9.80674,9.74871,9.74871,31780
BMP,12/12/2007 00:00:00,9.5166,9.74871,9.5166,9.69068,18290
BMP,12/13/2007 00:00:00,9.80674,9.80674,9.5166,9.5166,21570
BMP,12/14/2007 00:00:00,9.5166,9.57462,9.34251,9.34251,21190
BMP,12/17/2007 00:00:00,9.74871,9.74871,9.69068,9.74871,17010
BMP,12/18/2007 00:00:00,9.40054,9.5166,9.40054,9.5166,27080
BMP,12/19/2007 00:00:00,9.74871,9.74871,9.57462,9.57462,17980
BMP,12/20/2007 00:00:00,9.92279,9.92279,9.63265,9.63265,23090
BMP,12/21/2007 00:00:00,9.69068,9.69068,9.57462,9.57462,8620
BMP,12/24/2007 00:00:00,9.45857,9.98082,9.40054,9.57462,10710
BMP,12/25/2007 00:00:00,9.5166,9.57462,9.40054,9.40054,12200
BMP,12/26/2007 00:00:00,9.28448,9.34251,9.28448,9.28448,12740
BMP,12/27/2007 00:00:00,9.57462,9.57462,9.57462,9.57462,17830
BMP,12/28/2007 00:00:00,9.57462,9.57462,9.5166,9.57462,7080
BMP,1/2/2008 00:00:00,9.86476,9.86476,9.57462,9.57462,21300
BMP,1/3/2008 00:00:00,9.74871,9.74871,9.57462,9.57462,16910
BMP,1/4/2008 00:00:00,9.57462,9.57462,9.45857,9.45857,18700
BMP,1/7/2008 00:00:00,9.28448,9.45857,9.28448,9.28448,2690
BMP,1/8/2008 00:00:00,9.5166,9.5166,9.34251,9.34251,1940
BMP,1/9/2008 00:00:00,9.34251,9.40054,9.34251,9.34251,6960
BMP,1/10/2008 00:00:00,8.87829,9.1104,8.87829,8.87829,50890
BMP,1/11/2008 00:00:00,8.99434,9.1104,8.99434,8.99434,5920
BMP,1/14/2008 00:00:00,8.82026,8.99434,8.58815,8.7042,4830
BMP,1/15/2008 00:00:00,8.35604,8.35604,8.29801,8.29801,6250
BMP,1/16/2008 00:00:00,8.29801,8.7042,8.29801,8.7042,23850
BMP,1/17/2008 00:00:00,8.82026,8.82026,8.29801,8.29801,22150
BMP,1/18/2008 00:00:00,8.47209,8.53012,8.29801,8.29801,14590
BMP,1/21/2008 00:00:00,8.53012,8.53012,8.53012,8.53012,4160
BMP,1/22/2008 00:00:00,8.12392,8.35604,8.12392,8.18195,16950
BMP,1/23/2008 00:00:00,7.89181,8.0659,7.77575,7.77575,10950
BMP,1/24/2008 00:00:00,7.54364,7.77575,7.54364,7.60167,6540
BMP,1/25/2008 00:00:00,7.54364,7.60167,7.42759,7.42759,20210
BMP,1/28/2008 00:00:00,7.42759,7.42759,7.07942,7.07942,55400
BMP,1/29/2008 00:00:00,7.07942,7.42759,7.02139,7.42759,13860
BMP,1/30/2008 00:00:00,7.77575,7.77575,7.77575,7.77575,26430
BMP,1/31/2008 00:00:00,7.77575,7.94984,7.54364,7.94984,15300
BMP,2/1/2008 00:00:00,8.0659,8.0659,7.94984,8.00787,17580
BMP,2/12/2008 00:00:00,7.83378,7.83378,7.71773,7.71773,8470
BMP,2/13/2008 00:00:00,7.42759,7.48562,7.42759,7.42759,5640
BMP,2/14/2008 00:00:00,7.42759,7.77575,7.42759,7.71773,12570
BMP,2/15/2008 00:00:00,7.71773,7.77575,7.42759,7.77575,12130
BMP,2/18/2008 00:00:00,7.42759,7.48562,7.42759,7.42759,16100
BMP,2/19/2008 00:00:00,7.19548,7.31153,7.19548,7.31153,16550
BMP,2/20/2008 00:00:00,7.07942,7.42759,7.07942,7.07942,1020
BMP,2/21/2008 00:00:00,6.73125,6.73125,6.73125,6.73125,4840
BMP,2/22/2008 00:00:00,6.44111,6.44111,6.44111,6.44111,7510
BMP,2/25/2008 00:00:00,6.44111,6.73125,6.44111,6.67322,13990
BMP,2/26/2008 00:00:00,6.90533,6.90533,6.38308,6.49914,14870
BMP,2/27/2008 00:00:00,6.49914,6.49914,6.49914,6.49914,7210
BMP,2/28/2008 00:00:00,6.44111,6.44111,6.209,6.209,5250
BMP,2/29/2008 00:00:00,6.209,6.209,5.91886,6.09294,33010
BMP,3/3/2008 00:00:00,5.8028,5.8028,5.8028,5.8028,7110
BMP,3/4/2008 00:00:00,5.51266,5.51266,5.51266,5.51266,1730
BMP,3/5/2008 00:00:00,5.25154,5.28055,5.25154,5.25154,58770
BMP,3/6/2008 00:00:00,5.51266,5.51266,5.51266,5.51266,63370
BMP,3/7/2008 00:00:00,5.77379,5.77379,5.77379,5.77379,61000
BMP,3/10/2008 00:00:00,6.03491,6.03491,5.51266,5.51266,43970
BMP,3/11/2008 00:00:00,5.25154,5.48365,5.25154,5.33858,1810
BMP,3/12/2008 00:00:00,5.10647,5.45463,5.10647,5.33858,23540
BMP,3/13/2008 00:00:00,5.39661,5.45463,5.10647,5.10647,43490
BMP,3/14/2008 00:00:00,5.22252,5.28055,5.22252,5.28055,14450
BMP,3/17/2008 00:00:00,5.01942,5.22252,5.01942,5.16449,12190
BMP,3/18/2008 00:00:00,4.93238,5.04844,4.93238,4.93238,30330
BMP,3/19/2008 00:00:00,5.16449,5.16449,4.93238,4.93238,12950
BMP,3/20/2008 00:00:00,4.81633,4.93238,4.78731,4.81633,14260
BMP,3/21/2008 00:00:00,4.64224,4.70027,4.58421,4.61323,15220
BMP,3/24/2008 00:00:00,4.41013,4.41013,4.41013,4.41013,27380
BMP,3/25/2008 00:00:00,4.20703,4.20703,4.20703,4.20703,3320
BMP,3/26/2008 00:00:00,4.00393,4.29407,4.00393,4.26506,72080
BMP,3/27/2008 00:00:00,4.23605,4.29407,4.23605,4.29407,3860
BMP,3/28/2008 00:00:00,4.29407,4.32309,4.29407,4.32309,30550
BMP,3/31/2008 00:00:00,4.3521,4.3521,4.3521,4.3521,15910
BMP,4/1/2008 00:00:00,4.38112,4.38112,4.38112,4.38112,25830
BMP,4/2/2008 00:00:00,4.41013,4.41013,4.41013,4.41013,30060
BMP,4/3/2008 00:00:00,4.43914,4.43914,4.43914,4.43914,30010
BMP,4/4/2008 00:00:00,4.46816,4.46816,4.46816,4.46816,2020
BMP,4/7/2008 00:00:00,4.5552,4.5552,4.5552,4.5552,1100
BMP,4/8/2008 00:00:00,4.64224,4.64224,4.64224,4.64224,90680
BMP,4/9/2008 00:00:00,4.64224,4.64224,4.58421,4.58421,6040
BMP,4/10/2008 00:00:00,4.58421,4.61323,4.49717,4.49717,62990
BMP,4/11/2008 00:00:00,4.41013,4.41013,4.41013,4.41013,4220
BMP,4/16/2008 00:00:00,4.49717,4.49717,4.38112,4.49717,34100
BMP,4/17/2008 00:00:00,4.41013,4.58421,4.41013,4.58421,18170
BMP,4/18/2008 00:00:00,4.64224,4.64224,4.49717,4.49717,1690
BMP,4/21/2008 00:00:00,4.41013,4.41013,4.41013,4.41013,2980
BMP,4/22/2008 00:00:00,4.32309,4.49717,4.32309,4.49717,31660
BMP,4/23/2008 00:00:00,4.41013,4.41013,4.41013,4.41013,130
BMP,4/24/2008 00:00:00,4.32309,4.32309,4.32309,4.32309,1490
BMP,4/25/2008 00:00:00,4.26506,4.26506,4.26506,4.26506,6300
BMP,4/28/2008 00:00:00,4.20703,4.23605,4.20703,4.20703,4960
BMP,4/29/2008 00:00:00,4.20703,4.20703,4.149,4.17802,2890
BMP,5/5/2008 00:00:00,4.20703,4.20703,4.11999,4.17802,1240
BMP,5/6/2008 00:00:00,4.149,4.149,4.11999,4.11999,910
BMP,5/7/2008 00:00:00,4.06196,4.06196,4.06196,4.06196,130
BMP,5/8/2008 00:00:00,4.00393,4.00393,4.00393,4.00393,110
BMP,5/9/2008 00:00:00,3.94591,3.94591,3.94591,3.94591,620
BMP,5/12/2008 00:00:00,3.88788,3.88788,3.88788,3.88788,200
BMP,5/13/2008 00:00:00,3.82985,3.82985,3.82985,3.82985,100
BMP,5/14/2008 00:00:00,3.77182,3.77182,3.77182,3.77182,100
BMP,5/15/2008 00:00:00,3.71379,3.71379,3.71379,3.71379,100
BMP,5/16/2008 00:00:00,3.65577,3.65577,3.65577,3.65577,30230
BMP,5/19/2008 00:00:00,3.59774,3.59774,3.59774,3.59774,1050
BMP,5/20/2008 00:00:00,3.53971,3.53971,3.53971,3.53971,45000
BMP,5/21/2008 00:00:00,3.48168,3.48168,3.48168,3.48168,25000
BMP,5/22/2008 00:00:00,3.48168,3.48168,3.42365,3.42365,5490
BMP,5/23/2008 00:00:00,3.42365,3.42365,3.36563,3.36563,1080
BMP,5/26/2008 00:00:00,3.36563,3.36563,3.3076,3.3076,2500
BMP,5/30/2008 00:00:00,3.24957,3.24957,3.24957,3.24957,1100
BMP,6/2/2008 00:00:00,3.19154,3.19154,3.19154,3.19154,1600
BMP,6/3/2008 00:00:00,3.13351,3.13351,3.13351,3.13351,6100
BMP,6/4/2008 00:00:00,3.07549,3.07549,3.07549,3.07549,1260
BMP,6/5/2008 00:00:00,3.01746,3.01746,3.01746,3.01746,300
BMP,6/6/2008 00:00:00,2.98844,2.98844,2.95943,2.95943,1750
BMP,6/9/2008 00:00:00,2.9014,2.9014,2.9014,2.9014,90
BMP,6/10/2008 00:00:00,2.84337,2.84337,2.84337,2.84337,360
BMP,6/11/2008 00:00:00,2.79115,2.79115,2.79115,2.79115,31650
BMP,6/12/2008 00:00:00,2.73892,2.73892,2.73892,2.73892,7710
BMP,6/13/2008 00:00:00,2.6867,2.6867,2.6867,2.6867,5470
BMP,6/16/2008 00:00:00,2.63911,2.7366,2.63911,2.7366,45100
BMP,6/17/2008 00:00:00,2.78535,2.78535,2.78535,2.78535,28190
BMP,6/18/2008 00:00:00,2.84105,2.84105,2.72964,2.72964,36250
BMP,6/19/2008 00:00:00,2.65304,2.65304,2.65304,2.65304,3380
BMP,6/20/2008 00:00:00,2.57644,2.57644,2.57644,2.57644,4460
BMP,6/23/2008 00:00:00,2.49985,2.65304,2.49985,2.49985,7920
BMP,6/24/2008 00:00:00,2.43718,2.56948,2.43718,2.56948,3590
BMP,6/25/2008 00:00:00,2.64608,2.64608,2.64608,2.64608,1740
BMP,6/26/2008 00:00:00,2.72267,2.72267,2.56948,2.56948,24910
BMP,6/27/2008 00:00:00,2.49288,2.64608,2.49288,2.64608,13020
BMP,6/30/2008 00:00:00,2.57644,2.72267,2.57644,2.72267,24270
BMP,7/1/2008 00:00:00,2.79927,2.79927,2.79927,2.79927,3740
BMP,7/2/2008 00:00:00,2.88283,2.88283,2.88283,2.88283,13220
BMP,7/3/2008 00:00:00,2.96639,2.96639,2.96639,2.96639,6220
BMP,7/4/2008 00:00:00,3.04995,3.04995,3.04995,3.04995,14140
BMP,7/7/2008 00:00:00,3.14048,3.14048,2.95943,2.95943,43150
BMP,7/8/2008 00:00:00,2.87587,3.04299,2.87587,3.04299,9720
BMP,7/9/2008 00:00:00,3.13351,3.13351,3.13351,3.13351,7860
BMP,7/10/2008 00:00:00,3.22404,3.22404,3.21707,3.22404,12950
BMP,7/11/2008 00:00:00,3.31456,3.31456,3.31456,3.31456,5620
BMP,7/14/2008 00:00:00,3.37723,3.41205,3.37723,3.41205,6780
BMP,7/15/2008 00:00:00,3.48168,3.48168,3.48168,3.48168,2550
BMP,7/16/2008 00:00:00,3.55132,3.58613,3.37723,3.58613,31840
BMP,7/17/2008 00:00:00,3.69058,3.69058,3.69058,3.69058,51330
BMP,7/18/2008 00:00:00,3.58613,3.79503,3.58613,3.58613,21570
BMP,7/21/2008 00:00:00,3.48168,3.48168,3.48168,3.48168,1090
BMP,7/22/2008 00:00:00,3.37723,3.37723,3.37723,3.37723,100
BMP,7/23/2008 00:00:00,3.37723,3.37723,3.27974,3.27974,9450
BMP,7/24/2008 00:00:00,3.18226,3.18922,3.18226,3.18226,29460
BMP,7/25/2008 00:00:00,3.09173,3.09173,3.09173,3.09173,1610
BMP,7/28/2008 00:00:00,3.00121,3.18226,3.00121,3.18226,12280
BMP,7/29/2008 00:00:00,3.27278,3.27278,3.27278,3.27278,1750
BMP,7/30/2008 00:00:00,3.37027,3.37027,3.27278,3.37027,27830
BMP,7/31/2008 00:00:00,3.46775,3.46775,3.4399,3.46775,34860
BMP,8/1/2008 00:00:00,3.55132,3.55132,3.5165,3.5165,22260
BMP,8/4/2008 00:00:00,3.41205,3.62095,3.41205,3.58613,15530
BMP,8/5/2008 00:00:00,3.48168,3.48168,3.48168,3.48168,49230
BMP,8/6/2008 00:00:00,3.48168,3.58613,3.48168,3.58613,15850
BMP,8/7/2008 00:00:00,3.69058,3.69058,3.62095,3.62095,42190
BMP,8/8/2008 00:00:00,3.62095,3.62095,3.55132,3.55132,11620
BMP,8/11/2008 00:00:00,3.65577,3.65577,3.65577,3.65577,27490
BMP,8/12/2008 00:00:00,3.76022,3.76022,3.76022,3.76022,29460
BMP,8/13/2008 00:00:00,3.86467,3.86467,3.65577,3.86467,56510
BMP,8/14/2008 00:00:00,3.96912,3.96912,3.96912,3.96912,38320
BMP,8/15/2008 00:00:00,4.07357,4.07357,4.07357,4.07357,30870
BMP,8/18/2008 00:00:00,4.24765,4.24765,4.21283,4.24765,23720
BMP,8/19/2008 00:00:00,4.07357,4.17802,4.03875,4.07357,32040
BMP,8/20/2008 00:00:00,3.89948,4.07357,3.89948,3.96912,39360
BMP,8/21/2008 00:00:00,3.86467,4.1432,3.86467,4.10838,30230
BMP,8/22/2008 00:00:00,4.28247,4.28247,4.10838,4.10838,31070
BMP,8/25/2008 00:00:00,4.17802,4.28247,4.17802,4.28247,36080
BMP,8/26/2008 00:00:00,4.49137,4.49137,4.42174,4.49137,55850
BMP,8/27/2008 00:00:00,4.70027,4.70027,4.52619,4.66545,60070
BMP,8/28/2008 00:00:00,4.66545,4.80472,4.45655,4.45655,75460
BMP,8/29/2008 00:00:00,4.24765,4.38692,4.24765,4.24765,20320
BMP,9/3/2008 00:00:00,4.45655,4.45655,4.45655,4.45655,9230
BMP,9/4/2008 00:00:00,4.66545,4.66545,4.45655,4.59582,24350
BMP,9/5/2008 00:00:00,4.38692,4.42174,4.38692,4.38692,10660
BMP,9/8/2008 00:00:00,4.17802,4.17802,4.17802,4.17802,7540
BMP,9/9/2008 00:00:00,4.38692,4.38692,4.17802,4.17802,3820
BMP,9/10/2008 00:00:00,4.17802,4.17802,4.10838,4.10838,1360
BMP,9/11/2008 00:00:00,3.9343,3.9343,3.9343,3.9343,14250
BMP,9/12/2008 00:00:00,3.76022,3.76022,3.76022,3.76022,6520
BMP,9/15/2008 00:00:00,3.58613,3.9343,3.58613,3.58613,40580
BMP,9/16/2008 00:00:00,3.41205,3.41205,3.41205,3.41205,8410
BMP,9/17/2008 00:00:00,3.24493,3.24493,3.24493,3.24493,4900
BMP,9/18/2008 00:00:00,3.08477,3.08477,3.08477,3.08477,2050
BMP,9/19/2008 00:00:00,2.93158,3.23796,2.93158,3.23796,19300
BMP,9/22/2008 00:00:00,3.39812,3.39812,3.39812,3.39812,730
BMP,9/23/2008 00:00:00,3.55132,3.55132,3.23796,3.23796,86310
BMP,9/24/2008 00:00:00,3.39812,3.39812,3.24493,3.24493,4650
BMP,9/25/2008 00:00:00,3.38419,3.40508,3.38419,3.40508,4960
BMP,9/26/2008 00:00:00,3.55132,3.55132,3.55132,3.55132,27160
BMP,9/29/2008 00:00:00,3.55132,3.55132,3.55132,3.55132,4490
BMP,9/30/2008 00:00:00,3.37723,3.37723,3.37723,3.37723,2300
BMP,10/1/2008 00:00:00,3.37723,3.48168,3.34241,3.34241,13290
BMP,10/2/2008 00:00:00,3.34241,3.37723,3.24493,3.37027,21560
BMP,10/3/2008 00:00:00,3.24493,3.37027,3.24493,3.37027,5140
BMP,10/6/2008 00:00:00,3.24493,3.25189,3.20315,3.20315,7580
BMP,10/7/2008 00:00:00,3.04299,3.04299,3.04299,3.04299,11590
BMP,10/8/2008 00:00:00,2.89676,2.89676,2.89676,2.89676,3060
BMP,10/9/2008 00:00:00,2.75749,2.85498,2.75749,2.75749,19970
BMP,10/10/2008 00:00:00,2.62519,2.62519,2.62519,2.62519,4970
BMP,10/13/2008 00:00:00,2.49985,2.49985,2.49985,2.49985,23950
BMP,10/14/2008 00:00:00,2.49985,2.61822,2.49985,2.61822,5760
BMP,10/15/2008 00:00:00,2.50681,2.74356,2.49288,2.74356,62540
BMP,10/16/2008 00:00:00,2.61126,2.74356,2.61126,2.61822,8740
BMP,10/17/2008 00:00:00,2.72964,2.72964,2.57644,2.57644,10640
BMP,10/20/2008 00:00:00,2.5277,2.53466,2.48592,2.49985,17080
BMP,10/21/2008 00:00:00,2.61822,2.61822,2.57644,2.61822,32350
BMP,10/22/2008 00:00:00,2.5277,2.61822,2.5277,2.61822,11530
BMP,10/23/2008 00:00:00,2.49985,2.50681,2.49288,2.49288,11250
BMP,10/24/2008 00:00:00,2.40236,2.41629,2.37451,2.37451,14940
BMP,10/27/2008 00:00:00,2.25613,2.26309,2.25613,2.25613,34490
BMP,10/28/2008 00:00:00,2.14472,2.14472,2.14472,2.14472,16360
BMP,10/29/2008 00:00:00,2.27702,2.36754,2.27702,2.36754,10580
BMP,10/30/2008 00:00:00,2.15864,2.36058,2.15864,2.36058,5650
BMP,10/31/2008 00:00:00,2.47199,2.47199,2.46503,2.47199,29660
BMP,11/3/2008 00:00:00,2.37451,2.43718,2.36754,2.43718,13800
BMP,11/4/2008 00:00:00,2.54859,2.55555,2.54163,2.55555,15920
BMP,11/5/2008 00:00:00,2.68089,2.68089,2.68089,2.68089,26600
BMP,11/6/2008 00:00:00,2.57644,2.8132,2.57644,2.68089,24840
BMP,11/7/2008 00:00:00,2.54859,2.56252,2.54859,2.54859,21510
BMP,11/10/2008 00:00:00,2.54859,2.63911,2.54859,2.63911,6250
BMP,11/11/2008 00:00:00,2.54859,2.54859,2.51377,2.51377,9890
BMP,11/12/2008 00:00:00,2.38843,2.38843,2.38843,2.38843,10220
BMP,11/13/2008 00:00:00,2.27702,2.36754,2.27702,2.36754,10580
BMP,11/14/2008 00:00:00,2.47896,2.47896,2.27006,2.47199,35560
BMP,11/17/2008 00:00:00,2.36058,2.36754,2.35362,2.35362,12440
BMP,11/18/2008 00:00:00,2.35362,2.35362,2.24917,2.24917,12250
BMP,11/19/2008 00:00:00,2.34665,2.34665,2.15168,2.1865,9800
BMP,11/20/2008 00:00:00,2.08205,2.09597,2.08205,2.08205,41540
BMP,11/21/2008 00:00:00,1.98456,2.08901,1.98456,2.08901,18130
BMP,11/24/2008 00:00:00,2.08901,2.1865,2.01938,2.1865,24330
BMP,11/25/2008 00:00:00,2.25613,2.25613,2.08205,2.08205,38810
BMP,11/26/2008 00:00:00,2.0028,2.18291,2.0028,2.08205,3700
BMP,11/27/2008 00:00:00,1.99559,2.05323,1.98119,1.98119,24610
BMP,11/28/2008 00:00:00,2.07484,2.07484,2.06043,2.06764,11960
BMP,12/1/2008 00:00:00,2.13968,2.13968,1.96678,2.04602,8790
BMP,12/2/2008 00:00:00,1.94516,1.95237,1.94516,1.94516,116280
BMP,12/3/2008 00:00:00,1.94516,2.03882,1.91635,2.03882,60460
BMP,12/4/2008 00:00:00,2.13248,2.13968,2.11086,2.13968,32120
BMP,12/5/2008 00:00:00,2.12527,2.12527,2.03882,2.11807,24910
BMP,12/8/2008 00:00:00,2.01721,2.08925,2.01721,2.08925,17540
BMP,12/9/2008 00:00:00,2.04602,2.16129,2.04602,2.16129,1010
BMP,12/10/2008 00:00:00,2.06043,2.08925,2.05323,2.05323,19250
BMP,12/11/2008 00:00:00,1.96678,2.12527,1.96678,2.12527,2750
BMP,12/12/2008 00:00:00,2.06764,2.19731,2.06764,2.19731,18200
BMP,12/15/2008 00:00:00,2.26215,2.26215,2.14688,2.23334,19440
BMP,12/16/2008 00:00:00,2.13248,2.19731,2.13248,2.13248,18410
BMP,12/17/2008 00:00:00,2.05323,2.06764,2.04602,2.05323,43510
BMP,12/18/2008 00:00:00,2.08925,2.08925,2.06043,2.08925,35950
BMP,12/19/2008 00:00:00,2.01721,2.16129,2.01721,2.12527,6770
BMP,12/22/2008 00:00:00,2.19731,2.19731,2.12527,2.12527,22560
BMP,12/23/2008 00:00:00,2.12527,2.12527,2.05323,2.08925,5940
BMP,12/24/2008 00:00:00,2.01721,2.14688,2.01721,2.12527,11620
BMP,12/25/2008 00:00:00,2.18291,2.18291,2.08925,2.15409,300
BMP,12/26/2008 00:00:00,2.12527,2.16129,2.12527,2.16129,2700
BMP,12/29/2008 00:00:00,2.20452,2.20452,2.16129,2.16129,2910
BMP,12/30/2008 00:00:00,2.19011,2.19731,2.18291,2.19011,13080
BMP,12/31/2008 00:00:00,2.19011,2.19011,2.16129,2.19011,9080
BMP,1/2/2009 00:00:00,2.25495,2.25495,2.19731,2.19731,4190
BMP,1/5/2009 00:00:00,2.09645,2.10366,2.09645,2.09645,20150
BMP,1/6/2009 00:00:00,2.16129,2.19731,2.08925,2.19731,5860
BMP,1/7/2009 00:00:00,2.21172,2.23334,2.21172,2.23334,29600
BMP,1/8/2009 00:00:00,2.14688,2.19011,2.14688,2.19011,11080
BMP,1/9/2009 00:00:00,2.12527,2.19011,2.12527,2.19011,7200
BMP,1/12/2009 00:00:00,2.21893,2.21893,2.18291,2.18291,9810
BMP,1/13/2009 00:00:00,2.11086,2.24054,2.11086,2.19731,1700
BMP,1/14/2009 00:00:00,2.18291,2.19011,2.11807,2.19011,9870
BMP,1/15/2009 00:00:00,2.12527,2.12527,2.12527,2.12527,120
BMP,1/16/2009 00:00:00,2.12527,2.14688,2.12527,2.13968,8420
BMP,1/19/2009 00:00:00,2.20452,2.20452,2.14688,2.15409,8500
BMP,1/20/2009 00:00:00,2.15409,2.15409,2.14688,2.14688,10600
BMP,1/21/2009 00:00:00,2.06764,2.11807,2.05323,2.05323,16060
BMP,1/22/2009 00:00:00,2.05323,2.14688,2.05323,2.14688,8600
BMP,1/23/2009 00:00:00,2.14688,2.19011,2.14688,2.15409,7000
BMP,2/2/2009 00:00:00,2.06043,2.15409,2.06043,2.15409,7820
BMP,2/3/2009 00:00:00,2.05323,2.06043,2.05323,2.05323,11430
BMP,2/4/2009 00:00:00,2.06043,2.06764,1.98839,2.06043,13000
BMP,2/5/2009 00:00:00,2.06764,2.08925,1.95957,1.95957,7960
BMP,2/6/2009 00:00:00,1.94516,1.95957,1.94516,1.95957,6820
BMP,2/9/2009 00:00:00,2.04602,2.05323,1.97398,2.05323,14160
BMP,2/10/2009 00:00:00,2.04602,2.04602,1.96678,2.01721,21500
BMP,2/11/2009 00:00:00,1.95237,2.01721,1.95237,1.97398,14410
BMP,2/12/2009 00:00:00,1.97398,2.01,1.97398,1.98839,9100
BMP,2/13/2009 00:00:00,1.98839,1.98839,1.94516,1.95237,17420
BMP,2/16/2009 00:00:00,1.91635,1.91635,1.90914,1.90914,10790
BMP,2/17/2009 00:00:00,1.95957,1.95957,1.8371,1.8371,7130
BMP,2/18/2009 00:00:00,1.75065,1.80108,1.75065,1.75065,28200
BMP,2/19/2009 00:00:00,1.70022,1.75065,1.6786,1.6786,8240
BMP,2/20/2009 00:00:00,1.6786,1.6786,1.64979,1.65699,9600
BMP,2/23/2009 00:00:00,1.64258,1.64258,1.57774,1.57774,29330
BMP,2/24/2009 00:00:00,1.51291,1.64258,1.51291,1.58495,16990
BMP,2/25/2009 00:00:00,1.58495,1.6642,1.58495,1.59215,37620
BMP,2/26/2009 00:00:00,1.64258,1.64258,1.56334,1.57054,18680
BMP,2/27/2009 00:00:00,1.54172,1.58495,1.54172,1.57774,12380
BMP,3/2/2009 00:00:00,1.58495,1.59215,1.57054,1.58495,30300
BMP,3/3/2009 00:00:00,1.51291,1.57774,1.51291,1.52011,30100
BMP,3/4/2009 00:00:00,1.57774,1.59215,1.57774,1.59215,17510
BMP,3/5/2009 00:00:00,1.6714,1.6714,1.65699,1.6714,36590
BMP,3/6/2009 00:00:00,1.62097,1.71463,1.62097,1.69301,6260
BMP,3/9/2009 00:00:00,1.64979,1.6642,1.64258,1.6642,10350
BMP,3/10/2009 00:00:00,1.72183,1.72183,1.6714,1.69301,12010
BMP,3/11/2009 00:00:00,1.76506,1.76506,1.72903,1.72903,48700
BMP,3/12/2009 00:00:00,1.77946,1.77946,1.71463,1.72903,33050
BMP,3/13/2009 00:00:00,1.72903,1.74344,1.72183,1.72183,53660
BMP,3/16/2009 00:00:00,1.75065,1.80108,1.75065,1.80108,32870
BMP,3/17/2009 00:00:00,1.88753,1.88753,1.87312,1.88753,75640
BMP,3/18/2009 00:00:00,1.98119,1.98119,1.96678,1.98119,47760
BMP,3/19/2009 00:00:00,2.05323,2.05323,1.93076,1.93076,64710
BMP,3/20/2009 00:00:00,1.85871,1.93076,1.85871,1.88753,22420
BMP,3/23/2009 00:00:00,1.88753,1.88753,1.80108,1.88753,37400
BMP,3/24/2009 00:00:00,1.98119,1.98119,1.97398,1.98119,47060
BMP,3/25/2009 00:00:00,1.94516,2.03162,1.94516,2.03162,41360
BMP,3/26/2009 00:00:00,2.05323,2.06043,2.01721,2.05323,38630
BMP,3/27/2009 00:00:00,2.08925,2.10366,2.01721,2.07484,39700
BMP,3/30/2009 00:00:00,1.98839,2.05323,1.98119,1.98119,21730
BMP,3/31/2009 00:00:00,2.01721,2.01721,1.98839,2.0028,23760
BMP,4/1/2009 00:00:00,2.08925,2.08925,2.06764,2.08925,18990
BMP,4/2/2009 00:00:00,2.14688,2.16129,2.08925,2.16129,39670
BMP,4/3/2009 00:00:00,2.26936,2.26936,2.26936,2.26936,41820
BMP,4/7/2009 00:00:00,2.37742,2.37742,2.21172,2.37742,59280
BMP,4/8/2009 00:00:00,2.45172,2.49629,2.37742,2.37742,72220
BMP,4/9/2009 00:00:00,2.44429,2.44429,2.30313,2.37742,18290
BMP,4/10/2009 00:00:00,2.49629,2.49629,2.49629,2.49629,29480
BMP,4/13/2009 00:00:00,2.61516,2.61516,2.61516,2.61516,5280
BMP,4/14/2009 00:00:00,2.74146,2.74146,2.71175,2.74146,52670
BMP,4/15/2009 00:00:00,2.86777,2.8752,2.74889,2.82319,96220
BMP,4/16/2009 00:00:00,2.94949,2.94949,2.8752,2.94206,58610
BMP,4/17/2009 00:00:00,3.03121,3.03121,2.8009,2.82319,60040
BMP,4/20/2009 00:00:00,2.68203,2.74889,2.68203,2.68203,71160
BMP,4/21/2009 00:00:00,2.5483,2.6746,2.5483,2.65231,73760
BMP,4/22/2009 00:00:00,2.77861,2.77861,2.77861,2.77861,34970
BMP,4/23/2009 00:00:00,2.89005,2.89005,2.77861,2.80833,54380
BMP,4/24/2009 00:00:00,2.79347,2.80833,2.74889,2.74889,62790
BMP,4/27/2009 00:00:00,2.84548,2.84548,2.74889,2.78604,18290
BMP,4/28/2009 00:00:00,2.78604,2.83062,2.78604,2.78604,33450
BMP,4/29/2009 00:00:00,2.91977,2.91977,2.91977,2.91977,40140
BMP,5/4/2009 00:00:00,3.06093,3.06093,3.06093,3.06093,32680
BMP,5/5/2009 00:00:00,3.20952,3.20952,3.20952,3.20952,5370
BMP,5/6/2009 00:00:00,3.36554,3.36554,3.36554,3.36554,34020
BMP,5/7/2009 00:00:00,3.52899,3.69986,3.52899,3.69986,12520
BMP,5/8/2009 00:00:00,3.685,3.69986,3.685,3.69986,179420
BMP,5/11/2009 00:00:00,3.86331,3.86331,3.78902,3.86331,139250
BMP,5/12/2009 00:00:00,3.86331,4.04905,3.86331,4.04905,128940
BMP,5/13/2009 00:00:00,4.19764,4.23478,3.97475,3.97475,148730
BMP,5/14/2009 00:00:00,3.97475,4.04905,3.97475,3.97475,137820
BMP,5/15/2009 00:00:00,4.0119,4.16049,4.0119,4.16049,66560
BMP,5/18/2009 00:00:00,4.0119,4.12334,3.97475,3.97475,98230
BMP,5/19/2009 00:00:00,4.08619,4.08619,3.78902,3.93761,77540
BMP,5/20/2009 00:00:00,3.86331,3.97475,3.86331,3.86331,79520
BMP,5/21/2009 00:00:00,3.90046,4.04905,3.90046,4.04905,143750
BMP,5/22/2009 00:00:00,3.90046,4.04905,3.86331,3.97475,23100
BMP,5/25/2009 00:00:00,4.12334,4.16049,4.12334,4.16049,112430
BMP,5/26/2009 00:00:00,4.19764,4.23478,4.16049,4.19764,82500
BMP,5/27/2009 00:00:00,4.23478,4.23478,4.12334,4.16049,39730
BMP,5/28/2009 00:00:00,4.0119,4.08619,4.0119,4.0119,29550
BMP,5/29/2009 00:00:00,4.08619,4.08619,3.97475,4.0119,59440
BMP,6/1/2009 00:00:00,4.12334,4.19764,4.12334,4.19764,99920
BMP,6/2/2009 00:00:00,4.38337,4.38337,4.38337,4.38337,51970
BMP,6/3/2009 00:00:00,4.56911,4.56911,4.56911,4.56911,66910
BMP,6/4/2009 00:00:00,4.79199,4.79199,4.79199,4.79199,16420
BMP,6/5/2009 00:00:00,5.01487,5.01487,5.01487,5.01487,6980
BMP,6/8/2009 00:00:00,5.23776,5.23776,5.23776,5.23776,8280
BMP,6/9/2009 00:00:00,5.42349,5.42349,5.23776,5.23776,251940
BMP,6/10/2009 00:00:00,5.01487,5.05202,4.97773,4.97773,121560
BMP,6/11/2009 00:00:00,4.97773,5.16346,4.97773,5.05202,95190
BMP,6/12/2009 00:00:00,5.20061,5.20061,5.05202,5.20061,141360
BMP,6/15/2009 00:00:00,5.01487,5.12632,4.94058,4.94058,50250
BMP,6/16/2009 00:00:00,4.75484,4.75484,4.7177,4.7177,91680
BMP,6/17/2009 00:00:00,4.94058,4.94058,4.94058,4.94058,66340
BMP,6/18/2009 00:00:00,5.16346,5.16346,5.16346,5.16346,66750
BMP,6/19/2009 00:00:00,5.3492,5.3492,4.97773,5.20061,63710
BMP,6/22/2009 00:00:00,4.97773,5.01487,4.94058,5.01487,45330
BMP,6/23/2009 00:00:00,4.79199,4.97773,4.79199,4.79199,173770
BMP,6/24/2009 00:00:00,5.01487,5.01487,5.01487,5.01487,52600
BMP,6/25/2009 00:00:00,4.82914,5.01487,4.82914,4.86629,58360
BMP,6/26/2009 00:00:00,4.90343,5.01487,4.82914,5.01487,85770
BMP,6/29/2009 00:00:00,4.86629,5.01487,4.86629,5.01487,28020
BMP,6/30/2009 00:00:00,5.05202,5.05202,4.79199,4.79199,106730
BMP,7/1/2009 00:00:00,4.79199,4.79199,4.56911,4.79199,155540
BMP,7/2/2009 00:00:00,4.94058,5.01487,4.79199,4.97773,52420
BMP,7/3/2009 00:00:00,4.90343,5.12632,4.90343,5.01487,68880
BMP,7/6/2009 00:00:00,5.20061,5.23776,5.16346,5.23776,97070
BMP,7/7/2009 00:00:00,5.42349,5.42349,5.23776,5.23776,90550
BMP,7/8/2009 00:00:00,5.16346,5.27491,5.16346,5.23776,31210
BMP,7/9/2009 00:00:00,5.27491,5.31205,5.20061,5.20061,43250
BMP,7/10/2009 00:00:00,5.31449,5.31449,5.16265,5.16265,54120
BMP,7/13/2009 00:00:00,5.08673,5.16265,5.08673,5.12469,32350
BMP,7/14/2009 00:00:00,5.12469,5.31449,5.08673,5.16265,41610
BMP,7/15/2009 00:00:00,5.16265,5.31449,5.16265,5.20061,10770
BMP,7/16/2009 00:00:00,5.42837,5.42837,5.31449,5.39041,54510
BMP,7/17/2009 00:00:00,5.42837,5.42837,5.27653,5.27653,57180
BMP,7/20/2009 00:00:00,5.20061,5.35245,5.20061,5.31449,42080
BMP,7/21/2009 00:00:00,5.5043,5.58022,5.42837,5.58022,104410
BMP,7/22/2009 00:00:00,5.77002,5.77002,5.65614,5.65614,73880
BMP,7/23/2009 00:00:00,5.54226,5.6941,5.42837,5.6941,55330
BMP,7/24/2009 00:00:00,5.92186,5.95982,5.92186,5.95982,180030
BMP,7/27/2009 00:00:00,6.22555,6.22555,6.11167,6.22555,154640
BMP,7/28/2009 00:00:00,6.22555,6.22555,6.03575,6.07371,75310
BMP,7/29/2009 00:00:00,5.99779,6.14963,5.99779,6.07371,90530
BMP,7/30/2009 00:00:00,6.11167,6.11167,5.92186,6.11167,119150
BMP,7/31/2009 00:00:00,6.18759,6.26351,6.11167,6.14963,60210
BMP,8/3/2009 00:00:00,6.07371,6.14963,6.03575,6.07371,20950
BMP,8/4/2009 00:00:00,6.14963,6.18759,6.07371,6.18759,67620
BMP,8/5/2009 00:00:00,6.18759,6.37739,6.18759,6.33943,120850
BMP,8/6/2009 00:00:00,6.64312,6.64312,6.37739,6.64312,186510
BMP,8/7/2009 00:00:00,6.52923,6.64312,6.45331,6.60516,63330
BMP,8/10/2009 00:00:00,6.60516,6.71904,6.52923,6.60516,41160
BMP,8/11/2009 00:00:00,6.71904,6.83292,6.68108,6.83292,41380
BMP,8/12/2009 00:00:00,6.83292,7.17457,6.83292,7.17457,67270
BMP,8/13/2009 00:00:00,7.28845,7.28845,7.17457,7.21253,53730
BMP,8/14/2009 00:00:00,7.21253,7.21253,6.98476,7.21253,132250
BMP,8/17/2009 00:00:00,7.17457,7.21253,7.1366,7.21253,56750
BMP,8/18/2009 00:00:00,7.09864,7.09864,6.98476,6.98476,84770
BMP,8/19/2009 00:00:00,7.06068,7.09864,6.98476,7.02272,50890
BMP,8/20/2009 00:00:00,7.06068,7.06068,7.02272,7.02272,47430
BMP,8/21/2009 00:00:00,7.02272,7.1366,6.98476,7.02272,34010
BMP,8/24/2009 00:00:00,7.02272,7.06068,6.98476,7.02272,54390
BMP,8/25/2009 00:00:00,7.09864,7.25049,7.06068,7.06068,65430
BMP,8/26/2009 00:00:00,7.17457,7.17457,6.98476,6.98476,17470
BMP,8/27/2009 00:00:00,6.83292,6.90884,6.757,6.83292,44460
BMP,8/28/2009 00:00:00,6.90884,6.90884,6.83292,6.83292,21570
BMP,8/31/2009 00:00:00,7.09864,7.09864,6.90884,7.06068,61200
BMP,9/1/2009 00:00:00,7.06068,7.06068,6.83292,6.90884,27150
BMP,9/3/2009 00:00:00,6.757,6.90884,6.757,6.757,51700
BMP,9/4/2009 00:00:00,6.83292,6.83292,6.52923,6.52923,24100
BMP,9/7/2009 00:00:00,6.37739,6.52923,6.33943,6.52923,35510
BMP,9/8/2009 00:00:00,6.83292,6.83292,6.83292,6.83292,103520
BMP,9/9/2009 00:00:00,7.1366,7.1366,6.90884,7.1366,108650
BMP,9/10/2009 00:00:00,7.17457,7.21253,7.06068,7.09864,18860
BMP,9/11/2009 00:00:00,7.17457,7.17457,7.06068,7.17457,83340
BMP,9/14/2009 00:00:00,7.25049,7.51621,7.25049,7.51621,144670
BMP,9/15/2009 00:00:00,7.8199,7.8199,7.8199,7.8199,213480
BMP,9/16/2009 00:00:00,8.1995,8.1995,8.12358,8.1995,184510
BMP,9/17/2009 00:00:00,8.50319,8.50319,7.97174,8.50319,177740
BMP,9/18/2009 00:00:00,8.50319,8.8828,8.42727,8.8828,169640
BMP,9/21/2009 00:00:00,8.8828,9.11056,8.8828,9.03464,105090
BMP,9/22/2009 00:00:00,9.03464,9.03464,8.73095,8.8828,88540
BMP,9/23/2009 00:00:00,8.8828,8.8828,8.50319,8.50319,149070
BMP,9/24/2009 00:00:00,8.27542,8.50319,8.12358,8.1995,124380
BMP,9/25/2009 00:00:00,7.97174,8.50319,7.97174,8.1995,103090
BMP,9/28/2009 00:00:00,8.27542,8.35135,7.97174,7.97174,70080
BMP,9/29/2009 00:00:00,7.97174,8.35135,7.97174,8.35135,101400
BMP,9/30/2009 00:00:00,8.27542,8.65503,8.27542,8.65503,171520
BMP,10/1/2009 00:00:00,8.50319,8.65503,8.27542,8.27542,106490
BMP,10/2/2009 00:00:00,7.89582,8.04766,7.89582,7.97174,173620
BMP,10/5/2009 00:00:00,8.12358,8.12358,7.8199,7.97174,48670
BMP,10/6/2009 00:00:00,8.12358,8.12358,7.89582,7.89582,29090
BMP,10/7/2009 00:00:00,8.12358,8.27542,8.04766,8.27542,108710
BMP,10/8/2009 00:00:00,8.42727,8.50319,8.27542,8.50319,61540
BMP,10/9/2009 00:00:00,8.80687,8.8828,8.80687,8.8828,90640
BMP,10/12/2009 00:00:00,9.11056,9.2624,8.8828,9.2624,156220
BMP,10/13/2009 00:00:00,9.41424,9.71793,9.2624,9.56609,225600
BMP,10/14/2009 00:00:00,9.49017,9.79385,9.49017,9.71793,117400
BMP,10/15/2009 00:00:00,10.0975,10.0975,9.49017,9.49017,97640
BMP,10/16/2009 00:00:00,9.41424,9.49017,9.11056,9.11056,67370
BMP,10/19/2009 00:00:00,9.03464,9.2624,9.03464,9.2624,85640
BMP,10/20/2009 00:00:00,9.56609,9.64201,9.33832,9.64201,103700
BMP,10/21/2009 00:00:00,9.2624,9.71793,9.2624,9.56609,89110
BMP,10/22/2009 00:00:00,10.0216,10.0216,10.0216,10.0216,87260
BMP,10/23/2009 00:00:00,10.4771,10.4771,10.3253,10.4771,286120
BMP,10/26/2009 00:00:00,10.9327,10.9327,10.5531,10.5531,155620
BMP,10/27/2009 00:00:00,10.8567,11.0086,10.5531,11.0086,325440
BMP,10/28/2009 00:00:00,11.54,11.54,11.3882,11.3882,130210
BMP,10/29/2009 00:00:00,11.3882,11.3882,11.0086,11.3882,90900
BMP,10/30/2009 00:00:00,11.3882,11.54,10.9327,11.0845,65030
BMP,11/2/2009 00:00:00,10.7049,10.7049,10.5531,10.5531,42000
BMP,11/3/2009 00:00:00,10.3253,10.3253,10.0975,10.0975,56320
BMP,11/4/2009 00:00:00,9.64201,10.0975,9.64201,9.71793,157910
BMP,11/5/2009 00:00:00,10.1735,10.1735,9.71793,10.0975,70790
BMP,11/6/2009 00:00:00,10.4771,10.4771,10.0975,10.0975,50370
BMP,11/9/2009 00:00:00,9.64201,9.86977,9.64201,9.64201,67360
BMP,11/10/2009 00:00:00,9.64201,9.64201,9.33832,9.33832,92900
BMP,11/11/2009 00:00:00,9.71793,9.79385,9.56609,9.79385,55250
BMP,11/12/2009 00:00:00,10.1735,10.2494,10.0216,10.1735,42230
BMP,11/13/2009 00:00:00,9.79385,10.4771,9.79385,10.4012,52530
BMP,11/16/2009 00:00:00,10.3253,10.4012,10.2494,10.2494,42220
BMP,11/17/2009 00:00:00,10.2494,10.3253,9.86977,10.0975,23920
BMP,11/18/2009 00:00:00,10.1735,10.4012,10.0975,10.4012,42670
BMP,11/19/2009 00:00:00,10.4012,10.4012,10.1735,10.2494,39250
BMP,11/20/2009 00:00:00,10.2494,10.3253,10.0975,10.0975,35080
BMP,11/23/2009 00:00:00,9.86977,9.86977,9.71793,9.71793,59010
BMP,11/24/2009 00:00:00,9.71793,9.94569,9.49017,9.94569,87780
BMP,11/25/2009 00:00:00,9.79385,9.86977,9.49017,9.49017,69430
BMP,11/26/2009 00:00:00,9.03464,9.11056,9.03464,9.03464,105480
BMP,11/27/2009 00:00:00,8.65503,9.41424,8.65503,9.11056,87150
BMP,11/30/2009 00:00:00,8.73095,9.11056,8.73095,9.11056,58040
BMP,12/1/2009 00:00:00,9.41424,9.49017,9.18648,9.49017,13530
BMP,12/2/2009 00:00:00,9.2624,9.86977,9.03464,9.03464,163010
BMP,12/3/2009 00:00:00,8.80687,9.2624,8.80687,9.03464,48540
BMP,12/4/2009 00:00:00,9.2624,9.2624,8.73095,8.8828,66350
BMP,12/7/2009 00:00:00,8.8828,8.8828,8.73095,8.80687,58000
BMP,12/8/2009 00:00:00,8.73095,8.80687,8.42727,8.50319,53360
BMP,12/9/2009 00:00:00,8.12358,8.27542,8.12358,8.12358,176880
BMP,12/10/2009 00:00:00,8.35135,8.35135,7.74398,8.04766,101510
BMP,12/11/2009 00:00:00,7.89582,8.12358,7.74398,7.8199,32940
BMP,12/14/2009 00:00:00,7.97174,8.1995,7.97174,8.1995,60300
BMP,12/15/2009 00:00:00,8.50319,8.50319,8.1995,8.1995,61070
BMP,12/16/2009 00:00:00,8.1995,8.1995,7.89582,7.89582,48930
BMP,12/17/2009 00:00:00,7.97174,7.97174,7.51621,7.66805,78180
BMP,12/18/2009 00:00:00,7.89582,8.04766,7.89582,8.04766,51090
BMP,12/21/2009 00:00:00,8.42727,8.42727,8.27542,8.42727,76120
BMP,12/22/2009 00:00:00,8.50319,8.65503,8.42727,8.57911,58320
BMP,12/23/2009 00:00:00,8.42727,8.57911,8.35135,8.50319,50050
BMP,12/24/2009 00:00:00,8.50319,8.50319,8.1995,8.35135,73780
BMP,12/25/2009 00:00:00,8.65503,8.73095,8.57911,8.73095,153430
BMP,12/28/2009 00:00:00,9.11056,9.11056,9.11056,9.11056,14450
BMP,12/29/2009 00:00:00,9.56609,9.56609,9.56609,9.56609,212220
BMP,12/30/2009 00:00:00,9.94569,9.94569,9.56609,9.56609,194170
BMP,12/31/2009 00:00:00,9.71793,10.0216,9.64201,9.94569,245410
BMP,1/4/2010 00:00:00,10.1735,10.4012,10.0216,10.4012,77010
BMP,1/5/2010 00:00:00,10.8567,10.8567,10.629,10.7808,124940
BMP,1/6/2010 00:00:00,10.7808,11.0845,10.7808,10.8567,174350
BMP,1/7/2010 00:00:00,10.629,10.7808,10.4771,10.4771,106290
BMP,1/8/2010 00:00:00,10.4771,10.629,10.0216,10.0216,191480
BMP,1/11/2010 00:00:00,10.0216,10.0975,9.86977,9.86977,87920
BMP,1/12/2010 00:00:00,9.86977,9.86977,9.56609,9.56609,98890
BMP,1/13/2010 00:00:00,9.2624,9.56609,9.2624,9.49017,111200
BMP,1/14/2010 00:00:00,9.94569,9.94569,9.79385,9.94569,48100
BMP,1/15/2010 00:00:00,10.1735,10.1735,9.86977,9.94569,37050
BMP,1/18/2010 00:00:00,10.0975,10.0975,9.56609,9.56609,22120
BMP,1/19/2010 00:00:00,9.56609,9.86977,9.56609,9.86977,48720
BMP,1/20/2010 00:00:00,10.0216,10.0975,9.56609,9.56609,28130
BMP,1/21/2010 00:00:00,9.56609,9.71793,9.18648,9.71793,80370
BMP,1/22/2010 00:00:00,9.71793,9.86977,9.41424,9.41424,80040
BMP,1/25/2010 00:00:00,9.33832,9.41424,9.33832,9.41424,24790
BMP,1/26/2010 00:00:00,9.41424,9.86977,9.41424,9.86977,101390
BMP,1/27/2010 00:00:00,10.0216,10.0216,9.49017,9.49017,29120
BMP,1/28/2010 00:00:00,9.49017,9.56609,9.18648,9.18648,26210
BMP,1/29/2010 00:00:00,9.18648,9.33832,9.18648,9.18648,30490
BMP,2/1/2010 00:00:00,9.18648,9.64201,9.11056,9.64201,26270
BMP,2/2/2010 00:00:00,9.79385,10.0975,9.71793,9.94569,148960
BMP,2/3/2010 00:00:00,10.1735,10.1735,9.94569,10.0975,43420
BMP,2/4/2010 00:00:00,10.0975,10.1735,10.0975,10.1735,46430
BMP,2/5/2010 00:00:00,9.79385,10.0216,9.71793,9.86977,66230
BMP,2/8/2010 00:00:00,10.0216,10.0216,9.56609,9.56609,24430
BMP,2/9/2010 00:00:00,9.49017,9.56609,9.41424,9.41424,32270
BMP,2/10/2010 00:00:00,9.41424,9.86977,9.41424,9.79385,48230
BMP,2/11/2010 00:00:00,9.86977,9.86977,9.86977,9.86977,19350
BMP,2/12/2010 00:00:00,9.94569,10.1735,9.94569,10.0975,16780
BMP,2/22/2010 00:00:00,10.2494,10.2494,10.0975,10.0975,14350
BMP,2/23/2010 00:00:00,10.0216,10.0216,9.71793,9.71793,8280
BMP,2/24/2010 00:00:00,9.56609,9.71793,9.56609,9.71793,8250
BMP,2/25/2010 00:00:00,9.64201,9.79385,9.64201,9.71793,74340
BMP,2/26/2010 00:00:00,9.71793,9.71793,9.41424,9.56609,62940
BMP,3/1/2010 00:00:00,9.41424,9.56609,9.41424,9.49017,64710
BMP,3/2/2010 00:00:00,9.49017,9.56609,9.33832,9.41424,59580
BMP,3/3/2010 00:00:00,9.49017,9.56609,9.41424,9.49017,56400
BMP,3/4/2010 00:00:00,9.56609,9.71793,9.49017,9.49017,85550
BMP,3/5/2010 00:00:00,9.56609,9.56609,9.49017,9.56609,76970
BMP,3/8/2010 00:00:00,9.64201,9.86977,9.56609,9.86977,191410
BMP,3/9/2010 00:00:00,9.86977,10.0216,9.79385,10.0216,112370
BMP,3/10/2010 00:00:00,10.0216,10.0216,9.86977,9.86977,64750
BMP,3/11/2010 00:00:00,9.79385,9.94569,9.71793,9.79385,83110
BMP,3/12/2010 00:00:00,9.79385,10.2494,9.79385,10.2494,343390
BMP,3/15/2010 00:00:00,10.4771,10.4771,10.0975,10.2494,202230
BMP,3/16/2010 00:00:00,10.0216,10.1735,9.79385,9.79385,96870
BMP,3/17/2010 00:00:00,9.86977,9.86977,9.64201,9.64201,68840
BMP,3/18/2010 00:00:00,9.71793,9.79385,9.56609,9.79385,44740
BMP,3/19/2010 00:00:00,9.71793,9.71793,9.64201,9.64201,88530
BMP,3/22/2010 00:00:00,9.64201,9.71793,9.33832,9.41424,62980
BMP,3/23/2010 00:00:00,9.33832,9.49017,9.2624,9.33832,122270
BMP,3/24/2010 00:00:00,9.49017,9.49017,9.33832,9.41424,94470
BMP,3/25/2010 00:00:00,9.33832,9.33832,9.11056,9.11056,119860
BMP,3/26/2010 00:00:00,9.11056,9.18648,9.03464,9.11056,70030
BMP,3/29/2010 00:00:00,9.2624,9.2624,8.95872,9.11056,27680
BMP,3/30/2010 00:00:00,8.95872,9.11056,8.95872,8.95872,60580
BMP,3/31/2010 00:00:00,8.95872,9.11056,8.95872,8.95872,52450
BMP,4/1/2010 00:00:00,8.95872,9.11056,8.8828,9.11056,51410
BMP,4/2/2010 00:00:00,9.03464,9.18648,8.95872,9.03464,24900
BMP,4/5/2010 00:00:00,9.11056,9.11056,8.8828,8.8828,85480
BMP,4/6/2010 00:00:00,8.8828,9.11056,8.8828,9.03464,83410
BMP,4/7/2010 00:00:00,9.11056,9.11056,8.95872,8.95872,79030
BMP,4/8/2010 00:00:00,8.95872,9.18648,8.95872,9.03464,59580
BMP,4/9/2010 00:00:00,9.11056,9.18648,9.03464,9.18648,59930
BMP,4/12/2010 00:00:00,9.18648,9.18648,9.18648,9.18648,99840
BMP,4/13/2010 00:00:00,9.18648,9.18648,9.11056,9.11056,64720
BMP,4/14/2010 00:00:00,9.11056,9.18648,9.11056,9.11056,119100
BMP,4/15/2010 00:00:00,9.18648,9.18648,8.95872,9.11056,140500
BMP,4/16/2010 00:00:00,9.18648,9.18648,8.8828,8.8828,142890
BMP,4/19/2010 00:00:00,8.80687,8.95872,8.80687,8.80687,70540
BMP,4/20/2010 00:00:00,8.80687,8.80687,8.50319,8.65503,190010
BMP,4/21/2010 00:00:00,8.73095,8.73095,8.50319,8.50319,86640
BMP,4/22/2010 00:00:00,8.50319,8.8828,8.50319,8.8828,98790
BMP,4/26/2010 00:00:00,8.8828,8.8828,8.65503,8.73095,140200
BMP,4/27/2010 00:00:00,8.65503,8.80687,8.65503,8.80687,49030
BMP,4/28/2010 00:00:00,8.80687,8.80687,8.65503,8.65503,141580
BMP,4/29/2010 00:00:00,8.65503,8.73095,8.65503,8.73095,91920
BMP,5/4/2010 00:00:00,8.80687,8.80687,8.65503,8.80687,88700
BMP,5/5/2010 00:00:00,8.73095,8.8828,8.73095,8.80687,135580
BMP,5/6/2010 00:00:00,8.65503,8.80687,8.65503,8.73095,85570
BMP,5/7/2010 00:00:00,8.57911,8.65503,8.42727,8.50319,60800
BMP,5/10/2010 00:00:00,8.50319,8.50319,8.27542,8.42727,74730
BMP,5/11/2010 00:00:00,8.65503,8.65503,8.42727,8.57911,108720
BMP,5/12/2010 00:00:00,8.42727,8.50319,8.35135,8.35135,31540
BMP,5/13/2010 00:00:00,8.35135,8.42727,8.27542,8.27542,43510
BMP,5/14/2010 00:00:00,8.27542,8.27542,8.12358,8.1995,90470
BMP,5/17/2010 00:00:00,8.35135,8.35135,7.89582,7.97174,68680
BMP,5/18/2010 00:00:00,7.8199,7.97174,7.74398,7.8199,131270
BMP,5/19/2010 00:00:00,7.66805,7.66805,7.59213,7.59213,155780
BMP,5/20/2010 00:00:00,7.56176,7.97174,7.56176,7.97174,138660
BMP,5/21/2010 00:00:00,7.59213,8.04766,7.59213,7.74398,141610
BMP,5/24/2010 00:00:00,7.74398,7.97174,7.74398,7.8199,37580
BMP,5/25/2010 00:00:00,7.89582,7.89582,7.8199,7.8199,68800
BMP,5/26/2010 00:00:00,7.8199,7.89582,7.8199,7.89582,95080
BMP,5/27/2010 00:00:00,7.89582,8.12358,7.8199,8.12358,70000
BMP,5/28/2010 00:00:00,8.50319,8.50319,8.35135,8.50319,70060
BMP,5/31/2010 00:00:00,8.35135,8.42727,8.27542,8.35135,32020
BMP,6/1/2010 00:00:00,8.1995,8.27542,8.12358,8.1995,46560
BMP,6/2/2010 00:00:00,8.1995,8.27542,8.1995,8.27542,39690
BMP,6/3/2010 00:00:00,8.50319,8.50319,8.35135,8.35135,40880
BMP,6/4/2010 00:00:00,8.1995,8.42727,8.1995,8.35135,91560
BMP,6/7/2010 00:00:00,7.97174,8.04766,7.97174,7.97174,164170
BMP,6/8/2010 00:00:00,7.8199,7.89582,7.8199,7.89582,21010
BMP,6/9/2010 00:00:00,7.97174,7.97174,7.8199,7.8199,11480
BMP,6/10/2010 00:00:00,7.74398,7.8199,7.66805,7.74398,50200
BMP,6/11/2010 00:00:00,7.89582,7.89582,7.8199,7.8199,33030
BMP,6/14/2010 00:00:00,7.8199,7.89582,7.8199,7.8199,23430
BMP,6/15/2010 00:00:00,7.74398,7.8199,7.74398,7.8199,21400
BMP,6/16/2010 00:00:00,7.89582,7.89582,7.8199,7.8199,44030
BMP,6/17/2010 00:00:00,7.8199,7.97174,7.8199,7.89582,37300
BMP,6/18/2010 00:00:00,7.97174,7.97174,7.97174,7.97174,43400
BMP,6/21/2010 00:00:00,7.89582,7.97174,7.89582,7.89582,32370
BMP,6/22/2010 00:00:00,7.89582,8.04766,7.89582,7.97174,65620
BMP,6/23/2010 00:00:00,7.89582,7.97174,7.89582,7.97174,28440
BMP,6/24/2010 00:00:00,7.97174,8.04766,7.97174,8.04766,28050
BMP,6/25/2010 00:00:00,7.89582,7.97174,7.89582,7.89582,14240
BMP,6/28/2010 00:00:00,7.8199,7.97174,7.8199,7.89582,34360
BMP,6/29/2010 00:00:00,7.89582,8.04766,7.89582,7.89582,64960
BMP,6/30/2010 00:00:00,7.66805,7.97174,7.66805,7.89582,91210
BMP,7/1/2010 00:00:00,7.89582,7.97174,7.89582,7.89582,41410
BMP,7/2/2010 00:00:00,7.89582,7.97174,7.89582,7.89582,196430
BMP,7/5/2010 00:00:00,7.89582,7.89582,7.59213,7.59213,177820
BMP,7/6/2010 00:00:00,7.66805,7.89582,7.66805,7.8199,23570
BMP,7/7/2010 00:00:00,7.89582,7.89582,7.74398,7.74398,18530
BMP,7/8/2010 00:00:00,7.74398,7.89582,7.66805,7.8199,15440
BMP,7/9/2010 00:00:00,7.74398,7.8199,7.74398,7.8199,35720
BMP,7/12/2010 00:00:00,7.8199,7.8199,7.74398,7.74398,3420
BMP,7/13/2010 00:00:00,7.8199,7.89582,7.66805,7.89582,71350
BMP,7/14/2010 00:00:00,7.97174,7.97174,7.8199,7.8199,40320
BMP,7/15/2010 00:00:00,7.74398,7.89582,7.74398,7.74398,19820
BMP,7/16/2010 00:00:00,7.74398,7.8199,7.66805,7.74398,27870
BMP,7/19/2010 00:00:00,7.74398,7.8199,7.66805,7.74398,14240
BMP,7/20/2010 00:00:00,7.74398,7.8199,7.74398,7.74398,11230
BMP,7/21/2010 00:00:00,7.74398,7.74398,7.74398,7.74398,20140
BMP,7/22/2010 00:00:00,7.74398,7.74398,7.66805,7.66805,20580
BMP,7/23/2010 00:00:00,7.74398,7.8199,7.66805,7.74398,34340
BMP,7/26/2010 00:00:00,7.8199,7.97174,7.74398,7.8199,19500
BMP,7/27/2010 00:00:00,7.74398,7.89582,7.74398,7.8199,36370
BMP,7/28/2010 00:00:00,7.89582,7.89582,7.74398,7.74398,51690
BMP,7/29/2010 00:00:00,7.74398,7.97174,7.74398,7.8199,38150
BMP,7/30/2010 00:00:00,7.8199,7.97174,7.8199,7.97174,36800
BMP,8/2/2010 00:00:00,7.74398,7.8199,7.74398,7.74398,8550
BMP,8/3/2010 00:00:00,7.8199,7.8199,7.74398,7.74398,18600
BMP,8/4/2010 00:00:00,7.66805,7.74398,7.59213,7.74398,54150
BMP,8/5/2010 00:00:00,7.74398,7.74398,7.59213,7.66805,7540
BMP,8/6/2010 00:00:00,7.59213,7.59213,7.51621,7.56176,25950
BMP,8/9/2010 00:00:00,7.66805,7.66805,7.44029,7.5314,22530
BMP,8/10/2010 00:00:00,7.51621,7.56176,7.50103,7.56176,85730
BMP,8/11/2010 00:00:00,7.59213,7.59213,7.56176,7.57695,21970
BMP,8/12/2010 00:00:00,7.5314,7.8199,7.44029,7.47066,165220
BMP,8/13/2010 00:00:00,7.44029,7.51621,7.44029,7.51621,17460
BMP,8/16/2010 00:00:00,7.59213,7.74398,7.59213,7.74398,44050
BMP,8/17/2010 00:00:00,7.59213,7.74398,7.59213,7.74398,31670
BMP,8/18/2010 00:00:00,7.74398,7.89582,7.59213,7.59213,84170
BMP,8/19/2010 00:00:00,7.47066,7.8199,7.47066,7.59213,22170
BMP,8/20/2010 00:00:00,7.59213,7.59213,7.44029,7.59213,67170
BMP,8/23/2010 00:00:00,7.59213,7.59213,7.57695,7.57695,15780
BMP,8/24/2010 00:00:00,7.47066,7.56176,7.44029,7.56176,38970
BMP,8/25/2010 00:00:00,7.56176,7.56176,7.31882,7.36437,80760
BMP,8/26/2010 00:00:00,7.1366,7.28845,7.07587,7.28845,86490
BMP,8/27/2010 00:00:00,7.36437,7.56176,7.36437,7.56176,12120
BMP,8/30/2010 00:00:00,7.59213,7.89582,7.59213,7.8199,33390
BMP,8/31/2010 00:00:00,7.8199,7.8199,7.59213,7.8199,27550
BMP,9/1/2010 00:00:00,7.74398,7.74398,7.51621,7.74398,5400
BMP,9/6/2010 00:00:00,7.59213,7.74398,7.59213,7.74398,32680
BMP,9/7/2010 00:00:00,7.66805,7.8199,7.59213,7.66805,21170
BMP,9/8/2010 00:00:00,7.45547,7.66805,7.44029,7.66805,20140
BMP,9/9/2010 00:00:00,7.51621,7.66805,7.51621,7.66805,21750
BMP,9/10/2010 00:00:00,7.59213,7.66805,7.44029,7.44029,19440
BMP,9/13/2010 00:00:00,7.22771,7.66805,7.22771,7.47066,33400
BMP,9/14/2010 00:00:00,7.48584,7.51621,7.48584,7.51621,14140
BMP,9/15/2010 00:00:00,7.47066,7.51621,7.47066,7.51621,12160
BMP,9/16/2010 00:00:00,7.44029,7.45547,7.44029,7.45547,11810
BMP,9/17/2010 00:00:00,7.51621,7.51621,7.50103,7.51621,54590
BMP,9/20/2010 00:00:00,7.51621,7.74398,7.51621,7.59213,44890
BMP,9/21/2010 00:00:00,7.59213,7.59213,7.59213,7.59213,43330
BMP,9/22/2010 00:00:00,7.59213,7.66805,7.59213,7.66805,8660
BMP,9/23/2010 00:00:00,7.66805,7.66805,7.45547,7.50103,34670
BMP,9/24/2010 00:00:00,7.50103,7.51621,7.50103,7.50103,16280
BMP,9/27/2010 00:00:00,7.51621,7.66805,7.50103,7.66805,8050
BMP,9/28/2010 00:00:00,7.59213,7.66805,7.59213,7.66805,20500
BMP,9/29/2010 00:00:00,7.59213,7.66805,7.59213,7.59213,24290
BMP,9/30/2010 00:00:00,7.5314,7.66805,7.5314,7.59213,34020
BMP,10/1/2010 00:00:00,7.66805,7.66805,7.59213,7.59213,28730
BMP,10/4/2010 00:00:00,7.59213,7.59213,7.56176,7.59213,120040
BMP,10/5/2010 00:00:00,7.59213,7.59213,7.57695,7.59213,26170
BMP,10/6/2010 00:00:00,7.51621,7.66805,7.51621,7.57695,88470
BMP,10/7/2010 00:00:00,7.59213,7.66805,7.57695,7.59213,110900
BMP,10/8/2010 00:00:00,7.51621,7.59213,7.51621,7.59213,8360
BMP,10/11/2010 00:00:00,7.59213,7.59213,7.57695,7.57695,14450
BMP,10/12/2010 00:00:00,7.57695,7.57695,7.56176,7.57695,49340
BMP,10/13/2010 00:00:00,7.59213,7.59213,7.54658,7.54658,46600
BMP,10/14/2010 00:00:00,7.51621,7.57695,7.51621,7.56176,830
BMP,10/15/2010 00:00:00,7.56176,7.57695,7.56176,7.56176,26820
BMP,10/18/2010 00:00:00,7.57695,7.57695,7.56176,7.57695,22040
BMP,10/19/2010 00:00:00,7.45547,7.56176,7.45547,7.5314,13160
BMP,10/20/2010 00:00:00,7.18216,7.37955,7.18216,7.25808,34830
BMP,10/21/2010 00:00:00,7.27326,7.28845,7.18216,7.18216,23260
BMP,10/22/2010 00:00:00,7.27326,7.27326,7.27326,7.27326,500
BMP,10/25/2010 00:00:00,7.28845,7.36437,7.21253,7.28845,51750
BMP,10/26/2010 00:00:00,7.28845,7.36437,7.28845,7.334,9190
BMP,10/27/2010 00:00:00,7.36437,7.36437,7.34918,7.34918,6050
BMP,10/28/2010 00:00:00,7.21253,7.28845,7.21253,7.28845,4920
BMP,10/29/2010 00:00:00,7.39474,7.39474,7.21253,7.28845,6390
BMP,11/1/2010 00:00:00,7.25808,7.44029,7.25808,7.28845,1140
BMP,11/2/2010 00:00:00,7.28845,7.30363,7.28845,7.28845,26850
BMP,11/3/2010 00:00:00,7.28845,7.34918,7.28845,7.30363,28790
BMP,11/4/2010 00:00:00,7.31882,7.36437,7.31882,7.34918,18430
BMP,11/5/2010 00:00:00,7.34918,7.44029,7.34918,7.44029,26530
BMP,11/8/2010 00:00:00,7.44029,7.66805,7.42511,7.66805,64900
BMP,11/9/2010 00:00:00,7.59213,7.8199,7.36437,7.8199,35300
BMP,11/10/2010 00:00:00,7.8199,7.8199,7.59213,7.59213,8100
BMP,11/11/2010 00:00:00,7.7503,7.7503,7.6554,7.6554,20150
BMP,11/12/2010 00:00:00,7.6554,7.6554,7.5605,7.59213,87020
BMP,11/15/2010 00:00:00,7.59213,7.59213,7.57632,7.59213,71870
BMP,11/16/2010 00:00:00,7.67122,7.67122,7.60795,7.67122,21240
BMP,11/17/2010 00:00:00,7.67122,7.67122,7.67122,7.67122,11860
BMP,11/18/2010 00:00:00,7.7503,7.90847,7.7503,7.90847,21920
BMP,11/19/2010 00:00:00,7.90847,8.06664,7.90847,7.98756,33600
BMP,11/22/2010 00:00:00,7.87684,8.06664,7.87684,8.06664,32710
BMP,11/23/2010 00:00:00,7.90847,7.90847,7.89265,7.90847,5400
BMP,11/24/2010 00:00:00,8.06664,8.06664,7.7503,7.82939,5890
BMP,11/25/2010 00:00:00,7.62377,8.06664,7.62377,8.06664,12230
BMP,11/26/2010 00:00:00,7.7503,8.14573,7.7503,8.14573,54490
BMP,11/29/2010 00:00:00,8.06664,8.14573,7.90847,8.14573,40920
BMP,11/30/2010 00:00:00,8.14573,8.30389,7.7503,7.7503,10310
BMP,12/1/2010 00:00:00,7.98756,7.98756,7.82939,7.82939,2930
BMP,12/2/2010 00:00:00,7.76612,7.90847,7.7503,7.90847,2700
BMP,12/3/2010 00:00:00,8.06664,8.06664,7.82939,7.82939,7880
BMP,12/6/2010 00:00:00,7.82939,8.06664,7.73449,7.73449,26530
BMP,12/7/2010 00:00:00,8.06664,8.06664,7.7503,7.7503,3360
BMP,12/8/2010 00:00:00,7.98756,7.98756,7.76612,7.82939,2830
BMP,12/9/2010 00:00:00,7.82939,7.98756,7.82939,7.98756,7750
BMP,12/10/2010 00:00:00,8.38298,8.38298,7.90847,8.14573,18920
BMP,12/13/2010 00:00:00,8.46206,8.46206,8.14573,8.14573,25790
BMP,12/14/2010 00:00:00,8.22481,8.22481,7.90847,7.90847,1060
BMP,12/15/2010 00:00:00,7.98756,7.98756,7.78194,7.78194,5020
BMP,12/16/2010 00:00:00,7.78194,7.78194,7.68703,7.68703,7290
BMP,12/17/2010 00:00:00,7.68703,7.70285,7.67122,7.68703,15290
BMP,12/20/2010 00:00:00,7.87684,7.87684,7.67122,7.67122,14990
BMP,12/21/2010 00:00:00,7.59213,7.59213,7.54468,7.54468,19550
BMP,12/22/2010 00:00:00,7.82939,7.82939,7.52886,7.54468,10410
BMP,12/23/2010 00:00:00,7.82939,7.82939,7.51305,7.52886,15440
BMP,12/24/2010 00:00:00,7.7503,7.7503,7.5605,7.5605,6380
BMP,12/27/2010 00:00:00,7.82939,7.82939,7.60795,7.60795,13150
BMP,12/28/2010 00:00:00,7.62377,7.6554,7.62377,7.6554,5920
BMP,12/29/2010 00:00:00,7.7503,7.7503,7.67122,7.71867,5130
BMP,12/30/2010 00:00:00,7.68703,7.68703,7.67122,7.67122,7790
BMP,12/31/2010 00:00:00,7.54468,7.54468,7.51305,7.51305,15320
BMP,1/4/2011 00:00:00,7.51305,7.54468,7.51305,7.54468,5050
BMP,1/5/2011 00:00:00,7.51305,7.54468,7.51305,7.52886,6500
BMP,1/6/2011 00:00:00,7.51305,7.51305,7.43396,7.43396,5080
BMP,1/7/2011 00:00:00,7.35488,7.43396,7.30743,7.30743,17620
BMP,1/10/2011 00:00:00,7.22834,7.35488,7.22834,7.27579,11970
BMP,1/11/2011 00:00:00,7.32325,7.32325,7.11762,7.30743,5020
BMP,1/12/2011 00:00:00,7.30743,7.32325,7.27579,7.27579,6090
BMP,1/13/2011 00:00:00,7.35488,7.44978,7.35488,7.44978,3020
BMP,1/14/2011 00:00:00,7.43396,7.79775,7.43396,7.79775,22220
BMP,1/17/2011 00:00:00,7.44978,7.70285,7.44978,7.70285,480
BMP,1/18/2011 00:00:00,7.79775,7.79775,7.51305,7.51305,4970
BMP,1/19/2011 00:00:00,7.51305,7.68703,7.51305,7.68703,3950
BMP,1/20/2011 00:00:00,7.43396,7.90847,7.43396,7.90847,28020
BMP,1/21/2011 00:00:00,7.90847,7.98756,7.62377,7.62377,21600
BMP,1/24/2011 00:00:00,7.7503,7.7503,7.52886,7.52886,14100
BMP,1/25/2011 00:00:00,7.57632,7.57632,7.51305,7.51305,22440
BMP,1/26/2011 00:00:00,7.52886,7.7503,7.51305,7.7503,12410
BMP,1/27/2011 00:00:00,7.78194,7.82939,7.67122,7.81357,13700
BMP,1/28/2011 00:00:00,7.7503,7.7503,7.62377,7.62377,16840
BMP,2/8/2011 00:00:00,7.81357,7.81357,7.81357,7.81357,10
BMP,2/9/2011 00:00:00,7.67122,7.78194,7.67122,7.67122,3650
BMP,2/10/2011 00:00:00,7.7503,7.78194,7.62377,7.78194,55640
BMP,2/11/2011 00:00:00,7.87684,7.89265,7.59213,7.7503,23900
BMP,2/14/2011 00:00:00,7.67122,7.70285,7.6554,7.6554,27850
BMP,2/15/2011 00:00:00,7.59213,7.59213,7.57632,7.59213,15270
BMP,2/16/2011 00:00:00,7.6554,7.6554,7.57632,7.59213,48240
BMP,2/17/2011 00:00:00,7.59213,7.59213,7.59213,7.59213,19950
BMP,2/18/2011 00:00:00,7.59213,7.59213,7.59213,7.59213,2230
BMP,2/21/2011 00:00:00,7.51305,7.51305,7.27579,7.27579,35740
BMP,2/22/2011 00:00:00,7.05436,7.27579,7.05436,7.27579,15800
BMP,2/23/2011 00:00:00,7.51305,7.52886,7.49723,7.49723,42230
BMP,2/24/2011 00:00:00,7.43396,7.49723,7.43396,7.48141,20400
BMP,2/25/2011 00:00:00,7.52886,7.54468,7.51305,7.51305,15150
BMP,2/28/2011 00:00:00,7.35488,7.51305,7.35488,7.51305,3980
BMP,3/1/2011 00:00:00,7.43396,7.44978,7.43396,7.43396,6510
BMP,3/2/2011 00:00:00,7.27579,7.35488,7.27579,7.35488,4960
BMP,3/3/2011 00:00:00,7.27579,7.4656,7.27579,7.4656,28430
BMP,3/4/2011 00:00:00,7.14926,7.27579,7.14926,7.27579,1230
BMP,3/7/2011 00:00:00,7.14926,7.48141,7.14926,7.27579,7140
BMP,3/8/2011 00:00:00,7.27579,7.27579,7.27579,7.27579,1350
BMP,3/9/2011 00:00:00,7.27579,7.43396,7.14926,7.18089,5760
BMP,3/10/2011 00:00:00,7.13344,7.43396,7.11762,7.43396,28470
BMP,3/11/2011 00:00:00,7.14926,7.43396,7.14926,7.43396,870
BMP,3/14/2011 00:00:00,7.43396,7.43396,7.43396,7.43396,30
BMP,3/15/2011 00:00:00,7.43396,7.43396,7.22834,7.22834,200
BMP,3/16/2011 00:00:00,7.4656,7.4656,7.13344,7.13344,2050
BMP,3/17/2011 00:00:00,6.95946,7.41815,6.95946,7.11762,660
BMP,3/18/2011 00:00:00,7.38651,7.38651,7.19671,7.27579,830
BMP,3/21/2011 00:00:00,7.41815,7.41815,7.27579,7.35488,5160
BMP,3/22/2011 00:00:00,7.19671,7.43396,7.19671,7.38651,3030
BMP,3/24/2011 00:00:00,7.19671,7.35488,7.11762,7.11762,11830
BMP,3/25/2011 00:00:00,7.11762,7.11762,7.03854,7.11762,13540
BMP,3/28/2011 00:00:00,7.11762,7.11762,6.97527,6.97527,850
BMP,3/29/2011 00:00:00,7.11762,7.11762,7.00691,7.00691,110
BMP,3/30/2011 00:00:00,6.95946,6.95946,6.7222,6.80129,8300
BMP,3/31/2011 00:00:00,6.73802,6.83292,6.64312,6.83292,8640
BMP,4/4/2011 00:00:00,6.5324,6.64312,6.5324,6.57985,4690
BMP,4/5/2011 00:00:00,6.40586,6.57985,6.40586,6.42168,9070
BMP,4/6/2011 00:00:00,6.18442,6.56403,6.18442,6.56403,1150
BMP,4/7/2011 00:00:00,6.48495,6.54821,6.48495,6.54821,1120
BMP,4/8/2011 00:00:00,6.51658,6.51658,6.42168,6.42168,24740
BMP,4/13/2011 00:00:00,6.40586,6.40586,6.32678,6.32678,72730
BMP,4/14/2011 00:00:00,6.20024,6.32678,6.20024,6.29514,14820
BMP,4/15/2011 00:00:00,6.20024,6.24769,6.20024,6.24769,4260
BMP,4/18/2011 00:00:00,6.29514,6.29514,6.01044,6.08952,13530
BMP,4/19/2011 00:00:00,5.85227,6.39005,5.85227,6.16861,6050
BMP,4/20/2011 00:00:00,6.16861,6.21606,6.10534,6.21606,74170
BMP,4/21/2011 00:00:00,6.16861,6.16861,6.16861,6.16861,25110
BMP,4/22/2011 00:00:00,6.16861,6.16861,6.08952,6.08952,33910
BMP,4/25/2011 00:00:00,6.08952,6.16861,6.08952,6.16861,12110
BMP,4/26/2011 00:00:00,6.08952,6.15279,6.08952,6.15279,30100
BMP,4/27/2011 00:00:00,6.08952,6.16861,6.08952,6.13697,40160
BMP,4/28/2011 00:00:00,6.10534,6.13697,6.08952,6.13697,32280
BMP,4/29/2011 00:00:00,6.13697,6.21606,6.13697,6.21606,20510
BMP,5/4/2011 00:00:00,6.01044,6.01044,6.01044,6.01044,2470
BMP,5/5/2011 00:00:00,6.29514,6.29514,6.02626,6.02626,7270
BMP,5/6/2011 00:00:00,6.02626,6.04207,6.02626,6.04207,3250
BMP,5/9/2011 00:00:00,6.04207,6.04207,6.04207,6.04207,2000
BMP,5/10/2011 00:00:00,6.04207,6.12116,6.04207,6.10534,4130
BMP,5/11/2011 00:00:00,6.10534,6.32678,6.10534,6.16861,14630
BMP,5/12/2011 00:00:00,6.16861,6.16861,6.16861,6.16861,40700
BMP,5/13/2011 00:00:00,6.01044,6.18442,6.01044,6.18442,24800
BMP,5/16/2011 00:00:00,6.12116,6.13697,6.12116,6.12116,13610
BMP,5/17/2011 00:00:00,6.16861,6.16861,6.01044,6.08952,28830
BMP,5/18/2011 00:00:00,6.08952,6.08952,6.01044,6.08952,19900
BMP,5/19/2011 00:00:00,6.08952,6.08952,6.08952,6.08952,12940
BMP,5/20/2011 00:00:00,6.10534,6.10534,6.02626,6.08952,22360
BMP,5/23/2011 00:00:00,6.10534,6.10534,5.8839,5.8839,11120
BMP,5/24/2011 00:00:00,5.77318,5.8839,5.77318,5.85227,23230
BMP,5/25/2011 00:00:00,5.58338,5.85227,5.56756,5.56756,53720
BMP,5/26/2011 00:00:00,5.37776,5.789,5.37776,5.789,2960
BMP,5/27/2011 00:00:00,5.6941,5.789,5.6941,5.789,1330
BMP,5/30/2011 00:00:00,5.789,5.789,5.789,5.789,660
BMP,5/31/2011 00:00:00,6.07371,6.07371,6.05789,6.05789,40080
BMP,6/1/2011 00:00:00,5.8839,6.07371,5.85227,6.07371,2980
BMP,6/2/2011 00:00:00,6.35841,6.35841,5.8839,5.8839,1360
BMP,6/3/2011 00:00:00,5.8839,5.89972,5.8839,5.89972,1150
BMP,6/6/2011 00:00:00,5.70992,5.75737,5.70992,5.75737,510
BMP,6/7/2011 00:00:00,5.80482,5.86809,5.80482,5.85227,2180
BMP,6/8/2011 00:00:00,5.85227,5.8839,5.85227,5.8839,2670
BMP,6/9/2011 00:00:00,5.67828,5.85227,5.67828,5.85227,900
BMP,6/10/2011 00:00:00,5.6941,6.01044,5.6941,6.01044,2100
BMP,6/13/2011 00:00:00,6.01044,6.24769,6.01044,6.08952,3700
BMP,6/14/2011 00:00:00,6.16861,6.16861,6.16861,6.16861,19010
BMP,6/15/2011 00:00:00,6.16861,6.16861,5.86809,5.86809,4300
BMP,6/16/2011 00:00:00,5.85227,6.01044,5.85227,6.01044,1510
BMP,6/17/2011 00:00:00,6.01044,6.01044,5.85227,6.01044,1550
BMP,6/20/2011 00:00:00,5.77318,6.08952,5.72573,6.08952,1810
BMP,6/21/2011 00:00:00,5.82064,6.16861,5.82064,6.13697,2530
BMP,6/22/2011 00:00:00,5.86809,6.12116,5.86809,5.89972,840
BMP,6/23/2011 00:00:00,5.64665,6.01044,5.64665,6.01044,260
BMP,6/24/2011 00:00:00,5.789,6.01044,5.789,6.01044,20
BMP,6/27/2011 00:00:00,5.93135,6.01044,5.72573,5.72573,7430
BMP,6/28/2011 00:00:00,5.77318,5.77318,5.72573,5.72573,3410
BMP,6/29/2011 00:00:00,5.55175,5.80482,5.55175,5.6941,2140
BMP,6/30/2011 00:00:00,5.53593,5.6941,5.53593,5.6941,3240
BMP,7/1/2011 00:00:00,5.53593,5.53593,5.40939,5.44103,5040
BMP,7/4/2011 00:00:00,5.25122,5.53593,5.25122,5.5043,2650
BMP,7/5/2011 00:00:00,5.28286,5.6941,5.28286,5.6941,2480
BMP,7/7/2011 00:00:00,5.789,5.789,5.5043,5.6941,9370
BMP,7/8/2011 00:00:00,5.45685,5.77318,5.45685,5.77318,2350
BMP,7/11/2011 00:00:00,5.74155,5.75737,5.5043,5.75737,2010
BMP,7/12/2011 00:00:00,5.6941,5.6941,5.6941,5.6941,490
BMP,7/13/2011 00:00:00,5.6941,5.6941,5.53593,5.6941,5320
BMP,7/14/2011 00:00:00,5.63083,5.6941,5.63083,5.6941,590
BMP,7/18/2011 00:00:00,5.53593,5.6941,5.53593,5.6941,30
BMP,7/19/2011 00:00:00,5.61502,5.61502,5.53593,5.61502,1130
BMP,7/21/2011 00:00:00,5.61502,5.61502,5.45685,5.61502,920
BMP,7/22/2011 00:00:00,5.61502,5.61502,5.58338,5.58338,410
BMP,7/25/2011 00:00:00,5.37776,5.58338,5.37776,5.37776,1770
BMP,7/26/2011 00:00:00,5.34613,5.53593,5.34613,5.53593,260
BMP,7/27/2011 00:00:00,5.37776,5.61502,5.31449,5.37776,1720
BMP,7/28/2011 00:00:00,5.5992,5.5992,5.5992,5.5992,8000
BMP,7/29/2011 00:00:00,5.53593,5.53593,5.52011,5.52011,3270
BMP,8/1/2011 00:00:00,5.37776,5.37776,5.37776,5.37776,340
BMP,8/2/2011 00:00:00,5.29868,5.37776,5.17214,5.17214,1120
BMP,8/3/2011 00:00:00,5.18796,5.18796,4.91907,4.91907,12260
BMP,8/4/2011 00:00:00,5.14051,5.14051,4.82417,5.04561,1620
BMP,8/5/2011 00:00:00,5.06142,5.06142,5.04561,5.04561,3020
BMP,8/8/2011 00:00:00,4.90325,4.96652,4.80835,4.83998,24760
BMP,8/9/2011 00:00:00,5.04561,5.04561,4.60273,4.666,42830
BMP,8/10/2011 00:00:00,4.58691,4.82417,4.58691,4.666,15860
BMP,8/11/2011 00:00:00,4.666,4.74508,4.47619,4.47619,8500
BMP,8/12/2011 00:00:00,4.69763,4.69763,4.49201,4.52365,29050
BMP,8/15/2011 00:00:00,4.52365,4.58691,4.52365,4.58691,14510
BMP,8/16/2011 00:00:00,4.63436,4.63436,4.58691,4.58691,36060
BMP,8/17/2011 00:00:00,4.69763,4.72927,4.63436,4.72927,3290
BMP,8/18/2011 00:00:00,4.9507,4.9507,4.9507,4.9507,40430
BMP,8/19/2011 00:00:00,4.9507,5.02979,4.9507,4.9507,15360
BMP,8/22/2011 00:00:00,4.96652,5.17214,4.96652,5.17214,11700
BMP,8/23/2011 00:00:00,5.28286,5.34613,5.17214,5.34613,15200
BMP,8/24/2011 00:00:00,5.5992,5.5992,5.37776,5.37776,28970
BMP,8/25/2011 00:00:00,5.58338,5.58338,5.37776,5.53593,10610
BMP,8/26/2011 00:00:00,5.53593,5.77318,5.37776,5.77318,10440
BMP,8/29/2011 00:00:00,5.55175,5.77318,5.55175,5.77318,14370
BMP,8/30/2011 00:00:00,6.01044,6.01044,5.6941,5.6941,14150
BMP,8/31/2011 00:00:00,5.48848,5.6941,5.48848,5.6941,10040
BMP,9/1/2011 00:00:00,5.86809,5.86809,5.53593,5.83645,1050
BMP,9/5/2011 00:00:00,5.83645,5.83645,5.55175,5.75737,10020
BMP,9/6/2011 00:00:00,5.5043,5.75737,5.47266,5.75737,6260
BMP,9/7/2011 00:00:00,5.75737,5.75737,5.74155,5.74155,3220
BMP,9/8/2011 00:00:00,5.58338,5.74155,5.45685,5.53593,64830
BMP,9/9/2011 00:00:00,5.53593,5.6941,5.53593,5.6941,4720
BMP,9/12/2011 00:00:00,5.6941,5.6941,5.6941,5.6941,200
BMP,9/13/2011 00:00:00,5.53593,5.6941,5.53593,5.6941,4070
BMP,9/14/2011 00:00:00,5.48848,5.6941,5.48848,5.53593,5700
BMP,9/15/2011 00:00:00,5.53593,5.53593,5.37776,5.37776,3420
BMP,9/16/2011 00:00:00,5.53593,5.63083,5.45685,5.45685,1310
BMP,9/19/2011 00:00:00,5.61502,5.72573,5.61502,5.6941,14350
BMP,9/20/2011 00:00:00,5.6941,5.6941,5.53593,5.55175,6180
BMP,9/21/2011 00:00:00,5.55175,5.55175,5.55175,5.55175,5730
BMP,9/22/2011 00:00:00,5.48848,5.67828,5.44103,5.67828,10390
BMP,9/23/2011 00:00:00,5.67828,5.67828,5.55175,5.55175,3510
BMP,9/26/2011 00:00:00,5.53593,5.53593,5.33031,5.53593,3610
BMP,9/27/2011 00:00:00,5.53593,5.53593,5.39358,5.39358,4090
BMP,9/28/2011 00:00:00,5.37776,5.53593,5.37776,5.53593,1390
BMP,9/29/2011 00:00:00,5.29868,5.48848,5.29868,5.48848,3560
BMP,9/30/2011 00:00:00,5.48848,5.52011,5.48848,5.52011,7330
BMP,10/4/2011 00:00:00,5.5043,5.5043,5.26704,5.26704,8780
BMP,10/5/2011 00:00:00,5.36194,5.36194,5.36194,5.36194,20
BMP,10/6/2011 00:00:00,5.29868,5.37776,5.29868,5.37776,1620
BMP,10/7/2011 00:00:00,5.37776,5.42521,5.14051,5.14051,4080
BMP,10/10/2011 00:00:00,5.37776,5.37776,5.10887,5.10887,2220
BMP,10/11/2011 00:00:00,5.14051,5.14051,5.14051,5.14051,900
BMP,10/12/2011 00:00:00,5.12469,5.14051,5.12469,5.14051,2530
BMP,10/13/2011 00:00:00,5.34613,5.34613,5.34613,5.34613,450
BMP,10/14/2011 00:00:00,5.5043,5.5043,5.34613,5.45685,7840
BMP,10/17/2011 00:00:00,5.45685,5.45685,5.45685,5.45685,200
BMP,10/18/2011 00:00:00,5.45685,5.45685,5.45685,5.45685,20
BMP,10/19/2011 00:00:00,5.25122,5.40939,5.25122,5.40939,370
BMP,10/20/2011 00:00:00,5.14051,5.44103,5.14051,5.44103,560
BMP,10/21/2011 00:00:00,5.42521,5.45685,5.42521,5.45685,390
BMP,10/24/2011 00:00:00,5.45685,5.45685,5.42521,5.45685,880
BMP,10/27/2011 00:00:00,5.29868,5.53593,5.23541,5.53593,9480
BMP,10/28/2011 00:00:00,5.37776,5.53593,5.37776,5.53593,2460
BMP,10/31/2011 00:00:00,5.53593,5.74155,5.53593,5.74155,24900
BMP,11/1/2011 00:00:00,5.6941,5.6941,5.61502,5.64665,11450
BMP,11/2/2011 00:00:00,5.61502,5.61502,5.53593,5.53593,13660
BMP,11/3/2011 00:00:00,5.61502,5.61502,5.61502,5.61502,1460
BMP,11/7/2011 00:00:00,5.34613,5.61502,5.34613,5.61502,1720
BMP,11/8/2011 00:00:00,5.6941,5.6941,5.6941,5.6941,13120
BMP,11/9/2011 00:00:00,5.45685,5.61502,5.45685,5.61502,3010
BMP,11/10/2011 00:00:00,5.40939,5.52011,5.40939,5.52011,3700
BMP,11/11/2011 00:00:00,5.37776,5.72573,5.37776,5.72573,1130
BMP,11/14/2011 00:00:00,5.6941,5.6941,5.44103,5.44103,10750
BMP,11/15/2011 00:00:00,5.64665,5.64665,5.37776,5.53593,1690
BMP,11/16/2011 00:00:00,5.53593,5.53593,5.53593,5.53593,10
BMP,11/17/2011 00:00:00,5.28286,5.45685,5.28286,5.29868,2430
BMP,11/18/2011 00:00:00,5.29868,5.53593,5.29868,5.53593,17520
BMP,11/21/2011 00:00:00,5.53593,5.80482,5.53593,5.80482,96620
BMP,11/22/2011 00:00:00,6.08952,6.08952,5.80482,6.08952,35270
BMP,11/23/2011 00:00:00,5.93135,5.93135,5.89972,5.89972,250
BMP,11/24/2011 00:00:00,6.08952,6.08952,5.70992,5.85227,3060
BMP,11/25/2011 00:00:00,5.85227,5.93135,5.85227,5.85227,10210
BMP,11/28/2011 00:00:00,5.99462,6.08952,5.85227,6.01044,9680
BMP,11/29/2011 00:00:00,6.01044,6.01044,5.72573,5.77318,8770
BMP,11/30/2011 00:00:00,6.05766,6.05766,6.05766,6.05766,3500
BMP,12/1/2011 00:00:00,6.05766,6.05766,5.75645,6.02419,400
BMP,12/2/2011 00:00:00,6.02419,6.02419,6.02419,6.02419,1930
BMP,12/6/2011 00:00:00,6.02419,6.02419,5.85685,6.02419,2510
BMP,12/7/2011 00:00:00,5.77318,5.94052,5.77318,5.94052,410
BMP,12/8/2011 00:00:00,5.70625,6.02419,5.68952,6.02419,5610
BMP,12/9/2011 00:00:00,5.72298,6.00746,5.72298,6.00746,1350
BMP,12/12/2011 00:00:00,5.73972,5.85685,5.72298,5.85685,3660
BMP,12/13/2011 00:00:00,6.10786,6.10786,5.57238,6.02419,1750
BMP,12/14/2011 00:00:00,5.73972,6.00746,5.72298,5.73972,1990
BMP,12/15/2011 00:00:00,5.77318,6.00746,5.48871,6.00746,5650
BMP,12/16/2011 00:00:00,5.94052,6.02419,5.94052,6.00746,2740
BMP,12/19/2011 00:00:00,5.85685,5.85685,5.85685,5.85685,2460
BMP,12/20/2011 00:00:00,5.57238,5.92379,5.57238,5.92379,2610
BMP,12/21/2011 00:00:00,5.85685,5.85685,5.85685,5.85685,220
BMP,12/22/2011 00:00:00,5.68952,5.89032,5.68952,5.89032,2390
BMP,12/23/2011 00:00:00,5.89032,5.89032,5.65605,5.85685,3320
BMP,12/26/2011 00:00:00,6.00746,6.00746,6.00746,6.00746,6100
BMP,12/28/2011 00:00:00,6.00746,6.00746,5.80665,5.85685,2960
BMP,12/29/2011 00:00:00,5.65605,5.97399,5.58911,5.97399,18500
BMP,12/30/2011 00:00:00,5.73972,5.95726,5.72298,5.85685,6180
BMP,1/3/2012 00:00:00,5.70625,5.84012,5.70625,5.84012,1210
BMP,1/4/2012 00:00:00,5.78992,5.78992,5.78992,5.78992,290
BMP,1/5/2012 00:00:00,5.85685,5.85685,5.52218,5.52218,1920
BMP,1/6/2012 00:00:00,5.52218,5.53891,5.52218,5.52218,1980
BMP,1/9/2012 00:00:00,5.67278,5.67278,5.67278,5.67278,10
BMP,1/10/2012 00:00:00,5.52218,5.65605,5.52218,5.60585,970
BMP,1/11/2012 00:00:00,5.60585,5.60585,5.43851,5.58911,2000
BMP,1/12/2012 00:00:00,5.35484,5.35484,5.32137,5.32137,5690
BMP,1/13/2012 00:00:00,5.35484,5.55564,5.35484,5.55564,1240
BMP,1/16/2012 00:00:00,5.78992,5.78992,5.60585,5.60585,1610
BMP,1/17/2012 00:00:00,5.60585,5.60585,5.60585,5.60585,300
BMP,1/19/2012 00:00:00,5.37157,5.37157,5.35484,5.35484,1400
BMP,1/20/2012 00:00:00,5.55564,5.55564,5.10383,5.10383,8220
BMP,1/30/2012 00:00:00,5.1875,5.35484,5.1875,5.35484,1090
BMP,1/31/2012 00:00:00,5.38831,5.62258,5.38831,5.62258,5510
BMP,2/1/2012 00:00:00,5.68952,5.68952,5.62258,5.62258,1310
BMP,2/2/2012 00:00:00,5.89032,5.89032,5.85685,5.85685,8610
BMP,2/3/2012 00:00:00,6.09113,6.09113,5.70625,5.70625,5500
BMP,2/6/2012 00:00:00,5.42177,5.70625,5.42177,5.45524,12200
BMP,2/7/2012 00:00:00,5.52218,5.52218,5.37157,5.40504,4030
BMP,2/8/2012 00:00:00,5.35484,5.47197,5.35484,5.47197,12460
BMP,2/9/2012 00:00:00,5.38831,5.68952,5.38831,5.68952,16850
BMP,2/10/2012 00:00:00,5.52218,5.68952,5.40504,5.68952,18140
BMP,2/13/2012 00:00:00,5.45524,5.52218,5.43851,5.52218,9170
BMP,2/14/2012 00:00:00,5.47197,5.52218,5.47197,5.48871,14610
BMP,2/15/2012 00:00:00,5.52218,5.52218,5.40504,5.47197,6670
BMP,2/16/2012 00:00:00,5.40504,5.48871,5.40504,5.43851,3200
BMP,2/17/2012 00:00:00,5.52218,5.52218,5.43851,5.52218,19280
BMP,2/20/2012 00:00:00,5.47197,5.57238,5.47197,5.57238,19640
BMP,2/21/2012 00:00:00,5.68952,5.68952,5.43851,5.43851,18560
BMP,2/22/2012 00:00:00,5.50544,5.52218,5.47197,5.52218,9420
BMP,2/23/2012 00:00:00,5.53891,5.67278,5.53891,5.67278,24600
BMP,2/24/2012 00:00:00,5.62258,5.94052,5.62258,5.85685,51710
BMP,2/27/2012 00:00:00,5.85685,5.94052,5.68952,5.90706,12420
BMP,2/28/2012 00:00:00,5.72298,5.85685,5.68952,5.85685,6820
BMP,2/29/2012 00:00:00,5.85685,5.85685,5.60585,5.67278,20960
BMP,3/1/2012 00:00:00,5.68952,5.85685,5.67278,5.82339,17350
BMP,3/2/2012 00:00:00,5.72298,5.85685,5.72298,5.85685,33410
BMP,3/5/2012 00:00:00,5.85685,6.14133,5.85685,6.14133,47480
BMP,3/6/2012 00:00:00,6.42581,6.44254,6.225,6.44254,93670
BMP,3/7/2012 00:00:00,6.44254,6.76048,6.19153,6.76048,90120
BMP,3/8/2012 00:00:00,6.77722,7.02822,6.77722,6.84415,43800
BMP,3/9/2012 00:00:00,6.84415,6.94456,6.55968,6.94456,44210
BMP,3/12/2012 00:00:00,7.01149,7.02822,6.74375,7.02822,47320
BMP,3/13/2012 00:00:00,7.09516,7.37964,7.09516,7.37964,62120
BMP,3/14/2012 00:00:00,7.69758,7.74778,7.19556,7.19556,61820
BMP,3/15/2012 00:00:00,7.19556,7.44657,7.19556,7.3629,33840
BMP,3/16/2012 00:00:00,7.44657,7.53024,6.99476,7.42984,71840
BMP,3/19/2012 00:00:00,7.42984,7.42984,7.06169,7.27923,18470
BMP,3/20/2012 00:00:00,7.27923,7.27923,6.92782,6.92782,45640
BMP,3/21/2012 00:00:00,7.24576,7.2625,6.92782,7.2625,62530
BMP,3/22/2012 00:00:00,7.2625,7.2625,7.11189,7.22903,14880
BMP,3/23/2012 00:00:00,7.3629,7.3629,7.11189,7.19556,17020
BMP,3/26/2012 00:00:00,7.12863,7.3629,6.99476,7.3629,17960
BMP,3/27/2012 00:00:00,7.3629,7.3629,7.02822,7.3127,15960
BMP,3/28/2012 00:00:00,7.04496,7.27923,7.02822,7.27923,17570
BMP,3/29/2012 00:00:00,7.04496,7.22903,7.04496,7.11189,3520
BMP,3/30/2012 00:00:00,7.02822,7.22903,6.92782,7.22903,13360
BMP,4/3/2012 00:00:00,7.22903,7.24576,7.19556,7.24576,14510
BMP,4/4/2012 00:00:00,7.11189,7.34617,7.11189,7.34617,11810
BMP,4/5/2012 00:00:00,7.19556,7.34617,7.19556,7.34617,10460
BMP,4/6/2012 00:00:00,7.12863,7.34617,7.12863,7.34617,11770
BMP,4/9/2012 00:00:00,7.06169,7.3127,7.06169,7.3127,11260
BMP,4/10/2012 00:00:00,7.3127,7.34617,7.27923,7.34617,16630
BMP,4/11/2012 00:00:00,7.3127,7.34617,7.22903,7.34617,9340
BMP,4/12/2012 00:00:00,7.34617,7.34617,7.19556,7.34617,27500
BMP,4/13/2012 00:00:00,7.3629,7.51351,7.27923,7.3629,20800
BMP,4/16/2012 00:00:00,7.3629,7.3629,7.19556,7.32943,15600
BMP,4/17/2012 00:00:00,7.19556,7.24576,7.09516,7.24576,28950
BMP,4/18/2012 00:00:00,7.27923,7.3127,7.24576,7.27923,24670
BMP,4/19/2012 00:00:00,7.27923,7.27923,7.07843,7.24576,2970
BMP,4/20/2012 00:00:00,7.24576,7.24576,7.07843,7.11189,17840
BMP,4/23/2012 00:00:00,7.11189,7.11189,7.07843,7.11189,10150
BMP,4/24/2012 00:00:00,7.11189,7.11189,7.02822,7.11189,14830
BMP,4/25/2012 00:00:00,7.11189,7.24576,7.11189,7.12863,48860
BMP,4/26/2012 00:00:00,7.3127,7.48004,7.19556,7.48004,56510
BMP,4/27/2012 00:00:00,7.61391,7.78125,7.61391,7.76451,97790
BMP,5/2/2012 00:00:00,7.76451,8.06572,7.76451,8.04899,32530
BMP,5/3/2012 00:00:00,8.04899,8.14939,7.86492,8.09919,24550
BMP,5/4/2012 00:00:00,8.1996,8.4506,7.93185,8.4506,70540
BMP,5/7/2012 00:00:00,8.70161,8.78528,8.4506,8.53427,34670
BMP,5/8/2012 00:00:00,8.78528,8.86895,8.53427,8.86895,58730
BMP,5/9/2012 00:00:00,8.86895,8.86895,8.4506,8.70161,32390
BMP,5/10/2012 00:00:00,8.70161,8.95262,8.36693,8.4506,43270
BMP,5/11/2012 00:00:00,8.36693,8.53427,8.03226,8.18286,14860
BMP,5/14/2012 00:00:00,8.1996,8.36693,7.88165,7.88165,26040
BMP,5/15/2012 00:00:00,7.88165,7.88165,7.49677,7.49677,30630
BMP,5/16/2012 00:00:00,7.27923,7.83145,7.14536,7.81472,35670
BMP,5/17/2012 00:00:00,7.4633,7.81472,7.42984,7.42984,71960
BMP,5/18/2012 00:00:00,7.09516,7.3629,7.06169,7.06169,65020
BMP,5/21/2012 00:00:00,7.02822,7.39637,6.71028,7.39637,253860
BMP,5/22/2012 00:00:00,7.68085,7.68085,7.12863,7.53024,8560
BMP,5/23/2012 00:00:00,7.19556,7.44657,7.1621,7.44657,10530
BMP,5/24/2012 00:00:00,7.11189,7.2123,7.07843,7.07843,11040
BMP,5/25/2012 00:00:00,7.11189,7.3127,7.07843,7.19556,32660
BMP,5/28/2012 00:00:00,7.22903,7.24576,6.84415,6.84415,25180
BMP,5/29/2012 00:00:00,6.84415,6.99476,6.52621,6.99476,5120
BMP,5/30/2012 00:00:00,6.87762,6.97802,6.86089,6.97802,1900
BMP,5/31/2012 00:00:00,6.71028,6.81068,6.71028,6.74375,12790
BMP,6/1/2012 00:00:00,6.64335,6.74375,6.64335,6.74375,6810
BMP,6/4/2012 00:00:00,6.69355,6.72702,6.60988,6.60988,17910
BMP,6/5/2012 00:00:00,6.67681,6.89435,6.59314,6.89435,10310
BMP,6/6/2012 00:00:00,7.02822,7.02822,6.86089,7.01149,2930
BMP,6/7/2012 00:00:00,7.02822,7.02822,6.86089,7.02822,3930
BMP,6/8/2012 00:00:00,7.07843,7.11189,7.02822,7.02822,7390
BMP,6/11/2012 00:00:00,7.02822,7.02822,6.94456,6.96129,5030
BMP,6/12/2012 00:00:00,6.96129,6.96129,6.96129,6.96129,5560
BMP,6/13/2012 00:00:00,6.96129,6.97802,6.86089,6.94456,2180
BMP,6/14/2012 00:00:00,6.94456,7.07843,6.94456,7.07843,5880
BMP,6/15/2012 00:00:00,7.02822,7.19556,7.02822,7.19556,18050
BMP,6/18/2012 00:00:00,7.32943,7.32943,7.2123,7.2123,2000
BMP,6/19/2012 00:00:00,7.02822,7.17883,6.86089,7.17883,820
BMP,6/20/2012 00:00:00,6.96129,7.17883,6.96129,7.04496,5390
BMP,6/21/2012 00:00:00,7.12863,7.12863,7.11189,7.11189,9040
BMP,6/22/2012 00:00:00,7.09516,7.2123,7.09516,7.2123,7750
BMP,6/25/2012 00:00:00,7.2123,7.2123,7.07843,7.07843,12310
BMP,6/26/2012 00:00:00,7.06169,7.06169,7.02822,7.06169,3990
BMP,6/27/2012 00:00:00,7.19556,7.19556,6.84415,7.1621,3060
BMP,6/28/2012 00:00:00,7.06169,7.11189,7.02822,7.11189,10690
BMP,6/29/2012 00:00:00,6.87762,6.89435,6.86089,6.89435,2100
BMP,7/2/2012 00:00:00,6.89435,7.07843,6.77722,6.82742,5880
BMP,7/3/2012 00:00:00,6.94456,7.04496,6.77722,7.04496,17680
BMP,7/4/2012 00:00:00,6.81068,7.02822,6.81068,7.02822,550
BMP,7/5/2012 00:00:00,7.02822,7.02822,7.02822,7.02822,1020
BMP,7/6/2012 00:00:00,6.94456,7.01149,6.94456,7.01149,510
BMP,7/9/2012 00:00:00,6.94456,7.01149,6.69355,7.01149,12230
BMP,7/10/2012 00:00:00,7.01149,7.01149,6.69355,7.01149,6310
BMP,7/11/2012 00:00:00,6.71028,7.01149,6.71028,6.97802,3720
BMP,7/12/2012 00:00:00,7.01149,7.01149,7.01149,7.01149,10
BMP,7/13/2012 00:00:00,7.11189,7.11189,7.02822,7.02822,14680
BMP,7/16/2012 00:00:00,7.27923,7.27923,6.99476,7.02822,10180
BMP,7/17/2012 00:00:00,7.02822,7.27923,7.02822,7.27923,2290
BMP,7/18/2012 00:00:00,7.14536,7.27923,6.96129,7.19556,1830
BMP,7/19/2012 00:00:00,7.19556,7.54697,7.02822,7.53024,18950
BMP,7/20/2012 00:00:00,7.84818,7.86492,7.64738,7.76451,8030
BMP,7/23/2012 00:00:00,7.86492,7.86492,7.69758,7.78125,4350
BMP,7/24/2012 00:00:00,7.53024,7.69758,7.39637,7.59718,14540
BMP,7/25/2012 00:00:00,7.66411,7.68085,7.48004,7.48004,8920
BMP,7/26/2012 00:00:00,7.58044,7.58044,7.27923,7.48004,2120
BMP,7/27/2012 00:00:00,7.3629,7.42984,7.3629,7.3629,1200
BMP,7/30/2012 00:00:00,7.3629,7.66411,7.2123,7.39637,35130
BMP,7/31/2012 00:00:00,7.39637,7.53024,7.39637,7.4131,3040
BMP,8/1/2012 00:00:00,7.29597,7.53024,7.29597,7.42984,1580
BMP,8/2/2012 00:00:00,7.53024,7.66411,7.48004,7.48004,6250
BMP,8/3/2012 00:00:00,7.64738,7.84818,7.48004,7.84818,46760
BMP,8/6/2012 00:00:00,8.13266,8.13266,7.79798,8.13266,6990
BMP,8/7/2012 00:00:00,8.1996,8.53427,8.16613,8.28326,123600
BMP,8/8/2012 00:00:00,8.06572,8.31673,7.94859,7.94859,38890
BMP,8/9/2012 00:00:00,7.86492,7.96532,7.71431,7.91512,28210
BMP,8/10/2012 00:00:00,7.86492,7.94859,7.86492,7.94859,9040
BMP,8/13/2012 00:00:00,7.79798,8.1996,7.78125,7.86492,11440
BMP,8/14/2012 00:00:00,7.86492,8.03226,7.86492,8.01552,12280
BMP,8/15/2012 00:00:00,8.03226,8.26653,7.96532,8.01552,7440
BMP,8/16/2012 00:00:00,8.01552,8.36693,8.01552,8.3,60640
BMP,8/17/2012 00:00:00,8.36693,8.4506,8.3,8.31673,66240
BMP,8/20/2012 00:00:00,8.3502,8.3502,8.16613,8.1996,37410
BMP,8/21/2012 00:00:00,8.1996,8.1996,7.79798,7.79798,151580
BMP,8/22/2012 00:00:00,7.53024,7.86492,7.53024,7.78125,17990
BMP,8/23/2012 00:00:00,7.53024,7.53024,7.39637,7.39637,25310
BMP,8/24/2012 00:00:00,7.02822,7.76451,7.02822,7.73105,74030
BMP,8/27/2012 00:00:00,7.37964,7.69758,7.34617,7.34617,44890
BMP,8/28/2012 00:00:00,7.34617,7.34617,7.02822,7.32943,28470
BMP,8/29/2012 00:00:00,7.51351,7.64738,7.34617,7.58044,27380
BMP,8/30/2012 00:00:00,7.61391,7.68085,7.42984,7.42984,11890
BMP,8/31/2012 00:00:00,7.39637,7.64738,7.27923,7.44657,26680
BMP,9/4/2012 00:00:00,7.61391,7.69758,7.61391,7.64738,16180
BMP,9/5/2012 00:00:00,7.69758,7.98205,7.64738,7.86492,30820
BMP,9/6/2012 00:00:00,7.94859,8.13266,7.94859,8.04899,37430
BMP,9/7/2012 00:00:00,8.03226,8.03226,7.84818,7.88165,26560
BMP,9/10/2012 00:00:00,8.04899,8.04899,7.49677,7.53024,35100
BMP,9/11/2012 00:00:00,7.44657,7.69758,7.3629,7.44657,63870
BMP,9/12/2012 00:00:00,7.53629,7.62601,7.35685,7.35685,32070
BMP,9/13/2012 00:00:00,7.26714,7.53629,7.26714,7.39274,22960
BMP,9/14/2012 00:00:00,7.41068,7.62601,7.41068,7.55423,27630
BMP,9/17/2012 00:00:00,7.53629,7.55423,7.24919,7.24919,30420
BMP,9/18/2012 00:00:00,7.2133,7.30302,6.89032,6.89032,54790
BMP,9/19/2012 00:00:00,6.69294,6.81855,6.60322,6.63911,157850
BMP,9/20/2012 00:00:00,6.51351,6.675,6.49556,6.65706,45340
BMP,9/21/2012 00:00:00,6.65706,6.71089,6.63911,6.71089,14700
BMP,9/24/2012 00:00:00,6.69294,6.74677,6.65706,6.675,23250
BMP,9/25/2012 00:00:00,6.71089,6.74677,6.63911,6.72883,12320
BMP,9/26/2012 00:00:00,6.675,6.72883,6.675,6.71089,9260
BMP,9/27/2012 00:00:00,6.71089,6.72883,6.65706,6.71089,23890
BMP,9/28/2012 00:00:00,6.675,6.78266,6.675,6.72883,29960
BMP,10/1/2012 00:00:00,6.74677,6.74677,6.69294,6.71089,20390
BMP,10/2/2012 00:00:00,6.71089,6.89032,6.69294,6.89032,12410
BMP,10/3/2012 00:00:00,6.83649,6.98004,6.83649,6.90826,10310
BMP,10/4/2012 00:00:00,6.92621,6.92621,6.85443,6.85443,6240
BMP,10/5/2012 00:00:00,6.85443,6.89032,6.83649,6.83649,3220
BMP,10/8/2012 00:00:00,6.81855,6.94415,6.81855,6.94415,2040
BMP,10/9/2012 00:00:00,6.94415,6.94415,6.90826,6.92621,12490
BMP,10/10/2012 00:00:00,6.89032,6.89032,6.85443,6.89032,18160
BMP,10/11/2012 00:00:00,6.9621,6.9621,6.87238,6.89032,3630
BMP,10/12/2012 00:00:00,6.85443,6.9621,6.83649,6.85443,11030
BMP,10/15/2012 00:00:00,6.83649,6.89032,6.83649,6.89032,7960
BMP,10/16/2012 00:00:00,6.89032,7.06976,6.89032,7.05181,4030
BMP,10/17/2012 00:00:00,6.90826,7.06976,6.90826,7.03387,3030
BMP,10/18/2012 00:00:00,7.15947,7.35685,6.81855,6.81855,52790
BMP,10/19/2012 00:00:00,7.05181,7.05181,6.81855,6.87238,22900
BMP,10/22/2012 00:00:00,6.9621,6.9621,6.87238,6.94415,11800
BMP,10/23/2012 00:00:00,6.9621,7.05181,6.94415,7.03387,19060
BMP,10/24/2012 00:00:00,7.06976,7.26714,7.06976,7.17742,100810
BMP,10/25/2012 00:00:00,7.24919,7.26714,7.05181,7.05181,172090
BMP,10/26/2012 00:00:00,7.15947,7.15947,7.06976,7.06976,16560
BMP,10/29/2012 00:00:00,7.15947,7.15947,7.05181,7.05181,5190
BMP,10/30/2012 00:00:00,7.05181,7.0877,6.99798,7.01593,20970
BMP,10/31/2012 00:00:00,6.9621,7.03387,6.9621,6.99798,16250
BMP,11/1/2012 00:00:00,7.10564,7.10564,7.01593,7.03387,30390
BMP,11/2/2012 00:00:00,6.90826,6.9621,6.81855,6.87238,37370
BMP,11/5/2012 00:00:00,6.81855,6.9621,6.81855,6.87238,16680
BMP,11/6/2012 00:00:00,6.94415,6.94415,6.87238,6.94415,28690
BMP,11/7/2012 00:00:00,6.98004,6.98004,6.87238,6.9621,20200
BMP,11/8/2012 00:00:00,6.99798,6.99798,6.89032,6.94415,4980
BMP,11/9/2012 00:00:00,6.94415,6.98004,6.89032,6.98004,10240
BMP,11/12/2012 00:00:00,7.06976,7.06976,6.92621,6.98004,48430
BMP,11/13/2012 00:00:00,6.92621,7.0877,6.92621,7.03387,55760
BMP,11/14/2012 00:00:00,7.03387,7.33891,6.99798,7.33891,35670
BMP,11/15/2012 00:00:00,7.35685,7.44657,7.26714,7.39274,30570
BMP,11/16/2012 00:00:00,7.12359,7.35685,7.12359,7.33891,22390
BMP,11/19/2012 00:00:00,7.35685,7.35685,7.10564,7.14153,19160
BMP,11/20/2012 00:00:00,7.03387,7.19536,7.03387,7.06976,43120
BMP,11/21/2012 00:00:00,7.0877,7.17742,7.0877,7.17742,11040
BMP,11/22/2012 00:00:00,7.32097,7.44657,7.17742,7.35685,41270
BMP,11/23/2012 00:00:00,7.28508,7.35685,7.23125,7.35685,6160
BMP,11/26/2012 00:00:00,7.33891,7.42863,7.17742,7.32097,9260
BMP,11/27/2012 00:00:00,7.32097,7.32097,7.24919,7.24919,12700
BMP,11/28/2012 00:00:00,7.30302,7.30302,7.2133,7.26714,18550
BMP,11/29/2012 00:00:00,7.26714,7.35685,7.26714,7.35685,11520
BMP,11/30/2012 00:00:00,7.41068,7.41068,7.26714,7.35685,10750
BMP,12/3/2012 00:00:00,7.39274,7.39274,7.24919,7.26714,19020
BMP,12/4/2012 00:00:00,7.23125,7.30302,7.23125,7.28508,4130
BMP,12/5/2012 00:00:00,7.26714,7.42863,7.26714,7.30302,23650
BMP,12/6/2012 00:00:00,7.35685,7.35685,7.30302,7.33891,4340
BMP,12/7/2012 00:00:00,7.2133,7.35685,7.2133,7.33891,8970
BMP,12/10/2012 00:00:00,7.42863,7.42863,7.33891,7.33891,5200
BMP,12/11/2012 00:00:00,7.35685,7.41068,7.33891,7.33891,14510
BMP,12/12/2012 00:00:00,7.35685,7.69778,7.35685,7.69778,39220
BMP,12/13/2012 00:00:00,7.9131,7.93105,7.69778,7.87722,510
BMP,12/14/2012 00:00:00,7.87722,7.87722,7.55423,7.55423,7320
BMP,12/17/2012 00:00:00,7.35685,7.7875,7.35685,7.69778,5170
BMP,12/18/2012 00:00:00,7.62601,7.62601,7.44657,7.62601,5870
BMP,12/19/2012 00:00:00,7.55423,7.67984,7.48246,7.67984,5360
BMP,12/20/2012 00:00:00,7.62601,7.62601,7.53629,7.60806,7040
BMP,12/21/2012 00:00:00,7.69778,7.69778,7.48246,7.48246,4640
BMP,12/24/2012 00:00:00,7.73367,7.73367,7.48246,7.67984,4370
BMP,12/25/2012 00:00:00,7.46451,7.67984,7.46451,7.67984,14410
BMP,12/26/2012 00:00:00,7.71572,7.71572,7.62601,7.62601,10690
BMP,12/27/2012 00:00:00,7.71572,7.73367,7.59012,7.73367,106250
BMP,12/28/2012 00:00:00,7.85927,7.98488,7.73367,7.98488,24420
BMP,1/2/2013 00:00:00,7.80544,7.89516,7.80544,7.89516,14900
BMP,1/3/2013 00:00:00,7.85927,8.28992,7.53629,8.05665,20440
BMP,1/4/2013 00:00:00,7.98488,8.12843,7.98488,8.0746,4380
BMP,1/7/2013 00:00:00,7.93105,8.21814,7.93105,8.14637,9270
BMP,1/8/2013 00:00:00,8.16431,8.54113,8.0746,8.54113,61690
BMP,1/9/2013 00:00:00,8.93589,8.93589,8.55907,8.70262,70380
BMP,1/10/2013 00:00:00,8.9,8.9,8.70262,8.81028,20310
BMP,1/11/2013 00:00:00,8.88205,8.91794,8.55907,8.68468,25150
BMP,1/14/2013 00:00:00,8.68468,8.75645,8.46935,8.6129,26890
BMP,1/15/2013 00:00:00,8.68468,8.68468,8.25403,8.55907,33970
BMP,1/16/2013 00:00:00,8.55907,8.6129,8.43347,8.52318,51110
BMP,1/17/2013 00:00:00,8.68468,8.68468,8.43347,8.43347,34990
BMP,1/18/2013 00:00:00,8.43347,8.70262,8.39758,8.6129,31130
BMP,1/21/2013 00:00:00,9.06149,9.06149,8.70262,8.73851,14990
BMP,1/22/2013 00:00:00,8.79234,8.97177,8.6129,8.77439,8900
BMP,1/23/2013 00:00:00,8.86411,8.86411,8.66673,8.79234,46050
BMP,1/24/2013 00:00:00,8.79234,8.95383,8.79234,8.95383,32390
BMP,1/25/2013 00:00:00,8.97177,9.51008,8.97177,9.42036,109190
BMP,1/28/2013 00:00:00,9.77923,10.0484,9.5998,9.68951,52400
BMP,1/29/2013 00:00:00,9.68951,9.77923,9.24093,9.24093,40250
BMP,1/30/2013 00:00:00,9.24093,9.5998,9.24093,9.5998,15170
BMP,1/31/2013 00:00:00,9.33064,9.51008,9.24093,9.33064,24830
BMP,2/1/2013 00:00:00,9.24093,9.24093,8.97177,9.15121,93350
BMP,2/4/2013 00:00:00,9.15121,9.77923,9.15121,9.33064,58400
BMP,2/5/2013 00:00:00,9.24093,9.68951,9.24093,9.51008,22210
BMP,2/6/2013 00:00:00,9.42036,9.77923,9.42036,9.68951,21000
BMP,2/7/2013 00:00:00,9.86895,9.86895,9.5998,9.68951,19480
BMP,2/8/2013 00:00:00,9.68951,9.86895,9.68951,9.86895,7090
BMP,2/18/2013 00:00:00,9.95867,10.1381,9.86895,10.0484,35410
BMP,2/19/2013 00:00:00,10.1381,10.3175,9.95867,9.95867,12670
BMP,2/20/2013 00:00:00,10.0484,10.0484,9.77923,9.86895,28460
BMP,2/21/2013 00:00:00,9.86895,9.86895,9.51008,9.51008,76160
BMP,2/22/2013 00:00:00,9.77923,9.77923,9.33064,9.68951,20160
BMP,2/25/2013 00:00:00,9.68951,9.86895,9.68951,9.77923,2480
BMP,2/26/2013 00:00:00,9.51008,9.77923,9.24093,9.24093,27120
BMP,2/27/2013 00:00:00,9.33064,9.51008,8.91794,9.51008,34360
BMP,2/28/2013 00:00:00,9.68951,9.68951,9.68951,9.68951,5900
BMP,3/1/2013 00:00:00,9.51008,9.68951,9.51008,9.68951,9240
BMP,3/4/2013 00:00:00,9.42036,9.68951,9.24093,9.24093,24910
BMP,3/5/2013 00:00:00,9.15121,9.24093,8.88205,9.15121,34480
BMP,3/6/2013 00:00:00,9.15121,9.24093,9.15121,9.15121,5020
BMP,3/7/2013 00:00:00,9.06149,9.68951,9.06149,9.33064,5050
BMP,3/8/2013 00:00:00,9.15121,9.51008,9.15121,9.33064,2780
BMP,3/11/2013 00:00:00,9.33064,9.77923,9.33064,9.68951,7010
BMP,3/12/2013 00:00:00,9.68951,9.86895,9.51008,9.51008,36800
BMP,3/13/2013 00:00:00,9.86895,9.86895,9.5998,9.86895,46180
BMP,3/14/2013 00:00:00,9.95867,10.497,9.86895,10.497,65720
BMP,3/15/2013 00:00:00,11.2147,11.2147,11.0353,11.125,135710
BMP,3/18/2013 00:00:00,11.3044,11.3942,10.9456,11.0353,22030
BMP,3/19/2013 00:00:00,11.0353,11.0353,10.8558,11.0353,44360
BMP,3/20/2013 00:00:00,10.9456,11.0353,10.7661,10.9456,44490
BMP,3/21/2013 00:00:00,10.9456,11.4839,10.9456,11.3044,95170
BMP,3/22/2013 00:00:00,11.3044,11.3044,11.0353,11.125,35710
BMP,3/25/2013 00:00:00,11.125,11.3044,10.9456,11.125,43720
BMP,3/26/2013 00:00:00,11.3942,11.8427,11.3942,11.8427,275560
BMP,3/27/2013 00:00:00,12.381,12.381,11.6633,11.753,43660
BMP,3/28/2013 00:00:00,11.6633,11.8427,11.5736,11.753,44010
BMP,3/29/2013 00:00:00,11.753,11.753,11.3044,11.6633,47400
BMP,4/1/2013 00:00:00,11.6633,12.4708,11.3942,12.4708,170030
BMP,4/2/2013 00:00:00,12.5605,12.7399,12.1119,12.1119,75060
BMP,4/3/2013 00:00:00,12.2016,12.4708,12.1119,12.2016,75010
BMP,4/4/2013 00:00:00,12.2913,12.2913,11.753,11.753,74540
BMP,4/5/2013 00:00:00,11.8427,12.2016,11.6633,11.9325,55060
BMP,4/8/2013 00:00:00,12.0222,12.2016,11.9325,12.0222,87670
BMP,4/9/2013 00:00:00,12.0222,12.1119,11.9325,12.1119,56330
BMP,4/10/2013 00:00:00,12.2016,12.9194,12.2016,12.2016,151730
BMP,4/11/2013 00:00:00,12.2913,12.5605,12.2016,12.2016,43350
BMP,4/12/2013 00:00:00,12.381,13.0091,12.1119,12.381,171380
BMP,4/15/2013 00:00:00,12.4708,12.4708,12.0222,12.0222,139150
BMP,4/16/2013 00:00:00,11.9325,12.2016,11.6633,11.8427,74240
BMP,4/17/2013 00:00:00,12.0222,12.0222,11.4839,11.6633,95520
BMP,4/18/2013 00:00:00,11.4839,12.0222,11.4839,12.0222,39230
BMP,4/22/2013 00:00:00,12.0222,12.0222,11.8427,11.8427,23550
BMP,4/23/2013 00:00:00,11.8427,11.9325,11.6633,11.8427,24410
BMP,4/24/2013 00:00:00,11.753,12.381,11.753,12.0222,60950
BMP,4/25/2013 00:00:00,12.2913,12.2913,11.8427,12.0222,35710
BMP,4/26/2013 00:00:00,12.1119,12.1119,11.753,11.8427,31900
BMP,5/2/2013 00:00:00,11.6633,11.6633,11.3044,11.6633,48220
BMP,5/3/2013 00:00:00,11.3942,11.753,11.3942,11.6633,12780
BMP,5/6/2013 00:00:00,11.6633,11.8427,11.5736,11.753,18940
BMP,5/7/2013 00:00:00,11.753,11.8427,11.753,11.8427,18590
BMP,5/8/2013 00:00:00,11.9325,12.0222,11.8427,11.9325,15900
BMP,5/9/2013 00:00:00,11.9325,12.0222,11.9325,11.9325,15940
BMP,5/10/2013 00:00:00,12.0222,12.0222,11.4839,11.8427,13890
BMP,5/13/2013 00:00:00,11.8427,11.9325,11.6633,11.753,14770
BMP,5/14/2013 00:00:00,11.753,11.753,11.5736,11.5736,28460
BMP,5/15/2013 00:00:00,11.5736,11.6633,11.4839,11.6633,14700
BMP,5/16/2013 00:00:00,11.4839,11.6633,11.4839,11.6633,15770
BMP,5/17/2013 00:00:00,11.4839,11.5736,11.4839,11.4839,11660
BMP,5/20/2013 00:00:00,11.5736,11.5736,11.3942,11.5736,38900
BMP,5/21/2013 00:00:00,11.6633,12.0222,11.6633,12.0222,72110
BMP,5/22/2013 00:00:00,12.2016,12.2016,11.9325,12.1119,40870
BMP,5/23/2013 00:00:00,12.0222,12.381,11.9325,12.2016,78770
BMP,5/24/2013 00:00:00,12.2016,12.5605,12.2016,12.5605,44560
BMP,5/27/2013 00:00:00,12.7399,13.0091,12.7399,12.8296,116540
BMP,5/28/2013 00:00:00,13.0091,13.0091,12.7399,12.9194,65220
BMP,5/29/2013 00:00:00,12.9194,13.0091,12.8296,12.8296,57000
BMP,5/30/2013 00:00:00,12.8296,12.9194,12.7399,12.9194,27030
BMP,5/31/2013 00:00:00,12.9194,13.0091,12.8296,12.8296,48350
BMP,6/3/2013 00:00:00,12.8296,13.0091,12.8296,12.9194,35100
BMP,6/4/2013 00:00:00,13.0988,13.2782,12.9194,13.0988,41750
BMP,6/5/2013 00:00:00,13.2782,13.2782,13.0091,13.0988,9260
BMP,6/6/2013 00:00:00,13.1885,13.6371,13.1885,13.6371,64360
BMP,6/7/2013 00:00:00,13.9062,13.9062,13.6371,13.8165,21070
BMP,6/10/2013 00:00:00,14.4446,14.7137,14.2651,14.5343,88330
BMP,6/11/2013 00:00:00,14.7137,15.252,14.4446,14.9829,85640
BMP,6/12/2013 00:00:00,15.0726,15.9698,14.9829,15.9698,162360
BMP,6/13/2013 00:00:00,16.1492,16.5081,15.9698,16.4183,90800
BMP,6/14/2013 00:00:00,16.4183,16.4183,15.7903,16.0595,145610
BMP,6/17/2013 00:00:00,15.88,15.88,14.9829,15.0726,118750
BMP,6/18/2013 00:00:00,14.624,15.0726,14.0857,15.0726,100680
BMP,6/19/2013 00:00:00,15.5321,16.01,15.5321,16.01,102480
BMP,6/20/2013 00:00:00,16.01,16.1295,15.5321,15.5321,36010
BMP,6/21/2013 00:00:00,15.6516,15.6516,15.0542,15.0542,26330
BMP,6/24/2013 00:00:00,15.0542,15.5321,14.8152,15.0542,72890
BMP,6/25/2013 00:00:00,15.0542,15.0542,14.0984,14.3373,124360
BMP,6/26/2013 00:00:00,14.3373,14.5763,13.8594,14.3373,45780
BMP,6/27/2013 00:00:00,14.8152,14.8152,14.3373,14.6958,48830
BMP,6/28/2013 00:00:00,14.9347,15.4126,14.8152,15.1737,164910
BMP,7/1/2013 00:00:00,15.4126,15.4126,15.0542,15.2932,67540
BMP,7/2/2013 00:00:00,15.2932,15.7711,15.2932,15.6516,91290
BMP,7/3/2013 00:00:00,15.6516,15.7711,15.4126,15.6516,36890
BMP,7/4/2013 00:00:00,15.6516,15.7711,15.4126,15.7711,72740
BMP,7/5/2013 00:00:00,15.7711,16.01,15.6516,15.6516,83200
BMP,7/8/2013 00:00:00,15.6516,15.7711,15.4126,15.5321,50760
BMP,7/9/2013 00:00:00,15.5321,15.5321,15.1737,15.2932,38680
BMP,7/10/2013 00:00:00,15.1737,15.4126,15.1737,15.2932,26230
BMP,7/11/2013 00:00:00,15.2932,15.2932,14.8152,15.2932,37910
BMP,7/12/2013 00:00:00,15.2932,15.6516,15.2932,15.6516,43210
BMP,7/15/2013 00:00:00,15.6516,15.7711,15.4126,15.5321,17560
BMP,7/16/2013 00:00:00,15.5321,15.6516,15.5321,15.6516,27610
BMP,7/17/2013 00:00:00,15.4126,15.7711,15.4126,15.7711,19490
BMP,7/18/2013 00:00:00,15.7711,16.8464,15.7711,16.6074,139620
BMP,7/19/2013 00:00:00,16.8464,17.6827,16.6074,17.4438,106560
BMP,7/22/2013 00:00:00,17.6827,18.1606,17.4438,17.8022,54600
BMP,7/23/2013 00:00:00,17.6827,17.8022,17.3243,17.4438,104150
BMP,7/24/2013 00:00:00,17.6827,17.6827,16.9658,17.2048,100810
BMP,7/25/2013 00:00:00,17.2048,17.3243,16.9658,17.2048,46450
BMP,7/26/2013 00:00:00,17.3243,17.3243,16.7269,17.2048,50740
BMP,7/29/2013 00:00:00,16.9658,17.3243,16.6074,16.9658,84300
BMP,7/30/2013 00:00:00,16.9658,17.2048,16.8464,17.2048,24960
BMP,7/31/2013 00:00:00,16.9658,17.3243,16.9658,17.2048,13800
BMP,8/1/2013 00:00:00,17.0853,17.9217,17.0853,17.6827,67380
BMP,8/2/2013 00:00:00,17.6827,18.0411,17.6827,17.8022,89930
BMP,8/5/2013 00:00:00,17.9217,18.6385,17.8022,18.3996,142670
BMP,8/6/2013 00:00:00,18.6385,18.8775,18.5191,18.8775,102890
BMP,8/7/2013 00:00:00,18.8775,18.8775,18.1606,18.1606,149050
BMP,8/8/2013 00:00:00,18.1606,18.3996,18.0411,18.0411,76850
BMP,8/9/2013 00:00:00,18.0411,18.2801,18.0411,18.2801,54350
BMP,8/12/2013 00:00:00,18.2801,18.8775,18.2801,18.6385,137700
BMP,8/13/2013 00:00:00,18.6385,18.997,18.5191,18.758,109510
BMP,8/14/2013 00:00:00,18.6385,18.758,18.5191,18.6385,57110
BMP,8/15/2013 00:00:00,18.6385,18.8775,18.5191,18.6385,94210
BMP,8/16/2013 00:00:00,18.6385,18.8775,18.5191,18.6385,56770
BMP,8/19/2013 00:00:00,18.5191,19.7138,18.5191,19.5944,212680
BMP,8/20/2013 00:00:00,19.4749,19.7138,19.2359,19.5944,150450
BMP,8/21/2013 00:00:00,19.4749,19.7138,19.1164,19.5944,167150
BMP,8/22/2013 00:00:00,19.5944,19.5944,18.997,19.1164,152160
BMP,8/23/2013 00:00:00,19.1164,19.1164,18.1606,18.2801,194270
BMP,8/26/2013 00:00:00,17.9217,18.3996,17.6827,18.2801,234410
BMP,8/27/2013 00:00:00,18.2801,18.2801,17.6827,17.8022,70080
BMP,8/28/2013 00:00:00,17.6827,17.6827,16.7269,16.9658,249350
BMP,8/29/2013 00:00:00,16.9658,17.4438,16.6074,16.8464,165360
BMP,8/30/2013 00:00:00,16.9658,17.4438,16.6074,17.4438,76660
BMP,9/3/2013 00:00:00,17.5632,17.8022,17.3243,17.3243,79050
BMP,9/4/2013 00:00:00,17.4438,17.4438,16.8464,16.9658,89530
BMP,9/5/2013 00:00:00,17.2048,17.3243,16.8464,17.3243,77310
BMP,9/6/2013 00:00:00,17.3243,17.3243,17.0853,17.3243,23950
BMP,9/9/2013 00:00:00,17.0853,17.0853,16.7269,16.8464,32990
BMP,9/10/2013 00:00:00,16.8464,17.5632,16.8464,17.4438,135730
BMP,9/11/2013 00:00:00,17.5632,18.0411,17.5632,17.5632,229480
BMP,9/12/2013 00:00:00,17.5632,17.8022,17.4438,17.4438,33300
BMP,9/13/2013 00:00:00,17.6827,17.9217,17.5632,17.8022,89450
BMP,9/16/2013 00:00:00,18.0411,18.0411,17.8022,17.9217,60750
BMP,9/17/2013 00:00:00,18.0411,18.1606,17.8022,18.0411,52890
BMP,9/18/2013 00:00:00,18.1606,18.758,18.0411,18.3996,82630
BMP,9/19/2013 00:00:00,18.5191,18.758,18.5191,18.5191,69520
BMP,9/20/2013 00:00:00,18.3996,18.5191,18.2801,18.2801,32100
BMP,9/23/2013 00:00:00,18.2801,18.5191,18.2801,18.5191,30260
BMP,9/24/2013 00:00:00,18.5191,18.6385,18.3996,18.5191,34330
BMP,9/25/2013 00:00:00,18.6385,18.8775,18.5191,18.6385,87770
BMP,9/26/2013 00:00:00,18.6385,18.758,18.3996,18.6385,72080
BMP,9/27/2013 00:00:00,18.5191,18.5191,18.2801,18.3996,70400
BMP,9/30/2013 00:00:00,18.3996,18.5191,18.2801,18.3996,80190
BMP,10/1/2013 00:00:00,18.3996,18.5191,18.1606,18.3996,118230
BMP,10/2/2013 00:00:00,18.2801,18.5191,18.2801,18.3996,77990
BMP,10/3/2013 00:00:00,18.2801,18.3996,18.1606,18.3996,56870
BMP,10/4/2013 00:00:00,18.1606,18.3996,18.1606,18.2801,104380
BMP,10/7/2013 00:00:00,18.1606,18.2801,17.9217,18.2801,82640
BMP,10/8/2013 00:00:00,18.2801,18.3996,18.1606,18.2801,49890
BMP,10/9/2013 00:00:00,18.2801,18.3996,18.2801,18.2801,69010
BMP,10/10/2013 00:00:00,18.2801,18.5191,18.1606,18.1606,173830
BMP,10/11/2013 00:00:00,18.1606,18.2801,18.0411,18.0411,124790
BMP,10/14/2013 00:00:00,18.0411,18.0411,17.8022,18.0411,57850
BMP,10/15/2013 00:00:00,18.0411,18.1606,17.9217,18.0411,42000
BMP,10/16/2013 00:00:00,17.9217,18.0411,17.6827,17.9217,82410
BMP,10/17/2013 00:00:00,17.9217,18.0411,17.6827,17.6827,52510
BMP,10/18/2013 00:00:00,16.4879,17.2048,16.4879,16.4879,648570
BMP,10/21/2013 00:00:00,16.7269,16.9658,16.3685,16.6074,131270
BMP,10/22/2013 00:00:00,16.6074,16.9658,16.6074,16.9658,60230
BMP,10/23/2013 00:00:00,16.8464,16.9658,16.7269,16.8464,67440
BMP,10/24/2013 00:00:00,16.8464,16.8464,16.3685,16.4879,143920
BMP,10/25/2013 00:00:00,16.4879,16.4879,15.7711,16.01,144290
BMP,10/28/2013 00:00:00,16.01,16.249,16.01,16.01,46360
BMP,10/29/2013 00:00:00,16.01,16.01,15.7711,16.01,26190
BMP,10/30/2013 00:00:00,16.1295,16.3685,16.01,16.3685,51030
BMP,10/31/2013 00:00:00,16.4879,16.4879,16.1295,16.1295,19370
BMP,11/1/2013 00:00:00,16.1295,16.1295,16.01,16.1295,14700
BMP,11/4/2013 00:00:00,16.1295,16.1295,16.01,16.1295,30300
BMP,11/5/2013 00:00:00,16.1295,16.1295,16.01,16.01,32070
BMP,11/6/2013 00:00:00,16.01,16.1295,15.8905,16.01,71090
BMP,11/7/2013 00:00:00,16.01,16.1295,15.8905,16.01,54130
BMP,11/8/2013 00:00:00,16.01,16.249,15.8905,16.249,48590
BMP,11/11/2013 00:00:00,16.1295,16.249,16.1295,16.1295,51050
BMP,11/12/2013 00:00:00,16.372,16.372,16.1295,16.2508,51360
BMP,11/13/2013 00:00:00,16.2508,16.2508,16.0082,16.0082,19590
BMP,11/14/2013 00:00:00,16.0082,16.1295,15.8869,16.1295,42690
BMP,11/15/2013 00:00:00,16.1295,16.6146,16.1295,16.4933,80390
BMP,11/18/2013 00:00:00,16.7359,17.0997,16.6146,16.9784,107350
BMP,11/19/2013 00:00:00,17.0997,17.0997,16.8571,16.8571,29740
BMP,11/20/2013 00:00:00,16.8571,16.8571,16.6146,16.7359,13590
BMP,11/21/2013 00:00:00,16.6146,16.8571,16.6146,16.7359,35560
BMP,11/22/2013 00:00:00,16.7359,16.7359,16.4933,16.7359,36580
BMP,11/25/2013 00:00:00,16.7359,16.9784,16.6146,16.6146,69920
BMP,11/26/2013 00:00:00,16.6146,16.9784,16.6146,16.8571,38140
BMP,11/27/2013 00:00:00,16.9784,16.9784,16.8571,16.8571,25030
BMP,11/28/2013 00:00:00,16.8571,16.9784,16.8571,16.8571,28840
BMP,11/29/2013 00:00:00,16.8571,16.8571,16.7359,16.8571,28280
BMP,12/2/2013 00:00:00,16.8571,16.8571,16.7359,16.8571,38130
BMP,12/3/2013 00:00:00,16.8571,17.8273,16.8571,17.5848,149740
BMP,12/4/2013 00:00:00,17.8273,17.8273,17.5848,17.8273,59240
BMP,12/5/2013 00:00:00,17.8273,17.8273,17.4635,17.5848,13260
BMP,12/6/2013 00:00:00,17.5848,17.5848,17.3422,17.3422,29190
BMP,12/9/2013 00:00:00,17.221,17.3422,17.0997,17.3422,24060
BMP,12/10/2013 00:00:00,17.4635,17.4635,17.221,17.4635,30370
BMP,12/11/2013 00:00:00,17.4635,17.4635,17.0997,17.221,35420
BMP,12/12/2013 00:00:00,17.221,17.3422,17.221,17.3422,18290
BMP,12/13/2013 00:00:00,17.3422,17.3422,17.221,17.3422,32580
BMP,12/16/2013 00:00:00,17.221,17.3422,17.221,17.221,9450
BMP,12/17/2013 00:00:00,17.221,17.3422,17.0997,17.0997,20640
BMP,12/18/2013 00:00:00,17.0997,17.0997,16.8571,17.0997,23270
BMP,12/19/2013 00:00:00,17.3422,17.3422,16.9784,17.0997,17510
BMP,12/20/2013 00:00:00,17.0997,17.0997,16.9784,16.9784,18940
BMP,12/23/2013 00:00:00,16.9784,16.9784,16.8571,16.9784,19530
BMP,12/24/2013 00:00:00,16.9784,16.9784,16.8571,16.9784,19610
BMP,12/25/2013 00:00:00,17.221,17.221,16.9784,16.9784,6080
BMP,12/26/2013 00:00:00,16.9784,17.4635,16.9784,16.9784,66620
BMP,12/27/2013 00:00:00,17.3422,17.3422,17.0997,17.0997,5030
BMP,12/30/2013 00:00:00,17.3422,17.3422,16.8571,16.8571,23990
BMP,12/31/2013 00:00:00,16.8571,17.3422,16.8571,16.9784,19290
BMP,1/2/2014 00:00:00,17.0997,17.221,16.9784,16.9784,16500
BMP,1/3/2014 00:00:00,17.0997,17.0997,16.9784,16.9784,1900
BMP,1/6/2014 00:00:00,16.9784,17.0997,16.8571,17.0997,21240
BMP,1/7/2014 00:00:00,17.221,17.3422,17.0997,17.0997,25830
BMP,1/8/2014 00:00:00,17.0997,17.221,17.0997,17.221,19590
BMP,1/9/2014 00:00:00,17.0997,17.221,16.9784,17.221,56140
BMP,1/10/2014 00:00:00,17.221,17.4635,17.221,17.3422,72150
BMP,1/13/2014 00:00:00,17.4635,17.4635,17.3422,17.4635,13450
BMP,1/14/2014 00:00:00,17.4635,17.9486,17.4635,17.8273,48040
BMP,1/15/2014 00:00:00,17.8273,17.9486,17.7061,17.7061,54500
BMP,1/16/2014 00:00:00,17.9486,17.9486,17.7061,17.8273,38440
BMP,1/17/2014 00:00:00,17.9486,18.3124,17.8273,18.1912,105700
BMP,1/20/2014 00:00:00,18.1912,18.6763,18.1912,18.555,31150
BMP,1/21/2014 00:00:00,18.555,18.6763,18.3124,18.6763,25410
BMP,1/22/2014 00:00:00,18.6763,19.0401,18.4337,18.4337,61470
BMP,1/23/2014 00:00:00,18.4337,18.4337,18.1912,18.4337,30950
BMP,1/24/2014 00:00:00,18.1912,18.555,18.1912,18.555,31760
BMP,1/27/2014 00:00:00,18.555,18.6763,18.4337,18.6763,63310
BMP,2/6/2014 00:00:00,18.9188,18.9188,18.555,18.6763,13850
BMP,2/7/2014 00:00:00,18.7975,18.7975,18.3124,18.4337,17430
BMP,2/10/2014 00:00:00,18.555,18.555,18.3124,18.4337,37850
BMP,2/11/2014 00:00:00,18.6763,18.6763,18.4337,18.4337,60480
BMP,2/12/2014 00:00:00,18.6763,18.6763,18.3124,18.4337,13850
BMP,2/13/2014 00:00:00,18.6763,18.6763,18.4337,18.555,41010
BMP,2/14/2014 00:00:00,18.6763,18.6763,18.4337,18.6763,29190
BMP,2/17/2014 00:00:00,18.4337,18.555,18.4337,18.4337,57040
BMP,2/18/2014 00:00:00,18.555,18.555,18.4337,18.555,24170
BMP,2/19/2014 00:00:00,18.555,18.555,18.4337,18.555,32190
BMP,2/20/2014 00:00:00,18.6763,18.6763,18.1912,18.1912,90410
BMP,2/21/2014 00:00:00,18.1912,18.4337,17.8273,18.1912,64700
BMP,2/24/2014 00:00:00,18.1912,19.0401,18.1912,19.0401,123080
BMP,2/25/2014 00:00:00,18.7975,19.0401,18.6763,18.9188,31230
BMP,2/26/2014 00:00:00,19.0401,19.0401,18.6763,18.9188,12590
BMP,2/27/2014 00:00:00,18.9188,18.9188,18.555,18.555,44360
BMP,2/28/2014 00:00:00,18.555,18.6763,18.1912,18.555,39510
BMP,3/3/2014 00:00:00,18.4337,18.555,18.1912,18.1912,56210
BMP,3/4/2014 00:00:00,18.0699,18.1912,18.0699,18.1912,46340
BMP,3/5/2014 00:00:00,18.3124,18.4337,18.0699,18.1912,45680
BMP,3/6/2014 00:00:00,18.4337,18.4337,18.1912,18.3124,52960
BMP,3/7/2014 00:00:00,18.1912,18.4337,18.1912,18.3124,22610
BMP,3/10/2014 00:00:00,18.3124,18.3124,17.9486,18.1912,97550
BMP,3/11/2014 00:00:00,18.4337,18.7975,18.4337,18.6763,75220
BMP,3/12/2014 00:00:00,18.6763,18.7975,18.6763,18.7975,16430
BMP,3/13/2014 00:00:00,18.6763,20.0103,18.6763,20.0103,260570
BMP,3/14/2014 00:00:00,20.0103,20.8592,19.889,20.3741,208670
BMP,3/17/2014 00:00:00,20.1316,20.8592,20.1316,20.7379,57250
BMP,3/18/2014 00:00:00,20.3741,21.3443,20.3741,20.4954,175970
BMP,3/19/2014 00:00:00,20.3741,20.7379,20.3741,20.4954,149550
BMP,3/20/2014 00:00:00,20.7379,20.7379,20.1316,20.1316,71320
BMP,3/21/2014 00:00:00,20.2528,20.3741,20.1316,20.2528,40970
BMP,3/24/2014 00:00:00,20.4954,20.4954,20.0103,20.1316,36580
BMP,3/25/2014 00:00:00,20.3741,20.3741,19.7677,19.889,125280
BMP,3/26/2014 00:00:00,20.0103,20.0103,19.1614,19.1614,112630
BMP,3/27/2014 00:00:00,19.5252,19.5252,18.6763,19.1614,72020
BMP,3/28/2014 00:00:00,19.4039,19.4039,19.0401,19.4039,15570
BMP,3/31/2014 00:00:00,19.4039,19.5252,19.1614,19.1614,60090
BMP,4/1/2014 00:00:00,19.1614,19.4039,18.9188,19.0401,45540
BMP,4/2/2014 00:00:00,19.1614,19.6465,18.9188,19.6465,56710
BMP,4/3/2014 00:00:00,19.5252,19.889,19.5252,19.6465,15970
BMP,4/4/2014 00:00:00,19.6465,19.7677,19.5252,19.6465,4910
BMP,4/7/2014 00:00:00,19.7677,20.0103,19.7677,20.0103,32340
BMP,4/8/2014 00:00:00,20.0103,20.1316,19.889,20.1316,51280
BMP,4/10/2014 00:00:00,20.1316,20.1316,19.889,20.0103,17020
BMP,4/11/2014 00:00:00,19.7677,19.7677,19.4039,19.6465,35420
BMP,4/14/2014 00:00:00,19.5252,19.889,19.1614,19.4039,74700
BMP,4/15/2014 00:00:00,19.4039,19.4039,19.0401,19.2826,22430
BMP,4/16/2014 00:00:00,19.2826,19.2826,18.555,19.1614,65320
BMP,4/17/2014 00:00:00,19.0401,19.4039,19.0401,19.4039,43100
BMP,4/18/2014 00:00:00,19.4039,19.4039,18.9188,19.2826,18190
BMP,4/21/2014 00:00:00,18.9188,19.2826,18.1912,18.3124,67650
BMP,4/22/2014 00:00:00,18.1912,18.6763,18.0699,18.6763,71060
BMP,4/23/2014 00:00:00,18.6763,18.6763,18.555,18.555,18190
BMP,4/24/2014 00:00:00,18.4337,18.9188,18.4337,18.6763,5310
BMP,4/25/2014 00:00:00,18.6763,18.7975,18.6763,18.6763,33150
BMP,4/28/2014 00:00:00,18.6763,18.9188,17.9486,17.9486,22340
BMP,4/29/2014 00:00:00,18.0699,18.3124,17.9486,18.1912,31710
BMP,5/5/2014 00:00:00,18.3124,18.3124,17.7061,17.8273,33940
BMP,5/6/2014 00:00:00,17.8273,17.8273,16.9784,17.4635,48310
BMP,5/7/2014 00:00:00,17.4635,17.7061,17.4635,17.5848,29330
BMP,5/8/2014 00:00:00,17.5848,17.5848,16.372,16.372,219420
BMP,5/9/2014 00:00:00,16.372,16.7359,15.7657,16.7359,66060
BMP,5/12/2014 00:00:00,16.7359,16.7359,15.6444,15.7657,82520
BMP,5/13/2014 00:00:00,15.7657,15.7657,15.2806,15.7657,9430
BMP,5/14/2014 00:00:00,15.2806,16.2508,15.2806,16.2508,32310
BMP,5/15/2014 00:00:00,16.7508,16.8758,15.7507,16.2508,17390
BMP,5/16/2014 00:00:00,15.8758,16.5008,15.8758,16.1258,13430
BMP,5/19/2014 00:00:00,16.0008,16.5008,16.0008,16.2508,30950
BMP,5/20/2014 00:00:00,16.3758,16.6258,16.2508,16.5008,8590
BMP,5/21/2014 00:00:00,16.5008,16.6258,16.3758,16.6258,52370
BMP,5/22/2014 00:00:00,16.8758,16.8758,16.6258,16.7508,36730
BMP,5/23/2014 00:00:00,16.7508,16.7508,16.5008,16.5008,18290
BMP,5/26/2014 00:00:00,16.3758,16.5008,16.2508,16.5008,14860
BMP,5/27/2014 00:00:00,16.1258,16.6258,16.1258,16.5008,36530
BMP,5/28/2014 00:00:00,16.3758,16.7508,16.3758,16.6258,15040
BMP,5/29/2014 00:00:00,16.3758,16.6258,16.3758,16.5008,82760
BMP,5/30/2014 00:00:00,16.3758,16.7508,16.3758,16.7508,42840
BMP,6/2/2014 00:00:00,16.7508,16.7508,16.3758,16.3758,20890
BMP,6/3/2014 00:00:00,16.3758,16.8758,16.3758,16.7508,84280
BMP,6/4/2014 00:00:00,16.5008,17.0008,16.5008,16.8758,67860
BMP,6/5/2014 00:00:00,16.7508,17.1258,16.7508,17.0008,47160
BMP,6/6/2014 00:00:00,17.0008,17.8758,17.0008,17.8758,93120
BMP,6/9/2014 00:00:00,17.3758,17.6258,17.3758,17.6258,61350
BMP,6/10/2014 00:00:00,17.2508,17.3758,17.0008,17.1258,49200
BMP,6/11/2014 00:00:00,17.2508,17.2508,16.8758,16.8758,64990
BMP,6/12/2014 00:00:00,17.0008,17.3758,17.0008,17.1258,34540
BMP,6/13/2014 00:00:00,16.7508,17.2508,16.7508,17.0008,43990
BMP,6/16/2014 00:00:00,17.0008,17.2508,17.0008,17.2508,25180
BMP,6/17/2014 00:00:00,17.2508,17.2508,17.1258,17.2508,21340
BMP,6/18/2014 00:00:00,17.1258,17.3758,17.1258,17.2508,55100
BMP,6/19/2014 00:00:00,17.1258,17.2508,17.0008,17.1258,116010
BMP,6/20/2014 00:00:00,17.1258,17.5008,17.1258,17.2508,61970
BMP,6/23/2014 00:00:00,17.2508,17.7508,17.2508,17.6258,48380
BMP,6/24/2014 00:00:00,17.2508,17.6258,17.2508,17.6258,20100
BMP,6/25/2014 00:00:00,17.5008,17.8758,17.3758,17.5008,26760
BMP,6/26/2014 00:00:00,17.7508,18.0009,17.3758,18.0009,57270
BMP,6/27/2014 00:00:00,18.0009,18.0009,17.7508,17.8758,9790
BMP,6/30/2014 00:00:00,17.7508,17.7508,17.5008,17.5008,3110
BMP,7/1/2014 00:00:00,17.5008,17.6258,17.2508,17.2508,29370
BMP,7/2/2014 00:00:00,17.5008,17.6258,17.5008,17.5008,16470
BMP,7/3/2014 00:00:00,17.7508,17.7508,17.5008,17.5008,16300
BMP,7/4/2014 00:00:00,17.5008,18.0009,17.5008,17.6258,36180
BMP,7/7/2014 00:00:00,17.6258,17.8758,17.6258,17.6258,7120
BMP,7/8/2014 00:00:00,17.6258,17.7508,17.6258,17.7508,43840
BMP,7/9/2014 00:00:00,17.6258,17.7508,17.6258,17.7508,18140
BMP,7/10/2014 00:00:00,17.8758,17.8758,17.5008,17.7508,33510
BMP,7/11/2014 00:00:00,17.7508,17.7508,17.6258,17.7508,34330
BMP,7/14/2014 00:00:00,17.7508,17.8758,17.7508,17.8758,30170
BMP,7/15/2014 00:00:00,18.1259,18.1259,18.0009,18.0009,35050
BMP,7/16/2014 00:00:00,18.2509,18.2509,18.0009,18.0009,23460
BMP,7/17/2014 00:00:00,18.1259,18.2509,18.1259,18.2509,33260
BMP,7/18/2014 00:00:00,18.1259,18.1259,18.0009,18.0009,19740
BMP,7/21/2014 00:00:00,18.0009,18.2509,18.0009,18.1259,59840
BMP,7/22/2014 00:00:00,18.1259,18.3759,18.1259,18.2509,81910
BMP,7/23/2014 00:00:00,18.2509,18.2509,18.0009,18.0009,16930
BMP,7/24/2014 00:00:00,18.2509,18.2509,17.8758,18.2509,21030
BMP,7/25/2014 00:00:00,18.2509,18.2509,17.8758,17.8758,19460
BMP,7/28/2014 00:00:00,17.6258,17.7508,17.2508,17.2508,179630
BMP,7/29/2014 00:00:00,17.2508,17.3758,17.2508,17.3758,35710
BMP,7/30/2014 00:00:00,17.3758,17.7508,17.3758,17.5008,55110
BMP,7/31/2014 00:00:00,17.7508,17.8758,17.5008,17.6258,40010
BMP,8/1/2014 00:00:00,17.5008,17.5008,17.2508,17.2508,49180
BMP,8/4/2014 00:00:00,17.2508,17.2508,17.0008,17.1258,73480
BMP,8/5/2014 00:00:00,17.0008,17.1258,16.8758,17.1258,122680
BMP,8/6/2014 00:00:00,17.1258,17.3758,17.1258,17.2508,38790
BMP,8/7/2014 00:00:00,17.2508,17.2508,17.1258,17.2508,11330
BMP,8/8/2014 00:00:00,17.2508,17.2508,17.1258,17.2508,17330
BMP,8/11/2014 00:00:00,17.3758,17.5008,17.1258,17.3758,22780
BMP,8/12/2014 00:00:00,17.2508,17.3758,17.1258,17.2508,17270
BMP,8/13/2014 00:00:00,17.2508,17.2508,17.2508,17.2508,14440
BMP,8/14/2014 00:00:00,17.2508,17.3758,17.1258,17.2508,20680
BMP,8/15/2014 00:00:00,17.2508,17.2508,17.1258,17.1258,13410
BMP,8/18/2014 00:00:00,17.2508,17.2508,17.1258,17.1258,15840
BMP,8/19/2014 00:00:00,17.2508,17.2508,17.1258,17.1258,28470
BMP,8/20/2014 00:00:00,17.1258,17.2508,17.1258,17.1258,20770
BMP,8/21/2014 00:00:00,17.1258,17.2508,17.1258,17.2508,24970
BMP,8/22/2014 00:00:00,17.3758,17.3758,17.2508,17.2508,29910
BMP,8/25/2014 00:00:00,17.2508,17.3758,17.1258,17.2508,100780
BMP,8/26/2014 00:00:00,17.2508,17.3758,17.1258,17.2508,40610
BMP,8/27/2014 00:00:00,17.2508,17.3758,17.2508,17.3758,48330
BMP,8/28/2014 00:00:00,17.3758,17.8758,17.3758,17.6258,50870
BMP,8/29/2014 00:00:00,17.8758,17.8758,17.6258,17.8758,22390
BMP,9/3/2014 00:00:00,18.1259,18.1259,17.7508,17.8758,19390
BMP,9/4/2014 00:00:00,17.7508,17.8758,17.5008,17.5008,31100
BMP,9/5/2014 00:00:00,17.5008,17.7508,17.3758,17.7508,22800
BMP,9/8/2014 00:00:00,17.7508,17.7508,17.3758,17.5008,57310
BMP,9/9/2014 00:00:00,17.7508,17.7508,17.0008,17.0008,104630
BMP,9/10/2014 00:00:00,17.2508,17.2508,16.8758,17.1258,59340
BMP,9/11/2014 00:00:00,17.1258,17.2508,17.1258,17.1258,17070
BMP,9/12/2014 00:00:00,17.3758,17.3758,17.1258,17.2508,18580
BMP,9/15/2014 00:00:00,17.2508,17.2508,17.1258,17.1258,25960
BMP,9/16/2014 00:00:00,17.0008,17.2508,17.0008,17.1258,78850
BMP,9/17/2014 00:00:00,17.2508,17.3758,17.1258,17.3758,71450
BMP,9/18/2014 00:00:00,17.2508,17.3758,17.2508,17.2508,25370
BMP,9/19/2014 00:00:00,17.0008,17.3758,17.0008,17.2508,25170
BMP,9/22/2014 00:00:00,17.0008,17.3758,17.0008,17.3758,7150
BMP,9/23/2014 00:00:00,17.3758,17.3758,17.1258,17.2508,30660
BMP,9/24/2014 00:00:00,17.1258,17.3758,17.1258,17.2508,14330
BMP,9/25/2014 00:00:00,17.2508,17.2508,17.1258,17.2508,30440
BMP,9/26/2014 00:00:00,17.3758,17.3758,17.1258,17.2508,7780
BMP,9/29/2014 00:00:00,17.2508,17.2508,17.1258,17.2508,19430
BMP,9/30/2014 00:00:00,17.2508,17.3758,17.1258,17.1258,21650
BMP,10/1/2014 00:00:00,17.1258,17.3758,17.1258,17.2508,14460
BMP,10/2/2014 00:00:00,17.2508,17.3758,17.2508,17.2508,17830
BMP,10/3/2014 00:00:00,17.2508,17.3758,17.2508,17.3758,33980
BMP,10/6/2014 00:00:00,17.3758,17.3758,17.2508,17.3758,28760
BMP,10/7/2014 00:00:00,17.5008,17.5008,17.3758,17.5008,15220
BMP,10/8/2014 00:00:00,17.5008,17.5008,17.3758,17.5008,25990
BMP,10/9/2014 00:00:00,17.5008,17.5008,17.2508,17.5008,61810
BMP,10/10/2014 00:00:00,17.3758,17.5008,17.2508,17.2508,25400
BMP,10/13/2014 00:00:00,17.3758,17.5008,17.2508,17.3758,21520
BMP,10/14/2014 00:00:00,17.2508,17.5008,17.2508,17.3758,18380
BMP,10/15/2014 00:00:00,17.2508,17.3758,17.2508,17.2508,26290
BMP,10/16/2014 00:00:00,17.2508,17.2508,16.7508,16.7508,41700
BMP,10/17/2014 00:00:00,16.7508,17.1258,16.6258,16.7508,71890
BMP,10/20/2014 00:00:00,16.8758,17.0008,16.6258,16.8758,23990
BMP,10/21/2014 00:00:00,17.1258,17.1258,16.8758,17.0008,6330
BMP,10/22/2014 00:00:00,17.0008,17.0008,16.8758,17.0008,2920
BMP,10/23/2014 00:00:00,17.1258,17.1258,16.7508,17.0008,19930
BMP,10/24/2014 00:00:00,16.8758,17.0008,16.7508,17.0008,21510
BMP,10/27/2014 00:00:00,17.0008,17.0008,16.2508,16.2508,32480
BMP,10/28/2014 00:00:00,16.2508,16.5008,16.2508,16.5008,8890
BMP,10/29/2014 00:00:00,16.5008,16.6258,16.5008,16.5008,7570
BMP,10/30/2014 00:00:00,16.5008,16.7508,16.2508,16.5008,16930
BMP,10/31/2014 00:00:00,16.3758,16.6258,16.3758,16.6258,6100
BMP,11/3/2014 00:00:00,16.6258,16.8758,16.6258,16.7508,22240
BMP,11/4/2014 00:00:00,16.6258,16.7508,16.5008,16.5008,4020
BMP,11/5/2014 00:00:00,16.5008,16.7508,16.3758,16.7508,11190
BMP,11/6/2014 00:00:00,16.7508,16.8758,16.6258,16.6258,4470
BMP,11/7/2014 00:00:00,16.5008,16.7508,16.5008,16.7508,2320
BMP,11/10/2014 00:00:00,16.8777,17.0046,16.7508,17.0046,27910
BMP,11/11/2014 00:00:00,17.0046,17.0046,16.7508,16.8777,9840
BMP,11/12/2014 00:00:00,17.0046,17.0046,16.8777,16.8777,16820
BMP,11/13/2014 00:00:00,17.1315,17.1315,16.8777,17.1315,6350
BMP,11/14/2014 00:00:00,17.0046,17.1315,16.8777,17.1315,910
BMP,11/17/2014 00:00:00,16.8777,17.1315,16.7508,16.7508,14460
BMP,11/18/2014 00:00:00,16.8777,16.8777,16.7508,16.8777,5400
BMP,11/19/2014 00:00:00,16.7508,16.8777,16.7508,16.7508,3550
BMP,11/20/2014 00:00:00,16.7508,16.8777,16.7508,16.7508,3870
BMP,11/21/2014 00:00:00,16.8777,16.8777,16.8777,16.8777,19270
BMP,11/24/2014 00:00:00,16.7508,16.7508,16.7508,16.7508,10810
BMP,11/25/2014 00:00:00,16.7508,16.8777,16.7508,16.8777,11160
BMP,11/26/2014 00:00:00,16.8777,16.8777,16.7508,16.8777,9930
BMP,11/27/2014 00:00:00,16.7508,16.7508,16.6239,16.7508,9530
BMP,11/28/2014 00:00:00,16.7508,16.8777,16.7508,16.8777,38450
BMP,12/1/2014 00:00:00,16.8777,18.0198,16.8777,18.0198,201740
BMP,12/2/2014 00:00:00,18.6543,19.035,18.1467,18.2736,66140
BMP,12/3/2014 00:00:00,18.1467,18.7812,17.5122,18.2736,81850
BMP,12/4/2014 00:00:00,18.1467,18.9081,18.1467,18.6543,90200
BMP,12/5/2014 00:00:00,18.2736,18.7812,18.0198,18.2736,49410
BMP,12/8/2014 00:00:00,18.5274,18.9081,18.4005,18.5274,47560
BMP,12/9/2014 00:00:00,18.2736,18.4005,17.6391,17.6391,90060
BMP,12/10/2014 00:00:00,17.5122,18.1467,17.5122,18.1467,51850
BMP,12/11/2014 00:00:00,17.8929,18.1467,17.8929,18.0198,15820
BMP,12/12/2014 00:00:00,18.2736,18.4005,18.1467,18.2736,42950
BMP,12/15/2014 00:00:00,18.2736,18.6543,18.2736,18.4005,35620
BMP,12/16/2014 00:00:00,18.4005,18.5274,18.2736,18.5274,112200
BMP,12/17/2014 00:00:00,18.2736,18.5274,17.5122,18.5274,125050
BMP,12/18/2014 00:00:00,18.5274,18.5274,18.0198,18.0198,7100
BMP,12/19/2014 00:00:00,17.766,18.0198,17.766,17.8929,22170
BMP,12/22/2014 00:00:00,18.1467,18.1467,17.8929,18.1467,17170
BMP,12/23/2014 00:00:00,17.8929,18.2736,17.8929,18.2736,2010
BMP,12/24/2014 00:00:00,18.2736,18.2736,18.2736,18.2736,1430
BMP,12/25/2014 00:00:00,18.1467,18.4005,18.1467,18.2736,29770
BMP,12/26/2014 00:00:00,18.0198,18.2736,18.0198,18.2736,710
BMP,12/29/2014 00:00:00,18.2736,18.2736,17.766,17.766,16310
BMP,12/30/2014 00:00:00,18.2736,18.2736,17.5122,18.2736,12840
BMP,12/31/2014 00:00:00,18.4005,18.5274,18.2736,18.5274,68700
BMP,1/5/2015 00:00:00,18.5274,18.6543,18.4005,18.6543,35220
BMP,1/6/2015 00:00:00,18.5274,19.1619,18.5274,19.1619,48120
BMP,1/7/2015 00:00:00,19.2888,19.6695,19.1619,19.5426,71370
BMP,1/8/2015 00:00:00,19.6695,19.6695,19.4157,19.5426,5350
BMP,1/9/2015 00:00:00,19.5426,19.6695,19.035,19.6695,33240
BMP,1/12/2015 00:00:00,19.7964,19.7964,19.4157,19.5426,27330
BMP,1/13/2015 00:00:00,19.6695,19.6695,19.4157,19.6695,18230
BMP,1/14/2015 00:00:00,19.6695,19.6695,19.5426,19.5426,14690
BMP,1/15/2015 00:00:00,19.6695,19.6695,19.5426,19.5426,19400
BMP,1/16/2015 00:00:00,19.7964,19.7964,19.4157,19.5426,6100
BMP,1/19/2015 00:00:00,19.5426,19.5426,19.2888,19.5426,33110
BMP,1/20/2015 00:00:00,19.6695,19.6695,19.2888,19.6695,1760
BMP,1/21/2015 00:00:00,19.5426,19.5426,19.2888,19.4157,26550
BMP,1/22/2015 00:00:00,19.4157,19.5426,19.1619,19.5426,26180
BMP,1/23/2015 00:00:00,19.2888,19.5426,19.2888,19.2888,12630
BMP,1/26/2015 00:00:00,19.1619,19.2888,19.1619,19.2888,25480
BMP,1/27/2015 00:00:00,19.2888,20.5578,19.2888,20.0502,123750
BMP,1/28/2015 00:00:00,19.5426,20.0502,19.5426,19.7964,17500
BMP,1/29/2015 00:00:00,19.7964,20.304,19.7964,19.9233,45950
BMP,1/30/2015 00:00:00,20.1771,20.1771,19.6695,19.9233,38090
BMP,2/2/2015 00:00:00,20.0502,20.0502,19.9233,20.0502,3380
BMP,2/3/2015 00:00:00,20.304,20.304,19.2888,19.2888,16840
BMP,2/4/2015 00:00:00,19.5426,19.9233,19.2888,19.9233,23230
BMP,2/5/2015 00:00:00,19.7964,20.0502,19.7964,20.0502,34110
BMP,2/6/2015 00:00:00,19.9233,20.5578,19.7964,20.5578,47450
BMP,2/9/2015 00:00:00,20.5578,20.5578,19.6695,20.5578,54420
BMP,2/10/2015 00:00:00,20.1771,20.4309,20.1771,20.1771,2990
BMP,2/11/2015 00:00:00,19.9233,20.4309,19.9233,20.304,13080
BMP,2/12/2015 00:00:00,20.4309,20.8116,20.1771,20.8116,26300
BMP,2/13/2015 00:00:00,20.8116,20.9385,20.5578,20.8116,38860
BMP,2/24/2015 00:00:00,20.6847,20.8116,20.304,20.6847,24230
BMP,2/25/2015 00:00:00,20.6847,20.6847,20.304,20.304,12740
BMP,2/26/2015 00:00:00,20.304,20.304,20.0502,20.304,9170
BMP,2/27/2015 00:00:00,20.304,20.304,20.0502,20.304,17530
BMP,3/2/2015 00:00:00,20.304,20.304,20.0502,20.0502,20570
BMP,3/3/2015 00:00:00,20.0502,20.304,20.0502,20.304,10930
BMP,3/4/2015 00:00:00,20.304,20.5578,20.304,20.5578,61580
BMP,3/5/2015 00:00:00,20.5578,21.4461,20.5578,20.8116,140300
BMP,3/6/2015 00:00:00,20.8116,20.8116,20.304,20.6847,12100
BMP,3/9/2015 00:00:00,20.5578,20.5578,20.1771,20.5578,22360
BMP,3/10/2015 00:00:00,20.8116,20.8116,20.304,20.5578,38560
BMP,3/11/2015 00:00:00,20.5578,20.5578,20.1771,20.4309,86290
BMP,3/12/2015 00:00:00,20.4309,20.5578,20.0502,20.0502,24070
BMP,3/13/2015 00:00:00,20.0502,20.304,20.0502,20.304,43170
BMP,3/16/2015 00:00:00,19.9233,20.304,19.9233,20.304,7470
BMP,3/17/2015 00:00:00,20.304,20.304,20.0502,20.0502,25430
BMP,3/18/2015 00:00:00,20.0502,20.304,19.9233,20.304,17170
BMP,3/19/2015 00:00:00,20.1771,20.1771,19.7964,20.0502,38690
BMP,3/20/2015 00:00:00,19.9233,20.0502,19.6695,20.0502,39940
BMP,3/23/2015 00:00:00,20.0502,20.0502,19.6695,19.6695,52640
BMP,3/24/2015 00:00:00,19.6695,19.6695,19.4157,19.4157,41440
BMP,3/25/2015 00:00:00,19.5426,19.9233,19.4157,19.7964,19660
BMP,3/26/2015 00:00:00,19.9233,20.0502,19.7964,20.0502,8500
BMP,3/27/2015 00:00:00,19.7964,20.1771,19.7964,20.1771,19920
BMP,3/30/2015 00:00:00,20.1771,20.1771,19.6695,20.0502,21640
BMP,3/31/2015 00:00:00,19.9233,20.0502,19.7964,19.9233,17590
BMP,4/1/2015 00:00:00,19.7964,19.9233,19.6695,19.9233,22560
BMP,4/2/2015 00:00:00,19.6695,19.9233,19.6695,19.9233,5040
BMP,4/3/2015 00:00:00,20.0502,20.5578,20.0502,20.4309,67750
BMP,4/6/2015 00:00:00,20.4309,20.4309,20.0502,20.304,13530
BMP,4/7/2015 00:00:00,20.1771,20.304,20.0502,20.1771,17010
BMP,4/8/2015 00:00:00,20.304,20.4309,20.1771,20.4309,25810
BMP,4/9/2015 00:00:00,20.4309,20.6847,20.304,20.6847,20690
BMP,4/10/2015 00:00:00,20.6847,20.6847,20.5578,20.5578,7640
BMP,4/13/2015 00:00:00,20.6847,20.6847,19.9233,19.9233,18890
BMP,4/14/2015 00:00:00,19.9233,20.4309,19.9233,20.4309,8760
BMP,4/15/2015 00:00:00,20.4309,20.4309,19.9233,19.9233,18530
BMP,4/16/2015 00:00:00,20.0502,20.0502,19.7964,19.7964,14240
BMP,4/17/2015 00:00:00,19.7964,20.1771,19.7964,20.1771,11740
BMP,4/20/2015 00:00:00,20.1771,20.1771,20.0502,20.1771,4660
BMP,4/21/2015 00:00:00,19.9233,20.0502,19.7964,19.7964,11930
BMP,4/22/2015 00:00:00,19.7964,20.1771,19.7964,20.1771,11480
BMP,4/23/2015 00:00:00,20.1771,20.1771,19.6695,19.7964,61990
BMP,4/24/2015 00:00:00,19.7964,19.9233,19.6695,19.6695,5840
BMP,4/27/2015 00:00:00,19.6695,19.9233,19.6695,19.9233,3230
BMP,5/4/2015 00:00:00,20.0502,20.0502,19.035,19.035,62320
BMP,5/5/2015 00:00:00,18.9081,19.4157,18.9081,19.2888,47840
BMP,5/6/2015 00:00:00,19.2888,19.2888,19.1619,19.1619,14280
BMP,5/7/2015 00:00:00,19.1619,19.2888,19.035,19.2888,26440
BMP,5/8/2015 00:00:00,19.5426,19.5426,19.1619,19.1619,18030
BMP,5/11/2015 00:00:00,19.1619,19.1619,18.7812,18.7812,11180
BMP,5/12/2015 00:00:00,19.035,19.035,18.2736,18.5274,13290
BMP,5/13/2015 00:00:00,18.5274,18.5274,18.2736,18.5274,41330
BMP,5/14/2015 00:00:00,18.5274,18.7812,18.4005,18.7812,12430
BMP,5/15/2015 00:00:00,18.9081,19.1619,18.9081,18.9081,21150
BMP,5/18/2015 00:00:00,19.035,19.035,18.6543,18.6543,16170
BMP,5/19/2015 00:00:00,18.917,19.3111,18.917,19.1798,7370
BMP,5/20/2015 00:00:00,19.1798,19.4425,19.1798,19.4425,21510
BMP,5/21/2015 00:00:00,19.4425,20.0993,19.4425,20.0993,15270
BMP,5/22/2015 00:00:00,19.968,19.968,19.7052,19.7052,15220
BMP,5/25/2015 00:00:00,19.5739,19.8366,19.4425,19.7052,11870
BMP,5/26/2015 00:00:00,19.5739,19.5739,19.4425,19.4425,6670
BMP,5/27/2015 00:00:00,19.7052,19.7052,19.4425,19.4425,1560
BMP,5/28/2015 00:00:00,19.5739,19.7052,19.5739,19.5739,13600
BMP,5/29/2015 00:00:00,19.5739,19.5739,19.5739,19.5739,5500
BMP,6/1/2015 00:00:00,19.3111,19.5739,19.3111,19.5739,16870
BMP,6/2/2015 00:00:00,19.4425,19.5739,19.4425,19.4425,6440
BMP,6/3/2015 00:00:00,19.3111,19.5739,19.3111,19.5739,7620
BMP,6/4/2015 00:00:00,19.5739,19.7052,19.1798,19.5739,2230
BMP,6/5/2015 00:00:00,19.7052,19.7052,19.4425,19.7052,6870
BMP,6/8/2015 00:00:00,20.2307,20.2307,19.8366,19.968,3160
BMP,6/9/2015 00:00:00,19.968,19.968,19.4425,19.4425,9690
BMP,6/10/2015 00:00:00,19.3111,19.5739,19.3111,19.5739,14400
BMP,6/11/2015 00:00:00,19.5739,19.8366,19.5739,19.8366,4130
BMP,6/12/2015 00:00:00,19.7052,19.7052,19.5739,19.7052,8570
BMP,6/15/2015 00:00:00,20.2307,20.2307,19.7052,19.7052,7640
BMP,6/16/2015 00:00:00,19.7052,19.8366,19.7052,19.7052,12520
BMP,6/17/2015 00:00:00,19.4425,19.7052,19.4425,19.5739,7760
BMP,6/18/2015 00:00:00,19.7052,19.7052,19.4425,19.5739,14530
BMP,6/19/2015 00:00:00,19.8366,19.8366,19.8366,19.8366,3600
BMP,6/22/2015 00:00:00,19.968,19.968,19.7052,19.8366,26530
BMP,6/23/2015 00:00:00,19.968,19.968,19.8366,19.8366,29700
BMP,6/24/2015 00:00:00,19.968,19.968,19.7052,19.8366,62030
BMP,6/25/2015 00:00:00,19.8366,19.8366,19.7052,19.8366,12910
BMP,6/26/2015 00:00:00,19.968,20.7562,19.968,20.3621,336500
BMP,6/29/2015 00:00:00,20.3621,21.0189,20.3621,20.8876,51050
BMP,6/30/2015 00:00:00,20.8876,21.0189,20.4935,20.4935,45860
BMP,7/1/2015 00:00:00,20.3621,21.5444,20.3621,21.5444,169730
BMP,7/2/2015 00:00:00,21.8071,21.8071,21.2817,21.5444,64140
BMP,7/3/2015 00:00:00,21.5444,21.6758,21.2817,21.5444,43440
BMP,7/6/2015 00:00:00,21.5444,21.5444,21.2817,21.5444,133520
BMP,7/7/2015 00:00:00,21.413,21.413,21.0189,21.0189,127000
BMP,7/8/2015 00:00:00,21.0189,21.1503,20.8876,21.1503,132020
BMP,7/9/2015 00:00:00,21.1503,21.1503,21.0189,21.1503,24140
BMP,7/10/2015 00:00:00,21.2817,21.413,21.1503,21.1503,72380
BMP,7/13/2015 00:00:00,21.2817,21.2817,21.1503,21.2817,48020
BMP,7/14/2015 00:00:00,21.2817,21.413,21.1503,21.1503,96430
BMP,7/15/2015 00:00:00,21.2817,21.2817,21.0189,21.0189,51850
BMP,7/16/2015 00:00:00,21.0189,21.1503,20.8876,21.0189,70550
BMP,7/17/2015 00:00:00,21.0189,22.464,21.0189,22.464,170650
BMP,7/20/2015 00:00:00,22.5953,23.3836,22.5953,22.7267,71490
BMP,7/21/2015 00:00:00,22.7267,22.9894,22.5953,22.7267,51350
BMP,7/22/2015 00:00:00,22.7267,23.2522,22.464,23.2522,144260
BMP,7/23/2015 00:00:00,23.1208,23.6463,23.1208,23.5149,75960
BMP,7/24/2015 00:00:00,23.909,25.0913,23.7777,24.96,204350
BMP,7/27/2015 00:00:00,24.96,25.2227,24.6972,25.0913,102770
BMP,7/28/2015 00:00:00,24.8286,25.0913,24.6972,24.6972,27470
BMP,7/29/2015 00:00:00,24.6972,24.96,24.5659,24.6972,90070
BMP,7/30/2015 00:00:00,24.8286,25.4854,24.6972,24.8286,122410
BMP,7/31/2015 00:00:00,24.96,25.0913,24.5659,24.5659,51050
BMP,8/3/2015 00:00:00,24.3031,24.4345,22.8581,23.7777,135430
BMP,8/4/2015 00:00:00,23.6463,23.909,23.3836,23.909,26770
BMP,8/5/2015 00:00:00,24.1718,24.4345,23.909,24.1718,24920
BMP,8/6/2015 00:00:00,24.0404,24.1718,23.909,24.0404,41090
BMP,8/7/2015 00:00:00,24.0404,24.4345,23.6463,24.4345,60600
BMP,8/10/2015 00:00:00,24.6972,25.2227,24.6972,25.2227,147870
BMP,8/11/2015 00:00:00,25.3541,25.4854,24.96,25.2227,50270
BMP,8/12/2015 00:00:00,25.2227,26.1423,25.0913,25.6168,135550
BMP,8/13/2015 00:00:00,25.6168,26.0109,25.4854,26.0109,135100
BMP,8/14/2015 00:00:00,26.1423,27.3246,26.0109,26.5364,115870
BMP,8/17/2015 00:00:00,26.7991,27.3246,26.5364,27.0619,196190
BMP,8/18/2015 00:00:00,27.0619,27.3246,26.2737,26.2737,137140
BMP,8/19/2015 00:00:00,26.2737,26.7991,26.0109,26.5364,154290
BMP,8/20/2015 00:00:00,26.5364,27.5873,26.2737,27.3246,116450
BMP,8/21/2015 00:00:00,27.5873,27.8501,26.2737,26.7991,351440
BMP,8/24/2015 00:00:00,26.2737,26.2737,24.96,24.96,372840
BMP,8/25/2015 00:00:00,24.6972,25.3541,24.4345,24.96,163530
BMP,8/26/2015 00:00:00,24.6972,25.6168,24.5659,25.4854,210940
BMP,8/27/2015 00:00:00,25.7482,26.7991,25.7482,26.0109,127840
BMP,8/28/2015 00:00:00,26.2737,26.5364,26.0109,26.2737,122040
BMP,8/31/2015 00:00:00,26.0109,26.2737,26.0109,26.0109,75700
BMP,9/1/2015 00:00:00,25.8795,25.8795,25.4854,25.6168,117200
BMP,9/3/2015 00:00:00,25.4854,25.4854,25.0913,25.2227,46060
BMP,9/4/2015 00:00:00,25.0913,25.7482,25.0913,25.7482,85610
BMP,9/7/2015 00:00:00,25.7482,25.7482,25.4854,25.4854,38210
BMP,9/8/2015 00:00:00,25.4854,25.7482,25.2227,25.4854,34850
BMP,9/9/2015 00:00:00,25.4854,25.8795,25.4854,25.7482,42000
BMP,9/10/2015 00:00:00,25.4854,26.7991,25.4854,26.5364,115040
BMP,9/11/2015 00:00:00,26.5364,26.5364,26.0109,26.0109,32160
BMP,9/14/2015 00:00:00,26.1423,26.1423,25.6168,25.7482,39630
BMP,9/15/2015 00:00:00,25.8795,26.1423,25.7482,26.1423,16820
BMP,9/16/2015 00:00:00,26.1423,26.2737,25.8795,26.0109,12990
BMP,9/17/2015 00:00:00,26.0109,26.2737,25.7482,26.0109,11500
BMP,9/18/2015 00:00:00,26.1423,27.0619,26.0109,26.7991,81840
BMP,9/21/2015 00:00:00,26.7991,27.0619,26.2737,26.7991,44470
BMP,9/22/2015 00:00:00,27.0619,27.8501,27.0619,27.8501,170500
BMP,9/23/2015 00:00:00,27.8501,28.1128,27.3246,27.5873,60140
BMP,9/24/2015 00:00:00,27.8501,28.3755,27.5873,28.1128,75350
BMP,9/25/2015 00:00:00,27.8501,29.6892,27.8501,28.6383,109130
BMP,9/28/2015 00:00:00,28.901,28.901,28.3755,28.6383,31040
BMP,9/29/2015 00:00:00,28.3755,28.6383,27.8501,28.6383,138750
BMP,9/30/2015 00:00:00,28.6383,29.1638,28.6383,29.1638,60140
BMP,10/1/2015 00:00:00,29.1638,29.6892,28.901,29.6892,95030
BMP,10/2/2015 00:00:00,29.952,30.4774,29.4265,30.2147,58050
BMP,10/5/2015 00:00:00,30.2147,30.2147,29.6892,29.952,63600
BMP,10/6/2015 00:00:00,29.952,30.2147,28.901,29.1638,168270
BMP,10/7/2015 00:00:00,29.1638,29.952,29.1638,29.6892,104340
BMP,10/8/2015 00:00:00,29.6892,29.952,29.1638,29.4265,90610
BMP,10/9/2015 00:00:00,29.1638,29.4265,28.901,29.1638,47190
BMP,10/12/2015 00:00:00,29.4265,29.4265,28.901,29.1638,54760
BMP,10/13/2015 00:00:00,29.4265,30.4774,29.1638,30.2147,139770
BMP,10/14/2015 00:00:00,31.5284,32.0539,31.2656,31.5284,530590
BMP,10/15/2015 00:00:00,31.2656,31.5284,31.0029,31.5284,63250
BMP,10/16/2015 00:00:00,31.5284,32.5793,31.5284,32.0539,232630
BMP,10/19/2015 00:00:00,32.0539,32.8421,32.0539,32.0539,64720
BMP,10/20/2015 00:00:00,32.5793,32.5793,32.0539,32.5793,145240
BMP,10/21/2015 00:00:00,32.3166,32.5793,32.0539,32.3166,71450
BMP,10/22/2015 00:00:00,32.3166,32.3166,32.0539,32.0539,53170
BMP,10/23/2015 00:00:00,32.5793,32.5793,31.7911,32.5793,58120
BMP,10/26/2015 00:00:00,32.8421,33.1048,32.3166,32.3166,149220
BMP,10/27/2015 00:00:00,31.7911,32.3166,31.7911,32.3166,48770
BMP,10/28/2015 00:00:00,32.0539,32.5793,32.0539,32.5793,46390
BMP,10/29/2015 00:00:00,32.3166,33.3675,32.0539,33.1048,218390
BMP,10/30/2015 00:00:00,33.1048,33.893,33.1048,33.893,36450
BMP,11/2/2015 00:00:00,33.893,34.1558,31.7911,32.3166,85710
BMP,11/3/2015 00:00:00,32.5793,32.8421,32.0539,32.5793,148630
BMP,11/4/2015 00:00:00,33.1048,33.1048,32.5793,32.5793,89330
BMP,11/5/2015 00:00:00,32.5793,32.8421,32.0539,32.5793,50120
BMP,11/6/2015 00:00:00,32.5793,32.5793,32.0539,32.5793,76180
BMP,11/9/2015 00:00:00,32.5793,32.5793,32.0539,32.3166,34210
BMP,11/10/2015 00:00:00,31.7911,32.3166,31.5284,31.7911,85400
BMP,11/11/2015 00:00:00,32.0539,32.3166,31.2656,32.0539,107200
BMP,11/12/2015 00:00:00,32.0539,32.8421,31.7911,32.8421,147680
BMP,11/13/2015 00:00:00,33.1048,34.944,33.1048,34.944,409830
BMP,11/16/2015 00:00:00,35.2067,36.2576,35.2067,36.2576,204990
BMP,11/17/2015 00:00:00,36.2576,36.7831,34.944,35.4694,142410
BMP,11/18/2015 00:00:00,34.6812,36.7831,34.4185,36.5204,255950
BMP,11/19/2015 00:00:00,36.5204,36.7831,35.4694,35.7322,85810
BMP,11/20/2015 00:00:00,35.4694,36.2576,35.4694,35.7322,71190
BMP,11/23/2015 00:00:00,35.7322,36.2576,35.4694,35.7322,113790
BMP,11/24/2015 00:00:00,35.4694,35.4694,33.893,34.6812,169600
BMP,11/25/2015 00:00:00,34.1558,34.6812,33.893,34.6812,86110
BMP,11/26/2015 00:00:00,34.6812,34.6812,33.6303,33.6303,59000
BMP,11/27/2015 00:00:00,33.6303,34.1558,33.1048,33.3675,100480
BMP,11/30/2015 00:00:00,33.1048,33.1048,32.0539,32.3166,92220
BMP,12/1/2015 00:00:00,32.8421,32.8421,32.5793,32.5793,42540
BMP,12/2/2015 00:00:00,32.5793,33.3675,32.5793,33.3675,56080
BMP,12/3/2015 00:00:00,33.1048,33.6303,33.1048,33.6303,52910
BMP,12/4/2015 00:00:00,33.3675,33.6303,33.1048,33.3675,34720
BMP,12/7/2015 00:00:00,33.3675,34.1558,33.3675,33.3675,41560
BMP,12/8/2015 00:00:00,33.3675,34.4185,33.1048,34.4185,125150
BMP,12/9/2015 00:00:00,34.4185,35.7322,34.4185,34.4185,141160
BMP,12/10/2015 00:00:00,34.6812,34.6812,33.893,33.893,59840
BMP,12/11/2015 00:00:00,33.893,34.6812,33.893,34.4185,78630
BMP,12/14/2015 00:00:00,34.4185,34.4185,34.1558,34.1558,32500
BMP,12/15/2015 00:00:00,34.4185,35.2067,34.4185,35.2067,185410
BMP,12/16/2015 00:00:00,35.2067,35.4694,34.944,35.2067,63830
BMP,12/17/2015 00:00:00,35.2067,35.7322,35.2067,35.7322,103260
BMP,12/18/2015 00:00:00,35.7322,36.2576,35.7322,35.7322,98370
BMP,12/21/2015 00:00:00,35.7322,35.7322,34.944,35.2067,142870
BMP,12/22/2015 00:00:00,35.4694,35.4694,34.6812,34.6812,153550
BMP,12/23/2015 00:00:00,34.8141,35.0799,34.0168,34.2826,168630
BMP,12/24/2015 00:00:00,34.2826,34.5483,34.0168,34.0168,52510
BMP,12/25/2015 00:00:00,34.0168,34.2826,33.7511,34.2826,49360
BMP,12/28/2015 00:00:00,34.2826,35.0799,34.0168,35.0799,59340
BMP,12/29/2015 00:00:00,35.0799,35.3456,34.5483,35.3456,35310
BMP,12/30/2015 00:00:00,35.0799,35.0799,34.5483,34.8141,42200
BMP,12/31/2015 00:00:00,34.5483,34.8141,34.2826,34.8141,21100
BMP,1/4/2016 00:00:00,34.5483,34.5483,34.0168,34.0168,72050
BMP,1/5/2016 00:00:00,33.7511,34.0168,33.4853,33.4853,88470
BMP,1/6/2016 00:00:00,33.4853,34.0168,33.4853,34.0168,39150
BMP,1/7/2016 00:00:00,33.7511,33.7511,33.2196,33.2196,130490
BMP,1/8/2016 00:00:00,32.9538,33.4853,32.4223,33.2196,82000
BMP,1/11/2016 00:00:00,33.2196,33.2196,32.4223,32.4223,41180
BMP,1/12/2016 00:00:00,31.8908,32.9538,31.8908,32.9538,77280
BMP,1/13/2016 00:00:00,32.9538,34.0168,32.9538,33.7511,265810
BMP,1/14/2016 00:00:00,33.7511,33.7511,32.9538,33.2196,116390
BMP,1/15/2016 00:00:00,33.2196,33.2196,32.688,32.688,92760
BMP,1/18/2016 00:00:00,32.1565,32.1565,31.0935,31.8908,221660
BMP,1/19/2016 00:00:00,31.8908,32.1565,31.625,32.1565,60320
BMP,1/20/2016 00:00:00,32.1565,32.1565,31.625,31.8908,57990
BMP,1/21/2016 00:00:00,31.625,31.625,31.3593,31.3593,49490
BMP,1/22/2016 00:00:00,31.625,31.625,29.7647,31.3593,149610
BMP,1/25/2016 00:00:00,31.3593,32.1565,31.3593,31.8908,144520
BMP,1/26/2016 00:00:00,31.3593,31.3593,30.8278,30.8278,55610
BMP,1/27/2016 00:00:00,31.0935,31.3593,30.562,31.0935,80570
BMP,1/28/2016 00:00:00,31.3593,31.625,31.0935,31.3593,74790
BMP,1/29/2016 00:00:00,31.3593,32.1565,31.3593,32.1565,82890
BMP,2/1/2016 00:00:00,31.625,32.4223,31.3593,31.625,55690
BMP,2/2/2016 00:00:00,31.3593,31.625,31.3593,31.3593,65080
BMP,2/3/2016 00:00:00,31.0935,32.4223,30.8278,32.4223,122700
BMP,2/4/2016 00:00:00,32.4223,32.4223,32.1565,32.4223,23610
BMP,2/5/2016 00:00:00,32.1565,32.4223,32.1565,32.4223,34160
BMP,2/15/2016 00:00:00,32.4223,32.688,31.8908,32.1565,56010
BMP,2/16/2016 00:00:00,32.1565,33.2196,32.1565,33.2196,141250
BMP,2/17/2016 00:00:00,33.7511,34.2826,33.4853,34.0168,164540
BMP,2/18/2016 00:00:00,34.2826,34.2826,34.0168,34.2826,61130
BMP,2/19/2016 00:00:00,34.0168,34.0168,33.7511,34.0168,57870
BMP,2/22/2016 00:00:00,34.0168,34.8141,34.0168,34.8141,123460
BMP,2/23/2016 00:00:00,35.3456,35.3456,34.5483,34.5483,96320
BMP,2/24/2016 00:00:00,34.5483,34.5483,34.2826,34.2826,23500
BMP,2/25/2016 00:00:00,34.5483,34.8141,34.2826,34.5483,80230
BMP,2/26/2016 00:00:00,34.5483,34.5483,34.2826,34.5483,15890
BMP,2/29/2016 00:00:00,34.5483,34.5483,34.2826,34.5483,30060
BMP,3/1/2016 00:00:00,34.5483,35.8771,34.2826,35.8771,208290
BMP,3/2/2016 00:00:00,35.8771,36.9402,35.8771,36.6744,119930
BMP,3/3/2016 00:00:00,36.6744,36.6744,36.1429,36.6744,43040
BMP,3/4/2016 00:00:00,36.6744,37.2059,36.1429,36.9402,89690
BMP,3/7/2016 00:00:00,36.9402,36.9402,35.8771,35.8771,94460
BMP,3/8/2016 00:00:00,35.6114,36.1429,35.6114,35.8771,51760
BMP,3/9/2016 00:00:00,35.8771,35.8771,35.6114,35.6114,36810
BMP,3/10/2016 00:00:00,35.3456,36.1429,35.0799,35.8771,39950
BMP,3/11/2016 00:00:00,36.1429,36.6744,35.8771,35.8771,192580
BMP,3/14/2016 00:00:00,35.8771,36.4086,35.8771,36.1429,29200
BMP,3/15/2016 00:00:00,36.1429,36.4086,35.8771,35.8771,59920
BMP,3/16/2016 00:00:00,35.8771,36.1429,35.8771,36.1429,25820
BMP,3/17/2016 00:00:00,36.1429,36.4086,36.1429,36.4086,58520
BMP,3/18/2016 00:00:00,36.6744,38.0032,36.4086,38.0032,317830
BMP,3/21/2016 00:00:00,38.2689,38.8004,38.2689,38.2689,385900
BMP,3/22/2016 00:00:00,38.0032,38.0032,36.6744,37.4717,106970
BMP,3/23/2016 00:00:00,36.9402,38.0032,36.9402,37.7374,64630
BMP,3/24/2016 00:00:00,37.7374,40.1292,37.7374,39.8635,362880
BMP,3/25/2016 00:00:00,39.8635,40.1292,38.8004,40.1292,65250
BMP,3/28/2016 00:00:00,39.5977,40.9265,39.5977,40.6607,181750
BMP,3/29/2016 00:00:00,41.1923,41.1923,39.8635,40.395,95460
BMP,3/30/2016 00:00:00,40.395,40.6607,39.8635,40.395,52350
BMP,3/31/2016 00:00:00,40.395,40.395,38.5347,38.5347,147810
BMP,4/1/2016 00:00:00,38.0032,38.5347,37.7374,38.5347,112760
BMP,4/4/2016 00:00:00,38.5347,39.332,38.2689,38.2689,55080
BMP,4/5/2016 00:00:00,38.2689,39.332,38.2689,39.332,59670
BMP,4/6/2016 00:00:00,39.5977,40.6607,39.5977,39.8635,159910
BMP,4/7/2016 00:00:00,40.395,40.395,39.8635,40.1292,73790
BMP,4/8/2016 00:00:00,39.8635,40.1292,39.0662,39.8635,145220
BMP,4/11/2016 00:00:00,39.8635,40.1292,39.8635,40.1292,137210
BMP,4/12/2016 00:00:00,40.1292,40.1292,39.5977,39.8635,45540
BMP,4/13/2016 00:00:00,39.8635,39.8635,38.8004,39.0662,149620
BMP,4/14/2016 00:00:00,39.0662,39.0662,38.2689,38.2689,74090
BMP,4/15/2016 00:00:00,38.2689,38.8004,38.0032,38.8004,95390
BMP,4/19/2016 00:00:00,38.8004,38.8004,36.4086,36.4086,150310
BMP,4/20/2016 00:00:00,36.4086,36.9402,34.8141,35.3456,156830
BMP,4/21/2016 00:00:00,35.8771,36.4086,35.6114,35.8771,105960
BMP,4/22/2016 00:00:00,36.4086,37.2059,35.8771,37.2059,50210
BMP,4/25/2016 00:00:00,37.2059,38.0032,36.9402,37.2059,24330
BMP,4/26/2016 00:00:00,37.2059,37.2059,36.6744,36.9402,38350
BMP,4/27/2016 00:00:00,37.2059,37.2059,36.1429,36.6744,36910
BMP,4/28/2016 00:00:00,36.9402,36.9402,36.4086,36.6744,59130
BMP,4/29/2016 00:00:00,36.6744,37.7374,36.6744,37.4717,89260
BMP,5/4/2016 00:00:00,36.9402,37.4717,36.9402,37.4717,52510
BMP,5/5/2016 00:00:00,38.0032,39.0662,37.7374,38.8004,281460
BMP,5/6/2016 00:00:00,39.0662,39.0662,38.0032,38.0032,42020
BMP,5/9/2016 00:00:00,38.2689,38.8004,37.7374,38.2689,78850
BMP,5/10/2016 00:00:00,38.2689,38.2689,37.7374,38.2689,85990
BMP,5/11/2016 00:00:00,38.2689,38.8004,37.7374,38.5347,149780
BMP,5/12/2016 00:00:00,38.5347,38.8004,38.2689,38.2689,31040
BMP,5/13/2016 00:00:00,38.2689,38.2689,37.7374,38.0032,60970
BMP,5/16/2016 00:00:00,38.0032,38.5347,37.7374,38.2689,86550
BMP,5/17/2016 00:00:00,38.5347,38.8004,38.2689,38.5347,61060
BMP,5/18/2016 00:00:00,38.8004,39.0662,38.5347,38.5347,83210
BMP,5/19/2016 00:00:00,38.6718,38.9461,38.3976,38.6718,71870
BMP,5/20/2016 00:00:00,38.3976,38.3976,38.1233,38.3976,8910
BMP,5/23/2016 00:00:00,38.3976,38.3976,38.1233,38.3976,16880
BMP,5/24/2016 00:00:00,38.3976,39.2204,38.3976,38.9461,78460
BMP,5/25/2016 00:00:00,39.2204,39.2204,38.6718,38.6718,11670
BMP,5/26/2016 00:00:00,38.6718,38.6718,37.5748,37.5748,73330
BMP,5/27/2016 00:00:00,37.3005,37.849,37.3005,37.849,30750
BMP,5/30/2016 00:00:00,37.3005,37.849,37.3005,37.849,41980
BMP,5/31/2016 00:00:00,37.5748,38.1233,37.5748,38.1233,43720
BMP,6/1/2016 00:00:00,37.849,37.849,37.3005,37.3005,63490
BMP,6/2/2016 00:00:00,37.0262,37.5748,37.0262,37.5748,18440
BMP,6/3/2016 00:00:00,37.5748,37.5748,36.7519,36.7519,85160
BMP,6/6/2016 00:00:00,37.0262,37.3005,36.2034,36.4777,60860
BMP,6/7/2016 00:00:00,36.4777,37.0262,36.2034,37.0262,36290
BMP,6/8/2016 00:00:00,37.0262,37.5748,36.7519,37.0262,58320
BMP,6/9/2016 00:00:00,37.0262,37.0262,36.7519,37.0262,24690
BMP,6/10/2016 00:00:00,37.0262,37.3005,37.0262,37.0262,19400
BMP,6/13/2016 00:00:00,37.3005,37.3005,36.7519,37.0262,33150
BMP,6/14/2016 00:00:00,37.0262,37.3005,36.7519,37.0262,53640
BMP,6/15/2016 00:00:00,37.0262,38.9461,37.0262,38.6718,281060
BMP,6/16/2016 00:00:00,38.9461,39.2204,38.1233,38.3976,66630
BMP,6/17/2016 00:00:00,38.3976,38.3976,38.1233,38.3976,38710
BMP,6/20/2016 00:00:00,38.9461,39.4946,38.3976,39.4946,156760
BMP,6/21/2016 00:00:00,40.0432,40.3174,39.7689,39.7689,142470
BMP,6/22/2016 00:00:00,40.0432,40.3174,39.4946,40.0432,114310
BMP,6/23/2016 00:00:00,40.0432,40.3174,39.7689,40.0432,106270
BMP,6/24/2016 00:00:00,40.0432,40.3174,37.5748,39.4946,326820
BMP,6/27/2016 00:00:00,38.6718,39.2204,38.6718,38.6718,115060
BMP,6/28/2016 00:00:00,38.9461,40.0432,38.3976,40.0432,38150
BMP,6/29/2016 00:00:00,40.0432,40.3174,39.7689,39.7689,97250
BMP,6/30/2016 00:00:00,40.3174,40.866,39.7689,40.0432,112330
BMP,7/1/2016 00:00:00,40.5917,40.866,40.3174,40.866,88950
BMP,7/4/2016 00:00:00,41.1402,43.6087,41.1402,43.6087,235360
BMP,7/5/2016 00:00:00,44.4315,44.98,43.6087,44.4315,172860
BMP,7/6/2016 00:00:00,44.4315,44.7057,43.8829,44.1572,82150
BMP,7/7/2016 00:00:00,45.2543,45.2543,44.4315,44.7057,75030
BMP,7/8/2016 00:00:00,44.7057,45.5285,44.1572,44.7057,57390
BMP,7/11/2016 00:00:00,44.7057,44.7057,42.7859,42.7859,62230
BMP,7/12/2016 00:00:00,43.0601,43.3344,41.6888,43.3344,64660
BMP,7/13/2016 00:00:00,43.8829,44.4315,43.6087,43.6087,34880
BMP,7/14/2016 00:00:00,43.8829,45.2543,43.3344,44.1572,154910
BMP,7/15/2016 00:00:00,44.4315,45.5285,43.6087,45.5285,123510
BMP,7/18/2016 00:00:00,46.0771,46.0771,45.2543,45.8028,51150
BMP,7/19/2016 00:00:00,45.5285,45.8028,44.7057,44.7057,105210
BMP,7/20/2016 00:00:00,44.7057,45.2543,44.4315,44.7057,72230
BMP,7/21/2016 00:00:00,44.98,46.0771,44.7057,45.8028,90350
BMP,7/22/2016 00:00:00,46.0771,46.0771,43.6087,44.7057,73200
BMP,7/25/2016 00:00:00,44.4315,44.4315,43.3344,43.6087,63180
BMP,7/26/2016 00:00:00,43.3344,43.6087,43.0601,43.3344,46150
BMP,7/27/2016 00:00:00,44.1572,44.1572,43.0601,43.8829,29840
BMP,7/28/2016 00:00:00,43.8829,45.5285,43.6087,44.98,76140
BMP,7/29/2016 00:00:00,44.98,44.98,44.4315,44.7057,43100
BMP,8/1/2016 00:00:00,43.6087,43.6087,42.5116,42.5116,213280
BMP,8/2/2016 00:00:00,41.963,41.963,40.3174,40.3174,172430
BMP,8/3/2016 00:00:00,40.5917,40.5917,39.4946,40.0432,128770
BMP,8/4/2016 00:00:00,40.0432,40.3174,39.7689,39.7689,89130
BMP,8/5/2016 00:00:00,39.2204,40.5917,38.9461,40.3174,71830
BMP,8/8/2016 00:00:00,39.4946,40.0432,39.4946,39.4946,57120
BMP,8/9/2016 00:00:00,39.4946,40.5917,39.4946,40.5917,49570
BMP,8/10/2016 00:00:00,40.5917,40.866,40.5917,40.866,76020
BMP,8/11/2016 00:00:00,41.1402,42.2373,41.1402,42.2373,85720
BMP,8/12/2016 00:00:00,42.2373,42.2373,41.4145,41.4145,96290
BMP,8/15/2016 00:00:00,41.1402,41.4145,40.3174,40.5917,85270
BMP,8/16/2016 00:00:00,41.1402,41.4145,40.3174,40.866,80000
BMP,8/17/2016 00:00:00,40.866,43.6087,40.5917,43.6087,236790
BMP,8/18/2016 00:00:00,43.8829,44.7057,43.6087,43.8829,96830
BMP,8/19/2016 00:00:00,43.3344,43.6087,42.7859,43.0601,73140
BMP,8/22/2016 00:00:00,42.5116,42.7859,42.2373,42.5116,59980
BMP,8/23/2016 00:00:00,42.5116,43.6087,42.5116,43.3344,68920
BMP,8/24/2016 00:00:00,43.3344,43.3344,42.5116,43.0601,78250
BMP,8/25/2016 00:00:00,42.7859,43.8829,42.7859,43.3344,88440
BMP,8/26/2016 00:00:00,43.3344,44.1572,43.3344,43.8829,80870
BMP,8/29/2016 00:00:00,43.8829,44.1572,43.0601,43.3344,90220
BMP,8/30/2016 00:00:00,43.6087,43.8829,43.3344,43.3344,30440
BMP,8/31/2016 00:00:00,43.3344,44.7057,43.3344,44.7057,133660
BMP,9/1/2016 00:00:00,44.98,44.98,44.4315,44.98,74850
BMP,9/5/2016 00:00:00,45.2543,45.2543,44.7057,44.98,64010
BMP,9/6/2016 00:00:00,45.2543,46.8999,44.98,46.6256,269150
BMP,9/7/2016 00:00:00,46.8999,47.4484,46.0771,46.8999,163270
BMP,9/8/2016 00:00:00,47.1741,47.4484,46.6256,46.8999,53880
BMP,9/9/2016 00:00:00,46.6256,47.4484,46.6256,46.8999,183560
BMP,9/12/2016 00:00:00,46.653,46.7627,45.5285,46.0771,200150
BMP,9/13/2016 00:00:00,46.3513,46.6256,45.5285,46.2142,213570
BMP,9/14/2016 00:00:00,46.3513,47.421,46.3513,47.2838,93270
BMP,9/15/2016 00:00:00,47.7227,47.9969,47.4484,47.9695,79550
BMP,9/16/2016 00:00:00,45.8028,48.2712,45.8028,47.8598,142880
BMP,9/19/2016 00:00:00,47.4758,47.8598,46.7627,46.7627,154260
BMP,9/20/2016 00:00:00,47.3387,47.3387,46.7627,47.037,71390
BMP,9/21/2016 00:00:00,46.8999,47.7227,46.8999,47.6953,114790
BMP,9/22/2016 00:00:00,47.6953,48.8198,47.5033,47.9969,114040
BMP,9/23/2016 00:00:00,47.9969,48.8198,47.9969,48.1341,51700
BMP,9/26/2016 00:00:00,48.6278,49.7797,48.6278,49.094,209890
BMP,9/27/2016 00:00:00,49.6426,50.1637,49.5054,49.9168,73790
BMP,9/28/2016 00:00:00,50.1911,51.2607,50.1637,50.7396,159630
BMP,9/29/2016 00:00:00,51.151,53.1532,51.0139,53.1532,260380
BMP,9/30/2016 00:00:00,53.6194,53.784,52.111,53.1532,136140
BMP,10/3/2016 00:00:00,52.6595,54.0034,52.6595,53.7566,211220
BMP,10/4/2016 00:00:00,54.5794,54.5794,53.0709,53.208,276150
BMP,10/5/2016 00:00:00,52.7692,53.4823,52.7692,53.208,109620
BMP,10/6/2016 00:00:00,53.7566,54.4697,53.0709,54.0308,218520
BMP,10/7/2016 00:00:00,53.2355,54.2777,52.9612,53.7566,150990
BMP,10/10/2016 00:00:00,52.7966,53.7566,52.6595,52.6595,44340
BMP,10/11/2016 00:00:00,52.4401,53.7566,52.3852,52.7144,76490
BMP,10/12/2016 00:00:00,53.4823,53.7292,53.0983,53.7017,53690
BMP,10/13/2016 00:00:00,53.7017,54.3051,52.9338,54.0308,161260
BMP,10/14/2016 00:00:00,54.168,55.4022,53.6194,54.8537,152850
BMP,10/17/2016 00:00:00,54.0308,56.1976,54.0308,55.6765,286550
BMP,10/18/2016 00:00:00,55.1279,56.225,54.2228,55.6765,65190
BMP,10/19/2016 00:00:00,56.033,56.7735,55.6765,56.417,77610
BMP,10/20/2016 00:00:00,56.4993,57.0478,55.5667,55.8136,107040
BMP,10/21/2016 00:00:00,55.5942,55.9233,54.8537,55.7587,45710
BMP,10/24/2016 00:00:00,54.9359,55.7587,54.3051,54.8537,159580
BMP,10/25/2016 00:00:00,53.7566,54.8262,53.5097,54.5794,26850
BMP,10/26/2016 00:00:00,53.5646,54.8537,53.5646,54.7165,34110
BMP,10/27/2016 00:00:00,54.7165,55.1279,54.7165,55.0731,52300
BMP,10/28/2016 00:00:00,55.0731,55.0731,54.6342,55.0731,28740
BMP,10/31/2016 00:00:00,54.3051,55.3748,52.1384,55.3473,171180
BMP,11/1/2016 00:00:00,55.1279,55.3199,53.7566,55.3199,74390
BMP,11/2/2016 00:00:00,55.2651,55.3199,54.5794,55.0182,6400
BMP,11/3/2016 00:00:00,54.7439,54.7439,53.7566,53.7566,22400
BMP,11/4/2016 00:00:00,53.2355,54.6342,53.2355,54.3051,12210
BMP,11/7/2016 00:00:00,54.6617,55.5393,54.6342,55.4022,22280
BMP,11/8/2016 00:00:00,55.4022,55.6765,55.2376,55.4022,20370
BMP,11/9/2016 00:00:00,55.3748,55.4022,54.0583,54.8537,36500
BMP,11/10/2016 00:00:00,54.8537,55.3748,54.8537,55.1279,8200
BMP,11/11/2016 00:00:00,54.8537,54.9908,54.8262,54.8537,29290
BMP,11/14/2016 00:00:00,54.8262,54.8262,54.0583,54.1131,16640
BMP,11/15/2016 00:00:00,53.7566,54.168,53.7566,53.7566,25610
BMP,11/16/2016 00:00:00,54.0308,54.0308,53.5372,53.8937,6670
BMP,11/17/2016 00:00:00,54.5245,54.5245,53.4823,53.4823,23450
BMP,11/18/2016 00:00:00,53.7566,53.7566,52.6595,53.4549,31850
BMP,11/21/2016 00:00:00,52.9338,53.3452,52.9338,53.3452,2340
BMP,11/22/2016 00:00:00,52.6595,53.3177,52.5224,53.3177,55520
BMP,11/23/2016 00:00:00,53.208,53.5097,52.6595,53.4823,21140
BMP,11/24/2016 00:00:00,53.208,53.5646,52.7418,53.5646,6730
BMP,11/25/2016 00:00:00,52.9612,53.4823,52.9612,53.4823,13360
BMP,11/28/2016 00:00:00,53.4275,53.4823,52.9338,53.3452,24010
BMP,11/29/2016 00:00:00,53.4275,53.4275,53.208,53.3452,2120
BMP,11/30/2016 00:00:00,52.6869,53.4823,52.6595,53.4823,70690
BMP,12/1/2016 00:00:00,52.7966,53.4549,52.7966,53.3452,7600
BMP,12/2/2016 00:00:00,53.4,53.4,52.9338,53.3452,2320
BMP,12/5/2016 00:00:00,53.208,53.208,53.1806,53.208,1780
BMP,12/6/2016 00:00:00,53.1806,53.208,51.8367,52.111,46090
BMP,12/7/2016 00:00:00,52.0835,52.3852,51.5624,51.8367,38860
BMP,12/8/2016 00:00:00,52.9338,52.9338,51.4253,51.4253,9500
BMP,12/9/2016 00:00:00,52.3578,52.3578,51.727,52.303,5660
BMP,12/12/2016 00:00:00,52.303,52.303,51.3156,52.0835,3650
BMP,12/13/2016 00:00:00,51.8367,53.4823,51.343,53.4823,6400
BMP,12/14/2016 00:00:00,53.4823,53.4823,51.8641,52.9338,11520
BMP,12/15/2016 00:00:00,52.111,52.9338,51.8641,52.9338,11840
BMP,12/16/2016 00:00:00,52.1384,53.7292,52.1384,53.4823,76750
BMP,12/19/2016 00:00:00,53.8937,53.8937,53.1258,53.4823,20920
BMP,12/20/2016 00:00:00,53.4549,53.4549,52.9338,53.0709,5620
BMP,12/21/2016 00:00:00,52.111,53.4549,52.111,53.4549,13090
BMP,12/22/2016 00:00:00,53.4549,53.4549,52.7144,53.1806,720
BMP,12/23/2016 00:00:00,53.208,53.208,52.2755,53.1532,10790
BMP,12/26/2016 00:00:00,53.4823,53.4823,52.111,53.1806,80140
BMP,12/27/2016 00:00:00,53.0161,53.0161,52.6321,52.9338,58340
BMP,12/28/2016 00:00:00,52.9338,52.9338,52.6595,52.9063,9470
BMP,12/29/2016 00:00:00,52.5224,52.9063,52.5224,52.9063,24730
BMP,12/30/2016 00:00:00,53.4329,53.4329,52.7955,52.9341,18510
BMP,1/3/2017 00:00:00,52.6569,52.6569,52.3798,52.6569,17680
BMP,1/4/2017 00:00:00,52.9063,52.9063,52.5183,52.8232,15580
BMP,1/5/2017 00:00:00,52.8232,52.8232,51.8255,52.7955,26310
BMP,1/6/2017 00:00:00,51.8532,52.1026,51.2989,51.2989,48380
BMP,1/9/2017 00:00:00,51.7701,51.8255,50.1626,51.2712,106200
BMP,1/10/2017 00:00:00,49.9132,51.2435,49.9132,51.2158,33260
BMP,1/11/2017 00:00:00,51.1326,51.6315,51.1326,51.3821,48710
BMP,1/12/2017 00:00:00,51.7978,52.4906,51.3266,52.4629,21990
BMP,1/13/2017 00:00:00,52.6569,52.6569,52.1304,52.4629,30240
BMP,1/16/2017 00:00:00,52.5461,52.6569,50.9941,52.2412,110530
BMP,1/17/2017 00:00:00,52.1026,52.1026,51.2712,51.2712,19630
BMP,1/18/2017 00:00:00,51.2712,52.3244,51.2712,51.2712,41970
BMP,1/19/2017 00:00:00,51.8255,52.2966,51.2989,51.3266,47500
BMP,1/20/2017 00:00:00,52.1026,52.5183,51.3266,52.5183,60470
BMP,1/23/2017 00:00:00,52.3798,54.0426,52.3798,53.4883,45490
BMP,1/24/2017 00:00:00,53.4606,54.0426,53.4606,54.0426,39860
BMP,1/25/2017 00:00:00,53.8486,55.1512,53.4883,53.4883,67400
BMP,2/2/2017 00:00:00,53.4883,53.9041,53.3498,53.5715,36150
BMP,2/3/2017 00:00:00,52.9618,53.5438,52.9618,53.3498,25740
BMP,2/6/2017 00:00:00,53.2112,54.0426,53.2112,53.9041,32880
BMP,2/7/2017 00:00:00,54.1812,54.5969,53.9318,54.3198,32260
BMP,2/8/2017 00:00:00,54.5969,54.5969,54.0149,54.2921,22970
BMP,2/9/2017 00:00:00,54.2921,54.2921,53.5438,54.0149,28480
BMP,2/10/2017 00:00:00,54.0149,54.0149,53.5715,53.6269,41180
BMP,2/13/2017 00:00:00,54.0426,54.1535,53.5438,54.1258,45110
BMP,2/14/2017 00:00:00,53.9872,54.0426,53.6269,53.9595,18640
BMP,2/15/2017 00:00:00,53.9318,53.9595,53.7655,53.9595,7890
BMP,2/16/2017 00:00:00,53.4606,53.8763,53.4606,53.6823,16140
BMP,2/17/2017 00:00:00,53.4883,53.7655,52.6846,53.0726,41820
BMP,2/20/2017 00:00:00,53.0726,53.2112,52.5461,52.6569,46110
BMP,2/21/2017 00:00:00,52.2689,52.6569,52.1581,52.6569,49540
BMP,2/22/2017 00:00:00,52.6569,52.6569,52.0195,52.1026,47420
BMP,2/23/2017 00:00:00,52.0472,52.3798,51.8255,51.8255,45020
BMP,2/24/2017 00:00:00,52.0472,52.2135,51.5484,52.2135,25440
BMP,2/27/2017 00:00:00,51.5484,52.1026,51.5484,52.1026,10440
BMP,2/28/2017 00:00:00,52.1026,52.1026,50.9664,51.8255,132520
BMP,3/1/2017 00:00:00,51.8255,52.9341,51.8255,52.3798,112690
BMP,3/2/2017 00:00:00,52.9341,52.9341,52.1026,52.1581,41880
BMP,3/3/2017 00:00:00,52.1026,52.6015,52.0472,52.6015,7570
BMP,3/6/2017 00:00:00,52.6569,52.7401,51.2712,52.3244,176010
BMP,3/7/2017 00:00:00,51.8255,52.1026,51.2712,52.0749,77680
BMP,3/8/2017 00:00:00,52.0749,52.0749,51.5761,52.0195,7790
BMP,3/9/2017 00:00:00,51.5761,51.9918,51.5761,51.8255,9500
BMP,3/10/2017 00:00:00,51.6592,51.7701,51.4375,51.5484,37520
BMP,3/13/2017 00:00:00,51.5484,51.8255,51.4375,51.8255,185370
BMP,3/14/2017 00:00:00,51.8255,52.9063,51.8255,52.7955,87560
BMP,3/15/2017 00:00:00,52.4075,53.2112,52.4075,52.7955,27170
BMP,3/16/2017 00:00:00,52.6569,52.6569,52.1026,52.6292,31020
BMP,3/17/2017 00:00:00,51.2712,52.6569,51.2712,52.6015,33310
BMP,3/20/2017 00:00:00,52.5183,52.6846,52.1304,52.6292,157500
BMP,3/21/2017 00:00:00,52.3521,53.9872,52.3521,53.6269,100470
BMP,3/22/2017 00:00:00,53.7378,53.7655,53.0726,53.4883,32540
BMP,3/23/2017 00:00:00,53.6546,55.3729,53.2112,54.8463,241470
BMP,3/24/2017 00:00:00,54.8463,54.9295,54.4583,54.8741,46630
BMP,3/27/2017 00:00:00,55.1512,56.9526,55.1512,56.9526,140960
BMP,3/28/2017 00:00:00,57.9226,57.9226,56.0658,56.9526,112280
BMP,3/29/2017 00:00:00,56.9526,56.9803,56.2875,56.814,93360
BMP,3/30/2017 00:00:00,56.5646,57.9226,56.2598,56.2875,151910
BMP,3/31/2017 00:00:00,56.5369,57.7286,56.5369,57.008,157120
BMP,4/3/2017 00:00:00,56.5646,57.59,56.0103,56.0103,338680
BMP,4/4/2017 00:00:00,55.4283,55.9826,54.3198,54.3198,209710
BMP,4/5/2017 00:00:00,53.4883,54.5969,53.4883,54.0426,80310
BMP,4/7/2017 00:00:00,53.5161,54.0426,53.4883,54.0426,22900
BMP,4/10/2017 00:00:00,54.3198,55.4283,53.8486,55.4283,97170
BMP,4/11/2017 00:00:00,55.4283,55.4283,55.0126,55.2343,50970
BMP,4/12/2017 00:00:00,55.2343,55.2343,54.0703,55.0126,34420
BMP,4/13/2017 00:00:00,55.0126,55.1235,54.8741,55.1235,15140
BMP,4/14/2017 00:00:00,54.8741,55.1235,53.7655,55.0958,45060
BMP,4/17/2017 00:00:00,55.4283,55.4283,54.5969,54.5969,22950
BMP,4/18/2017 00:00:00,54.5692,54.7355,54.2089,54.3198,15150
BMP,4/19/2017 00:00:00,54.3198,54.3198,53.6269,53.9318,26580
BMP,4/20/2017 00:00:00,54.2921,54.2921,52.9895,52.9895,29740
BMP,4/21/2017 00:00:00,53.2112,53.5715,51.8532,52.2412,108530
BMP,4/24/2017 00:00:00,52.2412,52.2412,50.9941,51.2158,70310
BMP,4/25/2017 00:00:00,51.2712,52.1026,50.3012,52.1026,66290
BMP,4/26/2017 00:00:00,52.3521,52.3521,51.5484,52.0749,70200
BMP,4/27/2017 00:00:00,52.0749,52.0749,51.5206,51.8255,56660
BMP,4/28/2017 00:00:00,51.1326,51.8255,51.1326,51.8255,23730
BMP,5/3/2017 00:00:00,51.8255,51.8255,51.2158,51.2712,81420
BMP,5/4/2017 00:00:00,51.2712,51.4098,50.4398,50.6615,129740
BMP,5/5/2017 00:00:00,50.2458,50.8555,49.8855,50.5506,63080
BMP,5/8/2017 00:00:00,50.5506,50.5506,49.7469,49.8855,65870
BMP,5/9/2017 00:00:00,50.3566,50.4398,49.8855,50.4398,81760
BMP,5/10/2017 00:00:00,50.4398,50.7169,49.9686,50.4121,72110
BMP,5/11/2017 00:00:00,50.3844,50.4121,49.9964,50.4121,64200
BMP,5/12/2017 00:00:00,50.8555,51.4929,50.8555,51.4098,77670
BMP,5/15/2017 00:00:00,51.9364,52.0195,51.1326,51.4098,58380
BMP,5/16/2017 00:00:00,51.4098,51.4098,50.9386,51.2712,63560
BMP,5/17/2017 00:00:00,51.2712,51.2712,50.6061,50.7169,69380
BMP,5/18/2017 00:00:00,50.8555,50.9664,50.3844,50.9664,103400
BMP,5/19/2017 00:00:00,50.9664,50.9941,50.3844,50.5784,81700
BMP,5/22/2017 00:00:00,50.4398,50.4398,49.8855,50.1626,170110
BMP,5/23/2017 00:00:00,50.1626,50.1626,48.9155,49.3312,138550
BMP,5/24/2017 00:00:00,48.7769,49.3312,48.2781,48.2781,258170
BMP,5/25/2017 00:00:00,48.2227,48.6384,48.0287,48.2227,116960
BMP,5/26/2017 00:00:00,48.2227,50.7169,48.2227,50.7169,86220
BMP,5/29/2017 00:00:00,50.7169,50.7169,50.0241,50.0241,53800
BMP,5/30/2017 00:00:00,50.4121,50.8555,49.9132,50.0795,160320
BMP,5/31/2017 00:00:00,50.0241,50.2181,49.8855,50.0518,91320
BMP,6/1/2017 00:00:00,50.7169,51.2712,50.1626,51.2712,167180
BMP,6/2/2017 00:00:00,51.7978,51.7978,50.4398,50.9664,173890
BMP,6/5/2017 00:00:00,51.5206,51.5206,50.7169,50.9386,145600
BMP,6/6/2017 00:00:00,50.9941,51.0772,50.8278,50.9664,135670
BMP,6/7/2017 00:00:00,51.2712,51.5484,50.9664,51.2712,191340
BMP,6/8/2017 00:00:00,51.2712,51.4098,50.7169,50.9386,153390
BMP,6/9/2017 00:00:00,51.2435,51.3821,50.8832,50.9941,174540
BMP,6/12/2017 00:00:00,51.2435,51.3544,50.9109,50.9941,226240
BMP,6/13/2017 00:00:00,52.9554,54.4684,51.9467,54.2162,374610
BMP,6/14/2017 00:00:00,54.4684,54.9223,52.7032,53.8632,140110
BMP,6/15/2017 00:00:00,53.8128,53.8128,52.6528,52.9049,72130
BMP,6/16/2017 00:00:00,52.9049,52.9049,51.4424,52.1989,148480
BMP,6/19/2017 00:00:00,52.4006,52.451,51.4424,52.1484,96200
BMP,6/20/2017 00:00:00,52.098,52.1484,50.938,50.938,174690
BMP,6/21/2017 00:00:00,50.4841,50.4841,49.425,49.6772,270120
BMP,6/22/2017 00:00:00,49.425,50.0807,48.9711,49.5763,128980
BMP,6/23/2017 00:00:00,49.5763,51.5937,49.5259,51.4424,150340
BMP,6/26/2017 00:00:00,52.0476,52.0476,50.6859,51.4424,75240
BMP,6/27/2017 00:00:00,51.1902,51.1902,50.3328,51.1398,78000
BMP,6/28/2017 00:00:00,49.9294,50.938,49.9294,50.232,38390
BMP,6/29/2017 00:00:00,50.232,50.938,49.9294,50.1815,42860
BMP,6/30/2017 00:00:00,50.3833,50.3833,49.8789,49.9294,66390
BMP,7/3/2017 00:00:00,49.8285,50.0302,49.3242,49.3746,72190
BMP,7/4/2017 00:00:00,49.3746,49.425,48.7694,49.072,121350
BMP,7/5/2017 00:00:00,49.3746,49.8285,48.9207,49.6772,82790
BMP,7/6/2017 00:00:00,49.9294,50.1815,49.425,50.1815,94250
BMP,7/7/2017 00:00:00,50.1815,50.1815,49.6772,49.6772,56490
BMP,7/10/2017 00:00:00,49.6772,49.6772,48.8703,49.3746,80930
BMP,7/11/2017 00:00:00,48.7694,49.425,48.4163,48.4163,88770
BMP,7/12/2017 00:00:00,48.4163,48.9207,48.4163,48.4163,53270
BMP,7/13/2017 00:00:00,48.4163,48.4163,46.9033,47.1555,185240
BMP,7/14/2017 00:00:00,47.1555,47.1555,45.3903,45.3903,248630
BMP,7/17/2017 00:00:00,45.3903,45.3903,42.8686,43.726,263490
BMP,7/18/2017 00:00:00,42.6669,42.6669,40.7,40.7,697830
BMP,7/19/2017 00:00:00,40.3974,41.6078,39.8426,40.6496,298530
BMP,7/20/2017 00:00:00,40.6496,40.7,37.8253,38.3296,941650
BMP,7/21/2017 00:00:00,38.3296,38.6826,36.4131,36.4131,457260
BMP,7/24/2017 00:00:00,36.4131,38.9348,36.4131,38.9348,249940
BMP,7/25/2017 00:00:00,40.0444,41.6582,39.4392,41.6582,446840
BMP,7/26/2017 00:00:00,41.6582,42.8182,41.3556,41.6582,277600
BMP,7/27/2017 00:00:00,41.7087,41.7087,39.8426,40.4983,170520
BMP,7/28/2017 00:00:00,39.8931,41.3556,39.5905,41.2548,209430
BMP,7/31/2017 00:00:00,39.3887,41.1035,39.3887,40.0948,182960
BMP,8/1/2017 00:00:00,40.7504,40.7504,39.54,40.0948,169020
BMP,8/2/2017 00:00:00,39.8426,39.8931,39.187,39.3383,233720
BMP,8/3/2017 00:00:00,39.8426,39.8426,39.0357,39.3383,104340
BMP,8/4/2017 00:00:00,38.8844,39.3383,38.8339,38.8339,152820
BMP,8/7/2017 00:00:00,37.8253,39.0861,37.1192,38.8339,390890
BMP,8/8/2017 00:00:00,38.7835,38.8339,38.3296,38.38,213210
BMP,8/9/2017 00:00:00,38.2792,39.187,38.2287,39.0861,166450
BMP,8/10/2017 00:00:00,38.8339,40.1957,38.8339,39.7922,190220
BMP,8/11/2017 00:00:00,39.8426,39.8426,39.4392,39.7418,177140
BMP,8/14/2017 00:00:00,39.5905,40.7504,39.5905,40.7504,291310
BMP,8/15/2017 00:00:00,40.7,41.4061,40.347,41.3556,262720
BMP,8/16/2017 00:00:00,41.4565,41.4565,40.8513,41.3052,252380
BMP,8/17/2017 00:00:00,41.3052,42.8182,41.3052,41.5574,320930
BMP,8/18/2017 00:00:00,41.3556,41.5574,40.5991,41.0026,285270
BMP,8/21/2017 00:00:00,41.3052,41.3556,40.2965,40.5991,316510
BMP,8/22/2017 00:00:00,40.0948,40.5487,39.3383,40.4478,282520
BMP,8/23/2017 00:00:00,40.347,40.9522,39.5905,40.2965,225590
BMP,8/24/2017 00:00:00,40.4478,41.0026,39.2878,39.8426,307850
BMP,8/25/2017 00:00:00,39.4392,40.2965,38.8339,38.8339,417240
BMP,8/28/2017 00:00:00,38.8339,38.8339,37.6235,38.6322,1.24813e+006
BMP,8/29/2017 00:00:00,38.6322,38.6322,36.9175,37.4218,810910
BMP,8/30/2017 00:00:00,37.8253,38.1279,37.3714,37.674,237120
BMP,8/31/2017 00:00:00,37.8253,38.027,37.1696,37.3209,256880
BMP,9/1/2017 00:00:00,37.3209,37.7244,36.9679,37.0688,226420
BMP,9/5/2017 00:00:00,37.0688,37.4218,36.9679,37.0183,103400
BMP,9/6/2017 00:00:00,37.2705,37.3209,36.4636,36.4636,293910
BMP,9/7/2017 00:00:00,36.8166,37.1192,36.161,36.6653,469330
BMP,9/8/2017 00:00:00,36.6653,36.867,36.0097,36.4636,427060
BMP,9/11/2017 00:00:00,36.4636,36.4636,35.0514,35.3036,692030
BMP,9/12/2017 00:00:00,35.3036,35.9592,34.9506,35.7071,390780
BMP,9/13/2017 00:00:00,36.3123,38.1783,36.2618,38.1783,987590
BMP,9/14/2017 00:00:00,38.2287,39.3383,36.7157,37.5731,529290
BMP,9/15/2017 00:00:00,38.5818,39.8426,38.3296,38.8339,713820
BMP,9/18/2017 00:00:00,38.8339,39.0357,38.2792,38.3296,238540
BMP,9/19/2017 00:00:00,38.5818,40.7504,38.3296,39.6409,624420
BMP,9/20/2017 00:00:00,40.0948,40.8513,39.7418,40.8513,557920
BMP,9/21/2017 00:00:00,41.7087,42.0113,39.8426,39.8426,796140
BMP,9/22/2017 00:00:00,39.8426,40.347,39.3383,39.9435,414600
BMP,9/25/2017 00:00:00,40.0948,40.0948,38.5818,39.2878,561040
BMP,9/26/2017 00:00:00,39.0861,39.7922,38.38,38.5313,471130
BMP,9/27/2017 00:00:00,38.5818,38.8339,37.5227,38.3296,431150
BMP,9/28/2017 00:00:00,38.8339,39.4896,38.4809,38.7835,323930
BMP,9/29/2017 00:00:00,38.9852,39.4392,38.8339,39.0861,387650
BMP,10/2/2017 00:00:00,39.0357,39.8426,39.0357,39.3383,333130
BMP,10/3/2017 00:00:00,39.3383,39.7922,38.6322,39.2878,285750
BMP,10/4/2017 00:00:00,38.8844,39.2878,37.2705,38.5818,309960
BMP,10/5/2017 00:00:00,38.5818,38.7331,38.2287,38.3296,165180
BMP,10/6/2017 00:00:00,38.3296,38.5818,37.8253,38.1783,138180
BMP,10/9/2017 00:00:00,37.9766,38.1783,37.4722,37.6235,262260
BMP,10/10/2017 00:00:00,37.8253,37.8253,37.3209,37.8253,216690
BMP,10/11/2017 00:00:00,37.8253,39.0861,37.5731,38.027,182610
BMP,10/12/2017 00:00:00,38.027,39.3887,38.027,38.8339,323830
BMP,10/13/2017 00:00:00,39.2374,40.347,38.8339,39.4896,561040
BMP,10/16/2017 00:00:00,39.7418,39.7418,38.7835,38.8339,323920
BMP,10/17/2017 00:00:00,38.8339,38.8339,38.2287,38.4305,322850
BMP,10/18/2017 00:00:00,38.4809,38.7835,38.0774,38.4305,317910
BMP,10/19/2017 00:00:00,38.8339,40.2965,38.8339,39.8426,878640
BMP,10/20/2017 00:00:00,39.8931,40.3974,39.0861,39.6409,510190
BMP,10/23/2017 00:00:00,39.6409,39.6409,38.7331,38.8339,296830
BMP,10/24/2017 00:00:00,38.7835,39.54,38.3296,39.3383,254680
BMP,10/25/2017 00:00:00,39.3383,39.3383,38.6322,38.7331,194190
BMP,10/26/2017 00:00:00,38.5818,38.6826,37.8253,38.3296,334110
BMP,10/27/2017 00:00:00,38.3296,38.4305,37.7748,38.1279,275730
BMP,10/30/2017 00:00:00,37.9261,38.1279,37.3209,37.6235,390600
BMP,10/31/2017 00:00:00,37.6235,37.674,37.0688,37.2705,184280
BMP,11/1/2017 00:00:00,37.3209,37.7244,37.3209,37.3714,211900
BMP,11/2/2017 00:00:00,37.2201,38.1279,37.2201,37.8253,317620
BMP,11/3/2017 00:00:00,38.0774,38.0774,37.0183,37.3209,355790
BMP,11/6/2017 00:00:00,37.7748,38.9348,37.3714,38.9348,483860
BMP,11/7/2017 00:00:00,38.9852,39.3383,38.7331,38.9852,297280
BMP,11/8/2017 00:00:00,38.9852,39.3887,38.8339,39.0357,285620
BMP,11/9/2017 00:00:00,39.2374,40.7,39.0861,40.4478,755360
BMP,11/10/2017 00:00:00,41.1539,42.2634,40.8513,42.2634,1.05317e+006
BMP,11/13/2017 00:00:00,42.7678,45.1886,42.7173,45.1886,2.03478e+006
BMP,11/14/2017 00:00:00,46.0606,46.9325,44.4192,44.6244,1.44835e+006
BMP,11/15/2017 00:00:00,44.6244,45.6502,44.6244,45.5989,472720
BMP,11/16/2017 00:00:00,45.9067,46.1119,45.1373,45.8554,595400
BMP,11/17/2017 00:00:00,45.8554,45.9067,44.4705,44.6244,652450
BMP,11/20/2017 00:00:00,44.8295,47.4455,44.6757,47.4455,1.00265e+006
BMP,11/21/2017 00:00:00,47.7019,48.2148,45.6502,46.4196,1.13368e+006
BMP,11/22/2017 00:00:00,46.2657,47.7019,46.2144,47.189,691720
BMP,11/23/2017 00:00:00,47.189,47.9584,46.5735,47.189,920140
BMP,11/24/2017 00:00:00,47.189,47.4455,46.4709,46.8299,602390
BMP,11/27/2017 00:00:00,46.7274,48.0097,46.5735,47.4455,850110
BMP,11/28/2017 00:00:00,47.4455,48.9329,47.4455,47.9071,680630
BMP,11/29/2017 00:00:00,48.4713,50.6769,48.1636,49.8049,1.1512e+006
BMP,11/30/2017 00:00:00,50.3178,50.523,48.6252,49.2407,1.40322e+006
BMP,12/1/2017 00:00:00,48.7278,49.3946,48.4713,49.0355,756110
BMP,12/4/2017 00:00:00,49.4459,50.3691,49.292,49.9075,475010
BMP,12/5/2017 00:00:00,49.7536,49.8562,46.9325,46.9325,1.13462e+006
BMP,12/6/2017 00:00:00,47.189,47.9071,46.1631,47.2916,714710
BMP,12/7/2017 00:00:00,48.061,48.061,47.2916,47.8045,271560
BMP,12/8/2017 00:00:00,47.0864,47.3429,45.6502,45.6502,678960
BMP,12/11/2017 00:00:00,44.6244,45.5989,44.1115,44.1115,522890
BMP,12/12/2017 00:00:00,45.6502,45.6502,43.0856,44.8295,669810
BMP,12/13/2017 00:00:00,45.1373,45.3938,44.7783,45.3938,182680
BMP,12/14/2017 00:00:00,45.6502,46.5222,45.5989,46.1631,314970
BMP,12/15/2017 00:00:00,46.4196,46.8812,45.958,45.958,1.19664e+006
BMP,12/18/2017 00:00:00,46.5735,46.5735,45.5989,45.7015,435580
BMP,12/19/2017 00:00:00,45.8041,45.8041,43.7011,43.7524,733030
BMP,12/20/2017 00:00:00,43.7524,44.5731,42.5727,42.6753,570010
BMP,12/21/2017 00:00:00,43.1882,43.8037,42.8291,42.983,294970
BMP,12/22/2017 00:00:00,43.3421,43.3421,42.4188,42.6753,311550
BMP,12/25/2017 00:00:00,42.6753,43.0856,42.0085,42.0085,271710
BMP,12/26/2017 00:00:00,42.0598,42.4188,41.0339,41.2904,508440
BMP,12/27/2017 00:00:00,41.0852,41.2904,40.3671,40.521,644000
BMP,12/28/2017 00:00:00,40.521,43.3421,40.521,43.3421,677960
BMP,12/29/2017 00:00:00,43.5985,44.214,43.5985,43.9063,598150
BMP,1/2/2018 00:00:00,43.9063,45.3425,43.0856,45.0347,562680
BMP,1/3/2018 00:00:00,45.1373,45.1373,44.0089,44.1115,426510
BMP,1/4/2018 00:00:00,44.0602,44.3166,43.3421,43.9576,441320
BMP,1/5/2018 00:00:00,43.9576,43.9576,42.3162,42.5727,467740
BMP,1/8/2018 00:00:00,42.0598,43.5985,41.5468,43.0856,320740
BMP,1/9/2018 00:00:00,42.5727,43.855,42.5214,43.0343,395140
BMP,1/10/2018 00:00:00,43.0343,43.855,42.5727,42.8804,570540
BMP,1/11/2018 00:00:00,42.8804,42.8804,42.4188,42.8291,414380
BMP,1/12/2018 00:00:00,42.8291,42.983,42.2649,42.4701,505220
BMP,1/15/2018 00:00:00,42.5214,43.1369,42.3162,42.5727,313240
BMP,1/16/2018 00:00:00,42.5727,44.1115,42.5727,43.7011,883620
BMP,1/17/2018 00:00:00,44.0602,44.0602,42.8291,43.0856,417140
BMP,1/18/2018 00:00:00,42.4701,42.9317,42.3162,42.8291,315890
BMP,1/19/2018 00:00:00,42.8291,44.1115,42.5727,43.1882,608670
BMP,1/22/2018 00:00:00,43.5985,46.1631,43.2395,45.4963,1.37859e+006
BMP,1/25/2018 00:00:00,46.1119,47.189,45.1373,45.5989,955470
BMP,1/26/2018 00:00:00,45.5989,45.6502,44.3679,44.6244,613910
BMP,1/29/2018 00:00:00,44.6244,44.8808,43.5985,43.6498,507740
BMP,1/30/2018 00:00:00,43.6498,45.1886,43.1369,44.3166,518000
BMP,1/31/2018 00:00:00,44.1115,44.3166,43.5985,43.5985,431950
BMP,2/1/2018 00:00:00,43.6498,43.9576,43.4959,43.8037,568610
BMP,2/2/2018 00:00:00,43.855,44.1627,43.6498,44.1627,300000
BMP,2/5/2018 00:00:00,44.1627,44.1627,41.1878,41.1878,275130
BMP,2/6/2018 00:00:00,38.3667,41.5468,38.3154,41.0339,990780
BMP,2/7/2018 00:00:00,42.4701,42.7779,41.8033,42.4701,415910
BMP,2/8/2018 00:00:00,42.4701,42.5214,41.5468,42.1623,243850
BMP,2/9/2018 00:00:00,40.521,41.5468,39.5464,41.5468,368430
BMP,2/12/2018 00:00:00,42.0598,43.5985,42.0598,43.5985,413090
BMP,2/13/2018 00:00:00,46.6248,46.6248,45.7528,46.6248,1.37488e+006
BMP,2/21/2018 00:00:00,47.5993,48.5226,47.1377,47.189,554580
BMP,2/22/2018 00:00:00,46.5735,47.189,45.6502,45.8041,290760
BMP,2/23/2018 00:00:00,45.8041,48.7278,45.8041,47.9071,921660
BMP,2/26/2018 00:00:00,48.4713,48.7278,46.8299,47.0864,643560
BMP,2/27/2018 00:00:00,47.189,48.1123,46.9325,47.189,576270
BMP,2/28/2018 00:00:00,47.4455,49.1894,47.189,48.1123,1.06578e+006
BMP,3/1/2018 00:00:00,48.1123,48.2148,46.6761,46.6761,618470
BMP,3/2/2018 00:00:00,46.1631,46.6761,45.3425,45.7528,759550
BMP,3/5/2018 00:00:00,46.6761,47.189,45.1886,45.1886,480180
BMP,3/6/2018 00:00:00,45.1886,45.9067,44.2653,44.6757,415790
BMP,3/7/2018 00:00:00,44.4192,45.086,43.1369,44.5218,402370
BMP,3/8/2018 00:00:00,44.6244,45.3425,43.855,44.1115,260030
BMP,3/9/2018 00:00:00,44.1115,44.1115,41.5468,42.4188,790790
BMP,3/12/2018 00:00:00,42.5727,43.0343,40.1106,40.2645,1.07394e+006
BMP,3/13/2018 00:00:00,40.2645,40.2645,38.4693,38.777,674170
BMP,3/14/2018 00:00:00,38.9822,40.6236,37.7512,40.4697,852040
BMP,3/15/2018 00:00:00,40.0081,40.3671,38.9822,39.4438,341440
BMP,3/16/2018 00:00:00,39.3926,39.3926,38.4693,38.4693,605690
BMP,3/19/2018 00:00:00,38.418,38.418,37.6486,37.9564,510060
BMP,3/20/2018 00:00:00,37.9564,39.3413,37.5973,38.9822,512260
BMP,3/21/2018 00:00:00,39.1874,39.8029,39.1874,39.8029,473200
BMP,3/22/2018 00:00:00,39.8029,39.8029,38.6232,38.6232,234960
BMP,3/23/2018 00:00:00,37.4434,38.2128,37.4434,37.8538,357310
BMP,3/26/2018 00:00:00,37.8538,38.7257,37.7512,37.7512,179420
BMP,3/27/2018 00:00:00,37.9564,38.2128,37.2383,37.4434,355170
BMP,3/28/2018 00:00:00,37.6486,37.6486,37.187,37.187,210310
BMP,3/29/2018 00:00:00,36.9818,37.1357,35.6482,35.9047,445360
BMP,3/30/2018 00:00:00,35.1353,35.8534,34.8788,35.2892,235460
BMP,4/2/2018 00:00:00,35.8534,36.8792,35.3917,36.4176,183830
BMP,4/3/2018 00:00:00,36.9305,37.4947,36.7253,36.9818,284650
BMP,4/4/2018 00:00:00,37.3922,37.3922,35.9047,35.9047,256490
BMP,4/5/2018 00:00:00,35.9047,36.6741,35.3917,36.4176,222110
BMP,4/6/2018 00:00:00,36.4176,36.7253,36.2124,36.3663,208400
BMP,4/9/2018 00:00:00,36.4176,36.4176,36.1611,36.3663,207680
BMP,4/10/2018 00:00:00,36.3663,36.8279,35.8021,36.3663,314250
BMP,4/11/2018 00:00:00,36.0585,36.9818,35.9047,35.9047,373960
BMP,4/12/2018 00:00:00,35.6995,36.9305,35.6482,36.5715,362540
BMP,4/13/2018 00:00:00,36.8792,36.8792,35.6482,35.6482,195210
BMP,4/16/2018 00:00:00,35.6482,35.6482,35.1866,35.1866,178770
BMP,4/17/2018 00:00:00,35.3405,35.6482,33.853,34.0581,356190
BMP,4/18/2018 00:00:00,34.1094,34.3659,32.622,32.622,603300
BMP,4/19/2018 00:00:00,32.622,32.7758,30.8267,31.0319,466560
BMP,4/20/2018 00:00:00,32.0065,32.0065,30.9293,31.4422,329090
BMP,4/23/2018 00:00:00,31.4422,31.6474,29.288,29.288,339060
BMP,4/24/2018 00:00:00,28.3647,28.8776,28.2108,28.2108,396940
BMP,4/26/2018 00:00:00,28.2108,28.7237,26.4669,26.8259,470660
BMP,4/27/2018 00:00:00,26.7746,27.4414,26.7746,27.3388,338360
BMP,5/2/2018 00:00:00,27.6979,28.1595,27.3388,27.4414,308030
BMP,5/3/2018 00:00:00,27.185,27.9031,26.8259,27.5953,226260
BMP,5/4/2018 00:00:00,27.6979,28.0569,26.672,26.672,272410
BMP,5/7/2018 00:00:00,26.4156,27.2875,26.4156,26.9285,293110
BMP,5/8/2018 00:00:00,27.1337,27.6466,26.9285,27.4414,259560
BMP,5/9/2018 00:00:00,27.4414,27.8005,27.185,27.4414,190110
BMP,5/10/2018 00:00:00,27.4414,27.4927,26.9285,26.9798,263720
BMP,5/11/2018 00:00:00,27.7337,28.4876,27.5722,28.2722,249350
BMP,5/14/2018 00:00:00,28.8108,30.2109,28.3799,30.2109,396360
BMP,5/15/2018 00:00:00,32.0419,32.3111,31.7726,32.3111,401580
BMP,5/16/2018 00:00:00,33.3343,33.8728,32.2034,32.3111,512510
BMP,5/17/2018 00:00:00,31.8265,32.3111,31.5034,31.8265,229090
BMP,5/18/2018 00:00:00,31.7726,31.7726,30.6956,31.2341,294150
BMP,5/21/2018 00:00:00,31.2341,31.7188,30.7494,31.0187,133350
BMP,5/22/2018 00:00:00,31.0187,32.8497,30.6956,31.7188,535020
BMP,5/23/2018 00:00:00,32.0419,32.5265,31.5034,32.4727,381500
BMP,5/24/2018 00:00:00,32.4727,32.7419,32.0419,32.1496,173940
BMP,5/25/2018 00:00:00,32.2034,32.5265,31.6649,32.1496,327180
BMP,5/28/2018 00:00:00,32.0419,32.3111,30.2109,31.5034,422070
BMP,5/29/2018 00:00:00,31.2341,32.4727,30.3186,32.0957,325470
BMP,5/30/2018 00:00:00,32.2034,32.3111,31.6649,32.3111,221580
BMP,5/31/2018 00:00:00,32.2034,34.1959,32.0419,34.1959,589170
BMP,6/1/2018 00:00:00,34.1959,34.4114,33.3882,33.442,213620
BMP,6/4/2018 00:00:00,33.442,33.442,32.6342,32.9574,244860
BMP,6/5/2018 00:00:00,32.9574,33.7113,32.4727,33.7113,263090
BMP,6/6/2018 00:00:00,33.9267,34.7345,33.442,34.4652,233910
BMP,6/7/2018 00:00:00,34.6806,35.2191,34.0882,34.0882,250700
BMP,6/8/2018 00:00:00,33.9267,33.9267,33.1728,33.6574,218360
BMP,6/11/2018 00:00:00,33.3882,33.8728,33.1189,33.1728,103480
BMP,6/12/2018 00:00:00,32.8497,32.8497,32.0419,32.0957,281390
BMP,6/13/2018 00:00:00,31.988,32.8497,31.9342,32.8497,127700
BMP,6/14/2018 00:00:00,32.8497,33.5497,32.5804,32.8497,152460
BMP,6/15/2018 00:00:00,33.2805,33.5497,33.0112,33.5497,213280
BMP,6/18/2018 00:00:00,33.6574,33.9267,33.2805,33.2805,207200
BMP,6/19/2018 00:00:00,33.3882,33.3882,31.2341,32.1496,288770
BMP,6/20/2018 00:00:00,31.7726,32.7419,31.5572,32.3111,62950
BMP,6/21/2018 00:00:00,31.988,32.8497,31.1802,31.3418,157720
BMP,6/22/2018 00:00:00,31.3418,32.3111,31.2341,31.7726,102710
BMP,6/25/2018 00:00:00,31.7726,32.5804,31.7726,31.8265,51720
BMP,6/26/2018 00:00:00,31.7726,32.3111,31.2879,32.1496,216990
BMP,6/27/2018 00:00:00,32.4727,32.5265,32.0419,32.0957,93350
BMP,6/28/2018 00:00:00,31.7726,32.365,31.7726,32.0419,669830
BMP,6/29/2018 00:00:00,32.0419,32.3111,31.2341,31.5572,113150
BMP,7/2/2018 00:00:00,31.2341,31.5034,30.2648,30.9648,109490
BMP,7/3/2018 00:00:00,30.9648,31.2341,29.9416,30.4263,182190
BMP,7/4/2018 00:00:00,30.1571,31.3956,30.0494,31.2341,112510
BMP,7/5/2018 00:00:00,30.7494,32.3111,30.7494,32.0419,226250
BMP,7/6/2018 00:00:00,32.0419,32.0419,31.2341,31.2341,58020
BMP,7/9/2018 00:00:00,31.2341,31.3418,30.2648,30.2648,104890
BMP,7/10/2018 00:00:00,30.4263,30.6956,29.457,29.6724,221410
BMP,7/11/2018 00:00:00,29.6185,29.6185,28.0568,28.0568,100840
BMP,7/12/2018 00:00:00,27.7337,28.8108,27.7337,28.003,75830
BMP,7/13/2018 00:00:00,28.003,29.0262,28.003,28.7031,90040
BMP,7/16/2018 00:00:00,28.5415,29.2954,28.5415,28.7031,57260
BMP,7/17/2018 00:00:00,28.7031,28.9723,28.3261,28.5415,52170
BMP,7/18/2018 00:00:00,28.5415,29.0262,28.2722,28.8108,279370
BMP,7/19/2018 00:00:00,29.0262,29.6185,28.9185,29.4031,164220
BMP,7/20/2018 00:00:00,29.5647,30.0494,29.4031,29.7801,188020
BMP,7/23/2018 00:00:00,29.8339,30.5879,29.7801,29.7801,120460
BMP,7/24/2018 00:00:00,29.7801,30.1571,29.5108,29.7262,172310
BMP,7/25/2018 00:00:00,29.7262,29.9955,29.5108,29.5108,169720
BMP,7/26/2018 00:00:00,29.6185,29.8339,29.4031,29.6724,99310
BMP,7/27/2018 00:00:00,29.9416,30.6417,29.6724,29.9416,63680
BMP,7/30/2018 00:00:00,30.4802,31.1802,29.9955,31.0187,231480
BMP,7/31/2018 00:00:00,31.1802,31.2341,30.6956,30.6956,94490
BMP,8/1/2018 00:00:00,30.6956,30.911,30.5879,30.5879,53900
BMP,8/2/2018 00:00:00,30.5879,30.5879,29.8339,30.4263,128310
BMP,8/3/2018 00:00:00,30.4263,30.6417,29.8339,29.8339,60350
BMP,8/6/2018 00:00:00,30.1571,30.1571,29.8339,30.0494,43640
BMP,8/7/2018 00:00:00,29.8878,30.1571,29.5108,29.7262,26940
BMP,8/8/2018 00:00:00,29.7262,29.9416,29.08,29.4031,30420
BMP,8/9/2018 00:00:00,29.3493,30.1571,29.0262,29.2416,112520
BMP,8/10/2018 00:00:00,29.2416,29.8339,28.8108,28.8108,55350
BMP,8/13/2018 00:00:00,28.8108,29.2954,28.1107,28.2722,196860
BMP,8/14/2018 00:00:00,28.8108,29.0262,28.3261,28.9185,222870
BMP,8/15/2018 00:00:00,29.2954,29.5647,29.0262,29.08,116400
BMP,8/16/2018 00:00:00,28.9185,29.0262,28.5954,28.8108,48660
BMP,8/17/2018 00:00:00,28.5954,28.8108,28.2184,28.4338,187610
BMP,8/20/2018 00:00:00,28.3799,28.5415,28.2184,28.3799,115890
BMP,8/21/2018 00:00:00,28.3261,28.8108,28.2722,28.5954,140120
BMP,8/22/2018 00:00:00,28.5954,29.5108,28.4338,29.1339,313110
BMP,8/23/2018 00:00:00,29.3493,29.3493,28.8108,28.8108,63470
BMP,8/24/2018 00:00:00,28.8108,28.8108,28.3799,28.8108,94880
BMP,8/27/2018 00:00:00,28.8108,28.8108,28.4338,28.7031,141470
BMP,8/28/2018 00:00:00,28.7031,29.2416,28.6492,29.08,184500
BMP,8/29/2018 00:00:00,29.08,29.1339,28.7031,28.7569,138550
BMP,8/30/2018 00:00:00,28.7569,29.2416,28.5415,29.1877,276300
BMP,8/31/2018 00:00:00,29.1877,30.6956,29.1877,30.2648,478170
BMP,9/4/2018 00:00:00,30.2648,30.911,30.0494,30.5879,194270
BMP,9/5/2018 00:00:00,30.1571,30.6956,30.1032,30.5879,200590
BMP,9/6/2018 00:00:00,30.4263,30.4802,29.8878,29.8878,205560
BMP,9/7/2018 00:00:00,29.8339,30.534,29.8339,30.4263,217330
BMP,9/10/2018 00:00:00,30.4802,30.4802,29.8878,30.2648,127980
BMP,9/11/2018 00:00:00,30.1571,30.2648,29.9416,30.1032,93150
BMP,9/12/2018 00:00:00,30.2648,30.2648,29.8878,29.8878,71340
BMP,9/13/2018 00:00:00,29.7801,30.2648,29.7801,30.1571,76870
BMP,9/14/2018 00:00:00,30.1032,31.3956,29.8878,31.3956,486760
BMP,9/17/2018 00:00:00,31.3418,31.8265,31.2341,31.3956,159700
BMP,9/18/2018 00:00:00,31.2879,31.5572,30.5879,31.5572,313520
BMP,9/19/2018 00:00:00,31.5572,32.2034,31.5572,31.6649,275830
BMP,9/20/2018 00:00:00,32.1496,32.1496,31.6649,31.8803,156780
BMP,9/21/2018 00:00:00,32.2034,32.4188,31.6649,32.4188,370580
BMP,9/24/2018 00:00:00,32.5804,34.1959,32.4188,33.9267,522200
BMP,9/25/2018 00:00:00,33.7113,34.0882,32.8497,33.4959,409110
BMP,9/26/2018 00:00:00,33.4959,34.7883,33.442,34.3575,553530
BMP,9/27/2018 00:00:00,34.4652,34.6806,34.2498,34.4114,221320
BMP,9/28/2018 00:00:00,34.4652,34.4652,34.1959,34.1959,154730
BMP,10/1/2018 00:00:00,34.1959,34.7345,33.6036,33.819,260510
BMP,10/2/2018 00:00:00,33.819,35.5422,33.7651,35.4884,622110
BMP,10/3/2018 00:00:00,35.5422,37.2655,35.5422,36.8885,574550
BMP,10/4/2018 00:00:00,36.8885,37.1578,36.4039,36.4039,144510
BMP,10/5/2018 00:00:00,36.4039,37.104,35.8654,36.4039,298860
BMP,10/8/2018 00:00:00,36.2423,37.104,35.8654,36.6193,259660
BMP,10/9/2018 00:00:00,36.6193,36.7808,35.8654,35.8654,154020
BMP,10/10/2018 00:00:00,35.8654,36.2962,33.3882,33.9267,298700
BMP,10/11/2018 00:00:00,31.8265,32.6881,31.5572,31.5572,480930
BMP,10/12/2018 00:00:00,29.9416,32.5804,29.9416,32.5804,207040
BMP,10/15/2018 00:00:00,32.6342,32.9035,32.3111,32.8497,170180
BMP,10/16/2018 00:00:00,32.3111,32.7958,32.3111,32.7419,71350
BMP,10/17/2018 00:00:00,33.6036,34.7345,32.9574,34.6806,333550
BMP,10/18/2018 00:00:00,33.9805,34.6268,33.819,33.819,67150
BMP,10/19/2018 00:00:00,33.0112,33.7113,33.0112,33.2266,162180
BMP,10/22/2018 00:00:00,33.0112,33.6036,31.7726,31.7726,96530
BMP,10/23/2018 00:00:00,31.7726,31.9342,29.8878,31.0187,158920
BMP,10/24/2018 00:00:00,30.4802,31.5034,30.4802,30.4802,106360
BMP,10/25/2018 00:00:00,29.2954,30.4263,29.2954,29.9955,148490
BMP,10/26/2018 00:00:00,29.9955,31.1264,29.9955,30.4263,123510
BMP,10/29/2018 00:00:00,30.4263,30.911,30.2109,30.3186,27780
BMP,10/30/2018 00:00:00,30.3186,30.6956,30.0494,30.1032,70590
BMP,10/31/2018 00:00:00,30.6956,30.6956,30.2109,30.6956,99520
BMP,11/1/2018 00:00:00,30.6956,30.9648,29.6724,29.8339,48170
BMP,11/2/2018 00:00:00,29.8339,30.6417,29.8339,30.3186,45870
BMP,11/5/2018 00:00:00,30.3186,30.5879,29.8878,30.5879,36820
BMP,11/6/2018 00:00:00,30.5879,31.5034,30.2109,31.0725,98140
BMP,11/7/2018 00:00:00,30.9648,31.1802,30.534,30.534,41190
BMP,11/8/2018 00:00:00,30.911,31.2341,30.6956,30.6956,25850
BMP,11/9/2018 00:00:00,30.6956,30.6956,30.2648,30.534,55040
BMP,11/12/2018 00:00:00,30.2109,30.4802,29.9416,30.2109,38000
BMP,11/13/2018 00:00:00,29.7262,30.6417,29.7262,30.1571,37460
BMP,11/14/2018 00:00:00,30.4263,30.534,29.8339,29.8339,31200
BMP,11/15/2018 00:00:00,29.8339,30.1571,29.5108,29.5108,33150
BMP,11/16/2018 00:00:00,29.8878,30.1571,29.6185,29.8878,23720
BMP,11/19/2018 00:00:00,30.2109,30.2109,29.5647,29.7801,41640
BMP,11/20/2018 00:00:00,29.7801,29.8878,29.5108,29.6724,49550
BMP,11/21/2018 00:00:00,29.6185,30.6417,29.6185,30.4263,142240
BMP,11/22/2018 00:00:00,30.6417,30.6956,30.1032,30.534,69040
BMP,11/23/2018 00:00:00,30.1571,30.534,30.0494,30.1032,86470
BMP,11/26/2018 00:00:00,30.1032,31.2341,30.1032,30.6956,124950
BMP,11/27/2018 00:00:00,30.911,30.9648,30.1571,30.3186,95440
BMP,11/28/2018 00:00:00,30.1571,30.6956,29.9416,29.9416,95440
BMP,11/29/2018 00:00:00,29.9416,30.6417,29.8878,29.8878,35940
BMP,11/30/2018 00:00:00,29.7262,30.1032,29.6185,29.7262,118120
BMP,12/3/2018 00:00:00,30.1032,30.4263,30.1032,30.3725,123910
BMP,12/4/2018 00:00:00,30.4263,31.7726,30.3725,31.2341,209340
BMP,12/5/2018 00:00:00,30.7494,31.6111,30.7494,31.5034,171370
BMP,12/6/2018 00:00:00,30.9648,31.4495,30.7494,30.911,149080
BMP,12/7/2018 00:00:00,31.464,31.6298,31.2428,31.4087,152480
BMP,12/10/2018 00:00:00,31.464,31.6851,30.9663,31.4087,57060
BMP,12/11/2018 00:00:00,31.4087,31.9616,31.3534,31.3534,122220
BMP,12/12/2018 00:00:00,31.2428,31.6851,31.1322,31.6851,100300
BMP,12/13/2018 00:00:00,31.9063,32.404,31.7404,32.0722,163080
BMP,12/14/2018 00:00:00,31.6298,32.2934,31.6298,31.6851,93520
BMP,12/17/2018 00:00:00,31.4087,31.7957,30.9663,30.9663,61940
BMP,12/18/2018 00:00:00,30.5239,31.1875,30.358,30.5792,119880
BMP,12/19/2018 00:00:00,30.5792,31.0216,28.4779,30.358,149420
BMP,12/20/2018 00:00:00,30.1368,30.7451,30.1368,30.2474,136460
BMP,12/21/2018 00:00:00,30.1368,30.5792,29.8603,30.358,56340
BMP,12/24/2018 00:00:00,30.3027,30.5792,29.9156,29.9156,39180
BMP,12/25/2018 00:00:00,28.8097,29.3074,27.9802,28.7544,240130
BMP,12/26/2018 00:00:00,28.7544,28.9203,28.5885,28.5885,138240
BMP,12/27/2018 00:00:00,29.0309,29.3074,28.7544,29.0309,61960
BMP,12/28/2018 00:00:00,29.3074,29.3074,28.9756,29.0862,48870
BMP,1/2/2019 00:00:00,29.0862,29.0862,27.9802,28.0355,65370
BMP,1/3/2019 00:00:00,28.0355,28.2567,27.2061,27.2061,191330
BMP,1/4/2019 00:00:00,27.0402,27.2061,26.6255,27.0125,117230
BMP,1/7/2019 00:00:00,27.0955,27.9249,27.0955,27.2337,102500
BMP,1/8/2019 00:00:00,27.2337,27.372,27.1231,27.1508,37440
BMP,1/9/2019 00:00:00,27.1508,27.7038,27.1508,27.7038,38970
BMP,1/10/2019 00:00:00,27.8697,28.3673,27.7591,28.0908,58610
BMP,1/11/2019 00:00:00,28.1461,28.4779,27.7038,27.9802,58120
BMP,1/14/2019 00:00:00,28.0355,28.0355,27.5379,27.7591,50990
BMP,1/15/2019 00:00:00,27.7038,27.9249,27.5379,27.9249,79860
BMP,1/16/2019 00:00:00,28.0355,28.0908,27.372,27.6485,115040
BMP,1/17/2019 00:00:00,27.5932,27.8697,27.2061,27.2061,83180
BMP,1/18/2019 00:00:00,27.1508,27.372,27.0678,27.0955,67550
BMP,1/21/2019 00:00:00,27.0955,27.372,26.5425,26.5978,102740
BMP,1/22/2019 00:00:00,26.819,26.9296,26.5425,26.6531,125000
BMP,1/23/2019 00:00:00,26.5702,27.3167,26.4319,26.8743,106870
BMP,1/24/2019 00:00:00,26.8743,27.2061,26.6255,26.8743,45720
BMP,1/25/2019 00:00:00,26.7361,26.8743,26.5425,26.819,92600
BMP,1/28/2019 00:00:00,26.819,27.0402,25.9896,25.9896,53070
BMP,1/29/2019 00:00:00,26.2107,26.2107,25.2707,25.4366,127450
BMP,1/30/2019 00:00:00,25.2707,25.879,25.2154,25.326,88020
BMP,1/31/2019 00:00:00,25.4366,25.8237,25.326,25.4366,98230
BMP,2/1/2019 00:00:00,25.9896,25.9896,25.2154,25.2154,134850
BMP,2/11/2019 00:00:00,25.7131,25.7684,25.4089,25.5472,61720
BMP,2/12/2019 00:00:00,25.6578,26.6531,25.5472,26.6531,128940
BMP,2/13/2019 00:00:00,26.7637,28.0908,26.7637,28.0908,169070
BMP,2/14/2019 00:00:00,28.2014,28.2014,27.6485,27.8697,127720
BMP,2/15/2019 00:00:00,27.8697,28.6438,27.6485,27.9802,126920
BMP,2/18/2019 00:00:00,27.9249,28.2014,27.5932,27.6485,90260
BMP,2/19/2019 00:00:00,27.8697,27.8697,26.9296,27.2061,116780
BMP,2/20/2019 00:00:00,27.2061,27.6485,27.1508,27.5379,36000
BMP,2/21/2019 00:00:00,27.6485,27.6485,27.1784,27.372,26450
BMP,2/22/2019 00:00:00,27.372,27.372,26.819,27.0955,94670
BMP,2/25/2019 00:00:00,27.0955,27.5932,26.7637,26.7637,96140
BMP,2/26/2019 00:00:00,27.0402,27.6485,26.8743,27.6485,101140
BMP,2/27/2019 00:00:00,27.6485,29.0309,27.6485,29.0309,394050
BMP,2/28/2019 00:00:00,29.0309,30.1368,28.9756,29.3074,518700
BMP,3/1/2019 00:00:00,29.418,29.8603,29.0862,29.8603,152310
BMP,3/4/2019 00:00:00,29.8603,29.9709,29.3627,29.3627,174960
BMP,3/5/2019 00:00:00,29.4733,30.9663,29.4733,29.8603,276680
BMP,3/6/2019 00:00:00,30.1368,30.1368,29.3627,29.4733,133990
BMP,3/7/2019 00:00:00,29.4733,30.1921,29.418,29.8603,171470
BMP,3/8/2019 00:00:00,29.3074,29.805,28.9756,29.1415,188330
BMP,3/11/2019 00:00:00,29.2521,29.5839,29.0862,29.1968,42190
BMP,3/12/2019 00:00:00,29.418,29.418,29.1415,29.3074,78600
BMP,3/13/2019 00:00:00,29.3074,29.7497,29.1968,29.3627,122700
BMP,3/14/2019 00:00:00,29.6392,30.4133,29.5839,29.8603,224270
BMP,3/15/2019 00:00:00,30.0262,30.0262,29.3074,29.8603,51160
BMP,3/18/2019 00:00:00,29.8603,29.8603,29.1968,29.1968,198990
BMP,3/19/2019 00:00:00,29.1968,29.3074,28.2014,28.312,265280
BMP,3/20/2019 00:00:00,28.312,28.7544,27.9249,28.6438,140080
BMP,3/21/2019 00:00:00,28.4779,28.6438,27.6485,27.6485,139070
BMP,3/22/2019 00:00:00,27.6485,28.2014,27.5655,27.7591,100070
BMP,3/25/2019 00:00:00,27.6485,28.1461,26.4319,26.8743,178670
BMP,3/26/2019 00:00:00,26.8743,27.0955,26.5978,26.819,109430
BMP,3/27/2019 00:00:00,27.3167,27.3167,26.8743,26.8743,84120
BMP,3/28/2019 00:00:00,26.8743,26.8743,26.5425,26.8467,141150
BMP,3/29/2019 00:00:00,26.902,27.3167,26.8467,26.8467,118910
BMP,4/1/2019 00:00:00,26.8467,27.4826,26.8467,27.4826,125150
BMP,4/2/2019 00:00:00,27.5932,27.6485,27.1231,27.3167,60880
BMP,4/3/2019 00:00:00,27.0955,27.289,26.8743,27.0402,98110
BMP,4/4/2019 00:00:00,27.3167,27.3167,26.9296,27.0955,90260
BMP,4/5/2019 00:00:00,27.0955,27.2614,26.9296,27.0955,48030
BMP,4/8/2019 00:00:00,27.2614,27.5932,27.2614,27.5932,118400
BMP,4/9/2019 00:00:00,27.5932,27.9249,27.4273,27.5932,139710
BMP,4/10/2019 00:00:00,27.5932,27.5932,27.2614,27.3167,66810
BMP,4/11/2019 00:00:00,27.1508,27.8144,26.5425,26.7084,94510
BMP,4/12/2019 00:00:00,26.7084,27.0955,26.7084,26.9296,88180
BMP,4/16/2019 00:00:00,26.9296,27.2061,26.4319,27.2061,71390
BMP,4/17/2019 00:00:00,27.2061,27.2061,26.5702,26.5702,106270
BMP,4/18/2019 00:00:00,26.5702,26.8743,25.879,25.879,130880
BMP,4/19/2019 00:00:00,25.879,26.3213,25.4366,25.9896,320520
BMP,4/22/2019 00:00:00,25.9343,26.266,25.6025,25.796,78850
BMP,4/23/2019 00:00:00,25.796,25.9896,25.6578,25.9896,50690
BMP,4/24/2019 00:00:00,25.9896,26.266,25.8237,25.9896,69130
BMP,4/25/2019 00:00:00,25.9896,25.9896,25.7684,25.7684,70400
BMP,4/26/2019 00:00:00,25.7407,26.2107,25.6854,26.2107,68280
BMP,5/2/2019 00:00:00,26.266,26.3766,25.8237,25.8237,83180
BMP,5/3/2019 00:00:00,25.8237,25.9896,25.7684,25.9066,30040
BMP,5/6/2019 00:00:00,25.879,25.879,25.1601,25.1601,74640
BMP,5/7/2019 00:00:00,25.7131,25.7131,24.9389,25.2707,74330
BMP,5/8/2019 00:00:00,25.2707,25.2707,24.3306,24.6901,83710
BMP,5/9/2019 00:00:00,24.773,24.8836,24.7177,24.7177,74760
BMP,5/10/2019 00:00:00,24.7177,24.8836,24.4965,24.7177,162570
BMP,5/13/2019 00:00:00,24.6071,24.8836,24.6071,24.6901,85440
BMP,5/14/2019 00:00:00,24.6901,25.0495,24.3306,24.6348,245550
BMP,5/15/2019 00:00:00,24.8836,25.1601,24.773,25.1601,474700
BMP,5/16/2019 00:00:00,25.4366,25.7684,25.326,25.5472,267660
BMP,5/17/2019 00:00:00,25.5472,25.6854,25.2154,25.4366,77550
BMP,5/20/2019 00:00:00,25.2154,25.4089,24.8836,25.0772,174570
BMP,5/21/2019 00:00:00,25.6025,25.879,25.6025,25.796,475760
BMP,5/22/2019 00:00:00,25.8513,25.879,25.6025,25.6025,164800
BMP,5/23/2019 00:00:00,25.5472,25.6025,25.326,25.5195,124720
BMP,5/24/2019 00:00:00,25.6025,25.6025,25.1048,25.1048,193870
BMP,5/27/2019 00:00:00,25.4366,25.7684,25.1601,25.5748,221220
BMP,5/28/2019 00:00:00,25.6578,25.7684,25.4642,25.4642,267630
BMP,5/29/2019 00:00:00,25.4919,26.266,25.4919,26.266,239520
BMP,5/30/2019 00:00:00,26.266,26.3766,26.0172,26.1278,133320
BMP,5/31/2019 00:00:00,26.1554,26.266,25.9343,25.9896,144280
BMP,6/3/2019 00:00:00,25.9619,26.0449,25.7131,25.8237,128690
BMP,6/4/2019 00:00:00,25.8237,26.1158,25.1226,25.1226,133120
BMP,6/5/2019 00:00:00,25.1226,25.6484,24.2462,24.2462,147500
BMP,6/6/2019 00:00:00,24.2462,24.8304,23.9541,24.8304,96700
BMP,6/7/2019 00:00:00,25.0349,26.0574,25.0349,25.9989,233940
BMP,6/10/2019 00:00:00,25.9989,26.2911,25.7652,25.8237,133780
BMP,6/11/2019 00:00:00,25.8237,25.9405,25.7068,25.7068,35470
BMP,6/12/2019 00:00:00,25.7068,26.1158,25.6484,25.9113,86670
BMP,6/13/2019 00:00:00,25.8821,25.9405,25.6776,25.7068,41820
BMP,6/14/2019 00:00:00,25.8237,25.8237,25.4731,25.4731,50150
BMP,6/17/2019 00:00:00,25.6484,25.7068,25.4439,25.5315,89380
BMP,6/18/2019 00:00:00,25.7068,25.7068,24.8304,24.8304,63990
BMP,6/19/2019 00:00:00,24.8889,25.5608,24.8889,25.1226,75470
BMP,6/20/2019 00:00:00,25.1226,25.5315,25.1226,25.1226,52070
BMP,6/21/2019 00:00:00,25.5315,25.5315,24.9473,25.0057,47920
BMP,6/24/2019 00:00:00,25.1226,25.3563,24.9473,24.9473,60040
BMP,6/25/2019 00:00:00,25.1226,25.2978,24.8304,25.2978,39240
BMP,6/26/2019 00:00:00,25.1226,25.3563,24.8304,25.1226,44130
BMP,6/27/2019 00:00:00,24.9473,25.3563,24.9473,25.1226,108700
BMP,6/28/2019 00:00:00,25.1226,25.181,24.8889,24.8889,56630
BMP,7/1/2019 00:00:00,24.8889,25.2394,24.8889,25.1226,32910
BMP,7/2/2019 00:00:00,24.9473,25.2978,24.9473,25.1226,40040
BMP,7/3/2019 00:00:00,25.1226,25.4731,25.1226,25.2978,136480
BMP,7/4/2019 00:00:00,25.4147,25.9989,25.4147,25.9989,216310
BMP,7/5/2019 00:00:00,25.9989,26.6708,25.9989,26.6416,337580
BMP,7/8/2019 00:00:00,26.5832,26.5832,26.2326,26.4079,131130
BMP,7/9/2019 00:00:00,26.145,27.4011,26.145,27.0506,251790
BMP,7/10/2019 00:00:00,27.0506,27.1674,26.8753,27.109,144060
BMP,7/11/2019 00:00:00,26.9922,27.4011,26.8753,27.0506,144470
BMP,7/12/2019 00:00:00,26.8169,28.6865,26.8169,28.2191,573100
BMP,7/15/2019 00:00:00,28.2191,29.2707,28.1022,29.2123,385600
BMP,7/16/2019 00:00:00,29.2707,30.2055,29.2123,29.5044,312950
BMP,7/17/2019 00:00:00,29.2123,29.7965,28.8033,29.2707,416730
BMP,7/18/2019 00:00:00,29.2123,29.3291,28.628,28.9202,148750
BMP,7/19/2019 00:00:00,28.9202,29.5044,28.5404,29.1247,174650
BMP,7/22/2019 00:00:00,29.1831,29.1831,28.5696,28.7449,148900
BMP,7/23/2019 00:00:00,28.628,29.7965,28.3943,29.2707,419580
BMP,7/24/2019 00:00:00,29.5628,29.7381,28.9202,29.3876,118170
BMP,7/25/2019 00:00:00,28.9202,28.9202,28.3943,28.9202,170030
BMP,7/26/2019 00:00:00,28.9202,29.0954,28.1606,29.037,130960
BMP,7/29/2019 00:00:00,28.7157,29.037,28.3359,28.5112,70270
BMP,7/30/2019 00:00:00,28.5112,28.628,27.9562,27.9562,93500
BMP,7/31/2019 00:00:00,27.9854,28.5112,27.2843,28.3359,137230
BMP,8/1/2019 00:00:00,28.3359,28.5696,28.1022,28.4528,76610
BMP,8/2/2019 00:00:00,28.4528,28.628,27.9562,28.5696,101870
BMP,8/5/2019 00:00:00,28.628,28.628,28.0438,28.0438,23360
BMP,8/6/2019 00:00:00,27.4596,27.9854,27.4596,27.6933,82970
BMP,8/7/2019 00:00:00,27.6933,28.7449,27.6348,28.7449,129290
BMP,8/8/2019 00:00:00,28.9202,30.5561,28.9202,30.5561,620260
BMP,8/9/2019 00:00:00,30.7898,30.7898,30.0887,30.3224,111890
BMP,8/12/2019 00:00:00,30.2639,30.3224,29.7965,29.9134,84390
BMP,8/13/2019 00:00:00,29.7965,29.7965,28.9202,29.5044,259260
BMP,8/14/2019 00:00:00,30.0302,30.0302,29.3291,29.446,90340
BMP,8/15/2019 00:00:00,28.8617,29.6213,28.8033,29.5044,82580
BMP,8/16/2019 00:00:00,29.5044,30.7313,29.2123,30.2055,266660
BMP,8/19/2019 00:00:00,30.6145,30.6145,29.7381,29.7965,84420
BMP,8/20/2019 00:00:00,29.7965,30.3224,29.5044,30.3224,101670
BMP,8/21/2019 00:00:00,30.2639,30.2639,29.6213,29.6797,139980
BMP,8/22/2019 00:00:00,29.6797,29.6797,29.5044,29.5628,71390
BMP,8/23/2019 00:00:00,29.5628,30.0887,29.3876,29.6213,69070
BMP,8/26/2019 00:00:00,29.3291,29.9134,29.2707,29.446,80690
BMP,8/27/2019 00:00:00,29.5044,29.7965,28.1606,28.7449,160720
BMP,8/28/2019 00:00:00,28.9202,28.9786,27.8685,28.2191,213730
BMP,8/29/2019 00:00:00,28.0438,28.2191,27.8393,27.8393,100060
BMP,8/30/2019 00:00:00,28.0438,29.2123,27.9854,29.2123,141080
BMP,9/3/2019 00:00:00,29.2123,29.2123,28.4236,28.8033,39920
BMP,9/4/2019 00:00:00,28.1606,28.8617,28.1606,28.6865,26830
BMP,9/5/2019 00:00:00,28.6865,29.3876,28.6865,29.2123,171390
BMP,9/6/2019 00:00:00,28.7741,29.2123,28.7741,29.037,60590
BMP,9/9/2019 00:00:00,29.037,29.2123,28.9202,28.9202,130240
BMP,9/10/2019 00:00:00,28.9202,29.1539,28.0438,28.4528,109190
BMP,9/11/2019 00:00:00,28.3359,29.037,28.3359,29.0078,79940
BMP,9/12/2019 00:00:00,29.037,29.6213,29.0078,29.3291,147850
BMP,9/13/2019 00:00:00,29.5044,29.6213,29.2123,29.3291,50360
BMP,9/16/2019 00:00:00,29.2123,30.2639,29.2123,30.2639,217690
BMP,9/17/2019 00:00:00,30.3224,30.3808,29.9134,29.9718,156770
BMP,9/18/2019 00:00:00,30.0302,31.2572,30.0302,31.1403,412070
BMP,9/19/2019 00:00:00,31.1403,31.374,30.7313,30.965,194320
BMP,9/20/2019 00:00:00,31.0235,31.2572,30.6145,30.8482,137490
BMP,9/23/2019 00:00:00,30.7898,30.8482,30.0887,30.0887,109250
BMP,9/24/2019 00:00:00,30.0887,30.6729,29.855,30.2055,121290
BMP,9/25/2019 00:00:00,30.1471,30.6729,30.0302,30.6729,108580
BMP,9/26/2019 00:00:00,30.7898,30.9066,30.3808,30.3808,58450
BMP,9/27/2019 00:00:00,30.3808,30.3808,29.5044,29.5628,203460
BMP,9/30/2019 00:00:00,29.5628,30.0302,29.446,29.9134,118540
BMP,10/1/2019 00:00:00,29.9718,30.4392,29.9718,30.2055,132750
BMP,10/2/2019 00:00:00,30.2055,30.3224,29.7965,30.0887,148050
BMP,10/3/2019 00:00:00,30.0887,30.1471,29.9718,30.1471,69190
BMP,10/4/2019 00:00:00,30.3808,31.4909,30.3808,31.0819,606540
BMP,10/7/2019 00:00:00,31.1403,31.783,30.965,31.2572,280230
BMP,10/8/2019 00:00:00,31.0819,31.1987,30.9066,31.0235,117760
BMP,10/9/2019 00:00:00,31.0235,32.0167,30.965,32.0167,369350
BMP,10/10/2019 00:00:00,32.1335,32.4256,31.8414,32.0167,257020
BMP,10/11/2019 00:00:00,32.0167,32.0167,31.6661,31.6661,122060
BMP,10/14/2019 00:00:00,31.6661,32.0167,31.0819,31.2572,353940
BMP,10/15/2019 00:00:00,31.0819,31.783,30.7313,31.5493,303790
BMP,10/16/2019 00:00:00,31.4909,32.1335,30.965,31.374,136080
BMP,10/17/2019 00:00:00,31.374,32.0167,31.1403,31.4324,166020
BMP,10/18/2019 00:00:00,31.4324,31.4909,31.0819,31.1987,142160
BMP,10/21/2019 00:00:00,31.1987,31.1987,30.6729,30.7313,145230
BMP,10/22/2019 00:00:00,30.5561,31.5493,30.5561,31.4324,159880
BMP,10/23/2019 00:00:00,31.783,31.783,30.965,31.0819,216170
BMP,10/24/2019 00:00:00,30.8482,31.4324,30.8482,30.9066,131290
BMP,10/25/2019 00:00:00,30.9066,31.3156,30.9066,31.0819,61560
BMP,10/28/2019 00:00:00,31.0819,31.4909,30.9066,31.0235,95260
BMP,10/29/2019 00:00:00,30.965,31.0235,30.7313,30.965,122730
BMP,10/30/2019 00:00:00,30.965,31.4324,30.4392,31.1987,313250
BMP,10/31/2019 00:00:00,31.2572,31.4324,31.0235,31.0235,80130
BMP,11/1/2019 00:00:00,31.1403,31.1403,30.8482,30.965,163960
BMP,11/4/2019 00:00:00,30.6729,31.2572,30.6729,30.7313,217450
BMP,11/5/2019 00:00:00,30.7313,31.1403,30.6729,30.8482,142560
BMP,11/6/2019 00:00:00,31.0819,31.4324,30.8482,31.2572,301600
BMP,11/7/2019 00:00:00,31.374,31.374,31.1403,31.1987,74840
BMP,11/8/2019 00:00:00,31.3156,31.3156,30.9066,30.965,39780
BMP,11/11/2019 00:00:00,30.9066,30.965,30.5561,30.7898,159740
BMP,11/12/2019 00:00:00,31.0235,31.0235,30.5561,30.6145,53490
BMP,11/13/2019 00:00:00,30.6729,30.7898,30.2639,30.2639,127390
BMP,11/14/2019 00:00:00,29.9134,30.7313,29.9134,30.1471,80730
BMP,11/15/2019 00:00:00,30.1471,30.8482,30.1471,30.8482,68070
BMP,11/18/2019 00:00:00,30.3808,30.9066,30.3808,30.5561,36300
BMP,11/19/2019 00:00:00,30.6729,31.6661,30.6729,31.5493,415950
BMP,11/20/2019 00:00:00,31.5493,31.8998,31.5493,31.783,127680
BMP,11/21/2019 00:00:00,31.783,31.783,31.0235,31.4909,94150
BMP,11/22/2019 00:00:00,31.1403,31.4909,30.4392,30.4392,177640
BMP,11/25/2019 00:00:00,30.4976,30.965,30.3808,30.6145,50690
BMP,11/26/2019 00:00:00,30.6145,30.7898,30.4392,30.6729,24350
BMP,11/27/2019 00:00:00,30.6729,30.7313,30.4976,30.4976,24090
BMP,11/28/2019 00:00:00,30.6729,30.6729,30.1471,30.1471,97640
BMP,11/29/2019 00:00:00,30.1471,30.6729,30.1471,30.4392,24650
BMP,12/2/2019 00:00:00,30.4392,30.6145,30.2639,30.3224,47960
BMP,12/3/2019 00:00:00,30.2639,30.4392,29.3291,29.7381,111360
BMP,12/4/2019 00:00:00,30.103,30.2854,29.9206,30.2246,92770
BMP,12/5/2019 00:00:00,29.9206,30.2854,29.8597,29.8597,26080
BMP,12/6/2019 00:00:00,29.7989,29.8597,29.4036,29.4036,50480
BMP,12/9/2019 00:00:00,29.4036,29.4036,28.3394,28.5826,176220
BMP,12/10/2019 00:00:00,28.5826,28.9475,28.5826,28.6435,28800
BMP,12/11/2019 00:00:00,28.6435,28.7651,28.461,28.461,32140
BMP,12/12/2019 00:00:00,28.7043,29.7989,28.3394,29.7989,37540
BMP,12/13/2019 00:00:00,29.3124,29.6773,29.13,29.13,58150
BMP,12/16/2019 00:00:00,29.13,29.1908,28.8867,29.0692,28360
BMP,12/17/2019 00:00:00,29.0692,29.0692,28.5826,28.8259,10330
BMP,12/18/2019 00:00:00,28.5826,28.9475,28.1569,28.1569,56900
BMP,12/19/2019 00:00:00,28.1569,28.8867,28.1569,28.3394,50460
BMP,12/20/2019 00:00:00,28.7043,28.7043,28.3394,28.6435,18430
BMP,12/23/2019 00:00:00,28.5826,28.7043,28.3394,28.6435,57070
BMP,12/24/2019 00:00:00,28.5826,28.5826,28.2786,28.4002,13920
BMP,12/25/2019 00:00:00,28.461,28.461,28.2786,28.3698,12440
BMP,12/26/2019 00:00:00,28.3394,28.7651,28.2786,28.5522,15880
BMP,12/27/2019 00:00:00,28.5218,28.5218,27.9745,28.0657,32460
BMP,12/30/2019 00:00:00,28.0657,29.1604,27.6704,27.7008,68450
BMP,12/31/2019 00:00:00,27.7312,28.0353,27.336,27.488,90280
BMP,1/2/2020 00:00:00,27.488,27.6704,27.3055,27.4576,68030
BMP,1/3/2020 00:00:00,27.4576,27.9745,27.3664,27.3664,49400
BMP,1/6/2020 00:00:00,27.3664,27.3664,27.0623,27.1839,59040
BMP,1/7/2020 00:00:00,27.1839,27.6704,26.9407,27.1839,81160
BMP,1/8/2020 00:00:00,27.3055,27.3055,26.7582,26.7582,68100
BMP,1/9/2020 00:00:00,27.2447,27.3664,26.9407,27.3664,37360
BMP,1/10/2020 00:00:00,27.6704,27.8529,27.3664,27.8529,30740
BMP,1/13/2020 00:00:00,27.8529,27.8529,27.3664,27.3664,13130
BMP,1/14/2020 00:00:00,27.3664,27.7312,27.3664,27.6704,22900
BMP,1/15/2020 00:00:00,27.8529,27.8529,27.488,27.6704,17480
BMP,1/16/2020 00:00:00,27.6704,27.8529,27.5488,27.5488,15560
BMP,1/17/2020 00:00:00,27.7312,27.8529,27.4272,27.7921,23030
BMP,1/20/2020 00:00:00,27.9137,27.9137,27.3055,27.6096,28940
BMP,1/21/2020 00:00:00,27.8529,27.8529,27.2447,27.6096,7760
BMP,1/22/2020 00:00:00,27.3664,27.9137,27.3664,27.6096,16700
BMP,1/30/2020 00:00:00,26.8798,27.488,26.7582,27.0623,27740
BMP,1/31/2020 00:00:00,26.4541,26.7582,25.846,25.846,81180
BMP,2/3/2020 00:00:00,24.9338,25.846,24.0824,25.6636,125430
BMP,2/4/2020 00:00:00,24.9946,26.1501,24.9946,25.846,52020
BMP,2/5/2020 00:00:00,25.846,25.9676,25.5419,25.5419,46350
BMP,2/6/2020 00:00:00,25.5419,25.7852,25.4203,25.5419,100330
BMP,2/7/2020 00:00:00,25.5419,25.846,25.2379,25.2379,196920
BMP,2/10/2020 00:00:00,25.2379,25.5115,24.6905,24.7209,185770
BMP,2/11/2020 00:00:00,24.6297,24.8122,24.6297,24.6905,137920
BMP,2/12/2020 00:00:00,24.9338,25.2987,24.7514,25.1162,233780
BMP,2/13/2020 00:00:00,25.1162,25.2379,24.9946,24.9946,93040
BMP,2/14/2020 00:00:00,24.9946,25.3595,24.7209,24.873,153290
BMP,2/17/2020 00:00:00,24.873,25.5115,24.8122,25.2379,178370
BMP,2/18/2020 00:00:00,25.2379,26.7582,25.2379,26.7582,591990
BMP,2/19/2020 00:00:00,26.6974,26.6974,26.3021,26.6366,125190
BMP,2/20/2020 00:00:00,26.6366,27.0623,26.3933,26.9407,152820
BMP,2/21/2020 00:00:00,26.6974,27.7312,26.6366,27.0623,371000
BMP,2/24/2020 00:00:00,26.6974,26.6974,25.5419,25.5419,162540
BMP,2/25/2020 00:00:00,24.8122,25.7852,24.8122,25.7852,217020
BMP,2/26/2020 00:00:00,25.2379,25.5419,24.9946,25.3595,128040
BMP,2/27/2020 00:00:00,24.9946,25.6636,24.9946,25.4203,61630
BMP,2/28/2020 00:00:00,25.1162,25.2379,24.7514,24.873,125270
BMP,3/2/2020 00:00:00,24.873,24.9642,24.5081,24.6297,316820
BMP,3/3/2020 00:00:00,24.6297,25.4203,24.6297,25.1771,95680
BMP,3/4/2020 00:00:00,24.9946,25.4811,24.9338,25.4203,83330
BMP,3/5/2020 00:00:00,25.5419,26.0893,25.2683,25.4811,139180
BMP,3/6/2020 00:00:00,25.4811,25.7244,25.2987,25.5115,128210
BMP,3/9/2020 00:00:00,24.3257,24.6297,23.7479,23.7479,373320
BMP,3/10/2020 00:00:00,23.2918,24.5081,23.2918,24.3865,164850
BMP,3/11/2020 00:00:00,24.6905,24.6905,23.6567,23.9608,171130
BMP,3/12/2020 00:00:00,23.4743,23.4743,22.2884,22.4404,431000
BMP,3/13/2020 00:00:00,20.8897,22.5012,20.8897,22.5012,306320
BMP,3/16/2020 00:00:00,22.258,22.9269,21.8931,21.8931,88720
BMP,3/17/2020 00:00:00,21.3154,22.1972,21.3154,22.1972,217340
BMP,3/18/2020 00:00:00,22.0755,22.562,22.0755,22.3796,143960
BMP,3/19/2020 00:00:00,22.1972,22.1972,21.6498,21.9235,115020
BMP,3/20/2020 00:00:00,22.1668,22.1668,21.6498,21.7106,106690
BMP,3/23/2020 00:00:00,20.6768,21.2849,20.2207,20.2207,464050
BMP,3/24/2020 00:00:00,20.2511,20.6768,20.0687,20.3727,159600
BMP,3/25/2020 00:00:00,20.9809,21.6498,20.7984,21.3762,210280
BMP,3/26/2020 00:00:00,21.5586,22.0755,20.9201,21.4674,241670
BMP,3/27/2020 00:00:00,21.8931,21.8931,20.9809,21.2849,88610
BMP,3/30/2020 00:00:00,20.7984,21.1025,20.0991,20.8897,147470
BMP,3/31/2020 00:00:00,20.8288,21.2849,20.1295,20.6464,126520
BMP,4/1/2020 00:00:00,20.616,21.4066,20.616,21.2849,71850
BMP,4/3/2020 00:00:00,21.2849,22.0147,21.2849,21.8931,153950
BMP,4/6/2020 00:00:00,22.5012,23.2918,22.258,23.079,208920
BMP,4/7/2020 00:00:00,23.6567,24.0824,23.0486,23.8391,313340
BMP,4/8/2020 00:00:00,23.7175,24.3257,23.1094,24.3257,211170
BMP,4/9/2020 00:00:00,24.3865,25.3899,24.3257,24.7514,297350
BMP,4/10/2020 00:00:00,24.8426,24.8426,24.0216,24.0824,271480
BMP,4/13/2020 00:00:00,24.0216,24.2648,23.7783,24.052,168390
BMP,4/14/2020 00:00:00,24.052,24.2344,23.9,23.9912,128240
BMP,4/15/2020 00:00:00,24.2648,24.9946,24.0216,24.7514,99850
BMP,4/16/2020 00:00:00,24.7514,25.7244,24.2648,25.7244,278660
BMP,4/17/2020 00:00:00,25.7244,27.3664,25.7244,27.3664,362540
BMP,4/20/2020 00:00:00,27.8529,28.2178,27.0623,27.2447,341910
BMP,4/21/2020 00:00:00,27.6704,27.6704,26.1501,26.1501,351140
BMP,4/22/2020 00:00:00,25.846,27.2447,25.6028,27.0319,197040
BMP,4/23/2020 00:00:00,27.7312,28.1569,27.0623,27.3968,150900
BMP,4/24/2020 00:00:00,27.3968,27.6704,27.1839,27.6096,101680
BMP,4/27/2020 00:00:00,28.0961,28.0961,27.5488,27.7921,157780
BMP,4/28/2020 00:00:00,28.2786,28.2786,27.6704,28.0961,351900
BMP,4/29/2020 00:00:00,28.2482,29.0083,28.2178,28.7043,320070
BMP,5/4/2020 00:00:00,28.7043,28.7043,28.2786,28.4002,236430
BMP,5/5/2020 00:00:00,28.019,28.6543,28.019,28.5908,130080
BMP,5/6/2020 00:00:00,28.1143,28.7179,28.1143,28.1778,165050
BMP,5/7/2020 00:00:00,28.5273,28.5273,28.1461,28.2731,217340
BMP,5/8/2020 00:00:00,28.1461,28.5908,28.0825,28.3049,401010
BMP,5/11/2020 00:00:00,28.3049,28.9085,28.019,28.5908,136950
BMP,5/12/2020 00:00:00,28.5908,29.8615,28.5908,29.8615,392600
BMP,5/13/2020 00:00:00,29.7344,30.8145,29.6074,30.1792,209500
BMP,5/14/2020 00:00:00,30.1792,30.4651,29.7344,29.7344,206250
BMP,5/15/2020 00:00:00,29.7344,29.798,29.2579,29.5121,170440
BMP,5/18/2020 00:00:00,29.0356,29.7027,29.0356,29.7027,137190
BMP,5/19/2020 00:00:00,29.8615,30.1474,29.7344,29.7344,219260
BMP,5/20/2020 00:00:00,29.5438,30.2427,29.5438,29.7344,258980
BMP,5/21/2020 00:00:00,29.8615,29.8615,29.5438,29.5756,302050
BMP,5/22/2020 00:00:00,29.8615,29.8615,29.5438,29.7027,401390
BMP,5/25/2020 00:00:00,29.8297,29.8615,29.385,29.8615,266330
BMP,5/26/2020 00:00:00,29.8615,31.0051,29.7344,30.8781,274890
BMP,5/27/2020 00:00:00,30.8781,30.9734,30.7192,30.7192,129930
BMP,5/28/2020 00:00:00,30.4969,30.8145,30.1792,30.3698,81520
BMP,5/29/2020 00:00:00,30.3698,30.5922,29.925,30.3063,121860
BMP,6/1/2020 00:00:00,30.3063,30.6875,30.1792,30.2427,63140
BMP,6/2/2020 00:00:00,30.4333,30.4333,30.1792,30.1792,137230
BMP,6/3/2020 00:00:00,30.3063,30.6239,29.8615,30.3063,126500
BMP,6/4/2020 00:00:00,30.6875,31.4499,30.4016,31.2593,228430
BMP,6/5/2020 00:00:00,31.2593,32.4029,30.8781,32.2123,320190
BMP,6/8/2020 00:00:00,32.8477,33.6101,32.53,33.4195,247840
BMP,6/9/2020 00:00:00,33.4195,33.6101,31.7676,33.0383,171350
BMP,6/10/2020 00:00:00,33.2924,33.2924,32.4029,32.7841,167840
BMP,6/11/2020 00:00:00,32.9112,32.9112,32.0852,32.0852,240840
BMP,6/12/2020 00:00:00,30.6239,32.0217,30.6239,31.577,189970
BMP,6/15/2020 00:00:00,31.9582,31.9582,30.6875,31.0051,132470
BMP,6/16/2020 00:00:00,31.7676,32.3394,31.1322,31.577,142680
BMP,6/17/2020 00:00:00,31.577,33.0383,31.577,31.577,198010
BMP,6/18/2020 00:00:00,31.577,32.9747,31.577,32.7206,115710
BMP,6/19/2020 00:00:00,32.9747,34.5631,32.7206,34.309,516910
BMP,6/22/2020 00:00:00,34.309,35.262,34.309,34.9443,438090
BMP,6/23/2020 00:00:00,34.8172,34.9443,34.5631,34.7537,165240
BMP,6/24/2020 00:00:00,35.5161,35.7067,34.309,34.6266,345950
BMP,6/25/2020 00:00:00,34.6266,34.6266,34.1819,34.309,146540
BMP,6/26/2020 00:00:00,34.9443,34.9443,34.436,34.6266,83990
BMP,6/29/2020 00:00:00,34.6266,34.6902,33.483,33.5465,227710
BMP,6/30/2020 00:00:00,33.7372,34.1819,32.7206,32.9747,177520
BMP,7/1/2020 00:00:00,33.0383,34.3725,33.0383,34.1819,235710
BMP,7/2/2020 00:00:00,34.1819,34.8172,33.6736,34.436,156520
BMP,7/3/2020 00:00:00,34.8808,35.8973,34.436,35.5797,304740
BMP,7/6/2020 00:00:00,35.5797,35.5797,34.436,34.436,96780
BMP,7/7/2020 00:00:00,34.436,35.1349,34.436,34.436,206340
BMP,7/8/2020 00:00:00,34.7537,34.9443,34.436,34.4996,30270
BMP,7/9/2020 00:00:00,34.4996,34.9443,33.9913,34.4996,153170
BMP,7/10/2020 00:00:00,34.4996,34.7537,33.8007,34.2454,114810
BMP,7/13/2020 00:00:00,34.2454,34.6266,33.9913,34.5631,65940
BMP,7/14/2020 00:00:00,34.6902,34.6902,33.9913,34.309,73240
BMP,7/15/2020 00:00:00,34.3725,34.5631,33.9913,33.9913,88440
BMP,7/16/2020 00:00:00,33.9913,34.8808,33.6736,34.309,125140
BMP,7/17/2020 00:00:00,34.6326,34.8916,34.309,34.6326,78260
BMP,7/20/2020 00:00:00,34.6326,34.6974,34.1148,34.1148,64200
BMP,7/21/2020 00:00:00,34.1148,34.4384,32.4317,34.4384,85000
BMP,7/22/2020 00:00:00,34.7621,34.7621,33.9853,33.9853,76360
BMP,7/23/2020 00:00:00,34.309,34.309,33.6616,33.9853,34380
BMP,7/24/2020 00:00:00,33.9853,33.9853,32.108,32.6906,250690
BMP,7/27/2020 00:00:00,31.7196,32.2375,30.4249,30.4249,296010
BMP,7/28/2020 00:00:00,30.7486,32.4964,30.7486,32.4964,222410
BMP,7/29/2020 00:00:00,31.137,32.3346,30.9428,31.5901,129070
BMP,7/30/2020 00:00:00,31.5901,32.0433,31.4607,31.9785,48880
BMP,7/31/2020 00:00:00,31.7843,32.108,31.3959,31.7843,84080
BMP,8/3/2020 00:00:00,31.7843,32.5612,31.7843,32.367,76810
BMP,8/4/2020 00:00:00,32.8201,32.9496,32.367,32.6906,99480
BMP,8/5/2020 00:00:00,32.7554,34.1148,32.4317,33.338,192070
BMP,8/6/2020 00:00:00,33.338,33.8558,33.0143,33.2085,108400
BMP,8/7/2020 00:00:00,33.0143,33.8558,33.0143,33.5969,177720
BMP,8/10/2020 00:00:00,33.9206,33.9206,33.5969,33.5969,119340
BMP,8/11/2020 00:00:00,33.9853,33.9853,33.338,33.4674,149890
BMP,8/12/2020 00:00:00,33.4674,33.8558,33.338,33.4674,133180
BMP,8/13/2020 00:00:00,33.4674,33.6616,33.0143,33.5969,137830
BMP,8/14/2020 00:00:00,33.6616,33.6616,33.338,33.4674,89060
BMP,8/17/2020 00:00:00,33.4674,35.1505,33.2732,35.1505,401720
BMP,8/18/2020 00:00:00,35.4742,35.5389,34.9563,34.9563,256520
BMP,8/19/2020 00:00:00,34.9563,35.0858,34.8268,35.021,73430
BMP,8/20/2020 00:00:00,34.9563,35.8626,34.7621,35.7978,231440
BMP,8/21/2020 00:00:00,35.7978,37.0278,35.7331,37.0278,372050
BMP,8/24/2020 00:00:00,37.5457,37.5457,37.0278,37.4162,182700
BMP,8/25/2020 00:00:00,37.4162,37.4162,36.7689,36.9631,153480
BMP,8/26/2020 00:00:00,36.9631,37.1573,35.9273,36.8983,94430
BMP,8/27/2020 00:00:00,36.8983,37.5457,36.8336,36.8983,79480
BMP,8/28/2020 00:00:00,36.8983,37.4162,36.8983,37.0925,97310
BMP,8/31/2020 00:00:00,36.5747,37.222,36.251,36.251,193340
BMP,9/1/2020 00:00:00,36.1215,36.8983,36.1215,36.8336,71260
BMP,9/3/2020 00:00:00,36.8336,37.1573,36.5747,36.7041,51990
BMP,9/4/2020 00:00:00,35.9273,36.7041,35.9273,36.5099,57060
BMP,9/7/2020 00:00:00,36.8983,36.8983,35.6036,35.6036,164720
BMP,9/8/2020 00:00:00,35.6036,36.1863,35.28,35.7978,145060
BMP,9/9/2020 00:00:00,35.7978,36.8983,35.7331,36.5747,167060
BMP,9/10/2020 00:00:00,36.7041,36.8336,36.4452,36.4452,156190
BMP,9/11/2020 00:00:00,36.251,36.5747,35.9921,36.3805,77330
BMP,9/14/2020 00:00:00,36.3805,37.222,36.1215,37.222,256810
BMP,9/15/2020 00:00:00,37.5457,39.4877,37.5457,38.6461,719540
BMP,9/16/2020 00:00:00,38.8403,38.8403,38.193,38.2577,89510
BMP,9/17/2020 00:00:00,38.193,38.193,37.6751,37.9341,132340
BMP,9/18/2020 00:00:00,38.8403,39.6171,38.3872,39.4877,396850
BMP,9/21/2020 00:00:00,40.135,40.135,39.4877,39.4877,216230
BMP,9/22/2020 00:00:00,39.4229,39.6819,39.0345,39.0993,106680
BMP,9/23/2020 00:00:00,39.2935,39.2935,38.9698,38.9698,141300
BMP,9/24/2020 00:00:00,38.7756,39.0993,38.7756,38.9698,128010
BMP,9/25/2020 00:00:00,39.3582,39.6819,38.8403,38.9698,108340
BMP,9/28/2020 00:00:00,39.4877,39.4877,38.9051,39.164,86700
BMP,9/29/2020 00:00:00,39.4877,39.4877,38.193,38.3872,178380
BMP,9/30/2020 00:00:00,38.8403,39.4229,38.3872,39.4229,135730
BMP,10/1/2020 00:00:00,40.0056,40.5882,39.6171,40.2645,255450
BMP,10/2/2020 00:00:00,40.0703,40.3292,39.6171,40.0056,167530
BMP,10/5/2020 00:00:00,40.135,40.2645,39.9408,40.0703,288820
BMP,10/6/2020 00:00:00,40.135,40.2645,39.7466,39.7466,342250
BMP,10/7/2020 00:00:00,39.1629,40.3846,38.9593,38.9593,341930
BMP,10/8/2020 00:00:00,38.9593,39.1629,38.2806,38.7557,294340
BMP,10/9/2020 00:00:00,38.6878,39.3665,38.3484,38.6199,146160
BMP,10/12/2020 00:00:00,38.6878,38.6878,37.3303,37.4661,419580
BMP,10/13/2020 00:00:00,37.3303,37.8054,37.3303,37.6018,103670
BMP,10/14/2020 00:00:00,37.5339,37.6697,36.5837,36.6516,379640
BMP,10/15/2020 00:00:00,36.6516,36.991,36.1765,36.7873,289680
BMP,10/16/2020 00:00:00,37.3303,37.3303,36.7873,36.9231,79050
BMP,10/19/2020 00:00:00,37.1946,37.1946,36.5837,36.6516,83860
BMP,10/20/2020 00:00:00,36.3122,36.991,36.3122,36.6516,147710
BMP,10/21/2020 00:00:00,36.6516,36.7195,36.448,36.448,88770
BMP,10/22/2020 00:00:00,36.5837,36.5837,36.2444,36.448,84450
BMP,10/23/2020 00:00:00,36.3801,38.9593,36.3801,38.9593,231490
BMP,10/26/2020 00:00:00,38.9593,38.9593,37.6697,37.6697,178800
BMP,10/27/2020 00:00:00,37.6018,37.9412,37.1267,37.3303,85630
BMP,10/28/2020 00:00:00,37.0588,37.3303,36.3122,36.5837,139770
BMP,10/29/2020 00:00:00,36.6516,36.991,36.3801,36.991,108540
BMP,10/30/2020 00:00:00,36.991,37.2625,36.5158,36.8552,72810
BMP,11/2/2020 00:00:00,36.991,37.0588,36.448,36.8552,172290
BMP,11/3/2020 00:00:00,37.1946,37.1946,36.5158,36.5158,147480
BMP,11/4/2020 00:00:00,36.991,36.991,36.5158,36.7873,153660
BMP,11/5/2020 00:00:00,36.7873,36.8552,36.2444,36.3801,227320
BMP,11/6/2020 00:00:00,36.3801,36.3801,36.1765,36.3122,185650
BMP,11/9/2020 00:00:00,36.6516,36.991,36.3801,36.991,153220
BMP,11/10/2020 00:00:00,37.1946,38.2127,37.1946,38.0091,294750
BMP,11/11/2020 00:00:00,38.1448,38.4842,37.4661,37.4661,374780
BMP,11/12/2020 00:00:00,37.4661,37.6697,37.0588,37.1267,164780
BMP,11/13/2020 00:00:00,37.1267,37.5339,37.0588,37.1267,158870
BMP,11/16/2020 00:00:00,37.9412,37.9412,37.3982,37.4661,216310
BMP,11/17/2020 00:00:00,37.8054,39.3665,37.5339,39.3665,582260
BMP,11/18/2020 00:00:00,39.2308,39.7059,38.8235,39.638,330730
BMP,11/19/2020 00:00:00,39.3665,39.7059,39.095,39.5023,165540
BMP,11/20/2020 00:00:00,39.7738,40.5882,39.3665,40.3168,411350
BMP,11/23/2020 00:00:00,40.3168,40.4525,39.7059,40.181,287370
BMP,11/24/2020 00:00:00,40.181,40.181,39.4344,39.7738,324770
BMP,11/25/2020 00:00:00,39.7738,40.0453,39.4344,39.7059,332350
BMP,11/26/2020 00:00:00,39.4344,39.7059,39.2308,39.5701,211420
BMP,11/27/2020 00:00:00,39.5701,41.4027,39.5701,41.3349,665340
BMP,11/30/2020 00:00:00,41.9457,41.9457,41.3349,41.3349,200280
BMP,12/1/2020 00:00:00,41.1312,41.1991,40.5882,41.1991,163020
BMP,12/2/2020 00:00:00,41.7421,42.0136,41.4027,41.8778,593390
BMP,12/3/2020 00:00:00,42.0815,42.6244,41.6742,42.1493,191300
BMP,12/4/2020 00:00:00,42.0815,42.2172,41.81,41.9457,297110
BMP,12/7/2020 00:00:00,41.9457,42.6244,41.6063,42.5566,331010
BMP,12/8/2020 00:00:00,42.2851,44.1177,42.1493,44.1177,578110
BMP,12/9/2020 00:00:00,43.5068,45.2036,43.5068,45.1358,391540
BMP,12/10/2020 00:00:00,44.7964,45.1358,43.5068,44.457,205870
BMP,12/11/2020 00:00:00,43.8462,45.1358,43.4389,43.7783,237070
BMP,12/14/2020 00:00:00,44.6606,44.6606,43.5068,43.7104,165260
BMP,12/15/2020 00:00:00,44.6606,44.6606,43.8462,43.914,131250
BMP,12/16/2020 00:00:00,43.914,44.1177,43.4389,43.8462,122790
BMP,12/17/2020 00:00:00,43.8462,43.8462,43.0317,43.0996,110500
BMP,12/18/2020 00:00:00,43.0317,43.8462,42.6244,43.6425,112560
BMP,12/21/2020 00:00:00,43.6425,43.7783,42.9638,43.2353,65380
BMP,12/22/2020 00:00:00,43.7783,43.7783,42.8959,43.4389,113050
BMP,12/23/2020 00:00:00,43.4389,44.457,43.2353,43.914,192980
BMP,12/24/2020 00:00:00,43.914,43.914,41.8778,42.7602,116100
BMP,12/25/2020 00:00:00,42.7602,43.4389,42.4208,43.1674,94870
BMP,12/28/2020 00:00:00,43.1674,43.5747,42.6923,43.0317,78330
BMP,12/29/2020 00:00:00,42.8281,43.3711,42.7602,43.0317,58190
BMP,12/30/2020 00:00:00,43.0317,43.2353,42.6244,42.6244,150690
BMP,12/31/2020 00:00:00,42.5566,42.8281,42.1493,42.4887,125440
BMP,1/4/2021 00:00:00,42.7602,43.5747,42.6923,43.4389,129400
BMP,1/5/2021 00:00:00,43.4389,43.9819,43.2353,43.7783,179300
BMP,1/6/2021 00:00:00,44.1177,44.1177,42.6244,42.6923,430000
BMP,1/7/2021 00:00:00,43.4389,43.4389,41.8778,41.9457,500700
BMP,1/8/2021 00:00:00,41.9457,43.4389,41.8778,42.353,161100
BMP,1/11/2021 00:00:00,42.7602,42.7602,41.9457,42.0815,270800
BMP,1/12/2021 00:00:00,42.1493,43.0317,42.0136,42.6923,367300
BMP,1/13/2021 00:00:00,43.0996,44.457,42.8281,44.0498,678000
BMP,1/14/2021 00:00:00,44.5928,44.7964,43.5068,43.9819,661000
BMP,1/15/2021 00:00:00,44.3213,44.3213,43.2353,43.5068,356400
BMP,1/18/2021 00:00:00,43.5068,43.5068,42.8959,42.8959,299000
BMP,1/19/2021 00:00:00,42.6244,42.6923,39.9095,40.5882,538000
BMP,1/20/2021 00:00:00,40.2489,40.724,39.3665,40.724,374700
BMP,1/21/2021 00:00:00,41.4027,41.4027,40.0453,40.724,331100
BMP,1/22/2021 00:00:00,41.8778,42.6923,41.7421,42.353,283100
BMP,1/25/2021 00:00:00,42.6244,43.2353,42.2172,43.0317,166300
BMP,1/26/2021 00:00:00,43.0317,43.0996,42.0136,42.2172,251300
BMP,1/27/2021 00:00:00,42.0815,42.2172,41.5385,41.7421,332400
BMP,1/28/2021 00:00:00,41.0634,41.0634,38.8235,38.8235,585700
BMP,1/29/2021 00:00:00,38.6878,40.9955,38.6878,40.4525,149100
BMP,2/1/2021 00:00:00,41.3349,41.7421,40.1131,40.724,183600
BMP,2/2/2021 00:00:00,40.724,41.81,40.1131,41.81,194300
BMP,2/3/2021 00:00:00,42.0815,42.2851,41.4027,42.0815,135000
BMP,2/4/2021 00:00:00,42.7127,42.7127,42.0815,42.1516,113500
BMP,2/5/2021 00:00:00,42.0815,43.1335,41.9412,42.6425,134000
BMP,2/8/2021 00:00:00,42.6425,43.1335,41.3801,42.0113,242900
BMP,2/9/2021 00:00:00,42.0113,42.9231,41.4502,42.1516,156600
BMP,2/17/2021 00:00:00,42.4321,43.4842,42.1516,43.4842,366200
BMP,2/18/2021 00:00:00,43.9751,44.2557,43.414,44.1855,217600
BMP,2/19/2021 00:00:00,44.1855,45.0272,43.9751,44.8869,351000
BMP,2/22/2021 00:00:00,44.8168,45.3077,44.3258,44.4661,205300
BMP,2/23/2021 00:00:00,44.4661,44.4661,43.8349,44.0453,143000
BMP,2/24/2021 00:00:00,44.0453,44.1855,42.7828,42.9932,258600
BMP,2/25/2021 00:00:00,42.9932,43.6946,42.9231,43.4842,151700
BMP,2/26/2021 00:00:00,43.2036,44.2557,43.2036,44.1855,139900
BMP,3/1/2021 00:00:00,43.6244,44.6063,43.6244,44.6063,227500
BMP,3/2/2021 00:00:00,44.8869,45.6584,44.3959,45.5181,717400
BMP,3/3/2021 00:00:00,45.5181,46.6403,45.5181,45.7285,428300
BMP,3/4/2021 00:00:00,45.7285,45.7285,44.3258,44.5362,171200
BMP,3/5/2021 00:00:00,44.1855,44.2557,43.6946,43.905,231100
BMP,3/8/2021 00:00:00,43.8349,44.5362,43.414,43.4842,299400
BMP,3/9/2021 00:00:00,43.2036,43.6946,42.853,42.9932,248900
BMP,3/10/2021 00:00:00,42.9932,43.4842,42.9932,43.3439,202100
BMP,3/11/2021 00:00:00,43.6946,43.9751,43.2738,43.3439,138200
BMP,3/12/2021 00:00:00,43.3439,43.8349,43.2738,43.6244,167500
BMP,3/15/2021 00:00:00,43.6946,43.6946,43.2738,43.414,157300
BMP,3/16/2021 00:00:00,43.2738,43.3439,42.853,42.9932,156600
BMP,3/17/2021 00:00:00,42.9231,42.9932,42.7127,42.7828,176000
BMP,3/18/2021 00:00:00,43.1335,43.1335,42.7828,42.7828,130900
BMP,3/19/2021 00:00:00,42.9932,42.9932,42.5023,42.6425,136700
BMP,3/22/2021 00:00:00,42.6425,42.7828,42.2919,42.362,187400
BMP,3/23/2021 00:00:00,42.2919,42.4321,42.0113,42.2217,133400
BMP,3/24/2021 00:00:00,42.0815,42.1516,41.8009,41.8009,106700
BMP,3/25/2021 00:00:00,41.8009,42.0113,41.5204,41.7308,151300
BMP,3/26/2021 00:00:00,41.5204,42.0815,39.276,40.9593,175700
BMP,3/29/2021 00:00:00,40.9593,41.3801,40.9593,41.1697,320400
BMP,3/30/2021 00:00:00,41.3801,41.3801,40.8891,41.1697,103400
BMP,3/31/2021 00:00:00,41.1697,41.31,40.8891,40.8891,127400
BMP,4/1/2021 00:00:00,40.8891,41.7308,40.8891,41.5204,94900
BMP,4/2/2021 00:00:00,41.5905,42.2217,41.5905,42.0815,94500
BMP,4/5/2021 00:00:00,42.0815,42.362,41.5204,41.8009,123300
BMP,4/6/2021 00:00:00,42.2217,42.2217,41.5905,42.0815,101000
BMP,4/7/2021 00:00:00,42.0815,43.3439,41.7308,43.2036,251100
BMP,4/8/2021 00:00:00,43.4842,43.6244,42.9932,43.1335,83700
BMP,4/9/2021 00:00:00,43.1335,43.2738,43.0634,43.1335,105500
BMP,4/12/2021 00:00:00,43.1335,43.2738,42.6425,43.1335,137000
BMP,4/13/2021 00:00:00,43.2738,43.2738,42.2217,42.2217,160200
BMP,4/14/2021 00:00:00,42.2217,42.4321,42.1516,42.362,77600
BMP,4/15/2021 00:00:00,42.1516,43.1335,42.1516,42.5023,156000
BMP,4/16/2021 00:00:00,42.5023,43.1335,42.362,42.5023,109500
BMP,4/19/2021 00:00:00,42.4321,42.5023,42.1516,42.1516,78000
BMP,4/20/2021 00:00:00,42.1516,42.5724,41.5204,42.0815,159900
BMP,4/22/2021 00:00:00,42.0815,42.0815,41.0996,41.3801,167200
BMP,4/23/2021 00:00:00,41.3801,41.3801,40.4683,41.2398,88100
BMP,4/26/2021 00:00:00,41.2398,41.2398,40.6086,41.2398,168000
BMP,4/27/2021 00:00:00,41.2398,41.3801,40.6787,41.0294,69000
BMP,4/28/2021 00:00:00,41.0996,42.0815,41.0996,41.5204,108300
BMP,4/29/2021 00:00:00,41.5905,42.0815,41.4502,41.5905,129000
BMP,5/4/2021 00:00:00,41.5204,41.9412,41.0996,41.4502,92000
BMP,5/5/2021 00:00:00,41.4502,42.2217,41.3801,41.8009,95500
BMP,5/6/2021 00:00:00,41.8009,42.4321,41.5905,41.6606,82800
BMP,5/7/2021 00:00:00,41.5905,41.5905,41.0294,41.0996,29800
BMP,5/10/2021 00:00:00,41.0294,41.7308,40.5385,40.7489,88400
BMP,5/11/2021 00:00:00,40.7489,41.0294,40.3281,40.819,133900
BMP,5/12/2021 00:00:00,40.819,41.3801,40.6787,40.9593,36600
BMP,5/13/2021 00:00:00,40.9593,41.7308,40.9593,41.2398,30400
BMP,5/14/2021 00:00:00,41.3801,41.4502,41.0294,41.2398,84000
BMP,5/17/2021 00:00:00,41.7291,41.7291,41.0815,41.1535,26900
BMP,5/18/2021 00:00:00,41.1535,41.801,41.0096,41.5132,87100
BMP,5/19/2021 00:00:00,41.0096,41.873,41.0096,41.1535,65000
BMP,5/20/2021 00:00:00,41.0096,41.1535,40.2901,40.7218,167100
BMP,5/21/2021 00:00:00,40.7218,41.3693,40.2901,40.9377,37700
BMP,5/24/2021 00:00:00,40.9377,41.7291,40.7938,41.5852,71300
BMP,5/25/2021 00:00:00,41.5852,42.5924,41.1535,42.4485,105600
BMP,5/26/2021 00:00:00,42.4485,42.4485,41.7291,42.2327,91000
BMP,5/27/2021 00:00:00,42.2327,42.2327,41.5852,41.5852,37700
BMP,5/28/2021 00:00:00,41.6571,42.1607,41.5852,42.1607,85900
BMP,5/31/2021 00:00:00,42.1607,42.1607,41.2974,41.801,88000
BMP,6/1/2021 00:00:00,42.2327,42.2327,41.5132,41.5852,59100
BMP,6/2/2021 00:00:00,41.5852,42.0888,41.4413,41.9449,45400
BMP,6/3/2021 00:00:00,41.7291,41.801,41.3693,41.4413,193700
BMP,6/4/2021 00:00:00,41.4413,41.4413,41.2254,41.2974,64700
BMP,6/7/2021 00:00:00,41.2974,41.6571,41.0096,41.2254,54600
BMP,6/8/2021 00:00:00,41.1535,41.3693,40.7938,40.7938,145200
BMP,6/9/2021 00:00:00,40.7938,41.0096,40.6499,40.7218,115900
BMP,6/10/2021 00:00:00,41.0096,41.0096,40.6499,41.0096,55800
BMP,6/11/2021 00:00:00,41.0096,41.7291,41.0096,41.5852,79000
BMP,6/14/2021 00:00:00,41.6571,41.873,41.2254,41.801,175600
BMP,6/15/2021 00:00:00,41.801,43.6716,41.801,43.5277,266300
BMP,6/16/2021 00:00:00,43.5277,44.3191,43.0961,43.8875,211200
BMP,6/17/2021 00:00:00,43.3838,44.1753,42.3046,44.1753,283700
BMP,6/18/2021 00:00:00,44.3191,44.3191,43.5277,43.8155,115700
BMP,6/21/2021 00:00:00,43.8155,44.1753,42.8083,43.5997,200500
BMP,6/22/2021 00:00:00,43.2399,43.8875,43.2399,43.7436,121900
BMP,6/23/2021 00:00:00,43.7436,43.8155,42.8802,42.9522,122100
BMP,6/24/2021 00:00:00,43.2399,43.2399,42.4485,42.6644,74100
BMP,6/25/2021 00:00:00,42.4485,43.0961,42.3766,42.8083,55200
BMP,6/28/2021 00:00:00,42.8083,43.8155,42.8083,43.2399,53400
BMP,6/29/2021 00:00:00,43.8155,43.8155,42.6644,42.6644,53400
BMP,6/30/2021 00:00:00,42.6644,43.168,42.6644,42.6644,41800
BMP,7/1/2021 00:00:00,42.7363,42.9522,42.3046,42.3766,55000
BMP,7/2/2021 00:00:00,42.2327,42.5205,42.1607,42.3046,52300
BMP,7/5/2021 00:00:00,42.1607,42.3046,41.4413,41.4413,69100
BMP,7/6/2021 00:00:00,41.4413,42.4485,41.2974,41.2974,106100
BMP,7/7/2021 00:00:00,41.4413,41.7291,41.0096,41.4413,84000
BMP,7/8/2021 00:00:00,41.4413,41.4413,41.0815,41.1535,60800
BMP,7/9/2021 00:00:00,41.3693,41.4413,41.0096,41.0096,65300
BMP,7/12/2021 00:00:00,41.0096,41.0096,39.4268,39.5707,164600
BMP,7/13/2021 00:00:00,39.5707,40.6499,39.5707,40.2182,62500
BMP,7/14/2021 00:00:00,40.6499,40.6499,39.6426,39.6426,41700
BMP,7/15/2021 00:00:00,39.6426,40.6499,39.6426,40.6499,9500
BMP,7/16/2021 00:00:00,40.7218,41.2254,40.6499,40.8657,13200
BMP,7/19/2021 00:00:00,39.5707,40.7938,39.5707,39.9304,30500
BMP,7/20/2021 00:00:00,39.7146,40.7218,39.5707,40.6499,30200
BMP,7/21/2021 00:00:00,40.6499,40.7218,40.3621,40.3621,28200
BMP,7/22/2021 00:00:00,40.2901,40.6499,40.2901,40.506,5800
BMP,7/23/2021 00:00:00,40.5779,40.7938,40.2901,40.5779,15500
BMP,7/26/2021 00:00:00,40.0023,40.8657,40.0023,40.8657,36100
BMP,7/27/2021 00:00:00,41.1535,41.7291,40.9377,41.6571,33500
BMP,7/28/2021 00:00:00,41.0096,41.1535,40.2901,41.0096,42700
BMP,7/29/2021 00:00:00,41.0096,41.0096,40.1462,40.1462,50200
BMP,7/30/2021 00:00:00,40.7938,40.9377,40.2182,40.434,46700
BMP,8/2/2021 00:00:00,40.2901,41.6571,40.2901,41.1535,102700
BMP,8/3/2021 00:00:00,41.2254,41.2254,40.6499,40.8657,10900
BMP,8/4/2021 00:00:00,40.434,40.8657,40.434,40.8657,34600
BMP,8/5/2021 00:00:00,40.7938,40.8657,40.2901,40.8657,33300
BMP,8/6/2021 00:00:00,40.8657,40.8657,40.7218,40.8657,40100
BMP,8/9/2021 00:00:00,40.9377,40.9377,40.506,40.7938,45200
BMP,8/10/2021 00:00:00,41.2974,41.2974,40.6499,41.1535,54500
BMP,8/11/2021 00:00:00,41.1535,41.5852,40.9377,41.5852,95000
BMP,8/12/2021 00:00:00,41.5852,41.6571,41.3693,41.5132,101300
BMP,8/13/2021 00:00:00,41.7291,41.873,41.1535,41.4413,62000
BMP,8/16/2021 00:00:00,41.3693,41.5132,41.0096,41.2254,86500
BMP,8/17/2021 00:00:00,41.4413,41.4413,40.7938,40.8657,96000
BMP,8/18/2021 00:00:00,40.8657,40.8657,40.0023,40.1462,174400
BMP,8/19/2021 00:00:00,40.1462,40.1462,39.7865,40.1462,87300
BMP,8/20/2021 00:00:00,40.1462,40.5779,39.7865,39.7865,91500
BMP,8/23/2021 00:00:00,39.7865,39.7865,38.4915,38.4915,258300
BMP,8/24/2021 00:00:00,38.4915,38.4915,37.9878,38.1317,63100
BMP,8/25/2021 00:00:00,37.8439,38.8512,37.6281,38.5634,84200
BMP,8/26/2021 00:00:00,38.7793,38.7793,38.2756,38.4915,12500
BMP,8/27/2021 00:00:00,38.4915,38.4915,38.0598,38.4195,44700
BMP,8/30/2021 00:00:00,39.3548,39.3548,38.3476,38.5634,45900
BMP,8/31/2021 00:00:00,38.6354,38.8512,38.5634,38.6354,75300
BMP,9/1/2021 00:00:00,38.8512,39.2109,38.7073,39.2109,95800
BMP,9/6/2021 00:00:00,39.2829,40.1462,39.2109,40.0743,125600
BMP,9/7/2021 00:00:00,39.8585,39.9304,39.4987,39.5707,66300
BMP,9/8/2021 00:00:00,39.5707,39.5707,38.7073,38.7793,93600
BMP,9/9/2021 00:00:00,38.8512,38.8512,38.6354,38.7793,60500
BMP,9/10/2021 00:00:00,38.7793,38.9951,38.7793,38.7793,36300
BMP,9/13/2021 00:00:00,38.7793,38.9951,38.6354,38.9231,55200
BMP,9/14/2021 00:00:00,38.9231,38.9231,38.6354,38.7793,58100
BMP,9/15/2021 00:00:00,38.7073,39.4987,38.7073,39.2109,33500
BMP,9/16/2021 00:00:00,39.2109,39.2109,38.8512,38.9951,43500
BMP,9/17/2021 00:00:00,39.2109,39.2109,38.7073,38.7793,124600
BMP,9/20/2021 00:00:00,38.9231,39.2109,38.7073,38.7073,66700
BMP,9/21/2021 00:00:00,38.6354,39.2109,38.4915,39.139,80800
BMP,9/22/2021 00:00:00,39.2829,39.2829,38.6354,38.8512,74200
BMP,9/23/2021 00:00:00,38.8512,39.067,38.7793,38.7793,79800
BMP,9/24/2021 00:00:00,38.7793,38.7793,38.4915,38.5634,65800
BMP,9/27/2021 00:00:00,38.5634,38.5634,38.2756,38.2756,63700
BMP,9/28/2021 00:00:00,38.2756,38.2756,38.1317,38.2037,70000
BMP,9/29/2021 00:00:00,38.1317,38.2037,37.8439,37.9878,97600
BMP,9/30/2021 00:00:00,38.5634,38.5634,37.9878,37.9878,63800
BMP,10/1/2021 00:00:00,38.0598,38.0598,37.9159,38.0598,61200
BMP,10/4/2021 00:00:00,38.0598,38.1317,35.3978,37.3403,131900
BMP,10/5/2021 00:00:00,37.3403,37.6281,37.1245,37.2684,111200
BMP,10/6/2021 00:00:00,37.4842,37.6281,37.4842,37.4842,57000
BMP,10/7/2021 00:00:00,37.4842,38.2037,37.4842,38.1317,68300
BMP,10/8/2021 00:00:00,38.3476,38.4195,38.0598,38.2037,47100
BMP,10/11/2021 00:00:00,38.2037,38.2037,38.0598,38.1317,56700
BMP,10/12/2021 00:00:00,38.1317,38.1317,38.0598,38.1317,97300
BMP,10/13/2021 00:00:00,38.1317,38.4195,38.1317,38.1317,88000
BMP,10/14/2021 00:00:00,38.2756,38.3476,38.1317,38.2037,107200
BMP,10/15/2021 00:00:00,38.2756,38.3476,38.1317,38.2037,87300
BMP,10/18/2021 00:00:00,38.2037,38.3476,38.1317,38.2037,36400
BMP,10/19/2021 00:00:00,38.2756,38.2756,37.9878,37.9878,74700
BMP,10/20/2021 00:00:00,37.9878,38.3476,37.9878,38.3476,75300
BMP,10/21/2021 00:00:00,38.2756,40.0023,38.1317,39.9304,144700
BMP,10/22/2021 00:00:00,40.0743,40.0743,39.2109,39.3548,97600
BMP,10/25/2021 00:00:00,39.3548,39.9304,39.3548,39.7865,88200
BMP,10/26/2021 00:00:00,40.0023,41.2974,39.7865,40.9377,156900
BMP,10/27/2021 00:00:00,40.9377,41.0815,40.7218,40.9377,100800
BMP,10/28/2021 00:00:00,40.9377,43.0961,40.6499,42.8802,382300
BMP,10/29/2021 00:00:00,42.8802,43.168,42.2327,43.168,163200
BMP,11/1/2021 00:00:00,44.8947,44.8947,43.0241,43.168,262500
BMP,11/2/2021 00:00:00,43.0961,43.5277,42.9522,43.4558,124500
BMP,11/3/2021 00:00:00,43.4558,43.8875,43.168,43.8875,220300
BMP,11/4/2021 00:00:00,43.8875,44.8947,43.8875,44.7508,168500
BMP,11/5/2021 00:00:00,45.0386,45.3264,44.463,45.2545,101700
BMP,11/8/2021 00:00:00,45.5422,46.6934,45.2545,45.3264,87600
BMP,11/9/2021 00:00:00,45.3264,45.3264,44.6789,44.6789,73400
BMP,11/10/2021 00:00:00,44.7508,45.6861,44.6069,44.9667,93200
BMP,11/11/2021 00:00:00,45.1106,45.5422,44.8228,44.9667,138200
BMP,11/12/2021 00:00:00,44.8947,44.9667,43.9594,44.463,46600
BMP,11/15/2021 00:00:00,45.3983,45.3983,42.5205,42.5205,103600
BMP,11/16/2021 00:00:00,42.5205,44.2472,42.0888,43.168,100500
BMP,11/17/2021 00:00:00,43.0961,43.5277,42.8802,42.8802,21600
BMP,11/18/2021 00:00:00,43.6716,43.6716,42.5205,42.8802,80500
BMP,11/19/2021 00:00:00,42.8802,43.6716,42.5205,42.7363,63600
BMP,11/22/2021 00:00:00,43.3838,43.3838,41.7291,42.0888,46500
BMP,11/23/2021 00:00:00,42.0888,43.168,41.3693,42.9522,34500
BMP,11/24/2021 00:00:00,43.0961,43.168,42.4485,42.5205,42600
BMP,11/25/2021 00:00:00,42.5205,43.5277,41.873,43.5277,123100
BMP,11/26/2021 00:00:00,43.5277,43.5997,43.0241,43.168,93300
BMP,11/29/2021 00:00:00,42.9522,43.0241,42.1607,42.5205,14000
BMP,11/30/2021 00:00:00,42.5205,43.2399,42.3766,43.168,106300
BMP,12/1/2021 00:00:00,43.4558,43.5277,42.7363,42.7363,29100
BMP,12/2/2021 00:00:00,42.5205,42.8083,42.2327,42.2327,41200
BMP,12/3/2021 00:00:00,42.2327,42.2327,41.7291,41.7291,54200
BMP,12/6/2021 00:00:00,41.5852,41.5852,40.1462,40.2901,80700
BMP,12/7/2021 00:00:00,39.9304,41.3693,39.9304,41.3693,28500
BMP,12/8/2021 00:00:00,42.0888,42.0888,41.3693,41.7291,34400
BMP,12/9/2021 00:00:00,41.0096,42.2327,41.0096,42.2327,28500
BMP,12/10/2021 00:00:00,42.3766,42.3766,41.801,42.0169,17800
BMP,12/13/2021 00:00:00,42.1607,42.3766,41.801,41.801,30800
BMP,12/14/2021 00:00:00,41.801,43.3119,41.801,43.168,91900
BMP,12/15/2021 00:00:00,43.8875,43.8875,42.8083,43.3119,53300
BMP,12/16/2021 00:00:00,43.3119,43.3119,42.8083,43.0241,31300
BMP,12/17/2021 00:00:00,43.2399,43.5277,42.8083,43.5277,86500
BMP,12/20/2021 00:00:00,43.5997,44.8947,43.5997,44.7508,149400
BMP,12/21/2021 00:00:00,45.9739,45.9739,44.6069,44.7508,79000
BMP,12/22/2021 00:00:00,44.7508,44.7508,43.7436,43.8875,118900
BMP,12/23/2021 00:00:00,43.2399,43.5997,41.7291,42.0888,65900
BMP,12/24/2021 00:00:00,40.7938,42.0888,40.7938,42.0888,36000
BMP,12/27/2021 00:00:00,42.0888,43.0961,42.0888,42.7363,50600
BMP,12/28/2021 00:00:00,43.168,43.168,41.801,43.0961,57100
BMP,12/29/2021 00:00:00,41.801,43.168,41.801,42.3046,28200
BMP,12/30/2021 00:00:00,41.801,42.9522,41.801,42.8083,50700
BMP,12/31/2021 00:00:00,42.4485,43.0961,42.4485,43.0961,28300
BMP,1/4/2022 00:00:00,44.2472,44.2472,42.3046,42.4485,51400
BMP,1/5/2022 00:00:00,43.168,43.168,42.3046,42.3766,216500
BMP,1/6/2022 00:00:00,42.3766,42.3766,41.801,42.0888,76700
BMP,1/7/2022 00:00:00,42.3046,42.3046,41.9449,42.0169,61100
BMP,1/10/2022 00:00:00,42.9522,42.9522,41.5852,41.873,68900
BMP,1/11/2022 00:00:00,41.5132,41.801,41.5132,41.5852,23300
BMP,1/12/2022 00:00:00,41.5852,42.0888,41.4413,41.7291,16800
BMP,1/13/2022 00:00:00,42.3046,43.0961,41.7291,42.5205,58000
BMP,1/14/2022 00:00:00,41.5282,42.8512,41.5282,42.4102,7400
BMP,1/17/2022 00:00:00,42.9982,42.9982,39.5437,41.0872,41300
BMP,1/18/2022 00:00:00,41.1607,41.8957,41.0137,41.0137,72600
BMP,1/19/2022 00:00:00,41.0137,41.8957,41.0137,41.8957,22800
BMP,1/20/2022 00:00:00,42.0427,42.7777,41.9692,42.7777,22100
BMP,1/21/2022 00:00:00,42.8512,42.8512,41.8957,42.3367,58000
BMP,1/24/2022 00:00:00,42.3367,42.6307,41.8957,42.1162,21700
BMP,1/25/2022 00:00:00,41.5282,42.3367,41.5282,41.9692,76400
BMP,1/26/2022 00:00:00,41.8957,43.4392,41.8957,43.3657,278100
BMP,1/27/2022 00:00:00,43.5862,44.1008,43.5862,43.8068,203700
BMP,1/28/2022 00:00:00,43.8803,45.3503,43.8803,45.2033,300400
BMP,2/7/2022 00:00:00,45.6443,46.0118,45.2033,45.8648,260500
BMP,2/8/2022 00:00:00,45.7178,45.7178,44.0273,44.1008,195900
BMP,2/9/2022 00:00:00,43.7332,45.5708,43.7332,44.5418,61900
BMP,2/10/2022 00:00:00,44.8358,44.8358,44.1743,44.4683,44400
BMP,2/11/2022 00:00:00,44.4683,44.6153,44.1008,44.1008,63500
BMP,2/14/2022 00:00:00,43.7332,44.1008,43.2187,43.2187,105500
BMP,2/15/2022 00:00:00,42.7777,43.3657,42.7777,43.2922,56600
BMP,2/16/2022 00:00:00,43.2922,44.1008,42.9982,43.3657,62500
BMP,2/17/2022 00:00:00,43.4392,44.1008,43.4392,43.5862,44600
BMP,2/18/2022 00:00:00,43.9538,45.2033,43.5862,45.2033,171400
BMP,2/21/2022 00:00:00,45.2033,46.7468,45.2033,46.5263,247300
BMP,2/22/2022 00:00:00,46.6733,47.4083,46.3058,47.1878,294100
BMP,2/23/2022 00:00:00,47.6288,48.2168,46.9673,48.1433,313200
BMP,2/24/2022 00:00:00,48.1433,48.1433,46.8938,47.1143,161100
BMP,2/25/2022 00:00:00,46.8938,48.2903,46.8938,47.2613,105600
BMP,2/28/2022 00:00:00,47.6288,47.6288,46.9673,47.1143,130300
BMP,3/1/2022 00:00:00,47.7758,47.7758,46.2323,46.5263,150700
BMP,3/2/2022 00:00:00,46.5263,46.5263,44.1008,44.6888,257500
BMP,3/3/2022 00:00:00,44.8358,45.7178,44.4683,45.7178,103000
BMP,3/4/2022 00:00:00,46.3058,46.5263,45.5708,45.9383,120900
BMP,3/7/2022 00:00:00,45.5708,45.8648,44.5418,44.6153,133400
BMP,3/8/2022 00:00:00,44.4683,44.6888,43.9538,43.9538,98900
BMP,3/9/2022 00:00:00,43.9538,45.4238,42.6307,45.2033,134200
BMP,3/10/2022 00:00:00,45.2033,45.2033,44.6153,44.8358,50900
BMP,3/11/2022 00:00:00,43.7332,44.7623,43.7332,43.9538,65200
BMP,3/14/2022 00:00:00,43.9538,44.3213,43.3657,43.3657,79800
BMP,3/15/2022 00:00:00,42.9247,44.1008,42.9247,44.1008,40400
BMP,3/16/2022 00:00:00,44.1743,44.8358,43.7332,43.9538,120900
BMP,3/17/2022 00:00:00,44.1008,44.1008,43.3657,44.0273,33500
BMP,3/18/2022 00:00:00,44.4683,44.4683,43.5127,43.5127,32200
BMP,3/21/2022 00:00:00,43.3657,43.9538,43.3657,43.4392,49500
BMP,3/22/2022 00:00:00,43.7332,44.0273,43.4392,43.4392,44900
BMP,3/23/2022 00:00:00,43.4392,43.9538,43.4392,43.8068,33700
BMP,3/24/2022 00:00:00,43.7332,45.2033,43.7332,44.8358,168000
BMP,3/25/2022 00:00:00,44.9093,45.6443,44.9093,45.4238,97300
BMP,3/28/2022 00:00:00,45.4973,45.4973,44.3948,44.4683,64500
BMP,3/29/2022 00:00:00,45.4238,45.4238,44.1008,44.6153,64200
BMP,3/30/2022 00:00:00,44.1743,44.8358,43.8068,44.4683,80400
BMP,3/31/2022 00:00:00,44.1743,45.5708,44.1008,45.1298,65100
BMP,4/1/2022 00:00:00,45.0563,47.9228,44.8358,47.9228,253400
BMP,4/4/2022 00:00:00,47.9228,47.9228,47.0408,47.4818,97800
BMP,4/5/2022 00:00:00,47.0408,47.4818,46.4528,46.6733,43200
BMP,4/6/2022 00:00:00,46.3058,47.4083,45.9383,46.5263,69700
BMP,4/7/2022 00:00:00,47.3348,47.3348,46.6733,46.7468,85400
BMP,4/8/2022 00:00:00,46.8203,47.2613,45.2033,45.3503,81500
BMP,4/12/2022 00:00:00,45.3503,46.2323,44.6153,45.0563,57800
BMP,4/13/2022 00:00:00,45.2033,45.7178,44.8358,45.4238,61500
BMP,4/14/2022 00:00:00,45.4238,46.4528,45.3503,46.4528,104700
BMP,4/15/2022 00:00:00,46.7468,47.7023,46.3058,46.8938,68100
BMP,4/18/2022 00:00:00,47.4083,47.4083,46.0853,46.4528,101200
BMP,4/19/2022 00:00:00,46.4528,46.8938,45.6443,46.5998,105300
BMP,4/20/2022 00:00:00,46.3058,46.5263,43.3657,46.1588,84500
BMP,4/21/2022 00:00:00,43.3657,46.2323,43.3657,46.1588,107400
BMP,4/22/2022 00:00:00,46.0118,46.1588,43.3657,45.8648,105800
BMP,4/25/2022 00:00:00,44.9828,45.0563,42.7042,43.2922,115000
BMP,4/26/2022 00:00:00,43.7332,44.2478,41.1607,44.1008,35600
BMP,4/27/2022 00:00:00,44.1008,44.1743,43.5127,44.1743,14900
BMP,4/28/2022 00:00:00,45.0563,46.0118,44.6888,45.2033,90200
BMP,4/29/2022 00:00:00,45.5708,45.7178,45.0563,45.2768,56100
BMP,5/4/2022 00:00:00,44.9093,45.1298,44.5418,44.6153,37300
BMP,5/5/2022 00:00:00,45.0563,45.0563,43.5862,43.8068,34000
BMP,5/6/2022 00:00:00,43.3657,44.1008,42.7777,42.9982,29700
BMP,5/9/2022 00:00:00,42.9982,43.3657,40.7932,40.7932,78600
BMP,5/10/2022 00:00:00,40.3522,41.6752,40.0582,41.6017,31000
BMP,5/11/2022 00:00:00,42.9194,42.9194,41.8653,41.8653,12200
BMP,5/12/2022 00:00:00,42.317,42.317,41.037,41.037,28900
BMP,5/13/2022 00:00:00,40.6605,40.9617,40.1334,40.1334,20600
BMP,5/16/2022 00:00:00,40.1334,40.5099,39.9075,39.9075,19700
BMP,5/17/2022 00:00:00,39.1546,40.6605,39.1546,40.6605,53300
BMP,5/18/2022 00:00:00,40.6605,41.7147,40.284,41.7147,35100
BMP,5/19/2022 00:00:00,40.4346,41.3382,39.9075,41.3382,11500
BMP,5/20/2022 00:00:00,41.3382,41.79,41.2629,41.2629,37500
BMP,5/23/2022 00:00:00,41.2629,41.9406,41.037,41.7147,38000
BMP,5/24/2022 00:00:00,41.7147,42.1664,41.037,42.1664,48600
BMP,5/25/2022 00:00:00,42.1664,43.6724,40.7358,42.9947,50300
BMP,5/26/2022 00:00:00,42.9194,45.0277,42.9194,44.6513,23800
BMP,5/27/2022 00:00:00,45.0277,45.1783,43.6724,44.6513,79800
BMP,5/30/2022 00:00:00,44.7265,44.8018,43.7477,44.6513,22200
BMP,5/31/2022 00:00:00,44.8771,45.0277,43.8983,45.0277,16200
BMP,6/1/2022 00:00:00,44.7265,45.0277,44.5007,45.0277,24400
BMP,6/2/2022 00:00:00,44.8018,45.2536,44.4254,44.9524,25000
BMP,6/3/2022 00:00:00,44.8018,44.9524,43.8983,44.9524,17500
BMP,6/6/2022 00:00:00,44.9524,45.1783,44.5007,44.576,30500
BMP,6/7/2022 00:00:00,44.1995,44.6513,43.6724,44.0489,5900
BMP,6/8/2022 00:00:00,44.8771,44.8771,43.9736,44.576,21800
BMP,6/9/2022 00:00:00,43.6724,45.1783,43.6724,44.9524,18600
BMP,6/10/2022 00:00:00,44.9524,44.9524,44.0489,44.0489,2100
BMP,6/13/2022 00:00:00,43.3712,43.9736,42.1664,42.1664,12900
BMP,6/14/2022 00:00:00,42.1664,42.1664,39.2299,41.1123,59300
BMP,6/15/2022 00:00:00,41.1123,42.0159,39.6063,39.7569,66200
BMP,6/16/2022 00:00:00,39.6816,42.1664,39.531,42.1664,36200
BMP,6/17/2022 00:00:00,42.0911,42.1664,39.531,41.037,16200
BMP,6/20/2022 00:00:00,40.5852,42.1664,40.284,40.6605,36700
BMP,6/21/2022 00:00:00,39.9828,40.6605,39.9075,40.5852,16400
BMP,6/22/2022 00:00:00,40.7358,41.6394,39.9075,40.6605,22400
BMP,6/23/2022 00:00:00,40.6605,40.6605,39.6063,40.5852,24500
BMP,6/24/2022 00:00:00,40.5852,40.6605,40.284,40.6605,10000
BMP,6/27/2022 00:00:00,40.8111,41.79,39.9828,41.79,21300
BMP,6/28/2022 00:00:00,41.9406,41.9406,40.8864,41.4135,5000
BMP,6/29/2022 00:00:00,41.3382,43.6724,41.3382,42.317,19300
BMP,6/30/2022 00:00:00,42.317,43.4465,41.79,43.4465,26700
BMP,7/1/2022 00:00:00,41.4888,43.07,41.4135,43.07,13000
BMP,7/4/2022 00:00:00,42.2417,43.6724,42.2417,42.9947,5700
BMP,7/5/2022 00:00:00,42.9194,43.2206,41.8653,42.6182,8500
BMP,7/6/2022 00:00:00,42.3923,42.9194,40.8864,42.9194,42600
BMP,7/7/2022 00:00:00,41.037,42.8441,40.8111,42.8441,28500
BMP,7/8/2022 00:00:00,42.7688,42.8441,42.7688,42.8441,400
BMP,7/11/2022 00:00:00,42.6182,42.6182,41.2629,41.3382,9600
BMP,7/12/2022 00:00:00,41.4888,42.1664,41.3382,41.79,27500
BMP,7/13/2022 00:00:00,41.79,42.1664,41.79,41.79,26600
BMP,7/14/2022 00:00:00,41.79,42.2417,41.79,42.1664,40500
BMP,7/15/2022 00:00:00,42.1664,42.1664,42.1664,42.1664,73200
BMP,7/18/2022 00:00:00,41.79,42.2417,41.79,42.1664,41700
BMP,7/19/2022 00:00:00,42.5429,42.5429,41.79,41.8653,4700
BMP,7/20/2022 00:00:00,42.9194,43.07,42.0159,42.9194,12600
BMP,7/21/2022 00:00:00,42.1664,43.2959,42.1664,43.2959,34900
BMP,7/22/2022 00:00:00,43.4465,44.576,43.4465,43.6724,53500
BMP,7/25/2022 00:00:00,43.3712,44.3501,43.3712,44.3501,8300
BMP,7/26/2022 00:00:00,44.3501,44.8018,44.3501,44.4254,32500
BMP,7/27/2022 00:00:00,44.4254,44.6513,43.8983,44.2748,15900
BMP,7/28/2022 00:00:00,44.4254,44.5007,43.7477,43.9736,26500
BMP,7/29/2022 00:00:00,43.9736,45.103,43.9736,45.103,32500
BMP,8/1/2022 00:00:00,45.1783,47.4372,45.103,46.3078,42700
BMP,8/2/2022 00:00:00,46.3078,46.6843,45.6301,45.7807,25100
BMP,8/3/2022 00:00:00,45.4795,48.1149,45.4795,47.3619,85300
BMP,8/4/2022 00:00:00,46.6843,48.2655,46.6843,47.3619,70000
BMP,8/5/2022 00:00:00,47.0608,48.3408,47.0608,47.3619,36300
BMP,8/8/2022 00:00:00,47.6631,47.6631,46.6843,46.7596,26600
BMP,8/9/2022 00:00:00,46.7596,47.8137,46.7596,47.4372,112600
BMP,8/10/2022 00:00:00,47.8137,47.889,47.4372,47.7384,43200
BMP,8/11/2022 00:00:00,47.5878,47.9643,47.4372,47.8137,57700
BMP,8/12/2022 00:00:00,47.6631,50.5997,47.4372,50.4491,133500
BMP,8/15/2022 00:00:00,50.8256,50.8256,50.0727,50.5997,71900
BMP,8/16/2022 00:00:00,50.8256,50.8256,49.8468,49.8468,147700
BMP,8/17/2022 00:00:00,49.6962,50.4491,48.7173,48.9432,165700
BMP,8/18/2022 00:00:00,48.7926,49.6962,48.7926,49.2444,63600
BMP,8/19/2022 00:00:00,49.0185,49.2444,48.2655,48.2655,39000
BMP,8/22/2022 00:00:00,47.889,49.6962,47.889,48.9432,74700
BMP,8/23/2022 00:00:00,48.5667,49.3197,48.4914,49.3197,85700
BMP,8/24/2022 00:00:00,49.3197,49.3197,48.4914,48.4914,68100
BMP,8/25/2022 00:00:00,48.3408,49.4703,47.8137,47.8137,61700
BMP,8/26/2022 00:00:00,48.5667,49.0938,48.1149,48.4161,50100
BMP,8/29/2022 00:00:00,47.4372,48.2655,47.4372,47.9643,67300
BMP,8/30/2022 00:00:00,47.9643,49.1691,47.889,48.9432,96900
BMP,8/31/2022 00:00:00,49.0938,49.0938,48.4161,48.9432,37200
BMP,9/5/2022 00:00:00,48.9432,50.7503,48.9432,49.3197,49000
BMP,9/6/2022 00:00:00,49.3197,49.395,48.5667,48.9432,56200
BMP,9/7/2022 00:00:00,48.7926,48.7926,46.6843,46.6843,121000
BMP,9/8/2022 00:00:00,46.9102,47.2867,46.0819,46.0819,101900
BMP,9/9/2022 00:00:00,46.3078,46.8349,45.9313,46.609,62800
BMP,9/12/2022 00:00:00,46.7596,48.1149,46.3831,46.3831,28200
BMP,9/13/2022 00:00:00,46.3831,47.0608,46.3078,47.0608,28200
BMP,9/14/2022 00:00:00,46.0066,46.9102,45.9313,46.8349,49800
BMP,9/15/2022 00:00:00,46.8349,47.9643,46.8349,47.3619,73900
BMP,9/16/2022 00:00:00,47.3619,47.4372,46.3078,46.9102,35000
BMP,9/19/2022 00:00:00,46.9102,47.4372,45.9313,46.0066,40700
BMP,9/20/2022 00:00:00,46.609,46.609,45.5548,46.0066,43000
BMP,9/21/2022 00:00:00,45.5548,46.4584,45.4795,46.0819,30700
BMP,9/22/2022 00:00:00,45.0277,45.9313,44.4254,45.4042,91800
BMP,9/23/2022 00:00:00,45.4042,45.4795,44.9524,45.103,86900
BMP,9/26/2022 00:00:00,44.5007,45.1783,43.2959,44.0489,78500
BMP,9/27/2022 00:00:00,43.4465,44.576,43.4465,44.4254,53800
BMP,9/28/2022 00:00:00,44.4254,44.4254,43.07,43.2959,9800
BMP,9/29/2022 00:00:00,43.4465,44.2748,43.2959,43.2959,26200
BMP,9/30/2022 00:00:00,42.6182,43.3712,41.4135,43.3712,64100
BMP,10/3/2022 00:00:00,43.2206,44.0489,41.4135,41.4888,78400
BMP,10/4/2022 00:00:00,41.79,41.8653,40.7358,41.4135,25900
BMP,10/5/2022 00:00:00,41.4135,42.317,41.2629,42.2417,21900
BMP,10/6/2022 00:00:00,41.79,42.9194,41.79,42.6182,101300
BMP,10/7/2022 00:00:00,41.6394,42.6182,41.4135,42.1664,60700
BMP,10/10/2022 00:00:00,42.1664,42.9947,42.1664,42.8441,32900
BMP,10/11/2022 00:00:00,42.8441,43.07,41.037,41.037,27200
BMP,10/12/2022 00:00:00,41.037,42.5429,41.037,42.5429,18900
BMP,10/13/2022 00:00:00,42.8441,44.0489,42.7688,43.823,50500
BMP,10/14/2022 00:00:00,44.0489,44.8018,43.823,44.6513,34700
BMP,10/17/2022 00:00:00,42.9947,45.1783,42.9947,44.3501,26400
BMP,10/18/2022 00:00:00,45.103,45.5548,44.4254,45.5548,59200
BMP,10/19/2022 00:00:00,45.5548,45.856,44.7265,45.2536,52800
BMP,10/20/2022 00:00:00,45.7054,45.856,45.0277,45.856,49500
BMP,10/21/2022 00:00:00,45.856,45.856,44.1242,45.0277,69800
BMP,10/24/2022 00:00:00,46.0819,46.0819,42.7688,45.0277,49600
BMP,10/25/2022 00:00:00,45.1783,46.0066,44.7265,45.4795,55200
BMP,10/26/2022 00:00:00,46.7495,48.3369,46.1145,46.8288,130100
BMP,10/27/2022 00:00:00,46.1145,50.083,46.1145,50.083,133000
BMP,10/28/2022 00:00:00,50.083,50.6386,49.2893,49.2893,43200
BMP,10/31/2022 00:00:00,49.8449,49.8449,47.305,48.4162,57900
BMP,11/1/2022 00:00:00,48.9718,51.7498,48.9718,51.7498,381400
BMP,11/2/2022 00:00:00,53.0198,53.0198,49.7655,49.7655,110200
BMP,11/3/2022 00:00:00,49.21,50.7974,48.8131,48.8131,111000
BMP,11/4/2022 00:00:00,48.6544,49.4481,47.7019,48.4162,146400
BMP,11/7/2022 00:00:00,47.4638,48.8925,45.0827,45.0827,199100
BMP,11/8/2022 00:00:00,43.2571,45.0827,41.9872,42.0666,228100
BMP,11/9/2022 00:00:00,42.0666,45.0033,42.0666,44.0508,84200
BMP,11/10/2022 00:00:00,43.9715,43.9715,41.0348,41.0348,115500
BMP,11/11/2022 00:00:00,43.5746,43.5746,38.1774,41.4316,191900
BMP,11/14/2022 00:00:00,40.876,41.6697,40.0823,41.6697,110900
BMP,11/15/2022 00:00:00,40.5585,41.5903,40.241,41.2729,262700
BMP,11/16/2022 00:00:00,41.1935,43.0984,40.241,42.8603,50700
BMP,11/17/2022 00:00:00,43.3365,44.0508,42.0666,43.9715,38500
BMP,11/18/2022 00:00:00,43.3365,43.3365,41.3522,42.6222,57600
BMP,11/21/2022 00:00:00,43.2571,43.2571,42.5428,42.7809,44800
BMP,11/22/2022 00:00:00,43.4159,43.4952,42.8603,43.4952,123800
BMP,11/23/2022 00:00:00,43.654,43.654,41.4316,41.6697,72100
BMP,11/24/2022 00:00:00,41.511,41.9078,41.2729,41.2729,15800
BMP,11/25/2022 00:00:00,41.3522,43.4952,41.2729,42.8603,68200
BMP,11/28/2022 00:00:00,44.1302,44.3683,42.9397,43.654,62700
BMP,11/29/2022 00:00:00,42.8603,44.0508,42.7015,44.0508,122900
BMP,11/30/2022 00:00:00,44.6858,47.0669,43.654,47.0669,117800
BMP,12/1/2022 00:00:00,47.0669,48.3369,46.432,46.432,36200
BMP,12/2/2022 00:00:00,45.4795,45.9557,44.4477,45.2414,102500
BMP,12/5/2022 00:00:00,44.8446,46.0351,44.8446,45.5589,69900
BMP,12/6/2022 00:00:00,44.8446,44.9239,43.7334,43.7334,71200
BMP,12/7/2022 00:00:00,43.7334,45.2414,43.654,44.9239,113700
BMP,12/8/2022 00:00:00,45.5589,46.7495,45.0033,46.5113,80800
BMP,12/9/2022 00:00:00,46.5113,46.8288,45.7176,46.5113,104400
BMP,12/12/2022 00:00:00,47.2257,47.2257,44.9239,44.9239,119900
BMP,12/13/2022 00:00:00,45.2414,45.5589,43.654,45.0827,39600
BMP,12/14/2022 00:00:00,45.6383,45.6383,44.8446,45.4795,32300
BMP,12/15/2022 00:00:00,45.5589,46.6701,44.8446,46.3526,107600
BMP,12/16/2022 00:00:00,46.3526,47.2257,45.4002,46.8288,103200
BMP,12/19/2022 00:00:00,46.432,47.7813,46.432,47.6225,36800
BMP,12/20/2022 00:00:00,47.2257,47.6225,46.1145,46.6701,68300
BMP,12/21/2022 00:00:00,47.5432,47.6225,46.8288,47.1463,60500
BMP,12/22/2022 00:00:00,47.1463,48.0194,47.1463,47.7019,53800
BMP,12/23/2022 00:00:00,48.2575,48.2575,47.6225,48.0988,21100
BMP,12/26/2022 00:00:00,46.9876,48.7337,46.9876,47.3844,62800
BMP,12/27/2022 00:00:00,45.4795,48.7337,45.4002,47.94,25400
BMP,12/28/2022 00:00:00,48.1781,48.4956,45.6383,48.4956,71000
BMP,12/29/2022 00:00:00,47.6225,49.0512,47.6225,47.7019,92900
BMP,12/30/2022 00:00:00,47.7019,48.0194,47.5432,47.6225,17900
BMP,1/3/2023 00:00:00,47.2257,48.9718,47.2257,48.9718,65900
BMP,1/4/2023 00:00:00,49.1306,49.1306,48.2575,48.2575,6000
BMP,1/5/2023 00:00:00,48.2575,48.8131,48.2575,48.4162,42100
BMP,1/6/2023 00:00:00,47.5432,48.8131,47.5432,48.4162,4600
BMP,1/9/2023 00:00:00,47.7019,48.9718,47.6225,48.9718,35700
BMP,1/10/2023 00:00:00,49.21,49.21,48.7337,48.8925,61500
BMP,1/11/2023 00:00:00,48.8925,48.8925,47.94,48.0988,48800
BMP,1/12/2023 00:00:00,47.8606,48.3369,47.6225,47.94,13600
BMP,1/13/2023 00:00:00,47.7019,48.1781,47.5432,48.0988,133800
BMP,1/16/2023 00:00:00,48.0988,49.2893,47.6225,49.21,113400
BMP,1/17/2023 00:00:00,52.5435,52.6229,50.8767,51.1942,428600
BMP,1/18/2023 00:00:00,51.1149,51.1149,50.4005,50.4005,48800
BMP,1/19/2023 00:00:00,50.0037,50.7974,50.0037,50.3211,39800
BMP,1/27/2023 00:00:00,50.7974,51.2736,50.4005,50.718,168300
BMP,1/30/2023 00:00:00,50.9561,54.0516,50.7974,53.3372,409600
BMP,1/31/2023 00:00:00,53.9722,53.9722,50.9561,51.5911,304200
BMP,2/1/2023 00:00:00,52.0673,52.9404,48.4956,48.8925,471000
BMP,2/2/2023 00:00:00,49.0512,49.9243,47.2257,47.6225,397800
BMP,2/3/2023 00:00:00,47.7019,47.7019,47.2257,47.305,267900
BMP,2/6/2023 00:00:00,47.305,47.305,45.8764,46.432,394000
BMP,2/7/2023 00:00:00,46.7495,48.4162,46.7495,47.0669,138700
BMP,2/8/2023 00:00:00,47.2257,49.0512,47.2257,48.4162,167700
BMP,2/9/2023 00:00:00,48.8131,48.8131,48.0988,48.2575,123400
BMP,2/10/2023 00:00:00,47.7019,48.4162,47.6225,47.6225,113000
BMP,2/13/2023 00:00:00,47.2257,47.6225,46.9082,46.9876,173000
BMP,2/14/2023 00:00:00,47.1463,49.21,47.1463,49.21,113000
BMP,2/15/2023 00:00:00,49.1306,50.4005,48.575,49.21,66200
BMP,2/16/2023 00:00:00,49.21,49.6068,48.575,49.6068,121300
BMP,2/17/2023 00:00:00,49.21,49.3687,48.2575,48.2575,75800
BMP,2/20/2023 00:00:00,49.0512,49.0512,48.0194,48.575,31500
BMP,2/21/2023 00:00:00,48.9718,49.21,48.2575,49.0512,69900
BMP,2/22/2023 00:00:00,49.0512,49.0512,48.0988,48.4162,64800
BMP,2/23/2023 00:00:00,48.0988,48.3369,47.4638,48.3369,99100
BMP,2/24/2023 00:00:00,48.3369,48.3369,47.6225,47.7019,31000
BMP,2/27/2023 00:00:00,47.305,47.6225,46.9876,47.4638,180100
BMP,2/28/2023 00:00:00,47.8606,48.0194,47.4638,47.4638,23300
BMP,3/1/2023 00:00:00,47.8606,48.575,47.1463,48.575,22500
BMP,3/2/2023 00:00:00,48.575,49.21,48.2575,48.2575,8500
BMP,3/3/2023 00:00:00,48.2575,48.4162,47.4638,47.5432,30200
BMP,3/6/2023 00:00:00,48.0194,48.0194,47.2257,47.3844,127000
BMP,3/7/2023 00:00:00,47.305,47.7813,47.1463,47.6225,112100
BMP,3/8/2023 00:00:00,47.6225,47.7019,46.8288,47.7019,25600
BMP,3/9/2023 00:00:00,47.6225,47.6225,47.2257,47.2257,87800
BMP,3/10/2023 00:00:00,47.0669,47.0669,46.7495,46.9082,82300
BMP,3/13/2023 00:00:00,47.0669,47.0669,46.432,46.432,39600
BMP,3/14/2023 00:00:00,46.432,46.432,45.8764,45.8764,100900
BMP,3/15/2023 00:00:00,46.1145,46.9082,46.1145,46.432,27400
BMP,3/16/2023 00:00:00,46.7495,46.7495,44.4477,45.3208,63300
BMP,3/17/2023 00:00:00,46.0351,46.0351,44.6064,45.5589,69200
BMP,3/20/2023 00:00:00,45.6383,45.9557,45.4002,45.5589,32300
BMP,3/21/2023 00:00:00,45.6383,45.9557,45.5589,45.797,15600
BMP,3/22/2023 00:00:00,45.9557,46.5907,45.797,46.2732,19100
BMP,3/23/2023 00:00:00,46.2732,46.2732,45.3208,46.1145,26000
BMP,3/24/2023 00:00:00,46.0351,46.0351,45.4795,45.6383,133500
BMP,3/27/2023 00:00:00,45.6383,46.7495,45.6383,46.5907,48400
BMP,3/28/2023 00:00:00,46.432,46.5907,46.1145,46.3526,12500
BMP,3/29/2023 00:00:00,46.432,46.5907,46.1145,46.2732,15800
BMP,3/30/2023 00:00:00,46.2732,46.432,46.0351,46.1145,39900
BMP,3/31/2023 00:00:00,46.0351,46.3526,45.6383,46.3526,56400
BMP,4/3/2023 00:00:00,46.3526,46.5113,46.1145,46.5113,66200
BMP,4/4/2023 00:00:00,46.5113,47.3844,46.5113,47.305,47100
BMP,4/5/2023 00:00:00,47.305,48.3369,47.305,47.8606,70200
BMP,4/6/2023 00:00:00,47.6225,48.575,47.6225,48.1781,88100
BMP,4/7/2023 00:00:00,48.8131,49.7655,48.4162,49.7655,141700
BMP,4/10/2023 00:00:00,51.1942,51.1942,49.2893,49.3687,77700
BMP,4/11/2023 00:00:00,49.3687,50.718,49.3687,49.4481,22600
BMP,4/12/2023 00:00:00,50.2418,50.2418,49.6862,49.7655,39000
BMP,4/13/2023 00:00:00,49.8449,50.0037,49.0512,49.3687,52200
BMP,4/14/2023 00:00:00,49.9243,49.9243,49.2893,49.5274,51000
BMP,4/17/2023 00:00:00,49.6068,49.7655,49.3687,49.4481,74100
BMP,4/18/2023 00:00:00,49.5274,49.5274,49.21,49.3687,52300
BMP,4/19/2023 00:00:00,49.21,52.7816,49.21,52.7816,1.0265e+006
BMP,4/20/2023 00:00:00,54.3691,55.5596,53.9722,55.0834,572400
BMP,4/21/2023 00:00:00,55.4803,58.7345,55.1628,58.7345,566600
BMP,4/24/2023 00:00:00,58.6551,59.2107,57.782,58.7345,480000
BMP,4/25/2023 00:00:00,58.7345,58.7345,56.9089,57.3852,758000
BMP,4/26/2023 00:00:00,57.3852,61.3537,56.9089,61.3537,864000
BMP,4/27/2023 00:00:00,62.703,65.0841,62.068,62.3855,506000
BMP,4/28/2023 00:00:00,61.6712,62.3061,61.2743,61.4331,389400
BMP,5/4/2023 00:00:00,61.9093,65.7191,61.8299,65.4016,557100
BMP,5/5/2023 00:00:00,66.5128,66.5128,63.8936,64.6873,411700
BMP,5/8/2023 00:00:00,64.6873,65.481,63.8936,64.7666,275100
BMP,5/9/2023 00:00:00,64.7666,64.7666,62.3061,64.2111,623900
BMP,5/10/2023 00:00:00,64.2904,65.8778,63.4967,65.4016,349900
BMP,5/11/2023 00:00:00,65.2429,67.4653,64.9254,65.7191,459200
BMP,5/12/2023 00:00:00,65.7191,66.0366,64.9254,65.2429,202500
BMP,5/15/2023 00:00:00,65.8778,67.0684,65.2429,65.7985,295100
BMP,5/16/2023 00:00:00,65.7191,69.0527,65.6397,68.9733,796000
BMP,5/17/2023 00:00:00,68.259,69.0527,67.4653,67.4653,350900
BMP,5/18/2023 00:00:00,67.8621,68.6558,66.5128,67.4653,375800
BMP,5/19/2023 00:00:00,67.4653,67.7192,63.5714,63.91,691600
BMP,5/22/2023 00:00:00,64.2486,65.4337,62.6403,64.6718,376300
BMP,5/23/2023 00:00:00,65.5183,65.8569,64.2486,64.2486,222700
BMP,5/24/2023 00:00:00,64.1639,64.3332,62.8096,62.8942,330400
BMP,5/25/2023 00:00:00,62.1324,67.296,62.1324,66.3648,798700
BMP,5/26/2023 00:00:00,66.0262,67.3806,65.0951,65.6876,314800
BMP,5/29/2023 00:00:00,66.4495,68.481,65.7723,66.2802,280900
BMP,5/30/2023 00:00:00,66.2802,67.5499,66.0262,66.8727,380500
BMP,5/31/2023 00:00:00,66.5341,69.0736,66.5341,67.5499,338800
BMP,6/1/2023 00:00:00,67.8039,67.8039,66.2802,66.4495,209500
BMP,6/2/2023 00:00:00,66.1109,66.4495,64.0793,64.3332,666100
BMP,6/5/2023 00:00:00,64.6718,65.0104,63.0635,63.3175,431600
BMP,6/6/2023 00:00:00,63.8254,66.3648,63.8254,66.3648,499700
BMP,6/7/2023 00:00:00,66.2802,66.7034,65.6876,66.5341,252700
BMP,6/8/2023 00:00:00,66.6188,70.6819,66.6188,69.9201,747800
BMP,6/9/2023 00:00:00,70.9359,74.7451,69.9201,74.7451,696000
BMP,6/12/2023 00:00:00,74.8297,78.7236,74.4911,76.0995,574000
BMP,6/13/2023 00:00:00,77.1152,77.8771,75.4223,77.8771,357700
BMP,6/14/2023 00:00:00,77.8771,77.8771,74.4911,74.4911,253500
BMP,6/15/2023 00:00:00,74.4911,76.0148,72.7981,76.0148,211400
BMP,6/16/2023 00:00:00,76.8613,77.0306,74.4911,75.6762,242200
BMP,6/19/2023 00:00:00,75.3376,75.3376,73.306,73.3907,203800
BMP,6/20/2023 00:00:00,72.6288,75.3376,71.867,74.5758,396300
BMP,6/21/2023 00:00:00,74.5758,75.1683,73.2214,74.7451,301100
BMP,6/22/2023 00:00:00,75.253,75.253,73.6446,73.6446,170800
BMP,6/23/2023 00:00:00,74.0679,75.4223,73.6446,75.4223,251000
BMP,6/26/2023 00:00:00,75.6762,79.1468,73.6446,79.1468,563600
BMP,6/27/2023 00:00:00,79.9933,79.9933,77.6231,78.131,213400
BMP,6/28/2023 00:00:00,78.3003,79.0622,77.6231,77.7924,126800
BMP,6/29/2023 00:00:00,77.0306,77.3692,75.3376,75.3376,449800
BMP,6/30/2023 00:00:00,74.8297,78.5543,74.8297,78.2157,209900
BMP,7/3/2023 00:00:00,79.5701,79.5701,77.8771,78.2157,125300
BMP,7/4/2023 00:00:00,77.1999,78.2157,76.5227,77.5385,253700
BMP,7/5/2023 00:00:00,78.2157,79.2315,77.4538,77.4538,261200
BMP,7/6/2023 00:00:00,78.131,78.6389,77.0306,78.131,189400
BMP,7/7/2023 00:00:00,78.5543,83.5486,77.7924,79.5701,429200
BMP,7/10/2023 00:00:00,80.1626,80.4166,78.9775,79.5701,215600
BMP,7/11/2023 00:00:00,80.078,80.1626,77.9617,78.8082,227500
BMP,7/12/2023 00:00:00,78.8929,79.1468,78.3003,78.8082,253400
BMP,7/13/2023 00:00:00,79.4854,83.2946,78.8082,80.3319,313400
BMP,7/14/2023 00:00:00,81.0091,81.0091,79.1468,80.4166,255700
BMP,7/17/2023 00:00:00,80.5012,80.7551,79.6547,80.4166,163800
BMP,7/18/2023 00:00:00,80.4166,80.4166,79.9933,80.4166,131100
BMP,7/19/2023 00:00:00,80.4166,86.0034,78.6389,86.0034,536700
BMP,7/20/2023 00:00:00,88.7122,88.7122,86.0034,86.9345,304000
BMP,7/21/2023 00:00:00,86.9345,86.9345,83.4639,85.3262,527200
BMP,7/24/2023 00:00:00,84.649,87.1885,83.8025,86.342,212500
BMP,7/25/2023 00:00:00,87.1885,90.0665,85.4955,87.1885,579100
BMP,7/26/2023 00:00:00,86.8499,86.8499,85.4955,86.342,84000
BMP,7/27/2023 00:00:00,86.342,87.1885,81.263,83.8025,288800
BMP,7/28/2023 00:00:00,83.21,83.8025,82.3635,82.956,247600
BMP,7/31/2023 00:00:00,82.1095,83.3793,80.6705,82.956,474000
BMP,8/1/2023 00:00:00,83.1253,84.1411,81.9402,81.9402,188600
BMP,8/2/2023 00:00:00,80.5859,82.1095,80.5859,81.0938,460200
BMP,8/3/2023 00:00:00,80.5012,81.6863,75.7609,75.7609,856700
BMP,8/4/2023 00:00:00,76.9459,77.3692,73.56,74.4065,588100
BMP,8/7/2023 00:00:00,75.3376,75.7609,74.2372,75.7609,279800
BMP,8/8/2023 00:00:00,75.8455,78.5543,75.8455,78.5543,641000
BMP,8/9/2023 00:00:00,78.8082,79.1468,77.3692,77.3692,242200
BMP,8/10/2023 00:00:00,77.3692,77.8771,75.1683,75.5916,344000
BMP,8/11/2023 00:00:00,76.0995,76.0995,73.8139,74.1525,450700
BMP,8/14/2023 00:00:00,74.2372,75.8455,74.2372,75.253,118200
BMP,8/15/2023 00:00:00,76.0995,76.5227,75.1683,76.5227,225000
BMP,8/16/2023 00:00:00,76.7766,76.7766,74.7451,75.1683,196100
BMP,8/17/2023 00:00:00,75.1683,75.1683,72.2903,72.2903,621900
BMP,8/18/2023 00:00:00,71.5284,73.56,71.1052,72.5442,348500
BMP,8/21/2023 00:00:00,72.7981,73.3907,71.2745,72.3749,174500
BMP,8/22/2023 00:00:00,72.3749,72.4595,70.0047,71.9517,242800
BMP,8/23/2023 00:00:00,72.7981,72.7981,70.2587,70.2587,156300
BMP,8/24/2023 00:00:00,70.3433,71.867,69.9201,71.0205,190500
BMP,8/25/2023 00:00:00,71.5284,74.8297,70.6819,74.7451,429100
BMP,8/28/2023 00:00:00,75.3376,75.7609,73.6446,74.0679,164600
BMP,8/29/2023 00:00:00,74.7451,77.0306,74.5758,76.1841,267900
BMP,8/30/2023 00:00:00,77.0306,77.0306,74.9144,75.5069,155500
BMP,8/31/2023 00:00:00,75.6762,76.6074,74.4911,74.5758,262800
BMP,9/5/2023 00:00:00,74.9144,74.9144,73.9832,74.1525,299300
BMP,9/6/2023 00:00:00,74.4911,79.3161,74.4911,79.3161,727000
BMP,9/7/2023 00:00:00,80.9244,81.8556,79.4008,79.9087,361100
BMP,9/8/2023 00:00:00,79.9087,81.3477,79.3161,81.1784,303100
BMP,9/11/2023 00:00:00,82.0249,82.2788,78.7236,78.8082,283800
BMP,9/12/2023 00:00:00,79.1468,79.1468,76.8613,77.7078,468000
BMP,9/13/2023 00:00:00,77.7078,79.5701,77.0306,77.4538,342900
BMP,9/14/2023 00:00:00,77.8771,78.9775,74.6604,74.6604,406700
BMP,9/15/2023 00:00:00,74.7451,74.999,72.7981,73.0521,406600
BMP,9/18/2023 00:00:00,73.0521,74.0679,73.0521,73.8139,117500
BMP,9/19/2023 00:00:00,73.2214,74.2372,73.2214,73.7293,131000
BMP,9/20/2023 00:00:00,74.3218,76.5227,72.7981,76.1841,233300
BMP,9/21/2023 00:00:00,76.1841,77.6231,76.1841,76.9459,219400
BMP,9/22/2023 00:00:00,76.0995,76.0995,73.8139,74.9144,242400
BMP,9/25/2023 00:00:00,75.1683,76.1841,71.9517,72.0363,252600
BMP,9/26/2023 00:00:00,72.1209,73.9832,70.6819,72.2056,221400
BMP,9/27/2023 00:00:00,71.6131,73.6446,71.5284,73.6446,180800
BMP,9/28/2023 00:00:00,73.6446,73.8986,72.7981,73.8986,97100
BMP,9/29/2023 00:00:00,73.8986,74.4065,72.7135,72.7981,178700
BMP,10/2/2023 00:00:00,73.2214,73.9832,73.0521,73.3907,73800
BMP,10/3/2023 00:00:00,73.4753,73.4753,70.7666,70.9359,233000
BMP,10/4/2023 00:00:00,70.6819,72.3749,70.428,71.6977,149000
BMP,10/5/2023 00:00:00,71.6977,74.3218,71.6977,73.306,145200
BMP,10/6/2023 00:00:00,72.9674,75.0837,72.9674,74.999,134400
BMP,10/9/2023 00:00:00,74.4911,76.6074,74.4911,74.999,173100
BMP,10/10/2023 00:00:00,76.0995,76.6074,74.999,76.3534,182100
BMP,10/11/2023 00:00:00,76.8613,79.1468,76.3534,79.1468,351500
BMP,10/12/2023 00:00:00,79.5701,80.8398,77.6231,77.8771,374100
BMP,10/13/2023 00:00:00,78.7236,78.7236,75.3376,77.9617,280700
BMP,10/16/2023 00:00:00,77.1999,77.1999,75.4223,75.4223,476600
BMP,10/17/2023 00:00:00,75.6762,77.0306,75.1683,75.4223,154600
BMP,10/18/2023 00:00:00,75.3376,76.0148,72.7981,72.7981,310000
BMP,10/19/2023 00:00:00,72.9674,73.1367,71.6131,71.7824,163400
BMP,10/20/2023 00:00:00,71.9517,72.4595,70.5126,71.9517,216800
BMP,10/23/2023 00:00:00,72.6288,73.1367,70.5126,71.0205,133700
BMP,10/24/2023 00:00:00,71.867,72.3749,71.1052,72.1209,68800
BMP,10/25/2023 00:00:00,72.5442,73.7293,72.2903,73.3907,145100
BMP,10/26/2023 00:00:00,71.9517,72.8828,69.0736,69.4122,454900
BMP,10/27/2023 00:00:00,70.5126,70.5126,68.0578,70.174,249000
BMP,10/30/2023 00:00:00,70.0894,70.5973,68.6503,68.8196,110000
BMP,10/31/2023 00:00:00,68.6503,68.9043,66.0262,66.4495,218300
BMP,11/1/2023 00:00:00,66.5341,68.1424,66.3648,68.1424,120700
BMP,11/2/2023 00:00:00,69.9201,72.4595,69.9201,72.3749,279000
BMP,11/3/2023 00:00:00,73.2214,75.0837,72.3749,74.4911,284300
BMP,11/6/2023 00:00:00,74.9144,75.7609,74.4911,75.253,205800
BMP,11/7/2023 00:00:00,75.5069,77.4538,74.4911,77.0306,349400
BMP,11/8/2023 00:00:00,77.7078,79.5701,77.7078,79.5701,434700
BMP,11/9/2023 00:00:00,80.1626,80.5012,78.8929,79.5701,501300
BMP,11/10/2023 00:00:00,79.1468,81.7709,78.7236,80.6705,518700
BMP,11/13/2023 00:00:00,81.0091,82.1095,80.6705,82.1095,419300
BMP,11/14/2023 00:00:00,82.1095,82.4481,79.6547,80.9244,460000
BMP,11/15/2023 00:00:00,80.5012,81.517,79.4854,81.517,439300
BMP,11/16/2023 00:00:00,81.6016,81.6016,80.3319,80.4166,239800
BMP,11/17/2023 00:00:00,80.5012,81.517,78.9775,81.263,475600
BMP,11/20/2023 00:00:00,81.263,82.0802,80.8091,81.6262,213600
BMP,11/21/2023 00:00:00,81.717,85.2581,81.0815,85.2581,532400
BMP,11/22/2023 00:00:00,84.6225,85.1673,83.533,83.9869,176300
BMP,11/23/2023 00:00:00,83.7146,84.3501,78.176,78.176,316800
BMP,11/24/2023 00:00:00,78.5391,81.0815,78.0852,80.8091,318500
BMP,11/27/2023 00:00:00,80.8091,80.9907,79.3563,79.3563,108800
BMP,11/28/2023 00:00:00,79.3563,79.3563,76.36,78.4483,270800
BMP,11/29/2023 00:00:00,79.5379,79.7195,78.7207,79.3563,104500
BMP,11/30/2023 00:00:00,79.8103,79.8103,78.5391,78.8115,114300
BMP,12/1/2023 00:00:00,78.9931,79.4471,78.8115,79.1747,95800
BMP,12/4/2023 00:00:00,79.9011,83.6238,79.5379,83.6238,430800
BMP,12/5/2023 00:00:00,84.3501,84.3501,81.9894,82.5342,175400
BMP,12/6/2023 00:00:00,82.5342,83.2606,81.8078,83.2606,130800
BMP,12/7/2023 00:00:00,83.3514,83.7146,80.8091,82.7158,272400
BMP,12/8/2023 00:00:00,82.7158,83.533,81.717,83.533,140400
BMP,12/11/2023 00:00:00,83.8054,83.8054,82.3526,82.8974,95600
BMP,12/12/2023 00:00:00,82.9882,83.4422,82.2618,82.9882,79300
BMP,12/13/2023 00:00:00,83.1698,83.1698,81.8986,82.171,139600
BMP,12/14/2023 00:00:00,82.171,82.5342,81.263,81.717,113200
BMP,12/15/2023 00:00:00,81.4446,81.8078,80.8999,80.8999,82000
BMP,12/18/2023 00:00:00,80.8999,81.1722,79.9919,80.0827,86100
BMP,12/19/2023 00:00:00,79.9919,80.2643,79.1747,80.1735,84000
BMP,12/20/2023 00:00:00,80.3551,83.8961,80.2643,83.8961,356000
BMP,12/21/2023 00:00:00,83.9869,84.8949,83.533,84.8949,141100
BMP,12/22/2023 00:00:00,84.9857,90.7967,84.2593,90.7967,633600
BMP,12/25/2023 00:00:00,92.6126,95.6997,90.7967,95.6997,371900
BMP,12/26/2023 00:00:00,95.3365,96.6985,93.5206,96.0629,230900
BMP,12/27/2023 00:00:00,96.0629,96.3353,93.9746,96.2445,236100
BMP,12/28/2023 00:00:00,96.3353,99.7856,96.3353,96.4261,247000
BMP,12/29/2023 00:00:00,96.1537,96.1537,93.5206,94.701,236300
BMP,1/2/2024 00:00:00,93.793,99.4224,93.793,98.9684,236600
BMP,1/3/2024 00:00:00,98.7868,99.15,97.1525,97.1525,84500
BMP,1/4/2024 00:00:00,97.3341,98.5144,94.7918,94.7918,297500
BMP,1/5/2024 00:00:00,94.7918,94.7918,92.7034,94.0654,221100
BMP,1/8/2024 00:00:00,94.4286,97.0617,93.793,96.2445,237600
BMP,1/9/2024 00:00:00,96.2445,97.0617,93.7022,95.2457,67000
BMP,1/10/2024 00:00:00,94.0654,95.3365,94.0654,94.6102,81700
BMP,1/11/2024 00:00:00,94.6102,96.7893,94.6102,96.7893,208100
BMP,1/12/2024 00:00:00,95.1549,96.7893,94.4286,96.5169,124900
BMP,1/15/2024 00:00:00,96.6985,100.784,96.6985,97.2433,225800
BMP,1/16/2024 00:00:00,97.3341,98.0604,96.1537,98.0604,73400
BMP,1/17/2024 00:00:00,98.1512,99.6948,97.1525,98.9684,166000
BMP,1/18/2024 00:00:00,98.0604,98.8776,97.6065,98.8776,86700
BMP,1/19/2024 00:00:00,97.6973,98.7868,97.3341,98.0604,94200
BMP,1/22/2024 00:00:00,97.8788,102.873,97.6065,102.873,204800
BMP,1/23/2024 00:00:00,102.6,102.963,100.421,101.692,83700
BMP,1/24/2024 00:00:00,100.875,100.966,98.0604,98.7868,117400
BMP,1/25/2024 00:00:00,98.7868,99.6948,92.6126,94.7918,356500
BMP,1/26/2024 00:00:00,95.2457,97.0617,92.6126,95.3365,380100
BMP,1/29/2024 00:00:00,94.6102,96.2445,94.0654,94.1562,141600
BMP,1/30/2024 00:00:00,95.3365,95.3365,93.793,94.247,115200
BMP,1/31/2024 00:00:00,95.1549,95.1549,93.1574,93.7022,141100
BMP,2/1/2024 00:00:00,95.2457,97.6973,93.8838,97.2433,279600
BMP,2/2/2024 00:00:00,97.6973,97.788,95.8813,96.5169,134200
BMP,2/5/2024 00:00:00,96.2445,98.6052,95.3365,98.0604,219100
BMP,2/6/2024 00:00:00,99.0592,99.0592,96.5169,96.6077,130600
BMP,2/7/2024 00:00:00,96.6077,97.6973,96.2445,96.2445,118800
BMP,2/15/2024 00:00:00,97.2433,97.2433,94.3378,94.4286,265100
BMP,2/16/2024 00:00:00,95.3365,95.6997,94.6102,94.8826,87000
BMP,2/19/2024 00:00:00,94.8826,95.0641,93.5206,94.1562,251300
BMP,2/20/2024 00:00:00,95.3365,95.3365,94.1562,94.4286,107900
BMP,2/21/2024 00:00:00,94.4286,95.7905,94.4286,95.4273,141600
BMP,2/22/2024 00:00:00,96.6985,101.692,96.2445,99.8764,669900
BMP,2/23/2024 00:00:00,101.602,105.778,100.512,104.87,490300
BMP,2/26/2024 00:00:00,105.324,108.411,103.962,108.048,341100
BMP,2/27/2024 00:00:00,108.048,108.048,104.325,106.323,294400
BMP,2/28/2024 00:00:00,107.412,107.412,102.691,103.054,357000
BMP,2/29/2024 00:00:00,103.145,106.959,102.691,106.232,482700
BMP,3/1/2024 00:00:00,106.051,106.051,103.508,104.416,207100
BMP,3/4/2024 00:00:00,104.325,105.324,103.327,103.508,218400
BMP,3/5/2024 00:00:00,103.508,106.323,102.873,105.324,299700
BMP,3/6/2024 00:00:00,105.597,106.141,103.327,103.599,142900
BMP,3/7/2024 00:00:00,103.508,106.141,103.236,105.869,257200
BMP,3/8/2024 00:00:00,105.869,106.051,102.509,102.6,406300
BMP,3/11/2024 00:00:00,102.6,104.235,102.146,102.237,150900
BMP,3/12/2024 00:00:00,102.509,105.324,102.509,105.324,352900
BMP,3/13/2024 00:00:00,105.96,108.865,105.415,105.415,384400
BMP,3/14/2024 00:00:00,107.14,107.231,103.69,103.69,283900
BMP,3/15/2024 00:00:00,103.781,104.053,102.419,103.236,234900
BMP,3/18/2024 00:00:00,103.871,103.962,97.1525,99.0592,328900
BMP,3/19/2024 00:00:00,101.874,101.874,99.5132,99.8764,94700
BMP,3/20/2024 00:00:00,99.4224,100.966,98.9684,100.421,167300
BMP,3/21/2024 00:00:00,101.42,102.6,100.875,101.057,135800
BMP,3/22/2024 00:00:00,102.6,102.6,100.784,100.875,187400
BMP,3/25/2024 00:00:00,100.875,100.875,98.696,98.9684,302700
BMP,3/26/2024 00:00:00,98.9684,98.9684,97.9696,98.5144,159300
BMP,3/27/2024 00:00:00,99.4224,102.055,98.9684,102.055,328700
BMP,3/28/2024 00:00:00,102.6,103.417,102.328,102.6,169500
BMP,3/29/2024 00:00:00,102.6,102.6,99.8764,99.8764,260100
BMP,4/1/2024 00:00:00,99.8764,102.419,99.0592,101.874,167800
BMP,4/2/2024 00:00:00,101.965,105.778,101.238,105.052,410300
BMP,4/3/2024 00:00:00,105.052,106.141,103.054,103.962,206700
BMP,4/4/2024 00:00:00,103.962,105.597,102.237,105.233,239100
BMP,4/5/2024 00:00:00,103.054,104.507,101.692,101.692,294100
BMP,4/8/2024 00:00:00,101.783,104.416,101.057,101.42,102700
BMP,4/9/2024 00:00:00,101.42,104.235,101.42,103.508,172900
BMP,4/10/2024 00:00:00,103.599,104.235,102.328,102.419,98100
BMP,4/11/2024 00:00:00,102.055,103.145,101.42,102.146,146000
BMP,4/12/2024 00:00:00,102.237,109.228,102.237,109.228,771000
BMP,4/15/2024 00:00:00,111.68,114.404,104.416,106.232,256000
BMP,4/16/2024 00:00:00,108.048,109.047,103.508,106.141,319300
BMP,4/17/2024 00:00:00,107.503,107.503,102.691,102.782,306700
BMP,4/19/2024 00:00:00,100.784,100.966,95.6089,95.6089,814700
BMP,4/22/2024 00:00:00,95.6089,97.6065,95.6089,96.2445,289100
BMP,4/23/2024 00:00:00,97.6973,98.0604,95.6089,97.1525,206200
BMP,4/24/2024 00:00:00,97.2433,100.058,97.2433,99.7856,205700
BMP,4/25/2024 00:00:00,99.7856,100.421,97.6065,98.9684,226300
BMP,4/26/2024 00:00:00,97.1525,99.0592,96.2445,98.9684,288700
BMP,5/2/2024 00:00:00,100.784,101.692,99.5132,101.148,217400
BMP,5/3/2024 00:00:00,101.692,105.324,101.692,105.324,480100
BMP,5/6/2024 00:00:00,106.232,106.414,104.325,105.324,158600
BMP,5/7/2024 00:00:00,106.051,106.232,103.962,106.232,264900
BMP,5/8/2024 00:00:00,106.232,106.232,104.689,104.689,228400
BMP,5/9/2024 00:00:00,105.324,107.957,105.324,105.324,365800
BMP,5/10/2024 00:00:00,105.324,106.232,105.324,105.324,130700
BMP,5/13/2024 00:00:00,106.868,107.594,105.778,106.595,177100
BMP,5/14/2024 00:00:00,107.14,107.322,105.415,105.597,203600
BMP,5/15/2024 00:00:00,106.595,108.048,104.961,108.048,308300
BMP,5/16/2024 00:00:00,108.956,109.864,108.139,108.139,297500
BMP,5/17/2024 00:00:00,108.139,109.766,107.947,107.947,267500
BMP,5/20/2024 00:00:00,108.043,108.617,105.842,106.608,307600
BMP,5/21/2024 00:00:00,106.608,106.608,104.311,104.885,333600
BMP,5/22/2024 00:00:00,105.842,106.034,104.885,104.885,162800
BMP,5/23/2024 00:00:00,104.407,107.182,104.311,107.182,161300
BMP,5/24/2024 00:00:00,107.182,107.182,104.311,105.077,157900
BMP,5/27/2024 00:00:00,104.789,105.938,104.789,105.268,76700
BMP,5/28/2024 00:00:00,107.66,107.66,105.746,106.225,126900
BMP,5/29/2024 00:00:00,106.321,106.321,104.407,104.407,128900
BMP,5/30/2024 00:00:00,103.832,104.789,103.641,104.12,103200
BMP,5/31/2024 00:00:00,104.598,104.789,103.45,103.45,89800
BMP,6/3/2024 00:00:00,104.502,104.502,103.45,103.641,111700
BMP,6/4/2024 00:00:00,104.024,106.225,103.737,105.746,162100
BMP,6/5/2024 00:00:00,105.746,107.66,105.459,107.182,334700
BMP,6/6/2024 00:00:00,108.139,108.139,105.555,105.651,149500
BMP,6/7/2024 00:00:00,106.225,106.416,104.311,104.311,169500
BMP,6/10/2024 00:00:00,104.407,105.268,103.928,104.12,143700
BMP,6/11/2024 00:00:00,104.12,104.502,103.545,103.641,138500
BMP,6/12/2024 00:00:00,103.641,103.641,102.397,102.78,234300
BMP,6/13/2024 00:00:00,103.354,103.832,102.397,102.397,211600
BMP,6/14/2024 00:00:00,102.397,103.641,102.397,102.397,160200
BMP,6/17/2024 00:00:00,102.684,103.45,101.249,101.249,189700
BMP,6/18/2024 00:00:00,100.962,102.397,100.962,102.397,97000
BMP,6/19/2024 00:00:00,102.397,103.832,102.397,103.832,141000
BMP,6/20/2024 00:00:00,104.024,105.268,103.545,105.077,241500
BMP,6/21/2024 00:00:00,104.789,104.789,102.875,102.875,215600
BMP,6/24/2024 00:00:00,103.258,103.258,100.483,100.579,187600
BMP,6/25/2024 00:00:00,100.579,101.536,100.196,100.196,203500
BMP,6/26/2024 00:00:00,100.196,100.483,98.5691,100.005,146300
BMP,6/27/2024 00:00:00,100.387,100.387,98.5691,98.5691,116300
BMP,6/28/2024 00:00:00,98.5691,99.7174,95.6981,95.6981,250000
BMP,7/1/2024 00:00:00,95.6981,95.7938,93.3057,94.7411,240600
BMP,7/2/2024 00:00:00,93.8799,96.6551,93.4971,94.2626,258900
BMP,7/3/2024 00:00:00,93.9755,96.6551,93.8799,96.6551,154000
BMP,7/4/2024 00:00:00,96.9422,97.1336,95.6981,95.8895,85300
BMP,7/5/2024 00:00:00,96.368,96.4637,94.8368,94.9325,94200
BMP,7/8/2024 00:00:00,94.8368,94.9325,93.3057,93.7841,158300
BMP,7/9/2024 00:00:00,95.0282,95.0282,93.8799,94.0712,257600
BMP,7/10/2024 00:00:00,94.0712,94.9325,93.7841,93.7841,189200
BMP,7/11/2024 00:00:00,94.3583,94.5497,93.1143,93.21,220100
BMP,7/12/2024 00:00:00,93.4971,93.8799,93.21,93.3057,96300
BMP,7/15/2024 00:00:00,93.3057,94.2626,92.0616,92.0616,212200
BMP,7/16/2024 00:00:00,92.0616,92.5401,91.9659,92.253,176100
BMP,7/17/2024 00:00:00,97.6121,97.6121,93.7841,94.3583,665700
BMP,7/18/2024 00:00:00,94.8368,95.2196,94.3583,94.7411,144800
BMP,7/19/2024 00:00:00,95.0282,95.2196,93.0186,93.1143,218200
BMP,7/22/2024 00:00:00,93.1143,93.21,91.1046,92.3487,185000
BMP,7/23/2024 00:00:00,92.3487,93.3057,88.9992,89.5734,194100
BMP,7/24/2024 00:00:00,89.6691,91.3917,88.7122,89.6691,249900
BMP,7/25/2024 00:00:00,89.6691,90.2433,88.9035,89.1906,91400
BMP,7/26/2024 00:00:00,89.9562,90.339,89.1906,90.339,98100
BMP,7/29/2024 00:00:00,90.7218,92.4444,90.7218,91.9659,147900
BMP,7/30/2024 00:00:00,92.3487,92.9229,90.9132,91.5831,134500
BMP,7/31/2024 00:00:00,91.4874,93.3057,91.1046,92.6358,123800
BMP,8/1/2024 00:00:00,92.8272,93.1143,90.0519,91.6788,231300
BMP,8/2/2024 00:00:00,91.6788,91.6788,89.382,91.6788,172300
BMP,8/5/2024 00:00:00,91.296,91.296,86.224,87.0853,226600
BMP,8/6/2024 00:00:00,87.5638,89.1906,87.0853,88.9992,114300
BMP,8/7/2024 00:00:00,89.4777,89.4777,88.0423,88.9035,57900
BMP,8/8/2024 00:00:00,88.9035,88.9035,88.0423,88.9035,91100
BMP,8/9/2024 00:00:00,88.9992,89.9562,88.9992,89.6691,77300
BMP,8/12/2024 00:00:00,89.8605,92.8272,89.8605,92.8272,127800
BMP,8/13/2024 00:00:00,93.6885,93.6885,91.7745,92.5401,116400
BMP,8/14/2024 00:00:00,92.6358,92.7315,91.5831,91.7745,73700
BMP,8/15/2024 00:00:00,91.7745,93.3057,91.6788,92.6358,128400
BMP,8/16/2024 00:00:00,92.6358,98.0906,92.6358,97.1336,554900
BMP,8/19/2024 00:00:00,97.6121,99.0475,96.8465,97.325,116600
BMP,8/20/2024 00:00:00,97.325,98.7605,97.1336,98.1863,197500
BMP,8/21/2024 00:00:00,98.1863,100.292,97.7078,98.9519,220000
BMP,8/22/2024 00:00:00,99.8131,103.163,99.526,102.397,427300
BMP,8/23/2024 00:00:00,102.397,102.397,100.674,100.674,128700
BMP,8/26/2024 00:00:00,100.962,102.301,99.8131,100.005,181900
BMP,8/27/2024 00:00:00,99.8131,100.483,99.1432,100.292,111200
BMP,8/28/2024 00:00:00,100.387,100.674,98.6648,99.526,63900
BMP,8/29/2024 00:00:00,99.526,99.526,97.7078,98.6648,67800
BMP,8/30/2024 00:00:00,99.1432,99.526,97.7078,99.526,77500
BMP,9/4/2024 00:00:00,98.4734,99.4303,97.7078,99.3346,63600
BMP,9/5/2024 00:00:00,99.526,100.005,97.0379,97.6121,101700
BMP,9/6/2024 00:00:00,96.9422,99.9088,96.9422,99.4303,164200
BMP,9/9/2024 00:00:00,99.4303,99.526,98.0906,98.1863,50200
BMP,9/10/2024 00:00:00,98.3777,103.354,98.3777,102.206,552100
BMP,9/11/2024 00:00:00,102.206,104.311,101.153,104.12,261500
BMP,9/12/2024 00:00:00,104.311,107.66,104.12,104.311,338700
BMP,9/13/2024 00:00:00,104.502,107.182,103.832,107.086,295300
BMP,9/16/2024 00:00:00,107.182,110.723,106.99,110.149,567600
BMP,9/17/2024 00:00:00,108.139,110.723,108.139,110.723,270400
BMP,9/18/2024 00:00:00,110.531,110.531,108.139,108.809,195400
BMP,9/19/2024 00:00:00,108.809,116.369,108.139,116.369,751100
BMP,9/20/2024 00:00:00,116.752,118.666,116.656,117.326,134300
BMP,9/23/2024 00:00:00,116.752,122.398,113.881,122.398,303500
BMP,9/24/2024 00:00:00,122.589,122.589,119.144,119.144,194700
BMP,9/25/2024 00:00:00,119.144,119.527,117.517,118.187,229100
BMP,9/26/2024 00:00:00,117.996,121.824,117.613,121.824,354500
BMP,9/27/2024 00:00:00,121.441,121.441,117.613,117.996,236200
BMP,9/30/2024 00:00:00,117.134,117.134,113.115,113.498,351300
BMP,10/1/2024 00:00:00,113.402,114.838,111.967,111.967,233400
BMP,10/2/2024 00:00:00,111.967,113.881,110.531,110.531,280700
BMP,10/3/2024 00:00:00,113.881,113.881,110.914,111.201,179200
BMP,10/4/2024 00:00:00,111.297,111.393,110.531,110.818,104200
BMP,10/7/2024 00:00:00,110.914,112.062,108.043,108.809,199600
BMP,10/8/2024 00:00:00,108.904,116.369,108.904,116.369,678100
BMP,10/9/2024 00:00:00,116.369,116.369,114.168,116.369,331100
BMP,10/10/2024 00:00:00,116.369,116.465,113.594,114.742,178700
BMP,10/11/2024 00:00:00,113.211,118.57,113.211,117.613,389300
BMP,10/14/2024 00:00:00,117.709,117.709,116.273,116.752,177000
BMP,10/15/2024 00:00:00,115.795,116.752,114.072,116.752,152000
BMP,10/16/2024 00:00:00,116.752,120.58,116.369,119.527,441100
BMP,10/17/2024 00:00:00,120.58,126.13,119.718,124.408,627100
BMP,10/18/2024 00:00:00,126.226,126.226,121.154,122.876,253200
BMP,10/21/2024 00:00:00,122.876,127.566,122.494,126.8,483600
BMP,10/22/2024 00:00:00,126.8,130.054,123.546,123.546,446700
BMP,10/23/2024 00:00:00,123.546,128.235,121.728,127.757,420400
BMP,10/24/2024 00:00:00,129.097,129.097,125.556,127.278,256800
BMP,10/25/2024 00:00:00,126.609,127.374,124.216,127.087,175600
BMP,10/28/2024 00:00:00,128.618,129.862,124.79,129.862,274100
BMP,10/29/2024 00:00:00,129.862,131.585,127.757,130.054,145800
BMP,10/30/2024 00:00:00,130.054,131.394,128.905,131.394,226700
BMP,10/31/2024 00:00:00,131.872,131.872,128.523,128.714,283200
BMP,11/1/2024 00:00:00,128.81,130.245,127.853,127.948,513500
BMP,11/4/2024 00:00:00,127.948,127.948,123.546,124.408,478500
BMP,11/5/2024 00:00:00,124.599,125.365,124.312,124.599,168000
BMP,11/6/2024 00:00:00,126.704,126.704,125.556,126.322,98500
BMP,11/7/2024 00:00:00,127.278,127.47,124.408,124.982,184200
BMP,11/8/2024 00:00:00,125.556,126.322,124.408,126.322,120800
BMP,11/11/2024 00:00:00,127.183,127.278,125.365,127.278,194300
BMP,11/12/2024 00:00:00,125.843,127.278,125.843,126.8,205100
BMP,11/13/2024 00:00:00,127.5,127.5,123.7,125,163700
BMP,11/14/2024 00:00:00,124.3,125.5,122,123.5,238400
BMP,11/15/2024 00:00:00,123,123,118.9,121,178400
BMP,11/18/2024 00:00:00,121,121,115,118.6,217400
BMP,11/19/2024 00:00:00,118.5,119.9,116.2,116.6,127700
BMP,11/20/2024 00:00:00,116.9,120.6,115.5,119.6,107300
BMP,11/21/2024 00:00:00,120,120,117.7,120,66000
BMP,11/22/2024 00:00:00,122,122,119,119.5,50400
BMP,11/25/2024 00:00:00,119.5,119.5,117.5,117.6,92100
BMP,11/26/2024 00:00:00,117.6,120.3,117.6,120.3,96500
BMP,11/27/2024 00:00:00,120.8,120.8,119,119,72700
BMP,11/28/2024 00:00:00,119,124,118.9,123.6,268600
BMP,11/29/2024 00:00:00,124,126.5,124,126.5,310400
BMP,12/2/2024 00:00:00,128.5,128.5,124,125,203300
BMP,12/3/2024 00:00:00,124.6,124.6,123,123.4,248500
BMP,12/4/2024 00:00:00,124,128.4,123.1,127.2,347600
BMP,12/5/2024 00:00:00,125.8,132,125.8,126,266700
BMP,12/6/2024 00:00:00,126.6,128,126,126.6,201500
BMP,12/9/2024 00:00:00,127,128.1,124.4,125.5,176800
BMP,12/10/2024 00:00:00,127,127,124.3,126,145200
BMP,12/11/2024 00:00:00,126.7,126.7,124.8,125.3,140500
BMP,12/12/2024 00:00:00,125,128,124.8,126.8,291800
BMP,12/13/2024 00:00:00,127,127,125.3,125.6,119400
BMP,12/16/2024 00:00:00,125.6,125.9,123.5,124,141800
BMP,12/17/2024 00:00:00,123.5,124.5,122,122,253500
BMP,12/18/2024 00:00:00,122,124,121.9,124,133600
BMP,12/19/2024 00:00:00,122.2,125.2,122.2,125,231600
BMP,12/20/2024 00:00:00,125,125.8,124.2,125,149100
BMP,12/23/2024 00:00:00,125.8,133.7,125.5,133.7,965500
BMP,12/24/2024 00:00:00,135,136.9,133.7,135.2,269100
BMP,12/25/2024 00:00:00,135,137.5,131.8,137.5,333800
BMP,12/26/2024 00:00:00,137.5,137.5,133.6,133.6,130200
BMP,12/27/2024 00:00:00,134.7,134.8,130.5,134.8,341300
BMP,12/30/2024 00:00:00,134.4,134.4,132,132.7,65700
BMP,12/31/2024 00:00:00,132,135,131.1,131.1,118500
BMP,1/2/2025 00:00:00,131.2,133.7,130.9,133.1,158800
BMP,1/3/2025 00:00:00,132,135,132,133.3,188100
BMP,1/6/2025 00:00:00,132.6,133.9,130.1,131,160100
BMP,1/7/2025 00:00:00,131,136.1,130.7,134.9,329700
BMP,1/8/2025 00:00:00,135,137,133.1,137,188400
BMP,1/9/2025 00:00:00,136.5,137,134.5,135,169800
BMP,1/10/2025 00:00:00,133.3,135.4,130,130,191500
BMP,1/13/2025 00:00:00,129.2,130,127.4,128,199000
BMP,1/14/2025 00:00:00,128,129.9,124,124,257400
BMP,1/15/2025 00:00:00,125,126.1,123.1,124.6,181100
BMP,1/16/2025 00:00:00,125.2,126.9,125.1,126.8,75900
BMP,1/17/2025 00:00:00,126,127.6,125.8,127.4,97100
BMP,1/20/2025 00:00:00,127.9,127.9,125,125,195800
BMP,1/21/2025 00:00:00,125,126.7,125,125.9,114500
BMP,1/22/2025 00:00:00,125.9,126.7,125,125.2,125800
BMP,1/23/2025 00:00:00,124,125.6,123,125.6,431900
BMP,1/24/2025 00:00:00,125.2,126.8,123.6,126.8,334800
BMP,2/3/2025 00:00:00,126.8,126.8,123,123,222700
BMP,2/4/2025 00:00:00,123.1,124.2,122.4,124,181700
BMP,2/5/2025 00:00:00,124.1,124.6,123.7,124.5,71200
BMP,2/6/2025 00:00:00,124.8,124.8,123.5,123.7,89600
BMP,2/7/2025 00:00:00,124.4,124.4,123,123,144400
BMP,2/10/2025 00:00:00,122,122.2,118.9,119,276100
BMP,2/11/2025 00:00:00,118,120.6,118,119.2,159600
BMP,2/12/2025 00:00:00,119.6,120.1,119.2,119.4,62000
BMP,2/13/2025 00:00:00,119.5,119.8,119.2,119.3,51300
BMP,2/14/2025 00:00:00,119.5,120.2,118.6,118.6,94000
BMP,2/17/2025 00:00:00,118.8,121.1,118.6,118.6,170300
BMP,2/18/2025 00:00:00,119.5,119.5,117.7,117.7,184100
BMP,2/19/2025 00:00:00,117.7,118.5,117.7,118,171200
BMP,2/20/2025 00:00:00,118.1,120.2,118.1,119.4,248900
BMP,2/21/2025 00:00:00,120,120.1,118.5,118.5,182300
BMP,2/24/2025 00:00:00,118.5,119.6,117.9,119.3,111400
BMP,2/25/2025 00:00:00,119.4,119.9,118.4,118.4,152700
BMP,2/26/2025 00:00:00,118.5,122.4,118.5,121.1,365600
BMP,2/27/2025 00:00:00,122.6,122.8,120.7,121.2,160900
BMP,2/28/2025 00:00:00,121.1,121.1,119.3,119.5,177800
BMP,3/3/2025 00:00:00,119.5,121,119,119.6,157400
BMP,3/4/2025 00:00:00,119.7,121.3,119.6,120.6,216000
BMP,3/5/2025 00:00:00,121.3,126,120.6,125.9,656200
BMP,3/6/2025 00:00:00,125.5,127.5,125,125.9,298900
BMP,3/7/2025 00:00:00,126.9,126.9,124,124,241700
BMP,3/10/2025 00:00:00,124.7,124.7,121.4,122.1,263700
BMP,3/11/2025 00:00:00,121.2,124.4,120.4,124.3,206100
BMP,3/12/2025 00:00:00,125,125,122.5,122.6,124700
BMP,3/13/2025 00:00:00,123,123,120,120.3,212400
BMP,3/14/2025 00:00:00,120.2,120.9,118.1,119,343000
BMP,3/17/2025 00:00:00,118.1,119.6,118.1,119,125400
BMP,3/18/2025 00:00:00,119.8,120.5,119.8,120.2,98100
BMP,3/19/2025 00:00:00,119.2,120.2,118.9,119.5,139200
BMP,3/20/2025 00:00:00,120.5,120.5,118.8,119.5,61200
BMP,3/21/2025 00:00:00,119.9,121.4,119.8,120.8,201700
BMP,3/24/2025 00:00:00,120.9,120.9,119.6,120,63000
BMP,3/25/2025 00:00:00,119.1,120.4,119.1,119.5,98000
BMP,3/26/2025 00:00:00,120,120,118.6,119.1,127400
BMP,3/27/2025 00:00:00,119.8,119.8,118.6,119,58500
BMP,3/28/2025 00:00:00,119.7,125.5,119.5,123.4,437100
BMP,3/31/2025 00:00:00,123.4,124,119.3,119.3,163900
BMP,4/1/2025 00:00:00,119.3,122.7,119.3,122.5,234000
BMP,4/2/2025 00:00:00,122.4,122.9,121,121.4,108400
BMP,4/3/2025 00:00:00,118.5,119,113,113,660900
BMP,4/4/2025 00:00:00,105.5,117.3,105.5,114.7,310500
BMP,4/8/2025 00:00:00,113.2,113.9,106.7,106.7,445700
BMP,4/9/2025 00:00:00,100.2,114.1,100.2,114.1,429100
BMP,4/10/2025 00:00:00,122,122,120.9,122,371800
BMP,4/11/2025 00:00:00,120.8,125.2,119.3,124.8,505400
BMP,4/14/2025 00:00:00,124.7,126.2,122.7,124.8,248200
BMP,4/15/2025 00:00:00,124,127.8,122.6,124,354400
BMP,4/16/2025 00:00:00,122.8,127.5,122.5,127.4,270000
