Ticker,Date,Open,High,Low,Close,Volume
CTD,1/21/2010 00:00:00,25.3274,25.3274,24.6724,24.8907,212560
CTD,1/22/2010 00:00:00,24.4541,24.8907,24.4541,24.8907,19190
CTD,1/25/2010 00:00:00,24.0174,24.6724,23.799,23.799,33450
CTD,1/26/2010 00:00:00,24.4541,24.8907,24.4541,24.8907,67000
CTD,1/27/2010 00:00:00,24.8907,24.8907,23.799,23.799,28850
CTD,1/28/2010 00:00:00,23.799,23.799,22.7073,22.7073,30680
CTD,1/29/2010 00:00:00,22.489,23.799,22.489,23.799,105920
CTD,2/1/2010 00:00:00,24.6724,24.8907,24.4541,24.8907,110270
CTD,2/2/2010 00:00:00,24.8907,25.5458,24.8907,25.5458,77170
CTD,2/3/2010 00:00:00,25.5458,25.5458,25.1091,25.5458,26300
CTD,2/4/2010 00:00:00,25.5458,25.5458,25.3274,25.5458,58630
CTD,2/5/2010 00:00:00,25.3274,25.5458,24.8907,24.8907,82160
CTD,2/8/2010 00:00:00,24.6724,25.1091,24.6724,24.6724,39450
CTD,2/9/2010 00:00:00,24.6724,24.8907,24.2357,24.6724,51680
CTD,2/10/2010 00:00:00,24.8907,25.3274,23.5807,25.3274,69350
CTD,2/11/2010 00:00:00,25.3274,25.3274,25.3274,25.3274,27900
CTD,2/12/2010 00:00:00,25.1091,25.5458,25.1091,25.5458,22770
CTD,2/22/2010 00:00:00,25.9824,25.9824,25.3274,25.5458,92840
CTD,2/23/2010 00:00:00,25.1091,25.1091,24.8907,24.8907,32960
CTD,2/24/2010 00:00:00,24.8907,25.9824,24.8907,25.7641,206860
CTD,2/25/2010 00:00:00,26.4191,26.8558,25.9824,26.8558,272450
CTD,2/26/2010 00:00:00,27.2925,28.1658,27.2925,28.1658,308040
CTD,3/1/2010 00:00:00,28.6025,28.8209,28.1658,28.1658,112400
CTD,3/2/2010 00:00:00,28.1658,28.3842,27.9475,27.9475,88550
CTD,3/3/2010 00:00:00,28.1658,28.6025,27.9475,28.3842,141170
CTD,3/4/2010 00:00:00,28.6025,28.6025,27.9475,28.3842,116590
CTD,3/5/2010 00:00:00,28.3842,28.8209,28.3842,28.8209,109850
CTD,3/8/2010 00:00:00,28.6025,28.8209,28.1658,28.1658,91250
CTD,3/9/2010 00:00:00,28.6025,28.6025,28.3842,28.3842,25410
CTD,3/10/2010 00:00:00,28.6025,28.6025,28.3842,28.3842,36990
CTD,3/11/2010 00:00:00,28.3842,28.6025,28.3842,28.3842,32350
CTD,3/12/2010 00:00:00,28.3842,29.2575,28.3842,29.0392,98600
CTD,3/15/2010 00:00:00,29.2575,29.4759,29.0392,29.0392,73330
CTD,3/16/2010 00:00:00,28.8209,28.8209,28.1658,28.6025,27360
CTD,3/17/2010 00:00:00,28.8209,28.8209,28.1658,28.1658,49390
CTD,3/18/2010 00:00:00,27.5108,28.6025,27.5108,28.6025,23950
CTD,3/19/2010 00:00:00,28.6025,28.6025,28.1658,28.1658,24750
CTD,3/22/2010 00:00:00,28.1658,28.6025,28.1658,28.3842,40470
CTD,3/23/2010 00:00:00,28.3842,28.3842,28.1658,28.1658,62820
CTD,3/24/2010 00:00:00,28.3842,28.6025,28.1658,28.6025,33630
CTD,3/25/2010 00:00:00,28.1658,28.3842,27.9475,28.1658,88700
CTD,3/26/2010 00:00:00,28.3842,28.6025,28.3842,28.6025,56070
CTD,3/29/2010 00:00:00,28.3842,28.3842,28.3842,28.3842,57010
CTD,3/30/2010 00:00:00,27.9475,28.1658,27.9475,28.1658,17990
CTD,3/31/2010 00:00:00,28.1658,29.2575,28.1658,28.6025,64210
CTD,4/1/2010 00:00:00,28.6025,28.8209,28.3842,28.8209,36590
CTD,4/2/2010 00:00:00,29.0392,29.0392,28.8209,28.8209,13970
CTD,4/5/2010 00:00:00,28.8209,28.8209,28.6025,28.6025,43160
CTD,4/6/2010 00:00:00,28.6025,28.8209,28.6025,28.6025,40360
CTD,4/7/2010 00:00:00,28.6025,28.8209,28.6025,28.6025,30820
CTD,4/8/2010 00:00:00,28.8209,29.6942,28.8209,29.2575,74500
CTD,4/9/2010 00:00:00,29.4759,30.5676,29.4759,30.5676,154550
CTD,4/12/2010 00:00:00,31.4409,31.4409,31.4409,31.4409,95000
CTD,4/13/2010 00:00:00,31.4409,31.8776,31.0043,31.2226,84300
CTD,4/14/2010 00:00:00,31.6593,32.5326,31.2226,32.096,122700
CTD,4/15/2010 00:00:00,32.096,32.751,32.096,32.751,122960
CTD,4/16/2010 00:00:00,32.5326,32.5326,31.4409,31.8776,78140
CTD,4/19/2010 00:00:00,31.4409,31.4409,30.3492,30.3492,186420
CTD,4/20/2010 00:00:00,30.3492,30.5676,30.3492,30.3492,166010
CTD,4/21/2010 00:00:00,29.9126,31.2226,29.9126,30.1309,33710
CTD,4/22/2010 00:00:00,30.5676,31.2226,30.5676,30.5676,56550
CTD,4/26/2010 00:00:00,31.2226,31.2226,30.5676,30.5676,87890
CTD,4/27/2010 00:00:00,30.5676,31.2226,30.5676,31.0043,38500
CTD,4/28/2010 00:00:00,30.7859,31.2226,30.3492,30.3492,183300
CTD,4/29/2010 00:00:00,30.3492,31.0043,30.3492,30.5676,8390
CTD,5/4/2010 00:00:00,31.0043,31.0043,30.3492,30.3492,83730
CTD,5/5/2010 00:00:00,30.3492,30.7859,30.3492,30.5676,70660
CTD,5/6/2010 00:00:00,30.5676,31.0043,30.5676,30.5676,146390
CTD,5/7/2010 00:00:00,30.1309,30.5676,30.1309,30.3492,87700
CTD,5/10/2010 00:00:00,30.1309,30.5676,30.1309,30.3492,104070
CTD,5/11/2010 00:00:00,30.7859,30.7859,30.3492,30.5676,56300
CTD,5/12/2010 00:00:00,30.3492,30.3492,30.1309,30.1309,83580
CTD,5/13/2010 00:00:00,30.1309,30.5676,30.1309,30.3492,37590
CTD,5/14/2010 00:00:00,30.1309,30.5676,30.1309,30.5676,94010
CTD,5/17/2010 00:00:00,30.5676,30.5676,29.9126,29.9126,58570
CTD,5/18/2010 00:00:00,30.3492,30.3492,29.6942,29.9126,29180
CTD,5/19/2010 00:00:00,29.9126,29.9126,29.0392,29.0392,32160
CTD,5/20/2010 00:00:00,29.0392,29.0392,27.7292,29.0392,90160
CTD,5/21/2010 00:00:00,29.0392,29.0392,27.7292,27.7292,91940
CTD,5/24/2010 00:00:00,27.7292,29.0392,27.5108,29.0392,55410
CTD,5/25/2010 00:00:00,29.6992,29.6992,28.7825,28.7825,11500
CTD,5/26/2010 00:00:00,28.7825,28.7825,28.2326,28.7825,7510
CTD,5/27/2010 00:00:00,28.5992,28.5992,28.5992,28.5992,4220
CTD,5/28/2010 00:00:00,29.1492,29.1492,28.5992,28.9659,26340
CTD,5/31/2010 00:00:00,29.3325,29.3325,28.5992,28.9659,6220
CTD,6/1/2010 00:00:00,28.9659,28.9659,28.9659,28.9659,48670
CTD,6/2/2010 00:00:00,28.7825,28.9659,28.5992,28.9659,9340
CTD,6/3/2010 00:00:00,29.3325,29.3325,28.9659,28.9659,10770
CTD,6/4/2010 00:00:00,28.9659,28.9659,28.7825,28.9659,1840
CTD,6/7/2010 00:00:00,28.2326,28.7825,28.2326,28.7825,11510
CTD,6/8/2010 00:00:00,28.5992,28.5992,28.4159,28.4159,18300
CTD,6/9/2010 00:00:00,28.4159,28.4159,28.0492,28.0492,23100
CTD,6/10/2010 00:00:00,28.2326,28.5992,28.2326,28.2326,5250
CTD,6/11/2010 00:00:00,29.3325,29.3325,28.4159,28.4159,6390
CTD,6/14/2010 00:00:00,28.5992,28.5992,28.4159,28.5992,8310
CTD,6/15/2010 00:00:00,28.7825,28.7825,28.5992,28.5992,24640
CTD,6/16/2010 00:00:00,28.9659,28.9659,28.7825,28.7825,3760
CTD,6/17/2010 00:00:00,28.7825,28.7825,28.7825,28.7825,23630
CTD,6/18/2010 00:00:00,28.5992,28.5992,28.5992,28.5992,19950
CTD,6/21/2010 00:00:00,28.9659,28.9659,28.5992,28.5992,23520
CTD,6/22/2010 00:00:00,27.8659,28.5992,27.8659,28.5992,26120
CTD,6/23/2010 00:00:00,28.2326,28.4159,28.2326,28.2326,1580
CTD,6/24/2010 00:00:00,28.5992,28.7825,28.2326,28.7825,26460
CTD,6/25/2010 00:00:00,28.7825,28.7825,28.7825,28.7825,2100
CTD,6/28/2010 00:00:00,28.0492,30.0658,28.0492,30.0658,30840
CTD,6/29/2010 00:00:00,30.0658,30.6158,29.3325,30.6158,36440
CTD,6/30/2010 00:00:00,29.3325,30.2492,29.1492,29.8825,52080
CTD,7/1/2010 00:00:00,29.8825,29.8825,29.3325,29.6992,2500
CTD,7/2/2010 00:00:00,28.9659,29.3325,28.9659,29.3325,4020
CTD,7/5/2010 00:00:00,28.5992,29.1492,27.8659,28.7825,9560
CTD,7/6/2010 00:00:00,28.5992,28.9659,28.5992,28.5992,10670
CTD,7/7/2010 00:00:00,27.6826,28.0492,27.4992,27.4992,26850
CTD,7/8/2010 00:00:00,28.5992,28.5992,28.5992,28.5992,100
CTD,7/9/2010 00:00:00,28.5992,28.5992,27.4992,27.4992,1680
CTD,7/12/2010 00:00:00,28.5992,28.5992,28.5992,28.5992,250
CTD,7/13/2010 00:00:00,28.5992,28.5992,28.0492,28.5992,11710
CTD,7/14/2010 00:00:00,28.5992,28.5992,28.2326,28.5992,26370
CTD,7/15/2010 00:00:00,28.2326,28.2326,28.2326,28.2326,600
CTD,7/16/2010 00:00:00,28.5992,28.5992,27.6826,27.6826,3210
CTD,7/19/2010 00:00:00,27.4992,27.6826,27.4992,27.6826,10840
CTD,7/20/2010 00:00:00,27.3159,28.5992,27.3159,28.5992,6260
CTD,7/21/2010 00:00:00,28.5992,28.5992,27.6826,27.6826,1300
CTD,7/22/2010 00:00:00,27.4992,27.4992,27.1326,27.1326,11380
CTD,7/23/2010 00:00:00,26.7659,28.2326,26.7659,27.4992,9830
CTD,7/26/2010 00:00:00,27.4992,27.4992,27.4992,27.4992,6830
CTD,7/27/2010 00:00:00,26.5826,27.8659,26.5826,27.6826,22790
CTD,7/28/2010 00:00:00,26.7659,27.4992,26.7659,27.4992,15160
CTD,7/29/2010 00:00:00,26.7659,27.4992,26.7659,27.4992,10100
CTD,7/30/2010 00:00:00,27.4992,27.8659,27.4992,27.4992,17200
CTD,8/2/2010 00:00:00,28.2326,28.2326,27.4992,27.4992,14850
CTD,8/3/2010 00:00:00,27.4992,27.8659,27.4992,27.6826,19220
CTD,8/4/2010 00:00:00,27.8659,27.8659,27.4992,27.4992,10390
CTD,8/5/2010 00:00:00,27.4992,27.6826,27.4992,27.4992,25650
CTD,8/6/2010 00:00:00,27.4992,27.4992,26.7659,27.1326,3620
CTD,8/9/2010 00:00:00,27.1326,27.1326,26.5826,26.5826,16710
CTD,8/10/2010 00:00:00,27.1326,27.1326,25.666,26.7659,6930
CTD,8/11/2010 00:00:00,27.1326,27.1326,27.1326,27.1326,2000
CTD,8/12/2010 00:00:00,26.0326,26.7659,25.8493,26.7659,28690
CTD,8/13/2010 00:00:00,26.7659,26.7659,25.666,26.7659,30790
CTD,8/16/2010 00:00:00,26.7659,27.1326,26.7659,27.1326,36710
CTD,8/17/2010 00:00:00,27.1326,27.1326,26.0326,26.0326,630
CTD,8/18/2010 00:00:00,26.9493,26.9493,26.0326,26.0326,4350
CTD,8/19/2010 00:00:00,26.0326,26.3993,26.0326,26.3993,40
CTD,8/20/2010 00:00:00,26.2159,26.2159,26.2159,26.2159,10
CTD,8/23/2010 00:00:00,26.2159,26.3993,26.0326,26.2159,1400
CTD,8/24/2010 00:00:00,26.2159,26.2159,24.9326,24.9326,30030
CTD,8/25/2010 00:00:00,24.9326,24.9326,23.8327,23.8327,66770
CTD,8/26/2010 00:00:00,22.916,23.8327,22.916,23.8327,33630
CTD,8/27/2010 00:00:00,24.016,24.016,23.0994,23.8327,14530
CTD,8/30/2010 00:00:00,24.1993,24.9326,24.1993,24.9326,19330
CTD,8/31/2010 00:00:00,24.5605,26.049,24.5605,26.049,78290
CTD,9/1/2010 00:00:00,26.9794,26.9794,26.049,26.7933,11980
CTD,9/6/2010 00:00:00,27.5375,27.5375,26.9794,26.9794,2870
CTD,9/7/2010 00:00:00,27.1654,27.1654,26.7933,26.7933,12530
CTD,9/8/2010 00:00:00,26.6072,26.6072,26.049,26.6072,11240
CTD,9/9/2010 00:00:00,26.4212,26.4212,25.863,25.863,1350
CTD,9/10/2010 00:00:00,26.2351,26.4212,26.2351,26.2351,4180
CTD,9/13/2010 00:00:00,26.2351,26.6072,25.3048,26.2351,4540
CTD,9/14/2010 00:00:00,26.2351,26.6072,26.2351,26.4212,20670
CTD,9/15/2010 00:00:00,26.4212,26.4212,26.2351,26.4212,2670
CTD,9/16/2010 00:00:00,25.6769,26.4212,25.6769,26.4212,24980
CTD,9/17/2010 00:00:00,26.4212,26.6072,26.4212,26.6072,4750
CTD,9/20/2010 00:00:00,26.7933,26.7933,26.6072,26.6072,6310
CTD,9/21/2010 00:00:00,26.7933,26.7933,26.4212,26.6072,7970
CTD,9/22/2010 00:00:00,26.7933,26.7933,26.4212,26.4212,29380
CTD,9/23/2010 00:00:00,26.7933,26.7933,26.4212,26.6072,43400
CTD,9/24/2010 00:00:00,26.2351,26.4212,26.2351,26.2351,6310
CTD,9/27/2010 00:00:00,26.2351,26.2351,25.863,26.049,10020
CTD,9/28/2010 00:00:00,26.049,26.4212,25.863,26.4212,15410
CTD,9/29/2010 00:00:00,26.049,26.4212,26.049,26.4212,20310
CTD,9/30/2010 00:00:00,26.2351,26.2351,26.2351,26.2351,3000
CTD,10/1/2010 00:00:00,26.2351,26.2351,26.2351,26.2351,5000
CTD,10/4/2010 00:00:00,24.9326,26.2351,24.9326,26.049,20790
CTD,10/5/2010 00:00:00,26.049,26.049,25.6769,25.6769,27650
CTD,10/6/2010 00:00:00,26.049,26.049,25.6769,25.6769,22100
CTD,10/7/2010 00:00:00,25.863,26.049,25.863,25.863,27610
CTD,10/8/2010 00:00:00,25.863,26.049,25.863,25.863,19700
CTD,10/11/2010 00:00:00,26.049,26.049,25.863,25.863,12870
CTD,10/12/2010 00:00:00,25.863,25.863,25.3048,25.3048,1800
CTD,10/13/2010 00:00:00,25.3048,25.6769,24.3744,25.6769,14700
CTD,10/14/2010 00:00:00,25.863,25.863,25.863,25.863,100
CTD,10/15/2010 00:00:00,24.7466,25.4908,24.7466,25.4908,19400
CTD,10/18/2010 00:00:00,24.5605,25.3048,24.5605,24.9326,9750
CTD,10/19/2010 00:00:00,25.3048,25.3048,25.3048,25.3048,1100
CTD,10/20/2010 00:00:00,25.3048,25.3048,25.3048,25.3048,20
CTD,10/21/2010 00:00:00,25.3048,25.3048,24.5605,25.1187,17770
CTD,10/22/2010 00:00:00,25.3048,25.3048,24.9326,24.9326,4560
CTD,10/25/2010 00:00:00,23.8163,25.1187,23.8163,25.1187,1470
CTD,10/26/2010 00:00:00,25.3048,25.4908,24.5605,25.4908,29920
CTD,10/27/2010 00:00:00,25.1187,25.3048,24.9326,25.3048,1210
CTD,10/28/2010 00:00:00,25.1187,25.1187,25.1187,25.1187,1400
CTD,10/29/2010 00:00:00,25.1187,25.1187,24.9326,24.9326,9500
CTD,11/1/2010 00:00:00,24.9326,24.9326,24.5605,24.5605,14300
CTD,11/2/2010 00:00:00,24.5605,24.5605,24.5605,24.5605,19000
CTD,11/3/2010 00:00:00,24.5605,24.5605,24.5605,24.5605,16730
CTD,11/4/2010 00:00:00,24.5605,24.7466,24.5605,24.7466,4620
CTD,11/5/2010 00:00:00,24.7466,25.3048,24.7466,25.3048,18820
CTD,11/8/2010 00:00:00,24.5605,24.9326,24.5605,24.9326,4460
CTD,11/9/2010 00:00:00,24.5605,25.1187,24.5605,25.1187,6720
CTD,11/10/2010 00:00:00,24.9326,24.9326,24.5605,24.7466,15230
CTD,11/11/2010 00:00:00,24.1884,24.3744,24.0023,24.1884,28850
CTD,11/12/2010 00:00:00,23.6302,23.6302,23.072,23.072,90730
CTD,11/15/2010 00:00:00,23.072,23.4441,23.072,23.072,3480
CTD,11/16/2010 00:00:00,21.9556,22.3277,21.9556,22.1417,37130
CTD,11/17/2010 00:00:00,22.3277,22.3277,22.3277,22.3277,1590
CTD,11/18/2010 00:00:00,21.9556,23.4441,21.9556,23.4441,27930
CTD,11/19/2010 00:00:00,22.3277,23.4441,22.3277,23.4441,7040
CTD,11/22/2010 00:00:00,22.5138,23.4441,22.3277,23.4441,17720
CTD,11/23/2010 00:00:00,23.4441,23.4441,23.2581,23.4441,70
CTD,11/24/2010 00:00:00,23.4441,23.4441,23.4441,23.4441,660
CTD,11/25/2010 00:00:00,23.4441,23.6302,23.4441,23.6302,29310
CTD,11/26/2010 00:00:00,23.6302,23.8163,23.6302,23.8163,1400
CTD,11/29/2010 00:00:00,22.6999,24.1884,22.6999,24.1884,18080
CTD,11/30/2010 00:00:00,24.1884,24.5605,24.1884,24.3744,12500
CTD,12/1/2010 00:00:00,24.5605,24.5605,24.1884,24.3744,12620
CTD,12/2/2010 00:00:00,24.5605,24.9326,24.5605,24.9326,14000
CTD,12/3/2010 00:00:00,25.3048,25.863,25.3048,25.863,49090
CTD,12/6/2010 00:00:00,25.863,26.049,25.863,25.863,14820
CTD,12/7/2010 00:00:00,25.863,25.863,25.3048,25.863,9370
CTD,12/8/2010 00:00:00,25.3048,25.3048,24.7466,24.7466,42320
CTD,12/9/2010 00:00:00,24.7466,24.9326,24.7466,24.9326,9000
CTD,12/10/2010 00:00:00,25.863,25.863,25.4908,25.863,83600
CTD,12/13/2010 00:00:00,26.6072,26.6072,25.863,25.863,10850
CTD,12/14/2010 00:00:00,24.9326,26.049,24.9326,26.049,25040
CTD,12/15/2010 00:00:00,26.049,26.049,26.049,26.049,40200
CTD,12/16/2010 00:00:00,25.3048,26.049,25.3048,25.6769,5620
CTD,12/17/2010 00:00:00,25.6769,26.4212,25.6769,26.4212,17510
CTD,12/20/2010 00:00:00,25.6769,26.4212,25.6769,26.4212,12740
CTD,12/21/2010 00:00:00,25.6769,26.4212,25.6769,26.4212,24160
CTD,12/22/2010 00:00:00,26.4212,26.4212,26.2351,26.4212,24300
CTD,12/23/2010 00:00:00,26.049,26.049,25.6769,25.6769,5550
CTD,12/24/2010 00:00:00,24.9326,26.049,24.9326,26.049,9650
CTD,12/28/2010 00:00:00,26.049,26.049,26.049,26.049,7000
CTD,12/29/2010 00:00:00,26.049,26.049,25.6769,25.6769,32050
CTD,12/30/2010 00:00:00,25.6769,25.863,25.6769,25.863,40000
CTD,12/31/2010 00:00:00,26.049,26.049,25.6769,26.049,15780
CTD,1/4/2011 00:00:00,25.3048,25.6769,25.3048,25.3048,20000
CTD,1/5/2011 00:00:00,25.3048,25.3048,25.1187,25.1187,18100
CTD,1/6/2011 00:00:00,24.9326,25.6769,24.9326,25.6769,3050
CTD,1/7/2011 00:00:00,25.1187,25.6769,25.1187,25.6769,400
CTD,1/10/2011 00:00:00,25.1187,25.6769,25.1187,25.6769,7430
CTD,1/11/2011 00:00:00,25.1187,25.3048,24.9326,25.3048,15530
CTD,1/12/2011 00:00:00,25.3048,25.3048,25.3048,25.3048,24720
CTD,1/13/2011 00:00:00,25.4908,25.4908,25.4908,25.4908,1390
CTD,1/14/2011 00:00:00,25.4908,25.4908,25.4908,25.4908,10
CTD,1/17/2011 00:00:00,24.5605,25.4908,24.5605,25.4908,840
CTD,1/18/2011 00:00:00,25.3048,25.4908,25.3048,25.4908,17010
CTD,1/19/2011 00:00:00,25.4908,25.4908,25.4908,25.4908,1000
CTD,1/20/2011 00:00:00,24.7466,25.863,24.3744,25.863,58600
CTD,1/21/2011 00:00:00,25.6769,25.863,25.6769,25.6769,21020
CTD,1/24/2011 00:00:00,25.3048,25.6769,25.3048,25.3048,7030
CTD,1/25/2011 00:00:00,25.3048,25.3048,24.9326,24.9326,6620
CTD,1/26/2011 00:00:00,25.3048,25.6769,25.3048,25.3048,8710
CTD,1/27/2011 00:00:00,25.3048,25.3048,25.1187,25.1187,4250
CTD,1/28/2011 00:00:00,24.1884,25.3048,24.0023,25.3048,28490
CTD,2/8/2011 00:00:00,24.1884,25.3048,24.1884,25.3048,520
CTD,2/9/2011 00:00:00,25.3048,25.3048,24.7466,24.7466,27680
CTD,2/10/2011 00:00:00,24.3744,24.9326,24.3744,24.9326,12710
CTD,2/11/2011 00:00:00,24.5605,24.7466,24.3744,24.3744,9930
CTD,2/14/2011 00:00:00,24.3744,24.7466,24.3744,24.5605,28020
CTD,2/15/2011 00:00:00,24.7466,24.7466,24.5605,24.7466,44330
CTD,2/16/2011 00:00:00,24.5605,24.5605,24.1884,24.3744,28110
CTD,2/17/2011 00:00:00,24.0023,24.0023,23.4441,23.4441,102420
CTD,2/18/2011 00:00:00,22.8859,23.072,22.6999,22.6999,37530
CTD,2/21/2011 00:00:00,22.6999,22.6999,21.9556,22.3277,33930
CTD,2/22/2011 00:00:00,21.2114,23.072,21.2114,23.072,44300
CTD,2/23/2011 00:00:00,23.4441,23.4441,22.1417,22.1417,7280
CTD,2/24/2011 00:00:00,21.3974,21.3974,21.2114,21.2114,44400
CTD,2/25/2011 00:00:00,21.2114,21.7695,21.2114,21.5835,24630
CTD,2/28/2011 00:00:00,21.3974,21.7695,21.3974,21.3974,56570
CTD,3/1/2011 00:00:00,21.3974,21.5835,21.2114,21.3974,18060
CTD,3/2/2011 00:00:00,21.3974,21.3974,20.8392,21.2114,15310
CTD,3/3/2011 00:00:00,21.2114,21.2114,20.4671,20.8392,28210
CTD,3/4/2011 00:00:00,20.4671,21.3974,20.095,20.4671,39270
CTD,3/7/2011 00:00:00,20.4671,20.4671,19.7228,19.7228,39030
CTD,3/8/2011 00:00:00,20.095,20.095,19.7228,19.7228,2760
CTD,3/9/2011 00:00:00,19.7228,19.7228,19.3507,19.3507,5220
CTD,3/10/2011 00:00:00,19.3507,20.095,19.3507,20.095,37710
CTD,3/11/2011 00:00:00,20.095,20.095,19.1646,19.7228,13600
CTD,3/14/2011 00:00:00,19.7228,20.095,19.3507,19.7228,18170
CTD,3/15/2011 00:00:00,19.7228,19.7228,19.7228,19.7228,6800
CTD,3/16/2011 00:00:00,19.7228,19.7228,19.5368,19.7228,8360
CTD,3/17/2011 00:00:00,19.7228,19.7228,19.3507,19.5368,19410
CTD,3/18/2011 00:00:00,19.3507,19.5368,19.3507,19.5368,5160
CTD,3/21/2011 00:00:00,19.5368,19.7228,19.3507,19.7228,2610
CTD,3/22/2011 00:00:00,19.7228,19.7228,18.9786,19.7228,7850
CTD,3/23/2011 00:00:00,19.7228,19.7228,19.3507,19.7228,1750
CTD,3/24/2011 00:00:00,19.7228,19.9089,18.9786,19.9089,37020
CTD,3/25/2011 00:00:00,19.7228,19.7228,19.7228,19.7228,9010
CTD,3/28/2011 00:00:00,19.7228,19.7228,19.1646,19.7228,5160
CTD,3/29/2011 00:00:00,19.5368,19.5368,19.1646,19.1646,5390
CTD,3/30/2011 00:00:00,19.1646,19.1646,18.6065,18.6065,8550
CTD,3/31/2011 00:00:00,18.7925,18.7925,18.2715,18.6065,12220
CTD,4/1/2011 00:00:00,18.6065,18.6065,17.8622,17.8622,11170
CTD,4/4/2011 00:00:00,17.8622,17.8622,17.4901,17.8622,22800
CTD,4/5/2011 00:00:00,17.4901,17.8622,17.4901,17.8622,5780
CTD,4/6/2011 00:00:00,17.6761,17.8622,17.4901,17.825,3330
CTD,4/7/2011 00:00:00,17.8622,17.8622,17.8622,17.8622,670
CTD,4/8/2011 00:00:00,17.8622,17.8622,17.825,17.8622,2960
CTD,4/13/2011 00:00:00,18.0483,18.5692,17.8622,18.5692,32340
CTD,4/14/2011 00:00:00,18.6065,18.9786,18.6065,18.9786,3410
CTD,4/15/2011 00:00:00,18.3087,19.1646,18.3087,19.1646,10600
CTD,4/18/2011 00:00:00,18.9786,19.5368,18.9786,19.5368,13170
CTD,4/19/2011 00:00:00,19.3507,19.5368,19.3507,19.5368,42540
CTD,4/20/2011 00:00:00,19.3507,19.3507,18.9786,19.3507,31050
CTD,4/21/2011 00:00:00,18.3832,18.9786,18.3832,18.3832,2260
CTD,4/22/2011 00:00:00,18.2343,18.346,18.2343,18.346,510
CTD,4/25/2011 00:00:00,17.7133,18.6065,17.7133,18.6065,2100
CTD,4/26/2011 00:00:00,18.6065,18.6065,17.9366,18.4204,290
CTD,4/27/2011 00:00:00,18.2343,18.2343,18.2343,18.2343,100
CTD,4/28/2011 00:00:00,17.3784,18.9786,17.3412,18.9786,30510
CTD,4/29/2011 00:00:00,18.9786,19.9089,18.0855,19.9089,63500
CTD,5/4/2011 00:00:00,19.9089,19.9089,19.9089,19.9089,1010
CTD,5/5/2011 00:00:00,18.9786,19.7228,18.9786,19.7228,74610
CTD,5/6/2011 00:00:00,19.7228,19.7228,19.3507,19.7228,79720
CTD,5/9/2011 00:00:00,18.9643,20.1021,18.9643,20.1021,100880
CTD,5/10/2011 00:00:00,19.3436,19.9125,19.1539,19.1539,7670
CTD,5/11/2011 00:00:00,18.585,19.9125,18.585,19.9125,62560
CTD,5/12/2011 00:00:00,19.7228,19.7228,19.1539,19.1539,6000
CTD,5/13/2011 00:00:00,19.1539,19.1539,18.3953,18.3953,53800
CTD,5/16/2011 00:00:00,17.8264,17.8264,17.8264,17.8264,3550
CTD,5/17/2011 00:00:00,18.2057,18.2057,17.6747,17.6747,4200
CTD,5/18/2011 00:00:00,18.2057,18.2057,18.2057,18.2057,1000
CTD,5/19/2011 00:00:00,18.2057,18.2057,17.4471,17.4471,7810
CTD,5/20/2011 00:00:00,17.4471,17.4471,17.0678,17.2575,4380
CTD,5/23/2011 00:00:00,17.0678,17.0678,16.6886,16.6886,50800
CTD,5/24/2011 00:00:00,16.1576,16.1576,15.8541,15.8541,32000
CTD,5/25/2011 00:00:00,15.93,15.93,15.0956,15.0956,27440
CTD,5/26/2011 00:00:00,15.1714,15.1714,14.3749,15.1335,12340
CTD,5/27/2011 00:00:00,14.6404,15.7403,14.4887,15.7403,8080
CTD,5/30/2011 00:00:00,15.7403,15.7403,15.1714,15.5507,6220
CTD,5/31/2011 00:00:00,15.5507,15.5507,15.5507,15.5507,1130
CTD,6/1/2011 00:00:00,15.7403,15.7403,15.5507,15.7403,7480
CTD,6/2/2011 00:00:00,15.93,15.93,15.5507,15.7403,14770
CTD,6/3/2011 00:00:00,15.93,15.93,14.9818,15.7403,22300
CTD,6/6/2011 00:00:00,16.3093,16.3093,16.3093,16.3093,1000
CTD,6/7/2011 00:00:00,16.3093,16.4989,16.3093,16.4989,650
CTD,6/8/2011 00:00:00,16.3093,16.4989,16.3093,16.4989,1200
CTD,6/9/2011 00:00:00,16.4989,16.4989,16.4989,16.4989,500
CTD,6/10/2011 00:00:00,16.6886,16.6886,16.6886,16.6886,1040
CTD,6/13/2011 00:00:00,16.6886,16.6886,16.6886,16.6886,2520
CTD,6/14/2011 00:00:00,16.6886,16.6886,16.6886,16.6886,4800
CTD,6/15/2011 00:00:00,15.8541,16.6506,15.8541,15.8541,3680
CTD,6/16/2011 00:00:00,15.93,15.93,15.93,15.93,510
CTD,6/17/2011 00:00:00,16.6127,16.6127,15.93,15.93,1820
CTD,6/20/2011 00:00:00,15.93,15.93,15.1714,15.1714,1900
CTD,6/21/2011 00:00:00,15.5507,15.7403,15.1714,15.7024,3130
CTD,6/22/2011 00:00:00,15.93,15.93,15.5507,15.5507,8580
CTD,6/23/2011 00:00:00,15.7403,15.7403,15.1714,15.1714,2340
CTD,6/24/2011 00:00:00,15.5507,15.5507,15.0956,15.0956,2400
CTD,6/27/2011 00:00:00,14.6025,15.3231,14.4128,15.3231,3990
CTD,6/28/2011 00:00:00,14.6025,14.6025,14.6025,14.6025,10680
CTD,6/29/2011 00:00:00,13.9198,15.1714,13.9198,15.1714,6730
CTD,6/30/2011 00:00:00,15.1714,15.1714,15.1714,15.1714,1010
CTD,7/1/2011 00:00:00,15.1714,15.1714,14.4128,15.1714,3000
CTD,7/4/2011 00:00:00,14.4128,15.1714,14.4128,15.1714,40
CTD,7/5/2011 00:00:00,15.1714,15.5507,15.1714,15.5507,8600
CTD,7/6/2011 00:00:00,15.5507,15.6645,15.5507,15.5507,3450
CTD,7/7/2011 00:00:00,15.4748,15.7403,15.4748,15.7403,20520
CTD,7/8/2011 00:00:00,15.1714,15.8921,14.9818,15.8921,4400
CTD,7/11/2011 00:00:00,15.7024,16.1576,15.7024,16.1576,15200
CTD,7/12/2011 00:00:00,16.0058,16.3093,15.7403,16.3093,43050
CTD,7/13/2011 00:00:00,15.93,16.2713,15.93,16.2713,1010
CTD,7/14/2011 00:00:00,15.5886,15.93,15.5507,15.93,3570
CTD,7/18/2011 00:00:00,15.1335,15.93,15.1335,15.93,3500
CTD,7/19/2011 00:00:00,15.1714,15.1714,15.1714,15.1714,3400
CTD,7/20/2011 00:00:00,14.4508,15.1335,14.4128,15.1335,5010
CTD,7/21/2011 00:00:00,15.1335,15.1714,14.4887,14.4887,1890
CTD,7/22/2011 00:00:00,14.4887,14.4887,14.4508,14.4508,3100
CTD,7/25/2011 00:00:00,14.7921,14.7921,14.7921,14.7921,300
CTD,7/26/2011 00:00:00,14.4128,14.4128,14.2232,14.2232,2670
CTD,7/27/2011 00:00:00,13.6543,13.8439,13.6543,13.8439,9310
CTD,7/28/2011 00:00:00,14.0336,14.0336,13.6922,13.6922,1300
CTD,7/29/2011 00:00:00,13.6543,13.6543,13.6543,13.6543,3010
CTD,8/1/2011 00:00:00,13.8439,14.1853,13.8439,14.1853,15000
CTD,8/2/2011 00:00:00,14.1853,14.1853,14.1853,14.1853,3000
CTD,8/3/2011 00:00:00,14.1853,14.1853,14.1853,14.1853,1000
CTD,8/4/2011 00:00:00,14.4128,14.6025,14.4128,14.6025,12000
CTD,8/5/2011 00:00:00,14.7921,14.7921,14.7921,14.7921,5000
CTD,8/8/2011 00:00:00,14.4128,15.0956,14.4128,15.0956,5050
CTD,8/9/2011 00:00:00,14.3749,14.3749,14.3749,14.3749,100
CTD,8/10/2011 00:00:00,14.3749,14.3749,14.2232,14.2991,13010
CTD,8/11/2011 00:00:00,13.7301,14.5266,13.7301,14.5266,5700
CTD,8/12/2011 00:00:00,14.5266,14.5266,14.5266,14.5266,1010
CTD,8/15/2011 00:00:00,14.0336,14.2991,14.0336,14.2991,2000
CTD,8/16/2011 00:00:00,14.0336,14.337,13.6543,14.2991,5830
CTD,8/17/2011 00:00:00,14.2991,14.2991,14.2991,14.2991,2500
CTD,8/18/2011 00:00:00,13.6543,14.5266,13.6543,14.2611,33990
CTD,8/19/2011 00:00:00,14.2611,14.2611,14.2611,14.2611,16000
CTD,8/22/2011 00:00:00,14.337,14.3749,14.337,14.3749,15850
CTD,8/23/2011 00:00:00,14.3749,14.3749,14.3749,14.3749,2000
CTD,8/24/2011 00:00:00,14.2232,14.2232,14.0336,14.0336,2030
CTD,8/25/2011 00:00:00,13.3508,13.9198,13.3508,13.9198,9470
CTD,8/26/2011 00:00:00,13.3129,13.8439,13.3129,13.8439,5160
CTD,8/29/2011 00:00:00,13.7681,13.806,13.7681,13.806,3410
CTD,8/30/2011 00:00:00,13.7681,13.8439,13.7681,13.7681,11570
CTD,8/31/2011 00:00:00,13.275,13.7681,13.275,13.7681,9920
CTD,9/1/2011 00:00:00,13.7681,13.806,13.7681,13.7681,35800
CTD,9/5/2011 00:00:00,13.6543,13.6543,13.6543,13.6543,530
CTD,9/6/2011 00:00:00,13.275,13.5026,13.275,13.5026,2430
CTD,9/7/2011 00:00:00,13.6543,13.6543,13.5784,13.6543,13490
CTD,9/8/2011 00:00:00,13.9956,13.9956,13.4646,13.806,19950
CTD,9/9/2011 00:00:00,13.6543,13.8818,13.6543,13.8818,15810
CTD,9/12/2011 00:00:00,13.6922,13.8439,13.6922,13.8439,10900
CTD,9/13/2011 00:00:00,13.8439,13.9198,13.8439,13.9198,6300
CTD,9/14/2011 00:00:00,13.8439,13.9198,13.4646,13.9198,2350
CTD,9/15/2011 00:00:00,13.9198,13.9577,13.3888,13.3888,430
CTD,9/16/2011 00:00:00,14.0336,14.0336,13.4646,13.4646,21710
CTD,9/19/2011 00:00:00,13.5026,13.5405,13.4646,13.4646,24010
CTD,9/20/2011 00:00:00,13.5026,13.5026,13.4646,13.4646,7130
CTD,9/21/2011 00:00:00,13.275,13.6543,13.275,13.6543,11010
CTD,9/22/2011 00:00:00,13.1233,13.275,13.1233,13.275,3160
CTD,9/23/2011 00:00:00,12.6681,13.275,12.6681,13.275,1010
CTD,9/26/2011 00:00:00,13.0853,13.0853,12.7819,12.7819,3500
CTD,9/27/2011 00:00:00,13.275,13.275,12.5543,13.275,1070
CTD,9/28/2011 00:00:00,12.9336,13.275,12.8957,13.275,6100
CTD,9/29/2011 00:00:00,13.0853,13.0853,12.8957,12.9336,6880
CTD,9/30/2011 00:00:00,12.744,12.8578,12.7061,12.8578,12810
CTD,10/3/2011 00:00:00,12.8578,12.8957,12.5164,12.7061,42510
CTD,10/4/2011 00:00:00,12.5164,12.5543,12.1371,12.1371,56280
CTD,10/5/2011 00:00:00,11.8337,11.8337,11.7578,11.7958,51400
CTD,10/6/2011 00:00:00,11.8337,12.0613,11.7578,11.9475,107390
CTD,10/7/2011 00:00:00,12.3268,12.5164,11.9854,11.9854,11300
CTD,10/10/2011 00:00:00,11.8337,12.0992,11.7578,12.0613,65910
CTD,10/11/2011 00:00:00,12.1371,12.1371,11.8337,11.9854,430
CTD,10/12/2011 00:00:00,11.7578,11.7578,11.4544,11.5303,51860
CTD,10/13/2011 00:00:00,11.7578,11.7578,11.5303,11.6441,12240
CTD,10/14/2011 00:00:00,11.7199,11.7199,11.7199,11.7199,1600
CTD,10/17/2011 00:00:00,11.7578,11.7578,11.4544,11.4544,7320
CTD,10/18/2011 00:00:00,11.1889,11.2648,11.1889,11.1889,11070
CTD,10/19/2011 00:00:00,11.1889,11.3406,10.9613,10.9993,75380
CTD,10/20/2011 00:00:00,10.9993,11.151,10.62,10.9613,32940
CTD,10/21/2011 00:00:00,11.1889,11.1889,10.6579,10.6579,43320
CTD,10/24/2011 00:00:00,10.9993,10.9993,10.9613,10.9613,110
CTD,10/25/2011 00:00:00,10.7338,10.9993,10.6579,10.8476,33250
CTD,10/26/2011 00:00:00,10.9613,10.9613,10.62,10.62,210
CTD,10/27/2011 00:00:00,10.1269,10.2407,10.1269,10.1269,22570
CTD,10/28/2011 00:00:00,10.4303,10.4303,10.0511,10.2407,10900
CTD,10/31/2011 00:00:00,9.9752,10.2028,9.86142,10.2028,40090
CTD,11/1/2011 00:00:00,10.2028,10.2028,9.86142,9.86142,29850
CTD,11/2/2011 00:00:00,10.089,10.089,9.40628,9.48213,94080
CTD,11/3/2011 00:00:00,9.48213,9.48213,9.10285,9.10285,32070
CTD,11/4/2011 00:00:00,9.10285,9.17871,9.10285,9.10285,10820
CTD,11/7/2011 00:00:00,9.10285,9.10285,9.10285,9.10285,10690
CTD,11/8/2011 00:00:00,8.72356,9.06492,8.72356,8.91321,2160
CTD,11/9/2011 00:00:00,8.76149,8.91321,8.72356,8.91321,19810
CTD,11/10/2011 00:00:00,8.76149,8.79942,8.72356,8.72356,13330
CTD,11/11/2011 00:00:00,8.72356,8.79942,8.30635,8.30635,54280
CTD,11/14/2011 00:00:00,8.15463,8.34428,7.96499,7.96499,38500
CTD,11/15/2011 00:00:00,7.96499,8.04085,7.62364,7.69949,95580
CTD,11/16/2011 00:00:00,8.04085,8.07878,7.96499,8.07878,57840
CTD,11/17/2011 00:00:00,8.30635,8.34428,8.07878,8.15463,74730
CTD,11/18/2011 00:00:00,8.26842,8.26842,7.96499,8.19256,45600
CTD,11/21/2011 00:00:00,8.34428,8.57185,8.34428,8.57185,165770
CTD,11/22/2011 00:00:00,8.60978,8.98906,8.57185,8.98906,43300
CTD,11/23/2011 00:00:00,9.21663,9.40628,9.21663,9.40628,42130
CTD,11/24/2011 00:00:00,9.86142,9.86142,9.86142,9.86142,121700
CTD,11/25/2011 00:00:00,10.2786,10.2786,9.82349,10.0131,130280
CTD,11/28/2011 00:00:00,10.0131,10.2407,9.86142,10.0511,57460
CTD,11/29/2011 00:00:00,10.2407,10.2407,10.0131,10.2407,36450
CTD,11/30/2011 00:00:00,10.2407,10.2407,9.9752,10.0131,22440
CTD,12/1/2011 00:00:00,10.0131,10.3166,10.0131,10.1648,45690
CTD,12/2/2011 00:00:00,10.1648,10.62,10.1648,10.62,52280
CTD,12/5/2011 00:00:00,10.9234,11.151,10.9234,11.151,38280
CTD,12/6/2011 00:00:00,11.3786,11.682,11.3786,11.682,27870
CTD,12/7/2011 00:00:00,12.2509,12.2509,12.1371,12.2509,81340
CTD,12/8/2011 00:00:00,12.744,12.744,11.7199,11.7199,59840
CTD,12/9/2011 00:00:00,11.3406,11.3786,11.151,11.151,71730
CTD,12/12/2011 00:00:00,10.9993,10.9993,10.62,10.62,109900
CTD,12/13/2011 00:00:00,10.4683,11.1131,10.4683,10.9993,6860
CTD,12/14/2011 00:00:00,10.9993,10.9993,10.6958,10.7338,20000
CTD,12/15/2011 00:00:00,10.7338,10.8096,10.3545,10.62,48820
CTD,12/16/2011 00:00:00,10.5062,10.9613,10.4303,10.4303,750
CTD,12/19/2011 00:00:00,10.3924,10.4303,10.3924,10.3924,5220
CTD,12/20/2011 00:00:00,10.3924,10.62,10.3166,10.3166,1720
CTD,12/21/2011 00:00:00,10.2786,10.6958,10.2786,10.6958,1450
CTD,12/22/2011 00:00:00,10.4303,11.2268,10.4303,11.2268,44700
CTD,12/23/2011 00:00:00,10.8096,10.8096,10.8096,10.8096,10
CTD,12/26/2011 00:00:00,10.6579,10.9993,10.6579,10.9993,24980
CTD,12/27/2011 00:00:00,10.9993,11.2648,10.8476,11.2648,10200
CTD,12/28/2011 00:00:00,10.8476,11.3786,10.8476,11.3786,5030
CTD,12/29/2011 00:00:00,11.3406,11.3786,10.9993,11.0372,5280
CTD,12/30/2011 00:00:00,11.4165,11.5682,11.1889,11.3786,82020
CTD,1/3/2012 00:00:00,11.9096,11.9096,11.0372,11.0372,4830
CTD,1/4/2012 00:00:00,10.6579,11.3027,10.6579,11.0372,5950
CTD,1/5/2012 00:00:00,10.9993,11.1889,10.9993,10.9993,8610
CTD,1/6/2012 00:00:00,10.9993,10.9993,10.8476,10.8476,3200
CTD,1/9/2012 00:00:00,10.4683,11.1889,10.4683,11.1889,5750
CTD,1/10/2012 00:00:00,10.8096,11.1889,10.7338,10.8476,13330
CTD,1/11/2012 00:00:00,11.151,11.151,11.151,11.151,20
CTD,1/12/2012 00:00:00,10.7338,10.7338,10.62,10.6579,53780
CTD,1/13/2012 00:00:00,10.6579,10.6579,10.6579,10.6579,500
CTD,1/16/2012 00:00:00,10.2786,10.9993,10.2786,10.8096,1560
CTD,1/17/2012 00:00:00,10.8096,10.8096,10.8096,10.8096,1100
CTD,1/18/2012 00:00:00,10.8096,11.1131,10.8096,11.1131,750
CTD,1/19/2012 00:00:00,11.1131,11.1131,11.1131,11.1131,4950
CTD,1/20/2012 00:00:00,11.1131,11.1131,10.9993,10.9993,130
CTD,1/30/2012 00:00:00,10.9993,11.1889,10.9993,10.9993,1490
CTD,1/31/2012 00:00:00,11.1889,11.1889,10.9993,10.9993,8860
CTD,2/1/2012 00:00:00,10.9993,11.1131,10.9993,10.9993,8090
CTD,2/2/2012 00:00:00,10.9993,11.3027,10.9993,10.9993,14560
CTD,2/3/2012 00:00:00,10.9993,11.1889,10.9993,11.151,12450
CTD,2/6/2012 00:00:00,10.9993,11.0372,10.9993,10.9993,830
CTD,2/7/2012 00:00:00,11.0751,11.1889,11.0751,11.0751,27310
CTD,2/8/2012 00:00:00,11.1889,11.6061,11.0751,11.6061,35780
CTD,2/9/2012 00:00:00,11.5682,11.5682,11.2648,11.5682,5480
CTD,2/10/2012 00:00:00,11.1889,11.5682,11.1889,11.1889,24280
CTD,2/13/2012 00:00:00,11.3406,11.3786,10.9993,10.9993,13000
CTD,2/14/2012 00:00:00,10.9993,11.1889,10.9993,10.9993,10810
CTD,2/15/2012 00:00:00,10.9993,10.9993,10.9993,10.9993,19690
CTD,2/16/2012 00:00:00,10.9993,10.9993,10.9993,10.9993,12990
CTD,2/17/2012 00:00:00,10.9993,11.3786,10.9613,10.9993,58350
CTD,2/20/2012 00:00:00,11.1889,11.4544,11.1889,11.1889,13680
CTD,2/21/2012 00:00:00,11.6061,11.6061,11.2268,11.2268,8730
CTD,2/22/2012 00:00:00,11.5682,11.5682,11.2648,11.2648,130
CTD,2/23/2012 00:00:00,11.2648,11.7958,11.2648,11.7958,9940
CTD,2/24/2012 00:00:00,11.7578,11.7578,11.4544,11.4544,3060
CTD,2/27/2012 00:00:00,11.7578,11.7578,11.4544,11.7578,9220
CTD,2/28/2012 00:00:00,12.1371,12.1371,11.3027,11.5303,20320
CTD,2/29/2012 00:00:00,11.5303,11.9475,11.5303,11.9475,11650
CTD,3/1/2012 00:00:00,12.1751,12.1751,11.682,11.682,10500
CTD,3/2/2012 00:00:00,12.1371,12.1371,11.6441,11.9475,160
CTD,3/5/2012 00:00:00,12.5164,12.5164,12.4785,12.5164,25730
CTD,3/6/2012 00:00:00,12.5543,12.5543,11.9854,11.9854,10840
CTD,3/7/2012 00:00:00,11.7958,12.3268,11.7958,11.9096,4600
CTD,3/8/2012 00:00:00,11.9475,12.4406,11.9475,12.4406,2670
CTD,3/9/2012 00:00:00,11.9854,12.3268,11.9854,12.1371,14400
CTD,3/12/2012 00:00:00,12.3647,12.3647,11.9096,11.9096,11300
CTD,3/13/2012 00:00:00,11.9096,11.9096,11.8337,11.8337,9390
CTD,3/14/2012 00:00:00,12.3268,12.4026,12.2888,12.4026,37300
CTD,3/15/2012 00:00:00,13.0095,13.0095,13.0095,13.0095,10840
CTD,3/16/2012 00:00:00,13.6543,13.6543,13.6543,13.6543,14150
CTD,3/19/2012 00:00:00,14.337,14.337,13.6543,14.337,64860
CTD,3/20/2012 00:00:00,14.9438,14.9438,14.4128,14.6025,42110
CTD,3/21/2012 00:00:00,14.7921,14.7921,13.8818,13.8818,22400
CTD,3/22/2012 00:00:00,13.275,14.1853,13.275,14.1853,40710
CTD,3/23/2012 00:00:00,14.6025,14.6025,13.9956,14.4128,21290
CTD,3/26/2012 00:00:00,14.2232,14.6025,14.2232,14.5646,73990
CTD,3/27/2012 00:00:00,14.6025,14.6025,14.4128,14.6025,22750
CTD,3/28/2012 00:00:00,14.5646,14.9059,14.2232,14.2232,3890
CTD,3/29/2012 00:00:00,14.2232,14.6025,14.2232,14.2611,19470
CTD,3/30/2012 00:00:00,14.2611,14.4128,14.2232,14.337,29450
CTD,4/3/2012 00:00:00,14.337,14.4128,14.2991,14.3749,11910
CTD,4/4/2012 00:00:00,14.2611,14.2611,14.2232,14.2232,3840
CTD,4/5/2012 00:00:00,14.2611,14.3749,14.2611,14.3749,11000
CTD,4/6/2012 00:00:00,14.7921,14.7921,14.2611,14.2611,14310
CTD,4/9/2012 00:00:00,14.5646,14.6025,14.2991,14.6025,21220
CTD,4/10/2012 00:00:00,14.4128,14.6025,14.4128,14.4887,12180
CTD,4/11/2012 00:00:00,15.0576,15.0576,14.6404,14.6404,7570
CTD,4/12/2012 00:00:00,15.0576,15.3611,14.6404,15.2473,72930
CTD,4/13/2012 00:00:00,15.2473,15.93,15.2473,15.93,21530
CTD,4/16/2012 00:00:00,15.93,15.93,15.7403,15.93,8150
CTD,4/17/2012 00:00:00,15.93,16.3093,15.1714,15.93,16340
CTD,4/18/2012 00:00:00,15.93,15.93,15.1335,15.1714,3900
CTD,4/19/2012 00:00:00,14.5725,15.371,14.5725,15.2912,12410
CTD,4/20/2012 00:00:00,15.1714,15.2912,15.1714,15.2912,3620
CTD,4/23/2012 00:00:00,15.1714,15.2912,14.9718,14.9718,7090
CTD,4/24/2012 00:00:00,15.1315,15.1714,14.4927,15.1714,6170
CTD,4/25/2012 00:00:00,14.9718,15.1714,14.9718,14.9718,15530
CTD,4/26/2012 00:00:00,15.1714,15.6904,15.1714,15.6904,69640
CTD,4/27/2012 00:00:00,15.7304,15.7703,15.6505,15.6505,20600
CTD,5/2/2012 00:00:00,15.93,16.2893,15.5707,15.9699,21240
CTD,5/3/2012 00:00:00,15.9699,16.2494,15.5707,16.1296,11800
CTD,5/4/2012 00:00:00,15.9699,16.6886,15.9699,16.6886,46850
CTD,5/7/2012 00:00:00,16.968,17.0878,16.968,16.968,16620
CTD,5/8/2012 00:00:00,16.3692,16.7285,16.3692,16.6087,11450
CTD,5/9/2012 00:00:00,16.3692,16.7285,16.3692,16.7285,8030
CTD,5/10/2012 00:00:00,16.7285,16.7285,15.93,16.1296,28570
CTD,5/11/2012 00:00:00,15.6904,15.7703,15.6904,15.6904,8400
CTD,5/14/2012 00:00:00,15.411,15.411,15.0117,15.0516,16510
CTD,5/15/2012 00:00:00,15.5707,15.5707,15.0516,15.0516,16760
CTD,5/16/2012 00:00:00,15.1315,15.6505,15.0117,15.6505,63750
CTD,5/17/2012 00:00:00,15.6505,15.6505,15.1714,15.1714,1140
CTD,5/18/2012 00:00:00,15.2912,15.2912,15.0916,15.2912,17330
CTD,5/21/2012 00:00:00,15.93,15.9699,15.5707,15.9699,14130
CTD,5/22/2012 00:00:00,15.9699,15.9699,15.5707,15.5707,4700
CTD,5/23/2012 00:00:00,15.93,15.93,15.93,15.93,10
CTD,5/25/2012 00:00:00,15.2912,15.2912,15.2912,15.2912,170
CTD,5/28/2012 00:00:00,15.2912,15.371,14.8919,15.371,3020
CTD,5/29/2012 00:00:00,15.371,15.371,15.371,15.371,10
CTD,5/30/2012 00:00:00,15.8901,15.8901,15.8501,15.8501,10010
CTD,6/1/2012 00:00:00,15.0916,15.0916,15.0916,15.0916,400
CTD,6/4/2012 00:00:00,15.5707,15.7304,15.5707,15.7304,9700
CTD,6/6/2012 00:00:00,15.7304,15.7304,15.7304,15.7304,1000
CTD,6/7/2012 00:00:00,15.5707,15.5707,15.1714,15.5307,4510
CTD,6/8/2012 00:00:00,15.4509,15.4509,15.1714,15.1714,6460
CTD,6/11/2012 00:00:00,15.0117,15.0117,14.9718,14.9718,3470
CTD,6/12/2012 00:00:00,14.8919,14.9718,14.852,14.8919,15790
CTD,6/13/2012 00:00:00,14.9718,14.9718,14.6923,14.9319,6600
CTD,6/14/2012 00:00:00,14.8919,14.8919,14.8919,14.8919,200
CTD,6/15/2012 00:00:00,14.7722,14.8121,14.6524,14.6524,5280
CTD,6/18/2012 00:00:00,14.6923,14.6923,14.1733,14.1733,4200
CTD,6/19/2012 00:00:00,14.4927,14.4927,14.4528,14.4528,200
CTD,6/20/2012 00:00:00,14.4128,14.4528,14.4128,14.4528,1310
CTD,6/21/2012 00:00:00,14.2531,14.4128,14.2132,14.3729,1230
CTD,6/22/2012 00:00:00,14.1733,14.2132,14.1733,14.2132,1800
CTD,6/25/2012 00:00:00,14.2132,14.2132,13.774,13.8539,5200
CTD,6/26/2012 00:00:00,13.2151,13.2151,13.2151,13.2151,30
CTD,6/27/2012 00:00:00,13.774,13.774,12.7759,13.6942,670
CTD,6/28/2012 00:00:00,13.5744,13.774,13.0953,13.0953,5030
CTD,6/29/2012 00:00:00,13.5345,13.5345,13.1752,13.1752,520
CTD,7/2/2012 00:00:00,13.3748,13.4946,13.3349,13.4946,8480
CTD,7/3/2012 00:00:00,12.8957,13.4946,12.8957,13.4946,3520
CTD,7/4/2012 00:00:00,13.3748,13.4946,13.3748,13.3748,2210
CTD,7/5/2012 00:00:00,13.3748,13.5744,13.2949,13.5744,14680
CTD,7/6/2012 00:00:00,13.5744,13.5744,13.1752,13.1752,13120
CTD,7/9/2012 00:00:00,13.1752,13.7341,12.5763,13.7341,2880
CTD,7/10/2012 00:00:00,13.7341,14.2531,13.7341,13.9737,320
CTD,7/11/2012 00:00:00,14.0136,14.0136,14.0136,14.0136,100
CTD,7/12/2012 00:00:00,13.3349,14.1733,13.3349,14.0136,4020
CTD,7/13/2012 00:00:00,13.3748,14.0136,13.3349,14.0136,6630
CTD,7/16/2012 00:00:00,13.4946,13.9337,13.3748,13.9337,4690
CTD,7/17/2012 00:00:00,13.3349,13.3748,13.255,13.3748,6510
CTD,7/18/2012 00:00:00,13.3748,13.3748,13.3748,13.3748,1000
CTD,7/19/2012 00:00:00,13.9337,13.9337,13.9337,13.9337,20
CTD,7/20/2012 00:00:00,13.9337,14.3729,13.9337,14.3729,3300
CTD,7/23/2012 00:00:00,13.8539,13.9737,13.6543,13.6543,5610
CTD,7/24/2012 00:00:00,14.0535,14.0535,14.0535,14.0535,10
CTD,7/25/2012 00:00:00,13.4546,13.4546,13.4546,13.4546,500
CTD,7/26/2012 00:00:00,13.9737,13.9737,12.8558,12.9756,4530
CTD,7/27/2012 00:00:00,13.6143,13.6143,13.6143,13.6143,30
CTD,7/30/2012 00:00:00,13.1752,13.4946,13.1752,13.4946,2010
CTD,7/31/2012 00:00:00,13.9337,13.9337,13.9337,13.9337,10
CTD,8/1/2012 00:00:00,13.2949,13.2949,13.255,13.255,3170
CTD,8/3/2012 00:00:00,12.6961,13.1752,12.6562,13.1752,7130
CTD,8/6/2012 00:00:00,12.7759,13.1353,12.6162,12.9756,11840
CTD,8/7/2012 00:00:00,13.5744,13.5744,12.9756,12.9756,300
CTD,8/8/2012 00:00:00,12.5763,13.4946,12.5763,13.4946,20
CTD,8/9/2012 00:00:00,13.774,13.774,13.774,13.774,10
CTD,8/10/2012 00:00:00,13.0953,13.2151,13.0953,13.1353,690
CTD,8/13/2012 00:00:00,12.5763,13.1752,12.5763,13.1752,1560
CTD,8/14/2012 00:00:00,13.1752,13.1752,12.7759,12.9756,11530
CTD,8/15/2012 00:00:00,12.9756,13.0155,12.9756,13.0155,2980
CTD,8/16/2012 00:00:00,13.0155,13.0155,12.7759,13.0155,2120
CTD,8/17/2012 00:00:00,13.0155,13.0155,12.7759,12.9756,2740
CTD,8/20/2012 00:00:00,12.8159,12.8159,12.8159,12.8159,3650
CTD,8/21/2012 00:00:00,12.8159,12.8159,12.1771,12.1771,22580
CTD,8/22/2012 00:00:00,12.2968,12.2968,12.1771,12.1771,2760
CTD,8/23/2012 00:00:00,11.6181,11.9774,11.5782,11.5782,15170
CTD,8/24/2012 00:00:00,11.0592,12.0972,11.0592,12.0972,2520
CTD,8/27/2012 00:00:00,12.0972,12.0972,12.0972,12.0972,110
CTD,8/28/2012 00:00:00,12.5763,12.5763,12.0972,12.0972,240
CTD,8/29/2012 00:00:00,12.0972,12.0972,12.0174,12.0972,2000
CTD,8/30/2012 00:00:00,12.3767,12.3767,12.2569,12.2968,4850
CTD,8/31/2012 00:00:00,12.3767,12.3767,12.3767,12.3767,210
CTD,9/4/2012 00:00:00,12.7759,12.7759,12.7759,12.7759,10
CTD,9/5/2012 00:00:00,12.7759,12.7759,12.1771,12.1771,11120
CTD,9/6/2012 00:00:00,11.658,12.4965,11.5782,12.1771,10140
CTD,9/7/2012 00:00:00,12.1771,12.1771,12.1771,12.1771,320
CTD,9/10/2012 00:00:00,11.5782,11.5782,11.5782,11.5782,700
CTD,9/11/2012 00:00:00,11.6181,11.9375,11.6181,11.698,2670
CTD,9/12/2012 00:00:00,11.7379,11.9774,11.7379,11.9774,2700
CTD,9/13/2012 00:00:00,11.9774,11.9774,11.5782,11.9774,13030
CTD,9/14/2012 00:00:00,11.9774,11.9774,11.8976,11.9774,3000
CTD,9/17/2012 00:00:00,12.2968,12.2968,12.2968,12.2968,10
CTD,9/18/2012 00:00:00,11.8177,11.8177,11.7778,11.7778,2550
CTD,9/19/2012 00:00:00,11.5782,11.9774,11.5782,11.9774,3430
CTD,9/20/2012 00:00:00,11.7778,12.1771,11.7778,12.1771,610
CTD,9/21/2012 00:00:00,12.0573,12.0573,11.8177,11.8177,5050
CTD,9/24/2012 00:00:00,11.8577,11.9774,11.8177,11.9774,8490
CTD,9/27/2012 00:00:00,12.0972,12.0972,11.8976,12.0972,28300
CTD,9/28/2012 00:00:00,12.0972,12.0972,11.9774,11.9774,2900
CTD,10/1/2012 00:00:00,11.9774,11.9774,11.9774,11.9774,300
CTD,10/3/2012 00:00:00,11.8177,11.8177,11.8177,11.8177,200
CTD,10/4/2012 00:00:00,11.7778,11.7778,11.7778,11.7778,100
CTD,10/5/2012 00:00:00,11.7778,11.7778,11.7778,11.7778,4000
CTD,10/8/2012 00:00:00,11.9774,12.0174,11.9774,11.9774,39160
CTD,10/9/2012 00:00:00,11.5782,11.9774,11.5782,11.9774,110
CTD,10/10/2012 00:00:00,11.9774,11.9774,11.5782,11.5782,30830
CTD,10/11/2012 00:00:00,11.9774,11.9774,11.9774,11.9774,700
CTD,10/16/2012 00:00:00,11.8976,11.8976,11.8976,11.8976,3000
CTD,10/17/2012 00:00:00,11.8976,11.8976,11.8976,11.8976,1500
CTD,10/19/2012 00:00:00,11.3786,11.8577,11.3786,11.8577,510
CTD,10/22/2012 00:00:00,11.8577,11.9375,11.8577,11.9375,7260
CTD,10/24/2012 00:00:00,11.4185,11.4185,11.4185,11.4185,80
CTD,10/25/2012 00:00:00,11.8976,11.8976,11.8976,11.8976,10
CTD,10/26/2012 00:00:00,11.8577,11.8577,11.8577,11.8577,2100
CTD,10/29/2012 00:00:00,11.8177,11.8976,11.8177,11.8976,7390
CTD,10/30/2012 00:00:00,11.5782,11.8177,11.5782,11.7778,8010
CTD,10/31/2012 00:00:00,11.5782,11.5782,11.5782,11.5782,1000
CTD,11/1/2012 00:00:00,11.7778,11.7778,11.5782,11.5782,3210
CTD,11/2/2012 00:00:00,11.0192,11.0192,11.0192,11.0192,550
CTD,11/5/2012 00:00:00,11.2588,11.2588,11.2588,11.2588,590
CTD,11/6/2012 00:00:00,11.2588,11.3786,10.6998,11.3786,6260
CTD,11/7/2012 00:00:00,11.658,11.658,11.658,11.658,10
CTD,11/9/2012 00:00:00,11.6181,11.658,11.6181,11.658,3000
CTD,11/12/2012 00:00:00,11.6181,11.6181,11.6181,11.6181,1840
CTD,11/16/2012 00:00:00,11.6181,11.6181,11.0991,11.5782,2570
CTD,11/19/2012 00:00:00,11.5782,11.5782,11.5782,11.5782,1000
CTD,11/20/2012 00:00:00,11.5782,11.5782,11.5782,11.5782,500
CTD,11/23/2012 00:00:00,11.2987,11.4584,11.2987,11.4584,4600
CTD,11/26/2012 00:00:00,11.5383,11.5383,11.5383,11.5383,560
CTD,11/29/2012 00:00:00,11.8976,11.8976,11.8976,11.8976,10
CTD,12/4/2012 00:00:00,11.3786,11.8976,11.3786,11.8976,3020
CTD,12/6/2012 00:00:00,11.4584,11.4584,11.4185,11.4185,2000
CTD,12/7/2012 00:00:00,11.8976,11.8976,11.8976,11.8976,10
CTD,12/10/2012 00:00:00,11.9375,11.9375,11.9375,11.9375,1500
CTD,12/11/2012 00:00:00,11.9375,11.9375,11.5782,11.5782,2550
CTD,12/12/2012 00:00:00,11.5782,11.658,11.5782,11.658,3070
CTD,12/13/2012 00:00:00,11.658,11.658,11.658,11.658,200
CTD,12/14/2012 00:00:00,11.658,11.698,11.658,11.698,1410
CTD,12/17/2012 00:00:00,11.7379,11.7379,11.7379,11.7379,1590
CTD,12/18/2012 00:00:00,11.3786,11.7778,11.3786,11.7778,2010
CTD,12/19/2012 00:00:00,11.4185,11.5782,11.3786,11.5782,920
CTD,12/20/2012 00:00:00,11.8976,11.8976,11.8976,11.8976,3000
CTD,12/21/2012 00:00:00,11.5782,11.8976,11.5782,11.8976,4960
CTD,12/24/2012 00:00:00,11.698,11.698,11.698,11.698,2000
CTD,12/26/2012 00:00:00,11.7379,11.7778,11.7379,11.7379,1620
CTD,12/28/2012 00:00:00,11.8577,11.8577,11.7379,11.8577,24830
CTD,1/2/2013 00:00:00,11.9375,12.4166,11.9375,12.0573,8840
CTD,1/3/2013 00:00:00,11.7778,12.5763,11.4584,12.5763,10450
CTD,1/4/2013 00:00:00,12.3767,12.4166,12.1771,12.1771,4250
CTD,1/7/2013 00:00:00,12.5763,12.5763,12.3767,12.5364,7400
CTD,1/8/2013 00:00:00,12.6961,12.6961,12.3767,12.3767,11670
CTD,1/9/2013 00:00:00,12.3767,12.7759,12.3767,12.5763,19130
CTD,1/10/2013 00:00:00,12.2569,12.5763,12.2569,12.5763,1120
CTD,1/11/2013 00:00:00,13.1353,13.1353,11.9774,12.9356,5620
CTD,1/14/2013 00:00:00,13.3476,13.3476,12.3589,12.3589,9500
CTD,1/15/2013 00:00:00,12.7708,12.7708,12.5649,12.7708,3990
CTD,1/16/2013 00:00:00,12.7708,12.9356,12.5649,12.9356,7250
CTD,1/17/2013 00:00:00,12.9768,12.9768,12.7708,12.9768,3000
CTD,1/21/2013 00:00:00,12.9356,12.9356,12.1117,12.8944,2650
CTD,1/22/2013 00:00:00,12.1529,12.7296,12.0293,12.7296,2520
CTD,1/23/2013 00:00:00,12.3589,12.5649,11.8645,12.5649,890
CTD,1/24/2013 00:00:00,11.9057,12.5649,11.9057,12.1529,3880
CTD,1/25/2013 00:00:00,11.7409,12.7708,11.7409,12.5649,6820
CTD,1/28/2013 00:00:00,12.9768,13.1828,12.0293,12.0293,2960
CTD,1/29/2013 00:00:00,12.1529,12.3589,12.1529,12.3589,2120
CTD,1/30/2013 00:00:00,12.1941,12.5237,12.1529,12.3589,6810
CTD,1/31/2013 00:00:00,12.1941,12.4413,12.1529,12.4413,41480
CTD,2/1/2013 00:00:00,12.3589,12.9768,12.3589,12.9768,20600
CTD,2/4/2013 00:00:00,13.1828,13.224,13.1416,13.224,20330
CTD,2/5/2013 00:00:00,13.224,13.3888,12.9768,13.1828,1260
CTD,2/6/2013 00:00:00,13.1828,13.1828,12.3589,12.3589,3580
CTD,2/7/2013 00:00:00,12.3589,13.1004,12.3589,12.9768,11960
CTD,2/8/2013 00:00:00,12.4413,13.1828,12.4413,13.1004,2350
CTD,2/18/2013 00:00:00,13.3888,13.3888,13.1416,13.1416,3040
CTD,2/19/2013 00:00:00,13.3064,13.3064,13.3064,13.3064,500
CTD,2/20/2013 00:00:00,13.3476,13.3476,13.018,13.1828,16510
CTD,2/21/2013 00:00:00,13.1828,13.3888,13.1828,13.1828,26180
CTD,2/22/2013 00:00:00,13.1828,13.3888,12.8532,13.1828,21720
CTD,2/25/2013 00:00:00,13.018,13.3888,13.018,13.3888,1010
CTD,2/26/2013 00:00:00,13.1004,13.1828,13.0592,13.1004,24950
CTD,2/27/2013 00:00:00,13.1416,13.3888,13.1416,13.3888,27290
CTD,3/1/2013 00:00:00,13.018,13.3888,13.018,13.3888,1600
CTD,3/4/2013 00:00:00,13.3888,13.5124,13.3888,13.3888,6100
CTD,3/5/2013 00:00:00,13.018,13.3888,13.018,13.3888,16030
CTD,3/6/2013 00:00:00,13.3888,13.3888,13.3888,13.3888,2250
CTD,3/7/2013 00:00:00,13.2652,13.2652,13.2652,13.2652,10
CTD,3/8/2013 00:00:00,13.43,13.43,12.6473,12.6473,250
CTD,3/11/2013 00:00:00,13.1828,13.1828,12.9768,13.1004,1460
CTD,3/12/2013 00:00:00,13.3888,13.8419,13.3064,13.8007,23890
CTD,3/13/2013 00:00:00,13.8419,14.7483,13.8419,14.7483,178270
CTD,3/14/2013 00:00:00,15.2014,15.7782,15.2014,15.737,64850
CTD,3/15/2013 00:00:00,15.5722,16.0665,15.4898,15.8194,26790
CTD,3/18/2013 00:00:00,15.6546,15.943,15.4898,15.943,148520
CTD,3/19/2013 00:00:00,15.943,15.943,15.0778,15.3662,5080
CTD,3/20/2013 00:00:00,15.8606,15.8606,14.8307,14.913,7820
CTD,3/21/2013 00:00:00,15.6134,15.6134,14.6247,15.2426,10520
CTD,3/22/2013 00:00:00,15.2426,15.2426,14.6247,14.7895,20740
CTD,3/25/2013 00:00:00,15.0366,15.2426,14.8307,15.1602,9010
CTD,3/26/2013 00:00:00,15.0366,15.2426,14.8719,15.2014,8680
CTD,3/27/2013 00:00:00,15.0366,15.325,15.0366,15.2426,12550
CTD,3/28/2013 00:00:00,15.1602,15.4486,15.1602,15.2014,8770
CTD,3/29/2013 00:00:00,15.3662,15.3662,15.2014,15.2426,4470
CTD,4/1/2013 00:00:00,14.8719,14.9542,14.8719,14.9542,6390
CTD,4/2/2013 00:00:00,15.2014,15.2014,14.9954,14.9954,11840
CTD,4/3/2013 00:00:00,14.9542,15.2426,14.8307,14.8307,9670
CTD,4/4/2013 00:00:00,15.0366,15.0778,14.6247,14.6247,5500
CTD,4/5/2013 00:00:00,14.4599,14.5423,14.0891,14.0891,8010
CTD,4/8/2013 00:00:00,14.0891,14.6247,14.0891,14.4187,8300
CTD,4/9/2013 00:00:00,14.8307,14.913,14.8307,14.913,7420
CTD,4/10/2013 00:00:00,14.9542,14.9542,14.8307,14.8307,5350
CTD,4/11/2013 00:00:00,14.6659,14.8307,14.5423,14.7895,18020
CTD,4/12/2013 00:00:00,14.8307,14.8307,14.8307,14.8307,270
CTD,4/15/2013 00:00:00,14.3363,14.7483,14.3363,14.7483,1020
CTD,4/16/2013 00:00:00,14.4599,14.7483,14.2539,14.7483,7270
CTD,4/17/2013 00:00:00,14.7483,14.8307,14.7483,14.8307,120
CTD,4/22/2013 00:00:00,14.1303,14.8307,14.1303,14.8307,1080
CTD,4/23/2013 00:00:00,14.8307,14.8307,14.4187,14.4187,170
CTD,4/24/2013 00:00:00,15.4074,15.4074,14.0067,15.1602,3360
CTD,4/26/2013 00:00:00,14.3363,14.3363,14.3363,14.3363,30
CTD,5/2/2013 00:00:00,14.1303,14.9954,14.1303,14.9954,3070
CTD,5/3/2013 00:00:00,14.4187,14.5423,14.4187,14.5423,1310
CTD,5/6/2013 00:00:00,14.6659,14.9542,14.6659,14.9542,20130
CTD,5/7/2013 00:00:00,14.8719,14.9954,14.8719,14.9954,1660
CTD,5/8/2013 00:00:00,14.8719,14.9542,14.8719,14.9542,5040
CTD,5/9/2013 00:00:00,14.5835,15.0366,14.5835,15.0366,20
CTD,5/10/2013 00:00:00,15.0366,15.0366,14.913,15.0366,1610
CTD,5/13/2013 00:00:00,14.8719,15.119,14.8719,14.8719,5150
CTD,5/14/2013 00:00:00,14.8719,15.0366,14.8307,15.0366,3610
CTD,5/16/2013 00:00:00,15.0778,15.0778,15.0778,15.0778,20
CTD,5/17/2013 00:00:00,14.8719,14.8719,14.8719,14.8719,6990
CTD,5/20/2013 00:00:00,14.8719,15.0366,14.8719,15.0366,9020
CTD,5/21/2013 00:00:00,14.8719,14.9954,14.8719,14.913,19760
CTD,5/22/2013 00:00:00,14.9954,15.0366,14.9954,14.9954,6320
CTD,5/23/2013 00:00:00,15.4486,15.4486,14.913,14.913,1100
CTD,5/24/2013 00:00:00,14.913,15.4486,14.913,15.4486,7010
CTD,5/27/2013 00:00:00,15.6546,16.4785,14.4599,16.4785,43730
CTD,5/28/2013 00:00:00,17.632,17.632,16.4785,16.4785,94010
CTD,5/29/2013 00:00:00,16.4785,16.8905,15.4486,15.5722,41490
CTD,5/30/2013 00:00:00,15.9953,15.9953,15.7414,15.7414,210
CTD,5/31/2013 00:00:00,15.7414,16.7147,14.6412,15.9953,8630
CTD,6/3/2013 00:00:00,15.9107,15.9953,15.9107,15.953,248830
CTD,6/4/2013 00:00:00,15.953,15.953,15.953,15.953,120
CTD,6/5/2013 00:00:00,16.0377,16.4185,16.0377,16.08,3400
CTD,6/6/2013 00:00:00,16.08,16.3339,16.08,16.3339,3010
CTD,6/7/2013 00:00:00,16.2916,16.2916,16.08,16.08,3100
CTD,6/10/2013 00:00:00,15.6568,16.4185,15.6568,16.4185,2770
CTD,6/11/2013 00:00:00,15.4029,15.6568,15.4029,15.6568,1040
CTD,6/12/2013 00:00:00,16.5031,16.5031,15.6568,15.6568,2030
CTD,6/13/2013 00:00:00,15.6568,15.6568,15.6568,15.6568,2620
CTD,6/14/2013 00:00:00,15.6568,15.6568,15.6568,15.6568,500
CTD,6/17/2013 00:00:00,14.6412,15.9953,14.6412,15.9953,8840
CTD,6/18/2013 00:00:00,15.6568,15.6991,15.6568,15.6991,1000
CTD,6/20/2013 00:00:00,15.6991,15.6991,15.5722,15.5722,7210
CTD,6/21/2013 00:00:00,16.08,16.08,15.6568,15.6568,1500
CTD,6/24/2013 00:00:00,15.6568,15.6568,15.5722,15.6568,2050
CTD,6/25/2013 00:00:00,15.2337,15.2337,15.2337,15.2337,5000
CTD,6/26/2013 00:00:00,15.2337,15.3183,15.2337,15.3183,20
CTD,6/27/2013 00:00:00,14.7682,15.8684,14.7682,14.8951,70910
CTD,6/28/2013 00:00:00,14.8951,15.6145,14.8951,15.6145,33010
CTD,7/1/2013 00:00:00,15.6145,15.6145,15.1067,15.1067,100
CTD,7/2/2013 00:00:00,16.08,16.08,16.08,16.08,100
CTD,7/3/2013 00:00:00,16.3339,16.3339,15.9953,15.9953,1090
CTD,7/4/2013 00:00:00,15.9953,15.9953,15.6568,15.6568,10
CTD,7/9/2013 00:00:00,15.2337,15.6568,15.2337,15.6568,2100
CTD,7/10/2013 00:00:00,15.276,15.6568,15.276,15.6568,2100
CTD,7/12/2013 00:00:00,15.276,15.6568,15.2337,15.2337,13890
CTD,7/15/2013 00:00:00,15.2337,15.2337,15.2337,15.2337,2000
CTD,7/16/2013 00:00:00,15.2337,15.6568,14.2181,15.6568,200190
CTD,7/17/2013 00:00:00,15.6568,15.6568,15.2337,15.2337,3000
CTD,7/18/2013 00:00:00,14.3027,15.6145,14.1758,15.6145,255650
CTD,7/19/2013 00:00:00,15.5722,15.6145,15.5722,15.6145,41000
CTD,7/22/2013 00:00:00,14.8105,15.2337,14.8105,15.2337,1300
CTD,7/23/2013 00:00:00,15.4452,15.8684,15.2337,15.8684,15100
CTD,7/25/2013 00:00:00,15.6991,15.8261,15.6991,15.8261,1000
CTD,7/30/2013 00:00:00,15.7838,15.7838,15.7838,15.7838,1000
CTD,7/31/2013 00:00:00,15.7414,15.7414,15.276,15.7414,590
CTD,8/1/2013 00:00:00,14.7259,15.8261,14.7259,15.6568,6010
CTD,8/2/2013 00:00:00,15.276,15.4452,15.2337,15.3183,12000
CTD,8/5/2013 00:00:00,15.3183,15.6568,14.2604,15.6568,27020
CTD,8/6/2013 00:00:00,15.9953,15.9953,15.9953,15.9953,10
CTD,8/7/2013 00:00:00,15.4452,16.08,15.3606,16.08,164680
CTD,8/8/2013 00:00:00,15.8684,15.9953,15.6568,15.9953,3130
CTD,8/9/2013 00:00:00,15.6568,15.8261,15.6568,15.8261,27430
CTD,8/12/2013 00:00:00,15.2337,16.0377,15.0644,16.0377,5100
CTD,8/13/2013 00:00:00,15.2337,15.6568,15.149,15.149,5250
CTD,8/14/2013 00:00:00,14.9375,15.8684,14.1335,14.8105,25040
CTD,8/16/2013 00:00:00,15.6145,15.6568,15.6145,15.6568,800
CTD,8/19/2013 00:00:00,15.2337,15.8684,15.2337,15.3183,2740
CTD,8/20/2013 00:00:00,15.6568,15.6568,15.3183,15.3183,3600
CTD,8/21/2013 00:00:00,15.4452,15.4452,15.3606,15.3606,170
CTD,8/22/2013 00:00:00,15.3606,15.4029,15.3606,15.4029,2400
CTD,8/23/2013 00:00:00,15.4029,15.4876,15.4029,15.4452,1290
CTD,8/26/2013 00:00:00,15.276,15.276,15.1913,15.276,5120
CTD,8/27/2013 00:00:00,15.4452,15.6145,15.4452,15.5299,17800
CTD,8/28/2013 00:00:00,15.3183,15.3183,15.2337,15.3183,6390
CTD,8/29/2013 00:00:00,15.2337,15.2337,14.8105,14.8105,1010
CTD,8/30/2013 00:00:00,14.8105,14.8105,14.8105,14.8105,1000
CTD,9/3/2013 00:00:00,13.9642,15.6568,13.9642,15.6568,210
CTD,9/4/2013 00:00:00,14.8105,15.6568,14.5989,15.6568,6070
CTD,9/5/2013 00:00:00,15.6568,15.6568,14.6836,14.6836,10
CTD,9/6/2013 00:00:00,14.8105,15.4452,13.9219,14.8105,266520
CTD,9/9/2013 00:00:00,14.8528,14.8528,14.3873,14.3873,240
CTD,9/10/2013 00:00:00,14.3873,15.3606,14.3873,15.3606,10
CTD,9/11/2013 00:00:00,15.7414,15.7838,15.7414,15.7838,53010
CTD,9/16/2013 00:00:00,15.1913,15.2337,15.149,15.149,46720
CTD,9/23/2013 00:00:00,15.3606,16.2069,15.0221,15.0221,5010
CTD,9/25/2013 00:00:00,15.0644,15.2337,15.0221,15.2337,83010
CTD,9/26/2013 00:00:00,15.2337,15.8684,15.2337,15.8684,10
CTD,9/27/2013 00:00:00,15.8684,15.8684,15.6568,15.6568,5950
CTD,9/30/2013 00:00:00,15.6568,15.8684,15.6568,15.8684,23780
CTD,10/1/2013 00:00:00,15.8684,15.8684,15.6568,15.8684,14680
CTD,10/2/2013 00:00:00,15.8684,16.2916,15.8684,16.08,46690
CTD,10/3/2013 00:00:00,16.1223,17.1379,16.08,17.0532,146900
CTD,10/4/2013 00:00:00,17.3494,17.4341,17.3071,17.4341,25420
CTD,10/7/2013 00:00:00,17.5187,18.1958,17.5187,18.1958,57590
CTD,10/8/2013 00:00:00,18.1958,18.1958,17.3494,17.8996,151430
CTD,10/9/2013 00:00:00,17.9842,17.9842,17.4341,17.7726,34900
CTD,10/10/2013 00:00:00,17.561,18.1958,17.561,17.9842,42120
CTD,10/11/2013 00:00:00,17.9842,18.1534,17.8572,17.8996,62330
CTD,10/14/2013 00:00:00,17.8572,17.9419,17.6033,17.9419,2190
CTD,10/15/2013 00:00:00,17.7726,17.9842,17.7726,17.8996,6000
CTD,10/16/2013 00:00:00,17.9842,19.1267,17.9842,19.0844,75080
CTD,10/17/2013 00:00:00,19.0421,19.2537,18.9151,18.9151,9810
CTD,10/18/2013 00:00:00,18.2804,19.0421,18.2804,19.0421,33500
CTD,10/21/2013 00:00:00,19.0421,19.0421,18.5343,18.5343,9180
CTD,10/22/2013 00:00:00,18.6189,18.7882,18.4073,18.7882,19620
CTD,10/23/2013 00:00:00,18.492,18.5766,17.9842,18.1958,34450
CTD,10/24/2013 00:00:00,18.5343,18.5343,18.5343,18.5343,100
CTD,10/25/2013 00:00:00,17.7726,18.1958,17.7726,18.1534,21150
CTD,10/28/2013 00:00:00,17.9842,17.9842,17.7726,17.7726,9430
CTD,10/29/2013 00:00:00,17.9842,18.0688,17.9842,18.0688,1900
CTD,10/30/2013 00:00:00,18.1111,18.1111,18.0265,18.0688,2100
CTD,10/31/2013 00:00:00,18.0688,18.0688,18.0688,18.0688,510
CTD,11/1/2013 00:00:00,18.9151,18.9151,17.9842,17.9842,1090
CTD,11/4/2013 00:00:00,17.9842,18.1958,17.9842,18.1958,5030
CTD,11/5/2013 00:00:00,18.1958,18.6612,18.1958,18.6612,33630
CTD,11/6/2013 00:00:00,19.0421,19.0421,18.6189,18.6189,23020
CTD,11/7/2013 00:00:00,18.4073,18.6189,18.4073,18.6189,15020
CTD,11/8/2013 00:00:00,18.6189,18.6189,18.6189,18.6189,15050
CTD,11/11/2013 00:00:00,18.6189,19.2113,18.6189,19.2113,61260
CTD,11/12/2013 00:00:00,18.9998,19.0421,18.8305,19.0421,13120
CTD,11/13/2013 00:00:00,18.6189,19.0421,18.6189,19.0421,4200
CTD,11/14/2013 00:00:00,19.0421,19.2537,18.7882,19.0844,51890
CTD,11/15/2013 00:00:00,19.0844,19.2537,18.8305,19.2537,18700
CTD,11/18/2013 00:00:00,19.2537,19.4652,19.2537,19.4652,17910
CTD,11/19/2013 00:00:00,19.4652,19.6768,19.2537,19.6345,31810
CTD,11/20/2013 00:00:00,19.4652,19.6345,19.4652,19.6345,23200
CTD,11/21/2013 00:00:00,19.6345,19.6345,19.0421,19.6345,4510
CTD,11/22/2013 00:00:00,19.2537,19.5075,19.0421,19.4229,4210
CTD,11/25/2013 00:00:00,19.2537,19.2537,18.7036,19.169,9670
CTD,11/26/2013 00:00:00,18.8728,19.2113,18.7459,19.2113,1290
CTD,11/27/2013 00:00:00,19.1267,19.1267,18.8728,18.9151,31570
CTD,11/28/2013 00:00:00,18.9151,19.0421,18.9151,19.0421,9770
CTD,11/29/2013 00:00:00,19.0421,19.169,18.9574,19.169,35390
CTD,12/2/2013 00:00:00,19.169,19.169,19.1267,19.1267,1910
CTD,12/3/2013 00:00:00,18.8305,19.1267,18.6189,19.1267,7510
CTD,12/4/2013 00:00:00,19.4652,19.4652,19.2537,19.4229,64200
CTD,12/5/2013 00:00:00,19.6768,19.6768,19.6768,19.6768,10
CTD,12/6/2013 00:00:00,19.0421,19.6768,18.6612,19.6768,2040
CTD,12/9/2013 00:00:00,19.0844,19.6768,19.0844,19.5922,7020
CTD,12/10/2013 00:00:00,19.6768,19.6768,19.2537,19.2537,1700
CTD,12/11/2013 00:00:00,19.0421,19.0421,19.0421,19.0421,1000
CTD,12/12/2013 00:00:00,19.4229,19.4229,19.2113,19.2537,7290
CTD,12/13/2013 00:00:00,19.4229,19.4652,19.3806,19.4229,43150
CTD,12/16/2013 00:00:00,19.4652,19.4652,19.3383,19.3383,12560
CTD,12/17/2013 00:00:00,19.4229,19.8884,19.4229,19.8461,104380
CTD,12/18/2013 00:00:00,19.8038,20.2692,19.7191,20.2692,91470
CTD,12/19/2013 00:00:00,20.904,20.904,19.973,20.4808,80940
CTD,12/20/2013 00:00:00,20.3115,20.3115,20.1846,20.3115,25410
CTD,12/23/2013 00:00:00,20.3115,20.4808,20.2692,20.4385,20010
CTD,12/24/2013 00:00:00,20.5231,20.5231,20.1,20.3962,27000
CTD,12/25/2013 00:00:00,20.4385,20.4385,20.4385,20.4385,30
CTD,12/26/2013 00:00:00,20.4385,21.1155,20.3115,20.904,70390
CTD,12/27/2013 00:00:00,20.9463,21.581,20.904,21.1155,46260
CTD,12/30/2013 00:00:00,21.1579,21.1579,20.6501,21.1155,42520
CTD,12/31/2013 00:00:00,20.9463,21.3694,20.7347,21.3694,25640
CTD,1/2/2014 00:00:00,21.1579,22.2158,20.777,21.581,83210
CTD,1/3/2014 00:00:00,21.581,23.0621,21.1579,23.0621,65730
CTD,1/6/2014 00:00:00,22.4273,24.12,22.4273,23.6968,98170
CTD,1/7/2014 00:00:00,23.4852,23.6968,22.8505,23.4852,6040
CTD,1/8/2014 00:00:00,23.4852,23.6968,22.4273,23.4852,39200
CTD,1/9/2014 00:00:00,23.6968,23.6968,23.2736,23.4852,47540
CTD,1/10/2014 00:00:00,23.4852,23.6968,23.2736,23.4852,64410
CTD,1/13/2014 00:00:00,23.0621,24.12,23.0621,24.12,51860
CTD,1/14/2014 00:00:00,23.6968,24.9663,23.6968,24.9663,49250
CTD,1/15/2014 00:00:00,25.3894,25.8126,24.9663,24.9663,31770
CTD,1/16/2014 00:00:00,25.1779,26.2358,25.1779,26.2358,80900
CTD,1/17/2014 00:00:00,26.6589,26.6589,26.2358,26.4473,29470
CTD,1/20/2014 00:00:00,26.2358,26.6589,24.9663,26.4473,104040
CTD,1/21/2014 00:00:00,26.4473,26.4473,26.0242,26.4473,24910
CTD,1/22/2014 00:00:00,25.8126,25.8126,25.601,25.601,23270
CTD,1/23/2014 00:00:00,25.3894,26.4473,25.3894,26.4473,45960
CTD,1/24/2014 00:00:00,27.9284,27.9284,26.6589,26.6589,148760
CTD,1/27/2014 00:00:00,26.0242,28.3515,26.0242,27.9284,45860
CTD,2/6/2014 00:00:00,28.9863,29.621,28.7747,29.4094,33450
CTD,2/7/2014 00:00:00,29.4094,30.6789,28.14,29.4094,47060
CTD,2/10/2014 00:00:00,29.4094,29.621,29.4094,29.4094,28350
CTD,2/11/2014 00:00:00,28.9863,28.9863,28.14,28.14,27020
CTD,2/12/2014 00:00:00,27.9284,28.7747,27.9284,28.7747,41990
CTD,2/13/2014 00:00:00,28.14,28.5631,27.0821,27.0821,17910
CTD,2/14/2014 00:00:00,27.9284,28.3515,27.9284,28.14,43310
CTD,2/17/2014 00:00:00,28.3515,28.3515,27.5052,27.5052,24090
CTD,2/18/2014 00:00:00,27.9284,27.9284,27.2936,27.5052,59740
CTD,2/19/2014 00:00:00,27.2936,27.5052,27.0821,27.0821,4980
CTD,2/20/2014 00:00:00,27.5052,27.7168,26.6589,27.0821,53280
CTD,2/21/2014 00:00:00,27.5119,27.5119,27.5119,27.5119,300
CTD,2/24/2014 00:00:00,27.5119,27.9418,26.6522,27.5119,21940
CTD,2/25/2014 00:00:00,27.5119,27.5119,26.6522,27.0821,10420
CTD,2/26/2014 00:00:00,27.0821,27.0821,26.8671,27.0821,6510
CTD,2/27/2014 00:00:00,27.0821,27.0821,26.8671,26.8671,41300
CTD,2/28/2014 00:00:00,26.8671,27.0821,26.6522,27.0821,3130
CTD,3/3/2014 00:00:00,27.0821,27.0821,26.6522,27.0821,34740
CTD,3/4/2014 00:00:00,26.8671,26.8671,26.2223,26.2223,2420
CTD,3/5/2014 00:00:00,27.0821,27.0821,26.6522,26.6522,50520
CTD,3/6/2014 00:00:00,27.0821,27.0821,26.6522,27.0821,77610
CTD,3/7/2014 00:00:00,26.8671,27.297,26.8671,27.297,181370
CTD,3/10/2014 00:00:00,27.0821,29.0165,27.0821,29.0165,64530
CTD,3/11/2014 00:00:00,29.4464,29.4464,29.0165,29.0165,22510
CTD,3/12/2014 00:00:00,29.0165,29.2314,29.0165,29.0165,15260
CTD,3/13/2014 00:00:00,28.5866,28.5866,28.1567,28.5866,6720
CTD,3/14/2014 00:00:00,28.3717,28.5866,28.3717,28.3717,49050
CTD,3/17/2014 00:00:00,28.3717,28.3717,27.0821,27.5119,60780
CTD,3/18/2014 00:00:00,28.1567,28.1567,27.5119,27.9418,92040
CTD,3/19/2014 00:00:00,28.3717,29.2314,27.9418,29.2314,184540
CTD,3/20/2014 00:00:00,29.0165,29.0165,28.3717,28.3717,93720
CTD,3/21/2014 00:00:00,28.3717,28.8016,28.3717,28.3717,119340
CTD,3/24/2014 00:00:00,28.1567,28.8016,28.1567,28.3717,100320
CTD,3/25/2014 00:00:00,28.3717,29.0165,28.1567,28.5866,89530
CTD,3/26/2014 00:00:00,28.3717,28.8016,28.3717,28.5866,423780
CTD,3/27/2014 00:00:00,28.1567,28.3717,27.5119,28.3717,16380
CTD,3/28/2014 00:00:00,28.1567,28.1567,26.8671,27.5119,18540
CTD,3/31/2014 00:00:00,27.5119,27.5119,27.0821,27.0821,17740
CTD,4/1/2014 00:00:00,27.0821,27.5119,27.0821,27.5119,31350
CTD,4/2/2014 00:00:00,27.7269,27.7269,26.6522,26.6522,14570
CTD,4/3/2014 00:00:00,27.5119,27.9418,26.8671,27.0821,18610
CTD,4/4/2014 00:00:00,27.0821,27.9418,27.0821,27.9418,8010
CTD,4/7/2014 00:00:00,27.9418,27.9418,27.9418,27.9418,6250
CTD,4/8/2014 00:00:00,27.9418,28.3717,27.9418,28.3717,15460
CTD,4/10/2014 00:00:00,28.8016,29.2314,27.9418,29.0165,28630
CTD,4/11/2014 00:00:00,29.0165,29.2314,27.0821,29.2314,25240
CTD,4/14/2014 00:00:00,28.1567,29.2314,28.1567,29.0165,10570
CTD,4/15/2014 00:00:00,28.8016,29.0165,28.1567,28.8016,5010
CTD,4/16/2014 00:00:00,28.8016,28.8016,27.0821,28.5866,19660
CTD,4/17/2014 00:00:00,27.5119,28.5866,27.297,27.5119,9950
CTD,4/18/2014 00:00:00,27.297,27.297,26.6522,27.0821,18140
CTD,4/21/2014 00:00:00,27.5119,27.5119,26.8671,26.8671,18360
CTD,4/22/2014 00:00:00,26.8671,26.8671,25.7924,26.8671,35390
CTD,4/23/2014 00:00:00,26.2223,27.0821,26.2223,27.0821,5650
CTD,4/24/2014 00:00:00,27.0821,27.7269,27.0821,27.0821,6050
CTD,4/25/2014 00:00:00,27.0821,27.0821,27.0821,27.0821,450
CTD,4/28/2014 00:00:00,27.0821,27.0821,26.4373,26.4373,2740
CTD,4/29/2014 00:00:00,26.2223,26.6522,26.2223,26.6522,1960
CTD,5/5/2014 00:00:00,26.2223,26.2223,25.7924,25.7924,8960
CTD,5/6/2014 00:00:00,25.7924,25.7924,24.5028,24.9327,8820
CTD,5/7/2014 00:00:00,24.9327,25.3626,24.9327,25.3626,3190
CTD,5/8/2014 00:00:00,23.858,24.2879,23.6431,23.6431,41960
CTD,5/9/2014 00:00:00,23.4281,24.9327,23.4281,24.9327,9580
CTD,5/12/2014 00:00:00,24.9327,24.9327,23.6431,23.6431,10580
CTD,5/13/2014 00:00:00,23.6431,23.6431,23.2132,23.6431,15340
CTD,5/14/2014 00:00:00,24.0729,24.7178,24.0729,24.7178,3570
CTD,5/15/2014 00:00:00,24.9327,24.9327,23.6431,24.5028,8640
CTD,5/16/2014 00:00:00,25.7924,25.7924,24.0729,24.5028,5020
CTD,5/19/2014 00:00:00,24.5028,24.5028,23.858,24.2879,6630
CTD,5/20/2014 00:00:00,24.7178,24.7178,24.7178,24.7178,10
CTD,5/21/2014 00:00:00,24.5028,24.7178,24.0729,24.7178,12910
CTD,5/22/2014 00:00:00,24.7178,24.7178,23.6431,24.7178,15500
CTD,5/23/2014 00:00:00,25.1476,25.1476,25.1476,25.1476,5540
CTD,5/27/2014 00:00:00,26.2223,26.2223,25.3626,26.2223,8100
CTD,5/28/2014 00:00:00,26.6522,26.6522,26.2223,26.2223,9100
CTD,5/29/2014 00:00:00,26.2223,26.4373,25.7924,26.4373,6410
CTD,5/30/2014 00:00:00,26.2223,26.6522,26.2223,26.6522,3320
CTD,6/2/2014 00:00:00,25.7924,26.4373,25.7924,26.4373,9230
CTD,6/4/2014 00:00:00,25.5775,25.5775,25.5775,25.5775,10
CTD,6/5/2014 00:00:00,25.3626,26.4373,25.3626,26.4373,20
CTD,6/6/2014 00:00:00,25.7924,26.4373,25.5775,26.4373,9670
CTD,6/10/2014 00:00:00,25.7924,26.4373,25.7924,26.4373,110
CTD,6/12/2014 00:00:00,25.7924,26.6522,25.7924,26.4373,14780
CTD,6/13/2014 00:00:00,26.4373,26.4373,26.4373,26.4373,1090
CTD,6/16/2014 00:00:00,26.2223,26.2223,26.2223,26.2223,4700
CTD,6/17/2014 00:00:00,26.0074,27.7269,26.0074,27.7269,12410
CTD,6/18/2014 00:00:00,27.9418,27.9418,26.4373,26.6522,1210
CTD,6/19/2014 00:00:00,27.0821,27.0821,26.2223,26.2223,20
CTD,6/20/2014 00:00:00,27.0821,27.5119,26.4373,26.4373,6040
CTD,6/23/2014 00:00:00,26.6522,26.6522,26.6522,26.6522,13000
CTD,6/24/2014 00:00:00,26.6522,27.0821,26.6522,27.0821,1220
CTD,6/25/2014 00:00:00,27.5189,27.9557,27.5189,27.9557,400
CTD,6/26/2014 00:00:00,26.8637,27.3005,26.8637,27.3005,5420
CTD,6/30/2014 00:00:00,27.3005,27.5189,26.8637,26.8637,6030
CTD,7/1/2014 00:00:00,26.6453,27.5189,26.6453,27.5189,270
CTD,7/2/2014 00:00:00,27.5189,27.7373,27.5189,27.7373,2370
CTD,7/3/2014 00:00:00,27.7373,27.7373,27.7373,27.7373,50
CTD,7/4/2014 00:00:00,27.5189,27.7373,27.0821,27.0821,4700
CTD,7/7/2014 00:00:00,27.3005,27.5189,27.3005,27.5189,3590
CTD,7/8/2014 00:00:00,27.3005,27.3005,27.0821,27.0821,13960
CTD,7/9/2014 00:00:00,27.5189,27.5189,27.5189,27.5189,10
CTD,7/10/2014 00:00:00,27.3005,27.3005,27.3005,27.3005,100
CTD,7/15/2014 00:00:00,27.3005,27.3005,27.0821,27.0821,6130
CTD,7/16/2014 00:00:00,27.3005,27.3005,27.3005,27.3005,1660
CTD,7/17/2014 00:00:00,27.3005,27.3005,27.3005,27.3005,2750
CTD,7/18/2014 00:00:00,26.8637,27.3005,26.6453,27.3005,3890
CTD,7/21/2014 00:00:00,26.8637,26.8637,26.8637,26.8637,3500
CTD,7/22/2014 00:00:00,27.0821,27.3005,26.8637,27.3005,3830
CTD,7/23/2014 00:00:00,27.3005,27.3005,27.3005,27.3005,3500
CTD,7/24/2014 00:00:00,27.0821,27.3005,27.0821,27.3005,1890
CTD,7/25/2014 00:00:00,27.3005,27.3005,27.0821,27.3005,7090
CTD,7/28/2014 00:00:00,27.3005,27.3005,27.3005,27.3005,100
CTD,7/29/2014 00:00:00,27.3005,27.3005,27.3005,27.3005,450
CTD,7/31/2014 00:00:00,26.4269,27.3005,26.4269,27.3005,510
CTD,8/1/2014 00:00:00,26.6453,26.6453,26.6453,26.6453,7530
CTD,8/4/2014 00:00:00,26.6453,26.6453,26.6453,26.6453,100
CTD,8/5/2014 00:00:00,26.4269,27.0821,26.4269,27.0821,20
CTD,8/6/2014 00:00:00,26.6453,26.6453,26.6453,26.6453,2000
CTD,8/7/2014 00:00:00,26.2084,26.6453,26.2084,26.6453,9020
CTD,8/8/2014 00:00:00,26.4269,26.8637,26.2084,26.8637,11520
CTD,8/12/2014 00:00:00,26.6453,26.8637,26.6453,26.6453,720
CTD,8/13/2014 00:00:00,26.4269,26.4269,26.4269,26.4269,1220
CTD,8/14/2014 00:00:00,26.2084,26.6453,26.2084,26.6453,3950
CTD,8/15/2014 00:00:00,26.6453,26.6453,26.4269,26.4269,3930
CTD,8/18/2014 00:00:00,26.4269,26.4269,26.2084,26.2084,4000
CTD,8/19/2014 00:00:00,26.6453,26.6453,26.6453,26.6453,360
CTD,8/20/2014 00:00:00,26.2084,26.2084,25.7716,26.2084,1090
CTD,8/21/2014 00:00:00,25.7716,26.6453,25.7716,25.99,10040
CTD,8/22/2014 00:00:00,25.99,26.8637,25.99,26.8637,110
CTD,8/25/2014 00:00:00,26.8637,27.5189,25.99,26.6453,13310
CTD,8/26/2014 00:00:00,26.6453,26.6453,26.6453,26.6453,510
CTD,8/27/2014 00:00:00,26.6453,26.6453,26.4269,26.6453,9490
CTD,8/28/2014 00:00:00,26.6453,27.0821,26.6453,27.0821,3220
CTD,8/29/2014 00:00:00,27.0821,27.0821,27.0821,27.0821,350
CTD,9/3/2014 00:00:00,26.4269,26.8637,26.4269,26.8637,10380
CTD,9/4/2014 00:00:00,26.4269,26.8637,26.4269,26.8637,3310
CTD,9/5/2014 00:00:00,26.8637,26.8637,26.8637,26.8637,3500
CTD,9/8/2014 00:00:00,26.8637,27.3005,26.6453,26.8637,12870
CTD,9/9/2014 00:00:00,26.8637,26.8637,26.4269,26.8637,27710
CTD,9/10/2014 00:00:00,27.3005,27.3005,26.2084,26.8637,14310
CTD,9/11/2014 00:00:00,27.0821,27.0821,27.0821,27.0821,10
CTD,9/12/2014 00:00:00,26.6453,28.6109,26.6453,28.6109,17860
CTD,9/15/2014 00:00:00,27.3005,27.7373,27.3005,27.3005,11610
CTD,9/16/2014 00:00:00,27.0821,27.3005,26.8637,27.3005,3810
CTD,9/17/2014 00:00:00,27.3005,27.3005,27.0821,27.3005,7800
CTD,9/18/2014 00:00:00,27.3005,27.3005,26.6453,27.3005,25300
CTD,9/19/2014 00:00:00,27.9557,28.3925,27.5189,27.5189,16020
CTD,9/22/2014 00:00:00,27.7373,28.3925,27.7373,28.3925,16700
CTD,9/23/2014 00:00:00,28.8293,28.8293,27.9557,27.9557,7010
CTD,9/24/2014 00:00:00,28.3925,28.3925,28.3925,28.3925,10
CTD,9/25/2014 00:00:00,28.3925,28.6109,28.1741,28.3925,18060
CTD,9/26/2014 00:00:00,28.8293,29.0477,28.3925,28.8293,32750
CTD,9/29/2014 00:00:00,29.0477,29.0477,28.8293,28.8293,1510
CTD,9/30/2014 00:00:00,28.8293,28.8293,28.8293,28.8293,1100
CTD,10/1/2014 00:00:00,26.8637,28.8293,26.8637,28.6109,4480
CTD,10/2/2014 00:00:00,28.6109,28.6109,27.0821,27.5189,11080
CTD,10/3/2014 00:00:00,28.3925,28.3925,27.0821,27.7373,16670
CTD,10/6/2014 00:00:00,27.5189,27.7373,27.5189,27.7373,170
CTD,10/7/2014 00:00:00,27.7373,27.7373,27.0821,27.5189,16530
CTD,10/8/2014 00:00:00,27.5189,27.7373,27.0821,27.7373,15920
CTD,10/9/2014 00:00:00,27.3005,27.3005,27.0821,27.3005,10000
CTD,10/10/2014 00:00:00,27.0821,27.0821,26.8637,26.8637,17150
CTD,10/13/2014 00:00:00,26.6453,26.8637,26.6453,26.8637,2500
CTD,10/14/2014 00:00:00,26.6453,27.5189,26.6453,27.3005,2040
CTD,10/15/2014 00:00:00,27.0821,27.0821,27.0821,27.0821,1000
CTD,10/16/2014 00:00:00,27.3005,27.3005,26.2084,26.6453,10220
CTD,10/17/2014 00:00:00,26.4269,26.6453,24.898,26.4269,14360
CTD,10/21/2014 00:00:00,26.4269,27.0821,26.4269,27.0821,3000
CTD,10/22/2014 00:00:00,26.8637,26.8637,26.8637,26.8637,1300
CTD,10/23/2014 00:00:00,27.0821,27.0821,27.0821,27.0821,10
CTD,10/24/2014 00:00:00,27.0821,27.0821,25.5532,26.6453,7630
CTD,10/27/2014 00:00:00,26.6453,26.6453,26.6453,26.6453,110
CTD,10/28/2014 00:00:00,25.3348,26.2084,25.3348,26.2084,980
CTD,10/29/2014 00:00:00,25.7716,26.2084,25.3348,26.2084,5060
CTD,10/30/2014 00:00:00,26.6453,26.6453,26.2084,26.6453,310
CTD,10/31/2014 00:00:00,26.4269,26.4269,26.4269,26.4269,1380
CTD,11/3/2014 00:00:00,26.6453,26.6453,26.4269,26.6453,22650
CTD,11/4/2014 00:00:00,27.0821,27.0821,26.2084,26.2084,510
CTD,11/5/2014 00:00:00,26.2084,26.6453,26.2084,26.6453,570
CTD,11/6/2014 00:00:00,26.6453,26.6453,26.6453,26.6453,500
CTD,11/7/2014 00:00:00,26.8637,26.8637,26.8637,26.8637,20
CTD,11/10/2014 00:00:00,26.2084,26.4269,26.2084,26.2084,2860
CTD,11/11/2014 00:00:00,26.2084,26.8637,26.2084,26.6453,1230
CTD,11/12/2014 00:00:00,26.6453,27.0821,26.6453,27.0821,10760
CTD,11/13/2014 00:00:00,26.6453,27.0821,26.4269,27.0821,9340
CTD,11/14/2014 00:00:00,27.3005,27.3005,27.0821,27.3005,4720
CTD,11/17/2014 00:00:00,27.5189,27.5189,27.0821,27.0821,6380
CTD,11/18/2014 00:00:00,27.0821,27.5189,26.8637,27.3005,6170
CTD,11/19/2014 00:00:00,27.3005,27.3005,27.0821,27.0821,810
CTD,11/20/2014 00:00:00,26.4269,27.3005,26.2084,26.2084,9040
CTD,11/21/2014 00:00:00,27.0821,27.0821,26.2084,26.2084,1760
CTD,11/24/2014 00:00:00,27.0821,27.0821,25.7716,25.7716,7530
CTD,11/25/2014 00:00:00,25.99,26.4269,25.7716,26.4269,1040
CTD,11/26/2014 00:00:00,26.6453,26.6453,25.99,26.6453,1340
CTD,11/27/2014 00:00:00,26.6453,26.6453,26.6453,26.6453,20
CTD,11/28/2014 00:00:00,26.2084,26.6453,25.99,26.6453,7220
CTD,12/1/2014 00:00:00,26.8637,27.0821,26.8637,27.0821,1620
CTD,12/2/2014 00:00:00,26.4269,26.4269,26.2084,26.4269,1570
CTD,12/3/2014 00:00:00,26.2084,26.2084,26.2084,26.2084,900
CTD,12/4/2014 00:00:00,26.2084,26.6453,26.2084,26.2084,6860
CTD,12/5/2014 00:00:00,26.2084,26.2084,26.2084,26.2084,100
CTD,12/8/2014 00:00:00,26.2084,26.4269,26.2084,26.4269,9160
CTD,12/9/2014 00:00:00,26.2084,26.2084,25.7716,26.2084,20510
CTD,12/10/2014 00:00:00,26.4269,26.6453,26.2084,26.6453,6550
CTD,12/11/2014 00:00:00,26.2084,26.2084,26.2084,26.2084,40
CTD,12/12/2014 00:00:00,26.2084,26.2084,25.99,25.99,7350
CTD,12/15/2014 00:00:00,25.7716,26.4269,25.7716,26.4269,5010
CTD,12/16/2014 00:00:00,26.2084,26.4269,25.3348,26.4269,2510
CTD,12/17/2014 00:00:00,25.3348,26.2084,24.6796,25.99,7530
CTD,12/18/2014 00:00:00,26.2084,26.2084,25.3348,25.3348,4900
CTD,12/19/2014 00:00:00,25.5532,25.7716,23.5876,25.7716,16150
CTD,12/22/2014 00:00:00,24.6796,25.5532,24.4612,25.5532,5550
CTD,12/23/2014 00:00:00,24.898,25.1164,24.898,25.1164,1020
CTD,12/24/2014 00:00:00,25.1164,25.7716,24.6796,25.7716,1880
CTD,12/25/2014 00:00:00,25.3348,25.5532,25.3348,25.5532,420
CTD,12/26/2014 00:00:00,25.7716,25.7716,25.7716,25.7716,10
CTD,12/29/2014 00:00:00,25.5532,25.5532,25.5532,25.5532,270
CTD,12/31/2014 00:00:00,24.898,24.898,24.898,24.898,1010
CTD,1/5/2015 00:00:00,26.2084,26.2084,24.898,24.898,20
CTD,1/6/2015 00:00:00,25.99,25.99,25.1164,25.7716,7040
CTD,1/7/2015 00:00:00,25.7716,25.7716,25.3348,25.5532,3150
CTD,1/8/2015 00:00:00,25.5532,25.5532,24.898,25.5532,11510
CTD,1/9/2015 00:00:00,25.5532,26.8637,25.5532,26.8637,2340
CTD,1/12/2015 00:00:00,26.8637,26.8637,25.99,26.4269,8030
CTD,1/13/2015 00:00:00,26.4269,26.4269,26.2084,26.4269,4210
CTD,1/14/2015 00:00:00,26.6453,26.6453,26.4269,26.4269,12810
CTD,1/15/2015 00:00:00,26.4269,26.4269,26.2084,26.4269,3760
CTD,1/16/2015 00:00:00,26.2084,26.2084,26.2084,26.2084,1050
CTD,1/20/2015 00:00:00,26.8637,26.8637,26.8637,26.8637,30
CTD,1/21/2015 00:00:00,26.6453,26.6453,26.6453,26.6453,20
CTD,1/22/2015 00:00:00,26.2084,26.2084,26.2084,26.2084,310
CTD,1/23/2015 00:00:00,26.2084,26.2084,25.99,26.2084,6730
CTD,1/26/2015 00:00:00,25.99,26.2084,25.99,26.2084,980
CTD,1/27/2015 00:00:00,27.7373,27.7373,26.2084,27.3005,420
CTD,1/28/2015 00:00:00,26.2084,27.0821,26.2084,27.0821,510
CTD,1/29/2015 00:00:00,26.2084,26.2084,26.2084,26.2084,3550
CTD,1/30/2015 00:00:00,27.0821,27.0821,26.2084,26.2084,30000
CTD,2/2/2015 00:00:00,26.2084,26.2084,26.2084,26.2084,2000
CTD,2/3/2015 00:00:00,27.0821,27.0821,27.0821,27.0821,10
CTD,2/4/2015 00:00:00,26.2084,26.2084,26.2084,26.2084,1000
CTD,2/5/2015 00:00:00,25.99,26.2084,25.7716,26.2084,5030
CTD,2/6/2015 00:00:00,26.2084,26.2084,25.7716,25.7716,1430
CTD,2/9/2015 00:00:00,26.2084,26.4269,25.99,26.2084,8560
CTD,2/10/2015 00:00:00,26.2084,26.2084,26.2084,26.2084,1000
CTD,2/11/2015 00:00:00,26.6453,26.6453,26.2084,26.2084,4010
CTD,2/12/2015 00:00:00,27.5189,27.5189,26.2084,26.2084,5810
CTD,2/13/2015 00:00:00,26.2084,26.2084,26.2084,26.2084,2000
CTD,2/24/2015 00:00:00,26.4269,26.4269,26.2084,26.2084,4660
CTD,2/25/2015 00:00:00,26.2084,26.4269,26.2084,26.4269,2830
CTD,2/26/2015 00:00:00,26.2084,26.6453,26.2084,26.6453,5010
CTD,2/27/2015 00:00:00,26.2084,26.2084,26.2084,26.2084,14680
CTD,3/2/2015 00:00:00,26.2084,26.6453,26.2084,26.2084,10160
CTD,3/3/2015 00:00:00,26.2084,26.2084,26.2084,26.2084,7580
CTD,3/4/2015 00:00:00,26.2084,26.4269,26.2084,26.2084,31420
CTD,3/5/2015 00:00:00,26.4269,26.4269,26.2084,26.4269,28940
CTD,3/6/2015 00:00:00,26.4269,26.4269,26.2084,26.2084,7810
CTD,3/9/2015 00:00:00,26.4269,26.4269,26.2084,26.2084,8490
CTD,3/10/2015 00:00:00,26.2084,27.9557,26.2084,27.9557,83440
CTD,3/11/2015 00:00:00,28.3925,28.3925,27.5189,28.1741,21600
CTD,3/12/2015 00:00:00,28.1741,28.6109,27.5189,28.6109,49710
CTD,3/13/2015 00:00:00,28.6109,28.6109,28.1741,28.3925,27430
CTD,3/16/2015 00:00:00,28.3925,28.3925,27.9557,28.3925,24560
CTD,3/17/2015 00:00:00,28.3925,29.2661,28.3925,29.2661,20470
CTD,3/18/2015 00:00:00,29.4845,31.2317,29.4845,31.2317,84790
CTD,3/19/2015 00:00:00,31.8869,32.3238,31.2317,31.8869,46200
CTD,3/20/2015 00:00:00,31.8869,32.1054,31.0133,31.8869,23730
CTD,3/23/2015 00:00:00,31.4501,31.8869,31.0133,31.2317,17240
CTD,3/24/2015 00:00:00,30.5765,31.2317,30.5765,31.2317,24950
CTD,3/25/2015 00:00:00,30.5765,31.0133,30.3581,30.5765,19570
CTD,3/26/2015 00:00:00,30.3581,31.2317,30.3581,30.5765,5940
CTD,3/27/2015 00:00:00,31.4501,31.4501,30.1397,30.5765,24560
CTD,3/30/2015 00:00:00,31.0133,31.0133,30.5765,30.5765,12280
CTD,3/31/2015 00:00:00,30.5765,30.7949,30.5765,30.7949,8020
CTD,4/1/2015 00:00:00,31.0133,32.7606,31.0133,32.7606,79490
CTD,4/2/2015 00:00:00,33.4158,34.7262,33.4158,33.8526,66700
CTD,4/3/2015 00:00:00,34.071,34.5078,31.8869,32.5422,80170
CTD,4/6/2015 00:00:00,32.3238,32.5422,32.1054,32.3238,33710
CTD,4/7/2015 00:00:00,33.1974,34.071,32.7606,32.979,69030
CTD,4/8/2015 00:00:00,33.8526,33.8526,32.979,33.1974,19310
CTD,4/9/2015 00:00:00,33.1974,33.6342,33.1974,33.6342,3750
CTD,4/10/2015 00:00:00,33.6342,33.6342,32.5422,32.5422,5620
CTD,4/13/2015 00:00:00,33.6342,33.6342,32.7606,32.979,13700
CTD,4/14/2015 00:00:00,32.979,33.6342,32.7606,33.1974,41310
CTD,4/15/2015 00:00:00,32.7606,33.1974,32.5422,32.979,37210
CTD,4/16/2015 00:00:00,33.1974,33.1974,32.7606,32.979,27550
CTD,4/17/2015 00:00:00,32.979,33.1974,32.979,32.979,7140
CTD,4/20/2015 00:00:00,33.1974,33.4158,32.979,33.1974,17860
CTD,4/21/2015 00:00:00,33.8526,33.8526,33.1974,33.6342,28410
CTD,4/22/2015 00:00:00,33.4158,33.6342,33.1974,33.1974,10910
CTD,4/23/2015 00:00:00,33.8526,33.8526,33.1974,33.4158,7720
CTD,4/24/2015 00:00:00,33.8526,33.8526,33.4158,33.4158,1140
CTD,4/27/2015 00:00:00,33.4158,33.6342,33.1974,33.6342,1460
CTD,5/4/2015 00:00:00,33.6342,33.6342,33.1974,33.4158,9650
CTD,5/5/2015 00:00:00,32.979,33.1974,32.7606,33.1974,8180
CTD,5/6/2015 00:00:00,33.1974,33.1974,32.3238,32.979,7570
CTD,5/7/2015 00:00:00,30.7949,32.979,30.7949,32.7606,1750
CTD,5/8/2015 00:00:00,32.7606,32.7606,32.3238,32.3238,2900
CTD,5/11/2015 00:00:00,32.5422,32.5422,32.3238,32.3238,5420
CTD,5/12/2015 00:00:00,32.1054,32.3238,31.8869,32.3238,6380
CTD,5/13/2015 00:00:00,32.3238,32.3238,32.3238,32.3238,1600
CTD,5/14/2015 00:00:00,32.1054,32.3238,32.1054,32.3238,1110
CTD,5/15/2015 00:00:00,32.7606,32.7606,32.3238,32.5422,6880
CTD,5/18/2015 00:00:00,32.3238,32.3238,32.3238,32.3238,4100
CTD,5/19/2015 00:00:00,32.3238,32.3238,32.3238,32.3238,1050
CTD,5/20/2015 00:00:00,32.3238,33.4158,32.3238,32.979,32030
CTD,5/21/2015 00:00:00,32.979,33.4158,32.979,33.1974,6410
CTD,5/22/2015 00:00:00,33.1974,33.1974,32.979,32.979,3750
CTD,5/25/2015 00:00:00,32.7606,33.8526,32.7606,33.8526,19310
CTD,5/26/2015 00:00:00,34.7262,34.7262,33.8526,34.7262,7770
CTD,5/27/2015 00:00:00,34.5078,34.9446,33.8526,33.8526,27990
CTD,5/28/2015 00:00:00,33.8526,33.8526,33.8526,33.8526,3600
CTD,5/29/2015 00:00:00,33.8526,34.5078,33.6342,34.5078,5250
CTD,6/1/2015 00:00:00,34.5078,34.5078,33.8526,34.2894,7040
CTD,6/2/2015 00:00:00,34.071,34.5078,34.071,34.2894,11720
CTD,6/3/2015 00:00:00,34.9892,34.9892,34.5226,34.7559,2210
CTD,6/4/2015 00:00:00,34.2894,34.7559,34.0561,34.7559,1510
CTD,6/5/2015 00:00:00,34.7559,34.7559,34.2894,34.5226,1230
CTD,6/8/2015 00:00:00,34.7559,34.7559,34.5226,34.7559,4010
CTD,6/9/2015 00:00:00,34.5226,34.5226,34.5226,34.5226,100
CTD,6/10/2015 00:00:00,34.0561,34.2894,33.8229,34.0561,7850
CTD,6/11/2015 00:00:00,33.8229,36.1555,33.8229,35.2224,5120
CTD,6/12/2015 00:00:00,34.0561,34.9892,34.0561,34.9892,2300
CTD,6/15/2015 00:00:00,34.9892,34.9892,34.0561,34.5226,8500
CTD,6/16/2015 00:00:00,34.0561,34.2894,33.8229,34.2894,6880
CTD,6/17/2015 00:00:00,34.2894,34.2894,34.0561,34.2894,10010
CTD,6/18/2015 00:00:00,34.2894,34.5226,34.2894,34.5226,3170
CTD,6/19/2015 00:00:00,34.2894,34.5226,33.8229,34.5226,14850
CTD,6/22/2015 00:00:00,34.5226,34.5226,34.0561,34.5226,1180
CTD,6/23/2015 00:00:00,34.0561,34.7559,34.0561,34.7559,530
CTD,6/24/2015 00:00:00,34.7559,34.7559,34.5226,34.7559,8930
CTD,6/25/2015 00:00:00,34.9892,34.9892,34.5226,34.7559,4960
CTD,6/26/2015 00:00:00,35.9222,35.9222,34.9892,34.9892,2600
CTD,6/29/2015 00:00:00,37.0885,37.0885,35.4557,35.4557,1580
CTD,6/30/2015 00:00:00,34.9892,35.689,34.9892,35.689,2710
CTD,7/1/2015 00:00:00,35.689,36.1555,35.689,36.1555,9210
CTD,7/2/2015 00:00:00,36.1555,36.1555,36.1555,36.1555,10
CTD,7/3/2015 00:00:00,36.1555,36.3887,36.1555,36.3887,1310
CTD,7/6/2015 00:00:00,37.3218,37.3218,36.1555,36.1555,1940
CTD,7/7/2015 00:00:00,35.9222,36.3887,34.9892,35.9222,12460
CTD,7/8/2015 00:00:00,36.1555,36.1555,36.1555,36.1555,10
CTD,7/9/2015 00:00:00,35.9222,35.9222,35.689,35.9222,8070
CTD,7/10/2015 00:00:00,35.9222,35.9222,35.4557,35.4557,3480
CTD,7/13/2015 00:00:00,35.4557,36.3887,35.4557,36.3887,13010
CTD,7/14/2015 00:00:00,36.3887,36.3887,35.9222,36.3887,19450
CTD,7/15/2015 00:00:00,36.1555,36.3887,36.1555,36.3887,8560
CTD,7/16/2015 00:00:00,36.3887,37.3218,36.3887,37.3218,34660
CTD,7/17/2015 00:00:00,37.3218,39.8877,37.3218,39.8877,26350
CTD,7/20/2015 00:00:00,41.054,41.987,40.5874,41.5205,5560
CTD,7/21/2015 00:00:00,41.5205,41.5205,39.1879,39.1879,4010
CTD,7/22/2015 00:00:00,39.1879,40.5874,39.1879,40.5874,1620
CTD,7/23/2015 00:00:00,40.5874,41.7537,40.5874,41.2872,3060
CTD,7/24/2015 00:00:00,41.7537,42.4535,41.2872,41.987,6440
CTD,7/27/2015 00:00:00,41.987,42.2203,41.054,41.054,12720
CTD,7/28/2015 00:00:00,42.92,42.92,40.8207,41.2872,8730
CTD,7/29/2015 00:00:00,41.5205,41.5205,40.8207,41.5205,6140
CTD,7/30/2015 00:00:00,41.5205,41.7537,40.1209,41.054,13320
CTD,7/31/2015 00:00:00,41.5205,41.5205,40.1209,40.1209,6800
CTD,8/3/2015 00:00:00,41.054,41.054,39.1879,41.054,5430
CTD,8/4/2015 00:00:00,39.1879,41.054,39.1879,41.054,3090
CTD,8/5/2015 00:00:00,41.054,41.054,41.054,41.054,8530
CTD,8/6/2015 00:00:00,41.054,42.4535,41.054,41.987,23880
CTD,8/7/2015 00:00:00,44.0864,44.0864,42.4535,42.92,7690
CTD,8/10/2015 00:00:00,42.2203,44.7861,41.987,42.4535,33600
CTD,8/11/2015 00:00:00,42.92,42.92,41.987,41.987,20060
CTD,8/12/2015 00:00:00,42.2203,42.2203,41.054,41.5205,41380
CTD,8/13/2015 00:00:00,41.5205,41.987,41.054,41.987,12270
CTD,8/14/2015 00:00:00,41.987,43.8531,41.987,42.92,76890
CTD,8/17/2015 00:00:00,43.6198,43.8531,43.1533,43.8531,75120
CTD,8/18/2015 00:00:00,45.7192,45.7192,44.5529,44.7861,59150
CTD,8/19/2015 00:00:00,44.5529,44.7861,44.0864,44.7861,58420
CTD,8/20/2015 00:00:00,44.7861,44.7861,44.0864,44.3196,53310
CTD,8/21/2015 00:00:00,44.5529,44.7861,42.92,44.5529,96210
CTD,8/24/2015 00:00:00,43.6198,44.7861,41.5205,43.3866,179120
CTD,8/25/2015 00:00:00,43.3866,45.2527,43.3866,44.7861,102380
CTD,8/26/2015 00:00:00,45.0194,46.6522,44.7861,46.1857,279400
CTD,8/27/2015 00:00:00,45.7192,47.1188,44.7861,44.7861,215380
CTD,8/28/2015 00:00:00,44.7861,46.1857,44.7861,45.0194,18610
CTD,8/31/2015 00:00:00,45.4859,45.7192,44.3196,45.2527,48870
CTD,9/1/2015 00:00:00,45.2527,45.4859,44.3196,45.2527,79320
CTD,9/3/2015 00:00:00,45.2527,45.4859,44.3196,44.3196,148590
CTD,9/4/2015 00:00:00,44.5529,44.5529,43.6198,43.8531,38610
CTD,9/7/2015 00:00:00,43.6198,43.6198,42.2203,42.2203,62240
CTD,9/8/2015 00:00:00,41.987,44.3196,41.987,44.3196,80810
CTD,9/9/2015 00:00:00,44.3196,44.5529,43.6198,43.8531,30860
CTD,9/10/2015 00:00:00,43.8531,43.8531,43.1533,43.1533,23280
CTD,9/11/2015 00:00:00,43.1533,43.8531,43.1533,43.3866,69750
CTD,9/14/2015 00:00:00,43.3866,43.3866,42.92,43.1533,11620
CTD,9/15/2015 00:00:00,43.3866,43.3866,42.92,42.92,6190
CTD,9/16/2015 00:00:00,42.92,43.1533,42.92,43.1533,6070
CTD,9/17/2015 00:00:00,43.3866,43.8531,43.1533,43.6198,11160
CTD,9/18/2015 00:00:00,43.6198,44.0864,43.6198,44.0864,85830
CTD,9/21/2015 00:00:00,44.0864,44.0864,43.6198,43.6198,4750
CTD,9/22/2015 00:00:00,43.6198,43.8531,43.3866,43.8531,16170
CTD,9/23/2015 00:00:00,44.0864,44.7861,43.8531,44.5529,89760
CTD,9/24/2015 00:00:00,45.0194,45.0194,44.3196,44.3196,91800
CTD,9/25/2015 00:00:00,44.3196,45.2527,44.0864,45.0194,41250
CTD,9/28/2015 00:00:00,45.0194,45.9524,45.0194,45.2527,139020
CTD,9/29/2015 00:00:00,45.2527,45.7192,44.7861,45.2527,100920
CTD,9/30/2015 00:00:00,45.2527,46.419,45.2527,45.9524,195410
CTD,10/1/2015 00:00:00,45.9524,46.419,45.4859,46.419,128870
CTD,10/2/2015 00:00:00,46.419,49.4514,46.419,49.4514,129450
CTD,10/5/2015 00:00:00,49.4514,51.3175,48.9848,50.3844,119730
CTD,10/6/2015 00:00:00,50.3844,53.6501,50.3844,53.6501,206120
CTD,10/7/2015 00:00:00,53.6501,53.6501,51.784,51.784,68730
CTD,10/8/2015 00:00:00,51.784,52.717,50.8509,52.2505,152730
CTD,10/9/2015 00:00:00,51.784,52.2505,51.3175,51.3175,39110
CTD,10/12/2015 00:00:00,51.3175,51.784,50.8509,51.3175,53690
CTD,10/13/2015 00:00:00,51.3175,53.6501,51.3175,52.717,79690
CTD,10/14/2015 00:00:00,52.717,54.5831,52.717,54.1166,51630
CTD,10/15/2015 00:00:00,54.5831,55.0496,54.1166,55.0496,26350
CTD,10/16/2015 00:00:00,55.0496,55.9827,54.1166,54.5831,43470
CTD,10/19/2015 00:00:00,54.5831,56.9157,54.5831,55.9827,76330
CTD,10/20/2015 00:00:00,55.9827,59.7149,55.9827,56.9157,85710
CTD,10/21/2015 00:00:00,58.3153,58.3153,56.9157,57.8488,38490
CTD,10/22/2015 00:00:00,59.2483,59.2483,56.9157,59.2483,35110
CTD,10/23/2015 00:00:00,59.2483,59.7149,59.2483,59.7149,29370
CTD,10/26/2015 00:00:00,60.6479,61.5809,60.1814,60.1814,65370
CTD,10/27/2015 00:00:00,60.1814,60.6479,59.7149,60.6479,45790
CTD,10/28/2015 00:00:00,62.0475,62.0475,59.7149,60.1814,17740
CTD,10/29/2015 00:00:00,60.1814,60.1814,57.3822,57.8488,54740
CTD,10/30/2015 00:00:00,57.8488,58.3153,57.3822,58.3153,48940
CTD,11/2/2015 00:00:00,58.7818,58.7818,56.4492,57.3822,24790
CTD,11/3/2015 00:00:00,55.9827,57.8488,55.9827,57.8488,13810
CTD,11/4/2015 00:00:00,57.8488,58.3153,57.3822,58.3153,14870
CTD,11/5/2015 00:00:00,57.8488,58.3153,57.3822,57.8488,22960
CTD,11/6/2015 00:00:00,57.8488,58.3153,56.4492,57.3822,39210
CTD,11/9/2015 00:00:00,57.3822,57.8488,56.9157,57.3822,13730
CTD,11/10/2015 00:00:00,57.3822,57.8488,57.3822,57.8488,8240
CTD,11/11/2015 00:00:00,58.3153,58.3153,57.3822,57.8488,5050
CTD,11/12/2015 00:00:00,58.3153,61.5809,58.3153,61.5809,36960
CTD,11/13/2015 00:00:00,65.7796,65.7796,64.8466,65.3131,110690
CTD,11/16/2015 00:00:00,65.7796,68.1123,65.7796,66.7127,163470
CTD,11/17/2015 00:00:00,66.7127,66.7127,64.3801,65.7796,90600
CTD,11/18/2015 00:00:00,64.8466,66.2462,64.8466,65.7796,79080
CTD,11/19/2015 00:00:00,68.1123,69.9783,66.7127,69.9783,144480
CTD,11/20/2015 00:00:00,70.4449,72.311,70.4449,71.8444,210110
CTD,11/23/2015 00:00:00,71.3779,74.6436,70.9114,74.177,51700
CTD,11/24/2015 00:00:00,74.177,74.177,69.9783,72.311,61330
CTD,11/25/2015 00:00:00,71.8444,72.7775,71.3779,72.311,94790
CTD,11/26/2015 00:00:00,72.311,72.311,69.9783,69.9783,36930
CTD,11/27/2015 00:00:00,69.5118,69.5118,67.6457,69.0453,52800
CTD,11/30/2015 00:00:00,68.5788,69.0453,67.6457,69.0453,31990
CTD,12/1/2015 00:00:00,69.0453,69.5118,68.1123,69.5118,46260
CTD,12/2/2015 00:00:00,69.5118,70.4449,69.0453,69.9783,43320
CTD,12/3/2015 00:00:00,70.4449,70.4449,68.5788,68.5788,39680
CTD,12/4/2015 00:00:00,69.0453,69.0453,67.1792,68.1123,39150
CTD,12/7/2015 00:00:00,68.1123,68.1123,66.2462,66.7127,41300
CTD,12/8/2015 00:00:00,66.7127,70.9114,66.7127,69.9783,26570
CTD,12/9/2015 00:00:00,69.9783,69.9783,67.6457,68.1123,11810
CTD,12/10/2015 00:00:00,68.1123,68.1123,66.7127,67.1792,43740
CTD,12/11/2015 00:00:00,67.6457,68.1123,66.7127,67.6457,9680
CTD,12/14/2015 00:00:00,67.6457,70.4449,67.1792,70.4449,32070
CTD,12/15/2015 00:00:00,70.4449,70.4449,69.9783,69.9783,16750
CTD,12/16/2015 00:00:00,70.4449,73.244,70.4449,72.311,37620
CTD,12/17/2015 00:00:00,73.244,74.177,72.7775,73.7105,38160
CTD,12/18/2015 00:00:00,72.7775,74.177,72.7775,73.244,117440
CTD,12/21/2015 00:00:00,73.244,73.7105,72.7775,73.244,30370
CTD,12/22/2015 00:00:00,73.244,73.244,70.9114,71.3779,41220
CTD,12/23/2015 00:00:00,71.3779,71.8444,69.0453,70.4449,42310
CTD,12/24/2015 00:00:00,70.4449,70.9114,70.4449,70.4449,16530
CTD,12/25/2015 00:00:00,70.4449,71.3779,69.9783,69.9783,17650
CTD,12/28/2015 00:00:00,69.9783,70.4449,69.0453,70.4449,16880
CTD,12/29/2015 00:00:00,70.4449,70.9114,69.9783,70.4449,8980
CTD,12/30/2015 00:00:00,70.9114,71.8444,70.4449,71.3779,19140
CTD,12/31/2015 00:00:00,70.9114,71.3779,70.4449,71.3779,18970
CTD,1/4/2016 00:00:00,71.3779,71.8444,70.4449,70.9114,14080
CTD,1/5/2016 00:00:00,70.9114,70.9114,69.9783,70.4449,52860
CTD,1/6/2016 00:00:00,70.4449,72.7775,70.4449,72.311,50650
CTD,1/7/2016 00:00:00,72.7775,72.7775,70.9114,71.8444,54260
CTD,1/8/2016 00:00:00,70.9114,71.8444,69.9783,71.8444,26470
CTD,1/11/2016 00:00:00,71.3779,71.8444,69.5118,69.5118,38010
CTD,1/12/2016 00:00:00,69.9783,70.4449,69.0453,70.4449,89580
CTD,1/13/2016 00:00:00,69.9783,70.4449,69.9783,70.4449,126250
CTD,1/14/2016 00:00:00,69.5118,69.5118,68.5788,69.0453,125120
CTD,1/15/2016 00:00:00,69.0453,69.0453,67.6457,67.6457,55160
CTD,1/18/2016 00:00:00,67.1792,67.1792,64.8466,66.2462,85970
CTD,1/19/2016 00:00:00,65.7796,67.6457,65.7796,66.2462,54680
CTD,1/20/2016 00:00:00,66.2462,66.2462,65.7796,66.2462,20550
CTD,1/21/2016 00:00:00,66.7127,66.7127,66.2462,66.2462,33440
CTD,1/22/2016 00:00:00,66.7127,67.1792,64.8466,66.2462,88190
CTD,1/25/2016 00:00:00,66.2462,68.1123,66.2462,66.7127,31640
CTD,1/26/2016 00:00:00,65.3131,65.7796,64.8466,65.3131,38480
CTD,1/27/2016 00:00:00,65.3131,65.7796,64.8466,64.8466,66120
CTD,1/28/2016 00:00:00,64.8466,64.8466,63.9136,63.9136,37270
CTD,1/29/2016 00:00:00,63.9136,63.9136,62.9805,63.9136,53320
CTD,2/1/2016 00:00:00,65.3131,65.3131,63.9136,63.9136,49950
CTD,2/2/2016 00:00:00,63.9136,63.9136,63.447,63.447,24880
CTD,2/3/2016 00:00:00,62.9805,63.447,62.0475,62.9805,73220
CTD,2/4/2016 00:00:00,62.9805,65.7796,62.9805,65.3131,54160
CTD,2/5/2016 00:00:00,65.3131,66.2462,64.8466,65.7796,54370
CTD,2/15/2016 00:00:00,68.5788,69.0453,67.6457,68.1123,24240
CTD,2/16/2016 00:00:00,67.6457,68.5788,67.6457,68.1123,43880
CTD,2/17/2016 00:00:00,68.5788,69.0453,67.6457,68.1123,44930
CTD,2/18/2016 00:00:00,68.5788,68.5788,67.6457,68.5788,31230
CTD,2/19/2016 00:00:00,68.1123,68.5788,68.1123,68.5788,19420
CTD,2/22/2016 00:00:00,68.5788,70.9114,68.1123,70.9114,32350
CTD,2/23/2016 00:00:00,70.9114,73.7105,70.9114,72.7775,36960
CTD,2/24/2016 00:00:00,71.8444,73.244,70.4449,71.8444,32240
CTD,2/25/2016 00:00:00,71.8444,72.311,71.3779,71.3779,30620
CTD,2/26/2016 00:00:00,71.3779,72.311,71.3779,71.8444,17080
CTD,2/29/2016 00:00:00,71.8444,71.8444,70.9114,71.3779,26650
CTD,3/1/2016 00:00:00,71.3779,76.0431,71.3779,76.0431,206990
CTD,3/2/2016 00:00:00,76.9762,78.8423,76.5097,78.8423,69910
CTD,3/3/2016 00:00:00,78.8423,78.8423,77.4427,77.9092,24740
CTD,3/4/2016 00:00:00,78.3757,78.3757,77.4427,77.9092,46230
CTD,3/7/2016 00:00:00,77.9092,81.6414,77.9092,78.3757,84530
CTD,3/8/2016 00:00:00,78.3757,81.1749,78.3757,81.1749,87120
CTD,3/9/2016 00:00:00,81.1749,81.1749,78.3757,79.7753,115250
CTD,3/10/2016 00:00:00,80.2418,80.7084,79.7753,80.7084,41340
CTD,3/11/2016 00:00:00,80.7084,81.1749,78.8423,81.1749,56640
CTD,3/14/2016 00:00:00,81.1749,81.1749,79.3088,79.3088,42400
CTD,3/15/2016 00:00:00,79.3088,79.3088,77.9092,77.9092,29830
CTD,3/16/2016 00:00:00,77.9092,80.2418,77.9092,79.3088,40390
CTD,3/17/2016 00:00:00,79.3088,82.5744,79.3088,81.6414,116920
CTD,3/18/2016 00:00:00,81.6414,81.6414,81.1749,81.1749,26960
CTD,3/21/2016 00:00:00,81.6414,82.1079,80.2418,81.1749,23970
CTD,3/22/2016 00:00:00,80.2418,81.1749,79.3088,79.7753,37550
CTD,3/23/2016 00:00:00,79.7753,82.5744,79.7753,81.6414,98170
CTD,3/24/2016 00:00:00,81.6414,86.7731,81.1749,85.3736,66940
CTD,3/25/2016 00:00:00,85.8401,87.2397,84.4405,86.3066,8980
CTD,3/28/2016 00:00:00,89.1058,90.5053,89.1058,90.0388,71190
CTD,3/29/2016 00:00:00,92.8379,92.8379,87.7062,87.7062,73040
CTD,3/30/2016 00:00:00,87.7062,89.1058,87.2397,89.1058,19760
CTD,3/31/2016 00:00:00,89.1058,89.1058,87.2397,87.7062,52750
CTD,4/1/2016 00:00:00,87.7062,88.1727,84.4405,87.2397,25570
CTD,4/4/2016 00:00:00,87.2397,90.0388,85.3736,85.3736,88630
CTD,4/5/2016 00:00:00,85.3736,85.3736,82.5744,83.974,133320
CTD,4/6/2016 00:00:00,83.5075,84.9071,83.041,83.041,80160
CTD,4/7/2016 00:00:00,83.5075,84.4405,82.5744,83.041,69280
CTD,4/8/2016 00:00:00,84.4405,84.4405,82.1079,82.5744,76910
CTD,4/11/2016 00:00:00,82.5744,84.4405,82.5744,83.5075,88910
CTD,4/12/2016 00:00:00,84.9071,86.7731,83.5075,84.4405,120620
CTD,4/13/2016 00:00:00,84.9071,84.9071,82.1079,82.1079,142290
CTD,4/14/2016 00:00:00,82.1079,82.1079,79.3088,80.2418,145940
CTD,4/15/2016 00:00:00,80.2418,80.7084,77.9092,77.9092,92340
CTD,4/19/2016 00:00:00,77.9092,78.3757,74.6436,77.9092,215910
CTD,4/20/2016 00:00:00,77.9092,79.7753,77.9092,79.3088,205680
CTD,4/21/2016 00:00:00,83.041,83.041,79.3088,79.3088,356510
CTD,4/22/2016 00:00:00,81.1749,81.1749,78.8423,79.3088,158380
CTD,4/25/2016 00:00:00,80.2418,80.2418,79.3088,79.3088,188500
CTD,4/26/2016 00:00:00,79.7753,81.6414,78.8423,80.7084,128050
CTD,4/27/2016 00:00:00,81.6414,83.041,81.1749,82.1079,137000
CTD,4/28/2016 00:00:00,82.1079,82.5744,81.1749,81.1749,115410
CTD,4/29/2016 00:00:00,81.1749,81.1749,80.2418,81.1749,143490
CTD,5/4/2016 00:00:00,81.1749,81.6414,80.7084,81.1749,202120
CTD,5/5/2016 00:00:00,81.6414,81.6414,79.7753,80.2418,82050
CTD,5/6/2016 00:00:00,80.2418,82.1079,80.2418,81.6414,72030
CTD,5/9/2016 00:00:00,82.3639,83.3272,81.8822,82.8456,76020
CTD,5/10/2016 00:00:00,82.3639,82.3639,81.4006,81.4006,47480
CTD,5/11/2016 00:00:00,81.8822,86.2172,81.8822,86.2172,233350
CTD,5/12/2016 00:00:00,86.6988,86.6988,84.7722,85.2539,79290
CTD,5/13/2016 00:00:00,85.2539,85.2539,84.2905,84.7722,81710
CTD,5/16/2016 00:00:00,84.7722,84.7722,83.8089,83.8089,73250
CTD,5/17/2016 00:00:00,84.2905,84.7722,83.3272,84.7722,81320
CTD,5/18/2016 00:00:00,84.7722,84.7722,83.3272,83.8089,35930
CTD,5/19/2016 00:00:00,83.3272,83.3272,82.8456,82.8456,49200
CTD,5/20/2016 00:00:00,82.8456,82.8456,82.3639,82.8456,30090
CTD,5/23/2016 00:00:00,82.8456,83.3272,81.8822,83.3272,53880
CTD,5/24/2016 00:00:00,83.8089,85.2539,83.8089,84.2905,138610
CTD,5/25/2016 00:00:00,84.7722,85.2539,84.2905,85.2539,92490
CTD,5/26/2016 00:00:00,85.2539,85.2539,83.8089,84.2905,35460
CTD,5/27/2016 00:00:00,83.8089,84.7722,83.8089,84.2905,63800
CTD,5/30/2016 00:00:00,83.8089,83.8089,83.3272,83.3272,68900
CTD,5/31/2016 00:00:00,84.2905,84.7722,82.8456,84.7722,61090
CTD,6/1/2016 00:00:00,84.7722,85.7355,83.8089,85.7355,101050
CTD,6/2/2016 00:00:00,85.7355,85.7355,84.7722,85.2539,62060
CTD,6/3/2016 00:00:00,85.2539,86.2172,84.7722,86.2172,60780
CTD,6/6/2016 00:00:00,86.2172,86.6988,85.2539,85.7355,93890
CTD,6/7/2016 00:00:00,85.7355,86.6988,85.7355,86.6988,36670
CTD,6/8/2016 00:00:00,85.7355,91.0338,85.2539,91.0338,219610
CTD,6/9/2016 00:00:00,91.0338,91.0338,89.5888,89.5888,57360
CTD,6/10/2016 00:00:00,90.0704,90.5521,89.5888,90.0704,38010
CTD,6/13/2016 00:00:00,89.1071,89.5888,87.1805,87.6621,109540
CTD,6/14/2016 00:00:00,87.6621,88.6255,87.1805,88.6255,54330
CTD,6/15/2016 00:00:00,88.6255,92.9604,88.1438,92.4788,125270
CTD,6/16/2016 00:00:00,93.9237,96.332,93.9237,94.4054,167410
CTD,6/17/2016 00:00:00,94.4054,94.4054,92.9604,93.9237,64950
CTD,6/20/2016 00:00:00,94.8871,96.332,94.8871,96.332,81910
CTD,6/21/2016 00:00:00,96.8137,97.777,94.8871,94.8871,131790
CTD,6/22/2016 00:00:00,94.8871,95.8504,94.8871,95.3687,37750
CTD,6/23/2016 00:00:00,95.3687,96.332,94.8871,96.332,62580
CTD,6/24/2016 00:00:00,95.8504,95.8504,89.5888,93.9237,239210
CTD,6/27/2016 00:00:00,92.9604,92.9604,90.0704,91.0338,188600
CTD,6/28/2016 00:00:00,91.5154,92.9604,91.5154,92.9604,49820
CTD,6/29/2016 00:00:00,93.9237,94.8871,93.4421,93.9237,78460
CTD,6/30/2016 00:00:00,93.9237,94.8871,92.9604,92.9604,57980
CTD,7/1/2016 00:00:00,93.4421,94.8871,93.4421,94.4054,55020
CTD,7/4/2016 00:00:00,94.8871,94.8871,93.9237,93.9237,62090
CTD,7/5/2016 00:00:00,94.4054,97.2954,94.4054,96.8137,238080
CTD,7/6/2016 00:00:00,96.332,98.2587,95.8504,98.2587,138880
CTD,7/7/2016 00:00:00,98.7403,101.149,98.2587,101.149,131630
CTD,7/8/2016 00:00:00,101.149,101.63,99.7037,101.149,66240
CTD,7/11/2016 00:00:00,101.149,101.149,97.2954,99.222,135050
CTD,7/12/2016 00:00:00,99.7037,100.185,97.777,100.185,61800
CTD,7/13/2016 00:00:00,100.185,102.112,100.185,102.112,107150
CTD,7/14/2016 00:00:00,102.112,104.52,101.149,103.557,127120
CTD,7/15/2016 00:00:00,103.557,103.557,100.185,102.594,67140
CTD,7/18/2016 00:00:00,102.594,105.002,102.594,105.002,69890
CTD,7/19/2016 00:00:00,105.002,106.929,103.075,104.52,136790
CTD,7/20/2016 00:00:00,105.484,106.929,104.52,105.965,97600
CTD,7/21/2016 00:00:00,112.708,112.708,107.892,108.374,202830
CTD,7/22/2016 00:00:00,108.374,108.374,105.002,107.892,84780
CTD,7/25/2016 00:00:00,107.892,108.374,106.929,106.929,66470
CTD,7/26/2016 00:00:00,106.929,106.929,105.002,106.929,82170
CTD,7/27/2016 00:00:00,106.929,108.374,105.965,108.374,48300
CTD,7/28/2016 00:00:00,108.855,109.337,107.892,108.374,72860
CTD,7/29/2016 00:00:00,108.374,108.855,106.929,106.929,65460
CTD,8/1/2016 00:00:00,107.41,107.41,105.965,106.929,32260
CTD,8/2/2016 00:00:00,105.484,105.965,104.039,104.039,132120
CTD,8/3/2016 00:00:00,103.557,103.557,102.112,102.112,94620
CTD,8/4/2016 00:00:00,100.667,103.075,100.667,100.667,84150
CTD,8/5/2016 00:00:00,99.7037,100.185,97.2954,99.222,129150
CTD,8/8/2016 00:00:00,98.7403,99.222,96.8137,97.777,171190
CTD,8/9/2016 00:00:00,97.2954,99.7037,97.2954,99.222,78670
CTD,8/10/2016 00:00:00,99.222,102.594,99.222,102.112,157660
CTD,8/11/2016 00:00:00,102.112,103.557,101.63,103.557,167150
CTD,8/12/2016 00:00:00,104.039,104.52,102.112,102.594,97900
CTD,8/15/2016 00:00:00,102.112,103.557,101.63,103.557,64580
CTD,8/16/2016 00:00:00,104.039,105.002,103.557,104.039,73710
CTD,8/17/2016 00:00:00,104.52,106.929,103.557,106.929,126040
CTD,8/18/2016 00:00:00,107.892,109.819,106.929,109.819,158760
CTD,8/19/2016 00:00:00,109.819,110.3,107.892,107.892,88920
CTD,8/22/2016 00:00:00,107.892,108.374,106.447,106.447,63030
CTD,8/23/2016 00:00:00,105.965,106.447,104.52,105.965,83300
CTD,8/24/2016 00:00:00,105.965,107.892,105.484,107.892,71480
CTD,8/25/2016 00:00:00,107.41,109.337,106.929,109.337,108450
CTD,8/26/2016 00:00:00,109.337,109.819,108.374,109.337,104130
CTD,8/29/2016 00:00:00,108.855,111.745,108.855,109.337,168150
CTD,8/30/2016 00:00:00,109.337,114.153,109.337,114.153,218720
CTD,8/31/2016 00:00:00,114.635,117.043,113.672,117.043,151750
CTD,9/1/2016 00:00:00,117.525,119.933,115.598,119.452,183320
CTD,9/5/2016 00:00:00,119.933,124.75,119.452,122.342,185140
CTD,9/6/2016 00:00:00,122.823,123.787,121.378,123.787,112430
CTD,9/7/2016 00:00:00,124.268,124.268,121.86,124.268,112390
CTD,9/8/2016 00:00:00,124.268,127.64,123.787,127.64,116230
CTD,9/9/2016 00:00:00,127.64,131.012,127.64,128.122,105210
CTD,9/12/2016 00:00:00,126.339,127.64,123.305,124.268,108440
CTD,9/13/2016 00:00:00,124.268,124.268,119.933,120.897,134640
CTD,9/14/2016 00:00:00,120.897,123.642,120.415,122.823,77120
CTD,9/15/2016 00:00:00,121.86,125.135,121.86,123.979,46910
CTD,9/16/2016 00:00:00,125.232,127.64,124.268,125.569,113630
CTD,9/19/2016 00:00:00,125.232,126.099,122.823,122.823,140480
CTD,9/20/2016 00:00:00,121.427,123.787,121.427,123.787,60000
CTD,9/21/2016 00:00:00,123.787,123.787,118.488,119.933,235550
CTD,9/22/2016 00:00:00,119.933,120.415,119.404,119.885,100550
CTD,9/23/2016 00:00:00,119.933,119.933,115.647,116.562,73300
CTD,9/26/2016 00:00:00,116.562,119.693,116.562,118.729,167190
CTD,9/27/2016 00:00:00,120.174,121.378,118.97,121.378,57970
CTD,9/28/2016 00:00:00,122.294,125.087,121.378,124.509,88970
CTD,9/29/2016 00:00:00,124.509,126.002,124.268,125.232,100210
CTD,9/30/2016 00:00:00,124.75,125.472,124.268,125.039,92130
CTD,10/3/2016 00:00:00,129.567,132.938,128.122,129.904,158660
CTD,10/4/2016 00:00:00,131.493,131.975,125.232,126.195,231640
CTD,10/5/2016 00:00:00,126.195,127.158,123.787,124.991,67620
CTD,10/6/2016 00:00:00,123.787,125.232,120.993,121.86,151880
CTD,10/7/2016 00:00:00,121.378,121.86,116.947,119.933,142090
CTD,10/10/2016 00:00:00,119.933,121.764,115.598,117.477,105840
CTD,10/11/2016 00:00:00,117.862,120.415,116.225,120.415,152190
CTD,10/12/2016 00:00:00,121.041,121.041,119.211,120.415,89170
CTD,10/13/2016 00:00:00,120.174,123.305,119.933,122.342,208410
CTD,10/14/2016 00:00:00,124.268,124.268,122.438,122.872,204370
CTD,10/17/2016 00:00:00,126.516,127.094,123.048,123.241,87620
CTD,10/18/2016 00:00:00,121.057,122.021,119.452,120.094,110960
CTD,10/19/2016 00:00:00,120.094,121.699,120.094,120.736,86750
CTD,10/20/2016 00:00:00,122.085,124.589,116.305,117.204,306030
CTD,10/21/2016 00:00:00,117.204,117.525,111.745,113.03,241380
CTD,10/24/2016 00:00:00,112.965,112.965,108.213,109.176,282690
CTD,10/25/2016 00:00:00,107.892,116.819,105.451,113.03,295480
CTD,10/26/2016 00:00:00,113.03,115.02,112.066,113.672,80120
CTD,10/27/2016 00:00:00,113.672,116.883,112.452,115.213,191650
CTD,10/28/2016 00:00:00,115.213,119.452,115.213,119.452,165260
CTD,10/31/2016 00:00:00,119.452,125.874,117.525,125.232,336520
CTD,11/1/2016 00:00:00,124.268,125.232,121.507,122.021,165680
CTD,11/2/2016 00:00:00,120.094,122.021,118.81,118.81,161790
CTD,11/3/2016 00:00:00,116.883,118.81,112.387,115.727,164320
CTD,11/4/2016 00:00:00,115.727,116.819,114.507,115.277,52330
CTD,11/7/2016 00:00:00,115.598,118.81,115.47,117.204,89900
CTD,11/8/2016 00:00:00,118.745,118.81,116.241,117.076,85100
CTD,11/9/2016 00:00:00,116.947,116.947,110.782,114.956,249230
CTD,11/10/2016 00:00:00,117.397,117.525,115.598,116.176,122920
CTD,11/11/2016 00:00:00,116.241,116.883,114.635,115.791,46150
CTD,11/14/2016 00:00:00,114.892,116.883,114.378,115.598,102340
CTD,11/15/2016 00:00:00,115.598,115.598,114.314,114.442,118130
CTD,11/16/2016 00:00:00,114.442,115.085,112.516,112.708,137420
CTD,11/17/2016 00:00:00,112.644,114.314,112.644,112.901,73500
CTD,11/18/2016 00:00:00,113.03,113.094,110.653,111.617,130370
CTD,11/21/2016 00:00:00,112.387,112.773,111.617,111.617,55160
CTD,11/22/2016 00:00:00,111.167,111.745,110.461,110.525,74620
CTD,11/23/2016 00:00:00,110.461,112.259,110.204,111.103,100170
CTD,11/24/2016 00:00:00,110.525,111.745,109.305,109.497,97010
CTD,11/25/2016 00:00:00,109.819,109.819,106.607,108.406,158980
CTD,11/28/2016 00:00:00,108.406,108.406,106.029,107.571,103070
CTD,11/29/2016 00:00:00,107.828,107.892,106.029,106.029,61240
CTD,11/30/2016 00:00:00,105.965,110.461,105.516,110.461,126040
CTD,12/1/2016 00:00:00,110.461,111.617,109.754,110.14,53040
CTD,12/2/2016 00:00:00,109.497,110.14,107.571,108.47,41030
CTD,12/5/2016 00:00:00,108.47,108.47,106.929,107.378,74120
CTD,12/6/2016 00:00:00,107.892,110.397,107.571,107.892,107290
CTD,12/7/2016 00:00:00,107.571,110.589,107.25,110.14,101450
CTD,12/8/2016 00:00:00,110.14,110.461,109.112,110.397,68440
CTD,12/9/2016 00:00:00,110.461,115.534,110.461,113.993,238190
CTD,12/12/2016 00:00:00,113.929,115.598,113.543,114.314,151300
CTD,12/13/2016 00:00:00,114.314,114.635,110.461,112.708,118240
CTD,12/14/2016 00:00:00,112.901,114.956,111.874,114.314,65830
CTD,12/15/2016 00:00:00,114.314,114.378,113.094,113.929,72200
CTD,12/16/2016 00:00:00,113.672,117.975,113.351,117.846,266800
CTD,12/19/2016 00:00:00,118.745,119.901,117.525,117.525,152110
CTD,12/20/2016 00:00:00,117.525,118.81,116.112,116.626,109320
CTD,12/21/2016 00:00:00,117.525,117.525,114.956,116.626,160750
CTD,12/22/2016 00:00:00,116.883,118.103,115.92,116.883,132340
CTD,12/23/2016 00:00:00,117.846,117.846,116.498,117.14,79980
CTD,12/26/2016 00:00:00,117.011,118.36,116.819,118.36,110120
CTD,12/27/2016 00:00:00,119.131,119.131,116.241,116.241,98900
CTD,12/28/2016 00:00:00,116.241,116.241,114.635,114.828,99540
CTD,12/29/2016 00:00:00,114.828,116.176,113.8,115.534,137720
CTD,12/30/2016 00:00:00,115.534,117.204,114.699,117.204,124660
CTD,1/3/2017 00:00:00,116.305,117.204,116.241,117.011,86650
CTD,1/4/2017 00:00:00,117.011,117.525,116.305,117.076,62570
CTD,1/5/2017 00:00:00,117.076,117.076,115.663,116.562,63640
CTD,1/6/2017 00:00:00,116.819,116.819,114.442,114.442,157610
CTD,1/9/2017 00:00:00,114.314,114.442,111.424,112.259,253570
CTD,1/10/2017 00:00:00,112.901,113.351,111.424,113.03,81990
CTD,1/11/2017 00:00:00,113.929,114.956,113.094,114.956,74360
CTD,1/12/2017 00:00:00,114.956,116.241,114.314,114.956,130800
CTD,1/13/2017 00:00:00,114.571,114.956,114.442,114.956,51670
CTD,1/16/2017 00:00:00,114.892,115.534,113.993,114.314,64760
CTD,1/17/2017 00:00:00,114.828,115.277,113.672,115.213,74740
CTD,1/18/2017 00:00:00,115.277,115.47,114.956,115.213,69120
CTD,1/19/2017 00:00:00,114.956,117.782,114.956,117.589,391090
CTD,1/20/2017 00:00:00,117.589,120.03,117.589,120.03,277980
CTD,1/23/2017 00:00:00,120.672,120.672,118.745,120.094,115800
CTD,1/24/2017 00:00:00,119.965,122.213,118.874,121.892,194160
CTD,1/25/2017 00:00:00,121.378,124.589,121.378,124.268,190750
CTD,2/2/2017 00:00:00,125.167,125.489,123.305,124.333,144360
CTD,2/3/2017 00:00:00,124.333,124.333,121.699,121.699,203060
CTD,2/6/2017 00:00:00,121.699,123.305,120.094,122.663,134210
CTD,2/7/2017 00:00:00,122.663,124.333,121.892,122.021,197450
CTD,2/8/2017 00:00:00,122.021,122.599,121.699,122.599,65960
CTD,2/9/2017 00:00:00,122.663,126.388,122.599,125.745,199980
CTD,2/10/2017 00:00:00,125.745,128.378,125.745,127.544,146670
CTD,2/13/2017 00:00:00,127.544,128.314,126.516,128.25,108530
CTD,2/14/2017 00:00:00,128.25,128.25,126.516,126.709,177640
CTD,2/15/2017 00:00:00,125.681,128.443,125.681,128.443,125590
CTD,2/16/2017 00:00:00,128.443,132.489,128.443,129.149,190240
CTD,2/17/2017 00:00:00,129.085,132.296,128.443,132.296,167910
CTD,2/20/2017 00:00:00,132.938,136.149,132.617,134.544,141920
CTD,2/21/2017 00:00:00,134.801,134.801,133.067,133.58,123690
CTD,2/22/2017 00:00:00,133.131,136.085,132.36,134.223,113600
CTD,2/23/2017 00:00:00,134.223,134.351,130.369,131.012,205620
CTD,2/24/2017 00:00:00,131.654,132.168,129.727,130.369,154950
CTD,2/27/2017 00:00:00,130.369,132.617,129.727,131.975,142720
CTD,2/28/2017 00:00:00,132.553,132.874,129.085,129.085,108810
CTD,3/1/2017 00:00:00,128.443,129.727,127.094,129.663,149080
CTD,3/2/2017 00:00:00,129.663,130.947,129.599,129.92,51700
CTD,3/3/2017 00:00:00,129.92,130.69,129.278,130.112,53440
CTD,3/6/2017 00:00:00,130.305,130.69,125.874,125.874,326680
CTD,3/7/2017 00:00:00,125.874,127.8,125.874,126.645,396780
CTD,3/8/2017 00:00:00,127.158,127.223,125.489,125.745,136210
CTD,3/9/2017 00:00:00,125.874,126.259,123.626,123.626,167140
CTD,3/10/2017 00:00:00,123.883,125.424,123.369,124.589,197210
CTD,3/13/2017 00:00:00,124.589,128.378,123.305,128.378,117350
CTD,3/14/2017 00:00:00,128.443,129.085,127.158,128.443,113100
CTD,3/15/2017 00:00:00,128.892,128.892,126.388,126.516,113940
CTD,3/16/2017 00:00:00,126.58,128.378,126.195,127.479,64200
CTD,3/17/2017 00:00:00,128.314,129.727,127.158,128.443,164070
CTD,3/20/2017 00:00:00,129.727,131.333,129.727,130.69,118740
CTD,3/21/2017 00:00:00,131.654,132.938,130.69,131.654,155940
CTD,3/22/2017 00:00:00,132.296,132.553,130.177,130.305,96850
CTD,3/23/2017 00:00:00,129.213,130.883,129.213,130.69,132040
CTD,3/24/2017 00:00:00,131.012,133.259,131.012,132.296,274460
CTD,3/27/2017 00:00:00,132.938,138.076,132.296,138.076,234570
CTD,3/28/2017 00:00:00,138.076,138.076,135.507,136.149,107310
CTD,3/29/2017 00:00:00,136.791,138.718,135.507,136.149,124180
CTD,3/30/2017 00:00:00,136.149,137.434,133.58,133.58,103230
CTD,3/31/2017 00:00:00,134.544,134.865,132.938,134.48,69220
CTD,4/3/2017 00:00:00,133.58,134.544,131.782,131.975,123050
CTD,4/4/2017 00:00:00,131.975,131.975,129.599,131.012,223600
CTD,4/5/2017 00:00:00,130.369,130.369,128.25,128.314,306900
CTD,4/7/2017 00:00:00,128.443,130.369,127.158,130.369,199200
CTD,4/10/2017 00:00:00,130.048,132.103,129.534,132.103,99010
CTD,4/11/2017 00:00:00,132.103,133.902,131.333,131.654,93740
CTD,4/12/2017 00:00:00,131.012,131.14,128.507,129.663,139520
CTD,4/13/2017 00:00:00,129.085,131.012,129.085,129.727,81710
CTD,4/14/2017 00:00:00,129.085,129.149,127.158,127.8,162870
CTD,4/17/2017 00:00:00,128.443,129.534,127.736,127.8,136000
CTD,4/18/2017 00:00:00,127.8,129.085,126.195,129.085,168770
CTD,4/19/2017 00:00:00,129.085,130.883,128.443,130.048,93000
CTD,4/20/2017 00:00:00,130.369,131.975,129.727,131.204,151790
CTD,4/21/2017 00:00:00,131.654,131.654,130.69,131.268,246000
CTD,4/24/2017 00:00:00,131.333,131.654,129.085,129.856,58650
CTD,4/25/2017 00:00:00,129.856,131.333,129.599,130.819,98910
CTD,4/26/2017 00:00:00,131.268,131.59,130.819,131.012,97960
CTD,4/27/2017 00:00:00,131.59,132.489,131.076,131.654,117880
CTD,4/28/2017 00:00:00,132.232,132.232,130.241,131.012,63580
CTD,5/3/2017 00:00:00,131.012,131.654,129.856,129.856,49130
CTD,5/4/2017 00:00:00,129.085,129.599,128.122,128.314,178850
CTD,5/5/2017 00:00:00,128.314,129.149,128.186,128.764,49820
CTD,5/8/2017 00:00:00,129.149,129.727,128.378,129.406,124560
CTD,5/9/2017 00:00:00,129.727,130.947,129.534,130.69,98100
CTD,5/10/2017 00:00:00,130.69,131.268,129.791,130.048,59000
CTD,5/11/2017 00:00:00,130.048,130.048,129.021,129.406,108180
CTD,5/12/2017 00:00:00,129.149,129.856,128.956,129.085,76290
CTD,5/15/2017 00:00:00,128.571,130.947,128.25,130.369,125820
CTD,5/16/2017 00:00:00,130.369,130.947,129.085,129.085,72810
CTD,5/17/2017 00:00:00,129.085,130.755,129.085,130.626,105170
CTD,5/18/2017 00:00:00,130.947,130.947,129.92,130.048,67470
CTD,5/19/2017 00:00:00,130.369,130.369,129.085,129.727,50370
CTD,5/22/2017 00:00:00,129.727,129.791,128.443,128.892,123280
CTD,5/23/2017 00:00:00,128.892,128.956,127.865,128.443,71650
CTD,5/24/2017 00:00:00,128.892,129.727,128.443,129.085,63060
CTD,5/25/2017 00:00:00,129.727,134.865,128.956,134.865,180420
CTD,5/26/2017 00:00:00,135.443,138.076,134.865,136.791,230350
CTD,5/29/2017 00:00:00,137.113,137.819,135.892,136.791,120210
CTD,5/30/2017 00:00:00,137.434,138.333,133.58,133.58,118460
CTD,5/31/2017 00:00:00,132.296,137.755,132.296,137.434,155720
CTD,6/1/2017 00:00:00,137.434,137.434,136.149,137.113,53270
CTD,6/2/2017 00:00:00,137.113,137.113,135.186,136.791,58920
CTD,6/5/2017 00:00:00,137.113,137.369,134.287,134.415,147150
CTD,6/6/2017 00:00:00,133.58,136.149,133.58,135.571,50740
CTD,6/7/2017 00:00:00,135.314,137.113,134.865,136.149,87500
CTD,6/8/2017 00:00:00,135.828,136.663,135.507,135.892,67350
CTD,6/9/2017 00:00:00,134.993,136.149,134.287,134.415,61440
CTD,6/12/2017 00:00:00,134.865,134.865,133.58,134.608,55320
CTD,6/13/2017 00:00:00,133.902,135.186,133.902,135.058,27850
CTD,6/14/2017 00:00:00,134.929,139.553,134.865,139.553,262390
CTD,6/15/2017 00:00:00,140.324,140.516,138.333,138.718,51140
CTD,6/16/2017 00:00:00,141.287,141.287,138.718,139.36,66560
CTD,6/19/2017 00:00:00,139.36,139.938,139.039,139.36,113010
CTD,6/20/2017 00:00:00,139.36,140.388,137.434,138.847,218390
CTD,6/21/2017 00:00:00,138.718,138.718,136.149,138.076,144310
CTD,6/22/2017 00:00:00,138.076,138.654,137.434,138.204,47610
CTD,6/23/2017 00:00:00,138.718,143.535,136.984,140.324,176120
CTD,6/26/2017 00:00:00,140.645,140.645,138.718,140.003,26800
CTD,6/27/2017 00:00:00,140.003,140.645,139.425,140.324,66970
CTD,6/28/2017 00:00:00,140.324,140.966,140.003,140.452,106730
CTD,6/29/2017 00:00:00,140.324,140.645,138.782,140.516,100660
CTD,6/30/2017 00:00:00,140.645,140.645,138.718,139.039,89990
CTD,7/3/2017 00:00:00,138.718,138.718,135.571,135.828,158770
CTD,7/4/2017 00:00:00,135.828,137.113,134.736,137.113,123960
CTD,7/5/2017 00:00:00,137.434,139.039,137.048,138.718,103040
CTD,7/6/2017 00:00:00,138.718,139.874,138.076,139.681,95310
CTD,7/7/2017 00:00:00,139.36,139.681,138.076,138.076,52310
CTD,7/10/2017 00:00:00,138.076,138.076,136.791,137.434,30230
CTD,7/11/2017 00:00:00,137.434,138.397,136.021,137.113,103610
CTD,7/12/2017 00:00:00,138.076,138.076,136.149,136.791,22850
CTD,7/13/2017 00:00:00,137.755,138.076,136.278,138.076,62410
CTD,7/14/2017 00:00:00,138.076,138.076,137.305,138.012,5270
CTD,7/17/2017 00:00:00,136.535,137.434,135.186,137.369,61130
CTD,7/18/2017 00:00:00,137.369,137.369,134.865,134.865,37590
CTD,7/19/2017 00:00:00,134.865,135.892,133.902,133.902,38720
CTD,7/20/2017 00:00:00,129.727,132.938,129.406,129.727,157570
CTD,7/21/2017 00:00:00,131.333,131.333,125.232,125.232,155490
CTD,7/24/2017 00:00:00,124.911,126.837,121.892,126.837,129320
CTD,7/25/2017 00:00:00,126.837,126.837,124.333,125.874,95010
CTD,7/26/2017 00:00:00,127.158,128.443,126.388,127.094,47870
CTD,7/27/2017 00:00:00,127.094,128.314,126.901,127.8,47790
CTD,7/28/2017 00:00:00,127.8,131.012,127.03,131.012,63440
CTD,7/31/2017 00:00:00,131.012,133.902,129.727,133.773,91500
CTD,8/1/2017 00:00:00,133.773,134.801,131.012,134.801,111500
CTD,8/2/2017 00:00:00,131.012,134.736,131.012,134.736,129110
CTD,8/3/2017 00:00:00,132.617,134.929,132.617,134.094,62450
CTD,8/4/2017 00:00:00,133.58,134.351,133.58,134.223,59590
CTD,8/7/2017 00:00:00,134.223,135.828,134.094,135.507,74820
CTD,8/8/2017 00:00:00,136.149,136.663,135.507,135.957,48070
CTD,8/9/2017 00:00:00,135.957,135.957,133.324,134.158,74600
CTD,8/10/2017 00:00:00,133.902,135.828,133.902,134.865,54330
CTD,8/11/2017 00:00:00,134.865,134.865,132.938,133.773,16670
CTD,8/14/2017 00:00:00,133.773,134.415,133.773,134.094,37390
CTD,8/15/2017 00:00:00,133.902,134.223,133.902,133.966,28210
CTD,8/16/2017 00:00:00,133.902,136.085,133.902,136.021,57730
CTD,8/17/2017 00:00:00,136.278,137.434,134.865,134.865,71930
CTD,8/18/2017 00:00:00,134.865,135.186,134.223,134.223,40100
CTD,8/21/2017 00:00:00,134.223,134.865,134.223,134.48,71750
CTD,8/22/2017 00:00:00,134.223,136.149,134.223,134.865,44370
CTD,8/23/2017 00:00:00,134.865,135.507,134.865,135.507,18800
CTD,8/24/2017 00:00:00,135.507,138.204,135.507,137.434,67010
CTD,8/25/2017 00:00:00,136.149,138.269,136.149,138.076,48230
CTD,8/28/2017 00:00:00,138.59,138.59,136.791,138.012,28260
CTD,8/29/2017 00:00:00,137.113,138.012,136.791,137.113,58380
CTD,8/30/2017 00:00:00,138.757,138.757,137.047,137.376,106620
CTD,8/31/2017 00:00:00,137.77,137.77,137.113,137.441,91150
CTD,9/1/2017 00:00:00,137.573,138.099,136.784,136.85,16980
CTD,9/5/2017 00:00:00,138.099,138.099,136.455,137.441,25140
CTD,9/6/2017 00:00:00,137.441,137.441,136.455,136.915,36940
CTD,9/7/2017 00:00:00,136.981,137.441,136.784,136.981,9890
CTD,9/8/2017 00:00:00,136.981,137.836,136.981,137.704,47510
CTD,9/11/2017 00:00:00,138.099,139.085,137.113,137.244,45620
CTD,9/12/2017 00:00:00,136.85,137.77,136.85,137.441,57200
CTD,9/13/2017 00:00:00,137.441,138.757,136.521,138.757,96930
CTD,9/14/2017 00:00:00,138.757,140.401,138.099,140.072,90420
CTD,9/15/2017 00:00:00,140.203,140.664,140.072,140.138,51200
CTD,9/18/2017 00:00:00,140.138,140.203,137.441,138.757,23500
CTD,9/19/2017 00:00:00,138.757,139.414,137.178,138.099,18310
CTD,9/20/2017 00:00:00,138.099,138.757,137.441,138.033,23760
CTD,9/21/2017 00:00:00,138.625,138.625,137.902,137.902,16270
CTD,9/22/2017 00:00:00,137.77,138.757,137.77,138.099,36550
CTD,9/25/2017 00:00:00,138.099,138.099,137.178,137.244,12010
CTD,9/26/2017 00:00:00,137.244,137.967,136.784,137.507,33450
CTD,9/27/2017 00:00:00,137.507,138.757,137.441,137.967,44740
CTD,9/28/2017 00:00:00,137.967,138.428,136.85,136.85,22720
CTD,9/29/2017 00:00:00,136.587,137.441,136.521,136.784,35720
CTD,10/2/2017 00:00:00,136.784,137.244,135.797,136.126,12200
CTD,10/3/2017 00:00:00,136.652,136.652,132.838,134.482,99260
CTD,10/4/2017 00:00:00,133.561,136.915,133.561,136.784,17950
CTD,10/5/2017 00:00:00,137.441,137.441,135.271,135.469,78010
CTD,10/6/2017 00:00:00,135.469,135.797,133.561,133.561,63120
CTD,10/9/2017 00:00:00,134.022,134.285,132.97,133.496,43270
CTD,10/10/2017 00:00:00,133.496,134.088,132.575,133.496,37440
CTD,10/11/2017 00:00:00,133.035,136.784,133.035,136.126,36110
CTD,10/12/2017 00:00:00,135.797,136.455,135.797,136.126,33930
CTD,10/13/2017 00:00:00,136.126,136.126,134.811,136.126,78670
CTD,10/16/2017 00:00:00,136.784,139.414,136.784,138.691,196490
CTD,10/17/2017 00:00:00,139.414,140.072,139.085,139.677,120370
CTD,10/18/2017 00:00:00,140.072,141.256,139.743,140.072,81700
CTD,10/19/2017 00:00:00,140.072,140.664,138.757,140.072,62690
CTD,10/20/2017 00:00:00,140.072,141.519,140.072,140.729,93290
CTD,10/23/2017 00:00:00,141.387,141.387,136.323,136.718,114980
CTD,10/24/2017 00:00:00,136.192,140.072,135.469,138.099,110070
CTD,10/25/2017 00:00:00,138.757,139.348,137.178,138.099,16590
CTD,10/26/2017 00:00:00,138.099,138.757,137.441,138.099,111970
CTD,10/27/2017 00:00:00,138.099,140.729,138.099,140.729,101610
CTD,10/30/2017 00:00:00,142.045,146.582,141.519,146.582,356230
CTD,10/31/2017 00:00:00,147.963,148.095,143.36,143.36,110380
CTD,11/1/2017 00:00:00,144.609,147.306,144.018,145.99,97930
CTD,11/2/2017 00:00:00,145.99,149.278,145.99,148.621,245180
CTD,11/3/2017 00:00:00,148.621,148.95,147.24,147.963,62770
CTD,11/6/2017 00:00:00,149.936,156.512,147.963,156.512,156320
CTD,11/7/2017 00:00:00,154.539,155.394,145.925,155,124280
CTD,11/8/2017 00:00:00,155,157.762,154.868,155.197,195690
CTD,11/9/2017 00:00:00,155.197,155.329,150.923,151.251,105390
CTD,11/10/2017 00:00:00,151.251,154.539,150.462,151.909,176450
CTD,11/13/2017 00:00:00,151.909,155.197,150.594,154.539,102900
CTD,11/14/2017 00:00:00,155.789,157.827,154.539,157.17,347860
CTD,11/15/2017 00:00:00,157.17,161.05,154.539,156.315,105500
CTD,11/16/2017 00:00:00,153.882,156.512,152.567,153.882,126090
CTD,11/17/2017 00:00:00,153.882,154.868,151.054,151.909,109260
CTD,11/20/2017 00:00:00,151.909,151.909,149.278,149.673,97440
CTD,11/21/2017 00:00:00,151.251,154.868,149.936,151.712,107120
CTD,11/22/2017 00:00:00,151.251,153.882,151.251,153.158,35610
CTD,11/23/2017 00:00:00,153.158,157.17,151.909,153.882,102370
CTD,11/24/2017 00:00:00,154.539,154.539,152.764,154.079,105530
CTD,11/27/2017 00:00:00,154.211,154.211,151.909,152.238,67650
CTD,11/28/2017 00:00:00,152.238,152.895,149.213,150.528,115950
CTD,11/29/2017 00:00:00,149.278,152.567,149.147,151.909,111550
CTD,11/30/2017 00:00:00,153.093,153.093,149.41,149.476,142530
CTD,12/1/2017 00:00:00,149.476,150.594,148.621,149.542,100180
CTD,12/4/2017 00:00:00,149.936,151.909,148.292,148.621,184210
CTD,12/5/2017 00:00:00,150.594,150.594,147.963,147.963,122850
CTD,12/6/2017 00:00:00,147.963,147.963,145.333,146.319,81780
CTD,12/7/2017 00:00:00,145.333,147.306,142.571,142.637,164900
CTD,12/8/2017 00:00:00,142.242,142.242,139.809,140.795,222790
CTD,12/11/2017 00:00:00,140.795,144.412,140.072,141.387,145820
CTD,12/12/2017 00:00:00,142.045,143.689,139.94,143.426,139360
CTD,12/13/2017 00:00:00,147.174,147.174,143.36,143.491,107600
CTD,12/14/2017 00:00:00,143.491,146.648,142.702,146.056,91810
CTD,12/15/2017 00:00:00,145.399,151.843,145.333,148.621,181670
CTD,12/18/2017 00:00:00,148.621,150.265,148.621,148.95,102360
CTD,12/19/2017 00:00:00,148.95,149.607,144.675,147.24,139530
CTD,12/20/2017 00:00:00,147.24,147.963,142.045,143.36,99600
CTD,12/21/2017 00:00:00,143.36,145.004,142.045,143.36,129470
CTD,12/22/2017 00:00:00,143.36,143.36,140.138,140.927,183160
CTD,12/25/2017 00:00:00,143.36,144.018,141.387,144.018,20110
CTD,12/26/2017 00:00:00,143.36,144.741,142.045,144.018,33150
CTD,12/27/2017 00:00:00,145.925,145.925,143.426,144.018,76910
CTD,12/28/2017 00:00:00,144.675,146.648,143.689,146.648,49220
CTD,12/29/2017 00:00:00,146.648,149.278,146.648,148.95,105020
CTD,1/2/2018 00:00:00,148.95,150.594,148.95,149.607,38450
CTD,1/3/2018 00:00:00,150.265,150.265,148.161,149.278,97590
CTD,1/4/2018 00:00:00,149.542,151.251,141.387,151.251,221850
CTD,1/5/2018 00:00:00,151.251,153.29,149.607,149.607,162170
CTD,1/8/2018 00:00:00,149.607,150.594,147.306,147.963,149570
CTD,1/9/2018 00:00:00,148.621,149.278,146.714,148.621,157460
CTD,1/10/2018 00:00:00,147.963,149.213,145.333,147.306,107780
CTD,1/11/2018 00:00:00,146.122,146.188,143.36,143.36,124130
CTD,1/12/2018 00:00:00,140.729,145.662,140.729,145.333,245920
CTD,1/15/2018 00:00:00,145.662,145.662,143.557,145.267,68800
CTD,1/16/2018 00:00:00,144.675,145.267,142.176,142.176,191710
CTD,1/17/2018 00:00:00,144.675,144.675,140.401,140.729,224840
CTD,1/18/2018 00:00:00,140.729,140.729,137.902,138.099,268370
CTD,1/19/2018 00:00:00,138.099,141.321,136.652,138.757,269350
CTD,1/22/2018 00:00:00,138.757,138.757,135.469,135.469,184460
CTD,1/25/2018 00:00:00,135.469,135.469,130.142,130.865,392050
CTD,1/26/2018 00:00:00,130.865,130.865,124.947,125.604,474940
CTD,1/29/2018 00:00:00,124.947,126.262,118.239,126.262,1.1477e+006
CTD,1/30/2018 00:00:00,126.525,135.074,124.223,135.074,694490
CTD,1/31/2018 00:00:00,134.811,134.811,129.55,132.18,111000
CTD,2/1/2018 00:00:00,128.892,131.523,124.223,127.577,397100
CTD,2/2/2018 00:00:00,127.577,127.643,122.316,122.316,230470
CTD,2/5/2018 00:00:00,122.316,127.248,120.606,123.697,174120
CTD,2/6/2018 00:00:00,115.74,120.343,115.083,115.083,572360
CTD,2/7/2018 00:00:00,119.357,121.659,117.055,118.634,166860
CTD,2/8/2018 00:00:00,118.371,118.634,114.425,116.398,138700
CTD,2/9/2018 00:00:00,113.11,119.686,112.452,119.028,141470
CTD,2/12/2018 00:00:00,121.001,125.473,121.001,123.368,115060
CTD,2/13/2018 00:00:00,125.539,125.604,123.632,124.486,76230
CTD,2/21/2018 00:00:00,125.604,125.604,121.001,121.659,151210
CTD,2/22/2018 00:00:00,121.659,121.659,117.055,118.305,246000
CTD,2/23/2018 00:00:00,118.371,120.015,116.398,119.028,198380
CTD,2/26/2018 00:00:00,119.028,121.987,118.371,118.371,115120
CTD,2/27/2018 00:00:00,118.371,121.001,118.371,121.001,136080
CTD,2/28/2018 00:00:00,119.686,119.752,118.371,119.028,117430
CTD,3/1/2018 00:00:00,118.371,118.897,115.609,115.609,242330
CTD,3/2/2018 00:00:00,115.083,115.74,113.175,114.293,174650
CTD,3/5/2018 00:00:00,115.083,120.343,114.754,117.384,181170
CTD,3/6/2018 00:00:00,119.686,119.686,117.384,119.028,151880
CTD,3/7/2018 00:00:00,118.371,118.699,116.069,117.055,195350
CTD,3/8/2018 00:00:00,117.055,119.686,114.425,119.686,415160
CTD,3/9/2018 00:00:00,119.686,121.33,117.713,117.779,499200
CTD,3/12/2018 00:00:00,117.713,118.371,115.609,115.609,222020
CTD,3/13/2018 00:00:00,115.411,116.069,112.781,113.044,391200
CTD,3/14/2018 00:00:00,113.044,114.359,109.887,109.887,515790
CTD,3/15/2018 00:00:00,109.887,109.887,105.876,108.506,769010
CTD,3/16/2018 00:00:00,108.506,108.506,105.547,106.205,405550
CTD,3/19/2018 00:00:00,106.205,108.178,105.876,106.27,319070
CTD,3/20/2018 00:00:00,106.27,110.479,106.27,109.164,417690
CTD,3/21/2018 00:00:00,109.822,114.425,109.822,112.978,369730
CTD,3/22/2018 00:00:00,112.978,113.044,111.137,111.466,230840
CTD,3/23/2018 00:00:00,106.665,111.466,106.665,108.835,253450
CTD,3/26/2018 00:00:00,108.835,108.835,106.205,106.27,279880
CTD,3/27/2018 00:00:00,106.27,107.849,103.903,103.903,449840
CTD,3/28/2018 00:00:00,103.903,103.903,99.9574,100.023,405280
CTD,3/29/2018 00:00:00,99.6286,99.9574,97.6557,98.0503,413740
CTD,3/30/2018 00:00:00,97.9845,103.837,97.9845,103.837,214050
CTD,4/2/2018 00:00:00,104.561,106.073,101.273,103.245,261970
CTD,4/3/2018 00:00:00,102.654,102.851,99.9574,100.615,193880
CTD,4/4/2018 00:00:00,100.286,100.615,96.6693,96.6693,446830
CTD,4/5/2018 00:00:00,97.7873,101.141,97.6557,99.9574,269580
CTD,4/6/2018 00:00:00,99.9574,102.719,99.9574,101.93,193680
CTD,4/9/2018 00:00:00,102.259,102.917,99.9574,100.023,219330
CTD,4/10/2018 00:00:00,101.273,102.654,100.023,102.654,284650
CTD,4/11/2018 00:00:00,103.508,106.862,102.917,105.35,580470
CTD,4/12/2018 00:00:00,105.35,105.876,103.772,103.903,189430
CTD,4/13/2018 00:00:00,103.903,105.218,100.615,100.615,190610
CTD,4/16/2018 00:00:00,99.9574,100.023,97.4585,98.6422,221990
CTD,4/17/2018 00:00:00,99.2998,100.615,98.7737,99.4313,179740
CTD,4/18/2018 00:00:00,99.1682,99.9574,96.0117,96.0117,308180
CTD,4/19/2018 00:00:00,96.0117,96.2747,90.0932,90.8823,552200
CTD,4/20/2018 00:00:00,90.8823,97.1954,90.8823,97.1954,162160
CTD,4/23/2018 00:00:00,97.3269,97.59,91.7372,92.066,245310
CTD,4/24/2018 00:00:00,90.9481,91.4084,90.2247,90.422,190990
CTD,4/26/2018 00:00:00,90.422,91.4084,87.3969,87.5285,263780
CTD,4/27/2018 00:00:00,87.2654,90.7508,87.0681,88.7779,142810
CTD,5/2/2018 00:00:00,90.0932,90.0932,86.8709,86.8709,73920
CTD,5/3/2018 00:00:00,85.6214,85.8187,84.3719,85.4241,236970
CTD,5/4/2018 00:00:00,85.8187,88.5807,85.8187,88.4491,84630
CTD,5/7/2018 00:00:00,87.4627,90.0932,86.7393,90.0932,112260
CTD,5/8/2018 00:00:00,91.6714,91.803,89.1067,89.2383,143600
CTD,5/9/2018 00:00:00,89.2383,94.6965,88.1203,93.3812,334010
CTD,5/10/2018 00:00:00,92.1318,95.4856,91.803,93.447,519070
CTD,5/11/2018 00:00:00,92.7236,95.5514,92.066,95.1568,294920
CTD,5/14/2018 00:00:00,95.6171,98.6422,95.4856,97.3269,308340
CTD,5/15/2018 00:00:00,97.3269,99.6286,96.9981,98.5764,202100
CTD,5/16/2018 00:00:00,98.971,98.971,94.7622,95.7486,149630
CTD,5/17/2018 00:00:00,95.7486,95.9459,94.0389,94.6965,102830
CTD,5/18/2018 00:00:00,94.3677,95.8802,92.7236,94.6965,106010
CTD,5/21/2018 00:00:00,94.6965,97.6557,94.1704,95.091,121660
CTD,5/22/2018 00:00:00,95.091,96.6035,93.3812,95.091,126560
CTD,5/23/2018 00:00:00,93.3812,93.71,89.3698,90.7508,526190
CTD,5/24/2018 00:00:00,90.0274,90.685,85.1611,85.1611,459340
CTD,5/25/2018 00:00:00,85.1611,85.1611,80.0974,80.229,583280
CTD,5/28/2018 00:00:00,79.7686,84.1089,79.1768,81.5442,394480
CTD,5/29/2018 00:00:00,82.2018,87.1997,82.2018,87.1997,431190
CTD,5/30/2018 00:00:00,90.0274,91.0796,87.4627,90.7508,296420
CTD,5/31/2018 00:00:00,89.4356,94.3677,88.1203,93.3812,317800
CTD,6/1/2018 00:00:00,94.3019,94.3677,91.0796,93.7758,499260
CTD,6/4/2018 00:00:00,98.5764,98.5764,95.6829,96.6693,571650
CTD,6/5/2018 00:00:00,96.3405,102.851,96.3405,102.588,615670
CTD,6/6/2018 00:00:00,102.588,108.243,102.588,107.849,470370
CTD,6/7/2018 00:00:00,109.164,109.822,105.021,105.021,293970
CTD,6/8/2018 00:00:00,103.245,104.429,101.01,103.574,390020
CTD,6/11/2018 00:00:00,102.588,108.506,101.799,105.284,260070
CTD,6/12/2018 00:00:00,105.218,105.218,102.128,103.048,182770
CTD,6/13/2018 00:00:00,104.561,105.876,103.311,105.876,348310
CTD,6/14/2018 00:00:00,105.547,107.125,104.692,105.218,196890
CTD,6/15/2018 00:00:00,105.218,107.454,105.218,106.007,121400
CTD,6/18/2018 00:00:00,106.007,106.205,99.2998,99.4313,365890
CTD,6/19/2018 00:00:00,98.6422,99.1682,95.3541,98.6422,284060
CTD,6/20/2018 00:00:00,98.6422,103.245,96.6693,103.245,118310
CTD,6/21/2018 00:00:00,103.245,103.311,101.404,101.996,136280
CTD,6/22/2018 00:00:00,100.615,102.917,100.023,101.93,44170
CTD,6/25/2018 00:00:00,103.245,104.889,102.588,103.903,105740
CTD,6/26/2018 00:00:00,103.245,103.837,101.93,102.128,42010
CTD,6/27/2018 00:00:00,103.18,104.1,102.259,102.588,170850
CTD,6/28/2018 00:00:00,102.588,102.588,99.2998,99.2998,151410
CTD,6/29/2018 00:00:00,100.418,101.601,97.59,100.22,171280
CTD,7/2/2018 00:00:00,98.971,99.9574,96.0775,97.3269,107300
CTD,7/3/2018 00:00:00,96.7351,98.6422,93.3812,93.3812,97400
CTD,7/4/2018 00:00:00,94.0389,94.0389,91.0796,91.0796,202620
CTD,7/5/2018 00:00:00,93.2497,93.2497,86.8709,88.4491,312840
CTD,7/6/2018 00:00:00,86.3448,92.7236,86.3448,91.3426,259720
CTD,7/9/2018 00:00:00,93.3155,94.0389,90.9481,92.7236,106880
CTD,7/10/2018 00:00:00,92.1318,94.0389,92.1318,93.3812,102680
CTD,7/11/2018 00:00:00,92.2633,92.2633,91.0796,91.1453,120460
CTD,7/12/2018 00:00:00,90.422,93.71,89.5013,91.7372,44830
CTD,7/13/2018 00:00:00,91.7372,93.5785,91.4742,93.3812,153220
CTD,7/16/2018 00:00:00,93.71,96.6693,93.3812,95.6829,126580
CTD,7/17/2018 00:00:00,96.209,96.209,93.3812,96.0117,76110
CTD,7/18/2018 00:00:00,96.0117,98.6422,96.0117,98.3133,190730
CTD,7/19/2018 00:00:00,98.8394,100.023,97.9845,99.6286,176010
CTD,7/20/2018 00:00:00,98.971,100.22,97.9845,99.2998,169510
CTD,7/23/2018 00:00:00,99.2998,99.2998,96.6693,96.7351,73850
CTD,7/24/2018 00:00:00,96.7351,96.7351,94.0389,95.3541,105250
CTD,7/25/2018 00:00:00,96.6693,98.6422,96.3405,96.9981,70380
CTD,7/26/2018 00:00:00,97.4585,97.4585,95.3541,95.4198,63310
CTD,7/27/2018 00:00:00,96.3405,97.6557,95.6829,96.6693,126630
CTD,7/30/2018 00:00:00,98.0503,98.5764,97.3269,98.3791,65000
CTD,7/31/2018 00:00:00,98.6422,100.155,98.6422,99.8916,151230
CTD,8/1/2018 00:00:00,101.207,102.917,101.075,102.259,232940
CTD,8/2/2018 00:00:00,102.259,104.561,102.259,104.561,332630
CTD,8/3/2018 00:00:00,105.218,107.191,104.561,105.876,397020
CTD,8/6/2018 00:00:00,106.468,106.468,102.917,102.917,228320
CTD,8/7/2018 00:00:00,102.588,102.982,101.667,101.799,236830
CTD,8/8/2018 00:00:00,101.93,102.456,101.273,101.404,171460
CTD,8/9/2018 00:00:00,101.273,104.232,99.9574,103.245,245170
CTD,8/10/2018 00:00:00,103.772,104.298,103.18,103.245,108380
CTD,8/13/2018 00:00:00,103.925,106.574,102.227,105.962,250660
CTD,8/14/2018 00:00:00,105.623,107.525,104.264,107.321,455180
CTD,8/15/2018 00:00:00,107.321,107.321,103.925,103.925,84160
CTD,8/16/2018 00:00:00,103.313,104.264,102.227,104.264,110080
CTD,8/17/2018 00:00:00,104.196,104.604,102.295,104.264,74220
CTD,8/20/2018 00:00:00,103.925,104.332,102.702,103.925,125550
CTD,8/21/2018 00:00:00,103.449,103.925,103.042,103.245,55810
CTD,8/22/2018 00:00:00,103.245,106.098,103.245,105.283,174030
CTD,8/23/2018 00:00:00,105.962,105.962,104.196,105.283,72030
CTD,8/24/2018 00:00:00,105.283,108.679,105.147,108.679,437920
CTD,8/27/2018 00:00:00,108.951,110.581,108.679,109.902,272200
CTD,8/28/2018 00:00:00,110.174,112.144,109.019,112.008,338550
CTD,8/29/2018 00:00:00,111.94,112.347,110.106,110.106,215330
CTD,8/30/2018 00:00:00,110.106,114.793,110.106,114.453,359490
CTD,8/31/2018 00:00:00,113.502,114.385,112.415,112.415,81030
CTD,9/4/2018 00:00:00,112.212,112.415,110.649,110.717,92910
CTD,9/5/2018 00:00:00,109.495,113.434,109.495,111.396,159540
CTD,9/6/2018 00:00:00,111.396,113.095,110.378,110.717,130560
CTD,9/7/2018 00:00:00,111.396,112.076,110.378,111.532,67570
CTD,9/10/2018 00:00:00,112.076,112.755,110.242,110.242,43560
CTD,9/11/2018 00:00:00,110.242,111.736,110.038,111.396,142300
CTD,9/12/2018 00:00:00,112.008,113.366,110.038,111.396,192220
CTD,9/13/2018 00:00:00,111.396,112.008,110.513,110.853,84140
CTD,9/14/2018 00:00:00,110.717,111.396,110.717,110.717,75770
CTD,9/17/2018 00:00:00,110.106,110.717,108.747,108.747,198440
CTD,9/18/2018 00:00:00,108.679,110.649,108.34,110.378,142470
CTD,9/19/2018 00:00:00,111.94,111.94,110.242,110.378,110500
CTD,9/20/2018 00:00:00,110.038,111.057,110.038,110.717,123950
CTD,9/21/2018 00:00:00,111.396,113.774,110.378,113.434,576270
CTD,9/24/2018 00:00:00,113.638,115.472,113.434,115.336,236590
CTD,9/25/2018 00:00:00,115.336,115.472,113.706,114.113,124980
CTD,9/26/2018 00:00:00,113.978,114.385,112.755,112.755,203380
CTD,9/27/2018 00:00:00,112.755,114.589,112.144,114.317,183680
CTD,9/28/2018 00:00:00,114.453,114.793,112.755,112.755,107840
CTD,10/1/2018 00:00:00,112.755,113.23,111.532,111.94,181810
CTD,10/2/2018 00:00:00,111.94,112.483,111.057,111.057,146240
CTD,10/3/2018 00:00:00,111.057,111.872,110.717,111.057,105570
CTD,10/4/2018 00:00:00,111.125,112.076,111.057,111.94,64060
CTD,10/5/2018 00:00:00,111.94,114.249,111.94,112.755,296250
CTD,10/8/2018 00:00:00,114.113,114.453,112.076,112.823,166210
CTD,10/9/2018 00:00:00,112.755,113.842,112.619,112.619,47380
CTD,10/10/2018 00:00:00,112.687,113.095,112.144,112.619,56850
CTD,10/11/2018 00:00:00,109.019,110.378,105.283,106.302,330540
CTD,10/12/2018 00:00:00,105.962,107.321,104.808,106.03,221700
CTD,10/15/2018 00:00:00,106.845,108.679,104.604,105.962,124210
CTD,10/16/2018 00:00:00,105.962,107.049,105.623,106.778,39210
CTD,10/17/2018 00:00:00,107.457,108,106.981,106.981,30400
CTD,10/18/2018 00:00:00,106.981,108,105.962,105.962,80400
CTD,10/19/2018 00:00:00,105.283,105.555,104.604,104.944,105390
CTD,10/22/2018 00:00:00,105.962,105.962,103.178,103.178,80970
CTD,10/23/2018 00:00:00,102.77,102.77,99.1021,99.8492,139680
CTD,10/24/2018 00:00:00,98.8304,100.528,98.4907,98.4907,54090
CTD,10/25/2018 00:00:00,95.0945,98.4228,95.0945,97.8115,42890
CTD,10/26/2018 00:00:00,99.17,99.8492,95.0945,96.453,93570
CTD,10/29/2018 00:00:00,95.8417,96.453,94.4832,94.4832,73120
CTD,10/30/2018 00:00:00,94.4153,96.9964,94.0756,95.0945,82480
CTD,10/31/2018 00:00:00,97.4719,98.8983,96.453,98.8983,99370
CTD,11/1/2018 00:00:00,98.8983,99.9851,98.8304,99.8492,65150
CTD,11/2/2018 00:00:00,99.2379,103.517,99.2379,102.906,92460
CTD,11/5/2018 00:00:00,102.906,103.11,101.887,102.702,55960
CTD,11/6/2018 00:00:00,102.702,103.585,101.955,103.245,59490
CTD,11/7/2018 00:00:00,102.906,103.449,102.023,103.245,76160
CTD,11/8/2018 00:00:00,103.381,103.381,102.566,103.245,32920
CTD,11/9/2018 00:00:00,101.955,103.178,101.683,101.819,40270
CTD,11/12/2018 00:00:00,100.528,100.528,99.17,100.325,20690
CTD,11/13/2018 00:00:00,96.7926,99.7813,96.7926,98.4907,59500
CTD,11/14/2018 00:00:00,98.4907,100.664,98.4907,99.17,47960
CTD,11/15/2018 00:00:00,99.17,100.461,98.8304,98.8304,82760
CTD,11/16/2018 00:00:00,99.8492,100.461,98.7624,100.461,67630
CTD,11/19/2018 00:00:00,101.208,102.566,100.528,101.887,65950
CTD,11/20/2018 00:00:00,101.887,102.566,101.547,102.566,150980
CTD,11/21/2018 00:00:00,102.498,104.264,101.887,104.264,254590
CTD,11/22/2018 00:00:00,105.147,105.147,103.789,104.264,18320
CTD,11/23/2018 00:00:00,103.993,103.993,102.906,103.042,22320
CTD,11/26/2018 00:00:00,99.8492,103.042,99.8492,102.227,55340
CTD,11/27/2018 00:00:00,104.604,106.03,104.604,105.283,190240
CTD,11/28/2018 00:00:00,105.283,107.321,105.283,106.845,80420
CTD,11/29/2018 00:00:00,107.593,107.593,105.962,106.642,53610
CTD,11/30/2018 00:00:00,106.642,106.642,104.672,105.623,20730
CTD,12/3/2018 00:00:00,105.623,108,105.079,108,125680
CTD,12/4/2018 00:00:00,108,108.34,106.574,106.642,70780
CTD,12/5/2018 00:00:00,105.623,106.642,105.623,106.642,88330
CTD,12/6/2018 00:00:00,105.623,106.642,105.623,106.642,42350
CTD,12/7/2018 00:00:00,106.642,107.932,105.962,107.661,120190
CTD,12/10/2018 00:00:00,106.981,107.321,105.283,105.283,130120
CTD,12/11/2018 00:00:00,105.283,106.574,105.283,106.37,56680
CTD,12/12/2018 00:00:00,105.962,107.661,105.962,106.506,143600
CTD,12/13/2018 00:00:00,106.506,108.679,106.506,108.272,416100
CTD,12/14/2018 00:00:00,108.679,110.038,108.34,109.698,711220
CTD,12/17/2018 00:00:00,108.679,109.698,108.544,108.747,240920
CTD,12/18/2018 00:00:00,107.389,109.223,107.389,109.019,469010
CTD,12/19/2018 00:00:00,108.679,109.359,106.642,106.981,242460
CTD,12/20/2018 00:00:00,106.302,108,106.302,107.321,281280
CTD,12/21/2018 00:00:00,106.778,107.932,106.778,107.661,575190
CTD,12/24/2018 00:00:00,107.661,108.408,107.661,108.136,658160
CTD,12/25/2018 00:00:00,107.321,107.864,105.962,107.049,421850
CTD,12/26/2018 00:00:00,107.049,107.321,106.302,107.321,599010
CTD,12/27/2018 00:00:00,108,109.087,107.321,108.815,528550
CTD,12/28/2018 00:00:00,108.815,109.359,107.728,108.679,398730
CTD,1/2/2019 00:00:00,108.408,108.679,107.321,108.679,141770
CTD,1/3/2019 00:00:00,108.679,108.679,107.321,108.34,235330
CTD,1/4/2019 00:00:00,108.34,108.34,105.962,108.34,84680
CTD,1/7/2019 00:00:00,108.679,108.679,107.593,108.679,138860
CTD,1/8/2019 00:00:00,108.815,108.815,107.457,108.612,28020
CTD,1/9/2019 00:00:00,108.544,110.038,107.321,108.679,180320
CTD,1/10/2019 00:00:00,108.679,110.038,107.321,108.679,121380
CTD,1/11/2019 00:00:00,108.679,109.562,107.661,107.661,44820
CTD,1/14/2019 00:00:00,107.661,108.34,105.962,105.962,37180
CTD,1/15/2019 00:00:00,105.962,106.166,104.944,104.944,69370
CTD,1/16/2019 00:00:00,104.74,105.759,101.344,101.344,96130
CTD,1/17/2019 00:00:00,101.344,102.159,100.664,100.664,47900
CTD,1/18/2019 00:00:00,100.664,102.023,99.8492,100.461,37110
CTD,1/21/2019 00:00:00,100.461,101.751,100.461,101.479,35980
CTD,1/22/2019 00:00:00,101.615,101.615,97.1322,97.1322,143900
CTD,1/23/2019 00:00:00,96.453,96.453,93.1247,93.1247,157950
CTD,1/24/2019 00:00:00,93.1247,94.4153,88.9134,89.3209,213090
CTD,1/25/2019 00:00:00,89.3209,91.019,88.6417,89.3209,290530
CTD,1/28/2019 00:00:00,90.3398,93.0568,90.3398,92.9888,69770
CTD,1/29/2019 00:00:00,93.6681,93.6681,91.6983,92.5813,32410
CTD,1/30/2019 00:00:00,92.3775,92.3775,90.3398,91.3586,63770
CTD,1/31/2019 00:00:00,91.3586,92.0379,90.3398,91.5624,34920
CTD,2/1/2019 00:00:00,91.5624,91.6983,89.9322,89.9322,90810
CTD,2/11/2019 00:00:00,89.9322,91.902,89.9322,91.902,40590
CTD,2/12/2019 00:00:00,91.902,92.7851,91.019,91.4266,82210
CTD,2/13/2019 00:00:00,91.4266,92.1737,90.6794,90.9511,153870
CTD,2/14/2019 00:00:00,91.6983,93.5322,91.5624,93.2605,207410
CTD,2/15/2019 00:00:00,93.736,95.1624,93.5322,94.7549,101750
CTD,2/18/2019 00:00:00,94.7549,95.57,94.7549,94.8228,55960
CTD,2/19/2019 00:00:00,94.7549,94.9586,92.9209,92.9209,141990
CTD,2/20/2019 00:00:00,92.4454,93.736,92.4454,93.1247,59520
CTD,2/21/2019 00:00:00,93.1247,93.1247,92.3775,93.0568,82600
CTD,2/22/2019 00:00:00,92.2417,93.0568,91.1549,91.1549,111040
CTD,2/25/2019 00:00:00,91.1549,93.0568,91.1549,92.3775,71570
CTD,2/26/2019 00:00:00,92.9888,93.736,91.6983,92.1058,81830
CTD,2/27/2019 00:00:00,92.3775,92.9888,92.1058,92.7171,49860
CTD,2/28/2019 00:00:00,93.3964,93.3964,90.8832,90.8832,124220
CTD,3/1/2019 00:00:00,91.019,91.6983,91.019,91.1549,51090
CTD,3/4/2019 00:00:00,91.1549,92.9888,91.1549,91.1549,154640
CTD,3/5/2019 00:00:00,91.1549,92.3775,90.6794,90.6794,187880
CTD,3/6/2019 00:00:00,90.6794,91.6983,89.5926,90.3398,185040
CTD,3/7/2019 00:00:00,90.3398,92.3775,89.5926,92.0379,237200
CTD,3/8/2019 00:00:00,92.0379,98.4228,90.6794,95.8417,427970
CTD,3/11/2019 00:00:00,96.453,96.453,93.736,95.7737,152130
CTD,3/12/2019 00:00:00,95.7737,97.0643,95.2303,96.3851,298250
CTD,3/13/2019 00:00:00,96.453,96.7247,96.1134,96.453,158550
CTD,3/14/2019 00:00:00,96.453,98.3549,96.453,97.9473,176420
CTD,3/15/2019 00:00:00,98.0153,98.0153,96.453,96.453,139980
CTD,3/18/2019 00:00:00,96.453,96.9285,95.9096,96.2492,95970
CTD,3/19/2019 00:00:00,96.453,97.4719,96.1134,96.6568,203850
CTD,3/20/2019 00:00:00,96.7926,97.1322,95.0945,96.3851,85310
CTD,3/21/2019 00:00:00,96.3171,96.9964,95.7737,96.453,194380
CTD,3/22/2019 00:00:00,96.453,97.0643,95.0945,97.0643,114810
CTD,3/25/2019 00:00:00,95.7737,95.9775,93.736,93.736,88450
CTD,3/26/2019 00:00:00,93.0568,95.3662,93.0568,95.3662,79900
CTD,3/27/2019 00:00:00,95.4341,96.453,95.3662,96.453,42890
CTD,3/28/2019 00:00:00,95.7737,99.17,95.7737,99.17,212520
CTD,3/29/2019 00:00:00,99.17,99.3058,97.1322,97.4039,89830
CTD,4/1/2019 00:00:00,95.7737,96.5888,95.7737,96.3851,65930
CTD,4/2/2019 00:00:00,96.453,97.1322,95.7058,96.7926,110590
CTD,4/3/2019 00:00:00,96.7926,96.7926,95.1624,96.7247,57200
CTD,4/4/2019 00:00:00,95.7737,96.9285,95.7058,95.7058,52470
CTD,4/5/2019 00:00:00,95.3662,96.7247,95.3662,95.57,132940
CTD,4/8/2019 00:00:00,96.3851,96.453,95.4341,95.57,42980
CTD,4/9/2019 00:00:00,95.0945,95.1624,88.9134,88.9134,651760
CTD,4/10/2019 00:00:00,82.7322,86.9435,82.7322,82.7322,698410
CTD,4/11/2019 00:00:00,82.5964,86.2643,81.3058,82.6643,990750
CTD,4/12/2019 00:00:00,82.8681,85.8567,82.8681,85.653,270900
CTD,4/16/2019 00:00:00,84.9058,84.9058,83.0039,84.2266,182590
CTD,4/17/2019 00:00:00,83.6832,84.1586,82.1888,82.5964,240130
CTD,4/18/2019 00:00:00,82.1888,82.5964,81.5096,81.9171,264910
CTD,4/19/2019 00:00:00,81.7813,82.8681,81.7133,82.5284,222600
CTD,4/22/2019 00:00:00,81.6454,81.9171,80.6265,81.1699,377800
CTD,4/23/2019 00:00:00,81.1699,81.8492,81.0341,81.5775,180470
CTD,4/24/2019 00:00:00,81.5775,82.1888,81.1699,82.1888,110990
CTD,4/25/2019 00:00:00,82.1888,82.5284,81.8492,82.1209,97870
CTD,4/26/2019 00:00:00,82.1888,82.2567,81.1699,82.053,82680
CTD,5/2/2019 00:00:00,82.053,82.053,81.5096,81.8492,53090
CTD,5/3/2019 00:00:00,81.5096,82.5284,81.3737,82.5284,83910
CTD,5/6/2019 00:00:00,81.8492,81.8492,80.8303,81.1699,82050
CTD,5/7/2019 00:00:00,81.1699,81.5775,80.9662,80.9662,46880
CTD,5/8/2019 00:00:00,80.8303,80.8303,80.1511,80.2869,92530
CTD,5/9/2019 00:00:00,80.2869,80.2869,79.4718,79.4718,48370
CTD,5/10/2019 00:00:00,79.4718,80.9662,79.4718,79.6077,139060
CTD,5/13/2019 00:00:00,79.6077,80.8303,79.2001,79.2001,57910
CTD,5/14/2019 00:00:00,79.0643,79.4718,77.4341,77.7737,107530
CTD,5/15/2019 00:00:00,77.7737,79.8794,77.7737,79.4718,129120
CTD,5/16/2019 00:00:00,79.4718,80.8303,79.4039,80.8303,91750
CTD,5/17/2019 00:00:00,81.1699,81.1699,79.5398,80.1511,55810
CTD,5/20/2019 00:00:00,80.1511,80.1511,78.7926,79.8115,41630
CTD,5/21/2019 00:00:00,78.9284,79.6756,78.1813,78.5888,119230
CTD,5/22/2019 00:00:00,78.1813,78.7926,78.1813,78.3171,37950
CTD,5/23/2019 00:00:00,78.2492,78.7247,78.1133,78.2492,42500
CTD,5/24/2019 00:00:00,78.2492,78.6567,77.9775,78.2492,63710
CTD,5/27/2019 00:00:00,78.2492,78.2492,77.4341,77.4341,92060
CTD,5/28/2019 00:00:00,77.4341,77.9775,76.7548,76.7548,41950
CTD,5/29/2019 00:00:00,76.7548,76.7548,75.3964,75.4643,72640
CTD,5/30/2019 00:00:00,75.4643,77.0945,75.0567,76.0756,37380
CTD,5/31/2019 00:00:00,76.0756,76.619,75.3964,75.3964,27200
CTD,6/3/2019 00:00:00,75.3964,75.6001,72.0001,75.3284,86360
CTD,6/4/2019 00:00:00,75.3964,75.4643,72.2039,72.2039,44580
CTD,6/5/2019 00:00:00,74.0379,74.0379,72.6794,72.6794,25090
CTD,6/6/2019 00:00:00,73.3586,73.3586,71.3209,72.6794,41540
CTD,6/7/2019 00:00:00,71.6605,72.6794,71.5926,71.7284,50660
CTD,6/10/2019 00:00:00,72.0001,72.6794,71.6605,72.068,37210
CTD,6/11/2019 00:00:00,72.3397,72.3397,72.0001,72.068,27850
CTD,6/12/2019 00:00:00,72.0001,72.5435,71.9322,71.9322,28630
CTD,6/13/2019 00:00:00,71.9322,72.2039,70.8454,70.8454,34220
CTD,6/14/2019 00:00:00,69.6228,70.8454,69.2831,69.4869,46850
CTD,6/17/2019 00:00:00,69.2831,69.2831,66.6341,67.3133,123460
CTD,6/18/2019 00:00:00,67.3133,67.7888,65.6152,65.7511,88410
CTD,6/19/2019 00:00:00,65.8869,66.702,65.8869,66.2265,43540
CTD,6/20/2019 00:00:00,66.2944,66.9058,65.8869,65.8869,91960
CTD,6/21/2019 00:00:00,65.8869,66.3624,65.6831,66.2265,39220
CTD,6/24/2019 00:00:00,66.5661,66.5661,65.8869,66.5661,74580
CTD,6/25/2019 00:00:00,66.5661,70.5058,66.2944,69.2831,178200
CTD,6/26/2019 00:00:00,69.2831,69.9624,68.6039,69.5548,110460
CTD,6/27/2019 00:00:00,69.5548,69.9624,69.2831,69.3511,115140
CTD,6/28/2019 00:00:00,69.419,72.6794,68.6039,72.6794,126550
CTD,7/1/2019 00:00:00,72.6794,72.6794,70.6416,71.1171,63670
CTD,7/2/2019 00:00:00,71.1171,71.1171,70.302,71.0492,94730
CTD,7/3/2019 00:00:00,71.0492,72.6114,70.0303,72.5435,155350
CTD,7/4/2019 00:00:00,72.5435,73.3586,72.5435,72.6794,49210
CTD,7/5/2019 00:00:00,72.6794,72.6794,71.3888,71.4567,33360
CTD,7/8/2019 00:00:00,70.0982,71.9322,69.9624,70.8454,70700
CTD,7/9/2019 00:00:00,70.8454,71.5247,70.4379,70.9133,127390
CTD,7/10/2019 00:00:00,70.9133,72.6794,70.9133,72.6794,211110
CTD,7/11/2019 00:00:00,72.6794,74.0379,72.6794,73.6982,200600
CTD,7/12/2019 00:00:00,74.6492,75.3964,73.902,75.2605,221280
CTD,7/15/2019 00:00:00,75.5322,75.5322,73.902,74.9888,145770
CTD,7/16/2019 00:00:00,74.9888,75.736,73.9699,74.9888,156830
CTD,7/17/2019 00:00:00,74.9888,76.5511,74.4454,76.4152,218700
CTD,7/18/2019 00:00:00,71.1171,75.736,71.1171,75.3964,547610
CTD,7/19/2019 00:00:00,75.736,76.3473,75.1926,75.4643,227760
CTD,7/22/2019 00:00:00,75.4643,76.0756,73.2228,76.0756,102610
CTD,7/23/2019 00:00:00,76.0756,76.2114,74.7171,76.2114,160780
CTD,7/24/2019 00:00:00,75.0567,76.4152,74.7171,76.4152,136650
CTD,7/25/2019 00:00:00,75.3964,76.7548,75.1926,76.7548,249630
CTD,7/26/2019 00:00:00,76.7548,76.7548,75.3964,76.5511,128980
CTD,7/29/2019 00:00:00,76.5511,78.1133,74.853,78.1133,239330
CTD,7/30/2019 00:00:00,75.736,77.9775,75.736,77.4341,130000
CTD,7/31/2019 00:00:00,76.0756,76.7548,75.8039,76.7548,68120
CTD,8/1/2019 00:00:00,76.4152,76.4152,75.3964,76.0756,69550
CTD,8/2/2019 00:00:00,75.3964,76.7548,74.9888,76.7548,133760
CTD,8/5/2019 00:00:00,76.0756,78.1133,76.0756,78.1133,254120
CTD,8/6/2019 00:00:00,76.5511,76.7548,75.3964,76.7548,135420
CTD,8/7/2019 00:00:00,76.7548,76.7548,74.785,74.785,33180
CTD,8/8/2019 00:00:00,75.0567,76.0756,71.3209,72.6794,35170
CTD,8/9/2019 00:00:00,72.6794,73.3586,71.4567,71.5247,40710
CTD,8/12/2019 00:00:00,72.6794,72.6794,69.2831,69.2831,45220
CTD,8/13/2019 00:00:00,68.9435,68.9435,66.6341,67.3812,59290
CTD,8/14/2019 00:00:00,69.6228,69.6228,67.2454,69.2831,40500
CTD,8/15/2019 00:00:00,67.9246,69.2831,67.9246,69.2152,33300
CTD,8/16/2019 00:00:00,69.2831,69.8945,68.1963,69.2831,33120
CTD,8/19/2019 00:00:00,69.5548,69.9624,69.0794,69.9624,27580
CTD,8/20/2019 00:00:00,69.6907,69.9624,69.0794,69.0794,48640
CTD,8/21/2019 00:00:00,69.0794,69.8945,68.6039,69.2152,32950
CTD,8/22/2019 00:00:00,69.0794,69.0794,67.9246,67.9246,41480
CTD,8/23/2019 00:00:00,67.9246,67.9246,67.4492,67.8567,33310
CTD,8/26/2019 00:00:00,67.8567,67.8567,65.8869,65.8869,57580
CTD,8/27/2019 00:00:00,65.9548,66.5661,65.8869,65.8869,30890
CTD,8/28/2019 00:00:00,66.2265,66.2265,65.7511,66.0907,18070
CTD,8/29/2019 00:00:00,65.8869,65.9548,65.4794,65.4794,18370
CTD,8/30/2019 00:00:00,65.8869,65.8869,64.1888,64.3246,31350
CTD,9/3/2019 00:00:00,64.3246,65.2077,63.7133,63.7133,22350
CTD,9/4/2019 00:00:00,63.1699,63.1699,61.2001,62.3548,55910
CTD,9/5/2019 00:00:00,62.4907,63.8492,62.4907,62.8303,41650
CTD,9/6/2019 00:00:00,63.1699,66.9058,63.1699,65.8869,66850
CTD,9/9/2019 00:00:00,65.8869,67.9246,65.8869,65.9548,36720
CTD,9/10/2019 00:00:00,65.9548,67.5171,65.2077,65.2077,40250
CTD,9/11/2019 00:00:00,65.4114,65.4114,63.5095,64.1888,21870
CTD,9/12/2019 00:00:00,63.9171,65.2077,63.9171,64.2567,22740
CTD,9/13/2019 00:00:00,63.9171,65.2077,63.8492,64.868,29140
CTD,9/16/2019 00:00:00,65.5473,65.5473,64.868,65.2077,15200
CTD,9/17/2019 00:00:00,65.2077,66.0228,65.2077,65.8869,24140
CTD,9/18/2019 00:00:00,66.5661,66.8378,65.5473,65.9548,34930
CTD,9/19/2019 00:00:00,65.9548,66.5661,65.8869,65.8869,35190
CTD,9/20/2019 00:00:00,66.5661,67.1095,66.0907,66.6341,35520
CTD,9/23/2019 00:00:00,66.6341,67.585,66.2265,67.2454,22490
CTD,9/24/2019 00:00:00,67.4492,67.8567,65.6831,65.6831,49180
CTD,9/25/2019 00:00:00,67.2454,67.2454,66.2265,67.2454,40580
CTD,9/26/2019 00:00:00,67.9459,68.6463,67.2454,67.4555,51010
CTD,9/27/2019 00:00:00,68.2261,68.2261,63.743,66.8251,40730
CTD,9/30/2019 00:00:00,64.8638,67.2454,64.8638,66.5449,30400
CTD,10/1/2019 00:00:00,66.5449,66.5449,64.7937,65.8445,48600
CTD,10/2/2019 00:00:00,65.5643,65.8445,65.144,65.144,27640
CTD,10/3/2019 00:00:00,65.144,65.144,64.4435,64.8638,34830
CTD,10/4/2019 00:00:00,65.9845,65.9845,63.8831,63.8831,40930
CTD,10/7/2019 00:00:00,65.0039,65.9845,63.8831,63.8831,25110
CTD,10/8/2019 00:00:00,63.8831,64.7237,63.4628,63.4628,28080
CTD,10/9/2019 00:00:00,63.5329,63.743,63.0426,63.0426,50550
CTD,10/10/2019 00:00:00,63.0426,63.3227,62.9025,62.9025,34060
CTD,10/11/2019 00:00:00,63.0426,64.4435,62.9025,63.0426,58730
CTD,10/14/2019 00:00:00,63.0426,63.4628,62.9025,62.9025,50540
CTD,10/15/2019 00:00:00,63.0426,63.0426,62.202,62.9025,37640
CTD,10/16/2019 00:00:00,63.3928,63.3928,62.3421,62.3421,51230
CTD,10/17/2019 00:00:00,62.3421,62.4121,61.6416,61.6416,41340
CTD,10/18/2019 00:00:00,61.3614,61.9918,60.9411,61.1513,30990
CTD,10/21/2019 00:00:00,61.1513,61.3614,60.0305,60.0305,59120
CTD,10/22/2019 00:00:00,57.4388,58.8397,57.4388,57.9992,110200
CTD,10/23/2019 00:00:00,58.8397,58.8397,57.9992,58.1392,19560
CTD,10/24/2019 00:00:00,58.1392,58.5595,57.9992,58.3494,33160
CTD,10/25/2019 00:00:00,58.3494,58.3494,57.2987,57.4388,54570
CTD,10/28/2019 00:00:00,57.4388,57.6489,55.6876,55.6876,70950
CTD,10/29/2019 00:00:00,55.3374,56.0378,54.9871,55.1272,95440
CTD,10/30/2019 00:00:00,54.7069,56.0378,54.7069,55.5475,32120
CTD,10/31/2019 00:00:00,55.4074,56.0378,55.1973,55.3374,23400
CTD,11/1/2019 00:00:00,55.2673,55.2673,53.306,53.306,157030
CTD,11/4/2019 00:00:00,53.2359,53.5161,52.1852,52.1852,163130
CTD,11/5/2019 00:00:00,52.1852,53.4461,52.0451,52.1852,285990
CTD,11/6/2019 00:00:00,52.1852,52.9557,52.1852,52.6055,146890
CTD,11/7/2019 00:00:00,52.8857,53.0958,52.5355,52.5355,91940
CTD,11/8/2019 00:00:00,53.0258,53.0958,52.1852,52.1852,63590
CTD,11/11/2019 00:00:00,52.1852,52.5355,51.1345,51.1345,64860
CTD,11/12/2019 00:00:00,51.5548,51.6949,49.9437,49.9437,148330
CTD,11/13/2019 00:00:00,49.9437,51.1345,49.0331,49.1732,156900
CTD,11/14/2019 00:00:00,48.893,49.1031,47.6322,48.3326,118100
CTD,11/15/2019 00:00:00,48.3326,48.3326,47.7022,48.2626,65480
CTD,11/18/2019 00:00:00,47.7723,50.7843,47.7723,49.5234,115510
CTD,11/19/2019 00:00:00,50.0838,50.7142,49.5234,49.7336,89730
CTD,11/20/2019 00:00:00,50.294,50.294,49.2432,49.6635,28290
CTD,11/21/2019 00:00:00,49.4534,49.6635,47.6322,47.6322,92320
CTD,11/22/2019 00:00:00,48.0524,48.2626,45.6708,45.951,152570
CTD,11/25/2019 00:00:00,45.5307,47.9824,45.5307,46.7215,52850
CTD,11/26/2019 00:00:00,46.7215,47.7723,46.7215,46.7215,22560
CTD,11/27/2019 00:00:00,47.0017,47.1418,46.4413,46.4413,17780
CTD,11/28/2019 00:00:00,46.3013,46.7916,44.8303,44.8303,86060
CTD,11/29/2019 00:00:00,44.8303,45.4607,43.9196,44.48,82730
CTD,12/2/2019 00:00:00,44.48,44.6201,43.9897,44.1298,50170
CTD,12/3/2019 00:00:00,43.4293,44.2699,43.4293,43.7796,93620
CTD,12/4/2019 00:00:00,44.0597,44.0597,43.6395,43.7796,53540
CTD,12/5/2019 00:00:00,43.6395,45.5307,43.6395,44.6201,33220
CTD,12/6/2019 00:00:00,44.6201,46.6515,44.2699,45.8109,57440
CTD,12/9/2019 00:00:00,46.1612,46.5814,44.9704,45.1105,62930
CTD,12/10/2019 00:00:00,44.9003,45.3906,43.9897,43.9897,45690
CTD,12/11/2019 00:00:00,43.7796,44.1298,43.2192,43.7796,31500
CTD,12/12/2019 00:00:00,43.8496,44.7602,43.2192,44.1298,14330
CTD,12/13/2019 00:00:00,44.1298,44.48,43.3593,43.4293,50710
CTD,12/16/2019 00:00:00,43.4293,44.0597,43.0791,44.0597,20880
CTD,12/17/2019 00:00:00,44.0597,44.41,43.3593,43.3593,20670
CTD,12/18/2019 00:00:00,43.4293,43.9897,43.2192,43.2192,23980
CTD,12/19/2019 00:00:00,43.1491,43.4293,42.7288,42.7288,41820
CTD,12/20/2019 00:00:00,42.5887,43.2892,40.6274,40.6274,118740
CTD,12/23/2019 00:00:00,40.6274,40.7675,39.0163,39.0163,100300
CTD,12/24/2019 00:00:00,38.8762,38.9463,37.1251,37.1951,134890
CTD,12/25/2019 00:00:00,37.1951,39.5067,36.7748,38.8762,128320
CTD,12/26/2019 00:00:00,39.1564,39.2265,38.3159,38.6661,60090
CTD,12/27/2019 00:00:00,38.6661,38.6661,37.7555,37.7555,70710
CTD,12/30/2019 00:00:00,37.6154,37.6154,36.8449,37.055,109630
CTD,12/31/2019 00:00:00,37.055,37.055,35.7241,35.9343,119970
CTD,1/2/2020 00:00:00,35.9343,37.9656,35.9343,36.985,123270
CTD,1/3/2020 00:00:00,37.5453,38.3859,37.3352,37.3352,135390
CTD,1/6/2020 00:00:00,37.1251,37.1951,36.4946,36.8449,28890
CTD,1/7/2020 00:00:00,36.985,36.985,35.7241,36.0744,77310
CTD,1/8/2020 00:00:00,35.7942,36.0043,35.2338,35.3038,104260
CTD,1/9/2020 00:00:00,35.3038,36.2144,35.1637,35.1637,70230
CTD,1/10/2020 00:00:00,35.0937,35.1637,33.4476,34.7084,285310
CTD,1/13/2020 00:00:00,34.7084,35.584,34.7084,34.8135,61630
CTD,1/14/2020 00:00:00,34.6034,35.3739,34.6034,34.7435,69340
CTD,1/15/2020 00:00:00,34.6734,34.9536,34.5333,34.6384,58970
CTD,1/16/2020 00:00:00,34.6384,34.8835,34.113,34.5333,45110
CTD,1/17/2020 00:00:00,34.2531,36.9149,34.2531,36.9149,251890
CTD,1/20/2020 00:00:00,37.1251,38.8762,37.1251,37.4753,108300
CTD,1/21/2020 00:00:00,37.4753,37.8255,36.6347,37.1251,123630
CTD,1/22/2020 00:00:00,36.4246,38.6661,36.4246,37.4053,147520
CTD,1/30/2020 00:00:00,36.985,38.3159,36.985,37.055,130320
CTD,1/31/2020 00:00:00,37.1251,39.6468,37.1251,39.0163,299400
CTD,2/3/2020 00:00:00,39.1564,39.1564,36.4246,36.5647,304180
CTD,2/4/2020 00:00:00,36.5647,37.3352,35.0236,35.0937,254790
CTD,2/5/2020 00:00:00,35.3739,36.4246,35.3739,35.4439,148880
CTD,2/6/2020 00:00:00,36.4246,37.4053,35.4439,37.1951,170980
CTD,2/7/2020 00:00:00,37.4053,39.7869,37.1951,39.7869,272130
CTD,2/10/2020 00:00:00,41.0477,42.5187,39.927,42.5187,256350
CTD,2/11/2020 00:00:00,43.4293,45.4607,43.4293,44.1298,454660
CTD,2/12/2020 00:00:00,43.7796,46.7215,43.2192,45.5307,437870
CTD,2/13/2020 00:00:00,45.3206,46.2312,44.7602,45.0404,125260
CTD,2/14/2020 00:00:00,44.2699,46.0211,43.9196,44.9704,172420
CTD,2/17/2020 00:00:00,44.9704,47.6322,44.3399,47.6322,250230
CTD,2/18/2020 00:00:00,50.294,50.7142,48.3326,49.0331,333580
CTD,2/19/2020 00:00:00,48.6829,49.8737,48.3326,49.0331,133290
CTD,2/20/2020 00:00:00,48.3326,49.6635,47.1418,47.352,225110
CTD,2/21/2020 00:00:00,46.9317,48.4027,46.3013,46.8616,161430
CTD,2/24/2020 00:00:00,45.5307,45.6008,43.6395,43.6395,264160
CTD,2/25/2020 00:00:00,40.9777,44.8303,40.9777,44.6902,238120
CTD,2/26/2020 00:00:00,43.4293,44.6902,43.0791,43.7796,79240
CTD,2/27/2020 00:00:00,43.4994,45.5307,43.4994,45.4607,147910
CTD,2/28/2020 00:00:00,44.0597,45.0404,43.4293,43.6395,129600
CTD,3/2/2020 00:00:00,43.6395,45.5307,43.4293,44.8303,166400
CTD,3/3/2020 00:00:00,45.881,47.9123,45.6008,47.9123,238760
CTD,3/4/2020 00:00:00,49.0331,50.7843,47.9824,47.9824,291500
CTD,3/5/2020 00:00:00,48.6829,48.9631,46.9317,47.0718,194510
CTD,3/6/2020 00:00:00,46.5814,49.6635,46.0211,49.0331,303280
CTD,3/9/2020 00:00:00,45.6008,47.5621,45.6008,45.6008,223240
CTD,3/10/2020 00:00:00,43.7796,46.2312,43.2892,45.5307,195980
CTD,3/11/2020 00:00:00,45.5307,46.2312,42.3786,42.3786,430810
CTD,3/12/2020 00:00:00,39.927,44.0597,39.4366,39.4366,403670
CTD,3/13/2020 00:00:00,36.7748,39.2265,36.7048,38.3159,263780
CTD,3/16/2020 00:00:00,36.7748,38.456,36.0744,36.1444,140480
CTD,3/17/2020 00:00:00,34.3232,38.3159,34.3232,38.3159,183630
CTD,3/18/2020 00:00:00,38.3159,39.4366,38.3159,38.5961,153030
CTD,3/19/2020 00:00:00,37.1251,37.8255,36.4246,37.1251,118400
CTD,3/20/2020 00:00:00,37.4753,37.9656,36.7748,37.6854,208660
CTD,3/23/2020 00:00:00,36.6347,36.6347,35.0937,35.0937,200910
CTD,3/24/2020 00:00:00,35.0937,36.4246,35.0236,35.9343,114070
CTD,3/25/2020 00:00:00,37.1251,38.1057,36.985,37.1251,152310
CTD,3/26/2020 00:00:00,36.7748,37.1251,35.7241,36.2845,95830
CTD,3/27/2020 00:00:00,37.6854,37.6854,35.584,35.7942,63030
CTD,3/30/2020 00:00:00,33.9729,34.7435,33.3075,33.8328,165000
CTD,3/31/2020 00:00:00,33.6927,35.0236,31.4863,31.4863,280350
CTD,4/1/2020 00:00:00,31.5213,32.2218,30.8208,31.5913,217950
CTD,4/3/2020 00:00:00,32.1517,33.7978,32.1517,33.7978,128520
CTD,4/6/2020 00:00:00,35.7241,36.1444,35.7241,36.1444,84890
CTD,4/7/2020 00:00:00,38.1758,38.456,36.4246,37.9656,318610
CTD,4/8/2020 00:00:00,37.055,37.9656,36.4246,37.6854,136450
CTD,4/9/2020 00:00:00,37.2652,38.8762,37.2652,38.0357,191390
CTD,4/10/2020 00:00:00,37.8255,38.526,37.1251,37.4753,143230
CTD,4/13/2020 00:00:00,37.7555,38.1057,37.4053,37.4753,144440
CTD,4/14/2020 00:00:00,37.4753,37.6154,35.7241,37.1251,172560
CTD,4/15/2020 00:00:00,37.1251,39.7168,37.1251,39.7168,549210
CTD,4/16/2020 00:00:00,39.7168,42.1685,39.7168,41.6081,354240
CTD,4/17/2020 00:00:00,42.7288,43.3593,42.0284,43.2192,397140
CTD,4/20/2020 00:00:00,43.2192,44.1298,41.8883,43.2192,454940
CTD,4/21/2020 00:00:00,41.0477,41.6781,40.2071,40.2071,535580
CTD,4/22/2020 00:00:00,37.8956,40.1371,37.8956,39.7168,302320
CTD,4/23/2020 00:00:00,40.067,41.2579,38.8762,39.7168,217070
CTD,4/24/2020 00:00:00,39.5767,42.4487,38.8762,42.4487,375720
CTD,4/27/2020 00:00:00,43.0791,44.8303,43.0791,44.8303,467190
CTD,4/28/2020 00:00:00,44.48,45.1805,43.4293,44.6902,250210
CTD,4/29/2020 00:00:00,43.9196,44.6902,43.7796,43.9196,243670
CTD,5/4/2020 00:00:00,43.7796,43.9196,42.7288,42.7288,258520
CTD,5/5/2020 00:00:00,42.7288,43.2192,41.6781,42.7288,181260
CTD,5/6/2020 00:00:00,42.7288,45.6708,42.7288,45.6708,350690
CTD,5/7/2020 00:00:00,46.2312,47.7723,46.2312,46.9317,340880
CTD,5/8/2020 00:00:00,47.0718,47.7723,45.8109,45.881,496840
CTD,5/11/2020 00:00:00,46.4413,47.2119,45.951,46.4413,288520
CTD,5/12/2020 00:00:00,46.2312,48.3326,45.6008,48.3326,400210
CTD,5/13/2020 00:00:00,48.3326,50.7142,47.2819,49.4534,482130
CTD,5/14/2020 00:00:00,48.9631,49.5234,48.3326,48.3326,303350
CTD,5/15/2020 00:00:00,48.3326,49.3833,46.9317,46.9317,420700
CTD,5/18/2020 00:00:00,47.2819,48.0524,46.5114,47.9824,274500
CTD,5/19/2020 00:00:00,47.9824,49.4534,47.6322,47.6322,333030
CTD,5/20/2020 00:00:00,46.7215,49.3133,46.7215,48.823,354870
CTD,5/21/2020 00:00:00,48.893,49.3833,47.6322,48.6829,274820
CTD,5/22/2020 00:00:00,48.6829,48.9631,47.6322,47.7022,274320
CTD,5/25/2020 00:00:00,47.7022,47.9123,47.2819,47.6322,207710
CTD,5/26/2020 00:00:00,48.1925,48.9631,47.4921,48.5428,377220
CTD,5/27/2020 00:00:00,48.9631,51.905,48.7529,51.905,1.19762e+006
CTD,5/28/2020 00:00:00,52.1852,54.9871,52.1852,53.7963,479930
CTD,5/29/2020 00:00:00,52.5355,53.7963,52.5355,53.2359,238500
CTD,6/1/2020 00:00:00,53.1659,54.6369,52.6055,54.1466,447410
CTD,6/2/2020 00:00:00,54.1466,54.4267,50.364,50.364,844250
CTD,6/3/2020 00:00:00,46.9317,48.9631,46.8616,47.1418,1.53773e+006
CTD,6/4/2020 00:00:00,47.1418,50.434,47.1418,50.434,542240
CTD,6/5/2020 00:00:00,50.434,52.5355,50.434,51.2746,323220
CTD,6/8/2020 00:00:00,50.434,50.9944,49.7336,50.364,630860
CTD,6/9/2020 00:00:00,50.0838,50.2239,49.2432,49.3833,453560
CTD,6/10/2020 00:00:00,48.3326,48.9631,47.2819,48.6128,418980
CTD,6/11/2020 00:00:00,48.3326,51.1345,46.9317,46.9317,596480
CTD,6/12/2020 00:00:00,46.9317,48.2626,46.2312,47.2819,303610
CTD,6/15/2020 00:00:00,47.2819,47.9123,43.9897,43.9897,383160
CTD,6/16/2020 00:00:00,44.8303,44.8303,43.1491,44.6902,266990
CTD,6/17/2020 00:00:00,44.8303,44.8303,43.8496,43.9196,120440
CTD,6/18/2020 00:00:00,42.3786,43.9897,41.8182,43.8496,267290
CTD,6/19/2020 00:00:00,43.8496,45.4607,43.7095,44.41,178350
CTD,6/22/2020 00:00:00,44.8303,47.4921,44.8303,47.4921,680980
CTD,6/23/2020 00:00:00,50.7843,50.7843,50.0138,50.7843,2.26944e+006
CTD,6/24/2020 00:00:00,53.2359,54.2166,50.434,50.434,1.19401e+006
CTD,6/25/2020 00:00:00,47.8423,49.3833,47.352,47.352,789930
CTD,6/26/2020 00:00:00,47.7723,49.3833,46.2312,46.7916,564420
CTD,6/29/2020 00:00:00,47.2819,49.7336,46.5814,49.0331,1.10828e+006
CTD,6/30/2020 00:00:00,50.0838,50.434,47.7723,48.7529,471750
CTD,7/1/2020 00:00:00,52.1152,52.1152,51.835,52.1152,782260
CTD,7/2/2020 00:00:00,55.7576,55.7576,55.7576,55.7576,406980
CTD,7/3/2020 00:00:00,59.6102,59.6102,55.9678,55.9678,2.31818e+006
CTD,7/6/2020 00:00:00,55.5475,57.4388,54.6369,54.777,746210
CTD,7/7/2020 00:00:00,57.789,57.789,55.8277,55.8277,868500
CTD,7/8/2020 00:00:00,55.8277,57.6489,55.4074,56.1079,847340
CTD,7/9/2020 00:00:00,56.1079,56.9484,55.3374,55.6175,602140
CTD,7/10/2020 00:00:00,55.6876,56.8083,55.3374,55.3374,483860
CTD,7/13/2020 00:00:00,55.2673,57.4388,54.6369,56.5982,926850
CTD,7/14/2020 00:00:00,56.5982,57.2987,56.1079,56.1779,514110
CTD,7/15/2020 00:00:00,56.7383,59.5402,56.318,58.4895,1.3429e+006
CTD,7/16/2020 00:00:00,58.8397,59.5402,58.4194,58.4895,634270
CTD,7/17/2020 00:00:00,58.4895,59.7503,58.2093,59.26,720950
CTD,7/20/2020 00:00:00,59.4001,59.8904,56.7383,56.7383,871890
CTD,7/21/2020 00:00:00,57.3687,57.8591,56.0378,57.789,542940
CTD,7/22/2020 00:00:00,57.789,58.4194,55.3374,55.3374,1.03717e+006
CTD,7/23/2020 00:00:00,55.3374,56.6683,54.847,55.4074,627670
CTD,7/24/2020 00:00:00,55.4775,55.5475,51.5548,51.5548,1.40505e+006
CTD,7/27/2020 00:00:00,48.6829,50.7843,47.9824,47.9824,893160
CTD,7/28/2020 00:00:00,47.9824,50.364,47.4921,49.7336,707830
CTD,7/29/2020 00:00:00,47.9824,48.2626,46.3013,46.9317,829120
CTD,7/30/2020 00:00:00,47.2819,48.6829,47.2819,47.7723,405750
CTD,7/31/2020 00:00:00,47.2819,47.5621,46.4413,46.7916,673240
CTD,8/3/2020 00:00:00,46.7916,49.1732,46.7916,49.1031,499150
CTD,8/4/2020 00:00:00,50.364,51.6949,50.0138,51.4848,903520
CTD,8/5/2020 00:00:00,51.835,54.847,50.9244,53.6562,1.10878e+006
CTD,8/6/2020 00:00:00,53.6562,54.5668,52.8157,53.5862,686550
CTD,8/7/2020 00:00:00,53.7963,55.1973,53.0958,55.0572,931470
CTD,8/10/2020 00:00:00,55.6876,56.0378,54.0765,54.0765,707180
CTD,8/11/2020 00:00:00,54.0065,54.847,53.5161,54.7069,486670
CTD,8/12/2020 00:00:00,54.7069,54.9871,53.5862,53.9364,458910
CTD,8/13/2020 00:00:00,54.4968,55.1973,54.3567,55.1272,558860
CTD,8/14/2020 00:00:00,55.3374,55.8977,54.847,54.9871,839310
CTD,8/17/2020 00:00:00,54.777,56.3881,54.4968,56.0378,651110
CTD,8/18/2020 00:00:00,56.318,56.4581,55.9678,56.0378,333640
CTD,8/19/2020 00:00:00,56.0378,56.1779,55.3374,55.6876,319920
CTD,8/20/2020 00:00:00,55.8977,55.9678,54.6369,54.777,396430
CTD,8/21/2020 00:00:00,54.777,55.1973,54.5668,54.7069,468160
CTD,8/24/2020 00:00:00,55.2673,56.248,54.777,55.9678,939500
CTD,8/25/2020 00:00:00,56.0378,57.6489,55.4775,57.2286,1.05898e+006
CTD,8/26/2020 00:00:00,57.0885,57.1586,56.0378,56.318,712210
CTD,8/27/2020 00:00:00,56.1079,56.7383,55.3374,55.6876,700190
CTD,8/28/2020 00:00:00,56.7067,57.4347,55.8332,56.4155,818180
CTD,8/31/2020 00:00:00,56.4155,56.7795,55.3964,55.4692,758910
CTD,9/1/2020 00:00:00,55.3236,55.3236,54.5957,54.5957,875370
CTD,9/3/2020 00:00:00,55.1052,55.1052,54.3045,54.7413,612210
CTD,9/4/2020 00:00:00,54.2317,56.0516,54.2317,54.8141,560630
CTD,9/7/2020 00:00:00,55.3964,55.542,54.0861,54.0861,719300
CTD,9/8/2020 00:00:00,54.3773,54.3773,52.9214,53.2126,1.0619e+006
CTD,9/9/2020 00:00:00,52.9214,53.9405,52.8486,53.3582,439130
CTD,9/10/2020 00:00:00,53.6494,54.0861,53.3582,53.7221,381410
CTD,9/11/2020 00:00:00,53.6494,53.8677,53.5766,53.6494,240530
CTD,9/14/2020 00:00:00,53.8677,53.8677,52.9214,52.9214,728620
CTD,9/15/2020 00:00:00,53.2126,53.5766,52.8486,53.067,370370
CTD,9/16/2020 00:00:00,53.1398,53.3582,52.8486,53.067,304060
CTD,9/17/2020 00:00:00,53.1398,54.2317,53.067,53.2854,447700
CTD,9/18/2020 00:00:00,53.2854,53.7949,53.1398,53.3582,317260
CTD,9/21/2020 00:00:00,53.6494,53.7221,53.3582,53.5766,568940
CTD,9/22/2020 00:00:00,53.5038,53.5038,52.6302,52.9214,453490
CTD,9/23/2020 00:00:00,52.9942,53.7221,52.9214,53.2126,418760
CTD,9/24/2020 00:00:00,53.2126,53.5038,52.9214,53.067,419780
CTD,9/25/2020 00:00:00,53.1398,53.5038,51.6839,51.9023,1.15366e+006
CTD,9/28/2020 00:00:00,52.1207,52.4118,49.5729,50.3736,1.54374e+006
CTD,9/29/2020 00:00:00,50.228,50.228,48.7721,48.7721,1.41147e+006
CTD,9/30/2020 00:00:00,48.7721,50.4464,47.1707,50.3736,1.3813e+006
CTD,10/1/2020 00:00:00,50.3736,50.956,49.5001,50.228,554170
CTD,10/2/2020 00:00:00,49.9368,50.228,48.7721,50.0096,774660
CTD,10/5/2020 00:00:00,49.8641,50.0824,48.7721,48.7721,954110
CTD,10/6/2020 00:00:00,48.4082,48.6266,46.9523,46.9523,2.86459e+006
CTD,10/7/2020 00:00:00,46.0788,46.5883,44.0405,44.0405,2.79147e+006
CTD,10/8/2020 00:00:00,44.0405,46.6611,44.0405,44.4773,3.50477e+006
CTD,10/9/2020 00:00:00,45.2052,45.7876,43.8221,44.6957,1.91489e+006
CTD,10/12/2020 00:00:00,45.1324,47.2435,44.914,46.9523,2.12042e+006
CTD,10/13/2020 00:00:00,46.9523,46.9523,45.4964,45.642,1.12063e+006
CTD,10/14/2020 00:00:00,45.4964,45.4964,44.4773,44.6229,1.21904e+006
CTD,10/15/2020 00:00:00,44.4045,44.4773,42.2207,42.2207,2.46451e+006
CTD,10/16/2020 00:00:00,42.2207,42.5118,39.3817,39.6001,2.81493e+006
CTD,10/19/2020 00:00:00,39.6729,42.0751,39.6729,42.0751,969710
CTD,10/20/2020 00:00:00,42.2207,44.0405,42.0751,43.531,1.40537e+006
CTD,10/21/2020 00:00:00,42.9486,43.6037,42.439,42.439,1.08336e+006
CTD,10/22/2020 00:00:00,42.1479,42.2207,41.056,42.0751,511160
CTD,10/23/2020 00:00:00,42.2207,42.9486,41.2015,41.4199,1.12586e+006
CTD,10/26/2020 00:00:00,42.0751,42.1479,41.1287,41.1287,623310
CTD,10/27/2020 00:00:00,40.4008,41.2743,40.4008,40.6192,716330
CTD,10/28/2020 00:00:00,40.4736,41.8567,40.4008,40.6192,731170
CTD,10/29/2020 00:00:00,40.328,41.4199,40.328,41.1287,705870
CTD,10/30/2020 00:00:00,41.7839,41.7839,40.9104,41.056,624810
CTD,11/2/2020 00:00:00,40.692,41.1287,39.8184,41.1287,656940
CTD,11/3/2020 00:00:00,41.4199,41.4199,40.692,40.692,414390
CTD,11/4/2020 00:00:00,40.692,41.1287,40.6192,40.692,429520
CTD,11/5/2020 00:00:00,40.692,42.1479,40.692,41.4927,946040
CTD,11/6/2020 00:00:00,42.0023,42.0751,41.1287,41.3471,439930
CTD,11/9/2020 00:00:00,41.4927,42.439,41.3471,42.3662,865810
CTD,11/10/2020 00:00:00,42.6574,44.9868,42.5846,44.4045,1.77838e+006
CTD,11/11/2020 00:00:00,44.7685,45.4964,44.4045,44.8413,1.07446e+006
CTD,11/12/2020 00:00:00,44.8413,45.4236,44.1861,45.1324,810810
CTD,11/13/2020 00:00:00,45.0596,45.4236,44.5501,44.8413,886960
CTD,11/16/2020 00:00:00,45.4964,46.5155,45.278,45.7148,2.14108e+006
CTD,11/17/2020 00:00:00,46.2243,46.2243,45.1324,45.7148,884490
CTD,11/18/2020 00:00:00,45.8604,46.3699,45.5692,46.0788,722920
CTD,11/19/2020 00:00:00,46.0788,46.4427,44.7685,44.9868,1.12768e+006
CTD,11/20/2020 00:00:00,44.4773,44.914,44.0405,44.5501,908560
CTD,11/23/2020 00:00:00,45.1324,46.2243,44.4773,45.9332,1.09258e+006
CTD,11/24/2020 00:00:00,46.2243,46.2243,45.3508,45.7876,763080
CTD,11/25/2020 00:00:00,46.2243,46.9523,45.7148,46.4427,1.32586e+006
CTD,11/26/2020 00:00:00,46.4427,46.9523,46.2971,46.5883,714340
CTD,11/27/2020 00:00:00,46.7339,46.8067,46.3699,46.3699,424780
CTD,11/30/2020 00:00:00,46.5883,47.3163,46.3699,46.7339,1.16937e+006
CTD,12/1/2020 00:00:00,46.3699,46.8067,45.9332,46.6611,1.08079e+006
CTD,12/2/2020 00:00:00,46.3699,46.5155,45.9332,46.4427,808700
CTD,12/3/2020 00:00:00,46.3699,46.3699,44.5501,45.5692,1.58259e+006
CTD,12/4/2020 00:00:00,45.5692,46.1515,44.9868,44.9868,529330
CTD,12/7/2020 00:00:00,45.1324,45.9332,44.7685,45.5692,1.01015e+006
CTD,12/8/2020 00:00:00,45.8604,48.6993,45.8604,48.6993,3.16081e+006
CTD,12/9/2020 00:00:00,50.228,50.956,48.8449,50.956,1.6706e+006
CTD,12/10/2020 00:00:00,51.5383,51.9023,50.3008,51.3199,1.6309e+006
CTD,12/11/2020 00:00:00,51.3199,52.1935,49.9368,51.3199,1.49583e+006
CTD,12/14/2020 00:00:00,51.6839,51.6839,50.8832,51.1744,1.15989e+006
CTD,12/15/2020 00:00:00,51.1744,52.0479,50.6648,51.8295,1.41053e+006
CTD,12/16/2020 00:00:00,51.9023,52.7758,51.8295,52.703,929500
CTD,12/17/2020 00:00:00,52.4118,52.4118,50.8104,51.2471,1.26812e+006
CTD,12/18/2020 00:00:00,52.0479,52.3391,51.3927,51.5383,1.11277e+006
CTD,12/21/2020 00:00:00,53.1398,53.5038,51.7567,51.7567,1.3719e+006
CTD,12/22/2020 00:00:00,51.7567,52.7758,51.1744,52.0479,775600
CTD,12/23/2020 00:00:00,52.4118,54.1589,51.3927,53.7221,1.33608e+006
CTD,12/24/2020 00:00:00,52.0479,53.7949,50.956,53.7949,1.11339e+006
CTD,12/25/2020 00:00:00,53.7221,54.3773,52.8486,53.8677,1.4322e+006
CTD,12/28/2020 00:00:00,53.8677,54.4501,52.9214,54.4501,875560
CTD,12/29/2020 00:00:00,54.4501,57.8714,53.8677,57.8714,1.77596e+006
CTD,12/30/2020 00:00:00,58.2354,58.5994,56.2699,57.7258,2.06855e+006
CTD,12/31/2020 00:00:00,57.5075,57.7258,56.5611,56.5611,1.43145e+006
CTD,1/4/2021 00:00:00,56.5611,56.7795,55.6876,55.6876,1.8528e+006
CTD,1/5/2021 00:00:00,55.4692,56.4155,55.4692,55.6876,1.2161e+006
CTD,1/6/2021 00:00:00,55.9788,56.4155,54.9597,55.4692,1.3398e+006
CTD,1/7/2021 00:00:00,55.3964,55.906,54.5957,55.178,1.319e+006
CTD,1/8/2021 00:00:00,55.4692,57.1435,55.0324,55.9788,1.421e+006
CTD,1/11/2021 00:00:00,56.7795,57.5075,55.542,57.2163,1.0552e+006
CTD,1/12/2021 00:00:00,57.5075,61.22,57.1435,61.22,2.8768e+006
CTD,1/13/2021 00:00:00,62.5303,63.1854,60.7832,61.2927,1.3398e+006
CTD,1/14/2021 00:00:00,61.2927,62.0207,60.3464,61.1472,1.063e+006
CTD,1/15/2021 00:00:00,61.1472,62.0207,60.492,60.492,1.056e+006
CTD,1/18/2021 00:00:00,60.492,62.5303,59.8369,61.1472,1.6089e+006
CTD,1/19/2021 00:00:00,61.8751,61.9479,56.9251,56.9979,1.778e+006
CTD,1/20/2021 00:00:00,57.1435,57.9442,53.8677,56.9979,1.2109e+006
CTD,1/21/2021 00:00:00,57.7986,59.1089,56.9979,58.2354,1.0393e+006
CTD,1/22/2021 00:00:00,58.2354,59.3273,57.4347,58.1626,942100
CTD,1/25/2021 00:00:00,57.8714,60.0552,57.5075,58.5994,1.1795e+006
CTD,1/26/2021 00:00:00,59.4729,59.4729,56.7795,57.653,1.1086e+006
CTD,1/27/2021 00:00:00,56.4155,58.1626,53.7949,55.178,1.2375e+006
CTD,1/28/2021 00:00:00,51.3927,52.7758,51.3199,51.3199,1.5997e+006
CTD,1/29/2021 00:00:00,48.0442,53.8677,48.0442,53.8677,1.123e+006
CTD,2/1/2021 00:00:00,52.0479,52.6302,50.1552,50.1552,1.0242e+006
CTD,2/2/2021 00:00:00,49.5001,50.3008,47.8986,49.5001,870800
CTD,2/3/2021 00:00:00,49.5001,52.0479,49.5001,51.6839,885200
CTD,2/4/2021 00:00:00,51.7567,52.0479,50.956,51.1744,603700
CTD,2/5/2021 00:00:00,51.1744,52.1207,51.0288,51.9751,587200
CTD,2/8/2021 00:00:00,52.4118,52.703,49.5001,49.9368,872200
CTD,2/9/2021 00:00:00,49.9368,51.1744,49.4273,50.228,490900
CTD,2/17/2021 00:00:00,50.592,53.1398,50.592,52.6302,633000
CTD,2/18/2021 00:00:00,53.1398,53.8677,52.4118,53.2854,791900
CTD,2/19/2021 00:00:00,52.7758,53.7949,52.5574,53.067,528800
CTD,2/22/2021 00:00:00,53.1398,56.7067,53.1398,55.178,1.4275e+006
CTD,2/23/2021 00:00:00,55.3236,56.5611,55.178,55.3964,1.0074e+006
CTD,2/24/2021 00:00:00,55.3964,56.1972,53.8677,54.5957,861800
CTD,2/25/2021 00:00:00,54.8869,54.9597,53.3582,54.4501,868900
CTD,2/26/2021 00:00:00,53.5038,54.2317,53.2126,53.7949,700600
CTD,3/1/2021 00:00:00,54.3773,54.9597,53.7949,54.8869,647900
CTD,3/2/2021 00:00:00,55.542,55.542,54.2317,54.7413,408700
CTD,3/3/2021 00:00:00,54.7413,54.8869,53.7949,54.4501,563700
CTD,3/4/2021 00:00:00,54.5957,54.9597,51.6839,53.067,704100
CTD,3/5/2021 00:00:00,52.8486,52.8486,51.3199,52.3391,727400
CTD,3/8/2021 00:00:00,53.6494,53.7949,52.7758,53.2126,564700
CTD,3/9/2021 00:00:00,53.431,56.9251,52.7758,56.9251,2.8981e+006
CTD,3/10/2021 00:00:00,57.653,58.0898,56.1972,56.9251,930900
CTD,3/11/2021 00:00:00,57.1435,57.2163,56.1972,56.7795,678900
CTD,3/12/2021 00:00:00,56.7795,57.7258,56.4155,56.6339,1.092e+006
CTD,3/15/2021 00:00:00,56.6339,58.8905,56.4883,57.8714,1.3985e+006
CTD,3/16/2021 00:00:00,58.4538,58.5266,56.7795,57.4347,776600
CTD,3/17/2021 00:00:00,57.2891,57.3619,56.6339,56.7067,669200
CTD,3/18/2021 00:00:00,56.7795,57.1435,56.2699,56.6339,771300
CTD,3/19/2021 00:00:00,56.7795,57.7258,56.4155,56.6339,544100
CTD,3/22/2021 00:00:00,56.6339,56.6339,54.9597,55.3236,1.5154e+006
CTD,3/23/2021 00:00:00,55.3236,55.906,54.7413,55.2508,728800
CTD,3/24/2021 00:00:00,54.5957,54.8869,53.1398,53.3582,908200
CTD,3/25/2021 00:00:00,53.5766,54.0861,53.1398,53.2126,703300
CTD,3/26/2021 00:00:00,52.8486,53.5038,51.6839,51.7567,889200
CTD,3/29/2021 00:00:00,53.1398,53.5038,51.9751,53.5038,559000
CTD,3/30/2021 00:00:00,53.5038,54.4501,53.1398,53.6494,483800
CTD,3/31/2021 00:00:00,53.7221,54.2317,52.9942,53.067,402100
CTD,4/1/2021 00:00:00,53.067,54.0861,52.7758,53.7949,579000
CTD,4/2/2021 00:00:00,54.2317,54.2317,53.5038,53.5766,581300
CTD,4/5/2021 00:00:00,53.5766,53.8677,52.4118,52.6302,999400
CTD,4/6/2021 00:00:00,52.2663,52.703,52.0479,52.4118,870800
CTD,4/7/2021 00:00:00,52.1207,53.5038,52.0479,53.1398,556200
CTD,4/8/2021 00:00:00,53.2126,53.2126,52.3391,52.5574,507700
CTD,4/9/2021 00:00:00,52.4846,52.5574,52.1935,52.1935,423100
CTD,4/12/2021 00:00:00,52.3391,52.3391,50.7376,51.4655,1.5521e+006
CTD,4/13/2021 00:00:00,51.6111,51.6111,49.6457,50.0824,1.0912e+006
CTD,4/14/2021 00:00:00,49.8641,51.6839,49.5729,50.956,714500
CTD,4/15/2021 00:00:00,50.956,51.1016,49.7913,50.592,557100
CTD,4/16/2021 00:00:00,50.228,50.5192,49.2817,49.4273,581700
CTD,4/19/2021 00:00:00,49.4273,50.3008,49.3545,49.5729,501600
CTD,4/20/2021 00:00:00,49.9368,50.956,49.7185,50.3736,549500
CTD,4/22/2021 00:00:00,50.3736,50.3736,48.4082,48.4082,478400
CTD,4/23/2021 00:00:00,48.4082,49.4273,48.2626,49.1361,442600
CTD,4/26/2021 00:00:00,49.1361,49.1361,46.6611,46.6611,469300
CTD,4/27/2021 00:00:00,45.8604,46.8067,45.4236,45.4964,483400
CTD,4/28/2021 00:00:00,44.9868,46.5155,44.9868,46.2243,333100
CTD,4/29/2021 00:00:00,46.4427,46.7339,46.006,46.7339,574800
CTD,5/4/2021 00:00:00,45.4964,45.8604,45.1324,45.278,375400
CTD,5/5/2021 00:00:00,45.278,46.006,45.278,45.5692,509000
CTD,5/6/2021 00:00:00,45.9332,45.9332,45.4236,45.4964,316400
CTD,5/7/2021 00:00:00,45.3508,45.3508,42.6574,42.6574,701700
CTD,5/10/2021 00:00:00,41.5655,42.1479,41.1287,41.7111,678500
CTD,5/11/2021 00:00:00,42.2207,43.7493,42.1479,43.0942,484900
CTD,5/12/2021 00:00:00,42.8758,43.531,42.6574,43.4582,294300
CTD,5/13/2021 00:00:00,42.9486,43.3854,42.0023,42.0023,425400
CTD,5/14/2021 00:00:00,42.0751,42.5118,41.4927,41.4927,417700
CTD,5/17/2021 00:00:00,42.1479,42.1479,40.7648,40.7648,373100
CTD,5/18/2021 00:00:00,40.6192,40.8376,39.2361,39.6729,610100
CTD,5/19/2021 00:00:00,39.5273,40.7648,39.5273,39.5273,361300
CTD,5/20/2021 00:00:00,40.0368,40.0368,37.853,38.4354,674400
CTD,5/21/2021 00:00:00,37.853,39.964,37.853,39.1633,355900
CTD,5/24/2021 00:00:00,38.7265,41.7111,38.7265,41.4927,609300
CTD,5/25/2021 00:00:00,42.1479,42.7302,41.4927,42.2207,670700
CTD,5/26/2021 00:00:00,42.0751,42.2935,41.3471,42.2207,606300
CTD,5/27/2021 00:00:00,41.8567,43.167,41.6383,42.1479,729700
CTD,5/28/2021 00:00:00,42.2207,43.3126,41.5655,43.0214,546900
CTD,5/31/2021 00:00:00,42.9486,45.1324,42.5846,45.1324,747600
CTD,6/1/2021 00:00:00,45.4964,45.642,44.4773,44.6229,421700
CTD,6/2/2021 00:00:00,44.4045,45.1324,43.7493,44.914,690600
CTD,6/3/2021 00:00:00,45.1324,46.1515,44.914,45.7876,490200
CTD,6/4/2021 00:00:00,45.2052,45.8604,44.4045,45.2052,668400
CTD,6/7/2021 00:00:00,45.1324,45.278,44.4045,44.6229,303500
CTD,6/8/2021 00:00:00,44.6957,45.7876,44.5501,44.8413,680200
CTD,6/9/2021 00:00:00,44.914,45.4236,43.8949,44.9868,309100
CTD,6/10/2021 00:00:00,44.6957,45.1324,44.4773,44.9868,159500
CTD,6/11/2021 00:00:00,45.5692,46.1515,45.3508,45.7148,490200
CTD,6/14/2021 00:00:00,45.8604,46.9523,45.7148,45.8604,600100
CTD,6/15/2021 00:00:00,46.3699,46.3699,45.5692,45.7876,208800
CTD,6/16/2021 00:00:00,45.3508,46.0788,44.4773,45.7876,494300
CTD,6/17/2021 00:00:00,45.2052,45.7876,45.2052,45.4964,147000
CTD,6/18/2021 00:00:00,45.4964,45.8604,45.1324,45.4964,241900
CTD,6/21/2021 00:00:00,45.4964,46.2971,45.4236,45.5692,432000
CTD,6/22/2021 00:00:00,45.5692,46.2243,45.5692,45.642,310900
CTD,6/23/2021 00:00:00,45.8604,48.3354,45.8604,47.6074,961300
CTD,6/24/2021 00:00:00,48.0442,48.5538,47.389,47.6802,368000
CTD,6/25/2021 00:00:00,47.6802,47.753,46.9523,47.6074,294800
CTD,6/28/2021 00:00:00,48.0442,48.0442,47.3163,48.0442,488000
CTD,6/29/2021 00:00:00,48.0442,48.1898,47.0979,47.2435,340600
CTD,6/30/2021 00:00:00,47.8258,47.8258,47.0251,47.0979,160300
CTD,7/1/2021 00:00:00,46.7339,47.3163,46.7339,47.1707,250700
CTD,7/2/2021 00:00:00,47.3163,47.6802,46.5883,46.9523,267000
CTD,7/5/2021 00:00:00,46.9523,46.9523,45.2052,45.7148,393100
CTD,7/6/2021 00:00:00,45.278,45.7148,44.4045,44.4045,289300
CTD,7/7/2021 00:00:00,44.6229,44.6957,43.0214,44.4045,300900
CTD,7/8/2021 00:00:00,44.4045,46.2243,44.4045,45.7876,395900
CTD,7/9/2021 00:00:00,45.8604,47.0251,45.7148,46.4427,562500
CTD,7/12/2021 00:00:00,46.3699,46.3699,43.6765,45.1324,435400
CTD,7/13/2021 00:00:00,44.8413,45.1324,44.0405,44.4045,160100
CTD,7/14/2021 00:00:00,44.4045,44.7685,43.3854,43.3854,188000
CTD,7/15/2021 00:00:00,43.3854,44.2589,43.167,44.0405,254300
CTD,7/16/2021 00:00:00,44.4045,44.5501,43.531,43.8221,95800
CTD,7/19/2021 00:00:00,43.6037,43.7493,42.439,43.3126,264900
CTD,7/20/2021 00:00:00,42.6574,43.531,42.3662,43.531,135300
CTD,7/21/2021 00:00:00,43.531,43.531,42.6574,43.3854,127600
CTD,7/22/2021 00:00:00,43.6037,44.1133,43.3854,43.8221,259100
CTD,7/23/2021 00:00:00,43.9677,43.9677,42.7302,43.6765,194400
CTD,7/26/2021 00:00:00,43.531,43.6765,42.9486,43.3126,78300
CTD,7/27/2021 00:00:00,43.6037,43.6765,42.8758,43.3854,115600
CTD,7/28/2021 00:00:00,43.0214,43.4582,42.803,43.167,126000
CTD,7/29/2021 00:00:00,43.167,43.6037,42.9486,43.3126,118100
CTD,7/30/2021 00:00:00,43.531,45.8604,43.531,45.8604,1.0171e+006
CTD,8/2/2021 00:00:00,45.642,45.8604,45.0596,45.642,341900
CTD,8/3/2021 00:00:00,45.642,46.9523,45.278,46.9523,636300
CTD,8/4/2021 00:00:00,46.9523,47.3163,46.3699,46.5155,300200
CTD,8/5/2021 00:00:00,46.4427,46.5883,45.8604,46.2971,260700
CTD,8/6/2021 00:00:00,46.5883,48.6266,46.006,47.6074,671300
CTD,8/9/2021 00:00:00,47.5346,48.6266,46.9523,47.9714,318200
CTD,8/10/2021 00:00:00,47.9714,48.117,47.0979,47.2435,414100
CTD,8/11/2021 00:00:00,47.2435,48.5538,46.7339,48.0442,771200
CTD,8/12/2021 00:00:00,47.5346,50.1552,47.5346,49.5729,1.2937e+006
CTD,8/13/2021 00:00:00,49.5729,49.8641,48.7721,49.5001,635500
CTD,8/16/2021 00:00:00,49.5729,49.7913,48.9177,49.1361,500800
CTD,8/17/2021 00:00:00,48.7721,49.6457,48.4082,48.8449,839300
CTD,8/18/2021 00:00:00,48.9177,49.0633,47.753,48.6266,698500
CTD,8/19/2021 00:00:00,48.6266,49.1361,48.117,48.9905,607400
CTD,8/20/2021 00:00:00,48.3354,48.8449,47.0251,48.6266,1.1006e+006
CTD,8/23/2021 00:00:00,47.753,48.6266,47.3163,47.3163,534600
CTD,8/24/2021 00:00:00,47.3163,48.3354,45.4964,47.0251,476500
CTD,8/25/2021 00:00:00,47.2435,47.6802,46.5883,47.4618,298500
CTD,8/26/2021 00:00:00,47.6074,48.3354,47.0979,47.0979,239500
CTD,8/27/2021 00:00:00,46.8795,48.2626,46.4427,48.2626,547400
CTD,8/30/2021 00:00:00,48.9177,50.3008,48.7721,50.3008,1.1863e+006
CTD,8/31/2021 00:00:00,50.3008,51.5383,50.228,51.2471,789100
CTD,9/1/2021 00:00:00,51.2471,51.2471,50.4464,50.956,278900
CTD,9/6/2021 00:00:00,51.2471,52.0479,50.592,51.6839,479900
CTD,9/7/2021 00:00:00,51.6839,51.6839,50.4464,50.5192,406700
CTD,9/8/2021 00:00:00,50.5192,50.5192,49.5729,49.5729,301900
CTD,9/9/2021 00:00:00,49.5001,50.1552,49.5001,50.0096,186800
CTD,9/10/2021 00:00:00,50.228,50.8832,50.0096,50.8104,382900
CTD,9/13/2021 00:00:00,50.8104,50.8104,49.8641,50.0096,274100
CTD,9/14/2021 00:00:00,50.0096,50.592,49.2817,49.5001,314400
CTD,9/15/2021 00:00:00,49.5001,49.8641,49.1361,49.5001,231900
CTD,9/16/2021 00:00:00,50.228,50.228,49.5001,49.6457,164000
CTD,9/17/2021 00:00:00,49.5001,50.228,49.5001,49.7185,179900
CTD,9/20/2021 00:00:00,50.1552,50.228,49.1361,49.1361,339400
CTD,9/21/2021 00:00:00,48.8449,49.5001,48.481,49.1361,310900
CTD,9/22/2021 00:00:00,49.1361,50.7617,49.1361,50.4661,210900
CTD,9/23/2021 00:00:00,51.0572,51.0572,50.0967,50.3922,158900
CTD,9/24/2021 00:00:00,50.2444,50.8356,50.2444,50.54,202900
CTD,9/27/2021 00:00:00,51.0572,51.0572,49.1361,49.1361,197800
CTD,9/28/2021 00:00:00,49.1361,49.8011,49.1361,49.8011,273600
CTD,9/29/2021 00:00:00,49.8011,50.9833,49.2839,50.6139,207300
CTD,9/30/2021 00:00:00,50.6139,50.7617,50.0967,50.3183,92700
CTD,10/1/2021 00:00:00,50.1706,50.4661,49.5056,49.7272,176300
CTD,10/4/2021 00:00:00,50.2444,51.7222,49.2839,51.7222,546900
CTD,10/5/2021 00:00:00,52.0178,53.3478,52.0178,52.8306,721400
CTD,10/6/2021 00:00:00,53.2,53.2,52.4611,52.8306,179500
CTD,10/7/2021 00:00:00,52.4611,52.8306,52.0917,52.0917,246800
CTD,10/8/2021 00:00:00,52.3133,52.8306,51.7222,51.9439,180400
CTD,10/11/2021 00:00:00,52.0917,52.3133,51.2789,51.2789,356200
CTD,10/12/2021 00:00:00,51.2789,52.0178,50.9833,51.3528,207700
CTD,10/13/2021 00:00:00,51.7222,51.87,51.4267,51.7222,98900
CTD,10/14/2021 00:00:00,51.6483,52.1656,51.3528,51.4267,223800
CTD,10/15/2021 00:00:00,51.7222,51.7222,50.9833,51.1311,216300
CTD,10/18/2021 00:00:00,51.1311,51.3528,50.3922,50.3922,422600
CTD,10/19/2021 00:00:00,50.3183,50.54,50.1706,50.3922,132100
CTD,10/20/2021 00:00:00,50.3922,51.205,50.3922,50.9833,84300
CTD,10/21/2021 00:00:00,50.9833,50.9833,50.3922,50.6878,134900
CTD,10/22/2021 00:00:00,51.2789,52.0917,50.6878,52.0917,441600
CTD,10/25/2021 00:00:00,52.6828,52.7567,51.87,52.0178,335100
CTD,10/26/2021 00:00:00,52.1656,52.535,51.4267,52.4611,406500
CTD,10/27/2021 00:00:00,52.0917,53.2739,52.0917,53.2,616600
CTD,10/28/2021 00:00:00,53.2,53.2739,52.6828,52.8306,162300
CTD,10/29/2021 00:00:00,53.2,53.7172,52.4611,53.1261,585600
CTD,11/1/2021 00:00:00,52.6089,54.53,52.6089,54.0128,607500
CTD,11/2/2021 00:00:00,54.1606,54.3083,53.2739,53.2739,236000
CTD,11/3/2021 00:00:00,53.2739,53.4956,51.87,52.8306,593300
CTD,11/4/2021 00:00:00,52.1656,52.9044,52.1656,52.9044,380000
CTD,11/5/2021 00:00:00,52.9044,53.6433,52.4611,53.5694,341300
CTD,11/8/2021 00:00:00,53.5694,54.1606,52.8306,53.7172,657700
CTD,11/9/2021 00:00:00,53.7172,54.4561,53.2739,54.1606,696200
CTD,11/10/2021 00:00:00,53.9389,54.7517,53.9389,54.3083,373500
CTD,11/11/2021 00:00:00,54.3822,55.0472,54.0128,54.8994,319600
CTD,11/12/2021 00:00:00,54.9733,55.2689,54.0128,54.4561,306000
CTD,11/15/2021 00:00:00,54.3822,54.4561,53.5694,53.6433,433000
CTD,11/16/2021 00:00:00,53.2,53.5694,52.3133,53.1261,802100
CTD,11/17/2021 00:00:00,53.2,56.525,53.2,55.9339,2.4188e+006
CTD,11/18/2021 00:00:00,56.8206,56.8206,55.3428,55.4167,937700
CTD,11/19/2021 00:00:00,55.4167,55.7122,52.8306,53.2,1.1083e+006
CTD,11/22/2021 00:00:00,53.6433,53.6433,49.5794,50.6139,1.6096e+006
CTD,11/23/2021 00:00:00,50.9833,52.0917,50.2444,50.2444,1.0314e+006
CTD,11/24/2021 00:00:00,51.87,53.7172,51.87,53.7172,543800
CTD,11/25/2021 00:00:00,55.7861,55.9339,54.6778,55.5644,783100
CTD,11/26/2021 00:00:00,55.0472,55.4167,53.9389,54.6778,699000
CTD,11/29/2021 00:00:00,53.3478,55.4167,53.2739,55.2689,463400
CTD,11/30/2021 00:00:00,55.4906,59.1111,55.4906,59.1111,1.9493e+006
CTD,12/1/2021 00:00:00,59.7761,60.8844,58.8156,59.1111,656400
CTD,12/2/2021 00:00:00,58.4461,59.2589,55.0472,57.5594,1.1617e+006
CTD,12/3/2021 00:00:00,57.7811,58.7417,56.1556,56.8944,742300
CTD,12/6/2021 00:00:00,56.8206,58.2983,55.4167,56.1556,795600
CTD,12/7/2021 00:00:00,56.9683,57.4117,56.1556,56.8944,616100
CTD,12/8/2021 00:00:00,57.6333,60.5889,56.8944,60.2194,1.2489e+006
CTD,12/9/2021 00:00:00,59.85,64.4311,59.6283,64.4311,1.6926e+006
CTD,12/10/2021 00:00:00,65.0222,66.5,63.9139,66.4261,933100
CTD,12/13/2021 00:00:00,67.0911,68.9383,66.8694,66.8694,991000
CTD,12/14/2021 00:00:00,66.5,66.5,64.6528,65.2439,812400
CTD,12/15/2021 00:00:00,65.9828,69.0122,65.2439,67.3867,697700
CTD,12/16/2021 00:00:00,67.9778,67.9778,66.5,67.4606,381300
CTD,12/17/2021 00:00:00,68.3472,68.3472,64.6528,67.4606,600900
CTD,12/20/2021 00:00:00,67.6083,67.6083,65.0222,65.6133,724400
CTD,12/21/2021 00:00:00,65.3917,66.5,64.0617,65.835,612800
CTD,12/22/2021 00:00:00,65.9828,68.7167,65.9089,66.8694,504000
CTD,12/23/2021 00:00:00,66.9433,70.9333,66.0567,70.7117,1.2603e+006
CTD,12/24/2021 00:00:00,72.0417,72.7806,70.9333,71.4506,628700
CTD,12/27/2021 00:00:00,72.3372,74.6278,71.8939,73.7411,980500
CTD,12/28/2021 00:00:00,75.2189,77.6572,74.3322,76.7706,968100
CTD,12/29/2021 00:00:00,76.8444,81.2039,75.7361,78.3222,1.5992e+006
CTD,12/30/2021 00:00:00,78.3222,79.6522,76.7706,79.4306,462900
CTD,12/31/2021 00:00:00,78.6917,83.3467,78.6917,80.9083,594000
CTD,1/4/2022 00:00:00,81.3517,83.8639,77.6572,78.3222,1.1061e+006
CTD,1/5/2022 00:00:00,78.47,80.2433,77.2878,78.3222,1.0555e+006
CTD,1/6/2022 00:00:00,77.2139,83.79,77.2139,83.79,1.1939e+006
CTD,1/7/2022 00:00:00,84.455,85.7111,82.2383,83.9378,514300
CTD,1/10/2022 00:00:00,84.8983,84.8983,78.5439,78.5439,987800
CTD,1/11/2022 00:00:00,78.3222,83.125,77.6572,78.6917,1.0238e+006
CTD,1/12/2022 00:00:00,79.0611,82.7556,76.8444,82.7556,1.1692e+006
CTD,1/13/2022 00:00:00,83.79,83.79,78.3961,78.9872,524000
CTD,1/14/2022 00:00:00,77.9528,82.0167,77.6572,79.0611,599100
CTD,1/17/2022 00:00:00,80.9083,81.2039,74.6278,74.6278,987900
CTD,1/18/2022 00:00:00,73.8889,75.0711,70.1944,73.15,1.007e+006
CTD,1/19/2022 00:00:00,72.4111,74.6278,72.4111,73.2239,652900
CTD,1/20/2022 00:00:00,73.15,78.3222,73.15,78.3222,506000
CTD,1/21/2022 00:00:00,80.1694,82.0167,78.8394,81.2039,601800
CTD,1/24/2022 00:00:00,79.135,81.13,76.8444,77.805,522400
CTD,1/25/2022 00:00:00,77.5833,82.0167,77.5833,81.2778,961800
CTD,1/26/2022 00:00:00,82.6817,82.6817,79.8,80.3172,495300
CTD,1/27/2022 00:00:00,74.7017,79.0611,74.7017,75.8839,1.2092e+006
CTD,1/28/2022 00:00:00,75.81,76.1056,70.6378,73.15,2.1288e+006
CTD,2/7/2022 00:00:00,73.9628,74.6278,70.5639,70.6378,683300
CTD,2/8/2022 00:00:00,70.3422,70.9333,66.9433,69.825,930500
CTD,2/9/2022 00:00:00,69.4556,72.7067,67.9039,71.6722,445800
CTD,2/10/2022 00:00:00,72.1894,72.1894,70.5639,71.6722,356100
CTD,2/11/2022 00:00:00,70.3422,71.0811,70.1944,70.1944,330700
CTD,2/14/2022 00:00:00,69.0861,70.1206,67.9778,68.5689,340900
CTD,2/15/2022 00:00:00,68.7167,70.9333,68.3472,68.3472,293000
CTD,2/16/2022 00:00:00,68.3472,70.6378,68.2733,69.6772,399100
CTD,2/17/2022 00:00:00,70.8594,71.7461,70.1944,70.1944,240100
CTD,2/18/2022 00:00:00,69.4556,70.5639,68.9383,69.4556,300000
CTD,2/21/2022 00:00:00,69.5294,71.6722,69.5294,70.0467,557200
CTD,2/22/2022 00:00:00,70.1944,71.6722,69.825,71.0072,734700
CTD,2/23/2022 00:00:00,71.7461,72.7806,71.7461,72.6328,513900
CTD,2/24/2022 00:00:00,72.7067,74.2583,69.0861,71.7461,869400
CTD,2/25/2022 00:00:00,71.7461,73.15,70.3422,72.7067,459300
CTD,2/28/2022 00:00:00,72.8544,73.7411,71.0072,71.5244,303600
CTD,3/1/2022 00:00:00,71.7461,71.7461,70.7856,70.7856,353800
CTD,3/2/2022 00:00:00,70.8594,70.8594,68.3472,68.3472,889400
CTD,3/3/2022 00:00:00,68.3472,69.4556,65.3917,66.5739,1.051e+006
CTD,3/4/2022 00:00:00,66.5,69.0122,65.2439,68.7167,517900
CTD,3/7/2022 00:00:00,68.3472,68.5689,66.5,66.8694,906000
CTD,3/8/2022 00:00:00,66.5739,67.6822,65.7611,65.7611,695500
CTD,3/9/2022 00:00:00,65.9089,66.4261,63.3967,63.3967,700800
CTD,3/10/2022 00:00:00,64.6528,64.6528,62.8056,62.8056,577000
CTD,3/11/2022 00:00:00,62.8056,64.1356,62.4361,62.8056,426900
CTD,3/14/2022 00:00:00,63.175,64.2833,62.2144,63.6183,360800
CTD,3/15/2022 00:00:00,63.175,65.3178,63.175,64.5789,1.1129e+006
CTD,3/16/2022 00:00:00,65.0222,65.0961,64.1356,64.1356,335700
CTD,3/17/2022 00:00:00,64.5789,65.0961,64.1356,64.4311,329800
CTD,3/18/2022 00:00:00,64.6528,64.9483,64.2094,64.2833,437200
CTD,3/21/2022 00:00:00,64.1356,64.5789,63.6922,63.84,419900
CTD,3/22/2022 00:00:00,63.9139,65.9828,63.3967,64.6528,1.4144e+006
CTD,3/23/2022 00:00:00,65.0222,68.495,64.8744,67.2389,2.1847e+006
CTD,3/24/2022 00:00:00,67.4606,69.4556,66.7956,68.3472,574300
CTD,3/25/2022 00:00:00,67.9778,68.495,67.3867,67.83,548000
CTD,3/28/2022 00:00:00,66.7217,67.7561,65.7611,67.0911,910500
CTD,3/29/2022 00:00:00,67.0911,71.7461,66.9433,71.7461,1.3611e+006
CTD,3/30/2022 00:00:00,70.9333,73.3717,70.5639,72.1894,1.132e+006
CTD,3/31/2022 00:00:00,72.1894,73.0761,70.7117,71.3767,530500
CTD,4/1/2022 00:00:00,71.3767,74.2583,70.7117,72.5589,728300
CTD,4/4/2022 00:00:00,72.5589,76.6228,71.82,73.15,1.0033e+006
CTD,4/5/2022 00:00:00,72.1156,73.15,69.9728,70.1944,2.3627e+006
CTD,4/6/2022 00:00:00,69.4556,70.1944,65.6872,65.6872,2.106e+006
CTD,4/7/2022 00:00:00,65.0222,67.0172,63.5444,63.5444,1.1345e+006
CTD,4/8/2022 00:00:00,63.4706,64.8006,63.3228,63.5444,599100
CTD,4/12/2022 00:00:00,63.5444,63.84,59.1111,59.1111,1.4013e+006
CTD,4/13/2022 00:00:00,57.2639,58.7417,54.9733,56.3033,1.4976e+006
CTD,4/14/2022 00:00:00,57.3378,58.1506,55.4167,55.4167,529200
CTD,4/15/2022 00:00:00,55.0472,55.4167,51.5744,51.5744,1.9974e+006
CTD,4/18/2022 00:00:00,50.0967,51.1311,48.0278,48.0278,1.6991e+006
CTD,4/19/2022 00:00:00,48.0278,51.1311,47.2889,48.8406,1.0147e+006
CTD,4/20/2022 00:00:00,49.875,49.875,47.2889,47.2889,724400
CTD,4/21/2022 00:00:00,46.55,48.1017,45.0722,45.22,947500
CTD,4/22/2022 00:00:00,47.2889,47.2889,42.1167,42.1167,1.3983e+006
CTD,4/25/2022 00:00:00,42.4861,43.225,39.3828,40.565,1.0981e+006
CTD,4/26/2022 00:00:00,39.9739,43.3728,39.5306,43.3728,918000
CTD,4/27/2022 00:00:00,43.5944,44.7028,42.1167,43.4467,887700
CTD,4/28/2022 00:00:00,43.5944,44.7767,42.8556,42.8556,634100
CTD,4/29/2022 00:00:00,42.8556,43.9639,41.0083,41.0083,2.1813e+006
CTD,5/4/2022 00:00:00,42.1167,42.9294,41.5256,42.7078,573800
CTD,5/5/2022 00:00:00,43.5944,43.5944,40.3433,41.7472,513300
CTD,5/6/2022 00:00:00,40.8606,41.3039,39.5306,39.5306,666400
CTD,5/9/2022 00:00:00,39.4567,40.2694,36.7967,36.7967,1.158e+006
CTD,5/10/2022 00:00:00,34.9494,37.3878,34.9494,36.0578,904100
CTD,5/11/2022 00:00:00,36.7967,37.24,35.7622,36.6489,497400
CTD,5/12/2022 00:00:00,36.9075,36.9075,34.0997,34.0997,598500
CTD,5/13/2022 00:00:00,33.6194,34.1367,31.7353,31.7353,1.1313e+006
CTD,5/16/2022 00:00:00,33.1022,33.5456,31.5506,31.8831,472500
CTD,5/17/2022 00:00:00,31.92,34.0997,31.7722,34.0997,553300
CTD,5/18/2022 00:00:00,35.0972,35.7253,34.4322,35.3189,478500
CTD,5/19/2022 00:00:00,33.6194,35.4667,33.5456,35.2819,403600
CTD,5/20/2022 00:00:00,35.4297,36.1317,35.0233,35.3189,423900
CTD,5/23/2022 00:00:00,35.9839,36.1317,33.25,34.3214,356500
CTD,5/24/2022 00:00:00,34.3214,34.8017,33.1022,33.8411,310700
CTD,5/25/2022 00:00:00,35.0972,36.2056,34.7278,36.2056,601600
CTD,5/26/2022 00:00:00,36.9444,37.6094,36.2056,36.5011,489700
CTD,5/27/2022 00:00:00,36.6119,36.8706,36.2056,36.5011,328500
CTD,5/30/2022 00:00:00,36.5381,38.1267,36.5381,37.6094,520700
CTD,5/31/2022 00:00:00,38.4961,40.1956,38.1267,40.1956,646900
CTD,6/1/2022 00:00:00,41.5256,41.9689,40.7128,40.7867,1.0057e+006
CTD,6/2/2022 00:00:00,40.7867,41.9689,39.9739,41.8211,689100
CTD,6/3/2022 00:00:00,42.0428,42.7078,41.8211,42.56,760300
CTD,6/6/2022 00:00:00,42.56,44.8506,42.0428,42.4861,784000
CTD,6/7/2022 00:00:00,42.1167,42.1167,39.5306,40.9344,769100
CTD,6/8/2022 00:00:00,41.0083,42.7078,41.0083,41.8211,639200
CTD,6/9/2022 00:00:00,41.895,42.4122,41.3778,42.2644,433800
CTD,6/10/2022 00:00:00,41.3778,43.9639,41.3778,42.1167,898300
CTD,6/13/2022 00:00:00,39.9739,41.6733,39.5306,39.6044,800600
CTD,6/14/2022 00:00:00,37.6833,42.0428,37.6833,41.3039,636700
CTD,6/15/2022 00:00:00,41.3778,43.225,38.8656,40.6389,407000
CTD,6/16/2022 00:00:00,42.0428,42.0428,40.6389,41.0083,404100
CTD,6/17/2022 00:00:00,39.1611,40.0478,39.1611,39.5306,413300
CTD,6/20/2022 00:00:00,39.3089,40.2694,36.7967,36.7967,697500
CTD,6/21/2022 00:00:00,36.9444,37.8311,35.91,37.3139,596300
CTD,6/22/2022 00:00:00,37.6094,38.57,36.9444,37.3878,119700
CTD,6/23/2022 00:00:00,37.3878,39.1611,36.7967,38.2744,294500
CTD,6/24/2022 00:00:00,38.4222,39.0872,38.2744,38.4222,144300
CTD,6/27/2022 00:00:00,38.7178,39.9,38.2006,39.8261,335800
CTD,6/28/2022 00:00:00,39.8261,40.7128,39.1611,40.6389,415500
CTD,6/29/2022 00:00:00,40.4172,41.8211,40.0478,41.3039,393300
CTD,6/30/2022 00:00:00,41.3039,41.5256,39.7522,39.7522,251000
CTD,7/1/2022 00:00:00,39.5306,40.4911,38.8656,39.7522,227700
CTD,7/4/2022 00:00:00,40.4172,40.565,39.3089,39.9739,189900
CTD,7/5/2022 00:00:00,39.9739,42.1167,39.9739,40.7867,724000
CTD,7/6/2022 00:00:00,40.7867,41.8211,40.1217,40.8606,335400
CTD,7/7/2022 00:00:00,41.0083,43.6683,40.6389,43.6683,1.5027e+006
CTD,7/8/2022 00:00:00,45.4417,46.1067,44.3333,44.8506,581300
CTD,7/11/2022 00:00:00,44.555,46.4022,44.3333,45.5156,636600
CTD,7/12/2022 00:00:00,45.7372,46.9194,44.4072,45.8111,924200
CTD,7/13/2022 00:00:00,45.5894,47.215,45.1461,45.6633,560000
CTD,7/14/2022 00:00:00,45.4417,46.0328,44.2594,45.885,794100
CTD,7/15/2022 00:00:00,45.885,47.5106,43.5944,43.5944,1.405e+006
CTD,7/18/2022 00:00:00,44.2594,45.22,43.0772,44.3333,881000
CTD,7/19/2022 00:00:00,43.5944,44.9244,43.5944,44.2594,478400
CTD,7/20/2022 00:00:00,44.9244,46.0328,44.6289,44.7767,1.3209e+006
CTD,7/21/2022 00:00:00,44.8506,45.6633,43.225,43.4467,924800
CTD,7/22/2022 00:00:00,43.5206,44.1117,42.3383,42.8556,510700
CTD,7/25/2022 00:00:00,42.1167,42.6339,41.0822,41.23,1.2952e+006
CTD,7/26/2022 00:00:00,41.0083,42.6339,41.0083,41.6733,333900
CTD,7/27/2022 00:00:00,41.4517,43.5944,41.4517,43.5944,524700
CTD,7/28/2022 00:00:00,44.3333,44.4811,43.2989,44.3333,670500
CTD,7/29/2022 00:00:00,44.3333,44.8506,43.89,44.555,562400
CTD,8/1/2022 00:00:00,43.5944,46.1067,42.4861,45.8111,1.5358e+006
CTD,8/2/2022 00:00:00,45.7372,46.4761,44.4072,44.9244,1.3067e+006
CTD,8/3/2022 00:00:00,44.9244,46.1067,44.4072,46.1067,558500
CTD,8/4/2022 00:00:00,46.4022,48.1756,46.4022,47.0672,1.142e+006
CTD,8/5/2022 00:00:00,47.0672,47.2889,46.2544,46.6978,589200
CTD,8/8/2022 00:00:00,47.2889,47.6583,46.1067,46.55,669900
CTD,8/9/2022 00:00:00,46.55,48.3972,45.885,47.1411,903900
CTD,8/10/2022 00:00:00,47.2889,47.88,46.7717,46.7717,489400
CTD,8/11/2022 00:00:00,46.7717,47.2889,45.4417,45.5156,1.0157e+006
CTD,8/12/2022 00:00:00,45.2939,46.1806,44.9983,45.9589,562600
CTD,8/15/2022 00:00:00,46.9194,46.9194,46.0328,46.55,350100
CTD,8/16/2022 00:00:00,46.7717,49.8011,46.4022,49.8011,1.6021e+006
CTD,8/17/2022 00:00:00,50.2444,51.1311,49.5056,49.7272,749900
CTD,8/18/2022 00:00:00,49.875,49.9489,49.1361,49.3578,537100
CTD,8/19/2022 00:00:00,50.0967,52.3872,49.875,52.2394,1.4784e+006
CTD,8/22/2022 00:00:00,52.535,53.9389,51.7222,52.2394,822800
CTD,8/23/2022 00:00:00,52.4611,53.5694,52.0917,53.5694,640100
CTD,8/24/2022 00:00:00,53.9389,53.9389,52.8306,53.1261,579800
CTD,8/25/2022 00:00:00,54.3083,54.3083,51.5744,53.0522,877400
CTD,8/26/2022 00:00:00,53.1261,53.2,51.87,51.87,574100
CTD,8/29/2022 00:00:00,50.9094,51.5744,49.5056,51.5744,1.0776e+006
CTD,8/30/2022 00:00:00,52.0178,52.3133,51.1311,51.3528,446900
CTD,8/31/2022 00:00:00,51.2789,53.4956,50.9833,53.4217,1.1374e+006
CTD,9/5/2022 00:00:00,53.2,53.3478,52.0178,52.6828,491000
CTD,9/6/2022 00:00:00,53.1261,53.7911,52.4611,52.6828,463800
CTD,9/7/2022 00:00:00,52.4611,52.6828,49.5056,49.5794,822400
CTD,9/8/2022 00:00:00,49.9489,50.9833,49.1361,49.5056,688900
CTD,9/9/2022 00:00:00,49.875,50.6139,49.21,50.3183,346400
CTD,9/12/2022 00:00:00,51.6483,51.6483,50.6878,51.205,456300
CTD,9/13/2022 00:00:00,51.7222,51.7222,50.6139,50.8356,323700
CTD,9/14/2022 00:00:00,50.1706,52.4611,49.7272,52.4611,611900
CTD,9/15/2022 00:00:00,52.4611,54.4561,52.4611,53.2739,891400
CTD,9/16/2022 00:00:00,53.2739,53.2739,51.7222,51.9439,548000
CTD,9/19/2022 00:00:00,51.7961,52.4611,48.3233,50.1706,817600
CTD,9/20/2022 00:00:00,50.8356,50.8356,48.7667,50.0228,436600
CTD,9/21/2022 00:00:00,49.7272,51.0572,49.5056,49.875,256000
CTD,9/22/2022 00:00:00,49.5056,50.2444,48.6928,50.2444,499500
CTD,9/23/2022 00:00:00,50.2444,52.2394,50.0967,51.1311,740300
CTD,9/26/2022 00:00:00,50.2444,50.6139,49.1361,49.5056,618100
CTD,9/27/2022 00:00:00,49.875,51.4267,49.5056,49.8011,407700
CTD,9/28/2022 00:00:00,49.5794,49.875,46.3283,46.3283,1.4715e+006
CTD,9/29/2022 00:00:00,46.4022,46.9194,43.1511,43.1511,986100
CTD,9/30/2022 00:00:00,42.1906,42.8556,40.1956,42.6339,908200
CTD,10/3/2022 00:00:00,42.4861,42.8556,39.6783,39.6783,563800
CTD,10/4/2022 00:00:00,40.3433,40.9344,36.9444,36.9444,952000
CTD,10/5/2022 00:00:00,38.3483,39.4567,37.8311,38.9394,417200
CTD,10/6/2022 00:00:00,39.0133,39.9,37.3139,37.6094,372800
CTD,10/7/2022 00:00:00,37.3878,37.3878,34.9864,34.9864,736300
CTD,10/10/2022 00:00:00,33.4717,36.1317,33.25,34.5061,596900
CTD,10/11/2022 00:00:00,34.7278,35.0972,32.1047,32.1047,502700
CTD,10/12/2022 00:00:00,31.4028,33.7672,29.925,32.6958,721700
CTD,10/13/2022 00:00:00,32.6589,34.2106,32.6589,34.1736,297100
CTD,10/14/2022 00:00:00,35.1711,35.6144,34.3583,34.3583,529300
CTD,10/17/2022 00:00:00,33.9889,35.3558,33.8781,34.8756,280400
CTD,10/18/2022 00:00:00,35.6144,36.0578,35.0972,35.245,259300
CTD,10/19/2022 00:00:00,35.4667,35.4667,33.9889,34.3953,362400
CTD,10/20/2022 00:00:00,34.3953,35.1711,34.0628,34.3953,152100
CTD,10/21/2022 00:00:00,34.6539,34.6539,31.9939,31.9939,720000
CTD,10/24/2022 00:00:00,32.1417,32.1417,29.7772,29.7772,624900
CTD,10/25/2022 00:00:00,29.7772,31.3289,28.5211,29.925,566400
CTD,10/26/2022 00:00:00,29.9989,30.9594,29.6294,29.7772,282500
CTD,10/27/2022 00:00:00,29.925,31.8461,29.925,31.8461,428800
CTD,10/28/2022 00:00:00,32.1417,33.3239,32.1417,32.5111,478700
CTD,10/31/2022 00:00:00,31.7722,32.5111,30.3314,31.1072,701300
CTD,11/1/2022 00:00:00,31.7722,32.1417,30.6639,30.9594,374000
CTD,11/2/2022 00:00:00,30.9594,31.92,30.8856,31.0703,275700
CTD,11/3/2022 00:00:00,30.9594,31.9939,30.3314,31.0333,671900
CTD,11/4/2022 00:00:00,31.0333,31.0333,29.1122,29.1122,555600
CTD,11/7/2022 00:00:00,29.1122,29.1122,27.0803,27.0803,662800
CTD,11/8/2022 00:00:00,25.1961,26.2306,25.1961,25.1961,1.1049e+006
CTD,11/9/2022 00:00:00,24.7528,26.0089,24.7528,24.7528,378900
CTD,11/10/2022 00:00:00,23.3119,24.605,23.0533,23.0533,470700
CTD,11/11/2022 00:00:00,22.1667,22.9425,21.4647,21.4647,919800
CTD,11/14/2022 00:00:00,19.9869,19.9869,19.9869,19.9869,164400
CTD,11/15/2022 00:00:00,18.62,18.62,18.62,18.62,454300
CTD,11/16/2022 00:00:00,17.3269,19.9131,17.3269,19.9131,1.1871e+006
CTD,11/17/2022 00:00:00,20.6889,21.0583,20.3194,21.0583,264300
CTD,11/18/2022 00:00:00,20.7628,21.7972,19.6544,20.9844,347200
CTD,11/21/2022 00:00:00,21.7233,21.7972,20.6889,21.0583,452200
CTD,11/22/2022 00:00:00,21.0583,22.4992,20.8736,21.8711,586700
CTD,11/23/2022 00:00:00,21.8711,22.7578,21.8711,21.8711,442200
CTD,11/24/2022 00:00:00,21.9081,22.2406,20.9106,21.4278,275100
CTD,11/25/2022 00:00:00,21.8711,22.5361,21.5756,22.5361,358700
CTD,11/28/2022 00:00:00,22.9056,24.0878,22.9056,24.0878,548100
CTD,11/29/2022 00:00:00,24.3833,25.0483,22.9056,24.3094,565800
CTD,11/30/2022 00:00:00,24.4942,25.8611,23.6444,25.8611,532200
CTD,12/1/2022 00:00:00,26.7478,27.265,24.3833,26.1567,727100
CTD,12/2/2022 00:00:00,25.8611,27.3389,24.6789,27.3389,540300
CTD,12/5/2022 00:00:00,27.7083,27.8931,26.4522,26.6739,570300
CTD,12/6/2022 00:00:00,26.5261,26.8217,24.8267,24.8267,588500
CTD,12/7/2022 00:00:00,24.7158,24.8267,23.6814,23.7183,351800
CTD,12/8/2022 00:00:00,24.4942,25.3439,24.1247,25.3439,448500
CTD,12/9/2022 00:00:00,27.1172,27.1172,26.6,27.1172,510000
CTD,12/12/2022 00:00:00,29.0014,29.0014,28.4472,29.0014,711400
CTD,12/13/2022 00:00:00,28.6689,28.9644,27.3389,28.9644,845300
CTD,12/14/2022 00:00:00,29.4817,30.2206,29.2231,29.3339,531800
CTD,12/15/2022 00:00:00,29.2969,29.3339,28.0778,28.2994,322000
CTD,12/16/2022 00:00:00,27.4128,29.7403,27.4128,28.9644,664000
CTD,12/19/2022 00:00:00,27.6344,28.8167,27.4867,27.4867,1.0338e+006
CTD,12/20/2022 00:00:00,27.0064,27.7453,25.5656,25.6394,843900
CTD,12/21/2022 00:00:00,26.5261,26.5261,23.8661,24.7528,338700
CTD,12/22/2022 00:00:00,25.27,25.3439,23.6444,25.0114,298700
CTD,12/23/2022 00:00:00,25.0114,25.4917,24.9744,25.4178,152400
CTD,12/26/2022 00:00:00,26.0828,26.0828,24.0139,24.0508,609500
CTD,12/27/2022 00:00:00,24.0508,24.8636,23.8661,24.8636,308600
CTD,12/28/2022 00:00:00,25.0483,25.0483,24.3464,24.605,125600
CTD,12/29/2022 00:00:00,24.0878,24.9744,24.0878,24.5681,160400
CTD,12/30/2022 00:00:00,24.9375,24.9375,24.3094,24.3094,100300
CTD,1/3/2023 00:00:00,24.3094,26.0089,24.3094,26.0089,353400
CTD,1/4/2023 00:00:00,26.1567,26.7478,26.0089,26.0089,240100
CTD,1/5/2023 00:00:00,26.3414,26.3414,25.8611,25.935,232500
CTD,1/6/2023 00:00:00,25.935,26.0458,24.9744,25.0483,322000
CTD,1/9/2023 00:00:00,24.9375,25.5286,24.9375,24.9744,145900
CTD,1/10/2023 00:00:00,24.7897,26.5261,24.5681,26.1197,220900
CTD,1/11/2023 00:00:00,26.6739,26.6739,26.1197,26.1197,255500
CTD,1/12/2023 00:00:00,26.3044,26.3044,25.4917,25.7503,194500
CTD,1/13/2023 00:00:00,25.7872,26.0089,25.7133,25.7503,128300
CTD,1/16/2023 00:00:00,25.8611,26.4522,25.5286,26.1567,235300
CTD,1/17/2023 00:00:00,26.6,27.9669,26.3783,27.9669,445500
CTD,1/18/2023 00:00:00,29.3339,29.3339,28.1147,28.2625,420000
CTD,1/19/2023 00:00:00,28.2256,28.8167,27.4128,28.6319,263000
CTD,1/27/2023 00:00:00,28.8906,29.5556,28.8167,29.1861,418900
CTD,1/30/2023 00:00:00,29.1861,29.5556,28.8167,29.0383,425200
CTD,1/31/2023 00:00:00,28.7058,29.0383,27.0064,29.0383,420300
CTD,2/1/2023 00:00:00,29.4817,29.4817,27.0064,27.0064,507900
CTD,2/2/2023 00:00:00,27.1172,27.7083,26.6,27.1542,413400
CTD,2/3/2023 00:00:00,27.265,27.7822,27.0064,27.265,160000
CTD,2/6/2023 00:00:00,27.265,27.3389,27.0433,27.3389,194200
CTD,2/7/2023 00:00:00,27.3389,27.6714,26.6,26.6,264200
CTD,2/8/2023 00:00:00,27.0433,27.1172,26.1567,26.5631,207800
CTD,2/9/2023 00:00:00,26.7108,26.9325,26.6,26.6369,125200
CTD,2/10/2023 00:00:00,26.6369,26.6369,25.7133,26.1936,186200
CTD,2/13/2023 00:00:00,25.8611,25.8611,24.3833,24.3833,704700
CTD,2/14/2023 00:00:00,25.1222,25.1222,24.2356,24.7528,178400
CTD,2/15/2023 00:00:00,24.7528,26.3044,24.3833,25.3439,171500
CTD,2/16/2023 00:00:00,25.935,25.935,25.3808,25.6764,109400
CTD,2/17/2023 00:00:00,25.7872,26.2306,25.6394,25.8981,117000
CTD,2/20/2023 00:00:00,26.0458,27.4867,26.0458,27.4867,322900
CTD,2/21/2023 00:00:00,27.4867,28.2256,27.4867,27.7453,441400
CTD,2/22/2023 00:00:00,27.3758,27.7083,26.9694,26.9694,338400
CTD,2/23/2023 00:00:00,26.7478,26.9694,25.5656,26.2306,289600
CTD,2/24/2023 00:00:00,26.3044,26.6,25.8611,25.8611,142800
CTD,2/27/2023 00:00:00,25.4917,25.8981,24.605,24.7528,220300
CTD,2/28/2023 00:00:00,25.2331,25.5656,24.7528,24.8636,146000
CTD,3/1/2023 00:00:00,24.8267,26.3044,24.8267,26.3044,126200
CTD,3/2/2023 00:00:00,26.3044,26.8586,25.8611,25.8981,282700
CTD,3/3/2023 00:00:00,26.3783,26.4522,25.7133,25.935,143700
CTD,3/6/2023 00:00:00,26.6369,27.265,26.2306,26.6369,294100
CTD,3/7/2023 00:00:00,26.4892,27.0064,26.3783,26.6,131600
CTD,3/8/2023 00:00:00,26.5631,27.2281,26.2306,27.1911,224300
CTD,3/9/2023 00:00:00,26.3044,28.3364,26.3044,28.1886,621100
CTD,3/10/2023 00:00:00,28.0778,28.1517,27.3389,28.0408,296500
CTD,3/13/2023 00:00:00,27.4497,27.8192,27.265,27.6344,324200
CTD,3/14/2023 00:00:00,27.6344,27.6344,26.6,26.7478,221100
CTD,3/15/2023 00:00:00,27.3389,27.9669,27.1911,27.7822,237700
CTD,3/16/2023 00:00:00,27.7453,27.7453,27.265,27.265,177300
CTD,3/17/2023 00:00:00,27.4867,27.6344,27.1172,27.4867,225200
CTD,3/20/2023 00:00:00,27.3758,27.8561,27.0803,27.0803,292600
CTD,3/21/2023 00:00:00,27.5236,27.5236,26.8956,27.5236,106600
CTD,3/22/2023 00:00:00,27.7083,29.4078,27.6714,28.5211,857700
CTD,3/23/2023 00:00:00,28.4472,29.9619,28.4472,29.5556,800500
CTD,3/24/2023 00:00:00,30.2944,30.2944,29.0383,29.1122,668300
CTD,3/27/2023 00:00:00,29.2231,30.2575,29.1492,29.5556,458900
CTD,3/28/2023 00:00:00,29.8881,29.8881,29.1861,29.26,371600
CTD,3/29/2023 00:00:00,29.4078,30.6639,29.2231,30.4792,584000
CTD,3/30/2023 00:00:00,31.255,32.585,30.59,32.585,1.1283e+006
CTD,3/31/2023 00:00:00,32.6958,33.6194,32.1786,32.2894,1.1905e+006
CTD,4/3/2023 00:00:00,32.7328,34.0258,32.5111,33.1761,578900
CTD,4/4/2023 00:00:00,33.25,33.7672,32.8067,33.7672,406000
CTD,4/5/2023 00:00:00,35.0972,35.9839,34.1367,35.0972,1.0374e+006
CTD,4/6/2023 00:00:00,35.4667,35.4667,34.1367,34.5061,579200
CTD,4/7/2023 00:00:00,34.5061,35.2081,33.9889,35.0233,539600
CTD,4/10/2023 00:00:00,35.3189,35.6883,34.3583,34.7278,515500
CTD,4/11/2023 00:00:00,34.4692,35.6883,34.3953,35.6883,540500
CTD,4/12/2023 00:00:00,35.6883,35.9839,35.3189,35.3928,349300
CTD,4/13/2023 00:00:00,35.4297,35.4667,33.9889,33.9889,450200
CTD,4/14/2023 00:00:00,34.3583,34.6539,33.8781,33.8781,608300
CTD,4/17/2023 00:00:00,34.1367,35.4667,33.8781,35.4667,601200
CTD,4/18/2023 00:00:00,35.9839,37.905,35.5406,37.905,897300
CTD,4/19/2023 00:00:00,39.7522,39.7522,38.0528,39.1611,1.0109e+006
CTD,4/20/2023 00:00:00,39.1611,39.7522,38.57,39.3828,403900
CTD,4/21/2023 00:00:00,39.5306,40.6389,38.8656,40.6389,569300
CTD,4/24/2023 00:00:00,41.4517,43.4467,41.3778,43.4467,920000
CTD,4/25/2023 00:00:00,44.555,45.8111,40.6389,42.8556,1.6126e+006
CTD,4/26/2023 00:00:00,42.8556,43.225,41.8211,43.225,529000
CTD,4/27/2023 00:00:00,43.0772,45.0722,42.1906,43.8161,529700
CTD,4/28/2023 00:00:00,44.7028,44.7028,43.225,43.5944,682000
CTD,5/4/2023 00:00:00,43.225,43.5206,41.8211,41.895,556400
CTD,5/5/2023 00:00:00,41.7472,44.0378,41.7472,44.0378,643200
CTD,5/8/2023 00:00:00,44.7028,44.9983,43.5206,43.5944,482600
CTD,5/9/2023 00:00:00,43.89,43.9639,42.4122,42.7817,668200
CTD,5/10/2023 00:00:00,42.6339,43.1511,42.4122,42.8556,467800
CTD,5/11/2023 00:00:00,42.6339,45.8111,42.6339,45.8111,1.5692e+006
CTD,5/12/2023 00:00:00,46.55,48.6189,45.8111,47.7322,781300
CTD,5/15/2023 00:00:00,47.7322,48.2494,46.0328,46.6978,696200
CTD,5/16/2023 00:00:00,46.6978,48.0278,46.6239,46.8456,368900
CTD,5/17/2023 00:00:00,47.215,48.0278,46.6978,47.2889,625700
CTD,5/18/2023 00:00:00,47.0672,47.4367,46.55,47.2889,287600
CTD,5/19/2023 00:00:00,47.88,47.88,46.1067,46.7717,576400
CTD,5/22/2023 00:00:00,46.4761,47.215,46.2544,46.8456,425500
CTD,5/23/2023 00:00:00,48.6189,49.0622,47.2889,48.7667,952500
CTD,5/24/2023 00:00:00,48.7667,49.0622,47.88,47.88,354300
CTD,5/25/2023 00:00:00,47.6583,48.0278,47.2889,47.2889,312600
CTD,5/26/2023 00:00:00,47.2889,47.88,46.6978,47.2889,406700
CTD,5/29/2023 00:00:00,47.5106,47.6583,46.9194,47.0672,388000
CTD,5/30/2023 00:00:00,47.2889,48.3972,46.4761,48.3972,839900
CTD,5/31/2023 00:00:00,48.6928,48.6928,47.2889,47.2889,551200
CTD,6/1/2023 00:00:00,47.2889,47.7322,46.55,47.2889,362800
CTD,6/2/2023 00:00:00,47.1411,47.2889,46.8456,46.9933,485600
CTD,6/5/2023 00:00:00,47.3628,48.545,47.2889,47.88,840200
CTD,6/6/2023 00:00:00,48.0278,50.2444,47.4367,49.1361,832200
CTD,6/7/2023 00:00:00,49.875,49.875,48.2494,48.4711,557800
CTD,6/8/2023 00:00:00,48.6928,49.5056,48.1017,48.3972,447300
CTD,6/9/2023 00:00:00,48.3972,49.1361,47.6583,49.1361,580200
CTD,6/12/2023 00:00:00,49.5056,52.535,48.7667,51.5744,1.2848e+006
CTD,6/13/2023 00:00:00,51.7222,51.7961,50.0967,50.2444,749300
CTD,6/14/2023 00:00:00,50.3183,50.7617,48.4711,48.6189,921600
CTD,6/15/2023 00:00:00,48.3972,49.1361,48.0278,48.9144,459300
CTD,6/16/2023 00:00:00,49.4317,49.4317,48.3233,48.545,560100
CTD,6/19/2023 00:00:00,48.1017,48.9144,46.4022,47.4367,863400
CTD,6/20/2023 00:00:00,47.4367,48.4711,47.1411,48.0278,236200
CTD,6/21/2023 00:00:00,48.545,50.3183,48.0278,50.0228,733900
CTD,6/22/2023 00:00:00,50.0967,50.2444,49.3578,50.0228,303300
CTD,6/23/2023 00:00:00,50.1706,52.0178,49.1361,51.7222,1.2573e+006
CTD,6/26/2023 00:00:00,52.2394,52.2394,50.2444,50.8356,521100
CTD,6/27/2023 00:00:00,50.4661,51.1311,50.3922,50.8356,304300
CTD,6/28/2023 00:00:00,51.5006,53.0522,50.9833,51.205,938300
CTD,6/29/2023 00:00:00,51.1311,51.205,50.3922,50.6878,394500
CTD,6/30/2023 00:00:00,50.6878,51.5744,49.9489,50.9094,546400
CTD,7/3/2023 00:00:00,50.9833,52.0917,50.6139,51.7222,454300
CTD,7/4/2023 00:00:00,52.4611,52.4611,50.8356,51.7222,521600
CTD,7/5/2023 00:00:00,51.7222,52.3133,51.3528,51.5006,435800
CTD,7/6/2023 00:00:00,51.7222,51.87,50.54,51.3528,511600
CTD,7/7/2023 00:00:00,50.7617,54.6778,50.7617,54.6778,1.5902e+006
CTD,7/10/2023 00:00:00,55.4167,56.1556,54.6778,55.4167,652500
CTD,7/11/2023 00:00:00,55.9339,57.9289,55.86,57.1161,875800
CTD,7/12/2023 00:00:00,57.6333,58.3722,56.8206,57.6333,615400
CTD,7/13/2023 00:00:00,58.2983,58.2983,56.8944,57.4117,420600
CTD,7/14/2023 00:00:00,57.4117,59.1111,57.1161,59.1111,689800
CTD,7/17/2023 00:00:00,59.85,60.0717,57.4117,57.6333,1.4058e+006
CTD,7/18/2023 00:00:00,57.6333,58.1506,57.4117,58.0028,324400
CTD,7/19/2023 00:00:00,57.6333,58.0028,57.2639,57.4117,572500
CTD,7/20/2023 00:00:00,57.4117,59.1111,57.3378,58.3722,485700
CTD,7/21/2023 00:00:00,58.52,59.7761,58.3722,58.52,381100
CTD,7/24/2023 00:00:00,58.2244,58.2244,54.4561,54.4561,3.0068e+006
CTD,7/25/2023 00:00:00,52.6089,55.3428,52.4611,54.6778,1.1201e+006
CTD,7/26/2023 00:00:00,54.4561,55.3428,52.6828,53.7911,871800
CTD,7/27/2023 00:00:00,53.6433,53.6433,50.2444,50.8356,2.1168e+006
CTD,7/28/2023 00:00:00,50.7617,54.3822,49.9489,54.3822,1.8759e+006
CTD,7/31/2023 00:00:00,54.6778,55.3428,52.1656,53.1261,1.1641e+006
CTD,8/1/2023 00:00:00,52.4611,53.1261,49.4317,49.4317,3.4499e+006
CTD,8/2/2023 00:00:00,48.8406,49.4317,46.55,46.7717,2.6764e+006
CTD,8/3/2023 00:00:00,46.6978,48.4711,46.6978,47.2889,1.1557e+006
CTD,8/4/2023 00:00:00,47.5106,48.0278,47.215,47.7322,1.0588e+006
CTD,8/7/2023 00:00:00,47.5844,47.7322,46.6978,47.2889,1.3735e+006
CTD,8/8/2023 00:00:00,47.1411,50.1706,46.7717,49.3578,2.609e+006
CTD,8/9/2023 00:00:00,49.5056,49.5056,48.0278,48.7667,622900
CTD,8/10/2023 00:00:00,48.7667,50.4661,48.3972,50.3922,1.69e+006
CTD,8/11/2023 00:00:00,50.3922,50.3922,49.0622,49.8011,797100
CTD,8/14/2023 00:00:00,49.8011,50.54,49.5794,49.7272,960600
CTD,8/15/2023 00:00:00,49.8011,50.2444,48.9144,49.4317,778600
CTD,8/16/2023 00:00:00,49.21,50.4661,48.3972,49.5056,1.0542e+006
CTD,8/17/2023 00:00:00,49.1361,49.2839,48.3972,48.3972,687900
CTD,8/18/2023 00:00:00,48.0278,48.3972,45.0722,45.0722,1.7449e+006
CTD,8/21/2023 00:00:00,45.0722,45.1461,43.225,43.7422,693300
CTD,8/22/2023 00:00:00,43.7422,44.3333,41.0083,43.225,1.3191e+006
CTD,8/23/2023 00:00:00,43.2989,44.1117,42.9294,43.5944,406700
CTD,8/24/2023 00:00:00,43.225,44.0378,42.9294,43.9639,729000
CTD,8/25/2023 00:00:00,43.9639,46.9194,43.8161,46.1067,1.5501e+006
CTD,8/28/2023 00:00:00,46.55,46.8456,45.5156,46.1067,556600
CTD,8/29/2023 00:00:00,46.2544,46.8456,45.6633,46.1806,674200
CTD,8/30/2023 00:00:00,46.1806,46.3283,44.6289,45.5894,909300
CTD,8/31/2023 00:00:00,45.885,47.2889,45.5156,46.6239,943800
CTD,9/5/2023 00:00:00,47.1411,48.4711,47.0672,48.2494,1.006e+006
CTD,9/6/2023 00:00:00,48.3972,49.9489,47.8061,49.5056,904000
CTD,9/7/2023 00:00:00,49.4317,50.0967,48.545,49.0622,768400
CTD,9/8/2023 00:00:00,48.6928,50.3922,48.4711,49.3578,915100
CTD,9/11/2023 00:00:00,49.3578,49.7272,47.5106,47.6583,1.012e+006
CTD,9/12/2023 00:00:00,47.6583,48.9144,47.5106,48.9144,488600
CTD,9/13/2023 00:00:00,49.0622,50.2444,48.3972,49.3578,1.1911e+006
CTD,9/14/2023 00:00:00,49.3578,49.5056,48.0278,48.1756,720100
CTD,9/15/2023 00:00:00,48.1756,50.1706,48.1756,49.875,945400
CTD,9/18/2023 00:00:00,50.2444,53.0522,49.9489,52.3133,2.12e+006
CTD,9/19/2023 00:00:00,52.3133,52.8306,51.4267,52.0917,873500
CTD,9/20/2023 00:00:00,52.8306,53.2,51.7222,53.2,1.0062e+006
CTD,9/21/2023 00:00:00,53.4217,53.4956,52.1656,52.1656,685900
CTD,9/22/2023 00:00:00,51.1311,51.5006,48.6189,50.54,2.09e+006
CTD,9/25/2023 00:00:00,50.0967,50.9833,47.0672,47.0672,1.5417e+006
CTD,9/26/2023 00:00:00,46.55,47.8061,46.0328,46.8456,763600
CTD,9/27/2023 00:00:00,47.3628,47.6583,44.7028,46.55,725500
CTD,9/28/2023 00:00:00,47.9785,48.8652,47.2889,47.5844,519800
CTD,9/29/2023 00:00:00,48.2741,48.2741,46.5007,47.0919,318800
CTD,10/2/2023 00:00:00,47.1904,47.7815,47.0919,47.0919,239100
CTD,10/3/2023 00:00:00,46.8948,46.9933,44.3333,45.417,326000
CTD,10/4/2023 00:00:00,44.5304,46.7963,44.3333,46.6978,304100
CTD,10/5/2023 00:00:00,47.2889,48.7667,46.7963,48.6681,704300
CTD,10/6/2023 00:00:00,48.2741,50.737,47.88,50.737,959500
CTD,10/9/2023 00:00:00,51.8207,51.8207,50.54,50.9341,606400
CTD,10/10/2023 00:00:00,51.6237,52.2148,50.2444,50.343,1.1757e+006
CTD,10/11/2023 00:00:00,50.4415,53.4956,50.343,53.4956,1.3818e+006
CTD,10/12/2023 00:00:00,54.0867,54.2837,52.4118,53.003,947300
CTD,10/13/2023 00:00:00,52.8059,54.1852,52.3133,54.0867,908500
CTD,10/16/2023 00:00:00,54.2837,54.8748,53.003,53.8896,787600
CTD,10/17/2023 00:00:00,53.8896,54.9733,50.4415,50.4415,1.123e+006
CTD,10/18/2023 00:00:00,50.8356,50.8356,47.1904,48.7667,1.4513e+006
CTD,10/19/2023 00:00:00,48.7667,49.2593,47.0919,48.4711,725900
CTD,10/20/2023 00:00:00,48.4711,50.2444,46.9933,50.2444,636200
CTD,10/23/2023 00:00:00,50.54,50.54,47.2889,48.7667,461700
CTD,10/24/2023 00:00:00,49.3578,52.1163,49.1115,52.1163,1.6042e+006
CTD,10/25/2023 00:00:00,53.2,55.7615,52.6089,54.1852,1.5007e+006
CTD,10/26/2023 00:00:00,52.3133,53.1015,50.4415,50.54,2.1209e+006
CTD,10/27/2023 00:00:00,51.6237,53.9881,50.54,53.9881,2.0071e+006
CTD,10/30/2023 00:00:00,54.1852,56.6481,51.3281,51.3281,1.6239e+006
CTD,10/31/2023 00:00:00,52.4118,52.7074,49.2593,49.8504,1.2618e+006
CTD,11/1/2023 00:00:00,50.0474,50.6385,47.5352,49.5548,864700
CTD,11/2/2023 00:00:00,50.2444,53.003,50.2444,53.003,1.033e+006
CTD,11/3/2023 00:00:00,54.6778,56.6481,53.7911,56.6481,3.5981e+006
CTD,11/6/2023 00:00:00,58.4215,58.8156,56.9437,57.8304,1.2254e+006
CTD,11/7/2023 00:00:00,57.6333,61.8696,56.9437,60.1948,3.6564e+006
CTD,11/8/2023 00:00:00,60.4904,62.5593,59.3081,62.0667,1.7189e+006
CTD,11/9/2023 00:00:00,61.6726,64.7267,60.5889,61.0815,2.1835e+006
CTD,11/10/2023 00:00:00,60.0963,64.4311,59.8007,62.0667,3.1206e+006
CTD,11/13/2023 00:00:00,63.0519,63.0519,60.2933,61.377,1.4819e+006
CTD,11/14/2023 00:00:00,61.4756,64.2341,61.377,62.4607,1.9875e+006
CTD,11/15/2023 00:00:00,63.84,63.84,59.8993,60.8844,3.6845e+006
CTD,11/16/2023 00:00:00,60.983,62.0667,60.1948,62.0667,979800
CTD,11/17/2023 00:00:00,62.2637,63.1504,60.1948,61.0815,2.872e+006
CTD,11/20/2023 00:00:00,60.0963,62.5593,59.8993,61.5741,1.8416e+006
CTD,11/21/2023 00:00:00,62.2637,65.5148,61.6726,64.8252,3.4922e+006
CTD,11/22/2023 00:00:00,65.0222,65.7119,63.1504,65.0222,1.6753e+006
CTD,11/23/2023 00:00:00,65.5148,65.5148,60.4904,60.4904,2.1167e+006
CTD,11/24/2023 00:00:00,60.3919,61.5741,57.1407,61.5741,3.8027e+006
CTD,11/27/2023 00:00:00,61.5741,61.7711,59.1111,59.1111,1.1011e+006
CTD,11/28/2023 00:00:00,59.1111,61.4756,58.8156,60.983,1.5378e+006
CTD,11/29/2023 00:00:00,61.4756,61.6726,60.7859,60.983,1.054e+006
CTD,11/30/2023 00:00:00,61.0815,62.5593,60.983,61.0815,1.5184e+006
CTD,12/1/2023 00:00:00,61.4756,62.5593,60.983,61.5741,1.5647e+006
CTD,12/4/2023 00:00:00,62.6578,65.1207,62.1652,64.5296,2.6325e+006
CTD,12/5/2023 00:00:00,64.5296,64.8252,63.3474,63.4459,1.137e+006
CTD,12/6/2023 00:00:00,63.4459,65.1207,63.2489,64.7267,1.2854e+006
CTD,12/7/2023 00:00:00,65.1207,66.5985,62.5593,64.7267,2.7561e+006
CTD,12/8/2023 00:00:00,65.5148,65.5148,63.0519,63.3474,922900
CTD,12/11/2023 00:00:00,63.5444,63.9385,62.1652,62.8548,1.0139e+006
CTD,12/12/2023 00:00:00,62.8548,63.84,62.4607,63.1504,696600
CTD,12/13/2023 00:00:00,63.2489,63.84,61.4756,61.4756,1.6721e+006
CTD,12/14/2023 00:00:00,62.1652,62.5593,60.983,61.18,818300
CTD,12/15/2023 00:00:00,61.18,61.8696,60.3919,61.0815,984500
CTD,12/18/2023 00:00:00,61.0815,63.3474,60.6874,62.6578,1.3851e+006
CTD,12/19/2023 00:00:00,62.6578,63.0519,61.8696,62.8548,752100
CTD,12/20/2023 00:00:00,63.0519,63.7415,62.6578,62.8548,751700
CTD,12/21/2023 00:00:00,62.6578,63.84,62.1652,62.9533,888500
CTD,12/22/2023 00:00:00,63.0519,65.4163,63.0519,64.2341,2.7705e+006
CTD,12/25/2023 00:00:00,64.5296,65.5148,63.9385,64.8252,1.1615e+006
CTD,12/26/2023 00:00:00,64.9237,68.8644,64.9237,68.4704,5.1192e+006
CTD,12/27/2023 00:00:00,68.963,68.963,68.0763,68.6674,1.2141e+006
CTD,12/28/2023 00:00:00,68.963,68.963,67.0911,67.5837,1.4732e+006
CTD,12/29/2023 00:00:00,67.5837,68.4704,67.3867,67.7807,1.0714e+006
CTD,1/2/2024 00:00:00,67.7807,68.963,66.4015,66.697,1.8676e+006
CTD,1/3/2024 00:00:00,66.697,70.5393,66.697,69.9482,1.8798e+006
CTD,1/4/2024 00:00:00,70.1452,70.4407,68.7659,68.963,1.4888e+006
CTD,1/5/2024 00:00:00,68.963,69.5541,68.4704,68.963,913400
CTD,1/8/2024 00:00:00,68.963,69.8496,68.2733,68.8644,1.2385e+006
CTD,1/9/2024 00:00:00,68.3718,70.0467,68.1748,68.7659,1.0894e+006
CTD,1/10/2024 00:00:00,68.5689,68.963,65.9089,66.697,2.9203e+006
CTD,1/11/2024 00:00:00,66.697,67.9778,66.0074,67.9778,1.5947e+006
CTD,1/12/2024 00:00:00,66.9926,67.4852,65.5148,66.5985,2.0597e+006
CTD,1/15/2024 00:00:00,66.5985,67.2881,64.5296,65.0222,1.6342e+006
CTD,1/16/2024 00:00:00,65.0222,66.9926,65.0222,66.9926,1.4265e+006
CTD,1/17/2024 00:00:00,67.2881,67.3867,66.4015,66.9926,954300
CTD,1/18/2024 00:00:00,67.0911,67.9778,66.303,67.5837,1.2622e+006
CTD,1/19/2024 00:00:00,67.9778,68.8644,67.1896,67.9778,1.0301e+006
CTD,1/22/2024 00:00:00,68.0763,68.1748,65.7119,66.8941,1.9856e+006
CTD,1/23/2024 00:00:00,66.8941,67.0911,66.1059,66.9926,925900
CTD,1/24/2024 00:00:00,66.9926,67.1896,66.0074,66.0074,1.3056e+006
CTD,1/25/2024 00:00:00,66.7956,66.7956,65.7119,66.7956,1.1163e+006
CTD,1/26/2024 00:00:00,66.9926,67.1896,66.4015,66.697,780200
CTD,1/29/2024 00:00:00,66.697,68.4704,66.5,67.8793,1.9021e+006
CTD,1/30/2024 00:00:00,68.1748,68.1748,67.2881,68.0763,939300
CTD,1/31/2024 00:00:00,68.4704,69.5541,66.4015,66.5,2.7343e+006
CTD,2/1/2024 00:00:00,66.8941,67.0911,66.2044,66.2044,1.5496e+006
CTD,2/2/2024 00:00:00,66.7956,66.7956,65.6133,65.9089,2.1795e+006
CTD,2/5/2024 00:00:00,65.9089,66.2044,63.84,63.84,3.7119e+006
CTD,2/6/2024 00:00:00,63.7415,66.5,62.0667,65.5148,2.2894e+006
CTD,2/7/2024 00:00:00,65.9089,66.2044,65.2193,65.2193,911500
CTD,2/15/2024 00:00:00,65.8104,66.2044,65.2193,66.0074,1.382e+006
CTD,2/16/2024 00:00:00,66.5,66.5,65.3178,65.3178,1.1897e+006
CTD,2/19/2024 00:00:00,65.4163,65.8104,65.0222,65.3178,1.4824e+006
CTD,2/20/2024 00:00:00,65.3178,68.4704,65.1207,67.7807,4.1164e+006
CTD,2/21/2024 00:00:00,67.9778,68.3718,67.0911,67.6822,1.6267e+006
CTD,2/22/2024 00:00:00,67.5837,68.6674,67.5837,67.8793,1.8189e+006
CTD,2/23/2024 00:00:00,67.7807,67.8793,64.8252,64.8252,3.906e+006
CTD,2/26/2024 00:00:00,65.0222,65.3178,64.037,64.6282,1.9576e+006
CTD,2/27/2024 00:00:00,65.2193,66.303,64.5296,66.303,1.7961e+006
CTD,2/28/2024 00:00:00,66.5,67.1896,65.6133,66.2044,1.6853e+006
CTD,2/29/2024 00:00:00,66.4015,66.4015,65.1207,65.7119,1.4744e+006
CTD,3/1/2024 00:00:00,65.8104,67.9778,65.8104,67.9778,4.0604e+006
CTD,3/4/2024 00:00:00,70.7363,72.3126,70.4407,70.9333,3.9013e+006
CTD,3/5/2024 00:00:00,70.9333,72.4111,70.0467,71.82,1.9014e+006
CTD,3/6/2024 00:00:00,71.623,71.7215,69.16,69.5541,2.1572e+006
CTD,3/7/2024 00:00:00,69.2585,70.3422,69.16,69.5541,2.1069e+006
CTD,3/8/2024 00:00:00,70.2437,70.2437,67.8793,67.9778,2.6296e+006
CTD,3/11/2024 00:00:00,67.7807,69.6526,67.5837,68.1748,2.6043e+006
CTD,3/12/2024 00:00:00,68.4704,69.8496,67.9778,69.7511,1.8073e+006
CTD,3/13/2024 00:00:00,70.3422,74.5785,70.1452,74.5785,4.7341e+006
CTD,3/14/2024 00:00:00,74.5785,76.5489,74.5785,75.8593,3.2483e+006
CTD,3/15/2024 00:00:00,75.8593,76.943,74.283,75.7607,2.2432e+006
CTD,3/18/2024 00:00:00,75.8593,76.4504,70.5393,70.5393,5.9012e+006
CTD,3/19/2024 00:00:00,71.4259,71.4259,69.0615,69.2585,1.8914e+006
CTD,3/20/2024 00:00:00,70.1452,70.8348,69.16,70.8348,1.6417e+006
CTD,3/21/2024 00:00:00,71.5244,71.7215,70.1452,70.7363,2.0947e+006
CTD,3/22/2024 00:00:00,71.0319,71.82,70.2437,70.5393,2.178e+006
CTD,3/25/2024 00:00:00,70.7363,72.3126,70.4407,71.4259,1.8782e+006
CTD,3/26/2024 00:00:00,71.9185,72.3126,71.0319,72.2141,1.449e+006
CTD,3/27/2024 00:00:00,72.3126,73.3963,72.017,72.4111,1.6619e+006
CTD,3/28/2024 00:00:00,73.3963,73.3963,71.2289,71.623,1.2293e+006
CTD,3/29/2024 00:00:00,71.9185,72.9037,71.3274,71.9185,1.2105e+006
CTD,4/1/2024 00:00:00,71.9185,72.3126,69.8496,70.5393,2.121e+006
CTD,4/2/2024 00:00:00,70.4407,70.9333,69.8496,70.8348,1.5276e+006
CTD,4/3/2024 00:00:00,70.8348,71.5244,69.6526,69.6526,1.7592e+006
CTD,4/4/2024 00:00:00,69.357,69.9482,68.963,69.357,1.0835e+006
CTD,4/5/2024 00:00:00,68.963,71.1304,68.7659,69.357,1.8386e+006
CTD,4/8/2024 00:00:00,69.9482,70.1452,68.8644,68.8644,745300
CTD,4/9/2024 00:00:00,68.963,70.4407,68.7659,70.4407,987700
CTD,4/10/2024 00:00:00,70.7363,70.7363,69.16,69.2585,787800
CTD,4/11/2024 00:00:00,68.4704,69.0615,68.4704,68.5689,942900
CTD,4/12/2024 00:00:00,68.963,70.4407,68.4704,69.8496,1.0823e+006
CTD,4/15/2024 00:00:00,68.963,69.6526,65.0222,65.0222,2.3014e+006
CTD,4/16/2024 00:00:00,65.1207,66.0074,63.0519,65.0222,2.0034e+006
CTD,4/17/2024 00:00:00,65.4163,65.4163,63.0519,63.0519,783700
CTD,4/19/2024 00:00:00,61.5741,62.6578,60.0963,60.0963,1.5025e+006
CTD,4/22/2024 00:00:00,61.0815,62.4607,60.4904,61.9681,783600
CTD,4/23/2024 00:00:00,61.0815,61.9681,61.0815,61.9681,651200
CTD,4/24/2024 00:00:00,62.3622,64.8252,62.1652,64.4311,985100
CTD,4/25/2024 00:00:00,64.4311,64.5296,62.7563,64.1356,682700
CTD,4/26/2024 00:00:00,65.6133,66.5,65.0222,65.3178,1.5124e+006
CTD,5/2/2024 00:00:00,65.8104,65.8104,64.8252,65.5148,435800
CTD,5/3/2024 00:00:00,65.9089,66.4015,64.8252,65.0222,606700
CTD,5/6/2024 00:00:00,65.9089,66.5,65.2193,66.2044,1.256e+006
CTD,5/7/2024 00:00:00,66.4015,67.9778,66.303,67.6822,1.4387e+006
CTD,5/8/2024 00:00:00,67.6822,67.6822,66.303,67.3867,726500
CTD,5/9/2024 00:00:00,67.7807,69.0615,66.697,67.0911,1.1797e+006
CTD,5/10/2024 00:00:00,67.1896,67.4852,66.2044,67.1896,657600
CTD,5/13/2024 00:00:00,66.9926,67.4852,66.0074,66.0074,760800
CTD,5/14/2024 00:00:00,66.0074,66.8941,65.8104,66.4015,641700
CTD,5/15/2024 00:00:00,66.5985,68.8644,66.2044,67.1896,2.074e+006
CTD,5/16/2024 00:00:00,67.5837,68.1748,66.697,66.9926,1.2012e+006
CTD,5/17/2024 00:00:00,67.4852,69.8496,67.3867,69.6526,2.3655e+006
CTD,5/20/2024 00:00:00,70.6378,70.7363,69.6526,69.6526,1.3817e+006
CTD,5/21/2024 00:00:00,69.6526,73.1007,69.0615,71.82,2.7825e+006
CTD,5/22/2024 00:00:00,71.9185,72.1156,70.4407,70.7363,1.4959e+006
CTD,5/23/2024 00:00:00,70.7363,71.9185,70.1452,71.9185,1.4102e+006
CTD,5/24/2024 00:00:00,71.4259,71.9185,68.1748,70.4407,2.0493e+006
CTD,5/27/2024 00:00:00,69.9482,70.6378,68.5689,70.2437,878800
CTD,5/28/2024 00:00:00,71.3274,74.8741,70.2437,74.0859,3.6185e+006
CTD,5/29/2024 00:00:00,74.0859,74.1844,72.017,72.7067,1.8718e+006
CTD,5/30/2024 00:00:00,72.3126,72.5096,69.8496,71.3274,2.0955e+006
CTD,5/31/2024 00:00:00,71.3274,71.4259,70.2437,71.4259,1.1258e+006
CTD,6/3/2024 00:00:00,72.4111,72.4111,71.5244,72.017,999700
CTD,6/4/2024 00:00:00,72.4111,74.283,71.9185,71.9185,1.6664e+006
CTD,6/5/2024 00:00:00,72.2141,72.3126,71.2289,71.2289,1.4172e+006
CTD,6/6/2024 00:00:00,71.2289,71.82,70.5393,71.2289,1.1792e+006
CTD,6/7/2024 00:00:00,71.623,71.623,70.6378,71.5244,882500
CTD,6/10/2024 00:00:00,71.9185,73.6918,71.7215,73.2978,1.8315e+006
CTD,6/11/2024 00:00:00,73.7904,74.9726,72.6081,73.1007,2.1602e+006
CTD,6/12/2024 00:00:00,72.9037,72.9037,71.9185,72.9037,781000
CTD,6/13/2024 00:00:00,73.1993,73.9874,72.2141,72.3126,1.0878e+006
CTD,6/14/2024 00:00:00,72.8052,74.1844,71.5244,71.5244,1.9777e+006
CTD,6/17/2024 00:00:00,71.4259,71.623,70.9333,70.9333,822200
CTD,6/18/2024 00:00:00,71.4259,73.4948,71.2289,72.4111,1.3739e+006
CTD,6/19/2024 00:00:00,72.9037,76.7459,72.6081,75.1696,3.9954e+006
CTD,6/20/2024 00:00:00,75.1696,76.6474,74.677,75.3667,1.4693e+006
CTD,6/21/2024 00:00:00,75.6622,76.8444,74.7756,75.0711,1.5569e+006
CTD,6/24/2024 00:00:00,74.8741,75.3667,71.1304,71.9185,2.3315e+006
CTD,6/25/2024 00:00:00,72.4111,72.6081,71.1304,71.5244,1.1301e+006
CTD,6/26/2024 00:00:00,72.017,72.1156,71.2289,72.017,1.0436e+006
CTD,6/27/2024 00:00:00,72.4111,72.4111,71.3274,71.623,526100
CTD,6/28/2024 00:00:00,71.5244,71.82,68.963,69.0615,1.8623e+006
CTD,7/1/2024 00:00:00,69.2585,70.4407,69.0615,70.1452,390000
CTD,7/2/2024 00:00:00,70.2437,71.7215,70.2437,71.1304,602200
CTD,7/3/2024 00:00:00,70.9333,71.82,70.9333,71.1304,613700
CTD,7/4/2024 00:00:00,71.1304,71.623,70.9333,70.9333,596600
CTD,7/5/2024 00:00:00,71.0319,71.3274,70.4407,70.7363,521500
CTD,7/8/2024 00:00:00,71.3274,71.623,70.6378,71.623,856800
CTD,7/9/2024 00:00:00,72.2141,73.6918,71.5244,73.1993,1.4721e+006
CTD,7/10/2024 00:00:00,73.2978,73.3963,71.9185,71.9185,817200
CTD,7/11/2024 00:00:00,72.4111,72.8052,72.1156,72.1156,632600
CTD,7/12/2024 00:00:00,71.9185,73.3963,71.9185,72.5096,990900
CTD,7/15/2024 00:00:00,72.7067,73.0022,71.3274,72.017,555000
CTD,7/16/2024 00:00:00,72.5096,73.4948,72.017,72.7067,878400
CTD,7/17/2024 00:00:00,73.0022,73.2978,68.7659,70.5393,1.3507e+006
CTD,7/18/2024 00:00:00,70.6378,70.9333,68.963,70.5393,951900
CTD,7/19/2024 00:00:00,70.4407,70.6378,68.2733,68.8644,1.142e+006
CTD,7/22/2024 00:00:00,68.963,68.963,65.8104,65.8104,1.5666e+006
CTD,7/23/2024 00:00:00,65.8104,66.9926,64.5296,64.5296,742300
CTD,7/24/2024 00:00:00,64.037,65.5148,63.2489,65.5148,741000
CTD,7/25/2024 00:00:00,65.5148,65.5148,64.5296,65.5148,360900
CTD,7/26/2024 00:00:00,66.2044,66.2044,65.2193,66.2044,398300
CTD,7/29/2024 00:00:00,66.9926,66.9926,66.2044,66.4015,250500
CTD,7/30/2024 00:00:00,66.5,66.8941,64.6282,66.2044,482700
CTD,7/31/2024 00:00:00,65.8104,65.9089,64.037,64.037,1.1546e+006
CTD,8/1/2024 00:00:00,64.2341,65.8104,63.0519,63.5444,1.2679e+006
CTD,8/2/2024 00:00:00,63.0519,63.84,60.0963,62.7563,742200
CTD,8/5/2024 00:00:00,61.6726,62.3622,58.4215,58.4215,1.7099e+006
CTD,8/6/2024 00:00:00,58.9141,59.8993,57.3378,59.2096,960100
CTD,8/7/2024 00:00:00,60.0963,60.0963,58.8156,59.4067,432200
CTD,8/8/2024 00:00:00,59.1111,61.7711,59.0126,59.6037,749300
CTD,8/9/2024 00:00:00,60.3919,60.5889,60.0963,60.3919,378700
CTD,8/12/2024 00:00:00,60.983,61.0815,60.2933,60.7859,441600
CTD,8/13/2024 00:00:00,60.7859,60.7859,59.8007,60.3919,479800
CTD,8/14/2024 00:00:00,60.5889,60.7859,59.8993,60.5889,375400
CTD,8/15/2024 00:00:00,60.5889,60.6874,59.8007,60.0963,303900
CTD,8/16/2024 00:00:00,60.2933,62.8548,60.2933,62.5593,1.049e+006
CTD,8/19/2024 00:00:00,62.5593,64.1356,62.5593,63.2489,505800
CTD,8/20/2024 00:00:00,63.9385,64.8252,63.4459,64.4311,873400
CTD,8/21/2024 00:00:00,64.1356,65.3178,63.4459,63.84,554400
CTD,8/22/2024 00:00:00,63.84,63.84,62.6578,62.8548,938400
CTD,8/23/2024 00:00:00,62.7563,63.2489,62.3622,62.7563,513200
CTD,8/26/2024 00:00:00,63.4459,64.037,62.7563,63.3474,503000
CTD,8/27/2024 00:00:00,63.2489,63.3474,62.6578,63.2489,323500
CTD,8/28/2024 00:00:00,63.5444,63.5444,62.5593,62.7563,329300
CTD,8/29/2024 00:00:00,62.9533,62.9533,62.3622,62.8548,253800
CTD,8/30/2024 00:00:00,62.8548,63.1504,62.5593,62.5593,305000
CTD,9/4/2024 00:00:00,61.9681,63.7415,61.6726,62.7563,560600
CTD,9/5/2024 00:00:00,63.2489,63.3474,62.0667,62.1652,248200
CTD,9/6/2024 00:00:00,62.1652,62.4607,61.377,61.6726,358900
CTD,9/9/2024 00:00:00,61.6726,62.2637,60.8844,60.8844,334100
CTD,9/10/2024 00:00:00,61.18,61.7711,59.8993,60.0963,385500
CTD,9/11/2024 00:00:00,60.4904,61.18,59.8993,61.0815,548100
CTD,9/12/2024 00:00:00,61.0815,61.7711,61.0815,61.377,285500
CTD,9/13/2024 00:00:00,61.18,61.4756,60.0963,60.6874,232100
CTD,9/16/2024 00:00:00,60.7859,61.4756,56.4511,58.1259,1.214e+006
CTD,9/17/2024 00:00:00,58.1259,59.5052,58.1259,59.4067,258200
CTD,9/18/2024 00:00:00,59.4067,60.3919,59.4067,59.7022,361100
CTD,9/19/2024 00:00:00,59.9978,60.983,59.8993,60.5889,609700
CTD,9/20/2024 00:00:00,61.2785,61.5741,60.5889,60.7859,451200
CTD,9/23/2024 00:00:00,60.8844,60.983,60.2933,60.4904,213300
CTD,9/24/2024 00:00:00,60.983,63.1504,60.5889,63.1504,1.2927e+006
CTD,9/25/2024 00:00:00,63.84,63.84,62.9533,63.2489,382500
CTD,9/26/2024 00:00:00,63.3474,64.3326,62.9533,63.643,863300
CTD,9/27/2024 00:00:00,63.84,64.2341,63.0519,63.5444,401700
CTD,9/30/2024 00:00:00,63.5444,63.5444,62.7563,62.8548,433000
CTD,10/1/2024 00:00:00,62.9533,63.5444,62.6578,62.7563,582900
CTD,10/2/2024 00:00:00,62.3622,62.7563,61.377,61.6726,835600
CTD,10/3/2024 00:00:00,61.9681,62.1652,60.5889,60.7859,826800
CTD,10/4/2024 00:00:00,60.7859,61.2785,60.5889,60.5889,282200
CTD,10/7/2024 00:00:00,60.983,60.983,60.3919,60.4904,402000
CTD,10/8/2024 00:00:00,60.4904,61.2785,60.4904,61.0815,278600
CTD,10/9/2024 00:00:00,60.8844,61.4756,60.5889,61.4756,382900
CTD,10/10/2024 00:00:00,61.6726,61.6726,60.8844,60.983,347000
CTD,10/11/2024 00:00:00,60.983,62.7563,60.983,62.2637,821300
CTD,10/14/2024 00:00:00,62.7563,63.7415,62.2637,63.5444,869100
CTD,10/15/2024 00:00:00,63.5444,63.5444,62.2637,62.3622,492900
CTD,10/16/2024 00:00:00,62.3622,62.4607,61.7711,62.2637,403300
CTD,10/17/2024 00:00:00,62.6578,62.7563,61.377,62.1652,421600
CTD,10/18/2024 00:00:00,63.0519,63.0519,62.1652,62.4607,392900
CTD,10/21/2024 00:00:00,62.4607,64.8252,62.4607,64.037,1.7667e+006
CTD,10/22/2024 00:00:00,64.037,66.4015,63.643,66.1059,2.1048e+006
CTD,10/23/2024 00:00:00,66.1059,66.1059,65.3178,65.8104,587400
CTD,10/24/2024 00:00:00,65.8104,66.7956,64.7267,65.0222,1.24e+006
CTD,10/25/2024 00:00:00,65.2193,66.8941,65.1207,66.5985,1.3593e+006
CTD,10/28/2024 00:00:00,67.0911,67.4852,66.2044,67.0911,640900
CTD,10/29/2024 00:00:00,67.0911,68.7659,66.1059,66.5985,1.5856e+006
CTD,10/30/2024 00:00:00,66.7956,66.7956,65.0222,66.0074,800100
CTD,10/31/2024 00:00:00,66.1059,67.6822,66.1059,66.2044,655500
CTD,11/1/2024 00:00:00,65.6133,66.8941,65.0222,66.8941,638300
CTD,11/4/2024 00:00:00,65.9089,66.0074,65.1207,65.6133,487100
CTD,11/5/2024 00:00:00,65.9089,66.2044,65.5148,65.7119,297500
CTD,11/6/2024 00:00:00,66.303,67.6822,65.9089,67.3867,1.6809e+006
CTD,11/7/2024 00:00:00,67.9778,69.5541,67.3867,68.6674,1.3981e+006
CTD,11/8/2024 00:00:00,68.7659,69.5541,68.0763,68.6674,731300
CTD,11/11/2024 00:00:00,68.5689,68.5689,67.0911,68.2733,975200
CTD,11/12/2024 00:00:00,68.2733,69.7511,68.2733,69.4556,1.5852e+006
CTD,11/13/2024 00:00:00,69.7511,69.7511,68.3718,69.4556,500500
CTD,11/14/2024 00:00:00,68.963,69.357,65.3178,65.3178,1.1582e+006
CTD,11/15/2024 00:00:00,65.2193,66.2044,64.1356,65.0222,1.4166e+006
CTD,11/18/2024 00:00:00,65.0222,65.5148,62.2637,64.5296,1.2152e+006
CTD,11/19/2024 00:00:00,64.5296,64.5296,62.3622,63.5444,689600
CTD,11/20/2024 00:00:00,63.3474,65.6133,62.2637,64.4311,959400
CTD,11/21/2024 00:00:00,64.2341,64.6282,63.3474,64.4311,373700
CTD,11/22/2024 00:00:00,64.4311,65.5148,63.84,64.3326,634300
CTD,11/25/2024 00:00:00,64.2341,65.2193,64.2341,64.9237,423200
CTD,11/26/2024 00:00:00,65.0222,65.4163,64.5296,65.2193,640800
CTD,11/27/2024 00:00:00,65.4163,65.5148,64.1356,64.5296,407200
CTD,11/28/2024 00:00:00,64.8252,65.1207,64.037,64.4311,366800
CTD,11/29/2024 00:00:00,64.1356,65.0222,63.9385,64.8252,628200
CTD,12/2/2024 00:00:00,65.1207,66.8941,64.2341,66.0074,1.1215e+006
CTD,12/3/2024 00:00:00,65.8104,66.2044,65.5148,65.9089,539000
CTD,12/4/2024 00:00:00,65.8104,66.0074,64.8252,65.5148,634700
CTD,12/5/2024 00:00:00,65.3178,66.5,64.8252,66.4015,1.294e+006
CTD,12/6/2024 00:00:00,66.697,67.3867,66.2044,66.2044,748700
CTD,12/9/2024 00:00:00,66.2044,67.7807,66.1059,66.7956,982700
CTD,12/10/2024 00:00:00,67.1896,67.5837,66.5,67.2881,880600
CTD,12/11/2024 00:00:00,67.1896,67.3867,66.303,66.4015,641200
CTD,12/12/2024 00:00:00,66.4015,66.7956,65.5148,65.5148,631800
CTD,12/13/2024 00:00:00,65.2193,65.8104,65.0222,65.1207,532700
CTD,12/16/2024 00:00:00,65.1207,65.5148,64.9237,65.5148,425800
CTD,12/17/2024 00:00:00,65.6133,66.303,65.6133,66.1059,543800
CTD,12/18/2024 00:00:00,66.4015,66.5,65.7119,65.9089,514900
CTD,12/19/2024 00:00:00,65.3178,65.7119,64.6282,65.2193,1.1469e+006
CTD,12/20/2024 00:00:00,65.1207,66.5985,65.1207,66.303,592800
CTD,12/23/2024 00:00:00,66.5985,66.5985,66.1059,66.5,605400
CTD,12/24/2024 00:00:00,66.9,66.9,66,66.3,548000
CTD,12/25/2024 00:00:00,66.3,69,66.3,68.8,2.4905e+006
CTD,12/26/2024 00:00:00,68.8,69,68.2,69,742500
CTD,12/27/2024 00:00:00,69,69.2,68,68.2,637700
CTD,12/30/2024 00:00:00,68.2,68.9,67.7,68.8,478500
CTD,12/31/2024 00:00:00,68.7,68.7,68.1,68.7,388600
CTD,1/2/2025 00:00:00,68.8,70.8,68.8,69.6,1.2941e+006
CTD,1/3/2025 00:00:00,69.9,69.9,68.2,68.2,776000
CTD,1/6/2025 00:00:00,68.6,69.9,68.2,69.2,1.236e+006
CTD,1/7/2025 00:00:00,69.4,69.4,67.9,68.8,554600
CTD,1/8/2025 00:00:00,68.7,68.8,67.6,68.1,630100
CTD,1/9/2025 00:00:00,68.4,69.4,67.8,69,524600
CTD,1/10/2025 00:00:00,69,71.4,68.7,69.3,1.3483e+006
CTD,1/13/2025 00:00:00,69.3,72.6,68.7,71.2,1.6184e+006
CTD,1/14/2025 00:00:00,71.5,71.9,70.6,70.8,747600
CTD,1/15/2025 00:00:00,70.8,72.1,70.7,71.4,1.0649e+006
CTD,1/16/2025 00:00:00,72,72.9,71.1,72.9,1.5189e+006
CTD,1/17/2025 00:00:00,72.9,74.7,72.6,74,1.6635e+006
CTD,1/20/2025 00:00:00,73.9,74.5,72.3,73.2,845300
CTD,1/21/2025 00:00:00,73.2,73.9,72.9,73.2,686400
CTD,1/22/2025 00:00:00,73.6,73.9,72.7,72.9,599000
CTD,1/23/2025 00:00:00,72.8,73.5,72.1,73.2,597900
CTD,1/24/2025 00:00:00,73.1,73.7,72.7,73.3,431000
CTD,2/3/2025 00:00:00,72.9,73.2,70.7,71.8,962000
CTD,2/4/2025 00:00:00,72.6,76.8,72,76.8,1.6601e+006
CTD,2/5/2025 00:00:00,79,81.2,77.7,79.9,2.3566e+006
CTD,2/6/2025 00:00:00,80,83.3,79.8,81.9,1.9286e+006
CTD,2/7/2025 00:00:00,82,84,81.5,81.9,1.0773e+006
CTD,2/10/2025 00:00:00,80.5,84.5,80.5,81.6,1.4431e+006
CTD,2/11/2025 00:00:00,82.2,85.7,82.2,84,1.614e+006
CTD,2/12/2025 00:00:00,84.3,85.2,83.6,84.7,806300
CTD,2/13/2025 00:00:00,85.2,90,85,90,1.8483e+006
CTD,2/14/2025 00:00:00,89.1,92.7,89.1,92.1,1.4997e+006
CTD,2/17/2025 00:00:00,92.1,92.8,88.4,88.6,2.8095e+006
CTD,2/18/2025 00:00:00,89,90.7,87.3,90.2,1.7281e+006
CTD,2/19/2025 00:00:00,90.6,94.1,90.6,91.4,1.4358e+006
CTD,2/20/2025 00:00:00,93.5,93.5,90.5,91.5,1.0247e+006
CTD,2/21/2025 00:00:00,91.5,95,90.7,95,1.2964e+006
CTD,2/24/2025 00:00:00,95.9,97,94,94.1,770600
CTD,2/25/2025 00:00:00,95,95.9,92.3,94.5,795400
CTD,2/26/2025 00:00:00,94.9,95.3,92.6,92.6,1.2063e+006
CTD,2/27/2025 00:00:00,92.3,94.1,91,93.6,1.9545e+006
CTD,2/28/2025 00:00:00,93,94,90.3,92,2.414e+006
CTD,3/3/2025 00:00:00,92.1,92.1,89,89,1.9568e+006
CTD,3/4/2025 00:00:00,90,92.4,89.3,91.5,1.2231e+006
CTD,3/5/2025 00:00:00,92.5,92.6,90.7,91.4,1.6549e+006
CTD,3/6/2025 00:00:00,91.7,96,91.7,96,2.2964e+006
CTD,3/7/2025 00:00:00,96.5,97.8,94,94,1.0835e+006
CTD,3/10/2025 00:00:00,93.9,94.8,91.3,91.3,2.5031e+006
CTD,3/11/2025 00:00:00,90,93,89.9,91.5,1.5675e+006
CTD,3/12/2025 00:00:00,92,92,89,89,3.3128e+006
CTD,3/13/2025 00:00:00,89.6,90.4,84.6,84.9,3.6169e+006
CTD,3/14/2025 00:00:00,84.8,86.1,83,83,1.7294e+006
CTD,3/17/2025 00:00:00,82.5,85.4,81.9,84,2.1746e+006
CTD,3/18/2025 00:00:00,84.8,84.8,83,83.2,902600
CTD,3/19/2025 00:00:00,83.2,86,83.2,84.2,1.3668e+006
CTD,3/20/2025 00:00:00,84.9,87.3,83.7,86.9,1.8223e+006
CTD,3/21/2025 00:00:00,86.9,87.9,86.4,87,1.0178e+006
CTD,3/24/2025 00:00:00,87.6,87.6,85.8,86.2,672900
CTD,3/25/2025 00:00:00,86.3,87.8,86.2,86.2,720900
CTD,3/26/2025 00:00:00,86.2,87.3,85.7,86.5,939600
CTD,3/27/2025 00:00:00,86.7,88.3,86.7,86.8,1.0833e+006
CTD,3/28/2025 00:00:00,87.5,87.5,84.6,84.6,1.0186e+006
CTD,3/31/2025 00:00:00,83.5,85,83,85,1.4723e+006
CTD,4/1/2025 00:00:00,85.6,86,84.5,85.5,487200
CTD,4/2/2025 00:00:00,85.8,86.8,85.4,85.8,706000
CTD,4/3/2025 00:00:00,79.8,82.3,79.8,79.8,1.6423e+006
CTD,4/4/2025 00:00:00,74.3,76.3,74.3,74.3,4.0338e+006
CTD,4/8/2025 00:00:00,73,74,69.1,69.1,1e+006
CTD,4/9/2025 00:00:00,64.3,69.2,64.3,64.3,2.4016e+006
CTD,4/10/2025 00:00:00,68.8,68.8,68.8,68.8,222500
CTD,4/11/2025 00:00:00,72.5,73.6,68.5,73.5,3.1846e+006
CTD,4/14/2025 00:00:00,74.5,74.5,72.8,74.2,1.5343e+006
CTD,4/15/2025 00:00:00,73.8,77.6,72.5,77.6,2.2934e+006
CTD,4/16/2025 00:00:00,77.6,77.9,76.4,76.6,1.476e+006
CTD,4/17/2025 00:00:00,75.7,78.2,75.7,77.8,911700
CTD,4/18/2025 00:00:00,78.2,78.7,76.4,76.4,986500
CTD,4/21/2025 00:00:00,76.5,78,76.1,77.8,1.3533e+006
CTD,4/22/2025 00:00:00,77.5,78.8,72.4,77.2,2.6753e+006
CTD,4/23/2025 00:00:00,77.8,79.8,77.7,79.4,994500
CTD,4/24/2025 00:00:00,79.5,81.7,79.4,81.5,1.7485e+006
CTD,4/25/2025 00:00:00,82.5,84.9,80.7,84.1,1.5322e+006
CTD,4/28/2025 00:00:00,82.6,83.5,82.2,82.6,601300
CTD,4/29/2025 00:00:00,83,83.1,80.9,80.9,558400
CTD,5/5/2025 00:00:00,79.7,81,77.7,81,1.6252e+006
CTD,5/6/2025 00:00:00,81,81.2,80,80.1,613600
CTD,5/7/2025 00:00:00,79.3,80.1,77.9,77.9,1.2203e+006
CTD,5/8/2025 00:00:00,77.9,79.9,77.9,78.2,935500
CTD,5/9/2025 00:00:00,78.5,79.8,78.4,78.5,668500
CTD,5/12/2025 00:00:00,79,79.1,78.2,78.6,568700
CTD,5/13/2025 00:00:00,79.5,82,78.9,82,1.4423e+006
CTD,5/14/2025 00:00:00,82.1,82.4,80.7,81,1.0591e+006
CTD,5/15/2025 00:00:00,81.2,82.7,80.2,82.4,1.4867e+006
CTD,5/16/2025 00:00:00,82.9,83.4,81,81,1.6112e+006
CTD,5/19/2025 00:00:00,82.5,83.3,81.2,81.2,1.1055e+006
CTD,5/20/2025 00:00:00,82,82.5,81.3,81.7,641300
CTD,5/21/2025 00:00:00,81.5,81.5,78,78.8,3.7324e+006
CTD,5/22/2025 00:00:00,78,80,78,78.2,1.1861e+006
CTD,5/23/2025 00:00:00,79.2,79.5,78.1,78.2,710100
CTD,5/26/2025 00:00:00,80.9,80.9,78.1,79.8,1.3249e+006
CTD,5/27/2025 00:00:00,81.5,84.4,80.4,83.6,2.7087e+006
CTD,5/28/2025 00:00:00,83,83.4,82,82.6,1.3324e+006
CTD,5/29/2025 00:00:00,83,83.5,82.1,82.3,1.1185e+006
CTD,5/30/2025 00:00:00,82.3,82.3,79.1,79.3,1.719e+006
CTD,6/2/2025 00:00:00,79.3,80.7,78.6,79.9,519000
CTD,6/3/2025 00:00:00,81,81.6,80.1,81.3,831700
CTD,6/4/2025 00:00:00,81.3,82.3,80.8,81.3,805300
CTD,6/5/2025 00:00:00,81.4,83.7,81.4,81.6,1.3993e+006
CTD,6/6/2025 00:00:00,82.4,82.4,80.3,80.3,695000
CTD,6/9/2025 00:00:00,80.5,81,79,79.3,763500
CTD,6/10/2025 00:00:00,79.2,80.4,79,79,638200
CTD,6/11/2025 00:00:00,79.9,81.5,79,80.8,805300
CTD,6/12/2025 00:00:00,81.4,82.4,80.9,81.1,1.0153e+006
CTD,6/13/2025 00:00:00,81,81,79.1,80.2,1.2606e+006
CTD,6/16/2025 00:00:00,80,82,79.9,82,973200
CTD,6/17/2025 00:00:00,82.8,82.8,81.7,82.2,1.0837e+006
CTD,6/18/2025 00:00:00,82.6,86,82.3,86,3.8733e+006
CTD,6/19/2025 00:00:00,86.2,86.2,84.7,85,835800
CTD,6/20/2025 00:00:00,85,85.6,83.5,83.5,1.2601e+006
CTD,6/23/2025 00:00:00,82.6,84.5,82.1,83.2,1.1121e+006
CTD,6/24/2025 00:00:00,84,84.4,82.8,82.8,902200
CTD,6/25/2025 00:00:00,83.5,85.2,82.8,83,1.0405e+006
CTD,6/26/2025 00:00:00,83,84,82.5,83.9,714700
CTD,6/27/2025 00:00:00,84.4,84.9,83.8,84,715700
CTD,6/30/2025 00:00:00,84.8,86.9,84.3,85.5,1.5841e+006
CTD,7/1/2025 00:00:00,86,86.8,84.5,84.8,1.05e+006
CTD,7/2/2025 00:00:00,84.7,84.7,83.7,84.3,893900
CTD,7/3/2025 00:00:00,84,85.2,82.2,83.2,1.4505e+006
CTD,7/4/2025 00:00:00,84,84.2,82.8,84.2,861400
CTD,7/7/2025 00:00:00,85,85.7,84,84,1.142e+006
CTD,7/8/2025 00:00:00,84.5,86.2,84,85.7,1.5615e+006
CTD,7/9/2025 00:00:00,86.5,86.8,84.9,85.1,1.3513e+006
CTD,7/10/2025 00:00:00,86,86,84.3,84.3,1.1582e+006
CTD,7/11/2025 00:00:00,84.4,84.9,83.4,83.4,1.3368e+006
CTD,7/14/2025 00:00:00,83.6,85,82.5,84.9,1.3809e+006
CTD,7/15/2025 00:00:00,85.2,85.5,83.5,83.5,1.0597e+006
CTD,7/16/2025 00:00:00,83.6,86.2,83.4,84.9,1.696e+006
CTD,7/17/2025 00:00:00,85.4,88,84.9,87.7,2.4721e+006
CTD,7/18/2025 00:00:00,88.5,88.5,85.9,86.1,1.1649e+006
CTD,7/21/2025 00:00:00,86.2,86.8,84.5,84.5,1.3435e+006
CTD,7/22/2025 00:00:00,84.5,85.5,84,85.2,743800
CTD,7/23/2025 00:00:00,85.2,88,85.1,85.4,2.1805e+006
CTD,7/24/2025 00:00:00,86.4,86.4,84.8,85.1,764000
CTD,7/25/2025 00:00:00,85.2,86.4,84.2,84.2,2.0066e+006
CTD,7/28/2025 00:00:00,84.2,85.3,84,84.5,1.5854e+006
CTD,7/29/2025 00:00:00,85,85,78.7,78.7,2.8315e+006
CTD,7/30/2025 00:00:00,79.2,80.8,78.5,79.2,1.0435e+006
CTD,7/31/2025 00:00:00,81.1,81.5,79.5,81,1.2125e+006
CTD,8/1/2025 00:00:00,81.5,82.4,80.7,82,946500
CTD,8/4/2025 00:00:00,81,82.2,81,81.2,729700
CTD,8/5/2025 00:00:00,81.5,82.6,77.5,80.1,1.8463e+006
CTD,8/6/2025 00:00:00,80.8,82.5,80.2,81.8,1.3531e+006
CTD,8/7/2025 00:00:00,82.8,83.2,81.7,83,1.207e+006
CTD,8/8/2025 00:00:00,83.9,83.9,82,82.6,965500
CTD,8/11/2025 00:00:00,83.8,84.4,82.7,83.2,1.0919e+006
CTD,8/12/2025 00:00:00,83.9,83.9,82.3,82.7,923700
CTD,8/13/2025 00:00:00,82.8,84.4,82.7,83.1,1.6294e+006
CTD,8/14/2025 00:00:00,83.4,83.6,82.1,82.3,917100
CTD,8/15/2025 00:00:00,82.5,83.2,80.5,80.7,1.2636e+006
CTD,8/18/2025 00:00:00,81,83,80.7,80.9,662600
CTD,8/19/2025 00:00:00,81.8,81.9,79,79.2,1.7952e+006
CTD,8/20/2025 00:00:00,79.4,79.8,78.5,78.6,1.075e+006
CTD,8/21/2025 00:00:00,79,79.3,76.9,77,1.1742e+006
CTD,8/22/2025 00:00:00,76.8,76.8,73.6,74.5,1.3563e+006
