Ticker,Date,Open,High,Low,Close,Volume
DGC,8/27/2014 00:00:00,6.02908,6.02908,6.02908,6.02908,22100
DGC,8/28/2014 00:00:00,6.61934,6.61934,6.61934,6.61934,34603
DGC,8/29/2014 00:00:00,7.27987,7.27987,5.95881,6.63339,27929
DGC,9/3/2014 00:00:00,6.35232,7.0269,6.19773,6.268,7700
DGC,9/4/2014 00:00:00,6.268,6.268,5.64963,5.64963,4251
DGC,9/5/2014 00:00:00,5.14369,5.64963,5.08748,5.12964,16729
DGC,9/8/2014 00:00:00,5.15774,5.48098,5.15774,5.48098,400
DGC,9/9/2014 00:00:00,5.19991,5.43882,5.15774,5.43882,7900
DGC,9/10/2014 00:00:00,4.9891,4.9891,4.91883,4.96099,4500
DGC,9/11/2014 00:00:00,4.91883,4.91883,4.84856,4.91883,2500
DGC,9/12/2014 00:00:00,4.84856,4.84856,4.70802,4.70802,900
DGC,9/15/2014 00:00:00,4.82045,5.1718,4.66586,5.14369,6000
DGC,9/16/2014 00:00:00,4.77829,4.77829,4.77829,4.77829,1200
DGC,9/17/2014 00:00:00,4.79235,5.05937,4.79235,4.91883,1000
DGC,9/18/2014 00:00:00,5.05937,5.12964,4.91883,5.12964,2200
DGC,9/19/2014 00:00:00,5.12964,5.27018,5.12964,5.27018,12400
DGC,9/22/2014 00:00:00,5.19991,5.55125,5.19991,5.41071,13200
DGC,9/23/2014 00:00:00,5.27018,5.36855,5.21396,5.34044,7600
DGC,9/24/2014 00:00:00,5.34044,5.41071,5.34044,5.41071,2500
DGC,9/25/2014 00:00:00,5.45287,5.45287,5.29828,5.31234,3500
DGC,9/26/2014 00:00:00,5.34044,5.36855,5.21396,5.29828,6300
DGC,9/29/2014 00:00:00,5.32639,5.34044,5.29828,5.34044,6400
DGC,9/30/2014 00:00:00,5.32639,5.32639,5.27018,5.27018,900
DGC,10/1/2014 00:00:00,5.32639,5.32639,5.32639,5.32639,6800
DGC,10/2/2014 00:00:00,5.32639,5.32639,5.19991,5.27018,7000
DGC,10/3/2014 00:00:00,5.27018,5.32639,5.25612,5.27018,8100
DGC,10/6/2014 00:00:00,5.24207,5.24207,5.21396,5.21396,3800
DGC,10/7/2014 00:00:00,5.1718,5.1718,5.14369,5.14369,600
DGC,10/8/2014 00:00:00,5.12964,5.12964,5.12964,5.12964,300
DGC,10/9/2014 00:00:00,5.12964,5.12964,5.12964,5.12964,2400
DGC,10/10/2014 00:00:00,5.05937,5.07342,5.05937,5.05937,2700
DGC,10/13/2014 00:00:00,5.05937,5.05937,5.05937,5.05937,600
DGC,10/14/2014 00:00:00,5.56531,5.56531,4.9891,5.05937,2700
DGC,10/15/2014 00:00:00,5.05937,5.05937,4.91883,4.93288,5100
DGC,10/16/2014 00:00:00,5.05937,5.10153,5.05937,5.10153,6800
DGC,10/17/2014 00:00:00,5.05937,5.08748,5.05937,5.08748,1000
DGC,10/20/2014 00:00:00,5.05937,5.07342,4.8064,5.07342,18000
DGC,10/21/2014 00:00:00,4.91883,5.05937,4.91883,4.9891,1380
DGC,10/22/2014 00:00:00,4.93288,4.93288,4.86262,4.91883,11600
DGC,10/23/2014 00:00:00,5.05937,5.05937,4.91883,5.04531,1600
DGC,10/24/2014 00:00:00,4.96099,5.05937,4.94694,5.04531,6400
DGC,10/27/2014 00:00:00,4.65181,5.04531,4.65181,5.03126,4100
DGC,10/28/2014 00:00:00,5.03126,5.03126,5.03126,5.03126,1400
DGC,10/29/2014 00:00:00,4.70802,5.04531,4.70802,5.04531,3100
DGC,10/30/2014 00:00:00,4.91883,5.00315,4.91883,4.9891,2600
DGC,10/31/2014 00:00:00,4.70802,5.03126,4.70802,5.03126,1100
DGC,11/3/2014 00:00:00,4.91883,5.12964,4.91883,5.03126,12400
DGC,11/4/2014 00:00:00,5.05937,5.05937,5.05937,5.05937,4500
DGC,11/5/2014 00:00:00,5.03126,5.03126,5.00315,5.00315,2100
DGC,11/6/2014 00:00:00,4.9891,4.9891,4.9891,4.9891,500
DGC,11/7/2014 00:00:00,5.05937,5.10153,4.97505,4.97505,4700
DGC,11/10/2014 00:00:00,4.91883,4.91883,4.91883,4.91883,100
DGC,11/11/2014 00:00:00,4.93288,4.93288,4.93288,4.93288,500
DGC,11/12/2014 00:00:00,4.93288,4.96099,4.93288,4.96099,1300
DGC,11/13/2014 00:00:00,4.96099,4.9891,4.93288,4.9891,3500
DGC,11/14/2014 00:00:00,4.91883,4.96099,4.91883,4.91883,1300
DGC,11/17/2014 00:00:00,4.9891,4.9891,4.9891,4.9891,1100
DGC,11/18/2014 00:00:00,4.9891,4.9891,4.97505,4.97505,1500
DGC,11/19/2014 00:00:00,4.9891,5.00315,4.97505,4.9891,4900
DGC,11/20/2014 00:00:00,4.9891,4.9891,4.9891,4.9891,2000
DGC,11/21/2014 00:00:00,4.9891,5.05937,4.9891,5.00315,2100
DGC,11/25/2014 00:00:00,4.91883,4.91883,4.91883,4.91883,1100
DGC,11/27/2014 00:00:00,4.63775,4.9891,4.63775,4.9891,1600
DGC,11/28/2014 00:00:00,5.05937,5.05937,5.05937,5.05937,2200
DGC,12/2/2014 00:00:00,4.89072,4.89072,4.89072,4.89072,500
DGC,12/3/2014 00:00:00,4.9891,4.9891,4.91883,4.96099,4100
DGC,12/4/2014 00:00:00,4.91883,4.91883,4.91883,4.91883,300
DGC,12/5/2014 00:00:00,4.89072,4.89072,4.89072,4.89072,100
DGC,12/8/2014 00:00:00,4.89072,4.89072,4.89072,4.89072,200
DGC,12/9/2014 00:00:00,4.8064,5.00315,4.8064,4.84856,5800
DGC,12/12/2014 00:00:00,4.8064,4.8064,4.8064,4.8064,100
DGC,12/15/2014 00:00:00,4.49722,4.83451,4.49722,4.83451,700
DGC,12/16/2014 00:00:00,4.83451,4.83451,4.8064,4.8064,700
DGC,12/17/2014 00:00:00,4.8064,4.8064,4.70802,4.70802,400
DGC,12/18/2014 00:00:00,4.9891,5.01721,4.9891,5.01721,400
DGC,12/19/2014 00:00:00,5.12964,5.12964,5.12964,5.12964,2300
DGC,12/22/2014 00:00:00,4.91883,4.91883,4.89072,4.91883,2300
DGC,12/23/2014 00:00:00,4.91883,4.91883,4.91883,4.91883,100
DGC,12/24/2014 00:00:00,4.86262,4.86262,4.84856,4.84856,300
DGC,12/25/2014 00:00:00,4.49722,4.91883,4.49722,4.91883,200
DGC,12/26/2014 00:00:00,4.49722,4.49722,4.49722,4.49722,100
DGC,12/29/2014 00:00:00,4.77829,4.77829,4.72208,4.72208,300
DGC,12/31/2014 00:00:00,4.96099,4.96099,4.77829,4.90478,3700
DGC,1/5/2015 00:00:00,4.84856,4.96099,4.84856,4.96099,5400
DGC,1/6/2015 00:00:00,4.97505,4.97505,4.97505,4.97505,100
DGC,1/7/2015 00:00:00,4.89072,4.89072,4.77829,4.77829,1700
DGC,1/8/2015 00:00:00,4.82045,4.91883,4.82045,4.91883,10700
DGC,1/9/2015 00:00:00,4.94694,4.94694,4.94694,4.94694,5600
DGC,1/12/2015 00:00:00,4.94694,4.94694,4.94694,4.94694,5300
DGC,1/13/2015 00:00:00,4.94694,4.94694,4.94694,4.94694,2900
DGC,1/15/2015 00:00:00,4.94694,4.94694,4.94694,4.94694,6900
DGC,1/16/2015 00:00:00,4.94694,4.94694,4.94694,4.94694,8000
DGC,1/20/2015 00:00:00,4.93288,4.94694,4.93288,4.94694,4400
DGC,1/21/2015 00:00:00,4.94694,4.94694,4.93288,4.94694,4300
DGC,1/22/2015 00:00:00,4.94694,4.94694,4.93288,4.93288,1600
DGC,1/26/2015 00:00:00,4.93288,4.93288,4.93288,4.93288,200
DGC,1/27/2015 00:00:00,4.44815,4.44815,4.44815,4.44815,100
DGC,1/28/2015 00:00:00,4.89011,4.89011,4.89011,4.89011,100
DGC,1/29/2015 00:00:00,5.01843,5.01843,5.01843,5.01843,100
DGC,2/2/2015 00:00:00,5.01843,5.01843,5.01843,5.01843,800
DGC,2/5/2015 00:00:00,5.01843,5.01843,5.01843,5.01843,200
DGC,2/6/2015 00:00:00,5.51742,5.51742,5.01843,5.01843,400
DGC,2/9/2015 00:00:00,5.26079,5.26079,5.26079,5.26079,100
DGC,2/10/2015 00:00:00,5.01843,5.01843,5.01843,5.01843,300
DGC,2/11/2015 00:00:00,5.16099,5.16099,5.16099,5.16099,100
DGC,2/26/2015 00:00:00,4.662,4.662,4.662,4.662,1100
DGC,3/2/2015 00:00:00,4.41964,4.73329,4.41964,4.73329,1500
DGC,3/3/2015 00:00:00,4.44815,4.70477,4.44815,4.70477,2000
DGC,3/4/2015 00:00:00,4.77606,4.90437,4.77606,4.90437,2800
DGC,3/5/2015 00:00:00,4.90437,4.90437,4.77606,4.77606,600
DGC,3/10/2015 00:00:00,4.77606,4.77606,4.77606,4.77606,600
DGC,3/12/2015 00:00:00,4.77606,4.77606,4.77606,4.77606,1000
DGC,3/16/2015 00:00:00,4.77606,4.77606,4.77606,4.77606,100
DGC,3/18/2015 00:00:00,4.31984,4.71903,4.30558,4.71903,600
DGC,3/19/2015 00:00:00,4.5622,4.5622,4.5622,4.5622,500
DGC,3/20/2015 00:00:00,4.5622,4.5622,4.5622,4.5622,500
DGC,3/23/2015 00:00:00,4.70477,4.70477,4.70477,4.70477,2000
DGC,3/24/2015 00:00:00,4.77606,4.77606,4.77606,4.77606,1000
DGC,3/25/2015 00:00:00,4.90437,4.9614,4.90437,4.91863,1700
DGC,3/27/2015 00:00:00,4.9614,4.9614,4.9614,4.9614,900
DGC,3/30/2015 00:00:00,4.9614,5.44613,4.9614,5.44613,500
DGC,4/1/2015 00:00:00,4.98991,4.98991,4.98991,4.98991,1000
DGC,4/2/2015 00:00:00,4.98991,4.98991,4.98991,4.98991,600
DGC,4/6/2015 00:00:00,4.98991,4.98991,4.91863,4.91863,2200
DGC,4/7/2015 00:00:00,4.98991,4.98991,4.98991,4.98991,100
DGC,4/8/2015 00:00:00,4.98991,4.98991,4.98991,4.98991,300
DGC,4/9/2015 00:00:00,4.84734,4.84734,4.84734,4.84734,1400
DGC,4/10/2015 00:00:00,4.8616,4.8616,4.84734,4.84734,3000
DGC,4/13/2015 00:00:00,4.87586,4.87586,4.84734,4.84734,6000
DGC,4/14/2015 00:00:00,5.33208,5.33208,4.84734,4.84734,3100
DGC,4/15/2015 00:00:00,4.70477,4.84734,4.70477,4.84734,1200
DGC,4/16/2015 00:00:00,4.70477,4.97566,4.70477,4.97566,1600
DGC,4/17/2015 00:00:00,4.84734,5.31782,4.84734,5.31782,700
DGC,4/20/2015 00:00:00,5.84532,5.84532,4.84734,5.04694,1200
DGC,4/21/2015 00:00:00,5.40336,5.40336,5.40336,5.40336,100
DGC,4/23/2015 00:00:00,5.40336,5.40336,5.40336,5.40336,10
DGC,4/24/2015 00:00:00,5.6885,5.6885,4.87586,4.97566,400
DGC,4/27/2015 00:00:00,4.70477,4.84734,4.70477,4.84734,700
DGC,5/5/2015 00:00:00,4.97566,4.97566,4.64775,4.64775,200
DGC,5/6/2015 00:00:00,4.7618,4.7618,4.73329,4.74754,5200
DGC,5/7/2015 00:00:00,5.10397,5.21802,4.84734,4.84734,5269
DGC,5/11/2015 00:00:00,4.81883,4.81883,4.70477,4.70477,1500
DGC,5/12/2015 00:00:00,4.70477,4.77606,4.70477,4.70477,9200
DGC,5/13/2015 00:00:00,5.17525,5.17525,5.17525,5.17525,100
DGC,5/14/2015 00:00:00,5.6885,5.6885,4.91863,4.91863,1200
DGC,5/18/2015 00:00:00,5.3891,5.3891,4.49092,4.73329,500
DGC,5/19/2015 00:00:00,5.20376,5.20376,4.70477,4.73329,4610
DGC,5/21/2015 00:00:00,4.71903,5.18951,4.50518,4.50518,1000
DGC,5/22/2015 00:00:00,4.43389,4.84734,4.43389,4.84734,7100
DGC,5/25/2015 00:00:00,4.77606,4.77606,4.77606,4.77606,100
DGC,5/26/2015 00:00:00,5.24654,5.24654,4.70477,4.70477,1100
DGC,5/27/2015 00:00:00,4.9614,4.9614,4.77606,4.77606,800
DGC,5/28/2015 00:00:00,4.70477,4.70477,4.70477,4.70477,1600
DGC,5/29/2015 00:00:00,4.70477,4.71903,4.70477,4.71903,1900
DGC,6/1/2015 00:00:00,4.90437,4.98991,4.77606,4.77606,1200
DGC,6/2/2015 00:00:00,4.77606,4.79032,4.73329,4.73329,2900
DGC,6/3/2015 00:00:00,4.74754,5.18951,4.74754,4.9614,3200
DGC,6/4/2015 00:00:00,5.44613,5.44613,4.84734,4.84734,1300
DGC,6/5/2015 00:00:00,5.02687,5.33208,4.93711,5.04483,4100
DGC,6/8/2015 00:00:00,5.06278,5.54751,5.06278,5.54751,6000
DGC,6/9/2015 00:00:00,5.06278,5.11664,5.02687,5.11664,2500
DGC,6/10/2015 00:00:00,5.60137,5.60137,5.11664,5.11664,5700
DGC,6/11/2015 00:00:00,5.4757,5.4757,5.11664,5.11664,3200
DGC,6/12/2015 00:00:00,5.36798,5.38594,5.11664,5.11664,6900
DGC,6/15/2015 00:00:00,5.11664,5.1705,5.11664,5.11664,3000
DGC,6/16/2015 00:00:00,5.11664,5.36798,5.11664,5.11664,7500
DGC,6/17/2015 00:00:00,5.60137,5.60137,5.00892,5.27822,300
DGC,6/18/2015 00:00:00,5.11664,5.15255,4.99097,5.15255,4300
DGC,6/19/2015 00:00:00,5.11664,5.11664,5.02687,5.04483,11500
DGC,6/22/2015 00:00:00,5.02687,5.27822,5.02687,5.27822,4900
DGC,6/23/2015 00:00:00,5.00892,5.00892,4.84734,5.00892,4100
DGC,6/24/2015 00:00:00,4.93711,4.95506,4.84734,4.95506,3100
DGC,6/25/2015 00:00:00,4.95506,4.95506,4.95506,4.95506,11400
DGC,6/26/2015 00:00:00,4.95506,4.95506,4.95506,4.95506,3700
DGC,6/29/2015 00:00:00,4.95506,5.36798,4.95506,4.97301,2000
DGC,6/30/2015 00:00:00,5.02687,5.36798,5.00892,5.02687,4800
DGC,7/1/2015 00:00:00,5.02687,5.20641,5.02687,5.20641,3500
DGC,7/2/2015 00:00:00,5.02687,5.08073,4.84734,5.08073,7300
DGC,7/3/2015 00:00:00,5.02687,5.02687,5.02687,5.02687,17200
DGC,7/6/2015 00:00:00,5.02687,5.02687,5.02687,5.02687,28500
DGC,7/7/2015 00:00:00,5.02687,5.02687,5.00892,5.00892,7400
DGC,7/8/2015 00:00:00,5.00892,5.00892,4.95506,4.95506,13800
DGC,7/9/2015 00:00:00,4.95506,4.95506,4.95506,4.95506,7900
DGC,7/10/2015 00:00:00,4.9012,4.93711,4.9012,4.91916,9000
DGC,7/13/2015 00:00:00,4.9012,4.9012,4.88325,4.9012,7800
DGC,7/14/2015 00:00:00,4.88325,4.9012,4.88325,4.9012,6300
DGC,7/15/2015 00:00:00,4.9012,5.02687,4.88325,4.88325,5600
DGC,7/16/2015 00:00:00,4.9012,4.9012,4.75758,4.75758,11500
DGC,7/17/2015 00:00:00,4.84734,5.00892,4.84734,5.00892,2100
DGC,7/20/2015 00:00:00,4.84734,4.97301,4.84734,4.93711,2600
DGC,7/21/2015 00:00:00,4.93711,4.97301,4.93711,4.97301,5500
DGC,7/22/2015 00:00:00,4.93711,4.93711,4.93711,4.93711,6700
DGC,7/23/2015 00:00:00,5.42184,5.42184,5.02687,5.02687,6500
DGC,7/24/2015 00:00:00,5.02687,5.15255,5.02687,5.02687,18700
DGC,7/27/2015 00:00:00,5.02687,5.02687,5.02687,5.02687,3700
DGC,7/28/2015 00:00:00,5.02687,5.02687,4.99097,4.99097,2400
DGC,7/29/2015 00:00:00,4.93711,4.99097,4.93711,4.99097,600
DGC,7/30/2015 00:00:00,4.99097,5.02687,4.99097,5.00892,9300
DGC,7/31/2015 00:00:00,5.00892,5.00892,4.93711,5.00892,14100
DGC,8/3/2015 00:00:00,5.02687,5.06278,4.99097,5.06278,2500
DGC,8/4/2015 00:00:00,4.99097,4.99097,4.99097,4.99097,500
DGC,8/5/2015 00:00:00,4.99097,4.99097,4.99097,4.99097,2000
DGC,8/6/2015 00:00:00,4.99097,5.00892,4.99097,5.00892,2200
DGC,8/7/2015 00:00:00,4.99097,5.49366,4.99097,5.42184,7200
DGC,8/10/2015 00:00:00,5.06278,5.11664,5.04483,5.11664,5500
DGC,8/11/2015 00:00:00,5.06278,5.06278,5.02687,5.04483,12900
DGC,8/12/2015 00:00:00,5.02687,5.02687,4.84734,5.02687,14500
DGC,8/13/2015 00:00:00,5.02687,5.02687,5.00892,5.02687,25600
DGC,8/14/2015 00:00:00,5.02687,5.06278,5.02687,5.06278,4760
DGC,8/17/2015 00:00:00,5.02687,5.02687,5.02687,5.02687,6000
DGC,8/18/2015 00:00:00,5.02687,5.06278,5.02687,5.06278,22000
DGC,8/19/2015 00:00:00,5.06278,5.08073,5.06278,5.08073,1900
DGC,8/20/2015 00:00:00,5.11664,5.24231,5.11664,5.22436,25840
DGC,8/21/2015 00:00:00,5.20641,5.20641,5.11664,5.11664,4100
DGC,8/24/2015 00:00:00,5.20641,5.20641,5.11664,5.11664,5700
DGC,8/25/2015 00:00:00,5.11664,5.11664,5.04483,5.06278,18000
DGC,8/26/2015 00:00:00,5.06278,5.11664,5.04483,5.11664,28600
DGC,8/27/2015 00:00:00,5.11664,5.11664,5.09869,5.09869,700
DGC,8/28/2015 00:00:00,5.11664,5.11664,5.11664,5.11664,7244
DGC,8/31/2015 00:00:00,5.11664,5.1705,5.11664,5.11664,6056
DGC,9/1/2015 00:00:00,5.13459,5.20641,5.11664,5.20641,15700
DGC,9/3/2015 00:00:00,5.1705,5.1705,5.11664,5.11664,1700
DGC,9/4/2015 00:00:00,5.11664,5.24231,5.11664,5.20641,12100
DGC,9/7/2015 00:00:00,5.20641,5.20641,5.20641,5.20641,12100
DGC,9/8/2015 00:00:00,5.27822,5.54751,5.27822,5.54751,19200
DGC,9/9/2015 00:00:00,5.4757,5.79886,5.4757,5.79886,14100
DGC,9/10/2015 00:00:00,5.79886,6.10406,5.79886,6.10406,32000
DGC,9/11/2015 00:00:00,6.10406,6.19383,5.92453,6.10406,29600
DGC,9/14/2015 00:00:00,6.10406,6.28359,5.92453,5.92453,13500
DGC,9/15/2015 00:00:00,5.92453,6.10406,5.92453,6.10406,31800
DGC,9/16/2015 00:00:00,6.10406,6.19383,6.0143,6.0143,7200
DGC,9/17/2015 00:00:00,6.0143,6.0143,5.96044,5.96044,10600
DGC,9/18/2015 00:00:00,5.97839,5.99634,5.96044,5.99634,8400
DGC,9/21/2015 00:00:00,5.92453,6.10406,5.92453,6.10406,20400
DGC,9/22/2015 00:00:00,6.13997,6.46312,6.10406,6.42722,36065
DGC,9/23/2015 00:00:00,6.42722,6.46312,6.37336,6.42722,29108
DGC,9/24/2015 00:00:00,6.37336,6.49903,6.37336,6.42722,51639
DGC,9/25/2015 00:00:00,6.10406,6.44517,6.06816,6.3554,19038
DGC,9/28/2015 00:00:00,6.10406,6.3554,6.10406,6.33745,26627
DGC,9/29/2015 00:00:00,6.22973,6.3195,6.19383,6.3195,14400
DGC,9/30/2015 00:00:00,6.28359,6.28359,6.19383,6.28359,5303
DGC,10/1/2015 00:00:00,6.19383,6.28359,6.19383,6.28359,2600
DGC,10/2/2015 00:00:00,6.30155,6.30155,6.28359,6.28359,15200
DGC,10/5/2015 00:00:00,6.28359,6.42722,6.28359,6.37336,22475
DGC,10/6/2015 00:00:00,6.39131,6.46312,6.39131,6.44517,32200
DGC,10/7/2015 00:00:00,6.55289,6.55289,6.39131,6.46312,14900
DGC,10/8/2015 00:00:00,6.42722,6.42722,6.3554,6.39131,19200
DGC,10/9/2015 00:00:00,6.39131,6.46312,6.3554,6.44517,11700
DGC,10/12/2015 00:00:00,6.37336,6.42722,6.37336,6.37336,19900
DGC,10/13/2015 00:00:00,6.37336,6.37336,6.30155,6.3554,22900
DGC,10/14/2015 00:00:00,6.3554,6.42722,6.3554,6.37336,11700
DGC,10/15/2015 00:00:00,6.37336,6.37336,6.37336,6.37336,7000
DGC,10/16/2015 00:00:00,6.37336,6.42722,6.37336,6.42722,14600
DGC,10/19/2015 00:00:00,6.49903,6.82219,6.39131,6.69651,39500
DGC,10/20/2015 00:00:00,6.64265,6.67856,6.5888,6.64265,26300
DGC,10/21/2015 00:00:00,6.64265,6.71447,6.64265,6.64265,8200
DGC,10/22/2015 00:00:00,6.71447,6.71447,6.55289,6.55289,24150
DGC,10/23/2015 00:00:00,6.55289,6.55289,6.46312,6.46312,15425
DGC,10/26/2015 00:00:00,6.57084,6.57084,6.42722,6.42722,27900
DGC,10/27/2015 00:00:00,6.42722,6.55289,6.3554,6.55289,22800
DGC,10/28/2015 00:00:00,6.69651,6.84014,6.64265,6.64265,17300
DGC,10/29/2015 00:00:00,6.64265,6.64265,6.6247,6.6247,11602
DGC,10/30/2015 00:00:00,6.6247,6.64265,6.57084,6.57084,34180
DGC,11/2/2015 00:00:00,6.64265,6.73242,6.64265,6.64265,36900
DGC,11/3/2015 00:00:00,6.64265,6.69651,6.6247,6.69651,36900
DGC,11/4/2015 00:00:00,6.69651,6.71447,6.64265,6.67856,42617
DGC,11/5/2015 00:00:00,6.67856,6.69651,6.64265,6.69651,12440
DGC,11/6/2015 00:00:00,6.69651,6.69651,6.64265,6.66061,9300
DGC,11/9/2015 00:00:00,6.66061,6.67856,6.64265,6.64265,29100
DGC,11/10/2015 00:00:00,6.71447,7.27101,6.64265,6.66061,21700
DGC,11/11/2015 00:00:00,6.66061,6.71447,6.66061,6.67856,8500
DGC,11/12/2015 00:00:00,6.73242,7.18125,6.73242,7.18125,139817
DGC,11/13/2015 00:00:00,7.1992,7.75575,7.1992,7.71984,89055
DGC,11/16/2015 00:00:00,7.71984,7.80961,7.63008,7.7737,59920
DGC,11/17/2015 00:00:00,7.82756,8.54569,7.82756,8.07891,107700
DGC,11/18/2015 00:00:00,8.07891,8.3482,8.07891,8.33025,103000
DGC,11/19/2015 00:00:00,8.43797,8.47387,8.33025,8.42001,79220
DGC,11/20/2015 00:00:00,8.36615,8.43797,7.59417,8.29434,39000
DGC,11/23/2015 00:00:00,8.29434,8.29434,8.13276,8.16867,61356
DGC,11/24/2015 00:00:00,8.16867,8.49183,8.11481,8.43797,221100
DGC,11/25/2015 00:00:00,8.43797,8.63545,8.3482,8.56364,62900
DGC,11/26/2015 00:00:00,8.3482,8.56364,8.3482,8.43797,27500
DGC,11/27/2015 00:00:00,8.27639,8.43797,8.27639,8.27639,41380
DGC,11/30/2015 00:00:00,8.22253,8.22253,7.80961,7.89937,83670
DGC,12/1/2015 00:00:00,7.89937,8.22253,7.89937,8.16867,47400
DGC,12/2/2015 00:00:00,8.13276,8.16867,8.11481,8.16867,5840
DGC,12/3/2015 00:00:00,8.09686,8.20458,8.07891,8.18662,20100
DGC,12/4/2015 00:00:00,8.13276,8.25844,8.11481,8.25844,42900
DGC,12/7/2015 00:00:00,8.29434,8.6175,8.25844,8.47387,73310
DGC,12/8/2015 00:00:00,8.3482,8.58159,8.3482,8.58159,47600
DGC,12/9/2015 00:00:00,8.6175,8.81498,8.6175,8.63545,144400
DGC,12/10/2015 00:00:00,8.70726,8.77908,8.56364,8.56364,29190
DGC,12/11/2015 00:00:00,8.58159,8.59955,8.47387,8.50978,22734
DGC,12/14/2015 00:00:00,8.50978,8.59955,8.47387,8.58159,29010
DGC,12/15/2015 00:00:00,8.59955,8.59955,8.52773,8.58159,29100
DGC,12/16/2015 00:00:00,8.52773,8.59955,8.52773,8.52773,52600
DGC,12/17/2015 00:00:00,8.52773,8.56364,8.50978,8.54569,43500
DGC,12/18/2015 00:00:00,8.54569,8.77908,8.54569,8.72522,58426
DGC,12/21/2015 00:00:00,8.6175,8.6534,8.6175,8.63545,20700
DGC,12/22/2015 00:00:00,8.6175,8.76112,8.6175,8.76112,22200
DGC,12/23/2015 00:00:00,8.76112,8.76112,8.67136,8.72522,25500
DGC,12/24/2015 00:00:00,8.79703,8.79703,8.72522,8.74317,26900
DGC,12/25/2015 00:00:00,8.74317,8.95861,8.74317,8.81498,57500
DGC,12/28/2015 00:00:00,8.85089,9.24586,8.85089,9.13814,96330
DGC,12/29/2015 00:00:00,9.15609,9.62287,9.15609,9.60492,133610
DGC,12/30/2015 00:00:00,9.69469,9.78445,9.33562,9.42539,60500
DGC,12/31/2015 00:00:00,9.33562,9.47925,9.15609,9.33562,69306
DGC,1/4/2016 00:00:00,9.28176,9.60492,9.28176,9.58697,36510
DGC,1/5/2016 00:00:00,9.38948,9.47925,9.33562,9.37153,29800
DGC,1/6/2016 00:00:00,9.42539,9.47925,9.33562,9.44334,59500
DGC,1/7/2016 00:00:00,9.37153,9.44334,9.24586,9.37153,53730
DGC,1/8/2016 00:00:00,9.192,9.37153,9.15609,9.20995,51606
DGC,1/11/2016 00:00:00,9.52122,9.70432,9.06347,9.06347,69500
DGC,1/12/2016 00:00:00,9.08178,9.10009,8.82544,9.06347,43900
DGC,1/13/2016 00:00:00,9.06347,9.06347,8.78882,8.97192,26600
DGC,1/14/2016 00:00:00,8.80713,8.9353,8.71558,8.9353,78200
DGC,1/15/2016 00:00:00,8.9353,8.9353,8.73389,8.86206,16100
DGC,1/18/2016 00:00:00,8.86206,8.86206,8.42262,8.62403,100700
DGC,1/19/2016 00:00:00,8.62403,8.78882,8.60572,8.69727,38500
DGC,1/20/2016 00:00:00,8.71558,9.15502,8.69727,9.06347,58100
DGC,1/21/2016 00:00:00,9.06347,9.08178,8.97192,9.02685,17000
DGC,1/22/2016 00:00:00,9.06347,9.06347,8.78882,9.00854,16152
DGC,1/25/2016 00:00:00,9.00854,9.24657,9.00854,9.15502,41850
DGC,1/26/2016 00:00:00,9.08178,9.13671,8.99023,9.06347,22700
DGC,1/27/2016 00:00:00,8.99023,9.1184,8.99023,9.1184,21350
DGC,1/28/2016 00:00:00,9.10009,9.15502,9.06347,9.10009,17700
DGC,1/29/2016 00:00:00,9.10009,9.13671,9.10009,9.1184,19200
DGC,2/1/2016 00:00:00,9.06347,9.06347,8.97192,8.97192,5400
DGC,2/2/2016 00:00:00,9.06347,9.10009,9.02685,9.04516,50300
DGC,2/3/2016 00:00:00,9.04516,9.06347,8.97192,9.06347,27700
DGC,2/4/2016 00:00:00,8.42262,9.08178,8.42262,8.99023,19200
DGC,2/5/2016 00:00:00,9.04516,9.31981,9.04516,9.31981,16400
DGC,2/15/2016 00:00:00,9.31981,9.33812,9.15502,9.22826,30200
DGC,2/16/2016 00:00:00,9.24657,9.24657,8.86206,9.06347,140032
DGC,2/17/2016 00:00:00,9.06347,9.06347,8.99023,9.00854,48390
DGC,2/18/2016 00:00:00,9.10009,9.31981,8.97192,9.3015,160200
DGC,2/19/2016 00:00:00,9.3015,9.68601,9.3015,9.52122,205131
DGC,2/22/2016 00:00:00,9.68601,9.68601,9.44798,9.52122,68332
DGC,2/23/2016 00:00:00,9.42967,9.59446,9.35643,9.35643,55400
DGC,2/24/2016 00:00:00,9.33812,9.59446,9.26488,9.42967,125250
DGC,2/25/2016 00:00:00,9.52122,9.52122,9.24657,9.33812,59800
DGC,2/26/2016 00:00:00,9.33812,9.42967,9.33812,9.33812,10204
DGC,2/29/2016 00:00:00,9.33812,9.33812,9.20995,9.3015,68600
DGC,3/1/2016 00:00:00,9.24657,9.3015,9.24657,9.24657,21912
DGC,3/2/2016 00:00:00,9.24657,9.52122,9.24657,9.46629,91700
DGC,3/3/2016 00:00:00,9.4846,9.4846,9.3015,9.3015,27200
DGC,3/4/2016 00:00:00,9.26488,9.33812,9.20995,9.31981,55700
DGC,3/7/2016 00:00:00,9.33812,9.46629,9.28319,9.33812,137012
DGC,3/8/2016 00:00:00,9.33812,9.33812,9.26488,9.33812,54900
DGC,3/9/2016 00:00:00,9.28319,9.35643,9.24657,9.26488,46076
DGC,3/10/2016 00:00:00,9.26488,9.3015,9.15502,9.15502,101715
DGC,3/11/2016 00:00:00,9.15502,9.15502,9.04516,9.1184,122600
DGC,3/14/2016 00:00:00,9.06347,9.06347,8.82544,8.82544,133800
DGC,3/15/2016 00:00:00,8.82544,8.82544,8.31276,8.31276,218735
DGC,3/16/2016 00:00:00,8.31276,8.60572,8.23952,8.42262,81200
DGC,3/17/2016 00:00:00,8.42262,8.69727,8.42262,8.69727,102274
DGC,3/18/2016 00:00:00,8.66065,8.7522,8.66065,8.66065,40800
DGC,3/21/2016 00:00:00,8.60572,8.62403,8.45924,8.51417,31232
DGC,3/22/2016 00:00:00,8.40431,8.49586,8.23952,8.42262,50904
DGC,3/23/2016 00:00:00,8.51417,8.51417,8.36769,8.42262,35500
DGC,3/24/2016 00:00:00,8.36769,8.40431,8.25783,8.33107,44300
DGC,3/25/2016 00:00:00,8.33107,8.42262,8.23952,8.31276,54400
DGC,3/28/2016 00:00:00,8.33107,8.47755,8.29445,8.33107,69600
DGC,3/29/2016 00:00:00,8.27614,8.29445,8.2029,8.23952,50600
DGC,3/30/2016 00:00:00,8.14797,8.27614,8.14797,8.25783,13220
DGC,3/31/2016 00:00:00,8.33107,8.33107,8.16628,8.22121,32940
DGC,4/1/2016 00:00:00,8.2029,8.2029,8.05642,8.05642,39600
DGC,4/4/2016 00:00:00,8.05642,8.40431,7.96487,8.12966,31420
DGC,4/5/2016 00:00:00,8.34938,8.34938,8.23952,8.29445,7110
DGC,4/6/2016 00:00:00,8.29445,8.42262,8.29445,8.40431,6800
DGC,4/7/2016 00:00:00,8.49586,8.66065,8.49586,8.60572,64500
DGC,4/8/2016 00:00:00,8.60572,8.69727,8.51417,8.60572,45600
DGC,4/11/2016 00:00:00,8.60572,8.97192,8.60572,8.77051,68510
DGC,4/12/2016 00:00:00,8.7522,8.82544,8.73389,8.7522,43400
DGC,4/13/2016 00:00:00,8.7522,8.7522,8.60572,8.64234,26400
DGC,4/14/2016 00:00:00,8.64234,8.82544,8.60572,8.78882,67200
DGC,4/15/2016 00:00:00,8.77051,8.77051,8.69727,8.7522,21400
DGC,4/19/2016 00:00:00,8.71558,8.71558,8.51417,8.51417,11500
DGC,4/20/2016 00:00:00,8.47755,8.47755,8.386,8.42262,82416
DGC,4/21/2016 00:00:00,8.42262,8.69727,8.42262,8.53248,39120
DGC,4/22/2016 00:00:00,8.51417,8.69727,8.42262,8.55079,35500
DGC,4/25/2016 00:00:00,8.69727,8.69727,8.49586,8.51417,24670
DGC,4/26/2016 00:00:00,8.53248,8.53248,8.40431,8.40431,53906
DGC,4/27/2016 00:00:00,8.40431,8.60572,8.29445,8.40431,37300
DGC,4/28/2016 00:00:00,8.46071,8.57352,8.46071,8.57352,1000
DGC,4/29/2016 00:00:00,8.46071,8.64873,8.2727,8.36671,10200
DGC,5/4/2016 00:00:00,8.38551,8.38551,8.12229,8.15989,33700
DGC,5/5/2016 00:00:00,8.08468,8.15989,8.04708,8.12229,24600
DGC,5/6/2016 00:00:00,8.04708,8.08468,8.00948,8.04708,53100
DGC,5/9/2016 00:00:00,8.02828,8.2539,8.02828,8.12229,52100
DGC,5/10/2016 00:00:00,8.00948,8.15989,7.99067,8.08468,19200
DGC,5/11/2016 00:00:00,8.00948,8.3103,8.00948,8.12229,52600
DGC,5/12/2016 00:00:00,8.08468,8.08468,8.04708,8.06588,11000
DGC,5/13/2016 00:00:00,7.99067,8.00948,7.95307,7.95307,32270
DGC,5/16/2016 00:00:00,8.2351,8.2351,7.93427,7.95307,31300
DGC,5/17/2016 00:00:00,7.93427,7.95307,7.87787,7.87787,29190
DGC,5/18/2016 00:00:00,7.93427,7.93427,7.84026,7.85906,12750
DGC,5/19/2016 00:00:00,7.85906,7.89667,7.80266,7.80266,31000
DGC,5/20/2016 00:00:00,7.80266,7.89667,7.80266,7.82146,21600
DGC,5/23/2016 00:00:00,7.80266,7.82146,7.76506,7.80266,18400
DGC,5/24/2016 00:00:00,7.76506,7.78386,7.74625,7.74625,8500
DGC,5/25/2016 00:00:00,7.74625,7.82146,7.74625,7.82146,32700
DGC,5/26/2016 00:00:00,7.82146,8.08468,7.80266,8.06588,33200
DGC,5/27/2016 00:00:00,7.95307,8.04708,7.91547,7.99067,13700
DGC,5/30/2016 00:00:00,8.00948,8.00948,7.89667,8.00948,17800
DGC,5/31/2016 00:00:00,8.00948,8.00948,7.97187,7.99067,14800
DGC,6/1/2016 00:00:00,7.97187,8.04708,7.97187,8.00948,27400
DGC,6/2/2016 00:00:00,7.99067,7.99067,7.82146,7.95307,12100
DGC,6/3/2016 00:00:00,7.85906,7.89667,7.82146,7.89667,14300
DGC,6/6/2016 00:00:00,7.89667,7.99067,7.87787,7.97187,3100
DGC,6/7/2016 00:00:00,7.89667,7.93427,7.84026,7.93427,6600
DGC,6/8/2016 00:00:00,7.89667,7.91547,7.84026,7.89667,8100
DGC,6/9/2016 00:00:00,7.87787,7.87787,7.72745,7.84026,24600
DGC,6/10/2016 00:00:00,7.84026,7.85906,7.82146,7.84026,12160
DGC,6/13/2016 00:00:00,7.85906,7.85906,7.76506,7.76506,44600
DGC,6/14/2016 00:00:00,7.80266,7.82146,7.70865,7.70865,44900
DGC,6/15/2016 00:00:00,7.65225,7.72745,7.65225,7.72745,16600
DGC,6/16/2016 00:00:00,7.74625,7.89667,7.74625,7.76506,18500
DGC,6/17/2016 00:00:00,7.78386,7.80266,7.70865,7.80266,31800
DGC,6/20/2016 00:00:00,7.70865,8.2727,7.70865,8.2539,83890
DGC,6/21/2016 00:00:00,8.2539,8.57352,8.2539,8.44191,46200
DGC,6/22/2016 00:00:00,8.2727,8.53592,8.2351,8.51712,46800
DGC,6/23/2016 00:00:00,8.51712,8.93075,8.49832,8.91195,71260
DGC,6/24/2016 00:00:00,8.98716,8.98716,8.19749,8.57352,87600
DGC,6/27/2016 00:00:00,8.59233,8.93075,8.53592,8.91195,66200
DGC,6/28/2016 00:00:00,8.93075,8.98716,8.83675,8.93075,31100
DGC,6/29/2016 00:00:00,8.93075,9.40079,8.93075,9.11877,93150
DGC,6/30/2016 00:00:00,9.25038,9.57001,9.25038,9.4196,137000
DGC,7/1/2016 00:00:00,9.476,9.70162,9.476,9.57001,81180
DGC,7/4/2016 00:00:00,9.58881,9.77683,9.30679,9.5324,69820
DGC,7/5/2016 00:00:00,9.58881,9.64521,9.34439,9.4196,79980
DGC,7/6/2016 00:00:00,9.40079,9.476,9.26918,9.40079,59950
DGC,7/7/2016 00:00:00,9.4196,9.58881,9.34439,9.34439,64130
DGC,7/8/2016 00:00:00,9.30679,9.4572,9.28798,9.28798,131100
DGC,7/11/2016 00:00:00,9.4782,10.058,9.4782,9.85733,242244
DGC,7/12/2016 00:00:00,9.85733,9.90193,9.38899,9.70121,21000
DGC,7/13/2016 00:00:00,9.61201,9.81272,9.4782,9.5005,72600
DGC,7/14/2016 00:00:00,9.5005,9.58971,9.03217,9.03217,96940
DGC,7/15/2016 00:00:00,8.94296,9.56741,8.92066,9.56741,44810
DGC,7/18/2016 00:00:00,9.58971,9.58971,9.36669,9.58971,9900
DGC,7/19/2016 00:00:00,9.61201,9.70121,9.36669,9.58971,38300
DGC,7/20/2016 00:00:00,9.58971,9.96883,9.5451,9.70121,67100
DGC,7/21/2016 00:00:00,9.70121,9.81272,9.5228,9.63431,13900
DGC,7/22/2016 00:00:00,9.38899,9.41129,9.14367,9.25518,37200
DGC,7/25/2016 00:00:00,9.25518,9.25518,9.16598,9.23288,14300
DGC,7/26/2016 00:00:00,9.21058,9.4782,9.09907,9.4782,11400
DGC,7/27/2016 00:00:00,9.16598,9.41129,9.16598,9.41129,11400
DGC,7/28/2016 00:00:00,9.36669,9.36669,9.32209,9.36669,10400
DGC,7/29/2016 00:00:00,9.27748,9.36669,9.25518,9.36669,12700
DGC,8/1/2016 00:00:00,9.21058,9.25518,9.14367,9.14367,18100
DGC,8/2/2016 00:00:00,9.07677,9.07677,8.87605,8.87605,61000
DGC,8/3/2016 00:00:00,8.92066,8.92066,8.85375,8.92066,16608
DGC,8/4/2016 00:00:00,8.92066,9.14367,8.92066,9.05447,10400
DGC,8/5/2016 00:00:00,9.05447,9.05447,8.92066,9.05447,16000
DGC,8/8/2016 00:00:00,8.87605,9.05447,8.87605,9.05447,12900
DGC,8/9/2016 00:00:00,9.12137,9.12137,8.98756,8.98756,14308
DGC,8/10/2016 00:00:00,9.09907,9.25518,9.09907,9.25518,56103
DGC,8/11/2016 00:00:00,9.16598,9.36669,9.16598,9.34439,36700
DGC,8/12/2016 00:00:00,9.36669,9.36669,9.23288,9.25518,14100
DGC,8/15/2016 00:00:00,9.25518,9.25518,9.16598,9.16598,15500
DGC,8/16/2016 00:00:00,9.32209,9.4782,9.27748,9.4559,40200
DGC,8/17/2016 00:00:00,9.4782,9.4782,9.25518,9.4559,45750
DGC,8/18/2016 00:00:00,9.58971,10.3257,9.4782,9.81272,120563
DGC,8/19/2016 00:00:00,9.81272,9.81272,9.56741,9.56741,13200
DGC,8/22/2016 00:00:00,9.4782,9.56741,9.34439,9.4782,15000
DGC,8/23/2016 00:00:00,9.4336,9.5228,9.25518,9.5005,7400
DGC,8/24/2016 00:00:00,9.5228,9.76812,9.34439,9.65661,38228
DGC,8/25/2016 00:00:00,9.65661,9.65661,9.4782,9.56741,8750
DGC,8/26/2016 00:00:00,9.56741,9.63431,9.5005,9.56741,18600
DGC,8/29/2016 00:00:00,9.58971,9.76812,9.5228,9.67891,52900
DGC,8/30/2016 00:00:00,9.67891,9.79042,9.58971,9.74582,49047
DGC,8/31/2016 00:00:00,9.79042,10.2588,9.72352,10.2588,193259
DGC,9/1/2016 00:00:00,10.2588,10.2811,10.0803,10.1472,47800
DGC,9/5/2016 00:00:00,10.1472,10.5487,10.1026,10.4818,66400
DGC,9/6/2016 00:00:00,10.4818,10.6379,10.2588,10.2588,44729
DGC,9/7/2016 00:00:00,10.2365,10.3703,9.96883,10.1919,103379
DGC,9/8/2016 00:00:00,10.1695,10.5041,10.1695,10.4149,102022
DGC,9/9/2016 00:00:00,10.8163,10.8163,10.5487,10.7048,122205
DGC,9/12/2016 00:00:00,10.6156,10.6156,10.4818,10.5264,25522
DGC,9/13/2016 00:00:00,10.5933,10.8163,10.5264,10.6602,50251
DGC,9/14/2016 00:00:00,10.5487,10.8609,10.5041,10.5264,56811
DGC,9/15/2016 00:00:00,10.4818,10.6825,10.4818,10.6602,33062
DGC,9/16/2016 00:00:00,10.5933,10.9947,10.5933,10.8386,59216
DGC,9/19/2016 00:00:00,10.6156,11.4407,10.5933,11.4407,233312
DGC,9/20/2016 00:00:00,11.6861,11.6861,11.4407,11.463,85145
DGC,9/21/2016 00:00:00,11.4184,11.463,11.3069,11.4184,32663
DGC,9/22/2016 00:00:00,11.3738,11.5523,11.3069,11.3738,42794
DGC,9/23/2016 00:00:00,11.3738,11.8199,11.1508,11.6415,84483
DGC,9/26/2016 00:00:00,11.6415,12.6896,11.4853,12.6896,216367
DGC,9/27/2016 00:00:00,12.3774,12.7565,12.1544,12.7119,117221
DGC,9/28/2016 00:00:00,12.8234,12.8234,12.5112,12.645,61007
DGC,9/29/2016 00:00:00,11.3961,12.6673,11.3961,12.5112,201287
DGC,9/30/2016 00:00:00,12.2659,12.8234,12.2659,12.7788,99816
DGC,10/3/2016 00:00:00,12.8904,12.8904,12.6004,12.7119,103934
DGC,10/4/2016 00:00:00,12.8011,12.8011,12.0429,12.3774,99866
DGC,10/5/2016 00:00:00,12.2659,12.3774,12.0429,12.3551,60741
DGC,10/6/2016 00:00:00,12.1098,12.3105,11.9314,12.0875,64478
DGC,10/7/2016 00:00:00,12.0875,12.1767,11.976,11.976,48726
DGC,10/10/2016 00:00:00,11.9537,12.1544,11.8868,11.8868,43730
DGC,10/11/2016 00:00:00,11.8868,11.9314,11.3961,11.5969,92551
DGC,10/12/2016 00:00:00,11.5969,12.0206,11.5969,11.7307,36615
DGC,10/13/2016 00:00:00,11.5969,11.7976,11.53,11.7976,52654
DGC,10/14/2016 00:00:00,11.7976,12.1544,11.7976,12.1098,44297
DGC,10/17/2016 00:00:00,12.0429,12.1321,11.8199,11.8199,60714
DGC,10/18/2016 00:00:00,11.8199,11.8199,11.2177,11.3515,114214
DGC,10/19/2016 00:00:00,11.1508,11.3292,10.9278,11.1508,145870
DGC,10/20/2016 00:00:00,11.0393,11.0393,10.7048,10.7271,89068
DGC,10/21/2016 00:00:00,10.7494,10.7494,10.2588,10.2588,115508
DGC,10/24/2016 00:00:00,10.058,10.1472,9.56741,9.72352,173752
DGC,10/25/2016 00:00:00,10.0357,10.0357,9.72352,9.90193,44690
DGC,10/26/2016 00:00:00,10.1472,10.2365,9.85733,9.92423,31472
DGC,10/27/2016 00:00:00,9.92423,10.0134,9.85733,9.94653,16694
DGC,10/28/2016 00:00:00,9.94653,10.1695,9.94653,10.1695,5195
DGC,10/31/2016 00:00:00,10.0357,10.2588,9.90193,10.2588,41752
DGC,11/1/2016 00:00:00,10.0803,10.2588,9.85733,9.85733,68530
DGC,11/2/2016 00:00:00,9.85733,9.85733,9.58971,9.58971,44985
DGC,11/3/2016 00:00:00,9.4782,9.58971,9.36669,9.5451,24587
DGC,11/4/2016 00:00:00,9.67891,9.67891,9.5451,9.5451,26443
DGC,11/7/2016 00:00:00,10.0357,10.0357,9.5451,9.70121,15269
DGC,11/8/2016 00:00:00,9.61201,9.81272,9.61201,9.76812,18510
DGC,11/9/2016 00:00:00,9.81272,9.81272,9.36669,9.74582,60036
DGC,11/10/2016 00:00:00,9.70121,10.0134,9.70121,9.83502,34854
DGC,11/11/2016 00:00:00,9.83502,9.92423,9.63431,9.63431,25382
DGC,11/14/2016 00:00:00,9.81272,9.81272,9.56741,9.61201,26109
DGC,11/15/2016 00:00:00,9.61201,9.81272,9.58971,9.61201,25400
DGC,11/16/2016 00:00:00,9.61201,9.61201,9.5451,9.56741,41882
DGC,11/17/2016 00:00:00,9.61201,9.61201,9.5228,9.61201,9528
DGC,11/18/2016 00:00:00,9.56741,9.58971,9.5228,9.5451,61884
DGC,11/21/2016 00:00:00,9.38899,9.5005,9.38899,9.4559,11281
DGC,11/22/2016 00:00:00,9.41129,9.4782,9.41129,9.4559,17764
DGC,11/23/2016 00:00:00,9.41129,9.4559,9.36669,9.4559,26000
DGC,11/24/2016 00:00:00,9.4336,9.4559,9.36669,9.36669,25600
DGC,11/25/2016 00:00:00,9.36669,9.36669,9.18828,9.25518,38994
DGC,11/28/2016 00:00:00,9.18828,9.23288,9.00986,9.03217,33133
DGC,11/29/2016 00:00:00,8.96526,9.03217,8.92066,8.92066,21754
DGC,11/30/2016 00:00:00,8.98756,9.5451,8.92066,9.5451,12880
DGC,12/1/2016 00:00:00,9.14367,9.4782,9.14367,9.34439,16180
DGC,12/2/2016 00:00:00,9.36669,9.36669,9.18828,9.25518,14646
DGC,12/5/2016 00:00:00,9.25518,9.25518,8.98756,9.25518,38821
DGC,12/6/2016 00:00:00,9.14367,9.14367,9.03217,9.14367,6400
DGC,12/7/2016 00:00:00,9.16598,9.21058,9.09907,9.09907,14200
DGC,12/8/2016 00:00:00,9.36669,9.58971,9.03217,9.05447,6325
DGC,12/9/2016 00:00:00,8.94296,9.00986,8.92066,8.96526,20800
DGC,12/12/2016 00:00:00,8.74224,8.96526,8.74224,8.83145,18802
DGC,12/13/2016 00:00:00,8.92066,8.92066,8.69764,8.89836,24600
DGC,12/14/2016 00:00:00,8.71994,9.09907,8.71994,8.89836,10900
DGC,12/15/2016 00:00:00,8.89836,9.03217,8.80915,9.03217,14299
DGC,12/16/2016 00:00:00,8.87605,8.87605,8.78685,8.87605,19524
DGC,12/19/2016 00:00:00,8.80915,9.03217,8.80915,8.96526,9920
DGC,12/20/2016 00:00:00,8.94296,8.96526,8.92066,8.96526,17100
DGC,12/21/2016 00:00:00,8.94296,8.94296,8.80915,8.92066,4600
DGC,12/22/2016 00:00:00,8.87605,8.87605,8.80915,8.85375,12700
DGC,12/23/2016 00:00:00,9.14367,9.14367,8.87605,8.96526,13754
DGC,12/26/2016 00:00:00,8.92066,8.92066,8.85375,8.85375,11633
DGC,12/27/2016 00:00:00,8.87605,8.87605,8.69764,8.74224,14744
DGC,12/28/2016 00:00:00,8.74224,8.80915,8.69764,8.80915,15362
DGC,12/29/2016 00:00:00,8.80915,8.92066,8.80915,8.92066,12100
DGC,12/30/2016 00:00:00,8.80915,9.25518,8.80915,9.25518,41200
DGC,1/3/2017 00:00:00,9.58971,9.58971,9.14367,9.25518,6000
DGC,1/4/2017 00:00:00,9.14367,9.14367,9.07677,9.07677,11679
DGC,1/5/2017 00:00:00,9.32209,9.32209,8.80915,8.80915,16654
DGC,1/6/2017 00:00:00,8.71994,8.71994,8.58613,8.58613,9700
DGC,1/9/2017 00:00:00,8.78685,8.78685,8.69764,8.74224,1900
DGC,1/10/2017 00:00:00,8.74224,8.74224,8.69764,8.74224,3600
DGC,1/11/2017 00:00:00,8.74224,8.74224,8.67534,8.67534,11250
DGC,1/12/2017 00:00:00,8.69764,8.92066,8.69764,8.80915,34249
DGC,1/13/2017 00:00:00,8.78685,9.32209,8.78685,9.16598,56436
DGC,1/16/2017 00:00:00,9.18828,9.27748,9.03217,9.16598,30000
DGC,1/17/2017 00:00:00,8.92066,9.14367,8.92066,8.94296,9200
DGC,1/18/2017 00:00:00,9.09907,9.09907,8.76455,8.76455,17700
DGC,1/19/2017 00:00:00,8.74224,8.74224,8.58613,8.69764,30030
DGC,1/20/2017 00:00:00,8.65304,8.69764,8.60843,8.65304,24000
DGC,1/23/2017 00:00:00,8.58613,8.58613,8.1847,8.20701,69687
DGC,1/24/2017 00:00:00,8.20701,8.22931,8.02859,8.20701,50010
DGC,1/25/2017 00:00:00,8.20701,8.47462,8.1401,8.47462,37602
DGC,2/2/2017 00:00:00,8.1847,8.36312,8.1401,8.36312,20550
DGC,2/3/2017 00:00:00,8.1624,8.1847,8.02859,8.02859,64522
DGC,2/6/2017 00:00:00,7.98399,7.98399,7.87248,7.87248,47200
DGC,2/7/2017 00:00:00,7.80558,7.80558,7.69407,7.76097,44238
DGC,2/8/2017 00:00:00,7.80558,7.80558,7.64946,7.76097,38400
DGC,2/9/2017 00:00:00,7.76097,7.78327,7.53796,7.60486,118250
DGC,2/10/2017 00:00:00,7.53796,7.91708,7.53796,7.91708,44098
DGC,2/13/2017 00:00:00,7.91708,8.1624,7.91708,8.1401,82202
DGC,2/14/2017 00:00:00,8.1401,8.1401,7.80558,8.02859,31117
DGC,2/15/2017 00:00:00,7.98399,8.65304,7.96169,8.49693,122045
DGC,2/16/2017 00:00:00,8.54153,8.65304,8.40772,8.47462,48745
DGC,2/17/2017 00:00:00,8.38542,8.47462,8.34081,8.34081,18590
DGC,2/20/2017 00:00:00,8.25161,8.31851,8.0732,8.20701,49639
DGC,2/21/2017 00:00:00,8.22931,8.43002,8.20701,8.31851,81236
DGC,2/22/2017 00:00:00,8.31851,8.34081,8.20701,8.29621,29651
DGC,2/23/2017 00:00:00,8.29621,8.29621,8.1401,8.1847,31599
DGC,2/24/2017 00:00:00,7.82788,8.1847,7.82788,8.02859,34101
DGC,2/27/2017 00:00:00,8.1624,8.1624,8.02859,8.02859,60512
DGC,2/28/2017 00:00:00,8.02859,8.05089,8.00629,8.00629,34041
DGC,3/1/2017 00:00:00,7.93939,7.93939,7.87248,7.93939,56469
DGC,3/2/2017 00:00:00,7.82788,8.0732,7.82788,8.0732,25330
DGC,3/3/2017 00:00:00,8.0732,8.0732,7.93939,8.05089,10780
DGC,3/6/2017 00:00:00,7.93939,8.0732,7.93939,7.98399,27853
DGC,3/7/2017 00:00:00,7.93939,8.0732,7.93939,7.93939,63079
DGC,3/8/2017 00:00:00,7.93939,8.20701,7.93939,8.0955,24755
DGC,3/9/2017 00:00:00,8.1178,8.45232,7.98399,8.38542,127360
DGC,3/10/2017 00:00:00,8.47462,8.49693,8.1401,8.25161,83169
DGC,3/13/2017 00:00:00,8.1401,8.20701,8.05089,8.20701,57040
DGC,3/14/2017 00:00:00,8.25161,8.29621,8.1401,8.1401,54360
DGC,3/15/2017 00:00:00,8.1178,8.1401,8.02859,8.02859,82523
DGC,3/16/2017 00:00:00,8.02859,8.1178,8.00629,8.0955,84500
DGC,3/17/2017 00:00:00,8.1178,8.34081,8.1178,8.27391,199400
DGC,3/20/2017 00:00:00,8.27391,8.94296,8.27391,8.92066,499495
DGC,3/21/2017 00:00:00,9.03217,9.16598,8.85375,8.87605,110119
DGC,3/22/2017 00:00:00,8.80915,8.80915,8.51923,8.51923,167185
DGC,3/23/2017 00:00:00,8.43002,8.78685,8.43002,8.69764,140254
DGC,3/24/2017 00:00:00,8.63074,8.71994,8.56383,8.63074,131130
DGC,3/27/2017 00:00:00,8.58613,8.63074,8.47462,8.47462,124581
DGC,3/28/2017 00:00:00,8.47462,8.47462,8.36312,8.36312,103360
DGC,3/29/2017 00:00:00,8.34081,8.76455,8.34081,8.43002,106514
DGC,3/30/2017 00:00:00,8.49693,8.58613,8.40772,8.47462,64547
DGC,3/31/2017 00:00:00,8.45232,8.49693,8.38542,8.47462,41000
DGC,4/3/2017 00:00:00,8.38542,8.47462,8.1401,8.1624,145343
DGC,4/4/2017 00:00:00,8.0955,8.25161,8.0732,8.22931,120734
DGC,4/5/2017 00:00:00,8.22931,8.22931,8.1178,8.1624,97550
DGC,4/7/2017 00:00:00,8.1624,8.40772,8.1401,8.36312,76589
DGC,4/10/2017 00:00:00,8.29621,8.31851,8.1624,8.1624,39220
DGC,4/11/2017 00:00:00,8.1624,8.25161,8.1178,8.25161,23630
DGC,4/12/2017 00:00:00,8.1401,8.1847,8.1178,8.1847,42912
DGC,4/13/2017 00:00:00,8.05089,8.25161,8.05089,8.1624,44980
DGC,4/14/2017 00:00:00,8.0732,8.20701,7.82788,8.1847,39829
DGC,4/17/2017 00:00:00,8.1847,8.1847,7.87248,7.91708,51630
DGC,4/18/2017 00:00:00,7.89478,7.91708,7.73867,7.91708,58800
DGC,4/19/2017 00:00:00,7.80558,8.02859,7.80558,7.91708,18600
DGC,4/20/2017 00:00:00,7.85018,7.91708,7.80558,7.89478,44370
DGC,4/21/2017 00:00:00,7.80558,7.98399,7.73867,7.78327,31900
DGC,4/24/2017 00:00:00,7.76097,7.76097,7.47105,7.58256,109430
DGC,4/25/2017 00:00:00,7.58256,7.58256,6.8243,6.8243,314380
DGC,4/26/2017 00:00:00,6.69049,7.13653,6.55668,7.00272,107974
DGC,4/27/2017 00:00:00,7.02502,7.02502,6.89121,6.93581,67810
DGC,4/28/2017 00:00:00,6.8466,6.91351,6.7797,6.802,50430
DGC,5/3/2017 00:00:00,6.71279,6.7797,6.64589,6.69049,61650
DGC,5/4/2017 00:00:00,6.69049,6.91351,6.64589,6.8466,53900
DGC,5/5/2017 00:00:00,6.8466,7.27034,6.8466,7.22573,123711
DGC,5/8/2017 00:00:00,7.51565,7.51565,7.09192,7.09192,31010
DGC,5/9/2017 00:00:00,7.09192,7.13653,7.04732,7.06962,26929
DGC,5/10/2017 00:00:00,7.06962,7.06962,6.93581,7.02502,57362
DGC,5/11/2017 00:00:00,7.00272,7.00272,6.93581,6.95811,18200
DGC,5/12/2017 00:00:00,6.95811,7.02502,6.95811,7.02502,15007
DGC,5/15/2017 00:00:00,7.02502,7.06962,6.98041,7.02502,19514
DGC,5/16/2017 00:00:00,6.95811,7.04732,6.95811,7.02502,27663
DGC,5/17/2017 00:00:00,7.02502,7.02502,6.98041,6.98041,31300
DGC,5/18/2017 00:00:00,6.98041,7.02502,6.91351,6.91351,64169
DGC,5/19/2017 00:00:00,7.00272,7.00272,6.91351,7.00272,32500
DGC,5/22/2017 00:00:00,6.98041,7.00272,6.91351,6.91351,28910
DGC,5/23/2017 00:00:00,6.91351,6.91351,6.91351,6.91351,14600
DGC,5/24/2017 00:00:00,6.93581,6.93581,6.89121,6.89121,8090
DGC,5/25/2017 00:00:00,6.91351,7.00272,6.91351,7.00272,20000
DGC,5/26/2017 00:00:00,6.98041,7.02502,6.93581,7.02502,25240
DGC,5/29/2017 00:00:00,7.02502,7.09192,7.02502,7.04732,13595
DGC,5/30/2017 00:00:00,7.09192,7.09192,6.91351,6.91351,14800
DGC,5/31/2017 00:00:00,6.93581,7.02502,6.93581,7.00272,24400
DGC,6/1/2017 00:00:00,6.98041,7.02502,6.95811,7.00272,16500
DGC,6/2/2017 00:00:00,7.00272,7.02502,6.95811,7.00272,11201
DGC,6/5/2017 00:00:00,7.00272,7.02502,6.98041,7.02502,27450
DGC,6/6/2017 00:00:00,6.98041,7.00272,6.8466,6.86891,51400
DGC,6/7/2017 00:00:00,6.89121,7.02502,6.89121,7.02502,41600
DGC,6/8/2017 00:00:00,6.91351,7.04732,6.89121,7.04732,15500
DGC,6/9/2017 00:00:00,7.02502,7.02502,6.95811,6.95811,32000
DGC,6/12/2017 00:00:00,6.95811,6.98041,6.93581,6.93581,48700
DGC,6/13/2017 00:00:00,6.93581,7.00272,6.93581,6.95811,15584
DGC,6/14/2017 00:00:00,7.02502,7.02502,6.98041,6.98041,4500
DGC,6/15/2017 00:00:00,7.02502,7.33724,7.02502,7.31494,97600
DGC,6/16/2017 00:00:00,7.42645,7.58256,7.33724,7.35954,33484
DGC,6/19/2017 00:00:00,7.24803,7.27034,7.15883,7.20343,6534
DGC,6/20/2017 00:00:00,7.20343,7.20343,6.91351,7.15883,34500
DGC,6/21/2017 00:00:00,7.00272,7.13653,6.98041,6.98041,15910
DGC,6/22/2017 00:00:00,7.02502,7.02502,6.91351,6.98041,32447
DGC,6/23/2017 00:00:00,6.95811,7.02502,6.95811,7.00272,1226
DGC,6/26/2017 00:00:00,6.95811,6.98041,6.93581,6.93581,27677
DGC,6/27/2017 00:00:00,6.93581,6.93581,6.91351,6.91351,43400
DGC,6/28/2017 00:00:00,6.93581,7.04732,6.93581,6.95811,3517
DGC,6/29/2017 00:00:00,6.95811,7.24803,6.93581,7.24803,42210
DGC,6/30/2017 00:00:00,7.24803,7.40415,7.15883,7.22573,50167
DGC,7/3/2017 00:00:00,7.18113,7.24803,7.09192,7.22573,19339
DGC,7/4/2017 00:00:00,7.11422,7.35954,7.09192,7.20343,29800
DGC,7/5/2017 00:00:00,7.13653,7.24803,7.13653,7.24803,10695
DGC,7/6/2017 00:00:00,7.24803,7.24803,7.11422,7.13653,11900
DGC,7/7/2017 00:00:00,7.11422,7.11422,6.95811,6.95811,66311
DGC,7/10/2017 00:00:00,6.98041,7.02502,6.91351,6.91351,15646
DGC,7/11/2017 00:00:00,6.93581,7.02502,6.89121,7.02502,10319
DGC,7/12/2017 00:00:00,6.95811,7.27034,6.93581,7.11422,19900
DGC,7/13/2017 00:00:00,7.02502,7.13653,7.02502,7.04732,45946
DGC,7/14/2017 00:00:00,7.04732,7.09192,7.04732,7.09192,19978
DGC,7/17/2017 00:00:00,7.04732,7.13653,7.04732,7.11422,70984
DGC,7/18/2017 00:00:00,7.09192,7.11422,7.04732,7.04732,46300
DGC,7/19/2017 00:00:00,7.04732,7.13653,7.04732,7.09192,54138
DGC,7/20/2017 00:00:00,7.06962,7.13653,7.04732,7.09192,39900
DGC,7/21/2017 00:00:00,7.04732,7.24803,7.04732,7.24803,8400
DGC,7/24/2017 00:00:00,7.24803,7.27034,7.02502,7.02502,57284
DGC,7/25/2017 00:00:00,7.24803,7.24803,6.95811,7.02502,20400
DGC,7/26/2017 00:00:00,7.22573,7.22573,7.02502,7.13653,24700
DGC,7/27/2017 00:00:00,7.11422,7.13653,7.04732,7.09192,16700
DGC,7/28/2017 00:00:00,7.09192,7.09192,7.02502,7.09192,13130
DGC,7/31/2017 00:00:00,7.22573,7.22573,7.11422,7.13653,16200
DGC,8/1/2017 00:00:00,7.09192,7.18113,7.09192,7.09192,4848
DGC,8/2/2017 00:00:00,7.11422,7.11422,7.06962,7.09192,29400
DGC,8/3/2017 00:00:00,7.09192,7.09192,7.02502,7.09192,21100
DGC,8/4/2017 00:00:00,7.13653,7.24803,7.09192,7.13653,14223
DGC,8/7/2017 00:00:00,7.24803,7.24803,7.13653,7.13653,47200
DGC,8/8/2017 00:00:00,7.13653,7.31494,7.13653,7.20343,59410
DGC,8/9/2017 00:00:00,7.31494,7.31494,7.09192,7.13653,27669
DGC,8/10/2017 00:00:00,7.24803,7.24803,7.24803,7.24803,11100
DGC,8/11/2017 00:00:00,7.13653,7.20343,7.13653,7.13653,8900
DGC,8/14/2017 00:00:00,7.13653,7.33724,6.95811,7.20343,105120
DGC,8/15/2017 00:00:00,7.24803,7.24803,7.09192,7.18113,19629
DGC,8/16/2017 00:00:00,7.18113,7.80558,7.18113,7.80558,274930
DGC,8/17/2017 00:00:00,7.87248,8.25161,7.56026,7.56026,204784
DGC,8/18/2017 00:00:00,7.58256,7.71637,7.56026,7.71637,61430
DGC,8/21/2017 00:00:00,7.56026,7.69407,7.51565,7.58256,94630
DGC,8/22/2017 00:00:00,7.58256,7.58256,7.49335,7.51565,85470
DGC,8/23/2017 00:00:00,7.51565,7.62716,7.35954,7.62716,45520
DGC,8/24/2017 00:00:00,7.58256,7.58256,7.51565,7.58256,18830
DGC,8/25/2017 00:00:00,7.58256,7.58256,7.47105,7.58256,73850
DGC,8/28/2017 00:00:00,7.60486,7.80558,7.56026,7.69407,47720
DGC,8/29/2017 00:00:00,7.58256,7.87248,7.58256,7.76097,112622
DGC,8/30/2017 00:00:00,7.76097,7.78327,7.64946,7.71637,19000
DGC,8/31/2017 00:00:00,7.73867,7.82788,7.73867,7.76097,34900
DGC,9/1/2017 00:00:00,7.76097,7.76097,7.69407,7.69407,7678
DGC,9/5/2017 00:00:00,7.69407,7.71637,7.58256,7.64946,25100
DGC,9/6/2017 00:00:00,7.58256,7.60486,7.53796,7.60486,23500
DGC,9/7/2017 00:00:00,7.62716,7.69407,7.58256,7.67177,12741
DGC,9/8/2017 00:00:00,7.62716,7.62716,7.53796,7.56026,37050
DGC,9/11/2017 00:00:00,7.56026,7.56026,7.53796,7.56026,34502
DGC,9/12/2017 00:00:00,7.51565,7.56026,7.42645,7.56026,16610
DGC,9/13/2017 00:00:00,7.56026,7.58256,7.53796,7.53796,29020
DGC,9/14/2017 00:00:00,7.56026,7.60486,7.53796,7.53796,35580
DGC,9/15/2017 00:00:00,7.53796,7.53796,7.06962,7.09192,176300
DGC,9/18/2017 00:00:00,7.13653,7.35954,7.13653,7.29264,47801
DGC,9/19/2017 00:00:00,7.40415,7.40415,7.31494,7.35954,28745
DGC,9/20/2017 00:00:00,7.35954,7.35954,6.62359,7.22573,157900
DGC,9/21/2017 00:00:00,7.22573,7.35954,7.22573,7.29264,88701
DGC,9/22/2017 00:00:00,7.35954,7.38184,7.29264,7.33724,61669
DGC,9/25/2017 00:00:00,7.33724,7.44875,7.33724,7.44875,61750
DGC,9/26/2017 00:00:00,7.44875,7.49335,7.35954,7.49335,44600
DGC,9/27/2017 00:00:00,7.49335,7.58256,7.44875,7.58256,44400
DGC,9/28/2017 00:00:00,7.49335,7.58256,7.47105,7.53796,14000
DGC,9/29/2017 00:00:00,7.49335,7.64946,7.44875,7.64946,39100
DGC,10/2/2017 00:00:00,7.58256,7.58256,7.53796,7.53796,18135
DGC,10/3/2017 00:00:00,7.53796,7.56026,7.51565,7.51565,33600
DGC,10/4/2017 00:00:00,7.53796,7.64946,7.53796,7.64946,35600
DGC,10/5/2017 00:00:00,7.62716,7.64946,7.62716,7.64946,16000
DGC,10/6/2017 00:00:00,7.64946,7.67177,7.60486,7.60486,9400
DGC,10/9/2017 00:00:00,7.60486,7.64946,7.60486,7.64946,19580
DGC,10/10/2017 00:00:00,7.62716,7.67177,7.60486,7.64946,19435
DGC,10/11/2017 00:00:00,7.64946,7.64946,7.58256,7.58256,19000
DGC,10/12/2017 00:00:00,7.58256,7.64946,7.58256,7.60486,29050
DGC,10/13/2017 00:00:00,7.64946,7.64946,7.53796,7.56026,20300
DGC,10/16/2017 00:00:00,7.56026,7.58256,7.56026,7.56026,8600
DGC,10/17/2017 00:00:00,7.47105,7.60486,7.47105,7.60486,15100
DGC,10/18/2017 00:00:00,7.58256,7.60486,7.56026,7.60486,28600
DGC,10/19/2017 00:00:00,7.69407,7.80558,7.56026,7.58256,33250
DGC,10/20/2017 00:00:00,7.58256,7.58256,7.53796,7.56026,9900
DGC,10/23/2017 00:00:00,7.49335,7.49335,7.20343,7.27034,25006
DGC,10/24/2017 00:00:00,7.35954,7.87248,7.24803,7.24803,13700
DGC,10/25/2017 00:00:00,7.31494,7.33724,7.24803,7.29264,33500
DGC,10/26/2017 00:00:00,7.24803,7.24803,7.22573,7.24803,28400
DGC,10/27/2017 00:00:00,7.24803,7.33724,7.24803,7.29264,4420
DGC,10/30/2017 00:00:00,7.35954,7.35954,7.31494,7.31494,1600
DGC,10/31/2017 00:00:00,7.29264,7.31494,7.18113,7.31494,6800
DGC,11/1/2017 00:00:00,7.24803,7.29264,7.18113,7.29264,9700
DGC,11/2/2017 00:00:00,7.18113,7.24803,7.18113,7.20343,19100
DGC,11/3/2017 00:00:00,7.29264,7.29264,7.18113,7.22573,30700
DGC,11/6/2017 00:00:00,7.24803,7.24803,7.18113,7.18113,12011
DGC,11/7/2017 00:00:00,7.13653,7.27034,7.13653,7.20343,28039
DGC,11/8/2017 00:00:00,7.20343,7.33724,7.20343,7.24803,20600
DGC,11/9/2017 00:00:00,7.31494,7.31494,7.27034,7.31494,3400
DGC,11/10/2017 00:00:00,7.31494,7.33724,7.29264,7.29264,4000
DGC,11/13/2017 00:00:00,7.27034,7.29264,7.24803,7.27034,25900
DGC,11/14/2017 00:00:00,7.22573,7.24803,7.20343,7.20343,7420
DGC,11/15/2017 00:00:00,7.09192,7.20343,7.09192,7.13653,50900
DGC,11/16/2017 00:00:00,7.13653,7.18113,7.11422,7.18113,11100
DGC,11/17/2017 00:00:00,7.13653,7.15883,7.13653,7.13653,40811
DGC,11/20/2017 00:00:00,7.13653,7.13653,7.09192,7.11422,26100
DGC,11/21/2017 00:00:00,7.09192,7.11422,6.7797,7.11422,33360
DGC,11/22/2017 00:00:00,7.18113,7.29264,7.18113,7.22573,112940
DGC,11/23/2017 00:00:00,7.20343,7.24803,7.18113,7.22573,58600
DGC,11/24/2017 00:00:00,7.20343,7.27034,7.20343,7.22573,58100
DGC,11/27/2017 00:00:00,7.22573,7.27034,7.22573,7.24803,59000
DGC,11/28/2017 00:00:00,7.24803,7.27034,7.20343,7.27034,30510
DGC,11/29/2017 00:00:00,7.24803,7.58256,7.24803,7.31494,67120
DGC,11/30/2017 00:00:00,7.35954,7.47105,7.35954,7.42645,116600
DGC,12/1/2017 00:00:00,7.42645,7.62716,7.35954,7.58256,136500
DGC,12/4/2017 00:00:00,7.60486,7.96169,7.60486,7.80558,66402
DGC,12/5/2017 00:00:00,7.71637,7.71637,7.47105,7.53796,46700
DGC,12/6/2017 00:00:00,7.53796,7.80558,7.42645,7.56026,230500
DGC,12/7/2017 00:00:00,7.60486,7.78327,7.58256,7.69407,80000
DGC,12/8/2017 00:00:00,7.69407,7.69407,7.49335,7.56026,16202
DGC,12/11/2017 00:00:00,7.47105,7.53796,7.44875,7.51565,23400
DGC,12/12/2017 00:00:00,7.47105,7.47105,6.91351,7.40415,91200
DGC,12/13/2017 00:00:00,7.40415,7.40415,7.33724,7.33724,32700
DGC,12/14/2017 00:00:00,7.29264,7.33724,7.20343,7.33724,37100
DGC,12/15/2017 00:00:00,7.35954,7.40415,7.31494,7.38184,41100
DGC,12/18/2017 00:00:00,7.38184,7.60486,7.38184,7.38184,44000
DGC,12/19/2017 00:00:00,7.35954,7.35954,7.27034,7.31494,46873
DGC,12/20/2017 00:00:00,7.29264,7.35954,7.24803,7.29264,76800
DGC,12/21/2017 00:00:00,7.35954,7.42645,7.29264,7.42645,49030
DGC,12/22/2017 00:00:00,7.42645,7.44875,7.35954,7.35954,16512
DGC,12/25/2017 00:00:00,7.35954,7.44875,7.31494,7.44875,29600
DGC,12/26/2017 00:00:00,7.47105,7.56026,7.42645,7.42645,14200
DGC,12/27/2017 00:00:00,7.38184,7.40415,7.31494,7.40415,30400
DGC,12/28/2017 00:00:00,7.35954,7.47105,7.29264,7.47105,30000
DGC,12/29/2017 00:00:00,7.33724,7.33724,7.29264,7.31494,7200
DGC,1/2/2018 00:00:00,7.47105,7.47105,7.29264,7.33724,10651
DGC,1/3/2018 00:00:00,7.35954,7.35954,7.13653,7.31494,59129
DGC,1/4/2018 00:00:00,7.29264,7.33724,7.24803,7.33724,22210
DGC,1/5/2018 00:00:00,7.35954,7.35954,7.18113,7.31494,19156
DGC,1/8/2018 00:00:00,7.35954,7.76097,7.35954,7.73867,136500
DGC,1/9/2018 00:00:00,7.73867,7.76097,7.58256,7.60486,60400
DGC,1/10/2018 00:00:00,7.62716,7.67177,7.53796,7.60486,56910
DGC,1/11/2018 00:00:00,7.62716,7.64946,7.53796,7.64946,61600
DGC,1/12/2018 00:00:00,7.67177,7.71637,7.62716,7.67177,92400
DGC,1/15/2018 00:00:00,7.67177,7.82788,7.62716,7.69407,97100
DGC,1/16/2018 00:00:00,7.67177,7.69407,7.53796,7.58256,62210
DGC,1/17/2018 00:00:00,7.67734,7.67734,7.3456,7.39299,53002
DGC,1/18/2018 00:00:00,7.29821,7.32191,6.87169,7.27452,97300
DGC,1/19/2018 00:00:00,7.22713,7.29821,7.15604,7.27452,32200
DGC,1/22/2018 00:00:00,7.27452,7.29821,7.22713,7.27452,12708
DGC,1/23/2018 00:00:00,7.27452,7.46408,7.27452,7.29821,45800
DGC,1/24/2018 00:00:00,7.3456,7.3456,7.27452,7.29821,54600
DGC,1/25/2018 00:00:00,7.29821,7.3456,7.25082,7.32191,80302
DGC,1/26/2018 00:00:00,7.29821,7.29821,7.25082,7.29821,27000
DGC,1/29/2018 00:00:00,7.32191,7.32191,7.22713,7.25082,40960
DGC,1/30/2018 00:00:00,7.25082,7.27452,7.10865,7.27452,56300
DGC,1/31/2018 00:00:00,7.22713,7.27452,7.20343,7.27452,19400
DGC,2/1/2018 00:00:00,7.25082,7.3456,7.22713,7.3456,45511
DGC,2/2/2018 00:00:00,7.3456,7.3456,7.25082,7.27452,21700
DGC,2/5/2018 00:00:00,7.25082,7.27452,7.17974,7.17974,53460
DGC,2/6/2018 00:00:00,6.65843,7.10865,6.65843,7.06126,15315
DGC,2/7/2018 00:00:00,7.06126,7.3456,7.06126,7.27452,15100
DGC,2/8/2018 00:00:00,7.17974,7.27452,7.17974,7.25082,22200
DGC,2/9/2018 00:00:00,7.13234,7.17974,7.08495,7.17974,11300
DGC,2/12/2018 00:00:00,7.17974,7.22713,7.17974,7.17974,11800
DGC,2/13/2018 00:00:00,7.13234,7.58256,6.99017,7.58256,56718
DGC,2/21/2018 00:00:00,7.55886,7.55886,7.29821,7.46408,69633
DGC,2/22/2018 00:00:00,7.48778,7.55886,7.44039,7.46408,41260
DGC,2/23/2018 00:00:00,7.46408,7.48778,7.46408,7.46408,14718
DGC,2/26/2018 00:00:00,7.55886,7.55886,7.39299,7.46408,35800
DGC,2/27/2018 00:00:00,7.39299,7.44039,7.27452,7.27452,81300
DGC,2/28/2018 00:00:00,7.27452,7.29821,7.27452,7.29821,56360
DGC,3/1/2018 00:00:00,7.3456,7.3456,7.32191,7.32191,5200
DGC,3/2/2018 00:00:00,7.3456,7.48778,7.29821,7.48778,29944
DGC,3/5/2018 00:00:00,7.62995,7.98538,7.58256,7.9143,98650
DGC,3/6/2018 00:00:00,7.93799,7.93799,7.58256,7.74843,34410
DGC,3/7/2018 00:00:00,7.74843,7.77212,7.65365,7.70104,16000
DGC,3/8/2018 00:00:00,7.72473,7.93799,7.70104,7.79582,60109
DGC,3/9/2018 00:00:00,7.79582,8.48299,7.79582,8.31712,345600
DGC,3/12/2018 00:00:00,8.4119,8.55407,8.29342,8.31712,165700
DGC,3/13/2018 00:00:00,8.19864,8.29342,8.03277,8.17495,54730
DGC,3/14/2018 00:00:00,8.17495,8.22234,7.81951,7.8906,150200
DGC,3/15/2018 00:00:00,7.9143,8.24603,7.86691,8.10386,49400
DGC,3/16/2018 00:00:00,8.12756,8.12756,7.81951,7.81951,81601
DGC,3/19/2018 00:00:00,7.81951,7.81951,7.65365,7.70104,74600
DGC,3/20/2018 00:00:00,7.70104,7.70104,7.48778,7.58256,112900
DGC,3/21/2018 00:00:00,7.58256,7.62995,7.48778,7.55886,111525
DGC,3/22/2018 00:00:00,7.55886,7.58256,7.46408,7.53517,29700
DGC,3/23/2018 00:00:00,7.46408,7.53517,7.46408,7.51147,42400
DGC,3/26/2018 00:00:00,7.46408,7.70104,7.46408,7.48778,30100
DGC,3/27/2018 00:00:00,7.48778,7.55886,7.46408,7.51147,12900
DGC,3/28/2018 00:00:00,7.51147,7.55886,7.46408,7.46408,5916
DGC,3/29/2018 00:00:00,7.46408,7.53517,7.46408,7.46408,21100
DGC,3/30/2018 00:00:00,7.44039,7.46408,7.13234,7.41669,53100
DGC,4/2/2018 00:00:00,7.3456,7.41669,7.3456,7.3456,30500
DGC,4/3/2018 00:00:00,7.32191,7.44039,7.27452,7.3456,13500
DGC,4/4/2018 00:00:00,7.29821,7.46408,7.27452,7.46408,86000
DGC,4/5/2018 00:00:00,7.29821,7.53517,7.29821,7.53517,43300
DGC,4/6/2018 00:00:00,7.53517,7.58256,7.48778,7.53517,16400
DGC,4/9/2018 00:00:00,7.46408,7.58256,7.44039,7.48778,39600
DGC,4/10/2018 00:00:00,7.48778,7.53517,7.39299,7.48778,37200
DGC,4/11/2018 00:00:00,7.48778,7.48778,7.3456,7.3456,46000
DGC,4/12/2018 00:00:00,7.3456,7.46408,7.32191,7.39299,28500
DGC,4/13/2018 00:00:00,7.41669,7.46408,7.41669,7.46408,24000
DGC,4/16/2018 00:00:00,7.39299,7.51147,7.39299,7.48778,9900
DGC,4/17/2018 00:00:00,7.46408,7.48778,7.46408,7.46408,16000
DGC,4/18/2018 00:00:00,7.48778,7.81951,7.48778,7.58256,20100
DGC,4/19/2018 00:00:00,7.58256,7.70104,7.58256,7.70104,35900
DGC,4/20/2018 00:00:00,7.70104,7.77212,7.62995,7.77212,23300
DGC,4/23/2018 00:00:00,7.67734,8.17495,7.67734,7.72473,89600
DGC,4/24/2018 00:00:00,7.60625,7.81951,7.60625,7.81951,5200
DGC,4/26/2018 00:00:00,7.81951,7.81951,7.70104,7.70104,45900
DGC,4/27/2018 00:00:00,7.62995,7.79582,7.62995,7.79582,5600
DGC,5/2/2018 00:00:00,7.60625,7.93799,7.58256,7.79582,31500
DGC,5/3/2018 00:00:00,7.65365,7.81951,7.62995,7.72473,10200
DGC,5/4/2018 00:00:00,7.70104,7.77212,7.58256,7.77212,27000
DGC,5/7/2018 00:00:00,7.70104,7.77212,7.70104,7.77212,3800
DGC,5/8/2018 00:00:00,7.70104,7.70104,7.67734,7.67734,2500
DGC,5/9/2018 00:00:00,7.67734,7.77212,7.65365,7.67734,23600
DGC,5/10/2018 00:00:00,7.58256,7.62995,7.58256,7.62995,1900
DGC,5/11/2018 00:00:00,7.67734,7.77212,7.62995,7.77212,18800
DGC,5/14/2018 00:00:00,7.70104,7.70104,7.70104,7.70104,1800
DGC,5/15/2018 00:00:00,7.65365,7.70104,7.65365,7.70104,16100
DGC,5/16/2018 00:00:00,7.62995,7.70104,7.62995,7.70104,1400
DGC,5/17/2018 00:00:00,7.58256,7.62995,7.58256,7.62995,22600
DGC,5/18/2018 00:00:00,7.65365,7.81951,7.62995,7.81951,34800
DGC,5/21/2018 00:00:00,7.60625,7.62995,7.60625,7.60625,5000
DGC,5/22/2018 00:00:00,7.60625,7.60625,7.53517,7.58256,4700
DGC,5/23/2018 00:00:00,7.51147,7.53517,7.46408,7.46408,9500
DGC,5/24/2018 00:00:00,7.46408,7.58256,7.44039,7.58256,22900
DGC,5/25/2018 00:00:00,7.55886,7.55886,7.41669,7.41669,12500
DGC,5/28/2018 00:00:00,7.3693,7.41669,7.29821,7.3693,23700
DGC,5/29/2018 00:00:00,7.3693,7.48778,7.3693,7.48778,6300
DGC,5/30/2018 00:00:00,7.39299,7.39299,7.3693,7.3693,7600
DGC,5/31/2018 00:00:00,7.3693,7.3693,7.3693,7.3693,1900
DGC,6/1/2018 00:00:00,7.46408,7.67734,7.46408,7.67734,10800
DGC,6/4/2018 00:00:00,7.67734,7.77212,7.67734,7.70104,26000
DGC,6/5/2018 00:00:00,7.51147,7.58256,7.51147,7.58256,1200
DGC,6/6/2018 00:00:00,7.48778,7.58256,7.46408,7.58256,13300
DGC,6/7/2018 00:00:00,7.3693,7.70104,7.3693,7.60625,36400
DGC,6/8/2018 00:00:00,7.67734,7.70104,7.60625,7.70104,16600
DGC,6/11/2018 00:00:00,7.3456,7.67734,7.3456,7.67734,500
DGC,6/12/2018 00:00:00,7.53517,7.60625,7.46408,7.60625,4200
DGC,6/13/2018 00:00:00,7.60625,7.62995,7.58256,7.60625,10400
DGC,6/14/2018 00:00:00,7.62995,7.67734,7.62995,7.65365,46900
DGC,6/15/2018 00:00:00,7.65365,7.77212,7.65365,7.65365,13500
DGC,6/18/2018 00:00:00,7.65365,7.70104,7.65365,7.65365,18200
DGC,6/19/2018 00:00:00,7.65365,7.65365,7.58256,7.65365,68100
DGC,6/20/2018 00:00:00,7.55886,7.65365,7.55886,7.65365,8100
DGC,6/21/2018 00:00:00,7.62995,7.62995,7.62995,7.62995,9200
DGC,6/22/2018 00:00:00,7.62995,7.65365,7.55886,7.62995,5500
DGC,6/25/2018 00:00:00,7.67734,7.70104,7.67734,7.70104,4300
DGC,6/26/2018 00:00:00,7.58256,7.65365,7.58256,7.65365,7800
DGC,6/27/2018 00:00:00,7.58256,7.65365,7.51147,7.58256,11800
DGC,6/28/2018 00:00:00,7.58256,7.65365,7.58256,7.65365,2900
DGC,6/29/2018 00:00:00,7.58256,7.58256,7.3693,7.53517,43200
DGC,7/2/2018 00:00:00,7.58256,7.58256,7.46408,7.46408,17000
DGC,7/3/2018 00:00:00,7.46408,7.46408,7.41669,7.41669,8300
DGC,7/4/2018 00:00:00,7.55886,7.55886,7.3456,7.44039,54300
DGC,7/5/2018 00:00:00,7.41669,7.41669,7.3456,7.3456,9400
DGC,7/6/2018 00:00:00,7.22713,7.46408,7.22713,7.46408,18900
DGC,7/9/2018 00:00:00,7.44039,7.46408,7.32191,7.46408,52000
DGC,7/10/2018 00:00:00,7.44039,7.44039,7.41669,7.41669,3900
DGC,7/11/2018 00:00:00,7.41669,7.41669,7.3456,7.41669,16500
DGC,7/12/2018 00:00:00,7.39299,7.41669,7.29821,7.29821,6600
DGC,7/13/2018 00:00:00,7.3456,7.41669,7.29821,7.41669,69700
DGC,7/16/2018 00:00:00,7.25082,7.44039,7.25082,7.41669,28600
DGC,7/17/2018 00:00:00,7.41669,7.44039,7.3456,7.44039,3600
DGC,7/18/2018 00:00:00,7.44039,7.55886,7.3456,7.53517,65900
DGC,7/19/2018 00:00:00,7.48778,7.53517,7.46408,7.53517,13000
DGC,7/20/2018 00:00:00,7.44039,7.81951,7.44039,7.81951,39400
DGC,7/23/2018 00:00:00,7.81951,8.53038,7.81951,8.26973,302000
DGC,7/24/2018 00:00:00,8.05647,8.15125,8.05647,8.05647,109500
DGC,7/25/2018 00:00:00,7.93799,8.17495,7.93799,8.05647,149200
DGC,7/26/2018 00:00:00,8.05647,8.08016,7.81951,8.05647,108700
DGC,7/27/2018 00:00:00,8.03277,8.12756,8.03277,8.10386,92300
DGC,7/30/2018 00:00:00,8.10386,8.15125,8.05647,8.10386,60600
DGC,7/31/2018 00:00:00,8.05647,8.4119,8.05647,8.29342,109300
DGC,8/1/2018 00:00:00,8.29342,8.74364,8.29342,8.74364,201300
DGC,8/2/2018 00:00:00,8.74364,8.74364,8.53038,8.64886,54500
DGC,8/3/2018 00:00:00,8.64886,8.67255,8.53038,8.67255,31000
DGC,8/6/2018 00:00:00,8.4356,8.74364,8.4356,8.60147,83100
DGC,8/7/2018 00:00:00,8.67255,8.9569,8.60147,8.9569,155700
DGC,8/8/2018 00:00:00,8.90951,9.12277,8.88581,9.12277,199100
DGC,8/9/2018 00:00:00,9.28864,9.4782,9.07538,9.35972,122900
DGC,8/10/2018 00:00:00,9.35972,9.4782,9.00429,9.00429,201500
DGC,8/13/2018 00:00:00,9.12277,9.35972,9.00429,9.14646,81400
DGC,8/14/2018 00:00:00,9.09907,9.17016,8.98059,9.05168,79400
DGC,8/15/2018 00:00:00,8.98059,8.98059,8.81472,8.9569,141800
DGC,8/16/2018 00:00:00,8.86212,9.00429,8.83842,9.00429,57300
DGC,8/17/2018 00:00:00,9.00429,9.05168,8.9332,9.00429,36200
DGC,8/20/2018 00:00:00,9.02798,9.35972,9.02798,9.31233,50300
DGC,8/21/2018 00:00:00,9.24124,9.26494,9.21755,9.24124,60500
DGC,8/22/2018 00:00:00,9.24124,9.24124,9.21755,9.21755,55000
DGC,8/23/2018 00:00:00,9.21755,9.21755,9.12277,9.12277,67200
DGC,8/24/2018 00:00:00,9.00429,9.14646,9.00429,9.12277,10300
DGC,8/27/2018 00:00:00,9.07538,9.24124,9.00429,9.17016,43600
DGC,8/28/2018 00:00:00,9.17016,9.24124,9.12277,9.17016,33000
DGC,8/29/2018 00:00:00,9.24124,9.92841,9.14646,9.66776,76100
DGC,8/30/2018 00:00:00,9.71515,9.90472,9.59668,9.90472,86400
DGC,8/31/2018 00:00:00,9.85733,9.90472,9.78624,9.90472,18700
DGC,9/4/2018 00:00:00,9.71515,9.90472,9.71515,9.88102,46800
DGC,9/5/2018 00:00:00,9.88102,10.0706,9.71515,9.88102,10000
DGC,9/6/2018 00:00:00,9.90472,9.92841,9.71515,9.71515,11500
DGC,9/7/2018 00:00:00,9.71515,9.80994,9.59668,9.59668,47200
DGC,9/10/2018 00:00:00,9.78624,9.92841,9.62037,9.71515,59500
DGC,9/11/2018 00:00:00,9.73885,9.78624,9.69146,9.71515,53900
DGC,9/12/2018 00:00:00,9.66776,9.83363,9.66776,9.69146,32200
DGC,9/13/2018 00:00:00,9.62037,9.73885,9.4782,9.66776,43100
DGC,9/14/2018 00:00:00,9.71515,9.83363,9.66776,9.71515,47600
DGC,9/17/2018 00:00:00,9.83363,10.1891,9.73885,10.1654,83300
DGC,9/18/2018 00:00:00,10.2128,10.2365,10.1654,10.1891,21500
DGC,9/19/2018 00:00:00,10.1891,10.426,10.1891,10.3075,26900
DGC,9/20/2018 00:00:00,10.3075,10.3075,10.0469,10.2601,35500
DGC,9/21/2018 00:00:00,10.0943,10.1891,10.0706,10.118,21700
DGC,9/24/2018 00:00:00,10.0706,10.0943,10.0232,10.0232,24500
DGC,9/25/2018 00:00:00,10.0469,10.0706,10.0232,10.0232,14900
DGC,9/26/2018 00:00:00,10.1654,10.3075,10.0706,10.3075,17200
DGC,9/27/2018 00:00:00,10.3075,10.3312,10.1891,10.3075,13300
DGC,9/28/2018 00:00:00,10.1891,10.426,10.1891,10.3312,45200
DGC,10/1/2018 00:00:00,10.3312,10.3786,10.3312,10.3786,34200
DGC,10/2/2018 00:00:00,10.2365,10.4734,10.2365,10.4734,96900
DGC,10/3/2018 00:00:00,10.5208,11.0184,10.4971,10.8999,50200
DGC,10/4/2018 00:00:00,10.8999,10.971,10.8999,10.971,35100
DGC,10/5/2018 00:00:00,11.208,11.3738,11.1369,11.208,88400
DGC,10/8/2018 00:00:00,11.208,11.4923,11.208,11.4686,54800
DGC,10/9/2018 00:00:00,11.5397,11.8004,11.4923,11.5634,158100
DGC,10/10/2018 00:00:00,11.5871,11.7056,11.3264,11.4686,59900
DGC,10/11/2018 00:00:00,11.3738,11.3738,10.8999,11.1369,127500
DGC,10/12/2018 00:00:00,11.1843,11.3738,11.1369,11.2554,93700
DGC,10/15/2018 00:00:00,11.3738,11.4923,11.3738,11.3738,88600
DGC,10/16/2018 00:00:00,11.5634,11.5634,11.3738,11.5634,118400
DGC,10/17/2018 00:00:00,11.6108,11.6345,11.3975,11.5634,39300
DGC,10/18/2018 00:00:00,11.5634,11.9662,11.3738,11.8477,236300
DGC,10/19/2018 00:00:00,11.8477,11.8714,11.516,11.8477,95000
DGC,10/22/2018 00:00:00,11.8477,11.8477,11.1843,11.1843,46100
DGC,10/23/2018 00:00:00,10.9236,11.4686,10.9236,11.3028,79800
DGC,10/24/2018 00:00:00,11.1843,11.3738,11.1369,11.1369,37900
DGC,10/25/2018 00:00:00,10.3075,11.1132,10.1891,10.3312,158700
DGC,10/26/2018 00:00:00,10.3312,10.7341,10.3075,10.3312,78900
DGC,10/29/2018 00:00:00,10.3312,10.663,10.1417,10.4497,121400
DGC,10/30/2018 00:00:00,10.4971,10.6156,10.3549,10.5208,119800
DGC,10/31/2018 00:00:00,10.5208,11.2554,10.5208,11.1606,175400
DGC,11/1/2018 00:00:00,11.1843,11.3738,11.0421,11.3738,158500
DGC,11/2/2018 00:00:00,11.7293,11.8477,11.2317,11.3738,27800
DGC,11/5/2018 00:00:00,11.4212,11.4212,11.1369,11.1843,79300
DGC,11/6/2018 00:00:00,11.208,11.3738,11.1843,11.3028,82300
DGC,11/7/2018 00:00:00,11.2791,11.3028,11.1843,11.2554,46500
DGC,11/8/2018 00:00:00,11.2791,11.3738,11.1369,11.2317,78600
DGC,11/9/2018 00:00:00,11.1369,11.1369,11.0184,11.0184,55400
DGC,11/12/2018 00:00:00,11.0184,11.0421,10.9236,11.0184,37100
DGC,11/13/2018 00:00:00,10.8999,11.1606,10.8999,11.0895,115400
DGC,11/14/2018 00:00:00,11.1132,11.1369,10.8762,11.1369,65300
DGC,11/15/2018 00:00:00,11.0421,11.1369,11.0421,11.1369,31500
DGC,11/16/2018 00:00:00,11.1132,11.1132,10.8999,10.8999,237900
DGC,11/19/2018 00:00:00,10.8288,10.8999,10.5682,10.663,161200
DGC,11/20/2018 00:00:00,10.663,10.8051,10.663,10.7341,82700
DGC,11/21/2018 00:00:00,10.5682,11.0184,10.5682,10.9236,179500
DGC,11/22/2018 00:00:00,11.1369,11.1369,10.9236,11.0184,82900
DGC,11/23/2018 00:00:00,11.0184,11.6108,11.0184,11.6108,416400
DGC,11/26/2018 00:00:00,11.6108,11.6345,11.4212,11.6108,249700
DGC,11/27/2018 00:00:00,11.6108,12.2032,11.4686,11.4686,301500
DGC,11/28/2018 00:00:00,11.6108,11.8714,11.4449,11.8714,316200
DGC,11/29/2018 00:00:00,11.8714,12.3217,11.8714,12.1084,355700
DGC,11/30/2018 00:00:00,12.0847,12.1084,11.8951,11.8951,144500
DGC,12/3/2018 00:00:00,11.8951,12.0847,11.8477,11.9662,198500
DGC,12/4/2018 00:00:00,11.9662,11.9662,11.753,11.8477,164100
DGC,12/5/2018 00:00:00,11.753,11.8477,11.3975,11.3975,274500
DGC,12/6/2018 00:00:00,11.3975,11.6108,11.2554,11.2554,306700
DGC,12/7/2018 00:00:00,11.3738,11.6345,11.3738,11.5634,212500
DGC,12/10/2018 00:00:00,11.6108,11.8477,11.4449,11.5634,106800
DGC,12/11/2018 00:00:00,11.6108,11.6108,11.3975,11.516,209700
DGC,12/12/2018 00:00:00,11.4923,11.516,11.4686,11.516,36200
DGC,12/13/2018 00:00:00,11.516,11.6108,11.4686,11.5397,32800
DGC,12/14/2018 00:00:00,11.5397,11.5634,11.4449,11.4686,60400
DGC,12/17/2018 00:00:00,11.3975,11.4686,11.3501,11.4449,101900
DGC,12/18/2018 00:00:00,11.3501,11.4449,10.9236,11.4449,69100
DGC,12/19/2018 00:00:00,11.4686,11.4686,11.1606,11.2554,41300
DGC,12/20/2018 00:00:00,11.2554,11.3501,11.2554,11.3501,12900
DGC,12/21/2018 00:00:00,11.2554,11.3501,11.1369,11.3264,63500
DGC,12/24/2018 00:00:00,11.1606,11.3501,10.8762,10.8762,199200
DGC,12/25/2018 00:00:00,10.8762,10.8762,10.426,10.5445,157800
DGC,12/26/2018 00:00:00,11.0421,11.0421,10.5919,10.5919,69600
DGC,12/27/2018 00:00:00,11.0421,11.0658,10.6156,10.6156,57600
DGC,12/28/2018 00:00:00,10.663,10.8999,10.5445,10.8999,103400
DGC,1/2/2019 00:00:00,10.7104,10.7104,10.426,10.426,247400
DGC,1/3/2019 00:00:00,10.426,10.5445,9.9758,10.0706,151300
DGC,1/4/2019 00:00:00,10.0706,10.2838,9.83363,10.2838,63200
DGC,1/7/2019 00:00:00,10.2838,10.5445,10.2128,10.2838,35800
DGC,1/8/2019 00:00:00,10.2838,10.3075,10.118,10.2601,18600
DGC,1/9/2019 00:00:00,10.2601,10.426,10.1891,10.3075,83700
DGC,1/10/2019 00:00:00,10.3075,10.5208,10.3075,10.426,178300
DGC,1/11/2019 00:00:00,10.5682,10.8288,10.5445,10.663,208900
DGC,1/14/2019 00:00:00,10.7341,10.7341,10.6393,10.6867,305800
DGC,1/15/2019 00:00:00,10.663,10.663,10.426,10.426,218500
DGC,1/16/2019 00:00:00,10.5473,10.5957,10.4018,10.4745,34200
DGC,1/17/2019 00:00:00,10.523,10.5715,10.1836,10.1836,38800
DGC,1/18/2019 00:00:00,10.1836,10.2805,10.1836,10.2078,66200
DGC,1/21/2019 00:00:00,10.2078,10.6927,10.2078,10.6685,148500
DGC,1/22/2019 00:00:00,10.5473,10.5473,10.426,10.426,70600
DGC,1/23/2019 00:00:00,10.426,10.426,10.3048,10.4018,34000
DGC,1/24/2019 00:00:00,10.1836,10.2078,10.0866,10.0866,163100
DGC,1/25/2019 00:00:00,10.4018,10.426,10.0623,10.329,54000
DGC,1/28/2019 00:00:00,10.232,10.232,9.89259,9.94109,127100
DGC,1/29/2019 00:00:00,9.86835,9.86835,9.65013,9.74712,128900
DGC,1/30/2019 00:00:00,9.81985,9.98958,9.72287,9.98958,56900
DGC,1/31/2019 00:00:00,9.94109,9.98958,9.94109,9.94109,16500
DGC,2/1/2019 00:00:00,9.94109,10.1351,9.94109,10.1351,13100
DGC,2/11/2019 00:00:00,10.1836,10.2078,10.1351,10.1351,43300
DGC,2/12/2019 00:00:00,10.1351,10.232,10.0866,10.232,87700
DGC,2/13/2019 00:00:00,10.232,10.717,10.232,10.6685,143600
DGC,2/14/2019 00:00:00,10.717,10.7655,10.4988,10.523,47900
DGC,2/15/2019 00:00:00,10.6927,10.6927,10.3775,10.3775,98600
DGC,2/18/2019 00:00:00,10.6442,10.7897,10.3048,10.3533,72000
DGC,2/19/2019 00:00:00,10.3775,10.4018,10.2805,10.3533,43300
DGC,2/20/2019 00:00:00,10.3048,10.3533,10.1836,10.3533,66700
DGC,2/21/2019 00:00:00,10.3775,10.426,10.2078,10.3048,44400
DGC,2/22/2019 00:00:00,10.2078,10.426,10.1836,10.426,57900
DGC,2/25/2019 00:00:00,10.3048,10.426,10.3048,10.426,23100
DGC,2/26/2019 00:00:00,10.426,10.7412,10.3775,10.6442,112600
DGC,2/27/2019 00:00:00,10.6927,10.6927,10.4503,10.4503,58600
DGC,2/28/2019 00:00:00,10.4745,10.5473,10.1836,10.426,43700
DGC,3/1/2019 00:00:00,10.232,10.426,10.232,10.426,53500
DGC,3/4/2019 00:00:00,10.426,10.8867,10.426,10.7655,177700
DGC,3/5/2019 00:00:00,10.7655,11.0079,10.6685,10.9594,267400
DGC,3/6/2019 00:00:00,10.9109,11.0079,10.814,10.814,111200
DGC,3/7/2019 00:00:00,10.814,10.9109,10.6685,10.717,133000
DGC,3/8/2019 00:00:00,10.717,10.9109,10.5715,10.717,96500
DGC,3/11/2019 00:00:00,10.717,10.7412,10.6685,10.717,59600
DGC,3/12/2019 00:00:00,10.9109,10.9109,10.6927,10.7412,97900
DGC,3/13/2019 00:00:00,10.7897,10.7897,10.1351,10.426,291800
DGC,3/14/2019 00:00:00,10.426,10.426,10.0866,10.2078,183500
DGC,3/15/2019 00:00:00,10.1836,10.4745,10.1351,10.3048,97200
DGC,3/18/2019 00:00:00,10.232,10.4503,10.1836,10.2078,117700
DGC,3/19/2019 00:00:00,10.2078,10.3533,10.1351,10.2805,154000
DGC,3/20/2019 00:00:00,10.2078,10.2805,10.0866,10.2563,134600
DGC,3/21/2019 00:00:00,10.2563,10.426,10.2078,10.3048,90700
DGC,3/22/2019 00:00:00,10.232,10.3533,10.2078,10.2078,87100
DGC,3/25/2019 00:00:00,10.1836,10.232,10.1108,10.1593,94400
DGC,3/26/2019 00:00:00,10.1836,10.232,10.1108,10.1593,190200
DGC,3/27/2019 00:00:00,10.1593,10.426,10.1593,10.329,130600
DGC,3/28/2019 00:00:00,10.329,10.3775,10.2805,10.3048,54800
DGC,3/29/2019 00:00:00,10.3775,10.4018,10.232,10.232,54400
DGC,4/1/2019 00:00:00,10.1836,10.2805,10.1593,10.1593,19900
DGC,4/2/2019 00:00:00,10.1836,10.329,10.1108,10.1351,77800
DGC,4/3/2019 00:00:00,10.1351,10.1351,10.0866,10.1351,25100
DGC,4/4/2019 00:00:00,10.1351,10.1351,10.0623,10.0866,39500
DGC,4/5/2019 00:00:00,10.0623,10.1108,9.98958,10.0866,77000
DGC,4/8/2019 00:00:00,10.0623,10.0866,9.69862,9.77136,94000
DGC,4/9/2019 00:00:00,9.77136,9.77136,9.45616,9.45616,135300
DGC,4/10/2019 00:00:00,9.45616,9.45616,9.21369,9.23794,144500
DGC,4/11/2019 00:00:00,9.36078,9.40992,9.31164,9.33621,116800
DGC,4/12/2019 00:00:00,9.33621,9.5819,9.33621,9.5082,41300
DGC,4/16/2019 00:00:00,9.5082,9.5082,9.31164,9.36078,73700
DGC,4/17/2019 00:00:00,9.36078,9.38535,9.31164,9.31164,77700
DGC,4/18/2019 00:00:00,9.28708,9.28708,8.7957,8.82026,214100
DGC,4/19/2019 00:00:00,8.59914,8.91854,8.59914,8.84483,118000
DGC,4/22/2019 00:00:00,8.84483,9.21337,8.84483,9.21337,153200
DGC,4/23/2019 00:00:00,9.21337,9.21337,9.09052,9.16423,13900
DGC,4/24/2019 00:00:00,9.16423,9.21337,8.99225,9.13966,78700
DGC,4/25/2019 00:00:00,9.13966,9.13966,9.01682,9.01682,39300
DGC,4/26/2019 00:00:00,8.99225,9.09052,8.94311,9.06595,30800
DGC,5/2/2019 00:00:00,9.06595,9.06595,8.77113,8.8694,214800
DGC,5/3/2019 00:00:00,8.8694,8.96768,8.84483,8.91854,28600
DGC,5/6/2019 00:00:00,8.91854,8.91854,8.77113,8.7957,201800
DGC,5/7/2019 00:00:00,8.84483,8.96768,8.84483,8.94311,80400
DGC,5/8/2019 00:00:00,9.02775,9.1688,8.80205,8.94311,56200
DGC,5/9/2019 00:00:00,8.9149,8.99953,8.88669,8.88669,29100
DGC,5/10/2019 00:00:00,8.9149,8.94311,8.88669,8.88669,32300
DGC,5/13/2019 00:00:00,8.85847,8.88669,8.6892,8.6892,106000
DGC,5/14/2019 00:00:00,8.6892,8.74563,8.46351,8.57636,170500
DGC,5/15/2019 00:00:00,8.51993,8.88669,8.51993,8.88669,100300
DGC,5/16/2019 00:00:00,8.83026,9.05596,8.83026,8.99953,78300
DGC,5/17/2019 00:00:00,8.99953,9.02775,8.88669,8.88669,69200
DGC,5/20/2019 00:00:00,8.83026,8.85847,8.80205,8.85847,29700
DGC,5/21/2019 00:00:00,8.83026,8.83026,8.66099,8.83026,106000
DGC,5/22/2019 00:00:00,8.74563,8.83026,8.6892,8.71742,65000
DGC,5/23/2019 00:00:00,8.66099,8.97132,8.66099,8.88669,72400
DGC,5/24/2019 00:00:00,8.88669,9.02775,8.63278,8.83026,59000
DGC,5/27/2019 00:00:00,8.85847,8.97132,8.83026,8.88669,105500
DGC,5/28/2019 00:00:00,8.88669,8.9149,8.74563,8.80205,86800
DGC,5/29/2019 00:00:00,8.74563,8.80205,8.66099,8.77384,82800
DGC,5/30/2019 00:00:00,8.6892,8.83026,8.66099,8.77384,61300
DGC,5/31/2019 00:00:00,8.74563,8.74563,8.57636,8.57636,80800
DGC,6/3/2019 00:00:00,8.57636,8.57636,8.40709,8.46351,80300
DGC,6/4/2019 00:00:00,8.46351,8.46351,8.40709,8.46351,38800
DGC,6/5/2019 00:00:00,8.60457,8.60457,8.46351,8.46351,28900
DGC,6/6/2019 00:00:00,8.46351,8.49172,8.40709,8.46351,20900
DGC,6/7/2019 00:00:00,8.40709,8.51993,8.40709,8.46351,34400
DGC,6/10/2019 00:00:00,8.49172,8.49172,8.4353,8.4353,68700
DGC,6/11/2019 00:00:00,8.4353,8.4353,8.18139,8.18139,105300
DGC,6/12/2019 00:00:00,8.18139,8.23782,8.04034,8.09676,69200
DGC,6/13/2019 00:00:00,8.09676,8.18139,8.09676,8.12497,57700
DGC,6/14/2019 00:00:00,8.06855,8.15318,8.04034,8.12497,17300
DGC,6/17/2019 00:00:00,8.12497,8.12497,8.04034,8.09676,39300
DGC,6/18/2019 00:00:00,8.09676,8.09676,8.01212,8.06855,29200
DGC,6/19/2019 00:00:00,8.09676,8.09676,8.01212,8.04034,31000
DGC,6/20/2019 00:00:00,8.01212,8.01212,7.70179,7.81464,267500
DGC,6/21/2019 00:00:00,7.81464,7.89928,7.41968,7.89928,211400
DGC,6/24/2019 00:00:00,7.92749,7.9557,7.78643,7.9557,120900
DGC,6/25/2019 00:00:00,7.9557,7.9557,7.87107,7.87107,64900
DGC,6/26/2019 00:00:00,7.87107,7.89928,7.81464,7.89928,51300
DGC,6/27/2019 00:00:00,7.89928,7.9557,7.89928,7.9557,77700
DGC,6/28/2019 00:00:00,7.92749,8.04034,7.89928,8.04034,73800
DGC,7/1/2019 00:00:00,8.04034,8.35066,8.04034,8.29424,127800
DGC,7/2/2019 00:00:00,8.23782,8.4353,8.20961,8.35066,68100
DGC,7/3/2019 00:00:00,8.35066,8.94311,8.35066,8.74563,199900
DGC,7/4/2019 00:00:00,8.74563,8.83026,8.60457,8.74563,97500
DGC,7/5/2019 00:00:00,8.80205,8.80205,8.57636,8.60457,139900
DGC,7/8/2019 00:00:00,8.60457,8.74563,8.54815,8.71742,71800
DGC,7/9/2019 00:00:00,8.71742,8.74563,8.63278,8.71742,50100
DGC,7/10/2019 00:00:00,8.71742,8.80205,8.6892,8.80205,103300
DGC,7/11/2019 00:00:00,8.83026,8.85847,8.77384,8.83026,100600
DGC,7/12/2019 00:00:00,8.77384,8.83026,8.6892,8.80205,137900
DGC,7/15/2019 00:00:00,8.83026,8.83026,8.63278,8.6892,83100
DGC,7/16/2019 00:00:00,8.6892,8.6892,8.46351,8.46351,109500
DGC,7/17/2019 00:00:00,8.46351,8.46351,8.18139,8.32245,129700
DGC,7/18/2019 00:00:00,8.35066,8.4353,8.18139,8.35066,67900
DGC,7/19/2019 00:00:00,8.35066,8.35066,8.23782,8.35066,110900
DGC,7/22/2019 00:00:00,8.35066,8.83026,8.35066,8.83026,365300
DGC,7/23/2019 00:00:00,8.83026,9.3945,8.77384,9.25344,405100
DGC,7/24/2019 00:00:00,9.30986,9.30986,8.94311,9.08417,219300
DGC,7/25/2019 00:00:00,8.99953,9.08417,8.94311,8.94311,128900
DGC,7/26/2019 00:00:00,8.88669,9.22523,8.80205,8.99953,350100
DGC,7/29/2019 00:00:00,9.02775,9.28165,8.97132,9.22523,247000
DGC,7/30/2019 00:00:00,9.22523,9.50734,9.02775,9.05596,307700
DGC,7/31/2019 00:00:00,9.02775,9.05596,8.9149,9.02775,140500
DGC,8/1/2019 00:00:00,9.02775,9.25344,8.71742,8.77384,323900
DGC,8/2/2019 00:00:00,8.80205,9.14059,8.60457,8.9149,205100
DGC,8/5/2019 00:00:00,8.97132,8.97132,8.85847,8.85847,288700
DGC,8/6/2019 00:00:00,8.74563,8.83026,8.60457,8.6892,325200
DGC,8/7/2019 00:00:00,8.63278,8.85847,8.63278,8.6892,100800
DGC,8/8/2019 00:00:00,8.6892,8.97132,8.51993,8.85847,359200
DGC,8/9/2019 00:00:00,8.85847,9.19701,8.6892,8.74563,825300
DGC,8/12/2019 00:00:00,8.74563,8.74563,8.37888,8.40709,760200
DGC,8/13/2019 00:00:00,8.40709,8.46351,8.29424,8.35066,165800
DGC,8/14/2019 00:00:00,8.40709,8.40709,7.78643,7.92749,683200
DGC,8/15/2019 00:00:00,7.89928,7.92749,7.64537,7.92749,246100
DGC,8/16/2019 00:00:00,7.92749,8.06855,7.84285,7.9557,321100
DGC,8/19/2019 00:00:00,7.9557,8.18139,7.9557,8.06855,151800
DGC,8/20/2019 00:00:00,8.06855,8.12497,7.9557,8.01212,142300
DGC,8/21/2019 00:00:00,7.92749,8.09676,7.92749,8.06855,151000
DGC,8/22/2019 00:00:00,8.04034,8.09676,7.92749,8.04034,113100
DGC,8/23/2019 00:00:00,7.98391,8.06855,7.92749,8.01212,91500
DGC,8/26/2019 00:00:00,8.01212,8.01212,7.89928,7.89928,85500
DGC,8/27/2019 00:00:00,7.92749,8.01212,7.89928,7.9557,72800
DGC,8/28/2019 00:00:00,7.92749,8.01212,7.84285,7.84285,75700
DGC,8/29/2019 00:00:00,7.84285,7.89928,7.84285,7.87107,117600
DGC,8/30/2019 00:00:00,7.89928,7.92749,7.84285,7.89928,60100
DGC,9/3/2019 00:00:00,7.89928,7.89928,7.78643,7.81464,82100
DGC,9/4/2019 00:00:00,7.81464,7.84285,7.61716,7.81464,144500
DGC,9/5/2019 00:00:00,7.84285,7.89928,7.81464,7.81464,52300
DGC,9/6/2019 00:00:00,7.84285,7.84285,7.75822,7.81464,60600
DGC,9/9/2019 00:00:00,7.81464,7.81464,7.73001,7.73001,31300
DGC,9/10/2019 00:00:00,7.73001,7.75822,7.64537,7.67358,83300
DGC,9/11/2019 00:00:00,7.67358,7.70179,7.4761,7.58895,90300
DGC,9/12/2019 00:00:00,7.61716,7.61716,7.16577,7.25041,280800
DGC,9/13/2019 00:00:00,7.27862,7.61716,7.27862,7.56074,124500
DGC,9/16/2019 00:00:00,7.58895,7.58895,7.39147,7.4761,56400
DGC,9/17/2019 00:00:00,7.4761,7.61716,7.41968,7.56074,70300
DGC,9/18/2019 00:00:00,7.56074,7.78643,7.56074,7.61716,94500
DGC,9/19/2019 00:00:00,7.61716,7.84285,7.61716,7.84285,159500
DGC,9/20/2019 00:00:00,7.89928,7.89928,7.67358,7.73001,51900
DGC,9/23/2019 00:00:00,7.64537,7.67358,7.56074,7.56074,52600
DGC,9/24/2019 00:00:00,7.61716,7.70179,7.50431,7.58895,102400
DGC,9/25/2019 00:00:00,7.61716,7.61716,7.44789,7.4761,68400
DGC,9/26/2019 00:00:00,7.56074,7.56074,7.44789,7.44789,75000
DGC,9/27/2019 00:00:00,7.4761,7.58895,7.33504,7.58895,119900
DGC,9/30/2019 00:00:00,7.58895,7.58895,7.4761,7.53252,56800
DGC,10/1/2019 00:00:00,7.50431,7.61716,7.4761,7.50431,53000
DGC,10/2/2019 00:00:00,7.4761,7.4761,7.33504,7.4761,106500
DGC,10/3/2019 00:00:00,7.44789,7.53252,7.33504,7.53252,58900
DGC,10/4/2019 00:00:00,7.56074,7.75822,7.4761,7.70179,127400
DGC,10/7/2019 00:00:00,7.73001,7.73001,7.56074,7.56074,58500
DGC,10/8/2019 00:00:00,7.56074,7.56074,7.33504,7.50431,48200
DGC,10/9/2019 00:00:00,7.44789,7.58895,7.33504,7.39147,87500
DGC,10/10/2019 00:00:00,7.39147,7.53252,7.33504,7.39147,52800
DGC,10/11/2019 00:00:00,7.39147,7.41968,7.33504,7.39147,27200
DGC,10/14/2019 00:00:00,7.44789,7.44789,7.27862,7.27862,75100
DGC,10/15/2019 00:00:00,7.30683,7.33504,7.27862,7.33504,55000
DGC,10/16/2019 00:00:00,7.33504,7.36325,7.30683,7.36325,53200
DGC,10/17/2019 00:00:00,7.33504,7.41968,7.33504,7.36325,73700
DGC,10/18/2019 00:00:00,7.36325,7.39147,7.33504,7.39147,58400
DGC,10/21/2019 00:00:00,7.33504,7.33504,7.13756,7.25041,118500
DGC,10/22/2019 00:00:00,7.25041,7.33504,7.25041,7.30683,54300
DGC,10/23/2019 00:00:00,7.33504,7.33504,7.27862,7.33504,62500
DGC,10/24/2019 00:00:00,7.33504,7.33504,7.13756,7.30683,175100
DGC,10/25/2019 00:00:00,7.27862,7.33504,7.27862,7.30683,63700
DGC,10/28/2019 00:00:00,7.33504,7.36325,7.30683,7.33504,49600
DGC,10/29/2019 00:00:00,7.33504,7.36325,7.30683,7.33504,80200
DGC,10/30/2019 00:00:00,7.33504,7.33504,7.25041,7.33504,37500
DGC,10/31/2019 00:00:00,7.27862,7.27862,7.25041,7.25041,33400
DGC,11/1/2019 00:00:00,7.27862,7.36325,7.19398,7.33504,119200
DGC,11/4/2019 00:00:00,7.33504,7.33504,7.2222,7.30683,216600
DGC,11/5/2019 00:00:00,7.27862,7.30683,7.25041,7.27862,33400
DGC,11/6/2019 00:00:00,7.27862,7.36325,7.27862,7.30683,75600
DGC,11/7/2019 00:00:00,7.30683,7.84285,7.30683,7.67358,198400
DGC,11/8/2019 00:00:00,7.67358,7.67358,7.56074,7.64537,71300
DGC,11/11/2019 00:00:00,7.70179,7.70179,7.56074,7.56074,73600
DGC,11/12/2019 00:00:00,7.53252,7.64537,7.53252,7.56074,41200
DGC,11/13/2019 00:00:00,7.56074,7.61716,7.56074,7.58895,31500
DGC,11/14/2019 00:00:00,7.58895,7.61716,7.56074,7.61716,80200
DGC,11/15/2019 00:00:00,7.61716,7.64537,7.61716,7.61716,29800
DGC,11/18/2019 00:00:00,7.61716,7.61716,7.4761,7.4761,64200
DGC,11/19/2019 00:00:00,7.4761,7.50431,7.44789,7.4761,42700
DGC,11/20/2019 00:00:00,7.50431,7.58895,7.4761,7.58895,27900
DGC,11/21/2019 00:00:00,7.50431,7.64537,7.50431,7.61716,86300
DGC,11/22/2019 00:00:00,7.58895,7.61716,7.53252,7.53252,76900
DGC,11/25/2019 00:00:00,7.56074,7.61716,7.50431,7.50431,31300
DGC,11/26/2019 00:00:00,7.50431,7.58895,7.44789,7.50431,79800
DGC,11/27/2019 00:00:00,7.50431,7.70179,7.50431,7.64537,115300
DGC,11/28/2019 00:00:00,7.64537,7.67358,7.58895,7.61716,104800
DGC,11/29/2019 00:00:00,7.61716,7.64537,7.58895,7.58895,38600
DGC,12/2/2019 00:00:00,7.50431,7.58895,7.4761,7.4761,83200
DGC,12/3/2019 00:00:00,7.4761,7.58895,7.41968,7.58895,77100
DGC,12/4/2019 00:00:00,7.50431,7.61716,7.44789,7.61716,66400
DGC,12/5/2019 00:00:00,7.61716,7.67358,7.58895,7.61716,33000
DGC,12/6/2019 00:00:00,7.67358,8.37888,7.67358,8.37888,837900
DGC,12/9/2019 00:00:00,8.37888,8.88669,8.04034,8.06855,410200
DGC,12/10/2019 00:00:00,8.12497,8.29424,8.06855,8.15318,131400
DGC,12/11/2019 00:00:00,8.12497,8.26603,7.9557,8.12497,221600
DGC,12/12/2019 00:00:00,8.12497,8.23782,7.89928,7.89928,240300
DGC,12/13/2019 00:00:00,7.89928,8.04034,7.75822,7.81464,167700
DGC,12/16/2019 00:00:00,7.81464,7.98391,7.75822,7.89928,185200
DGC,12/17/2019 00:00:00,7.87107,7.89928,7.81464,7.87107,55200
DGC,12/18/2019 00:00:00,7.89928,7.89928,7.58895,7.64537,230300
DGC,12/19/2019 00:00:00,7.67358,7.67358,7.53252,7.67358,76200
DGC,12/20/2019 00:00:00,7.84931,7.84931,7.55643,7.55643,56700
DGC,12/23/2019 00:00:00,7.61501,7.61501,7.46856,7.46856,80500
DGC,12/24/2019 00:00:00,7.64429,7.64429,7.32212,7.35141,124500
DGC,12/25/2019 00:00:00,7.3807,7.40999,7.32212,7.35141,51200
DGC,12/26/2019 00:00:00,7.3807,7.52714,7.32212,7.32212,99300
DGC,12/27/2019 00:00:00,7.32212,7.46856,7.29283,7.29283,69000
DGC,12/30/2019 00:00:00,7.29283,7.32212,6.88279,7.14639,130100
DGC,12/31/2019 00:00:00,7.14639,7.23426,7.14639,7.14639,62400
DGC,1/2/2020 00:00:00,7.14639,7.23426,7.1171,7.23426,92700
DGC,1/3/2020 00:00:00,7.23426,7.23426,7.08781,7.1171,68200
DGC,1/6/2020 00:00:00,7.1171,7.1171,6.97066,6.97066,58800
DGC,1/7/2020 00:00:00,6.97066,7.14639,6.97066,7.1171,36500
DGC,1/8/2020 00:00:00,7.1171,7.14639,6.76564,6.76564,71100
DGC,1/9/2020 00:00:00,6.76564,7.08781,6.70706,7.02924,73300
DGC,1/10/2020 00:00:00,7.05853,7.14639,7.02924,7.02924,47000
DGC,1/13/2020 00:00:00,6.99995,7.05853,6.99995,7.05853,72200
DGC,1/14/2020 00:00:00,7.08781,7.23426,7.08781,7.20497,32600
DGC,1/15/2020 00:00:00,7.20497,7.20497,7.14639,7.20497,27800
DGC,1/16/2020 00:00:00,7.20497,7.20497,7.14639,7.17568,24600
DGC,1/17/2020 00:00:00,7.17568,7.23426,7.17568,7.23426,29200
DGC,1/20/2020 00:00:00,7.26354,7.32212,7.23426,7.26354,38100
DGC,1/21/2020 00:00:00,7.23426,7.32212,7.23426,7.26354,47300
DGC,1/22/2020 00:00:00,7.29283,7.3807,7.29283,7.3807,15200
DGC,1/30/2020 00:00:00,7.40999,7.52714,7.3807,7.49785,113800
DGC,1/31/2020 00:00:00,7.46856,7.46856,7.20497,7.20497,223000
DGC,2/3/2020 00:00:00,7.17568,7.17568,6.88279,6.99995,133400
DGC,2/4/2020 00:00:00,7.20497,7.23426,6.99995,7.05853,69200
DGC,2/5/2020 00:00:00,7.08781,7.17568,7.05853,7.08781,18400
DGC,2/6/2020 00:00:00,7.17568,7.17568,7.05853,7.08781,50900
DGC,2/7/2020 00:00:00,7.08781,7.1171,7.08781,7.1171,58400
DGC,2/10/2020 00:00:00,7.1171,7.14639,7.08781,7.1171,34700
DGC,2/11/2020 00:00:00,7.14639,7.17568,7.1171,7.1171,29600
DGC,2/12/2020 00:00:00,7.08781,7.29283,7.08781,7.26354,56200
DGC,2/13/2020 00:00:00,7.26354,7.26354,7.20497,7.20497,51000
DGC,2/14/2020 00:00:00,7.20497,7.20497,7.14639,7.17568,59700
DGC,2/17/2020 00:00:00,7.17568,7.17568,7.14639,7.14639,99800
DGC,2/18/2020 00:00:00,7.17568,7.32212,7.17568,7.32212,69800
DGC,2/19/2020 00:00:00,7.26354,7.26354,7.23426,7.26354,40600
DGC,2/20/2020 00:00:00,7.26354,7.29283,7.23426,7.23426,163200
DGC,2/21/2020 00:00:00,7.26354,7.35141,7.17568,7.20497,306200
DGC,2/24/2020 00:00:00,7.17568,7.20497,6.97066,7.02924,322400
DGC,2/25/2020 00:00:00,6.94137,7.23426,6.88279,7.20497,419600
DGC,2/26/2020 00:00:00,7.20497,7.20497,7.1171,7.14639,32800
DGC,2/27/2020 00:00:00,7.14639,7.17568,7.1171,7.1171,31000
DGC,2/28/2020 00:00:00,7.1171,7.14639,7.08781,7.14639,71300
DGC,3/2/2020 00:00:00,7.1171,7.20497,7.1171,7.1171,37100
DGC,3/3/2020 00:00:00,7.14639,7.14639,7.1171,7.1171,19800
DGC,3/4/2020 00:00:00,7.08781,7.17568,7.05853,7.1171,68000
DGC,3/5/2020 00:00:00,7.1171,7.17568,7.1171,7.14639,62000
DGC,3/6/2020 00:00:00,7.14639,7.23426,7.08781,7.14639,50400
DGC,3/9/2020 00:00:00,7.14639,7.14639,6.64849,6.64849,335000
DGC,3/10/2020 00:00:00,6.64849,6.91208,6.64849,6.79493,144900
DGC,3/11/2020 00:00:00,6.88279,6.99995,6.67777,6.70706,262300
DGC,3/12/2020 00:00:00,6.70706,6.70706,6.38489,6.56062,342400
DGC,3/13/2020 00:00:00,6.15058,6.73635,6.15058,6.6192,335100
DGC,3/16/2020 00:00:00,6.6192,7.02924,6.58991,6.67777,61600
DGC,3/17/2020 00:00:00,6.67777,6.67777,6.50204,6.58991,260500
DGC,3/18/2020 00:00:00,6.64849,6.73635,6.58991,6.67777,135700
DGC,3/19/2020 00:00:00,6.50204,6.64849,6.41418,6.58991,86500
DGC,3/20/2020 00:00:00,6.56062,6.58991,6.53133,6.53133,53400
DGC,3/23/2020 00:00:00,6.44347,6.53133,6.29702,6.29702,239200
DGC,3/24/2020 00:00:00,6.29702,6.56062,6.29702,6.29702,30300
DGC,3/25/2020 00:00:00,6.32631,6.32631,6.092,6.26774,129300
DGC,3/26/2020 00:00:00,6.58991,6.58991,6.06272,6.15058,78900
DGC,3/27/2020 00:00:00,6.15058,6.23845,5.91627,6.15058,109500
DGC,3/30/2020 00:00:00,6.15058,6.67777,5.76983,5.91627,63700
DGC,3/31/2020 00:00:00,6.12129,6.12129,5.38908,5.68197,73600
DGC,4/1/2020 00:00:00,5.68197,5.82841,5.41837,5.82841,36100
DGC,4/3/2020 00:00:00,5.8577,6.12129,5.71125,5.82841,250600
DGC,4/6/2020 00:00:00,5.82841,6.26774,5.82841,6.26774,91900
DGC,4/7/2020 00:00:00,6.29702,6.3556,6.20916,6.29702,118200
DGC,4/8/2020 00:00:00,6.26774,6.29702,6.15058,6.23845,77900
DGC,4/9/2020 00:00:00,6.29702,6.73635,6.26774,6.58991,151000
DGC,4/10/2020 00:00:00,6.58991,6.67777,6.44347,6.53133,90100
DGC,4/13/2020 00:00:00,6.50204,6.73635,6.50204,6.67777,169200
DGC,4/14/2020 00:00:00,6.67777,6.67777,6.6192,6.64849,36400
DGC,4/15/2020 00:00:00,6.64849,6.70706,6.6192,6.6192,64000
DGC,4/16/2020 00:00:00,6.6192,6.85351,6.53133,6.85351,150100
DGC,4/17/2020 00:00:00,6.88279,7.23426,6.85351,7.14639,250500
DGC,4/20/2020 00:00:00,7.20497,7.84931,7.14639,7.49785,759700
DGC,4/21/2020 00:00:00,7.49785,7.58572,7.26354,7.43928,336700
DGC,4/22/2020 00:00:00,7.43928,7.46856,7.1171,7.46856,103400
DGC,4/23/2020 00:00:00,7.49785,7.76145,7.49785,7.58572,228400
DGC,4/24/2020 00:00:00,7.58572,8.05433,7.40999,7.90789,477100
DGC,4/27/2020 00:00:00,7.90789,8.02504,7.82003,7.8786,72200
DGC,4/28/2020 00:00:00,7.90789,7.90789,7.70287,7.79074,126700
DGC,4/29/2020 00:00:00,7.73216,7.90789,7.61501,7.82003,138900
DGC,5/4/2020 00:00:00,7.82003,8.11291,7.82003,8.08362,247500
DGC,5/5/2020 00:00:00,7.82003,8.4058,7.82003,8.4058,350200
DGC,5/6/2020 00:00:00,8.4058,8.55224,8.31793,8.55224,181300
DGC,5/7/2020 00:00:00,8.55224,8.55224,8.43508,8.46437,148300
DGC,5/8/2020 00:00:00,8.4058,8.46437,8.31793,8.37651,112100
DGC,5/11/2020 00:00:00,8.37651,8.6401,8.23006,8.49366,142900
DGC,5/12/2020 00:00:00,8.52295,8.66939,8.49366,8.58153,92000
DGC,5/13/2020 00:00:00,8.55224,8.93299,8.55224,8.9037,261900
DGC,5/14/2020 00:00:00,8.78655,9.63591,8.78655,9.34303,207800
DGC,5/15/2020 00:00:00,9.31374,9.37232,9.13801,9.13801,127100
DGC,5/18/2020 00:00:00,9.13801,9.31374,9.07943,9.31374,175700
DGC,5/19/2020 00:00:00,9.37232,9.48947,9.25516,9.28445,212900
DGC,5/20/2020 00:00:00,9.28445,9.46018,9.22587,9.46018,106400
DGC,5/21/2020 00:00:00,9.37232,9.51876,9.34303,9.46018,185400
DGC,5/22/2020 00:00:00,9.46018,9.60662,9.4016,9.54805,174900
DGC,5/25/2020 00:00:00,9.57733,9.69449,8.6401,9.6652,183100
DGC,5/26/2020 00:00:00,9.6652,9.81164,9.60662,9.81164,176600
DGC,5/27/2020 00:00:00,9.87022,10.7782,9.87022,10.3974,450200
DGC,5/28/2020 00:00:00,10.4267,10.8953,10.4267,10.7782,263300
DGC,5/29/2020 00:00:00,10.8367,10.866,10.6903,10.7782,141700
DGC,6/1/2020 00:00:00,10.7196,11.5104,10.7196,11.4811,537600
DGC,6/2/2020 00:00:00,11.569,11.8911,11.3054,11.3932,272000
DGC,6/3/2020 00:00:00,11.4225,11.4225,10.9832,11.1882,162400
DGC,6/4/2020 00:00:00,11.2175,11.7447,11.1296,11.7154,599100
DGC,6/5/2020 00:00:00,11.8325,12.2719,11.7154,12.1547,737400
DGC,6/8/2020 00:00:00,12.1547,12.3012,12.0669,12.184,404100
DGC,6/9/2020 00:00:00,12.1547,12.1547,11.7154,11.979,270400
DGC,6/10/2020 00:00:00,11.8033,11.8618,11.5397,11.7154,538400
DGC,6/11/2020 00:00:00,11.4811,11.4811,10.6903,10.7782,1.4107e+006
DGC,6/12/2020 00:00:00,10.5439,11.2761,10.251,11.2761,309700
DGC,6/15/2020 00:00:00,11.3639,11.4811,11.1296,11.2761,221600
DGC,6/16/2020 00:00:00,11.1296,11.3346,11.1296,11.3054,94300
DGC,6/17/2020 00:00:00,11.3054,11.3054,11.1589,11.1882,85400
DGC,6/18/2020 00:00:00,11.2175,11.2175,11.0418,11.1296,133700
DGC,6/19/2020 00:00:00,11.1296,11.7154,11.1296,11.5104,182000
DGC,6/22/2020 00:00:00,11.5104,11.5104,11.3639,11.3639,168400
DGC,6/23/2020 00:00:00,11.4225,11.4225,11.3054,11.3639,46300
DGC,6/24/2020 00:00:00,11.3932,11.4811,11.2175,11.2468,126200
DGC,6/25/2020 00:00:00,11.2175,11.3346,11.1296,11.2468,95400
DGC,6/26/2020 00:00:00,11.2468,11.979,11.2468,11.5982,498900
DGC,6/29/2020 00:00:00,11.5397,11.5397,11.2761,11.3639,181100
DGC,6/30/2020 00:00:00,11.3639,11.569,11.1882,11.569,225500
DGC,7/1/2020 00:00:00,11.3639,11.7154,11.3346,11.6568,200500
DGC,7/2/2020 00:00:00,11.6568,11.6568,11.5397,11.569,81100
DGC,7/3/2020 00:00:00,11.6275,12.0961,11.6275,11.9497,881700
DGC,7/6/2020 00:00:00,11.8618,12.0376,11.7154,11.9497,169800
DGC,7/7/2020 00:00:00,11.9497,12.0083,11.8033,11.8033,149900
DGC,7/8/2020 00:00:00,11.7154,12.0083,11.3639,11.8033,476300
DGC,7/9/2020 00:00:00,11.7154,11.774,11.4225,11.7447,165900
DGC,7/10/2020 00:00:00,11.7447,11.8033,11.569,11.6861,160800
DGC,7/13/2020 00:00:00,11.6861,11.9497,11.569,11.774,225800
DGC,7/14/2020 00:00:00,11.7154,11.8033,11.5982,11.6861,124100
DGC,7/15/2020 00:00:00,11.7154,11.774,11.569,11.6568,260100
DGC,7/16/2020 00:00:00,11.8033,12.2426,11.7154,11.8325,779000
DGC,7/17/2020 00:00:00,11.8618,11.979,11.774,11.8325,539400
DGC,7/28/2020 00:00:00,11.0418,11.1296,10.5439,11.0125,485410
DGC,7/29/2020 00:00:00,10.8953,10.8953,10.251,10.251,731630
DGC,7/30/2020 00:00:00,10.251,10.4267,10.0459,10.1338,368450
DGC,7/31/2020 00:00:00,10.1045,10.5439,9.81164,10.1924,643970
DGC,8/3/2020 00:00:00,10.251,10.8367,10.251,10.8367,380170
DGC,8/4/2020 00:00:00,11.115,11.2175,10.8953,10.9832,380200
DGC,8/5/2020 00:00:00,10.9832,11.1003,10.866,11.071,317210
DGC,8/6/2020 00:00:00,10.9832,11.1296,10.9539,11.0125,537190
DGC,8/7/2020 00:00:00,11.0258,11.5037,11.0258,11.1965,527370
DGC,8/10/2020 00:00:00,11.4355,11.4355,11.1624,11.1965,302990
DGC,8/11/2020 00:00:00,11.2648,11.2989,11.1112,11.1794,326110
DGC,8/12/2020 00:00:00,11.1282,11.1282,10.8551,10.9576,665380
DGC,8/13/2020 00:00:00,11.077,11.077,10.8893,10.9917,221570
DGC,8/14/2020 00:00:00,10.9917,11.1965,10.9576,11.1282,256780
DGC,8/17/2020 00:00:00,11.0941,11.0941,10.9405,11.0258,177770
DGC,8/18/2020 00:00:00,11.0258,11.0941,10.9746,10.9746,109400
DGC,8/19/2020 00:00:00,10.9746,11.5891,10.8722,11.4184,626730
DGC,8/20/2020 00:00:00,11.5379,11.6744,11.4355,11.4525,767220
DGC,8/21/2020 00:00:00,11.5379,11.5891,11.4696,11.5379,282930
DGC,8/24/2020 00:00:00,11.6061,12.3401,11.6061,12.3401,4.7819e+006
DGC,8/25/2020 00:00:00,13.1934,13.1934,13.1081,13.1934,1.81188e+006
DGC,8/26/2020 00:00:00,13.9956,13.9956,13.3471,13.4836,2.09606e+006
DGC,8/27/2020 00:00:00,13.3471,13.5007,12.9716,13.3471,2.24347e+006
DGC,8/28/2020 00:00:00,13.4836,13.825,13.4153,13.4836,1.44919e+006
DGC,8/31/2020 00:00:00,13.4836,13.7567,13.0398,13.2959,1.30382e+006
DGC,9/1/2020 00:00:00,13.1593,13.2959,13.0569,13.2105,833310
DGC,9/3/2020 00:00:00,13.3129,13.586,13.1764,13.5689,1.65368e+006
DGC,9/4/2020 00:00:00,13.3812,13.5007,13.2446,13.4665,951570
DGC,9/7/2020 00:00:00,13.4836,13.9615,13.4836,13.6543,2.56286e+006
DGC,9/8/2020 00:00:00,13.6543,13.7908,13.5177,13.7908,886790
DGC,9/9/2020 00:00:00,13.5177,14.2687,13.5177,14.0639,1.01229e+006
DGC,9/10/2020 00:00:00,14.1663,14.2004,13.7738,13.825,1.20366e+006
DGC,9/11/2020 00:00:00,13.7567,13.9615,13.6543,13.9274,707090
DGC,9/14/2020 00:00:00,13.9274,14.2004,13.7908,14.081,1.2958e+006
DGC,9/15/2020 00:00:00,14.081,14.1492,13.8762,13.8762,936610
DGC,9/16/2020 00:00:00,13.825,13.9274,13.7225,13.8591,671980
DGC,9/17/2020 00:00:00,13.8591,13.9274,13.6543,13.7567,836830
DGC,9/18/2020 00:00:00,13.7055,13.8932,13.7055,13.8762,566520
DGC,9/21/2020 00:00:00,13.9615,14.098,13.7567,13.7567,847720
DGC,9/22/2020 00:00:00,13.7396,13.825,13.6713,13.7738,800830
DGC,9/23/2020 00:00:00,13.7908,13.8079,13.7055,13.7055,584920
DGC,9/24/2020 00:00:00,13.6543,14.098,13.5519,13.8591,998540
DGC,9/25/2020 00:00:00,13.842,14.6101,13.842,14.6101,2.92919e+006
DGC,9/28/2020 00:00:00,14.6101,14.9685,14.6101,14.6783,745060
DGC,9/29/2020 00:00:00,14.6783,14.8661,14.4053,14.4394,1.04236e+006
DGC,9/30/2020 00:00:00,14.337,14.5418,14.1322,14.5418,1.3649e+006
DGC,10/1/2020 00:00:00,14.6101,14.6783,14.2004,14.337,985160
DGC,10/2/2020 00:00:00,14.337,14.6442,14.1663,14.3711,1.31943e+006
DGC,10/5/2020 00:00:00,14.4735,14.6101,14.4223,14.5077,680490
DGC,10/6/2020 00:00:00,14.6783,14.6783,14.4565,14.5077,638820
DGC,10/7/2020 00:00:00,14.5077,14.6442,14.4565,14.4735,936050
DGC,10/8/2020 00:00:00,14.4735,14.5759,14.3882,14.4394,740720
DGC,10/9/2020 00:00:00,14.5418,14.9514,14.4223,14.8149,1.05779e+006
DGC,10/12/2020 00:00:00,14.849,14.9685,14.4394,14.4394,1.01548e+006
DGC,10/13/2020 00:00:00,14.4565,14.5759,14.337,14.4053,717840
DGC,10/14/2020 00:00:00,14.6613,14.6613,14.4394,14.5077,425440
DGC,10/15/2020 00:00:00,14.5418,14.5759,14.3541,14.3711,613250
DGC,10/16/2020 00:00:00,14.3711,14.3711,14.1322,14.1834,982050
DGC,10/19/2020 00:00:00,14.2004,14.6783,14.2004,14.337,635200
DGC,10/20/2020 00:00:00,14.3711,14.3711,14.0298,14.081,659390
DGC,10/21/2020 00:00:00,14.1663,14.1663,13.8762,13.8762,537260
DGC,10/22/2020 00:00:00,13.8932,14.098,13.825,14.0298,407290
DGC,10/23/2020 00:00:00,14.1663,14.337,14.0639,14.3029,524820
DGC,10/26/2020 00:00:00,14.5759,14.5759,14.2346,14.2346,485790
DGC,10/27/2020 00:00:00,14.2346,14.337,14.0639,14.098,493420
DGC,10/28/2020 00:00:00,14.0298,14.098,13.7567,13.8079,628960
DGC,10/29/2020 00:00:00,13.6543,13.9956,13.6543,13.8079,368550
DGC,10/30/2020 00:00:00,13.8079,13.9274,13.7396,13.7908,254560
DGC,11/2/2020 00:00:00,13.825,14.6783,13.825,14.0468,323510
DGC,11/3/2020 00:00:00,14.0468,14.3199,14.0468,14.2346,314410
DGC,11/4/2020 00:00:00,14.337,14.337,14.1663,14.2687,273180
DGC,11/5/2020 00:00:00,14.2687,14.6613,14.2687,14.4223,804410
DGC,11/6/2020 00:00:00,14.4223,14.593,14.3541,14.4735,340480
DGC,11/9/2020 00:00:00,14.6101,15.4805,14.6101,15.4805,3.90423e+006
DGC,11/10/2020 00:00:00,15.8731,15.9584,15.4635,15.4976,952870
DGC,11/11/2020 00:00:00,15.5659,16.0608,15.4976,15.8219,814910
DGC,11/12/2020 00:00:00,15.7707,16.0438,15.6,15.9755,1.32971e+006
DGC,11/13/2020 00:00:00,15.9755,16.2827,15.8731,15.9414,967450
DGC,11/16/2020 00:00:00,15.9072,16.0096,15.3611,15.5317,1.37503e+006
DGC,11/17/2020 00:00:00,15.6341,15.8731,15.5317,15.8731,703880
DGC,11/18/2020 00:00:00,15.8219,16.2486,15.8048,16.0438,920170
DGC,11/19/2020 00:00:00,16.0438,16.112,15.9072,16.0438,770510
DGC,11/20/2020 00:00:00,15.9755,16.7265,15.9584,16.4875,1.39113e+006
DGC,11/23/2020 00:00:00,16.4875,16.6924,16.3169,16.4022,828210
DGC,11/24/2020 00:00:00,16.4193,16.5387,16.1291,16.2145,1.1354e+006
DGC,11/25/2020 00:00:00,16.3681,16.3681,15.8731,15.9072,1.19679e+006
DGC,11/26/2020 00:00:00,15.8048,16.2145,15.7366,15.9414,665300
DGC,11/27/2020 00:00:00,15.9755,16.1291,15.9584,16.095,571910
DGC,11/30/2020 00:00:00,16.0779,16.1974,16.0608,16.0608,484420
DGC,12/1/2020 00:00:00,15.8048,16.2145,15.8048,16.2145,575640
DGC,12/2/2020 00:00:00,16.4534,16.8972,16.2827,16.7265,2.05002e+006
DGC,12/3/2020 00:00:00,16.8972,16.8972,16.6582,16.7265,250940
DGC,12/4/2020 00:00:00,16.6241,16.7094,16.5558,16.607,450660
DGC,12/7/2020 00:00:00,16.607,16.6411,16.4534,16.5899,736370
DGC,12/8/2020 00:00:00,16.6753,16.9313,16.5899,16.8801,1.13055e+006
DGC,12/9/2020 00:00:00,16.8801,17.102,16.7948,16.8801,672730
DGC,12/10/2020 00:00:00,16.8801,16.9313,16.6241,16.6241,880830
DGC,12/11/2020 00:00:00,16.6241,16.8972,16.5217,16.7265,800160
DGC,12/14/2020 00:00:00,17.0082,17.0434,16.8321,16.9202,633360
DGC,12/15/2020 00:00:00,16.9202,17.2195,16.8145,16.9202,574200
DGC,12/16/2020 00:00:00,16.9554,17.2195,16.9202,17.061,583840
DGC,12/17/2020 00:00:00,16.8145,17.0434,16.7793,16.9026,640490
DGC,12/18/2020 00:00:00,16.9026,17.0082,16.8497,16.8849,525560
DGC,12/21/2020 00:00:00,17.0434,17.0786,16.8321,16.8321,575840
DGC,12/22/2020 00:00:00,16.8321,16.9026,16.6032,16.8849,811850
DGC,12/23/2020 00:00:00,16.9026,17.3251,16.9026,17.0786,1.00962e+006
DGC,12/24/2020 00:00:00,17.0786,17.1843,16.6208,16.8321,473200
DGC,12/25/2020 00:00:00,16.7617,17.0786,16.7265,17.0434,842470
DGC,12/28/2020 00:00:00,17.1138,17.1843,16.7969,16.9202,646500
DGC,12/29/2020 00:00:00,17.0082,18.0998,16.9026,18.0998,3.28378e+006
DGC,12/30/2020 00:00:00,18.452,18.452,18.0646,18.0646,829470
DGC,12/31/2020 00:00:00,18.0294,18.135,17.8181,17.9942,419350
DGC,1/4/2021 00:00:00,18.135,18.135,17.8885,17.959,838900
DGC,1/5/2021 00:00:00,17.8885,18.5224,17.7829,18.1702,473300
DGC,1/6/2021 00:00:00,18.2407,18.3111,18.0294,18.0646,473000
DGC,1/7/2021 00:00:00,18.135,18.5576,17.8533,18.4167,818700
DGC,1/8/2021 00:00:00,18.452,18.6632,17.9942,18.4167,1.0691e+006
DGC,1/11/2021 00:00:00,18.4872,18.4872,18.2759,18.452,553300
DGC,1/12/2021 00:00:00,18.452,19.0154,18.3111,18.7337,716800
DGC,1/13/2021 00:00:00,18.7689,18.8393,18.3815,18.4872,625100
DGC,1/14/2021 00:00:00,18.6632,18.6632,18.3463,18.5576,535900
DGC,1/15/2021 00:00:00,18.6632,18.9802,18.452,18.5928,653800
DGC,1/18/2021 00:00:00,18.6632,19.3675,18.4872,18.9449,1.6719e+006
DGC,1/19/2021 00:00:00,18.9449,18.9449,17.642,17.8885,956100
DGC,1/20/2021 00:00:00,18.2407,18.2759,17.4308,17.959,580000
DGC,1/21/2021 00:00:00,18.135,18.6632,18.135,18.6632,527300
DGC,1/22/2021 00:00:00,18.6632,19.5436,18.4872,19.2619,1.6359e+006
DGC,1/25/2021 00:00:00,19.1914,19.5436,19.1914,19.2619,502900
DGC,1/26/2021 00:00:00,19.2619,19.2619,18.3111,18.452,685900
DGC,1/27/2021 00:00:00,18.452,19.0154,17.959,18.4167,1.1477e+006
DGC,1/28/2021 00:00:00,17.2547,18.0646,17.1314,17.1314,1.5707e+006
DGC,1/29/2021 00:00:00,17.1314,17.959,16.4096,17.5012,872900
DGC,2/1/2021 00:00:00,17.4308,17.642,17.0962,17.1138,735900
DGC,2/2/2021 00:00:00,17.1138,17.6068,16.973,17.4308,381700
DGC,2/3/2021 00:00:00,17.6068,17.959,17.3603,17.959,597000
DGC,2/4/2021 00:00:00,17.8533,18.2055,17.8533,18.2055,536600
DGC,2/5/2021 00:00:00,18.2055,19.2619,18.1702,19.0506,1.6283e+006
DGC,2/8/2021 00:00:00,19.0506,19.8957,18.9097,19.1914,1.0126e+006
DGC,2/9/2021 00:00:00,19.1914,19.4379,18.9097,19.2619,451700
DGC,2/17/2021 00:00:00,19.2971,20.6,19.2971,20.6,1.7183e+006
DGC,2/18/2021 00:00:00,21.1282,21.3395,20.7408,21.0226,1.2017e+006
DGC,2/19/2021 00:00:00,20.9521,21.4099,20.7408,20.9169,681300
DGC,2/22/2021 00:00:00,20.8465,20.9169,20.6352,20.7056,1.1311e+006
DGC,2/23/2021 00:00:00,20.4591,21.3043,20.4239,20.9521,819100
DGC,2/24/2021 00:00:00,21.1986,22.1846,21.1282,21.762,1.0904e+006
DGC,2/25/2021 00:00:00,22.1846,23.0649,22.0438,23.0649,1.1164e+006
DGC,2/26/2021 00:00:00,22.5367,23.1354,22.5367,22.8889,776200
DGC,3/1/2021 00:00:00,23.1706,23.1706,22.6424,22.9593,683000
DGC,3/2/2021 00:00:00,22.9593,22.9945,22.5367,22.7128,856900
DGC,3/3/2021 00:00:00,22.7832,24.2974,22.748,24.2974,1.6077e+006
DGC,3/4/2021 00:00:00,24.6496,25.3538,24.2622,24.9313,991500
DGC,3/5/2021 00:00:00,24.6496,25.2482,23.9453,25.1426,780900
DGC,3/8/2021 00:00:00,25.2834,25.5299,24.5087,24.6848,864600
DGC,3/9/2021 00:00:00,24.6848,25.1426,24.4735,24.9313,600800
DGC,3/10/2021 00:00:00,25.0017,25.1778,24.8961,25.0369,605400
DGC,3/11/2021 00:00:00,25.0721,25.5651,24.7904,25.3538,666000
DGC,3/12/2021 00:00:00,25.2834,25.706,25.213,25.6355,566500
DGC,3/15/2021 00:00:00,25.882,26.5863,25.8468,26.5511,718300
DGC,3/16/2021 00:00:00,26.5863,26.6215,26.0581,26.2694,502200
DGC,3/17/2021 00:00:00,26.2694,26.5863,26.0581,26.4102,446000
DGC,3/18/2021 00:00:00,26.4102,26.4807,25.706,26.0581,832500
DGC,3/19/2021 00:00:00,25.882,25.882,24.8256,25.2482,1.3269e+006
DGC,3/22/2021 00:00:00,25.1778,25.1778,24.3679,24.4383,1.3857e+006
DGC,3/23/2021 00:00:00,24.4031,25.1426,24.4031,24.6496,487500
DGC,3/24/2021 00:00:00,24.4383,24.5439,23.241,23.6284,860300
DGC,3/25/2021 00:00:00,23.6636,23.9453,23.4875,23.6988,675400
DGC,3/26/2021 00:00:00,23.6988,23.8044,22.8889,23.5579,656000
DGC,3/29/2021 00:00:00,24.1214,24.9665,23.6284,24.7904,901200
DGC,3/30/2021 00:00:00,24.9313,24.9665,23.9453,24.0861,714700
DGC,3/31/2021 00:00:00,24.0861,24.1214,23.6636,23.7692,587400
DGC,4/1/2021 00:00:00,23.7692,24.8256,23.6284,24.3326,515100
DGC,4/2/2021 00:00:00,24.6496,24.7904,24.1214,24.227,233400
DGC,4/5/2021 00:00:00,24.2974,24.2974,23.8749,24.227,476500
DGC,4/6/2021 00:00:00,24.2974,24.6496,24.1214,24.5439,683900
DGC,4/7/2021 00:00:00,24.6496,25.4243,24.6496,24.9665,908800
DGC,4/8/2021 00:00:00,25.3186,25.3186,24.6496,24.7552,275900
DGC,4/9/2021 00:00:00,24.6143,25.0721,24.6143,24.72,251300
DGC,4/12/2021 00:00:00,24.72,24.7904,24.3326,24.4383,578000
DGC,4/13/2021 00:00:00,24.2974,24.3326,23.9453,23.9805,759700
DGC,4/14/2021 00:00:00,23.9453,24.2974,23.7692,24.2622,515000
DGC,4/15/2021 00:00:00,24.2974,24.2974,23.9805,24.2974,282500
DGC,4/16/2021 00:00:00,24.2974,24.3679,23.7692,24.227,464200
DGC,4/19/2021 00:00:00,24.2974,25.706,23.9101,25.2482,1.1434e+006
DGC,4/20/2021 00:00:00,25.3538,25.6355,24.6143,24.6143,823300
DGC,4/22/2021 00:00:00,24.4735,24.6496,23.9453,23.9453,895000
DGC,4/23/2021 00:00:00,23.6636,24.2974,23.5932,24.2974,610200
DGC,4/26/2021 00:00:00,24.2974,24.4735,23.8396,24.1214,394700
DGC,4/27/2021 00:00:00,24.227,24.4383,23.8749,24.1918,378800
DGC,4/28/2021 00:00:00,24.1566,25.3186,24.1214,24.6496,781800
DGC,4/29/2021 00:00:00,24.6496,25.1778,24.5087,24.5791,398600
DGC,5/4/2021 00:00:00,24.2974,26.2694,24.2974,26.2694,2.5304e+006
DGC,5/5/2021 00:00:00,26.4807,26.9384,26.4102,26.4102,874500
DGC,5/6/2021 00:00:00,26.4102,26.7272,26.2342,26.6567,1.0976e+006
DGC,5/7/2021 00:00:00,27.3751,27.7801,26.9296,27.6991,1.8597e+006
DGC,5/10/2021 00:00:00,27.6991,28.3875,27.6991,28.266,967600
DGC,5/11/2021 00:00:00,27.9015,28.2255,27.5371,27.6586,631900
DGC,5/12/2021 00:00:00,27.5371,28.3065,27.3346,28.3065,956500
DGC,5/13/2021 00:00:00,27.861,28.1445,27.4966,27.4966,1.454e+006
DGC,5/14/2021 00:00:00,27.942,27.942,27.0511,27.0511,1.3859e+006
DGC,5/17/2021 00:00:00,27.0511,27.942,26.6462,27.1321,1.7947e+006
DGC,5/18/2021 00:00:00,26.8082,27.0916,26.7272,26.9701,733500
DGC,5/19/2021 00:00:00,26.7677,27.5371,26.3222,27.3346,1.1194e+006
DGC,5/20/2021 00:00:00,27.2941,27.2941,26.7677,27.0916,562100
DGC,5/21/2021 00:00:00,27.2131,28.9544,27.1726,28.509,2.6445e+006
DGC,5/24/2021 00:00:00,28.752,28.752,28.347,28.671,744700
DGC,5/25/2021 00:00:00,28.671,29.1569,28.509,29.0354,1.0915e+006
DGC,5/26/2021 00:00:00,28.9139,29.3594,28.671,29.1164,1.0971e+006
DGC,5/27/2021 00:00:00,29.1164,29.1164,28.347,28.9544,795600
DGC,5/28/2021 00:00:00,28.9544,28.9544,28.509,28.8329,695600
DGC,5/31/2021 00:00:00,29.1164,29.4404,28.59,29.0354,1.0409e+006
DGC,6/1/2021 00:00:00,29.0354,29.3594,28.671,28.752,782500
DGC,6/2/2021 00:00:00,28.428,29.1569,28.428,29.0354,1.0461e+006
DGC,6/3/2021 00:00:00,29.1569,30.3718,28.9544,30.2908,1.9361e+006
DGC,6/4/2021 00:00:00,30.3718,30.3718,29.7643,30.1288,698000
DGC,6/7/2021 00:00:00,30.1693,30.2098,28.347,29.5619,1.5203e+006
DGC,6/8/2021 00:00:00,29.1569,29.5214,28.428,28.752,1.5239e+006
DGC,6/9/2021 00:00:00,28.509,29.0759,27.942,28.752,1.2367e+006
DGC,6/10/2021 00:00:00,28.59,29.8048,28.347,29.4809,992300
DGC,6/11/2021 00:00:00,29.4404,29.9668,28.9544,29.3999,1.2175e+006
DGC,6/14/2021 00:00:00,29.3999,30.3718,29.3189,30.1693,1.6314e+006
DGC,6/15/2021 00:00:00,30.2908,32.2751,30.1693,32.2346,3.2193e+006
DGC,6/16/2021 00:00:00,32.599,33.2065,32.0726,32.8015,1.213e+006
DGC,6/17/2021 00:00:00,32.2751,33.49,32.1941,33.1255,816000
DGC,6/18/2021 00:00:00,33.085,33.2065,32.6395,33.0445,512800
DGC,6/21/2021 00:00:00,32.599,33.0445,32.4371,32.923,928800
DGC,6/22/2021 00:00:00,33.2065,33.409,32.8825,32.8825,579500
DGC,6/23/2021 00:00:00,32.599,33.004,31.9916,32.1941,1.1737e+006
DGC,6/24/2021 00:00:00,32.1941,32.923,31.9916,32.1536,783100
DGC,6/25/2021 00:00:00,32.1536,32.9635,31.8701,32.8015,695000
DGC,6/28/2021 00:00:00,33.004,33.8139,32.842,33.6114,867400
DGC,6/29/2021 00:00:00,33.6114,33.6519,33.2875,33.3685,461900
DGC,6/30/2021 00:00:00,33.2065,33.409,32.923,33.0445,491800
DGC,7/1/2021 00:00:00,33.2065,33.9759,33.2065,33.6924,970300
DGC,7/2/2021 00:00:00,33.6924,34.0164,33.5709,33.6924,463200
DGC,7/5/2021 00:00:00,33.7734,34.2999,33.409,33.8949,611500
DGC,7/6/2021 00:00:00,34.4214,34.7048,31.5867,31.5867,1.4918e+006
DGC,7/7/2021 00:00:00,32.2346,33.7734,31.7891,33.7734,1.6121e+006
DGC,7/8/2021 00:00:00,34.1784,34.4214,33.6114,33.8139,992700
DGC,7/9/2021 00:00:00,33.7734,36.0817,33.6114,35.5957,2.1376e+006
DGC,7/12/2021 00:00:00,35.3932,35.3932,33.1255,33.2875,3.4187e+006
DGC,7/13/2021 00:00:00,33.6114,33.9759,32.0321,32.8015,1.5495e+006
DGC,7/14/2021 00:00:00,32.761,33.2065,31.1817,31.5867,1.6465e+006
DGC,7/15/2021 00:00:00,31.0197,32.842,30.9387,32.7205,1.0181e+006
DGC,7/16/2021 00:00:00,32.8015,33.7734,32.7205,33.247,863200
DGC,7/19/2021 00:00:00,32.3966,33.004,31.9916,32.1131,1.0428e+006
DGC,7/20/2021 00:00:00,32.599,33.004,31.8701,32.9635,756100
DGC,7/21/2021 00:00:00,33.5709,33.5709,33.004,33.2065,724600
DGC,7/22/2021 00:00:00,33.4495,35.1503,33.4495,34.9883,2.4299e+006
DGC,7/23/2021 00:00:00,35.0288,37.418,34.8263,37.418,5.3624e+006
DGC,7/26/2021 00:00:00,37.337,39.8883,37.2965,39.0784,1.6939e+006
DGC,7/27/2021 00:00:00,39.4833,39.4833,37.2561,37.661,1.685e+006
DGC,7/28/2021 00:00:00,37.2561,38.5519,36.9321,37.9445,1.3649e+006
DGC,7/29/2021 00:00:00,38.1065,39.1594,37.7015,38.8759,994700
DGC,7/30/2021 00:00:00,38.8759,38.8759,38.2279,38.6734,942000
DGC,8/2/2021 00:00:00,38.6734,40.0908,38.4709,39.3213,1.8709e+006
DGC,8/3/2021 00:00:00,39.5643,39.5643,38.6734,39.2403,1.222e+006
DGC,8/4/2021 00:00:00,39.3213,40.4957,39.3213,40.2932,1.3612e+006
DGC,8/5/2021 00:00:00,39.7668,40.5767,39.7668,40.3337,645400
DGC,8/6/2021 00:00:00,40.0908,40.1717,39.6048,39.6048,1.1452e+006
DGC,8/9/2021 00:00:00,39.2808,40.0908,39.0784,39.8883,876400
DGC,8/10/2021 00:00:00,40.0098,41.3056,39.6858,41.1841,1.6713e+006
DGC,8/11/2021 00:00:00,41.1841,41.7106,40.3337,40.3337,820500
DGC,8/12/2021 00:00:00,40.0908,40.4552,39.8073,39.8883,1.0817e+006
DGC,8/13/2021 00:00:00,39.6048,39.7263,38.2684,39.6858,2.6483e+006
DGC,8/16/2021 00:00:00,40.2527,40.4147,39.6858,40.3742,894000
DGC,8/17/2021 00:00:00,40.2932,41.7106,40.0908,41.2651,1.3674e+006
DGC,8/18/2021 00:00:00,41.2651,42.7635,41.2651,42.5205,1.523e+006
DGC,8/19/2021 00:00:00,42.561,44.5048,42.561,44.0593,1.5252e+006
DGC,8/20/2021 00:00:00,44.1808,44.3023,42.1155,43.5329,1.9774e+006
DGC,8/23/2021 00:00:00,42.5205,44.5048,42.5205,44.1808,1.0424e+006
DGC,8/24/2021 00:00:00,43.7354,43.8569,42.5205,43.5329,1.2893e+006
DGC,8/25/2021 00:00:00,43.5329,44.1403,42.9254,43.6949,504700
DGC,8/26/2021 00:00:00,43.6949,45.3552,43.5329,44.8287,1.0462e+006
DGC,8/27/2021 00:00:00,44.9502,45.7197,44.1403,45.2742,708900
DGC,8/30/2021 00:00:00,45.2742,46.5701,45.2742,46.5701,791900
DGC,8/31/2021 00:00:00,46.975,48.1899,46.894,47.7849,1.0377e+006
DGC,9/1/2021 00:00:00,47.7444,48.1899,47.2585,47.461,711700
DGC,9/6/2021 00:00:00,47.461,47.461,46.6106,46.975,827400
DGC,9/7/2021 00:00:00,46.5701,46.813,45.8411,46.4486,1.2413e+006
DGC,9/8/2021 00:00:00,46.0436,47.299,46.0436,46.975,432200
DGC,9/9/2021 00:00:00,46.975,47.056,46.6916,46.813,304500
DGC,9/10/2021 00:00:00,47.137,47.7849,46.894,47.5015,429300
DGC,9/13/2021 00:00:00,47.7849,50.8221,47.7849,50.8221,1.947e+006
DGC,9/14/2021 00:00:00,51.6725,52.361,51.2271,51.7535,938800
DGC,9/15/2021 00:00:00,51.8345,52.1585,51.632,52.0775,1.0708e+006
DGC,9/16/2021 00:00:00,52.6444,54.3047,52.361,53.7378,1.0551e+006
DGC,9/17/2021 00:00:00,55.4386,57.4634,54.6287,57.4634,2.0139e+006
DGC,9/20/2021 00:00:00,60.7436,61.4725,59.1237,59.7312,1.5964e+006
DGC,9/21/2021 00:00:00,58.5163,63.7807,58.5163,63.4568,1.4028e+006
DGC,9/22/2021 00:00:00,65.1981,67.8708,65.1981,67.8708,968800
DGC,9/23/2021 00:00:00,70.8675,72.2848,63.1328,63.1328,3.5152e+006
DGC,9/24/2021 00:00:00,60.7436,61.9584,59.5287,59.9336,2.3046e+006
DGC,9/27/2021 00:00:00,59.5692,62.4849,59.5692,60.0551,1.0749e+006
DGC,9/28/2021 00:00:00,60.0146,61.5535,59.5692,61.5535,649300
DGC,9/29/2021 00:00:00,61.1485,61.1485,57.9494,57.9494,1.6776e+006
DGC,9/30/2021 00:00:00,57.9899,61.5535,57.9899,61.108,828200
DGC,10/1/2021 00:00:00,59.9741,65.1576,59.9741,64.3477,1.4572e+006
DGC,10/4/2021 00:00:00,64.9956,66.2105,61.9584,62.3229,972200
DGC,10/5/2021 00:00:00,62.2824,63.4163,61.4725,61.594,733600
DGC,10/6/2021 00:00:00,61.9179,61.9179,59.5692,60.5411,1.0923e+006
DGC,10/7/2021 00:00:00,60.5411,62.3229,59.8527,60.7436,484200
DGC,10/8/2021 00:00:00,60.3386,62.4039,60.3386,60.9865,417500
DGC,10/11/2021 00:00:00,61.351,61.7965,60.7436,61.4725,770900
DGC,10/12/2021 00:00:00,61.4725,64.7931,61.4725,64.7931,2.3889e+006
DGC,10/13/2021 00:00:00,64.7931,66.5749,64.7931,65.4411,1.2962e+006
DGC,10/14/2021 00:00:00,65.4006,66.332,63.8617,63.9022,1.0905e+006
DGC,10/15/2021 00:00:00,63.6188,64.7931,63.6188,64.2262,912500
DGC,10/18/2021 00:00:00,64.7931,64.7931,62.4444,63.3758,1.2377e+006
DGC,10/19/2021 00:00:00,61.756,62.4444,61.4725,61.5535,1.9932e+006
DGC,10/20/2021 00:00:00,62.2014,64.7931,61.675,64.0642,1.5554e+006
DGC,10/21/2021 00:00:00,64.0642,66.413,64.0237,65.1981,1.478e+006
DGC,10/22/2021 00:00:00,65.765,65.8055,64.0237,64.5097,1.1306e+006
DGC,10/25/2021 00:00:00,64.7931,66.17,63.1733,63.5783,1.1157e+006
DGC,10/26/2021 00:00:00,62.7683,63.9832,62.6064,63.5378,683100
DGC,10/27/2021 00:00:00,63.7402,63.7402,62.9708,63.0923,905800
DGC,10/28/2021 00:00:00,63.1733,63.9832,62.2419,62.2824,1.2052e+006
DGC,10/29/2021 00:00:00,62.1609,62.1609,61.513,61.8774,1.9011e+006
DGC,11/1/2021 00:00:00,61.9584,63.7402,61.8774,63.0518,1.075e+006
DGC,11/2/2021 00:00:00,63.1733,63.7807,62.6064,63.0923,832300
DGC,11/3/2021 00:00:00,63.2543,63.2543,62.0394,62.1609,1.0064e+006
DGC,11/4/2021 00:00:00,62.1609,63.5783,61.8774,63.3353,807700
DGC,11/5/2021 00:00:00,64.2262,67.6278,63.3758,66.089,3.5679e+006
DGC,11/8/2021 00:00:00,66.332,68.5592,66.17,66.3725,1.7443e+006
DGC,11/9/2021 00:00:00,66.5749,66.5749,64.1857,64.3882,1.7126e+006
DGC,11/10/2021 00:00:00,63.8212,63.9427,62.7683,63.0518,2.5636e+006
DGC,11/11/2021 00:00:00,62.7683,63.0518,62.4444,62.7279,1.6858e+006
DGC,11/12/2021 00:00:00,62.6064,62.9708,62.3634,62.9708,1.3371e+006
DGC,11/15/2021 00:00:00,62.8898,62.9708,62.5659,62.7683,1.3095e+006
DGC,11/16/2021 00:00:00,62.5659,64.3882,62.5659,63.5783,2.1155e+006
DGC,11/17/2021 00:00:00,63.9832,66.2105,63.9832,66.2105,3.4845e+006
DGC,11/18/2021 00:00:00,66.8179,68.8427,66.8179,68.5592,3.1621e+006
DGC,11/19/2021 00:00:00,68.6402,70.2601,65.6031,68.5592,2.2821e+006
DGC,11/22/2021 00:00:00,68.4377,69.6121,66.413,66.7774,2.2734e+006
DGC,11/23/2021 00:00:00,66.413,67.6278,65.765,67.4254,1.5943e+006
DGC,11/24/2021 00:00:00,67.6278,68.8022,67.5873,67.8708,1.2579e+006
DGC,11/25/2021 00:00:00,68.0328,68.1543,66.8584,67.7493,1.1936e+006
DGC,11/26/2021 00:00:00,67.4254,67.8303,65.4006,65.6031,1.864e+006
DGC,11/29/2021 00:00:00,64.4287,65.2791,63.9832,64.7121,1.106e+006
DGC,11/30/2021 00:00:00,65.1981,67.2229,64.4287,66.17,1.2907e+006
DGC,12/1/2021 00:00:00,66.008,67.1419,65.7245,66.008,654400
DGC,12/2/2021 00:00:00,66.0485,67.0204,66.008,66.089,846500
DGC,12/3/2021 00:00:00,66.413,66.5344,64.1857,64.1857,1.14e+006
DGC,12/6/2021 00:00:00,64.0642,64.3882,62.5659,62.9303,1.8348e+006
DGC,12/7/2021 00:00:00,63.3758,66.8179,63.3758,66.4939,1.0842e+006
DGC,12/8/2021 00:00:00,67.2229,69.6526,67.2229,68.4377,1.7441e+006
DGC,12/9/2021 00:00:00,68.6402,71.151,68.4782,71.151,2.3865e+006
DGC,12/10/2021 00:00:00,71.2724,73.7022,71.2319,71.8799,2.0823e+006
DGC,12/13/2021 00:00:00,71.5154,73.7022,71.3129,72.4873,1.4095e+006
DGC,12/14/2021 00:00:00,72.4873,72.4873,70.2601,70.908,1.592e+006
DGC,12/15/2021 00:00:00,70.2601,70.827,68.9237,70.0576,1.41e+006
DGC,12/16/2021 00:00:00,71.2724,71.2724,69.6121,70.4625,756100
DGC,12/17/2021 00:00:00,70.0981,70.3815,69.2477,69.8551,1.9427e+006
DGC,12/20/2021 00:00:00,69.7741,69.7741,67.5063,67.8303,1.4949e+006
DGC,12/21/2021 00:00:00,67.8303,68.1543,64.3072,65.1576,2.5576e+006
DGC,12/22/2021 00:00:00,64.6716,66.8179,64.6716,65.927,1.4601e+006
DGC,12/23/2021 00:00:00,65.0361,66.332,63.7807,64.3882,1.7765e+006
DGC,12/24/2021 00:00:00,64.7931,64.7931,63.3758,64.7526,621900
DGC,12/27/2021 00:00:00,64.4287,65.765,64.4287,65.5221,501500
DGC,12/28/2021 00:00:00,64.9956,66.2105,64.9956,65.5221,619400
DGC,12/29/2021 00:00:00,65.9295,65.9295,64.3811,64.7886,730500
DGC,12/30/2021 00:00:00,64.2589,64.7886,63.8514,64.3811,645400
DGC,12/31/2021 00:00:00,64.6256,65.1553,63.9736,65.1553,529000
DGC,1/4/2022 00:00:00,65.1961,65.6036,64.8293,64.9108,643100
DGC,1/5/2022 00:00:00,64.9108,64.9108,63.8514,63.8514,846500
DGC,1/6/2022 00:00:00,63.5662,64.6664,63.3624,63.4439,613100
DGC,1/7/2022 00:00:00,63.4847,63.6477,62.3845,62.4252,1.0102e+006
DGC,1/10/2022 00:00:00,62.303,62.303,58.3097,59.0839,2.0394e+006
DGC,1/11/2022 00:00:00,59.1654,59.2062,58.106,58.269,1.3095e+006
DGC,1/12/2022 00:00:00,59.0839,61.1213,58.5135,61.0806,758800
DGC,1/13/2022 00:00:00,60.5101,60.9176,59.5729,59.6952,405100
DGC,1/14/2022 00:00:00,58.3505,59.7359,58.3505,58.7172,311000
DGC,1/17/2022 00:00:00,59.4914,59.4914,54.6425,54.6425,1.0205e+006
DGC,1/18/2022 00:00:00,53.3793,54.6017,51.3419,52.6458,972500
DGC,1/19/2022 00:00:00,52.9718,56.3131,52.9718,56.3131,523300
DGC,1/20/2022 00:00:00,60.2249,60.2249,59.0839,60.2249,758400
DGC,1/21/2022 00:00:00,61.7325,61.8955,59.8989,60.3064,599100
DGC,1/24/2022 00:00:00,60.3064,60.3064,56.4761,57.0466,608200
DGC,1/25/2022 00:00:00,56.0279,58.758,56.0279,58.758,538700
DGC,1/26/2022 00:00:00,59.4507,59.8989,56.3539,56.4354,607900
DGC,1/27/2022 00:00:00,56.2724,56.8428,54.6017,54.6017,581900
DGC,1/28/2022 00:00:00,53.8275,56.6391,53.7868,56.2316,319000
DGC,2/7/2022 00:00:00,57.454,58.269,56.2316,58.269,446700
DGC,2/8/2022 00:00:00,58.1875,61.0806,57.454,60.1026,553100
DGC,2/9/2022 00:00:00,60.5101,60.5101,59.0839,59.8989,257700
DGC,2/10/2022 00:00:00,59.5322,59.5322,58.106,58.269,664200
DGC,2/11/2022 00:00:00,58.269,60.3064,58.2282,59.4914,459600
DGC,2/14/2022 00:00:00,58.6765,59.4507,57.454,57.4948,687900
DGC,2/15/2022 00:00:00,57.4133,58.106,57.4133,57.617,236200
DGC,2/16/2022 00:00:00,57.7393,58.8395,57.454,58.269,288200
DGC,2/17/2022 00:00:00,58.269,60.9991,58.269,59.8989,1.1325e+006
DGC,2/18/2022 00:00:00,59.8581,61.6918,59.2877,61.6103,1.4687e+006
DGC,2/21/2022 00:00:00,62.303,62.3437,61.3251,61.7325,842200
DGC,2/22/2022 00:00:00,60.7953,62.5475,60.1026,62.3437,1.286e+006
DGC,2/23/2022 00:00:00,62.3845,66.011,62.3845,63.9736,1.8671e+006
DGC,2/24/2022 00:00:00,63.6069,66.011,63.6069,65.9703,2.0829e+006
DGC,2/25/2022 00:00:00,66.4185,68.6189,65.9295,65.9295,2.1054e+006
DGC,2/28/2022 00:00:00,66.3778,67.2335,64.5849,66.4593,1.8422e+006
DGC,3/1/2022 00:00:00,66.7445,68.0077,66.337,66.5,1.2469e+006
DGC,3/2/2022 00:00:00,66.4185,67.6409,65.6443,67.6409,1.6976e+006
DGC,3/3/2022 00:00:00,68.0484,72.3676,68.0484,72.3676,5.507e+006
DGC,3/4/2022 00:00:00,74.1605,74.568,72.1232,72.3676,3.403e+006
DGC,3/7/2022 00:00:00,73.5901,77.4203,73.5901,77.3796,4.0693e+006
DGC,3/8/2022 00:00:00,77.4611,78.8465,73.7531,74.1605,3.0524e+006
DGC,3/9/2022 00:00:00,75.2607,77.2166,73.9568,77.0129,2.9961e+006
DGC,3/10/2022 00:00:00,75.5867,79.0095,75.383,76.1979,1.437e+006
DGC,3/11/2022 00:00:00,76.1979,78.6428,75.7497,76.6461,2.3142e+006
DGC,3/14/2022 00:00:00,76.8906,78.2353,73.3456,73.3456,2.3799e+006
DGC,3/15/2022 00:00:00,73.3456,74.568,70.2895,72.8159,2.176e+006
DGC,3/16/2022 00:00:00,74.079,77.8278,72.8159,77.0129,1.6731e+006
DGC,3/17/2022 00:00:00,77.6648,77.8278,74.1198,75.6274,1.5995e+006
DGC,3/18/2022 00:00:00,76.4016,77.6241,75.6682,77.0536,1.8487e+006
DGC,3/21/2022 00:00:00,77.6241,81.4951,77.2166,81.2914,3.4221e+006
DGC,3/22/2022 00:00:00,81.4136,86.9553,81.4136,86.9553,3.0934e+006
DGC,3/23/2022 00:00:00,88.4222,92.5377,88.3407,92.5377,3.169e+006
DGC,3/24/2022 00:00:00,92.0895,94.1268,89.6446,90.6633,3.4399e+006
DGC,3/25/2022 00:00:00,90.0521,91.682,88.9111,91.682,2.5616e+006
DGC,3/28/2022 00:00:00,91.8857,95.7567,90.9078,95.716,2.1714e+006
DGC,3/29/2022 00:00:00,97.3866,97.3866,90.0521,93.1081,2.8465e+006
DGC,3/30/2022 00:00:00,91.682,94.9418,89.4409,94.5343,3.2076e+006
DGC,3/31/2022 00:00:00,95.3493,95.9605,92.9044,92.9044,1.7439e+006
DGC,4/1/2022 00:00:00,91.682,93.6379,90.867,92.9044,1.7444e+006
DGC,4/4/2022 00:00:00,92.4969,92.7007,89.6446,90.0521,1.9075e+006
DGC,4/5/2022 00:00:00,89.8483,91.2745,87.1183,87.6072,1.7707e+006
DGC,4/6/2022 00:00:00,86.0996,89.9706,85.9773,88.3407,1.3404e+006
DGC,4/7/2022 00:00:00,88.0147,91.8857,88.0147,90.867,1.41e+006
DGC,4/8/2022 00:00:00,90.7855,91.4782,87.648,88.0147,1.2976e+006
DGC,4/12/2022 00:00:00,88.4222,90.7448,86.996,88.0147,1.1122e+006
DGC,4/13/2022 00:00:00,89.4001,94.1676,88.8297,94.1676,2.2858e+006
DGC,4/14/2022 00:00:00,96.5717,100.728,95.9605,100.728,2.4009e+006
DGC,4/15/2022 00:00:00,100.646,102.888,99.098,101.054,1.2604e+006
DGC,4/18/2022 00:00:00,101.421,102.276,98.2016,99.8315,1.3985e+006
DGC,4/19/2022 00:00:00,101.054,106.799,100.239,103.825,2.3509e+006
DGC,4/20/2022 00:00:00,103.865,104.314,97.7941,99.0165,2.4482e+006
DGC,4/21/2022 00:00:00,97.3866,102.602,95.7567,100.646,1.4089e+006
DGC,4/22/2022 00:00:00,101.869,101.869,93.6379,96.9792,4.6714e+006
DGC,4/25/2022 00:00:00,94.9418,97.9164,90.2151,90.2151,2.0015e+006
DGC,4/26/2022 00:00:00,83.9807,91.2745,83.9399,90.867,2.1391e+006
DGC,4/27/2022 00:00:00,90.4596,92.9044,86.5478,92.4969,1.7203e+006
DGC,4/28/2022 00:00:00,92.8229,93.7194,89.9706,92.9044,1.2552e+006
DGC,4/29/2022 00:00:00,92.0895,99.3833,91.2745,98.1608,2.1002e+006
DGC,5/4/2022 00:00:00,97.7941,100.606,96.5717,97.5496,1.0272e+006
DGC,5/5/2022 00:00:00,98.6091,98.6091,92.7007,96.4902,1.5574e+006
DGC,5/6/2022 00:00:00,93.3119,97.7534,93.1081,94.1268,1.4213e+006
DGC,5/9/2022 00:00:00,92.4969,93.3119,87.5665,87.5665,1.6721e+006
DGC,5/10/2022 00:00:00,83.5325,87.159,81.5358,86.3848,2.0998e+006
DGC,5/11/2022 00:00:00,87.3627,87.6072,84.1844,86.3848,809700
DGC,5/12/2022 00:00:00,84.7956,86.1811,80.3542,80.3542,1.9806e+006
DGC,5/13/2022 00:00:00,79.4577,80.2727,74.731,74.731,2.5089e+006
DGC,5/16/2022 00:00:00,76.6054,79.9467,73.3863,73.3863,1.4976e+006
DGC,5/17/2022 00:00:00,70.9007,78.5205,70.9007,78.5205,1.2452e+006
DGC,5/18/2022 00:00:00,79.4577,82.8805,79.4577,82.7175,1.2157e+006
DGC,5/19/2022 00:00:00,80.3949,88.4222,79.0502,87.6072,1.6077e+006
DGC,5/20/2022 00:00:00,87.5665,89.2371,85.9773,86.7923,952100
DGC,5/23/2022 00:00:00,88.4222,88.6259,83.5325,87.4442,1.1334e+006
DGC,5/24/2022 00:00:00,88.0962,92.4969,87.1998,90.867,1.5072e+006
DGC,5/25/2022 00:00:00,91.9265,94.4936,91.2745,93.1081,994900
DGC,5/26/2022 00:00:00,93.7194,94.7788,91.2745,91.6412,985400
DGC,5/27/2022 00:00:00,89.6446,90.0521,87.0775,87.1998,2.8733e+006
DGC,5/30/2022 00:00:00,86.0181,90.4596,86.0181,87.6072,1.0442e+006
DGC,5/31/2022 00:00:00,88.2184,93.2304,87.4035,91.1115,1.3015e+006
DGC,6/1/2022 00:00:00,91.8857,95.1455,90.2558,93.6379,1.56e+006
DGC,6/2/2022 00:00:00,93.3526,96.7754,93.3526,95.1863,2.0494e+006
DGC,6/3/2022 00:00:00,101.726,101.726,101.726,101.726,357200
DGC,6/6/2022 00:00:00,108.709,108.709,104.29,104.378,4.625e+006
DGC,6/7/2022 00:00:00,103.406,111.272,99.8705,110.388,2.5369e+006
DGC,6/8/2022 00:00:00,114.011,114.365,111.36,113.128,1.4166e+006
DGC,6/9/2022 00:00:00,112.686,112.686,109.946,111.36,1.418e+006
DGC,6/10/2022 00:00:00,111.36,118.43,111.36,112.244,3.4821e+006
DGC,6/13/2022 00:00:00,110.565,114.63,106.941,107.648,2.6021e+006
DGC,6/14/2022 00:00:00,106.499,112.155,106.322,111.183,1.7392e+006
DGC,6/15/2022 00:00:00,113.216,115.072,108.355,111.36,2.7855e+006
DGC,6/16/2022 00:00:00,113.923,119.138,110.565,119.049,3.4921e+006
DGC,6/17/2022 00:00:00,117.547,122.85,116.663,116.663,2.6566e+006
DGC,6/20/2022 00:00:00,116.221,116.928,110.476,110.476,2.6253e+006
DGC,6/21/2022 00:00:00,108.709,110.388,102.964,103.052,2.8033e+006
DGC,6/22/2022 00:00:00,104.29,105.88,96.3352,98.9866,3.0489e+006
DGC,6/23/2022 00:00:00,97.219,105.88,97.219,105.88,980800
DGC,6/24/2022 00:00:00,110.034,111.802,108.002,108.355,1.2302e+006
DGC,6/27/2022 00:00:00,107.825,111.802,106.057,106.057,1.6156e+006
DGC,6/28/2022 00:00:00,105.173,108.62,104.29,104.908,1.8809e+006
DGC,6/29/2022 00:00:00,102.875,106.676,101.638,105.173,1.4088e+006
DGC,6/30/2022 00:00:00,106.057,106.676,102.964,102.964,832500
DGC,7/1/2022 00:00:00,102.522,102.875,97.3958,98.9866,1.79e+006
DGC,7/4/2022 00:00:00,99.1634,101.461,93.8606,93.8606,1.7919e+006
DGC,7/5/2022 00:00:00,93.6838,93.6838,87.4087,87.4087,3.0993e+006
DGC,7/6/2022 00:00:00,84.7573,85.9947,81.3105,81.3105,2.1488e+006
DGC,7/7/2022 00:00:00,81.3105,86.9668,79.808,86.9668,1.7762e+006
DGC,7/8/2022 00:00:00,88.2042,90.5021,84.8457,86.6133,3.0175e+006
DGC,7/11/2022 00:00:00,85.1108,88.7345,83.0781,84.0503,1.8501e+006
DGC,7/12/2022 00:00:00,83.0781,88.3809,83.0781,88.3809,1.9734e+006
DGC,7/13/2022 00:00:00,88.3809,89.7066,84.8457,85.7295,1.5155e+006
DGC,7/14/2022 00:00:00,84.8457,87.4971,84.227,85.7295,1.4674e+006
DGC,7/15/2022 00:00:00,86.2598,86.6133,84.6689,84.6689,1.5557e+006
DGC,7/18/2022 00:00:00,84.9341,86.083,81.3988,82.1943,1.7858e+006
DGC,7/19/2022 00:00:00,81.7524,86.9668,81.7524,86.1714,2.4191e+006
DGC,7/20/2022 00:00:00,89.5299,90.4137,88.3809,88.3809,3.1512e+006
DGC,7/21/2022 00:00:00,88.4693,89.9718,87.4971,88.8228,1.8529e+006
DGC,7/22/2022 00:00:00,88.9112,89.6183,86.5249,86.7901,1.7447e+006
DGC,7/25/2022 00:00:00,86.3482,86.6133,84.4038,85.2876,1.5384e+006
DGC,7/26/2022 00:00:00,85.4644,87.0552,84.227,84.5806,1.3881e+006
DGC,7/27/2022 00:00:00,84.5806,85.7295,83.6084,84.8457,927700
DGC,7/28/2022 00:00:00,86.1714,86.3482,84.4922,84.8457,2.8615e+006
DGC,7/29/2022 00:00:00,84.4922,84.8457,78.9242,78.9242,6.4043e+006
DGC,8/1/2022 00:00:00,76.4495,80.4267,73.8865,80.4267,4.4644e+006
DGC,8/2/2022 00:00:00,80.4267,81.1337,78.0404,78.3939,1.8984e+006
DGC,8/3/2022 00:00:00,77.7752,79.9847,76.7147,78.659,2.0121e+006
DGC,8/4/2022 00:00:00,78.659,81.4872,78.3939,80.2499,2.8907e+006
DGC,8/5/2022 00:00:00,79.8964,79.8964,79.1893,79.4545,1.4401e+006
DGC,8/8/2022 00:00:00,79.3661,82.1943,79.1009,80.8686,2.4551e+006
DGC,8/9/2022 00:00:00,81.7524,85.7295,81.4872,84.1386,3.3582e+006
DGC,8/10/2022 00:00:00,83.52,84.8457,82.6362,82.6362,1.5862e+006
DGC,8/11/2022 00:00:00,83.6967,83.6967,79.9847,80.4267,2.311e+006
DGC,8/12/2022 00:00:00,80.4267,81.8408,79.1009,80.9569,1.8338e+006
DGC,8/15/2022 00:00:00,82.371,83.52,81.3105,82.2827,1.5523e+006
DGC,8/16/2022 00:00:00,82.2827,83.9619,82.1943,82.7246,2.0925e+006
DGC,8/17/2022 00:00:00,83.0781,83.52,81.5756,82.4594,1.9187e+006
DGC,8/18/2022 00:00:00,82.9897,85.376,82.5478,83.3432,4.051e+006
DGC,8/19/2022 00:00:00,83.9619,84.7573,82.2827,82.5478,1.7924e+006
DGC,8/22/2022 00:00:00,82.1059,82.9013,81.3988,81.5756,1.2908e+006
DGC,8/23/2022 00:00:00,80.7802,81.1337,79.5428,80.9569,2.5131e+006
DGC,8/24/2022 00:00:00,81.7524,84.8457,80.7802,83.8735,3.9054e+006
DGC,8/25/2022 00:00:00,84.3154,88.0274,83.9619,86.9668,4.4313e+006
DGC,8/26/2022 00:00:00,87.0552,87.0552,85.1108,85.2876,2.2288e+006
DGC,8/29/2022 00:00:00,83.6084,86.3482,83.2548,85.9947,5.009e+006
DGC,8/30/2022 00:00:00,87.1436,89.9718,87.1436,88.4693,5.4031e+006
DGC,8/31/2022 00:00:00,89.088,89.1764,87.1436,87.939,2.3858e+006
DGC,9/5/2022 00:00:00,88.3809,90.5905,88.0274,89.5299,2.6087e+006
DGC,9/6/2022 00:00:00,90.5021,91.4743,88.8228,88.9112,3.9505e+006
DGC,9/7/2022 00:00:00,88.9112,88.9996,83.3432,83.3432,4.5622e+006
DGC,9/8/2022 00:00:00,84.8457,86.4366,83.6084,85.5527,3.562e+006
DGC,9/9/2022 00:00:00,85.2876,87.0552,83.8735,87.0552,2.588e+006
DGC,9/12/2022 00:00:00,87.4087,90.4137,87.0552,89.5299,4.0964e+006
DGC,9/13/2022 00:00:00,90.1486,91.0324,88.9996,90.4137,3.8657e+006
DGC,9/14/2022 00:00:00,88.3809,89.8834,87.4971,89.7066,3.0845e+006
DGC,9/15/2022 00:00:00,90.5905,90.944,88.4693,88.4693,3.4838e+006
DGC,9/16/2022 00:00:00,88.3809,89.7066,86.1714,86.1714,5.7469e+006
DGC,9/19/2022 00:00:00,86.6133,86.9668,83.0781,83.0781,4.3244e+006
DGC,9/20/2022 00:00:00,84.7573,85.5527,81.4872,85.1108,2.4998e+006
DGC,9/21/2022 00:00:00,84.1386,85.1108,83.2548,83.9619,1.1535e+006
DGC,9/22/2022 00:00:00,83.52,84.8457,82.371,84.8457,1.9384e+006
DGC,9/23/2022 00:00:00,84.7573,84.7573,82.6362,82.6362,2.1174e+006
DGC,9/26/2022 00:00:00,80.8686,81.4872,76.8914,76.8914,5.6963e+006
DGC,9/27/2022 00:00:00,77.0682,77.6868,72.8259,73.091,3.6938e+006
DGC,9/28/2022 00:00:00,72.4724,73.7097,68.9371,68.9371,4.0245e+006
DGC,9/29/2022 00:00:00,71.1467,71.1467,64.1646,64.1646,3.9028e+006
DGC,9/30/2022 00:00:00,62.6621,68.5836,60.9828,68.5836,5.6583e+006
DGC,10/3/2022 00:00:00,68.9371,71.1467,64.6948,65.2251,3.2147e+006
DGC,10/4/2022 00:00:00,66.4625,67.6998,64.6948,65.4903,3.3437e+006
DGC,10/5/2022 00:00:00,67.1695,69.2023,66.7276,67.8766,2.6083e+006
DGC,10/6/2022 00:00:00,68.4952,69.2907,63.2808,63.2808,3.6834e+006
DGC,10/7/2022 00:00:00,60.1874,62.3086,58.8617,59.4804,5.208e+006
DGC,10/10/2022 00:00:00,58.5082,63.6343,58.5082,63.6343,3.6405e+006
DGC,10/11/2022 00:00:00,63.104,64.0762,60.4526,61.6899,3.7239e+006
DGC,10/12/2022 00:00:00,61.955,65.9322,61.6899,65.4019,3.9112e+006
DGC,10/13/2022 00:00:00,65.4019,67.4347,65.0484,66.7276,2.4493e+006
DGC,10/14/2022 00:00:00,68.7604,71.3234,68.0533,70.528,5.9405e+006
DGC,10/17/2022 00:00:00,69.9977,73.4446,69.0255,73.4446,3.9149e+006
DGC,10/18/2022 00:00:00,75.0354,75.0354,70.8815,72.0305,4.176e+006
DGC,10/19/2022 00:00:00,71.6769,74.1516,71.6769,72.0305,3.7194e+006
DGC,10/20/2022 00:00:00,72.4724,72.7375,68.8487,69.379,4.2317e+006
DGC,10/21/2022 00:00:00,69.8209,69.8209,64.6065,64.6065,5.1179e+006
DGC,10/24/2022 00:00:00,65.667,67.8766,64.0762,64.5181,4.3322e+006
DGC,10/25/2022 00:00:00,65.4019,68.5836,63.3691,66.2857,4.4419e+006
DGC,10/26/2022 00:00:00,67.0811,68.3185,66.4625,67.4347,2.6768e+006
DGC,10/27/2022 00:00:00,66.9044,70.3512,66.4625,69.8209,3.5684e+006
DGC,10/28/2022 00:00:00,70.7048,71.1467,68.4068,68.4068,2.8134e+006
DGC,10/31/2022 00:00:00,68.7604,69.0255,64.8716,67.9649,4.0589e+006
DGC,11/1/2022 00:00:00,68.1417,68.8487,66.0206,66.0206,2.7356e+006
DGC,11/2/2022 00:00:00,65.8438,66.816,63.6343,64.2529,3.544e+006
DGC,11/3/2022 00:00:00,63.6343,65.4903,63.2808,64.6948,1.2803e+006
DGC,11/4/2022 00:00:00,64.5181,64.5181,61.248,62.7505,3.3066e+006
DGC,11/7/2022 00:00:00,62.7505,63.4575,59.4804,62.2202,3.118e+006
DGC,11/8/2022 00:00:00,62.2202,63.104,61.3364,62.7505,2.2617e+006
DGC,11/9/2022 00:00:00,63.4575,63.4575,61.5131,62.6621,1.3781e+006
DGC,11/10/2022 00:00:00,61.0712,61.6899,58.3314,58.3314,2.8747e+006
DGC,11/11/2022 00:00:00,59.6571,59.6571,54.2659,54.2659,3.2033e+006
DGC,11/14/2022 00:00:00,50.5539,50.5539,50.5539,50.5539,569200
DGC,11/15/2022 00:00:00,47.0187,47.0187,47.0187,47.0187,248600
DGC,11/16/2022 00:00:00,43.7486,50.2888,43.7486,50.2888,1.29596e+007
DGC,11/17/2022 00:00:00,52.5867,53.7356,51.8796,52.1448,3.0852e+006
DGC,11/18/2022 00:00:00,52.1448,52.2331,48.5211,48.5211,8.5146e+006
DGC,11/21/2022 00:00:00,48.6095,48.8747,45.1627,45.1627,7.2103e+006
DGC,11/22/2022 00:00:00,43.7486,47.2838,42.5112,45.1627,6.143e+006
DGC,11/23/2022 00:00:00,45.1627,47.107,45.1627,45.9581,3.2109e+006
DGC,11/24/2022 00:00:00,45.8697,46.1348,43.8369,45.0743,3.2748e+006
DGC,11/25/2022 00:00:00,45.251,46.4884,43.5718,44.544,4.887e+006
DGC,11/28/2022 00:00:00,45.5162,47.6373,45.3394,47.6373,5.2488e+006
DGC,11/29/2022 00:00:00,49.4933,50.9074,48.5211,50.9074,6.1356e+006
DGC,11/30/2022 00:00:00,51.8796,53.824,51.7028,53.824,4.6532e+006
DGC,12/1/2022 00:00:00,54.7962,56.4754,51.2609,51.2609,6.4201e+006
DGC,12/2/2022 00:00:00,51.2609,54.7962,50.2004,54.7078,5.7844e+006
DGC,12/5/2022 00:00:00,56.5638,56.6522,54.7078,56.5638,4.3948e+006
DGC,12/6/2022 00:00:00,55.2381,59.0385,54.3543,55.68,6.3168e+006
DGC,12/7/2022 00:00:00,55.2381,56.5638,54.0891,55.4148,3.0027e+006
DGC,12/8/2022 00:00:00,56.1219,58.1547,55.5916,56.9173,3.5402e+006
DGC,12/9/2022 00:00:00,56.9173,57.3592,55.2381,56.2103,1.9286e+006
DGC,12/12/2022 00:00:00,56.2103,58.0663,56.2103,57.4476,3.9536e+006
DGC,12/13/2022 00:00:00,57.4476,57.8011,56.387,57.8011,2.803e+006
DGC,12/14/2022 00:00:00,59.0385,61.4248,58.0663,59.7455,4.8328e+006
DGC,12/15/2022 00:00:00,59.8339,60.8945,59.6571,60.2758,1.9968e+006
DGC,12/16/2022 00:00:00,59.2152,60.3642,59.2152,60.1874,3.0788e+006
DGC,12/19/2022 00:00:00,60.8346,60.8346,57.7836,58.2459,3.6813e+006
DGC,12/20/2022 00:00:00,57.5063,58.2459,54.4553,57.1364,4.2739e+006
DGC,12/21/2022 00:00:00,57.1364,58.2459,53.6232,55.7496,1.9166e+006
DGC,12/22/2022 00:00:00,56.3968,56.3968,53.993,55.7496,1.327e+006
DGC,12/23/2022 00:00:00,55.01,55.2874,54.0855,54.5477,1.3629e+006
DGC,12/26/2022 00:00:00,54.1779,54.1779,50.7571,50.7571,2.7606e+006
DGC,12/27/2022 00:00:00,50.3873,53.8081,49.925,53.8081,1.8748e+006
DGC,12/28/2022 00:00:00,54.5477,54.5477,52.3288,54.5477,1.5406e+006
DGC,12/29/2022 00:00:00,54.2704,54.5477,53.1609,53.5307,968900
DGC,12/30/2022 00:00:00,53.4383,54.4553,52.976,54.4553,1.39e+006
DGC,1/3/2023 00:00:00,54.4553,55.8421,53.6232,55.1949,1.7909e+006
DGC,1/4/2023 00:00:00,55.8421,57.2289,55.3798,55.6572,1.7312e+006
DGC,1/5/2023 00:00:00,55.6572,56.7666,55.6572,56.3044,1.3672e+006
DGC,1/6/2023 00:00:00,56.027,56.3968,53.993,54.1779,1.939e+006
DGC,1/9/2023 00:00:00,54.3628,55.1025,53.2534,53.2534,1.265e+006
DGC,1/10/2023 00:00:00,53.6232,53.8081,51.959,52.2364,1.7827e+006
DGC,1/11/2023 00:00:00,52.6987,53.1609,52.1439,52.1439,1.1832e+006
DGC,1/12/2023 00:00:00,52.6987,52.7911,51.6817,51.7741,976400
DGC,1/13/2023 00:00:00,52.6062,53.6232,52.2364,52.6062,1.2561e+006
DGC,1/16/2023 00:00:00,53.0685,53.0685,52.1439,52.1439,845500
DGC,1/17/2023 00:00:00,52.1439,54.6402,52.1439,54.3628,1.8673e+006
DGC,1/18/2023 00:00:00,55.01,55.01,54.2704,54.7326,1.6609e+006
DGC,1/19/2023 00:00:00,54.8251,56.3968,54.8251,55.3798,2.0536e+006
DGC,1/27/2023 00:00:00,56.3968,56.5817,54.0855,54.5477,1.93e+006
DGC,1/30/2023 00:00:00,54.7326,55.01,53.993,53.993,1.9287e+006
DGC,1/31/2023 00:00:00,53.7157,56.1194,53.7157,55.7496,3.8756e+006
DGC,2/1/2023 00:00:00,56.3968,58.4308,55.4723,55.4723,5.2875e+006
DGC,2/2/2023 00:00:00,56.027,57.044,54.1779,54.6402,2.7047e+006
DGC,2/3/2023 00:00:00,55.2874,55.2874,53.6232,54.3628,1.8314e+006
DGC,2/6/2023 00:00:00,54.2704,54.8251,52.8836,53.6232,1.7279e+006
DGC,2/7/2023 00:00:00,53.6232,53.9006,51.3119,51.4043,3.8362e+006
DGC,2/8/2023 00:00:00,51.7741,52.1439,50.0175,50.8496,2.3362e+006
DGC,2/9/2023 00:00:00,51.1269,52.2364,50.8496,51.0345,1.0595e+006
DGC,2/10/2023 00:00:00,51.1269,51.5892,50.6647,50.8496,1.0182e+006
DGC,2/13/2023 00:00:00,50.8496,50.8496,48.076,48.2609,2.5757e+006
DGC,2/14/2023 00:00:00,48.5382,49.3703,48.1684,49.0005,1.6057e+006
DGC,2/15/2023 00:00:00,49.3703,50.11,48.7231,49.5552,1.0272e+006
DGC,2/16/2023 00:00:00,49.6477,50.2024,49.0005,49.2779,1.2047e+006
DGC,2/17/2023 00:00:00,49.4628,49.5552,48.7231,49.0005,997100
DGC,2/20/2023 00:00:00,49.0005,50.5722,48.8156,50.5722,1.8351e+006
DGC,2/21/2023 00:00:00,50.6647,51.2194,50.11,50.4798,1.6555e+006
DGC,2/22/2023 00:00:00,49.7401,50.2024,49.0005,49.0005,2.0648e+006
DGC,2/23/2023 00:00:00,49.0005,49.093,46.8741,48.076,2.5708e+006
DGC,2/24/2023 00:00:00,48.4458,48.4458,46.6892,46.7816,1.3562e+006
DGC,2/27/2023 00:00:00,46.2269,46.9665,45.3948,45.6722,2.1398e+006
DGC,2/28/2023 00:00:00,46.042,46.5967,44.9325,46.3194,1.3096e+006
DGC,3/1/2023 00:00:00,45.8571,46.5043,45.6722,46.5043,827500
DGC,3/2/2023 00:00:00,46.6892,47.6137,46.6892,47.1514,930700
DGC,3/3/2023 00:00:00,47.1514,47.2439,46.1344,46.5043,1.021e+006
DGC,3/6/2023 00:00:00,47.1514,47.1514,46.3194,46.7816,1.522e+006
DGC,3/7/2023 00:00:00,46.7816,47.059,45.9495,46.7816,964900
DGC,3/8/2023 00:00:00,45.7646,46.7816,45.7646,46.7816,953000
DGC,3/9/2023 00:00:00,46.9665,48.1684,46.6892,47.9835,2.007e+006
DGC,3/10/2023 00:00:00,47.5212,49.3703,47.3363,48.6307,2.7112e+006
DGC,3/13/2023 00:00:00,48.076,48.6307,47.4288,47.8911,1.5617e+006
DGC,3/14/2023 00:00:00,47.7062,48.4458,47.1514,47.7062,1.5957e+006
DGC,3/15/2023 00:00:00,48.3533,48.9081,47.8911,48.5382,1.5707e+006
DGC,3/16/2023 00:00:00,47.9835,48.076,47.2439,48.076,1.0341e+006
DGC,3/17/2023 00:00:00,48.076,48.5382,47.7062,48.5382,2.1424e+006
DGC,3/20/2023 00:00:00,48.076,48.3533,46.7816,46.7816,1.2419e+006
DGC,3/21/2023 00:00:00,47.059,47.6137,45.7646,47.1514,1.5515e+006
DGC,3/22/2023 00:00:00,47.5212,47.5212,46.7816,46.7816,458200
DGC,3/23/2023 00:00:00,46.3194,47.1514,46.3194,46.7816,656300
DGC,3/24/2023 00:00:00,46.9665,47.1514,46.5967,46.7816,721600
DGC,3/27/2023 00:00:00,46.7816,47.2439,46.6892,47.1514,877600
DGC,3/28/2023 00:00:00,47.2439,48.2609,47.1514,47.7986,1.458e+006
DGC,3/29/2023 00:00:00,47.7986,47.9835,47.2439,47.9835,815400
DGC,3/30/2023 00:00:00,48.5382,48.9081,47.3363,47.4288,1.2686e+006
DGC,3/31/2023 00:00:00,47.6137,47.7062,46.9665,47.4288,1.2341e+006
DGC,4/3/2023 00:00:00,47.6137,48.1684,47.5212,48.076,1.7347e+006
DGC,4/4/2023 00:00:00,48.3533,49.7401,48.076,49.3703,3.4199e+006
DGC,4/5/2023 00:00:00,49.8326,50.7571,49.4628,50.11,2.3443e+006
DGC,4/6/2023 00:00:00,50.2024,50.6647,49.093,49.093,2.312e+006
DGC,4/7/2023 00:00:00,49.4628,49.5552,48.5382,48.6307,1.3456e+006
DGC,4/10/2023 00:00:00,48.8156,49.7401,48.6307,48.7231,1.8901e+006
DGC,4/11/2023 00:00:00,48.6307,48.9081,48.1684,48.8156,1.2523e+006
DGC,4/12/2023 00:00:00,49.0005,49.8326,48.8156,49.0005,1.4174e+006
DGC,4/13/2023 00:00:00,49.6601,51.4505,49.0947,51.4505,4.832e+006
DGC,4/14/2023 00:00:00,51.8275,53.3352,51.1678,51.1678,4.1157e+006
DGC,4/17/2023 00:00:00,51.3563,51.5448,49.7544,50.2255,2.4543e+006
DGC,4/18/2023 00:00:00,50.2255,51.639,50.1313,50.8851,2.3669e+006
DGC,4/19/2023 00:00:00,50.8851,52.2044,50.3198,50.8851,2.5172e+006
DGC,4/20/2023 00:00:00,50.8851,51.2621,50.414,50.5082,1.2962e+006
DGC,4/21/2023 00:00:00,50.6967,51.2621,49.0005,49.0005,4.2596e+006
DGC,4/24/2023 00:00:00,49.0005,49.5659,48.3409,48.3409,1.8261e+006
DGC,4/25/2023 00:00:00,48.5294,48.9063,48.0582,48.5294,1.8073e+006
DGC,4/26/2023 00:00:00,48.5294,48.6236,47.964,48.4351,1.6604e+006
DGC,4/27/2023 00:00:00,48.6236,49.5659,48.5294,48.6236,1.6641e+006
DGC,4/28/2023 00:00:00,48.9063,49.4717,48.4351,48.5294,1.4933e+006
DGC,5/4/2023 00:00:00,48.6236,49.189,47.964,48.0582,1.6974e+006
DGC,5/5/2023 00:00:00,48.0582,48.7178,48.0582,48.4351,1.1317e+006
DGC,5/8/2023 00:00:00,48.5294,48.812,48.2467,48.7178,1.2941e+006
DGC,5/9/2023 00:00:00,49.0005,49.189,48.4351,48.7178,1.0814e+006
DGC,5/10/2023 00:00:00,48.6236,48.6236,48.1524,48.2467,2.019e+006
DGC,5/11/2023 00:00:00,48.5294,49.8486,48.3409,49.189,3.2869e+006
DGC,5/12/2023 00:00:00,49.189,49.2832,48.6236,48.812,1.492e+006
DGC,5/15/2023 00:00:00,49.0005,49.0947,48.5294,48.5294,1.5373e+006
DGC,5/16/2023 00:00:00,48.7178,48.7178,47.964,48.2467,2.5262e+006
DGC,5/17/2023 00:00:00,48.0582,48.812,47.8697,47.8697,1.8989e+006
DGC,5/18/2023 00:00:00,47.964,47.964,47.4928,47.4928,1.8153e+006
DGC,5/19/2023 00:00:00,47.587,47.7755,47.1159,47.3043,1.7414e+006
DGC,5/22/2023 00:00:00,47.3043,47.6813,47.1159,47.4928,1.4736e+006
DGC,5/23/2023 00:00:00,47.6813,49.0005,47.3986,48.4351,2.3673e+006
DGC,5/24/2023 00:00:00,48.5294,48.7178,47.7755,47.8697,1.0687e+006
DGC,5/25/2023 00:00:00,47.6813,47.8697,47.3043,47.7755,1.3696e+006
DGC,5/26/2023 00:00:00,47.964,48.4351,47.3043,47.3986,1.5588e+006
DGC,5/29/2023 00:00:00,47.7755,49.0005,47.3986,48.5294,2.6876e+006
DGC,5/30/2023 00:00:00,49.0005,50.7909,48.7178,50.6967,7.5088e+006
DGC,5/31/2023 00:00:00,50.9794,51.1678,50.2255,50.5082,3.329e+006
DGC,6/1/2023 00:00:00,50.5082,51.7332,50.5082,51.4505,5.1563e+006
DGC,6/2/2023 00:00:00,51.8275,53.0525,51.5448,53.0525,6.2207e+006
DGC,6/5/2023 00:00:00,53.8063,56.7275,52.7698,55.691,8.4375e+006
DGC,6/6/2023 00:00:00,55.7852,56.5391,55.2198,56.3506,3.6377e+006
DGC,6/7/2023 00:00:00,56.3506,58.3295,56.1621,56.916,4.5546e+006
DGC,6/8/2023 00:00:00,56.916,57.4814,55.5967,55.5967,4.842e+006
DGC,6/9/2023 00:00:00,55.9737,59.4602,55.4083,59.4602,9.2223e+006
DGC,6/12/2023 00:00:00,60.591,61.1564,58.9891,60.7795,3.4914e+006
DGC,6/13/2023 00:00:00,61.0622,61.0622,58.2352,59.0833,5.3734e+006
DGC,6/14/2023 00:00:00,59.366,59.9314,57.9525,57.9525,3.2748e+006
DGC,6/15/2023 00:00:00,57.9525,59.0833,57.7641,58.8948,3.4458e+006
DGC,6/16/2023 00:00:00,59.4602,60.1199,57.8583,57.8583,4.7127e+006
DGC,6/19/2023 00:00:00,57.8583,58.3295,57.1987,57.6698,3.2356e+006
DGC,6/20/2023 00:00:00,58.2352,59.2718,57.6698,59.2718,2.8211e+006
DGC,6/21/2023 00:00:00,59.366,60.2141,59.1775,60.0256,3.6835e+006
DGC,6/22/2023 00:00:00,60.3083,62.5699,59.8372,62.193,6.3962e+006
DGC,6/23/2023 00:00:00,62.0987,62.193,61.0622,61.5333,3.4148e+006
DGC,6/26/2023 00:00:00,61.2506,62.4757,60.1199,61.1564,3.8429e+006
DGC,6/27/2023 00:00:00,61.2506,63.1353,60.9679,61.7218,4.1617e+006
DGC,6/28/2023 00:00:00,61.7218,62.7583,61.6276,61.6276,2.9121e+006
DGC,6/29/2023 00:00:00,62.0045,62.0045,59.366,59.366,6.249e+006
DGC,6/30/2023 00:00:00,59.366,60.4968,59.1775,60.1199,1.9247e+006
DGC,7/3/2023 00:00:00,61.1564,61.816,60.1199,60.1199,2.1875e+006
DGC,7/4/2023 00:00:00,60.1199,61.0622,60.0256,61.0622,2.3348e+006
DGC,7/5/2023 00:00:00,61.7218,63.8891,61.2506,62.7583,9.0331e+006
DGC,7/6/2023 00:00:00,62.8526,63.6064,62.3814,63.6064,4.7353e+006
DGC,7/7/2023 00:00:00,63.418,64.8314,63.3237,63.8891,3.434e+006
DGC,7/10/2023 00:00:00,63.9834,64.3603,63.5122,63.8891,3.7165e+006
DGC,7/11/2023 00:00:00,63.9834,63.9834,62.3814,62.7583,5.0924e+006
DGC,7/12/2023 00:00:00,63.1353,64.4545,62.4757,63.7949,4.5381e+006
DGC,7/13/2023 00:00:00,64.2661,68.2238,64.2661,67.093,6.6151e+006
DGC,7/14/2023 00:00:00,67.8469,68.6949,66.6218,67.4699,3.8562e+006
DGC,7/17/2023 00:00:00,67.8469,68.4122,67.093,67.2815,2.3404e+006
DGC,7/18/2023 00:00:00,67.5642,68.318,66.6218,66.7161,3.2669e+006
DGC,7/19/2023 00:00:00,66.9045,67.6584,66.4334,66.9045,2.8354e+006
DGC,7/20/2023 00:00:00,67.093,69.2603,67.093,68.6949,5.1169e+006
DGC,7/21/2023 00:00:00,68.8834,69.6373,68.6007,68.7892,3.264e+006
DGC,7/24/2023 00:00:00,68.8834,68.8834,67.4699,68.1296,4.5822e+006
DGC,7/25/2023 00:00:00,68.5065,68.7892,67.3757,68.1296,3.3598e+006
DGC,7/26/2023 00:00:00,68.1296,69.543,67.5642,67.8469,3.1654e+006
DGC,7/27/2023 00:00:00,67.8469,67.9411,66.5276,67.1872,4.5493e+006
DGC,7/28/2023 00:00:00,67.3757,68.6949,66.9988,68.4122,3.0385e+006
DGC,7/31/2023 00:00:00,69.0719,69.2603,67.8469,67.8469,2.8874e+006
DGC,8/1/2023 00:00:00,68.318,71.5219,67.2815,70.1084,7.6671e+006
DGC,8/2/2023 00:00:00,69.7315,70.9565,69.4488,69.8257,2.2024e+006
DGC,8/3/2023 00:00:00,69.7315,71.145,69.1661,69.8257,3.3684e+006
DGC,8/4/2023 00:00:00,69.92,71.0507,69.6373,70.2027,2.5969e+006
DGC,8/7/2023 00:00:00,70.5796,70.768,69.4488,69.6373,3.3867e+006
DGC,8/8/2023 00:00:00,69.7315,70.8623,69.3546,70.2969,3.1143e+006
DGC,8/9/2023 00:00:00,70.6738,70.6738,69.6373,69.7315,2.1601e+006
DGC,8/10/2023 00:00:00,69.7315,71.4277,69.543,69.92,5.0851e+006
DGC,8/11/2023 00:00:00,70.5796,70.6738,68.5065,69.0719,5.3493e+006
DGC,8/14/2023 00:00:00,69.2603,70.0142,68.6949,69.1661,2.5456e+006
DGC,8/15/2023 00:00:00,69.6373,71.9931,69.0719,71.9931,6.3865e+006
DGC,8/16/2023 00:00:00,72.37,72.4642,70.8623,71.3334,2.6656e+006
DGC,8/17/2023 00:00:00,71.3334,71.9931,70.9565,71.2392,3.0937e+006
DGC,8/18/2023 00:00:00,70.768,71.2392,66.3391,66.4334,9.7117e+006
DGC,8/21/2023 00:00:00,66.5276,67.5642,65.0199,65.9622,3.5993e+006
DGC,8/22/2023 00:00:00,66.6218,66.9988,63.1353,66.9045,3.5166e+006
DGC,8/23/2023 00:00:00,67.7526,68.7892,67.1872,68.2238,2.979e+006
DGC,8/24/2023 00:00:00,68.318,71.145,68.0353,70.768,5.1289e+006
DGC,8/25/2023 00:00:00,70.8623,75.3854,70.5796,75.1969,8.2194e+006
DGC,8/28/2023 00:00:00,75.4796,78.9662,75.4796,78.9662,4.2252e+006
DGC,8/29/2023 00:00:00,79.0604,79.5316,77.3643,78.2123,3.441e+006
DGC,8/30/2023 00:00:00,78.4008,80.1912,78.2123,78.872,2.2853e+006
DGC,8/31/2023 00:00:00,79.1547,82.4528,78.6835,82.4528,3.4168e+006
DGC,9/5/2023 00:00:00,82.8297,85.8451,81.6047,85.7509,3.2823e+006
DGC,9/6/2023 00:00:00,85.7509,87.3528,84.3374,85.5624,3.4673e+006
DGC,9/7/2023 00:00:00,85.6567,86.8817,83.8663,83.8663,2.8821e+006
DGC,9/8/2023 00:00:00,84.8086,88.4836,84.3374,87.0701,4.5095e+006
DGC,9/11/2023 00:00:00,88.5778,88.5778,84.9028,85.6567,4.8776e+006
DGC,9/12/2023 00:00:00,85.8451,87.1644,85.5624,86.8817,2.1611e+006
DGC,9/13/2023 00:00:00,88.1067,88.1067,85.374,85.5624,4.3088e+006
DGC,9/14/2023 00:00:00,85.0913,87.4471,84.9028,85.5624,3.4337e+006
DGC,9/15/2023 00:00:00,85.9394,86.9759,85.2797,85.5624,2.3154e+006
DGC,9/18/2023 00:00:00,84.8086,85.5624,83.2066,84.0547,4.0256e+006
DGC,9/19/2023 00:00:00,84.1489,87.9182,84.1489,87.4471,5.1099e+006
DGC,9/20/2023 00:00:00,87.824,91.876,87.824,90.3682,3.4626e+006
DGC,9/21/2023 00:00:00,90.4625,91.4048,88.2009,88.5778,3.4914e+006
DGC,9/22/2023 00:00:00,87.1644,93.8548,86.1278,92.3471,7.37e+006
DGC,9/25/2023 00:00:00,92.3471,93.0067,85.9394,85.9394,5.1559e+006
DGC,9/26/2023 00:00:00,84.8086,88.2952,84.8086,85.2797,5.426e+006
DGC,9/27/2023 00:00:00,86.599,86.6932,81.0393,86.3163,5.5599e+006
DGC,9/28/2023 00:00:00,86.5047,88.5778,84.7143,88.4836,3.6372e+006
DGC,9/29/2023 00:00:00,89.5202,89.9913,87.5413,88.1067,2.7177e+006
DGC,10/2/2023 00:00:00,87.6355,89.049,87.4471,88.2952,1.8947e+006
DGC,10/3/2023 00:00:00,87.6355,87.824,84.7143,85.7509,4.5868e+006
DGC,10/4/2023 00:00:00,84.8086,89.9913,83.8663,89.049,6.0627e+006
DGC,10/5/2023 00:00:00,89.7086,91.4048,87.6355,87.6355,3.4981e+006
DGC,10/6/2023 00:00:00,88.4836,90.274,86.7874,89.5202,2.4516e+006
DGC,10/9/2023 00:00:00,89.6144,92.8183,89.6144,91.4048,4.0708e+006
DGC,10/10/2023 00:00:00,92.3471,92.3471,89.5202,89.8029,3.4522e+006
DGC,10/11/2023 00:00:00,89.8029,91.4048,89.2375,91.4048,1.8898e+006
DGC,10/12/2023 00:00:00,91.876,95.1741,91.0279,92.2529,4.3668e+006
DGC,10/13/2023 00:00:00,91.3106,93.7606,91.1221,93.5721,3.2823e+006
DGC,10/16/2023 00:00:00,93.4779,94.0433,90.9336,91.3106,3.2521e+006
DGC,10/17/2023 00:00:00,91.5933,92.2529,84.997,84.997,3.0496e+006
DGC,10/18/2023 00:00:00,86.7874,87.1644,81.7932,85.8451,7.1166e+006
DGC,10/19/2023 00:00:00,86.0336,86.2221,83.4893,84.6201,2.735e+006
DGC,10/20/2023 00:00:00,84.6201,85.7509,80.9451,85.6567,5.009e+006
DGC,10/23/2023 00:00:00,85.2797,85.6567,81.5105,82.4528,3.8128e+006
DGC,10/24/2023 00:00:00,82.7355,85.374,82.4528,84.7143,2.0178e+006
DGC,10/25/2023 00:00:00,84.7143,85.2797,83.3951,84.1489,1.5086e+006
DGC,10/26/2023 00:00:00,82.4528,82.8297,78.3066,80.097,6.7041e+006
DGC,10/27/2023 00:00:00,80.097,81.1335,76.422,80.097,1.8232e+006
DGC,10/30/2023 00:00:00,78.6835,80.3797,76.7989,76.7989,1.8263e+006
DGC,10/31/2023 00:00:00,77.7412,77.8354,74.0662,74.4431,3.7532e+006
DGC,11/1/2023 00:00:00,74.6315,75.6681,72.0873,75.6681,3.4124e+006
DGC,11/2/2023 00:00:00,77.27,80.9451,76.3277,80.8508,3.1078e+006
DGC,11/3/2023 00:00:00,81.6989,81.6989,79.9085,80.8508,2.0055e+006
DGC,11/6/2023 00:00:00,81.4162,83.8663,80.6624,83.3009,2.1956e+006
DGC,11/7/2023 00:00:00,82.8297,84.5259,81.5105,82.9239,1.8386e+006
DGC,11/8/2023 00:00:00,82.8297,87.6355,82.6412,87.6355,2.9978e+006
DGC,11/9/2023 00:00:00,87.6355,89.2375,87.0701,87.4471,2.8021e+006
DGC,11/10/2023 00:00:00,86.5047,89.8029,86.5047,87.6355,2.711e+006
DGC,11/13/2023 00:00:00,87.7298,88.8605,86.4105,87.9182,1.6546e+006
DGC,11/14/2023 00:00:00,88.5778,89.7086,87.4471,88.1067,2.2324e+006
DGC,11/15/2023 00:00:00,89.5202,89.5202,88.5778,88.5778,1.914e+006
DGC,11/16/2023 00:00:00,88.3894,90.6509,87.7298,90.274,2.7604e+006
DGC,11/17/2023 00:00:00,90.4625,90.4625,87.1644,87.9182,2.7817e+006
DGC,11/20/2023 00:00:00,86.0336,88.7663,86.0336,87.9182,1.8401e+006
DGC,11/21/2023 00:00:00,89.049,89.5202,88.1067,89.4259,2.0321e+006
DGC,11/22/2023 00:00:00,89.9913,92.2529,89.7086,90.6509,3.8549e+006
DGC,11/23/2023 00:00:00,91.3106,91.4048,87.5413,87.5413,2.5977e+006
DGC,11/24/2023 00:00:00,88.3894,89.9913,86.0336,89.9913,3.1156e+006
DGC,11/27/2023 00:00:00,90.274,90.3682,88.5778,88.7663,795100
DGC,11/28/2023 00:00:00,88.7663,88.8605,86.7874,88.8605,1.7495e+006
DGC,11/29/2023 00:00:00,89.3317,90.7452,89.3317,90.274,2.1531e+006
DGC,11/30/2023 00:00:00,90.274,90.8394,89.049,89.049,1.6022e+006
DGC,12/1/2023 00:00:00,89.6144,89.8971,87.824,89.6144,1.6776e+006
DGC,12/4/2023 00:00:00,90.8394,91.9702,90.1798,91.876,3.1906e+006
DGC,12/5/2023 00:00:00,92.0644,93.4779,91.4048,91.6875,2.049e+006
DGC,12/6/2023 00:00:00,91.4048,92.3471,91.1221,92.3471,1.5144e+006
DGC,12/7/2023 00:00:00,92.3471,93.2894,89.6144,91.5933,4.0013e+006
DGC,12/8/2023 00:00:00,91.1221,92.3471,90.6509,92.1587,1.476e+006
DGC,12/11/2023 00:00:00,92.5356,92.6298,91.1221,92.1587,1.0678e+006
DGC,12/12/2023 00:00:00,92.1587,92.3471,91.3106,91.4048,1.1493e+006
DGC,12/13/2023 00:00:00,91.6875,91.9702,90.3682,90.3682,1.9504e+006
DGC,12/14/2023 00:00:00,90.5567,91.2163,89.1432,89.5202,1.5921e+006
DGC,12/15/2023 00:00:00,89.5202,89.5202,87.9182,87.9182,2.6586e+006
DGC,12/18/2023 00:00:00,88.5778,89.4259,86.8817,88.3894,1.6226e+006
DGC,12/19/2023 00:00:00,89.3628,89.8496,88.1947,89.8496,1.6085e+006
DGC,12/20/2023 00:00:00,89.7522,89.9469,88.7788,89.1681,1.0006e+006
DGC,12/21/2023 00:00:00,89.0708,89.0708,87.708,88.5841,1.7596e+006
DGC,12/22/2023 00:00:00,88.5841,88.5841,87.5133,88.0973,1.4214e+006
DGC,12/25/2023 00:00:00,88.1947,89.9469,87.8053,89.3628,960900
DGC,12/26/2023 00:00:00,89.7522,92.2832,89.6549,91.4071,3.0274e+006
DGC,12/27/2023 00:00:00,91.9911,92.2832,91.2124,91.6018,1.5017e+006
DGC,12/28/2023 00:00:00,91.6018,92.8673,91.0177,91.5044,1.6862e+006
DGC,12/29/2023 00:00:00,91.2124,91.8938,91.2124,91.8938,1.2965e+006
DGC,1/2/2024 00:00:00,92.0885,92.3805,90.823,91.3097,1.4668e+006
DGC,1/3/2024 00:00:00,90.7257,91.5044,90.7257,91.5044,1.5299e+006
DGC,1/4/2024 00:00:00,91.6991,96.3717,91.6991,93.4513,5.6276e+006
DGC,1/5/2024 00:00:00,93.7434,94.2301,92.3805,92.9646,1.4306e+006
DGC,1/8/2024 00:00:00,93.4513,93.938,91.5044,91.6018,2.5634e+006
DGC,1/9/2024 00:00:00,91.5044,92.2832,90.7257,91.4071,2.3357e+006
DGC,1/10/2024 00:00:00,91.115,91.7965,89.0708,90.0443,3.8805e+006
DGC,1/11/2024 00:00:00,90.0443,90.4336,89.1681,90.0443,1.7963e+006
DGC,1/12/2024 00:00:00,89.2655,90.0443,88.7788,89.1681,1.7781e+006
DGC,1/15/2024 00:00:00,89.1681,89.7522,89.0708,89.0708,929600
DGC,1/16/2024 00:00:00,89.0708,91.0177,88.7788,91.0177,1.2338e+006
DGC,1/17/2024 00:00:00,90.531,90.823,89.2655,89.3628,1.7941e+006
DGC,1/18/2024 00:00:00,89.3628,90.531,89.2655,89.7522,1.0582e+006
DGC,1/19/2024 00:00:00,90.0443,90.531,89.3628,89.3628,1.0462e+006
DGC,1/22/2024 00:00:00,89.3628,89.5575,88,89.0708,1.7056e+006
DGC,1/23/2024 00:00:00,88.5841,89.0708,86.8319,87.2212,3.7657e+006
DGC,1/24/2024 00:00:00,87.3186,88,86.9292,86.9292,1.4591e+006
DGC,1/25/2024 00:00:00,86.6372,86.8319,85.469,85.6637,3.3664e+006
DGC,1/26/2024 00:00:00,85.469,86.8319,85.469,86.5398,1.0577e+006
DGC,1/29/2024 00:00:00,86.6372,88.4867,86.6372,87.5133,1.4073e+006
DGC,1/30/2024 00:00:00,87.5133,88,87.0266,88,976500
DGC,1/31/2024 00:00:00,88.292,88.5841,86.7345,88,1.6039e+006
DGC,2/1/2024 00:00:00,87.8053,88.3894,87.4159,88.1947,1.0595e+006
DGC,2/2/2024 00:00:00,88.6814,88.9734,87.9027,88.292,1.2281e+006
DGC,2/5/2024 00:00:00,88.4867,89.0708,88.0973,88.3894,1.0021e+006
DGC,2/6/2024 00:00:00,88.3894,93.062,88.1947,93.062,4.8052e+006
DGC,2/7/2024 00:00:00,93.4513,95.3009,93.2566,93.646,2.7526e+006
DGC,2/15/2024 00:00:00,94.1327,94.5221,92.6726,92.8673,1.7078e+006
DGC,2/16/2024 00:00:00,92.8673,93.938,91.9911,92.9646,2.5507e+006
DGC,2/19/2024 00:00:00,93.5487,95.9823,92.6726,94.0354,4.079e+006
DGC,2/20/2024 00:00:00,93.938,96.177,93.1593,96.0796,4.5998e+006
DGC,2/21/2024 00:00:00,98.3186,100.265,97.0531,99,5.4698e+006
DGC,2/22/2024 00:00:00,99,100.071,98.0266,98.5133,2.8425e+006
DGC,2/23/2024 00:00:00,98.8053,100.655,96.9557,97.3451,4.4351e+006
DGC,2/26/2024 00:00:00,98.3186,104.159,97.3451,104.159,7.509e+006
DGC,2/27/2024 00:00:00,106.593,108.637,105.619,108.637,4.1606e+006
DGC,2/28/2024 00:00:00,108.735,109.416,107.274,107.566,2.7838e+006
DGC,2/29/2024 00:00:00,107.664,111.752,106.69,109.027,3.0796e+006
DGC,3/1/2024 00:00:00,110,112.239,109.319,110.973,2.9985e+006
DGC,3/4/2024 00:00:00,112.434,112.434,108.735,109.124,3.9286e+006
DGC,3/5/2024 00:00:00,108.54,112.434,108.54,110.389,2.8537e+006
DGC,3/6/2024 00:00:00,109.805,110.487,106.885,110,3.6781e+006
DGC,3/7/2024 00:00:00,109.416,117.69,108.053,117.69,7.3467e+006
DGC,3/8/2024 00:00:00,118.761,119.637,114.867,116.23,2.3829e+006
DGC,3/11/2024 00:00:00,116.522,118.761,114.186,114.867,2.7921e+006
DGC,3/12/2024 00:00:00,114.867,117.301,114.575,115.743,2.1372e+006
DGC,3/13/2024 00:00:00,117.301,123.823,116.327,123.823,3.8052e+006
DGC,3/14/2024 00:00:00,125.478,128.009,123.726,124.796,3.4476e+006
DGC,3/15/2024 00:00:00,125.965,125.965,122.655,123.628,2.5105e+006
DGC,3/18/2024 00:00:00,124.115,124.115,115.062,115.062,1.32686e+007
DGC,3/19/2024 00:00:00,116.717,118.664,113.894,115.841,2.8294e+006
DGC,3/20/2024 00:00:00,116.717,120.416,115.451,119.54,2.9149e+006
DGC,3/21/2024 00:00:00,121.195,121.292,116.327,119.735,2.7929e+006
DGC,3/22/2024 00:00:00,119.735,121.195,118.08,120.319,2.3126e+006
DGC,3/25/2024 00:00:00,119.735,120.319,115.354,116.814,2.7447e+006
DGC,3/26/2024 00:00:00,116.814,117.496,115.062,117.496,1.8307e+006
DGC,3/27/2024 00:00:00,117.496,117.885,115.841,117.496,1.5166e+006
DGC,3/28/2024 00:00:00,118.664,121.681,118.274,120.611,2.4172e+006
DGC,3/29/2024 00:00:00,120.611,121,118.761,120.124,1.9709e+006
DGC,4/1/2024 00:00:00,119.248,119.637,116.912,117.106,2.4027e+006
DGC,4/2/2024 00:00:00,116.717,119.345,115.354,119.345,2.4433e+006
DGC,4/3/2024 00:00:00,119.442,124.115,118.761,119.15,4.3195e+006
DGC,4/4/2024 00:00:00,119.15,119.735,117.788,119.345,1.6898e+006
DGC,4/5/2024 00:00:00,117.788,119.248,116.425,116.522,2.2401e+006
DGC,4/8/2024 00:00:00,116.619,117.204,112.434,112.92,3.2681e+006
DGC,4/9/2024 00:00:00,112.92,114.478,112.92,113.894,1.1641e+006
DGC,4/10/2024 00:00:00,114.478,115.257,113.407,114.77,1.4403e+006
DGC,4/11/2024 00:00:00,113.894,117.301,113.602,116.717,1.5227e+006
DGC,4/12/2024 00:00:00,117.301,117.301,115.646,116.035,1.0732e+006
DGC,4/15/2024 00:00:00,115.646,118.664,108.053,108.15,2.9891e+006
DGC,4/16/2024 00:00:00,105.133,111.265,105.133,110.487,4.5363e+006
DGC,4/17/2024 00:00:00,111.265,111.46,108.15,108.15,1.5523e+006
DGC,4/19/2024 00:00:00,106.106,109.416,104.159,105.133,3.1221e+006
DGC,4/22/2024 00:00:00,107.08,108.053,105.23,107.08,2.0559e+006
DGC,4/23/2024 00:00:00,107.858,107.858,105.133,107.08,1.6685e+006
DGC,4/24/2024 00:00:00,107.469,113.212,107.469,113.212,3.0292e+006
DGC,4/25/2024 00:00:00,113.212,113.212,111.363,113.018,1.5392e+006
DGC,4/26/2024 00:00:00,111.46,117.301,111.46,115.646,3.7396e+006
DGC,5/2/2024 00:00:00,115.646,117.788,113.894,117.009,2.3597e+006
DGC,5/3/2024 00:00:00,117.788,118.761,115.257,115.841,2.2441e+006
DGC,5/6/2024 00:00:00,116.814,120.221,116.23,119.248,2.663e+006
DGC,5/7/2024 00:00:00,119.442,122.265,119.248,119.248,2.7237e+006
DGC,5/8/2024 00:00:00,117.788,120.221,117.204,120.221,3.3326e+006
DGC,5/9/2024 00:00:00,121.681,127.522,121.195,121.487,6.9053e+006
DGC,5/10/2024 00:00:00,121.681,122.752,119.54,120.513,2.9041e+006
DGC,5/13/2024 00:00:00,120.513,120.611,116.814,119.345,3.3782e+006
DGC,5/14/2024 00:00:00,119.248,121.292,117.982,121,2.4814e+006
DGC,5/15/2024 00:00:00,122.265,123.531,120.513,122.752,3.2498e+006
DGC,5/16/2024 00:00:00,123.628,124.894,122.265,122.655,2.9877e+006
DGC,5/17/2024 00:00:00,122.655,124.212,122.168,122.85,2.1886e+006
DGC,5/20/2024 00:00:00,124.407,124.407,121.292,121.292,3.4183e+006
DGC,5/21/2024 00:00:00,120.805,123.628,119.735,122.655,2.5308e+006
DGC,5/22/2024 00:00:00,123.336,124.018,120.221,122.558,2.8363e+006
DGC,5/23/2024 00:00:00,122.168,125.478,121.487,124.212,3.351e+006
DGC,5/24/2024 00:00:00,124.115,128.009,121.681,123.628,7.2369e+006
DGC,5/27/2024 00:00:00,122.752,123.628,120.903,122.947,2.6711e+006
DGC,5/28/2024 00:00:00,123.142,124.602,122.168,123.531,2.3169e+006
DGC,5/29/2024 00:00:00,123.726,127.035,122.168,123.239,3.9423e+006
DGC,5/30/2024 00:00:00,121.876,122.363,119.248,121.681,4.1698e+006
DGC,5/31/2024 00:00:00,121.681,123.628,120.611,122.655,2.2222e+006
DGC,6/3/2024 00:00:00,121.779,123.142,118.274,122.071,6.3488e+006
DGC,6/4/2024 00:00:00,122.655,122.655,120.319,120.708,2.9403e+006
DGC,6/5/2024 00:00:00,120.708,121.779,119.442,119.735,3.2442e+006
DGC,6/6/2024 00:00:00,120.319,120.319,117.301,117.69,5.4383e+006
DGC,6/7/2024 00:00:00,117.496,119.735,117.398,118.566,1.947e+006
DGC,6/10/2024 00:00:00,118.566,119.15,117.788,118.274,1.5318e+006
DGC,6/11/2024 00:00:00,118.566,120.416,118.274,118.761,2.7751e+006
DGC,6/12/2024 00:00:00,118.761,119.929,118.469,119.929,1.7673e+006
DGC,6/13/2024 00:00:00,120.124,120.416,118.858,120.027,1.95e+006
DGC,6/14/2024 00:00:00,120.027,120.319,118.469,118.469,2.9358e+006
DGC,6/17/2024 00:00:00,118.469,119.15,117.106,118.274,2.2125e+006
DGC,6/18/2024 00:00:00,118.372,126.549,117.788,126.549,1.35902e+007
DGC,6/19/2024 00:00:00,128.009,128.496,124.31,124.796,3.7627e+006
DGC,6/20/2024 00:00:00,124.894,128.982,124.894,126.549,5.0064e+006
DGC,6/21/2024 00:00:00,127.23,130.442,127.133,128.301,4.3199e+006
DGC,6/24/2024 00:00:00,128.496,128.496,121.195,121.292,8.8997e+006
DGC,6/25/2024 00:00:00,121.195,122.168,119.735,121.389,2.9156e+006
DGC,6/26/2024 00:00:00,121.681,121.973,118.761,121.681,3.667e+006
DGC,6/27/2024 00:00:00,120.903,121.681,119.832,120.513,1.688e+006
DGC,6/28/2024 00:00:00,120.708,121,116.814,119.248,3.7256e+006
DGC,7/1/2024 00:00:00,118.761,119.345,116.912,118.761,2.813e+006
DGC,7/2/2024 00:00:00,118.761,120.319,117.301,120.027,1.1922e+006
DGC,7/3/2024 00:00:00,120.124,123.142,119.637,121.487,2.8217e+006
DGC,7/4/2024 00:00:00,121.973,122.947,120.611,121.681,1.7506e+006
DGC,7/5/2024 00:00:00,122.46,122.947,120.611,121.681,1.9762e+006
DGC,7/8/2024 00:00:00,123.142,125.867,121.584,123.92,3.9868e+006
DGC,7/9/2024 00:00:00,124.796,126.062,123.434,124.602,2.4128e+006
DGC,7/10/2024 00:00:00,124.602,126.354,121.973,123.142,3.3131e+006
DGC,7/11/2024 00:00:00,123.628,124.115,121.973,122.85,1.8413e+006
DGC,7/12/2024 00:00:00,122.168,123.142,121.487,122.168,1.5056e+006
DGC,7/15/2024 00:00:00,122.655,124.212,121.681,122.071,1.704e+006
DGC,7/16/2024 00:00:00,122.071,122.558,120.513,122.071,1.6729e+006
DGC,7/17/2024 00:00:00,122.071,122.363,117.204,120.513,3.7876e+006
DGC,7/18/2024 00:00:00,119.442,119.735,117.496,119.735,2.5252e+006
DGC,7/19/2024 00:00:00,119.345,119.735,118.08,118.08,1.3807e+006
DGC,7/22/2024 00:00:00,118.08,118.08,110.195,110.973,6.2347e+006
DGC,7/23/2024 00:00:00,110.973,112.142,104.159,105.522,5.5757e+006
DGC,7/24/2024 00:00:00,103.673,109.416,103.673,107.08,3.1132e+006
DGC,7/25/2024 00:00:00,106.788,108.053,105.814,108.053,1.1709e+006
DGC,7/26/2024 00:00:00,108.442,110.876,108.053,110.195,2.5956e+006
DGC,7/29/2024 00:00:00,110.973,111.363,109.708,110,1.0963e+006
DGC,7/30/2024 00:00:00,110,110,107.08,109.416,1.7222e+006
DGC,7/31/2024 00:00:00,109.903,109.903,108.053,109.027,1.3433e+006
DGC,8/1/2024 00:00:00,108.637,108.929,102.504,103.186,3.1563e+006
DGC,8/2/2024 00:00:00,101.142,105.619,99.292,104.257,3.2251e+006
DGC,8/5/2024 00:00:00,101.239,103.965,97.4425,98.5133,3.3267e+006
DGC,8/6/2024 00:00:00,99.292,103.186,97.3451,103.186,2.4515e+006
DGC,8/7/2024 00:00:00,104.062,104.062,100.752,103.186,1.5438e+006
DGC,8/8/2024 00:00:00,101.92,102.602,99.7788,101.239,2.0295e+006
DGC,8/9/2024 00:00:00,101.92,103.77,101.336,103.673,2.0294e+006
DGC,8/12/2024 00:00:00,103.673,107.566,101.628,105.717,2.4777e+006
DGC,8/13/2024 00:00:00,105.814,107.566,104.257,106.106,1.5177e+006
DGC,8/14/2024 00:00:00,106.69,107.761,104.646,104.743,1.4785e+006
DGC,8/15/2024 00:00:00,105.035,105.035,101.239,103.673,2.6665e+006
DGC,8/16/2024 00:00:00,103.867,108.54,102.31,107.858,2.9549e+006
DGC,8/19/2024 00:00:00,108.345,108.54,107.08,107.956,1.2224e+006
DGC,8/20/2024 00:00:00,107.956,109.027,107.274,109.027,1.8648e+006
DGC,8/21/2024 00:00:00,109.027,110.292,108.15,109.805,1.6668e+006
DGC,8/22/2024 00:00:00,109.805,110.195,108.929,110,1.2547e+006
DGC,8/23/2024 00:00:00,109.903,110,108.15,109.903,1.2881e+006
DGC,8/26/2024 00:00:00,109.805,109.805,108.053,108.053,1.2815e+006
DGC,8/27/2024 00:00:00,107.858,107.858,106.009,106.69,1.7758e+006
DGC,8/28/2024 00:00:00,107.274,107.469,106.106,107.08,1.3071e+006
DGC,8/29/2024 00:00:00,107.177,108.345,106.398,108.345,1.121e+006
DGC,8/30/2024 00:00:00,108.345,111.947,108.345,110.681,4.0977e+006
DGC,9/4/2024 00:00:00,110.487,114.186,109.611,112.142,3.7252e+006
DGC,9/5/2024 00:00:00,111.168,112.726,110,110.681,2.0202e+006
DGC,9/6/2024 00:00:00,110.097,110.973,108.929,110.973,1.8397e+006
DGC,9/9/2024 00:00:00,110.779,110.779,108.832,110.487,1.644e+006
DGC,9/10/2024 00:00:00,110.097,110.779,108.929,110,1.4198e+006
DGC,9/11/2024 00:00:00,109.221,110,108.54,109.903,1.0846e+006
DGC,9/12/2024 00:00:00,110,111.85,109.416,110.487,1.9695e+006
DGC,9/13/2024 00:00:00,110.584,110.876,109.513,110.487,774800
DGC,9/16/2024 00:00:00,110.487,111.752,109.124,109.124,1.8055e+006
DGC,9/17/2024 00:00:00,109.124,110.779,108.929,110.779,1.1906e+006
DGC,9/18/2024 00:00:00,110.973,111.752,110.487,110.584,1.6709e+006
DGC,9/19/2024 00:00:00,111.46,111.752,110.097,111.558,1.518e+006
DGC,9/20/2024 00:00:00,112.531,114.77,112.044,112.239,2.9804e+006
DGC,9/23/2024 00:00:00,111.947,112.142,111.071,111.947,1.1828e+006
DGC,9/24/2024 00:00:00,111.947,112.434,111.363,112.434,1.0893e+006
DGC,9/25/2024 00:00:00,112.628,113.504,112.336,112.434,1.3373e+006
DGC,9/26/2024 00:00:00,112.531,113.407,111.46,112.044,1.7151e+006
DGC,9/27/2024 00:00:00,112.726,113.212,111.558,111.947,1.5879e+006
DGC,9/30/2024 00:00:00,111.947,112.531,111.265,112.434,1.0801e+006
DGC,10/1/2024 00:00:00,112.434,115.646,112.434,112.92,3.4457e+006
DGC,10/2/2024 00:00:00,113.018,113.407,111.85,112.92,1.8086e+006
DGC,10/3/2024 00:00:00,112.92,113.018,111.46,111.558,1.8147e+006
DGC,10/4/2024 00:00:00,111.558,111.655,110.292,110.487,1.8843e+006
DGC,10/7/2024 00:00:00,110.487,111.168,109.708,110.973,1.233e+006
DGC,10/8/2024 00:00:00,110.876,111.071,110,110.876,969100
DGC,10/9/2024 00:00:00,110.876,112.336,110.681,111.947,1.1773e+006
DGC,10/10/2024 00:00:00,112.044,115.159,112.044,112.726,3.3589e+006
DGC,10/11/2024 00:00:00,113.407,113.504,112.044,112.434,680400
DGC,10/14/2024 00:00:00,112.92,114.673,112.434,113.115,1.7683e+006
DGC,10/15/2024 00:00:00,113.115,113.699,112.142,112.336,1.2394e+006
DGC,10/16/2024 00:00:00,112.336,112.628,110.876,112.142,1.8378e+006
DGC,10/17/2024 00:00:00,112.142,112.142,110.779,111.558,1.1731e+006
DGC,10/18/2024 00:00:00,111.558,112.239,110.973,110.973,831000
DGC,10/21/2024 00:00:00,111.071,111.655,110,110,1.4619e+006
DGC,10/22/2024 00:00:00,110,110.292,107.664,108.15,3.5248e+006
DGC,10/23/2024 00:00:00,108.54,108.735,106.885,108.053,1.6251e+006
DGC,10/24/2024 00:00:00,108.54,110,107.566,107.566,1.6937e+006
DGC,10/25/2024 00:00:00,107.566,108.345,106.204,106.204,1.8054e+006
DGC,10/28/2024 00:00:00,106.301,107.566,106.106,107.566,788700
DGC,10/29/2024 00:00:00,108.053,109.416,107.08,109.221,1.2471e+006
DGC,10/30/2024 00:00:00,109.221,109.611,108.053,108.442,675500
DGC,10/31/2024 00:00:00,108.053,109.319,108.053,109.319,701800
DGC,11/1/2024 00:00:00,108.929,108.929,107.664,108.442,1.0839e+006
DGC,11/4/2024 00:00:00,108.345,108.345,107.08,107.566,707000
DGC,11/5/2024 00:00:00,108.053,108.053,107.274,107.469,470600
DGC,11/6/2024 00:00:00,108.54,108.735,107.469,108.735,872100
DGC,11/7/2024 00:00:00,109.221,110.973,108.637,109.513,1.9952e+006
DGC,11/8/2024 00:00:00,109.611,110.487,108.929,108.929,984800
DGC,11/11/2024 00:00:00,109.027,112.336,108.929,112.142,3.5799e+006
DGC,11/12/2024 00:00:00,112.531,112.628,111.071,112.531,1.744e+006
DGC,11/13/2024 00:00:00,112.142,113.504,111.265,113.504,2.4458e+006
DGC,11/14/2024 00:00:00,113.504,114.965,111.947,113.212,1.7952e+006
DGC,11/15/2024 00:00:00,112.336,112.726,110.097,110.195,1.8802e+006
DGC,11/18/2024 00:00:00,110.195,110.195,107.08,110,2.4303e+006
DGC,11/19/2024 00:00:00,110.5,110.5,106.5,106.5,1.9628e+006
DGC,11/20/2024 00:00:00,106.5,108,103.6,106.1,1.4917e+006
DGC,11/21/2024 00:00:00,106.6,107.3,106,107,680300
DGC,11/22/2024 00:00:00,107.4,107.7,105.9,105.9,938900
DGC,11/25/2024 00:00:00,105.7,107,105.7,107,849900
DGC,11/26/2024 00:00:00,107.3,107.7,106.7,106.7,1.0477e+006
DGC,11/27/2024 00:00:00,106.7,108.5,106.7,106.9,1.0914e+006
DGC,11/28/2024 00:00:00,107,107.9,106.9,107.7,801700
DGC,11/29/2024 00:00:00,108,110.5,107.9,109.5,2.0996e+006
DGC,12/2/2024 00:00:00,110,110.7,108.6,109.8,986500
DGC,12/3/2024 00:00:00,109.6,109.9,108.9,109.9,846900
DGC,12/4/2024 00:00:00,109.7,109.8,107.9,107.9,1.3339e+006
DGC,12/5/2024 00:00:00,107.9,110,106.5,110,1.6043e+006
DGC,12/6/2024 00:00:00,110.5,116.9,110.2,115.2,6.3497e+006
DGC,12/9/2024 00:00:00,115.5,116.6,115.1,116,1.897e+006
DGC,12/10/2024 00:00:00,115.9,116.5,114,116.2,1.6144e+006
DGC,12/11/2024 00:00:00,116.2,117.5,116,116.5,2.5067e+006
DGC,12/12/2024 00:00:00,116.5,116.6,115.3,116.4,1.4615e+006
DGC,12/13/2024 00:00:00,115.6,115.9,114.4,114.9,1.4568e+006
DGC,12/16/2024 00:00:00,115,116,114.5,115.5,854500
DGC,12/17/2024 00:00:00,115.5,116,114.9,116,1.1407e+006
DGC,12/18/2024 00:00:00,116.5,116.5,115.5,116.2,1.0131e+006
DGC,12/19/2024 00:00:00,114.3,117.8,114.2,116,2.5601e+006
DGC,12/20/2024 00:00:00,116,116.3,115.3,115.4,1.269e+006
DGC,12/23/2024 00:00:00,116,117.3,115.5,116.5,1.8877e+006
DGC,12/24/2024 00:00:00,116.6,118.5,116.5,118.5,3.8549e+006
DGC,12/25/2024 00:00:00,119,119.2,116,119,2.1259e+006
DGC,12/26/2024 00:00:00,119,119,117.6,117.6,917100
DGC,12/27/2024 00:00:00,117.6,118.1,116.4,117,1.688e+006
DGC,12/30/2024 00:00:00,116.5,116.9,116.1,116.1,934100
DGC,12/31/2024 00:00:00,116.2,117.2,116.1,116.6,1.2678e+006
DGC,1/2/2025 00:00:00,116.6,117.3,116.4,116.6,777800
DGC,1/3/2025 00:00:00,116.5,117.3,115.5,115.5,1.7802e+006
DGC,1/6/2025 00:00:00,115.1,116,112.1,112.5,2.6048e+006
DGC,1/7/2025 00:00:00,112.5,113.3,112.1,112.3,1.0408e+006
DGC,1/8/2025 00:00:00,112.3,113.2,112.3,112.4,517100
DGC,1/9/2025 00:00:00,113.1,113.1,112.2,112.2,587500
DGC,1/10/2025 00:00:00,112.3,112.5,110,110,1.5811e+006
DGC,1/13/2025 00:00:00,110,110.5,108.5,110.5,1.1756e+006
DGC,1/14/2025 00:00:00,110.5,110.5,108.8,108.9,685300
DGC,1/15/2025 00:00:00,109.1,109.8,108.8,109.3,772900
DGC,1/16/2025 00:00:00,109.9,110.7,109.1,109.8,1.0847e+006
DGC,1/17/2025 00:00:00,109.8,110,109,109.8,786100
DGC,1/20/2025 00:00:00,110,110.6,109.7,109.9,764500
DGC,1/21/2025 00:00:00,109.6,110.2,108.9,109,965100
DGC,1/22/2025 00:00:00,109,110.3,109,109,838500
DGC,1/23/2025 00:00:00,110.1,111,109.3,111,1.1834e+006
DGC,1/24/2025 00:00:00,111,111.7,110.2,111.4,1.038e+006
DGC,2/3/2025 00:00:00,111.4,111.4,109.9,110.4,668100
DGC,2/4/2025 00:00:00,110.8,111.9,110.4,111.5,1.0771e+006
DGC,2/5/2025 00:00:00,111.8,111.9,110.5,111.7,1.2533e+006
DGC,2/6/2025 00:00:00,111.7,111.9,110.6,111.4,1.226e+006
DGC,2/7/2025 00:00:00,111.4,111.5,110.2,111.1,1.2456e+006
DGC,2/10/2025 00:00:00,110.5,110.5,107.6,107.6,2.2888e+006
DGC,2/11/2025 00:00:00,107.6,108.8,106.3,108.5,1.4051e+006
DGC,2/12/2025 00:00:00,109,109.5,107.5,108.4,941900
DGC,2/13/2025 00:00:00,107.9,108.5,107.4,108.5,995600
DGC,2/14/2025 00:00:00,108.8,109.5,107.6,108,1.2546e+006
DGC,2/17/2025 00:00:00,108,108.3,106.5,106.6,1.7383e+006
DGC,2/18/2025 00:00:00,106.9,107.5,106.6,107.5,915400
DGC,2/19/2025 00:00:00,108,108,107,108,1.1184e+006
DGC,2/20/2025 00:00:00,108.3,112.2,108.1,110.3,2.532e+006
DGC,2/21/2025 00:00:00,110.4,110.9,109.1,109.5,909800
DGC,2/24/2025 00:00:00,109.4,109.5,108,109.5,1.2785e+006
DGC,2/25/2025 00:00:00,109.8,110.4,108.8,109.7,1.1453e+006
DGC,2/26/2025 00:00:00,110,111,109.5,110,1.1791e+006
DGC,2/27/2025 00:00:00,110,111.5,109.7,110.8,1.743e+006
DGC,2/28/2025 00:00:00,111,112.8,110.8,111.5,2.5203e+006
DGC,3/3/2025 00:00:00,112.5,115.6,111.5,113.3,3.3306e+006
DGC,3/4/2025 00:00:00,113.5,113.5,111.5,112,1.4877e+006
DGC,3/5/2025 00:00:00,112.4,112.6,109.9,110,2.3884e+006
DGC,3/6/2025 00:00:00,110.5,111.4,109.3,111.1,2.0651e+006
DGC,3/7/2025 00:00:00,111.9,111.9,110.6,111.2,1.4151e+006
DGC,3/10/2025 00:00:00,111.2,111.7,110.4,110.5,1.6345e+006
DGC,3/11/2025 00:00:00,109.7,109.9,108.9,109.1,2.0389e+006
DGC,3/12/2025 00:00:00,109.8,110,109,110,1.2339e+006
DGC,3/13/2025 00:00:00,110.3,110.4,108.9,108.9,1.669e+006
DGC,3/14/2025 00:00:00,108.9,108.9,106.8,107,2.5813e+006
DGC,3/17/2025 00:00:00,107.4,108,106.7,107,1.5684e+006
DGC,3/18/2025 00:00:00,107.5,108.2,107.1,107.3,653400
DGC,3/19/2025 00:00:00,107.3,108.6,106.3,107.9,1.7064e+006
DGC,3/20/2025 00:00:00,108,108,105.1,106.4,2.1314e+006
DGC,3/21/2025 00:00:00,106.8,106.8,104.3,104.9,1.6052e+006
DGC,3/24/2025 00:00:00,105,106.8,103.3,104,2.0992e+006
DGC,3/25/2025 00:00:00,104,104.9,104,104.2,1.0316e+006
DGC,3/26/2025 00:00:00,104.2,105.4,103.6,104.5,1.0326e+006
DGC,3/27/2025 00:00:00,104.4,105.4,103.8,105.1,652900
DGC,3/28/2025 00:00:00,105.1,105.1,102.5,102.9,1.5455e+006
DGC,3/31/2025 00:00:00,101.6,102.1,96.8,99.6,3.9761e+006
DGC,4/1/2025 00:00:00,99.7,100.2,97.1,98.2,2.4541e+006
DGC,4/2/2025 00:00:00,98,98,96.8,97,705300
