Ticker,Date,Open,High,Low,Close,Volume
DHG,12/22/2006 00:00:00,12.3809,12.3809,11.9486,11.9486,4590
DHG,12/25/2006 00:00:00,11.359,11.359,11.359,11.359,10
DHG,12/26/2006 00:00:00,10.8087,10.8087,10.8087,10.8087,96450
DHG,12/27/2006 00:00:00,10.8087,10.8087,10.6122,10.6122,61000
DHG,12/28/2006 00:00:00,10.1013,10.1013,10.1013,10.1013,21800
DHG,12/29/2006 00:00:00,9.82612,9.82612,9.6296,9.6296,44690
DHG,1/2/2007 00:00:00,9.15795,9.15795,9.15795,9.15795,33400
DHG,1/3/2007 00:00:00,9.15795,9.5903,9.15795,9.5903,16620
DHG,1/4/2007 00:00:00,10.062,10.062,10.062,10.062,5450
DHG,1/5/2007 00:00:00,10.4943,10.5336,10.4943,10.5336,25450
DHG,1/8/2007 00:00:00,11.0446,11.0446,11.0446,11.0446,85650
DHG,1/9/2007 00:00:00,11.3197,11.5555,11.3197,11.5555,54340
DHG,1/10/2007 00:00:00,11.5555,11.5948,11.5555,11.5555,23540
DHG,1/11/2007 00:00:00,11.3983,11.3983,11.0053,11.2018,22780
DHG,1/12/2007 00:00:00,10.8087,10.8087,10.6515,10.8087,17630
DHG,1/15/2007 00:00:00,10.8087,10.8087,10.3371,10.8087,4920
DHG,1/16/2007 00:00:00,10.8087,11.2018,10.8087,11.2018,28460
DHG,1/17/2007 00:00:00,11.2018,11.3983,11.2018,11.2018,32310
DHG,1/18/2007 00:00:00,10.8087,10.8087,10.6515,10.8087,57650
DHG,1/19/2007 00:00:00,10.8087,11.2018,10.8087,10.8087,20390
DHG,1/22/2007 00:00:00,10.8087,10.9266,10.4157,10.8087,41610
DHG,1/23/2007 00:00:00,10.8087,10.966,10.8087,10.8087,24800
DHG,1/24/2007 00:00:00,10.8087,10.8087,10.6122,10.6122,5060
DHG,1/25/2007 00:00:00,10.6122,10.6122,10.6122,10.6122,10380
DHG,1/26/2007 00:00:00,10.1013,10.1013,10.1013,10.1013,3910
DHG,1/29/2007 00:00:00,10.2192,10.5729,10.2192,10.2192,13650
DHG,1/30/2007 00:00:00,10.7301,10.7301,10.7301,10.7301,9400
DHG,1/31/2007 00:00:00,10.7301,10.8087,10.7301,10.7301,48910
DHG,2/1/2007 00:00:00,10.6908,10.6908,10.6122,10.6122,29740
DHG,2/2/2007 00:00:00,10.6908,10.6908,10.6908,10.6908,11700
DHG,2/5/2007 00:00:00,10.6515,10.6515,10.1799,10.6515,3360
DHG,2/6/2007 00:00:00,10.6515,10.6515,10.6122,10.6122,4230
DHG,2/7/2007 00:00:00,10.6122,10.6122,10.4157,10.4157,6110
DHG,2/8/2007 00:00:00,10.4157,10.4157,10.4157,10.4157,5240
DHG,2/9/2007 00:00:00,10.455,10.455,10.455,10.455,18860
DHG,2/12/2007 00:00:00,10.455,10.966,10.455,10.966,20590
DHG,2/13/2007 00:00:00,10.966,11.3983,10.966,10.966,1600
DHG,2/14/2007 00:00:00,10.966,11.4769,10.966,11.2018,17160
DHG,2/15/2007 00:00:00,11.2018,11.2018,10.6515,11.2018,2050
DHG,2/26/2007 00:00:00,11.2412,11.2412,11.2412,11.2412,9140
DHG,2/27/2007 00:00:00,11.2412,11.2412,11.1229,11.1229,10830
DHG,2/28/2007 00:00:00,11.044,11.044,11.044,11.044,47740
DHG,3/1/2007 00:00:00,11.044,11.044,10.8468,10.8468,9550
DHG,3/2/2007 00:00:00,10.8468,11.2412,10.7285,11.044,24800
DHG,3/5/2007 00:00:00,11.044,11.044,10.8468,11.044,34830
DHG,3/6/2007 00:00:00,11.044,11.4384,10.6496,11.4384,36600
DHG,3/7/2007 00:00:00,11.4384,11.4384,11.4384,11.4384,8850
DHG,3/8/2007 00:00:00,11.4384,11.4384,11.044,11.044,1950
DHG,3/9/2007 00:00:00,11.044,11.399,11.044,11.044,18880
DHG,3/12/2007 00:00:00,10.9651,10.9651,10.4918,10.9651,4620
DHG,3/13/2007 00:00:00,10.9651,11.044,10.6496,10.6496,5200
DHG,3/14/2007 00:00:00,10.2946,10.2946,10.2552,10.2946,1630
DHG,3/15/2007 00:00:00,10.2552,10.2552,10.2552,10.2552,5220
DHG,3/16/2007 00:00:00,10.2552,10.7679,9.86072,9.86072,21900
DHG,3/19/2007 00:00:00,10.334,10.334,10.334,10.334,11300
DHG,3/20/2007 00:00:00,10.8468,10.8468,10.8468,10.8468,8800
DHG,3/21/2007 00:00:00,10.8468,11.044,10.8468,11.044,5570
DHG,3/22/2007 00:00:00,11.044,11.044,10.6496,10.6496,1610
DHG,3/23/2007 00:00:00,10.2552,10.2552,10.2552,10.2552,12800
DHG,3/26/2007 00:00:00,10.0579,10.0579,10.0185,10.0185,15510
DHG,3/27/2007 00:00:00,10.0185,10.0185,10.0185,10.0185,7100
DHG,3/28/2007 00:00:00,9.93961,9.93961,9.86072,9.93961,9290
DHG,3/29/2007 00:00:00,10.2157,10.4129,10.2157,10.2157,26110
DHG,3/30/2007 00:00:00,10.2157,10.3735,10.2157,10.3735,48180
DHG,4/2/2007 00:00:00,10.3735,10.3735,10.2552,10.3735,36500
DHG,4/3/2007 00:00:00,10.2552,10.2552,10.1763,10.2552,22040
DHG,4/4/2007 00:00:00,10.2552,10.2552,10.2552,10.2552,20390
DHG,4/5/2007 00:00:00,10.1763,10.3735,10.1763,10.1763,3820
DHG,4/6/2007 00:00:00,10.1763,10.2157,9.86072,10.2157,3090
DHG,4/9/2007 00:00:00,10.1763,10.2157,10.1763,10.1763,4870
DHG,4/10/2007 00:00:00,10.1763,10.2946,10.1368,10.2946,23900
DHG,4/11/2007 00:00:00,10.4524,10.6496,10.4524,10.6496,16650
DHG,4/12/2007 00:00:00,10.6496,10.8468,10.6496,10.6496,14810
DHG,4/13/2007 00:00:00,10.2946,10.2946,10.2946,10.2946,13600
DHG,4/16/2007 00:00:00,10.2157,10.2946,10.2157,10.2157,4890
DHG,4/17/2007 00:00:00,10.0579,10.0579,10.0579,10.0579,33360
DHG,4/18/2007 00:00:00,10.0579,10.0579,10.0579,10.0579,33720
DHG,4/19/2007 00:00:00,10.0579,10.2157,10.0579,10.0579,10220
DHG,4/20/2007 00:00:00,9.82128,10.2157,9.82128,9.82128,5530
DHG,4/23/2007 00:00:00,9.46629,10.0185,9.34796,9.46629,17890
DHG,4/24/2007 00:00:00,9.11131,9.86072,9.07186,9.11131,6130
DHG,4/25/2007 00:00:00,9.26908,9.34796,9.26908,9.26908,4910
DHG,5/2/2007 00:00:00,9.26908,9.42685,9.26908,9.26908,10740
DHG,5/3/2007 00:00:00,9.66351,9.66351,9.66351,9.66351,3650
DHG,5/4/2007 00:00:00,9.66351,9.86072,9.66351,9.66351,4830
DHG,5/7/2007 00:00:00,10.1368,10.1368,10.1368,10.1368,11070
DHG,5/8/2007 00:00:00,10.6101,10.6101,10.6101,10.6101,12840
DHG,5/9/2007 00:00:00,10.8468,11.1229,10.8468,10.8468,48890
DHG,5/10/2007 00:00:00,10.6496,10.8468,10.6496,10.6496,7000
DHG,5/11/2007 00:00:00,10.6693,10.8669,10.5113,10.8669,23920
DHG,5/14/2007 00:00:00,11.025,11.0645,11.025,11.025,15590
DHG,5/15/2007 00:00:00,10.9064,11.0645,10.9064,10.9064,7490
DHG,5/16/2007 00:00:00,10.6693,10.8274,10.5113,10.6693,5160
DHG,5/17/2007 00:00:00,10.6693,10.6693,10.6693,10.6693,8620
DHG,5/18/2007 00:00:00,10.6693,10.8669,10.6693,10.8669,7980
DHG,5/21/2007 00:00:00,11.025,11.1435,11.025,11.1435,48880
DHG,5/22/2007 00:00:00,11.6968,11.6968,11.6968,11.6968,57300
DHG,5/23/2007 00:00:00,12.25,12.25,12.25,12.25,57950
DHG,5/24/2007 00:00:00,11.8548,11.8548,11.8548,11.8548,28460
DHG,5/25/2007 00:00:00,11.7758,11.7758,11.4597,11.7758,18390
DHG,5/28/2007 00:00:00,12.0524,12.0919,12.0524,12.0919,41300
DHG,5/29/2007 00:00:00,12.0919,12.1314,12.0919,12.1314,35420
DHG,5/30/2007 00:00:00,12.0524,12.1314,12.0524,12.0524,32830
DHG,5/31/2007 00:00:00,12.0524,12.25,12.0524,12.25,31280
DHG,6/1/2007 00:00:00,12.25,12.6451,12.25,12.6451,61720
DHG,6/4/2007 00:00:00,12.8427,13.2379,12.8427,13.1589,39080
DHG,6/5/2007 00:00:00,13.1589,13.4355,13.1589,13.4355,62530
DHG,6/6/2007 00:00:00,13.4355,13.4355,12.8427,12.8427,8000
DHG,6/7/2007 00:00:00,13.458,13.458,13.458,13.458,20650
DHG,6/8/2007 00:00:00,13.458,13.458,13.458,13.458,32710
DHG,6/11/2007 00:00:00,13.458,14.0928,13.458,13.458,24320
DHG,6/12/2007 00:00:00,13.458,13.9658,13.458,13.458,17320
DHG,6/13/2007 00:00:00,13.5426,13.9658,13.5426,13.5426,22840
DHG,6/14/2007 00:00:00,13.9658,14.1775,13.9658,14.1775,36100
DHG,6/15/2007 00:00:00,14.6007,14.8546,14.6007,14.8546,55700
DHG,6/18/2007 00:00:00,15.4471,15.574,15.4471,15.574,48130
DHG,6/19/2007 00:00:00,16.3358,16.3358,16.3358,16.3358,41150
DHG,6/20/2007 00:00:00,16.3358,16.3358,16.0819,16.0819,25650
DHG,6/21/2007 00:00:00,15.574,15.574,15.2778,15.2778,14070
DHG,6/22/2007 00:00:00,15.2778,15.9972,15.2778,15.9972,51320
DHG,6/25/2007 00:00:00,16.759,16.759,16.759,16.759,43280
DHG,6/26/2007 00:00:00,17.3092,17.3092,17.3092,17.3092,10050
DHG,6/27/2007 00:00:00,17.3092,17.3515,17.3092,17.3092,19470
DHG,6/28/2007 00:00:00,17.3092,17.5631,16.9283,17.5631,35110
DHG,6/29/2007 00:00:00,17.7747,18.4095,17.7747,18.4095,68330
DHG,7/2/2007 00:00:00,18.4095,18.4095,18.4095,18.4095,27660
DHG,7/3/2007 00:00:00,17.5631,17.5631,17.5208,17.5208,2490
DHG,7/4/2007 00:00:00,17.7747,18.1979,17.7747,17.7747,18910
DHG,7/5/2007 00:00:00,17.7747,17.7747,17.7747,17.7747,18740
DHG,7/6/2007 00:00:00,17.3515,17.3515,17.3515,17.3515,11660
DHG,7/9/2007 00:00:00,17.3515,17.5631,17.0976,17.5631,5280
DHG,7/10/2007 00:00:00,17.7747,18.3249,17.7747,18.3249,22210
DHG,7/11/2007 00:00:00,19.2136,19.2136,19.2136,19.2136,57540
DHG,7/12/2007 00:00:00,19.2136,19.8908,18.8327,18.8327,9340
DHG,7/13/2007 00:00:00,18.6211,18.6211,18.1133,18.1133,10180
DHG,7/16/2007 00:00:00,18.1133,18.1133,17.4362,17.4362,9730
DHG,7/17/2007 00:00:00,17.4362,17.4362,17.3938,17.3938,18420
DHG,7/18/2007 00:00:00,17.3515,17.3515,17.3515,17.3515,13510
DHG,7/19/2007 00:00:00,16.9283,16.9283,16.759,16.759,12120
DHG,7/20/2007 00:00:00,16.4205,16.4205,15.9549,16.0819,16220
DHG,7/23/2007 00:00:00,16.0819,16.886,16.0819,16.886,4380
DHG,7/24/2007 00:00:00,16.886,17.6901,16.886,16.886,28680
DHG,7/25/2007 00:00:00,16.886,17.2669,16.5051,17.2669,22690
DHG,7/26/2007 00:00:00,16.9283,16.9283,16.4205,16.4205,3110
DHG,7/27/2007 00:00:00,16.5051,16.5051,16.5051,16.5051,5870
DHG,7/30/2007 00:00:00,16.5051,16.7167,15.701,16.5051,8090
DHG,7/31/2007 00:00:00,16.5051,16.5051,16.0819,16.5051,11810
DHG,8/1/2007 00:00:00,16.5051,16.7167,16.5051,16.5051,13580
DHG,8/2/2007 00:00:00,16.5051,16.5051,16.4205,16.4628,5660
DHG,8/3/2007 00:00:00,16.3358,16.4628,16.2935,16.3358,5050
DHG,8/6/2007 00:00:00,16.4205,16.4205,16.0819,16.0819,4360
DHG,8/7/2007 00:00:00,16.5051,16.886,16.0819,16.886,49530
DHG,8/8/2007 00:00:00,16.886,17.0976,16.8437,16.9283,6780
DHG,8/9/2007 00:00:00,16.9283,16.9283,16.9283,16.9283,7620
DHG,8/10/2007 00:00:00,16.9283,16.9283,16.3358,16.9283,9740
DHG,8/13/2007 00:00:00,16.5051,16.5051,16.4205,16.4205,5640
DHG,8/14/2007 00:00:00,16.5051,17.1399,16.4628,16.5051,16560
DHG,8/15/2007 00:00:00,16.5051,16.5051,16.4628,16.5051,2270
DHG,8/16/2007 00:00:00,16.3358,16.4628,16.3358,16.3781,9310
DHG,8/17/2007 00:00:00,16.0819,16.1665,16.0396,16.1665,14010
DHG,8/20/2007 00:00:00,16.5051,16.5051,16.5051,16.5051,12160
DHG,8/21/2007 00:00:00,16.5051,16.7167,16.5051,16.7167,6450
DHG,8/22/2007 00:00:00,16.5051,16.6744,16.5051,16.5051,4820
DHG,8/23/2007 00:00:00,16.2935,16.5051,16.2935,16.5051,4720
DHG,8/24/2007 00:00:00,16.5051,16.5897,16.4628,16.5897,8280
DHG,8/27/2007 00:00:00,16.5897,16.5897,16.5051,16.5051,13760
DHG,8/28/2007 00:00:00,16.4205,16.5051,16.4205,16.4205,2430
DHG,8/29/2007 00:00:00,16.4205,16.4628,16.2935,16.4205,15410
DHG,8/30/2007 00:00:00,16.4205,16.4205,16.3781,16.3781,5530
DHG,8/31/2007 00:00:00,16.3781,16.4205,16.2935,16.4205,5480
DHG,9/4/2007 00:00:00,16.5051,16.5051,16.2935,16.5051,9790
DHG,9/5/2007 00:00:00,16.5051,16.5051,16.3358,16.5051,12210
DHG,9/6/2007 00:00:00,16.5051,16.5051,16.4205,16.4205,15510
DHG,9/7/2007 00:00:00,16.3358,16.4628,16.3358,16.4205,11290
DHG,9/10/2007 00:00:00,16.4205,16.4205,16.2935,16.2935,9840
DHG,9/11/2007 00:00:00,16.1665,16.2935,16.0819,16.0819,21040
DHG,9/12/2007 00:00:00,16.3358,16.4205,16.3358,16.4205,24910
DHG,9/13/2007 00:00:00,16.2935,16.2935,16.2935,16.2935,1850
DHG,9/14/2007 00:00:00,16.3781,16.3781,16.2935,16.2935,2780
DHG,9/17/2007 00:00:00,16.2935,16.2935,16.2512,16.2935,1750
DHG,9/18/2007 00:00:00,16.2088,16.2935,16.1665,16.2512,7850
DHG,9/19/2007 00:00:00,16.2512,16.2512,16.1242,16.2512,2260
DHG,9/20/2007 00:00:00,16.2935,16.4205,16.2512,16.4205,13610
DHG,9/21/2007 00:00:00,16.4205,16.4205,16.2935,16.3781,4430
DHG,9/24/2007 00:00:00,16.4205,16.4205,16.0819,16.3358,3350
DHG,9/25/2007 00:00:00,16.3781,16.4205,16.3358,16.3781,13020
DHG,9/26/2007 00:00:00,16.5051,16.7167,16.4205,16.4205,13960
DHG,9/27/2007 00:00:00,16.4205,16.4205,16.3781,16.4205,5510
DHG,9/28/2007 00:00:00,16.4205,17.2245,16.4205,16.9283,43660
DHG,10/1/2007 00:00:00,17.3092,17.7324,17.0553,17.7324,37960
DHG,10/2/2007 00:00:00,18.1979,18.1979,17.3515,17.7324,9570
DHG,10/3/2007 00:00:00,17.2245,17.7747,17.2245,17.7747,22620
DHG,10/4/2007 00:00:00,17.7747,17.7747,16.886,16.886,39570
DHG,10/5/2007 00:00:00,16.886,17.6901,16.886,17.6901,17280
DHG,10/8/2007 00:00:00,17.2245,17.6901,17.2245,17.5208,16930
DHG,10/9/2007 00:00:00,17.5208,17.5631,17.0129,17.5631,44870
DHG,10/10/2007 00:00:00,17.7324,17.7324,17.5631,17.5631,19300
DHG,10/11/2007 00:00:00,17.4362,17.7747,17.3938,17.4362,28550
DHG,10/12/2007 00:00:00,18.2402,18.2826,17.944,18.2826,66020
DHG,10/15/2007 00:00:00,19.1713,19.1713,19.129,19.1713,27330
DHG,10/16/2007 00:00:00,20.06,20.1024,19.4675,19.8908,29320
DHG,10/17/2007 00:00:00,19.4675,19.5945,19.3406,19.3406,19670
DHG,10/18/2007 00:00:00,19.2559,19.2559,18.6635,19.0443,35690
DHG,10/19/2007 00:00:00,18.6211,19.129,18.6211,19.129,24020
DHG,10/22/2007 00:00:00,19.0443,19.4252,19.0443,19.2559,25050
DHG,10/23/2007 00:00:00,19.3829,19.3829,19.002,19.002,64120
DHG,10/24/2007 00:00:00,19.363,19.4479,19.2356,19.4479,9600
DHG,10/25/2007 00:00:00,19.4479,19.4479,18.8959,18.8959,30460
DHG,10/26/2007 00:00:00,19.1082,19.83,19.0657,19.83,42600
DHG,10/29/2007 00:00:00,19.83,19.83,19.2356,19.2356,32090
DHG,10/30/2007 00:00:00,19.5328,20.1697,19.5328,20.1697,69350
DHG,10/31/2007 00:00:00,21.1464,21.1464,21.1464,21.1464,25210
DHG,11/1/2007 00:00:00,22.1655,22.1655,22.1655,22.1655,19300
DHG,11/2/2007 00:00:00,22.2079,23.2695,22.2079,23.2695,248630
DHG,11/5/2007 00:00:00,23.2695,23.6941,23.2695,23.4818,76650
DHG,11/6/2007 00:00:00,23.1421,23.5243,23.1421,23.1421,68400
DHG,11/7/2007 00:00:00,21.9956,22.5052,21.9956,21.9956,71400
DHG,11/8/2007 00:00:00,22.0806,22.5052,22.0806,22.1655,73620
DHG,11/9/2007 00:00:00,21.7409,22.0806,21.7409,21.7409,41360
DHG,11/12/2007 00:00:00,21.6559,21.8258,21.6559,21.8258,56090
DHG,11/13/2007 00:00:00,22.8449,22.8449,21.0615,21.0615,108210
DHG,11/14/2007 00:00:00,21.9956,22.0806,21.9956,22.0806,60010
DHG,11/15/2007 00:00:00,22.9298,22.9298,22.2504,22.675,86770
DHG,11/16/2007 00:00:00,22.8449,22.8449,22.675,22.8449,68960
DHG,11/19/2007 00:00:00,22.9298,23.0147,22.76,22.8449,37650
DHG,11/20/2007 00:00:00,22.0806,22.8449,22.0806,22.2504,29930
DHG,11/21/2007 00:00:00,21.7409,21.9107,21.6559,21.8258,28720
DHG,11/22/2007 00:00:00,21.8258,22.0806,21.8258,21.9107,13540
DHG,11/23/2007 00:00:00,21.9107,21.9107,21.2313,21.4861,19970
DHG,11/26/2007 00:00:00,21.571,21.6559,21.2313,21.571,13680
DHG,11/27/2007 00:00:00,21.571,21.9956,21.4861,21.9956,38250
DHG,11/28/2007 00:00:00,22.0806,22.5052,21.9956,22.5052,48710
DHG,11/29/2007 00:00:00,21.9107,22.5052,21.9107,22.2504,38440
DHG,11/30/2007 00:00:00,22.0806,22.2504,21.9956,21.9956,27280
DHG,12/3/2007 00:00:00,22.3353,22.3353,21.9956,22.0806,33700
DHG,12/4/2007 00:00:00,22.0806,22.1655,21.9956,21.9956,22880
DHG,12/5/2007 00:00:00,21.9107,21.9107,21.6559,21.6559,13010
DHG,12/6/2007 00:00:00,21.9956,21.9956,21.7409,21.7409,21160
DHG,12/7/2007 00:00:00,21.7409,21.7409,21.6559,21.6559,8550
DHG,12/10/2007 00:00:00,21.4012,21.4012,21.0615,21.1464,16290
DHG,12/11/2007 00:00:00,21.1464,21.1464,20.6368,20.6368,10450
DHG,12/12/2007 00:00:00,20.2971,21.2313,20.2971,20.5519,21240
DHG,12/13/2007 00:00:00,20.3821,20.3821,20.2122,20.2122,16730
DHG,12/14/2007 00:00:00,19.9574,19.9574,19.5328,19.5328,17140
DHG,12/17/2007 00:00:00,19.5328,19.5328,18.5986,18.5986,54230
DHG,12/18/2007 00:00:00,18.0041,18.3438,18.0041,18.0041,52480
DHG,12/19/2007 00:00:00,18.4288,18.8534,18.4288,18.8534,20060
DHG,12/20/2007 00:00:00,19.278,19.278,18.6835,19.0233,43180
DHG,12/21/2007 00:00:00,19.0233,19.0233,18.8534,18.8534,29800
DHG,12/24/2007 00:00:00,18.7685,19.5328,18.4288,19.5328,20060
DHG,12/25/2007 00:00:00,19.5328,19.5328,18.8534,19.0233,7390
DHG,12/26/2007 00:00:00,19.0233,19.1931,18.8534,19.0233,21070
DHG,12/27/2007 00:00:00,18.9383,19.8725,18.8534,19.8725,37120
DHG,12/28/2007 00:00:00,19.1931,19.8725,19.1931,19.8725,59160
DHG,1/2/2008 00:00:00,20.0424,20.0424,19.278,19.278,33450
DHG,1/3/2008 00:00:00,19.1082,19.1082,18.8534,18.8534,23490
DHG,1/4/2008 00:00:00,18.8534,19.0233,18.7685,18.9383,8900
DHG,1/7/2008 00:00:00,19.0233,19.0233,18.0041,18.2589,31430
DHG,1/8/2008 00:00:00,18.6835,18.6835,18.3438,18.5137,38080
DHG,1/9/2008 00:00:00,18.3438,18.4288,18.0041,18.0041,23670
DHG,1/10/2008 00:00:00,17.6644,17.7494,17.2398,17.4097,68050
DHG,1/11/2008 00:00:00,17.6644,17.9192,17.6644,17.6644,74910
DHG,1/14/2008 00:00:00,17.6644,17.6644,17.4097,17.4097,49890
DHG,1/15/2008 00:00:00,17.4097,17.4097,16.7303,16.7303,54220
DHG,1/16/2008 00:00:00,17.4097,17.4946,17.4097,17.4946,78910
DHG,1/17/2008 00:00:00,17.7494,17.7494,17.1549,17.2398,63870
DHG,1/18/2008 00:00:00,16.985,17.4097,16.985,17.4097,35740
DHG,1/21/2008 00:00:00,17.4946,17.4946,17.3247,17.4097,45010
DHG,1/22/2008 00:00:00,17.07,17.07,16.9001,17.07,35800
DHG,1/23/2008 00:00:00,16.5604,16.7303,16.2207,16.2207,45410
DHG,1/24/2008 00:00:00,16.2207,16.7303,16.1358,16.1358,43450
DHG,1/25/2008 00:00:00,15.6262,16.1358,15.6262,16.0509,21040
DHG,1/28/2008 00:00:00,15.881,16.0509,15.7961,16.0509,28950
DHG,1/29/2008 00:00:00,16.1358,16.7303,16.0509,16.7303,44090
DHG,1/30/2008 00:00:00,17.4946,17.4946,17.4097,17.4946,86430
DHG,1/31/2008 00:00:00,17.4946,17.4946,16.7303,17.4946,44350
DHG,2/1/2008 00:00:00,17.8343,17.9192,17.6644,17.9192,50510
DHG,2/12/2008 00:00:00,17.4097,17.5795,17.2398,17.5795,35140
DHG,2/13/2008 00:00:00,17.5795,17.5795,16.7303,16.7303,28040
DHG,2/14/2008 00:00:00,16.985,17.3247,16.985,16.985,17710
DHG,2/15/2008 00:00:00,16.985,16.985,16.8152,16.9001,16730
DHG,2/18/2008 00:00:00,16.3056,16.3056,16.1358,16.2207,119520
DHG,2/19/2008 00:00:00,15.7112,16.2207,15.7112,16.1358,16460
DHG,2/20/2008 00:00:00,15.3715,16.1358,15.3715,15.3715,67780
DHG,2/21/2008 00:00:00,14.6071,14.6071,14.6071,14.6071,43840
DHG,2/22/2008 00:00:00,13.9277,13.9277,13.9277,13.9277,89200
DHG,2/25/2008 00:00:00,14.6071,14.6071,14.4373,14.6071,85690
DHG,2/26/2008 00:00:00,13.9277,15.0318,13.9277,14.0976,81750
DHG,2/27/2008 00:00:00,14.0976,14.777,14.0976,14.1825,30840
DHG,2/28/2008 00:00:00,14.1825,14.6921,14.0976,14.1825,42330
DHG,2/29/2008 00:00:00,14.1825,14.3524,14.0127,14.0976,90000
DHG,3/3/2008 00:00:00,13.588,13.673,13.4182,13.4182,101530
DHG,3/4/2008 00:00:00,12.8237,13.1634,12.8237,12.8237,144360
DHG,3/5/2008 00:00:00,12.3142,12.5689,12.2292,12.3991,72200
DHG,3/6/2008 00:00:00,12.9936,12.9936,12.9936,12.9936,2360
DHG,3/7/2008 00:00:00,13.588,13.588,13.588,13.588,13450
DHG,3/10/2008 00:00:00,14.2674,14.2674,14.2674,14.2674,80000
DHG,3/11/2008 00:00:00,13.673,14.1825,13.673,14.0127,57390
DHG,3/12/2008 00:00:00,14.2674,14.6071,14.2674,14.3524,43640
DHG,3/13/2008 00:00:00,14.9468,14.9468,14.6071,14.6921,36240
DHG,3/14/2008 00:00:00,14.6921,14.777,14.5222,14.6071,70950
DHG,3/17/2008 00:00:00,14.3529,14.4373,14.0127,14.0127,73240
DHG,3/18/2008 00:00:00,13.3333,13.588,13.3333,13.3333,68750
DHG,3/19/2008 00:00:00,13.3333,13.9277,13.3333,13.7579,74090
DHG,3/20/2008 00:00:00,13.9277,14.2674,13.8428,14.2674,64980
DHG,3/21/2008 00:00:00,13.7579,13.9277,13.7579,13.8428,53110
DHG,3/24/2008 00:00:00,13.2483,13.3333,13.1634,13.1634,46170
DHG,3/25/2008 00:00:00,12.7388,12.7388,12.5689,12.5689,67510
DHG,3/26/2008 00:00:00,13.1634,13.1634,13.0785,13.1634,63550
DHG,3/27/2008 00:00:00,13.1634,13.2483,13.1634,13.2483,1150
DHG,3/28/2008 00:00:00,13.3333,13.3333,13.3333,13.3333,520
DHG,3/31/2008 00:00:00,13.4182,13.4182,13.4182,13.4182,2800
DHG,4/1/2008 00:00:00,13.4182,13.5031,13.4182,13.5031,990
DHG,4/2/2008 00:00:00,13.588,13.588,13.588,13.588,120
DHG,4/3/2008 00:00:00,13.673,13.673,13.673,13.673,10
DHG,4/4/2008 00:00:00,13.7579,13.7579,13.7579,13.7579,90
DHG,4/7/2008 00:00:00,14.0127,14.0127,14.0127,14.0127,60
DHG,4/8/2008 00:00:00,14.2674,14.2674,13.8428,14.2674,143530
DHG,4/9/2008 00:00:00,14.5222,14.5222,14.5222,14.5222,39560
DHG,4/10/2008 00:00:00,14.777,14.777,14.2674,14.2674,138190
DHG,4/11/2008 00:00:00,14.0127,14.1825,14.0127,14.0976,75280
DHG,4/16/2008 00:00:00,13.9277,14.3524,13.9277,14.3524,26810
DHG,4/17/2008 00:00:00,14.4373,14.6071,14.4373,14.6071,51030
DHG,4/18/2008 00:00:00,14.8619,14.8619,14.6071,14.8619,137060
DHG,4/21/2008 00:00:00,14.8619,14.8619,14.6921,14.8619,18780
DHG,4/22/2008 00:00:00,14.6921,14.8619,14.6071,14.8619,34080
DHG,4/23/2008 00:00:00,14.6071,14.6071,14.6071,14.6071,12080
DHG,4/24/2008 00:00:00,14.3524,14.6921,14.3524,14.5222,32540
DHG,4/25/2008 00:00:00,14.6931,14.7785,14.5222,14.7785,62860
DHG,4/28/2008 00:00:00,14.7785,15.0348,14.7785,15.0348,35350
DHG,4/29/2008 00:00:00,15.291,15.291,15.2056,15.291,64930
DHG,5/5/2008 00:00:00,15.5473,15.5473,15.4619,15.5473,43290
DHG,5/6/2008 00:00:00,15.5473,15.6327,15.3765,15.6327,66600
DHG,5/7/2008 00:00:00,15.3765,15.4619,15.3765,15.3765,73590
DHG,5/8/2008 00:00:00,15.1202,15.1202,15.1202,15.1202,30700
DHG,5/9/2008 00:00:00,14.8639,14.8639,14.8639,14.8639,700
DHG,5/12/2008 00:00:00,14.6076,14.6076,14.6076,14.6076,170
DHG,5/13/2008 00:00:00,14.3514,14.3514,14.3514,14.3514,1270
DHG,5/14/2008 00:00:00,14.0951,14.0951,14.0951,14.0951,20780
DHG,5/15/2008 00:00:00,13.8388,13.9242,13.8388,13.8388,51770
DHG,5/16/2008 00:00:00,14.0951,14.0951,14.0097,14.0097,40960
DHG,5/19/2008 00:00:00,14.2659,14.2659,14.0951,14.2659,40730
DHG,5/20/2008 00:00:00,14.5222,14.5222,14.2659,14.3514,11570
DHG,5/21/2008 00:00:00,14.0951,14.1805,14.0951,14.0951,28600
DHG,5/22/2008 00:00:00,13.8388,13.9242,13.8388,13.8388,21940
DHG,5/23/2008 00:00:00,13.5825,13.5825,13.5825,13.5825,27220
DHG,5/26/2008 00:00:00,13.3263,13.3263,13.3263,13.3263,10
DHG,5/30/2008 00:00:00,13.07,13.07,13.07,13.07,26170
DHG,6/2/2008 00:00:00,12.8137,12.8137,12.8137,12.8137,11140
DHG,6/3/2008 00:00:00,12.5574,12.5574,12.5574,12.5574,820
DHG,6/4/2008 00:00:00,12.3866,12.3866,12.3866,12.3866,5440
DHG,6/5/2008 00:00:00,12.3866,12.3866,12.2157,12.2157,1880
DHG,6/6/2008 00:00:00,12.0449,12.0449,12.0449,12.0449,460
DHG,6/9/2008 00:00:00,11.874,11.874,11.874,11.874,80
DHG,6/10/2008 00:00:00,11.7032,11.7032,11.7032,11.7032,200
DHG,6/11/2008 00:00:00,11.5323,11.874,11.5323,11.7032,61230
DHG,6/12/2008 00:00:00,11.5323,11.874,11.5323,11.874,22940
DHG,6/13/2008 00:00:00,12.0449,12.0449,11.9595,12.0449,49460
DHG,6/16/2008 00:00:00,12.0449,12.2157,12.0449,12.2157,83290
DHG,6/17/2008 00:00:00,12.3866,12.3866,12.3866,12.3866,48860
DHG,6/18/2008 00:00:00,12.2157,12.2157,12.2157,12.2157,37150
DHG,6/19/2008 00:00:00,11.874,11.874,11.874,11.874,15940
DHG,6/20/2008 00:00:00,11.5323,11.5323,11.5323,11.5323,21910
DHG,6/23/2008 00:00:00,11.3615,11.7032,11.3615,11.3615,29480
DHG,6/24/2008 00:00:00,11.5323,11.6178,11.3615,11.6178,29380
DHG,6/25/2008 00:00:00,11.9595,11.9595,11.9595,11.9595,54770
DHG,6/26/2008 00:00:00,12.3012,12.3012,11.6178,12.2157,29130
DHG,6/27/2008 00:00:00,11.9595,12.3866,11.874,12.3866,25340
DHG,6/30/2008 00:00:00,12.3866,12.3866,12.1303,12.2157,47690
DHG,7/1/2008 00:00:00,11.9595,12.5574,11.9595,12.5574,43050
DHG,7/2/2008 00:00:00,12.2157,12.7283,12.2157,12.5574,96050
DHG,7/3/2008 00:00:00,12.6429,12.7283,12.472,12.5574,144580
DHG,7/4/2008 00:00:00,12.8137,12.8137,12.6429,12.8137,126230
DHG,7/7/2008 00:00:00,13.1554,13.1554,12.472,12.472,38890
DHG,7/8/2008 00:00:00,12.1303,12.1303,12.1303,12.1303,31440
DHG,7/9/2008 00:00:00,11.7886,12.1303,11.7886,11.7886,58740
DHG,7/10/2008 00:00:00,11.5323,11.7032,11.4469,11.7032,69130
DHG,7/11/2008 00:00:00,11.9595,12.0449,11.9595,12.0449,66240
DHG,7/14/2008 00:00:00,12.1303,12.3866,12.1303,12.3866,40900
DHG,7/15/2008 00:00:00,12.6429,12.6429,12.472,12.5574,56630
DHG,7/16/2008 00:00:00,12.2157,12.3012,12.2157,12.2157,45720
DHG,7/17/2008 00:00:00,11.9595,12.1303,11.874,11.874,57170
DHG,7/18/2008 00:00:00,11.5323,11.6178,11.5323,11.5323,84350
DHG,7/21/2008 00:00:00,11.1906,11.3615,11.1906,11.1906,82230
DHG,7/22/2008 00:00:00,10.9344,10.9344,10.9344,10.9344,12450
DHG,7/23/2008 00:00:00,10.6781,10.6781,10.6781,10.6781,2700
DHG,7/24/2008 00:00:00,10.4218,10.5072,10.4218,10.4218,52150
DHG,7/25/2008 00:00:00,10.1655,10.4218,10.1655,10.1655,38320
DHG,7/28/2008 00:00:00,10.4218,10.4218,10.4218,10.4218,23640
DHG,7/29/2008 00:00:00,10.6781,10.6781,10.6781,10.6781,3740
DHG,7/30/2008 00:00:00,10.9344,10.9344,10.9344,10.9344,48060
DHG,7/31/2008 00:00:00,11.1906,11.1906,10.8489,11.1906,54680
DHG,8/1/2008 00:00:00,11.1906,11.1906,10.9344,10.9344,12150
DHG,8/4/2008 00:00:00,10.6781,10.6781,10.6781,10.6781,5260
DHG,8/5/2008 00:00:00,10.4218,10.4218,10.4218,10.4218,13550
DHG,8/6/2008 00:00:00,10.6781,10.6781,10.5927,10.5927,78720
DHG,8/7/2008 00:00:00,10.9344,10.9344,10.8489,10.8489,12240
DHG,8/8/2008 00:00:00,11.1052,11.1052,11.1052,11.1052,43670
DHG,8/11/2008 00:00:00,11.3615,11.3615,11.3615,11.3615,25250
DHG,8/12/2008 00:00:00,11.6178,11.6178,11.4469,11.6178,90930
DHG,8/13/2008 00:00:00,11.9595,11.9595,11.7886,11.9595,113560
DHG,8/14/2008 00:00:00,12.3012,12.3012,12.0449,12.3012,96170
DHG,8/15/2008 00:00:00,12.6429,12.6429,12.6429,12.6429,26750
DHG,8/18/2008 00:00:00,13.2408,13.2408,12.9846,13.2408,71860
DHG,8/19/2008 00:00:00,12.6429,12.6429,12.6429,12.6429,16080
DHG,8/20/2008 00:00:00,12.0449,13.2408,12.0449,12.6429,74540
DHG,8/21/2008 00:00:00,12.0449,12.472,12.0449,12.1303,63340
DHG,8/22/2008 00:00:00,11.7886,12.1303,11.7886,11.9595,61090
DHG,8/25/2008 00:00:00,12.5574,12.5574,11.9595,12.2157,53020
DHG,8/26/2008 00:00:00,12.2157,12.472,12.2157,12.2157,46970
DHG,8/27/2008 00:00:00,12.2157,12.2157,11.9595,11.9595,44050
DHG,8/28/2008 00:00:00,11.7886,11.874,11.7032,11.7032,57760
DHG,8/29/2008 00:00:00,11.1906,11.3615,11.1906,11.1906,146270
DHG,9/3/2008 00:00:00,11.1906,11.7032,11.1906,11.7032,75070
DHG,9/4/2008 00:00:00,11.874,11.9595,11.7032,11.7032,33580
DHG,9/5/2008 00:00:00,11.874,11.9595,11.874,11.874,40180
DHG,9/8/2008 00:00:00,12.0449,12.0449,11.7032,11.874,118900
DHG,9/9/2008 00:00:00,11.9595,12.0449,11.874,11.874,24850
DHG,9/10/2008 00:00:00,11.9595,11.9595,11.3615,11.7032,22990
DHG,9/11/2008 00:00:00,11.7032,11.7032,11.1906,11.1906,22280
DHG,9/12/2008 00:00:00,11.1052,11.1052,10.9344,11.1052,137050
DHG,9/15/2008 00:00:00,10.9344,11.6178,10.9344,10.9344,35730
DHG,9/16/2008 00:00:00,11.4469,11.4469,10.7635,10.8489,131370
DHG,9/17/2008 00:00:00,10.3364,10.4218,10.3364,10.3364,72830
DHG,9/18/2008 00:00:00,9.82385,10.3364,9.82385,10.3364,167340
DHG,9/19/2008 00:00:00,10.8489,10.8489,10.8489,10.8489,26620
DHG,9/22/2008 00:00:00,11.3615,11.3615,11.3615,11.3615,36120
DHG,9/23/2008 00:00:00,11.874,11.874,11.3615,11.6178,72820
DHG,9/24/2008 00:00:00,11.9595,11.9595,11.2761,11.2761,74880
DHG,9/25/2008 00:00:00,11.7886,11.7886,11.5323,11.7886,85130
DHG,9/26/2008 00:00:00,11.9595,11.9595,11.7886,11.874,44780
DHG,9/29/2008 00:00:00,11.874,11.9595,11.4469,11.7886,34650
DHG,9/30/2008 00:00:00,11.2761,11.2761,11.2761,11.2761,15720
DHG,10/1/2008 00:00:00,11.6178,11.6178,11.2761,11.5323,26000
DHG,10/2/2008 00:00:00,11.7886,11.7886,11.5323,11.5323,5080
DHG,10/3/2008 00:00:00,11.1906,11.2761,11.1906,11.1906,32670
DHG,10/6/2008 00:00:00,10.6781,10.7635,10.6781,10.6781,34870
DHG,10/7/2008 00:00:00,10.1655,10.1655,10.1655,10.1655,27520
DHG,10/8/2008 00:00:00,9.73843,10.1655,9.73843,10.1655,31280
DHG,10/9/2008 00:00:00,9.90928,10.4218,9.90928,10.251,4910
DHG,10/10/2008 00:00:00,9.73843,10.251,9.73843,10.251,47230
DHG,10/13/2008 00:00:00,10.1655,10.1655,9.73843,9.73843,15960
DHG,10/14/2008 00:00:00,10.1655,10.1655,10.1655,10.1655,66070
DHG,10/15/2008 00:00:00,10.5072,10.5072,9.90928,9.90928,18980
DHG,10/16/2008 00:00:00,9.73843,9.9947,9.73843,9.73843,9090
DHG,10/17/2008 00:00:00,9.9947,9.9947,9.82385,9.9947,10190
DHG,10/20/2008 00:00:00,9.82385,9.82385,9.56758,9.56758,51070
DHG,10/21/2008 00:00:00,9.90928,9.90928,9.73843,9.82385,29220
DHG,10/22/2008 00:00:00,9.82385,9.82385,9.653,9.73843,10720
DHG,10/23/2008 00:00:00,9.56758,9.56758,9.3113,9.3113,38340
DHG,10/24/2008 00:00:00,8.88418,9.05503,8.88418,8.88418,38550
DHG,10/27/2008 00:00:00,8.54248,8.54248,8.45705,8.45705,28780
DHG,10/28/2008 00:00:00,8.07264,8.11535,8.07264,8.07264,37560
DHG,10/29/2008 00:00:00,9.05503,9.48215,9.05503,9.48215,18530
DHG,10/30/2008 00:00:00,8.11535,8.79875,8.11535,8.79875,13920
DHG,10/31/2008 00:00:00,9.22588,9.22588,9.14045,9.22588,33660
DHG,11/3/2008 00:00:00,9.653,9.653,9.22588,9.653,16340
DHG,11/4/2008 00:00:00,9.90928,10.0801,9.90928,10.0801,15800
DHG,11/5/2008 00:00:00,10.5109,10.5109,10.3386,10.4247,41170
DHG,11/6/2008 00:00:00,10.3386,10.3386,9.90781,10.3386,66830
DHG,11/7/2008 00:00:00,9.90781,9.90781,9.82166,9.82166,42000
DHG,11/10/2008 00:00:00,10.0801,10.0801,9.82166,9.99397,17890
DHG,11/11/2008 00:00:00,9.90781,9.90781,9.5632,9.5632,58310
DHG,11/12/2008 00:00:00,9.13242,9.39089,9.13242,9.13242,39210
DHG,11/13/2008 00:00:00,9.30473,9.5632,9.13242,9.5632,18530
DHG,11/14/2008 00:00:00,9.82166,9.99397,9.73551,9.99397,25150
DHG,11/17/2008 00:00:00,9.99397,10.1663,9.82166,10.1663,20510
DHG,11/18/2008 00:00:00,9.73551,9.82166,9.73551,9.73551,50370
DHG,11/19/2008 00:00:00,9.82166,9.82166,9.73551,9.82166,22180
DHG,11/20/2008 00:00:00,9.47704,9.64935,9.47704,9.64935,40640
DHG,11/21/2008 00:00:00,9.30473,9.82166,9.30473,9.82166,45070
DHG,11/24/2008 00:00:00,9.82166,10.1663,9.82166,10.0801,22500
DHG,11/25/2008 00:00:00,10.1663,10.3386,10.0801,10.3386,76450
DHG,11/26/2008 00:00:00,9.99397,10.2524,9.99397,10.0801,41900
DHG,11/27/2008 00:00:00,10.1663,10.1663,9.99397,10.0801,25950
DHG,11/28/2008 00:00:00,9.90781,10.1663,9.90781,10.0801,25710
DHG,12/1/2008 00:00:00,9.73551,10.0801,9.73551,10.0801,24750
DHG,12/2/2008 00:00:00,9.82166,10.2524,9.82166,10.2524,20600
DHG,12/3/2008 00:00:00,10.3386,10.3386,10.1663,10.2524,13170
DHG,12/4/2008 00:00:00,10.2524,10.3386,9.99397,10.3386,58100
DHG,12/5/2008 00:00:00,10.3386,10.3386,10.1663,10.3386,6140
DHG,12/8/2008 00:00:00,10.1663,10.1663,9.82166,9.99397,6930
DHG,12/9/2008 00:00:00,10.1249,10.1249,9.77576,9.77576,57630
DHG,12/10/2008 00:00:00,9.95033,10.1249,9.95033,10.0376,14090
DHG,12/11/2008 00:00:00,10.3867,10.474,10.2995,10.474,68600
DHG,12/12/2008 00:00:00,10.9104,10.9977,10.9104,10.9977,54740
DHG,12/15/2008 00:00:00,11.3469,11.3469,11.085,11.1723,30970
DHG,12/16/2008 00:00:00,10.6486,11.1723,10.6486,10.7359,15850
DHG,12/17/2008 00:00:00,10.2995,10.8232,10.2995,10.5613,32350
DHG,12/18/2008 00:00:00,10.6486,10.6486,10.474,10.474,18740
DHG,12/19/2008 00:00:00,10.7359,10.7359,10.3867,10.474,19390
DHG,12/22/2008 00:00:00,10.474,10.474,10.3867,10.3867,12650
DHG,12/23/2008 00:00:00,10.2122,10.2995,9.95033,10.0376,38880
DHG,12/24/2008 00:00:00,9.77576,10.2995,9.77576,10.2995,6090
DHG,12/25/2008 00:00:00,10.0376,10.1249,10.0376,10.1249,4250
DHG,12/26/2008 00:00:00,10.2122,10.2122,10.1249,10.1249,8990
DHG,12/29/2008 00:00:00,10.0376,10.2995,9.86304,10.2995,3640
DHG,12/30/2008 00:00:00,10.0376,10.1249,9.95033,9.95033,61370
DHG,12/31/2008 00:00:00,9.60119,10.3867,9.60119,10.3867,31390
DHG,1/2/2009 00:00:00,10.1249,10.474,10.1249,10.474,40580
DHG,1/5/2009 00:00:00,10.1249,10.1249,10.1249,10.1249,41600
DHG,1/6/2009 00:00:00,10.0376,10.2122,10.0376,10.1249,34370
DHG,1/7/2009 00:00:00,10.1249,10.2122,10.1249,10.2122,10900
DHG,1/8/2009 00:00:00,10.2122,10.2122,10.1249,10.1249,5770
DHG,1/9/2009 00:00:00,10.1249,10.1249,9.95033,10.0376,8640
DHG,1/12/2009 00:00:00,10.2122,10.2122,9.95033,9.95033,1290
DHG,1/13/2009 00:00:00,9.95033,9.95033,9.77576,9.77576,17070
DHG,1/14/2009 00:00:00,9.68848,10.0376,9.68848,9.95033,7320
DHG,1/15/2009 00:00:00,9.95033,9.95033,9.68848,9.68848,8190
DHG,1/16/2009 00:00:00,9.68848,9.77576,9.60119,9.77576,10300
DHG,1/19/2009 00:00:00,9.77576,9.77576,9.60119,9.77576,3310
DHG,1/20/2009 00:00:00,9.60119,9.77576,9.51391,9.51391,13770
DHG,1/21/2009 00:00:00,9.51391,9.60119,9.51391,9.51391,5400
DHG,1/22/2009 00:00:00,9.68848,9.77576,9.60119,9.68848,5080
DHG,1/23/2009 00:00:00,9.68848,9.86304,9.68848,9.77576,2580
DHG,2/2/2009 00:00:00,9.60119,9.95033,9.60119,9.68848,2110
DHG,2/3/2009 00:00:00,9.68848,9.68848,9.51391,9.68848,15860
DHG,2/4/2009 00:00:00,9.68848,9.77576,9.60119,9.68848,7190
DHG,2/5/2009 00:00:00,9.68848,9.68848,9.60119,9.60119,8930
DHG,2/6/2009 00:00:00,9.68848,9.68848,9.60119,9.60119,15670
DHG,2/9/2009 00:00:00,9.60119,9.68848,9.60119,9.60119,4790
DHG,2/10/2009 00:00:00,9.77576,9.77576,9.60119,9.60119,4230
DHG,2/11/2009 00:00:00,9.51391,9.68848,9.42663,9.68848,20370
DHG,2/12/2009 00:00:00,9.60119,9.68848,9.51391,9.68848,10160
DHG,2/13/2009 00:00:00,9.68848,9.68848,9.51391,9.51391,4160
DHG,2/16/2009 00:00:00,9.42663,9.51391,9.25206,9.42663,10640
DHG,2/17/2009 00:00:00,9.16478,9.42663,9.07749,9.16478,15120
DHG,2/18/2009 00:00:00,8.90293,8.90293,8.72836,8.72836,12290
DHG,2/19/2009 00:00:00,8.72836,8.81564,8.64107,8.72836,19700
DHG,2/20/2009 00:00:00,8.72836,8.72836,8.46651,8.46651,23110
DHG,2/23/2009 00:00:00,8.29194,8.46651,8.29194,8.46651,23050
DHG,2/24/2009 00:00:00,8.29194,8.64107,8.29194,8.64107,16720
DHG,2/25/2009 00:00:00,8.81564,8.99021,8.72836,8.99021,20370
DHG,2/26/2009 00:00:00,8.99021,8.99021,8.64107,8.72836,16490
DHG,2/27/2009 00:00:00,8.46651,8.99021,8.46651,8.99021,4510
DHG,3/2/2009 00:00:00,8.99021,8.99021,8.99021,8.99021,5110
DHG,3/3/2009 00:00:00,8.59743,8.72836,8.59743,8.72836,7110
DHG,3/4/2009 00:00:00,8.72836,8.72836,8.72836,8.72836,550
DHG,3/5/2009 00:00:00,8.72836,8.72836,8.55379,8.55379,10810
DHG,3/6/2009 00:00:00,8.55379,8.55379,8.55379,8.55379,12690
DHG,3/9/2009 00:00:00,8.55379,8.72836,8.55379,8.72836,4920
DHG,3/10/2009 00:00:00,8.72836,8.72836,8.55379,8.55379,1960
DHG,3/11/2009 00:00:00,8.72836,8.81564,8.72836,8.81564,7530
DHG,3/12/2009 00:00:00,8.81564,8.81564,8.72836,8.72836,5310
DHG,3/13/2009 00:00:00,8.72836,8.81564,8.72836,8.72836,3140
DHG,3/16/2009 00:00:00,8.59743,8.81564,8.59743,8.68472,800
DHG,3/17/2009 00:00:00,8.81564,8.81564,8.68472,8.72836,1330
DHG,3/18/2009 00:00:00,8.90293,9.16478,8.90293,9.16478,58970
DHG,3/19/2009 00:00:00,9.16478,9.60119,9.16478,9.60119,31780
DHG,3/20/2009 00:00:00,9.60119,9.86304,9.33934,9.86304,31130
DHG,3/23/2009 00:00:00,9.86304,9.86304,9.77576,9.86304,23570
DHG,3/24/2009 00:00:00,9.95033,10.0376,9.77576,9.95033,62480
DHG,3/25/2009 00:00:00,10.0376,10.0376,9.95033,10.0376,37470
DHG,3/26/2009 00:00:00,9.95033,10.3867,9.95033,10.3867,50300
DHG,3/27/2009 00:00:00,10.0376,10.1249,9.95033,9.95033,27640
DHG,3/30/2009 00:00:00,9.68848,9.95033,9.68848,9.68848,3910
DHG,3/31/2009 00:00:00,9.51391,9.51391,9.25206,9.25206,21140
DHG,4/1/2009 00:00:00,9.25206,9.33934,9.16478,9.25206,38270
DHG,4/2/2009 00:00:00,9.51391,9.60119,9.51391,9.60119,3640
DHG,4/3/2009 00:00:00,9.95033,9.95033,9.77576,9.95033,16950
DHG,4/7/2009 00:00:00,9.95033,10.1249,9.95033,10.1249,30160
DHG,4/8/2009 00:00:00,9.68848,9.95033,9.68848,9.77576,25060
DHG,4/9/2009 00:00:00,9.77576,9.77576,9.33934,9.33934,7600
DHG,4/10/2009 00:00:00,9.77576,9.77576,9.77576,9.77576,9820
DHG,4/13/2009 00:00:00,10.2122,10.2122,10.0376,10.2122,13770
DHG,4/14/2009 00:00:00,9.77576,10.1249,9.77576,9.86304,20590
DHG,4/15/2009 00:00:00,9.86304,9.86304,9.68848,9.77576,12060
DHG,4/16/2009 00:00:00,9.77576,9.77576,9.33934,9.77576,18920
DHG,4/17/2009 00:00:00,9.77576,9.77576,9.42663,9.77576,27740
DHG,4/20/2009 00:00:00,9.33934,9.60119,9.33934,9.51391,13780
DHG,4/21/2009 00:00:00,9.07749,9.16478,9.07749,9.07749,90740
DHG,4/22/2009 00:00:00,9.07749,9.25206,9.07749,9.16478,43060
DHG,4/23/2009 00:00:00,9.42663,9.42663,9.07749,9.16478,31890
DHG,4/24/2009 00:00:00,9.07749,9.33934,8.99021,9.07749,8740
DHG,4/27/2009 00:00:00,9.25206,9.25206,9.07749,9.07749,17360
DHG,4/28/2009 00:00:00,9.07749,9.16478,9.07749,9.07749,42260
DHG,4/29/2009 00:00:00,9.16478,9.16478,9.07749,9.07749,53930
DHG,5/4/2009 00:00:00,9.42663,9.51391,9.42663,9.51391,27010
DHG,5/5/2009 00:00:00,9.95033,9.95033,9.95033,9.95033,33420
DHG,5/6/2009 00:00:00,9.95033,10.1249,9.68848,9.95033,33530
DHG,5/7/2009 00:00:00,9.95033,10.0376,9.25206,9.33934,21670
DHG,5/8/2009 00:00:00,9.42663,9.42663,9.33934,9.33934,16020
DHG,5/11/2009 00:00:00,9.77576,9.77576,9.77576,9.77576,15300
DHG,5/12/2009 00:00:00,10.1249,10.1249,9.86304,9.86304,11080
DHG,5/13/2009 00:00:00,10.2122,10.2122,9.42663,9.42663,52060
DHG,5/14/2009 00:00:00,9.42663,9.68848,9.42663,9.51391,36930
DHG,5/15/2009 00:00:00,9.51391,9.68848,9.51391,9.60119,6000
DHG,5/18/2009 00:00:00,9.60119,9.77576,9.60119,9.60119,8350
DHG,5/19/2009 00:00:00,10.0376,10.0376,9.86304,10.0376,36480
DHG,5/20/2009 00:00:00,10.474,10.474,10.2995,10.474,85220
DHG,5/21/2009 00:00:00,10.0376,10.2995,10.0376,10.2995,8770
DHG,5/22/2009 00:00:00,10.2995,10.2995,9.86304,9.95033,8380
DHG,5/25/2009 00:00:00,10.1249,10.3867,10.1249,10.3867,31930
DHG,5/26/2009 00:00:00,10.474,10.474,10.3867,10.474,30980
DHG,5/27/2009 00:00:00,10.474,10.474,10.3867,10.474,30170
DHG,5/28/2009 00:00:00,10.474,10.474,10.1249,10.1249,19050
DHG,5/29/2009 00:00:00,10.3867,10.3867,10.3867,10.3867,11170
DHG,6/1/2009 00:00:00,10.5613,10.8232,10.474,10.8232,30330
DHG,6/2/2009 00:00:00,11.3469,11.3469,11.2596,11.2596,31620
DHG,6/3/2009 00:00:00,11.7833,11.7833,11.6087,11.7833,44270
DHG,6/4/2009 00:00:00,12.1324,12.2197,12.1324,12.2197,8970
DHG,6/5/2009 00:00:00,12.8307,12.8307,12.7434,12.7434,34270
DHG,6/8/2009 00:00:00,13.1798,13.3544,13.0925,13.2671,25790
DHG,6/9/2009 00:00:00,13.3544,13.3544,13.0925,13.3544,25590
DHG,6/10/2009 00:00:00,12.7434,12.7434,12.7434,12.7434,7730
DHG,6/11/2009 00:00:00,12.1324,12.7434,12.1324,12.2197,164950
DHG,6/12/2009 00:00:00,11.9579,12.2197,11.696,11.696,75360
DHG,6/15/2009 00:00:00,11.2596,12.2197,11.2596,12.2197,33690
DHG,6/16/2009 00:00:00,11.6087,11.6087,11.6087,11.6087,7630
DHG,6/17/2009 00:00:00,11.1723,11.3469,11.1723,11.3469,17700
DHG,6/18/2009 00:00:00,11.7833,11.7833,11.1723,11.2596,12540
DHG,6/19/2009 00:00:00,11.3469,11.3469,11.085,11.2596,14900
DHG,6/22/2009 00:00:00,11.2596,11.2596,10.8232,10.8232,21820
DHG,6/23/2009 00:00:00,10.2995,10.2995,10.2995,10.2995,16820
DHG,6/24/2009 00:00:00,10.7359,10.7359,9.95033,9.95033,31040
DHG,6/25/2009 00:00:00,10.3867,10.3867,10.2995,10.3867,8720
DHG,6/26/2009 00:00:00,10.474,10.6486,10.3867,10.3867,11830
DHG,6/29/2009 00:00:00,10.1249,10.2995,10.1249,10.1249,8280
DHG,6/30/2009 00:00:00,10.2122,10.2122,9.95033,9.95033,33630
DHG,7/1/2009 00:00:00,9.60119,9.95033,9.51391,9.51391,38910
DHG,7/2/2009 00:00:00,9.51391,9.95033,9.51391,9.60119,94240
DHG,7/3/2009 00:00:00,9.68848,9.68848,9.60119,9.60119,36690
DHG,7/6/2009 00:00:00,9.77576,9.86304,9.51391,9.86304,52280
DHG,7/7/2009 00:00:00,10.0376,10.0376,9.86304,9.86304,36830
DHG,7/8/2009 00:00:00,9.86304,9.95033,9.68848,9.86304,88010
DHG,7/9/2009 00:00:00,9.60119,9.95033,9.60119,9.86304,94480
DHG,7/10/2009 00:00:00,9.86304,9.95033,9.77576,9.77576,34930
DHG,7/13/2009 00:00:00,9.77576,9.77576,9.51391,9.51391,30110
DHG,7/14/2009 00:00:00,9.51391,9.51391,9.42663,9.51391,48270
DHG,7/15/2009 00:00:00,9.51391,9.68848,9.51391,9.51391,90500
DHG,7/16/2009 00:00:00,9.51391,9.60119,9.33934,9.51391,70620
DHG,7/17/2009 00:00:00,9.60119,9.60119,9.42663,9.42663,27500
DHG,7/20/2009 00:00:00,8.99021,9.16478,8.99021,9.07749,35540
DHG,7/21/2009 00:00:00,9.16478,9.33934,9.16478,9.33934,16620
DHG,7/22/2009 00:00:00,9.77576,9.77576,9.60119,9.60119,46980
DHG,7/23/2009 00:00:00,9.60119,9.86304,9.60119,9.86304,31170
DHG,7/24/2009 00:00:00,10.2122,10.2995,10.2122,10.2995,128870
DHG,7/27/2009 00:00:00,10.5613,10.6486,10.2995,10.3867,33520
DHG,7/28/2009 00:00:00,10.0376,10.1249,10.0376,10.1249,28330
DHG,7/29/2009 00:00:00,10.1249,10.2122,10.1249,10.1249,26450
DHG,7/30/2009 00:00:00,10.2995,10.2995,9.95033,10.0376,63230
DHG,7/31/2009 00:00:00,10.1249,10.1249,10.0376,10.0376,43210
DHG,8/3/2009 00:00:00,10.1249,10.2995,10.0376,10.2122,16120
DHG,8/4/2009 00:00:00,10.474,10.474,10.2122,10.2122,31920
DHG,8/5/2009 00:00:00,10.2995,10.6486,10.2122,10.6486,91270
DHG,8/6/2009 00:00:00,10.6486,10.7359,10.474,10.474,35840
DHG,8/7/2009 00:00:00,10.2995,10.7359,10.2995,10.6486,37420
DHG,8/10/2009 00:00:00,10.6486,10.8232,10.6486,10.8232,25730
DHG,8/11/2009 00:00:00,10.9977,11.1723,10.8232,10.9977,41950
DHG,8/12/2009 00:00:00,11.3469,11.5214,11.2596,11.5214,50590
DHG,8/13/2009 00:00:00,12.0451,12.0451,11.8706,12.0451,59940
DHG,8/14/2009 00:00:00,12.0451,12.0451,11.7833,11.8706,22510
DHG,8/17/2009 00:00:00,11.6087,11.7833,11.5214,11.5214,10360
DHG,8/18/2009 00:00:00,11.1723,11.5214,11.1723,11.3469,14960
DHG,8/19/2009 00:00:00,11.696,11.696,11.4341,11.5214,14380
DHG,8/20/2009 00:00:00,11.696,11.696,11.3469,11.5214,22830
DHG,8/21/2009 00:00:00,11.696,11.8706,11.5214,11.6087,29510
DHG,8/24/2009 00:00:00,11.6087,11.8706,11.6087,11.7833,21430
DHG,8/25/2009 00:00:00,12.1324,12.1324,11.7833,11.7833,28490
DHG,8/26/2009 00:00:00,11.7833,11.8706,11.6087,11.6087,12150
DHG,8/27/2009 00:00:00,11.7833,11.8706,11.5214,11.7833,12280
DHG,8/28/2009 00:00:00,11.8706,12.307,11.7833,12.307,55190
DHG,8/31/2009 00:00:00,12.918,12.918,12.7434,12.7434,61340
DHG,9/1/2009 00:00:00,12.8307,12.8307,12.6561,12.7434,71060
DHG,9/3/2009 00:00:00,13.2671,13.3544,12.8307,13.3544,507930
DHG,9/4/2009 00:00:00,14.0155,14.0155,14.0155,14.0155,166090
DHG,9/7/2009 00:00:00,14.6325,14.6325,14.6325,14.6325,55850
DHG,9/8/2009 00:00:00,15.3377,15.3377,14.3681,14.3681,96560
DHG,9/9/2009 00:00:00,14.3681,14.3681,13.6629,13.6629,140150
DHG,9/10/2009 00:00:00,13.2222,13.4866,13.134,13.4866,145500
DHG,9/11/2009 00:00:00,13.9273,13.9273,13.4866,13.5748,79860
DHG,9/14/2009 00:00:00,13.7511,13.7511,12.9577,13.3985,67350
DHG,9/15/2009 00:00:00,13.5748,13.5748,13.2222,13.3103,90910
DHG,9/16/2009 00:00:00,13.7511,13.7511,13.3985,13.3985,93050
DHG,9/17/2009 00:00:00,13.5748,13.5748,13.2222,13.4866,83980
DHG,9/18/2009 00:00:00,13.4866,13.6629,13.4866,13.5748,86550
DHG,9/21/2009 00:00:00,13.5748,13.5748,13.3985,13.3985,42990
DHG,9/22/2009 00:00:00,13.2222,13.3985,13.134,13.134,71620
DHG,9/23/2009 00:00:00,13.134,13.4866,13.134,13.3103,68900
DHG,9/24/2009 00:00:00,13.2222,13.3103,13.2222,13.2222,40730
DHG,9/25/2009 00:00:00,13.4866,13.4866,13.134,13.3103,66600
DHG,9/28/2009 00:00:00,13.7511,13.9273,13.7511,13.9273,78130
DHG,9/29/2009 00:00:00,14.5444,14.5444,14.3681,14.5444,152910
DHG,9/30/2009 00:00:00,14.5444,14.9851,14.3681,14.5444,152060
DHG,10/1/2009 00:00:00,14.1918,14.4562,13.8392,14.0155,93760
DHG,10/2/2009 00:00:00,13.6629,13.8392,13.3985,13.6629,86560
DHG,10/5/2009 00:00:00,13.6629,13.7511,13.5748,13.6629,79390
DHG,10/6/2009 00:00:00,13.3985,14.1036,13.2222,14.1036,144540
DHG,10/7/2009 00:00:00,14.3681,14.8088,14.1918,14.8088,141340
DHG,10/8/2009 00:00:00,14.8088,15.4259,14.8088,15.1614,84380
DHG,10/9/2009 00:00:00,15.4259,15.4259,15.1614,15.2496,63540
DHG,10/12/2009 00:00:00,15.2496,15.2496,14.9851,15.1614,52210
DHG,10/13/2009 00:00:00,14.9851,14.9851,14.5444,14.7207,47780
DHG,10/14/2009 00:00:00,14.5444,15.3377,14.5444,15.3377,40180
DHG,10/15/2009 00:00:00,15.6903,15.7785,15.514,15.6022,79620
DHG,10/16/2009 00:00:00,15.6022,15.6903,15.2496,15.4259,41760
DHG,10/19/2009 00:00:00,15.4259,15.4259,15.2496,15.2496,17830
DHG,10/20/2009 00:00:00,15.2496,15.2496,15.0733,15.0733,59730
DHG,10/21/2009 00:00:00,15.0733,15.0733,14.8088,14.8088,55530
DHG,10/22/2009 00:00:00,14.6325,15.1614,14.5444,15.0733,116330
DHG,10/23/2009 00:00:00,15.0733,15.1614,14.8088,14.8088,42190
DHG,10/26/2009 00:00:00,14.3681,14.6325,14.3681,14.5444,37210
DHG,10/27/2009 00:00:00,14.5444,14.6325,14.3681,14.5444,17390
DHG,10/28/2009 00:00:00,15.0733,15.0733,14.7207,14.897,10480
DHG,10/29/2009 00:00:00,14.4562,14.5444,14.2799,14.4562,49040
DHG,10/30/2009 00:00:00,14.9851,14.9851,14.4562,14.7207,13220
DHG,11/2/2009 00:00:00,14.5444,14.5444,14.0155,14.2799,79560
DHG,11/3/2009 00:00:00,14.1036,14.4562,13.5748,13.9273,39440
DHG,11/4/2009 00:00:00,14.5444,14.5444,13.9273,14.4562,33370
DHG,11/5/2009 00:00:00,14.8088,14.8088,14.4562,14.5444,13030
DHG,11/6/2009 00:00:00,14.6325,14.7207,14.1036,14.1036,66670
DHG,11/9/2009 00:00:00,14.5444,14.5444,14.0155,14.0155,79940
DHG,11/10/2009 00:00:00,13.7511,14.0155,13.6629,14.0155,25110
DHG,11/11/2009 00:00:00,14.3681,14.3681,14.0155,14.1918,34460
DHG,11/12/2009 00:00:00,14.8088,14.8088,14.5738,14.6913,13050
DHG,11/13/2009 00:00:00,14.1036,14.5738,13.9861,14.2212,26670
DHG,11/16/2009 00:00:00,14.2212,14.3387,13.8686,14.1036,37470
DHG,11/17/2009 00:00:00,14.1036,14.3387,14.1036,14.2212,56070
DHG,11/18/2009 00:00:00,14.2212,14.3387,14.1036,14.3387,28170
DHG,11/19/2009 00:00:00,14.3387,14.4562,14.3387,14.4562,34500
DHG,11/20/2009 00:00:00,14.2212,14.4562,14.2212,14.3387,64930
DHG,11/23/2009 00:00:00,14.2212,14.2212,13.9861,13.9861,37650
DHG,11/24/2009 00:00:00,13.9861,14.1036,13.7511,13.7511,16380
DHG,11/25/2009 00:00:00,13.7511,13.7511,13.2809,13.2809,49270
DHG,11/26/2009 00:00:00,12.8108,13.8686,12.6933,13.8686,59660
DHG,11/27/2009 00:00:00,13.3985,14.3387,13.3985,14.2212,18770
DHG,11/30/2009 00:00:00,14.2212,14.3387,14.2212,14.3387,14270
DHG,12/1/2009 00:00:00,14.5738,14.6913,14.4562,14.4562,10710
DHG,12/2/2009 00:00:00,14.3387,14.3387,13.9861,14.1036,31400
DHG,12/3/2009 00:00:00,13.6335,13.8686,13.6335,13.7511,16360
DHG,12/4/2009 00:00:00,13.7511,13.9861,13.516,13.516,25950
DHG,12/7/2009 00:00:00,13.2809,13.3985,13.1634,13.2809,56530
DHG,12/8/2009 00:00:00,13.1634,13.8686,13.1634,13.2809,12820
DHG,12/9/2009 00:00:00,12.8108,13.2809,12.8108,13.2809,45240
DHG,12/10/2009 00:00:00,13.516,13.516,12.6933,12.6933,33260
DHG,12/11/2009 00:00:00,13.0459,13.2809,12.2232,12.2232,43750
DHG,12/14/2009 00:00:00,11.9881,12.8108,11.9881,12.8108,28620
DHG,12/15/2009 00:00:00,13.1634,13.1634,12.6933,13.0459,2670
DHG,12/16/2009 00:00:00,12.5757,12.5757,12.4582,12.4582,12060
DHG,12/17/2009 00:00:00,12.1056,12.6933,11.9881,11.9881,16980
DHG,12/18/2009 00:00:00,11.9881,12.4582,11.4004,11.4004,84840
DHG,12/21/2009 00:00:00,11.8706,11.8706,11.8706,11.8706,6580
DHG,12/22/2009 00:00:00,12.4582,12.4582,12.3407,12.4582,8010
DHG,12/23/2009 00:00:00,11.9881,12.6933,11.9881,12.4582,47980
DHG,12/24/2009 00:00:00,12.4582,12.5757,12.1056,12.5757,11870
DHG,12/25/2009 00:00:00,12.5757,12.9283,12.5757,12.8108,13600
DHG,12/28/2009 00:00:00,12.9283,13.1634,12.8108,12.9283,22780
DHG,12/29/2009 00:00:00,12.9283,12.9283,12.5757,12.9283,30670
DHG,12/30/2009 00:00:00,12.4582,13.2809,12.4582,13.2809,36920
DHG,12/31/2009 00:00:00,13.516,13.6335,13.3985,13.3985,15210
DHG,1/4/2010 00:00:00,13.2809,13.7511,13.2809,13.7511,16780
DHG,1/5/2010 00:00:00,13.9861,13.9861,13.516,13.7511,158950
DHG,1/6/2010 00:00:00,13.6335,13.7511,13.3985,13.6335,44420
DHG,1/7/2010 00:00:00,13.6335,13.7511,13.516,13.7511,70630
DHG,1/8/2010 00:00:00,14.3387,14.3387,13.8686,13.8686,45010
DHG,1/11/2010 00:00:00,14.2212,14.2212,13.8686,14.2212,49780
DHG,1/12/2010 00:00:00,14.2212,14.4562,13.9861,14.2212,34630
DHG,1/13/2010 00:00:00,14.1036,14.2212,13.7511,14.1036,17880
DHG,1/14/2010 00:00:00,14.1036,14.1036,13.9861,14.1036,8360
DHG,1/15/2010 00:00:00,14.1036,14.1036,13.9861,14.1036,19230
DHG,1/18/2010 00:00:00,14.1036,14.1036,13.8686,13.8686,15330
DHG,1/19/2010 00:00:00,13.9861,14.1036,13.9861,13.9861,40900
DHG,1/20/2010 00:00:00,13.9861,13.9861,13.8686,13.8686,18360
DHG,1/21/2010 00:00:00,13.8686,13.9861,13.7511,13.7511,15790
DHG,1/22/2010 00:00:00,13.8686,13.8686,13.7511,13.7511,3060
DHG,1/25/2010 00:00:00,13.8686,13.9861,13.8686,13.9861,8840
DHG,1/26/2010 00:00:00,14.5738,14.5738,14.4562,14.5738,44650
DHG,1/27/2010 00:00:00,14.9264,14.9264,14.5738,14.5738,79170
DHG,1/28/2010 00:00:00,14.6913,14.6913,14.4562,14.5738,20450
DHG,1/29/2010 00:00:00,14.5738,14.6913,14.4562,14.5738,49990
DHG,2/1/2010 00:00:00,14.8088,15.0439,14.4562,15.0439,66770
DHG,2/2/2010 00:00:00,15.2789,15.2789,15.0439,15.1614,32600
DHG,2/3/2010 00:00:00,15.1614,15.2789,15.0439,15.0439,26260
DHG,2/4/2010 00:00:00,15.1614,15.1614,14.9264,14.9264,15670
DHG,2/5/2010 00:00:00,14.9264,14.9264,14.2212,14.2212,43770
DHG,2/8/2010 00:00:00,13.8686,14.2212,13.8686,13.9861,9030
DHG,2/9/2010 00:00:00,13.8686,14.1036,13.8686,13.9861,19370
DHG,2/10/2010 00:00:00,14.4562,14.4562,13.9861,14.3387,15970
DHG,2/11/2010 00:00:00,14.5738,14.5738,14.5738,14.5738,2910
DHG,2/12/2010 00:00:00,14.9264,14.9264,14.5738,14.6913,20400
DHG,2/22/2010 00:00:00,14.8088,14.8088,14.6913,14.6913,28350
DHG,2/23/2010 00:00:00,14.6913,14.8088,14.6913,14.8088,131230
DHG,2/24/2010 00:00:00,14.8088,14.8088,14.5738,14.6913,53050
DHG,2/25/2010 00:00:00,14.6913,14.8088,14.6913,14.8088,48230
DHG,2/26/2010 00:00:00,14.8088,14.8088,14.6913,14.6913,61390
DHG,3/1/2010 00:00:00,14.6913,14.9264,14.6913,14.8088,46020
DHG,3/2/2010 00:00:00,14.4562,14.5738,14.3387,14.3387,36020
DHG,3/3/2010 00:00:00,14.6913,14.6913,14.4562,14.5738,8770
DHG,3/4/2010 00:00:00,15.0439,15.0439,14.5738,14.5738,3680
DHG,3/5/2010 00:00:00,14.5738,14.9264,14.5738,14.6913,16660
DHG,3/8/2010 00:00:00,14.6913,14.8088,14.5738,14.5738,28370
DHG,3/9/2010 00:00:00,14.5738,14.8088,14.5738,14.8088,38790
DHG,3/10/2010 00:00:00,14.8088,14.8088,14.5738,14.8088,33730
DHG,3/11/2010 00:00:00,14.8088,14.8088,14.6913,14.6913,6030
DHG,3/12/2010 00:00:00,14.5738,14.8088,14.5738,14.6913,31790
DHG,3/15/2010 00:00:00,14.8088,14.8088,14.3387,14.3387,60420
DHG,3/16/2010 00:00:00,14.3387,14.3387,14.1036,14.1036,44930
DHG,3/17/2010 00:00:00,14.4562,14.6913,14.2212,14.2212,50410
DHG,3/18/2010 00:00:00,14.6913,14.6913,13.9861,13.9861,71240
DHG,3/19/2010 00:00:00,13.9861,14.1036,13.6335,13.6335,173840
DHG,3/22/2010 00:00:00,13.8686,13.9861,13.7511,13.7511,11790
DHG,3/23/2010 00:00:00,13.7511,14.1036,13.7511,14.1036,7340
DHG,3/24/2010 00:00:00,14.2222,14.3407,14.1036,14.3407,26020
DHG,3/25/2010 00:00:00,13.9851,14.2222,13.9851,14.1036,18070
DHG,3/26/2010 00:00:00,14.2222,14.2222,13.8666,14.1036,20780
DHG,3/29/2010 00:00:00,14.1036,14.2222,14.1036,14.1036,10130
DHG,3/30/2010 00:00:00,14.1036,14.2222,13.9851,13.9851,25040
DHG,3/31/2010 00:00:00,14.1036,14.1036,13.9851,13.9851,20240
DHG,4/1/2010 00:00:00,14.1036,14.1036,13.9851,14.1036,34700
DHG,4/2/2010 00:00:00,14.1036,14.1036,13.9851,13.9851,13980
DHG,4/5/2010 00:00:00,14.2222,14.2222,13.9851,13.9851,5260
DHG,4/6/2010 00:00:00,13.9851,14.2222,13.9851,14.2222,42950
DHG,4/7/2010 00:00:00,13.8666,14.2222,13.8666,14.2222,38580
DHG,4/8/2010 00:00:00,14.1036,14.2222,13.9851,13.9851,83980
DHG,4/9/2010 00:00:00,13.9851,14.1036,13.9851,14.1036,15370
DHG,4/12/2010 00:00:00,14.2222,14.2222,14.2222,14.2222,41050
DHG,4/13/2010 00:00:00,13.9851,14.1036,13.9851,13.9851,40900
DHG,4/14/2010 00:00:00,14.1036,14.1036,13.9851,14.1036,27390
DHG,4/15/2010 00:00:00,14.1036,14.3407,14.1036,14.3407,20120
DHG,4/16/2010 00:00:00,14.4592,14.4592,14.2222,14.3407,33650
DHG,4/19/2010 00:00:00,14.3407,14.3407,14.2222,14.3407,43210
DHG,4/20/2010 00:00:00,14.2222,14.3407,14.1036,14.2222,22280
DHG,4/21/2010 00:00:00,14.2222,14.2222,14.2222,14.2222,15670
DHG,4/22/2010 00:00:00,14.4592,14.4592,14.2222,14.4592,15210
DHG,4/26/2010 00:00:00,14.6962,14.6962,14.4592,14.5777,17920
DHG,4/27/2010 00:00:00,14.3407,14.6962,14.3407,14.6962,15650
DHG,4/28/2010 00:00:00,14.6962,14.6962,14.5777,14.6962,44430
DHG,4/29/2010 00:00:00,14.4592,14.5777,14.4592,14.5777,40790
DHG,5/4/2010 00:00:00,14.2222,14.5777,14.2222,14.5777,2840
DHG,5/5/2010 00:00:00,14.3407,14.5777,14.3407,14.4592,33110
DHG,5/6/2010 00:00:00,14.3407,14.4592,14.3407,14.3407,7720
DHG,5/7/2010 00:00:00,14.4592,14.4592,14.2222,14.4592,29830
DHG,5/10/2010 00:00:00,14.3407,14.4592,14.2222,14.2222,12290
DHG,5/11/2010 00:00:00,14.2222,14.3407,14.2222,14.3407,12440
DHG,5/12/2010 00:00:00,14.2222,14.3407,14.2222,14.3407,14780
DHG,5/13/2010 00:00:00,14.2222,14.3407,14.1036,14.1036,39730
DHG,5/14/2010 00:00:00,14.5777,14.5777,14.2222,14.2222,16600
DHG,5/17/2010 00:00:00,14.2222,14.2222,13.8666,13.8666,25550
DHG,5/18/2010 00:00:00,13.8666,13.8666,13.6296,13.6296,8510
DHG,5/19/2010 00:00:00,13.9851,13.9851,13.6296,13.6296,46550
DHG,5/20/2010 00:00:00,13.6296,13.8666,13.6296,13.8666,55360
DHG,5/21/2010 00:00:00,13.8071,13.8071,13.569,13.569,67670
DHG,5/24/2010 00:00:00,13.569,14.0451,13.569,13.6881,39480
DHG,5/25/2010 00:00:00,13.8071,14.0451,13.8071,13.8071,49800
DHG,5/26/2010 00:00:00,13.8071,14.0451,13.8071,14.0451,23310
DHG,5/27/2010 00:00:00,14.0451,14.1642,14.0451,14.1642,14790
DHG,5/28/2010 00:00:00,14.2832,14.5213,14.2832,14.4022,7700
DHG,5/31/2010 00:00:00,14.1642,14.4022,14.0451,14.0451,4340
DHG,6/1/2010 00:00:00,13.9261,14.2832,13.9261,14.2832,1540
DHG,6/2/2010 00:00:00,14.2832,14.2832,14.2832,14.2832,480
DHG,6/3/2010 00:00:00,14.0451,14.2832,14.0451,14.0451,3360
DHG,6/4/2010 00:00:00,14.1642,14.2832,14.0451,14.2832,2080
DHG,6/7/2010 00:00:00,13.9261,14.1642,13.8071,14.1642,5900
DHG,6/8/2010 00:00:00,13.9261,13.9261,13.6881,13.8071,4550
DHG,6/9/2010 00:00:00,14.0451,14.0451,13.8071,13.8071,4850
DHG,6/10/2010 00:00:00,14.1642,14.1642,14.0451,14.0451,10250
DHG,6/11/2010 00:00:00,14.0451,14.0451,13.9261,14.0451,1010
DHG,6/14/2010 00:00:00,14.0451,14.0451,13.9261,14.0451,11810
DHG,6/15/2010 00:00:00,13.8071,13.9261,13.8071,13.9261,14120
DHG,6/16/2010 00:00:00,13.6881,14.1642,13.6881,13.8071,49600
DHG,6/17/2010 00:00:00,13.8071,14.1642,13.8071,13.8071,22890
DHG,6/18/2010 00:00:00,13.9261,13.9261,13.9261,13.9261,24820
DHG,6/21/2010 00:00:00,13.9261,14.0451,13.8071,13.8071,14840
DHG,6/22/2010 00:00:00,13.8071,14.1642,13.8071,13.8071,22910
DHG,6/23/2010 00:00:00,13.9261,14.1642,13.8071,13.8071,35300
DHG,6/24/2010 00:00:00,13.8071,14.0451,13.8071,13.9261,36310
DHG,6/25/2010 00:00:00,13.9261,14.0451,13.9261,14.0451,12240
DHG,6/28/2010 00:00:00,14.0451,14.0451,13.8071,13.8071,17900
DHG,6/29/2010 00:00:00,13.9261,14.0451,13.9261,14.0451,2500
DHG,6/30/2010 00:00:00,14.0451,14.0451,13.9261,13.9261,31840
DHG,7/1/2010 00:00:00,13.9261,13.9261,13.9261,13.9261,850
DHG,7/2/2010 00:00:00,13.9261,13.9261,13.9261,13.9261,11970
DHG,7/5/2010 00:00:00,13.9261,13.9261,13.9261,13.9261,9520
DHG,7/6/2010 00:00:00,13.9261,13.9261,13.8071,13.8071,3770
DHG,7/7/2010 00:00:00,13.9261,13.9261,13.569,13.6881,40720
DHG,7/8/2010 00:00:00,13.6881,13.6881,13.6881,13.6881,1400
DHG,7/9/2010 00:00:00,13.8071,13.8071,13.6881,13.8071,7120
DHG,7/12/2010 00:00:00,13.8071,13.8071,13.6881,13.8071,5570
DHG,7/13/2010 00:00:00,13.8071,13.9261,13.8071,13.9261,41420
DHG,7/14/2010 00:00:00,14.0451,14.0451,13.9261,13.9261,9630
DHG,7/15/2010 00:00:00,13.6881,13.8071,13.6881,13.8071,2730
DHG,7/16/2010 00:00:00,14.0451,14.0451,13.8071,13.8071,15350
DHG,7/19/2010 00:00:00,13.9261,14.0451,13.8071,14.0451,21840
DHG,7/20/2010 00:00:00,14.0451,14.0451,13.8071,13.8071,2160
DHG,7/21/2010 00:00:00,13.8071,14.0451,13.8071,14.0451,9990
DHG,7/22/2010 00:00:00,14.0451,14.0451,13.9261,13.9261,1280
DHG,7/23/2010 00:00:00,14.0451,14.2832,14.0451,14.2832,21370
DHG,7/26/2010 00:00:00,14.2832,14.2832,14.1642,14.1642,7450
DHG,7/27/2010 00:00:00,14.1642,14.2832,14.1642,14.1642,27480
DHG,7/28/2010 00:00:00,14.1642,14.1642,14.1642,14.1642,5210
DHG,7/29/2010 00:00:00,14.0451,14.1642,14.0451,14.1642,3390
DHG,7/30/2010 00:00:00,14.1642,14.2832,14.1642,14.2832,45790
DHG,8/2/2010 00:00:00,14.4022,14.4022,14.0451,14.0451,9070
DHG,8/3/2010 00:00:00,14.0451,14.1642,14.0451,14.1642,13530
DHG,8/4/2010 00:00:00,14.2832,14.2832,14.0451,14.0451,17090
DHG,8/5/2010 00:00:00,14.1642,14.1642,14.0451,14.1642,3230
DHG,8/6/2010 00:00:00,14.1642,14.2832,14.1642,14.1642,6440
DHG,8/9/2010 00:00:00,14.2832,14.2832,14.1642,14.1642,5460
DHG,8/10/2010 00:00:00,14.1642,14.1642,14.1642,14.1642,9870
DHG,8/11/2010 00:00:00,14.1642,14.2832,14.1642,14.1642,17660
DHG,8/12/2010 00:00:00,14.1642,14.1642,14.0451,14.1642,23680
DHG,8/13/2010 00:00:00,14.1642,14.1642,14.0451,14.1642,27390
DHG,8/16/2010 00:00:00,14.1642,14.2832,14.1642,14.1642,1560
DHG,8/17/2010 00:00:00,14.1642,14.2832,14.1642,14.2832,2690
DHG,8/18/2010 00:00:00,14.2832,14.4022,14.2832,14.2832,6940
DHG,8/19/2010 00:00:00,14.1642,14.1642,14.0451,14.0451,19030
DHG,8/20/2010 00:00:00,14.2832,14.2832,14.0451,14.0451,18860
DHG,8/23/2010 00:00:00,14.1642,14.1642,14.0451,14.1642,5110
DHG,8/24/2010 00:00:00,13.9261,13.9261,13.569,13.569,16320
DHG,8/25/2010 00:00:00,13.9261,13.9261,13.6881,13.6881,16580
DHG,8/26/2010 00:00:00,13.8071,13.8071,13.6881,13.6881,23180
DHG,8/27/2010 00:00:00,13.8071,13.8071,13.6881,13.8071,15300
DHG,8/30/2010 00:00:00,13.9261,14.0451,13.9261,13.9261,7140
DHG,8/31/2010 00:00:00,13.9261,13.9261,13.8071,13.9261,13690
DHG,9/1/2010 00:00:00,13.9261,14.0451,13.8071,13.9261,35520
DHG,9/6/2010 00:00:00,14.2832,14.2832,13.9261,13.9261,55810
DHG,9/7/2010 00:00:00,13.9261,13.9261,13.8071,13.9261,9830
DHG,9/8/2010 00:00:00,13.8071,13.8071,13.8071,13.8071,2690
DHG,9/9/2010 00:00:00,13.8071,13.8071,13.8071,13.8071,8300
DHG,9/10/2010 00:00:00,13.8071,13.8071,13.8071,13.8071,180
DHG,9/13/2010 00:00:00,13.9261,13.9261,13.6881,13.6881,10980
DHG,9/14/2010 00:00:00,13.6881,14.0451,13.6881,13.8071,1440
DHG,9/15/2010 00:00:00,14.0451,14.0451,13.8071,13.8071,14330
DHG,9/16/2010 00:00:00,13.8071,13.8071,13.6881,13.6881,43410
DHG,9/17/2010 00:00:00,13.6881,13.6881,13.6881,13.6881,22870
DHG,9/20/2010 00:00:00,13.6881,13.6881,13.6881,13.6881,28010
DHG,9/21/2010 00:00:00,13.6881,13.8071,13.6881,13.6881,47340
DHG,9/22/2010 00:00:00,13.8071,13.9261,13.6881,13.6881,83100
DHG,9/23/2010 00:00:00,13.6881,13.6881,13.6881,13.6881,450
DHG,9/24/2010 00:00:00,13.6881,13.6881,13.6881,13.6881,9960
DHG,9/27/2010 00:00:00,13.9261,13.9261,13.569,13.569,25960
DHG,9/28/2010 00:00:00,13.6881,13.6881,13.569,13.569,25370
DHG,9/29/2010 00:00:00,13.569,13.6881,13.45,13.45,34340
DHG,9/30/2010 00:00:00,13.45,13.569,13.45,13.569,8000
DHG,10/1/2010 00:00:00,13.569,13.569,13.569,13.569,7790
DHG,10/4/2010 00:00:00,13.6891,13.6891,13.6891,13.6891,23370
DHG,10/5/2010 00:00:00,13.6891,13.6891,13.569,13.6891,32490
DHG,10/6/2010 00:00:00,13.9293,14.0494,13.6891,13.8092,65050
DHG,10/7/2010 00:00:00,13.6891,13.8092,13.6891,13.6891,16120
DHG,10/8/2010 00:00:00,13.8092,13.8092,13.6891,13.6891,20840
DHG,10/11/2010 00:00:00,13.9293,13.9293,13.6891,13.6891,110
DHG,10/12/2010 00:00:00,13.6891,13.6891,13.6891,13.6891,100
DHG,10/13/2010 00:00:00,14.0494,14.0494,13.6891,13.6891,4950
DHG,10/14/2010 00:00:00,13.6891,13.6891,13.569,13.569,4500
DHG,10/15/2010 00:00:00,13.6891,13.6891,13.449,13.569,9910
DHG,10/18/2010 00:00:00,13.569,13.8092,13.449,13.569,25970
DHG,10/19/2010 00:00:00,13.2088,13.449,13.2088,13.3289,1540
DHG,10/20/2010 00:00:00,13.3289,13.449,13.3289,13.449,1660
DHG,10/21/2010 00:00:00,13.3289,13.449,13.3289,13.449,10570
DHG,10/22/2010 00:00:00,13.8092,13.8092,13.569,13.569,13140
DHG,10/25/2010 00:00:00,13.6891,13.8092,13.6891,13.8092,2670
DHG,10/26/2010 00:00:00,13.8092,13.8092,13.8092,13.8092,12700
DHG,10/27/2010 00:00:00,13.8092,13.8092,13.6891,13.8092,12760
DHG,10/28/2010 00:00:00,13.8092,13.8092,13.6891,13.8092,38810
DHG,10/29/2010 00:00:00,13.8092,14.0494,13.6891,13.8092,12430
DHG,11/1/2010 00:00:00,13.8092,13.8092,13.8092,13.8092,1550
DHG,11/2/2010 00:00:00,13.6891,13.6891,13.6891,13.6891,690
DHG,11/3/2010 00:00:00,13.6891,13.6891,13.6891,13.6891,3550
DHG,11/4/2010 00:00:00,13.569,13.6891,13.569,13.6891,1220
DHG,11/5/2010 00:00:00,13.6891,13.6891,13.6891,13.6891,300
DHG,11/8/2010 00:00:00,13.6891,13.6891,13.6891,13.6891,1330
DHG,11/9/2010 00:00:00,13.569,13.569,13.569,13.569,460
DHG,11/10/2010 00:00:00,13.569,13.569,13.0887,13.569,7490
DHG,11/11/2010 00:00:00,13.2088,13.569,13.2088,13.569,5100
DHG,11/12/2010 00:00:00,13.6891,13.6891,13.569,13.569,1490
DHG,11/15/2010 00:00:00,13.6891,13.6891,13.6891,13.6891,1000
DHG,11/16/2010 00:00:00,13.2088,13.2088,13.0887,13.0887,2690
DHG,11/17/2010 00:00:00,13.449,13.449,12.4883,13.3289,5350
DHG,11/18/2010 00:00:00,13.2088,13.2088,13.2088,13.2088,1210
DHG,11/19/2010 00:00:00,13.2088,13.2088,12.6084,13.2088,12920
DHG,11/22/2010 00:00:00,12.8486,13.0887,12.8486,12.8486,1540
DHG,11/23/2010 00:00:00,12.7285,12.8486,12.6084,12.8486,4490
DHG,11/24/2010 00:00:00,12.8486,13.2088,12.8486,13.2088,3720
DHG,11/25/2010 00:00:00,13.2088,13.569,13.2088,13.569,3110
DHG,11/26/2010 00:00:00,13.569,13.569,13.2088,13.2088,3570
DHG,11/29/2010 00:00:00,13.3289,13.3289,13.2088,13.2088,4320
DHG,11/30/2010 00:00:00,13.0887,13.2088,13.0887,13.2088,19110
DHG,12/1/2010 00:00:00,13.2088,13.2088,13.2088,13.2088,15520
DHG,12/2/2010 00:00:00,13.0887,13.0887,13.0887,13.0887,1790
DHG,12/3/2010 00:00:00,13.2088,13.3289,13.0887,13.3289,13070
DHG,12/6/2010 00:00:00,13.449,13.449,13.3289,13.3289,4260
DHG,12/7/2010 00:00:00,13.449,13.449,13.3289,13.3289,9300
DHG,12/8/2010 00:00:00,13.449,13.449,13.3289,13.449,22360
DHG,12/9/2010 00:00:00,13.449,13.569,13.449,13.449,21600
DHG,12/10/2010 00:00:00,13.6891,13.6891,13.569,13.6891,37740
DHG,12/13/2010 00:00:00,13.6891,13.8092,13.569,13.8092,78960
DHG,12/14/2010 00:00:00,13.8092,13.9293,13.8092,13.9293,38320
DHG,12/15/2010 00:00:00,14.2895,14.2895,13.9293,13.9293,27170
DHG,12/16/2010 00:00:00,13.9293,13.9293,13.9293,13.9293,15360
DHG,12/17/2010 00:00:00,14.2895,14.2895,13.9293,14.0494,26610
DHG,12/20/2010 00:00:00,14.0494,14.2895,14.0494,14.1694,5570
DHG,12/21/2010 00:00:00,14.1694,14.4096,14.0494,14.4096,28110
DHG,12/22/2010 00:00:00,14.2895,14.2895,14.0494,14.1694,72230
DHG,12/23/2010 00:00:00,14.1694,14.1694,14.0494,14.1694,40600
DHG,12/24/2010 00:00:00,14.2895,14.2895,14.1694,14.1694,9310
DHG,12/27/2010 00:00:00,14.4096,14.4096,14.2895,14.4096,27810
DHG,12/28/2010 00:00:00,14.1694,14.5297,14.1694,14.5297,39210
DHG,12/29/2010 00:00:00,14.5297,14.5297,14.1694,14.2895,22160
DHG,12/30/2010 00:00:00,14.0494,14.1694,13.9293,13.9293,71900
DHG,12/31/2010 00:00:00,13.9293,14.4096,13.9293,14.4096,43650
DHG,1/4/2011 00:00:00,14.2895,14.4096,14.2895,14.2895,5210
DHG,1/5/2011 00:00:00,14.2895,14.2895,14.1694,14.1694,52090
DHG,1/6/2011 00:00:00,14.1694,14.1694,14.1694,14.1694,7000
DHG,1/7/2011 00:00:00,14.1694,14.1694,13.9293,13.9293,33200
DHG,1/10/2011 00:00:00,13.9293,13.9293,13.8092,13.8092,24000
DHG,1/11/2011 00:00:00,13.8092,13.8092,13.8092,13.8092,2860
DHG,1/12/2011 00:00:00,14.1694,14.1694,13.8092,13.8092,9380
DHG,1/13/2011 00:00:00,13.8092,13.8092,13.8092,13.8092,17610
DHG,1/14/2011 00:00:00,14.2895,14.2895,14.0494,14.0494,2240
DHG,1/17/2011 00:00:00,14.1694,14.1694,14.0494,14.0494,21700
DHG,1/18/2011 00:00:00,14.0494,14.0494,13.9293,14.0494,45390
DHG,1/19/2011 00:00:00,14.1694,14.1694,14.0494,14.0494,4810
DHG,1/20/2011 00:00:00,14.1694,14.2895,14.1694,14.2895,15920
DHG,1/21/2011 00:00:00,14.4096,14.4096,14.1694,14.1694,25700
DHG,1/24/2011 00:00:00,14.1694,14.1694,14.0494,14.1694,22360
DHG,1/25/2011 00:00:00,14.0494,14.0494,13.8092,14.0494,19710
DHG,1/26/2011 00:00:00,14.1694,14.1694,14.0494,14.0494,4690
DHG,1/27/2011 00:00:00,14.1694,14.1694,14.0494,14.1694,29090
DHG,1/28/2011 00:00:00,14.1694,14.1694,14.0494,14.0494,7660
DHG,2/8/2011 00:00:00,14.0494,14.0494,13.569,13.9293,7350
DHG,2/9/2011 00:00:00,14.4096,14.4096,13.9293,13.9293,11970
DHG,2/10/2011 00:00:00,13.9293,13.9293,13.9293,13.9293,49010
DHG,2/14/2011 00:00:00,14.0494,14.1694,14.0494,14.0494,4490
DHG,2/15/2011 00:00:00,13.6891,13.9293,13.6891,13.8092,5130
DHG,2/16/2011 00:00:00,14.2895,14.2895,13.9293,14.0494,3980
DHG,2/17/2011 00:00:00,14.0494,14.1694,14.0494,14.1694,1750
DHG,2/18/2011 00:00:00,14.1694,14.1694,14.0494,14.0494,5960
DHG,2/21/2011 00:00:00,14.1694,14.1694,13.8092,13.8092,9110
DHG,2/22/2011 00:00:00,13.2088,13.9293,13.2088,13.9293,22040
DHG,2/23/2011 00:00:00,13.9293,13.9293,13.569,13.569,21200
DHG,2/24/2011 00:00:00,14.0494,14.0494,13.449,13.449,1210
DHG,2/25/2011 00:00:00,13.9293,13.9293,13.6891,13.6891,20020
DHG,2/28/2011 00:00:00,13.6891,13.8092,13.6891,13.6891,16150
DHG,3/1/2011 00:00:00,13.449,13.569,13.449,13.569,2580
DHG,3/2/2011 00:00:00,13.569,13.569,13.3289,13.3289,1430
DHG,3/3/2011 00:00:00,13.2088,13.3289,13.2088,13.3289,1110
DHG,3/4/2011 00:00:00,13.569,13.569,13.569,13.569,310
DHG,3/7/2011 00:00:00,13.3289,13.6891,13.3289,13.6891,1230
DHG,3/8/2011 00:00:00,13.6891,13.6891,13.449,13.449,270
DHG,3/9/2011 00:00:00,13.8092,13.8092,13.6891,13.6891,1300
DHG,3/10/2011 00:00:00,13.6891,14.1694,13.6891,14.1694,24430
DHG,3/11/2011 00:00:00,14.2895,14.2895,14.1694,14.1694,3200
DHG,3/14/2011 00:00:00,13.8092,13.8092,13.8092,13.8092,170
DHG,3/16/2011 00:00:00,14.1694,14.1694,13.8092,13.8092,770
DHG,3/17/2011 00:00:00,13.8092,13.8092,13.8092,13.8092,250
DHG,3/18/2011 00:00:00,13.8092,13.8092,13.8092,13.8092,1340
DHG,3/21/2011 00:00:00,14.2895,14.2895,13.8092,13.8092,810
DHG,3/22/2011 00:00:00,13.8092,13.8092,13.6891,13.6891,3790
DHG,3/23/2011 00:00:00,13.6891,13.6891,13.6891,13.6891,1340
DHG,3/24/2011 00:00:00,13.6891,13.8092,13.6891,13.8092,120
DHG,3/25/2011 00:00:00,13.6891,14.1694,13.6891,13.8092,1760
DHG,3/28/2011 00:00:00,13.8092,14.0494,13.8092,14.0494,21600
DHG,3/29/2011 00:00:00,14.0494,14.0494,13.6891,13.9293,33220
DHG,3/30/2011 00:00:00,14.1694,14.1694,13.9293,14.0494,7330
DHG,3/31/2011 00:00:00,13.9293,14.0494,13.9293,14.0494,25140
DHG,4/1/2011 00:00:00,13.9293,13.9293,13.8092,13.8092,10030
DHG,4/4/2011 00:00:00,14.1694,14.1694,13.9293,13.9293,4550
DHG,4/5/2011 00:00:00,13.9293,14.0494,13.9293,14.0494,4870
DHG,4/6/2011 00:00:00,14.0494,14.0494,13.9293,14.0494,31180
DHG,4/7/2011 00:00:00,14.0494,14.2895,14.0494,14.2895,13630
DHG,4/8/2011 00:00:00,14.2895,14.2895,14.1694,14.1694,22120
DHG,4/13/2011 00:00:00,14.4096,14.4096,14.2895,14.4096,35810
DHG,4/14/2011 00:00:00,14.4096,14.4096,14.2895,14.4096,7370
DHG,4/15/2011 00:00:00,14.4096,14.5297,14.4096,14.4096,10670
DHG,4/18/2011 00:00:00,14.2895,14.4096,14.1694,14.1694,30010
DHG,4/19/2011 00:00:00,14.1694,14.2895,14.1694,14.1694,3500
DHG,4/20/2011 00:00:00,14.2895,14.2895,14.1694,14.2895,29450
DHG,4/21/2011 00:00:00,14.4096,14.4096,14.4096,14.4096,1010
DHG,4/22/2011 00:00:00,14.4096,14.4096,14.2895,14.4096,8740
DHG,4/25/2011 00:00:00,14.2895,14.4096,14.2895,14.4096,6200
DHG,4/26/2011 00:00:00,14.1694,14.2895,14.1694,14.2895,4450
DHG,4/27/2011 00:00:00,14.5297,14.5297,14.2895,14.4096,34020
DHG,4/28/2011 00:00:00,14.1694,14.4096,14.1694,14.4096,10580
DHG,4/29/2011 00:00:00,14.4096,14.5297,14.4096,14.5297,6530
DHG,5/4/2011 00:00:00,14.5297,14.5297,14.5297,14.5297,18670
DHG,5/5/2011 00:00:00,14.5297,15.01,14.2895,15.01,31370
DHG,5/6/2011 00:00:00,15.01,15.01,14.8899,15.01,17800
DHG,5/9/2011 00:00:00,15.1301,15.2502,15.01,15.2502,12340
DHG,5/10/2011 00:00:00,15.2502,15.2502,14.8899,14.8899,7250
DHG,5/11/2011 00:00:00,15.01,15.1301,15.01,15.01,7500
DHG,5/12/2011 00:00:00,15.01,15.1301,15.01,15.01,11720
DHG,5/13/2011 00:00:00,15.1301,15.1301,15.01,15.01,26400
DHG,5/16/2011 00:00:00,15.01,15.01,15.01,15.01,13370
DHG,5/17/2011 00:00:00,15.01,15.1301,14.8899,15.1301,12350
DHG,5/18/2011 00:00:00,15.1301,15.1301,15.01,15.1301,2540
DHG,5/19/2011 00:00:00,15.1301,15.2502,15.01,15.01,9570
DHG,5/20/2011 00:00:00,15.1301,15.1301,15.01,15.01,15370
DHG,5/23/2011 00:00:00,15.01,15.01,14.2895,14.2895,24910
DHG,5/24/2011 00:00:00,13.8092,14.1694,13.6891,13.6891,80970
DHG,5/25/2011 00:00:00,13.6891,13.8092,13.0887,13.0887,40600
DHG,5/26/2011 00:00:00,13.0887,13.569,12.4883,13.2088,6530
DHG,5/27/2011 00:00:00,13.6891,13.6891,13.449,13.569,15170
DHG,5/30/2011 00:00:00,13.9293,13.9293,13.569,13.6891,23700
DHG,5/31/2011 00:00:00,13.569,13.6891,13.569,13.569,5990
DHG,6/1/2011 00:00:00,13.8092,13.8092,13.8092,13.8092,200
DHG,6/2/2011 00:00:00,14.1694,14.1694,13.8092,13.8092,4840
DHG,6/3/2011 00:00:00,13.9293,13.9293,13.569,13.8092,3680
DHG,6/6/2011 00:00:00,13.8092,14.0494,13.569,13.569,4660
DHG,6/7/2011 00:00:00,13.569,14.1694,13.569,13.6891,21960
DHG,6/8/2011 00:00:00,13.6891,13.6891,13.569,13.569,12090
DHG,6/9/2011 00:00:00,13.569,13.6891,13.569,13.569,32560
DHG,6/10/2011 00:00:00,13.6891,14.0494,13.6891,14.0494,2150
DHG,6/13/2011 00:00:00,14.0494,14.2895,14.0494,14.2895,9240
DHG,6/14/2011 00:00:00,14.1694,14.2895,14.1694,14.1694,4360
DHG,6/15/2011 00:00:00,14.1694,14.2895,14.1694,14.2895,12750
DHG,6/16/2011 00:00:00,14.2895,14.4096,14.2895,14.4096,4890
DHG,6/17/2011 00:00:00,14.5297,14.5297,14.4096,14.4096,27510
DHG,6/20/2011 00:00:00,14.5297,14.6498,14.4096,14.5297,2560
DHG,6/21/2011 00:00:00,14.4096,14.7698,13.9293,14.7698,14300
DHG,6/22/2011 00:00:00,15.01,15.3702,15.01,15.01,110220
DHG,6/23/2011 00:00:00,15.01,15.2502,15.01,15.2502,14110
DHG,6/24/2011 00:00:00,15.2502,15.3702,15.2502,15.3702,61790
DHG,6/27/2011 00:00:00,15.4903,15.4903,15.01,15.2502,55330
DHG,6/28/2011 00:00:00,15.9947,15.9947,15.8506,15.9947,79660
DHG,6/29/2011 00:00:00,16.571,16.571,16.4269,16.4269,63370
DHG,6/30/2011 00:00:00,16.7151,16.7151,16.4269,16.4269,10780
DHG,7/1/2011 00:00:00,16.4269,16.7151,16.2829,16.2829,15800
DHG,7/4/2011 00:00:00,16.2829,16.4269,15.8506,16.4269,39210
DHG,7/5/2011 00:00:00,16.571,16.571,16.1388,16.2829,7110
DHG,7/6/2011 00:00:00,16.4269,16.4269,16.1388,16.2829,12010
DHG,7/7/2011 00:00:00,16.2829,16.4269,16.2829,16.4269,21320
DHG,7/8/2011 00:00:00,16.4269,16.571,16.4269,16.571,23550
DHG,7/11/2011 00:00:00,16.7151,16.7151,16.4269,16.4269,3260
DHG,7/12/2011 00:00:00,16.4269,16.4269,15.8506,15.8506,29500
DHG,7/13/2011 00:00:00,16.2829,16.2829,15.8506,15.8506,26550
DHG,7/14/2011 00:00:00,15.9947,16.2829,15.8506,15.9947,14050
DHG,7/15/2011 00:00:00,16.1388,16.2829,15.9947,16.2829,8420
DHG,7/18/2011 00:00:00,16.2829,16.571,16.2829,16.571,52550
DHG,7/19/2011 00:00:00,16.571,16.8592,16.571,16.571,39620
DHG,7/20/2011 00:00:00,16.7151,16.7151,16.1388,16.4269,9920
DHG,7/21/2011 00:00:00,16.4269,16.4269,16.1388,16.1388,3710
DHG,7/22/2011 00:00:00,16.4269,16.8592,16.4269,16.8592,46170
DHG,7/25/2011 00:00:00,17.0033,17.0033,16.571,16.571,4680
DHG,7/26/2011 00:00:00,16.4269,17.0033,16.4269,17.0033,6910
DHG,7/27/2011 00:00:00,17.2915,17.5797,17.1474,17.4356,25500
DHG,7/28/2011 00:00:00,17.7238,17.7238,17.4356,17.5797,2050
DHG,7/29/2011 00:00:00,17.5797,17.5797,17.2915,17.2915,6830
DHG,8/1/2011 00:00:00,17.2915,17.2915,16.8592,17.1474,2110
DHG,8/2/2011 00:00:00,17.0033,17.0033,16.4269,16.571,6420
DHG,8/3/2011 00:00:00,16.4269,16.571,16.2829,16.571,7880
DHG,8/4/2011 00:00:00,16.571,16.7151,16.4269,16.7151,14400
DHG,8/5/2011 00:00:00,16.7151,17.0033,16.4269,16.4269,17230
DHG,8/8/2011 00:00:00,17.0033,17.0033,15.9947,15.9947,56310
DHG,8/9/2011 00:00:00,15.7065,15.7065,15.2742,15.4183,35770
DHG,8/10/2011 00:00:00,16.1388,16.1388,15.9947,16.1388,8640
DHG,8/11/2011 00:00:00,15.9947,15.9947,15.5624,15.9947,32600
DHG,8/12/2011 00:00:00,16.1388,16.2829,15.9947,16.1388,62750
DHG,8/15/2011 00:00:00,16.1388,16.4269,16.1388,16.4269,24580
DHG,8/16/2011 00:00:00,16.4269,17.0033,16.4269,17.0033,56510
DHG,8/17/2011 00:00:00,17.2915,17.4356,17.0033,17.4356,49180
DHG,8/18/2011 00:00:00,17.4356,17.7238,17.4356,17.5797,54300
DHG,8/19/2011 00:00:00,17.5797,17.5797,17.1474,17.5797,23820
DHG,8/22/2011 00:00:00,17.4356,17.5797,17.2915,17.2915,52560
DHG,8/23/2011 00:00:00,17.2915,17.5797,17.2915,17.4356,28380
DHG,8/24/2011 00:00:00,17.4356,17.4356,17.1474,17.2915,85400
DHG,8/25/2011 00:00:00,17.1398,17.5949,17.1398,17.5949,26420
DHG,8/26/2011 00:00:00,18.0499,18.0499,17.5949,17.7466,63280
DHG,8/29/2011 00:00:00,17.7466,17.8982,17.7466,17.8982,84480
DHG,8/30/2011 00:00:00,17.8982,18.2016,17.8982,17.8982,77690
DHG,8/31/2011 00:00:00,17.8982,17.8982,17.7466,17.8982,111720
DHG,9/1/2011 00:00:00,17.8982,18.0499,17.8982,17.8982,28290
DHG,9/5/2011 00:00:00,18.0499,18.0499,17.8982,17.8982,55160
DHG,9/6/2011 00:00:00,17.8982,17.8982,17.5949,17.8982,152920
DHG,9/7/2011 00:00:00,17.8982,18.2016,17.8982,18.2016,112130
DHG,9/8/2011 00:00:00,18.3533,18.3533,18.0499,18.3533,54880
DHG,9/9/2011 00:00:00,18.505,18.505,18.3533,18.3533,91510
DHG,9/12/2011 00:00:00,18.3533,18.3533,17.8982,18.2016,13610
DHG,9/13/2011 00:00:00,18.2016,18.3533,18.2016,18.3533,40730
DHG,9/14/2011 00:00:00,18.505,18.505,18.0499,18.0499,62270
DHG,9/15/2011 00:00:00,17.5949,18.3533,17.5949,17.8982,31720
DHG,9/16/2011 00:00:00,18.2016,18.2016,17.8982,17.8982,21110
DHG,9/19/2011 00:00:00,18.2016,18.2016,17.8982,18.0499,17160
DHG,9/20/2011 00:00:00,18.2016,18.2016,18.0499,18.2016,34900
DHG,9/21/2011 00:00:00,18.2016,18.3533,18.0499,18.2016,64480
DHG,9/22/2011 00:00:00,18.2016,19.1117,18.2016,18.2016,92300
DHG,9/23/2011 00:00:00,18.2016,18.505,18.2016,18.3533,7660
DHG,9/26/2011 00:00:00,18.6566,18.6566,18.3533,18.505,58470
DHG,9/27/2011 00:00:00,18.2016,18.6566,18.2016,18.6566,59110
DHG,9/28/2011 00:00:00,19.2634,19.5667,18.6566,19.5667,80790
DHG,9/29/2011 00:00:00,19.5667,20.0218,19.5667,19.8701,32420
DHG,9/30/2011 00:00:00,20.1734,20.7802,20.0218,20.1734,103990
DHG,10/3/2011 00:00:00,20.9318,21.0835,20.6285,21.0835,39320
DHG,10/4/2011 00:00:00,20.3251,21.0835,20.1734,20.1734,41270
DHG,10/5/2011 00:00:00,20.6285,20.6285,19.7184,19.7184,108250
DHG,10/6/2011 00:00:00,19.7184,20.0218,19.5667,20.0218,18340
DHG,10/7/2011 00:00:00,20.0218,20.6285,20.0218,20.6285,25860
DHG,10/10/2011 00:00:00,20.3251,20.7802,20.0218,20.0218,7760
DHG,10/11/2011 00:00:00,20.3251,20.6285,19.8701,20.6285,23240
DHG,10/12/2011 00:00:00,20.9318,20.9318,20.3251,20.3251,19060
DHG,10/13/2011 00:00:00,20.3251,20.3251,20.0218,20.1734,11060
DHG,10/14/2011 00:00:00,20.1734,20.3251,20.0218,20.3251,20790
DHG,10/17/2011 00:00:00,20.7802,20.7802,20.1734,20.1734,10250
DHG,10/18/2011 00:00:00,20.0218,20.0218,19.7184,19.7184,31980
DHG,10/19/2011 00:00:00,19.7184,20.3251,19.7184,19.7184,14340
DHG,10/20/2011 00:00:00,20.0218,20.0218,19.7184,19.7184,18970
DHG,10/21/2011 00:00:00,19.7184,20.0218,19.7184,20.0218,13520
DHG,10/24/2011 00:00:00,20.4768,20.4768,19.7184,19.7184,41150
DHG,10/25/2011 00:00:00,19.7184,19.8701,19.7184,19.7184,27820
DHG,10/26/2011 00:00:00,19.8701,20.0218,19.7184,19.8701,18330
DHG,10/27/2011 00:00:00,19.7184,19.8701,19.7184,19.7184,12000
DHG,10/28/2011 00:00:00,20.4768,20.4768,19.8701,19.8701,16050
DHG,10/31/2011 00:00:00,20.3251,20.3251,19.7184,20.0218,29490
DHG,11/1/2011 00:00:00,19.8701,20.3251,19.7184,20.3251,21940
DHG,11/2/2011 00:00:00,20.3251,20.3251,20.1734,20.1734,53360
DHG,11/3/2011 00:00:00,20.1734,20.1734,19.8701,19.8701,12240
DHG,11/4/2011 00:00:00,20.0218,20.0218,19.7184,20.0218,113420
DHG,11/7/2011 00:00:00,19.8701,20.3251,19.8701,20.1734,19520
DHG,11/8/2011 00:00:00,20.1734,20.1734,20.0218,20.0218,9410
DHG,11/9/2011 00:00:00,20.0218,20.0218,20.0218,20.0218,13470
DHG,11/10/2011 00:00:00,20.0218,20.1734,19.7184,19.7184,2900
DHG,11/11/2011 00:00:00,19.7184,20.0218,19.7184,19.8701,39000
DHG,11/14/2011 00:00:00,20.4768,20.4768,19.8701,20.1734,62570
DHG,11/15/2011 00:00:00,20.0218,20.1734,19.7184,19.7184,26000
DHG,11/16/2011 00:00:00,20.3251,20.3251,19.7184,19.7184,18210
DHG,11/17/2011 00:00:00,20.0265,20.1806,19.2563,19.2563,36910
DHG,11/18/2011 00:00:00,19.2563,19.2563,18.332,18.332,83560
DHG,11/21/2011 00:00:00,18.486,19.1022,17.8698,18.332,16110
DHG,11/22/2011 00:00:00,18.6401,18.6401,18.332,18.486,7720
DHG,11/23/2011 00:00:00,18.6401,18.7941,18.486,18.6401,2260
DHG,11/24/2011 00:00:00,18.332,18.6401,18.1779,18.6401,2670
DHG,11/25/2011 00:00:00,18.486,18.486,18.1779,18.1779,6070
DHG,11/28/2011 00:00:00,18.486,18.486,18.0239,18.1779,10570
DHG,11/29/2011 00:00:00,18.7941,18.7941,17.8698,18.0239,27520
DHG,11/30/2011 00:00:00,18.1779,18.1779,17.8698,17.8698,11030
DHG,12/1/2011 00:00:00,17.8698,17.8698,17.7158,17.7158,13310
DHG,12/2/2011 00:00:00,17.8698,17.8698,17.4077,17.7158,9930
DHG,12/5/2011 00:00:00,18.332,18.332,17.7158,17.8698,9990
DHG,12/6/2011 00:00:00,17.8698,18.0239,17.8698,17.8698,14840
DHG,12/7/2011 00:00:00,18.0239,18.0239,17.8698,17.8698,950
DHG,12/8/2011 00:00:00,17.8698,17.8698,17.5617,17.7158,2850
DHG,12/9/2011 00:00:00,17.7158,17.7158,17.2536,17.7158,250
DHG,12/12/2011 00:00:00,17.7158,17.7158,17.5617,17.5617,15530
DHG,12/13/2011 00:00:00,16.9455,17.5617,16.9455,17.0996,8250
DHG,12/14/2011 00:00:00,17.0996,17.8698,17.0996,17.8698,21200
DHG,12/15/2011 00:00:00,17.0996,17.7158,17.0996,17.7158,28110
DHG,12/16/2011 00:00:00,18.1779,18.1779,17.8698,18.0239,35970
DHG,12/19/2011 00:00:00,18.0239,18.0239,17.8698,17.8698,17500
DHG,12/20/2011 00:00:00,17.8698,17.8698,17.7158,17.7158,1380
DHG,12/21/2011 00:00:00,17.8698,17.8698,17.5617,17.5617,9200
DHG,12/22/2011 00:00:00,17.0996,17.0996,16.7915,16.7915,19000
DHG,12/23/2011 00:00:00,16.0212,17.2536,16.0212,17.2536,3010
DHG,12/26/2011 00:00:00,17.4077,17.4077,16.9455,17.4077,12620
DHG,12/27/2011 00:00:00,17.2536,17.2536,16.9455,16.9455,2110
DHG,12/28/2011 00:00:00,17.0996,17.4077,16.9455,16.9455,27340
DHG,12/29/2011 00:00:00,16.4834,16.9455,16.4834,16.9455,18840
DHG,12/30/2011 00:00:00,16.7915,17.2536,16.7915,17.2536,16130
DHG,1/3/2012 00:00:00,17.5617,17.5617,17.2536,17.2536,1300
DHG,1/4/2012 00:00:00,17.4077,17.4077,17.2536,17.2536,6040
DHG,1/5/2012 00:00:00,17.0996,17.0996,17.0996,17.0996,10
DHG,1/6/2012 00:00:00,16.9455,16.9455,16.4834,16.6374,34930
DHG,1/9/2012 00:00:00,16.9455,16.9455,16.3293,16.9455,7860
DHG,1/10/2012 00:00:00,16.3293,17.5617,16.3293,17.5617,15260
DHG,1/11/2012 00:00:00,17.8698,17.8698,17.4077,17.4077,20420
DHG,1/12/2012 00:00:00,16.7915,17.0996,16.7915,16.9455,23240
DHG,1/13/2012 00:00:00,17.0996,17.5617,17.0996,17.5617,45470
DHG,1/16/2012 00:00:00,18.0239,18.0239,17.4077,17.8698,2440
DHG,1/17/2012 00:00:00,17.4077,17.8698,17.4077,17.5617,4810
DHG,1/18/2012 00:00:00,17.8698,17.8698,17.4077,17.4077,6510
DHG,1/19/2012 00:00:00,17.8698,17.8698,17.5617,17.5617,2620
DHG,1/20/2012 00:00:00,18.1779,18.1779,17.7158,17.8698,6280
DHG,1/30/2012 00:00:00,18.1779,18.332,18.1779,18.332,12130
DHG,1/31/2012 00:00:00,18.6401,18.6401,18.486,18.6401,6440
DHG,2/1/2012 00:00:00,18.7941,18.9482,18.7941,18.9482,8480
DHG,2/2/2012 00:00:00,19.2563,19.2563,18.9482,19.1022,6850
DHG,2/3/2012 00:00:00,19.7184,19.7184,19.1022,19.1022,10700
DHG,2/6/2012 00:00:00,19.1022,19.1022,18.332,18.332,4460
DHG,2/7/2012 00:00:00,18.486,18.486,18.1779,18.1779,1190
DHG,2/8/2012 00:00:00,18.486,18.9482,18.332,18.9482,3320
DHG,2/9/2012 00:00:00,18.7941,18.9482,18.6401,18.6401,4450
DHG,2/10/2012 00:00:00,18.9482,18.9482,18.6401,18.6401,2980
DHG,2/13/2012 00:00:00,18.6401,19.1022,18.6401,19.1022,11080
DHG,2/14/2012 00:00:00,18.7941,19.1022,18.7941,19.1022,3060
DHG,2/15/2012 00:00:00,19.1022,19.1022,18.7941,18.7941,18900
DHG,2/16/2012 00:00:00,18.7941,18.9482,18.7941,18.9482,6320
DHG,2/17/2012 00:00:00,19.1022,19.5644,19.1022,19.5644,26080
DHG,2/20/2012 00:00:00,20.0265,20.3346,20.0265,20.3346,20000
DHG,2/21/2012 00:00:00,20.3346,20.3346,19.4103,19.4103,37170
DHG,2/22/2012 00:00:00,19.8725,19.8725,19.4103,19.5644,7770
DHG,2/23/2012 00:00:00,19.5644,19.5644,19.1022,19.4103,20780
DHG,2/24/2012 00:00:00,19.5644,19.5644,19.2563,19.2563,10560
DHG,2/27/2012 00:00:00,19.5644,19.5644,19.1022,19.2563,13840
DHG,2/28/2012 00:00:00,19.2563,19.2563,18.7941,18.7941,17530
DHG,2/29/2012 00:00:00,18.9482,19.4103,18.9482,19.1022,7960
DHG,3/1/2012 00:00:00,19.4103,19.4103,18.9482,18.9482,15770
DHG,3/2/2012 00:00:00,19.4103,19.5644,18.9482,19.1022,17980
DHG,3/5/2012 00:00:00,19.5644,20.0265,19.4103,20.0265,15200
DHG,3/6/2012 00:00:00,20.3346,20.4887,19.2563,19.4103,5700
DHG,3/7/2012 00:00:00,19.4103,19.7184,19.4103,19.5644,7450
DHG,3/8/2012 00:00:00,19.5644,19.8725,18.6401,18.6401,28830
DHG,3/9/2012 00:00:00,18.9482,19.2563,18.9482,19.2563,130
DHG,3/12/2012 00:00:00,19.4103,19.4103,19.2563,19.2563,8300
DHG,3/13/2012 00:00:00,19.2563,19.2563,19.1022,19.2563,3390
DHG,3/14/2012 00:00:00,20.0265,20.0265,19.1022,19.1022,16110
DHG,3/15/2012 00:00:00,19.4103,19.4103,19.1022,19.4103,3490
DHG,3/16/2012 00:00:00,19.4103,19.4103,19.4103,19.4103,15760
DHG,3/19/2012 00:00:00,20.0265,20.0265,19.2563,19.2563,1570
DHG,3/20/2012 00:00:00,19.7184,19.7184,18.9482,19.4103,11400
DHG,3/21/2012 00:00:00,18.6401,19.4103,18.6401,19.4103,8730
DHG,3/22/2012 00:00:00,19.8725,19.8725,19.4103,19.4103,12960
DHG,3/23/2012 00:00:00,19.4103,19.8725,19.1022,19.8725,22080
DHG,3/26/2012 00:00:00,20.3346,20.3346,19.7184,19.8725,9020
DHG,3/27/2012 00:00:00,20.0265,20.0265,19.5644,19.7184,7680
DHG,3/28/2012 00:00:00,20.0265,20.0265,19.7184,19.7184,8220
DHG,3/29/2012 00:00:00,19.7184,19.7184,19.5644,19.7184,17290
DHG,3/30/2012 00:00:00,19.8725,19.8725,19.7184,19.7184,60
DHG,4/3/2012 00:00:00,19.1022,19.7184,19.1022,19.7184,2990
DHG,4/4/2012 00:00:00,19.7184,19.7184,19.4103,19.4103,9180
DHG,4/5/2012 00:00:00,20.0265,20.0265,19.4103,19.4103,10430
DHG,4/6/2012 00:00:00,19.4103,19.5644,19.4103,19.4103,8670
DHG,4/9/2012 00:00:00,19.4103,19.4103,19.4103,19.4103,1320
DHG,4/10/2012 00:00:00,19.4103,19.4103,19.4103,19.4103,9470
DHG,4/11/2012 00:00:00,20.0265,20.0265,19.7184,19.7184,2070
DHG,4/12/2012 00:00:00,19.4103,19.5644,19.4103,19.5644,3650
DHG,4/13/2012 00:00:00,19.4103,19.5644,19.4103,19.5644,11220
DHG,4/16/2012 00:00:00,19.5644,19.7184,19.4103,19.7184,10380
DHG,4/17/2012 00:00:00,19.4103,19.4103,19.2563,19.4103,3150
DHG,4/18/2012 00:00:00,19.4103,19.4103,19.2563,19.2563,3180
DHG,4/19/2012 00:00:00,19.2563,19.2563,18.9482,19.1022,6940
DHG,4/20/2012 00:00:00,18.6401,19.2563,18.6401,19.1022,3200
DHG,4/23/2012 00:00:00,19.7184,19.7184,18.7941,18.7941,11360
DHG,4/24/2012 00:00:00,18.7941,19.1022,18.7941,19.1022,8390
DHG,4/25/2012 00:00:00,19.8725,19.8725,18.9482,19.2563,8140
DHG,4/26/2012 00:00:00,19.1022,19.2563,19.1022,19.1022,9990
DHG,4/27/2012 00:00:00,19.4103,19.4103,18.9482,19.2563,410
DHG,5/2/2012 00:00:00,18.7941,19.2563,18.7941,19.1022,9780
DHG,5/3/2012 00:00:00,19.1022,19.1022,18.9482,18.9482,850
DHG,5/4/2012 00:00:00,19.2563,19.2563,18.7941,18.9482,5100
DHG,5/7/2012 00:00:00,19.1022,19.1022,18.7941,18.9482,7350
DHG,5/8/2012 00:00:00,18.7941,18.9482,18.7941,18.9482,9610
DHG,5/9/2012 00:00:00,18.6401,19.5644,18.6401,19.4103,14360
DHG,5/10/2012 00:00:00,19.1022,19.1022,19.1022,19.1022,13580
DHG,5/11/2012 00:00:00,19.4103,19.4103,18.7941,19.4103,7000
DHG,5/14/2012 00:00:00,19.5644,19.5644,19.2563,19.2563,290
DHG,5/15/2012 00:00:00,19.2563,19.2563,18.486,18.486,3150
DHG,5/16/2012 00:00:00,19.1022,19.1022,18.332,18.332,5610
DHG,5/17/2012 00:00:00,17.8698,18.7941,17.8698,18.6401,4750
DHG,5/18/2012 00:00:00,18.6401,18.6401,18.0239,18.486,7620
DHG,5/21/2012 00:00:00,18.486,19.4103,18.486,19.4103,21000
DHG,5/22/2012 00:00:00,18.7941,18.7941,18.6401,18.7941,1210
DHG,5/23/2012 00:00:00,18.7941,18.7941,18.486,18.486,2910
DHG,5/24/2012 00:00:00,19.1022,19.1022,18.486,18.486,10810
DHG,5/25/2012 00:00:00,18.7941,18.7941,18.1779,18.1779,20670
DHG,5/28/2012 00:00:00,18.1779,18.486,18.1779,18.486,10950
DHG,5/29/2012 00:00:00,18.486,18.486,18.1779,18.486,420
DHG,5/30/2012 00:00:00,18.486,18.486,18.486,18.486,260
DHG,5/31/2012 00:00:00,18.486,19.1022,18.332,19.1022,32320
DHG,6/1/2012 00:00:00,18.486,18.486,18.486,18.486,80
DHG,6/4/2012 00:00:00,18.0239,18.0239,18.0239,18.0239,520
DHG,6/5/2012 00:00:00,17.8698,18.332,17.8698,18.0239,2520
DHG,6/6/2012 00:00:00,17.5617,18.486,17.5617,18.486,20920
DHG,6/7/2012 00:00:00,17.8698,18.486,17.8698,18.486,10950
DHG,6/8/2012 00:00:00,18.7993,18.7993,18.7993,18.7993,170
DHG,6/11/2012 00:00:00,19.5826,19.5826,18.7993,18.7993,2650
DHG,6/12/2012 00:00:00,18.486,18.486,18.3293,18.3293,4990
DHG,6/13/2012 00:00:00,18.3293,18.486,18.3293,18.486,1800
DHG,6/14/2012 00:00:00,18.486,18.486,18.486,18.486,80
DHG,6/15/2012 00:00:00,18.486,18.486,18.3293,18.486,2050
DHG,6/18/2012 00:00:00,19.1126,19.1126,18.1727,18.7993,3650
DHG,6/19/2012 00:00:00,18.7993,18.7993,18.7993,18.7993,100
DHG,6/20/2012 00:00:00,18.6427,18.6427,18.486,18.486,510
DHG,6/21/2012 00:00:00,18.3293,18.6427,18.3293,18.6427,20
DHG,6/22/2012 00:00:00,18.6427,18.6427,18.1727,18.486,1300
DHG,6/25/2012 00:00:00,18.1727,18.486,18.1727,18.1727,1130
DHG,6/26/2012 00:00:00,18.1727,18.1727,18.1727,18.1727,3250
DHG,6/27/2012 00:00:00,17.8594,18.1727,17.8594,18.1727,50
DHG,6/28/2012 00:00:00,18.956,18.956,18.1727,18.956,28350
DHG,6/29/2012 00:00:00,19.1126,19.896,19.1126,19.896,20040
DHG,7/2/2012 00:00:00,19.896,19.896,18.956,18.956,3350
DHG,7/3/2012 00:00:00,18.956,18.956,18.3293,18.956,830
DHG,7/4/2012 00:00:00,19.426,19.426,18.486,18.486,7110
DHG,7/5/2012 00:00:00,18.486,18.486,18.486,18.486,1760
DHG,7/6/2012 00:00:00,19.1126,19.1126,18.486,18.486,1110
DHG,7/9/2012 00:00:00,18.7993,18.7993,17.8594,17.8594,5850
DHG,7/10/2012 00:00:00,17.8594,18.486,17.8594,18.486,17800
DHG,7/11/2012 00:00:00,18.7993,18.7993,18.1727,18.1727,1190
DHG,7/12/2012 00:00:00,18.1727,18.6427,18.016,18.6427,750
DHG,7/13/2012 00:00:00,19.2693,19.2693,18.6427,18.7993,6170
DHG,7/16/2012 00:00:00,19.426,19.426,18.6427,18.6427,21900
DHG,7/17/2012 00:00:00,18.6427,18.956,18.6427,18.6427,6680
DHG,7/18/2012 00:00:00,18.7993,18.7993,18.6427,18.6427,280
DHG,7/19/2012 00:00:00,18.6427,18.6427,18.6427,18.6427,3910
DHG,7/20/2012 00:00:00,19.1126,19.1126,18.7993,18.956,7150
DHG,7/23/2012 00:00:00,19.426,19.426,18.7993,18.956,44230
DHG,7/24/2012 00:00:00,18.7993,18.956,18.486,18.956,1650
DHG,7/25/2012 00:00:00,18.6427,18.956,18.6427,18.956,16620
DHG,7/26/2012 00:00:00,18.956,18.956,18.956,18.956,3420
DHG,7/27/2012 00:00:00,18.956,19.7393,18.956,19.7393,63020
DHG,7/30/2012 00:00:00,19.7393,20.0526,19.5826,19.7393,24380
DHG,7/31/2012 00:00:00,19.426,19.5826,19.426,19.426,1870
DHG,8/2/2012 00:00:00,19.426,19.426,19.2693,19.426,1380
DHG,8/3/2012 00:00:00,19.426,19.5826,19.426,19.5826,9460
DHG,8/6/2012 00:00:00,19.896,19.896,18.956,19.896,15530
DHG,8/7/2012 00:00:00,19.7393,19.896,19.7393,19.7393,14200
DHG,8/8/2012 00:00:00,20.0526,20.0526,19.7393,20.0526,9210
DHG,8/9/2012 00:00:00,20.0526,20.2093,19.896,20.2093,25560
DHG,8/10/2012 00:00:00,20.2093,20.3659,20.0526,20.0526,16220
DHG,8/13/2012 00:00:00,20.3659,20.3659,19.896,19.896,17700
DHG,8/14/2012 00:00:00,20.0526,20.5226,20.0526,20.0526,27600
DHG,8/15/2012 00:00:00,20.3659,20.3659,20.2093,20.3659,31740
DHG,8/16/2012 00:00:00,20.6793,21.3059,20.5226,21.3059,36820
DHG,8/17/2012 00:00:00,22.2459,22.2459,21.6192,22.2459,63140
DHG,8/20/2012 00:00:00,23.3425,23.3425,22.2459,23.3425,36780
DHG,8/21/2012 00:00:00,23.3425,23.4992,22.2459,22.7158,15690
DHG,8/22/2012 00:00:00,22.0892,23.0292,21.6192,21.6192,51480
DHG,8/23/2012 00:00:00,21.7759,21.7759,20.6793,20.6793,51140
DHG,8/24/2012 00:00:00,20.0526,21.6192,20.0526,21.6192,2670
DHG,8/27/2012 00:00:00,22.2459,22.5592,21.9325,21.9325,42920
DHG,8/28/2012 00:00:00,22.5592,23.0292,21.4626,23.0292,30530
DHG,8/29/2012 00:00:00,22.5592,23.1858,22.5592,23.0292,6540
DHG,8/30/2012 00:00:00,22.2459,23.0292,22.2459,23.0292,4620
DHG,8/31/2012 00:00:00,23.4992,23.4992,22.7158,23.1858,13810
DHG,9/4/2012 00:00:00,23.9691,23.9691,23.1858,23.1858,14810
DHG,9/5/2012 00:00:00,23.8125,23.8125,22.8725,22.8725,14360
DHG,9/6/2012 00:00:00,22.5592,23.1858,22.5592,22.8725,14510
DHG,9/7/2012 00:00:00,22.8725,23.1858,22.8725,23.1858,4260
DHG,9/10/2012 00:00:00,23.8125,23.8125,22.8725,23.4992,14050
DHG,9/11/2012 00:00:00,23.4992,23.6558,23.1858,23.4992,7350
DHG,9/12/2012 00:00:00,23.8125,23.8125,23.6558,23.8125,9730
DHG,9/13/2012 00:00:00,23.3425,23.9691,23.1858,23.1858,6780
DHG,9/14/2012 00:00:00,23.1858,23.4992,22.5592,22.8725,13510
DHG,9/17/2012 00:00:00,23.8125,23.8125,22.5592,22.8725,9260
DHG,9/18/2012 00:00:00,22.8725,23.4992,22.7158,23.4992,12610
DHG,9/19/2012 00:00:00,23.0292,23.4992,22.7158,23.4992,3030
DHG,9/20/2012 00:00:00,22.8725,23.3425,22.7158,22.7158,9170
DHG,9/21/2012 00:00:00,22.8725,22.8725,22.8725,22.8725,1270
DHG,9/24/2012 00:00:00,23.0292,23.3425,23.0292,23.1858,350
DHG,9/25/2012 00:00:00,22.7158,23.0292,22.7158,23.0292,3080
DHG,9/26/2012 00:00:00,23.0292,23.0292,22.7158,22.7158,1250
DHG,9/27/2012 00:00:00,22.5592,23.1858,22.5592,23.1858,10250
DHG,9/28/2012 00:00:00,23.3425,23.3425,22.8725,22.8725,1880
DHG,10/1/2012 00:00:00,23.4992,23.4992,22.2459,22.2459,44490
DHG,10/2/2012 00:00:00,22.2459,22.5592,22.2459,22.5592,7060
DHG,10/3/2012 00:00:00,22.5592,22.5592,21.7759,21.7759,20700
DHG,10/4/2012 00:00:00,21.7759,22.2459,21.7759,22.2459,5420
DHG,10/5/2012 00:00:00,22.4025,22.4025,22.2459,22.2459,860
DHG,10/8/2012 00:00:00,22.7158,22.8725,22.0892,22.7158,1950
DHG,10/9/2012 00:00:00,23.4992,23.4992,23.0292,23.1858,12780
DHG,10/10/2012 00:00:00,22.8725,23.1858,22.8725,23.0292,610
DHG,10/11/2012 00:00:00,23.0292,23.0292,22.7158,23.0292,6220
DHG,10/12/2012 00:00:00,22.8725,23.0292,22.5592,23.0292,2910
DHG,10/15/2012 00:00:00,23.0292,23.0292,22.2459,22.2459,14420
DHG,10/16/2012 00:00:00,22.0892,23.3425,22.0892,22.7158,20050
DHG,10/17/2012 00:00:00,22.7158,22.8725,22.5592,22.8725,10100
DHG,10/18/2012 00:00:00,22.2459,22.5592,22.2459,22.2459,17350
DHG,10/19/2012 00:00:00,22.8725,22.8725,22.2459,22.2459,12200
DHG,10/22/2012 00:00:00,22.4025,22.4025,22.4025,22.4025,4090
DHG,10/23/2012 00:00:00,22.4025,22.4025,21.4626,21.7759,15340
DHG,10/24/2012 00:00:00,22.2459,22.2459,21.6192,21.6192,5920
DHG,10/25/2012 00:00:00,21.9325,21.9325,21.6192,21.7759,25650
DHG,10/26/2012 00:00:00,21.7759,21.7759,20.9926,20.9926,35360
DHG,10/29/2012 00:00:00,20.8359,20.9926,20.6793,20.9926,1250
DHG,10/30/2012 00:00:00,21.4626,21.4626,20.9926,20.9926,3350
DHG,10/31/2012 00:00:00,20.6793,21.7759,20.6793,21.7759,6020
DHG,11/1/2012 00:00:00,21.7759,21.7759,21.1492,21.1492,15590
DHG,11/2/2012 00:00:00,20.2093,20.9926,20.2093,20.9926,24430
DHG,11/5/2012 00:00:00,21.1516,21.1516,20.6745,21.1516,3110
DHG,11/6/2012 00:00:00,20.3564,20.9926,20.1974,20.6745,6780
DHG,11/7/2012 00:00:00,20.6745,20.6745,20.1974,20.5155,3600
DHG,11/8/2012 00:00:00,20.5155,20.5155,20.1974,20.3564,760
DHG,11/9/2012 00:00:00,20.5155,20.5155,20.0384,20.3564,7820
DHG,11/12/2012 00:00:00,20.6745,20.9926,20.1974,20.9926,7530
DHG,11/13/2012 00:00:00,20.8335,20.8335,20.5155,20.8335,1810
DHG,11/14/2012 00:00:00,20.8335,20.8335,20.8335,20.8335,10
DHG,11/15/2012 00:00:00,20.8335,20.9926,20.8335,20.8335,6420
DHG,11/16/2012 00:00:00,20.6745,20.6745,20.5155,20.5155,17410
DHG,11/19/2012 00:00:00,20.5155,20.8335,20.5155,20.8335,260
DHG,11/20/2012 00:00:00,20.5155,21.1516,20.5155,21.1516,4940
DHG,11/21/2012 00:00:00,21.1516,21.3106,21.1516,21.1516,15360
DHG,11/22/2012 00:00:00,21.1516,21.3106,20.6745,21.3106,8180
DHG,11/23/2012 00:00:00,21.1516,21.1516,20.9926,20.9926,860
DHG,11/26/2012 00:00:00,20.9926,20.9926,20.5155,20.5155,11440
DHG,11/27/2012 00:00:00,20.6745,20.6745,20.5155,20.5155,14400
DHG,11/28/2012 00:00:00,20.3564,21.4697,20.1974,21.4697,10780
DHG,11/29/2012 00:00:00,20.6745,21.1516,20.6745,20.9926,3010
DHG,11/30/2012 00:00:00,20.6745,21.1516,20.6745,20.6745,4400
DHG,12/3/2012 00:00:00,20.8335,20.8335,20.6745,20.8335,8370
DHG,12/4/2012 00:00:00,20.6745,20.8335,20.5155,20.8335,12060
DHG,12/5/2012 00:00:00,20.9926,20.9926,20.8335,20.9926,8250
DHG,12/6/2012 00:00:00,21.1516,21.3106,20.8335,21.3106,8710
DHG,12/7/2012 00:00:00,20.8335,21.3106,20.8335,21.3106,4790
DHG,12/10/2012 00:00:00,21.3106,21.4697,20.9926,21.3106,4820
DHG,12/11/2012 00:00:00,21.1516,21.9468,21.1516,21.9468,9460
DHG,12/12/2012 00:00:00,21.9468,22.4239,21.9468,22.4239,10080
DHG,12/13/2012 00:00:00,22.4239,22.5829,22.2649,22.4239,7990
DHG,12/14/2012 00:00:00,22.2649,22.4239,21.3106,21.3106,4990
DHG,12/17/2012 00:00:00,22.1058,22.1058,21.6287,21.9468,7780
DHG,12/18/2012 00:00:00,21.9468,21.9468,21.3106,21.3106,2700
DHG,12/19/2012 00:00:00,21.9468,21.9468,21.3106,21.6287,3560
DHG,12/20/2012 00:00:00,21.3106,21.6287,21.1516,21.1516,11170
DHG,12/21/2012 00:00:00,20.9926,21.3106,20.9926,21.1516,19000
DHG,12/24/2012 00:00:00,21.1516,21.9468,21.1516,21.7878,11440
DHG,12/25/2012 00:00:00,21.7878,21.7878,21.7878,21.7878,7550
DHG,12/26/2012 00:00:00,21.9468,21.9468,21.4697,21.7878,10760
DHG,12/27/2012 00:00:00,21.7878,22.2649,21.6287,22.2649,20690
DHG,12/28/2012 00:00:00,22.5829,23.2191,21.9468,23.2191,25320
DHG,1/2/2013 00:00:00,22.901,22.901,22.5829,22.5829,3780
DHG,1/3/2013 00:00:00,22.901,22.901,22.5829,22.5829,5250
DHG,1/4/2013 00:00:00,22.901,22.901,22.5829,22.5829,2870
DHG,1/7/2013 00:00:00,22.742,22.742,21.9468,22.5829,11300
DHG,1/8/2013 00:00:00,22.5829,23.6962,22.2649,23.5371,52190
DHG,1/9/2013 00:00:00,23.8552,24.4913,23.3781,23.3781,50680
DHG,1/10/2013 00:00:00,23.3781,23.6962,23.3781,23.5371,24250
DHG,1/11/2013 00:00:00,23.6962,23.8552,23.2191,23.3781,27430
DHG,1/14/2013 00:00:00,23.3781,23.3781,22.901,23.06,28840
DHG,1/15/2013 00:00:00,23.2191,23.2191,22.901,23.06,26520
DHG,1/16/2013 00:00:00,23.06,23.3781,22.742,23.06,80850
DHG,1/17/2013 00:00:00,23.06,23.06,22.5829,22.5829,18750
DHG,1/18/2013 00:00:00,22.901,23.06,22.742,22.742,8330
DHG,1/21/2013 00:00:00,22.901,22.901,22.4239,22.4239,21630
DHG,1/22/2013 00:00:00,22.742,22.742,22.4239,22.742,21010
DHG,1/23/2013 00:00:00,22.742,22.742,22.5829,22.5829,18220
DHG,1/24/2013 00:00:00,22.742,23.6962,22.5829,22.901,19710
DHG,1/25/2013 00:00:00,23.3781,23.3781,22.901,23.3781,16390
DHG,1/28/2013 00:00:00,23.8552,24.0142,23.5371,23.8552,46460
DHG,1/29/2013 00:00:00,23.06,23.8552,23.06,23.8552,24310
DHG,1/30/2013 00:00:00,24.1733,24.1733,23.5371,23.8552,17460
DHG,1/31/2013 00:00:00,23.8552,23.8552,23.2191,23.6962,16040
DHG,2/1/2013 00:00:00,23.06,23.5371,22.901,23.5371,510
DHG,2/4/2013 00:00:00,23.8552,23.8552,23.5371,23.6962,5340
DHG,2/5/2013 00:00:00,23.3781,23.5371,23.06,23.5371,1560
DHG,2/6/2013 00:00:00,23.8552,23.8552,23.06,23.8552,2670
DHG,2/7/2013 00:00:00,23.8552,23.8552,23.2191,23.5371,4000
DHG,2/8/2013 00:00:00,23.6962,23.6962,23.2191,23.6962,1960
DHG,2/18/2013 00:00:00,23.6962,23.6962,23.06,23.06,5350
DHG,2/19/2013 00:00:00,23.06,23.5371,23.06,23.5371,12700
DHG,2/20/2013 00:00:00,23.5371,23.5371,23.2191,23.2191,17770
DHG,2/21/2013 00:00:00,23.2191,23.3781,23.06,23.06,18000
DHG,2/22/2013 00:00:00,23.5371,23.5371,22.5829,22.742,11740
DHG,2/25/2013 00:00:00,23.2191,23.2191,22.901,23.2191,11060
DHG,2/26/2013 00:00:00,23.2191,23.2191,22.742,22.742,11880
DHG,2/27/2013 00:00:00,23.5371,23.5371,22.742,23.2191,6480
DHG,2/28/2013 00:00:00,23.2191,23.2191,22.901,23.2191,12160
DHG,3/1/2013 00:00:00,22.901,23.2191,22.901,22.901,3550
DHG,3/4/2013 00:00:00,23.5371,23.5371,23.5371,23.5371,1260
DHG,3/5/2013 00:00:00,22.901,23.2191,22.742,22.742,5340
DHG,3/6/2013 00:00:00,23.3781,23.3781,22.901,22.901,3060
DHG,3/7/2013 00:00:00,22.742,23.2191,22.742,23.2191,1330
DHG,3/8/2013 00:00:00,22.901,23.2191,22.901,23.2191,11380
DHG,3/11/2013 00:00:00,23.5371,23.5371,23.5371,23.5371,360
DHG,3/12/2013 00:00:00,23.5371,23.5371,23.2191,23.5371,5780
DHG,3/13/2013 00:00:00,23.5371,23.5371,23.5371,23.5371,4200
DHG,3/14/2013 00:00:00,23.5371,23.5371,23.2191,23.5371,3570
DHG,3/15/2013 00:00:00,23.5371,23.5371,23.3781,23.5371,3700
DHG,3/18/2013 00:00:00,23.5371,23.5371,23.3781,23.3781,3980
DHG,3/19/2013 00:00:00,23.5371,23.5371,23.3781,23.3781,11690
DHG,3/20/2013 00:00:00,23.6962,24.9684,23.6962,24.9684,71620
DHG,3/21/2013 00:00:00,25.4455,26.5588,25.4455,26.5588,87130
DHG,3/22/2013 00:00:00,27.9901,28.1491,25.1275,25.1275,64770
DHG,3/25/2013 00:00:00,25.9227,26.7178,25.6046,26.3998,27330
DHG,3/26/2013 00:00:00,26.3998,26.5588,25.9227,25.9227,56730
DHG,3/27/2013 00:00:00,25.9227,26.2407,25.7636,26.2407,47060
DHG,3/28/2013 00:00:00,26.2407,26.7178,26.0817,26.3998,22160
DHG,3/29/2013 00:00:00,26.3998,26.3998,25.9227,25.9227,34360
DHG,4/1/2013 00:00:00,26.0817,27.513,26.0817,27.0359,36640
DHG,4/2/2013 00:00:00,28.0015,28.0015,27.3578,27.3578,19300
DHG,4/3/2013 00:00:00,27.0359,27.3578,26.3922,26.5531,17670
DHG,4/4/2013 00:00:00,26.5531,27.1968,26.3922,26.875,20210
DHG,4/5/2013 00:00:00,26.875,27.0359,26.5531,26.714,6000
DHG,4/8/2013 00:00:00,27.3578,27.3578,26.5531,27.0359,22590
DHG,4/9/2013 00:00:00,26.875,27.0359,26.714,26.714,9590
DHG,4/10/2013 00:00:00,26.714,27.0359,26.5531,26.5531,10530
DHG,4/11/2013 00:00:00,26.3922,26.714,26.3922,26.3922,3300
DHG,4/12/2013 00:00:00,26.0703,26.3922,25.7485,26.3922,18430
DHG,4/15/2013 00:00:00,26.3922,26.3922,25.9094,25.9094,5950
DHG,4/16/2013 00:00:00,25.7485,26.3922,25.4266,26.3922,10680
DHG,4/17/2013 00:00:00,26.3922,26.3922,25.7485,26.0703,5790
DHG,4/18/2013 00:00:00,25.5875,25.7485,25.4266,25.7485,2540
DHG,4/22/2013 00:00:00,25.5875,25.5875,25.4266,25.4266,2840
DHG,4/23/2013 00:00:00,24.7829,25.4266,24.7829,25.4266,5290
DHG,4/24/2013 00:00:00,25.7485,25.7485,25.4266,25.4266,3760
DHG,4/25/2013 00:00:00,25.1048,26.0703,25.1048,25.9094,9580
DHG,4/26/2013 00:00:00,26.714,26.714,25.4266,25.4266,11970
DHG,5/2/2013 00:00:00,25.7485,25.7485,24.9438,25.1048,13640
DHG,5/3/2013 00:00:00,24.9438,25.5875,24.9438,25.5875,1080
DHG,5/6/2013 00:00:00,25.9094,25.9094,25.4266,25.9094,9000
DHG,5/7/2013 00:00:00,25.9094,25.9094,25.4266,25.9094,5530
DHG,5/8/2013 00:00:00,25.9094,25.9094,25.7485,25.9094,820
DHG,5/9/2013 00:00:00,25.7485,25.9094,25.4266,25.9094,3350
DHG,5/10/2013 00:00:00,26.0703,26.0703,25.9094,25.9094,15330
DHG,5/13/2013 00:00:00,26.3922,26.3922,25.7485,25.7485,16030
DHG,5/14/2013 00:00:00,25.7485,26.0703,25.5875,26.0703,5370
DHG,5/15/2013 00:00:00,26.3962,26.3962,25.7444,26.2333,10120
DHG,5/16/2013 00:00:00,26.3962,26.3962,26.0703,26.0703,7510
DHG,5/17/2013 00:00:00,26.3962,26.5591,26.0703,26.5591,34470
DHG,5/20/2013 00:00:00,26.5591,26.5591,26.3962,26.5591,5510
DHG,5/21/2013 00:00:00,27.6997,27.6997,26.7221,27.2109,28500
DHG,5/22/2013 00:00:00,27.2109,27.5368,27.2109,27.3738,10670
DHG,5/23/2013 00:00:00,27.3738,27.3738,27.048,27.3738,19150
DHG,5/24/2013 00:00:00,26.5591,27.3738,26.5591,27.3738,4320
DHG,5/27/2013 00:00:00,27.3738,27.3738,26.885,27.048,16530
DHG,5/28/2013 00:00:00,26.7221,27.048,26.7221,26.885,5390
DHG,5/29/2013 00:00:00,26.5591,27.2109,26.5591,27.048,10550
DHG,5/30/2013 00:00:00,26.7221,27.048,26.7221,26.7221,6160
DHG,5/31/2013 00:00:00,27.3738,27.3738,26.7221,26.885,4610
DHG,6/3/2013 00:00:00,27.3738,27.3738,26.7221,27.048,4790
DHG,6/4/2013 00:00:00,26.3962,27.048,26.3962,26.5591,19970
DHG,6/5/2013 00:00:00,27.048,27.048,26.5591,26.885,23380
DHG,6/6/2013 00:00:00,26.885,27.2109,26.7221,27.2109,7580
DHG,6/7/2013 00:00:00,27.2109,28.8403,27.2109,28.6774,32970
DHG,6/10/2013 00:00:00,30.4697,30.4697,29.3291,29.3291,28500
DHG,6/11/2013 00:00:00,28.8403,29.3291,28.8403,29.1662,9060
DHG,6/12/2013 00:00:00,29.3291,29.3291,28.6774,29.1662,3300
DHG,6/13/2013 00:00:00,28.8403,29.0032,28.0256,28.0256,25340
DHG,6/14/2013 00:00:00,29.0032,29.0032,28.1885,28.3515,4940
DHG,6/17/2013 00:00:00,29.0032,29.0032,27.6997,27.6997,18220
DHG,6/18/2013 00:00:00,27.6997,28.1885,27.6997,28.1885,4630
DHG,6/19/2013 00:00:00,29.1662,29.1662,28.5144,28.6774,9630
DHG,6/20/2013 00:00:00,28.5144,28.6774,28.3515,28.5144,25890
DHG,6/21/2013 00:00:00,28.5144,29.0032,28.5144,29.0032,4690
DHG,6/24/2013 00:00:00,29.0032,29.0032,28.3515,28.6774,16730
DHG,6/25/2013 00:00:00,28.5144,28.6774,27.6997,28.3515,8270
DHG,6/26/2013 00:00:00,28.8403,28.8403,28.0256,28.6774,12920
DHG,6/27/2013 00:00:00,28.8403,28.8403,28.1885,28.5144,10110
DHG,6/28/2013 00:00:00,28.6774,28.6774,28.0256,28.3515,12000
DHG,7/1/2013 00:00:00,28.3515,28.3515,28.0256,28.3515,7380
DHG,7/2/2013 00:00:00,28.8403,28.8403,28.6774,28.6774,19330
DHG,7/3/2013 00:00:00,28.5144,28.8403,28.5144,28.8403,16340
DHG,7/4/2013 00:00:00,28.8403,29.0032,28.6774,29.0032,2470
DHG,7/5/2013 00:00:00,29.0032,29.3291,28.8403,29.3291,23110
DHG,7/8/2013 00:00:00,29.4921,29.4921,29.1662,29.1662,11710
DHG,7/9/2013 00:00:00,29.3291,29.655,29.3291,29.4921,9180
DHG,7/10/2013 00:00:00,29.4921,29.8179,29.4921,29.4921,13570
DHG,7/11/2013 00:00:00,29.655,31.2844,29.655,30.6326,46060
DHG,7/12/2013 00:00:00,30.6326,30.6326,30.3068,30.6326,16290
DHG,7/15/2013 00:00:00,30.9585,30.9585,30.6326,30.6326,6100
DHG,7/16/2013 00:00:00,30.6326,30.7956,30.3068,30.7956,23350
DHG,7/17/2013 00:00:00,30.7956,31.2844,30.4697,31.2844,50720
DHG,7/18/2013 00:00:00,31.4473,31.9362,31.2844,31.6103,21910
DHG,7/19/2013 00:00:00,31.9362,32.262,31.6103,32.262,15650
DHG,7/22/2013 00:00:00,32.262,34.2173,32.262,34.2173,62040
DHG,7/23/2013 00:00:00,35.1949,36.4985,34.2173,34.2173,53600
DHG,7/24/2013 00:00:00,34.5432,34.5432,32.9138,33.5655,29450
DHG,7/25/2013 00:00:00,32.5879,35.5208,32.5879,34.5432,49320
DHG,7/26/2013 00:00:00,34.5432,36.1726,34.5432,35.5208,40130
DHG,7/29/2013 00:00:00,35.8467,35.8467,34.5432,35.1949,11120
DHG,7/30/2013 00:00:00,34.5432,35.1949,34.2173,34.8691,10840
DHG,7/31/2013 00:00:00,34.5432,35.8467,34.5432,35.5208,46840
DHG,8/1/2013 00:00:00,35.1949,37.1502,34.8691,36.8243,73990
DHG,8/2/2013 00:00:00,37.1502,38.1279,37.1502,37.802,37680
DHG,8/5/2013 00:00:00,38.7796,40.0831,37.802,39.4314,95060
DHG,8/6/2013 00:00:00,39.4314,39.4314,38.4537,39.1055,26200
DHG,8/7/2013 00:00:00,39.4314,39.4314,38.4537,38.4537,33410
DHG,8/8/2013 00:00:00,38.1279,38.1279,37.4761,37.802,46560
DHG,8/9/2013 00:00:00,37.4761,37.802,37.1502,37.802,20580
DHG,8/12/2013 00:00:00,37.4761,38.1279,37.1502,37.802,7750
DHG,8/13/2013 00:00:00,37.802,38.1279,37.1502,37.1502,21010
DHG,8/14/2013 00:00:00,36.8243,37.802,36.8243,37.802,83440
DHG,8/15/2013 00:00:00,37.967,38.6273,37.967,38.6273,36360
DHG,8/16/2013 00:00:00,37.967,37.967,37.3068,37.6369,12490
DHG,8/19/2013 00:00:00,37.3068,37.967,37.3068,37.967,24220
DHG,8/20/2013 00:00:00,37.6369,38.2972,37.3068,37.967,46650
DHG,8/21/2013 00:00:00,38.6273,38.6273,37.6369,37.967,34590
DHG,8/22/2013 00:00:00,37.6369,37.6369,36.9766,36.9766,41300
DHG,8/23/2013 00:00:00,36.6465,36.6465,35.9862,35.9862,48500
DHG,8/26/2013 00:00:00,35.9862,35.9862,34.3354,35.656,47930
DHG,8/27/2013 00:00:00,34.9957,35.3259,34.3354,34.6656,24950
DHG,8/28/2013 00:00:00,34.6656,34.6656,32.3545,32.6847,64060
DHG,8/29/2013 00:00:00,32.6847,33.6751,31.3641,33.0148,35310
DHG,8/30/2013 00:00:00,33.0148,34.0053,32.6847,34.0053,16090
DHG,9/3/2013 00:00:00,34.9957,35.9862,34.3354,35.9862,25810
DHG,9/4/2013 00:00:00,35.656,36.6465,35.3259,35.9862,15190
DHG,9/5/2013 00:00:00,35.9862,35.9862,34.6656,35.656,10960
DHG,9/6/2013 00:00:00,35.656,35.656,34.6656,35.656,4360
DHG,9/9/2013 00:00:00,35.3259,35.3259,33.6751,34.0053,16690
DHG,9/10/2013 00:00:00,34.0053,35.656,34.0053,35.3259,22420
DHG,9/11/2013 00:00:00,36.3163,36.3163,35.656,36.3163,32430
DHG,9/12/2013 00:00:00,35.9862,36.6465,35.9862,36.3163,20730
DHG,9/13/2013 00:00:00,36.3163,36.6465,35.9862,36.6465,14000
DHG,9/16/2013 00:00:00,36.9766,36.9766,36.3163,36.6465,14550
DHG,9/17/2013 00:00:00,36.6465,36.6465,35.9862,36.3163,15690
DHG,9/18/2013 00:00:00,35.656,36.6465,35.656,35.9862,21070
DHG,9/19/2013 00:00:00,35.9862,36.3163,35.9862,35.9862,13420
DHG,9/20/2013 00:00:00,35.656,35.9862,35.656,35.656,4420
DHG,9/23/2013 00:00:00,35.656,35.9862,35.3259,35.656,10240
DHG,9/24/2013 00:00:00,35.3259,36.6465,35.3259,35.656,13250
DHG,9/25/2013 00:00:00,35.9862,35.9862,35.9862,35.9862,12440
DHG,9/26/2013 00:00:00,35.9862,36.3163,35.656,35.9862,6100
DHG,9/27/2013 00:00:00,36.3163,36.3163,35.656,35.9862,13180
DHG,9/30/2013 00:00:00,36.3163,36.3163,35.656,36.3163,24220
DHG,10/1/2013 00:00:00,36.3163,36.6465,35.9862,36.6465,15760
DHG,10/2/2013 00:00:00,36.3163,37.6369,36.3163,37.3068,14210
DHG,10/3/2013 00:00:00,37.3068,37.6369,36.9766,37.3068,14030
DHG,10/4/2013 00:00:00,36.9766,36.9766,36.6465,36.9766,13990
DHG,10/7/2013 00:00:00,36.6465,36.9766,36.6465,36.6465,11510
DHG,10/8/2013 00:00:00,36.6465,37.3068,36.6465,37.3068,19590
DHG,10/9/2013 00:00:00,37.3068,37.6369,37.3068,37.6369,21550
DHG,10/10/2013 00:00:00,37.967,37.967,37.6369,37.967,17350
DHG,10/11/2013 00:00:00,38.6273,38.6273,37.967,38.2972,15520
DHG,10/14/2013 00:00:00,38.6273,38.6273,37.967,38.2972,13820
DHG,10/15/2013 00:00:00,37.6369,38.2972,37.6369,37.967,18830
DHG,10/16/2013 00:00:00,37.967,37.967,37.967,37.967,1010
DHG,10/17/2013 00:00:00,37.967,37.967,37.3068,37.6369,12610
DHG,10/18/2013 00:00:00,37.3068,37.967,36.9766,37.967,10170
DHG,10/21/2013 00:00:00,38.2972,38.2972,37.6369,38.2972,16990
DHG,10/22/2013 00:00:00,37.6369,37.967,36.9766,37.3068,25840
DHG,10/23/2013 00:00:00,37.3068,37.3068,36.9766,37.3068,26130
DHG,10/24/2013 00:00:00,37.3068,37.3068,36.3163,36.6465,26120
DHG,10/25/2013 00:00:00,37.3068,37.3068,36.3163,36.6465,7830
DHG,10/28/2013 00:00:00,36.9766,36.9766,35.9862,35.9862,22880
DHG,10/29/2013 00:00:00,35.9862,36.3163,35.9862,36.3163,4730
DHG,10/30/2013 00:00:00,36.3163,36.9766,36.3163,36.6465,8240
DHG,10/31/2013 00:00:00,36.3163,36.6465,35.9862,35.9862,2980
DHG,11/1/2013 00:00:00,35.9862,36.3163,35.656,36.3163,18580
DHG,11/4/2013 00:00:00,35.656,35.9862,35.656,35.9862,20500
DHG,11/5/2013 00:00:00,35.9862,35.9862,35.656,35.656,4310
DHG,11/6/2013 00:00:00,35.9862,35.9862,35.3259,35.9862,9420
DHG,11/7/2013 00:00:00,35.656,35.9862,35.3259,35.656,6840
DHG,11/8/2013 00:00:00,35.9862,35.9862,35.656,35.656,8240
DHG,11/11/2013 00:00:00,35.656,35.656,35.3259,35.656,3460
DHG,11/12/2013 00:00:00,35.3259,35.656,34.9957,35.656,14970
DHG,11/13/2013 00:00:00,35.656,35.656,35.3259,35.656,5510
DHG,11/14/2013 00:00:00,35.656,35.9862,35.656,35.656,8610
DHG,11/15/2013 00:00:00,35.9862,36.3163,35.9862,36.3163,10470
DHG,11/18/2013 00:00:00,36.6465,36.6465,36.3163,36.3163,3250
DHG,11/19/2013 00:00:00,36.3163,36.6465,35.656,36.3163,960
DHG,11/20/2013 00:00:00,35.9862,35.9862,35.656,35.9862,1320
DHG,11/21/2013 00:00:00,35.656,35.9862,34.9957,34.9957,24790
DHG,11/22/2013 00:00:00,35.9862,35.9862,35.3259,35.656,680
DHG,11/25/2013 00:00:00,35.656,35.656,35.3259,35.656,8460
DHG,11/26/2013 00:00:00,35.9862,35.9862,34.9957,35.3259,4290
DHG,11/27/2013 00:00:00,35.3259,35.656,35.3259,35.656,560
DHG,11/28/2013 00:00:00,34.9957,35.656,34.9957,35.656,13900
DHG,11/29/2013 00:00:00,35.3259,36.3163,35.3259,36.3163,8890
DHG,12/2/2013 00:00:00,36.3163,36.3163,35.656,36.3163,200
DHG,12/3/2013 00:00:00,35.9862,36.6465,35.9862,36.6465,8410
DHG,12/4/2013 00:00:00,36.6465,36.6465,36.3163,36.6465,20740
DHG,12/5/2013 00:00:00,36.9766,36.9766,36.6465,36.9766,13050
DHG,12/6/2013 00:00:00,36.9766,36.9766,36.6465,36.9766,3620
DHG,12/9/2013 00:00:00,36.6465,36.9766,36.6465,36.9766,10990
DHG,12/10/2013 00:00:00,36.6465,36.9766,36.3163,36.9766,2690
DHG,12/11/2013 00:00:00,36.9766,36.9766,36.3163,36.6465,9040
DHG,12/12/2013 00:00:00,36.3163,37.3068,36.3163,37.3068,14290
DHG,12/13/2013 00:00:00,37.3068,37.6369,36.9766,37.6369,2110
DHG,12/16/2013 00:00:00,37.6369,37.6369,37.3068,37.6369,6200
DHG,12/17/2013 00:00:00,37.3068,37.6369,36.9766,37.6369,9750
DHG,12/18/2013 00:00:00,37.6369,37.6369,36.9766,37.6369,7550
DHG,12/19/2013 00:00:00,37.3068,37.3068,36.9766,36.9766,3670
DHG,12/20/2013 00:00:00,36.9766,37.3068,36.9766,37.3068,2540
DHG,12/23/2013 00:00:00,37.6369,37.6369,37.3068,37.3068,1490
DHG,12/24/2013 00:00:00,36.9766,37.3068,36.9766,37.3068,3700
DHG,12/25/2013 00:00:00,37.3068,37.3068,37.3068,37.3068,5080
DHG,12/26/2013 00:00:00,37.3068,37.967,36.9766,36.9766,14010
DHG,12/27/2013 00:00:00,36.6465,37.6369,36.6465,37.6369,1480
DHG,12/30/2013 00:00:00,37.6369,37.6369,36.6465,37.6369,4230
DHG,12/31/2013 00:00:00,37.3068,37.6369,36.9766,37.6369,5020
DHG,1/2/2014 00:00:00,37.6369,37.6369,36.9766,37.6369,12410
DHG,1/3/2014 00:00:00,37.6369,37.6369,37.3068,37.6369,940
DHG,1/6/2014 00:00:00,37.6369,37.6369,37.3068,37.3068,16230
DHG,1/7/2014 00:00:00,37.3068,37.6369,36.9766,37.6369,5330
DHG,1/8/2014 00:00:00,36.9766,37.6369,36.9766,37.6369,5370
DHG,1/9/2014 00:00:00,37.3068,37.6369,37.3068,37.6369,7860
DHG,1/10/2014 00:00:00,38.2972,38.2972,37.6369,37.6369,14060
DHG,1/13/2014 00:00:00,37.6369,37.6369,37.6369,37.6369,10590
DHG,1/14/2014 00:00:00,37.3068,37.967,37.3068,37.967,10630
DHG,1/15/2014 00:00:00,37.3068,37.967,37.3068,37.3068,33210
DHG,1/16/2014 00:00:00,37.967,37.967,37.6369,37.967,6920
DHG,1/17/2014 00:00:00,37.967,40.2781,37.967,39.6178,48070
DHG,1/20/2014 00:00:00,40.2781,40.2781,39.2876,39.2876,24410
DHG,1/21/2014 00:00:00,38.9575,39.6178,37.967,39.6178,10080
DHG,1/22/2014 00:00:00,39.2876,39.6178,38.6273,38.6273,34260
DHG,1/23/2014 00:00:00,38.6273,38.9575,38.6273,38.6273,9210
DHG,1/24/2014 00:00:00,38.9575,39.2876,38.2972,39.2876,12120
DHG,1/27/2014 00:00:00,38.9575,41.9288,38.6273,41.5987,39000
DHG,2/6/2014 00:00:00,41.2685,42.259,41.2685,41.9288,17670
DHG,2/7/2014 00:00:00,41.9288,42.259,40.6082,40.6082,16050
DHG,2/10/2014 00:00:00,40.9384,42.259,40.6082,42.259,9780
DHG,2/11/2014 00:00:00,42.5891,44.9002,41.9288,42.9193,50250
DHG,2/12/2014 00:00:00,43.5796,44.2399,42.9193,44.2399,33360
DHG,2/13/2014 00:00:00,44.57,44.57,43.5796,44.57,67140
DHG,2/14/2014 00:00:00,44.57,44.57,43.2494,43.2494,22350
DHG,2/17/2014 00:00:00,42.9193,43.5796,42.9193,42.9193,18880
DHG,2/18/2014 00:00:00,42.5891,43.2494,42.5891,42.9193,12800
DHG,2/19/2014 00:00:00,43.9097,44.2399,43.2494,43.9097,47650
DHG,2/20/2014 00:00:00,44.2399,44.2399,42.5891,43.5796,29930
DHG,2/21/2014 00:00:00,43.5796,43.5796,42.259,43.5796,6410
DHG,2/24/2014 00:00:00,43.5796,43.5796,42.9193,43.5796,18660
DHG,2/25/2014 00:00:00,43.2494,43.5796,42.9193,43.5796,11160
DHG,2/26/2014 00:00:00,43.5796,43.5796,42.5891,43.2494,20860
DHG,2/27/2014 00:00:00,42.9193,42.9193,42.259,42.259,9930
DHG,2/28/2014 00:00:00,42.5891,42.5891,41.5987,42.5891,11740
DHG,3/3/2014 00:00:00,42.259,42.9193,42.259,42.259,22760
DHG,3/4/2014 00:00:00,41.5987,42.9193,41.5987,42.9193,16050
DHG,3/5/2014 00:00:00,42.9193,43.5796,42.9193,43.5796,8550
DHG,3/6/2014 00:00:00,43.5796,43.5796,42.9193,43.5796,8110
DHG,3/7/2014 00:00:00,43.2494,43.9097,43.2494,43.5796,6020
DHG,3/10/2014 00:00:00,43.9097,43.9097,43.2494,43.5796,2800
DHG,3/11/2014 00:00:00,43.2494,43.9097,42.9193,43.2494,10540
DHG,3/12/2014 00:00:00,42.9193,43.2494,42.9193,43.2494,12580
DHG,3/13/2014 00:00:00,43.2494,45.5605,42.9193,45.5605,34860
DHG,3/14/2014 00:00:00,47.5414,48.2016,45.8906,48.2016,127040
DHG,3/17/2014 00:00:00,49.5222,49.5222,47.2112,48.5318,33700
DHG,3/18/2014 00:00:00,48.5318,48.5318,47.8715,47.8715,17340
DHG,3/19/2014 00:00:00,47.8715,48.2016,47.5414,47.5414,13160
DHG,3/20/2014 00:00:00,47.8715,47.8715,47.2112,47.8715,10210
DHG,3/21/2014 00:00:00,47.8715,47.8715,46.5509,46.8811,24550
DHG,3/24/2014 00:00:00,47.5414,48.2016,46.8811,47.2112,46400
DHG,3/25/2014 00:00:00,47.2112,47.5414,46.5509,47.2112,44150
DHG,3/26/2014 00:00:00,47.2112,47.2112,45.8906,46.5509,17060
DHG,3/27/2014 00:00:00,47.5414,47.5414,46.2208,46.8811,28070
DHG,3/28/2014 00:00:00,46.8811,47.2112,46.2208,46.2208,14480
DHG,3/31/2014 00:00:00,46.2208,46.5509,45.5605,45.8906,18220
DHG,4/1/2014 00:00:00,45.5605,45.5605,44.57,44.9002,11740
DHG,4/2/2014 00:00:00,44.9002,44.9002,43.9097,44.57,20640
DHG,4/3/2014 00:00:00,44.9002,45.8906,44.57,45.5605,9580
DHG,4/4/2014 00:00:00,45.5605,45.8906,45.5605,45.5605,1620
DHG,4/7/2014 00:00:00,45.8906,46.2208,45.5605,46.2208,3770
DHG,4/8/2014 00:00:00,47.2112,47.2112,46.2208,46.8811,11970
DHG,4/10/2014 00:00:00,46.8811,46.8811,46.5509,46.5509,3640
DHG,4/11/2014 00:00:00,46.2208,46.2208,45.5605,46.2208,3430
DHG,4/14/2014 00:00:00,46.5509,46.5509,45.8906,46.2208,5860
DHG,4/15/2014 00:00:00,45.8906,46.2208,45.5605,45.8906,14260
DHG,4/16/2014 00:00:00,45.8906,45.8906,45.2303,45.8906,7660
DHG,4/17/2014 00:00:00,45.8906,46.5509,45.8906,46.5509,18160
DHG,4/18/2014 00:00:00,46.5509,47.2112,46.2208,46.5509,22350
DHG,4/21/2014 00:00:00,46.8811,46.8811,46.2208,46.5509,23140
DHG,4/22/2014 00:00:00,46.5509,46.5509,46.2208,46.5509,12530
DHG,4/23/2014 00:00:00,46.5509,46.5509,46.2208,46.2208,3430
DHG,4/24/2014 00:00:00,46.2208,46.2208,45.5605,46.2208,7390
DHG,4/25/2014 00:00:00,46.2208,46.2208,45.8906,46.2208,3190
DHG,4/28/2014 00:00:00,46.8811,46.8811,46.5509,46.5509,14500
DHG,4/29/2014 00:00:00,46.5509,46.5509,46.2208,46.5509,830
DHG,5/5/2014 00:00:00,46.8811,46.8811,45.8906,46.5509,3440
DHG,5/6/2014 00:00:00,45.8906,45.8906,44.57,45.5605,7220
DHG,5/7/2014 00:00:00,44.57,45.5605,44.57,45.5605,5830
DHG,5/8/2014 00:00:00,44.9002,44.9002,42.5891,42.5891,39030
DHG,5/9/2014 00:00:00,42.5891,43.5796,39.6178,42.5891,65810
DHG,5/12/2014 00:00:00,42.259,42.259,39.6178,39.6178,15780
DHG,5/13/2014 00:00:00,39.6178,39.9479,36.9766,38.2972,44320
DHG,5/14/2014 00:00:00,38.2972,38.9575,37.6369,38.6273,9930
DHG,5/15/2014 00:00:00,38.6273,39.9479,38.2972,38.6273,11110
DHG,5/16/2014 00:00:00,37.967,39.2876,37.6369,39.2876,25890
DHG,5/19/2014 00:00:00,39.9479,40.9384,38.9575,40.9384,24470
DHG,5/20/2014 00:00:00,40.9384,41.5987,40.9384,41.5987,19360
DHG,5/21/2014 00:00:00,41.9288,43.2494,41.9288,42.9193,56390
DHG,5/22/2014 00:00:00,43.5796,43.9097,42.5891,43.2494,21900
DHG,5/23/2014 00:00:00,42.9193,42.9193,41.9288,42.9193,13670
DHG,5/26/2014 00:00:00,42.9193,42.9193,42.259,42.9193,13080
DHG,5/27/2014 00:00:00,43.2494,43.5796,42.5891,43.2494,29570
DHG,5/28/2014 00:00:00,43.9097,43.9097,42.9193,43.5796,26470
DHG,5/29/2014 00:00:00,43.9097,43.9097,43.2494,43.5796,33780
DHG,5/30/2014 00:00:00,46.2208,46.2208,44.0198,44.9002,50820
DHG,6/2/2014 00:00:00,45.7806,45.7806,44.0198,44.46,14430
DHG,6/3/2014 00:00:00,44.46,44.46,44.0198,44.46,19660
DHG,6/4/2014 00:00:00,44.46,44.46,43.1394,43.1394,17000
DHG,6/5/2014 00:00:00,44.0198,44.0198,42.6992,43.1394,8740
DHG,6/6/2014 00:00:00,43.5796,43.5796,42.9193,42.9193,17450
DHG,6/9/2014 00:00:00,43.5796,43.5796,43.1394,43.3595,12860
DHG,6/10/2014 00:00:00,43.1394,43.1394,42.6992,42.6992,11130
DHG,6/11/2014 00:00:00,42.4791,42.9193,41.8188,42.4791,14840
DHG,6/12/2014 00:00:00,42.4791,42.6992,42.259,42.4791,8920
DHG,6/13/2014 00:00:00,42.9193,42.9193,42.259,42.9193,25830
DHG,6/16/2014 00:00:00,43.3595,43.3595,42.259,42.6992,20570
DHG,6/17/2014 00:00:00,42.9193,42.9193,42.0389,42.6992,18680
DHG,6/18/2014 00:00:00,42.9193,42.9193,42.259,42.259,38420
DHG,6/19/2014 00:00:00,42.4791,42.4791,41.8188,42.259,14430
DHG,6/20/2014 00:00:00,42.259,42.4791,42.259,42.4791,7560
DHG,6/23/2014 00:00:00,42.9193,42.9193,42.4791,42.6992,6590
DHG,6/24/2014 00:00:00,42.9193,43.3595,42.9193,43.1394,24270
DHG,6/25/2014 00:00:00,43.3595,43.5796,43.1394,43.1394,14090
DHG,6/26/2014 00:00:00,43.1394,43.3595,42.9193,43.3595,5840
DHG,6/27/2014 00:00:00,43.3595,43.3595,42.9193,43.3595,3910
DHG,6/30/2014 00:00:00,43.3595,43.3595,42.6992,43.1394,12240
DHG,7/1/2014 00:00:00,42.6992,42.9193,42.4791,42.4791,7040
DHG,7/2/2014 00:00:00,42.4791,42.6992,42.259,42.6992,17780
DHG,7/3/2014 00:00:00,42.6992,42.6992,42.4791,42.6992,9200
DHG,7/4/2014 00:00:00,42.6992,42.9193,42.259,42.6992,9480
DHG,7/7/2014 00:00:00,42.9193,43.3595,42.6992,43.3595,18100
DHG,7/8/2014 00:00:00,43.3595,43.5796,43.1394,43.3595,24400
DHG,7/9/2014 00:00:00,43.3595,43.5796,43.3595,43.3595,53070
DHG,7/10/2014 00:00:00,43.3595,43.5796,43.1394,43.5796,38340
DHG,7/11/2014 00:00:00,43.3595,43.7997,42.9193,43.5796,40240
DHG,7/14/2014 00:00:00,43.5796,43.7997,43.3595,43.5796,17690
DHG,7/15/2014 00:00:00,43.7997,43.7997,43.3595,43.7997,22080
DHG,7/16/2014 00:00:00,43.3595,43.7997,43.3595,43.5796,17980
DHG,7/17/2014 00:00:00,43.1394,43.5796,43.1394,43.1394,23040
DHG,7/18/2014 00:00:00,43.5864,43.5864,43.1394,43.5864,17210
DHG,7/21/2014 00:00:00,43.5864,43.5864,43.1394,43.3629,7500
DHG,7/22/2014 00:00:00,43.1394,43.1394,42.4688,42.4688,15610
DHG,7/23/2014 00:00:00,43.5864,43.5864,42.6923,43.1394,30140
DHG,7/24/2014 00:00:00,43.3629,43.3629,42.9159,43.3629,7740
DHG,7/25/2014 00:00:00,43.1394,43.5864,42.9159,42.9159,7780
DHG,7/28/2014 00:00:00,42.4688,42.6923,41.7983,42.0218,53580
DHG,7/29/2014 00:00:00,43.3629,43.3629,42.0218,42.4688,28670
DHG,7/30/2014 00:00:00,42.6923,42.6923,42.4688,42.4688,6650
DHG,7/31/2014 00:00:00,42.4688,42.4688,42.2453,42.2453,3920
DHG,8/1/2014 00:00:00,42.4688,42.4688,42.0218,42.2453,4610
DHG,8/4/2014 00:00:00,42.6923,42.6923,42.4688,42.6923,6290
DHG,8/5/2014 00:00:00,42.6923,43.3629,42.6923,43.3629,17500
DHG,8/6/2014 00:00:00,43.3629,43.3629,42.9159,42.9159,14430
DHG,8/7/2014 00:00:00,42.9159,43.3629,42.9159,43.1394,8140
DHG,8/8/2014 00:00:00,43.3629,43.3629,42.6923,43.1394,6160
DHG,8/11/2014 00:00:00,42.0218,43.1394,42.0218,43.1394,28220
DHG,8/12/2014 00:00:00,43.1394,43.1394,42.2453,42.9159,16970
DHG,8/13/2014 00:00:00,42.9159,42.9159,42.2453,42.9159,12730
DHG,8/14/2014 00:00:00,42.4688,42.6923,42.2453,42.6923,10090
DHG,8/15/2014 00:00:00,42.6923,43.3629,42.6923,42.9159,12330
DHG,8/18/2014 00:00:00,42.9159,42.9159,42.4688,42.9159,3670
DHG,8/19/2014 00:00:00,42.9159,42.9159,42.4688,42.6923,9360
DHG,8/20/2014 00:00:00,42.2453,42.4688,42.2453,42.2453,3700
DHG,8/21/2014 00:00:00,42.4688,42.4688,42.2453,42.2453,10500
DHG,8/22/2014 00:00:00,42.4688,42.6923,42.4688,42.4688,13090
DHG,8/25/2014 00:00:00,42.4688,42.6923,42.2453,42.4688,48690
DHG,8/26/2014 00:00:00,42.9159,42.9159,42.2453,42.4688,16220
DHG,8/27/2014 00:00:00,42.2453,42.4688,42.2453,42.4688,46980
DHG,8/28/2014 00:00:00,42.2453,42.4688,41.7983,41.7983,88070
DHG,8/29/2014 00:00:00,41.7983,42.0218,41.5747,42.0218,72960
DHG,9/3/2014 00:00:00,42.4688,43.1394,42.4688,42.6923,24570
DHG,9/4/2014 00:00:00,42.4688,42.4688,42.0218,42.0218,43980
DHG,9/5/2014 00:00:00,40.2336,42.0218,40.2336,42.0218,46130
DHG,9/8/2014 00:00:00,42.0218,42.0218,41.5747,41.7983,38530
DHG,9/9/2014 00:00:00,41.7983,41.7983,40.6807,41.1277,46580
DHG,9/10/2014 00:00:00,40.9042,41.3512,40.9042,40.9042,11260
DHG,9/11/2014 00:00:00,40.6807,41.3512,40.2336,41.1277,47030
DHG,9/12/2014 00:00:00,41.1277,41.3512,40.6807,41.3512,15330
DHG,9/15/2014 00:00:00,41.1277,41.3512,40.6807,41.1277,14560
DHG,9/16/2014 00:00:00,40.6807,40.9042,40.2336,40.2336,24070
DHG,9/17/2014 00:00:00,41.1277,41.1277,40.4571,41.1277,5020
DHG,9/18/2014 00:00:00,41.1277,41.1277,40.4571,40.4571,590
DHG,9/19/2014 00:00:00,40.4571,40.6807,40.2336,40.6807,22770
DHG,9/22/2014 00:00:00,41.1277,41.3512,40.4571,40.4571,17870
DHG,9/23/2014 00:00:00,40.4571,40.9042,40.4571,40.9042,10140
DHG,9/24/2014 00:00:00,40.9042,41.1277,40.6807,41.1277,3750
DHG,9/25/2014 00:00:00,41.1277,41.1277,40.6807,40.9042,8980
DHG,9/26/2014 00:00:00,40.9042,41.1277,40.9042,40.9042,11460
DHG,9/29/2014 00:00:00,41.1277,41.1277,40.4571,41.1277,17560
DHG,9/30/2014 00:00:00,40.6807,40.9042,40.6807,40.9042,15850
DHG,10/1/2014 00:00:00,40.9042,41.1277,40.6807,40.9042,4940
DHG,10/2/2014 00:00:00,40.6807,41.1277,40.4571,41.1277,35300
DHG,10/3/2014 00:00:00,41.1277,42.4688,41.1277,42.4688,37070
DHG,10/6/2014 00:00:00,42.4688,42.6923,42.4688,42.4688,11610
DHG,10/7/2014 00:00:00,42.4688,42.4688,42.0218,42.2453,5410
DHG,10/8/2014 00:00:00,42.0218,42.4688,42.0218,42.2453,45680
DHG,10/9/2014 00:00:00,42.4688,42.4688,41.5747,42.2453,3900
DHG,10/10/2014 00:00:00,42.2453,42.2453,41.5747,42.0218,3300
DHG,10/13/2014 00:00:00,42.0218,42.0218,41.1277,41.3512,15500
DHG,10/14/2014 00:00:00,41.7983,41.7983,41.1277,41.3512,5960
DHG,10/15/2014 00:00:00,41.3512,41.3512,41.1277,41.3512,2620
DHG,10/16/2014 00:00:00,41.3512,41.3512,40.6807,40.6807,12630
DHG,10/17/2014 00:00:00,40.6807,40.9042,40.4571,40.9042,10790
DHG,10/20/2014 00:00:00,40.6807,40.9042,40.6807,40.9042,20540
DHG,10/21/2014 00:00:00,40.6807,40.9042,40.6807,40.9042,12970
DHG,10/22/2014 00:00:00,40.9042,41.1277,40.6807,40.9042,11020
DHG,10/23/2014 00:00:00,40.9042,40.9042,40.6807,40.9042,28050
DHG,10/24/2014 00:00:00,41.3512,41.3512,40.9042,41.1277,19900
DHG,10/27/2014 00:00:00,41.1277,41.1277,40.4571,40.4571,39250
DHG,10/28/2014 00:00:00,40.6807,41.1277,40.6807,41.1277,10550
DHG,10/29/2014 00:00:00,41.5747,41.5747,41.1277,41.3512,18300
DHG,10/30/2014 00:00:00,41.5747,41.7983,41.1277,41.7983,15990
DHG,10/31/2014 00:00:00,41.7983,42.0218,41.7983,42.0218,12040
DHG,11/3/2014 00:00:00,42.2453,42.2453,42.0218,42.2453,4320
DHG,11/4/2014 00:00:00,42.0218,42.2453,41.7983,42.0218,2840
DHG,11/5/2014 00:00:00,42.2453,42.6923,42.0218,42.4688,19700
DHG,11/6/2014 00:00:00,42.6923,42.9159,42.4688,42.4688,16040
DHG,11/7/2014 00:00:00,42.4688,42.4688,42.4688,42.4688,3410
DHG,11/10/2014 00:00:00,42.9159,43.5864,42.4688,43.3629,26710
DHG,11/11/2014 00:00:00,43.5864,43.5864,43.3629,43.5864,8010
DHG,11/12/2014 00:00:00,43.8099,43.8099,43.3629,43.5864,6070
DHG,11/13/2014 00:00:00,43.5864,43.8099,43.3629,43.5864,13240
DHG,11/14/2014 00:00:00,43.3629,43.5864,43.3629,43.3629,13230
DHG,11/17/2014 00:00:00,43.5864,43.5864,42.9159,43.3629,2230
DHG,11/18/2014 00:00:00,42.9159,43.3629,42.9159,42.9159,4030
DHG,11/19/2014 00:00:00,43.3629,43.3629,42.0218,42.0218,15410
DHG,11/20/2014 00:00:00,42.9159,42.9159,42.2453,42.2453,250
DHG,11/21/2014 00:00:00,42.4688,42.4688,42.0218,42.4688,2400
DHG,11/24/2014 00:00:00,42.0218,42.4688,41.7983,42.4688,3410
DHG,11/25/2014 00:00:00,41.7983,42.2453,41.7983,42.2453,1340
DHG,11/26/2014 00:00:00,42.2453,42.2453,41.7983,42.0218,3180
DHG,11/27/2014 00:00:00,41.5747,42.0218,41.3512,42.0218,21430
DHG,11/28/2014 00:00:00,41.5747,42.0218,41.5747,42.0218,9640
DHG,12/1/2014 00:00:00,42.0218,42.0218,41.7983,41.7983,5720
DHG,12/2/2014 00:00:00,41.5747,41.7983,41.5747,41.7983,29720
DHG,12/3/2014 00:00:00,42.9159,42.9159,41.7983,41.7983,15560
DHG,12/4/2014 00:00:00,41.7983,42.0218,41.7983,41.7983,40970
DHG,12/5/2014 00:00:00,41.7983,41.7983,41.5747,41.7983,26180
DHG,12/8/2014 00:00:00,41.7983,41.7983,41.5747,41.7983,43060
DHG,12/9/2014 00:00:00,41.7983,41.7983,41.3512,41.5747,31460
DHG,12/10/2014 00:00:00,41.1277,41.5747,41.1277,41.5747,7570
DHG,12/11/2014 00:00:00,41.5747,41.7983,41.3512,41.5747,21360
DHG,12/12/2014 00:00:00,41.5747,41.5747,41.3512,41.3512,11510
DHG,12/15/2014 00:00:00,41.3512,41.5747,40.6807,40.9042,12690
DHG,12/16/2014 00:00:00,41.3512,41.3512,40.6807,41.1277,14470
DHG,12/17/2014 00:00:00,40.9042,41.1277,40.2336,41.1277,26610
DHG,12/18/2014 00:00:00,41.3512,41.3512,40.4571,40.6807,2520
DHG,12/19/2014 00:00:00,41.5747,41.5747,40.9042,40.9042,3260
DHG,12/22/2014 00:00:00,41.1277,41.5747,41.1277,41.5747,3490
DHG,12/23/2014 00:00:00,41.5747,42.0218,41.1277,41.5747,14510
DHG,12/24/2014 00:00:00,41.1277,41.5747,40.4571,41.3512,890
DHG,12/25/2014 00:00:00,40.6807,41.5747,40.6807,41.5747,6680
DHG,12/26/2014 00:00:00,41.1277,41.5747,40.6807,40.6807,2030
DHG,12/29/2014 00:00:00,38.8925,41.5747,38.8925,41.1277,5530
DHG,12/30/2014 00:00:00,40.6807,41.5747,40.2336,41.5747,6220
DHG,12/31/2014 00:00:00,42.0218,42.9159,41.1277,42.9159,17560
DHG,1/5/2015 00:00:00,42.9159,42.9159,41.5747,42.4688,1160
DHG,1/6/2015 00:00:00,42.0218,42.4688,42.0218,42.4688,250
DHG,1/7/2015 00:00:00,42.4688,42.4688,41.5747,42.0218,2410
DHG,1/8/2015 00:00:00,42.0218,42.0218,41.5747,42.0218,2430
DHG,1/9/2015 00:00:00,42.0218,42.0218,41.5747,42.0218,6720
DHG,1/12/2015 00:00:00,41.5747,41.5747,41.3512,41.3512,2980
DHG,1/13/2015 00:00:00,42.0218,42.0218,41.3512,41.5747,1580
DHG,1/14/2015 00:00:00,42.2453,42.2453,41.3512,42.0218,9840
DHG,1/15/2015 00:00:00,41.7983,41.7983,41.1277,41.5747,3620
DHG,1/16/2015 00:00:00,41.7983,41.7983,41.3512,41.3512,1500
DHG,1/19/2015 00:00:00,41.1277,41.5747,41.1277,41.3512,1760
DHG,1/20/2015 00:00:00,41.5747,41.5747,41.3512,41.5747,3360
DHG,1/21/2015 00:00:00,41.7983,41.7983,41.1277,41.5747,1880
DHG,1/22/2015 00:00:00,41.1277,41.3512,41.1277,41.3512,11060
DHG,1/23/2015 00:00:00,41.3512,41.7983,40.2336,40.2336,26920
DHG,1/26/2015 00:00:00,40.2336,41.5747,40.0101,41.1277,22840
DHG,1/27/2015 00:00:00,40.2336,41.1277,40.2336,41.1277,20650
DHG,1/28/2015 00:00:00,41.1277,41.7983,41.1277,41.3512,14310
DHG,1/29/2015 00:00:00,42.0218,42.0218,41.3512,41.5747,27460
DHG,1/30/2015 00:00:00,41.7983,41.7983,41.1277,41.5747,21470
DHG,2/2/2015 00:00:00,41.7983,41.7983,41.5747,41.5747,18110
DHG,2/3/2015 00:00:00,41.1277,41.3512,40.2336,40.2336,13720
DHG,2/4/2015 00:00:00,40.6807,41.1277,40.2336,41.1277,8130
DHG,2/5/2015 00:00:00,41.1277,41.3512,41.1277,41.1277,3140
DHG,2/6/2015 00:00:00,41.1277,41.5747,41.1277,41.3512,8650
DHG,2/9/2015 00:00:00,41.7983,41.7983,41.1277,41.3512,6450
DHG,2/10/2015 00:00:00,41.3512,41.3512,40.9042,40.9042,7200
DHG,2/11/2015 00:00:00,40.6807,41.3512,40.6807,41.1277,1840
DHG,2/12/2015 00:00:00,40.6807,41.5747,40.6807,41.5747,8250
DHG,2/13/2015 00:00:00,41.5747,41.5747,41.3512,41.5747,240
DHG,2/24/2015 00:00:00,41.1277,41.1277,40.6807,40.9042,17810
DHG,2/25/2015 00:00:00,41.1277,41.1277,40.4571,40.6807,8870
DHG,2/26/2015 00:00:00,40.9042,40.9042,40.6807,40.6807,6140
DHG,2/27/2015 00:00:00,40.9042,40.9042,40.6807,40.6807,660
DHG,3/2/2015 00:00:00,40.9042,41.1277,40.9042,40.9042,13830
DHG,3/3/2015 00:00:00,40.6807,41.1277,40.6807,41.1277,18140
DHG,3/4/2015 00:00:00,41.1277,41.3512,41.1277,41.1277,10950
DHG,3/5/2015 00:00:00,41.1277,41.3512,41.1277,41.3512,14800
DHG,3/6/2015 00:00:00,41.1277,41.3512,41.1277,41.1277,17760
DHG,3/9/2015 00:00:00,41.3512,41.3512,40.9042,41.3512,20790
DHG,3/10/2015 00:00:00,40.9042,41.1277,40.9042,41.1277,4680
DHG,3/11/2015 00:00:00,40.6807,41.1277,40.6807,40.9042,7990
DHG,3/12/2015 00:00:00,41.1277,41.1277,40.6807,40.6807,8230
DHG,3/13/2015 00:00:00,40.6807,40.9042,40.4571,40.9042,2280
DHG,3/16/2015 00:00:00,41.1277,41.1277,40.9042,41.1277,2470
DHG,3/17/2015 00:00:00,41.1277,41.1277,40.2336,40.9042,15440
DHG,3/18/2015 00:00:00,40.4571,40.6807,40.2336,40.2336,9100
DHG,3/19/2015 00:00:00,40.2336,40.6807,40.2336,40.4571,2740
DHG,3/20/2015 00:00:00,40.2336,40.4571,40.2336,40.4571,2200
DHG,3/23/2015 00:00:00,40.0101,40.2336,40.0101,40.2336,6480
DHG,3/24/2015 00:00:00,40.2336,40.2336,39.7866,40.2336,4070
DHG,3/25/2015 00:00:00,40.2336,40.2336,39.7866,39.7866,7080
DHG,3/26/2015 00:00:00,39.7866,40.2336,39.7866,40.2336,760
DHG,3/27/2015 00:00:00,40.2336,40.2336,40.0101,40.2336,4620
DHG,3/30/2015 00:00:00,40.2336,40.2336,39.7866,40.2336,470
DHG,3/31/2015 00:00:00,39.7866,40.0101,39.5631,40.0101,13140
DHG,4/1/2015 00:00:00,39.7866,39.7866,38.4454,39.7866,6520
DHG,4/2/2015 00:00:00,39.5631,39.5631,39.116,39.5631,11180
DHG,4/3/2015 00:00:00,39.5631,39.5631,39.3395,39.5631,2330
DHG,4/6/2015 00:00:00,39.7866,39.7866,38.8925,39.3395,3890
DHG,4/7/2015 00:00:00,39.3395,39.3395,38.8925,39.3395,4500
DHG,4/8/2015 00:00:00,39.3395,39.3395,38.8925,39.116,1570
DHG,4/9/2015 00:00:00,38.8925,39.116,38.8925,39.116,1070
DHG,4/10/2015 00:00:00,39.116,39.116,38.669,38.8925,5290
DHG,4/13/2015 00:00:00,38.669,38.8925,37.9984,37.9984,41600
DHG,4/14/2015 00:00:00,37.9984,37.9984,37.1043,37.5514,16920
DHG,4/15/2015 00:00:00,37.1043,37.5514,37.1043,37.5514,3930
DHG,4/16/2015 00:00:00,37.5514,38.2219,37.1043,38.2219,16160
DHG,4/17/2015 00:00:00,37.9984,38.4454,37.9984,38.4454,15870
DHG,4/20/2015 00:00:00,38.4454,38.4454,37.9984,37.9984,7050
DHG,4/21/2015 00:00:00,37.9984,38.4454,37.9984,38.4454,4870
DHG,4/22/2015 00:00:00,38.4454,38.4454,37.9984,38.2219,1680
DHG,4/23/2015 00:00:00,37.7749,39.3395,37.7749,38.8925,6430
DHG,4/24/2015 00:00:00,38.8925,38.8925,38.2219,38.8925,4480
DHG,4/27/2015 00:00:00,38.669,38.669,37.5514,37.5514,7580
DHG,5/4/2015 00:00:00,37.5514,37.7749,36.2103,37.5514,29380
DHG,5/5/2015 00:00:00,37.5514,37.5514,35.7632,36.2103,34130
DHG,5/6/2015 00:00:00,36.2103,36.2103,35.7632,36.2103,21900
DHG,5/7/2015 00:00:00,35.9867,36.2103,35.3162,36.2103,35000
DHG,5/8/2015 00:00:00,36.9066,37.1387,36.2103,36.2103,6720
DHG,5/11/2015 00:00:00,35.746,35.746,35.0497,35.2818,17370
DHG,5/12/2015 00:00:00,35.2818,35.2818,33.8891,33.8891,37670
DHG,5/13/2015 00:00:00,33.1927,34.1212,33.1927,33.8891,10570
DHG,5/14/2015 00:00:00,33.4248,34.8176,33.1927,34.8176,19020
DHG,5/15/2015 00:00:00,33.8891,34.3533,33.4248,33.8891,28130
DHG,5/18/2015 00:00:00,33.8891,33.8891,32.9606,32.9606,25290
DHG,5/19/2015 00:00:00,32.9606,33.1927,32.7285,33.1927,9600
DHG,5/20/2015 00:00:00,33.1927,34.1212,33.1927,33.8891,15460
DHG,5/21/2015 00:00:00,34.3533,34.3533,32.9606,34.1212,30520
DHG,5/22/2015 00:00:00,33.8891,33.8891,33.4248,33.8891,23680
DHG,5/25/2015 00:00:00,33.8891,35.2818,33.8891,35.2818,11470
DHG,5/26/2015 00:00:00,35.2818,35.2818,34.8176,34.8176,18220
DHG,5/27/2015 00:00:00,34.3533,34.8176,34.1212,34.8176,22000
DHG,5/28/2015 00:00:00,34.8176,35.2818,34.3533,34.3533,22730
DHG,5/29/2015 00:00:00,34.5854,34.5854,33.8891,33.8891,14930
DHG,6/1/2015 00:00:00,34.1212,34.1212,33.4248,33.657,18000
DHG,6/2/2015 00:00:00,33.1927,33.657,33.1927,33.657,6990
DHG,6/3/2015 00:00:00,33.657,33.657,33.657,33.657,3290
DHG,6/4/2015 00:00:00,33.4248,33.8891,33.4248,33.657,3120
DHG,6/5/2015 00:00:00,33.657,34.1212,33.4248,33.4248,6370
DHG,6/8/2015 00:00:00,33.8891,33.8891,33.4248,33.657,23240
DHG,6/9/2015 00:00:00,33.4248,34.1212,33.4248,33.8891,35140
DHG,6/10/2015 00:00:00,34.5854,34.5854,34.3533,34.3533,37240
DHG,6/11/2015 00:00:00,34.3533,34.5854,34.1212,34.3533,24930
DHG,6/12/2015 00:00:00,34.3533,34.3533,33.4248,34.3533,14780
DHG,6/15/2015 00:00:00,34.1212,34.1212,33.657,33.657,4890
DHG,6/16/2015 00:00:00,33.657,33.8891,33.4248,33.657,26900
DHG,6/17/2015 00:00:00,34.3533,34.3533,33.657,33.8891,18590
DHG,6/18/2015 00:00:00,33.657,33.8891,33.657,33.8891,22650
DHG,6/19/2015 00:00:00,33.4248,33.8891,33.4248,33.8891,21640
DHG,6/22/2015 00:00:00,33.8891,34.1212,33.657,33.8891,23520
DHG,6/23/2015 00:00:00,33.657,34.1212,33.657,33.8891,26890
DHG,6/24/2015 00:00:00,34.1212,34.5854,34.1212,34.3533,32730
DHG,6/25/2015 00:00:00,34.1212,34.5854,34.1212,34.3533,25680
DHG,6/26/2015 00:00:00,34.3533,35.2818,34.3533,34.3533,139120
DHG,6/29/2015 00:00:00,34.5854,35.2818,34.3533,34.8176,94440
DHG,6/30/2015 00:00:00,34.3533,34.8176,34.1212,34.1212,52140
DHG,7/1/2015 00:00:00,34.1212,34.3533,33.8891,34.1212,116410
DHG,7/2/2015 00:00:00,34.3533,34.3533,33.8891,33.8891,70680
DHG,7/3/2015 00:00:00,34.3533,34.3533,33.657,34.1212,112860
DHG,7/6/2015 00:00:00,34.5854,34.5854,33.8891,34.1212,90520
DHG,7/7/2015 00:00:00,34.3533,34.3533,33.8891,33.8891,87800
DHG,7/8/2015 00:00:00,33.8891,34.1212,33.657,33.8891,120250
DHG,7/9/2015 00:00:00,33.4248,34.5854,33.4248,34.1212,109080
DHG,7/10/2015 00:00:00,34.3533,34.3533,33.8891,34.1212,31340
DHG,7/13/2015 00:00:00,34.3533,34.3533,33.8891,33.8891,19600
DHG,7/14/2015 00:00:00,34.1212,34.5854,33.8891,34.1212,71350
DHG,7/15/2015 00:00:00,34.3533,34.3533,33.8891,34.3533,34980
DHG,7/16/2015 00:00:00,34.3533,34.3533,33.4248,34.1212,26710
DHG,7/17/2015 00:00:00,34.1212,34.3533,33.8891,34.1212,34690
DHG,7/20/2015 00:00:00,34.1212,34.3533,33.8891,34.3533,35040
DHG,7/21/2015 00:00:00,34.3533,34.5854,34.3533,34.3533,70460
DHG,7/22/2015 00:00:00,34.3533,34.3533,33.8891,33.8891,64400
DHG,7/23/2015 00:00:00,34.1212,36.2103,34.1212,36.2103,388000
DHG,7/24/2015 00:00:00,36.6745,38.2993,36.6745,37.3708,115140
DHG,7/27/2015 00:00:00,37.8351,38.0672,37.1387,37.1387,56380
DHG,7/28/2015 00:00:00,36.6745,36.9066,35.746,35.746,93930
DHG,7/29/2015 00:00:00,35.746,35.9781,34.8176,34.8176,119550
DHG,7/30/2015 00:00:00,35.5139,35.5139,34.8176,35.2818,22130
DHG,7/31/2015 00:00:00,34.8176,35.2818,34.3533,34.3533,22790
DHG,8/3/2015 00:00:00,34.3533,34.3533,33.657,33.657,55980
DHG,8/4/2015 00:00:00,33.657,34.3533,33.657,34.3533,31960
DHG,8/5/2015 00:00:00,34.3533,34.5854,34.3533,34.3533,24740
DHG,8/6/2015 00:00:00,34.3533,34.8176,34.1212,34.1212,36720
DHG,8/7/2015 00:00:00,34.8176,34.8176,34.1212,34.3533,35740
DHG,8/10/2015 00:00:00,34.3533,34.5854,34.3533,34.5854,35640
DHG,8/11/2015 00:00:00,34.8176,35.0497,34.5854,34.5854,28950
DHG,8/12/2015 00:00:00,34.5854,34.8176,33.8891,34.5854,20090
DHG,8/13/2015 00:00:00,34.1212,34.5854,33.8891,34.3533,23680
DHG,8/14/2015 00:00:00,34.3533,34.3533,33.8891,33.8891,36630
DHG,8/17/2015 00:00:00,33.8891,34.1212,33.657,34.1212,18620
DHG,8/18/2015 00:00:00,34.1212,34.1212,33.4248,33.8891,24010
DHG,8/19/2015 00:00:00,33.657,33.8891,33.4248,33.8891,10090
DHG,8/20/2015 00:00:00,33.657,33.657,33.1927,33.657,40070
DHG,8/21/2015 00:00:00,33.4248,33.657,31.5679,32.4964,66170
DHG,8/24/2015 00:00:00,32.4964,32.4964,30.4073,30.4073,91030
DHG,8/25/2015 00:00:00,29.2467,31.1037,29.2467,29.9431,32720
DHG,8/26/2015 00:00:00,29.711,31.1037,29.4789,31.1037,13660
DHG,8/27/2015 00:00:00,31.5679,33.1927,31.5679,32.9606,23680
DHG,8/28/2015 00:00:00,32.9606,32.9606,32.4964,32.7285,12860
DHG,8/31/2015 00:00:00,33.4248,33.4248,32.4964,32.7285,10280
DHG,9/1/2015 00:00:00,32.4964,32.4964,32.0321,32.0321,15570
DHG,9/3/2015 00:00:00,31.5679,31.5679,30.6394,30.6394,50760
DHG,9/4/2015 00:00:00,30.6394,31.1037,30.6394,30.8716,34460
DHG,9/7/2015 00:00:00,31.1037,32.0321,30.6394,30.8716,14450
DHG,9/8/2015 00:00:00,30.6394,30.8716,30.4073,30.6394,45220
DHG,9/9/2015 00:00:00,30.6394,30.8716,30.4073,30.6394,58800
DHG,9/10/2015 00:00:00,30.8716,30.8716,29.9431,29.9431,56690
DHG,9/11/2015 00:00:00,30.4073,30.6394,29.9431,30.1752,38510
DHG,9/14/2015 00:00:00,30.4073,30.4073,29.9431,30.1752,34990
DHG,9/15/2015 00:00:00,30.1752,30.1752,29.9431,29.9431,10060
DHG,9/16/2015 00:00:00,29.9431,30.1752,29.711,29.9431,15520
DHG,9/17/2015 00:00:00,29.9431,29.9431,29.711,29.711,9090
DHG,9/18/2015 00:00:00,29.9431,30.4073,29.9431,30.4073,22530
DHG,9/21/2015 00:00:00,30.1752,30.1752,29.9431,29.9431,35110
DHG,9/22/2015 00:00:00,29.9431,30.1752,29.711,30.1752,36010
DHG,9/23/2015 00:00:00,30.1752,30.4073,29.9431,30.1752,21010
DHG,9/24/2015 00:00:00,30.6394,30.6394,30.1752,30.1752,42120
DHG,9/25/2015 00:00:00,30.4073,30.4073,30.1752,30.4073,19930
DHG,9/28/2015 00:00:00,30.4073,30.6394,30.1752,30.6394,29620
DHG,9/29/2015 00:00:00,30.6394,30.6394,29.9431,30.1752,46140
DHG,9/30/2015 00:00:00,30.4073,30.8716,30.4073,30.8716,34210
DHG,10/1/2015 00:00:00,30.8716,30.8716,30.6394,30.8716,27220
DHG,10/2/2015 00:00:00,31.3358,31.3358,30.8716,31.1037,9670
DHG,10/5/2015 00:00:00,31.1037,32.4964,31.1037,32.2643,71320
DHG,10/6/2015 00:00:00,32.9606,33.8891,32.9606,33.4248,97910
DHG,10/7/2015 00:00:00,33.657,33.657,32.0321,32.4964,40010
DHG,10/8/2015 00:00:00,31.8,32.7285,31.5679,32.2643,35300
DHG,10/9/2015 00:00:00,32.4964,32.4964,32.0321,32.2643,35450
DHG,10/12/2015 00:00:00,32.2643,32.4964,31.3358,31.3358,15130
DHG,10/13/2015 00:00:00,31.5679,31.5679,31.1037,31.5679,68260
DHG,10/14/2015 00:00:00,31.5679,31.5679,31.1037,31.1037,57860
DHG,10/15/2015 00:00:00,31.1037,31.3358,31.1037,31.1037,31070
DHG,10/16/2015 00:00:00,31.3358,31.5679,31.1037,31.3358,42160
DHG,10/19/2015 00:00:00,31.5679,31.5679,31.3358,31.5679,33640
DHG,10/20/2015 00:00:00,31.5679,32.0321,31.5679,31.5679,13180
DHG,10/21/2015 00:00:00,31.5679,32.0321,31.5679,32.0321,33580
DHG,10/22/2015 00:00:00,32.0321,32.0321,31.8,32.0321,8660
DHG,10/23/2015 00:00:00,32.0321,32.4964,32.0321,32.2643,11060
DHG,10/26/2015 00:00:00,32.2643,32.2643,31.5679,31.8,20190
DHG,10/27/2015 00:00:00,31.8,31.8,31.5679,31.8,12440
DHG,10/28/2015 00:00:00,31.8,31.8,31.5679,31.8,5800
DHG,10/29/2015 00:00:00,31.8,33.4248,31.8,33.1927,102320
DHG,10/30/2015 00:00:00,32.9606,33.1927,32.7285,32.9606,26140
DHG,11/2/2015 00:00:00,32.9606,32.9606,32.0321,32.2643,15720
DHG,11/3/2015 00:00:00,32.2643,32.2643,31.8,32.2643,39020
DHG,11/4/2015 00:00:00,31.8,32.2643,31.5679,31.8,88490
DHG,11/5/2015 00:00:00,31.8,31.8,31.3358,31.5679,13110
DHG,11/6/2015 00:00:00,31.5679,32.7285,31.5679,32.0321,24760
DHG,11/9/2015 00:00:00,32.0321,32.7285,32.0321,32.7285,45570
DHG,11/10/2015 00:00:00,32.0321,32.4964,32.0321,32.4964,23500
DHG,11/11/2015 00:00:00,32.2643,32.7285,32.2643,32.7285,20660
DHG,11/12/2015 00:00:00,32.4964,32.4964,32.0321,32.2643,5730
DHG,11/13/2015 00:00:00,32.2643,32.2643,31.5679,32.2643,19520
DHG,11/16/2015 00:00:00,32.2643,32.2643,31.8,31.8,21460
DHG,11/17/2015 00:00:00,32.2643,32.4964,31.5679,31.5679,25350
DHG,11/18/2015 00:00:00,31.5679,32.0321,31.5679,32.0321,7390
DHG,11/19/2015 00:00:00,32.0321,32.0321,31.8,32.0321,4220
DHG,11/20/2015 00:00:00,32.0321,32.2643,31.5679,32.0321,4300
DHG,11/23/2015 00:00:00,32.2643,32.2643,31.8,31.8,10510
DHG,11/24/2015 00:00:00,32.0321,32.0321,31.5679,31.8,15090
DHG,11/25/2015 00:00:00,31.5679,31.8,31.1037,31.1037,6720
DHG,11/26/2015 00:00:00,31.1037,31.5679,31.1037,31.1037,25210
DHG,11/27/2015 00:00:00,31.1037,31.3358,30.8716,30.8716,15050
DHG,11/30/2015 00:00:00,30.8716,31.1037,30.6394,30.6394,12940
DHG,12/1/2015 00:00:00,30.6394,31.1037,30.4073,31.1037,14430
DHG,12/2/2015 00:00:00,31.1037,31.1037,30.8716,31.1037,4250
DHG,12/3/2015 00:00:00,30.4073,31.1037,30.4073,31.1037,8930
DHG,12/4/2015 00:00:00,31.1037,31.1037,30.6394,30.8716,5110
DHG,12/7/2015 00:00:00,30.8716,30.8716,30.1752,30.1752,5530
DHG,12/8/2015 00:00:00,30.4073,30.6394,30.1752,30.6394,15020
DHG,12/9/2015 00:00:00,30.8716,30.8716,30.4073,30.4073,6630
DHG,12/10/2015 00:00:00,30.1752,30.1752,29.4789,29.4789,39000
DHG,12/11/2015 00:00:00,29.4789,29.9431,29.4789,29.711,7460
DHG,12/14/2015 00:00:00,29.711,30.4073,29.4789,29.4789,14300
DHG,12/15/2015 00:00:00,29.9431,29.9431,29.4789,29.711,6970
DHG,12/16/2015 00:00:00,29.4789,29.711,29.4789,29.711,35120
DHG,12/17/2015 00:00:00,29.711,30.4073,29.711,30.4073,10420
DHG,12/18/2015 00:00:00,30.8716,30.8716,30.1752,30.8716,14120
DHG,12/21/2015 00:00:00,30.8716,30.8716,30.1752,30.1752,9870
DHG,12/22/2015 00:00:00,30.6394,30.8716,30.4073,30.6394,9450
DHG,12/23/2015 00:00:00,30.6394,30.6394,30.6394,30.6394,4520
DHG,12/24/2015 00:00:00,30.6394,30.6394,30.4073,30.4073,3900
DHG,12/25/2015 00:00:00,29.2467,30.4073,29.2467,30.1752,1820
DHG,12/28/2015 00:00:00,30.6394,30.6394,29.9431,29.9431,4240
DHG,12/29/2015 00:00:00,30.1752,30.4073,30.1752,30.4073,10010
DHG,12/30/2015 00:00:00,30.8716,30.8716,30.4073,30.8716,11610
DHG,12/31/2015 00:00:00,30.6394,30.8716,30.6394,30.8716,15170
DHG,1/4/2016 00:00:00,30.6394,30.6394,30.4073,30.4073,20800
DHG,1/5/2016 00:00:00,30.6394,30.8716,30.1752,30.1752,2140
DHG,1/6/2016 00:00:00,30.1752,30.4073,30.1752,30.1752,8990
DHG,1/7/2016 00:00:00,30.6394,30.6394,29.4789,30.1752,2970
DHG,1/8/2016 00:00:00,30.1752,30.1752,29.711,30.1752,7010
DHG,1/11/2016 00:00:00,30.1752,30.1752,29.711,29.711,2170
DHG,1/12/2016 00:00:00,29.4789,29.711,29.4789,29.711,7940
DHG,1/13/2016 00:00:00,29.9431,29.9431,29.711,29.711,9400
DHG,1/14/2016 00:00:00,29.9431,29.9431,29.2467,29.2467,32020
DHG,1/15/2016 00:00:00,29.711,29.711,29.2467,29.2467,20380
DHG,1/18/2016 00:00:00,29.4789,29.4789,28.5504,28.5504,10670
DHG,1/19/2016 00:00:00,28.3183,29.711,28.3183,29.2467,20650
DHG,1/20/2016 00:00:00,29.0146,29.2467,28.5504,29.0146,4100
DHG,1/21/2016 00:00:00,29.2467,29.2467,27.854,29.0146,20060
DHG,1/22/2016 00:00:00,29.2467,29.2467,29.0146,29.0146,11510
DHG,1/25/2016 00:00:00,29.4789,29.711,29.2467,29.4789,2620
DHG,1/26/2016 00:00:00,29.4789,29.4789,28.3183,29.2467,13420
DHG,1/27/2016 00:00:00,29.2467,29.4789,28.7825,29.2467,4990
DHG,1/28/2016 00:00:00,29.4789,29.711,28.7825,29.2467,16190
DHG,1/29/2016 00:00:00,29.711,30.6394,29.711,30.6394,17550
DHG,2/1/2016 00:00:00,30.6394,31.3358,30.6394,30.8716,5000
DHG,2/2/2016 00:00:00,30.8716,32.9606,30.1752,32.7285,59620
DHG,2/3/2016 00:00:00,32.9606,34.5854,32.9606,33.8891,85390
DHG,2/4/2016 00:00:00,34.1212,34.5854,33.8891,33.8891,38170
DHG,2/5/2016 00:00:00,33.8891,34.5854,33.8891,33.8891,66540
DHG,2/15/2016 00:00:00,34.5854,34.8176,33.8891,34.8176,73480
DHG,2/16/2016 00:00:00,34.8176,37.1387,34.8176,36.6745,156840
DHG,2/17/2016 00:00:00,36.6745,38.5314,36.6745,37.1387,219480
DHG,2/18/2016 00:00:00,37.8351,37.8351,36.4424,36.6745,107290
DHG,2/19/2016 00:00:00,36.6745,36.6745,36.2103,36.6745,75100
DHG,2/22/2016 00:00:00,36.6745,38.5314,36.4424,38.5314,118570
DHG,2/23/2016 00:00:00,38.5314,39.2278,38.2993,38.5314,120270
DHG,2/24/2016 00:00:00,38.5314,38.7635,38.2993,38.5314,56500
DHG,2/25/2016 00:00:00,38.5314,39.2278,38.5314,38.7635,106930
DHG,2/26/2016 00:00:00,38.7635,40.3884,38.5314,40.3884,116260
DHG,2/29/2016 00:00:00,40.6205,42.0132,40.3884,41.5489,91090
DHG,3/1/2016 00:00:00,41.7811,41.7811,41.0847,41.3168,80390
DHG,3/2/2016 00:00:00,41.3168,41.7811,41.0847,41.3168,56970
DHG,3/3/2016 00:00:00,41.5489,41.5489,40.3884,40.3884,49190
DHG,3/4/2016 00:00:00,39.9241,41.3168,39.692,40.3884,83980
DHG,3/7/2016 00:00:00,40.3884,40.8526,38.9957,39.4599,91680
DHG,3/8/2016 00:00:00,38.0672,39.9241,38.0672,38.9957,105740
DHG,3/9/2016 00:00:00,39.692,39.9241,38.7635,39.9241,50610
DHG,3/10/2016 00:00:00,39.9241,40.3884,39.4599,40.3884,55540
DHG,3/11/2016 00:00:00,40.3884,40.6205,39.692,40.1562,49070
DHG,3/14/2016 00:00:00,40.1562,40.1562,39.4599,39.692,59810
DHG,3/15/2016 00:00:00,39.4599,39.4599,38.7635,39.4599,88120
DHG,3/16/2016 00:00:00,39.9241,39.9241,38.7635,38.7635,42700
DHG,3/17/2016 00:00:00,38.7635,39.4599,38.5314,39.4599,76710
DHG,3/18/2016 00:00:00,39.9241,39.9241,38.9957,39.4599,60980
DHG,3/21/2016 00:00:00,39.4599,39.4599,38.5314,38.7635,59910
DHG,3/22/2016 00:00:00,38.5314,39.2278,38.2993,38.5314,48420
DHG,3/23/2016 00:00:00,38.9957,40.3884,38.5314,40.3884,133060
DHG,3/24/2016 00:00:00,41.0847,41.0847,39.9241,40.1562,44430
DHG,3/25/2016 00:00:00,39.4599,39.692,39.2278,39.692,37370
DHG,3/28/2016 00:00:00,39.2278,39.9241,38.9957,39.692,35410
DHG,3/29/2016 00:00:00,39.9241,41.0847,39.4599,40.3884,116900
DHG,3/30/2016 00:00:00,40.3884,40.6205,39.9241,40.6205,30750
DHG,3/31/2016 00:00:00,40.1562,40.3884,38.0672,38.9957,135720
DHG,4/1/2016 00:00:00,38.5314,39.2278,38.5314,38.9957,29250
DHG,4/4/2016 00:00:00,38.9957,39.692,38.9957,39.4599,18720
DHG,4/5/2016 00:00:00,39.2278,39.9241,39.2278,39.9241,21580
DHG,4/6/2016 00:00:00,39.692,40.3884,39.692,40.3884,24610
DHG,4/7/2016 00:00:00,40.3884,41.0847,39.692,39.9241,66120
DHG,4/8/2016 00:00:00,39.692,42.2453,39.2278,41.5489,189310
DHG,4/11/2016 00:00:00,41.7811,43.4059,41.7811,42.7095,152590
DHG,4/12/2016 00:00:00,43.1738,43.1738,42.2453,42.2453,67670
DHG,4/13/2016 00:00:00,42.7095,43.638,42.2453,42.7095,113810
DHG,4/14/2016 00:00:00,42.7095,42.7095,41.7811,41.7811,37600
DHG,4/15/2016 00:00:00,42.2453,42.2453,41.3168,41.5489,98060
DHG,4/19/2016 00:00:00,40.3884,40.6205,38.7635,38.7635,156620
DHG,4/20/2016 00:00:00,39.2278,39.692,38.5314,39.2278,114210
DHG,4/21/2016 00:00:00,39.4599,39.692,38.9957,39.4599,65360
DHG,4/22/2016 00:00:00,39.9241,39.9241,39.2278,39.692,26560
DHG,4/25/2016 00:00:00,39.692,39.692,39.2278,39.2278,34630
DHG,4/26/2016 00:00:00,39.2278,39.9241,38.7635,39.9241,64580
DHG,4/27/2016 00:00:00,39.9241,40.1562,39.4599,39.692,60400
DHG,4/28/2016 00:00:00,39.692,39.692,39.2278,39.692,20760
DHG,4/29/2016 00:00:00,39.692,39.692,38.9957,39.2278,30890
DHG,5/4/2016 00:00:00,38.9957,39.2278,38.7635,39.2278,11100
DHG,5/5/2016 00:00:00,39.692,40.6205,39.692,40.3884,75660
DHG,5/6/2016 00:00:00,39.692,40.3884,39.692,39.692,28410
DHG,5/9/2016 00:00:00,40.1562,40.1562,39.4599,39.692,22060
DHG,5/10/2016 00:00:00,39.692,39.692,38.9957,39.4599,24820
DHG,5/11/2016 00:00:00,39.4599,39.9241,39.4599,39.692,51680
DHG,5/12/2016 00:00:00,39.9241,39.9241,39.2278,39.2278,25660
DHG,5/13/2016 00:00:00,39.2278,39.692,39.2278,39.4599,26160
DHG,5/16/2016 00:00:00,39.4599,39.9241,39.2278,39.4599,42580
DHG,5/17/2016 00:00:00,40.1861,40.1861,39.4599,39.702,41960
DHG,5/18/2016 00:00:00,39.702,39.702,39.2178,39.702,23830
DHG,5/19/2016 00:00:00,39.4599,39.4599,39.2178,39.2178,42230
DHG,5/20/2016 00:00:00,39.4599,39.4599,38.7336,38.9757,13100
DHG,5/23/2016 00:00:00,38.9757,38.9757,37.7653,37.7653,60570
DHG,5/24/2016 00:00:00,37.7653,38.0074,37.5232,38.0074,25340
DHG,5/25/2016 00:00:00,38.0074,38.0074,37.7653,38.0074,9030
DHG,5/26/2016 00:00:00,38.0074,38.0074,37.5232,37.7653,30030
DHG,5/27/2016 00:00:00,37.039,37.7653,37.039,37.7653,8340
DHG,5/30/2016 00:00:00,37.5232,37.7653,37.039,37.039,25990
DHG,5/31/2016 00:00:00,37.039,37.2811,36.797,36.797,15200
DHG,6/1/2016 00:00:00,36.797,37.039,36.0707,37.039,34460
DHG,6/2/2016 00:00:00,37.039,37.7653,37.039,37.5232,9290
DHG,6/3/2016 00:00:00,37.7653,37.7653,37.5232,37.7653,12380
DHG,6/6/2016 00:00:00,38.0074,38.0074,37.2811,37.7653,6420
DHG,6/7/2016 00:00:00,38.0074,38.0074,37.039,37.5232,11240
DHG,6/8/2016 00:00:00,37.5232,37.5232,37.2811,37.2811,13580
DHG,6/9/2016 00:00:00,37.5232,37.7653,36.797,37.7653,24450
DHG,6/10/2016 00:00:00,37.7653,40.1861,37.7653,40.1861,101400
DHG,6/13/2016 00:00:00,40.1861,40.6703,39.9441,39.9441,30610
DHG,6/14/2016 00:00:00,40.1861,40.6703,39.4599,40.6703,85770
DHG,6/15/2016 00:00:00,40.9124,42.607,40.4282,42.607,46370
DHG,6/16/2016 00:00:00,42.607,43.5753,42.3649,42.607,49530
DHG,6/17/2016 00:00:00,42.607,42.607,41.1545,41.1545,27120
DHG,6/20/2016 00:00:00,41.1545,42.1228,40.9124,41.8807,29490
DHG,6/21/2016 00:00:00,42.3649,43.0912,42.1228,42.1228,105970
DHG,6/22/2016 00:00:00,42.1228,43.0912,42.1228,42.8491,153660
DHG,6/23/2016 00:00:00,43.5753,45.512,43.5753,45.512,205520
DHG,6/24/2016 00:00:00,45.512,45.512,42.3649,44.5437,202540
DHG,6/27/2016 00:00:00,44.0595,44.7858,42.3649,43.8174,95560
DHG,6/28/2016 00:00:00,43.8174,46.7224,43.8174,45.7541,304120
DHG,6/29/2016 00:00:00,45.7541,47.9329,45.7541,47.6908,113420
DHG,6/30/2016 00:00:00,48.417,50.3537,48.175,49.8696,166040
DHG,7/1/2016 00:00:00,49.8696,50.3537,48.417,48.9012,196660
DHG,7/4/2016 00:00:00,48.9012,50.3537,48.9012,48.9012,234140
DHG,7/5/2016 00:00:00,49.3854,49.3854,47.6908,48.175,213520
DHG,7/6/2016 00:00:00,47.9329,48.175,47.2066,48.175,212370
DHG,7/7/2016 00:00:00,47.9329,51.3221,47.9329,51.3221,364470
DHG,7/8/2016 00:00:00,50.8379,52.2904,50.3537,50.3537,162850
DHG,7/11/2016 00:00:00,50.8379,51.3221,47.9329,48.9012,126640
DHG,7/12/2016 00:00:00,48.417,49.3854,47.2066,48.9012,153430
DHG,7/13/2016 00:00:00,49.3854,50.3537,48.175,48.175,119190
DHG,7/14/2016 00:00:00,48.9012,48.9012,46.4804,46.4804,186170
DHG,7/15/2016 00:00:00,47.2066,47.4487,43.5753,44.7858,176680
DHG,7/18/2016 00:00:00,44.5437,45.9962,43.8174,44.5437,51670
DHG,7/19/2016 00:00:00,44.5437,45.9962,44.3016,45.0278,51260
DHG,7/20/2016 00:00:00,44.7858,45.512,44.7858,44.7858,69570
DHG,7/21/2016 00:00:00,44.7858,45.2699,44.7858,45.0278,115870
DHG,7/22/2016 00:00:00,45.0278,45.0278,43.3333,43.8174,154160
DHG,7/25/2016 00:00:00,43.8174,43.8174,43.0912,43.8174,34300
DHG,7/26/2016 00:00:00,43.8174,43.8174,42.3649,43.8174,80310
DHG,7/27/2016 00:00:00,44.0595,45.0278,43.3333,45.0278,59190
DHG,7/28/2016 00:00:00,45.0278,45.0278,43.8174,45.0278,35310
DHG,7/29/2016 00:00:00,45.0278,45.0278,43.8174,44.7858,37200
DHG,8/1/2016 00:00:00,44.7858,44.7858,43.3333,43.8174,87960
DHG,8/2/2016 00:00:00,43.5753,43.5753,42.8491,42.8491,68240
DHG,8/3/2016 00:00:00,42.607,42.8491,42.1228,42.1228,51370
DHG,8/4/2016 00:00:00,41.8807,43.0912,41.8807,42.1228,63130
DHG,8/5/2016 00:00:00,42.1228,42.1228,41.6387,41.8807,44860
DHG,8/8/2016 00:00:00,42.3649,43.0912,41.8807,43.0912,28470
DHG,8/9/2016 00:00:00,43.0912,43.8174,42.8491,43.8174,31690
DHG,8/10/2016 00:00:00,44.3016,45.0278,44.0595,44.7858,46530
DHG,8/11/2016 00:00:00,45.0278,46.4804,44.7858,46.4804,74700
DHG,8/12/2016 00:00:00,47.4487,47.6908,45.9962,46.2383,107760
DHG,8/15/2016 00:00:00,46.9645,46.9645,46.2383,46.7224,31310
DHG,8/16/2016 00:00:00,47.2066,49.8696,46.9645,48.9012,252000
DHG,8/17/2016 00:00:00,49.3854,49.8696,48.417,49.8696,101320
DHG,8/18/2016 00:00:00,49.3854,49.8696,48.175,48.417,101480
DHG,8/19/2016 00:00:00,48.417,48.417,45.512,46.4804,126780
DHG,8/22/2016 00:00:00,47.2066,47.4487,45.9962,46.4804,34110
DHG,8/23/2016 00:00:00,46.4804,46.9645,45.512,46.4804,145410
DHG,8/24/2016 00:00:00,46.9645,47.6908,46.2383,46.7224,74440
DHG,8/25/2016 00:00:00,47.4487,47.4487,45.9962,46.7224,64490
DHG,8/26/2016 00:00:00,47.2066,47.2066,46.2383,46.7224,37390
DHG,8/29/2016 00:00:00,46.2383,46.4804,45.2699,45.2699,141300
DHG,8/30/2016 00:00:00,45.0278,46.2383,44.5437,46.2383,36770
DHG,8/31/2016 00:00:00,46.7224,46.7224,45.512,46.7224,79030
DHG,9/1/2016 00:00:00,46.9645,47.4487,46.2383,47.2066,79920
DHG,9/5/2016 00:00:00,47.9329,48.417,47.6908,48.175,146040
DHG,9/6/2016 00:00:00,48.417,48.417,46.9645,47.2066,69890
DHG,9/7/2016 00:00:00,46.9645,49.8696,46.7224,48.417,232200
DHG,9/8/2016 00:00:00,48.9012,49.8696,47.9329,49.8696,192760
DHG,9/9/2016 00:00:00,49.8696,52.7746,49.8696,50.8379,359780
DHG,9/12/2016 00:00:00,50.8379,50.8379,48.8044,50.0632,160830
DHG,9/13/2016 00:00:00,50.3053,50.8379,49.4822,50.5958,86440
DHG,9/14/2016 00:00:00,50.8379,52.6777,50.8379,51.4189,212090
DHG,9/15/2016 00:00:00,51.3221,53.7429,51.3221,53.2587,188660
DHG,9/16/2016 00:00:00,53.2587,54.7113,53.2103,54.2755,119460
DHG,9/19/2016 00:00:00,54.2755,56.6479,54.2755,55.1954,153760
DHG,9/20/2016 00:00:00,54.7597,55.1954,53.2587,55.0018,142820
DHG,9/21/2016 00:00:00,55.0018,55.0018,53.2587,53.7429,130350
DHG,9/22/2016 00:00:00,53.7429,53.7429,51.4673,52.2904,204190
DHG,9/23/2016 00:00:00,52.823,53.2103,51.8062,52.2904,62210
DHG,9/26/2016 00:00:00,52.7746,53.7913,52.2904,53.5008,97580
DHG,9/27/2016 00:00:00,53.5008,54.1787,52.9682,53.5008,149160
DHG,9/28/2016 00:00:00,52.9682,53.8882,52.7746,52.9682,79550
DHG,9/29/2016 00:00:00,52.7746,53.985,52.6777,53.3072,211780
DHG,9/30/2016 00:00:00,53.5008,54.4692,52.7746,54.2271,101510
DHG,10/3/2016 00:00:00,54.4692,56.6479,54.3239,56.309,206950
DHG,10/4/2016 00:00:00,56.4059,57.3742,54.6628,54.7113,188990
DHG,10/5/2016 00:00:00,53.7429,55.1954,53.7429,54.2271,86740
DHG,10/6/2016 00:00:00,54.4692,54.7113,53.8397,54.1787,74300
DHG,10/7/2016 00:00:00,54.4208,54.4692,51.8062,53.985,156940
DHG,10/10/2016 00:00:00,53.985,54.1787,52.3388,52.3388,30810
DHG,10/11/2016 00:00:00,52.3872,52.7746,50.8863,52.3388,133710
DHG,10/12/2016 00:00:00,52.7746,53.5008,51.6126,53.2587,40550
DHG,10/13/2016 00:00:00,53.6945,53.6945,52.4841,53.3072,21620
DHG,10/14/2016 00:00:00,53.7429,53.7429,52.7746,53.0651,53940
DHG,10/17/2016 00:00:00,53.7429,53.7429,52.7746,53.0167,10340
DHG,10/18/2016 00:00:00,52.3388,52.9682,52.2904,52.4357,58580
DHG,10/19/2016 00:00:00,52.0967,53.1619,52.0483,53.0167,75200
DHG,10/20/2016 00:00:00,53.0167,53.2587,52.242,52.5809,29320
DHG,10/21/2016 00:00:00,51.9031,52.5809,48.9012,48.9012,164320
DHG,10/24/2016 00:00:00,47.6908,49.8696,46.0446,46.2867,212670
DHG,10/25/2016 00:00:00,46.4804,47.4003,45.512,47.2066,55630
DHG,10/26/2016 00:00:00,47.2066,47.4487,46.5288,47.3519,58560
DHG,10/27/2016 00:00:00,47.8845,47.8845,47.2066,47.5455,20750
DHG,10/28/2016 00:00:00,47.4487,48.3686,47.4487,48.3686,40070
DHG,10/31/2016 00:00:00,48.3686,48.6591,47.6908,47.6908,39980
DHG,11/1/2016 00:00:00,47.8845,47.9329,46.9645,47.9329,63300
DHG,11/2/2016 00:00:00,47.4487,47.9329,47.2066,47.2066,26860
DHG,11/3/2016 00:00:00,47.2066,47.2066,46.7224,46.9645,31160
DHG,11/4/2016 00:00:00,47.0129,47.9813,47.0129,47.6908,42420
DHG,11/7/2016 00:00:00,47.7392,47.7392,47.3519,47.6424,27770
DHG,11/8/2016 00:00:00,47.6908,47.6908,46.9645,47.2066,27610
DHG,11/9/2016 00:00:00,47.2066,47.2066,45.7541,46.093,96970
DHG,11/10/2016 00:00:00,47.6424,47.6424,46.9645,47.4003,31830
DHG,11/11/2016 00:00:00,47.3519,47.6908,46.9645,47.3034,22880
DHG,11/14/2016 00:00:00,46.9645,47.3034,45.9962,46.5772,18020
DHG,11/15/2016 00:00:00,46.093,47.1582,46.093,46.9645,36950
DHG,11/16/2016 00:00:00,46.7224,47.2066,46.4804,47.2066,57610
DHG,11/17/2016 00:00:00,47.3034,48.8044,47.1098,48.175,132510
DHG,11/18/2016 00:00:00,48.417,48.417,47.4003,47.836,38790
DHG,11/21/2016 00:00:00,47.7876,47.7876,46.8193,47.6424,55080
DHG,11/22/2016 00:00:00,47.2066,47.4487,46.7224,47.3519,94300
DHG,11/23/2016 00:00:00,46.9645,47.6908,46.7709,47.3034,53470
DHG,11/24/2016 00:00:00,47.3034,49.1433,47.3034,48.756,196280
DHG,11/25/2016 00:00:00,48.7075,48.9012,48.175,48.175,61990
DHG,11/28/2016 00:00:00,48.417,48.417,47.255,47.6908,40770
DHG,11/29/2016 00:00:00,47.6908,47.6908,44.3984,47.5455,53430
DHG,11/30/2016 00:00:00,47.5455,47.6908,46.7224,47.5455,39410
DHG,12/1/2016 00:00:00,47.7876,47.7876,47.0129,47.2066,52700
DHG,12/2/2016 00:00:00,47.4487,47.4487,46.9645,47.4487,36700
DHG,12/5/2016 00:00:00,47.4487,47.4487,46.7709,47.1098,16400
DHG,12/6/2016 00:00:00,46.9645,47.4487,46.1414,46.1414,55280
DHG,12/7/2016 00:00:00,46.093,46.9645,45.8509,45.9962,49180
DHG,12/8/2016 00:00:00,46.4804,46.9161,45.9962,46.9161,20550
DHG,12/9/2016 00:00:00,46.9161,46.9161,46.3351,46.674,17980
DHG,12/12/2016 00:00:00,44.3016,46.3835,44.3016,45.512,53160
DHG,12/13/2016 00:00:00,45.1731,45.7057,44.5437,44.7858,53870
DHG,12/14/2016 00:00:00,44.7858,46.2383,44.7858,46.1899,68250
DHG,12/15/2016 00:00:00,45.9962,46.4319,45.512,45.9962,49930
DHG,12/16/2016 00:00:00,45.8994,46.1899,45.7541,45.9962,32500
DHG,12/19/2016 00:00:00,45.9962,46.7224,45.9962,46.4804,34400
DHG,12/20/2016 00:00:00,46.7224,46.7224,45.9962,45.9962,57240
DHG,12/21/2016 00:00:00,45.9962,45.9962,45.7541,45.9962,23010
DHG,12/22/2016 00:00:00,46.2383,46.2383,45.512,45.6089,14310
DHG,12/23/2016 00:00:00,45.9962,46.1899,45.7541,45.8994,32420
DHG,12/26/2016 00:00:00,46.2383,46.2383,45.512,46.1414,8290
DHG,12/27/2016 00:00:00,45.512,45.9962,45.0278,45.9962,22490
DHG,12/28/2016 00:00:00,45.512,45.9478,45.3668,45.9478,49600
DHG,12/29/2016 00:00:00,45.512,47.4487,45.512,47.0614,136050
DHG,12/30/2016 00:00:00,47.8845,47.8845,47.4487,47.4487,88510
DHG,1/3/2017 00:00:00,47.6908,48.0781,47.4487,47.8845,46760
DHG,1/4/2017 00:00:00,47.8845,49.5306,47.6908,49.5306,127780
DHG,1/5/2017 00:00:00,49.8696,49.8696,49.2885,49.5306,47630
DHG,1/6/2017 00:00:00,49.5306,49.5791,48.417,48.9012,110690
DHG,1/9/2017 00:00:00,49.2885,49.2885,48.9012,49.1433,54100
DHG,1/10/2017 00:00:00,49.4822,50.5958,48.9012,49.7727,154100
DHG,1/11/2017 00:00:00,49.8696,51.1768,49.8696,50.9347,126130
DHG,1/12/2017 00:00:00,50.8379,51.2736,50.3537,50.8379,21670
DHG,1/13/2017 00:00:00,50.8379,51.7094,50.4506,51.3221,67050
DHG,1/16/2017 00:00:00,51.08,51.3705,50.4021,50.4021,43160
DHG,1/17/2017 00:00:00,50.3537,51.0316,50.3537,50.8379,40790
DHG,1/18/2017 00:00:00,50.8379,51.4673,50.8379,51.3221,78890
DHG,1/19/2017 00:00:00,51.3221,52.7262,51.3221,52.6777,114010
DHG,1/20/2017 00:00:00,53.2587,53.2587,52.3872,53.1619,93230
DHG,1/23/2017 00:00:00,53.1619,53.1619,52.4841,52.5325,49200
DHG,1/24/2017 00:00:00,52.3388,52.5325,51.8062,52.0483,70060
DHG,1/25/2017 00:00:00,52.2904,53.6945,51.8062,53.2587,150280
DHG,2/2/2017 00:00:00,54.2271,55.6796,53.7429,53.7429,138860
DHG,2/3/2017 00:00:00,54.9533,54.9533,53.7913,54.4692,72750
DHG,2/6/2017 00:00:00,54.7113,55.3407,54.6628,55.3407,96100
DHG,2/7/2017 00:00:00,56.309,56.309,55.3407,55.5828,47970
DHG,2/8/2017 00:00:00,55.6796,55.6796,55.147,55.4375,104540
DHG,2/9/2017 00:00:00,55.6312,56.0669,55.6312,55.7764,41650
DHG,2/10/2017 00:00:00,55.9217,55.9217,55.1954,55.4859,25080
DHG,2/13/2017 00:00:00,55.4859,55.9217,55.1954,55.1954,43700
DHG,2/14/2017 00:00:00,55.1954,55.6796,55.0502,55.2438,69040
DHG,2/15/2017 00:00:00,55.5828,55.5828,54.2271,54.2271,80890
DHG,2/16/2017 00:00:00,54.0334,54.7597,53.2587,54.7113,135950
DHG,2/17/2017 00:00:00,54.9533,54.9533,53.7429,54.4692,39990
DHG,2/20/2017 00:00:00,53.8397,54.7113,53.8397,54.0818,19080
DHG,2/21/2017 00:00:00,53.5008,54.2271,53.5008,54.2271,54720
DHG,2/22/2017 00:00:00,54.9533,56.8416,54.9533,56.5995,244180
DHG,2/23/2017 00:00:00,56.5995,56.6479,55.6796,56.1154,74570
DHG,2/24/2017 00:00:00,56.1638,56.1638,55.4859,56.1154,51900
DHG,2/27/2017 00:00:00,55.728,55.9217,55.2923,55.6796,66350
DHG,2/28/2017 00:00:00,56.1638,56.4059,55.1954,55.1954,53970
DHG,3/1/2017 00:00:00,55.1954,56.1638,54.7113,55.5828,22590
DHG,3/2/2017 00:00:00,55.6796,55.6796,55.2438,55.6312,26610
DHG,3/3/2017 00:00:00,55.1954,55.6796,54.8565,55.6796,62530
DHG,3/6/2017 00:00:00,56.1638,56.1638,55.3407,55.6796,31240
DHG,3/7/2017 00:00:00,55.728,59.0688,55.728,58.8751,308000
DHG,3/8/2017 00:00:00,58.8751,59.0688,57.9068,58.1973,39820
DHG,3/9/2017 00:00:00,58.3425,60.0371,58.1004,59.5045,78780
DHG,3/10/2017 00:00:00,59.3109,59.795,58.1004,58.633,79270
DHG,3/13/2017 00:00:00,58.5846,60.5213,57.6647,60.2308,110440
DHG,3/14/2017 00:00:00,60.2792,60.5213,59.0688,60.0855,94340
DHG,3/15/2017 00:00:00,60.4245,60.4245,59.3109,59.3593,48950
DHG,3/16/2017 00:00:00,59.553,60.4245,59.0688,59.795,68200
DHG,3/17/2017 00:00:00,59.9403,60.2792,58.5846,59.8435,86570
DHG,3/20/2017 00:00:00,59.8435,60.2308,59.1656,59.1656,82730
DHG,3/21/2017 00:00:00,59.0688,59.795,58.1973,59.0688,134840
DHG,3/22/2017 00:00:00,59.0688,60.0371,59.0204,59.795,127500
DHG,3/23/2017 00:00:00,59.553,60.715,59.553,60.5697,98540
DHG,3/24/2017 00:00:00,61.0055,61.0055,59.795,60.5213,53160
DHG,3/27/2017 00:00:00,60.9571,63.7168,60.9086,63.4263,229320
DHG,3/28/2017 00:00:00,64.3462,65.944,63.9589,63.9589,215620
DHG,3/29/2017 00:00:00,64.8304,64.8304,63.6684,64.0557,50080
DHG,3/30/2017 00:00:00,64.3947,66.9608,64.3947,66.3798,156500
DHG,3/31/2017 00:00:00,67.2029,67.5418,66.4282,67.0092,211170
DHG,4/3/2017 00:00:00,66.8155,67.0092,65.7503,66.0408,40950
DHG,4/4/2017 00:00:00,66.0408,66.5734,65.6051,65.7988,100850
DHG,4/5/2017 00:00:00,65.6051,65.6535,64.6367,64.8788,68970
DHG,4/7/2017 00:00:00,65.363,65.4598,64.3947,65.0241,63550
DHG,4/10/2017 00:00:00,65.0241,65.363,64.5399,64.5399,29770
DHG,4/11/2017 00:00:00,64.4431,66.0893,64.4431,65.363,82570
DHG,4/12/2017 00:00:00,65.363,65.363,64.8304,64.8788,35070
DHG,4/13/2017 00:00:00,64.8788,65.0241,64.4915,64.782,43010
DHG,4/14/2017 00:00:00,64.9757,66.0893,64.3947,65.5083,106510
DHG,4/17/2017 00:00:00,65.1693,66.0893,65.1209,65.1209,24130
DHG,4/18/2017 00:00:00,64.5883,65.7988,64.5883,65.2178,39300
DHG,4/19/2017 00:00:00,65.6051,65.6051,64.3947,64.8788,79120
DHG,4/20/2017 00:00:00,64.8788,64.8788,64.201,64.4431,72820
DHG,4/21/2017 00:00:00,64.6367,64.8304,64.3462,64.7336,65300
DHG,4/24/2017 00:00:00,64.6367,65.1693,64.3947,65.0725,22900
DHG,4/25/2017 00:00:00,65.3146,65.3146,64.8788,65.0725,17000
DHG,4/26/2017 00:00:00,65.0725,67.5902,64.8788,67.2997,211080
DHG,4/27/2017 00:00:00,68.1712,70.3984,68.1712,70.2047,235550
DHG,4/28/2017 00:00:00,70.4468,71.512,69.5269,70.2047,113420
DHG,5/3/2017 00:00:00,70.2047,70.2047,68.9943,69.9626,65920
DHG,5/4/2017 00:00:00,69.7145,70.4588,69.0199,69.9626,108910
DHG,5/5/2017 00:00:00,70.3596,70.5581,69.2183,69.4664,113270
DHG,5/8/2017 00:00:00,68.4741,69.4664,68.2756,68.3252,145860
DHG,5/9/2017 00:00:00,68.9206,68.9206,68.0771,68.4741,57440
DHG,5/10/2017 00:00:00,68.4741,69.268,68.2756,68.9702,71980
DHG,5/11/2017 00:00:00,69.2183,69.2183,68.2756,68.3748,71040
DHG,5/12/2017 00:00:00,68.3748,69.3176,67.9779,69.1687,94830
DHG,5/15/2017 00:00:00,69.7145,71.9474,69.7145,71.8978,208030
DHG,5/16/2017 00:00:00,72.0962,72.0962,70.955,71.2527,53740
DHG,5/17/2017 00:00:00,71.8978,74.4283,71.8481,73.9321,254850
DHG,5/18/2017 00:00:00,74.8253,75.4207,73.9321,74.4283,157820
DHG,5/19/2017 00:00:00,74.7757,74.7757,73.4359,73.6344,55370
DHG,5/22/2017 00:00:00,73.4359,74.1802,72.9398,74.0314,50310
DHG,5/23/2017 00:00:00,73.8825,75.3711,73.4856,75.3711,143830
DHG,5/24/2017 00:00:00,76.81,78.3978,76.0658,78.3482,194060
DHG,5/25/2017 00:00:00,78.6955,79.6383,77.9016,78.1994,220270
DHG,5/26/2017 00:00:00,82.6154,83.6574,80.7547,83.6574,469690
DHG,5/29/2017 00:00:00,87.8254,87.8254,84.5506,85.146,220100
DHG,5/30/2017 00:00:00,85.5181,85.5926,83.062,83.1364,248440
DHG,5/31/2017 00:00:00,83.3597,84.104,80.1593,80.3826,311050
DHG,6/1/2017 00:00:00,81.1269,82.0944,80.3826,80.7547,105930
DHG,6/2/2017 00:00:00,80.7547,84.625,80.7547,83.7319,249680
DHG,6/5/2017 00:00:00,85.5926,85.5926,83.2853,83.7319,215450
DHG,6/6/2017 00:00:00,83.7319,84.3273,83.5086,83.5086,88340
DHG,6/7/2017 00:00:00,84.0296,84.7739,83.3597,83.4342,155000
DHG,6/8/2017 00:00:00,84.104,89.2396,83.4342,89.2396,516370
DHG,6/9/2017 00:00:00,92.8866,95.4171,92.6633,95.1194,484600
DHG,6/12/2017 00:00:00,94.524,99.1385,91.919,92.6633,356720
DHG,6/13/2017 00:00:00,93.7797,94.3751,92.44,94.003,188080
DHG,6/14/2017 00:00:00,95.045,95.045,92.961,93.8541,153050
DHG,6/15/2017 00:00:00,93.8541,95.8637,93.7797,94.0774,284060
DHG,6/16/2017 00:00:00,94.0774,97.129,94.0774,96.0125,156210
DHG,6/19/2017 00:00:00,96.0125,96.3102,93.7797,94.1518,574070
DHG,6/20/2017 00:00:00,94.1518,96.3847,93.0354,95.2683,299510
DHG,6/21/2017 00:00:00,95.2683,96.7568,94.524,96.0125,394410
DHG,6/22/2017 00:00:00,96.6824,96.7568,93.8541,95.2683,358980
DHG,6/23/2017 00:00:00,95.1938,95.1938,93.4075,93.4075,421850
DHG,6/26/2017 00:00:00,93.7797,93.7797,89.314,89.314,579880
DHG,6/27/2017 00:00:00,89.314,93.0354,86.709,91.5468,413960
DHG,6/28/2017 00:00:00,91.919,93.4075,90.8026,92.44,197350
DHG,6/29/2017 00:00:00,92.6633,92.6633,91.5468,92.5144,116190
DHG,6/30/2017 00:00:00,92.5144,92.5888,91.919,92.5144,118360
DHG,7/3/2017 00:00:00,91.7701,93.1843,90.8026,90.8026,516590
DHG,7/4/2017 00:00:00,90.5793,91.1003,88.5697,89.9838,287730
DHG,7/5/2017 00:00:00,90.8026,91.1747,89.7606,90.6537,96340
DHG,7/6/2017 00:00:00,91.4724,91.6213,90.2071,90.7281,209320
DHG,7/7/2017 00:00:00,90.7281,90.877,89.3884,89.3884,217530
DHG,7/10/2017 00:00:00,89.314,89.314,86.3369,86.3369,413580
DHG,7/11/2017 00:00:00,84.6994,86.3369,80.3826,84.104,623110
DHG,7/12/2017 00:00:00,84.4762,85.8903,84.2529,85.5926,255920
DHG,7/13/2017 00:00:00,85.5926,86.4113,85.5181,86.4113,799020
DHG,7/14/2017 00:00:00,88.4209,91.5468,87.8254,90.4304,368620
DHG,7/17/2017 00:00:00,90.4304,90.7281,86.5601,87.23,217290
DHG,7/18/2017 00:00:00,87.0811,90.0583,85.7414,88.4209,281920
DHG,7/19/2017 00:00:00,88.4209,88.793,87.8254,88.5697,99250
DHG,7/20/2017 00:00:00,88.5697,89.0907,87.8254,87.8254,252040
DHG,7/21/2017 00:00:00,88.1976,88.1976,84.8483,84.8483,338190
DHG,7/24/2017 00:00:00,83.3597,87.23,82.4666,85.3693,338800
DHG,7/25/2017 00:00:00,84.9227,85.5926,84.1784,85.4437,168350
DHG,7/26/2017 00:00:00,85.5926,87.751,85.146,87.6766,280700
DHG,7/27/2017 00:00:00,87.6766,87.8254,86.0391,86.3369,129130
DHG,7/28/2017 00:00:00,86.3369,87.23,85.2204,86.188,69670
DHG,7/31/2017 00:00:00,86.3369,88.1976,84.8483,86.6346,354460
DHG,8/1/2017 00:00:00,87.0811,87.8254,86.3369,86.3369,160250
DHG,8/2/2017 00:00:00,85.5926,87.0811,85.5926,86.3369,276950
DHG,8/3/2017 00:00:00,86.6346,86.6346,84.8483,85.146,227970
DHG,8/4/2017 00:00:00,84.5506,84.8483,83.6574,84.6994,218420
DHG,8/7/2017 00:00:00,84.6994,84.8483,82.9876,83.5086,324750
DHG,8/8/2017 00:00:00,83.3597,83.5086,81.499,81.499,281050
DHG,8/9/2017 00:00:00,81.3502,84.104,79.6383,80.2337,328770
DHG,8/10/2017 00:00:00,81.8712,81.8712,80.6803,81.0524,98430
DHG,8/11/2017 00:00:00,81.8712,81.8712,80.3826,81.1269,48830
DHG,8/14/2017 00:00:00,81.1269,84.9971,80.7547,84.7739,368400
DHG,8/15/2017 00:00:00,85.5181,85.5181,83.7319,84.104,83340
DHG,8/16/2017 00:00:00,84.104,84.104,83.3597,83.4342,77980
DHG,8/17/2017 00:00:00,83.8063,84.6994,82.6154,82.6154,80380
DHG,8/18/2017 00:00:00,83.2853,83.2853,81.8712,81.8712,43050
DHG,8/21/2017 00:00:00,82.6154,83.2109,82.02,82.4666,84500
DHG,8/22/2017 00:00:00,82.4666,82.4666,81.3502,81.3502,75350
DHG,8/23/2017 00:00:00,81.1269,81.8712,80.7547,81.3502,42050
DHG,8/24/2017 00:00:00,82.6154,82.6154,81.4246,81.4246,65640
DHG,8/25/2017 00:00:00,82.4666,82.9132,81.6479,82.0944,66880
DHG,8/28/2017 00:00:00,82.2433,82.2433,81.1269,82.0944,84760
DHG,8/29/2017 00:00:00,81.7967,82.3922,81.1269,81.8712,66470
DHG,8/30/2017 00:00:00,82.02,82.2433,81.2013,81.4246,35760
DHG,8/31/2017 00:00:00,81.7223,81.7223,80.978,81.0524,62370
DHG,9/1/2017 00:00:00,81.7223,82.6154,81.0524,81.2757,79110
DHG,9/5/2017 00:00:00,81.1269,81.7223,80.3826,80.5314,89060
DHG,9/6/2017 00:00:00,80.5314,80.7547,78.8196,78.8196,170750
DHG,9/7/2017 00:00:00,78.6707,78.6707,77.1822,77.6287,127250
DHG,9/8/2017 00:00:00,79.4894,79.4894,77.852,78.5219,123690
DHG,9/11/2017 00:00:00,78.5219,80.7547,78.5219,79.2662,79360
DHG,9/12/2017 00:00:00,79.2662,79.2662,78.2242,78.894,94420
DHG,9/13/2017 00:00:00,79.936,80.3082,79.2662,80.3082,100390
DHG,9/14/2017 00:00:00,80.3826,80.978,80.2337,80.2337,63740
DHG,9/15/2017 00:00:00,81.0524,83.8063,80.2337,83.5086,306480
DHG,9/18/2017 00:00:00,84.2596,84.5599,82.9829,83.2833,158760
DHG,9/19/2017 00:00:00,83.3584,83.3584,81.8564,81.8564,80710
DHG,9/20/2017 00:00:00,82.2319,82.307,81.4809,81.6311,81640
DHG,9/21/2017 00:00:00,81.6311,81.8564,80.3545,80.5798,102060
DHG,9/22/2017 00:00:00,80.4296,80.5798,79.6035,79.8288,133150
DHG,9/25/2017 00:00:00,79.8288,81.8564,79.8288,81.3307,68760
DHG,9/26/2017 00:00:00,81.3307,82.2319,80.2794,81.1055,47040
DHG,9/27/2017 00:00:00,81.4809,81.4809,80.2043,80.3545,43990
DHG,9/28/2017 00:00:00,80.3545,80.3545,79.9039,79.979,64090
DHG,9/29/2017 00:00:00,79.6786,80.3545,79.6786,79.979,23160
DHG,10/2/2017 00:00:00,79.979,80.73,79.6786,79.6786,61410
DHG,10/3/2017 00:00:00,79.6786,80.3545,79.3782,79.6786,72360
DHG,10/4/2017 00:00:00,79.0027,80.2794,79.0027,79.6035,34020
DHG,10/5/2017 00:00:00,79.6035,79.979,79.3782,79.4533,31260
DHG,10/6/2017 00:00:00,79.228,79.4533,79.0778,79.0778,62110
DHG,10/9/2017 00:00:00,79.5284,79.5284,78.5521,78.5521,85100
DHG,10/10/2017 00:00:00,78.477,78.8525,78.1015,78.4019,94480
DHG,10/11/2017 00:00:00,78.7774,79.4533,78.477,79.0027,32350
DHG,10/12/2017 00:00:00,79.3782,81.8564,79.1529,80.4296,181960
DHG,10/13/2017 00:00:00,81.0304,81.0304,79.6035,79.6035,62060
DHG,10/16/2017 00:00:00,79.6035,83.3584,78.9276,82.9829,346030
DHG,10/17/2017 00:00:00,83.5837,86.2872,83.2833,84.8603,385150
DHG,10/18/2017 00:00:00,84.8603,85.2358,84.0343,84.0343,216230
DHG,10/19/2017 00:00:00,84.4848,87.8642,83.5837,87.4888,504930
DHG,10/20/2017 00:00:00,85.9117,89.2911,85.6113,85.7615,445310
DHG,10/23/2017 00:00:00,85.6113,85.6113,82.9829,83.809,212050
DHG,10/24/2017 00:00:00,82.6074,83.7339,80.3545,81.1055,254420
DHG,10/25/2017 00:00:00,80.3545,81.1055,79.4533,79.5284,196200
DHG,10/26/2017 00:00:00,78.9276,81.1055,78.9276,79.5284,141170
DHG,10/27/2017 00:00:00,79.6035,80.3545,79.4533,79.4533,111210
DHG,10/30/2017 00:00:00,79.4533,81.1055,78.5521,78.8525,193990
DHG,10/31/2017 00:00:00,78.8525,78.8525,75.0976,75.3229,396560
DHG,11/1/2017 00:00:00,75.0225,75.0225,70.1412,71.3428,614250
DHG,11/2/2017 00:00:00,68.3389,71.3428,67.5879,67.5879,309560
DHG,11/3/2017 00:00:00,67.5879,71.9435,67.5879,71.9435,169990
DHG,11/6/2017 00:00:00,73.5957,73.5957,71.9435,72.8447,182420
DHG,11/7/2017 00:00:00,72.7696,72.7696,71.3428,72.1688,123930
DHG,11/8/2017 00:00:00,72.6945,72.6945,71.9435,72.2439,105660
DHG,11/9/2017 00:00:00,72.9198,73.2202,72.4692,72.8447,141840
DHG,11/10/2017 00:00:00,73.07,73.07,71.7182,71.9435,213970
DHG,11/13/2017 00:00:00,72.0186,72.0186,70.1412,70.5918,676310
DHG,11/14/2017 00:00:00,70.9673,72.8447,70.9673,71.493,256070
DHG,11/15/2017 00:00:00,72.6945,75.0976,72.2439,74.7222,408510
DHG,11/16/2017 00:00:00,75.0976,77.9514,74.7222,77.0502,314830
DHG,11/17/2017 00:00:00,77.9514,77.9514,74.572,75.0976,251680
DHG,11/20/2017 00:00:00,75.0976,76.5996,73.5957,76.2992,222420
DHG,11/21/2017 00:00:00,76.2992,78.8525,76.2992,78.1015,487930
DHG,11/22/2017 00:00:00,77.0502,78.477,77.0502,78.2517,197750
DHG,11/23/2017 00:00:00,78.7023,79.979,77.7261,78.1015,360850
DHG,11/24/2017 00:00:00,78.477,78.8525,77.8012,78.7774,203080
DHG,11/27/2017 00:00:00,79.228,80.2794,78.7774,80.2794,134760
DHG,11/28/2017 00:00:00,80.2794,80.6549,78.1015,78.8525,182280
DHG,11/29/2017 00:00:00,78.8525,79.3782,76.9751,79.3782,221480
DHG,11/30/2017 00:00:00,79.4533,81.6311,79.4533,80.3545,342840
DHG,12/1/2017 00:00:00,82.2319,82.2319,80.3545,80.5047,164440
DHG,12/4/2017 00:00:00,81.7813,82.4572,80.73,82.3821,189000
DHG,12/5/2017 00:00:00,82.4572,82.4572,79.6035,79.6035,233980
DHG,12/6/2017 00:00:00,79.6035,79.979,78.1767,79.979,163490
DHG,12/7/2017 00:00:00,80.73,80.9553,79.8288,80.3545,70730
DHG,12/8/2017 00:00:00,81.0304,81.0304,79.6035,80.3545,59460
DHG,12/11/2017 00:00:00,79.6035,80.3545,79.0027,79.7537,198880
DHG,12/12/2017 00:00:00,79.7537,81.4809,79.3031,80.8802,483750
DHG,12/13/2017 00:00:00,81.7813,85.0105,81.7813,84.4848,661520
DHG,12/14/2017 00:00:00,85.6113,85.6864,84.4848,84.4848,268140
DHG,12/15/2017 00:00:00,84.4848,84.8603,82.9829,84.8603,189200
DHG,12/18/2017 00:00:00,84.8603,86.5876,84.4848,86.3623,307070
DHG,12/19/2017 00:00:00,86.9631,87.9393,85.9868,87.4888,431270
DHG,12/20/2017 00:00:00,87.4888,87.5639,84.9354,85.6113,211740
DHG,12/21/2017 00:00:00,85.6113,86.6627,85.2358,85.2358,165980
DHG,12/22/2017 00:00:00,85.2358,86.3623,83.7339,86.3623,320810
DHG,12/25/2017 00:00:00,85.6113,87.3386,85.6113,85.6113,169230
DHG,12/26/2017 00:00:00,86.5876,86.5876,85.2358,85.8366,132270
DHG,12/27/2017 00:00:00,85.9868,85.9868,84.3347,84.3347,170630
DHG,12/28/2017 00:00:00,84.9436,88.5209,84.8675,88.5209,688850
DHG,12/29/2017 00:00:00,88.6732,89.7388,87.1509,87.5315,280000
DHG,1/2/2018 00:00:00,86.3897,87.912,86.0092,87.5315,371870
DHG,1/3/2018 00:00:00,87.1509,87.912,87.0748,87.0748,445800
DHG,1/4/2018 00:00:00,86.7703,87.1509,86.0092,86.542,373480
DHG,1/5/2018 00:00:00,86.0092,86.4659,82.9646,83.0407,512310
DHG,1/8/2018 00:00:00,82.584,82.8885,80.5289,81.7468,429150
DHG,1/9/2018 00:00:00,81.5184,84.1063,81.5184,82.4318,477610
DHG,1/10/2018 00:00:00,83.7257,85.4764,82.584,83.3452,427590
DHG,1/11/2018 00:00:00,83.7257,83.7257,82.2035,83.3452,139270
DHG,1/12/2018 00:00:00,82.584,83.1929,82.2035,82.4318,180410
DHG,1/15/2018 00:00:00,82.2035,83.7257,81.899,83.7257,195130
DHG,1/16/2018 00:00:00,83.1929,84.4869,82.1273,82.8885,222240
DHG,1/17/2018 00:00:00,82.9646,82.9646,80.3006,80.6812,322600
DHG,1/18/2018 00:00:00,77.7888,80.5289,77.7127,78.4739,332450
DHG,1/19/2018 00:00:00,78.55,80.3006,78.55,79.3872,291080
DHG,1/22/2018 00:00:00,77.5605,78.7783,77.4082,77.6366,402700
DHG,1/25/2018 00:00:00,76.9516,77.256,75.3532,75.5054,1.01884e+006
DHG,1/26/2018 00:00:00,76.8755,78.3216,76.4949,77.4844,223730
DHG,1/29/2018 00:00:00,78.3216,78.7022,77.3321,77.4844,260500
DHG,1/30/2018 00:00:00,77.4844,77.5605,75.5054,75.6576,457830
DHG,1/31/2018 00:00:00,75.6576,76.3427,75.4293,75.7337,318060
DHG,2/1/2018 00:00:00,75.6576,75.8099,73.8309,74.0592,340830
DHG,2/2/2018 00:00:00,74.2114,74.2114,72.2325,72.4608,295390
DHG,2/5/2018 00:00:00,72.3086,73.0697,68.5029,68.5029,197820
DHG,2/6/2018 00:00:00,63.7077,68.5029,63.7077,66.2956,308790
DHG,2/7/2018 00:00:00,70.0252,70.8624,68.579,70.8624,126920
DHG,2/8/2018 00:00:00,71.5474,75.7337,71.1669,72.3086,194600
DHG,2/9/2018 00:00:00,72.3086,74.2114,69.4924,73.8309,112100
DHG,2/12/2018 00:00:00,74.8204,74.8204,73.0697,74.8204,88320
DHG,2/13/2018 00:00:00,75.1248,78.3977,74.8965,78.3977,189680
DHG,2/21/2018 00:00:00,79.235,81.0617,79.1589,80.5289,147660
DHG,2/22/2018 00:00:00,80.6812,80.6812,78.3977,79.1589,147210
DHG,2/23/2018 00:00:00,79.3111,79.92,78.7783,79.5395,133910
DHG,2/26/2018 00:00:00,79.0067,81.3662,79.0067,79.235,276350
DHG,2/27/2018 00:00:00,79.8439,81.0617,79.1589,80.3767,286630
DHG,2/28/2018 00:00:00,79.8439,80.6812,79.235,79.3872,140150
DHG,3/1/2018 00:00:00,79.92,80.5289,78.8544,79.92,110640
DHG,3/2/2018 00:00:00,79.92,79.92,78.7783,79.5395,183930
DHG,3/5/2018 00:00:00,79.8439,79.8439,76.1143,76.1143,224800
DHG,3/6/2018 00:00:00,76.4949,77.3321,75.886,75.9621,283590
DHG,3/7/2018 00:00:00,75.4293,75.7337,73.4503,73.4503,225350
DHG,3/8/2018 00:00:00,73.4503,74.8965,73.4503,73.8309,246250
DHG,3/9/2018 00:00:00,73.8309,73.8309,72.9936,72.9936,314010
DHG,3/12/2018 00:00:00,72.9936,75.3532,72.9936,75.1248,56990
DHG,3/13/2018 00:00:00,75.1248,75.1248,73.1459,75.1248,111210
DHG,3/14/2018 00:00:00,74.592,75.6576,74.592,74.9726,373210
DHG,3/15/2018 00:00:00,75.3532,78.0172,74.9726,76.8755,350300
DHG,3/16/2018 00:00:00,78.3216,79.9961,78.0172,79.1589,360330
DHG,3/19/2018 00:00:00,79.1589,81.214,79.1589,79.7678,377010
DHG,3/20/2018 00:00:00,78.7783,85.3241,78.7783,85.3241,634130
DHG,3/21/2018 00:00:00,86.3897,88.2926,81.4423,86.0092,548210
DHG,3/22/2018 00:00:00,86.3897,87.4553,82.9646,82.9646,288850
DHG,3/23/2018 00:00:00,79.92,87.5315,79.92,87.5315,887370
DHG,3/26/2018 00:00:00,88.5209,89.8149,88.2926,89.0537,426060
DHG,3/27/2018 00:00:00,89.6627,89.6627,86.9987,87.912,393450
DHG,3/28/2018 00:00:00,88.2165,88.4448,84.7152,85.5525,624970
DHG,3/29/2018 00:00:00,84.6391,86.0092,81.3662,82.2796,530590
DHG,3/30/2018 00:00:00,82.1273,86.3136,82.1273,84.4869,220400
DHG,4/2/2018 00:00:00,85.8569,86.6942,84.4869,85.1719,191270
DHG,4/3/2018 00:00:00,85.1719,88.1404,84.1824,86.7703,407200
DHG,4/4/2018 00:00:00,87.5315,88.2926,86.4659,86.7703,480080
DHG,4/5/2018 00:00:00,87.5315,88.2165,86.1614,87.3031,275240
DHG,4/6/2018 00:00:00,87.3031,87.3031,85.248,85.4764,265920
DHG,4/9/2018 00:00:00,84.9436,86.3897,82.9646,83.7257,480240
DHG,4/10/2018 00:00:00,83.7257,85.0958,82.7363,84.4869,373370
DHG,4/11/2018 00:00:00,85.6286,86.0092,83.7257,85.1719,435940
DHG,4/12/2018 00:00:00,85.248,86.0092,84.4869,85.4764,242800
DHG,4/13/2018 00:00:00,86.0092,86.6942,84.4869,86.1614,387880
DHG,4/16/2018 00:00:00,86.3897,86.6181,85.8569,86.1614,221500
DHG,4/17/2018 00:00:00,86.0092,86.1614,84.7913,85.9331,229880
DHG,4/18/2018 00:00:00,86.0095,86.9269,84.8627,84.8627,266010
DHG,4/19/2018 00:00:00,83.3337,84.8627,81.8046,83.3337,306420
DHG,4/20/2018 00:00:00,83.3337,84.0982,82.9514,83.3337,94290
DHG,4/23/2018 00:00:00,82.5691,84.4804,81.7281,81.7281,212910
DHG,4/24/2018 00:00:00,81.8046,81.8046,79.9697,80.6578,118240
DHG,4/26/2018 00:00:00,81.0401,81.0401,76.4529,76.7587,189750
DHG,4/27/2018 00:00:00,76.4529,77.5997,74.8474,76.4529,186670
DHG,5/2/2018 00:00:00,76.4529,76.4529,74.2358,75.6884,229850
DHG,5/3/2018 00:00:00,74.9238,75.6884,73.3948,74.618,216270
DHG,5/4/2018 00:00:00,74.5416,76.4529,74.5416,75.459,50650
DHG,5/7/2018 00:00:00,75.0767,79.5875,75.0767,77.982,86320
DHG,5/8/2018 00:00:00,78.67,80.5814,77.982,79.511,161380
DHG,5/9/2018 00:00:00,79.511,79.7404,76.4529,79.6639,109480
DHG,5/10/2018 00:00:00,79.511,79.8168,77.982,79.511,110610
DHG,5/11/2018 00:00:00,79.511,79.511,77.2174,79.511,49150
DHG,5/14/2018 00:00:00,80.2755,80.2755,79.1287,79.9697,46490
DHG,5/15/2018 00:00:00,80.1991,83.3337,80.1991,82.3398,100980
DHG,5/16/2018 00:00:00,82.5691,82.722,79.511,79.8933,53500
DHG,5/17/2018 00:00:00,79.8933,80.2755,78.8994,78.8994,44230
DHG,5/18/2018 00:00:00,77.5997,79.8933,77.5997,78.7465,178930
DHG,5/21/2018 00:00:00,80.2755,80.2755,79.1287,79.1287,119230
DHG,5/22/2018 00:00:00,78.8229,80.1226,73.6241,77.982,116210
DHG,5/23/2018 00:00:00,76.4529,79.511,76.4529,78.7465,90230
DHG,5/24/2018 00:00:00,78.7465,78.7465,76.9881,77.2174,73200
DHG,5/25/2018 00:00:00,77.2174,77.982,76.4529,76.4529,60860
DHG,5/28/2018 00:00:00,76.0706,77.2174,73.3948,73.3948,146930
DHG,5/29/2018 00:00:00,72.6302,78.5171,72.6302,77.2174,153430
DHG,5/30/2018 00:00:00,77.2174,77.829,75.8413,76.4529,56430
DHG,5/31/2018 00:00:00,75.6884,80.2755,75.6884,79.8933,166620
DHG,6/1/2018 00:00:00,78.7465,80.2755,78.7465,79.8933,160890
DHG,6/4/2018 00:00:00,82.2633,83.3337,80.5814,83.3337,209010
DHG,6/5/2018 00:00:00,84.0982,87.9208,83.7159,87.9208,377330
DHG,6/6/2018 00:00:00,86.3918,86.3918,84.0982,84.0982,342200
DHG,6/7/2018 00:00:00,83.3337,85.6272,81.8046,84.0982,441250
DHG,6/8/2018 00:00:00,84.0982,84.0982,82.9514,83.3337,252930
DHG,6/11/2018 00:00:00,82.5691,82.9514,82.1869,82.2633,64860
DHG,6/12/2018 00:00:00,82.2633,82.2633,77.2174,79.9697,210600
DHG,6/13/2018 00:00:00,80.2755,80.2755,78.3642,80.2755,70400
DHG,6/14/2018 00:00:00,80.2755,81.0401,79.7404,80.2755,69250
DHG,6/15/2018 00:00:00,79.511,80.2755,78.7465,80.1991,22210
DHG,6/18/2018 00:00:00,80.1991,80.1991,77.5997,78.7465,89950
DHG,6/19/2018 00:00:00,78.7465,78.7465,74.9238,76.4529,225330
DHG,6/20/2018 00:00:00,76.4529,78.67,76.3764,77.5997,109510
DHG,6/21/2018 00:00:00,77.6761,79.0523,76.3,76.4529,315830
DHG,6/22/2018 00:00:00,76.4529,81.0401,76.4529,79.9697,298920
DHG,6/25/2018 00:00:00,79.8933,81.7281,78.8229,79.8933,92230
DHG,6/26/2018 00:00:00,79.511,79.8933,77.982,79.511,47270
DHG,6/27/2018 00:00:00,78.0584,79.1287,78.0584,79.1287,143750
DHG,6/28/2018 00:00:00,76.4529,78.8994,76.3764,77.982,275810
DHG,6/29/2018 00:00:00,78.3642,78.3642,76.8352,77.982,129130
DHG,7/2/2018 00:00:00,77.982,77.982,74.9238,76.4529,133980
DHG,7/3/2018 00:00:00,76.4529,77.5997,74.9238,75.0767,154540
DHG,7/4/2018 00:00:00,75.0767,77.0645,75.0767,76.3764,630930
DHG,7/5/2018 00:00:00,78.7465,81.6517,78.7465,80.4284,681290
DHG,7/6/2018 00:00:00,80.4284,81.0401,79.511,79.511,198490
DHG,7/9/2018 00:00:00,78.1349,78.7465,75.6884,75.7648,181800
DHG,7/10/2018 00:00:00,76.4529,77.829,75.9177,77.141,95360
DHG,7/11/2018 00:00:00,77.141,77.141,75.1532,75.6884,319240
DHG,7/12/2018 00:00:00,75.459,76.4529,75.0767,76.4529,69960
DHG,7/13/2018 00:00:00,76.6058,76.8352,75.6119,76.2235,156490
DHG,7/16/2018 00:00:00,78.2878,78.3642,77.2174,77.829,291540
DHG,7/17/2018 00:00:00,77.5997,79.1287,76.8352,78.3642,90850
DHG,7/18/2018 00:00:00,78.3642,78.7465,77.3703,77.982,127920
DHG,7/19/2018 00:00:00,77.982,79.4346,77.5997,78.3642,377100
DHG,7/20/2018 00:00:00,77.982,78.3642,76.4529,76.6058,155310
DHG,7/23/2018 00:00:00,76.0706,77.141,75.6884,76.4529,174830
DHG,7/24/2018 00:00:00,75.9177,76.4529,75.3061,75.6884,152850
DHG,7/25/2018 00:00:00,75.6884,76.8352,75.6884,75.6884,138720
DHG,7/26/2018 00:00:00,76.4529,76.8352,75.8413,75.8413,93460
DHG,7/27/2018 00:00:00,75.8413,76.5294,75.8413,76.3,92550
DHG,7/30/2018 00:00:00,77.0723,77.6128,76.8406,77.2267,192230
DHG,7/31/2018 00:00:00,77.2267,77.9218,77.2267,77.5356,151180
DHG,8/1/2018 00:00:00,77.6128,77.6128,76.6089,76.7634,161110
DHG,8/2/2018 00:00:00,77.1495,77.2267,75.7594,76.7634,134880
DHG,8/3/2018 00:00:00,76.995,77.6128,76.995,77.2267,213860
DHG,8/6/2018 00:00:00,77.3039,79.3891,77.3039,78.7712,328950
DHG,8/7/2018 00:00:00,77.6901,79.1574,77.6901,78.7712,260720
DHG,8/8/2018 00:00:00,79.3891,79.3891,78.6168,78.7712,376330
DHG,8/9/2018 00:00:00,79.1574,79.4663,77.2267,77.5356,384400
DHG,8/10/2018 00:00:00,77.999,79.3118,77.3039,79.1574,270210
DHG,8/13/2018 00:00:00,79.3891,82.6326,78.7712,82.6326,235740
DHG,8/14/2018 00:00:00,82.6326,83.4048,81.4742,81.5514,135560
DHG,8/15/2018 00:00:00,81.5514,81.5514,79.1574,79.9296,99230
DHG,8/16/2018 00:00:00,78.3851,78.7712,77.6128,78.7712,60120
DHG,8/17/2018 00:00:00,78.7712,79.3891,76.8406,76.8406,101420
DHG,8/20/2018 00:00:00,76.8406,76.8406,74.1376,74.1376,432940
DHG,8/21/2018 00:00:00,73.3654,74.1376,71.7436,74.1376,401520
DHG,8/22/2018 00:00:00,74.9099,75.2188,74.5238,74.8327,186800
DHG,8/23/2018 00:00:00,74.5238,74.601,73.9832,74.1376,146570
DHG,8/24/2018 00:00:00,73.906,74.1376,73.2109,74.1376,174220
DHG,8/27/2018 00:00:00,74.1376,74.1376,72.4387,72.4387,221890
DHG,8/28/2018 00:00:00,72.5931,72.5931,71.4347,71.5892,238860
DHG,8/29/2018 00:00:00,71.8208,71.8208,70.508,70.6624,245480
DHG,8/30/2018 00:00:00,70.6624,71.5119,70.508,71.2803,360620
DHG,8/31/2018 00:00:00,72.4387,72.4387,71.2803,71.2803,166350
DHG,9/4/2018 00:00:00,71.7436,72.5159,71.203,71.5892,339340
DHG,9/5/2018 00:00:00,71.5892,71.5892,70.4308,70.7397,250890
DHG,9/6/2018 00:00:00,70.7397,71.0486,70.2763,70.5852,144820
DHG,9/7/2018 00:00:00,70.8169,71.1258,70.5852,71.0486,191870
DHG,9/10/2018 00:00:00,71.0486,71.0486,70.6624,70.9713,163480
DHG,9/11/2018 00:00:00,70.6624,71.4347,70.6624,71.1258,128150
DHG,9/12/2018 00:00:00,71.4347,72.0525,71.0486,71.0486,130450
DHG,9/13/2018 00:00:00,71.0486,72.5931,71.0486,71.9753,356780
DHG,9/14/2018 00:00:00,72.0525,72.5931,71.3575,71.4347,214610
DHG,9/17/2018 00:00:00,71.4347,72.902,71.1258,72.5931,239330
DHG,9/18/2018 00:00:00,72.5159,72.8248,71.5119,72.6703,344140
DHG,9/19/2018 00:00:00,72.9792,73.7515,72.6703,73.5971,390610
DHG,9/20/2018 00:00:00,73.3654,74.9099,73.3654,74.9099,216290
DHG,9/21/2018 00:00:00,74.9099,75.2188,73.4426,74.8327,363560
DHG,9/24/2018 00:00:00,74.2921,74.7555,74.2921,74.5238,217880
DHG,9/25/2018 00:00:00,74.3693,75.0644,73.5971,74.9099,338900
DHG,9/26/2018 00:00:00,74.3693,76.4544,74.3693,76.4544,335060
DHG,9/27/2018 00:00:00,76.9178,77.999,75.8366,77.999,466990
DHG,9/28/2018 00:00:00,77.999,77.999,76.995,77.2267,184130
DHG,10/1/2018 00:00:00,76.9178,77.2267,74.8327,77.2267,567870
DHG,10/2/2018 00:00:00,75.7594,77.2267,74.9099,74.9099,259730
DHG,10/3/2018 00:00:00,74.9099,75.6049,74.4465,74.9099,163570
DHG,10/4/2018 00:00:00,74.9099,74.9099,72.5931,72.5931,167410
DHG,10/5/2018 00:00:00,72.5931,73.4426,72.4387,72.5931,180180
DHG,10/8/2018 00:00:00,72.2842,73.3654,72.2842,72.4387,79690
DHG,10/9/2018 00:00:00,72.207,72.207,70.6624,70.6624,457530
DHG,10/10/2018 00:00:00,70.6624,71.5892,70.6624,71.0486,89600
DHG,10/11/2018 00:00:00,70.2763,70.2763,68.4229,69.2724,147750
DHG,10/12/2018 00:00:00,67.3417,70.8941,67.3417,70.8941,143180
DHG,10/15/2018 00:00:00,71.0486,71.1258,69.504,70.6624,101730
DHG,10/16/2018 00:00:00,70.6624,71.0486,70.4308,70.5852,45590
DHG,10/17/2018 00:00:00,70.5852,71.0486,70.2763,70.2763,95080
DHG,10/18/2018 00:00:00,70.4308,70.4308,69.504,69.504,56970
DHG,10/19/2018 00:00:00,69.1179,69.8902,68.0367,68.0367,101900
DHG,10/22/2018 00:00:00,67.5734,68.3456,67.5734,68.1912,73940
DHG,10/23/2018 00:00:00,68.7318,68.7318,67.1872,67.3417,36960
DHG,10/24/2018 00:00:00,68.3456,68.3456,67.1872,67.1872,42270
DHG,10/25/2018 00:00:00,65.7199,66.415,65.2566,65.7972,62280
DHG,10/26/2018 00:00:00,66.415,67.0328,65.411,65.7199,63080
DHG,10/29/2018 00:00:00,65.6427,65.7199,63.4031,64.716,76330
DHG,10/30/2018 00:00:00,64.716,64.8704,64.4071,64.6388,50000
DHG,10/31/2018 00:00:00,64.6388,65.6427,64.6388,64.8704,49160
DHG,11/1/2018 00:00:00,64.8704,65.6427,64.2526,64.716,35970
DHG,11/2/2018 00:00:00,64.716,65.4883,64.6388,64.716,145090
DHG,11/5/2018 00:00:00,64.0982,64.0982,63.7893,64.0982,65270
DHG,11/6/2018 00:00:00,64.0982,66.415,64.0982,65.6427,253740
DHG,11/7/2018 00:00:00,65.6427,65.6427,64.0982,64.8704,149960
DHG,11/8/2018 00:00:00,64.0982,66.2605,64.0982,65.9516,182360
DHG,11/9/2018 00:00:00,65.6427,66.415,64.7932,65.4883,119420
DHG,11/12/2018 00:00:00,65.2566,65.4883,64.4843,65.411,54780
DHG,11/13/2018 00:00:00,63.3259,64.3298,63.3259,63.3259,108540
DHG,11/14/2018 00:00:00,63.4031,64.0982,63.3259,63.6348,92660
DHG,11/15/2018 00:00:00,63.6348,64.0209,63.0942,63.5576,47700
DHG,11/16/2018 00:00:00,63.5576,63.712,63.017,63.5576,83630
DHG,11/19/2018 00:00:00,63.5576,64.5615,63.4804,64.1754,70030
DHG,11/20/2018 00:00:00,63.8665,65.6427,63.8665,65.2566,91970
DHG,11/21/2018 00:00:00,65.2566,65.2566,64.4843,65.2566,47700
DHG,11/22/2018 00:00:00,65.2566,66.3377,65.2566,65.7972,157080
DHG,11/23/2018 00:00:00,65.7972,65.7972,64.6388,64.8704,71810
DHG,11/26/2018 00:00:00,65.6427,65.6427,64.6388,64.8704,25610
DHG,11/27/2018 00:00:00,64.8704,64.8704,63.4804,63.7893,100430
DHG,11/28/2018 00:00:00,64.0209,64.0209,63.3259,63.6348,47270
DHG,11/29/2018 00:00:00,64.1754,64.5615,63.0942,63.712,119630
DHG,11/30/2018 00:00:00,62.8625,63.712,62.5536,63.3259,57690
DHG,12/3/2018 00:00:00,63.3259,64.5615,63.3259,64.4843,165620
DHG,12/4/2018 00:00:00,65.1793,65.3338,64.4843,64.716,205210
DHG,12/5/2018 00:00:00,64.2526,64.8704,64.0982,64.8704,69670
DHG,12/6/2018 00:00:00,64.8704,65.3338,64.4843,64.7932,95310
DHG,12/7/2018 00:00:00,64.8704,65.411,64.8704,65.2566,118540
DHG,12/10/2018 00:00:00,64.8704,65.2566,64.716,64.8704,80510
DHG,12/11/2018 00:00:00,64.1754,64.8704,63.3259,63.5576,149090
DHG,12/12/2018 00:00:00,64.0209,64.0982,63.712,63.9437,61540
DHG,12/13/2018 00:00:00,64.0209,64.0982,63.6348,63.712,135940
DHG,12/14/2018 00:00:00,63.9437,64.0982,63.5576,63.712,102580
DHG,12/17/2018 00:00:00,63.712,64.5615,63.5576,64.2526,97690
DHG,12/18/2018 00:00:00,64.0982,64.0982,63.4031,63.6348,64590
DHG,12/19/2018 00:00:00,63.6348,63.9437,62.5536,63.0942,175620
DHG,12/20/2018 00:00:00,62.6309,63.3259,61.9358,62.1675,143150
DHG,12/21/2018 00:00:00,60.3141,61.7814,60.3141,61.7814,90950
DHG,12/24/2018 00:00:00,61.7814,61.7814,60.623,60.623,53390
DHG,12/25/2018 00:00:00,56.4527,60.2368,56.4527,59.9279,100820
DHG,12/26/2018 00:00:00,59.9279,59.9279,58.4606,58.4606,85160
DHG,12/27/2018 00:00:00,58.4606,59.2329,58.4606,58.5378,109780
DHG,12/28/2018 00:00:00,59.0012,61.0091,58.3062,61.0091,74670
DHG,1/2/2019 00:00:00,60.2368,60.8546,58.8468,58.8468,46610
DHG,1/3/2019 00:00:00,58.6923,58.8468,56.7616,56.7616,183400
DHG,1/4/2019 00:00:00,56.7616,56.9933,56.1438,56.7616,53830
DHG,1/7/2019 00:00:00,56.7616,58.1517,56.7616,57.92,70990
DHG,1/8/2019 00:00:00,58.6923,58.6923,57.5339,57.7656,75610
DHG,1/9/2019 00:00:00,58.2289,58.7695,57.92,58.3062,103150
DHG,1/10/2019 00:00:00,57.92,60.4685,57.92,59.8507,82280
DHG,1/11/2019 00:00:00,60.623,61.9358,58.6923,61.7041,139310
DHG,1/14/2019 00:00:00,61.7814,63.3259,60.2368,62.5536,211030
DHG,1/15/2019 00:00:00,62.2447,63.3259,61.7814,62.5536,101570
DHG,1/16/2019 00:00:00,62.7081,63.4804,62.5536,63.4031,102050
DHG,1/17/2019 00:00:00,62.1675,64.4843,62.1675,63.7893,117620
DHG,1/18/2019 00:00:00,63.7893,64.716,63.712,64.5615,76910
DHG,1/21/2019 00:00:00,64.5615,65.1021,64.0982,65.1021,96600
DHG,1/22/2019 00:00:00,65.1021,65.6427,64.0982,65.3338,105950
DHG,1/23/2019 00:00:00,64.5615,66.1061,64.5615,64.716,135070
DHG,1/24/2019 00:00:00,64.5615,65.0249,64.5615,64.8704,29390
DHG,1/25/2019 00:00:00,64.4843,65.6427,64.4843,65.5655,64480
DHG,1/28/2019 00:00:00,65.5655,65.5655,64.4843,64.716,49110
DHG,1/29/2019 00:00:00,65.2566,65.2566,64.3298,64.716,58520
DHG,1/30/2019 00:00:00,64.8704,65.1793,64.5615,64.8704,15690
DHG,1/31/2019 00:00:00,64.8704,65.6427,64.8704,65.6427,26930
DHG,2/1/2019 00:00:00,65.6427,65.7199,64.716,65.7199,44490
DHG,2/11/2019 00:00:00,65.7199,65.9516,65.1793,65.6427,20660
DHG,2/12/2019 00:00:00,66.0288,66.0288,65.6427,65.8744,51990
DHG,2/13/2019 00:00:00,65.9516,66.4922,65.7972,66.4922,96080
DHG,2/14/2019 00:00:00,67.1872,68.5773,67.1872,68.5773,167680
DHG,2/15/2019 00:00:00,67.9595,71.8208,67.9595,71.8208,446610
DHG,2/18/2019 00:00:00,72.9792,74.9099,70.1219,74.9099,982670
DHG,2/19/2019 00:00:00,74.9099,75.6822,72.5931,75.6822,883330
DHG,2/20/2019 00:00:00,74.9099,74.9099,73.2109,74.2921,341930
DHG,2/21/2019 00:00:00,73.7515,75.296,72.5931,75.296,557900
DHG,2/22/2019 00:00:00,74.2149,78.7712,74.2149,78.7712,601580
DHG,2/25/2019 00:00:00,79.5435,84.2543,79.0029,84.2543,1.43057e+006
DHG,2/26/2019 00:00:00,84.3316,88.4246,84.3316,86.4167,596640
DHG,2/27/2019 00:00:00,86.4939,89.6602,86.4939,89.583,849530
DHG,2/28/2019 00:00:00,89.8919,91.6681,88.1157,91.5136,1.16973e+006
DHG,3/1/2019 00:00:00,89.583,91.8998,89.583,91.8998,503080
DHG,3/4/2019 00:00:00,91.1275,92.1315,91.1275,91.8998,295810
DHG,3/5/2019 00:00:00,91.8998,92.1315,91.2047,91.5909,245400
DHG,3/6/2019 00:00:00,91.5136,92.3631,91.5136,91.8998,278020
DHG,3/7/2019 00:00:00,91.8998,92.3631,91.8998,91.8998,405240
DHG,3/8/2019 00:00:00,92.0542,92.2087,91.8998,91.8998,208810
DHG,3/11/2019 00:00:00,91.977,92.1315,91.8226,91.977,454340
DHG,3/12/2019 00:00:00,91.977,92.1315,90.5869,91.5136,276840
DHG,3/13/2019 00:00:00,92.0635,92.2992,91.8279,91.9064,75180
DHG,3/14/2019 00:00:00,91.9064,91.9064,91.1209,91.6708,412000
DHG,3/15/2019 00:00:00,91.6708,92.1421,91.4351,91.5922,298800
DHG,3/18/2019 00:00:00,91.5922,92.1421,91.5922,91.985,246440
DHG,3/19/2019 00:00:00,91.9064,91.985,91.8279,91.9064,259680
DHG,3/20/2019 00:00:00,91.8279,92.2992,91.8279,92.0635,232530
DHG,3/21/2019 00:00:00,92.6919,93.4775,92.2206,92.9276,45590
DHG,3/22/2019 00:00:00,93.4775,93.4775,91.1209,93.3989,62100
DHG,3/25/2019 00:00:00,93.3989,93.4775,92.0635,93.3204,67520
DHG,3/26/2019 00:00:00,93.3204,93.3204,92.1421,92.6919,21020
DHG,3/27/2019 00:00:00,92.6134,92.9276,92.3777,92.6919,87730
DHG,3/28/2019 00:00:00,92.4563,93.0847,92.4563,92.849,24680
DHG,3/29/2019 00:00:00,92.6919,93.0847,92.5348,92.9276,34530
DHG,4/1/2019 00:00:00,92.9276,92.9276,92.2992,92.6919,37430
DHG,4/2/2019 00:00:00,92.6919,92.9276,92.2992,92.9276,35570
DHG,4/3/2019 00:00:00,93.0847,93.0847,92.2992,92.9276,33170
DHG,4/4/2019 00:00:00,92.6919,95.0485,92.6919,94.263,191570
DHG,4/5/2019 00:00:00,94.263,94.263,92.6919,93.4775,23470
DHG,4/8/2019 00:00:00,93.4775,93.4775,91.985,93.0061,12500
DHG,4/9/2019 00:00:00,93.0061,93.0061,92.2992,92.2992,32910
DHG,4/10/2019 00:00:00,92.0635,93.0847,92.0635,92.2992,20270
DHG,4/11/2019 00:00:00,92.4563,93.0847,88.3716,91.5136,56880
DHG,4/12/2019 00:00:00,91.5136,91.5136,90.2568,91.1209,4770
DHG,4/16/2019 00:00:00,90.3354,90.3354,87.1933,89.4713,21670
DHG,4/17/2019 00:00:00,88.7643,89.5498,87.9788,89.4713,4030
DHG,4/18/2019 00:00:00,89.5498,89.8641,87.586,87.586,14830
DHG,4/19/2019 00:00:00,87.586,87.9788,85.6222,87.9788,69490
DHG,4/22/2019 00:00:00,86.4077,93.1633,86.4077,88.3716,17420
DHG,4/23/2019 00:00:00,88.3716,90.2568,86.015,89.5498,104300
DHG,4/24/2019 00:00:00,89.8641,89.9426,88.0573,88.5287,16990
DHG,4/25/2019 00:00:00,87.9788,89.9426,86.8005,88.7643,55380
DHG,4/26/2019 00:00:00,87.9788,91.1209,87.9788,91.0423,12730
DHG,5/2/2019 00:00:00,89.5498,93.0847,88.7643,93.0847,30700
DHG,5/3/2019 00:00:00,91.9064,92.6919,91.1994,91.5922,8630
DHG,5/6/2019 00:00:00,91.5922,92.5348,91.5922,92.5348,8670
DHG,5/7/2019 00:00:00,92.5348,92.5348,91.1209,91.5136,24620
DHG,5/8/2019 00:00:00,90.8067,93.0847,90.0997,90.0997,84170
DHG,5/9/2019 00:00:00,88.8429,92.6919,88.8429,91.9064,32320
DHG,5/10/2019 00:00:00,91.9064,92.9276,91.1209,92.6919,34750
DHG,5/13/2019 00:00:00,93.0847,93.0847,91.9064,92.0635,11490
DHG,5/14/2019 00:00:00,92.0635,92.6919,91.1209,92.2992,10180
DHG,5/15/2019 00:00:00,92.2992,92.2992,91.1209,91.1994,13650
DHG,5/16/2019 00:00:00,88.7643,92.6919,88.7643,91.1994,12330
DHG,5/17/2019 00:00:00,90.1783,91.8279,90.1783,90.3354,6800
DHG,5/20/2019 00:00:00,90.3354,91.6708,89.9426,89.9426,19220
DHG,5/21/2019 00:00:00,89.9426,91.5136,89.5498,90.8852,25210
DHG,5/22/2019 00:00:00,90.4139,91.1209,90.4139,91.0423,6030
DHG,5/23/2019 00:00:00,91.5136,91.9064,88.7643,89.5498,27880
DHG,5/24/2019 00:00:00,90.3354,91.3565,88.7643,91.1994,12440
DHG,5/27/2019 00:00:00,91.9064,91.9064,91.1994,91.1994,1050
DHG,5/28/2019 00:00:00,90.4139,91.1994,89.3927,91.0423,4060
DHG,5/29/2019 00:00:00,91.5136,91.5136,89.1571,89.9426,6530
DHG,5/30/2019 00:00:00,90.4925,91.1209,89.5498,90.7281,5520
DHG,5/31/2019 00:00:00,90.7281,91.1994,89.5498,90.7281,8510
DHG,6/3/2019 00:00:00,90.3354,91.0423,88.7643,88.9214,11140
DHG,6/4/2019 00:00:00,89.5498,89.5498,88.3716,89,14710
DHG,6/5/2019 00:00:00,88.9214,90.3354,87.8217,89.9426,2540
DHG,6/6/2019 00:00:00,90.2568,90.6496,88.3716,90.2568,9850
DHG,6/7/2019 00:00:00,88.7643,90.9638,88.7643,90.2568,9590
DHG,6/10/2019 00:00:00,90.2568,90.3354,88.0573,89.3927,26390
DHG,6/11/2019 00:00:00,89.3927,89.7069,89.3927,89.4713,10050
DHG,6/12/2019 00:00:00,88.7643,88.8429,87.8217,87.9788,20490
DHG,6/13/2019 00:00:00,88.7643,88.7643,85.7793,85.7793,20210
DHG,6/14/2019 00:00:00,83.2656,85.7793,83.1085,83.737,11740
DHG,6/17/2019 00:00:00,83.737,84.8367,81.5375,81.9302,17860
DHG,6/18/2019 00:00:00,81.9302,81.9302,78.0812,79.7308,35200
DHG,6/19/2019 00:00:00,79.7308,83.4227,79.338,79.7308,12850
DHG,6/20/2019 00:00:00,78.5525,81.616,78.5525,79.7308,18450
DHG,6/21/2019 00:00:00,81.1447,81.3018,80.8305,81.3018,9010
DHG,6/24/2019 00:00:00,80.9091,82.0874,80.9091,82.0874,16300
DHG,6/25/2019 00:00:00,81.0662,82.7943,81.0662,82.4801,17640
DHG,6/26/2019 00:00:00,82.4801,83.6584,82.4801,83.4227,7050
DHG,6/27/2019 00:00:00,83.4227,85.6222,83.4227,84.8367,16050
DHG,6/28/2019 00:00:00,85.8579,85.8579,78.9453,85.6222,17610
DHG,7/1/2019 00:00:00,85.7008,85.7793,82.6372,82.6372,17220
DHG,7/2/2019 00:00:00,86.0311,86.11,83.6633,83.7422,18350
DHG,7/3/2019 00:00:00,83.7422,85.2418,82.5583,82.9529,6450
DHG,7/4/2019 00:00:00,82.9529,84.8472,82.1637,84.8472,11180
DHG,7/5/2019 00:00:00,84.7683,84.7683,82.874,83.2686,14180
DHG,7/8/2019 00:00:00,84.3736,84.3736,82.4794,82.6372,39370
DHG,7/9/2019 00:00:00,82.6372,83.5054,82.0847,83.0319,24010
DHG,7/10/2019 00:00:00,83.0319,83.6633,82.874,82.874,3320
DHG,7/11/2019 00:00:00,82.874,83.6633,82.874,83.0319,9410
DHG,7/12/2019 00:00:00,84.3736,84.3736,82.0847,82.1637,18060
DHG,7/15/2019 00:00:00,82.1637,82.1637,81.2954,82.1637,8140
DHG,7/16/2019 00:00:00,82.1637,82.1637,80.4272,80.9008,22140
DHG,7/17/2019 00:00:00,80.9008,81.2954,80.1115,80.9008,37480
DHG,7/18/2019 00:00:00,80.2694,80.9008,78.9276,78.9276,30450
DHG,7/19/2019 00:00:00,78.9276,81.2954,78.9276,80.9008,32240
DHG,7/22/2019 00:00:00,80.9008,82.4004,80.1905,80.3483,50290
DHG,7/23/2019 00:00:00,80.3483,80.9008,80.1905,80.1905,15630
DHG,7/24/2019 00:00:00,80.1905,80.3483,79.3223,80.1115,10020
DHG,7/25/2019 00:00:00,80.743,80.743,79.7169,80.1115,13540
DHG,7/26/2019 00:00:00,80.5851,80.5851,79.7169,80.1115,17450
DHG,7/29/2019 00:00:00,79.7169,80.1115,79.3223,79.4012,18620
DHG,7/30/2019 00:00:00,79.638,79.638,78.6119,78.8487,20510
DHG,7/31/2019 00:00:00,78.8487,79.0855,77.9016,78.1383,32870
DHG,8/1/2019 00:00:00,78.2962,78.2962,76.1652,76.1652,63170
DHG,8/2/2019 00:00:00,76.0862,76.5598,74.9023,74.9812,79060
DHG,8/5/2019 00:00:00,74.9812,76.5598,74.9812,76.5598,15130
DHG,8/6/2019 00:00:00,76.5598,76.5598,74.9812,75.0602,10760
DHG,8/7/2019 00:00:00,74.6655,75.7705,74.192,75.5337,26260
DHG,8/8/2019 00:00:00,73.8763,75.7705,73.8763,75.4548,46850
DHG,8/9/2019 00:00:00,76.5598,77.3491,75.7705,76.5598,75130
DHG,8/12/2019 00:00:00,76.9544,76.9544,75.7705,75.7705,37130
DHG,8/13/2019 00:00:00,74.192,77.1123,73.4027,74.192,36380
DHG,8/14/2019 00:00:00,74.192,74.5866,74.0341,74.3498,28500
DHG,8/15/2019 00:00:00,74.0341,74.9812,73.2448,74.9812,10230
DHG,8/16/2019 00:00:00,75.3759,75.3759,73.008,74.192,16330
DHG,8/19/2019 00:00:00,73.8763,75.3759,73.8763,75.3759,19310
DHG,8/20/2019 00:00:00,75.6127,75.6127,74.192,75.3759,5200
DHG,8/21/2019 00:00:00,75.3759,75.3759,74.4287,74.5077,15570
DHG,8/22/2019 00:00:00,74.192,74.5866,74.192,74.5866,15180
DHG,8/23/2019 00:00:00,74.5866,74.5866,74.113,74.192,7110
DHG,8/26/2019 00:00:00,73.7973,73.7973,72.9291,73.5605,12000
DHG,8/27/2019 00:00:00,73.4027,73.7973,73.4027,73.6395,2920
DHG,8/28/2019 00:00:00,74.5077,74.5866,73.4027,73.5605,4550
DHG,8/29/2019 00:00:00,73.4027,73.4027,72.6134,72.6134,9000
DHG,8/30/2019 00:00:00,72.6923,73.7973,72.6134,73.7973,7170
DHG,9/3/2019 00:00:00,73.7973,73.7973,73.008,73.087,4110
DHG,9/4/2019 00:00:00,73.087,75.3759,73.008,75.3759,21000
DHG,9/5/2019 00:00:00,75.3759,75.3759,73.7973,73.7973,4350
DHG,9/6/2019 00:00:00,73.7973,73.7973,73.4027,73.4816,3270
DHG,9/9/2019 00:00:00,73.4816,73.4816,72.6923,73.008,7950
DHG,9/10/2019 00:00:00,72.6923,73.4027,71.4295,71.8241,33540
DHG,9/11/2019 00:00:00,71.8241,72.6134,70.877,70.9559,12450
DHG,9/12/2019 00:00:00,70.9559,71.8241,70.9559,70.9559,10050
DHG,9/13/2019 00:00:00,71.0349,72.6134,71.0349,72.3766,3940
DHG,9/16/2019 00:00:00,72.4556,72.4556,71.8241,72.0609,5260
DHG,9/17/2019 00:00:00,71.1138,71.982,71.1138,71.982,4260
DHG,9/18/2019 00:00:00,71.982,71.982,71.4295,71.8241,2280
DHG,9/19/2019 00:00:00,71.982,71.982,71.6663,71.8241,3140
DHG,9/20/2019 00:00:00,72.2188,72.2188,71.982,71.982,2880
DHG,9/23/2019 00:00:00,71.8241,72.0609,71.4295,72.0609,3720
DHG,9/24/2019 00:00:00,71.8241,72.5345,71.8241,72.1398,2300
DHG,9/25/2019 00:00:00,72.1398,72.2188,71.8241,72.1398,4490
DHG,9/26/2019 00:00:00,72.2188,72.6134,72.1398,72.5345,8860
DHG,9/27/2019 00:00:00,72.6134,73.7973,72.6134,73.7973,12030
DHG,9/30/2019 00:00:00,74.8234,74.8234,73.7973,74.0341,6060
DHG,10/1/2019 00:00:00,74.0341,74.192,73.4027,74.192,6470
DHG,10/2/2019 00:00:00,73.8763,73.8763,72.6134,73.4027,8320
DHG,10/3/2019 00:00:00,73.4027,73.4027,71.8241,73.008,10970
DHG,10/4/2019 00:00:00,72.2977,72.6134,72.2977,72.4556,2210
DHG,10/7/2019 00:00:00,72.6134,73.2448,71.4295,72.4556,12050
DHG,10/8/2019 00:00:00,72.3766,72.6134,71.8241,72.2188,5380
DHG,10/9/2019 00:00:00,72.2188,72.2188,71.7452,72.1398,4880
DHG,10/10/2019 00:00:00,71.8241,72.2188,71.5084,71.8241,5700
DHG,10/11/2019 00:00:00,71.8241,72.5345,71.8241,72.5345,1860
DHG,10/14/2019 00:00:00,72.6134,73.4027,72.5345,73.4027,13110
DHG,10/15/2019 00:00:00,73.4027,73.4027,72.4556,72.4556,7310
DHG,10/16/2019 00:00:00,72.6134,73.7973,71.9031,72.6134,50900
DHG,10/17/2019 00:00:00,73.2448,73.2448,72.2188,72.2188,1260
DHG,10/18/2019 00:00:00,72.5345,74.0341,72.5345,73.7973,14890
DHG,10/21/2019 00:00:00,73.4027,73.4027,72.5345,72.6134,8520
DHG,10/22/2019 00:00:00,72.4556,77.3491,71.982,74.192,18200
DHG,10/23/2019 00:00:00,72.2188,74.192,72.2188,73.9552,12660
DHG,10/24/2019 00:00:00,73.4027,73.9552,73.4027,73.7973,2620
DHG,10/25/2019 00:00:00,73.7973,73.7973,72.6134,72.7713,1710
DHG,10/28/2019 00:00:00,72.7713,73.7973,72.6134,73.7973,21130
DHG,10/29/2019 00:00:00,73.7973,74.192,73.4027,73.4816,5320
DHG,10/30/2019 00:00:00,73.4816,73.7973,71.0349,73.087,22870
DHG,10/31/2019 00:00:00,73.087,73.6395,72.6923,73.087,9220
DHG,11/1/2019 00:00:00,72.6923,73.6395,72.6923,73.008,9770
DHG,11/4/2019 00:00:00,73.008,74.3498,73.008,74.192,17220
DHG,11/5/2019 00:00:00,74.192,74.4287,74.192,74.192,10860
DHG,11/6/2019 00:00:00,74.192,74.4287,74.0341,74.113,3190
DHG,11/7/2019 00:00:00,73.4027,74.2709,73.3238,73.4027,101000
DHG,11/8/2019 00:00:00,74.192,74.192,73.5605,74.192,14490
DHG,11/11/2019 00:00:00,74.192,74.3498,74.113,74.113,6650
DHG,11/12/2019 00:00:00,73.7973,74.192,73.6395,74.192,14880
DHG,11/13/2019 00:00:00,73.3238,74.192,73.3238,74.192,22520
DHG,11/14/2019 00:00:00,74.192,76.5598,73.4027,76.4019,45280
DHG,11/15/2019 00:00:00,76.4019,76.4019,75.3759,75.7705,7900
DHG,11/18/2019 00:00:00,75.3759,75.3759,74.5866,74.9812,5740
DHG,11/19/2019 00:00:00,74.192,74.9812,73.6395,73.8763,14680
DHG,11/20/2019 00:00:00,73.8763,74.192,73.4816,73.4816,7030
DHG,11/21/2019 00:00:00,73.1659,74.192,73.1659,74.192,9890
DHG,11/22/2019 00:00:00,74.192,74.9812,73.7973,74.192,21130
DHG,11/25/2019 00:00:00,72.6134,74.192,72.6134,73.6395,7720
DHG,11/26/2019 00:00:00,73.6395,74.5866,73.6395,74.5866,12910
DHG,11/27/2019 00:00:00,74.5866,74.6655,73.8763,74.192,2250
DHG,11/28/2019 00:00:00,74.5077,74.5077,73.6395,73.7184,6570
DHG,11/29/2019 00:00:00,74.192,74.192,73.5605,73.5605,4950
DHG,12/2/2019 00:00:00,73.5605,74.5077,73.5605,74.192,5530
DHG,12/3/2019 00:00:00,74.4287,74.5077,73.5605,74.192,24420
DHG,12/4/2019 00:00:00,74.192,74.192,73.8763,73.8763,3350
DHG,12/5/2019 00:00:00,74.4287,74.4287,73.7973,74.192,1450
DHG,12/6/2019 00:00:00,73.9552,74.5077,73.7973,73.8763,2020
DHG,12/9/2019 00:00:00,73.8763,75.6127,73.8763,75.6127,32620
DHG,12/10/2019 00:00:00,75.6127,75.6127,74.9812,75.3759,4210
DHG,12/11/2019 00:00:00,75.3759,75.3759,74.5866,75.218,2620
DHG,12/12/2019 00:00:00,75.218,75.218,74.7445,75.218,6220
DHG,12/13/2019 00:00:00,75.218,75.218,74.9812,74.9812,4860
DHG,12/16/2019 00:00:00,74.9812,74.9812,74.192,74.192,7270
DHG,12/17/2019 00:00:00,74.192,74.6655,73.9552,74.6655,4500
DHG,12/18/2019 00:00:00,74.3498,74.6655,70.9559,74.5866,104960
DHG,12/19/2019 00:00:00,71.982,74.5077,71.982,73.1659,7630
DHG,12/20/2019 00:00:00,74.0341,74.5866,73.4027,73.7973,1490
DHG,12/23/2019 00:00:00,72.6923,73.7184,71.9031,71.9031,10080
DHG,12/24/2019 00:00:00,71.8241,72.1398,71.0349,71.982,5300
DHG,12/25/2019 00:00:00,71.9031,73.3238,71.9031,73.2448,14000
DHG,12/26/2019 00:00:00,72.6923,73.1659,71.8241,72.6134,6280
DHG,12/27/2019 00:00:00,72.6134,73.7184,72.4556,73.008,8820
DHG,12/30/2019 00:00:00,72.6134,74.113,72.6134,72.6134,10850
DHG,12/31/2019 00:00:00,72.6134,72.6134,72.2188,72.2188,13530
DHG,1/2/2020 00:00:00,71.982,72.6134,71.8241,72.6134,14050
DHG,1/3/2020 00:00:00,72.6134,72.6134,71.6663,71.982,14170
DHG,1/6/2020 00:00:00,71.1138,71.982,71.0349,71.982,12160
DHG,1/7/2020 00:00:00,71.8241,71.8241,70.4034,70.4034,26000
DHG,1/8/2020 00:00:00,70.4034,70.4034,67.7988,67.8778,76650
DHG,1/9/2020 00:00:00,67.8778,71.0349,67.8778,70.2456,12200
DHG,1/10/2020 00:00:00,69.4563,70.2456,68.1145,69.4563,52270
DHG,1/13/2020 00:00:00,69.4563,69.4563,68.667,68.746,1850
DHG,1/14/2020 00:00:00,69.4563,71.0349,69.4563,71.0349,13540
DHG,1/15/2020 00:00:00,71.0349,71.2716,70.0877,70.2456,14520
DHG,1/16/2020 00:00:00,70.2456,70.2456,68.667,68.9827,34420
DHG,1/17/2020 00:00:00,68.9827,69.4563,68.9827,69.4563,6390
DHG,1/20/2020 00:00:00,68.667,69.772,68.5092,69.772,3620
DHG,1/21/2020 00:00:00,69.8509,69.8509,67.8778,69.6931,55820
DHG,1/22/2020 00:00:00,69.4563,70.2456,68.0356,69.4563,56900
DHG,1/30/2020 00:00:00,70.7191,73.4027,70.2456,73.4027,75960
DHG,1/31/2020 00:00:00,78.533,78.533,77.428,78.533,92670
DHG,2/3/2020 00:00:00,83.979,83.979,80.5062,80.9797,152290
DHG,2/4/2020 00:00:00,78.9276,80.9797,76.7177,79.7169,66370
DHG,2/5/2020 00:00:00,76.9544,76.9544,74.192,76.1652,45580
DHG,2/6/2020 00:00:00,73.4027,75.7705,72.4556,75.6916,82720
DHG,2/7/2020 00:00:00,75.6916,76.9544,73.7973,76.8755,20330
DHG,2/10/2020 00:00:00,75.8494,79.7169,75.8494,79.7169,51850
DHG,2/11/2020 00:00:00,79.7169,79.7169,77.9016,78.1383,51720
DHG,2/12/2020 00:00:00,78.1383,78.8487,77.3491,78.533,41690
DHG,2/13/2020 00:00:00,78.533,78.6908,75.7705,75.7705,39570
DHG,2/14/2020 00:00:00,76.323,76.323,74.9812,75.3759,26780
DHG,2/17/2020 00:00:00,75.297,76.5598,74.192,76.5598,20260
DHG,2/18/2020 00:00:00,76.9544,77.8226,76.9544,77.428,27050
DHG,2/19/2020 00:00:00,78.1383,78.1383,75.7705,76.5598,16310
DHG,2/20/2020 00:00:00,76.5598,76.5598,75.5337,76.1652,16930
DHG,2/21/2020 00:00:00,76.1652,77.7437,76.1652,76.4019,26460
DHG,2/24/2020 00:00:00,76.5598,79.2433,76.5598,77.3491,88130
DHG,2/25/2020 00:00:00,78.7698,78.7698,77.3491,77.3491,41790
DHG,2/26/2020 00:00:00,77.6648,77.6648,76.5598,76.6387,11850
DHG,2/27/2020 00:00:00,76.6387,77.7437,76.0862,77.7437,59450
DHG,2/28/2020 00:00:00,77.7437,77.7437,75.7705,75.7705,26240
DHG,3/2/2020 00:00:00,75.7705,76.1652,73.3238,74.9812,17520
DHG,3/3/2020 00:00:00,76.4019,76.4019,73.9552,74.0341,35210
DHG,3/4/2020 00:00:00,73.4027,74.5866,71.8241,74.0341,98630
DHG,3/5/2020 00:00:00,74.0341,74.9812,68.9038,74.113,42650
DHG,3/6/2020 00:00:00,74.2709,75.3759,74.113,74.9812,14240
DHG,3/9/2020 00:00:00,74.9812,74.9812,69.772,70.0088,61430
DHG,3/10/2020 00:00:00,65.6678,71.6663,65.6678,70.6402,23650
DHG,3/11/2020 00:00:00,72.6134,72.6134,69.4563,70.5613,29080
DHG,3/12/2020 00:00:00,67.0885,67.4042,65.6678,67.0096,50940
DHG,3/13/2020 00:00:00,62.3528,68.667,62.3528,67.8778,65370
DHG,3/16/2020 00:00:00,67.8778,67.8778,63.1421,64.7206,65460
DHG,3/17/2020 00:00:00,63.1421,63.1421,60.7743,61.5635,74390
DHG,3/18/2020 00:00:00,61.5635,63.1421,61.5635,62.5896,18290
DHG,3/19/2020 00:00:00,62.4317,62.4317,60.7743,60.7743,20560
DHG,3/20/2020 00:00:00,61.1689,61.8793,60.8532,61.5635,18720
DHG,3/23/2020 00:00:00,57.6172,60.7743,57.3015,59.5904,52370
DHG,3/24/2020 00:00:00,57.1436,59.8271,57.1436,59.6693,9410
DHG,3/25/2020 00:00:00,60.6953,63.7735,60.6953,63.7735,59610
DHG,3/26/2020 00:00:00,63.5367,67.7988,63.1421,65.1153,27920
DHG,3/27/2020 00:00:00,65.1942,67.8778,60.7743,63.9314,60750
DHG,3/30/2020 00:00:00,63.8524,64.7206,60.0639,62.2739,23160
DHG,3/31/2020 00:00:00,65.5099,65.5099,61.9582,62.3528,19970
DHG,4/1/2020 00:00:00,63.1421,63.5367,62.3528,62.3528,21450
DHG,4/3/2020 00:00:00,62.3528,64.7206,62.3528,64.5628,9340
DHG,4/6/2020 00:00:00,64.4049,66.2992,64.4049,66.2992,16160
DHG,4/7/2020 00:00:00,67.0885,67.0885,65.5099,65.5099,22130
DHG,4/8/2020 00:00:00,65.5099,66.2992,64.7206,65.9046,106210
DHG,4/9/2020 00:00:00,65.9046,68.667,65.9046,68.667,23140
DHG,4/10/2020 00:00:00,69.4563,70.7981,69.2985,70.4034,36400
DHG,4/13/2020 00:00:00,70.4824,72.5345,70.3245,70.4034,34710
DHG,4/14/2020 00:00:00,70.2456,71.0349,68.667,69.2985,35860
DHG,4/15/2020 00:00:00,68.667,70.6402,68.667,69.5352,17360
DHG,4/16/2020 00:00:00,69.8509,70.4034,69.0617,70.2456,22040
DHG,4/17/2020 00:00:00,70.2456,71.0349,69.6142,70.2456,19970
DHG,4/20/2020 00:00:00,70.2456,71.1138,70.0877,71.1138,35420
DHG,4/21/2020 00:00:00,74.192,74.192,71.0349,71.1138,53130
DHG,4/22/2020 00:00:00,68.746,72.0609,68.746,71.8241,18860
DHG,4/23/2020 00:00:00,72.2188,73.3238,71.8241,73.3238,42470
DHG,4/24/2020 00:00:00,73.7973,73.7973,72.2188,72.3766,6380
DHG,4/27/2020 00:00:00,71.8241,72.6134,71.4295,71.9031,16390
DHG,4/28/2020 00:00:00,71.9031,74.5866,71.1138,74.113,38860
DHG,4/29/2020 00:00:00,74.113,74.192,73.008,73.6395,39160
DHG,5/4/2020 00:00:00,74.8234,74.9023,74.192,74.2709,40030
DHG,5/5/2020 00:00:00,74.5866,74.5866,74.0341,74.0341,7150
DHG,5/6/2020 00:00:00,74.192,75.4548,73.8763,75.0602,46810
DHG,5/7/2020 00:00:00,77.3491,77.3491,75.3759,76.6387,24850
DHG,5/8/2020 00:00:00,77.3491,77.3491,75.6916,75.7705,46920
DHG,5/11/2020 00:00:00,77.4,77.4,75.7705,76.5853,35220
DHG,5/12/2020 00:00:00,76.5853,76.5853,75.3632,76.2594,27740
DHG,5/13/2020 00:00:00,75.7705,76.2594,74.6299,75.4446,16580
DHG,5/14/2020 00:00:00,74.6299,75.3632,74.6299,74.9558,14080
DHG,5/15/2020 00:00:00,75.1187,75.6076,74.9558,75.0373,13440
DHG,5/18/2020 00:00:00,74.9558,75.0373,74.5484,74.6299,14920
DHG,5/19/2020 00:00:00,74.6299,76.1779,74.6299,74.9558,19750
DHG,5/20/2020 00:00:00,76.0964,76.0964,74.9558,75.0373,7130
DHG,5/21/2020 00:00:00,75.0373,76.5853,74.9558,76.1779,75160
DHG,5/22/2020 00:00:00,76.2594,76.2594,74.9558,75.689,8510
DHG,5/25/2020 00:00:00,75.689,75.852,75.3632,75.852,10000
DHG,5/26/2020 00:00:00,75.852,76.1779,75.7705,75.7705,11120
DHG,5/27/2020 00:00:00,76.1779,76.7482,75.7705,75.9335,46140
DHG,5/28/2020 00:00:00,75.9335,76.2594,75.6076,75.6076,4420
DHG,5/29/2020 00:00:00,75.6076,77.3185,75.2002,75.2002,6150
DHG,6/1/2020 00:00:00,76.3408,76.5038,75.2817,75.6076,22030
DHG,6/2/2020 00:00:00,76.1779,76.5853,75.3632,76.5853,20580
DHG,6/3/2020 00:00:00,76.5853,76.5853,75.3632,75.7705,7630
DHG,6/4/2020 00:00:00,76.5853,76.9926,75.852,75.852,33520
DHG,6/5/2020 00:00:00,75.852,76.5853,75.5261,75.5261,18650
DHG,6/8/2020 00:00:00,75.5261,76.1779,75.5261,75.7705,17710
DHG,6/9/2020 00:00:00,75.7705,76.6667,75.3632,76.5853,42550
DHG,6/10/2020 00:00:00,76.5853,76.9111,75.9335,75.9335,19690
DHG,6/11/2020 00:00:00,75.9335,76.5853,74.9558,74.9558,21540
DHG,6/12/2020 00:00:00,71.045,74.9558,71.045,73.7337,30740
DHG,6/15/2020 00:00:00,73.7337,74.7928,73.4893,73.4893,27150
DHG,6/16/2020 00:00:00,74.8743,74.8743,73.5707,74.5484,39590
DHG,6/17/2020 00:00:00,73.8151,75.2002,73.8151,74.9558,12790
DHG,6/18/2020 00:00:00,74.9558,75.1187,74.141,74.9558,4540
DHG,6/19/2020 00:00:00,74.9558,75.7705,74.9558,75.0373,24170
DHG,6/22/2020 00:00:00,75.0373,75.6076,75.0373,75.2817,3020
DHG,6/23/2020 00:00:00,74.9558,74.9558,74.141,74.4669,4320
DHG,6/24/2020 00:00:00,74.5484,74.9558,74.4669,74.6299,5660
DHG,6/25/2020 00:00:00,74.6299,74.6299,73.4893,73.7337,3120
DHG,6/26/2020 00:00:00,73.7337,74.3855,73.7337,74.2225,7740
DHG,6/29/2020 00:00:00,74.141,74.141,73.0819,73.1634,3970
DHG,6/30/2020 00:00:00,73.9781,74.5484,73.1634,74.5484,7090
DHG,7/1/2020 00:00:00,74.5484,74.5484,73.3263,73.7337,2300
DHG,7/2/2020 00:00:00,74.3855,74.3855,73.7337,74.141,1700
DHG,7/3/2020 00:00:00,74.5484,74.9558,73.5707,74.9558,12070
DHG,7/6/2020 00:00:00,74.9558,75.6076,74.141,75.5261,13190
DHG,7/7/2020 00:00:00,76.0149,76.1779,75.4446,76.0964,16850
DHG,7/8/2020 00:00:00,75.7705,76.1779,75.7705,76.1779,10900
DHG,7/9/2020 00:00:00,75.7705,76.7482,75.7705,76.7482,12210
DHG,7/10/2020 00:00:00,76.5853,76.7482,74.9558,75.7705,9190
DHG,7/13/2020 00:00:00,75.7705,76.5853,74.9558,76.5038,6090
DHG,7/14/2020 00:00:00,76.4214,77.3273,74.1156,77.1626,8860
DHG,7/15/2020 00:00:00,75.4332,77.1626,74.8568,76.7508,30680
DHG,7/16/2020 00:00:00,75.1038,76.7508,75.1038,76.7508,10520
DHG,7/17/2020 00:00:00,76.7508,76.7508,74.9391,76.5861,6450
DHG,7/20/2020 00:00:00,75.3509,76.5861,75.3509,75.6803,7770
DHG,7/21/2020 00:00:00,75.6803,76.5861,75.5156,76.4214,19450
DHG,7/22/2020 00:00:00,75.7626,76.5861,75.4332,76.4214,14010
DHG,7/23/2020 00:00:00,76.4214,76.4214,75.7626,76.4214,4720
DHG,7/24/2020 00:00:00,75.1862,76.9155,74.9391,76.9155,18610
DHG,7/27/2020 00:00:00,71.6451,76.5861,71.6451,74.9391,12160
DHG,7/28/2020 00:00:00,74.9391,75.7626,74.1156,75.7626,9680
DHG,7/29/2020 00:00:00,76.5861,76.5861,74.0333,76.4214,12880
DHG,7/30/2020 00:00:00,76.4214,76.4214,74.1156,76.3391,7370
DHG,7/31/2020 00:00:00,76.2567,76.2567,75.0215,75.0215,3240
DHG,8/3/2020 00:00:00,76.1744,76.5861,74.9391,75.5156,13380
DHG,8/4/2020 00:00:00,75.5156,79.8802,75.4332,79.8802,33840
DHG,8/5/2020 00:00:00,79.8802,79.8802,78.3155,79.8802,20210
DHG,8/6/2020 00:00:00,79.0566,79.8802,78.5625,79.7978,11800
DHG,8/7/2020 00:00:00,79.6331,79.7155,77.4096,79.7155,18470
DHG,8/10/2020 00:00:00,79.7155,79.8802,78.0684,79.6331,13190
DHG,8/11/2020 00:00:00,79.6331,79.6331,78.3155,79.6331,17140
DHG,8/12/2020 00:00:00,79.6331,79.6331,78.3978,79.5508,8230
DHG,8/13/2020 00:00:00,78.5625,79.8802,78.5625,79.7155,8130
DHG,8/14/2020 00:00:00,80.2919,80.2919,79.0566,79.0566,7170
DHG,8/17/2020 00:00:00,79.0566,79.0566,78.4802,78.9743,6800
DHG,8/18/2020 00:00:00,78.9743,79.4684,78.6449,78.8096,6090
DHG,8/19/2020 00:00:00,78.8096,79.3861,78.6449,79.3037,2110
DHG,8/20/2020 00:00:00,79.4684,79.8802,78.3155,79.8802,17130
DHG,8/21/2020 00:00:00,79.4684,81.5272,79.0566,81.5272,30320
DHG,8/24/2020 00:00:00,81.5272,86.3035,80.7037,86.3035,33570
DHG,8/25/2020 00:00:00,89.6799,89.6799,86.3035,87.2917,21900
DHG,8/26/2020 00:00:00,86.4682,87.2917,83.9977,86.7976,14720
DHG,8/27/2020 00:00:00,86.7976,86.7976,84.8212,86.4682,20440
DHG,8/28/2020 00:00:00,86.4682,87.2917,86.0565,87.2917,17620
DHG,8/31/2020 00:00:00,85.2329,87.2917,85.2329,86.88,6890
DHG,9/1/2020 00:00:00,86.7976,86.7976,84.8212,86.3035,8770
DHG,9/3/2020 00:00:00,85.6447,86.0565,84.4094,84.4094,18830
DHG,9/4/2020 00:00:00,86.4682,86.4682,83.9977,84.08,5600
DHG,9/7/2020 00:00:00,83.9977,84.8212,82.3507,82.3507,8490
DHG,9/8/2020 00:00:00,82.3507,86.4682,82.3507,86.4682,17060
DHG,9/9/2020 00:00:00,86.3035,86.4682,84.2447,84.3271,1350
DHG,9/10/2020 00:00:00,85.6447,85.6447,83.9977,84.7388,2320
DHG,9/11/2020 00:00:00,83.1742,86.3859,83.1742,86.0565,5630
DHG,9/14/2020 00:00:00,86.0565,86.0565,84.08,84.08,1650
DHG,9/15/2020 00:00:00,84.1624,86.1388,84.1624,84.8212,7200
DHG,9/16/2020 00:00:00,86.4682,86.4682,84.8212,85.9741,7820
DHG,9/17/2020 00:00:00,87.2917,87.4564,86.4682,87.2917,36730
DHG,9/18/2020 00:00:00,88.4446,88.4446,86.88,86.9623,3170
DHG,9/21/2020 00:00:00,86.9623,87.2917,81.2801,85.8918,4020
DHG,9/22/2020 00:00:00,86.4682,87.2917,85.6447,87.2917,9670
DHG,9/23/2020 00:00:00,86.0565,87.2917,86.0565,87.2917,5960
DHG,9/24/2020 00:00:00,88.1152,88.1152,86.9623,87.4564,14890
DHG,9/25/2020 00:00:00,82.8448,88.0329,82.8448,86.5506,7520
DHG,9/28/2020 00:00:00,85.6447,87.2917,85.6447,87.2917,7530
DHG,9/29/2020 00:00:00,87.3741,87.7035,86.7976,87.2094,13560
DHG,9/30/2020 00:00:00,87.2094,87.2094,86.7976,86.88,4730
DHG,10/1/2020 00:00:00,86.88,87.2917,86.6329,87.2094,8160
DHG,10/2/2020 00:00:00,86.3859,87.2917,86.3859,87.2094,6850
DHG,10/5/2020 00:00:00,87.2094,87.2094,85.6447,85.7271,1780
DHG,10/6/2020 00:00:00,85.7271,86.4682,85.2329,86.3035,4890
DHG,10/7/2020 00:00:00,86.5506,86.5506,85.7271,86.4682,2170
DHG,10/8/2020 00:00:00,87.2917,87.2917,86.4682,86.4682,1220
DHG,10/9/2020 00:00:00,85.1506,87.2094,85.1506,86.3035,3040
DHG,10/12/2020 00:00:00,86.3035,87.2094,85.0683,86.9623,9900
DHG,10/13/2020 00:00:00,86.9623,86.9623,85.3153,85.6447,2530
DHG,10/14/2020 00:00:00,85.6447,86.88,82.8448,86.88,7840
DHG,10/15/2020 00:00:00,86.0565,86.4682,85.1506,85.9741,1800
DHG,10/16/2020 00:00:00,85.9741,85.9741,85.6447,85.6447,200
DHG,10/19/2020 00:00:00,85.6447,86.3035,83.5859,84.8212,1770
DHG,10/20/2020 00:00:00,84.8212,85.6447,84.8212,84.8212,2250
DHG,10/21/2020 00:00:00,84.8212,85.5624,84.8212,84.9035,3480
DHG,10/22/2020 00:00:00,85.6447,85.6447,83.9977,85.3977,4730
DHG,10/23/2020 00:00:00,85.5624,85.5624,84.8212,85.5624,2540
DHG,10/26/2020 00:00:00,86.0565,86.0565,84.8212,84.8212,940
DHG,10/27/2020 00:00:00,84.8212,85.5624,84.1624,84.4918,2110
DHG,10/28/2020 00:00:00,84.4094,85.3977,83.7506,83.9977,3810
DHG,10/29/2020 00:00:00,83.9977,83.9977,83.5859,83.9977,4170
DHG,10/30/2020 00:00:00,83.1742,83.9977,83.1742,83.9977,2390
DHG,11/2/2020 00:00:00,83.9977,85.5624,83.9977,85.5624,4160
DHG,11/3/2020 00:00:00,84.5742,85.6447,84.5742,85.6447,4350
DHG,11/4/2020 00:00:00,85.6447,85.6447,84.08,84.8212,2470
DHG,11/5/2020 00:00:00,81.6919,84.8212,81.6919,84.8212,20900
DHG,11/6/2020 00:00:00,84.8212,84.8212,84.7388,84.8212,4380
DHG,11/9/2020 00:00:00,83.9977,85.6447,83.9977,85.6447,9330
DHG,11/10/2020 00:00:00,84.2447,85.3153,84.1624,84.7388,6560
DHG,11/11/2020 00:00:00,84.8212,85.6447,84.7388,85.6447,8360
DHG,11/12/2020 00:00:00,85.8094,85.8094,85.5624,85.5624,3190
DHG,11/13/2020 00:00:00,85.5624,85.5624,84.4094,84.4094,3300
DHG,11/16/2020 00:00:00,84.4094,84.8212,84.4094,84.4918,1700
DHG,11/17/2020 00:00:00,84.4918,84.8212,84.1624,84.4094,3040
DHG,11/18/2020 00:00:00,84.4094,84.8212,84.2447,84.8212,3460
DHG,11/19/2020 00:00:00,84.8212,84.8212,84.7388,84.7388,2440
DHG,11/20/2020 00:00:00,84.7388,84.7388,84.3271,84.4918,3560
DHG,11/23/2020 00:00:00,84.4918,84.8212,84.4918,84.4918,1460
DHG,11/24/2020 00:00:00,84.4918,84.5742,84.2447,84.5742,2610
DHG,11/25/2020 00:00:00,84.8212,85.8094,84.5742,85.0683,8470
DHG,11/26/2020 00:00:00,85.8094,85.8094,85.1506,85.1506,3310
DHG,11/27/2020 00:00:00,85.1506,85.6447,84.6565,85.1506,2320
DHG,11/30/2020 00:00:00,84.08,85.2329,84.08,85.2329,3120
DHG,12/1/2020 00:00:00,84.4918,85.2329,84.4918,85.2329,2180
DHG,12/2/2020 00:00:00,85.2329,85.2329,85.0683,85.2329,4950
DHG,12/3/2020 00:00:00,85.2329,85.2329,84.8212,84.8212,3340
DHG,12/4/2020 00:00:00,84.8212,87.2917,84.8212,87.0447,25610
DHG,12/7/2020 00:00:00,87.0447,88.1152,87.0447,87.6211,10670
DHG,12/8/2020 00:00:00,87.6211,87.7858,86.0565,87.0447,7900
DHG,12/9/2020 00:00:00,87.9505,87.9505,86.7976,87.7035,17280
DHG,12/10/2020 00:00:00,88.0329,88.0329,86.7153,86.7153,9170
DHG,12/11/2020 00:00:00,86.7153,86.7153,86.6329,86.6329,5540
DHG,12/14/2020 00:00:00,86.6329,87.5388,86.6329,86.6329,6870
DHG,12/15/2020 00:00:00,87.127,87.127,86.0565,86.88,6470
DHG,12/16/2020 00:00:00,87.127,87.127,86.0565,86.4682,7360
DHG,12/17/2020 00:00:00,85.1506,86.4682,85.1506,85.8918,4840
DHG,12/18/2020 00:00:00,84.8212,86.0565,84.8212,85.9741,5140
DHG,12/21/2020 00:00:00,86.4682,86.4682,85.6447,85.7271,6970
DHG,12/22/2020 00:00:00,86.4682,86.4682,84.8212,84.8212,9400
DHG,12/23/2020 00:00:00,86.4682,86.4682,85.3153,85.6447,1890
DHG,12/24/2020 00:00:00,86.0565,86.4682,84.7388,85.8094,5190
DHG,12/25/2020 00:00:00,85.8094,86.1388,85.48,86.1388,3400
DHG,12/28/2020 00:00:00,84.8212,86.0565,84.8212,86.0565,4470
DHG,12/29/2020 00:00:00,86.0565,86.0565,84.9035,85.3977,3240
DHG,12/30/2020 00:00:00,85.3977,85.7271,85.2329,85.3153,9380
DHG,12/31/2020 00:00:00,85.3153,86.0565,85.1506,85.6447,9010
DHG,1/4/2021 00:00:00,85.6447,86.3859,85.6447,86.1388,3100
DHG,1/5/2021 00:00:00,86.1388,86.4682,86.1388,86.1388,800
DHG,1/6/2021 00:00:00,85.6447,87.7035,85.48,87.5388,28200
DHG,1/7/2021 00:00:00,87.7035,90.5857,87.7035,89.1858,38400
DHG,1/8/2021 00:00:00,89.1858,89.6799,88.9387,88.9387,6300
DHG,1/11/2021 00:00:00,88.9387,89.3505,87.2917,88.9387,17900
DHG,1/12/2021 00:00:00,86.5506,88.8564,86.4682,87.127,29000
DHG,1/13/2021 00:00:00,91.821,92.0681,88.1152,89.7622,29300
DHG,1/14/2021 00:00:00,89.7622,89.7622,87.2917,89.6799,37400
DHG,1/15/2021 00:00:00,89.6799,89.6799,86.88,88.9387,78200
DHG,1/18/2021 00:00:00,86.9623,88.8564,86.9623,87.4564,12200
DHG,1/19/2021 00:00:00,87.4564,87.4564,84.8212,84.8212,19200
DHG,1/20/2021 00:00:00,84.8212,85.6447,83.9977,83.9977,22500
DHG,1/21/2021 00:00:00,84.8212,86.7976,84.1624,86.7976,17000
DHG,1/22/2021 00:00:00,86.7976,86.7976,85.6447,86.1388,9700
DHG,1/25/2021 00:00:00,86.0565,86.1388,84.8212,85.1506,9800
DHG,1/26/2021 00:00:00,85.1506,85.1506,83.9977,83.9977,15000
DHG,1/27/2021 00:00:00,83.9977,83.9977,83.1742,83.1742,9000
DHG,1/28/2021 00:00:00,81.5272,81.5272,77.4096,79.0566,63200
DHG,1/29/2021 00:00:00,79.0566,83.1742,79.0566,83.1742,8000
DHG,2/1/2021 00:00:00,84.8212,84.8212,78.3155,82.3507,12900
DHG,2/2/2021 00:00:00,79.9625,82.3507,79.8802,80.786,29200
DHG,2/3/2021 00:00:00,81.5272,83.0095,81.5272,83.0095,6300
DHG,2/4/2021 00:00:00,83.0095,83.833,82.1036,82.186,5800
DHG,2/5/2021 00:00:00,82.6801,83.0918,82.3507,83.0095,5200
DHG,2/8/2021 00:00:00,83.0918,83.0918,81.5272,82.186,7900
DHG,2/9/2021 00:00:00,80.7037,83.1742,80.7037,83.1742,7700
DHG,2/17/2021 00:00:00,82.3507,83.1742,82.3507,83.1742,8700
DHG,2/18/2021 00:00:00,83.1742,83.5859,82.433,82.5977,11500
DHG,2/19/2021 00:00:00,82.7624,83.1742,82.5977,82.5977,24500
DHG,2/22/2021 00:00:00,82.5977,83.9153,82.5977,82.7624,7200
DHG,2/23/2021 00:00:00,82.7624,83.9977,82.6801,83.9153,16200
DHG,2/24/2021 00:00:00,83.0918,83.9977,82.5977,82.5977,10400
DHG,2/25/2021 00:00:00,83.9153,83.9977,83.1742,83.1742,8300
DHG,2/26/2021 00:00:00,83.0918,83.1742,82.5977,82.7624,4700
DHG,3/1/2021 00:00:00,82.7624,83.0095,82.433,83.0095,13600
DHG,3/2/2021 00:00:00,83.0095,83.1742,82.5154,82.7624,8200
DHG,3/3/2021 00:00:00,82.5154,83.1742,82.433,82.433,13300
DHG,3/4/2021 00:00:00,82.433,82.7624,82.2683,82.2683,10900
DHG,3/5/2021 00:00:00,82.3507,82.3507,81.5272,81.5272,19900
DHG,3/8/2021 00:00:00,81.6919,82.3507,81.0331,81.5272,25400
DHG,3/9/2021 00:00:00,81.8566,81.8566,81.1154,81.1978,5200
DHG,3/10/2021 00:00:00,81.1978,82.3507,81.1978,82.3507,16600
DHG,3/11/2021 00:00:00,83.1742,83.9977,83.1742,83.5859,10400
DHG,3/12/2021 00:00:00,83.9977,84.6565,83.4212,83.5859,9400
DHG,3/15/2021 00:00:00,84.4094,84.4094,83.3389,83.3389,17900
DHG,3/16/2021 00:00:00,83.3389,83.4212,83.1742,83.4212,4700
DHG,3/17/2021 00:00:00,83.4212,83.4212,82.3507,83.3389,3300
DHG,3/18/2021 00:00:00,83.1742,83.9977,83.1742,83.9977,4700
DHG,3/19/2021 00:00:00,83.5859,83.5859,82.5154,82.7624,14300
DHG,3/22/2021 00:00:00,82.7624,82.9271,82.7624,82.8448,6400
DHG,3/23/2021 00:00:00,82.7624,83.9977,82.5977,82.6801,6500
DHG,3/24/2021 00:00:00,82.5977,83.6683,81.6919,81.8566,6100
DHG,3/25/2021 00:00:00,82.5154,82.5154,81.8566,82.3507,4100
DHG,3/26/2021 00:00:00,82.3507,82.3507,80.7037,80.7037,20200
DHG,3/29/2021 00:00:00,81.3625,82.186,81.3625,82.186,6600
DHG,3/30/2021 00:00:00,82.186,82.3507,82.0213,82.186,6700
DHG,3/31/2021 00:00:00,82.0213,82.186,81.9389,82.1036,4100
DHG,4/1/2021 00:00:00,82.1036,82.186,81.7742,82.1036,5600
DHG,4/2/2021 00:00:00,82.7624,82.7624,81.8566,82.2683,3800
DHG,4/5/2021 00:00:00,81.8566,82.2683,81.8566,82.186,5000
DHG,4/6/2021 00:00:00,82.186,82.186,81.7742,82.0213,6600
DHG,4/7/2021 00:00:00,82.0213,82.1036,81.6095,82.0213,5200
DHG,4/8/2021 00:00:00,81.6919,82.0213,81.6095,81.6095,5100
DHG,4/9/2021 00:00:00,81.6095,81.9389,80.7037,81.7742,10300
DHG,4/12/2021 00:00:00,81.7742,81.7742,81.1978,81.5272,7100
DHG,4/13/2021 00:00:00,81.3625,81.5272,81.1978,81.1978,15200
DHG,4/14/2021 00:00:00,81.1978,81.4448,80.7037,81.1154,11800
DHG,4/15/2021 00:00:00,80.7037,81.2801,80.3743,81.0331,10600
DHG,4/16/2021 00:00:00,80.4566,80.7037,80.2919,80.2919,8500
DHG,4/19/2021 00:00:00,80.2919,80.2919,79.8802,80.2919,9700
DHG,4/20/2021 00:00:00,80.0449,80.2919,79.8802,79.8802,15000
DHG,4/22/2021 00:00:00,79.8802,82.2683,79.8802,82.2683,22900
DHG,4/23/2021 00:00:00,82.3507,82.3507,81.5272,81.9389,16900
DHG,4/26/2021 00:00:00,84.8212,84.8212,82.0213,82.3507,18000
DHG,4/27/2021 00:00:00,83.0918,83.0918,80.7037,82.3507,12900
DHG,4/28/2021 00:00:00,82.3507,82.6801,82.1036,82.2683,16800
DHG,4/29/2021 00:00:00,82.3507,82.3507,81.5272,82.186,15200
DHG,5/4/2021 00:00:00,82.186,84.8212,81.9389,84.5742,49600
DHG,5/5/2021 00:00:00,84.8212,85.2329,84.5742,84.8212,26800
DHG,5/6/2021 00:00:00,86.3859,86.3859,81.6095,84.4094,18000
DHG,5/7/2021 00:00:00,84.8379,84.8379,81.4101,83.5525,36600
DHG,5/10/2021 00:00:00,83.5525,84.6665,83.5525,84.6665,14100
DHG,5/11/2021 00:00:00,84.8379,84.8379,84.1524,84.1524,10700
DHG,5/12/2021 00:00:00,84.1524,84.1524,83.124,83.2097,25400
DHG,5/13/2021 00:00:00,83.124,83.124,80.6389,80.9817,86600
DHG,5/14/2021 00:00:00,80.9817,83.6382,80.9817,81.4101,10600
DHG,5/17/2021 00:00:00,82.0957,82.6955,81.8386,82.2671,9200
DHG,5/18/2021 00:00:00,82.2671,83.5525,81.7529,82.2671,11700
DHG,5/19/2021 00:00:00,82.2671,82.2671,81.4101,82.2671,21700
DHG,5/20/2021 00:00:00,82.2671,82.2671,81.8386,82.2671,25300
DHG,5/21/2021 00:00:00,81.4101,81.8386,80.9817,80.9817,33600
DHG,5/24/2021 00:00:00,80.9817,81.8386,80.896,81.4101,19300
DHG,5/25/2021 00:00:00,81.4101,82.2671,81.4101,81.5815,8300
DHG,5/26/2021 00:00:00,81.7529,81.8386,80.5532,81.4101,16400
DHG,5/27/2021 00:00:00,80.9817,81.8386,80.9817,81.4101,11300
DHG,5/28/2021 00:00:00,81.4101,81.4101,80.5532,80.6389,33700
DHG,5/31/2021 00:00:00,80.6389,80.9817,80.5532,80.6389,13400
DHG,6/1/2021 00:00:00,80.6389,82.2671,80.6389,81.4101,6900
DHG,6/2/2021 00:00:00,80.7246,82.2671,80.7246,81.4101,44400
DHG,6/3/2021 00:00:00,81.4958,81.4958,80.5532,81.0673,19800
DHG,6/4/2021 00:00:00,81.0673,81.7529,80.6389,80.8103,17900
DHG,6/7/2021 00:00:00,80.8103,81.4101,80.6389,80.6389,23900
DHG,6/8/2021 00:00:00,80.6389,82.9526,80.5532,82.6099,96700
DHG,6/9/2021 00:00:00,82.6099,82.6099,81.5815,81.6672,11200
DHG,6/10/2021 00:00:00,81.7529,81.7529,80.7246,80.9817,8300
DHG,6/11/2021 00:00:00,80.9817,80.9817,80.5532,80.6389,37800
DHG,6/14/2021 00:00:00,80.6389,82.2671,80.1247,82.2671,36200
DHG,6/15/2021 00:00:00,80.5532,82.0957,80.5532,81.8386,5400
DHG,6/16/2021 00:00:00,82.1814,82.2671,80.896,81.4101,30400
DHG,6/17/2021 00:00:00,81.4101,82.0957,80.5532,81.4101,10300
DHG,6/18/2021 00:00:00,81.4101,82.2671,81.4101,82.1814,35900
DHG,6/21/2021 00:00:00,82.1814,82.1814,81.4101,81.8386,4400
DHG,6/22/2021 00:00:00,81.4101,82.0957,81.4101,82.0957,30000
DHG,6/23/2021 00:00:00,81.4101,82.2671,81.4101,81.9243,18900
DHG,6/24/2021 00:00:00,82.2671,82.4385,81.6672,82.2671,24700
DHG,6/25/2021 00:00:00,82.2671,82.2671,81.6672,81.9243,4600
DHG,6/28/2021 00:00:00,81.9243,81.9243,81.4958,81.9243,4600
DHG,6/29/2021 00:00:00,81.4101,81.7529,81.4101,81.6672,5800
DHG,6/30/2021 00:00:00,81.8386,82.5242,81.4101,81.9243,20200
DHG,7/1/2021 00:00:00,81.9243,82.5242,81.9243,82.01,9900
DHG,7/2/2021 00:00:00,82.2671,82.2671,80.6389,80.6389,55100
DHG,7/5/2021 00:00:00,81.8386,81.8386,80.7246,80.9817,6900
DHG,7/6/2021 00:00:00,81.2387,81.4101,80.9817,81.2387,26200
DHG,7/7/2021 00:00:00,81.4101,81.4101,80.6389,80.9817,11200
DHG,7/8/2021 00:00:00,80.7246,80.7246,80.4675,80.7246,12300
DHG,7/9/2021 00:00:00,80.4667,81.2404,80.2088,80.2088,11500
DHG,7/12/2021 00:00:00,80.2088,80.2088,77.3718,79.0912,35000
DHG,7/13/2021 00:00:00,77.4578,80.8105,77.4578,80.7246,3200
DHG,7/14/2021 00:00:00,81.2404,81.2404,79.0912,79.1771,4600
DHG,7/15/2021 00:00:00,79.0912,80.6386,77.3718,79.0912,13200
DHG,7/16/2021 00:00:00,80.5526,80.5526,79.0912,79.0912,1900
DHG,7/19/2021 00:00:00,79.521,80.8105,79.0912,80.7246,23800
DHG,7/20/2021 00:00:00,80.5526,81.6702,79.1771,79.9509,14300
DHG,7/21/2021 00:00:00,80.3807,80.5526,79.9509,79.9509,63800
DHG,7/22/2021 00:00:00,80.1228,80.8105,79.2631,80.3807,5600
DHG,7/23/2021 00:00:00,79.6929,80.3807,79.6929,79.7789,4900
DHG,7/26/2021 00:00:00,79.7789,81.6702,79.3491,81.5843,17100
DHG,7/27/2021 00:00:00,80.0368,80.8965,80.0368,80.8105,1800
DHG,7/28/2021 00:00:00,80.8965,80.8965,80.2947,80.3807,4000
DHG,7/29/2021 00:00:00,80.1228,80.8965,80.1228,80.8965,5800
DHG,7/30/2021 00:00:00,80.0368,80.8105,80.0368,80.4667,4200
DHG,8/2/2021 00:00:00,80.4667,81.2404,80.0368,80.7246,4600
DHG,8/3/2021 00:00:00,80.8105,80.8965,80.1228,80.6386,2400
DHG,8/4/2021 00:00:00,80.8105,82.1001,80.8105,81.6702,24100
DHG,8/5/2021 00:00:00,80.8105,81.7562,80.8105,81.5843,1500
DHG,8/6/2021 00:00:00,82.358,82.358,79.9509,82.186,21100
DHG,8/9/2021 00:00:00,80.8105,81.0684,80.8105,81.0684,2400
DHG,8/10/2021 00:00:00,81.5843,81.6702,80.8965,81.4983,5500
DHG,8/11/2021 00:00:00,81.4983,81.4983,80.8105,80.9825,8100
DHG,8/12/2021 00:00:00,80.9825,81.6702,80.8105,80.8105,8900
DHG,8/13/2021 00:00:00,80.6386,80.6386,79.521,80.4667,17300
DHG,8/16/2021 00:00:00,80.6386,81.0684,80.3807,81.0684,12600
DHG,8/17/2021 00:00:00,81.0684,81.0684,80.0368,80.2088,17700
DHG,8/18/2021 00:00:00,80.4669,81.7579,80.4669,80.8972,20800
DHG,8/19/2021 00:00:00,80.8972,85.2003,80.8972,83.9094,78000
DHG,8/20/2021 00:00:00,83.9094,83.9094,81.7579,82.2742,32600
DHG,8/23/2021 00:00:00,81.7579,82.2742,80.8972,81.8439,29200
DHG,8/24/2021 00:00:00,81.93,81.93,80.0366,80.6391,34300
DHG,8/25/2021 00:00:00,80.4669,80.6391,79.6063,80.4669,32000
DHG,8/26/2021 00:00:00,79.7785,81.7579,79.6924,81.6718,28800
DHG,8/27/2021 00:00:00,81.4997,87.3518,81.4997,87.3518,172400
DHG,8/30/2021 00:00:00,91.5688,93.4621,90.3639,93.4621,109300
DHG,8/31/2021 00:00:00,100.003,100.003,95.9579,95.9579,147500
DHG,9/1/2021 00:00:00,94.753,95.0973,92.0852,94.667,120600
DHG,9/6/2021 00:00:00,92.1712,94.2367,89.8476,90.3639,110400
DHG,9/7/2021 00:00:00,89.1591,91.0524,84.3397,89.1591,91000
DHG,9/8/2021 00:00:00,88.5567,88.6427,85.4585,88.2124,36300
DHG,9/9/2021 00:00:00,86.9215,87.0936,85.2863,86.8354,43800
DHG,9/10/2021 00:00:00,88.6427,88.6427,85.4585,86.233,21100
DHG,9/13/2021 00:00:00,86.4912,88.4706,86.0609,87.0936,46000
DHG,9/14/2021 00:00:00,87.2657,92.9458,87.2657,88.3845,31800
DHG,9/15/2021 00:00:00,88.3845,88.3845,87.0076,87.6961,13900
DHG,9/16/2021 00:00:00,87.8682,87.8682,85.2003,85.2003,55100
DHG,9/17/2021 00:00:00,85.3724,88.2985,82.6185,87.9542,49000
DHG,9/20/2021 00:00:00,87.0076,87.8682,86.4051,86.9215,19500
DHG,9/21/2021 00:00:00,86.0609,87.5239,85.5445,86.9215,42300
DHG,9/22/2021 00:00:00,86.8354,86.9215,86.0609,86.3191,19600
DHG,9/23/2021 00:00:00,86.3191,89.0324,86.3191,88.4389,40100
DHG,9/24/2021 00:00:00,88.6933,89.7108,87.167,87.3366,15800
DHG,9/27/2021 00:00:00,87.2518,87.3366,83.1817,84.7928,36500
DHG,9/28/2021 00:00:00,83.3513,84.7928,83.3513,83.7753,11000
DHG,9/29/2021 00:00:00,83.7753,83.9449,83.3513,83.4361,16400
DHG,9/30/2021 00:00:00,85.5559,85.5559,83.7753,84.708,7800
DHG,10/1/2021 00:00:00,84.708,84.708,83.097,84.6232,15400
DHG,10/4/2021 00:00:00,84.6232,84.6232,83.2665,84.4536,25100
DHG,10/5/2021 00:00:00,83.6905,84.7928,83.3513,84.7928,16200
DHG,10/6/2021 00:00:00,84.1993,84.708,83.5209,84.4536,26100
DHG,10/7/2021 00:00:00,84.4536,84.7928,84.1145,84.708,15300
DHG,10/8/2021 00:00:00,83.6057,84.708,83.6057,84.5384,12300
DHG,10/11/2021 00:00:00,84.3688,84.3688,82.9274,83.9449,28500
DHG,10/12/2021 00:00:00,83.8601,83.9449,83.097,83.3513,15800
DHG,10/13/2021 00:00:00,83.5209,84.708,83.3513,84.3688,11000
DHG,10/14/2021 00:00:00,84.3688,84.3688,83.1817,83.9449,18300
DHG,10/15/2021 00:00:00,83.9449,83.9449,83.097,83.1817,22300
DHG,10/18/2021 00:00:00,83.097,83.097,82.3338,83.0122,20500
DHG,10/19/2021 00:00:00,82.673,82.7578,82.4186,82.5882,21800
DHG,10/20/2021 00:00:00,83.2665,83.6905,83.097,83.6905,7900
DHG,10/21/2021 00:00:00,83.8601,84.3688,83.6905,84.1145,14900
DHG,10/22/2021 00:00:00,84.1993,84.3688,83.097,83.3513,12900
DHG,10/25/2021 00:00:00,83.5209,83.6905,83.1817,83.1817,19100
DHG,10/26/2021 00:00:00,83.097,83.9449,82.9274,83.7753,14800
DHG,10/27/2021 00:00:00,83.7753,84.4536,83.1817,83.8601,21300
DHG,10/28/2021 00:00:00,83.9449,86.743,83.6905,86.2343,74200
DHG,10/29/2021 00:00:00,86.1495,89.0324,85.3016,88.0149,67900
DHG,11/1/2021 00:00:00,88.0997,88.9477,86.5735,86.743,35500
DHG,11/2/2021 00:00:00,85.9799,89.0324,85.8951,87.5062,35200
DHG,11/3/2021 00:00:00,89.0324,89.0324,84.8776,86.4887,44900
DHG,11/4/2021 00:00:00,86.4887,87.2518,84.8776,85.8951,14900
DHG,11/5/2021 00:00:00,86.9974,87.0822,85.3016,85.8103,14400
DHG,11/8/2021 00:00:00,87.3366,87.3366,85.6407,85.8103,23100
DHG,11/9/2021 00:00:00,85.7255,86.5735,85.7255,86.4887,33400
DHG,11/10/2021 00:00:00,85.8103,86.4039,85.6407,85.8103,24400
DHG,11/11/2021 00:00:00,85.8951,86.4887,84.1145,85.5559,28000
DHG,11/12/2021 00:00:00,84.7928,86.1495,84.4536,86.1495,27400
DHG,11/15/2021 00:00:00,86.4039,88.6085,86.0647,87.5062,62100
DHG,11/16/2021 00:00:00,86.3191,87.3366,86.3191,86.5735,20900
DHG,11/17/2021 00:00:00,86.5735,87.6758,85.8103,86.5735,23100
DHG,11/18/2021 00:00:00,86.5735,86.5735,84.7928,85.6407,74600
DHG,11/19/2021 00:00:00,85.6407,85.7255,84.6232,84.6232,14400
DHG,11/22/2021 00:00:00,83.9449,84.708,83.2665,83.5209,26300
DHG,11/23/2021 00:00:00,82.673,85.8951,82.673,83.6905,7600
DHG,11/24/2021 00:00:00,86.0647,86.0647,83.9449,85.6407,12200
DHG,11/25/2021 00:00:00,85.4712,85.4712,83.7753,84.4536,4200
DHG,11/26/2021 00:00:00,84.3688,84.7928,83.6057,84.3688,19400
DHG,11/29/2021 00:00:00,85.5559,88.9477,85.4712,88.0997,96500
DHG,11/30/2021 00:00:00,88.2693,90.6435,87.3366,87.3366,42300
DHG,12/1/2021 00:00:00,87.3366,87.3366,84.5384,86.4887,36300
DHG,12/2/2021 00:00:00,88.4389,92.5089,86.4887,92.5089,152100
DHG,12/3/2021 00:00:00,98.3597,98.9532,94.9679,98.9532,172700
DHG,12/6/2021 00:00:00,98.1053,100.819,96.6638,100.479,69100
DHG,12/7/2021 00:00:00,99.2076,104.295,98.3597,103.447,90100
DHG,12/8/2021 00:00:00,102.43,105.821,102.43,105.143,65700
DHG,12/9/2021 00:00:00,105.906,111.842,105.143,107.178,64600
DHG,12/10/2021 00:00:00,105.143,107.687,102.599,105.567,48900
DHG,12/13/2021 00:00:00,104.295,112.944,104.295,112.944,52200
DHG,12/14/2021 00:00:00,119.982,120.83,113.538,113.792,127400
DHG,12/15/2021 00:00:00,113.368,118.71,113.283,115.149,36400
DHG,12/16/2021 00:00:00,115.318,118.71,107.178,110.231,73300
DHG,12/17/2021 00:00:00,110.315,111.079,103.617,104.804,59400
DHG,12/20/2021 00:00:00,104.804,110.994,104.804,108.959,39300
DHG,12/21/2021 00:00:00,109.128,111.079,108.959,110.231,29500
DHG,12/22/2021 00:00:00,110.061,110.655,104.295,108.45,52600
DHG,12/23/2021 00:00:00,108.535,110.231,104.295,104.55,41800
DHG,12/24/2021 00:00:00,104.21,105.058,100.14,100.14,24400
DHG,12/27/2021 00:00:00,100.14,100.14,95.8159,98.0205,58900
DHG,12/28/2021 00:00:00,98.3597,102.43,97.5117,98.2749,28400
DHG,12/29/2021 00:00:00,99.8011,99.8011,94.12,96.155,24100
DHG,12/30/2021 00:00:00,96.2398,97.5117,91.1523,96.579,56000
DHG,12/31/2021 00:00:00,99.6315,99.6315,95.8159,95.8159,14600
DHG,1/4/2022 00:00:00,95.3919,97.9357,95.3919,97.1726,36800
DHG,1/5/2022 00:00:00,96.9182,97.9357,96.7486,97.5117,43400
DHG,1/6/2022 00:00:00,100.31,104.295,98.7836,104.295,86900
DHG,1/7/2022 00:00:00,104.295,104.295,97.003,97.1726,170400
DHG,1/10/2022 00:00:00,95.3919,96.9182,92.0002,92.0002,56200
DHG,1/11/2022 00:00:00,90.9827,91.4066,85.6407,90.6435,75800
DHG,1/12/2022 00:00:00,89.9652,89.9652,85.8103,85.8103,129600
DHG,1/13/2022 00:00:00,86.4887,89.202,85.8103,86.9126,27500
DHG,1/14/2022 00:00:00,85.8103,89.8804,85.8103,89.8804,44100
DHG,1/17/2022 00:00:00,89.7956,89.8804,86.4887,86.4887,35300
DHG,1/18/2022 00:00:00,88.3541,89.0324,86.743,89.0324,40800
DHG,1/19/2022 00:00:00,87.7606,89.0324,87.0822,87.591,13400
DHG,1/20/2022 00:00:00,86.6582,88.5237,86.6582,87.5062,15300
DHG,1/21/2022 00:00:00,86.4887,87.3366,86.3191,86.5735,23200
DHG,1/24/2022 00:00:00,86.5735,87.2518,83.9449,83.9449,31900
DHG,1/25/2022 00:00:00,83.9449,83.9449,82.673,83.5209,26200
DHG,1/26/2022 00:00:00,83.4361,84.708,83.097,83.5209,24400
DHG,1/27/2022 00:00:00,83.6057,85.6407,83.6057,84.3688,10500
DHG,1/28/2022 00:00:00,84.3688,87.3366,84.3688,87.2518,15000
DHG,2/7/2022 00:00:00,87.3366,88.1845,84.7928,87.2518,16500
DHG,2/8/2022 00:00:00,86.9126,86.9126,84.708,85.8951,28400
DHG,2/9/2022 00:00:00,85.8951,85.9799,84.9624,85.6407,31900
DHG,2/10/2022 00:00:00,87.167,88.0997,86.0647,87.9301,21000
DHG,2/11/2022 00:00:00,88.0149,88.0149,85.6407,86.0647,22400
DHG,2/14/2022 00:00:00,84.7928,85.8103,84.3688,84.4536,87900
DHG,2/15/2022 00:00:00,84.7928,86.4887,84.4536,85.8103,53200
DHG,2/16/2022 00:00:00,85.6407,87.167,85.6407,86.3191,19100
DHG,2/17/2022 00:00:00,85.8103,86.4039,85.4712,86.4039,13300
DHG,2/18/2022 00:00:00,86.4039,92.4242,86.4039,92.3394,98300
DHG,2/21/2022 00:00:00,95.5615,98.3597,94.12,97.5117,104000
DHG,2/22/2022 00:00:00,99.8011,99.8011,96.6638,96.6638,74000
DHG,2/23/2022 00:00:00,96.6638,102.854,95.0527,97.5117,96200
DHG,2/24/2022 00:00:00,97.6813,99.038,93.4417,95.5615,43700
DHG,2/25/2022 00:00:00,95.4767,97.5117,95.3919,96.4942,28600
DHG,2/28/2022 00:00:00,96.4942,96.4942,93.2721,95.3919,44600
DHG,3/1/2022 00:00:00,94.9679,95.6463,94.544,95.0527,27400
DHG,3/2/2022 00:00:00,95.3919,101.582,92.4242,100.056,127100
DHG,3/3/2022 00:00:00,100.649,100.988,93.1025,99.9707,98500
DHG,3/4/2022 00:00:00,100.056,100.056,98.3597,98.3597,31600
DHG,3/7/2022 00:00:00,98.3597,100.056,97.0878,98.9532,46500
DHG,3/8/2022 00:00:00,97.5965,98.4445,97.0878,97.0878,48200
DHG,3/9/2022 00:00:00,95.9855,97.0878,94.9679,97.0878,37200
DHG,3/10/2022 00:00:00,97.003,97.5117,96.3246,97.003,13500
DHG,3/11/2022 00:00:00,96.9182,96.9182,92.8481,94.8831,65700
DHG,3/14/2022 00:00:00,91.1523,94.9679,91.1523,92.6785,28000
DHG,3/15/2022 00:00:00,92.6785,94.12,86.4887,92.1698,45500
DHG,3/16/2022 00:00:00,92.1698,92.4242,90.8131,92.1698,7600
DHG,3/17/2022 00:00:00,94.12,94.12,91.661,92.4242,8900
DHG,3/18/2022 00:00:00,92.4242,93.1873,91.3219,92.2546,19700
DHG,3/21/2022 00:00:00,92.2546,94.0352,91.5762,93.3569,23200
DHG,3/22/2022 00:00:00,93.3569,93.6113,91.1523,91.1523,29800
DHG,3/23/2022 00:00:00,93.3569,94.0352,91.4066,93.6113,28600
DHG,3/24/2022 00:00:00,93.7808,96.0703,93.7808,94.3744,75000
DHG,3/25/2022 00:00:00,95.2223,95.6463,93.2721,94.3744,39100
DHG,3/28/2022 00:00:00,94.3744,96.579,93.7808,94.544,43100
DHG,3/29/2022 00:00:00,93.7808,95.3071,93.7808,94.9679,24800
DHG,3/30/2022 00:00:00,95.3919,95.3919,94.0352,94.12,35200
DHG,3/31/2022 00:00:00,94.12,94.9679,94.12,94.2896,40600
DHG,4/1/2022 00:00:00,94.99,96.2157,93.6768,95.7779,17700
DHG,4/4/2022 00:00:00,95.8655,97.0036,95.8655,96.5659,41100
DHG,4/5/2022 00:00:00,96.5659,97.0911,93.7643,94.5522,35800
DHG,4/6/2022 00:00:00,93.0639,94.5522,93.0639,93.5017,27900
DHG,4/7/2022 00:00:00,93.5017,94.5522,92.5386,93.4141,20600
DHG,4/8/2022 00:00:00,92.3635,94.4647,92.1009,92.9764,23200
DHG,4/12/2022 00:00:00,94.1145,94.1145,86.4978,89.2993,73500
DHG,4/13/2022 00:00:00,89.3869,90.4375,88.7741,89.9997,31500
DHG,4/14/2022 00:00:00,90.0873,90.7877,89.3869,89.3869,10900
DHG,4/15/2022 00:00:00,89.1242,89.6495,88.4239,89.2118,13800
DHG,4/18/2022 00:00:00,87.6359,89.562,87.6359,89.2993,23700
DHG,4/19/2022 00:00:00,89.2993,91.0503,88.4239,89.2993,29000
DHG,4/20/2022 00:00:00,89.2993,90.7001,87.5484,88.9492,25300
DHG,4/21/2022 00:00:00,89.9122,89.9122,88.5114,88.9492,11900
DHG,4/22/2022 00:00:00,88.4239,89.8246,88.4239,89.0367,18200
DHG,4/25/2022 00:00:00,89.1242,89.1242,84.0464,84.0464,54300
DHG,4/26/2022 00:00:00,84.0464,87.5484,84.0464,87.2857,17700
DHG,4/27/2022 00:00:00,86.0601,87.0231,85.3597,86.9355,9500
DHG,4/28/2022 00:00:00,86.6729,87.4608,84.0464,87.4608,36600
DHG,4/29/2022 00:00:00,87.4608,88.599,86.2352,88.5114,22200
DHG,5/4/2022 00:00:00,88.7741,88.7741,86.6729,87.1106,14300
DHG,5/5/2022 00:00:00,87.1106,87.1106,86.0601,86.6729,12900
DHG,5/6/2022 00:00:00,85.0095,89.2118,85.0095,88.2488,16000
DHG,5/9/2022 00:00:00,87.4608,87.9861,85.2721,85.2721,10500
DHG,5/10/2022 00:00:00,85.1846,85.2721,84.0464,85.2721,34000
DHG,5/11/2022 00:00:00,85.2721,86.6729,85.1846,85.7974,16100
DHG,5/12/2022 00:00:00,87.5484,87.5484,84.134,84.4842,19000
DHG,5/13/2022 00:00:00,84.9219,85.4472,82.2955,82.2955,16800
DHG,5/16/2022 00:00:00,84.0464,84.0464,78.8811,79.2313,40500
DHG,5/17/2022 00:00:00,79.3188,80.5445,74.5037,80.5445,36100
DHG,5/18/2022 00:00:00,82.2079,82.2079,78.9686,81.42,9200
DHG,5/19/2022 00:00:00,80.8947,80.8947,77.9181,80.0192,9000
DHG,5/20/2022 00:00:00,79.4064,80.7196,79.4064,79.669,16500
DHG,5/23/2022 00:00:00,80.9822,80.9822,79.2313,79.2313,9100
DHG,5/24/2022 00:00:00,79.5815,80.7196,79.2313,80.1943,6200
DHG,5/25/2022 00:00:00,80.1943,83.0834,80.1943,81.42,11700
DHG,5/26/2022 00:00:00,81.3324,81.42,80.6321,81.42,3800
DHG,5/27/2022 00:00:00,80.9822,82.2079,80.9822,82.1204,11600
DHG,5/30/2022 00:00:00,82.8208,83.171,81.8577,81.8577,13600
DHG,5/31/2022 00:00:00,82.4706,82.4706,81.42,82.2079,11500
DHG,6/1/2022 00:00:00,81.5075,82.2079,79.669,81.3324,8000
DHG,6/2/2022 00:00:00,82.1204,82.1204,80.3694,80.9822,6300
DHG,6/3/2022 00:00:00,80.9822,80.9822,79.4939,80.3694,13600
DHG,6/6/2022 00:00:00,79.669,80.3694,79.2313,79.7566,13100
DHG,6/7/2022 00:00:00,79.7566,80.457,79.2313,80.1068,7900
DHG,6/8/2022 00:00:00,80.5445,82.2955,79.7566,80.7196,18900
DHG,6/9/2022 00:00:00,80.7196,81.42,80.1943,81.2449,5800
DHG,6/10/2022 00:00:00,81.2449,81.3324,80.6321,81.3324,8200
DHG,6/13/2022 00:00:00,80.5445,80.5445,79.2313,79.2313,30900
DHG,6/14/2022 00:00:00,78.7935,80.0192,78.3558,79.2313,6100
DHG,6/15/2022 00:00:00,78.6184,79.2313,78.3558,78.7935,6900
DHG,6/16/2022 00:00:00,80.457,80.457,78.9686,79.5815,13200
DHG,6/17/2022 00:00:00,78.9686,78.9686,75.3792,77.743,22900
DHG,6/20/2022 00:00:00,77.9181,78.0056,77.6554,77.743,10500
DHG,6/21/2022 00:00:00,77.5679,77.5679,75.2916,75.2916,12700
DHG,6/22/2022 00:00:00,75.3792,75.6418,75.029,75.2916,7200
DHG,6/23/2022 00:00:00,75.2916,75.6418,75.2916,75.3792,5900
DHG,6/24/2022 00:00:00,75.3792,75.7293,75.2916,75.7293,7800
DHG,6/27/2022 00:00:00,77.2177,77.5679,76.2546,77.1301,3300
DHG,6/28/2022 00:00:00,77.2177,77.3928,75.8169,77.2177,9700
DHG,6/29/2022 00:00:00,76.4297,77.3052,76.4297,77.0426,7700
DHG,6/30/2022 00:00:00,76.6048,77.3052,76.6048,76.8675,6600
DHG,7/1/2022 00:00:00,76.8675,77.0426,76.2546,76.955,7500
DHG,7/4/2022 00:00:00,77.2177,77.3928,77.0426,77.2177,8600
DHG,7/5/2022 00:00:00,77.3052,77.6554,76.2546,77.6554,5400
DHG,7/6/2022 00:00:00,77.0426,77.2177,76.5173,76.5173,6800
DHG,7/7/2022 00:00:00,77.2177,77.2177,76.4297,76.5173,3900
DHG,7/8/2022 00:00:00,77.1301,77.1301,76.4297,77.0426,9700
DHG,7/11/2022 00:00:00,76.6048,76.6048,76.0795,76.2546,6700
DHG,7/12/2022 00:00:00,76.6048,77.0426,76.2546,77.0426,3900
DHG,7/13/2022 00:00:00,76.6048,78.706,74.4161,77.3928,8400
DHG,7/14/2022 00:00:00,76.4297,77.3052,76.4297,77.2177,2400
DHG,7/15/2022 00:00:00,77.0426,77.3052,77.0426,77.0426,4500
DHG,7/18/2022 00:00:00,76.7799,77.0426,76.6924,77.0426,2400
DHG,7/19/2022 00:00:00,77.0426,77.0426,76.3422,76.4297,2600
DHG,7/20/2022 00:00:00,76.6048,77.4803,76.6048,77.4803,8900
DHG,7/21/2022 00:00:00,77.4803,80.3694,77.4803,80.2819,40700
DHG,7/22/2022 00:00:00,80.5445,81.8577,80.2819,81.8577,22200
DHG,7/25/2022 00:00:00,81.8577,81.8577,80.0192,80.1068,8100
DHG,7/26/2022 00:00:00,80.1068,82.2955,79.669,80.5445,28600
DHG,7/27/2022 00:00:00,81.3324,81.42,81.2449,81.2449,1900
DHG,7/28/2022 00:00:00,81.3324,81.3324,80.5445,80.5445,7200
DHG,7/29/2022 00:00:00,80.5445,80.9822,79.9317,80.8072,5300
DHG,8/1/2022 00:00:00,80.5445,80.5445,79.9317,80.5445,4200
DHG,8/2/2022 00:00:00,80.5445,80.5445,79.4939,80.5445,9700
DHG,8/3/2022 00:00:00,80.5445,81.0698,79.8441,80.457,1400
DHG,8/4/2022 00:00:00,79.7566,80.457,79.7566,80.0192,14800
DHG,8/5/2022 00:00:00,80.5445,80.5445,79.9317,80.1068,8200
DHG,8/8/2022 00:00:00,80.0192,80.457,79.9317,80.0192,2800
DHG,8/9/2022 00:00:00,79.8441,81.2449,79.8441,80.8072,14800
DHG,8/10/2022 00:00:00,81.2449,81.2449,80.8072,81.2449,6600
DHG,8/11/2022 00:00:00,81.1573,81.2449,80.5445,80.5445,800
DHG,8/12/2022 00:00:00,80.5445,81.2449,80.5445,81.0698,6500
DHG,8/15/2022 00:00:00,80.5445,81.1573,80.5445,80.6321,11200
DHG,8/16/2022 00:00:00,80.6321,80.6321,80.1068,80.1943,8100
DHG,8/17/2022 00:00:00,80.1943,81.0698,80.1943,80.1943,13100
DHG,8/18/2022 00:00:00,80.1943,80.5445,80.1943,80.3694,6400
DHG,8/19/2022 00:00:00,80.5445,81.8577,80.5445,81.7702,18800
DHG,8/22/2022 00:00:00,82.7332,82.9959,81.7702,82.2955,8900
DHG,8/23/2022 00:00:00,82.2955,82.2955,81.1573,81.42,7100
DHG,8/24/2022 00:00:00,81.3324,82.2955,81.1573,82.0328,7500
DHG,8/25/2022 00:00:00,82.0328,82.1204,81.42,81.6826,3700
DHG,8/26/2022 00:00:00,80.7196,82.0328,80.7196,81.6826,6400
DHG,8/29/2022 00:00:00,80.2819,80.9822,80.1943,80.5445,17500
DHG,8/30/2022 00:00:00,80.5445,80.9822,79.7566,79.7566,8400
DHG,8/31/2022 00:00:00,79.9317,80.1068,79.669,79.669,16400
DHG,9/5/2022 00:00:00,79.669,80.5445,79.669,80.0192,1700
DHG,9/6/2022 00:00:00,79.7566,80.5445,79.7566,80.5445,4000
DHG,9/7/2022 00:00:00,80.5445,80.5445,79.669,79.669,6000
DHG,9/8/2022 00:00:00,80.5445,80.5445,78.7935,79.0562,6000
DHG,9/9/2022 00:00:00,79.1437,79.1437,78.7935,79.0562,7900
DHG,9/12/2022 00:00:00,81.1573,81.5951,80.5445,80.5445,16800
DHG,9/13/2022 00:00:00,80.2819,81.42,79.3188,79.4939,8100
DHG,9/14/2022 00:00:00,80.3694,80.3694,79.0562,79.2313,9000
DHG,9/15/2022 00:00:00,79.2313,79.7566,79.2313,79.7566,300
DHG,9/16/2022 00:00:00,79.2313,80.5445,79.2313,79.5815,9500
DHG,9/19/2022 00:00:00,79.5815,79.5815,78.8811,78.9686,3300
DHG,9/20/2022 00:00:00,78.9686,79.4939,77.1301,79.4939,10600
DHG,9/21/2022 00:00:00,78.8811,78.8811,77.9181,78.1807,8500
DHG,9/22/2022 00:00:00,77.9181,78.6184,77.5679,78.6184,11400
DHG,9/23/2022 00:00:00,77.4803,78.6184,77.4803,77.9181,1900
DHG,9/26/2022 00:00:00,77.1301,77.4803,76.2546,76.5173,14200
DHG,9/27/2022 00:00:00,75.4667,77.8305,74.5037,77.5679,9800
DHG,9/28/2022 00:00:00,76.1671,77.5679,76.1671,77.5679,7300
DHG,9/29/2022 00:00:00,77.5679,77.5679,75.7293,75.7293,4600
DHG,9/30/2022 00:00:00,75.7293,75.8169,74.4161,74.8539,11100
DHG,10/3/2022 00:00:00,77.2177,77.2177,74.8539,74.9414,2900
DHG,10/4/2022 00:00:00,74.9414,75.1165,73.9784,73.9784,8700
DHG,10/5/2022 00:00:00,72.8402,75.4667,72.7527,74.4161,1900
DHG,10/6/2022 00:00:00,76.0795,76.0795,73.5406,73.5406,9600
DHG,10/7/2022 00:00:00,73.5406,73.5406,72.6652,73.5406,6800
DHG,10/10/2022 00:00:00,71.8772,73.4531,71.8772,72.6652,2200
DHG,10/11/2022 00:00:00,72.5776,72.5776,70.9142,70.9142,4900
DHG,10/12/2022 00:00:00,70.9142,75.1165,70.9142,73.7157,1900
DHG,10/13/2022 00:00:00,73.6282,73.7157,73.1029,73.5406,5200
DHG,10/14/2022 00:00:00,74.4161,74.4161,72.7527,72.9278,3800
DHG,10/17/2022 00:00:00,72.9278,73.1904,71.7897,72.5776,8000
DHG,10/18/2022 00:00:00,72.6652,73.1029,72.6652,73.0153,6000
DHG,10/19/2022 00:00:00,74.4161,76.1671,74.3286,75.2916,24600
DHG,10/20/2022 00:00:00,75.3792,78.7935,75.2916,78.7935,31300
DHG,10/21/2022 00:00:00,78.9686,81.42,77.8305,78.7935,46100
DHG,10/24/2022 00:00:00,78.8811,78.8811,75.8169,77.0426,12900
DHG,10/25/2022 00:00:00,75.8169,77.8305,75.2916,77.4803,12700
DHG,10/26/2022 00:00:00,77.4803,77.4803,74.4161,76.8675,9500
DHG,10/27/2022 00:00:00,75.7293,77.0426,75.3792,76.8675,4800
DHG,10/28/2022 00:00:00,77.0426,77.0426,75.2916,76.5173,10200
DHG,10/31/2022 00:00:00,77.0426,77.0426,75.2916,75.2916,5800
DHG,11/1/2022 00:00:00,74.8539,76.1671,74.4161,74.5912,10500
DHG,11/2/2022 00:00:00,74.4161,75.2916,74.4161,75.2916,4500
DHG,11/3/2022 00:00:00,75.2916,75.8169,74.9414,74.9414,2400
DHG,11/4/2022 00:00:00,74.9414,74.9414,73.1029,74.1535,8600
DHG,11/7/2022 00:00:00,74.4161,74.4161,73.1029,73.278,2500
DHG,11/8/2022 00:00:00,72.315,73.278,72.315,73.278,2100
DHG,11/9/2022 00:00:00,73.3655,73.3655,73.1029,73.278,7700
DHG,11/10/2022 00:00:00,73.278,73.278,70.0387,71.3519,48600
DHG,11/11/2022 00:00:00,74.5912,74.5912,71.2644,71.2644,5700
DHG,11/14/2022 00:00:00,73.0153,73.1029,71.2644,72.1399,3100
DHG,11/15/2022 00:00:00,72.2274,72.6652,68.2877,69.9511,23800
DHG,11/16/2022 00:00:00,69.9511,71.3519,69.6885,71.3519,10600
DHG,11/17/2022 00:00:00,72.6652,72.8402,71.3519,71.9648,3600
DHG,11/18/2022 00:00:00,72.4025,73.278,71.2644,72.8402,4700
DHG,11/21/2022 00:00:00,72.8402,72.8402,71.7021,71.7897,4500
DHG,11/22/2022 00:00:00,71.7897,72.4025,70.9142,72.4025,7300
DHG,11/23/2022 00:00:00,72.2274,72.2274,71.7897,71.7897,2100
DHG,11/24/2022 00:00:00,71.7897,72.4025,71.3519,71.6146,1600
DHG,11/25/2022 00:00:00,70.9142,71.7897,70.4764,70.6515,14000
DHG,11/28/2022 00:00:00,71.7897,72.6652,71.0017,72.6652,22000
DHG,11/29/2022 00:00:00,72.6652,72.6652,71.6146,71.8772,19300
DHG,11/30/2022 00:00:00,71.6146,75.2916,71.6146,75.2916,55600
DHG,12/1/2022 00:00:00,74.0659,76.0795,73.6282,73.8908,30000
DHG,12/2/2022 00:00:00,73.8908,73.8908,73.1029,73.8033,7500
DHG,12/5/2022 00:00:00,74.1535,75.1165,73.9784,75.1165,18900
DHG,12/6/2022 00:00:00,75.2041,75.2916,74.0659,74.4161,8600
DHG,12/7/2022 00:00:00,73.7157,74.6788,73.7157,73.9784,9400
DHG,12/8/2022 00:00:00,75.2041,75.8169,74.1535,75.2041,12500
DHG,12/9/2022 00:00:00,74.4161,75.2916,74.0659,74.241,7400
DHG,12/12/2022 00:00:00,74.4161,75.6418,74.4161,74.5037,7200
DHG,12/13/2022 00:00:00,74.5037,74.5037,73.7157,74.3286,11900
DHG,12/14/2022 00:00:00,74.4161,74.8539,74.0659,74.8539,7200
DHG,12/15/2022 00:00:00,74.9414,74.9414,74.3286,74.8539,7700
DHG,12/16/2022 00:00:00,73.9784,75.1165,73.9784,75.1165,9400
DHG,12/19/2022 00:00:00,75.029,75.1165,74.4161,75.029,3100
DHG,12/20/2022 00:00:00,74.5912,75.029,74.0659,74.7663,21900
DHG,12/21/2022 00:00:00,74.8539,74.8539,74.7663,74.7663,1700
DHG,12/22/2022 00:00:00,74.7663,74.7663,74.1535,74.3286,4500
DHG,12/23/2022 00:00:00,74.3286,74.9414,73.8033,74.9414,3400
DHG,12/26/2022 00:00:00,74.7663,74.7663,72.6652,73.9784,3200
DHG,12/27/2022 00:00:00,73.9784,73.9784,73.7157,73.9784,2900
DHG,12/28/2022 00:00:00,74.1535,74.5037,73.6282,74.5037,2900
DHG,12/29/2022 00:00:00,74.5037,74.5037,74.1535,74.3286,1600
DHG,12/30/2022 00:00:00,74.0659,74.3286,70.0387,74.3286,3500
DHG,1/3/2023 00:00:00,74.3286,75.7293,74.3286,75.6418,15500
DHG,1/4/2023 00:00:00,75.7293,76.1671,74.8539,76.1671,3800
DHG,1/5/2023 00:00:00,75.9044,76.1671,75.9044,76.0795,3800
DHG,1/6/2023 00:00:00,74.9414,75.992,74.9414,75.4667,2100
DHG,1/9/2023 00:00:00,75.4667,75.6418,74.4161,75.6418,8800
DHG,1/10/2023 00:00:00,75.6418,76.8675,75.6418,76.8675,12300
DHG,1/11/2023 00:00:00,76.8675,79.2313,76.8675,77.9181,7400
DHG,1/12/2023 00:00:00,77.9181,77.9181,76.8675,76.8675,5000
DHG,1/13/2023 00:00:00,76.2546,77.743,76.2546,76.7799,2300
DHG,1/16/2023 00:00:00,77.0426,77.0426,76.3422,76.4297,6800
DHG,1/17/2023 00:00:00,76.6048,77.3928,76.6048,77.0426,4600
DHG,1/18/2023 00:00:00,75.4667,77.0426,75.4667,76.6048,17800
DHG,1/19/2023 00:00:00,76.6048,78.2682,76.6048,78.2682,10400
DHG,1/27/2023 00:00:00,78.7935,81.6826,78.7935,81.5075,35600
DHG,1/30/2023 00:00:00,82.7332,83.0834,81.8577,82.4706,28500
DHG,1/31/2023 00:00:00,82.4706,83.171,81.5951,82.6457,17100
DHG,2/1/2023 00:00:00,83.9589,83.9589,81.9453,82.1204,11100
DHG,2/2/2023 00:00:00,82.1204,82.383,81.8577,82.1204,20200
DHG,2/3/2023 00:00:00,82.0328,84.5717,82.0328,84.5717,20200
DHG,2/6/2023 00:00:00,82.8208,84.9219,82.8208,84.7468,10300
DHG,2/7/2023 00:00:00,84.4842,86.4978,84.4842,85.2721,42300
DHG,2/8/2023 00:00:00,84.8344,84.8344,83.2585,84.2215,8200
DHG,2/9/2023 00:00:00,84.2215,84.2215,82.4706,83.5211,7500
DHG,2/10/2023 00:00:00,87.0231,87.4608,84.0464,84.3966,20400
DHG,2/13/2023 00:00:00,84.3966,86.4978,84.3091,85.7974,58100
DHG,2/14/2023 00:00:00,85.3597,86.6729,85.3597,86.2352,5200
DHG,2/15/2023 00:00:00,85.7974,87.3733,85.7974,86.6729,19500
DHG,2/16/2023 00:00:00,87.4608,87.4608,85.9725,86.5853,14800
DHG,2/17/2023 00:00:00,86.4978,87.1106,85.885,85.9725,8500
DHG,2/20/2023 00:00:00,85.9725,85.9725,84.0464,85.5348,17800
DHG,2/21/2023 00:00:00,86.9355,86.9355,85.885,86.5853,11700
DHG,2/22/2023 00:00:00,87.2857,87.2857,85.0095,85.7974,7700
DHG,2/23/2023 00:00:00,86.1476,86.3227,85.097,86.1476,47100
DHG,2/24/2023 00:00:00,86.1476,86.3227,84.9219,84.9219,7900
DHG,2/27/2023 00:00:00,84.9219,84.9219,83.7838,84.3966,7200
DHG,2/28/2023 00:00:00,83.5211,87.3733,83.5211,84.3091,2200
DHG,3/1/2023 00:00:00,84.7468,87.1106,84.7468,86.2352,4000
DHG,3/2/2023 00:00:00,86.2352,86.2352,85.097,85.097,5200
DHG,3/3/2023 00:00:00,86.5853,86.5853,84.9219,84.9219,3000
DHG,3/6/2023 00:00:00,85.2721,85.2721,83.6087,83.8713,5900
DHG,3/7/2023 00:00:00,82.4706,84.4842,82.4706,84.2215,4600
DHG,3/8/2023 00:00:00,84.0464,84.2215,83.6963,84.134,8100
DHG,3/9/2023 00:00:00,84.4842,85.1846,84.0464,84.2215,5200
DHG,3/10/2023 00:00:00,84.2215,84.9219,84.2215,84.2215,2500
DHG,3/13/2023 00:00:00,84.2215,85.0095,84.134,84.2215,3000
DHG,3/14/2023 00:00:00,84.2215,84.2215,83.171,83.6087,2300
DHG,3/15/2023 00:00:00,83.6087,84.4842,83.6087,84.4842,4600
DHG,3/16/2023 00:00:00,82.383,83.9589,82.383,83.3461,5900
DHG,3/17/2023 00:00:00,82.383,82.5581,81.6826,81.6826,7400
DHG,3/20/2023 00:00:00,82.2955,83.171,79.669,81.42,8700
DHG,3/21/2023 00:00:00,80.7196,81.0698,80.7196,81.0698,2300
DHG,3/22/2023 00:00:00,81.0698,82.9959,81.0698,82.2079,3300
DHG,3/23/2023 00:00:00,82.2955,82.2955,81.7702,82.2079,700
DHG,3/24/2023 00:00:00,80.8072,82.2079,80.8072,82.2079,200
DHG,3/27/2023 00:00:00,81.42,82.1204,81.0698,81.8577,6000
DHG,3/28/2023 00:00:00,81.8577,82.9959,80.8072,81.6826,3800
DHG,3/29/2023 00:00:00,81.6826,81.6826,81.42,81.42,3300
DHG,3/30/2023 00:00:00,81.42,82.2955,81.0698,81.1573,6000
DHG,3/31/2023 00:00:00,81.0698,81.42,80.8072,81.1573,14100
DHG,4/3/2023 00:00:00,81.1573,81.42,81.1573,81.2449,2600
DHG,4/4/2023 00:00:00,80.9822,80.9822,80.5445,80.8947,14200
DHG,4/5/2023 00:00:00,80.8947,80.9822,80.5445,80.7196,3200
DHG,4/6/2023 00:00:00,81.1573,81.1573,79.9317,80.8072,8600
DHG,4/7/2023 00:00:00,81.42,81.42,80.1068,80.1068,2100
DHG,4/10/2023 00:00:00,79.8441,80.8947,79.8441,80.8947,8400
DHG,4/11/2023 00:00:00,80.7196,80.9822,79.9317,80.5445,9200
DHG,4/12/2023 00:00:00,80.5445,80.6321,80.1068,80.6321,1300
DHG,4/13/2023 00:00:00,80.6321,80.6321,80.0192,80.6321,7500
DHG,4/14/2023 00:00:00,81.0698,81.8577,81.0698,81.7702,5500
DHG,4/17/2023 00:00:00,81.7702,82.2955,81.5075,81.5075,9900
DHG,4/18/2023 00:00:00,81.5951,81.5951,81.5075,81.5075,3100
DHG,4/19/2023 00:00:00,81.5075,81.5075,80.1068,80.457,10600
DHG,4/20/2023 00:00:00,80.457,82.2955,80.3694,80.9822,9600
DHG,4/21/2023 00:00:00,86.5853,86.5853,86.5853,86.5853,42500
DHG,4/24/2023 00:00:00,91.5756,91.5756,88.9492,91.2254,174800
DHG,4/25/2023 00:00:00,90.9628,90.9628,89.3869,90.1748,18800
DHG,4/26/2023 00:00:00,90.1748,93.6768,88.5114,92.4511,89800
DHG,4/27/2023 00:00:00,92.5386,92.5386,91.0503,92.4511,33100
DHG,4/28/2023 00:00:00,92.3635,93.3266,91.5756,92.6262,37300
DHG,5/4/2023 00:00:00,92.0133,99.0172,92.0133,99.0172,154500
DHG,5/5/2023 00:00:00,99.0172,103.482,99.0172,101.556,99100
DHG,5/8/2023 00:00:00,101.556,103.22,99.8052,100.681,63000
DHG,5/9/2023 00:00:00,100.681,101.381,98.1417,99.7176,50800
DHG,5/10/2023 00:00:00,99.3563,101.976,98.4531,98.4531,24200
DHG,5/11/2023 00:00:00,96.3756,99.3563,96.3756,99.3563,86700
DHG,5/12/2023 00:00:00,98.6337,99.1757,97.8208,97.8208,37000
DHG,5/15/2023 00:00:00,97.8208,102.066,97.7305,99.0853,76900
DHG,5/16/2023 00:00:00,98.6337,99.8982,98.5434,99.4466,13000
DHG,5/17/2023 00:00:00,99.4466,99.7176,97.2789,99.266,34100
DHG,5/18/2023 00:00:00,98.995,100.711,98.995,100.26,17300
DHG,5/19/2023 00:00:00,100.26,100.982,99.3563,99.4466,20800
DHG,5/22/2023 00:00:00,99.4466,100.26,98.995,99.8982,5500
DHG,5/23/2023 00:00:00,100.801,100.801,99.1757,100.26,23900
DHG,5/24/2023 00:00:00,99.3563,100.26,98.9047,100.169,26100
DHG,5/25/2023 00:00:00,100.169,106.582,99.8079,103.06,209800
DHG,5/26/2023 00:00:00,103.872,103.872,96.5563,101.163,66200
DHG,5/29/2023 00:00:00,100.711,100.711,98.0014,98.4531,46800
DHG,5/30/2023 00:00:00,102.066,102.066,98.4531,101.343,47700
DHG,5/31/2023 00:00:00,99.8982,101.163,98.9047,99.4466,71500
DHG,6/1/2023 00:00:00,99.4466,102.066,98.4531,102.066,56200
DHG,6/2/2023 00:00:00,102.066,102.247,101.163,101.163,49600
DHG,6/5/2023 00:00:00,101.163,101.976,99.3563,99.6273,62800
DHG,6/6/2023 00:00:00,101.163,101.343,100.531,101.343,17800
DHG,6/7/2023 00:00:00,101.705,101.705,100.26,101.343,15900
DHG,6/8/2023 00:00:00,101.343,108.389,101.343,106.582,175300
DHG,6/9/2023 00:00:00,106.582,113.989,106.492,113.989,127700
DHG,6/12/2023 00:00:00,113.989,117.15,111.369,114.621,62800
DHG,6/13/2023 00:00:00,112.995,114.531,108.389,113.627,36900
DHG,6/14/2023 00:00:00,111.098,113.808,111.098,112.002,10700
DHG,6/15/2023 00:00:00,112.002,113.537,109.744,113.537,25800
DHG,6/16/2023 00:00:00,113.357,113.447,111.55,112.002,58900
DHG,6/19/2023 00:00:00,113.357,113.357,110.195,112.002,15200
DHG,6/20/2023 00:00:00,111.911,116.969,111.911,114.711,35000
DHG,6/21/2023 00:00:00,113.537,113.537,111.098,111.098,27100
DHG,6/22/2023 00:00:00,111.098,113.357,110.195,110.737,32100
DHG,6/23/2023 00:00:00,110.285,112.815,110.285,111.731,14000
DHG,6/26/2023 00:00:00,111.731,116.969,110.737,116.518,44700
DHG,6/27/2023 00:00:00,116.518,121.757,113.176,120.402,63800
DHG,6/28/2023 00:00:00,120.04,121.034,117.421,119.047,17100
DHG,6/29/2023 00:00:00,119.047,119.047,116.066,116.066,29800
DHG,6/30/2023 00:00:00,116.518,118.324,115.615,116.066,43700
DHG,7/3/2023 00:00:00,116.066,120.853,116.066,120.853,38400
DHG,7/4/2023 00:00:00,119.228,120.582,116.969,117.421,41100
DHG,7/5/2023 00:00:00,120.311,120.311,118.144,119.77,11400
DHG,7/6/2023 00:00:00,117.602,119.679,116.518,118.234,50300
DHG,7/7/2023 00:00:00,118.144,122.479,117.873,121.847,48700
DHG,7/10/2023 00:00:00,123.111,123.744,119.318,121.937,38000
DHG,7/11/2023 00:00:00,122.118,122.299,120.763,121.034,25200
DHG,7/12/2023 00:00:00,121.034,121.757,119.228,119.679,15400
DHG,7/13/2023 00:00:00,120.944,121.847,119.228,119.318,29900
DHG,7/14/2023 00:00:00,119.228,119.228,116.608,117.421,69600
DHG,7/17/2023 00:00:00,117.331,117.331,114.711,114.711,70800
DHG,7/18/2023 00:00:00,114.711,117.421,114.711,117.24,92900
DHG,7/19/2023 00:00:00,117.24,125.37,117.24,125.37,219200
DHG,7/20/2023 00:00:00,124.647,126.453,123.744,126.092,56900
DHG,7/21/2023 00:00:00,117.421,119.228,117.331,117.331,242900
DHG,7/24/2023 00:00:00,112.092,115.615,110.647,112.634,272400
DHG,7/25/2023 00:00:00,112.905,114.531,112.002,112.092,100800
DHG,7/26/2023 00:00:00,112.363,112.995,112.002,112.905,52600
DHG,7/27/2023 00:00:00,112.453,112.724,106.763,107.576,203100
DHG,7/28/2023 00:00:00,108.298,108.298,104.324,105.679,131800
DHG,7/31/2023 00:00:00,105.769,111.098,105.679,111.098,42500
DHG,8/1/2023 00:00:00,109.382,111.46,107.485,107.485,90200
DHG,8/2/2023 00:00:00,109.653,109.653,107.395,108.118,20700
DHG,8/3/2023 00:00:00,108.118,109.744,108.118,108.66,42400
DHG,8/4/2023 00:00:00,109.292,109.292,107.847,108.118,19300
DHG,8/7/2023 00:00:00,108.208,108.208,106.582,107.395,35300
DHG,8/8/2023 00:00:00,107.395,107.395,105.498,106.492,72000
DHG,8/9/2023 00:00:00,106.492,108.298,105.769,105.769,28500
DHG,8/10/2023 00:00:00,105.769,106.582,104.776,104.776,40100
DHG,8/11/2023 00:00:00,104.776,105.227,103.872,104.776,24700
DHG,8/14/2023 00:00:00,105.679,105.679,104.053,104.776,23300
DHG,8/15/2023 00:00:00,104.776,108.298,104.776,108.298,54000
DHG,8/16/2023 00:00:00,107.937,107.937,105.86,105.95,16200
DHG,8/17/2023 00:00:00,105.95,105.95,103.872,103.872,102100
DHG,8/18/2023 00:00:00,103.963,106.582,102.969,103.872,80600
DHG,8/21/2023 00:00:00,103.872,104.595,103.15,103.872,16800
DHG,8/22/2023 00:00:00,103.872,103.872,102.066,102.969,55300
DHG,8/23/2023 00:00:00,102.518,102.969,102.427,102.789,21000
DHG,8/24/2023 00:00:00,102.789,102.969,102.156,102.879,30800
DHG,8/25/2023 00:00:00,102.969,104.776,102.698,104.505,26900
DHG,8/28/2023 00:00:00,104.595,105.227,104.505,105.047,25100
DHG,8/29/2023 00:00:00,105.047,105.679,104.053,104.053,27200
DHG,8/30/2023 00:00:00,104.053,105.137,103.872,105.137,27500
DHG,8/31/2023 00:00:00,105.227,106.944,105.227,106.582,30900
DHG,9/5/2023 00:00:00,105.679,107.034,105.679,106.492,18000
DHG,9/6/2023 00:00:00,106.763,111.098,105.95,110.195,74600
DHG,9/7/2023 00:00:00,109.834,112.724,109.834,111.55,123900
DHG,9/8/2023 00:00:00,111.55,111.55,108.66,110.015,62400
DHG,9/11/2023 00:00:00,110.918,111.008,103.872,108.118,22600
DHG,9/12/2023 00:00:00,108.298,111.369,108.208,111.369,68000
DHG,9/13/2023 00:00:00,111.369,111.369,108.66,108.84,19900
DHG,9/14/2023 00:00:00,110.015,110.015,106.582,107.034,18300
DHG,9/15/2023 00:00:00,108.298,108.298,106.492,106.582,21600
DHG,9/18/2023 00:00:00,108.298,108.298,106.673,106.944,20200
DHG,9/19/2023 00:00:00,107.485,107.485,106.131,107.305,7600
DHG,9/20/2023 00:00:00,107.485,107.485,106.582,107.124,15700
DHG,9/21/2023 00:00:00,108.389,108.389,106.582,107.214,21300
DHG,9/22/2023 00:00:00,108.208,108.208,105.679,106.492,36500
DHG,9/25/2023 00:00:00,106.582,108.298,104.776,104.776,26700
DHG,9/26/2023 00:00:00,105.047,106.582,103.872,104.956,19500
DHG,9/27/2023 00:00:00,104.324,105.86,104.324,105.86,50500
DHG,9/28/2023 00:00:00,105.679,105.679,104.776,105.137,15200
DHG,9/29/2023 00:00:00,107.395,107.395,105.047,105.679,14500
DHG,10/2/2023 00:00:00,107.034,107.395,106.582,107.214,15200
DHG,10/3/2023 00:00:00,106.131,107.847,104.866,105.408,12400
DHG,10/4/2023 00:00:00,103.963,105.408,103.872,105.318,8200
DHG,10/5/2023 00:00:00,105.86,106.492,103.963,105.408,12300
DHG,10/6/2023 00:00:00,105.137,106.131,104.324,106.131,9100
DHG,10/9/2023 00:00:00,106.221,110.647,106.221,110.376,190100
DHG,10/10/2023 00:00:00,111.64,111.64,109.382,109.924,10800
DHG,10/11/2023 00:00:00,110.827,110.827,107.485,109.563,58900
DHG,10/12/2023 00:00:00,109.111,109.292,107.937,109.021,43900
DHG,10/13/2023 00:00:00,108.931,108.931,107.485,108.389,12200
DHG,10/16/2023 00:00:00,109.202,109.292,107.485,108.118,30600
DHG,10/17/2023 00:00:00,109.653,109.653,107.124,107.124,14000
DHG,10/18/2023 00:00:00,108.569,108.569,102.969,104.234,59800
DHG,10/19/2023 00:00:00,104.234,104.685,103.872,103.872,64000
DHG,10/20/2023 00:00:00,103.872,104.685,102.969,104.685,33200
DHG,10/23/2023 00:00:00,101.343,102.789,99.3563,99.3563,52700
DHG,10/24/2023 00:00:00,98.6337,100.169,98.6337,99.7176,12300
DHG,10/25/2023 00:00:00,99.7176,100.711,98.0918,98.0918,27700
DHG,10/26/2023 00:00:00,99.1757,99.1757,91.3175,92.9433,51200
DHG,10/27/2023 00:00:00,92.9433,93.0336,91.3175,91.5884,10500
DHG,10/30/2023 00:00:00,91.2271,92.4917,88.5174,91.6788,13100
DHG,10/31/2023 00:00:00,95.653,95.653,90.3239,90.3239,13300
DHG,11/1/2023 00:00:00,90.3239,92.582,89.511,92.582,11500
DHG,11/2/2023 00:00:00,92.582,93.0336,91.1368,93.0336,18100
DHG,11/3/2023 00:00:00,94.8401,94.8401,93.124,93.5756,7500
DHG,11/6/2023 00:00:00,93.5756,94.7498,93.0336,94.6595,7100
DHG,11/7/2023 00:00:00,94.6595,94.8401,93.0336,94.6595,9100
DHG,11/8/2023 00:00:00,94.3885,95.7433,93.5756,95.7433,18100
DHG,11/9/2023 00:00:00,95.7433,96.5563,95.2014,95.2014,10300
DHG,11/10/2023 00:00:00,95.2014,95.2014,94.1175,94.2078,7200
DHG,11/13/2023 00:00:00,94.2982,94.6595,94.2078,94.2078,3300
DHG,11/14/2023 00:00:00,94.3885,95.4724,93.4853,94.7498,12100
DHG,11/15/2023 00:00:00,94.8401,95.653,94.2982,95.2917,5900
DHG,11/16/2023 00:00:00,95.2917,95.2917,94.0272,95.2917,10500
DHG,11/17/2023 00:00:00,94.2078,95.2917,93.4853,94.0272,8600
DHG,11/20/2023 00:00:00,90.6852,94.0272,90.6852,93.5756,4800
DHG,11/21/2023 00:00:00,93.5756,95.2917,92.1304,95.0208,21400
DHG,11/22/2023 00:00:00,95.0208,95.2014,92.311,94.3885,10700
DHG,11/23/2023 00:00:00,93.0336,93.2143,92.7627,93.0336,35200
DHG,11/24/2023 00:00:00,93.124,93.124,92.4014,92.7627,6600
DHG,11/27/2023 00:00:00,94.2982,94.3885,92.6723,93.4853,4100
DHG,11/28/2023 00:00:00,93.4853,93.4853,90.2336,92.1304,28400
DHG,11/29/2023 00:00:00,92.1304,93.7562,91.8594,93.7562,14100
DHG,11/30/2023 00:00:00,93.7562,94.5691,93.124,93.6659,14200
DHG,12/1/2023 00:00:00,93.6659,93.6659,93.0336,93.3949,3600
DHG,12/4/2023 00:00:00,93.3949,93.9369,92.853,93.8465,29000
DHG,12/5/2023 00:00:00,94.2982,94.2982,92.853,93.8465,28200
DHG,12/6/2023 00:00:00,93.9369,93.9369,92.853,93.5756,25600
DHG,12/7/2023 00:00:00,93.3046,93.3046,91.9497,92.2207,40700
DHG,12/8/2023 00:00:00,93.0336,93.0336,85.8077,92.2207,45200
DHG,12/11/2023 00:00:00,92.311,92.311,90.3239,90.7755,24000
DHG,12/12/2023 00:00:00,90.5046,91.6788,90.5046,91.4981,15700
DHG,12/13/2023 00:00:00,91.2271,91.5884,90.2336,90.6852,11200
DHG,12/14/2023 00:00:00,90.6852,91.0465,90.3239,90.5046,5100
DHG,12/15/2023 00:00:00,90.3239,90.7755,90.2336,90.5949,6400
DHG,12/18/2023 00:00:00,90.5949,90.6852,90.3239,90.3239,5800
DHG,12/19/2023 00:00:00,90.3239,90.3239,88.9691,90.2336,12900
DHG,12/20/2023 00:00:00,90.2336,90.4142,89.1497,90.1433,15400
DHG,12/21/2023 00:00:00,88.8787,89.8723,88.8787,89.3304,12600
DHG,12/22/2023 00:00:00,88.8787,89.8723,88.8787,89.8723,12700
DHG,12/25/2023 00:00:00,89.8723,90.5046,89.8723,90.2336,6900
DHG,12/26/2023 00:00:00,91.4981,91.4981,90.7755,91.0465,6100
DHG,12/27/2023 00:00:00,91.0465,91.6788,91.0465,91.2271,18300
DHG,12/28/2023 00:00:00,92.0401,92.0401,90.7755,91.4078,3000
DHG,12/29/2023 00:00:00,91.4078,93.9369,91.3175,93.9369,67600
DHG,1/2/2024 00:00:00,93.9369,99.3563,93.9369,99.3563,46900
DHG,1/3/2024 00:00:00,99.3563,102.066,99.3563,99.8982,52900
DHG,1/4/2024 00:00:00,99.8982,100.26,98.0014,98.0014,32900
DHG,1/5/2024 00:00:00,98.0014,98.0014,96.0143,97.4595,9200
DHG,1/8/2024 00:00:00,97.8208,97.8208,96.6466,97.3692,16800
DHG,1/9/2024 00:00:00,97.3692,100.26,97.0982,98.4531,10400
DHG,1/10/2024 00:00:00,97.5498,97.5498,96.8272,96.9176,27000
DHG,1/11/2024 00:00:00,96.8272,97.6402,95.7433,97.4595,7500
DHG,1/12/2024 00:00:00,96.4659,97.0982,96.3756,96.6466,11900
DHG,1/15/2024 00:00:00,96.7369,96.8272,96.3756,96.3756,3100
DHG,1/16/2024 00:00:00,95.0208,96.2853,95.0208,96.2853,2900
DHG,1/17/2024 00:00:00,95.7433,95.7433,93.9369,93.9369,29900
DHG,1/18/2024 00:00:00,94.4788,95.382,94.4788,95.2014,5900
DHG,1/19/2024 00:00:00,95.653,95.8337,95.2014,95.382,9200
DHG,1/22/2024 00:00:00,95.8337,96.6466,95.1111,95.8337,47300
DHG,1/23/2024 00:00:00,95.924,99.1757,95.8337,97.0982,25100
DHG,1/24/2024 00:00:00,97.0982,98.2724,96.6466,97.4595,24200
DHG,1/25/2024 00:00:00,97.4595,98.0014,97.4595,97.5498,25400
DHG,1/26/2024 00:00:00,97.4595,97.4595,96.2853,96.2853,7800
DHG,1/29/2024 00:00:00,96.6466,97.3692,96.2853,96.2853,15800
DHG,1/30/2024 00:00:00,97.2789,97.2789,95.7433,96.5563,12700
DHG,1/31/2024 00:00:00,97.4595,97.4595,95.7433,95.7433,5800
DHG,2/1/2024 00:00:00,93.124,96.195,93.124,95.7433,11600
DHG,2/2/2024 00:00:00,96.6466,96.6466,95.7433,95.8337,4200
DHG,2/5/2024 00:00:00,95.2014,96.0143,95.1111,95.7433,9200
DHG,2/6/2024 00:00:00,95.2014,95.7433,95.1111,95.7433,11300
DHG,2/7/2024 00:00:00,95.7433,97.0982,95.7433,96.9176,10000
DHG,2/15/2024 00:00:00,96.9176,97.0982,96.2853,96.8272,7000
DHG,2/16/2024 00:00:00,96.6466,96.7369,95.7433,96.195,7800
DHG,2/19/2024 00:00:00,96.195,98.3627,95.8337,97.6402,18400
DHG,2/20/2024 00:00:00,97.6402,100.26,97.6402,99.7176,38800
DHG,2/21/2024 00:00:00,100.892,100.892,98.9047,99.3563,12800
DHG,2/22/2024 00:00:00,98.995,98.995,98.4531,98.8144,6000
DHG,2/23/2024 00:00:00,98.8144,100.26,97.5498,98.0014,17300
DHG,2/26/2024 00:00:00,97.8208,98.1821,96.6466,98.1821,9900
DHG,2/27/2024 00:00:00,98.2724,98.4531,97.5498,98.4531,12500
DHG,2/28/2024 00:00:00,98.6337,99.0853,97.5498,97.7305,22000
DHG,2/29/2024 00:00:00,99.1757,99.1757,97.5498,98.4531,22700
DHG,3/1/2024 00:00:00,99.266,99.266,97.5498,98.3627,23000
DHG,3/4/2024 00:00:00,98.4531,99.6273,98.0918,98.724,12300
DHG,3/5/2024 00:00:00,98.724,99.3563,97.7305,98.3627,13700
DHG,3/6/2024 00:00:00,98.5434,98.8144,97.7305,98.3627,12800
DHG,3/7/2024 00:00:00,98.3627,102.969,98.3627,102.066,48300
DHG,3/8/2024 00:00:00,102.066,102.066,99.5369,99.8079,27200
DHG,3/11/2024 00:00:00,99.9886,101.434,99.3563,99.3563,15000
DHG,3/12/2024 00:00:00,99.3563,100.982,99.3563,100.44,19300
DHG,3/13/2024 00:00:00,100.531,102.337,100.531,101.885,30300
DHG,3/14/2024 00:00:00,101.885,101.885,101.163,101.163,20300
DHG,3/15/2024 00:00:00,101.163,101.163,99.5369,100.26,16900
DHG,3/18/2024 00:00:00,103.782,107.034,102.066,106.221,97400
DHG,3/19/2024 00:00:00,106.221,108.84,106.131,106.582,33800
DHG,3/20/2024 00:00:00,108.298,108.298,104.776,105.318,16300
DHG,3/21/2024 00:00:00,105.318,106.402,104.776,105.408,13300
DHG,3/22/2024 00:00:00,105.047,106.492,104.414,104.956,18100
DHG,3/25/2024 00:00:00,105.227,107.034,104.505,105.047,16600
DHG,3/26/2024 00:00:00,105.047,105.769,104.595,105.498,18500
DHG,3/27/2024 00:00:00,105.498,105.498,104.414,105.047,15700
DHG,3/28/2024 00:00:00,105.137,105.679,104.956,105.047,17800
DHG,3/29/2024 00:00:00,105.227,106.402,105.047,105.137,10800
DHG,4/1/2024 00:00:00,104.505,105.137,102.969,105.137,22600
DHG,4/2/2024 00:00:00,105.137,105.137,103.963,104.776,5600
DHG,4/3/2024 00:00:00,105.047,105.047,103.963,104.324,17100
DHG,4/4/2024 00:00:00,104.324,104.685,103.872,103.963,6700
DHG,4/5/2024 00:00:00,103.06,104.505,103.06,104.234,4500
DHG,4/8/2024 00:00:00,104.234,104.234,102.969,103.872,9800
DHG,4/9/2024 00:00:00,102.066,103.872,102.066,103.421,9000
DHG,4/10/2024 00:00:00,103.15,103.782,103.15,103.782,6500
DHG,4/11/2024 00:00:00,104.414,104.414,103.331,103.421,13200
DHG,4/12/2024 00:00:00,103.511,107.937,102.789,104.776,7900
DHG,4/15/2024 00:00:00,103.602,104.234,103.421,103.421,12600
DHG,4/16/2024 00:00:00,98.4531,103.511,98.4531,103.511,14900
DHG,4/17/2024 00:00:00,101.343,103.511,101.163,103.331,3600
DHG,4/19/2024 00:00:00,102.969,102.969,100.35,100.531,33600
DHG,4/22/2024 00:00:00,100.44,101.072,100.26,100.44,30100
DHG,4/23/2024 00:00:00,100.711,100.982,100.26,100.982,13200
DHG,4/24/2024 00:00:00,101.163,103.872,101.163,102.066,7600
DHG,4/25/2024 00:00:00,102.066,102.969,102.066,102.698,13000
DHG,4/26/2024 00:00:00,102.698,103.24,102.698,103.06,11500
DHG,5/2/2024 00:00:00,102.969,103.06,102.066,102.789,8900
DHG,5/3/2024 00:00:00,102.789,102.789,102.427,102.518,8500
DHG,5/6/2024 00:00:00,102.518,103.872,98.4531,98.4531,28200
DHG,5/7/2024 00:00:00,102.066,102.337,101.163,102.066,15400
DHG,5/8/2024 00:00:00,102.066,103.331,101.434,101.705,7400
DHG,5/9/2024 00:00:00,102.066,102.969,102.066,102.608,7500
DHG,5/10/2024 00:00:00,102.879,103.15,102.518,103.15,10200
DHG,5/13/2024 00:00:00,103.872,105.589,103.782,105.408,31500
DHG,5/14/2024 00:00:00,104.414,105.498,104.414,105.318,11700
DHG,5/15/2024 00:00:00,105.318,105.318,104.776,105.137,8700
DHG,5/16/2024 00:00:00,104.776,105.227,104.324,104.414,19600
DHG,5/17/2024 00:00:00,104.053,105.679,104.053,104.414,6700
DHG,5/20/2024 00:00:00,104.324,104.866,103.872,104.505,15200
DHG,5/21/2024 00:00:00,104.776,104.776,104.414,104.685,8400
DHG,5/22/2024 00:00:00,104.685,105.227,103.782,104.595,16000
DHG,5/23/2024 00:00:00,104.595,104.866,104.324,104.866,13700
DHG,5/24/2024 00:00:00,106.492,106.492,104.956,106.04,89800
DHG,5/27/2024 00:00:00,105.86,106.221,105.679,106.04,14000
DHG,5/28/2024 00:00:00,106.04,106.492,105.498,106.221,29700
DHG,5/29/2024 00:00:00,106.492,108.298,106.492,108.208,40800
DHG,5/30/2024 00:00:00,111.098,112.634,109.292,111.55,83500
DHG,5/31/2024 00:00:00,112.002,112.273,110.195,111.46,54400
DHG,6/3/2024 00:00:00,111.279,111.46,108.389,109.563,47700
DHG,6/4/2024 00:00:00,111.821,111.911,108.84,110.195,13000
DHG,6/5/2024 00:00:00,111.098,111.098,109.382,109.473,60000
DHG,6/6/2024 00:00:00,110.015,110.105,109.292,109.653,48800
DHG,6/7/2024 00:00:00,110.195,110.195,109.382,109.744,55400
DHG,6/10/2024 00:00:00,110.195,111.55,109.744,111.098,104900
DHG,6/11/2024 00:00:00,110.912,112.032,109.791,109.791,28100
DHG,6/12/2024 00:00:00,110.538,110.538,108.764,108.858,18500
DHG,6/13/2024 00:00:00,108.391,109.044,107.644,107.831,34400
DHG,6/14/2024 00:00:00,107.551,108.764,107.457,108.298,29400
DHG,6/17/2024 00:00:00,107.364,108.204,107.084,107.737,29700
DHG,6/18/2024 00:00:00,107.551,108.951,107.551,108.671,24200
DHG,6/19/2024 00:00:00,108.951,108.951,107.364,108.204,18000
DHG,6/20/2024 00:00:00,107.457,108.298,107.364,108.298,17200
DHG,6/21/2024 00:00:00,107.457,108.298,107.457,107.831,15300
DHG,6/24/2024 00:00:00,105.497,107.364,105.497,106.244,36300
DHG,6/25/2024 00:00:00,106.244,107.364,105.59,105.964,16500
DHG,6/26/2024 00:00:00,105.964,106.15,105.497,105.497,19900
DHG,6/27/2024 00:00:00,105.59,106.897,105.59,105.777,4000
DHG,6/28/2024 00:00:00,106.71,106.71,105.59,105.777,7500
DHG,7/1/2024 00:00:00,105.777,106.617,105.777,105.777,6300
DHG,7/2/2024 00:00:00,106.524,106.524,105.777,105.87,6000
DHG,7/3/2024 00:00:00,106.43,106.43,105.964,105.964,5000
DHG,7/4/2024 00:00:00,106.617,106.617,105.964,106.524,13500
DHG,7/5/2024 00:00:00,106.524,106.524,105.497,105.59,19600
DHG,7/8/2024 00:00:00,105.59,105.684,104.283,104.47,50800
DHG,7/9/2024 00:00:00,104.47,104.563,104.096,104.283,33900
DHG,7/10/2024 00:00:00,104.283,104.283,102.696,103.069,78900
DHG,7/11/2024 00:00:00,103.163,104.563,102.416,103.63,95500
DHG,7/12/2024 00:00:00,104.096,104.563,104.003,104.096,10800
DHG,7/15/2024 00:00:00,105.123,105.217,104.096,105.217,40700
DHG,7/16/2024 00:00:00,106.244,112.499,106.244,112.499,197300
DHG,7/17/2024 00:00:00,117.54,117.54,109.791,109.978,77100
DHG,7/18/2024 00:00:00,110.165,110.258,105.31,107.364,80400
DHG,7/19/2024 00:00:00,110.071,110.071,105.964,105.964,59000
DHG,7/22/2024 00:00:00,105.964,105.964,102.696,103.816,90900
DHG,7/23/2024 00:00:00,103.816,105.123,102.696,103.63,43800
DHG,7/24/2024 00:00:00,105.403,105.403,103.069,104.376,32200
DHG,7/25/2024 00:00:00,104.376,104.75,103.443,104.47,12900
DHG,7/26/2024 00:00:00,104.47,104.657,103.723,104.563,23000
DHG,7/29/2024 00:00:00,104.75,105.403,104.096,104.937,24000
DHG,7/30/2024 00:00:00,104.657,105.59,104.283,105.03,17700
DHG,7/31/2024 00:00:00,105.31,106.524,105.03,106.244,23100
DHG,8/1/2024 00:00:00,107.271,107.271,105.03,105.497,24600
DHG,8/2/2024 00:00:00,105.59,105.59,104.096,105.31,21400
DHG,8/5/2024 00:00:00,105.31,106.337,103.63,103.723,52100
DHG,8/6/2024 00:00:00,103.816,105.31,103.63,103.91,53600
DHG,8/7/2024 00:00:00,104.003,104.937,103.63,103.63,33500
DHG,8/8/2024 00:00:00,102.28,105.076,102.28,103.533,12700
DHG,8/9/2024 00:00:00,104.786,104.786,103.437,103.919,9800
DHG,8/12/2024 00:00:00,103.919,104.786,103.437,103.533,21000
DHG,8/13/2024 00:00:00,103.533,103.533,102.955,103.34,16700
DHG,8/14/2024 00:00:00,103.34,103.533,101.702,101.894,24000
DHG,8/15/2024 00:00:00,101.894,102.666,101.702,101.702,23000
DHG,8/16/2024 00:00:00,101.702,102.666,101.702,102.184,35600
DHG,8/19/2024 00:00:00,102.28,102.666,101.412,102.28,53000
DHG,8/20/2024 00:00:00,102.184,102.762,101.702,102.762,44400
DHG,8/21/2024 00:00:00,102.762,103.148,102.666,103.051,19300
DHG,8/22/2024 00:00:00,103.148,103.63,102.762,103.244,34100
DHG,8/23/2024 00:00:00,103.34,103.34,101.894,103.051,45000
DHG,8/26/2024 00:00:00,103.148,103.148,102.28,102.569,21600
DHG,8/27/2024 00:00:00,102.569,102.666,102.473,102.473,16000
DHG,8/28/2024 00:00:00,102.666,103.919,102.666,103.148,30500
DHG,8/29/2024 00:00:00,103.148,103.822,103.148,103.34,5000
DHG,8/30/2024 00:00:00,103.34,104.112,103.148,103.919,15900
DHG,9/4/2024 00:00:00,103.63,105.076,102.955,104.69,18400
DHG,9/5/2024 00:00:00,104.69,105.076,103.34,103.63,8200
DHG,9/6/2024 00:00:00,103.533,103.822,103.148,103.822,4600
DHG,9/9/2024 00:00:00,102.858,105.076,102.762,103.244,30000
DHG,9/10/2024 00:00:00,103.148,104.112,103.148,103.148,44500
DHG,9/11/2024 00:00:00,103.63,103.63,102.666,102.955,12500
DHG,9/12/2024 00:00:00,102.955,104.015,102.955,103.244,5300
DHG,9/13/2024 00:00:00,103.822,103.822,102.666,102.762,13100
DHG,9/16/2024 00:00:00,102.762,103.63,102.666,102.762,9000
DHG,9/17/2024 00:00:00,103.051,103.919,102.858,103.437,6000
DHG,9/18/2024 00:00:00,103.051,104.112,103.051,103.726,16300
DHG,9/19/2024 00:00:00,103.726,103.919,103.148,103.726,13100
DHG,9/20/2024 00:00:00,104.69,104.786,103.63,104.015,12100
DHG,9/23/2024 00:00:00,104.015,104.112,103.63,103.63,11100
DHG,9/24/2024 00:00:00,103.63,103.919,103.63,103.822,16800
DHG,9/25/2024 00:00:00,103.822,104.594,103.63,103.63,51200
DHG,9/26/2024 00:00:00,104.112,104.112,103.148,103.63,29100
DHG,9/27/2024 00:00:00,103.244,104.497,103.244,103.437,21300
DHG,9/30/2024 00:00:00,104.015,104.015,103.244,103.244,12400
DHG,10/1/2024 00:00:00,103.63,104.401,103.148,103.533,17300
DHG,10/2/2024 00:00:00,104.208,104.208,103.148,103.148,12200
DHG,10/3/2024 00:00:00,103.822,103.822,103.148,103.148,10500
DHG,10/4/2024 00:00:00,103.051,103.148,102.666,102.666,14800
DHG,10/7/2024 00:00:00,103.822,103.822,102.184,102.184,17600
DHG,10/8/2024 00:00:00,102.28,102.376,101.702,102.376,7400
DHG,10/9/2024 00:00:00,102.473,103.437,102.473,103.148,79400
DHG,10/10/2024 00:00:00,103.244,103.919,103.051,103.63,17700
DHG,10/11/2024 00:00:00,103.822,103.822,102.666,103.437,22200
DHG,10/14/2024 00:00:00,103.437,103.437,102.666,102.762,8900
DHG,10/15/2024 00:00:00,102.762,103.437,102.762,102.858,32600
DHG,10/16/2024 00:00:00,102.858,103.148,102.762,102.762,2700
DHG,10/17/2024 00:00:00,102.762,103.148,102.376,102.569,9900
DHG,10/18/2024 00:00:00,102.666,103.148,102.473,102.858,13700
DHG,10/21/2024 00:00:00,102.762,103.822,101.702,101.991,63700
DHG,10/22/2024 00:00:00,101.991,102.376,101.412,101.702,26200
DHG,10/23/2024 00:00:00,101.316,101.316,100.834,101.22,15400
DHG,10/24/2024 00:00:00,101.22,101.702,101.123,101.22,15500
DHG,10/25/2024 00:00:00,101.22,101.316,100.352,100.738,10700
DHG,10/28/2024 00:00:00,101.702,101.702,100.738,100.738,6200
DHG,10/29/2024 00:00:00,100.738,102.184,100.738,101.798,21000
DHG,10/30/2024 00:00:00,101.798,101.894,101.027,101.027,4400
DHG,10/31/2024 00:00:00,101.22,101.509,100.738,100.834,8700
DHG,11/1/2024 00:00:00,100.834,100.93,100.448,100.448,28500
DHG,11/4/2024 00:00:00,101.22,101.22,99.6772,100.256,15400
DHG,11/5/2024 00:00:00,100.256,100.256,99.0024,100.063,18800
DHG,11/6/2024 00:00:00,99.2916,99.2916,98.3276,98.7132,46500
DHG,11/7/2024 00:00:00,98.8096,99.7736,98.8096,99.0988,8900
DHG,11/8/2024 00:00:00,101.509,101.509,99.1952,99.1952,14300
DHG,11/11/2024 00:00:00,99.1952,100.256,98.3276,99.0988,40300
DHG,11/12/2024 00:00:00,99.6772,99.6772,98.424,98.6168,16700
DHG,11/13/2024 00:00:00,98.5204,99.7736,98.5204,98.906,22600
DHG,11/14/2024 00:00:00,98.8096,99.6772,98.8096,99.0024,3600
DHG,11/15/2024 00:00:00,99.0024,99.0024,94.9536,96.2068,61700
DHG,11/18/2024 00:00:00,96.3996,96.3996,95.05,96.1104,32300
DHG,11/19/2024 00:00:00,96.978,96.978,96.1104,96.1104,8400
DHG,11/20/2024 00:00:00,96.3996,96.3996,95.4356,96.1104,7000
DHG,11/21/2024 00:00:00,96.2068,96.2068,95.05,96.014,19300
DHG,11/22/2024 00:00:00,96.1104,96.8816,96.014,96.3996,8900
DHG,11/25/2024 00:00:00,96.496,96.6888,95.4356,95.9176,17200
DHG,11/26/2024 00:00:00,95.7248,96.6888,95.7248,96.496,18600
DHG,11/27/2024 00:00:00,96.014,96.3996,96.014,96.3032,8200
DHG,11/28/2024 00:00:00,95.8212,99.4844,95.8212,96.8816,27800
DHG,11/29/2024 00:00:00,97.0744,98.3276,96.8816,97.3636,17300
DHG,12/2/2024 00:00:00,97.3636,99.0988,97.3636,97.942,19100
DHG,12/3/2024 00:00:00,98.8096,100.063,98.424,99.87,48700
DHG,12/4/2024 00:00:00,100.641,100.641,98.3276,99.0024,21000
DHG,12/5/2024 00:00:00,98.3276,99.1952,96.3996,99.0024,21900
DHG,12/6/2024 00:00:00,98.8096,99.1952,97.942,98.1348,29100
DHG,12/9/2024 00:00:00,97.942,98.3276,97.2672,98.3276,22400
DHG,12/10/2024 00:00:00,99.4844,100.738,99.4844,100.738,54400
DHG,12/11/2024 00:00:00,101.316,107.004,101.316,104.112,88300
DHG,12/12/2024 00:00:00,105.076,105.076,102.28,103.63,41100
DHG,12/13/2024 00:00:00,103.63,104.112,103.148,103.63,23100
DHG,12/16/2024 00:00:00,103.726,103.726,103.148,103.148,19100
DHG,12/17/2024 00:00:00,103.533,103.822,103.533,103.63,15000
DHG,12/18/2024 00:00:00,104.497,109.896,104.015,107.775,139400
DHG,12/19/2024 00:00:00,107.389,107.775,106.714,106.907,30100
DHG,12/20/2024 00:00:00,106.907,107.389,105.558,106.136,29700
DHG,12/23/2024 00:00:00,105.654,107.582,105.654,107.1,96900
DHG,12/24/2024 00:00:00,107,107.5,107,107.1,19400
DHG,12/25/2024 00:00:00,107.3,108,105.2,105.9,47100
DHG,12/26/2024 00:00:00,106,106,105.1,105.8,11600
DHG,12/27/2024 00:00:00,105.8,105.8,104,104,20700
DHG,12/30/2024 00:00:00,104,104,103,103.1,26000
DHG,12/31/2024 00:00:00,104.1,104.1,103,103.9,13200
DHG,1/2/2025 00:00:00,103.8,103.9,103,103.7,6900
DHG,1/3/2025 00:00:00,103.7,103.7,103,103.3,14900
DHG,1/6/2025 00:00:00,103.3,105,102,103.3,34000
DHG,1/7/2025 00:00:00,103.5,103.5,102.7,103.1,9700
DHG,1/8/2025 00:00:00,103.2,104,103,103.2,9300
DHG,1/9/2025 00:00:00,103.2,104,102.3,102.4,10400
DHG,1/10/2025 00:00:00,103.5,103.5,102.5,102.5,8100
DHG,1/13/2025 00:00:00,103,103,102,102.6,5700
DHG,1/14/2025 00:00:00,102.9,102.9,102,102.5,6600
DHG,1/15/2025 00:00:00,102.5,103,102.1,102.4,15600
DHG,1/16/2025 00:00:00,103.1,103.9,102.4,102.6,8500
DHG,1/17/2025 00:00:00,102.6,103.5,102.6,102.7,11300
DHG,1/20/2025 00:00:00,102.8,104.5,102.8,103.3,10100
DHG,1/21/2025 00:00:00,103.3,103.3,101.1,101.5,44400
DHG,1/22/2025 00:00:00,101.5,101.7,99,101.7,55800
DHG,1/23/2025 00:00:00,101.7,101.7,100,101.5,26500
DHG,1/24/2025 00:00:00,101.5,102.5,101,101.6,10900
DHG,2/3/2025 00:00:00,101.6,101.6,96.5,100,25400
DHG,2/4/2025 00:00:00,101.2,101.2,100.1,101,7100
DHG,2/5/2025 00:00:00,102.3,102.3,101,101.2,10600
DHG,2/6/2025 00:00:00,101.3,102.6,101,102.6,42900
DHG,2/7/2025 00:00:00,102.5,102.9,101.9,102.4,13300
DHG,2/10/2025 00:00:00,102.4,102.4,101,101,20000
DHG,2/11/2025 00:00:00,101,102.9,101,101.9,21500
DHG,2/12/2025 00:00:00,102,102.8,101.5,101.5,8400
DHG,2/13/2025 00:00:00,101.5,102,100.3,100.3,23200
DHG,2/14/2025 00:00:00,100.5,101.9,100.4,100.7,34400
DHG,2/17/2025 00:00:00,100.4,101.5,100.3,100.5,29600
DHG,2/18/2025 00:00:00,100,101,100,101,19100
DHG,2/19/2025 00:00:00,101,101.5,100.8,101,52200
DHG,2/20/2025 00:00:00,101.2,102,101,101.1,28800
DHG,2/21/2025 00:00:00,101.1,101.6,101,101.1,30700
DHG,2/24/2025 00:00:00,101.1,101.5,101,101.2,34300
DHG,2/25/2025 00:00:00,101.3,101.3,100,101.2,17400
DHG,2/26/2025 00:00:00,101.2,102,101,101.3,13200
DHG,2/27/2025 00:00:00,101.3,101.3,101.1,101.3,5800
DHG,2/28/2025 00:00:00,101,101.9,101,101.5,17100
DHG,3/3/2025 00:00:00,101.8,101.8,101.3,101.7,10100
DHG,3/4/2025 00:00:00,101.6,102.4,101.6,102.2,9400
DHG,3/5/2025 00:00:00,102,102.5,101.5,101.7,15700
DHG,3/6/2025 00:00:00,101.8,102,101.2,101.2,14100
DHG,3/7/2025 00:00:00,101.4,101.5,101,101.1,15900
DHG,3/10/2025 00:00:00,101.2,101.7,100.5,101,20100
DHG,3/11/2025 00:00:00,101,101.5,100.5,101.2,14400
DHG,3/12/2025 00:00:00,101.9,101.9,101,101.2,19900
DHG,3/13/2025 00:00:00,101.2,101.3,100.5,100.5,18200
DHG,3/14/2025 00:00:00,101.8,101.8,100.2,101,29900
DHG,3/17/2025 00:00:00,101.5,101.5,100.6,100.7,8800
DHG,3/18/2025 00:00:00,100.1,101,100.1,100.3,13100
DHG,3/19/2025 00:00:00,101,101.4,100.3,100.4,10900
DHG,3/20/2025 00:00:00,100.4,100.4,100.3,100.3,5900
DHG,3/21/2025 00:00:00,100,100.8,100,100.2,12100
DHG,3/24/2025 00:00:00,100,100.2,100,100.2,7600
DHG,3/25/2025 00:00:00,100.2,100.2,100,100,4100
DHG,3/26/2025 00:00:00,100.1,100.1,99.8,100,10700
DHG,3/27/2025 00:00:00,100,100.9,100,100,13500
DHG,3/28/2025 00:00:00,101.2,101.2,100,100,3200
DHG,3/31/2025 00:00:00,100,100,99.4,100,16500
DHG,4/1/2025 00:00:00,100,100,99.8,99.9,3900
DHG,4/2/2025 00:00:00,99.9,99.9,99.6,99.6,6500
