Ticker,Date,Open,High,Low,Close,Volume
GMD,4/23/2002 00:00:00,4.95163,4.95163,4.95163,4.95163,16900
GMD,4/24/2002 00:00:00,5.04312,5.04312,5.04312,5.04312,36800
GMD,4/25/2002 00:00:00,5.03168,5.03168,5.03168,5.03168,23400
GMD,4/26/2002 00:00:00,5.03168,5.03168,5.03168,5.03168,16500
GMD,5/2/2002 00:00:00,4.95163,4.95163,4.95163,4.95163,11900
GMD,5/3/2002 00:00:00,5.03168,5.03168,5.03168,5.03168,11500
GMD,5/6/2002 00:00:00,5.03168,5.03168,5.03168,5.03168,13900
GMD,5/7/2002 00:00:00,4.94019,4.94019,4.94019,4.94019,3400
GMD,5/8/2002 00:00:00,4.86015,4.86015,4.86015,4.86015,11500
GMD,5/9/2002 00:00:00,4.86015,4.86015,4.86015,4.86015,5200
GMD,5/10/2002 00:00:00,4.95163,4.95163,4.95163,4.95163,7200
GMD,5/13/2002 00:00:00,4.86015,4.86015,4.86015,4.86015,2800
GMD,5/14/2002 00:00:00,4.86015,4.86015,4.86015,4.86015,2700
GMD,5/15/2002 00:00:00,4.86015,4.86015,4.86015,4.86015,13600
GMD,5/16/2002 00:00:00,4.82584,4.82584,4.82584,4.82584,5600
GMD,5/17/2002 00:00:00,4.89445,4.89445,4.89445,4.89445,1300
GMD,5/20/2002 00:00:00,4.82584,4.82584,4.82584,4.82584,7000
GMD,5/21/2002 00:00:00,4.82584,4.82584,4.82584,4.82584,5000
GMD,5/22/2002 00:00:00,4.89445,4.89445,4.89445,4.89445,300
GMD,5/23/2002 00:00:00,4.86015,4.86015,4.86015,4.86015,1100
GMD,5/24/2002 00:00:00,4.80297,4.80297,4.80297,4.80297,4100
GMD,5/27/2002 00:00:00,4.73435,4.73435,4.73435,4.73435,2400
GMD,5/28/2002 00:00:00,4.66574,4.66574,4.66574,4.66574,6000
GMD,5/29/2002 00:00:00,4.57425,4.57425,4.57425,4.57425,6000
GMD,5/30/2002 00:00:00,4.57425,4.57425,4.57425,4.57425,12100
GMD,5/31/2002 00:00:00,4.66574,4.66574,4.66574,4.66574,10900
GMD,6/3/2002 00:00:00,4.66574,4.66574,4.66574,4.66574,11000
GMD,6/4/2002 00:00:00,4.66574,4.66574,4.66574,4.66574,2700
GMD,6/5/2002 00:00:00,4.66574,4.66574,4.66574,4.66574,1000
GMD,6/6/2002 00:00:00,4.64287,4.64287,4.64287,4.64287,2100
GMD,6/7/2002 00:00:00,4.57425,4.57425,4.57425,4.57425,3100
GMD,6/10/2002 00:00:00,4.66574,4.66574,4.66574,4.66574,3200
GMD,6/11/2002 00:00:00,4.59713,4.59713,4.59713,4.59713,2800
GMD,6/12/2002 00:00:00,4.66574,4.66574,4.66574,4.66574,1500
GMD,6/13/2002 00:00:00,4.66574,4.66574,4.66574,4.66574,400
GMD,6/14/2002 00:00:00,4.70005,4.70005,4.70005,4.70005,3300
GMD,6/17/2002 00:00:00,4.60856,4.60856,4.60856,4.60856,2000
GMD,6/18/2002 00:00:00,4.60856,4.60856,4.60856,4.60856,900
GMD,6/19/2002 00:00:00,4.51708,4.51708,4.51708,4.51708,5000
GMD,6/20/2002 00:00:00,4.59713,4.59713,4.59713,4.59713,2600
GMD,6/21/2002 00:00:00,4.68861,4.68861,4.68861,4.68861,7800
GMD,6/24/2002 00:00:00,4.7801,4.7801,4.7801,4.7801,11000
GMD,6/25/2002 00:00:00,4.7801,4.7801,4.7801,4.7801,8500
GMD,6/26/2002 00:00:00,4.68861,4.68861,4.68861,4.68861,1700
GMD,6/27/2002 00:00:00,4.60856,4.60856,4.60856,4.60856,2200
GMD,6/28/2002 00:00:00,4.70005,4.70005,4.70005,4.70005,600
GMD,7/1/2002 00:00:00,4.63143,4.63143,4.63143,4.63143,1600
GMD,7/2/2002 00:00:00,4.63143,4.63143,4.63143,4.63143,2100
GMD,7/3/2002 00:00:00,4.63143,4.63143,4.63143,4.63143,3000
GMD,7/4/2002 00:00:00,4.68861,4.68861,4.68861,4.68861,2800
GMD,7/5/2002 00:00:00,4.68861,4.68861,4.68861,4.68861,5500
GMD,7/8/2002 00:00:00,4.68861,4.68861,4.68861,4.68861,8700
GMD,7/9/2002 00:00:00,4.74579,4.74579,4.74579,4.74579,4300
GMD,7/10/2002 00:00:00,4.6543,4.6543,4.6543,4.6543,600
GMD,7/11/2002 00:00:00,4.66574,4.66574,4.66574,4.66574,1400
GMD,7/12/2002 00:00:00,4.72292,4.72292,4.72292,4.72292,4000
GMD,7/15/2002 00:00:00,4.73435,4.73435,4.73435,4.73435,600
GMD,7/16/2002 00:00:00,4.73435,4.73435,4.73435,4.73435,600
GMD,7/17/2002 00:00:00,4.67718,4.67718,4.67718,4.67718,700
GMD,7/18/2002 00:00:00,4.71148,4.71148,4.71148,4.71148,3200
GMD,7/19/2002 00:00:00,4.73435,4.73435,4.73435,4.73435,1500
GMD,7/22/2002 00:00:00,4.82584,4.82584,4.82584,4.82584,2000
GMD,7/23/2002 00:00:00,4.91732,4.91732,4.91732,4.91732,15300
GMD,7/24/2002 00:00:00,4.82584,4.82584,4.82584,4.82584,11000
GMD,7/25/2002 00:00:00,4.74579,4.74579,4.74579,4.74579,6000
GMD,7/26/2002 00:00:00,4.7801,4.7801,4.7801,4.7801,8900
GMD,7/29/2002 00:00:00,4.68861,4.68861,4.68861,4.68861,1200
GMD,7/30/2002 00:00:00,4.71148,4.71148,4.71148,4.71148,1600
GMD,7/31/2002 00:00:00,4.74579,4.74579,4.74579,4.74579,1300
GMD,8/1/2002 00:00:00,4.74579,4.74579,4.74579,4.74579,400
GMD,8/2/2002 00:00:00,4.68861,4.68861,4.68861,4.68861,1200
GMD,8/5/2002 00:00:00,4.64287,4.64287,4.64287,4.64287,5000
GMD,8/6/2002 00:00:00,4.66574,4.66574,4.66574,4.66574,2100
GMD,8/7/2002 00:00:00,4.6543,4.6543,4.6543,4.6543,2100
GMD,8/8/2002 00:00:00,4.63143,4.63143,4.63143,4.63143,4800
GMD,8/9/2002 00:00:00,4.63143,4.63143,4.63143,4.63143,3900
GMD,8/12/2002 00:00:00,4.63143,4.63143,4.63143,4.63143,3100
GMD,8/13/2002 00:00:00,4.63143,4.63143,4.63143,4.63143,7000
GMD,8/14/2002 00:00:00,4.63143,4.63143,4.63143,4.63143,1100
GMD,8/15/2002 00:00:00,4.66574,4.66574,4.66574,4.66574,1300
GMD,8/16/2002 00:00:00,4.66574,4.66574,4.66574,4.66574,1700
GMD,8/19/2002 00:00:00,4.68861,4.68861,4.68861,4.68861,1600
GMD,8/20/2002 00:00:00,4.63143,4.63143,4.63143,4.63143,1400
GMD,8/21/2002 00:00:00,4.63143,4.63143,4.63143,4.63143,5800
GMD,8/22/2002 00:00:00,4.63143,4.63143,4.63143,4.63143,8800
GMD,8/23/2002 00:00:00,4.63143,4.63143,4.63143,4.63143,2900
GMD,8/26/2002 00:00:00,4.60856,4.60856,4.60856,4.60856,3700
GMD,8/27/2002 00:00:00,4.60856,4.60856,4.60856,4.60856,7900
GMD,8/28/2002 00:00:00,4.63143,4.63143,4.63143,4.63143,900
GMD,8/29/2002 00:00:00,4.63143,4.63143,4.63143,4.63143,1700
GMD,8/30/2002 00:00:00,4.60856,4.60856,4.60856,4.60856,8700
GMD,9/3/2002 00:00:00,4.60856,4.60856,4.60856,4.60856,1600
GMD,9/4/2002 00:00:00,4.57425,4.57425,4.57425,4.57425,8700
GMD,9/5/2002 00:00:00,4.57425,4.57425,4.57425,4.57425,3700
GMD,9/6/2002 00:00:00,4.57425,4.57425,4.57425,4.57425,5400
GMD,9/9/2002 00:00:00,4.57425,4.57425,4.57425,4.57425,1000
GMD,9/10/2002 00:00:00,4.56282,4.56282,4.56282,4.56282,4600
GMD,9/11/2002 00:00:00,4.55138,4.55138,4.55138,4.55138,1900
GMD,9/12/2002 00:00:00,4.55138,4.55138,4.55138,4.55138,3300
GMD,9/13/2002 00:00:00,4.55138,4.55138,4.55138,4.55138,1300
GMD,9/16/2002 00:00:00,4.53995,4.53995,4.53995,4.53995,6700
GMD,9/17/2002 00:00:00,4.43703,4.43703,4.43703,4.43703,9500
GMD,9/18/2002 00:00:00,4.34554,4.34554,4.34554,4.34554,5000
GMD,9/19/2002 00:00:00,4.34554,4.34554,4.34554,4.34554,5000
GMD,9/20/2002 00:00:00,4.32267,4.32267,4.32267,4.32267,7600
GMD,9/23/2002 00:00:00,4.32267,4.32267,4.32267,4.32267,9200
GMD,9/24/2002 00:00:00,4.2998,4.2998,4.2998,4.2998,700
GMD,9/25/2002 00:00:00,4.31123,4.31123,4.31123,4.31123,4800
GMD,9/26/2002 00:00:00,4.34554,4.34554,4.34554,4.34554,2500
GMD,9/27/2002 00:00:00,4.34554,4.34554,4.34554,4.34554,3500
GMD,9/30/2002 00:00:00,4.34554,4.34554,4.34554,4.34554,5500
GMD,10/1/2002 00:00:00,4.40272,4.40272,4.40272,4.40272,2400
GMD,10/2/2002 00:00:00,4.36841,4.36841,4.36841,4.36841,2100
GMD,10/3/2002 00:00:00,4.36841,4.36841,4.36841,4.36841,1500
GMD,10/4/2002 00:00:00,4.36841,4.36841,4.36841,4.36841,4800
GMD,10/7/2002 00:00:00,4.36841,4.36841,4.36841,4.36841,1200
GMD,10/8/2002 00:00:00,4.32267,4.32267,4.32267,4.32267,2500
GMD,10/9/2002 00:00:00,4.34554,4.34554,4.34554,4.34554,2300
GMD,10/10/2002 00:00:00,4.34554,4.34554,4.34554,4.34554,6900
GMD,10/11/2002 00:00:00,4.34554,4.34554,4.34554,4.34554,1800
GMD,10/14/2002 00:00:00,4.34554,4.34554,4.34554,4.34554,2500
GMD,10/15/2002 00:00:00,4.34554,4.34554,4.34554,4.34554,14500
GMD,10/16/2002 00:00:00,4.33411,4.33411,4.33411,4.33411,4900
GMD,10/17/2002 00:00:00,4.33411,4.33411,4.33411,4.33411,5500
GMD,10/18/2002 00:00:00,4.28836,4.28836,4.28836,4.28836,200
GMD,10/21/2002 00:00:00,4.28836,4.28836,4.28836,4.28836,7600
GMD,10/22/2002 00:00:00,4.28836,4.28836,4.28836,4.28836,6900
GMD,10/23/2002 00:00:00,4.28836,4.28836,4.28836,4.28836,6200
GMD,10/24/2002 00:00:00,4.28836,4.28836,4.28836,4.28836,2900
GMD,10/28/2002 00:00:00,4.28836,4.28836,4.28836,4.28836,2500
GMD,10/29/2002 00:00:00,4.24262,4.24262,4.24262,4.24262,1500
GMD,10/30/2002 00:00:00,4.23119,4.23119,4.23119,4.23119,700
GMD,10/31/2002 00:00:00,4.23119,4.23119,4.23119,4.23119,1000
GMD,11/1/2002 00:00:00,4.23119,4.23119,4.23119,4.23119,500
GMD,11/4/2002 00:00:00,4.20831,4.20831,4.20831,4.20831,2300
GMD,11/5/2002 00:00:00,4.09396,4.09396,4.09396,4.09396,4000
GMD,11/6/2002 00:00:00,4.11683,4.11683,4.11683,4.11683,1200
GMD,11/7/2002 00:00:00,4.09396,4.09396,4.09396,4.09396,3000
GMD,11/8/2002 00:00:00,4.11683,4.11683,4.11683,4.11683,800
GMD,11/11/2002 00:00:00,4.12826,4.12826,4.12826,4.12826,1300
GMD,11/12/2002 00:00:00,4.12826,4.12826,4.12826,4.12826,1800
GMD,11/13/2002 00:00:00,4.12826,4.12826,4.12826,4.12826,4000
GMD,11/14/2002 00:00:00,4.1397,4.1397,4.1397,4.1397,10500
GMD,11/15/2002 00:00:00,4.18544,4.18544,4.18544,4.18544,2600
GMD,11/18/2002 00:00:00,4.18544,4.18544,4.18544,4.18544,4900
GMD,11/19/2002 00:00:00,4.18544,4.18544,4.18544,4.18544,100
GMD,11/20/2002 00:00:00,4.21975,4.21975,4.21975,4.21975,1500
GMD,11/21/2002 00:00:00,4.23119,4.23119,4.23119,4.23119,2400
GMD,11/22/2002 00:00:00,4.10539,4.10539,4.10539,4.10539,500
GMD,11/25/2002 00:00:00,4.21975,4.21975,4.21975,4.21975,200
GMD,11/26/2002 00:00:00,4.21975,4.21975,4.21975,4.21975,1500
GMD,11/27/2002 00:00:00,4.21975,4.21975,4.21975,4.21975,2000
GMD,11/28/2002 00:00:00,4.21975,4.21975,4.21975,4.21975,1600
GMD,11/29/2002 00:00:00,4.24262,4.24262,4.24262,4.24262,2100
GMD,12/2/2002 00:00:00,4.27693,4.27693,4.27693,4.27693,3100
GMD,12/3/2002 00:00:00,4.37985,4.37985,4.37985,4.37985,2400
GMD,12/4/2002 00:00:00,4.4599,4.4599,4.4599,4.4599,3100
GMD,12/5/2002 00:00:00,4.4599,4.4599,4.4599,4.4599,9900
GMD,12/6/2002 00:00:00,4.34554,4.34554,4.34554,4.34554,4400
GMD,12/9/2002 00:00:00,4.28836,4.28836,4.28836,4.28836,5000
GMD,12/10/2002 00:00:00,4.33411,4.33411,4.33411,4.33411,100
GMD,12/11/2002 00:00:00,4.32267,4.32267,4.32267,4.32267,1200
GMD,12/12/2002 00:00:00,4.26549,4.26549,4.26549,4.26549,3800
GMD,12/13/2002 00:00:00,4.2998,4.2998,4.2998,4.2998,2200
GMD,12/16/2002 00:00:00,4.2998,4.2998,4.2998,4.2998,6000
GMD,12/17/2002 00:00:00,4.2998,4.2998,4.2998,4.2998,6200
GMD,12/18/2002 00:00:00,4.32267,4.32267,4.32267,4.32267,14100
GMD,12/19/2002 00:00:00,4.35698,4.35698,4.35698,4.35698,10000
GMD,12/20/2002 00:00:00,4.34554,4.34554,4.34554,4.34554,500
GMD,12/23/2002 00:00:00,4.34554,4.34554,4.34554,4.34554,2800
GMD,12/24/2002 00:00:00,4.34554,4.34554,4.34554,4.34554,4300
GMD,12/25/2002 00:00:00,4.35698,4.35698,4.35698,4.35698,5500
GMD,12/26/2002 00:00:00,4.36841,4.36841,4.36841,4.36841,6100
GMD,12/27/2002 00:00:00,4.37985,4.37985,4.37985,4.37985,4100
GMD,12/30/2002 00:00:00,4.35698,4.35698,4.35698,4.35698,2800
GMD,12/31/2002 00:00:00,4.4599,4.4599,4.4599,4.4599,300
GMD,1/3/2003 00:00:00,4.37985,4.37985,4.37985,4.37985,300
GMD,1/6/2003 00:00:00,4.37985,4.37985,4.37985,4.37985,1000
GMD,1/7/2003 00:00:00,4.37985,4.37985,4.37985,4.37985,4500
GMD,1/8/2003 00:00:00,4.37985,4.37985,4.37985,4.37985,1700
GMD,1/9/2003 00:00:00,4.34554,4.34554,4.34554,4.34554,1300
GMD,1/10/2003 00:00:00,4.34554,4.34554,4.34554,4.34554,2700
GMD,1/13/2003 00:00:00,4.33411,4.33411,4.33411,4.33411,2200
GMD,1/14/2003 00:00:00,4.33411,4.33411,4.33411,4.33411,2100
GMD,1/15/2003 00:00:00,4.33411,4.33411,4.33411,4.33411,1700
GMD,1/16/2003 00:00:00,4.11683,4.11683,4.11683,4.11683,1900
GMD,1/20/2003 00:00:00,3.99104,3.99104,3.99104,3.99104,2500
GMD,1/21/2003 00:00:00,3.99104,3.99104,3.99104,3.99104,2500
GMD,1/22/2003 00:00:00,3.99104,3.99104,3.99104,3.99104,1100
GMD,1/23/2003 00:00:00,4.05965,4.05965,4.05965,4.05965,2000
GMD,1/24/2003 00:00:00,4.00247,4.00247,4.00247,4.00247,800
GMD,1/27/2003 00:00:00,4.00247,4.00247,4.00247,4.00247,3100
GMD,1/28/2003 00:00:00,4.04821,4.04821,4.04821,4.04821,3400
GMD,2/10/2003 00:00:00,4.04821,4.04821,4.04821,4.04821,600
GMD,2/11/2003 00:00:00,4.00247,4.00247,4.00247,4.00247,2000
GMD,2/12/2003 00:00:00,3.9796,3.9796,3.9796,3.9796,2100
GMD,2/13/2003 00:00:00,3.9796,3.9796,3.9796,3.9796,1700
GMD,2/14/2003 00:00:00,4.00247,4.00247,4.00247,4.00247,700
GMD,2/17/2003 00:00:00,3.9796,3.9796,3.9796,3.9796,500
GMD,2/18/2003 00:00:00,3.99104,3.99104,3.99104,3.99104,4000
GMD,2/19/2003 00:00:00,3.9796,3.9796,3.9796,3.9796,2600
GMD,2/20/2003 00:00:00,4.00247,4.00247,4.00247,4.00247,6000
GMD,2/21/2003 00:00:00,3.9796,3.9796,3.9796,3.9796,2700
GMD,2/24/2003 00:00:00,3.9796,3.9796,3.9796,3.9796,1000
GMD,2/25/2003 00:00:00,3.94529,3.94529,3.94529,3.94529,2200
GMD,2/26/2003 00:00:00,3.9796,3.9796,3.9796,3.9796,1000
GMD,2/27/2003 00:00:00,3.9796,3.9796,3.9796,3.9796,2200
GMD,2/28/2003 00:00:00,3.94529,3.94529,3.94529,3.94529,500
GMD,3/3/2003 00:00:00,3.94529,3.94529,3.94529,3.94529,2500
GMD,3/4/2003 00:00:00,3.94529,3.94529,3.94529,3.94529,900
GMD,3/5/2003 00:00:00,3.94529,3.94529,3.94529,3.94529,1200
GMD,3/6/2003 00:00:00,3.96817,3.96817,3.96817,3.96817,6500
GMD,3/7/2003 00:00:00,3.94529,3.94529,3.94529,3.94529,5700
GMD,3/10/2003 00:00:00,3.94529,3.94529,3.94529,3.94529,4000
GMD,3/11/2003 00:00:00,3.91099,3.91099,3.91099,3.91099,900
GMD,3/12/2003 00:00:00,3.91099,3.91099,3.91099,3.91099,13500
GMD,3/13/2003 00:00:00,3.91099,3.91099,3.91099,3.91099,10700
GMD,3/14/2003 00:00:00,3.91099,3.91099,3.91099,3.91099,1400
GMD,3/17/2003 00:00:00,3.88812,3.88812,3.88812,3.88812,2000
GMD,3/18/2003 00:00:00,3.77376,3.77376,3.77376,3.77376,4600
GMD,3/19/2003 00:00:00,3.86524,3.86524,3.86524,3.86524,1600
GMD,3/20/2003 00:00:00,3.79663,3.79663,3.79663,3.79663,800
GMD,3/21/2003 00:00:00,3.77376,3.77376,3.77376,3.77376,19100
GMD,3/24/2003 00:00:00,3.71658,3.71658,3.71658,3.71658,2600
GMD,3/25/2003 00:00:00,3.71658,3.71658,3.71658,3.71658,2800
GMD,3/26/2003 00:00:00,3.70515,3.70515,3.70515,3.70515,6800
GMD,3/27/2003 00:00:00,3.76232,3.76232,3.76232,3.76232,100
GMD,3/28/2003 00:00:00,3.69371,3.69371,3.69371,3.69371,2000
GMD,3/31/2003 00:00:00,3.52218,3.52218,3.52218,3.52218,900
GMD,4/1/2003 00:00:00,3.35064,3.35064,3.35064,3.35064,4100
GMD,4/2/2003 00:00:00,3.465,3.465,3.465,3.465,7200
GMD,4/3/2003 00:00:00,3.63653,3.63653,3.63653,3.63653,6100
GMD,4/4/2003 00:00:00,3.60223,3.60223,3.60223,3.60223,8000
GMD,4/7/2003 00:00:00,3.60223,3.60223,3.60223,3.60223,2600
GMD,4/8/2003 00:00:00,3.48787,3.48787,3.48787,3.48787,4500
GMD,4/9/2003 00:00:00,3.4993,3.4993,3.4993,3.4993,3700
GMD,4/10/2003 00:00:00,3.54505,3.54505,3.54505,3.54505,25500
GMD,4/11/2003 00:00:00,3.57935,3.57935,3.57935,3.57935,12800
GMD,4/14/2003 00:00:00,3.57935,3.57935,3.57935,3.57935,14800
GMD,4/15/2003 00:00:00,3.60223,3.60223,3.60223,3.60223,12200
GMD,4/16/2003 00:00:00,3.61366,3.61366,3.61366,3.61366,3600
GMD,4/17/2003 00:00:00,3.6594,3.6594,3.6594,3.6594,14400
GMD,4/18/2003 00:00:00,3.77376,3.77376,3.77376,3.77376,1000
GMD,4/21/2003 00:00:00,3.77376,3.77376,3.77376,3.77376,1000
GMD,4/22/2003 00:00:00,3.77376,3.77376,3.77376,3.77376,5800
GMD,4/23/2003 00:00:00,3.77376,3.77376,3.77376,3.77376,1000
GMD,4/24/2003 00:00:00,3.77376,3.77376,3.77376,3.77376,3100
GMD,4/25/2003 00:00:00,3.75089,3.75089,3.75089,3.75089,2200
GMD,4/28/2003 00:00:00,3.77376,3.77376,3.77376,3.77376,2000
GMD,4/29/2003 00:00:00,3.76232,3.76232,3.76232,3.76232,1600
GMD,5/5/2003 00:00:00,3.75089,3.75089,3.75089,3.75089,1900
GMD,5/6/2003 00:00:00,3.77376,3.77376,3.77376,3.77376,5200
GMD,5/7/2003 00:00:00,3.79663,3.79663,3.79663,3.79663,8200
GMD,5/8/2003 00:00:00,3.83094,3.83094,3.83094,3.83094,4900
GMD,5/9/2003 00:00:00,3.83094,3.83094,3.83094,3.83094,1700
GMD,5/12/2003 00:00:00,3.87668,3.87668,3.87668,3.87668,6300
GMD,5/13/2003 00:00:00,3.93386,3.93386,3.93386,3.93386,22200
GMD,5/14/2003 00:00:00,3.93386,3.93386,3.93386,3.93386,17600
GMD,5/15/2003 00:00:00,3.83094,3.83094,3.83094,3.83094,1000
GMD,5/16/2003 00:00:00,3.86524,3.86524,3.86524,3.86524,2100
GMD,5/19/2003 00:00:00,3.77376,3.77376,3.77376,3.77376,4000
GMD,5/20/2003 00:00:00,3.83094,3.83094,3.83094,3.83094,10290
GMD,5/21/2003 00:00:00,3.80807,3.80807,3.79663,3.79663,1900
GMD,5/22/2003 00:00:00,3.79663,3.79663,3.77376,3.79663,5400
GMD,5/23/2003 00:00:00,3.79663,3.79663,3.79663,3.79663,3000
GMD,5/26/2003 00:00:00,3.8195,3.85381,3.8195,3.8195,29910
GMD,5/27/2003 00:00:00,3.8195,3.8195,3.79663,3.79663,22500
GMD,5/28/2003 00:00:00,3.79663,3.83094,3.79663,3.79663,24200
GMD,5/29/2003 00:00:00,3.77376,3.79663,3.77376,3.77376,31390
GMD,5/30/2003 00:00:00,3.76232,3.77376,3.76232,3.76232,22210
GMD,6/2/2003 00:00:00,3.76232,3.76232,3.76232,3.76232,270
GMD,6/3/2003 00:00:00,3.76232,3.76232,3.76232,3.76232,2610
GMD,6/4/2003 00:00:00,3.76232,3.77376,3.76232,3.76232,1510
GMD,6/5/2003 00:00:00,3.76232,3.76232,3.76232,3.76232,880
GMD,6/6/2003 00:00:00,3.76232,3.76232,3.76232,3.76232,1570
GMD,6/9/2003 00:00:00,3.77376,3.79663,3.77376,3.77376,9910
GMD,6/10/2003 00:00:00,3.77376,3.77376,3.77376,3.77376,1210
GMD,6/11/2003 00:00:00,3.77376,3.77376,3.77376,3.77376,20600
GMD,6/12/2003 00:00:00,3.77376,3.77376,3.76232,3.76232,10850
GMD,6/13/2003 00:00:00,3.76232,3.79663,3.76232,3.76232,1510
GMD,6/16/2003 00:00:00,3.76232,3.76232,3.76232,3.76232,1710
GMD,6/18/2003 00:00:00,3.76232,3.77376,3.76232,3.77376,130
GMD,6/19/2003 00:00:00,3.80807,3.80807,3.80807,3.80807,11360
GMD,6/20/2003 00:00:00,3.80807,3.80807,3.80807,3.80807,12200
GMD,6/23/2003 00:00:00,3.7852,3.7852,3.7852,3.7852,1110
GMD,6/24/2003 00:00:00,3.79663,3.80807,3.79663,3.80807,4550
GMD,6/25/2003 00:00:00,3.83094,3.83094,3.83094,3.83094,200
GMD,6/26/2003 00:00:00,3.79663,3.83094,3.79663,3.79663,200
GMD,6/27/2003 00:00:00,3.79663,3.80807,3.79663,3.80807,1530
GMD,6/30/2003 00:00:00,3.80807,3.84237,3.80807,3.84237,31700
GMD,7/1/2003 00:00:00,3.84237,3.86524,3.84237,3.86524,10
GMD,7/2/2003 00:00:00,3.86524,4.00247,3.79663,3.79663,1310
GMD,7/3/2003 00:00:00,3.79663,3.8195,3.79663,3.8195,400
GMD,7/4/2003 00:00:00,3.83094,3.83094,3.83094,3.83094,20
GMD,7/7/2003 00:00:00,3.83094,3.83094,3.83094,3.83094,300
GMD,7/8/2003 00:00:00,3.83094,3.83094,3.83094,3.83094,110
GMD,7/9/2003 00:00:00,3.80807,3.80807,3.79663,3.79663,2160
GMD,7/10/2003 00:00:00,3.79663,3.79663,3.79663,3.79663,200
GMD,7/11/2003 00:00:00,3.7852,3.79663,3.7852,3.7852,2200
GMD,7/14/2003 00:00:00,3.77376,3.77376,3.77376,3.77376,500
GMD,7/15/2003 00:00:00,3.77376,3.77376,3.77376,3.77376,30
GMD,7/16/2003 00:00:00,3.77376,3.77376,3.77376,3.77376,2300
GMD,7/17/2003 00:00:00,3.77376,3.77376,3.77376,3.77376,2000
GMD,7/18/2003 00:00:00,3.77376,3.77376,3.77376,3.77376,7340
GMD,7/22/2003 00:00:00,3.77376,3.77376,3.75089,3.75089,2500
GMD,7/23/2003 00:00:00,3.75089,3.80807,3.75089,3.80807,10
GMD,7/24/2003 00:00:00,3.8195,3.8195,3.8195,3.8195,10
GMD,7/25/2003 00:00:00,3.7852,3.8195,3.7852,3.7852,200
GMD,7/28/2003 00:00:00,3.7852,3.7852,3.7852,3.7852,10
GMD,7/29/2003 00:00:00,3.7852,3.8195,3.7852,3.8195,10
GMD,7/30/2003 00:00:00,3.80807,3.8195,3.80807,3.80807,400
GMD,7/31/2003 00:00:00,3.72802,3.80807,3.72802,3.72802,4000
GMD,8/1/2003 00:00:00,3.72802,3.72802,3.72802,3.72802,100
GMD,8/4/2003 00:00:00,3.72802,3.76232,3.72802,3.76232,520
GMD,8/5/2003 00:00:00,3.76232,3.77376,3.76232,3.77376,27450
GMD,8/6/2003 00:00:00,3.77376,3.80807,3.77376,3.77376,12010
GMD,8/7/2003 00:00:00,3.77376,3.80807,3.76232,3.80807,15420
GMD,8/8/2003 00:00:00,3.75089,3.80807,3.75089,3.75089,810
GMD,8/11/2003 00:00:00,3.75089,3.76232,3.75089,3.76232,14120
GMD,8/12/2003 00:00:00,3.77376,3.77376,3.77376,3.77376,12340
GMD,8/13/2003 00:00:00,3.7852,3.7852,3.7852,3.7852,12800
GMD,8/14/2003 00:00:00,3.7852,3.80807,3.77376,3.80807,11000
GMD,8/15/2003 00:00:00,3.80807,3.85381,3.79663,3.79663,20330
GMD,8/18/2003 00:00:00,3.79663,3.79663,3.79663,3.79663,610
GMD,8/19/2003 00:00:00,3.7852,3.79663,3.7852,3.7852,1000
GMD,8/20/2003 00:00:00,3.77376,3.7852,3.77376,3.77376,1300
GMD,8/21/2003 00:00:00,3.77376,3.7852,3.77376,3.7852,20
GMD,8/22/2003 00:00:00,3.77376,3.7852,3.77376,3.77376,1940
GMD,8/25/2003 00:00:00,3.77376,3.80807,3.77376,3.80807,200
GMD,8/26/2003 00:00:00,3.80807,3.80807,3.80807,3.80807,100
GMD,8/28/2003 00:00:00,3.77376,3.80807,3.77376,3.77376,1100
GMD,8/29/2003 00:00:00,3.77376,3.77376,3.77376,3.77376,10000
GMD,9/3/2003 00:00:00,3.77376,3.77376,3.77376,3.77376,200
GMD,9/4/2003 00:00:00,3.77376,3.7852,3.77376,3.77376,5450
GMD,9/5/2003 00:00:00,3.77376,3.7852,3.77376,3.77376,1020
GMD,9/8/2003 00:00:00,3.76232,3.77376,3.76232,3.76232,700
GMD,9/9/2003 00:00:00,3.76232,3.76232,3.76232,3.76232,610
GMD,9/10/2003 00:00:00,3.76232,3.76232,3.76232,3.76232,1010
GMD,9/11/2003 00:00:00,3.76232,3.76232,3.76232,3.76232,1100
GMD,9/12/2003 00:00:00,3.75089,3.76232,3.75089,3.75089,6200
GMD,9/15/2003 00:00:00,3.73945,3.75089,3.73945,3.73945,640
GMD,9/16/2003 00:00:00,3.73945,3.73945,3.71658,3.73945,920
GMD,9/17/2003 00:00:00,3.73945,3.77376,3.72802,3.77376,2400
GMD,9/19/2003 00:00:00,3.73945,3.77376,3.73945,3.73945,3800
GMD,9/22/2003 00:00:00,3.73945,3.73945,3.73945,3.73945,2400
GMD,9/23/2003 00:00:00,3.73945,3.73945,3.73945,3.73945,4500
GMD,9/24/2003 00:00:00,3.73945,3.73945,3.73945,3.73945,5220
GMD,9/25/2003 00:00:00,3.88812,3.89955,3.88812,3.88812,180
GMD,9/26/2003 00:00:00,3.87668,3.87668,3.80807,3.80807,60
GMD,9/29/2003 00:00:00,3.73945,3.80807,3.73945,3.73945,30
GMD,9/30/2003 00:00:00,3.73945,3.73945,3.73945,3.73945,20
GMD,10/1/2003 00:00:00,3.73945,3.73945,3.73945,3.73945,1490
GMD,10/2/2003 00:00:00,3.73945,3.73945,3.73945,3.73945,10600
GMD,10/3/2003 00:00:00,3.73945,3.73945,3.73945,3.73945,10000
GMD,10/6/2003 00:00:00,3.73945,3.73945,3.73945,3.73945,9490
GMD,10/7/2003 00:00:00,3.73945,3.73945,3.67084,3.73945,5240
GMD,10/8/2003 00:00:00,3.60223,3.60223,3.60223,3.60223,2090
GMD,10/9/2003 00:00:00,3.60223,3.60223,3.60223,3.60223,10250
GMD,10/10/2003 00:00:00,3.60223,3.60223,3.60223,3.60223,100
GMD,10/13/2003 00:00:00,3.60223,3.60223,3.60223,3.60223,12900
GMD,10/14/2003 00:00:00,3.60223,3.60223,3.57935,3.57935,5010
GMD,10/15/2003 00:00:00,3.57935,3.57935,3.57935,3.57935,12420
GMD,10/16/2003 00:00:00,3.57935,3.57935,3.57935,3.57935,9910
GMD,10/17/2003 00:00:00,3.55648,3.55648,3.54505,3.54505,140
GMD,10/20/2003 00:00:00,3.54505,3.54505,3.54505,3.54505,10
GMD,10/21/2003 00:00:00,3.54505,3.54505,3.54505,3.54505,200
GMD,10/22/2003 00:00:00,3.54505,3.55648,3.54505,3.55648,9900
GMD,10/23/2003 00:00:00,3.55648,3.55648,3.55648,3.55648,9910
GMD,10/24/2003 00:00:00,3.55648,3.57935,3.55648,3.57935,19800
GMD,10/27/2003 00:00:00,3.57935,3.57935,3.57935,3.57935,4150
GMD,10/28/2003 00:00:00,3.57935,3.61366,3.57935,3.61366,330
GMD,10/29/2003 00:00:00,3.57935,3.61366,3.57935,3.57935,750
GMD,10/30/2003 00:00:00,3.60223,3.61366,3.60223,3.61366,8340
GMD,10/31/2003 00:00:00,3.61366,3.69371,3.61366,3.69371,6820
GMD,11/3/2003 00:00:00,3.69371,3.69371,3.61366,3.61366,3020
GMD,11/4/2003 00:00:00,3.61366,3.61366,3.61366,3.61366,3000
GMD,11/5/2003 00:00:00,3.61366,3.6251,3.61366,3.6251,190
GMD,11/6/2003 00:00:00,3.6251,3.6594,3.6251,3.6594,600
GMD,11/7/2003 00:00:00,3.6594,3.67084,3.6594,3.67084,14100
GMD,11/10/2003 00:00:00,3.67084,3.69371,3.67084,3.69371,6180
GMD,11/11/2003 00:00:00,3.69371,3.73945,3.69371,3.73945,1080
GMD,11/12/2003 00:00:00,3.77376,3.77376,3.77376,3.77376,3150
GMD,11/13/2003 00:00:00,3.77376,3.87668,3.77376,3.87668,3810
GMD,11/14/2003 00:00:00,4.00247,4.03678,4.00247,4.00247,2300
GMD,11/17/2003 00:00:00,4.00247,4.00247,3.9796,3.9796,17000
GMD,11/18/2003 00:00:00,3.94529,3.94529,3.80807,3.94529,13080
GMD,11/19/2003 00:00:00,3.94529,3.96817,3.94529,3.96817,7240
GMD,11/20/2003 00:00:00,3.9796,3.99104,3.9796,3.99104,6000
GMD,11/21/2003 00:00:00,4.08252,4.17401,4.08252,4.17401,20650
GMD,11/24/2003 00:00:00,4.23119,4.23119,4.23119,4.23119,15440
GMD,11/25/2003 00:00:00,4.23119,4.23119,4.23119,4.23119,15530
GMD,11/26/2003 00:00:00,4.23119,4.23119,4.23119,4.23119,2470
GMD,11/27/2003 00:00:00,4.23119,4.23119,4.23119,4.23119,11840
GMD,11/28/2003 00:00:00,4.23119,4.23119,4.21975,4.21975,23030
GMD,12/1/2003 00:00:00,4.21975,4.23119,4.21975,4.21975,2100
GMD,12/2/2003 00:00:00,4.20831,4.20831,4.20831,4.20831,7080
GMD,12/3/2003 00:00:00,4.20831,4.21975,4.20831,4.20831,9080
GMD,12/4/2003 00:00:00,4.20831,4.20831,4.19688,4.19688,25900
GMD,12/5/2003 00:00:00,4.19688,4.23119,4.19688,4.19688,4010
GMD,12/8/2003 00:00:00,4.18544,4.19688,4.18544,4.18544,4000
GMD,12/9/2003 00:00:00,4.17401,4.18544,4.17401,4.17401,2170
GMD,12/10/2003 00:00:00,4.17401,4.17401,4.16257,4.16257,9610
GMD,12/11/2003 00:00:00,4.15114,4.16257,4.15114,4.15114,10500
GMD,12/12/2003 00:00:00,4.15114,4.15114,4.15114,4.15114,4160
GMD,12/15/2003 00:00:00,4.15114,4.17401,4.15114,4.17401,2180
GMD,12/16/2003 00:00:00,4.19688,4.19688,4.19688,4.19688,2750
GMD,12/17/2003 00:00:00,4.23119,4.34554,4.23119,4.23119,3690
GMD,12/18/2003 00:00:00,4.23119,4.25406,4.23119,4.23119,4550
GMD,12/19/2003 00:00:00,4.23119,4.25406,4.23119,4.25406,4200
GMD,12/22/2003 00:00:00,4.25406,4.28836,4.25406,4.25406,15790
GMD,12/23/2003 00:00:00,4.25406,4.25406,4.25406,4.25406,2010
GMD,12/24/2003 00:00:00,4.25406,4.26549,4.25406,4.26549,9100
GMD,12/25/2003 00:00:00,4.25406,4.26549,4.25406,4.25406,2000
GMD,12/26/2003 00:00:00,4.25406,4.26549,4.25406,4.26549,110
GMD,12/29/2003 00:00:00,4.26549,4.26549,4.26549,4.26549,7480
GMD,12/30/2003 00:00:00,4.26549,4.26549,4.26549,4.26549,2150
GMD,12/31/2003 00:00:00,4.26549,4.28836,4.26549,4.28836,9900
GMD,1/5/2004 00:00:00,4.28836,4.28836,4.28836,4.28836,6480
GMD,1/6/2004 00:00:00,4.28836,4.28836,4.28836,4.28836,4400
GMD,1/7/2004 00:00:00,4.2998,4.31123,4.2998,4.31123,2270
GMD,1/8/2004 00:00:00,4.31123,4.34554,4.31123,4.34554,2080
GMD,1/9/2004 00:00:00,4.34554,4.4599,4.34554,4.4599,20
GMD,1/13/2004 00:00:00,4.35698,4.4599,4.35698,4.35698,2000
GMD,1/14/2004 00:00:00,4.35698,4.57425,4.35698,4.35698,5010
GMD,1/15/2004 00:00:00,4.35698,4.40272,4.35698,4.40272,4300
GMD,1/16/2004 00:00:00,4.4599,4.4599,4.4599,4.4599,4180
GMD,1/27/2004 00:00:00,4.67718,4.67718,4.67718,4.67718,780
GMD,1/28/2004 00:00:00,4.90589,4.90589,4.90589,4.90589,10100
GMD,1/29/2004 00:00:00,5.14604,5.14604,5.14604,5.14604,52550
GMD,1/30/2004 00:00:00,5.14604,5.39762,5.1346,5.1346,41080
GMD,2/2/2004 00:00:00,4.92876,4.92876,4.88302,4.88302,13800
GMD,2/3/2004 00:00:00,4.68861,4.68861,4.68861,4.68861,15550
GMD,2/4/2004 00:00:00,4.68861,4.91732,4.68861,4.91732,19750
GMD,2/5/2004 00:00:00,5.03168,5.14604,5.03168,5.03168,25320
GMD,2/6/2004 00:00:00,5.03168,5.03168,5.03168,5.03168,10100
GMD,2/9/2004 00:00:00,5.03168,5.03168,5.03168,5.03168,11980
GMD,2/10/2004 00:00:00,5.03168,5.03168,5.03168,5.03168,11550
GMD,2/11/2004 00:00:00,4.99737,4.99737,4.98594,4.99737,1550
GMD,2/12/2004 00:00:00,5.03168,5.08886,5.03168,5.03168,2980
GMD,2/13/2004 00:00:00,5.03168,5.04312,4.99737,5.04312,13150
GMD,2/16/2004 00:00:00,5.04312,5.04312,5.03168,5.03168,13700
GMD,2/17/2004 00:00:00,5.03168,5.24896,4.88302,5.24896,13030
GMD,2/18/2004 00:00:00,5.19178,5.19178,5.19178,5.19178,23800
GMD,2/19/2004 00:00:00,5.19178,5.26039,5.18034,5.26039,24580
GMD,2/20/2004 00:00:00,5.36331,5.37475,5.36331,5.37475,17460
GMD,2/23/2004 00:00:00,5.43193,5.60346,5.43193,5.60346,18990
GMD,2/24/2004 00:00:00,5.60346,5.71782,5.60346,5.60346,32700
GMD,2/25/2004 00:00:00,5.60346,5.775,5.60346,5.60346,36650
GMD,2/26/2004 00:00:00,5.58059,5.58059,5.58059,5.58059,10150
GMD,2/27/2004 00:00:00,5.58059,5.71782,5.58059,5.71782,52760
GMD,3/1/2004 00:00:00,5.88935,5.88935,5.88935,5.88935,44120
GMD,3/2/2004 00:00:00,5.83217,5.83217,5.83217,5.83217,17230
GMD,3/3/2004 00:00:00,5.83217,5.83217,5.83217,5.83217,71460
GMD,3/4/2004 00:00:00,5.83217,5.83217,5.83217,5.83217,31500
GMD,3/5/2004 00:00:00,5.83217,5.83217,5.83217,5.83217,42600
GMD,3/8/2004 00:00:00,5.83217,5.83217,5.83217,5.83217,63120
GMD,3/9/2004 00:00:00,5.775,5.775,5.71782,5.775,60860
GMD,3/10/2004 00:00:00,5.775,5.88935,5.71782,5.88935,62280
GMD,3/11/2004 00:00:00,5.88935,5.94653,5.88935,5.94653,21560
GMD,3/12/2004 00:00:00,5.94653,5.94653,5.94653,5.94653,33070
GMD,3/15/2004 00:00:00,5.94653,6.11807,5.94653,6.11807,24540
GMD,3/16/2004 00:00:00,6.11807,6.17524,6.11807,6.17524,26310
GMD,3/17/2004 00:00:00,6.2896,6.40396,6.2896,6.2896,22530
GMD,3/18/2004 00:00:00,6.2896,6.40396,6.2896,6.40396,12670
GMD,3/19/2004 00:00:00,6.40396,6.40396,6.40396,6.40396,42630
GMD,3/22/2004 00:00:00,6.51831,6.51831,6.51831,6.51831,18000
GMD,3/23/2004 00:00:00,6.51831,6.51831,6.51831,6.51831,29410
GMD,3/24/2004 00:00:00,6.51831,6.51831,6.51831,6.51831,44490
GMD,3/25/2004 00:00:00,6.51831,6.8042,6.51831,6.8042,34590
GMD,3/26/2004 00:00:00,6.97574,7.09009,6.97574,7.09009,33420
GMD,3/29/2004 00:00:00,7.20445,7.37599,7.20445,7.20445,14140
GMD,3/30/2004 00:00:00,7.20445,7.20445,7.20445,7.20445,31150
GMD,3/31/2004 00:00:00,7.20445,7.37599,7.20445,7.37599,24670
GMD,4/1/2004 00:00:00,7.37599,7.43316,7.31881,7.31881,28800
GMD,4/2/2004 00:00:00,7.31881,7.31881,7.20445,7.20445,10330
GMD,4/5/2004 00:00:00,7.37599,7.43316,7.37599,7.43316,13400
GMD,4/6/2004 00:00:00,7.37599,7.37599,7.26163,7.26163,5680
GMD,4/7/2004 00:00:00,7.26163,7.26163,7.20445,7.20445,3060
GMD,4/8/2004 00:00:00,7.14727,7.14727,6.86138,6.86138,10530
GMD,4/9/2004 00:00:00,6.86138,6.97574,6.74703,6.74703,750
GMD,4/12/2004 00:00:00,6.74703,6.74703,6.51831,6.51831,9100
GMD,4/13/2004 00:00:00,6.46113,6.46113,6.46113,6.46113,5980
GMD,4/14/2004 00:00:00,6.46113,6.46113,6.46113,6.46113,4770
GMD,4/15/2004 00:00:00,6.46113,6.57549,6.46113,6.57549,6570
GMD,4/16/2004 00:00:00,6.68985,6.86138,6.68985,6.86138,9530
GMD,4/19/2004 00:00:00,6.86138,7.03292,6.86138,6.86138,7770
GMD,4/20/2004 00:00:00,6.8042,6.8042,6.74703,6.8042,6990
GMD,4/21/2004 00:00:00,6.8042,6.97574,6.8042,6.8042,100
GMD,4/22/2004 00:00:00,6.97574,6.97574,6.97574,6.97574,6890
GMD,4/23/2004 00:00:00,7.03292,7.09009,7.03292,7.09009,8800
GMD,4/26/2004 00:00:00,7.20445,7.26163,7.20445,7.26163,4200
GMD,4/27/2004 00:00:00,7.26163,7.31881,7.26163,7.26163,23010
GMD,4/28/2004 00:00:00,7.26163,7.31881,7.26163,7.31881,12700
GMD,4/29/2004 00:00:00,7.37599,7.43316,7.37599,7.43316,16870
GMD,5/4/2004 00:00:00,7.43316,7.43316,7.43316,7.43316,3970
GMD,5/5/2004 00:00:00,7.43316,7.43316,7.37599,7.37599,860
GMD,5/6/2004 00:00:00,7.37599,7.37599,7.31881,7.31881,640
GMD,5/7/2004 00:00:00,7.31881,7.31881,7.26163,7.31881,80
GMD,5/10/2004 00:00:00,7.20445,7.20445,7.09009,7.09009,1000
GMD,5/11/2004 00:00:00,7.03292,7.03292,7.03292,7.03292,3640
GMD,5/12/2004 00:00:00,7.03292,7.31881,7.03292,7.31881,9110
GMD,5/13/2004 00:00:00,7.31881,7.31881,7.26163,7.26163,6750
GMD,5/14/2004 00:00:00,7.26163,7.31881,7.26163,7.26163,440
GMD,5/17/2004 00:00:00,7.20445,7.20445,7.20445,7.20445,1380
GMD,5/18/2004 00:00:00,7.31881,7.43316,7.31881,7.31881,10210
GMD,5/19/2004 00:00:00,7.31881,7.31881,7.26163,7.31881,11380
GMD,5/20/2004 00:00:00,7.26163,7.31881,7.26163,7.26163,1500
GMD,5/21/2004 00:00:00,7.26163,7.26163,7.26163,7.26163,5700
GMD,5/24/2004 00:00:00,7.26163,7.31881,7.26163,7.26163,7770
GMD,5/25/2004 00:00:00,7.26163,7.26163,6.97574,6.97574,7700
GMD,5/26/2004 00:00:00,6.63267,6.63267,6.63267,6.63267,2550
GMD,5/27/2004 00:00:00,6.63267,6.63267,6.51831,6.51831,390
GMD,5/28/2004 00:00:00,6.51831,6.51831,6.51831,6.51831,1630
GMD,5/31/2004 00:00:00,6.51831,6.51831,6.51831,6.51831,2720
GMD,6/1/2004 00:00:00,6.51831,6.51831,6.51831,6.51831,760
GMD,6/2/2004 00:00:00,6.51831,6.51831,6.51831,6.51831,1420
GMD,6/3/2004 00:00:00,6.46113,6.51831,6.46113,6.46113,1000
GMD,6/4/2004 00:00:00,6.40396,6.46113,6.40396,6.40396,3710
GMD,6/7/2004 00:00:00,6.34678,6.40396,6.34678,6.34678,2810
GMD,6/8/2004 00:00:00,6.23242,6.23242,6.23242,6.23242,1770
GMD,6/9/2004 00:00:00,6.23242,6.23242,6.17524,6.23242,13350
GMD,6/10/2004 00:00:00,6.23242,6.2896,6.23242,6.2896,510
GMD,6/11/2004 00:00:00,6.2896,6.34678,6.2896,6.2896,2540
GMD,6/14/2004 00:00:00,6.34678,6.34678,6.34678,6.34678,14030
GMD,6/15/2004 00:00:00,6.46113,6.51831,6.46113,6.46113,7720
GMD,6/16/2004 00:00:00,6.46113,6.46113,6.46113,6.46113,110
GMD,6/17/2004 00:00:00,6.2896,6.46113,6.2896,6.2896,1800
GMD,6/18/2004 00:00:00,6.2896,6.2896,6.2896,6.2896,1770
GMD,6/21/2004 00:00:00,6.2896,6.2896,6.2896,6.2896,1180
GMD,6/22/2004 00:00:00,6.2896,6.2896,6.23242,6.2896,680
GMD,6/23/2004 00:00:00,6.2896,6.2896,6.2896,6.2896,860
GMD,6/24/2004 00:00:00,6.2896,6.2896,6.2896,6.2896,190
GMD,6/25/2004 00:00:00,6.2896,6.2896,6.2896,6.2896,2220
GMD,6/28/2004 00:00:00,6.2896,6.2896,6.2896,6.2896,1980
GMD,6/29/2004 00:00:00,6.23242,6.23242,6.23242,6.23242,170
GMD,6/30/2004 00:00:00,6.23242,6.40396,6.23242,6.40396,10340
GMD,7/1/2004 00:00:00,6.40396,6.40396,6.40396,6.40396,8440
GMD,7/2/2004 00:00:00,6.34678,6.40396,6.34678,6.34678,850
GMD,7/5/2004 00:00:00,6.34678,6.34678,6.34678,6.34678,1060
GMD,7/6/2004 00:00:00,6.34678,6.34678,6.34678,6.34678,2100
GMD,7/7/2004 00:00:00,6.34678,6.34678,6.34678,6.34678,6500
GMD,7/8/2004 00:00:00,6.2896,6.34678,6.2896,6.2896,550
GMD,7/9/2004 00:00:00,6.2896,6.34678,6.2896,6.2896,600
GMD,7/12/2004 00:00:00,6.2896,6.2896,6.2896,6.2896,2140
GMD,7/13/2004 00:00:00,6.2896,6.2896,6.2896,6.2896,370
GMD,7/14/2004 00:00:00,6.23242,6.2896,6.23242,6.23242,220
GMD,7/15/2004 00:00:00,6.11807,6.11807,6.11807,6.11807,12300
GMD,7/16/2004 00:00:00,6.11807,6.40396,6.11807,6.40396,40
GMD,7/19/2004 00:00:00,6.2896,6.2896,6.17524,6.17524,1220
GMD,7/20/2004 00:00:00,6.17524,6.34678,6.17524,6.34678,1000
GMD,7/21/2004 00:00:00,6.2896,6.2896,6.2896,6.2896,1060
GMD,7/22/2004 00:00:00,6.2896,6.2896,6.2896,6.2896,200
GMD,7/23/2004 00:00:00,6.23242,6.2896,6.23242,6.23242,1110
GMD,7/26/2004 00:00:00,6.17524,6.17524,6.17524,6.17524,790
GMD,7/27/2004 00:00:00,6.17524,6.17524,6.17524,6.17524,210
GMD,7/28/2004 00:00:00,6.17524,6.23242,6.17524,6.23242,400
GMD,7/29/2004 00:00:00,5.94653,6.23242,5.94653,5.94653,110
GMD,7/30/2004 00:00:00,5.94653,6.17524,5.94653,6.17524,10140
GMD,8/2/2004 00:00:00,6.11807,6.17524,6.11807,6.11807,4400
GMD,8/3/2004 00:00:00,6.00371,6.11807,6.00371,6.00371,2440
GMD,8/4/2004 00:00:00,6.00371,6.00371,5.94653,6.00371,5420
GMD,8/5/2004 00:00:00,5.83217,5.88935,5.83217,5.88935,12250
GMD,8/6/2004 00:00:00,5.83217,5.88935,5.83217,5.83217,20500
GMD,8/9/2004 00:00:00,5.56915,5.56915,5.56915,5.56915,25010
GMD,8/10/2004 00:00:00,5.56915,5.83217,5.56915,5.83217,4800
GMD,8/11/2004 00:00:00,6.11807,6.11807,6.11807,6.11807,8440
GMD,8/12/2004 00:00:00,6.00371,6.11807,6.00371,6.00371,1500
GMD,8/13/2004 00:00:00,6.00371,6.00371,6.00371,6.00371,1100
GMD,8/16/2004 00:00:00,5.94653,5.94653,5.94653,5.94653,1870
GMD,8/17/2004 00:00:00,5.94653,5.94653,5.94653,5.94653,1600
GMD,8/18/2004 00:00:00,5.94653,5.94653,5.94653,5.94653,600
GMD,8/19/2004 00:00:00,5.94653,5.94653,5.94653,5.94653,4300
GMD,8/20/2004 00:00:00,5.94653,5.94653,5.94653,5.94653,1520
GMD,8/23/2004 00:00:00,6.06089,6.11807,6.06089,6.11807,6750
GMD,8/24/2004 00:00:00,6.11807,6.11807,6.00371,6.00371,4120
GMD,8/25/2004 00:00:00,6.00371,6.00371,6.00371,6.00371,200
GMD,8/26/2004 00:00:00,5.94653,5.94653,5.94653,5.94653,8590
GMD,8/27/2004 00:00:00,5.94653,6.06089,5.94653,6.06089,570
GMD,8/30/2004 00:00:00,6.06089,6.06089,6.06089,6.06089,100
GMD,8/31/2004 00:00:00,6.06089,6.06089,6.00371,6.00371,790
GMD,9/1/2004 00:00:00,6.00371,6.00371,6.00371,6.00371,260
GMD,9/6/2004 00:00:00,6.00371,6.06089,6.00371,6.06089,200
GMD,9/8/2004 00:00:00,6.06089,6.06089,6.06089,6.06089,1110
GMD,9/9/2004 00:00:00,6.06089,6.06089,6.06089,6.06089,650
GMD,9/10/2004 00:00:00,6.06089,6.06089,6.06089,6.06089,50
GMD,9/13/2004 00:00:00,6.06089,6.06089,6.06089,6.06089,1560
GMD,9/14/2004 00:00:00,6.06089,6.06089,6.06089,6.06089,700
GMD,9/15/2004 00:00:00,6.06089,6.06089,6.06089,6.06089,9900
GMD,9/16/2004 00:00:00,6.06089,6.06089,6.06089,6.06089,200
GMD,9/17/2004 00:00:00,6.00371,6.06089,6.00371,6.00371,5720
GMD,9/20/2004 00:00:00,6.00371,6.00371,6.00371,6.00371,1980
GMD,9/21/2004 00:00:00,6.00371,6.06089,6.00371,6.06089,200
GMD,9/22/2004 00:00:00,6.00371,6.00371,6.00371,6.00371,1500
GMD,9/23/2004 00:00:00,6.00371,6.00371,6.00371,6.00371,2880
GMD,9/24/2004 00:00:00,6.00371,6.06089,6.00371,6.06089,1430
GMD,9/27/2004 00:00:00,6.00371,6.06089,6.00371,6.00371,2210
GMD,9/28/2004 00:00:00,6.06089,6.06089,6.06089,6.06089,900
GMD,9/29/2004 00:00:00,6.06089,6.06089,6.06089,6.06089,14500
GMD,9/30/2004 00:00:00,6.00371,6.00371,6.00371,6.00371,15840
GMD,10/1/2004 00:00:00,6.00371,6.06089,6.00371,6.06089,500
GMD,10/4/2004 00:00:00,6.06089,6.06089,6.06089,6.06089,10210
GMD,10/5/2004 00:00:00,6.06089,6.06089,6.06089,6.06089,2500
GMD,10/6/2004 00:00:00,6.06089,6.06089,6.00371,6.00371,970
GMD,10/7/2004 00:00:00,6.00371,6.06089,6.00371,6.06089,1190
GMD,10/8/2004 00:00:00,6.06089,6.06089,6.06089,6.06089,7360
GMD,10/11/2004 00:00:00,6.00371,6.00371,6.00371,6.00371,2450
GMD,10/12/2004 00:00:00,6.00371,6.06089,6.00371,6.06089,2000
GMD,10/13/2004 00:00:00,6.06089,6.06089,6.06089,6.06089,100
GMD,10/15/2004 00:00:00,6.00371,6.00371,6.00371,6.00371,11800
GMD,10/18/2004 00:00:00,6.00371,6.06089,6.00371,6.00371,6100
GMD,10/19/2004 00:00:00,6.00371,6.00371,6.00371,6.00371,20370
GMD,10/20/2004 00:00:00,6.00371,6.00371,6.00371,6.00371,7150
GMD,10/21/2004 00:00:00,6.00371,6.00371,6.00371,6.00371,2160
GMD,10/22/2004 00:00:00,6.00371,6.00371,5.94653,5.94653,3210
GMD,10/25/2004 00:00:00,5.94653,5.94653,5.94653,5.94653,6100
GMD,10/26/2004 00:00:00,5.94653,5.94653,5.88935,5.88935,12110
GMD,10/27/2004 00:00:00,5.88935,5.88935,5.88935,5.88935,7650
GMD,10/28/2004 00:00:00,5.83217,5.83217,5.71782,5.71782,34130
GMD,10/29/2004 00:00:00,5.71782,5.71782,5.56915,5.71782,15490
GMD,11/1/2004 00:00:00,5.71782,5.71782,5.71782,5.71782,3430
GMD,11/2/2004 00:00:00,5.71782,5.71782,5.71782,5.71782,7600
GMD,11/3/2004 00:00:00,5.71782,5.71782,5.67208,5.67208,5900
GMD,11/4/2004 00:00:00,5.62633,5.67208,5.62633,5.62633,2820
GMD,11/5/2004 00:00:00,5.60346,5.60346,5.56915,5.56915,8100
GMD,11/8/2004 00:00:00,5.51198,5.51198,5.50054,5.50054,24190
GMD,11/9/2004 00:00:00,5.48911,5.48911,5.47767,5.47767,9860
GMD,11/10/2004 00:00:00,5.47767,5.47767,5.47767,5.47767,11880
GMD,11/11/2004 00:00:00,5.46623,5.46623,5.4548,5.4548,4480
GMD,11/12/2004 00:00:00,5.4548,5.4548,5.44336,5.44336,5730
GMD,11/15/2004 00:00:00,5.44336,5.44336,5.37475,5.37475,2800
GMD,11/16/2004 00:00:00,5.37475,5.37475,5.31757,5.31757,10130
GMD,11/17/2004 00:00:00,5.31757,5.31757,5.30614,5.30614,11930
GMD,11/18/2004 00:00:00,5.28326,5.28326,5.28326,5.28326,20040
GMD,11/19/2004 00:00:00,5.26039,5.26039,5.20321,5.26039,5670
GMD,11/22/2004 00:00:00,5.26039,5.26039,5.23752,5.23752,8680
GMD,11/23/2004 00:00:00,5.20321,5.20321,5.16891,5.16891,16840
GMD,11/24/2004 00:00:00,5.16891,5.16891,5.14604,5.14604,7420
GMD,11/25/2004 00:00:00,5.11173,5.11173,5.08886,5.08886,11120
GMD,11/26/2004 00:00:00,5.06599,5.06599,5.05455,5.06599,13630
GMD,11/29/2004 00:00:00,5.07742,5.14604,5.07742,5.14604,25340
GMD,11/30/2004 00:00:00,5.37475,5.39762,5.37475,5.39762,25530
GMD,12/1/2004 00:00:00,5.66064,5.66064,5.66064,5.66064,45040
GMD,12/2/2004 00:00:00,5.66064,5.66064,5.46623,5.46623,5400
GMD,12/3/2004 00:00:00,5.48911,5.51198,5.48911,5.51198,22430
GMD,12/6/2004 00:00:00,5.51198,5.54628,5.51198,5.51198,2390
GMD,12/7/2004 00:00:00,5.53485,5.54628,5.53485,5.54628,12780
GMD,12/8/2004 00:00:00,5.56915,5.67208,5.56915,5.56915,9150
GMD,12/9/2004 00:00:00,5.58059,5.60346,5.58059,5.58059,6280
GMD,12/10/2004 00:00:00,5.58059,5.58059,5.56915,5.58059,12410
GMD,12/13/2004 00:00:00,5.58059,5.60346,5.58059,5.60346,13030
GMD,12/14/2004 00:00:00,5.60346,5.62633,5.59203,5.62633,5390
GMD,12/15/2004 00:00:00,5.63777,5.6492,5.63777,5.6492,5350
GMD,12/16/2004 00:00:00,5.6492,5.66064,5.6492,5.66064,4960
GMD,12/17/2004 00:00:00,5.68351,5.71782,5.68351,5.71782,18080
GMD,12/20/2004 00:00:00,5.775,5.775,5.775,5.775,9950
GMD,12/21/2004 00:00:00,5.775,5.775,5.775,5.775,9110
GMD,12/22/2004 00:00:00,5.775,5.83217,5.775,5.83217,7890
GMD,12/23/2004 00:00:00,5.88935,5.94653,5.88935,5.88935,9510
GMD,12/24/2004 00:00:00,5.94653,6.00371,5.94653,6.00371,15690
GMD,12/27/2004 00:00:00,6.00371,6.00371,5.94653,5.94653,7850
GMD,12/28/2004 00:00:00,5.94653,6.00371,5.94653,5.94653,340
GMD,12/29/2004 00:00:00,5.88935,5.88935,5.83217,5.88935,11530
GMD,12/30/2004 00:00:00,5.88935,5.94653,5.88935,5.94653,21560
GMD,12/31/2004 00:00:00,5.94653,6.00371,5.94653,6.00371,39610
GMD,1/4/2005 00:00:00,5.94653,5.94653,5.94653,5.94653,2060
GMD,1/5/2005 00:00:00,5.94653,5.94653,5.94653,5.94653,2090
GMD,1/6/2005 00:00:00,5.94653,5.94653,5.94653,5.94653,4110
GMD,1/7/2005 00:00:00,5.88935,5.88935,5.83217,5.88935,2210
GMD,1/10/2005 00:00:00,5.83217,5.83217,5.83217,5.83217,2050
GMD,1/11/2005 00:00:00,5.83217,5.88935,5.83217,5.83217,360
GMD,1/12/2005 00:00:00,5.83217,5.83217,5.83217,5.83217,5200
GMD,1/13/2005 00:00:00,5.83217,5.88935,5.775,5.775,1310
GMD,1/14/2005 00:00:00,5.775,5.88935,5.775,5.88935,2190
GMD,1/17/2005 00:00:00,5.88935,5.88935,5.88935,5.88935,410
GMD,1/18/2005 00:00:00,5.88935,5.88935,5.88935,5.88935,900
GMD,1/19/2005 00:00:00,5.88935,5.88935,5.83217,5.88935,5480
GMD,1/20/2005 00:00:00,5.83217,5.88935,5.83217,5.83217,2100
GMD,1/21/2005 00:00:00,5.94653,5.94653,5.94653,5.94653,5270
GMD,1/24/2005 00:00:00,5.94653,5.94653,5.88935,5.88935,660
GMD,1/25/2005 00:00:00,5.88935,5.88935,5.88935,5.88935,1100
GMD,1/26/2005 00:00:00,5.88935,5.88935,5.88935,5.88935,600
GMD,1/27/2005 00:00:00,5.88935,5.88935,5.83217,5.83217,1470
GMD,1/28/2005 00:00:00,5.83217,5.88935,5.83217,5.88935,10
GMD,1/31/2005 00:00:00,5.88935,5.88935,5.88935,5.88935,100
GMD,2/1/2005 00:00:00,5.83217,5.88935,5.83217,5.83217,6300
GMD,2/2/2005 00:00:00,5.83217,5.83217,5.83217,5.83217,1000
GMD,2/3/2005 00:00:00,5.83217,5.88935,5.83217,5.83217,1090
GMD,2/4/2005 00:00:00,5.83217,5.94653,5.83217,5.94653,310
GMD,2/14/2005 00:00:00,5.94653,5.94653,5.88935,5.88935,2150
GMD,2/15/2005 00:00:00,5.94653,5.94653,5.94653,5.94653,310
GMD,2/16/2005 00:00:00,5.88935,5.88935,5.88935,5.88935,1010
GMD,2/17/2005 00:00:00,5.88935,5.88935,5.88935,5.88935,2090
GMD,2/18/2005 00:00:00,5.88935,5.88935,5.88935,5.88935,1000
GMD,2/21/2005 00:00:00,5.88935,5.88935,5.83217,5.83217,2010
GMD,2/22/2005 00:00:00,5.83217,5.88935,5.83217,5.83217,9280
GMD,2/23/2005 00:00:00,5.83217,5.88935,5.83217,5.88935,24590
GMD,2/24/2005 00:00:00,5.88935,5.88935,5.88935,5.88935,8230
GMD,2/25/2005 00:00:00,5.94653,5.94653,5.94653,5.94653,470
GMD,2/28/2005 00:00:00,5.94653,5.94653,5.94653,5.94653,4590
GMD,3/1/2005 00:00:00,5.94653,6.00371,5.94653,5.94653,120
GMD,3/2/2005 00:00:00,5.94653,6.00371,5.94653,5.94653,9570
GMD,3/3/2005 00:00:00,5.94653,6.00371,5.94653,6.00371,5220
GMD,3/4/2005 00:00:00,6.00371,6.00371,6.00371,6.00371,6010
GMD,3/7/2005 00:00:00,6.00371,6.00371,6.00371,6.00371,1150
GMD,3/8/2005 00:00:00,6.00371,6.00371,5.94653,6.00371,1230
GMD,3/9/2005 00:00:00,5.94653,6.00371,5.94653,6.00371,10660
GMD,3/10/2005 00:00:00,6.00371,6.00371,6.00371,6.00371,8760
GMD,3/11/2005 00:00:00,6.00371,6.00371,6.00371,6.00371,2990
GMD,3/14/2005 00:00:00,6.00371,6.00371,5.94653,5.94653,3050
GMD,3/15/2005 00:00:00,6.00371,6.00371,6.00371,6.00371,500
GMD,3/16/2005 00:00:00,6.00371,6.00371,6.00371,6.00371,840
GMD,3/17/2005 00:00:00,5.94653,5.94653,5.94653,5.94653,1790
GMD,3/18/2005 00:00:00,5.94653,6.00371,5.94653,6.00371,200
GMD,3/21/2005 00:00:00,6.00371,6.23242,5.94653,6.23242,69860
GMD,3/22/2005 00:00:00,6.23242,6.23242,6.11807,6.11807,500
GMD,3/23/2005 00:00:00,6.17524,6.17524,6.17524,6.17524,16000
GMD,3/24/2005 00:00:00,6.23242,6.46113,6.23242,6.46113,36000
GMD,3/25/2005 00:00:00,6.46113,6.46113,6.34678,6.34678,4200
GMD,3/28/2005 00:00:00,6.34678,6.34678,6.23242,6.23242,6750
GMD,3/29/2005 00:00:00,6.23242,6.23242,6.17524,6.17524,1010
GMD,3/30/2005 00:00:00,6.17524,6.17524,6.17524,6.17524,5350
GMD,3/31/2005 00:00:00,6.11807,6.17524,6.11807,6.11807,20170
GMD,4/1/2005 00:00:00,6.11807,6.17524,6.11807,6.11807,4420
GMD,4/4/2005 00:00:00,6.11807,6.11807,6.11807,6.11807,850
GMD,4/5/2005 00:00:00,6.06089,6.11807,6.06089,6.06089,11000
GMD,4/6/2005 00:00:00,6.06089,6.2896,6.06089,6.06089,20
GMD,4/7/2005 00:00:00,6.06089,6.06089,6.06089,6.06089,3030
GMD,4/8/2005 00:00:00,6.06089,6.17524,6.06089,6.06089,1100
GMD,4/11/2005 00:00:00,6.06089,6.06089,6.06089,6.06089,2000
GMD,4/12/2005 00:00:00,6.2896,6.2896,6.2896,6.2896,120
GMD,4/13/2005 00:00:00,6.11807,6.11807,6.06089,6.11807,2110
GMD,4/14/2005 00:00:00,6.11807,6.11807,6.11807,6.11807,500
GMD,4/15/2005 00:00:00,6.17524,6.23242,6.17524,6.23242,1460
GMD,4/18/2005 00:00:00,6.23242,6.23242,6.11807,6.11807,2370
GMD,4/19/2005 00:00:00,6.11807,6.11807,6.11807,6.11807,8250
GMD,4/20/2005 00:00:00,6.06089,6.06089,6.00371,6.00371,5490
GMD,4/21/2005 00:00:00,5.88935,5.88935,5.83217,5.83217,6360
GMD,4/22/2005 00:00:00,5.83217,5.83217,5.83217,5.83217,7020
GMD,4/25/2005 00:00:00,5.83217,5.83217,5.83217,5.83217,15570
GMD,4/26/2005 00:00:00,5.94653,5.94653,5.94653,5.94653,9830
GMD,4/27/2005 00:00:00,5.94653,5.94653,5.94653,5.94653,5530
GMD,4/28/2005 00:00:00,5.94653,5.94653,5.88935,5.94653,7220
GMD,4/29/2005 00:00:00,5.94653,5.94653,5.94653,5.94653,760
GMD,5/4/2005 00:00:00,5.88935,5.88935,5.83217,5.83217,1780
GMD,5/5/2005 00:00:00,5.83217,5.88935,5.83217,5.88935,1500
GMD,5/6/2005 00:00:00,5.88935,5.88935,5.88935,5.88935,680
GMD,5/9/2005 00:00:00,5.83217,5.88935,5.83217,5.83217,1300
GMD,5/10/2005 00:00:00,5.83217,5.83217,5.83217,5.83217,6540
GMD,5/11/2005 00:00:00,5.83217,5.83217,5.83217,5.83217,2430
GMD,5/12/2005 00:00:00,5.83217,5.83217,5.83217,5.83217,1550
GMD,5/13/2005 00:00:00,5.83217,5.83217,5.83217,5.83217,2250
GMD,5/16/2005 00:00:00,5.83217,5.88935,5.83217,5.83217,860
GMD,5/17/2005 00:00:00,5.83217,5.83217,5.83217,5.83217,3930
GMD,5/18/2005 00:00:00,5.83217,5.83217,5.83217,5.83217,1300
GMD,5/19/2005 00:00:00,5.83217,5.88935,5.83217,5.83217,620
GMD,5/20/2005 00:00:00,5.83217,5.94653,5.83217,5.94653,2610
GMD,5/23/2005 00:00:00,5.94653,5.94653,5.94653,5.94653,2300
GMD,5/24/2005 00:00:00,5.94653,5.94653,5.94653,5.94653,510
GMD,5/25/2005 00:00:00,5.88935,5.88935,5.83217,5.88935,13930
GMD,5/26/2005 00:00:00,5.88935,5.88935,5.88935,5.88935,7950
GMD,5/27/2005 00:00:00,5.88935,5.94653,5.88935,5.94653,8060
GMD,5/30/2005 00:00:00,5.94653,5.94653,5.88935,5.94653,8430
GMD,5/31/2005 00:00:00,5.88935,5.88935,5.88935,5.88935,2440
GMD,6/1/2005 00:00:00,5.88935,5.88935,5.88935,5.88935,320
GMD,6/2/2005 00:00:00,5.88935,5.94653,5.88935,5.88935,1310
GMD,6/3/2005 00:00:00,5.88935,5.88935,5.88935,5.88935,1740
GMD,6/6/2005 00:00:00,5.88935,5.88935,5.88935,5.88935,2520
GMD,6/7/2005 00:00:00,5.88935,5.94653,5.88935,5.88935,16140
GMD,6/8/2005 00:00:00,5.88935,5.88935,5.88935,5.88935,1550
GMD,6/9/2005 00:00:00,5.88935,5.88935,5.88935,5.88935,1940
GMD,6/10/2005 00:00:00,5.88935,5.88935,5.88935,5.88935,7300
GMD,6/13/2005 00:00:00,5.88935,5.88935,5.83217,5.83217,2580
GMD,6/14/2005 00:00:00,5.83217,5.83217,5.83217,5.83217,7120
GMD,6/15/2005 00:00:00,5.83217,5.83217,5.83217,5.83217,12220
GMD,6/16/2005 00:00:00,5.83217,5.83217,5.83217,5.83217,5740
GMD,6/17/2005 00:00:00,5.83217,5.83217,5.83217,5.83217,1400
GMD,6/20/2005 00:00:00,5.83217,5.88935,5.775,5.775,910
GMD,6/21/2005 00:00:00,5.775,5.83217,5.775,5.775,5850
GMD,6/22/2005 00:00:00,5.775,5.775,5.775,5.775,3810
GMD,6/23/2005 00:00:00,5.775,5.83217,5.775,5.775,1020
GMD,6/24/2005 00:00:00,5.775,5.83217,5.775,5.775,1020
GMD,6/27/2005 00:00:00,5.71782,5.71782,5.71782,5.71782,4350
GMD,6/28/2005 00:00:00,5.71782,5.71782,5.71782,5.71782,6710
GMD,6/29/2005 00:00:00,5.71782,5.83217,5.71782,5.83217,13150
GMD,6/30/2005 00:00:00,5.775,5.83217,5.775,5.775,10020
GMD,7/1/2005 00:00:00,5.775,5.775,5.775,5.775,2500
GMD,7/4/2005 00:00:00,5.775,5.83217,5.775,5.83217,30
GMD,7/5/2005 00:00:00,5.775,5.83217,5.775,5.775,2650
GMD,7/6/2005 00:00:00,5.775,5.775,5.775,5.775,100
GMD,7/7/2005 00:00:00,5.71782,5.775,5.71782,5.71782,690
GMD,7/8/2005 00:00:00,5.71782,5.775,5.71782,5.775,2960
GMD,7/11/2005 00:00:00,5.775,5.775,5.775,5.775,2140
GMD,7/12/2005 00:00:00,5.775,5.775,5.775,5.775,1500
GMD,7/13/2005 00:00:00,5.775,5.775,5.71782,5.775,5720
GMD,7/14/2005 00:00:00,5.775,5.83217,5.775,5.775,1500
GMD,7/15/2005 00:00:00,5.775,5.775,5.775,5.775,400
GMD,7/18/2005 00:00:00,5.775,5.775,5.775,5.775,1300
GMD,7/20/2005 00:00:00,5.775,5.775,5.775,5.775,4800
GMD,7/21/2005 00:00:00,5.775,5.775,5.71782,5.71782,11210
GMD,7/22/2005 00:00:00,5.71782,5.71782,5.66064,5.66064,2900
GMD,7/25/2005 00:00:00,5.66064,5.66064,5.66064,5.66064,3200
GMD,7/26/2005 00:00:00,5.66064,5.66064,5.6492,5.6492,2700
GMD,7/27/2005 00:00:00,5.60346,5.60346,5.59203,5.59203,2440
GMD,7/28/2005 00:00:00,5.58059,5.58059,5.58059,5.58059,7110
GMD,7/29/2005 00:00:00,5.58059,5.71782,5.48911,5.71782,39580
GMD,8/1/2005 00:00:00,5.66064,5.71782,5.66064,5.66064,200
GMD,8/2/2005 00:00:00,5.66064,5.71782,5.66064,5.66064,1770
GMD,8/3/2005 00:00:00,5.66064,5.66064,5.66064,5.66064,2320
GMD,8/4/2005 00:00:00,5.66064,5.71782,5.66064,5.71782,8700
GMD,8/5/2005 00:00:00,5.71782,5.71782,5.71782,5.71782,5050
GMD,8/8/2005 00:00:00,5.71782,5.71782,5.66064,5.66064,11380
GMD,8/9/2005 00:00:00,5.66064,5.69495,5.66064,5.66064,9370
GMD,8/10/2005 00:00:00,5.60346,5.60346,5.60346,5.60346,8230
GMD,8/11/2005 00:00:00,5.60346,5.60346,5.60346,5.60346,8960
GMD,8/12/2005 00:00:00,5.60346,5.60346,5.60346,5.60346,10080
GMD,8/15/2005 00:00:00,5.60346,5.60346,5.58059,5.58059,16400
GMD,8/16/2005 00:00:00,5.58059,5.58059,5.54628,5.58059,3670
GMD,8/18/2005 00:00:00,5.58059,5.58059,5.58059,5.58059,4360
GMD,8/19/2005 00:00:00,5.58059,5.59203,5.58059,5.59203,8050
GMD,8/22/2005 00:00:00,5.59203,5.59203,5.59203,5.59203,10920
GMD,8/23/2005 00:00:00,5.59203,5.60346,5.59203,5.59203,2910
GMD,8/24/2005 00:00:00,5.58059,5.58059,5.58059,5.58059,8520
GMD,8/25/2005 00:00:00,5.58059,5.59203,5.55772,5.59203,8570
GMD,8/26/2005 00:00:00,5.60346,5.60346,5.60346,5.60346,12050
GMD,8/29/2005 00:00:00,5.62633,5.67208,5.62633,5.67208,7460
GMD,8/30/2005 00:00:00,5.83217,5.83217,5.83217,5.83217,13440
GMD,8/31/2005 00:00:00,5.83217,5.83217,5.775,5.775,8420
GMD,9/1/2005 00:00:00,5.775,5.775,5.775,5.775,16200
GMD,9/5/2005 00:00:00,5.71782,5.71782,5.71782,5.71782,3590
GMD,9/6/2005 00:00:00,5.70638,5.70638,5.69495,5.70638,5580
GMD,9/7/2005 00:00:00,5.71782,5.71782,5.71782,5.71782,19330
GMD,9/8/2005 00:00:00,5.71782,5.775,5.71782,5.71782,11520
GMD,9/9/2005 00:00:00,5.71782,5.71782,5.71782,5.71782,3350
GMD,9/12/2005 00:00:00,5.775,5.83217,5.775,5.775,15000
GMD,9/13/2005 00:00:00,5.775,5.775,5.775,5.775,11910
GMD,9/14/2005 00:00:00,5.775,5.775,5.71782,5.71782,7820
GMD,9/15/2005 00:00:00,5.71782,5.71782,5.71782,5.71782,9220
GMD,9/16/2005 00:00:00,5.775,5.775,5.775,5.775,3880
GMD,9/19/2005 00:00:00,5.775,5.83217,5.775,5.83217,8180
GMD,9/20/2005 00:00:00,5.94653,6.00371,5.94653,6.00371,61930
GMD,9/21/2005 00:00:00,6.00371,6.06089,5.94653,5.94653,57570
GMD,9/22/2005 00:00:00,5.88935,5.88935,5.88935,5.88935,26140
GMD,9/23/2005 00:00:00,5.88935,5.94653,5.88935,5.88935,10790
GMD,9/26/2005 00:00:00,5.88935,5.88935,5.88935,5.88935,18050
GMD,9/27/2005 00:00:00,5.88935,5.88935,5.88935,5.88935,15000
GMD,9/28/2005 00:00:00,5.83217,5.83217,5.83217,5.83217,4230
GMD,9/29/2005 00:00:00,5.83217,5.83217,5.83217,5.83217,11580
GMD,9/30/2005 00:00:00,6.11807,6.11807,6.11807,6.11807,25040
GMD,10/3/2005 00:00:00,6.11807,6.11807,6.06089,6.06089,9280
GMD,10/4/2005 00:00:00,6.00371,6.00371,6.00371,6.00371,11200
GMD,10/5/2005 00:00:00,6.00371,6.00371,5.94653,6.00371,7160
GMD,10/6/2005 00:00:00,6.00371,6.00371,5.94653,6.00371,10610
GMD,10/7/2005 00:00:00,6.00371,6.06089,6.00371,6.06089,12790
GMD,10/10/2005 00:00:00,6.06089,6.06089,6.06089,6.06089,6590
GMD,10/11/2005 00:00:00,6.00371,6.00371,6.00371,6.00371,1800
GMD,10/12/2005 00:00:00,6.00371,6.00371,6.00371,6.00371,18300
GMD,10/13/2005 00:00:00,6.00371,6.06089,6.00371,6.06089,17460
GMD,10/14/2005 00:00:00,6.11807,6.11807,6.11807,6.11807,17730
GMD,10/17/2005 00:00:00,6.11807,6.11807,6.11807,6.11807,10330
GMD,10/18/2005 00:00:00,6.11807,6.11807,6.11807,6.11807,17620
GMD,10/19/2005 00:00:00,6.11807,6.11807,6.06089,6.11807,2950
GMD,10/20/2005 00:00:00,6.11807,6.11807,6.11807,6.11807,8510
GMD,10/21/2005 00:00:00,6.11807,6.11807,6.11807,6.11807,16390
GMD,10/24/2005 00:00:00,6.11807,6.17524,6.06089,6.17524,19660
GMD,10/25/2005 00:00:00,6.17524,6.17524,6.17524,6.17524,33850
GMD,10/26/2005 00:00:00,6.17524,6.17524,6.17524,6.17524,32010
GMD,10/27/2005 00:00:00,6.17524,6.17524,6.17524,6.17524,29890
GMD,10/28/2005 00:00:00,6.17524,6.17524,6.17524,6.17524,21770
GMD,10/31/2005 00:00:00,6.17524,6.23242,6.17524,6.23242,48790
GMD,11/1/2005 00:00:00,6.51831,6.51831,6.51831,6.51831,25590
GMD,11/2/2005 00:00:00,6.8042,6.8042,6.8042,6.8042,6740
GMD,11/3/2005 00:00:00,7.09009,7.09009,7.09009,7.09009,12710
GMD,11/4/2005 00:00:00,7.20445,7.31881,7.20445,7.20445,121980
GMD,11/7/2005 00:00:00,7.20445,7.31881,7.20445,7.31881,60320
GMD,11/8/2005 00:00:00,7.31881,7.31881,7.31881,7.31881,16820
GMD,11/9/2005 00:00:00,7.31881,7.31881,7.31881,7.31881,23410
GMD,11/10/2005 00:00:00,7.31881,7.31881,7.31881,7.31881,42950
GMD,11/11/2005 00:00:00,7.43316,7.43316,7.43316,7.43316,38980
GMD,11/14/2005 00:00:00,7.37599,7.37599,7.37599,7.37599,19500
GMD,11/15/2005 00:00:00,7.37599,7.37599,7.31881,7.31881,16830
GMD,11/16/2005 00:00:00,7.31881,7.31881,7.31881,7.31881,14270
GMD,11/17/2005 00:00:00,7.26163,7.26163,7.26163,7.26163,41600
GMD,11/18/2005 00:00:00,7.20445,7.20445,7.20445,7.20445,18170
GMD,11/21/2005 00:00:00,7.20445,7.20445,7.20445,7.20445,14050
GMD,11/22/2005 00:00:00,7.20445,7.20445,7.20445,7.20445,17370
GMD,11/23/2005 00:00:00,7.20445,7.26163,7.20445,7.26163,25300
GMD,11/24/2005 00:00:00,7.26163,7.26163,7.26163,7.26163,11170
GMD,11/25/2005 00:00:00,7.26163,7.31881,7.26163,7.31881,22390
GMD,11/28/2005 00:00:00,7.31881,7.31881,7.31881,7.31881,6810
GMD,11/29/2005 00:00:00,7.31881,7.37599,7.31881,7.37599,6510
GMD,11/30/2005 00:00:00,7.37599,7.37599,7.37599,7.37599,27210
GMD,12/1/2005 00:00:00,7.37599,7.37599,7.31881,7.37599,9440
GMD,12/2/2005 00:00:00,7.37599,7.37599,7.37599,7.37599,22700
GMD,12/5/2005 00:00:00,7.37599,7.49034,7.37599,7.49034,20660
GMD,12/6/2005 00:00:00,7.49034,7.49034,7.43316,7.49034,14010
GMD,12/7/2005 00:00:00,7.49034,7.49034,7.49034,7.49034,15100
GMD,12/8/2005 00:00:00,7.43316,7.43316,7.43316,7.43316,8850
GMD,12/9/2005 00:00:00,7.54752,7.71905,7.54752,7.71905,21610
GMD,12/12/2005 00:00:00,7.94777,8.00494,7.94777,7.94777,26940
GMD,12/13/2005 00:00:00,7.89059,7.89059,7.89059,7.89059,15410
GMD,12/14/2005 00:00:00,7.89059,7.94777,7.89059,7.89059,21710
GMD,12/15/2005 00:00:00,7.89059,7.89059,7.83341,7.83341,32510
GMD,12/16/2005 00:00:00,7.83341,7.83341,7.83341,7.83341,24500
GMD,12/19/2005 00:00:00,7.83341,7.83341,7.77623,7.77623,6050
GMD,12/20/2005 00:00:00,7.94777,7.94777,7.94777,7.94777,45700
GMD,12/21/2005 00:00:00,7.94777,8.00494,7.94777,8.00494,25060
GMD,12/22/2005 00:00:00,8.00494,8.1193,8.00494,8.1193,2720
GMD,12/23/2005 00:00:00,8.1193,8.1193,8.00494,8.00494,13330
GMD,12/26/2005 00:00:00,8.00494,8.00494,8.00494,8.00494,15090
GMD,12/27/2005 00:00:00,8.00494,8.00494,8.00494,8.00494,11520
GMD,12/28/2005 00:00:00,8.00494,8.00494,8.00494,8.00494,1300
GMD,12/29/2005 00:00:00,8.00494,8.00494,7.94777,8.00494,4320
GMD,12/30/2005 00:00:00,8.00494,8.00494,7.94777,7.94777,4840
GMD,1/3/2006 00:00:00,7.94777,7.94777,7.94777,7.94777,7100
GMD,1/4/2006 00:00:00,7.94777,7.94777,7.89059,7.89059,4670
GMD,1/5/2006 00:00:00,7.89059,7.94777,7.89059,7.94777,8730
GMD,1/6/2006 00:00:00,8.00494,8.00494,8.00494,8.00494,2570
GMD,1/9/2006 00:00:00,8.00494,8.00494,7.94777,7.94777,2630
GMD,1/10/2006 00:00:00,7.94777,8.00494,7.94777,7.94777,7020
GMD,1/11/2006 00:00:00,7.94777,7.94777,7.94777,7.94777,5590
GMD,1/12/2006 00:00:00,7.94777,7.94777,7.94777,7.94777,3630
GMD,1/13/2006 00:00:00,7.89059,7.94777,7.89059,7.89059,12690
GMD,1/17/2006 00:00:00,7.89059,7.94777,7.89059,7.94777,6700
GMD,1/18/2006 00:00:00,7.94777,8.00494,7.94777,7.94777,4870
GMD,1/19/2006 00:00:00,7.94777,7.94777,7.94777,7.94777,1300
GMD,1/20/2006 00:00:00,7.94777,7.94777,7.94777,7.94777,5100
GMD,1/23/2006 00:00:00,7.94777,7.94777,7.94777,7.94777,2830
GMD,1/24/2006 00:00:00,7.94777,7.94777,7.94777,7.94777,4720
GMD,1/25/2006 00:00:00,7.94777,7.94777,7.94777,7.94777,2860
GMD,1/26/2006 00:00:00,7.94777,7.94777,7.94777,7.94777,1100
GMD,1/27/2006 00:00:00,8.00494,8.00494,8.00494,8.00494,5260
GMD,2/6/2006 00:00:00,8.06212,8.34801,8.06212,8.06212,7330
GMD,2/7/2006 00:00:00,8.06212,8.17648,8.06212,8.17648,10140
GMD,2/8/2006 00:00:00,8.34801,8.46237,8.34801,8.46237,14450
GMD,2/9/2006 00:00:00,8.46237,8.51955,8.46237,8.51955,14350
GMD,2/10/2006 00:00:00,8.51955,8.51955,8.46237,8.46237,14230
GMD,2/13/2006 00:00:00,8.40519,8.40519,8.34801,8.34801,18670
GMD,2/14/2006 00:00:00,8.34801,8.46237,8.34801,8.46237,9680
GMD,2/15/2006 00:00:00,8.51955,8.57673,8.51955,8.57673,10820
GMD,2/16/2006 00:00:00,8.74826,8.74826,8.74826,8.74826,10900
GMD,2/17/2006 00:00:00,8.74826,8.80544,8.74826,8.80544,16290
GMD,2/20/2006 00:00:00,9.20569,9.20569,9.20569,9.20569,24550
GMD,2/21/2006 00:00:00,9.66311,9.66311,9.66311,9.66311,59380
GMD,2/22/2006 00:00:00,10.0062,10.1205,10.0062,10.0062,82640
GMD,2/23/2006 00:00:00,10.0062,10.0062,10.0062,10.0062,54700
GMD,2/24/2006 00:00:00,10.2921,10.2921,10.2921,10.2921,55760
GMD,2/27/2006 00:00:00,10.4064,10.4064,10.4064,10.4064,95250
GMD,2/28/2006 00:00:00,10.4064,10.4064,10.4064,10.4064,39760
GMD,3/1/2006 00:00:00,10.4064,10.4064,10.4064,10.4064,33660
GMD,3/2/2006 00:00:00,10.8639,10.8639,10.8639,10.8639,16400
GMD,3/3/2006 00:00:00,11.3403,11.3403,11.3403,11.3403,143180
GMD,3/6/2006 00:00:00,11.8168,11.8168,11.8168,11.8168,74860
GMD,3/7/2006 00:00:00,12.3886,12.3886,12.3886,12.3886,55530
GMD,3/8/2006 00:00:00,12.8651,12.9604,12.8651,12.8651,143780
GMD,3/9/2006 00:00:00,12.8651,12.8651,12.7698,12.7698,49510
GMD,3/10/2006 00:00:00,12.5792,12.5792,12.5792,12.5792,82230
GMD,3/13/2006 00:00:00,12.5792,12.5792,12.3886,12.5792,84320
GMD,3/14/2006 00:00:00,12.7698,12.7698,12.7698,12.7698,64780
GMD,3/15/2006 00:00:00,12.7698,12.7698,12.7698,12.7698,26120
GMD,3/16/2006 00:00:00,12.6745,12.6745,12.6745,12.6745,79650
GMD,3/17/2006 00:00:00,12.7698,12.7698,12.7698,12.7698,90830
GMD,3/20/2006 00:00:00,12.7698,12.8651,12.7698,12.8651,49300
GMD,3/21/2006 00:00:00,12.9604,13.151,12.9604,13.151,50170
GMD,3/22/2006 00:00:00,13.3416,13.3416,13.3416,13.3416,31000
GMD,3/23/2006 00:00:00,13.3416,13.5322,13.3416,13.3416,34800
GMD,3/24/2006 00:00:00,13.3416,13.3416,13.2463,13.2463,17050
GMD,3/27/2006 00:00:00,13.2463,13.2463,13.151,13.151,22440
GMD,3/28/2006 00:00:00,13.151,13.151,13.151,13.151,96450
GMD,3/29/2006 00:00:00,13.151,13.151,13.151,13.151,82570
GMD,3/30/2006 00:00:00,13.7228,13.7228,13.7228,13.7228,155680
GMD,3/31/2006 00:00:00,14.0087,14.3898,14.0087,14.0087,51910
GMD,4/3/2006 00:00:00,14.3898,14.4851,14.3898,14.3898,118960
GMD,4/4/2006 00:00:00,14.3898,14.3898,14.2945,14.2945,72890
GMD,4/5/2006 00:00:00,14.2945,14.2945,13.9134,14.2945,61310
GMD,4/6/2006 00:00:00,14.8663,14.8663,14.8663,14.8663,136880
GMD,4/7/2006 00:00:00,14.8663,14.9616,14.8663,14.9616,66770
GMD,4/10/2006 00:00:00,14.9616,14.9616,14.8663,14.8663,56100
GMD,4/11/2006 00:00:00,14.8663,14.8663,14.6757,14.6757,76620
GMD,4/12/2006 00:00:00,14.4851,14.4851,14.2945,14.4851,86100
GMD,4/13/2006 00:00:00,14.4851,14.5804,14.4851,14.5804,81290
GMD,4/14/2006 00:00:00,14.6757,14.771,14.6757,14.771,131930
GMD,4/17/2006 00:00:00,14.8663,14.8663,14.8663,14.8663,98070
GMD,4/18/2006 00:00:00,14.8663,15.0569,14.8663,15.0569,144000
GMD,4/19/2006 00:00:00,15.0569,15.2475,15.0569,15.0569,135970
GMD,4/20/2006 00:00:00,14.8663,14.8663,14.5804,14.5804,118930
GMD,4/21/2006 00:00:00,14.5804,14.8663,14.5804,14.8663,118360
GMD,4/24/2006 00:00:00,15.0569,15.1522,15.0569,15.1522,252410
GMD,4/25/2006 00:00:00,15.8193,15.8193,15.8193,15.8193,234040
GMD,4/26/2006 00:00:00,16.5817,16.5817,16.5817,16.5817,182730
GMD,4/27/2006 00:00:00,16.3911,16.3911,15.8193,15.8193,190610
GMD,4/28/2006 00:00:00,15.8193,15.8193,15.0569,15.8193,224650
GMD,5/3/2006 00:00:00,15.8193,15.8193,15.8193,15.8193,178130
GMD,5/4/2006 00:00:00,15.8193,15.8193,15.5334,15.5334,136080
GMD,5/5/2006 00:00:00,15.5334,15.8193,15.4381,15.4381,165970
GMD,5/8/2006 00:00:00,15.4381,15.6287,15.2475,15.2475,170770
GMD,5/9/2006 00:00:00,14.4851,14.4851,14.4851,14.4851,30610
GMD,5/10/2006 00:00:00,13.8181,13.8181,13.8181,13.8181,67110
GMD,5/11/2006 00:00:00,14.4851,14.4851,14.4851,14.4851,193450
GMD,5/12/2006 00:00:00,15.1522,15.1522,15.1522,15.1522,69600
GMD,5/15/2006 00:00:00,15.8193,15.8193,15.8193,15.8193,117940
GMD,5/16/2006 00:00:00,15.2475,15.2475,15.1522,15.2475,316860
GMD,5/17/2006 00:00:00,15.2475,15.6287,15.2475,15.6287,222330
GMD,5/18/2006 00:00:00,15.6287,15.6287,15.3428,15.3428,116050
GMD,5/19/2006 00:00:00,15.2475,15.2475,15.0569,15.2475,108140
GMD,5/22/2006 00:00:00,15.1522,15.1522,14.9616,14.9616,114850
GMD,5/23/2006 00:00:00,14.4851,14.4851,14.4851,14.4851,87110
GMD,5/24/2006 00:00:00,14.4851,15.1522,14.4851,15.1522,83240
GMD,5/25/2006 00:00:00,14.8663,14.8663,14.6757,14.6757,49710
GMD,5/26/2006 00:00:00,14.6757,14.6757,14.6757,14.6757,25540
GMD,5/29/2006 00:00:00,14.4851,14.4851,14.1992,14.1992,29190
GMD,5/30/2006 00:00:00,13.7228,13.7228,13.5322,13.7228,95050
GMD,5/31/2006 00:00:00,14.0087,14.0087,14.0087,14.0087,84700
GMD,6/1/2006 00:00:00,14.0087,14.2945,14.0087,14.0087,43190
GMD,6/2/2006 00:00:00,14.104,14.2945,14.104,14.2945,25060
GMD,6/5/2006 00:00:00,14.4851,14.6757,14.4851,14.6757,35870
GMD,6/6/2006 00:00:00,14.6757,14.6757,14.4851,14.4851,58280
GMD,6/7/2006 00:00:00,14.2945,14.2945,14.2945,14.2945,34890
GMD,6/8/2006 00:00:00,14.2945,14.4851,14.2945,14.4851,46710
GMD,6/9/2006 00:00:00,14.4851,14.4851,14.4851,14.4851,44110
GMD,6/12/2006 00:00:00,14.5804,14.5804,14.5804,14.5804,52290
GMD,6/13/2006 00:00:00,14.5804,14.5804,14.4851,14.4851,35030
GMD,6/14/2006 00:00:00,14.4851,14.4851,14.3898,14.3898,14930
GMD,6/15/2006 00:00:00,14.3898,14.3898,14.2945,14.2945,29140
GMD,6/16/2006 00:00:00,14.0087,14.0087,13.8181,13.9134,64110
GMD,6/19/2006 00:00:00,13.9134,13.9134,13.8181,13.8181,42030
GMD,6/20/2006 00:00:00,13.7228,13.7228,13.6275,13.6275,45600
GMD,6/21/2006 00:00:00,13.4369,13.4369,13.0557,13.0557,63750
GMD,6/22/2006 00:00:00,13.6275,13.6275,13.6275,13.6275,35140
GMD,6/23/2006 00:00:00,13.6275,13.8181,13.6275,13.7228,48780
GMD,6/26/2006 00:00:00,13.6275,13.6275,13.3416,13.5322,20810
GMD,6/27/2006 00:00:00,13.5322,13.6275,13.4369,13.6275,29300
GMD,6/28/2006 00:00:00,13.6275,13.7228,13.6275,13.7228,28380
GMD,6/29/2006 00:00:00,13.7228,13.7228,13.6275,13.7228,22770
GMD,6/30/2006 00:00:00,13.7228,13.8181,13.6275,13.8181,131320
GMD,7/3/2006 00:00:00,13.6275,13.6275,13.5322,13.5322,34640
GMD,7/4/2006 00:00:00,13.5322,13.5322,13.3416,13.3416,28780
GMD,7/5/2006 00:00:00,13.4369,13.5322,13.4369,13.4369,39040
GMD,7/6/2006 00:00:00,13.4369,13.6275,13.4369,13.6275,11550
GMD,7/7/2006 00:00:00,13.6275,13.7228,13.6275,13.7228,25180
GMD,7/10/2006 00:00:00,13.7228,13.7228,13.7228,13.7228,28910
GMD,7/11/2006 00:00:00,13.6275,13.6275,13.6275,13.6275,14040
GMD,7/12/2006 00:00:00,13.5322,13.5322,13.5322,13.5322,22170
GMD,7/13/2006 00:00:00,13.5322,13.5322,13.5322,13.5322,32770
GMD,7/14/2006 00:00:00,13.6679,13.6679,13.5709,13.5709,21070
GMD,7/17/2006 00:00:00,13.5709,13.5709,13.3771,13.3771,10640
GMD,7/18/2006 00:00:00,13.3771,13.3771,13.0863,13.1832,60210
GMD,7/19/2006 00:00:00,12.7955,12.7955,12.6985,12.7955,59340
GMD,7/20/2006 00:00:00,12.7955,13.3771,12.6985,13.3771,43180
GMD,7/21/2006 00:00:00,13.3771,13.5709,13.1832,13.1832,28990
GMD,7/24/2006 00:00:00,12.7955,12.7955,12.6985,12.7955,44810
GMD,7/25/2006 00:00:00,12.7955,12.7955,12.4077,12.4077,67120
GMD,7/26/2006 00:00:00,12.4077,12.6016,12.4077,12.5047,53760
GMD,7/27/2006 00:00:00,12.5047,12.9893,12.5047,12.9893,69190
GMD,7/28/2006 00:00:00,12.9893,13.0863,12.7955,12.7955,38620
GMD,7/31/2006 00:00:00,12.5047,12.5047,12.5047,12.5047,53050
GMD,8/1/2006 00:00:00,12.3108,12.3108,12.02,12.02,63170
GMD,8/2/2006 00:00:00,12.02,12.02,11.5353,12.02,29900
GMD,8/3/2006 00:00:00,12.4077,12.6016,12.4077,12.6016,63040
GMD,8/4/2006 00:00:00,12.9893,12.9893,12.9893,12.9893,51340
GMD,8/7/2006 00:00:00,12.6016,12.6016,12.6016,12.6016,29800
GMD,8/8/2006 00:00:00,12.6016,12.8924,12.6016,12.8924,55370
GMD,8/9/2006 00:00:00,12.8924,12.8924,12.6016,12.6016,149940
GMD,8/10/2006 00:00:00,12.4077,12.4077,12.2138,12.4077,122240
GMD,8/11/2006 00:00:00,12.5047,12.6985,12.5047,12.6985,83610
GMD,8/14/2006 00:00:00,12.9893,13.2801,12.9893,13.2801,100710
GMD,8/15/2006 00:00:00,13.0863,13.0863,12.9893,12.9893,107210
GMD,8/16/2006 00:00:00,13.0863,13.2801,13.0863,13.2801,135080
GMD,8/17/2006 00:00:00,13.2801,13.5709,13.2801,13.3771,119340
GMD,8/18/2006 00:00:00,13.474,13.5709,13.474,13.474,145990
GMD,8/21/2006 00:00:00,13.474,13.5709,13.474,13.5709,74550
GMD,8/22/2006 00:00:00,13.3771,13.3771,13.3771,13.3771,111580
GMD,8/23/2006 00:00:00,13.3771,13.474,13.3771,13.474,56370
GMD,8/24/2006 00:00:00,13.474,13.6679,13.474,13.474,62310
GMD,8/25/2006 00:00:00,13.5709,13.6679,13.5709,13.6679,48070
GMD,8/28/2006 00:00:00,14.0556,14.0556,14.0556,14.0556,88200
GMD,8/29/2006 00:00:00,14.1526,14.6372,14.1526,14.6372,79250
GMD,8/30/2006 00:00:00,14.928,14.928,14.928,14.928,174330
GMD,8/31/2006 00:00:00,14.6372,14.6372,14.5403,14.6372,88770
GMD,9/1/2006 00:00:00,14.8311,14.928,14.8311,14.928,58170
GMD,9/5/2006 00:00:00,15.2188,15.3158,15.2188,15.3158,99800
GMD,9/6/2006 00:00:00,15.3158,15.5096,15.3158,15.3158,100230
GMD,9/7/2006 00:00:00,15.3158,15.3158,15.1219,15.3158,174620
GMD,9/8/2006 00:00:00,15.4127,15.4127,15.4127,15.4127,139020
GMD,9/11/2006 00:00:00,15.4127,15.4127,15.3158,15.3158,50660
GMD,9/12/2006 00:00:00,15.1219,15.1219,15.1219,15.1219,135440
GMD,9/13/2006 00:00:00,15.1219,15.3158,15.1219,15.2188,126530
GMD,9/14/2006 00:00:00,15.2188,15.3158,15.2188,15.3158,82270
GMD,9/15/2006 00:00:00,15.3158,15.8005,15.3158,15.8005,319920
GMD,9/18/2006 00:00:00,15.8974,15.9943,15.8974,15.9943,121980
GMD,9/19/2006 00:00:00,16.0913,16.2851,16.0913,16.2851,100770
GMD,9/20/2006 00:00:00,16.2851,16.2851,16.2851,16.2851,188700
GMD,9/21/2006 00:00:00,16.1882,16.1882,16.0913,16.1882,92100
GMD,9/22/2006 00:00:00,16.1882,16.2851,16.0913,16.2851,102050
GMD,9/25/2006 00:00:00,16.2851,16.2851,16.2851,16.2851,90060
GMD,9/26/2006 00:00:00,16.479,16.7698,16.479,16.7698,72630
GMD,9/27/2006 00:00:00,16.9637,17.0606,16.9637,16.9637,160840
GMD,9/28/2006 00:00:00,17.0606,17.0606,17.0606,17.0606,97750
GMD,9/29/2006 00:00:00,17.1575,17.2545,17.1575,17.1575,119280
GMD,10/2/2006 00:00:00,17.3514,17.6422,17.3514,17.6422,70600
GMD,10/3/2006 00:00:00,17.8361,17.933,17.8361,17.933,99040
GMD,10/4/2006 00:00:00,17.933,18.03,17.8361,17.933,126660
GMD,10/5/2006 00:00:00,17.933,17.933,17.5453,17.5453,70960
GMD,10/6/2006 00:00:00,17.5453,17.5453,17.4484,17.4484,71870
GMD,10/9/2006 00:00:00,17.3514,17.3514,17.3514,17.3514,57550
GMD,10/10/2006 00:00:00,17.2545,17.2545,17.0606,17.0606,75390
GMD,10/11/2006 00:00:00,17.0606,17.0606,16.8667,17.0606,60140
GMD,10/12/2006 00:00:00,17.0606,17.2545,17.0606,17.1575,58330
GMD,10/13/2006 00:00:00,17.1575,17.1575,17.1575,17.1575,74870
GMD,10/16/2006 00:00:00,17.1575,17.4484,17.1575,17.3514,51320
GMD,10/17/2006 00:00:00,17.3514,17.3514,17.2545,17.3514,69870
GMD,10/18/2006 00:00:00,17.3514,17.4484,17.2545,17.4484,52100
GMD,10/19/2006 00:00:00,17.4484,17.4484,17.4484,17.4484,20840
GMD,10/20/2006 00:00:00,17.4484,17.4484,17.4484,17.4484,88320
GMD,10/23/2006 00:00:00,17.4484,17.5453,17.4484,17.5453,68660
GMD,10/24/2006 00:00:00,17.5453,17.5453,17.4484,17.4484,29730
GMD,10/25/2006 00:00:00,17.4484,17.4484,17.3514,17.3514,12940
GMD,10/26/2006 00:00:00,17.4484,17.5453,17.4484,17.5453,56790
GMD,10/27/2006 00:00:00,17.5453,17.5453,17.5453,17.5453,75340
GMD,10/30/2006 00:00:00,17.5453,17.5453,17.4484,17.4484,104800
GMD,10/31/2006 00:00:00,17.4484,17.5453,17.4484,17.5453,148280
GMD,11/1/2006 00:00:00,17.6422,17.7392,17.6422,17.7392,73310
GMD,11/2/2006 00:00:00,17.7392,17.8361,17.7392,17.8361,80030
GMD,11/3/2006 00:00:00,17.8361,17.8361,17.8361,17.8361,48270
GMD,11/6/2006 00:00:00,17.8361,17.8361,17.8361,17.8361,24240
GMD,11/7/2006 00:00:00,18.4177,18.5146,18.4177,18.5146,148400
GMD,11/8/2006 00:00:00,19.1932,19.3871,19.1932,19.3871,177480
GMD,11/9/2006 00:00:00,20.3564,20.3564,20.3564,20.3564,132210
GMD,11/10/2006 00:00:00,20.7442,21.3258,20.7442,20.7442,268090
GMD,11/13/2006 00:00:00,21.5196,21.7135,21.5196,21.7135,139500
GMD,11/14/2006 00:00:00,22.6829,22.6829,22.6829,22.6829,355620
GMD,11/15/2006 00:00:00,22.6829,22.6829,22.6829,22.6829,240900
GMD,11/16/2006 00:00:00,22.6829,22.8767,22.489,22.8767,169280
GMD,11/17/2006 00:00:00,23.2645,23.8461,23.2645,23.8461,219350
GMD,11/20/2006 00:00:00,24.8154,25.0093,24.8154,25.0093,234480
GMD,11/21/2006 00:00:00,26.1725,26.1725,26.1725,26.1725,88250
GMD,11/22/2006 00:00:00,27.3358,27.3358,27.3358,27.3358,40990
GMD,11/23/2006 00:00:00,28.6929,28.6929,28.6929,28.6929,183980
GMD,11/24/2006 00:00:00,30.0499,30.0499,30.0499,30.0499,354400
GMD,11/27/2006 00:00:00,30.0499,30.0499,28.6929,28.6929,85350
GMD,11/28/2006 00:00:00,28.1112,28.1112,27.3358,27.3358,314750
GMD,11/29/2006 00:00:00,26.5603,26.5603,25.9787,25.9787,240730
GMD,11/30/2006 00:00:00,25.9787,26.7541,25.9787,26.7541,232610
GMD,12/1/2006 00:00:00,26.7541,26.7541,26.1725,26.1725,108610
GMD,12/4/2006 00:00:00,26.7541,27.1419,26.7541,27.1419,172800
GMD,12/5/2006 00:00:00,27.7235,28.499,27.7235,27.7235,184450
GMD,12/6/2006 00:00:00,27.9174,28.1112,27.9174,28.1112,228200
GMD,12/7/2006 00:00:00,29.4683,29.4683,29.4683,29.4683,236920
GMD,12/8/2006 00:00:00,30.7697,30.7697,30.7697,30.7697,47290
GMD,12/11/2006 00:00:00,32.235,32.235,32.235,32.235,166950
GMD,12/12/2006 00:00:00,32.235,33.7002,30.7697,30.7697,285540
GMD,12/13/2006 00:00:00,31.8163,32.235,31.8163,32.235,267050
GMD,12/14/2006 00:00:00,32.235,32.8629,32.0257,32.0257,262140
GMD,12/15/2006 00:00:00,32.235,33.2816,32.235,32.235,181870
GMD,12/18/2006 00:00:00,32.235,32.235,32.235,32.235,263300
GMD,12/19/2006 00:00:00,31.607,31.607,30.9791,30.9791,100250
GMD,12/20/2006 00:00:00,30.9791,30.9791,29.5138,30.9791,253180
GMD,12/21/2006 00:00:00,30.9791,31.1884,30.3511,30.3511,167970
GMD,12/22/2006 00:00:00,28.8859,28.8859,28.8859,28.8859,129540
GMD,12/25/2006 00:00:00,27.63,27.63,27.63,27.63,28840
GMD,12/26/2006 00:00:00,27.63,28.2579,26.3741,27.2113,260460
GMD,12/27/2006 00:00:00,27.2113,28.4672,26.3741,26.3741,140050
GMD,12/28/2006 00:00:00,27.63,27.63,27.63,27.63,134730
GMD,12/29/2006 00:00:00,27.63,28.6766,27.63,28.6766,67680
GMD,1/2/2007 00:00:00,28.6766,28.6766,28.4672,28.4672,128900
GMD,1/3/2007 00:00:00,28.6766,29.0952,28.6766,29.0952,136420
GMD,1/4/2007 00:00:00,30.3511,30.3511,30.3511,30.3511,111040
GMD,1/5/2007 00:00:00,31.3977,31.8163,31.3977,31.3977,396730
GMD,1/8/2007 00:00:00,32.8629,32.8629,32.8629,32.8629,283500
GMD,1/9/2007 00:00:00,32.8629,34.3282,32.8629,34.3282,290420
GMD,1/10/2007 00:00:00,36.0027,36.0027,36.0027,36.0027,167200
GMD,1/11/2007 00:00:00,37.6772,37.6772,37.6772,37.6772,200610
GMD,1/12/2007 00:00:00,39.5611,39.5611,39.5611,39.5611,239850
GMD,1/15/2007 00:00:00,39.5611,41.445,39.5611,39.5611,229060
GMD,1/16/2007 00:00:00,39.7704,41.445,39.7704,39.7704,203340
GMD,1/17/2007 00:00:00,39.7704,39.7704,37.8866,37.8866,132520
GMD,1/18/2007 00:00:00,36.0027,36.0027,36.0027,36.0027,388170
GMD,1/19/2007 00:00:00,37.6772,37.6772,37.6772,37.6772,106160
GMD,1/22/2007 00:00:00,37.6772,37.6772,36.4213,36.6306,181150
GMD,1/23/2007 00:00:00,36.4213,36.4213,35.5841,36.4213,229920
GMD,1/24/2007 00:00:00,36.4213,36.4213,34.7468,34.7468,149880
GMD,1/25/2007 00:00:00,33.0722,33.0722,33.0722,33.0722,128650
GMD,1/26/2007 00:00:00,33.0722,33.0722,31.607,33.0722,333900
GMD,1/29/2007 00:00:00,34.5375,34.5375,34.5375,34.5375,74150
GMD,1/30/2007 00:00:00,36.212,36.212,36.212,36.212,31650
GMD,1/31/2007 00:00:00,37.8866,37.8866,37.8866,37.8866,394340
GMD,2/1/2007 00:00:00,39.7704,39.7704,39.7704,39.7704,1.12723e+006
GMD,2/2/2007 00:00:00,41.6543,41.6543,41.6543,41.6543,809190
GMD,2/5/2007 00:00:00,43.5381,43.5381,43.5381,43.5381,581740
GMD,2/6/2007 00:00:00,43.5381,43.5381,41.445,41.445,67100
GMD,2/7/2007 00:00:00,40.1891,40.1891,39.7704,39.7704,211610
GMD,2/8/2007 00:00:00,37.8866,37.8866,37.8866,37.8866,139660
GMD,2/9/2007 00:00:00,37.8866,37.8866,36.0027,37.8866,262720
GMD,2/12/2007 00:00:00,39.7704,39.7704,39.7704,39.7704,177500
GMD,2/13/2007 00:00:00,39.7704,39.7704,38.7238,38.7238,125300
GMD,2/14/2007 00:00:00,38.7238,38.7238,38.7238,38.7238,245060
GMD,2/15/2007 00:00:00,38.3052,38.3052,37.8866,38.3052,238220
GMD,2/26/2007 00:00:00,39.1425,39.7704,39.1425,39.7704,166280
GMD,2/27/2007 00:00:00,41.2356,41.445,41.2356,41.445,246040
GMD,2/28/2007 00:00:00,39.5611,39.5611,39.5611,39.5611,39450
GMD,3/1/2007 00:00:00,38.9331,38.9331,37.8866,38.7238,178830
GMD,3/2/2007 00:00:00,38.7238,38.9331,38.7238,38.9331,111790
GMD,3/5/2007 00:00:00,38.9331,39.1425,38.3052,38.3052,110140
GMD,3/6/2007 00:00:00,37.0493,37.0493,36.6306,37.0493,250400
GMD,3/7/2007 00:00:00,37.0493,37.0493,36.6306,37.0493,164150
GMD,3/8/2007 00:00:00,37.0493,37.0493,35.5841,37.0493,216210
GMD,3/9/2007 00:00:00,38.7238,38.7238,38.7238,38.7238,180050
GMD,3/12/2007 00:00:00,38.9331,39.7704,38.9331,38.9331,135670
GMD,3/13/2007 00:00:00,37.6772,37.6772,37.4679,37.4679,121800
GMD,3/14/2007 00:00:00,36.6306,36.6306,35.7934,35.7934,155370
GMD,3/15/2007 00:00:00,35.7934,35.7934,34.1188,35.7934,150250
GMD,3/16/2007 00:00:00,37.4679,37.4679,37.4679,37.4679,136210
GMD,3/19/2007 00:00:00,37.8866,38.7238,37.8866,37.8866,223880
GMD,3/20/2007 00:00:00,37.6772,37.6772,36.6306,36.6306,81620
GMD,3/21/2007 00:00:00,36.6306,36.6306,36.4213,36.6306,59570
GMD,3/22/2007 00:00:00,36.6306,36.6306,35.5841,35.5841,245310
GMD,3/23/2007 00:00:00,34.9561,34.9561,34.5375,34.9561,190980
GMD,3/26/2007 00:00:00,34.9561,34.9561,34.9561,34.9561,113800
GMD,3/27/2007 00:00:00,33.2816,33.2816,33.2816,33.2816,98490
GMD,3/28/2007 00:00:00,33.2816,34.7468,32.235,34.7468,157790
GMD,3/29/2007 00:00:00,36.0027,36.4213,36.0027,36.4213,222280
GMD,3/30/2007 00:00:00,36.84,37.2586,36.84,36.84,314340
GMD,4/2/2007 00:00:00,36.6306,37.6772,36.6306,36.6306,284810
GMD,4/3/2007 00:00:00,35.5841,37.2586,35.5841,35.5841,192800
GMD,4/4/2007 00:00:00,35.5841,36.84,35.5841,36.84,195600
GMD,4/5/2007 00:00:00,36.212,36.84,36.212,36.212,129100
GMD,4/6/2007 00:00:00,34.5375,36.0027,34.5375,34.5375,290210
GMD,4/9/2007 00:00:00,34.7468,35.5841,34.7468,34.7468,151040
GMD,4/10/2007 00:00:00,34.7468,34.9561,34.7468,34.7468,159430
GMD,4/11/2007 00:00:00,34.3282,34.7468,34.3282,34.3282,107960
GMD,4/12/2007 00:00:00,33.9095,34.3282,33.9095,33.9095,47240
GMD,4/13/2007 00:00:00,33.0722,33.9095,33.0722,33.0722,179430
GMD,4/16/2007 00:00:00,33.0722,33.2816,33.0722,33.0722,265400
GMD,4/17/2007 00:00:00,32.4443,33.0722,32.4443,32.4443,158810
GMD,4/18/2007 00:00:00,32.4443,33.9095,32.4443,33.9095,69540
GMD,4/19/2007 00:00:00,33.9095,33.9095,33.4909,33.9095,156270
GMD,4/20/2007 00:00:00,33.0722,33.9095,33.0722,33.0722,88500
GMD,4/23/2007 00:00:00,31.8163,31.8163,31.8163,31.8163,94850
GMD,4/24/2007 00:00:00,30.3511,30.9791,30.3511,30.3511,101980
GMD,4/25/2007 00:00:00,30.5604,31.8163,30.5604,31.8163,203000
GMD,5/2/2007 00:00:00,33.2816,33.2816,33.2816,33.2816,160060
GMD,5/3/2007 00:00:00,33.2816,33.4909,33.2816,33.2816,157170
GMD,5/4/2007 00:00:00,33.2816,33.4909,32.6536,33.4909,132020
GMD,5/7/2007 00:00:00,34.9561,35.1654,34.9561,34.9561,278850
GMD,5/8/2007 00:00:00,36.212,36.4213,36.212,36.212,282970
GMD,5/9/2007 00:00:00,36.212,36.212,36.212,36.212,232000
GMD,5/10/2007 00:00:00,34.9561,36.212,34.9561,34.9561,175730
GMD,5/11/2007 00:00:00,34.9561,36.0027,34.5375,36.0027,122660
GMD,5/14/2007 00:00:00,36.0027,36.6306,36.0027,36.0027,129430
GMD,5/15/2007 00:00:00,35.1654,36.0027,35.1654,35.1654,108400
GMD,5/16/2007 00:00:00,35.1654,35.1654,34.9561,35.1654,58830
GMD,5/17/2007 00:00:00,35.1654,35.3747,35.1654,35.3747,229900
GMD,5/18/2007 00:00:00,35.3747,35.5841,35.3747,35.3747,225620
GMD,5/21/2007 00:00:00,35.5841,35.5841,35.5841,35.5841,238730
GMD,5/22/2007 00:00:00,35.5841,35.5841,35.3747,35.5841,151140
GMD,5/23/2007 00:00:00,35.3747,35.5841,35.3747,35.3747,204990
GMD,5/24/2007 00:00:00,34.9561,35.1654,34.9561,34.9561,94880
GMD,5/25/2007 00:00:00,34.9561,34.9561,34.5375,34.9561,54490
GMD,5/28/2007 00:00:00,34.9561,35.5841,34.9561,34.9561,77500
GMD,5/29/2007 00:00:00,34.9561,35.1654,34.9561,34.9561,66770
GMD,5/30/2007 00:00:00,34.3282,34.7468,34.3282,34.3282,48900
GMD,5/31/2007 00:00:00,34.1188,34.3282,34.1188,34.1188,59890
GMD,6/1/2007 00:00:00,34.1188,34.3282,34.1188,34.1188,36430
GMD,6/4/2007 00:00:00,34.1188,34.5375,33.9095,33.9095,35180
GMD,6/5/2007 00:00:00,33.0722,33.0722,32.6536,32.6536,65740
GMD,6/6/2007 00:00:00,33.0722,33.9095,33.0722,33.4909,80080
GMD,6/7/2007 00:00:00,33.4909,33.7002,33.2816,33.2816,35740
GMD,6/8/2007 00:00:00,33.2816,33.2816,32.8629,33.0722,32330
GMD,6/11/2007 00:00:00,33.0722,33.0722,32.8629,32.8629,48710
GMD,6/12/2007 00:00:00,32.8629,33.0722,32.8629,32.8629,41510
GMD,6/13/2007 00:00:00,32.8629,32.8629,32.6536,32.6536,34900
GMD,6/14/2007 00:00:00,32.6536,32.6536,32.235,32.6536,52460
GMD,6/15/2007 00:00:00,32.6536,33.0722,32.6536,32.6536,22350
GMD,6/18/2007 00:00:00,32.6536,32.6536,32.4443,32.6536,52040
GMD,6/19/2007 00:00:00,32.6536,32.6536,32.4443,32.4443,31980
GMD,6/20/2007 00:00:00,32.4443,32.4443,32.4443,32.4443,29120
GMD,6/21/2007 00:00:00,32.4443,32.4443,32.235,32.235,36840
GMD,6/22/2007 00:00:00,32.235,32.235,31.8163,31.8163,62160
GMD,6/25/2007 00:00:00,31.3977,31.3977,31.3977,31.3977,67130
GMD,6/26/2007 00:00:00,31.607,32.4443,31.607,32.0257,31510
GMD,6/27/2007 00:00:00,32.0257,32.0257,31.3977,31.3977,26380
GMD,6/28/2007 00:00:00,31.3977,31.3977,31.1884,31.1884,27130
GMD,6/29/2007 00:00:00,31.1884,31.1884,30.5604,30.7697,39430
GMD,7/2/2007 00:00:00,30.5604,30.5604,29.7232,29.7232,35810
GMD,7/3/2007 00:00:00,29.0952,29.0952,28.8859,29.0952,38090
GMD,7/4/2007 00:00:00,29.3045,30.3511,29.3045,30.3511,59110
GMD,7/5/2007 00:00:00,30.3511,30.3511,29.3045,29.3045,31970
GMD,7/6/2007 00:00:00,29.3045,29.5138,29.3045,29.5138,15690
GMD,7/9/2007 00:00:00,29.0952,29.0952,29.0952,29.0952,16370
GMD,7/10/2007 00:00:00,29.0952,29.3045,29.0952,29.3045,29970
GMD,7/11/2007 00:00:00,29.9325,29.9325,29.9325,29.9325,65190
GMD,7/12/2007 00:00:00,29.9325,29.9325,29.5138,29.7232,36880
GMD,7/13/2007 00:00:00,29.7232,29.7232,29.5138,29.7232,38990
GMD,7/16/2007 00:00:00,29.5138,29.5138,29.3045,29.3045,28840
GMD,7/17/2007 00:00:00,29.3045,29.3045,29.0952,29.3045,34400
GMD,7/18/2007 00:00:00,29.3045,29.3045,29.0952,29.0952,27130
GMD,7/19/2007 00:00:00,29.0952,29.0952,29.0952,29.0952,18260
GMD,7/20/2007 00:00:00,28.8859,28.8859,28.6766,28.8859,18250
GMD,7/23/2007 00:00:00,28.8859,29.3045,28.6766,28.6766,10720
GMD,7/24/2007 00:00:00,28.6766,28.6766,28.6766,28.6766,13000
GMD,7/25/2007 00:00:00,28.2579,28.2579,28.0486,28.0486,23350
GMD,7/26/2007 00:00:00,28.0486,28.0486,27.2113,27.2113,48070
GMD,7/27/2007 00:00:00,27.2113,27.2113,26.7927,26.7927,36230
GMD,7/30/2007 00:00:00,26.3741,26.3741,25.5368,25.5368,21980
GMD,7/31/2007 00:00:00,24.9088,24.9088,24.2809,24.2809,68030
GMD,8/1/2007 00:00:00,24.2809,25.3275,24.2809,25.3275,70780
GMD,8/2/2007 00:00:00,26.5834,26.5834,25.3275,25.3275,76280
GMD,8/3/2007 00:00:00,25.1182,25.1182,24.4902,25.1182,22750
GMD,8/6/2007 00:00:00,25.5368,25.5368,25.1182,25.1182,34560
GMD,8/7/2007 00:00:00,25.7461,25.9554,25.3275,25.9554,80110
GMD,8/8/2007 00:00:00,25.3275,25.9554,25.3275,25.9554,69500
GMD,8/9/2007 00:00:00,26.3741,27.2113,26.1647,27.2113,84150
GMD,8/10/2007 00:00:00,28.2579,28.2579,26.7927,27.4207,78560
GMD,8/13/2007 00:00:00,26.5834,27.002,26.1647,26.1647,55990
GMD,8/14/2007 00:00:00,25.9554,27.002,25.9554,26.5834,78790
GMD,8/15/2007 00:00:00,26.5834,26.5834,26.1647,26.5834,23440
GMD,8/16/2007 00:00:00,26.1647,26.3741,26.1647,26.1647,45360
GMD,8/17/2007 00:00:00,25.7461,25.9554,25.7461,25.7461,43990
GMD,8/20/2007 00:00:00,25.9554,26.1647,25.7461,26.1647,102130
GMD,8/21/2007 00:00:00,26.5834,26.5834,26.3741,26.3741,35660
GMD,8/22/2007 00:00:00,26.3741,26.3741,26.1647,26.3741,18940
GMD,8/23/2007 00:00:00,26.3741,26.3741,26.1647,26.1647,40990
GMD,8/24/2007 00:00:00,26.3741,26.5834,26.1647,26.5834,63770
GMD,8/27/2007 00:00:00,26.5834,26.5834,26.3741,26.3741,20960
GMD,8/28/2007 00:00:00,26.3741,26.3741,26.1647,26.3741,26200
GMD,8/29/2007 00:00:00,26.3741,26.3741,26.1647,26.1647,18860
GMD,8/30/2007 00:00:00,26.5834,26.5834,26.1647,26.3741,31010
GMD,8/31/2007 00:00:00,26.5834,26.7927,26.3741,26.5834,63520
GMD,9/4/2007 00:00:00,26.7927,27.002,26.5834,27.002,58290
GMD,9/5/2007 00:00:00,27.63,27.63,26.7927,26.7927,56630
GMD,9/6/2007 00:00:00,26.7927,27.2113,26.7927,27.2113,64640
GMD,9/7/2007 00:00:00,27.002,27.2113,26.7927,27.002,51450
GMD,9/10/2007 00:00:00,27.002,27.2113,27.002,27.002,36880
GMD,9/11/2007 00:00:00,27.002,27.002,26.7927,27.002,46710
GMD,9/12/2007 00:00:00,26.7927,26.7927,26.5834,26.5834,54500
GMD,9/13/2007 00:00:00,26.5834,26.5834,26.5834,26.5834,19260
GMD,9/14/2007 00:00:00,26.5834,26.7927,26.5834,26.7927,15090
GMD,9/17/2007 00:00:00,27.002,27.002,26.7927,26.7927,21980
GMD,9/18/2007 00:00:00,26.5834,26.7927,26.5834,26.5834,19800
GMD,9/19/2007 00:00:00,26.7927,27.002,26.5834,26.5834,74930
GMD,9/20/2007 00:00:00,27.2113,27.8393,27.2113,27.63,120390
GMD,9/21/2007 00:00:00,27.63,27.63,27.2113,27.4207,43140
GMD,9/24/2007 00:00:00,27.63,28.0486,27.4207,28.0486,78270
GMD,9/25/2007 00:00:00,29.0952,29.3045,28.6766,29.3045,116030
GMD,9/26/2007 00:00:00,30.1418,30.1418,28.8859,29.3045,67880
GMD,9/27/2007 00:00:00,28.6766,29.3045,28.4672,29.0952,58690
GMD,9/28/2007 00:00:00,29.9325,29.9325,29.3045,29.7232,74190
GMD,10/1/2007 00:00:00,30.3511,30.7697,30.1418,30.3511,216120
GMD,10/2/2007 00:00:00,30.3511,30.5604,29.9325,30.1418,126840
GMD,10/3/2007 00:00:00,30.1418,30.3511,29.9325,30.1418,72970
GMD,10/4/2007 00:00:00,29.9325,30.5604,29.9325,29.9325,101440
GMD,10/5/2007 00:00:00,31.3977,31.3977,30.3511,31.3977,369960
GMD,10/8/2007 00:00:00,31.3977,31.3977,30.7697,30.7697,59540
GMD,10/9/2007 00:00:00,30.7697,31.1884,30.7697,30.7697,28790
GMD,10/10/2007 00:00:00,30.7697,30.9791,30.7697,30.9791,68430
GMD,10/11/2007 00:00:00,31.1884,31.3977,30.7697,30.7697,131100
GMD,10/12/2007 00:00:00,30.5604,30.7697,30.5604,30.7697,61870
GMD,10/15/2007 00:00:00,30.7697,30.7697,30.3511,30.3511,86470
GMD,10/16/2007 00:00:00,30.3511,30.3511,30.1418,30.3511,61850
GMD,10/17/2007 00:00:00,30.3511,30.3511,30.1418,30.1418,68610
GMD,10/18/2007 00:00:00,29.9325,30.1418,29.9325,29.9325,66710
GMD,10/19/2007 00:00:00,29.3045,29.9325,29.3045,29.7232,51280
GMD,10/22/2007 00:00:00,30.3511,30.3511,29.9325,29.9325,75680
GMD,10/23/2007 00:00:00,30.3511,30.5604,30.3511,30.5604,181470
GMD,10/24/2007 00:00:00,31.3977,31.8163,31.1884,31.8163,236230
GMD,10/25/2007 00:00:00,32.8629,32.8629,32.235,32.8629,181350
GMD,10/26/2007 00:00:00,32.4443,32.6536,31.8163,32.0257,98750
GMD,10/29/2007 00:00:00,30.5604,31.607,30.5604,30.5604,98210
GMD,10/30/2007 00:00:00,30.5604,30.9791,30.5604,30.9791,68630
GMD,10/31/2007 00:00:00,30.5604,30.9791,30.5604,30.5604,51670
GMD,11/1/2007 00:00:00,30.7697,31.1884,30.7697,30.9791,48350
GMD,11/2/2007 00:00:00,31.1884,31.1884,30.7697,30.7697,93310
GMD,11/5/2007 00:00:00,29.9325,30.7697,29.7232,29.9325,73790
GMD,11/6/2007 00:00:00,29.9325,30.1418,29.7232,29.7232,67080
GMD,11/7/2007 00:00:00,29.7232,30.1418,29.5138,30.1418,54850
GMD,11/8/2007 00:00:00,29.9325,30.3511,29.7232,29.7232,59070
GMD,11/9/2007 00:00:00,29.7232,29.7232,29.5138,29.5138,71150
GMD,11/12/2007 00:00:00,29.5138,29.5138,28.8859,28.8859,63850
GMD,11/13/2007 00:00:00,29.0952,29.3045,28.6766,28.6766,78090
GMD,11/14/2007 00:00:00,29.3045,29.7232,28.8859,29.7232,73720
GMD,11/15/2007 00:00:00,29.3045,29.3045,28.8859,29.0952,46970
GMD,11/16/2007 00:00:00,28.6766,29.3045,28.6766,29.0952,27480
GMD,11/19/2007 00:00:00,29.0952,29.3045,28.8859,28.8859,34270
GMD,11/20/2007 00:00:00,28.6766,28.8859,28.0486,28.4672,72160
GMD,11/21/2007 00:00:00,28.4672,28.4672,28.2579,28.2579,71270
GMD,11/22/2007 00:00:00,28.2579,28.4672,28.2579,28.2579,50800
GMD,11/23/2007 00:00:00,28.0486,28.2579,28.0486,28.2579,37070
GMD,11/26/2007 00:00:00,29.0952,29.0952,28.2579,29.0952,68950
GMD,11/27/2007 00:00:00,29.9325,29.9325,29.0952,29.0952,82740
GMD,11/28/2007 00:00:00,29.3045,29.3045,29.0952,29.0952,70930
GMD,11/29/2007 00:00:00,29.5138,29.5138,28.8859,28.8859,54780
GMD,11/30/2007 00:00:00,28.6766,28.8859,28.6766,28.6766,36760
GMD,12/3/2007 00:00:00,28.8859,29.0952,28.8859,29.0952,44830
GMD,12/4/2007 00:00:00,29.7232,29.7232,29.3045,29.7232,56620
GMD,12/5/2007 00:00:00,29.7232,29.7232,29.3045,29.3045,50930
GMD,12/6/2007 00:00:00,29.7232,29.7232,29.0952,29.0952,45810
GMD,12/7/2007 00:00:00,29.5138,29.5138,29.0952,29.5138,37150
GMD,12/10/2007 00:00:00,29.3045,29.3045,29.0952,29.0952,25120
GMD,12/11/2007 00:00:00,29.0952,29.0952,28.4672,28.4672,27900
GMD,12/12/2007 00:00:00,28.4672,29.0952,28.4672,28.8859,29770
GMD,12/13/2007 00:00:00,28.6766,28.8859,28.4672,28.4672,31190
GMD,12/14/2007 00:00:00,28.2579,28.4672,28.2579,28.2579,37350
GMD,12/17/2007 00:00:00,28.0486,28.0486,27.8393,27.8393,17930
GMD,12/18/2007 00:00:00,27.8393,28.0486,27.8393,28.0486,21280
GMD,12/19/2007 00:00:00,28.4672,29.0952,28.4672,28.8859,18560
GMD,12/20/2007 00:00:00,29.5138,29.5138,28.4672,28.4672,41520
GMD,12/21/2007 00:00:00,27.8393,28.8859,27.8393,28.0486,111020
GMD,12/24/2007 00:00:00,28.2579,28.2579,28.0486,28.0486,32090
GMD,12/25/2007 00:00:00,27.8393,28.0486,27.8393,27.8393,25850
GMD,12/26/2007 00:00:00,27.8393,28.2579,27.8393,28.2579,16210
GMD,12/27/2007 00:00:00,28.0486,28.0486,27.8393,28.0486,40300
GMD,12/28/2007 00:00:00,28.0486,28.0486,27.8393,27.8393,45690
GMD,1/2/2008 00:00:00,27.63,27.8393,27.63,27.63,24730
GMD,1/3/2008 00:00:00,27.63,27.63,27.2113,27.2113,13610
GMD,1/4/2008 00:00:00,27.2113,27.63,27.2113,27.2113,7330
GMD,1/7/2008 00:00:00,27.002,27.2113,26.5834,26.7927,26900
GMD,1/8/2008 00:00:00,26.7927,27.2113,26.7927,27.002,25770
GMD,1/9/2008 00:00:00,26.7927,26.7927,26.5834,26.5834,28070
GMD,1/10/2008 00:00:00,26.3741,26.3741,25.5368,25.7461,49570
GMD,1/11/2008 00:00:00,25.9554,26.3741,25.9554,25.9554,26840
GMD,1/14/2008 00:00:00,25.5368,25.5368,25.1182,25.1182,32320
GMD,1/15/2008 00:00:00,24.0716,24.2809,23.8623,24.0716,40870
GMD,1/16/2008 00:00:00,24.6995,25.1182,24.6995,25.1182,56660
GMD,1/17/2008 00:00:00,26.1647,26.1647,24.0716,24.0716,71690
GMD,1/18/2008 00:00:00,24.0716,25.1182,24.0716,25.1182,35620
GMD,1/21/2008 00:00:00,25.5368,25.5368,24.9088,24.9088,32250
GMD,1/22/2008 00:00:00,24.2809,24.6995,24.2809,24.2809,49640
GMD,1/23/2008 00:00:00,23.4436,23.8623,23.4436,23.4436,63190
GMD,1/24/2008 00:00:00,24.0716,24.2809,23.025,23.025,39470
GMD,1/25/2008 00:00:00,23.025,23.6529,23.025,23.4436,44330
GMD,1/28/2008 00:00:00,23.8623,23.8623,23.4436,23.8623,45080
GMD,1/29/2008 00:00:00,24.2809,24.9088,24.0716,24.9088,108820
GMD,1/30/2008 00:00:00,25.9554,25.9554,25.7461,25.9554,70590
GMD,1/31/2008 00:00:00,25.9554,26.5834,24.6995,26.5834,66880
GMD,2/1/2008 00:00:00,26.5834,27.2113,26.3741,27.2113,57270
GMD,2/12/2008 00:00:00,27.2113,27.2113,25.9554,26.1647,31180
GMD,2/13/2008 00:00:00,26.1647,26.1647,25.1182,25.3275,30380
GMD,2/14/2008 00:00:00,25.3275,25.9554,25.3275,25.7461,16230
GMD,2/15/2008 00:00:00,25.5368,25.5368,25.1182,25.1182,23280
GMD,2/18/2008 00:00:00,24.0716,24.9088,23.8623,23.8623,164380
GMD,2/19/2008 00:00:00,23.025,23.8623,23.025,23.8623,60640
GMD,2/20/2008 00:00:00,22.8157,23.6529,22.8157,22.8157,96990
GMD,2/21/2008 00:00:00,21.9784,21.9784,21.7691,21.7691,40030
GMD,2/22/2008 00:00:00,20.7225,22.8157,20.7225,22.8157,83820
GMD,2/25/2008 00:00:00,22.6063,23.8623,22.6063,23.025,52940
GMD,2/26/2008 00:00:00,21.9784,22.1877,21.9784,21.9784,60790
GMD,2/27/2008 00:00:00,20.9318,22.397,20.9318,21.1411,56910
GMD,2/28/2008 00:00:00,21.3504,21.5598,20.7225,20.9318,37650
GMD,2/29/2008 00:00:00,20.5132,20.9318,19.8852,19.8852,60560
GMD,3/3/2008 00:00:00,19.0479,19.0479,18.9433,18.9433,60970
GMD,3/4/2008 00:00:00,18.0919,18.0919,18.0919,18.0919,37380
GMD,3/5/2008 00:00:00,17.2405,17.2405,17.2405,17.2405,78010
GMD,3/6/2008 00:00:00,18.0919,18.0919,18.0919,18.0919,19840
GMD,3/7/2008 00:00:00,18.9433,18.9433,18.9433,18.9433,20920
GMD,3/10/2008 00:00:00,19.7947,19.7947,18.9433,18.9433,160230
GMD,3/11/2008 00:00:00,18.5176,18.5176,18.0919,18.3047,67360
GMD,3/12/2008 00:00:00,18.5176,18.9433,17.879,17.879,80910
GMD,3/13/2008 00:00:00,17.879,18.3047,17.879,18.0919,47210
GMD,3/14/2008 00:00:00,18.5176,18.5176,18.0919,18.3047,65910
GMD,3/17/2008 00:00:00,17.6662,17.6662,17.4534,17.4534,61180
GMD,3/18/2008 00:00:00,16.602,16.7084,16.602,16.602,139450
GMD,3/19/2008 00:00:00,16.8148,16.9212,15.9634,15.9634,93510
GMD,3/20/2008 00:00:00,15.9634,16.3891,15.2185,15.2185,131450
GMD,3/21/2008 00:00:00,14.7928,14.7928,14.4735,14.4735,98390
GMD,3/24/2008 00:00:00,13.835,13.835,13.835,13.835,49860
GMD,3/25/2008 00:00:00,13.1964,13.1964,13.1964,13.1964,38140
GMD,3/26/2008 00:00:00,13.09,13.835,12.7708,13.835,132870
GMD,3/27/2008 00:00:00,13.9414,13.9414,13.9414,13.9414,2950
GMD,3/28/2008 00:00:00,13.9414,14.0478,13.9414,14.0478,810
GMD,3/31/2008 00:00:00,14.1542,14.1542,14.1542,14.1542,39610
GMD,4/1/2008 00:00:00,14.2607,14.2607,14.2607,14.2607,21100
GMD,4/2/2008 00:00:00,14.3671,14.3671,14.3671,14.3671,800
GMD,4/3/2008 00:00:00,14.4735,14.4735,14.4735,14.4735,950
GMD,4/4/2008 00:00:00,14.5799,14.5799,14.5799,14.5799,22120
GMD,4/7/2008 00:00:00,14.7928,14.7928,14.7928,14.7928,7340
GMD,4/8/2008 00:00:00,15.0056,15.0056,14.5799,14.7928,134660
GMD,4/9/2008 00:00:00,14.6864,14.7928,14.5799,14.5799,61470
GMD,4/10/2008 00:00:00,14.3671,14.3671,14.3671,14.3671,14800
GMD,4/11/2008 00:00:00,14.1542,14.1542,14.1542,14.1542,4490
GMD,4/16/2008 00:00:00,13.9414,13.9414,13.9414,13.9414,3020
GMD,4/17/2008 00:00:00,13.7286,14.1542,13.7286,14.1542,46350
GMD,4/18/2008 00:00:00,14.2607,14.2607,13.9414,14.1542,56520
GMD,4/21/2008 00:00:00,13.9414,13.9414,13.9414,13.9414,14590
GMD,4/22/2008 00:00:00,13.7286,13.7286,13.7286,13.7286,8770
GMD,4/23/2008 00:00:00,13.5157,13.5157,13.5157,13.5157,8560
GMD,4/24/2008 00:00:00,13.3029,13.3029,13.3029,13.3029,21620
GMD,4/25/2008 00:00:00,13.09,13.09,13.09,13.09,34040
GMD,4/28/2008 00:00:00,12.8772,13.3029,12.8772,13.1964,54050
GMD,4/29/2008 00:00:00,13.4093,13.4093,13.1964,13.3029,25980
GMD,5/5/2008 00:00:00,13.3029,13.3029,13.09,13.09,29840
GMD,5/6/2008 00:00:00,12.8772,12.8772,12.8772,12.8772,17870
GMD,5/7/2008 00:00:00,12.6643,12.6643,12.6643,12.6643,11110
GMD,5/8/2008 00:00:00,12.4515,12.4515,12.4515,12.4515,7380
GMD,5/9/2008 00:00:00,12.2386,12.2386,12.2386,12.2386,4000
GMD,5/12/2008 00:00:00,12.0258,12.0258,12.0258,12.0258,150
GMD,5/13/2008 00:00:00,11.8129,11.8129,11.8129,11.8129,500
GMD,5/14/2008 00:00:00,11.6001,11.6001,11.6001,11.6001,60
GMD,5/15/2008 00:00:00,11.3873,11.3873,11.3873,11.3873,550
GMD,5/16/2008 00:00:00,11.1744,11.3873,11.1744,11.3873,107180
GMD,5/19/2008 00:00:00,11.1744,11.6001,11.1744,11.6001,60230
GMD,5/20/2008 00:00:00,11.3873,11.3873,11.3873,11.3873,67610
GMD,5/21/2008 00:00:00,11.1744,11.1744,11.1744,11.1744,27200
GMD,5/22/2008 00:00:00,10.9616,10.9616,10.9616,10.9616,3320
GMD,5/23/2008 00:00:00,10.7487,10.7487,10.7487,10.7487,24500
GMD,5/26/2008 00:00:00,10.6423,10.6423,10.5359,10.5359,3180
GMD,5/30/2008 00:00:00,10.3443,10.3443,10.3443,10.3443,1590
GMD,6/2/2008 00:00:00,10.1527,10.1527,10.1527,10.1527,130
GMD,6/3/2008 00:00:00,9.96118,9.96118,9.96118,9.96118,630
GMD,6/4/2008 00:00:00,9.96118,9.96118,9.76962,9.76962,1040
GMD,6/5/2008 00:00:00,9.76962,9.76962,9.57806,9.57806,1250
GMD,6/6/2008 00:00:00,9.3865,9.3865,9.3865,9.3865,330
GMD,6/9/2008 00:00:00,9.21622,9.21622,9.21622,9.21622,30
GMD,6/10/2008 00:00:00,9.21622,9.21622,9.04595,9.04595,1280
GMD,6/11/2008 00:00:00,8.87567,8.87567,8.87567,8.87567,49560
GMD,6/12/2008 00:00:00,8.70539,8.70539,8.70539,8.70539,23240
GMD,6/13/2008 00:00:00,8.53512,8.53512,8.53512,8.53512,77630
GMD,6/16/2008 00:00:00,8.38613,8.70539,8.38613,8.70539,131400
GMD,6/17/2008 00:00:00,8.87567,8.87567,8.8331,8.87567,133180
GMD,6/18/2008 00:00:00,9.04595,9.04595,8.70539,8.70539,123820
GMD,6/19/2008 00:00:00,8.44998,8.44998,8.44998,8.44998,1510
GMD,6/20/2008 00:00:00,8.21585,8.21585,8.21585,8.21585,5300
GMD,6/23/2008 00:00:00,7.98172,8.21585,7.98172,7.98172,94330
GMD,6/24/2008 00:00:00,7.74759,8.21585,7.74759,8.21585,64170
GMD,6/25/2008 00:00:00,8.44998,8.44998,8.04557,8.38613,53000
GMD,6/26/2008 00:00:00,8.38613,8.40741,8.152,8.152,33680
GMD,6/27/2008 00:00:00,7.91786,8.2797,7.91786,8.02429,43210
GMD,6/30/2008 00:00:00,8.08814,8.25842,8.08814,8.25842,30640
GMD,7/1/2008 00:00:00,8.25842,8.49255,8.25842,8.49255,206000
GMD,7/2/2008 00:00:00,8.72668,8.72668,8.51383,8.72668,174390
GMD,7/3/2008 00:00:00,8.98209,8.98209,8.98209,8.98209,71700
GMD,7/4/2008 00:00:00,9.23751,9.23751,9.23751,9.23751,47020
GMD,7/7/2008 00:00:00,9.00338,9.47164,8.96081,8.96081,66610
GMD,7/8/2008 00:00:00,8.70539,8.70539,8.70539,8.70539,22360
GMD,7/9/2008 00:00:00,8.44998,8.70539,8.44998,8.44998,194460
GMD,7/10/2008 00:00:00,8.62026,8.68411,8.5564,8.68411,231750
GMD,7/11/2008 00:00:00,8.93952,8.93952,8.93952,8.93952,151890
GMD,7/14/2008 00:00:00,9.19494,9.19494,9.15237,9.19494,99550
GMD,7/15/2008 00:00:00,9.45035,9.45035,9.45035,9.45035,102980
GMD,7/16/2008 00:00:00,9.72705,9.72705,9.17366,9.72705,582400
GMD,7/17/2008 00:00:00,10.0038,10.0038,10.0038,10.0038,167280
GMD,7/18/2008 00:00:00,9.70577,10.1102,9.70577,9.70577,154200
GMD,7/21/2008 00:00:00,9.42907,9.42907,9.42907,9.42907,2670
GMD,7/22/2008 00:00:00,9.15237,9.15237,9.15237,9.15237,1500
GMD,7/23/2008 00:00:00,8.89696,8.89696,8.89696,8.89696,100
GMD,7/24/2008 00:00:00,8.64154,8.64154,8.64154,8.64154,7930
GMD,7/25/2008 00:00:00,8.38613,8.38613,8.38613,8.38613,2980
GMD,7/28/2008 00:00:00,8.152,8.152,8.152,8.152,64290
GMD,7/29/2008 00:00:00,8.38613,8.38613,8.38613,8.38613,228350
GMD,7/30/2008 00:00:00,8.62026,8.62026,8.62026,8.62026,48260
GMD,7/31/2008 00:00:00,8.87567,8.87567,8.87567,8.87567,13930
GMD,8/1/2008 00:00:00,9.13109,9.13109,9.13109,9.13109,37760
GMD,8/4/2008 00:00:00,9.3865,9.3865,8.87567,8.87567,651290
GMD,8/5/2008 00:00:00,8.62026,8.62026,8.62026,8.62026,196900
GMD,8/6/2008 00:00:00,8.36484,8.87567,8.36484,8.62026,188200
GMD,8/7/2008 00:00:00,8.87567,8.87567,8.51383,8.51383,79400
GMD,8/8/2008 00:00:00,8.40741,8.51383,8.32227,8.51383,49010
GMD,8/11/2008 00:00:00,8.76925,8.76925,8.76925,8.76925,15630
GMD,8/12/2008 00:00:00,9.02466,9.02466,8.8331,9.02466,192680
GMD,8/13/2008 00:00:00,9.28008,9.28008,9.15237,9.28008,189930
GMD,8/14/2008 00:00:00,9.55678,9.55678,9.55678,9.55678,7930
GMD,8/15/2008 00:00:00,9.83348,9.83348,9.83348,9.83348,4400
GMD,8/18/2008 00:00:00,10.323,10.323,10.323,10.323,7790
GMD,8/19/2008 00:00:00,10.7487,10.7487,10.5359,10.7487,497370
GMD,8/20/2008 00:00:00,10.4294,11.2808,10.4294,11.2808,276260
GMD,8/21/2008 00:00:00,11.8129,11.8129,11.8129,11.8129,27470
GMD,8/22/2008 00:00:00,12.3451,12.3451,12.3451,12.3451,64150
GMD,8/25/2008 00:00:00,12.8772,12.8772,12.8772,12.8772,12190
GMD,8/26/2008 00:00:00,13.5157,13.5157,13.5157,13.5157,4050
GMD,8/27/2008 00:00:00,14.1542,14.1542,14.1542,14.1542,15160
GMD,8/28/2008 00:00:00,14.7928,14.7928,13.5157,14.6864,612900
GMD,8/29/2008 00:00:00,15.1121,15.1121,14.1542,15.1121,207990
GMD,9/3/2008 00:00:00,15.4313,15.857,15.3249,15.857,177320
GMD,9/4/2008 00:00:00,15.857,15.857,15.3249,15.857,169660
GMD,9/5/2008 00:00:00,15.1121,15.2185,15.1121,15.1121,201930
GMD,9/8/2008 00:00:00,14.3671,14.3671,14.3671,14.3671,57420
GMD,9/9/2008 00:00:00,14.0478,14.4735,13.7286,13.7286,205470
GMD,9/10/2008 00:00:00,14.0478,14.0478,13.09,13.09,133060
GMD,9/11/2008 00:00:00,12.5579,12.5579,12.4515,12.4515,90300
GMD,9/12/2008 00:00:00,12.0258,12.2386,11.9194,11.9194,100970
GMD,9/15/2008 00:00:00,11.9194,12.4515,11.8129,12.1322,100800
GMD,9/16/2008 00:00:00,11.6001,11.9194,11.6001,11.6001,90020
GMD,9/17/2008 00:00:00,11.068,11.1744,11.068,11.068,102860
GMD,9/18/2008 00:00:00,10.5146,10.5146,10.5146,10.5146,36220
GMD,9/19/2008 00:00:00,10.9616,10.9616,10.8551,10.9616,410130
GMD,9/22/2008 00:00:00,11.4937,11.4937,11.4937,11.4937,4020
GMD,9/23/2008 00:00:00,10.9616,12.0258,10.9616,11.8129,178100
GMD,9/24/2008 00:00:00,11.3873,11.8129,11.2808,11.2808,61220
GMD,9/25/2008 00:00:00,11.2808,11.8129,11.068,11.8129,121590
GMD,9/26/2008 00:00:00,12.3451,12.3451,11.6001,11.9194,66600
GMD,9/29/2008 00:00:00,11.4937,12.0258,11.3873,11.9194,67390
GMD,9/30/2008 00:00:00,11.3873,11.3873,11.3873,11.3873,99350
GMD,10/1/2008 00:00:00,11.3873,11.8129,11.1744,11.2808,37900
GMD,10/2/2008 00:00:00,11.8129,11.8129,11.2808,11.2808,54070
GMD,10/3/2008 00:00:00,11.068,11.2808,11.068,11.1744,41040
GMD,10/6/2008 00:00:00,10.6423,10.8551,10.621,10.621,61050
GMD,10/7/2008 00:00:00,10.1102,10.1102,10.1102,10.1102,93680
GMD,10/8/2008 00:00:00,9.62063,9.6632,9.62063,9.62063,138360
GMD,10/9/2008 00:00:00,9.36522,10.0463,9.36522,9.68449,67610
GMD,10/10/2008 00:00:00,9.36522,9.3865,9.21622,9.21622,262470
GMD,10/13/2008 00:00:00,9.57806,9.57806,8.76925,8.76925,46850
GMD,10/14/2008 00:00:00,9.19494,9.19494,9.19494,9.19494,10240
GMD,10/15/2008 00:00:00,8.76925,9.19494,8.76925,8.93952,204030
GMD,10/16/2008 00:00:00,8.53512,9.15237,8.53512,9.15237,84480
GMD,10/17/2008 00:00:00,9.36522,9.36522,9.25879,9.36522,41450
GMD,10/20/2008 00:00:00,9.36522,9.57806,8.89696,8.89696,59790
GMD,10/21/2008 00:00:00,8.93952,8.93952,8.5564,8.89696,121450
GMD,10/22/2008 00:00:00,8.49255,8.93952,8.47126,8.47126,112720
GMD,10/23/2008 00:00:00,8.06686,8.06686,8.06686,8.06686,64170
GMD,10/24/2008 00:00:00,7.70502,7.76887,7.70502,7.70502,116520
GMD,10/27/2008 00:00:00,7.3219,7.4496,7.3219,7.34318,167490
GMD,10/28/2008 00:00:00,6.98134,7.0452,6.98134,6.98134,313010
GMD,10/29/2008 00:00:00,7.3219,7.3219,6.98134,7.13034,212670
GMD,10/30/2008 00:00:00,6.78978,7.13034,6.78978,7.13034,254280
GMD,10/31/2008 00:00:00,6.87492,7.13034,6.87492,7.13034,82810
GMD,11/3/2008 00:00:00,6.83235,7.34318,6.81107,7.13034,33770
GMD,11/4/2008 00:00:00,7.19419,7.47089,7.02391,7.47089,73140
GMD,11/5/2008 00:00:00,7.83273,7.83273,7.83273,7.83273,34110
GMD,11/6/2008 00:00:00,7.83273,8.21585,7.61988,8.08814,145730
GMD,11/7/2008 00:00:00,7.79016,8.08814,7.79016,7.98172,56480
GMD,11/10/2008 00:00:00,8.08814,8.19456,8.08814,8.08814,47730
GMD,11/11/2008 00:00:00,7.7263,8.08814,7.68373,7.70502,101360
GMD,11/12/2008 00:00:00,7.3219,7.4496,7.3219,7.34318,182540
GMD,11/13/2008 00:00:00,7.06648,7.66245,7.06648,7.66245,22230
GMD,11/14/2008 00:00:00,8.04557,8.04557,7.66245,7.66245,114310
GMD,11/17/2008 00:00:00,7.66245,7.66245,7.3219,7.66245,15400
GMD,11/18/2008 00:00:00,7.30061,7.34318,7.27933,7.27933,83170
GMD,11/19/2008 00:00:00,7.30061,7.34318,7.02391,7.23676,9390
GMD,11/20/2008 00:00:00,6.87492,6.91749,6.87492,6.87492,61790
GMD,11/21/2008 00:00:00,6.53437,6.59822,6.53437,6.53437,211230
GMD,11/24/2008 00:00:00,6.78978,6.81107,6.61951,6.61951,10560
GMD,11/25/2008 00:00:00,6.81107,6.81107,6.32152,6.32152,121040
GMD,11/26/2008 00:00:00,6.32152,6.38538,6.30024,6.38538,5720
GMD,11/27/2008 00:00:00,6.23638,6.55565,6.23638,6.23638,37050
GMD,11/28/2008 00:00:00,6.53437,6.53437,6.53437,6.53437,7680
GMD,12/1/2008 00:00:00,6.59822,6.59822,6.47051,6.47051,24060
GMD,12/2/2008 00:00:00,6.19381,6.44923,6.17253,6.23638,83180
GMD,12/3/2008 00:00:00,6.4918,6.4918,6.17253,6.17253,71270
GMD,12/4/2008 00:00:00,6.17253,6.17253,6.10868,6.15124,90350
GMD,12/5/2008 00:00:00,5.89583,5.91711,5.85326,5.85326,52930
GMD,12/8/2008 00:00:00,5.57656,5.57656,5.57656,5.57656,29900
GMD,12/9/2008 00:00:00,5.32115,5.85326,5.32115,5.36372,141100
GMD,12/10/2008 00:00:00,5.17215,5.53399,5.1083,5.1083,100660
GMD,12/11/2008 00:00:00,4.93802,5.1083,4.93802,5.1083,124030
GMD,12/12/2008 00:00:00,5.36372,5.36372,5.34243,5.36372,106370
GMD,12/15/2008 00:00:00,5.61913,5.61913,5.61913,5.61913,51330
GMD,12/16/2008 00:00:00,5.74684,5.74684,5.34243,5.34243,174620
GMD,12/17/2008 00:00:00,5.42757,5.59785,5.36372,5.59785,81920
GMD,12/18/2008 00:00:00,5.78941,5.87455,5.74684,5.87455,78520
GMD,12/19/2008 00:00:00,6.12996,6.15124,5.87455,6.15124,93540
GMD,12/22/2008 00:00:00,6.44923,6.44923,6.38538,6.38538,187980
GMD,12/23/2008 00:00:00,6.10868,6.12996,6.06611,6.08739,136700
GMD,12/24/2008 00:00:00,5.95968,6.08739,5.95968,6.08739,75900
GMD,12/25/2008 00:00:00,6.08739,6.12996,5.95968,6.04482,31890
GMD,12/26/2008 00:00:00,6.10868,6.10868,6.04482,6.08739,84670
GMD,12/29/2008 00:00:00,6.17253,6.19381,6.12996,6.17253,73550
GMD,12/30/2008 00:00:00,6.04482,6.38538,6.04482,6.23638,40600
GMD,12/31/2008 00:00:00,6.23638,6.38538,6.2151,6.38538,70740
GMD,1/2/2009 00:00:00,6.38538,6.59822,6.38538,6.59822,38430
GMD,1/5/2009 00:00:00,6.81107,6.81107,6.70464,6.81107,49570
GMD,1/6/2009 00:00:00,7.00263,7.02391,6.93877,7.00263,22810
GMD,1/7/2009 00:00:00,7.13034,7.23676,7.13034,7.21547,26390
GMD,1/8/2009 00:00:00,6.93877,7.21547,6.93877,7.02391,36080
GMD,1/9/2009 00:00:00,7.02391,7.02391,6.81107,6.81107,13900
GMD,1/12/2009 00:00:00,6.55565,7.02391,6.55565,7.02391,22690
GMD,1/13/2009 00:00:00,6.83235,7.0452,6.83235,6.83235,21500
GMD,1/14/2009 00:00:00,6.98134,6.98134,6.4918,6.70464,22260
GMD,1/15/2009 00:00:00,6.70464,6.70464,6.53437,6.53437,39700
GMD,1/16/2009 00:00:00,6.51308,6.55565,6.51308,6.51308,53050
GMD,1/19/2009 00:00:00,6.38538,6.53437,6.38538,6.42794,61410
GMD,1/20/2009 00:00:00,6.42794,6.55565,6.42794,6.4918,40820
GMD,1/21/2009 00:00:00,6.4918,6.4918,6.42794,6.42794,89270
GMD,1/22/2009 00:00:00,6.42794,6.51308,6.42794,6.4918,33570
GMD,1/23/2009 00:00:00,6.4918,6.55565,6.47051,6.55565,23400
GMD,2/2/2009 00:00:00,6.34281,6.36409,6.30024,6.30024,47180
GMD,2/3/2009 00:00:00,6.02354,6.04482,6.00225,6.00225,81860
GMD,2/4/2009 00:00:00,5.78941,5.98097,5.76812,5.81069,50530
GMD,2/5/2009 00:00:00,5.64041,5.68298,5.53399,5.53399,53970
GMD,2/6/2009 00:00:00,5.36372,5.55528,5.36372,5.55528,41340
GMD,2/9/2009 00:00:00,5.55528,5.72555,5.53399,5.59785,34440
GMD,2/10/2009 00:00:00,5.53399,5.53399,5.44885,5.44885,34700
GMD,2/11/2009 00:00:00,5.21472,5.32115,5.21472,5.21472,67290
GMD,2/12/2009 00:00:00,5.29986,5.32115,5.23601,5.23601,35030
GMD,2/13/2009 00:00:00,5.23601,5.25729,5.19344,5.23601,16680
GMD,2/16/2009 00:00:00,5.19344,5.19344,5.08702,5.12958,32520
GMD,2/17/2009 00:00:00,5.12958,5.12958,4.87417,4.87417,62940
GMD,2/18/2009 00:00:00,4.64004,4.68261,4.64004,4.64004,67230
GMD,2/19/2009 00:00:00,4.42719,4.57619,4.42719,4.42719,151350
GMD,2/20/2009 00:00:00,4.2782,4.36334,4.25692,4.25692,82870
GMD,2/23/2009 00:00:00,4.25692,4.36334,4.10792,4.25692,85240
GMD,2/24/2009 00:00:00,4.08664,4.15049,4.04407,4.04407,52410
GMD,2/25/2009 00:00:00,4.23563,4.23563,4.15049,4.23563,99270
GMD,2/26/2009 00:00:00,4.08664,4.25692,4.06536,4.21435,93520
GMD,2/27/2009 00:00:00,4.15049,4.40591,4.15049,4.40591,29230
GMD,3/2/2009 00:00:00,4.25692,4.61875,4.25692,4.61875,55610
GMD,3/3/2009 00:00:00,4.5549,4.8316,4.51233,4.74646,63710
GMD,3/4/2009 00:00:00,4.78903,4.98059,4.78903,4.98059,91350
GMD,3/5/2009 00:00:00,5.21472,5.21472,5.21472,5.21472,31230
GMD,3/6/2009 00:00:00,5.1083,5.36372,4.95931,4.95931,168810
GMD,3/9/2009 00:00:00,4.76775,4.81032,4.72518,4.72518,100260
GMD,3/10/2009 00:00:00,4.68261,4.89545,4.57619,4.57619,152590
GMD,3/11/2009 00:00:00,4.76775,4.78903,4.68261,4.70389,291840
GMD,3/12/2009 00:00:00,4.49105,4.59747,4.46976,4.46976,254900
GMD,3/13/2009 00:00:00,4.40591,4.51233,4.40591,4.46976,157110
GMD,3/16/2009 00:00:00,4.61875,4.66132,4.57619,4.66132,221930
GMD,3/17/2009 00:00:00,4.85288,4.87417,4.85288,4.87417,514230
GMD,3/18/2009 00:00:00,5.1083,5.1083,5.1083,5.1083,177650
GMD,3/19/2009 00:00:00,5.36372,5.36372,5.21472,5.21472,468630
GMD,3/20/2009 00:00:00,5.12958,5.47014,5.12958,5.47014,403180
GMD,3/23/2009 00:00:00,5.27858,5.64041,5.21472,5.27858,316900
GMD,3/24/2009 00:00:00,5.53399,5.53399,5.53399,5.53399,70580
GMD,3/25/2009 00:00:00,5.53399,5.81069,5.53399,5.81069,308170
GMD,3/26/2009 00:00:00,6.08739,6.08739,5.95968,6.08739,530720
GMD,3/27/2009 00:00:00,6.38538,6.38538,6.17253,6.38538,339790
GMD,3/30/2009 00:00:00,6.15124,6.70464,6.12996,6.38538,298120
GMD,3/31/2009 00:00:00,6.38538,6.4918,6.17253,6.27895,187540
GMD,4/1/2009 00:00:00,6.38538,6.38538,6.17253,6.23638,213250
GMD,4/2/2009 00:00:00,6.23638,6.53437,6.06611,6.53437,407140
GMD,4/3/2009 00:00:00,6.85364,6.85364,6.85364,6.85364,83720
GMD,4/7/2009 00:00:00,7.00263,7.19419,6.85364,7.19419,377850
GMD,4/8/2009 00:00:00,7.21547,7.53474,6.87492,7.02391,308830
GMD,4/9/2009 00:00:00,7.02391,7.13034,6.83235,6.98134,215220
GMD,4/10/2009 00:00:00,7.3219,7.3219,7.3219,7.3219,25310
GMD,4/13/2009 00:00:00,7.68373,7.68373,7.68373,7.68373,11610
GMD,4/14/2009 00:00:00,8.06686,8.06686,8.06686,8.06686,268980
GMD,4/15/2009 00:00:00,7.8753,8.44998,7.8753,8.25842,293750
GMD,4/16/2009 00:00:00,8.47126,8.66283,8.25842,8.66283,351700
GMD,4/17/2009 00:00:00,9.08852,9.08852,8.23713,8.25842,550650
GMD,4/20/2009 00:00:00,7.85401,7.85401,7.85401,7.85401,76320
GMD,4/21/2009 00:00:00,7.47089,7.47089,7.47089,7.47089,154800
GMD,4/22/2009 00:00:00,7.76887,7.83273,7.15162,7.83273,232510
GMD,4/23/2009 00:00:00,8.04557,8.13071,7.53474,7.53474,92220
GMD,4/24/2009 00:00:00,7.47089,7.66245,7.1729,7.66245,128860
GMD,4/27/2009 00:00:00,7.85401,7.85401,7.4496,7.53474,128610
GMD,4/28/2009 00:00:00,7.53474,7.74759,7.4496,7.49217,85380
GMD,4/29/2009 00:00:00,7.49217,7.85401,7.4496,7.85401,173110
GMD,5/4/2009 00:00:00,8.23713,8.23713,8.23713,8.23713,6820
GMD,5/5/2009 00:00:00,8.64154,8.64154,8.64154,8.64154,11730
GMD,5/6/2009 00:00:00,9.06723,9.06723,9.06723,9.06723,323250
GMD,5/7/2009 00:00:00,9.51421,9.98247,9.51421,9.98247,69790
GMD,5/8/2009 00:00:00,9.98247,9.98247,9.98247,9.98247,173380
GMD,5/11/2009 00:00:00,10.2166,10.472,10.0463,10.472,335730
GMD,5/12/2009 00:00:00,10.9616,10.9616,10.472,10.9616,337390
GMD,5/13/2009 00:00:00,11.4937,11.4937,10.9616,10.9616,461750
GMD,5/14/2009 00:00:00,11.068,11.3873,10.9616,10.9616,269710
GMD,5/15/2009 00:00:00,10.9616,11.3873,10.6423,10.8551,915920
GMD,5/18/2009 00:00:00,10.3443,10.7487,10.3443,10.3443,333100
GMD,5/19/2009 00:00:00,10.8551,10.8551,10.4294,10.621,563710
GMD,5/20/2009 00:00:00,10.323,10.7487,10.323,10.6423,281720
GMD,5/21/2009 00:00:00,10.4294,10.621,10.323,10.5146,174540
GMD,5/22/2009 00:00:00,10.1102,10.2166,10.0038,10.0038,247640
GMD,5/25/2009 00:00:00,10.4294,10.4933,10.323,10.4933,384940
GMD,5/26/2009 00:00:00,10.6423,10.6423,10.1102,10.1102,345680
GMD,5/27/2009 00:00:00,10.0038,10.323,9.85476,9.89733,293930
GMD,5/28/2009 00:00:00,9.57806,9.87605,9.40779,9.40779,293230
GMD,5/29/2009 00:00:00,9.55678,9.79091,9.04595,9.57806,391010
GMD,6/1/2009 00:00:00,10.0038,10.0463,9.79091,10.0463,481400
GMD,6/2/2009 00:00:00,10.5359,10.5359,10.5359,10.5359,165950
GMD,6/3/2009 00:00:00,10.9616,10.9616,10.9616,10.9616,142630
GMD,6/4/2009 00:00:00,11.4937,11.4937,11.4937,11.4937,34370
GMD,6/5/2009 00:00:00,12.0258,12.0258,12.0258,12.0258,44540
GMD,6/8/2009 00:00:00,12.5579,12.5579,12.5579,12.5579,30130
GMD,6/9/2009 00:00:00,13.09,13.09,12.0258,12.6643,1.47833e+006
GMD,6/10/2009 00:00:00,12.1322,12.1322,12.1322,12.1322,289590
GMD,6/11/2009 00:00:00,12.1322,12.5579,12.0258,12.1322,1.06366e+006
GMD,6/12/2009 00:00:00,12.1322,12.2386,11.7065,11.8129,517030
GMD,6/15/2009 00:00:00,11.2808,11.4937,11.2808,11.2808,295890
GMD,6/16/2009 00:00:00,10.7487,10.7487,10.7487,10.7487,136480
GMD,6/17/2009 00:00:00,10.2166,11.2808,10.2166,11.2808,1.13751e+006
GMD,6/18/2009 00:00:00,11.2808,11.4937,11.068,11.2808,460350
GMD,6/19/2009 00:00:00,11.2808,11.2808,10.7487,10.8551,252040
GMD,6/22/2009 00:00:00,10.4294,10.5359,10.323,10.323,280610
GMD,6/23/2009 00:00:00,9.81219,10.0038,9.81219,9.81219,409230
GMD,6/24/2009 00:00:00,10.3017,10.3017,10.2166,10.3017,128290
GMD,6/25/2009 00:00:00,10.621,10.621,9.89733,9.89733,598680
GMD,6/26/2009 00:00:00,10.2166,10.323,9.91862,10.1102,438280
GMD,6/29/2009 00:00:00,10.1102,10.4294,10.1102,10.2166,325660
GMD,6/30/2009 00:00:00,10.2592,10.2592,9.72705,9.72705,209680
GMD,7/1/2009 00:00:00,9.36522,9.72705,9.25879,9.25879,188340
GMD,7/2/2009 00:00:00,9.55678,9.64192,9.04595,9.57806,134310
GMD,7/3/2009 00:00:00,9.36522,9.57806,9.21622,9.57806,205600
GMD,7/6/2009 00:00:00,9.79091,10.0463,9.68449,10.0463,478810
GMD,7/7/2009 00:00:00,10.0463,10.2166,10.0038,10.025,200220
GMD,7/8/2009 00:00:00,9.81219,10.2166,9.70577,10.025,135380
GMD,7/9/2009 00:00:00,10.174,10.174,9.79091,10.0038,145740
GMD,7/10/2009 00:00:00,10.0038,10.0038,9.81219,9.83348,259790
GMD,7/13/2009 00:00:00,9.83348,9.83348,9.53549,9.53549,157010
GMD,7/14/2009 00:00:00,9.53549,9.55678,9.32265,9.3865,247870
GMD,7/15/2009 00:00:00,9.68449,9.79091,9.47164,9.57806,102170
GMD,7/16/2009 00:00:00,9.79091,9.89733,9.74834,9.79091,119580
GMD,7/17/2009 00:00:00,9.79091,9.87605,9.57806,9.79091,145510
GMD,7/20/2009 00:00:00,9.45035,9.47164,9.30136,9.30136,285270
GMD,7/21/2009 00:00:00,9.36522,9.53549,9.23751,9.40779,234540
GMD,7/22/2009 00:00:00,9.57806,9.68449,9.42907,9.57806,90480
GMD,7/23/2009 00:00:00,9.57806,10.0463,9.55678,10.0463,318870
GMD,7/24/2009 00:00:00,10.5359,10.5359,10.5359,10.5359,227320
GMD,7/27/2009 00:00:00,10.9616,10.9616,10.6423,10.9616,1.05737e+006
GMD,7/28/2009 00:00:00,10.9616,11.4937,10.8551,11.1744,819170
GMD,7/29/2009 00:00:00,11.3873,11.3873,10.9616,10.9616,258770
GMD,7/30/2009 00:00:00,10.6423,11.2808,10.5572,11.2808,568800
GMD,7/31/2009 00:00:00,11.3873,11.7065,11.2808,11.6001,370250
GMD,8/3/2009 00:00:00,11.7065,12.1322,11.6001,11.9194,689430
GMD,8/4/2009 00:00:00,12.3451,12.4515,12.1322,12.4515,574040
GMD,8/5/2009 00:00:00,12.4515,12.6643,12.2386,12.6643,487480
GMD,8/6/2009 00:00:00,12.6643,12.7708,12.1322,12.2386,493610
GMD,8/7/2009 00:00:00,12.0258,12.1322,11.8129,11.8129,333920
GMD,8/10/2009 00:00:00,11.9194,12.3451,11.7065,12.3451,358470
GMD,8/11/2009 00:00:00,12.2386,12.3451,11.9194,12.2386,472610
GMD,8/12/2009 00:00:00,12.3451,12.3451,12.0258,12.1322,301670
GMD,8/13/2009 00:00:00,12.2386,12.3451,12.1322,12.2386,620550
GMD,8/14/2009 00:00:00,12.1322,12.2386,11.8129,12.2386,385310
GMD,8/17/2009 00:00:00,12.2386,12.4515,12.1322,12.4515,496170
GMD,8/18/2009 00:00:00,12.4515,12.9836,12.4515,12.9836,360060
GMD,8/19/2009 00:00:00,13.6221,13.6221,13.6221,13.6221,78960
GMD,8/20/2009 00:00:00,14.2607,14.2607,14.2607,14.2607,197750
GMD,8/21/2009 00:00:00,14.8992,14.8992,14.8992,14.8992,52500
GMD,8/24/2009 00:00:00,15.5377,15.6442,15.0056,15.6442,1.71134e+006
GMD,8/25/2009 00:00:00,15.3249,15.6442,14.8992,15.1121,929140
GMD,8/26/2009 00:00:00,15.4313,15.857,15.2185,15.857,972290
GMD,8/27/2009 00:00:00,16.1763,16.602,16.1763,16.602,506210
GMD,8/28/2009 00:00:00,17.1341,17.3469,16.8148,17.3469,665680
GMD,8/31/2009 00:00:00,17.6662,17.9855,17.3469,17.5598,570400
GMD,9/1/2009 00:00:00,17.2405,17.4534,16.7084,17.0277,762990
GMD,9/3/2009 00:00:00,16.8148,17.5598,16.602,17.2405,938710
GMD,9/4/2009 00:00:00,17.2405,18.0919,17.0277,17.3469,1.1838e+006
GMD,9/7/2009 00:00:00,17.5598,17.5598,16.602,17.1341,535100
GMD,9/8/2009 00:00:00,17.6662,17.9855,17.2405,17.9855,698720
GMD,9/9/2009 00:00:00,18.8369,18.8369,18.3047,18.8369,1.71985e+006
GMD,9/10/2009 00:00:00,18.3047,18.8369,18.3047,18.7304,782700
GMD,9/11/2009 00:00:00,18.5176,18.9433,18.3047,18.8369,1.16265e+006
GMD,9/14/2009 00:00:00,18.8369,19.6882,18.8369,19.5818,1.10186e+006
GMD,9/15/2009 00:00:00,19.5818,19.6882,18.9433,19.5818,1.04195e+006
GMD,9/16/2009 00:00:00,20.4332,20.4332,19.6882,19.7947,1.18841e+006
GMD,9/17/2009 00:00:00,20.7525,20.7525,20.4332,20.7525,2.16084e+006
GMD,9/18/2009 00:00:00,21.0717,21.7103,20.8589,21.7103,1.81616e+006
GMD,9/21/2009 00:00:00,22.7745,22.7745,22.3488,22.7745,1.09615e+006
GMD,9/22/2009 00:00:00,23.6259,23.8387,23.2002,23.8387,1.43884e+006
GMD,9/23/2009 00:00:00,24.903,24.903,22.7745,22.7745,2.77753e+006
GMD,9/24/2009 00:00:00,22.9874,23.8387,22.3488,23.6259,2.40628e+006
GMD,9/25/2009 00:00:00,23.413,24.2644,23.2002,23.413,931650
GMD,9/28/2009 00:00:00,23.413,24.0516,22.3488,22.3488,1.9804e+006
GMD,9/29/2009 00:00:00,22.3488,22.3488,21.2846,21.2846,2.14525e+006
GMD,9/30/2009 00:00:00,21.9231,22.3488,21.9231,22.3488,2.2744e+006
GMD,10/1/2009 00:00:00,22.3488,22.3488,21.2846,21.2846,997040
GMD,10/2/2009 00:00:00,20.2204,20.8589,20.2204,20.2204,1.68567e+006
GMD,10/5/2009 00:00:00,20.646,20.646,19.4754,19.9011,832490
GMD,10/6/2009 00:00:00,20.4332,20.8589,20.1139,20.8589,1.355e+006
GMD,10/7/2009 00:00:00,21.7103,21.7103,21.7103,21.7103,467450
GMD,10/8/2009 00:00:00,21.7103,22.5617,21.4974,22.136,1.72517e+006
GMD,10/9/2009 00:00:00,22.3488,22.5617,21.4974,21.7103,1.50288e+006
GMD,10/12/2009 00:00:00,21.9231,22.5617,21.0717,21.9231,1.50811e+006
GMD,10/13/2009 00:00:00,21.7103,22.136,21.2846,21.4974,602680
GMD,10/14/2009 00:00:00,21.2846,21.9231,21.2846,21.9231,870970
GMD,10/15/2009 00:00:00,22.5617,22.5617,21.2846,21.2846,1.54639e+006
GMD,10/16/2009 00:00:00,21.0717,21.1782,20.3268,20.4332,1.49129e+006
GMD,10/19/2009 00:00:00,20.4332,21.2846,20.3268,21.2846,1.04728e+006
GMD,10/20/2009 00:00:00,21.4974,21.4974,20.8589,21.0717,1.01174e+006
GMD,10/21/2009 00:00:00,20.3268,20.7525,20.3268,20.4332,1.35821e+006
GMD,10/22/2009 00:00:00,20.646,21.2846,20.4332,21.1782,1.5564e+006
GMD,10/23/2009 00:00:00,21.0717,21.9231,20.5396,20.5396,1.29199e+006
GMD,10/26/2009 00:00:00,20.5396,20.9653,20.0075,20.0075,1.23415e+006
GMD,10/27/2009 00:00:00,19.9011,20.0075,19.0497,19.4754,1.2248e+006
GMD,10/28/2009 00:00:00,19.5818,19.7947,18.8369,18.9433,1.10019e+006
GMD,10/29/2009 00:00:00,18.5176,18.7304,18.0919,18.7304,1.36686e+006
GMD,10/30/2009 00:00:00,19.1561,19.369,18.7304,18.9433,744910
GMD,11/2/2009 00:00:00,18.0919,18.1983,18.0919,18.0919,889340
GMD,11/3/2009 00:00:00,17.9855,17.9855,17.2405,17.2405,757130
GMD,11/4/2009 00:00:00,17.1341,17.5598,16.3891,16.9212,769180
GMD,11/5/2009 00:00:00,17.0277,17.6662,16.7084,17.3469,689650
GMD,11/6/2009 00:00:00,17.879,17.879,17.2405,17.3469,682250
GMD,11/9/2009 00:00:00,16.8148,17.0277,16.4956,16.4956,829790
GMD,11/10/2009 00:00:00,16.7084,16.7084,15.857,15.9634,775590
GMD,11/11/2009 00:00:00,16.0699,16.7084,15.857,16.7084,1.31058e+006
GMD,11/12/2009 00:00:00,16.9212,17.4534,16.8148,17.4534,855280
GMD,11/13/2009 00:00:00,17.4534,18.3047,17.4534,18.3047,1.48631e+006
GMD,11/16/2009 00:00:00,18.5176,18.9433,18.3047,18.3047,1.22765e+006
GMD,11/17/2009 00:00:00,18.5176,19.1561,18.0919,19.1561,2.40268e+006
GMD,11/18/2009 00:00:00,19.1561,19.369,18.624,19.1561,1.02065e+006
GMD,11/19/2009 00:00:00,19.1561,19.369,18.8369,18.8369,1.08054e+006
GMD,11/20/2009 00:00:00,18.8369,18.8369,17.9855,18.4112,1.45992e+006
GMD,11/23/2009 00:00:00,18.3047,18.3047,17.6662,17.6662,959200
GMD,11/24/2009 00:00:00,17.6662,17.9855,17.1341,17.1341,866020
GMD,11/25/2009 00:00:00,16.8148,16.9212,16.2827,16.2827,1.30558e+006
GMD,11/26/2009 00:00:00,15.5377,15.857,15.5377,15.5377,609390
GMD,11/27/2009 00:00:00,14.7928,16.2827,14.7928,15.5377,1.26544e+006
GMD,11/30/2009 00:00:00,15.5377,16.2827,15.5377,16.2827,899350
GMD,12/1/2009 00:00:00,16.602,17.0277,16.3891,16.8148,821200
GMD,12/2/2009 00:00:00,16.4956,16.8148,16.0699,16.0699,795210
GMD,12/3/2009 00:00:00,15.9634,16.3891,15.4313,16.1763,898050
GMD,12/4/2009 00:00:00,16.4956,16.8148,16.1763,16.8148,1.09152e+006
GMD,12/7/2009 00:00:00,16.9212,17.4534,16.7084,17.3469,726340
GMD,12/8/2009 00:00:00,17.1341,17.4534,16.7084,16.7084,806350
GMD,12/9/2009 00:00:00,16.1763,16.3891,15.9634,15.9634,1.17537e+006
GMD,12/10/2009 00:00:00,16.1763,16.1763,15.2185,15.2185,896680
GMD,12/11/2009 00:00:00,15.1121,15.1121,14.4735,14.4735,947390
GMD,12/14/2009 00:00:00,14.7928,15.1121,14.5799,15.1121,839810
GMD,12/15/2009 00:00:00,15.4382,15.4382,14.7859,15.1121,400110
GMD,12/16/2009 00:00:00,14.7859,14.7859,14.4597,14.4597,408740
GMD,12/17/2009 00:00:00,14.0249,14.1336,13.8074,13.9161,971970
GMD,12/18/2009 00:00:00,14.351,14.5685,14.2423,14.5685,632300
GMD,12/21/2009 00:00:00,15.1121,15.2208,14.8946,15.2208,410160
GMD,12/22/2009 00:00:00,15.9818,15.9818,15.4382,15.6557,1.42376e+006
GMD,12/23/2009 00:00:00,15.6557,15.9818,15.5469,15.7644,612290
GMD,12/24/2009 00:00:00,15.6557,15.8731,15.1121,15.8731,671440
GMD,12/25/2009 00:00:00,16.0905,16.6341,15.8731,16.6341,948690
GMD,12/28/2009 00:00:00,16.6341,16.9603,16.1993,16.6341,685390
GMD,12/29/2009 00:00:00,16.5254,16.7429,16.1993,16.1993,639640
GMD,12/30/2009 00:00:00,16.308,16.9603,16.308,16.9603,1.95055e+006
GMD,12/31/2009 00:00:00,17.6126,17.7213,16.9603,16.9603,1.60618e+006
GMD,1/4/2010 00:00:00,17.2864,17.7213,17.2864,17.7213,595630
GMD,1/5/2010 00:00:00,18.5911,18.5911,18.2649,18.4824,909350
GMD,1/6/2010 00:00:00,18.2649,18.9172,17.9388,18.5911,1.49467e+006
GMD,1/7/2010 00:00:00,18.5911,19.4608,18.4824,19.4608,2.634e+006
GMD,1/8/2010 00:00:00,19.5696,20.0044,18.5911,18.5911,1.17593e+006
GMD,1/11/2010 00:00:00,18.6998,18.8085,17.9388,18.1562,901170
GMD,1/12/2010 00:00:00,17.83,18.2649,17.2864,17.2864,1.03827e+006
GMD,1/13/2010 00:00:00,17.069,18.0475,16.5254,18.0475,1.49771e+006
GMD,1/14/2010 00:00:00,18.0475,18.4824,17.6126,18.2649,686900
GMD,1/15/2010 00:00:00,18.2649,18.3736,17.3952,17.3952,653850
GMD,1/18/2010 00:00:00,16.9603,17.069,16.5254,16.5254,717870
GMD,1/19/2010 00:00:00,16.9603,17.1777,16.5254,16.7429,827590
GMD,1/20/2010 00:00:00,16.9603,16.9603,16.1993,16.308,544480
GMD,1/21/2010 00:00:00,15.8731,16.308,15.5469,15.7644,989980
GMD,1/22/2010 00:00:00,15.8731,16.0905,15.5469,15.9818,436140
GMD,1/25/2010 00:00:00,15.9818,16.1993,15.8731,15.9818,242650
GMD,1/26/2010 00:00:00,16.4167,16.7429,16.4167,16.7429,548510
GMD,1/27/2010 00:00:00,16.6341,17.1777,16.1993,16.4167,504980
GMD,1/28/2010 00:00:00,16.4167,16.6341,16.1993,16.1993,299550
GMD,1/29/2010 00:00:00,16.0905,16.5254,15.8731,16.1993,517840
GMD,2/1/2010 00:00:00,16.5254,16.9603,16.4167,16.9603,736940
GMD,2/2/2010 00:00:00,17.2864,17.2864,16.8516,16.8516,689270
GMD,2/3/2010 00:00:00,16.9603,17.3952,16.8516,17.1777,794100
GMD,2/4/2010 00:00:00,17.2864,17.7213,17.2864,17.3952,1.15662e+006
GMD,2/5/2010 00:00:00,17.3952,17.6126,16.9603,17.2864,1.0222e+006
GMD,2/8/2010 00:00:00,16.9603,17.1777,16.6341,16.6341,603300
GMD,2/9/2010 00:00:00,16.4167,16.7429,16.308,16.308,422620
GMD,2/10/2010 00:00:00,16.6341,16.6341,16.308,16.4167,591350
GMD,2/11/2010 00:00:00,16.5254,16.5254,16.5254,16.5254,353330
GMD,2/12/2010 00:00:00,16.7429,16.9603,16.6341,16.7429,311040
GMD,2/22/2010 00:00:00,16.9603,16.9603,16.5254,16.8516,268650
GMD,2/23/2010 00:00:00,16.5254,16.5254,16.308,16.308,334600
GMD,2/24/2010 00:00:00,16.0905,16.4167,16.0905,16.4167,441500
GMD,2/25/2010 00:00:00,16.5254,16.6341,16.1993,16.1993,442580
GMD,2/26/2010 00:00:00,16.1993,16.308,16.1993,16.308,353030
GMD,3/1/2010 00:00:00,16.308,16.5254,16.308,16.4167,264900
GMD,3/2/2010 00:00:00,16.4167,16.5254,16.308,16.308,357570
GMD,3/3/2010 00:00:00,16.4167,16.7429,16.4167,16.7429,432400
GMD,3/4/2010 00:00:00,17.5039,17.5039,17.2864,17.2864,1.37841e+006
GMD,3/5/2010 00:00:00,17.2864,17.6126,17.2864,17.3952,782190
GMD,3/8/2010 00:00:00,17.3952,17.7213,17.2864,17.5039,1.06874e+006
GMD,3/9/2010 00:00:00,17.5039,17.7213,17.1777,17.5039,2.21602e+006
GMD,3/10/2010 00:00:00,17.6126,18.3736,17.6126,18.3736,3.41318e+006
GMD,3/11/2010 00:00:00,18.3736,18.5911,18.1562,18.2649,558530
GMD,3/12/2010 00:00:00,18.2649,18.2649,18.0475,18.2649,623970
GMD,3/15/2010 00:00:00,18.4824,18.9172,18.2649,18.6998,1.14622e+006
GMD,3/16/2010 00:00:00,18.4824,18.5911,17.83,17.83,1.73848e+006
GMD,3/17/2010 00:00:00,18.0475,18.0475,17.5039,17.5039,1.21899e+006
GMD,3/18/2010 00:00:00,17.6126,18.0475,17.3952,18.0475,705900
GMD,3/19/2010 00:00:00,17.9388,18.0475,17.7213,17.9388,599170
GMD,3/22/2010 00:00:00,17.7213,17.83,17.5039,17.5039,596280
GMD,3/23/2010 00:00:00,17.5039,17.6126,17.1777,17.1777,646060
GMD,3/24/2010 00:00:00,17.5039,17.5039,17.1777,17.3952,634530
GMD,3/25/2010 00:00:00,17.1777,17.2864,16.7429,16.9603,1.11427e+006
GMD,3/26/2010 00:00:00,17.069,17.1777,16.7429,17.1777,745860
GMD,3/29/2010 00:00:00,17.2864,17.3952,17.1777,17.2864,543130
GMD,3/30/2010 00:00:00,17.2864,17.2864,16.9603,16.9603,406290
GMD,3/31/2010 00:00:00,16.9603,17.069,16.7429,16.7429,610650
GMD,4/1/2010 00:00:00,16.6341,17.069,16.5254,16.9603,566110
GMD,4/2/2010 00:00:00,16.9603,17.069,16.8516,16.8516,560110
GMD,4/5/2010 00:00:00,17.069,17.069,16.8516,16.8516,316340
GMD,4/6/2010 00:00:00,16.8516,17.1777,16.8516,16.8516,760400
GMD,4/7/2010 00:00:00,16.8516,16.9603,16.7429,16.8516,552030
GMD,4/8/2010 00:00:00,16.8516,16.9603,16.7429,16.7429,448940
GMD,4/9/2010 00:00:00,16.8516,17.069,16.7429,16.9603,777620
GMD,4/12/2010 00:00:00,16.9603,16.9603,16.9603,16.9603,397330
GMD,4/13/2010 00:00:00,16.8516,17.069,16.8516,16.8516,669010
GMD,4/14/2010 00:00:00,16.8516,16.9603,16.7429,16.7429,332460
GMD,4/15/2010 00:00:00,16.8516,16.8516,16.6341,16.6341,392930
GMD,4/16/2010 00:00:00,16.7429,16.8516,16.5254,16.6341,552700
GMD,4/19/2010 00:00:00,16.5254,16.6341,16.4167,16.4167,447100
GMD,4/20/2010 00:00:00,16.4167,16.5254,16.1993,16.1993,421090
GMD,4/21/2010 00:00:00,16.308,16.308,16.1993,16.1993,455560
GMD,4/22/2010 00:00:00,16.308,16.9603,16.308,16.9603,1.0672e+006
GMD,4/26/2010 00:00:00,16.8516,16.9603,16.5254,16.5254,385170
GMD,4/27/2010 00:00:00,16.6341,16.6341,16.4167,16.4167,409930
GMD,4/28/2010 00:00:00,16.4167,16.4167,16.1993,16.308,348250
GMD,4/29/2010 00:00:00,16.4167,16.5254,16.308,16.4167,554860
GMD,5/4/2010 00:00:00,16.5254,17.069,16.308,16.6341,763550
GMD,5/5/2010 00:00:00,16.4167,16.7429,16.308,16.308,423940
GMD,5/6/2010 00:00:00,16.308,16.4167,16.1993,16.308,336050
GMD,5/7/2010 00:00:00,16.0905,16.1993,15.7644,15.8731,743690
GMD,5/10/2010 00:00:00,15.6557,15.7644,15.4382,15.4382,586480
GMD,5/11/2010 00:00:00,15.6557,15.6557,15.4382,15.5469,409760
GMD,5/12/2010 00:00:00,15.4382,15.4382,14.8946,14.8946,903570
GMD,5/13/2010 00:00:00,15.1121,15.1121,14.5685,14.5685,514160
GMD,5/14/2010 00:00:00,14.7859,14.7859,14.4597,14.5685,405370
GMD,5/17/2010 00:00:00,14.5685,14.6772,13.9161,14.1336,697130
GMD,5/18/2010 00:00:00,14.1336,14.1336,13.8074,14.1336,714620
GMD,5/19/2010 00:00:00,13.9161,13.9161,13.4813,13.4813,859990
GMD,5/20/2010 00:00:00,13.1551,13.9161,13.1551,13.9161,573170
GMD,5/21/2010 00:00:00,13.3725,13.8074,13.2638,13.2638,812210
GMD,5/24/2010 00:00:00,13.4813,13.4813,13.0464,13.4813,299850
GMD,5/25/2010 00:00:00,13.4813,13.4813,13.1551,13.1551,447780
GMD,5/26/2010 00:00:00,13.3725,13.3725,13.1551,13.2638,415630
GMD,5/27/2010 00:00:00,13.2638,13.9161,13.1551,13.9161,795110
GMD,5/28/2010 00:00:00,14.4597,14.5685,14.2423,14.5685,812230
GMD,5/31/2010 00:00:00,14.6772,14.7859,14.2423,14.5685,675860
GMD,6/1/2010 00:00:00,14.4597,14.6772,14.351,14.5685,447610
GMD,6/2/2010 00:00:00,14.351,14.5685,14.2423,14.5685,451490
GMD,6/3/2010 00:00:00,14.6772,15.1121,14.5685,14.5685,757530
GMD,6/4/2010 00:00:00,14.5685,15.0033,14.4597,14.4597,529030
GMD,6/7/2010 00:00:00,13.9161,14.2423,13.8074,14.0249,702180
GMD,6/8/2010 00:00:00,13.9161,14.1336,13.8074,13.9161,376410
GMD,6/9/2010 00:00:00,14.0249,14.1336,13.8074,13.8074,297370
GMD,6/10/2010 00:00:00,13.8074,14.0249,13.6987,13.8074,304210
GMD,6/11/2010 00:00:00,13.9161,14.1336,13.9161,14.0249,264680
GMD,6/14/2010 00:00:00,14.1336,14.1336,13.9161,14.0249,205650
GMD,6/15/2010 00:00:00,14.0249,14.0249,13.8074,13.8074,153690
GMD,6/16/2010 00:00:00,14.0249,14.0249,13.9161,13.9161,295370
GMD,6/17/2010 00:00:00,13.9161,14.0249,13.8074,14.0249,431060
GMD,6/18/2010 00:00:00,14.0249,14.0249,14.0249,14.0249,314930
GMD,6/21/2010 00:00:00,14.0249,14.1336,14.0249,14.0249,318160
GMD,6/22/2010 00:00:00,14.0249,14.0249,13.9161,13.9161,251830
GMD,6/23/2010 00:00:00,13.8074,13.8074,13.6987,13.6987,181790
GMD,6/24/2010 00:00:00,13.8074,13.8074,13.59,13.59,200940
GMD,6/25/2010 00:00:00,13.4813,13.59,13.4813,13.4813,202120
GMD,6/28/2010 00:00:00,13.4813,13.59,13.3725,13.4813,155640
GMD,6/29/2010 00:00:00,13.4813,13.6987,13.4813,13.59,130590
GMD,6/30/2010 00:00:00,13.2638,13.4813,13.1551,13.2638,348230
GMD,7/1/2010 00:00:00,13.2638,13.2638,13.1551,13.1551,240540
GMD,7/2/2010 00:00:00,13.2638,13.3725,13.1551,13.1551,290750
GMD,7/5/2010 00:00:00,13.2638,13.2638,13.0464,13.2638,255110
GMD,7/6/2010 00:00:00,13.1551,13.1551,12.9377,13.0464,307450
GMD,7/7/2010 00:00:00,13.0464,13.0464,12.9377,13.0464,93330
GMD,7/8/2010 00:00:00,13.0464,13.1551,12.9377,13.0464,134320
GMD,7/9/2010 00:00:00,13.0464,13.0464,12.9377,12.9377,238110
GMD,7/12/2010 00:00:00,12.9377,13.0464,12.8289,13.0464,302580
GMD,7/13/2010 00:00:00,13.1551,13.3725,13.0464,13.3725,287060
GMD,7/14/2010 00:00:00,13.4813,13.4813,13.0464,13.2638,430460
GMD,7/15/2010 00:00:00,13.0464,13.1551,12.9377,13.1551,172830
GMD,7/16/2010 00:00:00,13.1551,13.1551,12.8289,13.0464,332060
GMD,7/19/2010 00:00:00,13.0464,13.1551,12.9377,13.0464,293820
GMD,7/20/2010 00:00:00,13.0464,13.0464,12.7202,12.9377,301700
GMD,7/21/2010 00:00:00,12.8289,12.8289,12.3941,12.3941,1.04257e+006
GMD,7/22/2010 00:00:00,12.0679,12.0679,11.8505,12.0679,666010
GMD,7/23/2010 00:00:00,11.9592,12.0679,11.5243,11.633,952060
GMD,7/26/2010 00:00:00,11.5243,11.5243,11.3069,11.5243,692990
GMD,7/27/2010 00:00:00,11.4156,11.7417,11.4156,11.7417,845020
GMD,7/28/2010 00:00:00,12.1486,12.1486,11.3348,11.3348,325600
GMD,7/29/2010 00:00:00,11.0442,11.3348,10.7826,11.0442,1.09256e+006
GMD,7/30/2010 00:00:00,10.8989,11.4511,10.8408,11.1023,662260
GMD,8/2/2010 00:00:00,11.1605,11.4802,11.1023,11.3348,371790
GMD,8/3/2010 00:00:00,11.4802,11.8871,11.4802,11.6255,814140
GMD,8/4/2010 00:00:00,11.4802,11.9161,11.3058,11.9161,675100
GMD,8/5/2010 00:00:00,12.0905,12.1486,11.7417,11.7417,492420
GMD,8/6/2010 00:00:00,11.6836,11.6836,11.3639,11.3639,375010
GMD,8/9/2010 00:00:00,11.422,11.422,10.8698,10.8698,387090
GMD,8/10/2010 00:00:00,10.7536,10.7536,10.3757,10.4339,748450
GMD,8/11/2010 00:00:00,10.4629,10.5792,10.2304,10.5501,493590
GMD,8/12/2010 00:00:00,10.4339,10.4629,10.027,10.056,641420
GMD,8/13/2010 00:00:00,10.056,10.3467,9.88166,10.3467,624400
GMD,8/16/2010 00:00:00,10.4629,10.8117,10.4629,10.7826,327290
GMD,8/17/2010 00:00:00,10.5792,10.7536,10.4048,10.5792,300600
GMD,8/18/2010 00:00:00,10.4629,10.5501,10.3757,10.3757,247810
GMD,8/19/2010 00:00:00,10.3757,10.5501,10.3467,10.3757,272380
GMD,8/20/2010 00:00:00,10.4629,10.4629,10.2886,10.4629,257270
GMD,8/23/2010 00:00:00,10.4629,10.4629,10.2886,10.3176,137840
GMD,8/24/2010 00:00:00,10.2014,10.2014,9.8526,9.8526,490190
GMD,8/25/2010 00:00:00,9.59103,9.73634,9.38758,9.41664,550380
GMD,8/26/2010 00:00:00,9.41664,9.62009,9.38758,9.5329,364980
GMD,8/27/2010 00:00:00,9.5329,9.73634,9.41664,9.67822,312950
GMD,8/30/2010 00:00:00,10.1432,10.1432,10.1432,10.1432,151440
GMD,8/31/2010 00:00:00,10.1723,10.6373,10.1723,10.5211,465180
GMD,9/1/2010 00:00:00,10.4629,10.6083,10.3176,10.5211,345310
GMD,9/6/2010 00:00:00,10.6083,11.0442,10.6083,10.8989,793460
GMD,9/7/2010 00:00:00,10.5792,10.9861,10.5501,10.5792,267510
GMD,9/8/2010 00:00:00,10.4629,10.5792,10.2014,10.2886,211650
GMD,9/9/2010 00:00:00,10.5792,10.6664,10.3757,10.6664,350690
GMD,9/10/2010 00:00:00,10.4629,10.5792,10.1432,10.1432,460700
GMD,9/13/2010 00:00:00,10.1723,10.1723,9.82353,10.1723,417600
GMD,9/14/2010 00:00:00,10.056,10.5211,9.99792,10.5211,400130
GMD,9/15/2010 00:00:00,10.1723,10.6083,10.1723,10.6083,520550
GMD,9/16/2010 00:00:00,10.6083,10.6083,10.4339,10.4629,178400
GMD,9/17/2010 00:00:00,10.6083,10.6083,10.4048,10.4629,301030
GMD,9/20/2010 00:00:00,10.7245,10.7245,10.4629,10.492,285730
GMD,9/21/2010 00:00:00,10.492,10.5211,10.4048,10.4048,281030
GMD,9/22/2010 00:00:00,10.4048,10.4339,10.3176,10.3176,131980
GMD,9/23/2010 00:00:00,10.3176,10.3467,10.1142,10.1723,358550
GMD,9/24/2010 00:00:00,10.1723,10.2014,10.1142,10.2014,123390
GMD,9/27/2010 00:00:00,10.1723,10.2304,10.1142,10.1432,176580
GMD,9/28/2010 00:00:00,10.2304,10.2304,10.1432,10.1432,167950
GMD,9/29/2010 00:00:00,10.1432,10.1723,10.0851,10.1142,176500
GMD,9/30/2010 00:00:00,10.056,10.0851,9.99792,10.0851,188540
GMD,10/1/2010 00:00:00,10.0851,10.1142,9.99792,10.056,153930
GMD,10/4/2010 00:00:00,10.0851,10.0851,9.82353,9.8526,405070
GMD,10/5/2010 00:00:00,9.62009,9.8526,9.62009,9.8526,110540
GMD,10/6/2010 00:00:00,9.8526,10.1723,9.8526,10.056,221360
GMD,10/7/2010 00:00:00,9.88166,10.1432,9.88166,9.93979,179180
GMD,10/8/2010 00:00:00,9.93979,9.93979,9.88166,9.93979,121960
GMD,10/11/2010 00:00:00,9.93979,9.93979,9.8526,9.88166,275330
GMD,10/12/2010 00:00:00,9.88166,9.88166,9.67822,9.67822,22710
GMD,10/13/2010 00:00:00,9.82353,9.88166,9.67822,9.88166,109320
GMD,10/14/2010 00:00:00,10.056,10.056,9.73634,9.96885,91810
GMD,10/15/2010 00:00:00,9.88166,9.96885,9.79447,9.96885,135900
GMD,10/18/2010 00:00:00,9.88166,9.88166,9.79447,9.79447,39830
GMD,10/19/2010 00:00:00,9.88166,9.88166,9.67822,9.67822,53540
GMD,10/20/2010 00:00:00,9.67822,9.67822,9.38758,9.44571,287920
GMD,10/21/2010 00:00:00,9.59103,9.70728,9.41664,9.59103,105180
GMD,10/22/2010 00:00:00,9.59103,9.59103,9.30039,9.59103,182110
GMD,10/25/2010 00:00:00,9.30039,9.62009,9.30039,9.62009,106200
GMD,10/26/2010 00:00:00,9.59103,9.91073,9.59103,9.76541,86130
GMD,10/27/2010 00:00:00,9.67822,9.70728,9.5329,9.56196,89620
GMD,10/28/2010 00:00:00,9.56196,9.88166,9.44571,9.44571,115020
GMD,10/29/2010 00:00:00,9.5329,9.59103,9.44571,9.44571,51800
GMD,11/1/2010 00:00:00,9.44571,9.44571,9.38758,9.44571,88690
GMD,11/2/2010 00:00:00,9.44571,9.44571,9.38758,9.44571,95450
GMD,11/3/2010 00:00:00,9.5329,9.5329,9.35852,9.44571,101460
GMD,11/4/2010 00:00:00,9.50383,9.73634,9.35852,9.47477,140080
GMD,11/5/2010 00:00:00,9.59103,9.59103,9.35852,9.56196,60640
GMD,11/8/2010 00:00:00,9.41664,9.47477,9.41664,9.44571,69020
GMD,11/9/2010 00:00:00,9.44571,9.44571,9.24226,9.32945,223430
GMD,11/10/2010 00:00:00,9.50383,9.59103,9.27132,9.30039,136310
GMD,11/11/2010 00:00:00,9.30039,9.30039,8.86443,8.86443,423230
GMD,11/12/2010 00:00:00,8.5738,8.60286,8.42848,8.42848,230420
GMD,11/15/2010 00:00:00,8.42848,8.42848,8.02158,8.02158,296590
GMD,11/16/2010 00:00:00,8.02158,8.07971,7.96346,8.02158,313850
GMD,11/17/2010 00:00:00,7.87627,8.07971,7.87627,8.02158,160190
GMD,11/18/2010 00:00:00,8.02158,8.1669,8.02158,8.1669,187650
GMD,11/19/2010 00:00:00,8.28316,8.28316,8.13784,8.13784,219640
GMD,11/22/2010 00:00:00,7.8472,8.07971,7.78907,8.07971,164780
GMD,11/23/2010 00:00:00,8.19597,8.34129,8.13784,8.31222,230580
GMD,11/24/2010 00:00:00,8.07971,8.07971,7.90533,7.90533,984160
GMD,11/25/2010 00:00:00,7.93439,7.99252,7.93439,7.93439,418380
GMD,11/26/2010 00:00:00,8.02158,8.02158,7.81814,7.90533,247630
GMD,11/29/2010 00:00:00,7.78907,7.90533,7.78907,7.8472,356690
GMD,11/30/2010 00:00:00,8.13784,8.22503,8.07971,8.22503,669000
GMD,12/1/2010 00:00:00,8.63192,8.63192,8.63192,8.63192,223590
GMD,12/2/2010 00:00:00,9.03881,9.03881,9.00975,9.03881,1.20442e+006
GMD,12/3/2010 00:00:00,9.47477,9.47477,9.47477,9.47477,864760
GMD,12/6/2010 00:00:00,9.59103,9.93979,9.47477,9.93979,1.79555e+006
GMD,12/7/2010 00:00:00,9.93979,10.4339,9.44571,9.44571,1.81468e+006
GMD,12/8/2010 00:00:00,9.44571,9.62009,8.98069,8.98069,1.53726e+006
GMD,12/9/2010 00:00:00,8.98069,9.41664,8.98069,9.41664,1.48545e+006
GMD,12/10/2010 00:00:00,9.88166,9.88166,9.82353,9.88166,1.76061e+006
GMD,12/13/2010 00:00:00,10.3757,10.3757,10.3757,10.3757,444520
GMD,12/14/2010 00:00:00,10.2304,10.8117,9.91073,10.1723,2.11473e+006
GMD,12/15/2010 00:00:00,10.1723,10.492,9.96885,10.027,1.30502e+006
GMD,12/16/2010 00:00:00,9.88166,10.2595,9.82353,9.8526,1.58983e+006
GMD,12/17/2010 00:00:00,10.2304,10.2886,9.8526,10.2886,1.08311e+006
GMD,12/20/2010 00:00:00,10.2886,10.5501,10.0851,10.0851,640240
GMD,12/21/2010 00:00:00,9.99792,10.3176,9.88166,10.1142,754080
GMD,12/22/2010 00:00:00,10.1723,10.2014,9.82353,9.82353,409000
GMD,12/23/2010 00:00:00,9.82353,9.88166,9.62009,9.62009,812500
GMD,12/24/2010 00:00:00,9.62009,9.79447,9.56196,9.59103,338710
GMD,12/27/2010 00:00:00,9.73634,9.73634,9.5329,9.56196,248200
GMD,12/28/2010 00:00:00,9.59103,10.027,9.56196,9.82353,475330
GMD,12/29/2010 00:00:00,9.88166,10.027,9.56196,9.56196,441680
GMD,12/30/2010 00:00:00,9.56196,9.67822,9.5329,9.56196,381510
GMD,12/31/2010 00:00:00,9.5329,9.64915,9.5329,9.64915,169200
GMD,1/4/2011 00:00:00,9.82353,9.82353,9.59103,9.59103,152600
GMD,1/5/2011 00:00:00,9.59103,9.59103,9.35852,9.35852,322840
GMD,1/6/2011 00:00:00,9.24226,9.35852,9.2132,9.2132,350890
GMD,1/7/2011 00:00:00,9.27132,9.38758,9.2132,9.2132,182450
GMD,1/10/2011 00:00:00,9.24226,9.24226,8.95162,8.95162,270360
GMD,1/11/2011 00:00:00,8.8063,8.86443,8.60286,8.60286,334680
GMD,1/12/2011 00:00:00,8.98069,8.98069,8.69005,8.86443,226550
GMD,1/13/2011 00:00:00,8.77724,9.12601,8.77724,9.00975,261720
GMD,1/14/2011 00:00:00,9.06788,9.15507,8.95162,9.15507,315330
GMD,1/17/2011 00:00:00,9.30039,9.47477,9.24226,9.24226,364780
GMD,1/18/2011 00:00:00,9.09694,9.27132,8.98069,8.98069,303890
GMD,1/19/2011 00:00:00,9.00975,9.12601,9.00975,9.06788,353480
GMD,1/20/2011 00:00:00,9.00975,9.24226,8.98069,8.98069,418970
GMD,1/21/2011 00:00:00,9.12601,9.12601,9.00975,9.00975,312150
GMD,1/24/2011 00:00:00,9.2132,9.2132,8.95162,8.95162,171320
GMD,1/25/2011 00:00:00,8.92256,8.98069,8.8935,8.8935,115570
GMD,1/26/2011 00:00:00,8.8935,9.18413,8.8935,8.98069,254570
GMD,1/27/2011 00:00:00,8.92256,9.18413,8.92256,9.18413,265010
GMD,1/28/2011 00:00:00,9.18413,9.44571,9.18413,9.30039,324460
GMD,2/8/2011 00:00:00,9.35852,9.35852,9.27132,9.27132,147730
GMD,2/9/2011 00:00:00,9.32945,9.32945,9.18413,9.24226,237210
GMD,2/10/2011 00:00:00,9.18413,9.24226,9.09694,9.09694,212260
GMD,2/11/2011 00:00:00,9.15507,9.15507,9.00975,9.03881,186000
GMD,2/14/2011 00:00:00,9.00975,9.06788,8.86443,8.86443,277460
GMD,2/15/2011 00:00:00,8.77724,8.86443,8.74818,8.83537,296260
GMD,2/16/2011 00:00:00,8.86443,8.86443,8.74818,8.74818,76000
GMD,2/17/2011 00:00:00,8.63192,8.74818,8.60286,8.66099,421730
GMD,2/18/2011 00:00:00,8.66099,8.66099,8.25409,8.28316,303420
GMD,2/21/2011 00:00:00,8.19597,8.19597,7.87627,7.87627,795260
GMD,2/22/2011 00:00:00,7.58563,7.81814,7.55657,7.55657,506110
GMD,2/23/2011 00:00:00,7.76001,7.76001,7.55657,7.64376,385240
GMD,2/24/2011 00:00:00,7.41125,7.55657,7.26593,7.55657,572520
GMD,2/25/2011 00:00:00,7.64376,7.73095,7.49844,7.64376,275260
GMD,2/28/2011 00:00:00,7.64376,7.73095,7.55657,7.58563,197190
GMD,3/1/2011 00:00:00,7.58563,7.58563,7.49844,7.5275,229730
GMD,3/2/2011 00:00:00,7.5275,7.5275,7.17874,7.17874,748000
GMD,3/3/2011 00:00:00,7.17874,7.2078,6.94623,7.12061,437130
GMD,3/4/2011 00:00:00,7.12061,7.23686,7.09155,7.23686,264120
GMD,3/7/2011 00:00:00,7.26593,7.29499,7.23686,7.26593,218370
GMD,3/8/2011 00:00:00,7.26593,7.29499,7.17874,7.2078,304980
GMD,3/9/2011 00:00:00,7.2078,7.2078,6.97529,7.09155,227280
GMD,3/10/2011 00:00:00,6.97529,7.44031,6.97529,7.44031,647780
GMD,3/11/2011 00:00:00,7.78907,7.78907,7.78907,7.78907,291260
GMD,3/14/2011 00:00:00,8.13784,8.13784,7.64376,7.64376,886590
GMD,3/15/2011 00:00:00,7.64376,8.02158,7.61469,7.99252,1.13537e+006
GMD,3/16/2011 00:00:00,7.99252,8.37035,7.93439,8.28316,966870
GMD,3/17/2011 00:00:00,8.28316,8.4866,8.05065,8.28316,504030
GMD,3/18/2011 00:00:00,8.28316,8.69005,8.19597,8.69005,657110
GMD,3/21/2011 00:00:00,8.69005,9.00975,8.45754,8.45754,349050
GMD,3/22/2011 00:00:00,8.42848,8.71911,8.39941,8.42848,772370
GMD,3/23/2011 00:00:00,8.42848,8.66099,8.42848,8.5738,404480
GMD,3/24/2011 00:00:00,8.4866,8.60286,8.42848,8.42848,124570
GMD,3/25/2011 00:00:00,8.39941,8.5738,8.39941,8.4866,305500
GMD,3/28/2011 00:00:00,8.54473,8.60286,8.4866,8.51567,388400
GMD,3/29/2011 00:00:00,8.63192,8.63192,8.39941,8.42848,437360
GMD,3/30/2011 00:00:00,8.31222,8.42848,8.31222,8.37035,414090
GMD,3/31/2011 00:00:00,8.42848,8.5738,8.39941,8.42848,314760
GMD,4/1/2011 00:00:00,8.42848,8.5738,8.37035,8.45754,288980
GMD,4/4/2011 00:00:00,8.4866,8.4866,8.37035,8.42848,160160
GMD,4/5/2011 00:00:00,8.4866,8.4866,8.28316,8.28316,172900
GMD,4/6/2011 00:00:00,8.28316,8.54473,8.28316,8.54473,190180
GMD,4/7/2011 00:00:00,8.60286,8.60286,8.51567,8.51567,371340
GMD,4/8/2011 00:00:00,8.42848,8.51567,8.42848,8.45754,75220
GMD,4/13/2011 00:00:00,8.42848,8.4866,8.37035,8.39941,131510
GMD,4/14/2011 00:00:00,8.39941,8.39941,8.34129,8.39941,71180
GMD,4/15/2011 00:00:00,8.37035,8.42848,8.28316,8.28316,416770
GMD,4/18/2011 00:00:00,8.42848,8.42848,8.07971,8.19597,174070
GMD,4/19/2011 00:00:00,8.19597,8.37035,8.19597,8.19597,213260
GMD,4/20/2011 00:00:00,8.19597,8.28316,8.1669,8.28316,384380
GMD,4/21/2011 00:00:00,8.28316,8.28316,8.07971,8.19597,246260
GMD,4/22/2011 00:00:00,8.22503,8.22503,8.02158,8.13784,116240
GMD,4/25/2011 00:00:00,8.13784,8.37035,8.13784,8.28316,279770
GMD,4/26/2011 00:00:00,8.28316,8.42848,8.19597,8.22503,220230
GMD,4/27/2011 00:00:00,8.13784,8.37035,8.13784,8.28316,211690
GMD,4/28/2011 00:00:00,8.1669,8.25409,8.1669,8.22503,76040
GMD,4/29/2011 00:00:00,8.37035,8.51567,8.28316,8.42848,423220
GMD,5/4/2011 00:00:00,8.31222,8.5738,8.31222,8.54473,318330
GMD,5/5/2011 00:00:00,8.54473,8.54473,8.19597,8.45754,36170
GMD,5/6/2011 00:00:00,8.45754,8.45754,8.22503,8.22503,48670
GMD,5/9/2011 00:00:00,8.19597,8.28316,8.19597,8.22503,76660
GMD,5/10/2011 00:00:00,8.25409,8.25409,8.13784,8.1669,30440
GMD,5/11/2011 00:00:00,8.1669,8.19597,8.07971,8.19597,15000
GMD,5/12/2011 00:00:00,8.13784,8.22503,8.13784,8.19597,26310
GMD,5/13/2011 00:00:00,8.19597,8.25409,8.07971,8.25409,62330
GMD,5/16/2011 00:00:00,8.25409,8.25409,8.13784,8.13784,71970
GMD,5/17/2011 00:00:00,8.13784,8.1669,8.07971,8.13784,134550
GMD,5/18/2011 00:00:00,8.13784,8.1669,8.07971,8.13784,191610
GMD,5/19/2011 00:00:00,8.13784,8.19597,8.07971,8.07971,293470
GMD,5/20/2011 00:00:00,7.78907,8.07971,7.78907,7.99252,62790
GMD,5/23/2011 00:00:00,7.73095,7.99252,7.61469,7.61469,124030
GMD,5/24/2011 00:00:00,7.29499,7.29499,7.23686,7.23686,109920
GMD,5/25/2011 00:00:00,6.8881,6.91716,6.8881,6.8881,537540
GMD,5/26/2011 00:00:00,6.5684,7.14967,6.5684,7.14967,246320
GMD,5/27/2011 00:00:00,7.14967,7.35312,7.12061,7.29499,83440
GMD,5/30/2011 00:00:00,7.26593,7.26593,6.94623,6.94623,92320
GMD,5/31/2011 00:00:00,7.2078,7.2078,6.65559,6.94623,63770
GMD,6/1/2011 00:00:00,6.97529,7.26593,6.94623,7.26593,286870
GMD,6/2/2011 00:00:00,7.41125,7.61469,7.41125,7.61469,120490
GMD,6/3/2011 00:00:00,7.96346,7.96346,7.44031,7.55657,150540
GMD,6/6/2011 00:00:00,7.55657,7.55657,7.44031,7.55657,101470
GMD,6/7/2011 00:00:00,7.90533,7.90533,7.78907,7.90533,238550
GMD,6/8/2011 00:00:00,7.90533,8.13784,7.61469,7.8472,134620
GMD,6/9/2011 00:00:00,7.5275,7.8472,7.5275,7.67282,52410
GMD,6/10/2011 00:00:00,7.61469,8.02158,7.61469,7.81814,169810
GMD,6/13/2011 00:00:00,7.61469,7.8472,7.61469,7.70188,92560
GMD,6/14/2011 00:00:00,7.8472,8.07971,7.55657,7.55657,262770
GMD,6/15/2011 00:00:00,7.55657,7.93439,7.5275,7.67282,369920
GMD,6/16/2011 00:00:00,7.67282,7.93439,7.67282,7.90533,213290
GMD,6/17/2011 00:00:00,8.10878,8.10878,7.8472,7.99252,535770
GMD,6/20/2011 00:00:00,7.8472,7.99252,7.64376,7.81814,124500
GMD,6/21/2011 00:00:00,7.76001,7.90533,7.76001,7.8472,120670
GMD,6/22/2011 00:00:00,7.90533,7.90533,7.78907,7.8472,232730
GMD,6/23/2011 00:00:00,7.8472,7.8472,7.64376,7.67282,95540
GMD,6/24/2011 00:00:00,7.55657,7.70188,7.55657,7.67282,144470
GMD,6/27/2011 00:00:00,7.58563,7.70188,7.58563,7.70188,37860
GMD,6/28/2011 00:00:00,7.55657,7.70188,7.55657,7.55657,91060
GMD,6/29/2011 00:00:00,7.55657,7.55657,7.38218,7.41125,100780
GMD,6/30/2011 00:00:00,7.26593,7.55657,7.26593,7.41125,97810
GMD,7/1/2011 00:00:00,7.41125,7.44031,7.35312,7.41125,75590
GMD,7/4/2011 00:00:00,7.41125,7.49844,7.41125,7.49844,16310
GMD,7/5/2011 00:00:00,7.61469,7.70188,7.61469,7.67282,39990
GMD,7/7/2011 00:00:00,7.44031,7.67282,7.44031,7.64376,98020
GMD,7/8/2011 00:00:00,7.64376,7.64376,7.49844,7.58563,146940
GMD,7/11/2011 00:00:00,7.41125,7.5275,7.41125,7.46937,63480
GMD,7/12/2011 00:00:00,7.55657,7.55657,7.41125,7.41125,229100
GMD,7/13/2011 00:00:00,7.35312,7.46937,7.35312,7.46937,57310
GMD,7/14/2011 00:00:00,7.46937,7.49844,7.41125,7.44031,81000
GMD,7/15/2011 00:00:00,7.41125,7.44031,7.38218,7.44031,40140
GMD,7/18/2011 00:00:00,7.32406,7.46937,7.32406,7.38218,132510
GMD,7/19/2011 00:00:00,7.5275,7.5275,7.35312,7.35312,103460
GMD,7/20/2011 00:00:00,7.26593,7.5275,7.26593,7.5275,57590
GMD,7/21/2011 00:00:00,7.41125,7.5275,7.41125,7.49844,52240
GMD,7/22/2011 00:00:00,7.41125,7.49844,7.41125,7.46937,100260
GMD,7/25/2011 00:00:00,7.46937,7.49844,7.46937,7.46937,43840
GMD,7/26/2011 00:00:00,7.46937,7.58563,7.46937,7.5275,62030
GMD,7/27/2011 00:00:00,7.44031,7.5275,7.44031,7.5275,153490
GMD,7/28/2011 00:00:00,7.5275,7.5275,7.5275,7.5275,127310
GMD,7/29/2011 00:00:00,7.5275,7.5275,7.49844,7.5275,131600
GMD,8/1/2011 00:00:00,7.44031,7.44031,7.38218,7.38218,141520
GMD,8/2/2011 00:00:00,7.32406,7.38218,7.12061,7.12061,181730
GMD,8/3/2011 00:00:00,6.97529,7.00435,6.82997,6.8881,56720
GMD,8/4/2011 00:00:00,7.06248,7.14967,6.91716,7.03342,75760
GMD,8/5/2011 00:00:00,7.03342,7.14967,6.94623,6.94623,64190
GMD,8/8/2011 00:00:00,6.68465,6.82997,6.62653,6.62653,255860
GMD,8/9/2011 00:00:00,6.39402,6.48121,6.30683,6.48121,262090
GMD,8/10/2011 00:00:00,6.68465,6.68465,6.39402,6.45214,79060
GMD,8/11/2011 00:00:00,6.39402,6.39402,6.21963,6.36495,134000
GMD,8/12/2011 00:00:00,6.36495,6.39402,6.36495,6.36495,72520
GMD,8/15/2011 00:00:00,6.2487,6.36495,6.2487,6.36495,11810
GMD,8/16/2011 00:00:00,6.36495,6.39402,6.10338,6.10338,58870
GMD,8/17/2011 00:00:00,6.39402,6.39402,6.19057,6.33589,67160
GMD,8/18/2011 00:00:00,6.33589,6.53934,6.33589,6.39402,255970
GMD,8/19/2011 00:00:00,6.10338,6.2487,6.10338,6.13244,124550
GMD,8/22/2011 00:00:00,6.13244,6.42308,6.13244,6.42308,181530
GMD,8/23/2011 00:00:00,6.45214,6.62653,6.39402,6.53934,46420
GMD,8/24/2011 00:00:00,6.62653,6.62653,6.39402,6.39402,115570
GMD,8/25/2011 00:00:00,6.48121,6.48121,6.39402,6.42308,71310
GMD,8/26/2011 00:00:00,6.45214,6.5684,6.42308,6.42308,55230
GMD,8/29/2011 00:00:00,6.48121,6.59746,6.45214,6.59746,112260
GMD,8/30/2011 00:00:00,6.80091,6.91716,6.74278,6.82997,191610
GMD,8/31/2011 00:00:00,6.82997,7.14967,6.82997,7.14967,218810
GMD,9/1/2011 00:00:00,7.44031,7.49844,7.32406,7.49844,373710
GMD,9/5/2011 00:00:00,7.49844,7.49844,7.14967,7.14967,256810
GMD,9/6/2011 00:00:00,7.09155,7.12061,6.85904,6.97529,137750
GMD,9/7/2011 00:00:00,7.12061,7.26593,6.97529,7.03342,112430
GMD,9/8/2011 00:00:00,7.35312,7.35312,7.17874,7.17874,161520
GMD,9/9/2011 00:00:00,7.17874,7.26593,7.03342,7.12061,65050
GMD,9/12/2011 00:00:00,7.26593,7.26593,6.94623,7.03342,202940
GMD,9/13/2011 00:00:00,7.12061,7.29499,7.09155,7.09155,353040
GMD,9/14/2011 00:00:00,6.97529,7.26593,6.97529,7.06248,382220
GMD,9/15/2011 00:00:00,6.97529,7.12061,6.91716,7.00435,166670
GMD,9/16/2011 00:00:00,7.06248,7.06248,6.74278,6.82997,346680
GMD,9/19/2011 00:00:00,6.8881,6.94623,6.71372,6.85904,84830
GMD,9/20/2011 00:00:00,6.85904,6.97529,6.71372,6.80091,92430
GMD,9/21/2011 00:00:00,6.77184,6.8881,6.77184,6.82997,37670
GMD,9/22/2011 00:00:00,6.77184,6.94623,6.74278,6.94623,51830
GMD,9/23/2011 00:00:00,6.94623,6.94623,6.82997,6.91716,17720
GMD,9/26/2011 00:00:00,6.94623,7.00435,6.82997,6.97529,166340
GMD,9/27/2011 00:00:00,6.97529,7.09155,6.91716,7.09155,202030
GMD,9/28/2011 00:00:00,7.14967,7.38218,7.12061,7.12061,277880
GMD,9/29/2011 00:00:00,7.12061,7.12061,6.8881,7.03342,226650
GMD,9/30/2011 00:00:00,6.97529,7.12061,6.91716,7.06248,177340
GMD,10/3/2011 00:00:00,7.06248,7.06248,6.8881,6.94623,90730
GMD,10/4/2011 00:00:00,6.82997,6.91716,6.82997,6.8881,102430
GMD,10/5/2011 00:00:00,6.8881,6.91716,6.85904,6.85904,92450
GMD,10/6/2011 00:00:00,6.85904,6.94623,6.85904,6.91716,69150
GMD,10/7/2011 00:00:00,6.91716,6.97529,6.91716,6.91716,124470
GMD,10/10/2011 00:00:00,6.94623,6.97529,6.8881,6.91716,83960
GMD,10/11/2011 00:00:00,6.91716,6.94623,6.91716,6.91716,60430
GMD,10/12/2011 00:00:00,6.80091,6.80091,6.68465,6.74278,235190
GMD,10/13/2011 00:00:00,6.74278,6.80091,6.71372,6.80091,38550
GMD,10/14/2011 00:00:00,6.91716,6.91716,6.80091,6.80091,16010
GMD,10/17/2011 00:00:00,6.8881,6.8881,6.80091,6.80091,12470
GMD,10/18/2011 00:00:00,6.5684,6.59746,6.5684,6.5684,10820
GMD,10/19/2011 00:00:00,6.77184,6.77184,6.36495,6.5684,30460
GMD,10/20/2011 00:00:00,6.65559,6.65559,6.65559,6.65559,7000
GMD,10/21/2011 00:00:00,6.65559,6.80091,6.5684,6.77184,73320
GMD,10/24/2011 00:00:00,6.82997,6.82997,6.68465,6.74278,26950
GMD,10/25/2011 00:00:00,6.77184,6.77184,6.68465,6.68465,71230
GMD,10/26/2011 00:00:00,6.80091,6.80091,6.62653,6.71372,55800
GMD,10/27/2011 00:00:00,6.85904,6.85904,6.68465,6.68465,10660
GMD,10/28/2011 00:00:00,6.80091,6.82997,6.68465,6.82997,67980
GMD,10/31/2011 00:00:00,6.82997,6.82997,6.62653,6.62653,141390
GMD,11/1/2011 00:00:00,6.62653,6.62653,6.53934,6.5684,97380
GMD,11/2/2011 00:00:00,6.33589,6.53934,6.33589,6.39402,82010
GMD,11/3/2011 00:00:00,6.21963,6.62653,6.21963,6.39402,18810
GMD,11/4/2011 00:00:00,6.42308,6.42308,6.16151,6.16151,27210
GMD,11/7/2011 00:00:00,6.04525,6.07432,5.87087,5.87087,71340
GMD,11/8/2011 00:00:00,5.66742,5.95806,5.66742,5.95806,25240
GMD,11/9/2011 00:00:00,5.95806,5.95806,5.66742,5.66742,64410
GMD,11/10/2011 00:00:00,5.55117,5.72555,5.52211,5.63836,25900
GMD,11/11/2011 00:00:00,5.55117,5.89993,5.52211,5.63836,15300
GMD,11/14/2011 00:00:00,5.81274,5.81274,5.37679,5.37679,87920
GMD,11/15/2011 00:00:00,5.40585,5.40585,5.11521,5.11521,98690
GMD,11/16/2011 00:00:00,4.94083,5.23147,4.94083,5.17334,40640
GMD,11/17/2011 00:00:00,5.08615,5.08615,4.94083,4.94083,94950
GMD,11/18/2011 00:00:00,4.94083,4.96989,4.70832,4.70832,267290
GMD,11/21/2011 00:00:00,4.70832,4.73739,4.67926,4.67926,35330
GMD,11/22/2011 00:00:00,4.67926,4.67926,4.65019,4.67926,145320
GMD,11/23/2011 00:00:00,4.76645,4.91177,4.76645,4.91177,13510
GMD,11/24/2011 00:00:00,4.99896,4.99896,4.85364,4.99896,23550
GMD,11/25/2011 00:00:00,4.94083,4.99896,4.94083,4.99896,14120
GMD,11/28/2011 00:00:00,4.99896,5.17334,4.99896,5.05709,39430
GMD,11/29/2011 00:00:00,5.05709,5.08615,5.02802,5.08615,25530
GMD,11/30/2011 00:00:00,5.08615,5.14428,4.96989,4.96989,46580
GMD,12/1/2011 00:00:00,5.02802,5.02802,4.96989,4.99896,25280
GMD,12/2/2011 00:00:00,4.99896,5.05709,4.99896,5.05709,8750
GMD,12/5/2011 00:00:00,5.17334,5.2896,5.08615,5.2896,63500
GMD,12/6/2011 00:00:00,5.37679,5.46398,5.14428,5.31866,61120
GMD,12/7/2011 00:00:00,5.31866,5.40585,5.08615,5.2024,16240
GMD,12/8/2011 00:00:00,5.2896,5.31866,5.02802,5.02802,98320
GMD,12/9/2011 00:00:00,4.99896,5.02802,4.96989,5.02802,15640
GMD,12/12/2011 00:00:00,5.14428,5.2024,5.11521,5.17334,96560
GMD,12/13/2011 00:00:00,5.17334,5.40585,5.17334,5.40585,155680
GMD,12/14/2011 00:00:00,5.58023,5.66742,5.40585,5.40585,257960
GMD,12/15/2011 00:00:00,5.58023,5.63836,5.40585,5.49304,269600
GMD,12/16/2011 00:00:00,5.69649,5.75461,5.55117,5.75461,194710
GMD,12/19/2011 00:00:00,5.98712,6.01619,5.95806,6.01619,130430
GMD,12/20/2011 00:00:00,5.81274,5.81274,5.72555,5.72555,87570
GMD,12/21/2011 00:00:00,5.55117,5.72555,5.46398,5.46398,71850
GMD,12/22/2011 00:00:00,5.46398,5.46398,5.2024,5.2024,232490
GMD,12/23/2011 00:00:00,5.17334,5.43491,5.02802,5.17334,3700
GMD,12/26/2011 00:00:00,5.08615,5.40585,5.08615,5.2024,7670
GMD,12/27/2011 00:00:00,5.11521,5.11521,5.02802,5.02802,59540
GMD,12/28/2011 00:00:00,5.26053,5.26053,5.05709,5.17334,32120
GMD,12/29/2011 00:00:00,5.17334,5.2024,5.14428,5.2024,11720
GMD,12/30/2011 00:00:00,5.40585,5.40585,5.2024,5.2024,19420
GMD,1/3/2012 00:00:00,5.11521,5.11521,5.08615,5.08615,27710
GMD,1/4/2012 00:00:00,4.96989,5.08615,4.96989,5.02802,1630
GMD,1/5/2012 00:00:00,4.96989,4.96989,4.94083,4.96989,12320
GMD,1/6/2012 00:00:00,5.14428,5.14428,4.85364,4.85364,19630
GMD,1/9/2012 00:00:00,4.85364,5.08615,4.85364,5.08615,9570
GMD,1/10/2012 00:00:00,5.2024,5.2024,4.94083,5.08615,12790
GMD,1/11/2012 00:00:00,4.99896,5.02802,4.91177,4.91177,7000
GMD,1/12/2012 00:00:00,5.08615,5.08615,4.94083,5.05709,9870
GMD,1/13/2012 00:00:00,5.2024,5.2024,5.11521,5.14428,35580
GMD,1/16/2012 00:00:00,5.14428,5.2024,5.14428,5.17334,8010
GMD,1/17/2012 00:00:00,4.96989,5.17334,4.94083,5.17334,19000
GMD,1/18/2012 00:00:00,5.2024,5.23147,5.17334,5.23147,10170
GMD,1/19/2012 00:00:00,5.26053,5.2896,5.14428,5.14428,17410
GMD,1/20/2012 00:00:00,5.2896,5.2896,5.11521,5.11521,29690
GMD,1/30/2012 00:00:00,5.11521,5.31866,5.11521,5.31866,22270
GMD,1/31/2012 00:00:00,5.43491,5.43491,5.2896,5.2896,24480
GMD,2/1/2012 00:00:00,5.23147,5.49304,5.2024,5.49304,48310
GMD,2/2/2012 00:00:00,5.63836,5.75461,5.52211,5.72555,104350
GMD,2/3/2012 00:00:00,5.84181,5.84181,5.46398,5.46398,55090
GMD,2/6/2012 00:00:00,5.52211,5.52211,5.37679,5.37679,52930
GMD,2/7/2012 00:00:00,5.37679,5.52211,5.37679,5.49304,72860
GMD,2/8/2012 00:00:00,5.49304,5.63836,5.49304,5.63836,92660
GMD,2/9/2012 00:00:00,5.66742,5.66742,5.52211,5.6093,105750
GMD,2/10/2012 00:00:00,5.58023,5.58023,5.40585,5.49304,71280
GMD,2/13/2012 00:00:00,5.34772,5.43491,5.31866,5.40585,26050
GMD,2/14/2012 00:00:00,5.40585,5.40585,5.23147,5.23147,69800
GMD,2/15/2012 00:00:00,5.26053,5.34772,5.17334,5.2024,42030
GMD,2/16/2012 00:00:00,5.14428,5.2896,5.14428,5.23147,86630
GMD,2/17/2012 00:00:00,5.43491,5.43491,5.26053,5.26053,78290
GMD,2/20/2012 00:00:00,5.31866,5.37679,5.26053,5.34772,145120
GMD,2/21/2012 00:00:00,5.52211,5.52211,5.37679,5.37679,154010
GMD,2/22/2012 00:00:00,5.46398,5.58023,5.40585,5.52211,141400
GMD,2/23/2012 00:00:00,5.63836,5.63836,5.43491,5.58023,252060
GMD,2/24/2012 00:00:00,5.6093,5.72555,5.52211,5.58023,376990
GMD,2/27/2012 00:00:00,5.63836,5.84181,5.52211,5.84181,543010
GMD,2/28/2012 00:00:00,6.07432,6.13244,6.04525,6.07432,1.2002e+006
GMD,2/29/2012 00:00:00,6.07432,6.36495,5.98712,6.36495,310170
GMD,3/1/2012 00:00:00,6.62653,6.65559,6.39402,6.42308,313980
GMD,3/2/2012 00:00:00,6.39402,6.62653,6.39402,6.42308,363830
GMD,3/5/2012 00:00:00,6.65559,6.74278,6.62653,6.74278,393820
GMD,3/6/2012 00:00:00,7.06248,7.06248,6.42308,6.42308,523660
GMD,3/7/2012 00:00:00,6.42308,6.62653,6.19057,6.62653,282490
GMD,3/8/2012 00:00:00,6.62653,6.65559,6.36495,6.36495,402720
GMD,3/9/2012 00:00:00,6.39402,6.65559,6.39402,6.65559,497900
GMD,3/12/2012 00:00:00,6.97529,6.97529,6.97529,6.97529,646480
GMD,3/13/2012 00:00:00,7.32406,7.32406,7.32406,7.32406,600160
GMD,3/14/2012 00:00:00,7.49844,7.49844,7.14967,7.26593,608960
GMD,3/15/2012 00:00:00,7.12061,7.55657,7.03342,7.49844,877090
GMD,3/16/2012 00:00:00,7.55657,7.55657,7.14967,7.14967,521700
GMD,3/19/2012 00:00:00,6.82997,7.14967,6.82997,7.00435,234150
GMD,3/20/2012 00:00:00,7.00435,7.35312,6.94623,7.17874,355990
GMD,3/21/2012 00:00:00,7.38218,7.44031,7.23686,7.23686,266500
GMD,3/22/2012 00:00:00,7.26593,7.26593,7.12061,7.26593,144000
GMD,3/23/2012 00:00:00,7.29499,7.29499,7.2078,7.26593,208060
GMD,3/26/2012 00:00:00,7.17874,7.61469,7.17874,7.32406,461660
GMD,3/27/2012 00:00:00,7.26593,7.46937,6.97529,6.97529,313820
GMD,3/28/2012 00:00:00,6.97529,7.32406,6.94623,7.26593,246830
GMD,3/29/2012 00:00:00,7.55657,7.55657,7.26593,7.26593,223340
GMD,3/30/2012 00:00:00,7.17874,7.32406,7.17874,7.26593,204850
GMD,4/3/2012 00:00:00,7.4446,7.62327,7.4446,7.50416,231930
GMD,4/4/2012 00:00:00,7.59349,7.59349,7.50416,7.53393,124340
GMD,4/5/2012 00:00:00,7.53393,7.65305,7.47438,7.59349,80510
GMD,4/6/2012 00:00:00,7.68283,7.77216,7.62327,7.7126,176280
GMD,4/9/2012 00:00:00,7.80194,7.98061,7.7126,7.92105,168980
GMD,4/10/2012 00:00:00,8.01039,8.30817,7.92105,8.04017,408070
GMD,4/11/2012 00:00:00,8.27839,8.30817,8.04017,8.30817,246010
GMD,4/12/2012 00:00:00,8.45706,8.69529,8.42729,8.63573,545050
GMD,4/13/2012 00:00:00,8.84418,9.05263,8.78463,8.93352,630860
GMD,4/16/2012 00:00:00,8.72507,9.11219,8.72507,8.8144,405820
GMD,4/17/2012 00:00:00,8.87396,8.99308,8.78463,8.78463,463970
GMD,4/18/2012 00:00:00,8.84418,8.84418,8.45706,8.45706,556560
GMD,4/19/2012 00:00:00,8.33795,8.36773,8.04017,8.04017,705880
GMD,4/20/2012 00:00:00,8.18906,8.42729,8.04017,8.42729,472870
GMD,4/23/2012 00:00:00,8.72507,8.84418,8.63573,8.75485,196990
GMD,4/24/2012 00:00:00,8.75485,9.14197,8.60596,9.05263,200720
GMD,4/25/2012 00:00:00,9.2313,9.38019,9.08241,9.11219,283290
GMD,4/26/2012 00:00:00,9.08241,9.29086,8.75485,8.75485,411680
GMD,4/27/2012 00:00:00,9.14197,9.14197,8.93352,9.05263,206460
GMD,5/2/2012 00:00:00,9.2313,9.32064,8.99308,9.17175,437270
GMD,5/3/2012 00:00:00,9.05263,9.11219,8.72507,8.9633,218040
GMD,5/4/2012 00:00:00,9.08241,9.14197,8.90374,8.99308,90220
GMD,5/7/2012 00:00:00,8.93352,9.11219,8.93352,9.08241,169660
GMD,5/8/2012 00:00:00,9.11219,9.2313,8.8144,9.08241,314530
GMD,5/9/2012 00:00:00,9.08241,9.08241,8.72507,8.72507,171200
GMD,5/10/2012 00:00:00,8.90374,8.90374,8.51662,8.51662,212350
GMD,5/11/2012 00:00:00,8.75485,8.78463,8.51662,8.69529,162690
GMD,5/14/2012 00:00:00,8.69529,8.69529,8.27839,8.27839,158610
GMD,5/15/2012 00:00:00,8.01039,8.30817,7.89127,7.89127,275810
GMD,5/16/2012 00:00:00,7.89127,7.89127,7.56371,7.65305,157730
GMD,5/17/2012 00:00:00,7.65305,7.83172,7.4446,7.4446,202100
GMD,5/18/2012 00:00:00,7.4446,7.47438,7.26593,7.29571,208620
GMD,5/21/2012 00:00:00,7.05748,7.47438,7.05748,7.4446,233440
GMD,5/22/2012 00:00:00,7.4446,7.59349,7.38504,7.41482,173920
GMD,5/23/2012 00:00:00,7.41482,7.41482,7.20637,7.20637,63370
GMD,5/24/2012 00:00:00,7.20637,7.4446,7.17659,7.23615,82290
GMD,5/25/2012 00:00:00,7.4446,7.59349,7.4446,7.59349,221380
GMD,5/28/2012 00:00:00,7.8615,7.8615,7.59349,7.77216,111380
GMD,5/29/2012 00:00:00,7.59349,7.74238,7.59349,7.7126,31780
GMD,5/30/2012 00:00:00,7.59349,7.77216,7.59349,7.7126,55450
GMD,5/31/2012 00:00:00,7.4446,7.62327,7.4446,7.4446,61950
GMD,6/1/2012 00:00:00,7.59349,7.59349,7.35526,7.53393,9600
GMD,6/4/2012 00:00:00,7.47438,7.47438,7.17659,7.17659,76520
GMD,6/5/2012 00:00:00,7.29571,7.38504,7.20637,7.26593,44230
GMD,6/6/2012 00:00:00,7.32548,7.35526,7.26593,7.35526,8970
GMD,6/7/2012 00:00:00,7.38504,7.53393,7.35526,7.35526,135680
GMD,6/8/2012 00:00:00,7.53393,7.53393,7.26593,7.26593,53550
GMD,6/11/2012 00:00:00,7.26593,7.53393,7.26593,7.50416,142280
GMD,6/12/2012 00:00:00,7.50416,7.50416,7.26593,7.26593,61170
GMD,6/13/2012 00:00:00,7.4446,7.56371,7.32548,7.56371,113960
GMD,6/14/2012 00:00:00,7.4446,7.53393,7.32548,7.32548,47300
GMD,6/15/2012 00:00:00,7.50416,7.68283,7.50416,7.68283,130840
GMD,6/18/2012 00:00:00,8.04017,8.04017,8.04017,8.04017,477620
GMD,6/19/2012 00:00:00,7.89127,8.18906,7.89127,8.01039,173620
GMD,6/20/2012 00:00:00,7.95083,8.01039,7.89127,7.89127,32160
GMD,6/21/2012 00:00:00,7.62327,7.80194,7.62327,7.74238,84670
GMD,6/22/2012 00:00:00,7.7126,7.74238,7.4446,7.50416,139840
GMD,6/25/2012 00:00:00,7.62327,7.62327,7.26593,7.4446,81920
GMD,6/26/2012 00:00:00,7.29571,7.4446,7.29571,7.35526,44090
GMD,6/27/2012 00:00:00,7.29571,7.50416,7.14681,7.14681,75160
GMD,6/28/2012 00:00:00,7.14681,7.23615,7.11704,7.14681,86450
GMD,6/29/2012 00:00:00,7.17659,7.29571,7.17659,7.20637,28420
GMD,7/2/2012 00:00:00,7.11704,7.17659,6.99792,7.0277,44590
GMD,7/3/2012 00:00:00,6.87881,7.14681,6.78947,6.78947,72600
GMD,7/4/2012 00:00:00,6.64058,6.78947,6.6108,6.64058,101860
GMD,7/5/2012 00:00:00,6.64058,6.7597,6.64058,6.72992,10270
GMD,7/6/2012 00:00:00,6.72992,6.90859,6.72992,6.72992,20250
GMD,7/9/2012 00:00:00,6.64058,6.64058,6.52147,6.52147,65490
GMD,7/10/2012 00:00:00,6.3428,6.67036,6.3428,6.3428,76300
GMD,7/11/2012 00:00:00,6.43213,6.64058,6.43213,6.43213,26530
GMD,7/12/2012 00:00:00,6.43213,6.72992,6.43213,6.72992,20130
GMD,7/13/2012 00:00:00,6.84903,7.0277,6.84903,6.99792,57260
GMD,7/16/2012 00:00:00,6.99792,6.99792,6.78947,6.78947,30250
GMD,7/17/2012 00:00:00,6.81925,6.96814,6.72992,6.84903,65280
GMD,7/18/2012 00:00:00,6.90859,6.90859,6.7597,6.7597,26910
GMD,7/19/2012 00:00:00,6.70014,7.08726,6.70014,7.08726,65270
GMD,7/20/2012 00:00:00,6.93837,7.29571,6.84903,6.84903,152150
GMD,7/23/2012 00:00:00,6.72992,6.84903,6.72992,6.81925,41010
GMD,7/24/2012 00:00:00,6.84903,6.84903,6.55125,6.55125,78680
GMD,7/25/2012 00:00:00,6.70014,6.70014,6.49169,6.55125,43270
GMD,7/26/2012 00:00:00,6.70014,6.70014,6.52147,6.55125,47500
GMD,7/27/2012 00:00:00,6.55125,6.55125,6.25346,6.3428,113830
GMD,7/30/2012 00:00:00,6.25346,6.37258,6.25346,6.25346,54410
GMD,7/31/2012 00:00:00,6.25346,6.3428,6.25346,6.25346,43920
GMD,8/1/2012 00:00:00,6.40235,6.43213,6.25346,6.25346,105990
GMD,8/2/2012 00:00:00,6.22368,6.31302,6.22368,6.31302,10000
GMD,8/3/2012 00:00:00,6.28324,6.37258,6.28324,6.37258,31690
GMD,8/6/2012 00:00:00,6.40235,6.52147,6.40235,6.43213,36320
GMD,8/7/2012 00:00:00,6.31302,6.43213,6.31302,6.3428,61230
GMD,8/8/2012 00:00:00,6.3428,6.40235,6.3428,6.3428,19400
GMD,8/9/2012 00:00:00,6.37258,6.43213,6.37258,6.37258,32010
GMD,8/10/2012 00:00:00,6.37258,6.67036,6.37258,6.67036,81880
GMD,8/13/2012 00:00:00,6.64058,6.64058,6.52147,6.58103,44150
GMD,8/14/2012 00:00:00,6.6108,6.81925,6.6108,6.81925,68410
GMD,8/15/2012 00:00:00,6.81925,6.81925,6.64058,6.78947,19390
GMD,8/16/2012 00:00:00,6.6108,6.78947,6.58103,6.7597,50010
GMD,8/17/2012 00:00:00,6.7597,6.84903,6.72992,6.84903,40110
GMD,8/20/2012 00:00:00,7.08726,7.08726,6.87881,6.93837,12150
GMD,8/21/2012 00:00:00,6.70014,6.70014,6.6108,6.6108,59100
GMD,8/22/2012 00:00:00,6.31302,6.55125,6.28324,6.28324,136650
GMD,8/23/2012 00:00:00,5.98546,5.98546,5.98546,5.98546,67470
GMD,8/24/2012 00:00:00,5.68767,6.28324,5.68767,6.28324,180360
GMD,8/27/2012 00:00:00,6.31302,6.31302,5.98546,5.98546,80290
GMD,8/28/2012 00:00:00,5.86634,5.86634,5.83657,5.86634,69050
GMD,8/29/2012 00:00:00,6.10457,6.13435,6.07479,6.13435,65360
GMD,8/30/2012 00:00:00,6.04501,6.31302,6.04501,6.04501,49390
GMD,8/31/2012 00:00:00,6.04501,6.25346,5.95568,6.04501,18830
GMD,9/4/2012 00:00:00,6.19391,6.25346,6.04501,6.04501,48150
GMD,9/5/2012 00:00:00,6.04501,6.25346,5.98546,6.01524,75980
GMD,9/6/2012 00:00:00,6.04501,6.04501,5.98546,6.04501,41270
GMD,9/7/2012 00:00:00,6.16413,6.16413,5.95568,5.95568,98720
GMD,9/10/2012 00:00:00,5.95568,5.95568,5.65789,5.65789,40900
GMD,9/11/2012 00:00:00,5.38989,5.38989,5.38989,5.38989,25420
GMD,9/12/2012 00:00:00,5.38989,5.38989,5.12188,5.12188,229660
GMD,9/13/2012 00:00:00,4.94321,5.12188,4.94321,5.06233,76730
GMD,9/14/2012 00:00:00,5.241,5.30055,5.09211,5.21122,185490
GMD,9/17/2012 00:00:00,5.33033,5.44945,5.241,5.30055,143450
GMD,9/18/2012 00:00:00,5.30055,5.30055,5.15166,5.18144,92880
GMD,9/19/2012 00:00:00,5.18144,5.18144,4.97299,4.97299,151820
GMD,9/20/2012 00:00:00,4.85388,4.91343,4.79432,4.8241,213590
GMD,9/21/2012 00:00:00,4.85388,5.00277,4.58587,4.58587,1.53796e+006
GMD,9/24/2012 00:00:00,4.79432,4.79432,4.64543,4.64543,32620
GMD,9/25/2012 00:00:00,4.76454,4.85388,4.76454,4.85388,36590
GMD,9/26/2012 00:00:00,4.76454,5.00277,4.76454,4.88366,159820
GMD,9/27/2012 00:00:00,4.91343,4.91343,4.73476,4.73476,208050
GMD,9/28/2012 00:00:00,4.67521,4.70499,4.67521,4.67521,106160
GMD,10/1/2012 00:00:00,4.73476,4.73476,4.52632,4.55609,67650
GMD,10/2/2012 00:00:00,4.46676,4.61565,4.46676,4.55609,39210
GMD,10/3/2012 00:00:00,4.70499,4.70499,4.58587,4.58587,34090
GMD,10/4/2012 00:00:00,4.61565,4.61565,4.52632,4.52632,101570
GMD,10/5/2012 00:00:00,4.61565,4.64543,4.55609,4.61565,91380
GMD,10/8/2012 00:00:00,4.61565,4.70499,4.61565,4.67521,33490
GMD,10/9/2012 00:00:00,4.79432,4.88366,4.76454,4.88366,417570
GMD,10/10/2012 00:00:00,5.12188,5.12188,5.03255,5.12188,150430
GMD,10/11/2012 00:00:00,5.36011,5.36011,5.36011,5.36011,48310
GMD,10/12/2012 00:00:00,5.44945,5.62812,5.30055,5.36011,639940
GMD,10/15/2012 00:00:00,5.33033,5.36011,5.12188,5.12188,129860
GMD,10/16/2012 00:00:00,5.241,5.36011,5.21122,5.36011,211640
GMD,10/17/2012 00:00:00,5.33033,5.36011,5.15166,5.15166,62370
GMD,10/18/2012 00:00:00,5.33033,5.36011,5.241,5.30055,110340
GMD,10/19/2012 00:00:00,5.36011,5.53878,5.30055,5.41967,340220
GMD,10/22/2012 00:00:00,5.41967,5.41967,5.241,5.36011,230200
GMD,10/23/2012 00:00:00,5.47922,5.62812,5.41967,5.59834,403810
GMD,10/24/2012 00:00:00,5.53878,5.59834,5.38989,5.47922,184120
GMD,10/25/2012 00:00:00,5.509,5.509,5.38989,5.509,276500
GMD,10/26/2012 00:00:00,5.509,5.53878,5.47922,5.53878,352930
GMD,10/29/2012 00:00:00,5.53878,5.53878,5.27078,5.27078,107400
GMD,10/30/2012 00:00:00,5.44945,5.44945,5.21122,5.21122,149780
GMD,10/31/2012 00:00:00,5.15166,5.41967,5.06233,5.41967,51350
GMD,11/1/2012 00:00:00,5.41967,5.41967,5.21122,5.21122,20560
GMD,11/2/2012 00:00:00,5.00277,5.03255,4.97299,4.97299,134970
GMD,11/5/2012 00:00:00,4.76454,4.94321,4.73476,4.73476,128860
GMD,11/6/2012 00:00:00,4.88366,4.88366,4.76454,4.79432,128730
GMD,11/7/2012 00:00:00,4.73476,4.91343,4.73476,4.85388,44260
GMD,11/8/2012 00:00:00,4.73476,4.91343,4.73476,4.88366,86790
GMD,11/9/2012 00:00:00,4.88366,4.91343,4.79432,4.91343,20260
GMD,11/12/2012 00:00:00,5.00277,5.09211,4.97299,5.09211,155310
GMD,11/13/2012 00:00:00,5.09211,5.09211,5.00277,5.03255,112480
GMD,11/14/2012 00:00:00,5.06233,5.06233,5.00277,5.03255,24430
GMD,11/15/2012 00:00:00,5.03255,5.03255,4.91343,5.00277,62790
GMD,11/16/2012 00:00:00,5.06233,5.06233,5.00277,5.00277,102430
GMD,11/19/2012 00:00:00,5.06233,5.06233,4.94321,4.94321,8710
GMD,11/20/2012 00:00:00,5.00277,5.03255,4.91343,4.97299,50470
GMD,11/21/2012 00:00:00,4.91343,4.97299,4.73476,4.73476,320460
GMD,11/22/2012 00:00:00,4.88366,4.94321,4.8241,4.94321,119450
GMD,11/23/2012 00:00:00,5.12188,5.15166,5.00277,5.00277,198510
GMD,11/26/2012 00:00:00,4.94321,4.94321,4.8241,4.8241,109160
GMD,11/27/2012 00:00:00,4.97299,4.97299,4.8241,4.91343,64940
GMD,11/28/2012 00:00:00,4.79432,4.94321,4.79432,4.8241,210620
GMD,11/29/2012 00:00:00,4.91343,4.91343,4.8241,4.8241,128470
GMD,11/30/2012 00:00:00,4.88366,4.88366,4.76454,4.76454,145930
GMD,12/3/2012 00:00:00,4.85388,4.85388,4.73476,4.8241,107950
GMD,12/4/2012 00:00:00,4.79432,4.94321,4.79432,4.91343,130830
GMD,12/5/2012 00:00:00,4.8241,5.03255,4.8241,4.94321,171380
GMD,12/6/2012 00:00:00,5.00277,5.00277,4.94321,4.94321,78710
GMD,12/7/2012 00:00:00,4.91343,4.97299,4.91343,4.91343,116950
GMD,12/10/2012 00:00:00,4.91343,5.06233,4.91343,4.97299,159120
GMD,12/11/2012 00:00:00,4.97299,5.06233,4.97299,5.00277,104200
GMD,12/12/2012 00:00:00,5.00277,5.241,4.97299,5.241,437330
GMD,12/13/2012 00:00:00,5.30055,5.44945,5.21122,5.27078,331270
GMD,12/14/2012 00:00:00,5.30055,5.30055,5.09211,5.09211,125560
GMD,12/17/2012 00:00:00,5.33033,5.33033,5.241,5.33033,561770
GMD,12/18/2012 00:00:00,5.509,5.53878,5.33033,5.38989,689390
GMD,12/19/2012 00:00:00,5.38989,5.47922,5.36011,5.38989,431820
GMD,12/20/2012 00:00:00,5.38989,5.41967,5.30055,5.36011,501980
GMD,12/21/2012 00:00:00,5.36011,5.38989,5.18144,5.18144,649290
GMD,12/24/2012 00:00:00,5.15166,5.30055,5.12188,5.30055,118810
GMD,12/25/2012 00:00:00,5.241,5.241,5.15166,5.15166,64950
GMD,12/26/2012 00:00:00,5.09211,5.30055,5.09211,5.241,93340
GMD,12/27/2012 00:00:00,5.33033,5.47922,5.241,5.33033,146520
GMD,12/28/2012 00:00:00,5.38989,5.44945,5.33033,5.38989,245280
GMD,1/2/2013 00:00:00,5.36011,5.65789,5.36011,5.62812,219180
GMD,1/3/2013 00:00:00,5.62812,5.77701,5.53878,5.62812,190840
GMD,1/4/2013 00:00:00,5.68767,5.89612,5.65789,5.89612,287780
GMD,1/7/2013 00:00:00,5.86634,6.10457,5.86634,5.89612,380980
GMD,1/8/2013 00:00:00,6.01524,6.16413,5.95568,6.16413,279020
GMD,1/9/2013 00:00:00,6.43213,6.46191,6.22368,6.22368,734110
GMD,1/10/2013 00:00:00,6.28324,6.52147,6.16413,6.49169,224000
GMD,1/11/2013 00:00:00,6.72992,6.72992,6.43213,6.55125,278070
GMD,1/14/2013 00:00:00,6.31302,6.70014,6.31302,6.58103,247380
GMD,1/15/2013 00:00:00,6.58103,6.78947,6.40235,6.49169,332940
GMD,1/16/2013 00:00:00,6.49169,6.72992,6.46191,6.55125,422730
GMD,1/17/2013 00:00:00,6.55125,6.55125,6.3428,6.3428,178650
GMD,1/18/2013 00:00:00,6.31302,6.3428,6.25346,6.28324,102120
GMD,1/21/2013 00:00:00,6.43213,6.43213,6.16413,6.16413,99910
GMD,1/22/2013 00:00:00,6.07479,6.31302,5.83657,5.9259,87200
GMD,1/23/2013 00:00:00,5.9259,6.10457,5.86634,5.95568,94720
GMD,1/24/2013 00:00:00,6.07479,6.25346,5.95568,6.19391,71870
GMD,1/25/2013 00:00:00,6.31302,6.49169,6.25346,6.40235,136340
GMD,1/28/2013 00:00:00,6.40235,6.7597,6.40235,6.43213,305580
GMD,1/29/2013 00:00:00,6.84903,6.87881,6.78947,6.87881,572260
GMD,1/30/2013 00:00:00,7.20637,7.35526,7.11704,7.35526,360810
GMD,1/31/2013 00:00:00,7.68283,7.7126,7.41482,7.62327,413700
GMD,2/1/2013 00:00:00,7.74238,8.1295,7.38504,8.1295,600780
GMD,2/4/2013 00:00:00,8.1295,8.33795,8.1295,8.1295,279680
GMD,2/5/2013 00:00:00,8.1295,8.21884,7.74238,7.74238,245670
GMD,2/6/2013 00:00:00,7.74238,8.27839,7.7126,8.27839,766270
GMD,2/7/2013 00:00:00,8.69529,8.69529,8.18906,8.18906,418540
GMD,2/8/2013 00:00:00,8.60596,8.60596,8.21884,8.5464,151280
GMD,2/18/2013 00:00:00,8.5464,8.78463,8.33795,8.51662,461760
GMD,2/19/2013 00:00:00,8.57618,8.93352,8.45706,8.57618,510320
GMD,2/20/2013 00:00:00,8.57618,8.72507,8.39751,8.45706,536270
GMD,2/21/2013 00:00:00,8.45706,8.69529,8.24862,8.24862,686320
GMD,2/22/2013 00:00:00,8.42729,8.60596,8.04017,8.09972,639350
GMD,2/25/2013 00:00:00,8.1295,8.66551,8.04017,8.63573,880450
GMD,2/26/2013 00:00:00,8.69529,8.90374,8.39751,8.48684,1.11781e+006
GMD,2/27/2013 00:00:00,8.60596,8.60596,8.18906,8.51662,701080
GMD,2/28/2013 00:00:00,8.72507,9.05263,8.66551,8.87396,1.33998e+006
GMD,3/1/2013 00:00:00,8.90374,9.05263,8.63573,8.90374,700550
GMD,3/4/2013 00:00:00,9.49931,9.49931,8.93352,8.93352,1.40409e+006
GMD,3/5/2013 00:00:00,8.93352,8.93352,8.42729,8.63573,670980
GMD,3/6/2013 00:00:00,8.63573,8.90374,8.63573,8.87396,250860
GMD,3/7/2013 00:00:00,8.87396,8.99308,8.72507,8.75485,512190
GMD,3/8/2013 00:00:00,8.90374,8.9633,8.72507,8.84418,280940
GMD,3/11/2013 00:00:00,8.99308,9.43975,8.99308,9.43975,891340
GMD,3/12/2013 00:00:00,9.55886,9.94598,9.49931,9.76731,1.0563e+006
GMD,3/13/2013 00:00:00,9.76731,9.82687,9.38019,9.43975,1.11828e+006
GMD,3/14/2013 00:00:00,9.32064,9.88643,9.29086,9.82687,1.54399e+006
GMD,3/15/2013 00:00:00,9.82687,10.5118,9.46953,10.5118,3.88713e+006
GMD,3/18/2013 00:00:00,10.0651,10.3927,9.82687,9.82687,595090
GMD,3/19/2013 00:00:00,9.58864,9.94598,9.46953,9.70776,226370
GMD,3/20/2013 00:00:00,9.70776,9.88643,9.52909,9.79709,559140
GMD,3/21/2013 00:00:00,9.82687,9.88643,9.76731,9.76731,247280
GMD,3/22/2013 00:00:00,9.79709,9.91621,9.46953,9.61842,316590
GMD,3/25/2013 00:00:00,9.70776,10.2735,9.67798,10.2735,814100
GMD,3/26/2013 00:00:00,10.5713,10.9882,10.5713,10.9882,578950
GMD,3/27/2013 00:00:00,11.3158,11.7327,11.2562,11.7327,992840
GMD,3/28/2013 00:00:00,11.8518,12.1198,11.2562,11.286,1.30356e+006
GMD,3/29/2013 00:00:00,11.018,11.8518,10.7798,11.6434,683460
GMD,4/1/2013 00:00:00,11.6731,11.822,11.286,11.4349,496780
GMD,4/2/2013 00:00:00,11.4647,11.9114,11.3753,11.3753,460150
GMD,4/3/2013 00:00:00,11.3158,11.5242,11.1967,11.1967,471040
GMD,4/4/2013 00:00:00,11.0776,11.2265,10.8393,10.8393,394830
GMD,4/5/2013 00:00:00,10.8393,11.4647,10.8393,11.3753,767720
GMD,4/8/2013 00:00:00,11.3753,11.4349,11.1371,11.1669,318640
GMD,4/9/2013 00:00:00,11.1371,11.4051,11.0776,11.1967,176710
GMD,4/10/2013 00:00:00,11.1967,11.286,10.5713,10.5713,654600
GMD,4/11/2013 00:00:00,10.6607,10.8691,10.4224,10.7202,396560
GMD,4/12/2013 00:00:00,10.8691,10.8989,10.2735,10.5713,286980
GMD,4/15/2013 00:00:00,10.5713,10.5713,9.97576,10.0055,173130
GMD,4/16/2013 00:00:00,9.61842,9.91621,9.38019,9.67798,356230
GMD,4/17/2013 00:00:00,9.67798,9.85665,9.67798,9.67798,126190
GMD,4/18/2013 00:00:00,9.52909,9.6482,9.05263,9.14197,315930
GMD,4/22/2013 00:00:00,8.93352,9.05263,8.51662,8.51662,588580
GMD,4/23/2013 00:00:00,8.51662,8.60596,8.1295,8.39751,203080
GMD,4/24/2013 00:00:00,8.39751,8.9633,8.39751,8.9633,254940
GMD,4/25/2013 00:00:00,9.38019,9.38019,9.08241,9.11219,361120
GMD,4/26/2013 00:00:00,9.05263,9.11219,8.75485,8.84418,267770
GMD,5/2/2013 00:00:00,8.8144,8.9633,8.63573,8.72507,242160
GMD,5/3/2013 00:00:00,8.60596,8.72507,8.5464,8.57618,229650
GMD,5/6/2013 00:00:00,8.93352,9.17175,8.78463,9.17175,303290
GMD,5/7/2013 00:00:00,9.35042,9.70776,9.14197,9.35042,485960
GMD,5/8/2013 00:00:00,9.35042,9.40997,9.08241,9.11219,334730
GMD,5/9/2013 00:00:00,9.29086,9.43975,9.11219,9.2313,281150
GMD,5/10/2013 00:00:00,9.20152,9.35042,9.11219,9.2313,284280
GMD,5/13/2013 00:00:00,9.29086,9.29086,9.17175,9.17175,112700
GMD,5/14/2013 00:00:00,9.17175,9.17175,8.87396,9.11219,311410
GMD,5/15/2013 00:00:00,8.99308,9.11219,8.99308,9.02285,111780
GMD,5/16/2013 00:00:00,9.08241,9.6482,9.02285,9.6482,645550
GMD,5/17/2013 00:00:00,9.82687,9.82687,9.40997,9.40997,301170
GMD,5/20/2013 00:00:00,9.40997,10.0353,9.32064,9.97576,554840
GMD,5/21/2013 00:00:00,9.97576,10.2438,9.97576,10.0353,490290
GMD,5/22/2013 00:00:00,10.0651,10.0651,9.85665,9.94598,226460
GMD,5/23/2013 00:00:00,9.88643,10.4224,9.76731,10.0949,1.17742e+006
GMD,5/24/2013 00:00:00,10.0353,10.482,10.0353,10.1842,468170
GMD,5/27/2013 00:00:00,10.1842,10.482,10.1842,10.2438,308120
GMD,5/28/2013 00:00:00,10.2735,10.2735,10.0651,10.1247,399410
GMD,5/29/2013 00:00:00,10.1247,10.3629,10.0055,10.0055,527050
GMD,5/30/2013 00:00:00,10.0055,10.0949,9.73753,9.88643,612130
GMD,5/31/2013 00:00:00,10.0055,10.214,9.97576,10.0949,866810
GMD,6/3/2013 00:00:00,10.0949,10.1544,10.0055,10.0055,282680
GMD,6/4/2013 00:00:00,10.0353,10.0353,9.32064,9.32064,557940
GMD,6/5/2013 00:00:00,9.38019,9.55886,9.17175,9.35042,1.06114e+006
GMD,6/6/2013 00:00:00,9.26108,9.70776,9.26108,9.58864,467520
GMD,6/7/2013 00:00:00,9.76731,9.91621,9.46953,9.91621,612010
GMD,6/10/2013 00:00:00,9.91621,9.97576,9.55886,9.55886,414590
GMD,6/11/2013 00:00:00,9.52909,9.58864,9.40997,9.43975,339650
GMD,6/12/2013 00:00:00,9.43975,9.61842,9.38019,9.38019,287820
GMD,6/13/2013 00:00:00,9.43975,9.43975,9.2313,9.38019,319120
GMD,6/14/2013 00:00:00,9.52909,9.52909,9.17175,9.17175,233340
GMD,6/17/2013 00:00:00,8.99308,9.02285,8.63573,8.63573,507430
GMD,6/18/2013 00:00:00,8.5464,8.78463,8.48684,8.63573,148970
GMD,6/19/2013 00:00:00,8.66551,8.78463,8.60596,8.66551,102130
GMD,6/20/2013 00:00:00,8.66551,8.69529,8.42729,8.42729,373550
GMD,6/21/2013 00:00:00,8.36773,8.36773,8.15928,8.18906,761570
GMD,6/24/2013 00:00:00,8.1295,8.33795,8.06994,8.30817,399070
GMD,6/25/2013 00:00:00,8.21884,8.21884,7.74238,7.74238,441490
GMD,6/26/2013 00:00:00,7.74238,7.8615,7.41482,7.41482,563320
GMD,6/27/2013 00:00:00,7.41482,7.74238,7.41482,7.74238,482870
GMD,6/28/2013 00:00:00,7.8615,7.8615,7.53393,7.53393,179700
GMD,7/1/2013 00:00:00,7.53393,7.53393,7.29571,7.4446,192010
GMD,7/2/2013 00:00:00,7.47438,7.68283,7.47438,7.68283,379140
GMD,7/3/2013 00:00:00,7.68283,8.18906,7.65305,8.04017,724310
GMD,7/4/2013 00:00:00,8.09972,8.09972,7.89127,7.89127,270820
GMD,7/5/2013 00:00:00,7.89127,8.09972,7.80194,7.8615,416250
GMD,7/8/2013 00:00:00,7.83172,7.8615,7.59349,7.62327,332710
GMD,7/9/2013 00:00:00,7.59349,7.74238,7.59349,7.7126,149020
GMD,7/10/2013 00:00:00,7.77216,7.77216,7.62327,7.62327,339300
GMD,7/11/2013 00:00:00,7.59349,7.65305,7.53393,7.65305,88210
GMD,7/12/2013 00:00:00,7.7126,7.98061,7.68283,7.89127,429590
GMD,7/15/2013 00:00:00,8.04017,8.30817,8.04017,8.21884,1.21011e+006
GMD,7/16/2013 00:00:00,8.27839,8.51662,8.24862,8.42729,585400
GMD,7/17/2013 00:00:00,8.33795,8.42729,8.27839,8.30817,382700
GMD,7/18/2013 00:00:00,8.24862,8.48684,8.24862,8.30817,723850
GMD,7/19/2013 00:00:00,8.33795,8.45706,8.27839,8.33795,420060
GMD,7/22/2013 00:00:00,8.33795,8.36773,8.1295,8.24862,424390
GMD,7/23/2013 00:00:00,8.21884,8.27839,8.15928,8.15928,356340
GMD,7/24/2013 00:00:00,8.1295,8.36773,8.1295,8.18906,718420
GMD,7/25/2013 00:00:00,8.18906,8.24862,7.74238,7.74238,354620
GMD,7/26/2013 00:00:00,7.83172,7.92105,7.56371,7.80194,350770
GMD,7/29/2013 00:00:00,7.74238,7.74238,7.35526,7.35526,603520
GMD,7/30/2013 00:00:00,7.32548,7.68283,7.32548,7.65305,388250
GMD,7/31/2013 00:00:00,7.53393,7.62327,7.4446,7.50416,386910
GMD,8/1/2013 00:00:00,7.47438,7.65305,7.4446,7.50416,193480
GMD,8/2/2013 00:00:00,7.50416,7.68283,7.50416,7.62327,281770
GMD,8/5/2013 00:00:00,7.62327,7.7126,7.53393,7.53393,157210
GMD,8/6/2013 00:00:00,7.59349,7.74238,7.53393,7.68283,420250
GMD,8/7/2013 00:00:00,7.68283,8.01039,7.68283,7.92105,647760
GMD,8/8/2013 00:00:00,7.8615,7.98061,7.77216,7.77216,345820
GMD,8/9/2013 00:00:00,7.74238,7.89127,7.74238,7.80194,346620
GMD,8/12/2013 00:00:00,7.83172,7.83172,7.68283,7.74238,188500
GMD,8/13/2013 00:00:00,7.8615,7.98061,7.77216,7.83172,847360
GMD,8/14/2013 00:00:00,7.83172,7.92105,7.80194,7.89127,499740
GMD,8/15/2013 00:00:00,7.89127,8.33795,7.80194,8.21884,1.14722e+006
GMD,8/16/2013 00:00:00,8.04017,8.24862,8.04017,8.1295,1.02798e+006
GMD,8/19/2013 00:00:00,8.09972,8.24862,8.09972,8.1295,420170
GMD,8/20/2013 00:00:00,8.09972,8.09972,7.89127,8.01039,605490
GMD,8/21/2013 00:00:00,8.01039,8.01039,7.74238,7.89127,479900
GMD,8/22/2013 00:00:00,7.83172,7.8615,7.59349,7.65305,562590
GMD,8/23/2013 00:00:00,7.68283,7.74238,7.50416,7.50416,594000
GMD,8/26/2013 00:00:00,7.50416,7.68283,7.41482,7.65305,379680
GMD,8/27/2013 00:00:00,7.65305,7.65305,7.53393,7.56371,224710
GMD,8/28/2013 00:00:00,7.50416,7.50416,7.14681,7.23615,907880
GMD,8/29/2013 00:00:00,7.29571,7.35526,6.90859,6.90859,421920
GMD,8/30/2013 00:00:00,6.90859,6.99792,6.7597,6.99792,291400
GMD,9/3/2013 00:00:00,7.11704,7.17659,6.84903,6.84903,318140
GMD,9/4/2013 00:00:00,6.84903,6.90859,6.64058,6.72992,303690
GMD,9/5/2013 00:00:00,6.72992,6.87881,6.70014,6.84903,228730
GMD,9/6/2013 00:00:00,6.87881,7.11704,6.84903,7.0277,356640
GMD,9/9/2013 00:00:00,6.96814,6.96814,6.78947,6.78947,303770
GMD,9/10/2013 00:00:00,6.84903,6.99792,6.84903,6.93837,159840
GMD,9/11/2013 00:00:00,6.99792,7.05748,6.87881,6.96814,296380
GMD,9/12/2013 00:00:00,6.90859,6.96814,6.90859,6.96814,154680
GMD,9/13/2013 00:00:00,6.96814,7.05748,6.93837,6.99792,181850
GMD,9/16/2013 00:00:00,7.08726,7.20637,7.08726,7.14681,438370
GMD,9/17/2013 00:00:00,7.17659,7.17659,7.05748,7.14681,226060
GMD,9/18/2013 00:00:00,7.11704,7.14681,6.96814,6.96814,175430
GMD,9/19/2013 00:00:00,7.05748,7.17659,7.0277,7.14681,378040
GMD,9/20/2013 00:00:00,7.08726,7.17659,7.08726,7.17659,938640
GMD,9/23/2013 00:00:00,7.14681,7.29571,7.05748,7.29571,291540
GMD,9/24/2013 00:00:00,7.29571,7.4446,7.29571,7.41482,538820
GMD,9/25/2013 00:00:00,7.4446,7.53393,7.38504,7.41482,523090
GMD,9/26/2013 00:00:00,7.41482,7.4446,7.26593,7.35526,315430
GMD,9/27/2013 00:00:00,7.38504,7.62327,7.38504,7.50416,711990
GMD,9/30/2013 00:00:00,7.59349,7.74238,7.56371,7.68283,508920
GMD,10/1/2013 00:00:00,7.68283,7.77216,7.53393,7.56371,695700
GMD,10/2/2013 00:00:00,7.56371,7.68283,7.53393,7.53393,428500
GMD,10/3/2013 00:00:00,7.53393,7.65305,7.50416,7.62327,332800
GMD,10/4/2013 00:00:00,7.62327,7.65305,7.59349,7.59349,299530
GMD,10/7/2013 00:00:00,7.68283,7.8615,7.62327,7.83172,409650
GMD,10/8/2013 00:00:00,7.83172,7.83172,7.68283,7.80194,442470
GMD,10/9/2013 00:00:00,7.74238,7.80194,7.65305,7.68283,339680
GMD,10/10/2013 00:00:00,7.74238,7.8615,7.68283,7.74238,988560
GMD,10/11/2013 00:00:00,7.80194,8.18906,7.80194,7.95083,891460
GMD,10/14/2013 00:00:00,7.92105,8.01039,7.8615,7.89127,297340
GMD,10/15/2013 00:00:00,7.95083,8.18906,7.92105,8.18906,816010
GMD,10/16/2013 00:00:00,8.18906,8.57618,8.18906,8.42729,1.16276e+006
GMD,10/17/2013 00:00:00,8.51662,8.57618,8.39751,8.42729,720780
GMD,10/18/2013 00:00:00,8.42729,8.51662,8.39751,8.48684,792890
GMD,10/21/2013 00:00:00,8.51662,8.8144,8.48684,8.69529,858210
GMD,10/22/2013 00:00:00,8.63573,8.78463,8.63573,8.69529,601560
GMD,10/23/2013 00:00:00,8.75485,9.17175,8.75485,9.11219,796600
GMD,10/24/2013 00:00:00,9.14197,9.14197,8.60596,8.60596,923420
GMD,10/25/2013 00:00:00,8.63573,8.84418,8.60596,8.66551,490900
GMD,10/28/2013 00:00:00,8.69529,8.87396,8.66551,8.66551,286440
GMD,10/29/2013 00:00:00,8.63573,8.84418,8.63573,8.84418,372380
GMD,10/30/2013 00:00:00,8.75485,8.87396,8.66551,8.69529,309560
GMD,10/31/2013 00:00:00,8.8144,8.8144,8.63573,8.63573,208390
GMD,11/1/2013 00:00:00,8.63573,8.75485,8.63573,8.72507,312540
GMD,11/4/2013 00:00:00,8.75485,8.78463,8.63573,8.69529,555740
GMD,11/5/2013 00:00:00,8.69529,9.14197,8.66551,9.14197,1.02797e+006
GMD,11/6/2013 00:00:00,9.2313,9.43975,9.17175,9.40997,533870
GMD,11/7/2013 00:00:00,9.46953,9.46953,9.17175,9.20152,551660
GMD,11/8/2013 00:00:00,9.11219,9.29086,9.11219,9.17175,542830
GMD,11/11/2013 00:00:00,9.17175,9.32064,9.17175,9.20152,327080
GMD,11/12/2013 00:00:00,9.20152,9.2313,8.87396,8.87396,630810
GMD,11/13/2013 00:00:00,8.87396,9.02285,8.78463,8.84418,352990
GMD,11/14/2013 00:00:00,8.8144,8.93352,8.75485,8.90374,257170
GMD,11/15/2013 00:00:00,8.93352,9.08241,8.93352,9.08241,307670
GMD,11/18/2013 00:00:00,9.14197,9.32064,9.08241,9.11219,761240
GMD,11/19/2013 00:00:00,9.11219,9.2313,9.08241,9.14197,420480
GMD,11/20/2013 00:00:00,9.17175,9.20152,9.05263,9.14197,506330
GMD,11/21/2013 00:00:00,9.11219,9.2313,8.99308,9.05263,1.10295e+006
GMD,11/22/2013 00:00:00,9.05263,9.29086,9.02285,9.2313,634420
GMD,11/25/2013 00:00:00,9.17175,9.26108,9.14197,9.14197,498870
GMD,11/26/2013 00:00:00,9.32665,9.44978,9.26509,9.44978,584790
GMD,11/27/2013 00:00:00,9.44978,9.75759,9.44978,9.5729,683270
GMD,11/28/2013 00:00:00,9.51134,9.5729,9.419,9.419,183650
GMD,11/29/2013 00:00:00,9.419,9.5729,9.419,9.44978,323850
GMD,12/2/2013 00:00:00,9.38822,9.419,9.32665,9.419,185090
GMD,12/3/2013 00:00:00,9.419,9.63446,9.419,9.54212,376670
GMD,12/4/2013 00:00:00,9.54212,9.97305,9.54212,9.91149,1.16596e+006
GMD,12/5/2013 00:00:00,9.91149,10.5887,9.91149,10.4656,1.02064e+006
GMD,12/6/2013 00:00:00,10.5271,10.8657,10.5271,10.681,685140
GMD,12/9/2013 00:00:00,10.681,10.681,10.4656,10.5271,556400
GMD,12/10/2013 00:00:00,10.4963,10.681,10.404,10.5579,386510
GMD,12/11/2013 00:00:00,10.6195,10.681,10.404,10.4656,714510
GMD,12/12/2013 00:00:00,10.3732,10.4656,10.3116,10.4656,620280
GMD,12/13/2013 00:00:00,10.4656,10.5271,10.404,10.4656,315930
GMD,12/16/2013 00:00:00,10.1577,10.2809,10.0962,10.0962,600620
GMD,12/17/2013 00:00:00,10.0654,10.2809,10.0038,10.0654,277110
GMD,12/18/2013 00:00:00,10.0654,10.2193,10.0346,10.1577,186830
GMD,12/19/2013 00:00:00,10.1577,10.3116,10.1577,10.1577,327120
GMD,12/20/2013 00:00:00,10.127,10.2809,10.0962,10.1577,1.29934e+006
GMD,12/23/2013 00:00:00,10.2501,10.681,10.2501,10.6195,684680
GMD,12/24/2013 00:00:00,10.681,10.681,10.4348,10.4348,461600
GMD,12/25/2013 00:00:00,10.3732,10.5271,10.2809,10.3424,171150
GMD,12/26/2013 00:00:00,10.3116,10.4656,10.2193,10.3424,319470
GMD,12/27/2013 00:00:00,10.3424,10.4963,10.2809,10.3732,415680
GMD,12/30/2013 00:00:00,10.4656,10.6502,10.3424,10.3424,393100
GMD,12/31/2013 00:00:00,10.4348,10.4963,10.3424,10.3424,242850
GMD,1/2/2014 00:00:00,10.3424,10.4656,10.127,10.1577,270100
GMD,1/3/2014 00:00:00,10.1577,10.1885,10.0654,10.0962,281650
GMD,1/6/2014 00:00:00,10.0962,10.404,10.0654,10.404,319900
GMD,1/7/2014 00:00:00,10.4656,10.5887,10.4348,10.5271,493710
GMD,1/8/2014 00:00:00,10.4348,10.5579,10.4348,10.5579,482180
GMD,1/9/2014 00:00:00,10.5579,10.6195,10.4963,10.6195,500770
GMD,1/10/2014 00:00:00,10.6195,10.8657,10.6195,10.681,445010
GMD,1/13/2014 00:00:00,10.6195,10.7118,10.6195,10.6195,314840
GMD,1/14/2014 00:00:00,10.6195,10.681,10.5887,10.6195,483490
GMD,1/15/2014 00:00:00,10.6195,10.8349,10.6195,10.6195,513000
GMD,1/16/2014 00:00:00,10.6195,10.7734,10.6195,10.7118,377520
GMD,1/17/2014 00:00:00,10.8657,11.2659,10.8349,11.0812,1.41275e+006
GMD,1/20/2014 00:00:00,11.1735,11.2659,10.8349,10.8349,623970
GMD,1/21/2014 00:00:00,10.8349,11.112,10.7734,11.112,320210
GMD,1/22/2014 00:00:00,11.0812,11.112,10.7734,10.8657,929730
GMD,1/23/2014 00:00:00,10.9273,11.0812,10.8657,10.8657,305220
GMD,1/24/2014 00:00:00,10.9273,10.9888,10.7734,10.8041,275460
GMD,1/27/2014 00:00:00,10.8041,10.8657,10.7118,10.8041,229260
GMD,2/6/2014 00:00:00,10.8041,11.0196,10.8041,10.9888,355370
GMD,2/7/2014 00:00:00,11.0812,11.0812,10.7734,10.8041,191710
GMD,2/10/2014 00:00:00,10.8349,10.8657,10.7426,10.8041,394710
GMD,2/11/2014 00:00:00,10.8041,10.8965,10.7118,10.7118,780180
GMD,2/12/2014 00:00:00,10.7734,10.8349,10.681,10.8349,309030
GMD,2/13/2014 00:00:00,10.8965,11.0504,10.8041,10.9888,572410
GMD,2/14/2014 00:00:00,10.9888,11.1735,10.958,10.9888,487520
GMD,2/17/2014 00:00:00,10.9273,11.0196,10.8349,10.8965,352480
GMD,2/18/2014 00:00:00,10.8349,10.9273,10.7734,10.9273,1.24133e+006
GMD,2/19/2014 00:00:00,11.0504,11.4813,11.0504,11.4505,1.22125e+006
GMD,2/20/2014 00:00:00,11.5737,11.7276,10.8349,11.0812,927180
GMD,2/21/2014 00:00:00,11.0812,11.112,10.8349,11.0504,482600
GMD,2/24/2014 00:00:00,11.0196,11.0812,10.8965,11.0504,268980
GMD,2/25/2014 00:00:00,11.0812,11.2043,11.0196,11.112,445580
GMD,2/26/2014 00:00:00,11.1735,11.1735,11.0196,11.0196,294490
GMD,2/27/2014 00:00:00,11.0196,11.0812,10.8349,10.8349,297900
GMD,2/28/2014 00:00:00,10.8349,10.958,10.8041,10.8657,345300
GMD,3/3/2014 00:00:00,10.958,10.958,10.681,10.8041,398370
GMD,3/4/2014 00:00:00,10.681,10.7118,10.5887,10.6195,214960
GMD,3/5/2014 00:00:00,10.7734,10.8349,10.6502,10.8349,231050
GMD,3/6/2014 00:00:00,10.9273,10.9273,10.8041,10.8657,322430
GMD,3/7/2014 00:00:00,10.8041,10.8657,10.8041,10.8041,285780
GMD,3/10/2014 00:00:00,10.7426,10.8041,10.7118,10.7734,152440
GMD,3/11/2014 00:00:00,10.7734,11.3274,10.7734,11.2043,849320
GMD,3/12/2014 00:00:00,11.2659,11.5737,11.2351,11.3274,1.00946e+006
GMD,3/13/2014 00:00:00,11.3582,11.4198,11.2043,11.3274,170230
GMD,3/14/2014 00:00:00,11.3274,11.389,10.9888,11.0504,304430
GMD,3/17/2014 00:00:00,10.8657,10.8965,10.7426,10.7734,810940
GMD,3/18/2014 00:00:00,10.7734,11.0196,10.7734,10.8657,394210
GMD,3/19/2014 00:00:00,10.9273,10.9888,10.8041,10.8965,101520
GMD,3/20/2014 00:00:00,11.0196,11.0196,10.8041,10.8349,977950
GMD,3/21/2014 00:00:00,10.8349,10.9273,10.7734,10.7734,2.96144e+006
GMD,3/24/2014 00:00:00,11.0812,11.112,10.958,10.9888,390950
GMD,3/25/2014 00:00:00,11.0812,11.0812,10.8657,10.8657,463840
GMD,3/26/2014 00:00:00,10.8657,10.9273,10.6502,10.681,650880
GMD,3/27/2014 00:00:00,10.681,10.7426,10.5579,10.6502,307200
GMD,3/28/2014 00:00:00,10.7734,10.8041,10.6502,10.681,344960
GMD,3/31/2014 00:00:00,10.681,10.681,10.5271,10.5271,294180
GMD,4/1/2014 00:00:00,10.4656,10.5887,10.1577,10.404,316450
GMD,4/2/2014 00:00:00,10.2809,10.4348,10.0038,10.2193,236800
GMD,4/3/2014 00:00:00,10.2193,10.4348,10.2193,10.4348,238660
GMD,4/4/2014 00:00:00,10.3732,10.4656,10.2501,10.404,113800
GMD,4/7/2014 00:00:00,10.404,10.404,10.3116,10.404,89470
GMD,4/8/2014 00:00:00,10.3424,10.681,10.3424,10.4656,227100
GMD,4/10/2014 00:00:00,10.6502,10.6502,10.4963,10.5271,194200
GMD,4/11/2014 00:00:00,10.5271,10.5579,10.3732,10.3732,145910
GMD,4/14/2014 00:00:00,10.4656,10.4656,10.1577,10.2809,136730
GMD,4/15/2014 00:00:00,10.2809,10.3116,10.0038,10.0038,199830
GMD,4/16/2014 00:00:00,9.94227,10.0038,9.38822,9.38822,195700
GMD,4/17/2014 00:00:00,9.60368,9.66524,9.419,9.419,243710
GMD,4/18/2014 00:00:00,9.419,9.419,8.77259,8.77259,325650
GMD,4/21/2014 00:00:00,8.9265,8.9265,8.434,8.434,183090
GMD,4/22/2014 00:00:00,8.434,8.77259,8.40322,8.77259,227300
GMD,4/23/2014 00:00:00,8.68025,8.77259,8.58791,8.68025,228010
GMD,4/24/2014 00:00:00,8.77259,9.01884,8.64947,8.98806,578330
GMD,4/25/2014 00:00:00,9.04962,9.38822,9.04962,9.20353,498770
GMD,4/28/2014 00:00:00,9.23431,9.51134,9.20353,9.44978,316630
GMD,4/29/2014 00:00:00,9.26509,9.44978,9.26509,9.419,194810
GMD,5/5/2014 00:00:00,9.38822,9.38822,8.77259,8.80338,229710
GMD,5/6/2014 00:00:00,8.64947,8.74181,8.40322,8.74181,196530
GMD,5/7/2014 00:00:00,8.74181,8.98806,8.68025,8.86494,104280
GMD,5/8/2014 00:00:00,8.68025,8.68025,8.24932,8.24932,724140
GMD,5/9/2014 00:00:00,8.00307,8.40322,8.00307,8.2801,407860
GMD,5/12/2014 00:00:00,8.2801,8.2801,7.72604,7.72604,665350
GMD,5/13/2014 00:00:00,7.72604,7.7876,7.38745,7.7876,317490
GMD,5/14/2014 00:00:00,7.6337,8.31088,7.6337,8.31088,386180
GMD,5/15/2014 00:00:00,8.40322,8.80338,8.21854,8.49557,881500
GMD,5/16/2014 00:00:00,8.434,8.83416,8.434,8.83416,350050
GMD,5/19/2014 00:00:00,8.83416,8.83416,8.52635,8.71103,284190
GMD,5/20/2014 00:00:00,8.71103,8.71103,8.46478,8.68025,133820
GMD,5/21/2014 00:00:00,8.71103,8.9265,8.58791,8.80338,174870
GMD,5/22/2014 00:00:00,8.80338,8.80338,8.64947,8.64947,191090
GMD,5/23/2014 00:00:00,8.71103,8.83416,8.64947,8.80338,196010
GMD,5/26/2014 00:00:00,8.80338,9.08041,8.71103,9.08041,384050
GMD,5/27/2014 00:00:00,9.08041,9.38822,9.08041,9.26509,233800
GMD,5/28/2014 00:00:00,9.91149,9.91149,9.84993,9.91149,538620
GMD,5/29/2014 00:00:00,10.4656,10.5887,10.0038,10.1577,1.08382e+006
GMD,5/30/2014 00:00:00,10.3116,10.3116,9.84993,10.0346,281020
GMD,6/2/2014 00:00:00,10.0346,10.0654,9.78837,9.97305,248720
GMD,6/3/2014 00:00:00,9.88071,10.2809,9.84993,10.0962,341730
GMD,6/4/2014 00:00:00,10.127,10.127,9.91149,10.0654,240910
GMD,6/5/2014 00:00:00,10.0346,10.0962,9.94227,10.0346,251040
GMD,6/6/2014 00:00:00,9.91149,10.127,9.91149,10.0962,266360
GMD,6/9/2014 00:00:00,10.0038,10.4348,10.0038,10.2193,304450
GMD,6/10/2014 00:00:00,10.1577,10.2809,10.0962,10.1577,93280
GMD,6/11/2014 00:00:00,10.2809,10.2809,10.0962,10.1885,115630
GMD,6/12/2014 00:00:00,10.0962,10.2809,10.0962,10.2193,122080
GMD,6/13/2014 00:00:00,10.2809,10.2809,10.1577,10.2501,123280
GMD,6/16/2014 00:00:00,10.0962,10.404,10.0962,10.2501,174320
GMD,6/17/2014 00:00:00,10.1885,10.3116,10.1577,10.2501,210400
GMD,6/18/2014 00:00:00,10.3116,10.3116,10.127,10.127,226100
GMD,6/19/2014 00:00:00,10.0346,10.0962,9.54212,10.0346,215580
GMD,6/20/2014 00:00:00,9.88071,10.1577,9.78837,9.78837,427280
GMD,6/23/2014 00:00:00,9.72681,9.97305,9.72681,9.88071,197290
GMD,6/24/2014 00:00:00,9.88071,10.0038,9.84993,9.97305,223220
GMD,6/25/2014 00:00:00,10.0654,10.3116,10.0038,10.3116,178340
GMD,6/26/2014 00:00:00,10.3732,10.5271,10.2809,10.4963,424150
GMD,6/27/2014 00:00:00,10.5579,10.5579,10.404,10.4348,209930
GMD,6/30/2014 00:00:00,10.3116,10.4963,10.3116,10.4656,189920
GMD,7/1/2014 00:00:00,10.4656,10.4963,10.404,10.404,105950
GMD,7/2/2014 00:00:00,10.3424,10.4656,10.2501,10.3424,73720
GMD,7/3/2014 00:00:00,10.404,10.4656,10.3424,10.4656,77650
GMD,7/4/2014 00:00:00,10.4963,10.4963,10.3116,10.3424,57030
GMD,7/7/2014 00:00:00,10.4348,10.8349,10.4348,10.8041,410550
GMD,7/8/2014 00:00:00,10.8349,10.8349,10.5887,10.5887,95850
GMD,7/9/2014 00:00:00,10.6195,10.7734,10.6195,10.7734,76330
GMD,7/10/2014 00:00:00,10.7734,10.7734,10.404,10.4656,120080
GMD,7/11/2014 00:00:00,10.4656,10.5271,10.404,10.4963,66310
GMD,7/14/2014 00:00:00,10.4656,10.5887,10.4348,10.4656,47510
GMD,7/15/2014 00:00:00,10.4348,10.5579,10.4348,10.4656,43330
GMD,7/16/2014 00:00:00,10.6195,10.7118,10.5887,10.681,220910
GMD,7/17/2014 00:00:00,10.681,10.681,10.6195,10.6502,102100
GMD,7/18/2014 00:00:00,10.6502,10.7734,10.5579,10.7734,140590
GMD,7/21/2014 00:00:00,10.7118,10.7734,10.6195,10.6195,178820
GMD,7/22/2014 00:00:00,10.5887,10.6502,10.5887,10.6195,42590
GMD,7/23/2014 00:00:00,10.6195,10.6502,10.4656,10.6195,46040
GMD,7/24/2014 00:00:00,10.4963,10.6502,10.4963,10.5887,65140
GMD,7/25/2014 00:00:00,10.681,11.1735,10.681,10.7734,322410
GMD,7/28/2014 00:00:00,10.8041,10.8041,10.4656,10.5887,74050
GMD,7/29/2014 00:00:00,10.6195,10.6502,10.4963,10.5887,84190
GMD,7/30/2014 00:00:00,10.4963,10.5887,10.4963,10.5887,44830
GMD,7/31/2014 00:00:00,10.5887,10.7118,10.5271,10.7118,78100
GMD,8/1/2014 00:00:00,10.7426,10.7426,10.5271,10.5271,95030
GMD,8/4/2014 00:00:00,10.5271,10.6502,10.4656,10.6502,78320
GMD,8/5/2014 00:00:00,10.6502,10.8041,10.6502,10.8041,147710
GMD,8/6/2014 00:00:00,10.8041,10.8657,10.681,10.681,130160
GMD,8/7/2014 00:00:00,10.6195,10.8349,10.6195,10.8349,184280
GMD,8/8/2014 00:00:00,10.8349,10.8965,10.6502,10.7734,140590
GMD,8/11/2014 00:00:00,10.6502,10.7118,10.5887,10.6502,94360
GMD,8/12/2014 00:00:00,10.6195,10.7734,10.5887,10.7426,62520
GMD,8/13/2014 00:00:00,10.7426,11.2351,10.7118,11.2351,384970
GMD,8/14/2014 00:00:00,11.2351,11.2966,11.0812,11.2043,207590
GMD,8/15/2014 00:00:00,11.5429,11.8815,11.5429,11.5737,1.39624e+006
GMD,8/18/2014 00:00:00,11.6968,11.8199,11.6352,11.6352,431210
GMD,8/19/2014 00:00:00,11.6352,11.6968,11.5121,11.5429,192820
GMD,8/20/2014 00:00:00,11.5121,11.5737,11.3274,11.389,346240
GMD,8/21/2014 00:00:00,11.3274,11.4813,11.2966,11.2966,416180
GMD,8/22/2014 00:00:00,11.2966,11.4505,11.2966,11.3582,183590
GMD,8/25/2014 00:00:00,11.389,11.5737,11.3582,11.5121,501880
GMD,8/26/2014 00:00:00,11.5121,11.5429,11.2043,11.2966,753420
GMD,8/27/2014 00:00:00,11.112,11.2351,10.681,10.7426,1.0632e+006
GMD,8/28/2014 00:00:00,10.7426,11.2351,10.681,11.0196,411260
GMD,8/29/2014 00:00:00,11.112,11.112,10.7734,10.8965,202390
GMD,9/3/2014 00:00:00,10.8041,10.8041,10.6502,10.681,554110
GMD,9/4/2014 00:00:00,10.5271,10.6502,10.3732,10.4348,352120
GMD,9/5/2014 00:00:00,10.3116,10.3732,10.2193,10.2809,476930
GMD,9/8/2014 00:00:00,10.2809,10.7118,10.2501,10.5887,861250
GMD,9/9/2014 00:00:00,10.6195,10.8965,10.4656,10.681,425880
GMD,9/10/2014 00:00:00,10.5579,10.6195,10.3424,10.6195,254220
GMD,9/11/2014 00:00:00,10.6195,10.6502,10.4656,10.6195,306640
GMD,9/12/2014 00:00:00,10.4963,10.6195,10.404,10.4963,355480
GMD,9/15/2014 00:00:00,10.404,10.4656,10.3732,10.4656,426240
GMD,9/16/2014 00:00:00,10.404,10.681,10.404,10.6502,1.23287e+006
GMD,9/17/2014 00:00:00,10.7734,10.9888,10.681,10.7734,1.89786e+006
GMD,9/18/2014 00:00:00,10.7734,10.8349,10.6195,10.6502,449530
GMD,9/19/2014 00:00:00,10.6502,10.958,10.6502,10.8041,7.05109e+006
GMD,9/22/2014 00:00:00,11.0812,11.1427,10.8349,10.958,1.19065e+006
GMD,9/23/2014 00:00:00,10.958,11.0504,10.8349,10.8657,435870
GMD,9/24/2014 00:00:00,10.8041,10.8965,10.7118,10.7426,870180
GMD,9/25/2014 00:00:00,10.7734,10.9888,10.681,10.8965,1.09613e+006
GMD,9/26/2014 00:00:00,10.958,11.2659,10.8349,10.9273,1.66587e+006
GMD,9/29/2014 00:00:00,10.958,11.2043,10.8965,11.0812,1.01745e+006
GMD,9/30/2014 00:00:00,11.0504,11.112,10.958,10.9888,663500
GMD,10/1/2014 00:00:00,11.0812,11.4198,10.9888,11.2351,1.78809e+006
GMD,10/2/2014 00:00:00,11.2966,11.6044,11.2659,11.5121,1.87897e+006
GMD,10/3/2014 00:00:00,11.6044,11.6044,11.2966,11.389,1.05841e+006
GMD,10/6/2014 00:00:00,11.4505,11.4813,11.3274,11.3582,974900
GMD,10/7/2014 00:00:00,11.3582,11.3582,11.112,11.1427,1.30665e+006
GMD,10/8/2014 00:00:00,11.0812,11.2966,11.0812,11.1735,889340
GMD,10/9/2014 00:00:00,11.1735,11.3582,11.0812,11.0812,797060
GMD,10/10/2014 00:00:00,11.0812,11.1427,10.958,10.9888,1.00794e+006
GMD,10/13/2014 00:00:00,10.9888,10.9888,10.8657,10.9273,580200
GMD,10/14/2014 00:00:00,10.9273,11.2351,10.8349,10.8965,718540
GMD,10/15/2014 00:00:00,10.8041,10.8657,10.6195,10.6502,834130
GMD,10/16/2014 00:00:00,10.7426,10.7426,10.3116,10.4348,778200
GMD,10/17/2014 00:00:00,10.4348,10.5887,10.3116,10.5271,670090
GMD,10/20/2014 00:00:00,10.5579,10.6195,10.4348,10.4656,248030
GMD,10/21/2014 00:00:00,10.4656,10.4963,10.3424,10.4656,258550
GMD,10/22/2014 00:00:00,10.4656,10.681,10.4656,10.681,346240
GMD,10/23/2014 00:00:00,10.681,10.681,10.4348,10.4656,504100
GMD,10/24/2014 00:00:00,10.4656,10.4963,10.3424,10.3732,372190
GMD,10/27/2014 00:00:00,10.3424,10.3732,9.88071,9.88071,553770
GMD,10/28/2014 00:00:00,9.84993,10.0346,9.81915,10.0038,362870
GMD,10/29/2014 00:00:00,10.127,10.404,10.0962,10.404,231090
GMD,10/30/2014 00:00:00,10.404,10.404,10.2501,10.3732,283480
GMD,10/31/2014 00:00:00,10.5271,10.7734,10.5271,10.6195,607290
GMD,11/3/2014 00:00:00,10.7426,10.7426,10.4963,10.5579,232600
GMD,11/4/2014 00:00:00,10.5579,10.7734,10.4963,10.5579,159640
GMD,11/5/2014 00:00:00,10.5271,10.6502,10.404,10.4656,280870
GMD,11/6/2014 00:00:00,10.4656,10.5579,10.4348,10.4348,197960
GMD,11/7/2014 00:00:00,10.5579,10.5579,10.404,10.4656,180410
GMD,11/10/2014 00:00:00,10.5271,10.6502,10.4656,10.5579,187530
GMD,11/11/2014 00:00:00,10.5579,10.8349,10.5271,10.6502,280360
GMD,11/12/2014 00:00:00,10.6502,10.6502,10.5579,10.5887,243060
GMD,11/13/2014 00:00:00,10.6502,10.7734,10.5887,10.6195,265040
GMD,11/14/2014 00:00:00,10.681,10.681,10.4963,10.6195,270200
GMD,11/17/2014 00:00:00,10.5271,10.8349,10.5271,10.6195,564920
GMD,11/18/2014 00:00:00,10.5887,10.7118,10.404,10.404,310260
GMD,11/19/2014 00:00:00,10.5271,10.6195,10.3424,10.3732,315990
GMD,11/20/2014 00:00:00,10.3732,10.4348,10.3424,10.3732,189970
GMD,11/21/2014 00:00:00,10.4348,10.4348,10.2193,10.2193,291640
GMD,11/24/2014 00:00:00,10.0962,10.3116,9.88071,10.0346,182850
GMD,11/25/2014 00:00:00,9.94227,10.1577,9.94227,10.0038,171260
GMD,11/26/2014 00:00:00,10.0038,10.1577,9.84993,9.84993,526470
GMD,11/27/2014 00:00:00,9.84993,9.97305,9.78837,9.84993,136730
GMD,11/28/2014 00:00:00,9.84993,9.94227,9.84993,9.84993,329640
GMD,12/1/2014 00:00:00,9.88071,9.97305,9.84993,9.88071,188950
GMD,12/2/2014 00:00:00,9.91149,10.127,9.91149,10.0654,299870
GMD,12/3/2014 00:00:00,10.0962,10.2193,10.0346,10.0346,210360
GMD,12/4/2014 00:00:00,10.1577,10.1577,9.94227,9.94227,241210
GMD,12/5/2014 00:00:00,9.97305,10.0038,9.88071,9.88071,111420
GMD,12/8/2014 00:00:00,9.91149,9.97305,9.54212,9.54212,413260
GMD,12/9/2014 00:00:00,9.51134,10.0038,8.9265,10.0038,801180
GMD,12/10/2014 00:00:00,9.44978,9.81915,9.38822,9.75759,156520
GMD,12/11/2014 00:00:00,9.91755,9.91755,9.59763,9.78958,156790
GMD,12/12/2014 00:00:00,9.85356,9.85356,9.66161,9.7256,120240
GMD,12/15/2014 00:00:00,9.7256,9.91755,9.6936,9.85356,120690
GMD,12/16/2014 00:00:00,9.75759,9.85356,9.56563,9.56563,154340
GMD,12/17/2014 00:00:00,9.56563,9.59763,8.92579,8.92579,492610
GMD,12/18/2014 00:00:00,9.08575,9.21372,9.05376,9.14974,193100
GMD,12/19/2014 00:00:00,9.18173,9.18173,8.98978,9.05376,103800
GMD,12/22/2014 00:00:00,9.14974,9.24571,8.95779,9.24571,160680
GMD,12/23/2014 00:00:00,9.24571,9.27771,8.98978,9.02177,136140
GMD,12/24/2014 00:00:00,9.21372,9.21372,9.05376,9.08575,46170
GMD,12/25/2014 00:00:00,8.98978,9.08575,8.8938,8.98978,119070
GMD,12/26/2014 00:00:00,8.95779,8.95779,8.79782,8.79782,188430
GMD,12/29/2014 00:00:00,8.82982,8.98978,8.63786,8.76583,100080
GMD,12/30/2014 00:00:00,8.76583,8.95779,8.60587,8.95779,82550
GMD,12/31/2014 00:00:00,8.98978,9.27771,8.95779,9.24571,172910
GMD,1/5/2015 00:00:00,9.24571,9.34169,9.14974,9.14974,150040
GMD,1/6/2015 00:00:00,8.92579,9.43767,8.92579,9.40567,278890
GMD,1/7/2015 00:00:00,9.40567,9.6936,9.40567,9.53364,281560
GMD,1/8/2015 00:00:00,9.46966,9.75759,9.43767,9.59763,351060
GMD,1/9/2015 00:00:00,9.62962,9.85356,9.62962,9.7256,222210
GMD,1/12/2015 00:00:00,9.7256,9.75759,9.46966,9.46966,148200
GMD,1/13/2015 00:00:00,9.40567,9.78958,9.40567,9.62962,244100
GMD,1/14/2015 00:00:00,9.59763,9.62962,9.46966,9.50165,192400
GMD,1/15/2015 00:00:00,9.59763,9.66161,9.50165,9.59763,177640
GMD,1/16/2015 00:00:00,9.59763,9.6936,9.50165,9.50165,211150
GMD,1/19/2015 00:00:00,9.50165,9.53364,9.40567,9.50165,168910
GMD,1/20/2015 00:00:00,9.50165,9.50165,9.34169,9.43767,69040
GMD,1/21/2015 00:00:00,9.50165,9.53364,9.40567,9.43767,96040
GMD,1/22/2015 00:00:00,9.46966,9.50165,9.40567,9.43767,197140
GMD,1/23/2015 00:00:00,9.43767,9.56563,9.43767,9.50165,195730
GMD,1/26/2015 00:00:00,9.40567,9.59763,9.40567,9.53364,331120
GMD,1/27/2015 00:00:00,9.59763,9.78958,9.53364,9.6936,802450
GMD,1/28/2015 00:00:00,9.6936,9.6936,9.53364,9.53364,180230
GMD,1/29/2015 00:00:00,9.53364,9.53364,9.37368,9.50165,234150
GMD,1/30/2015 00:00:00,9.46966,9.46966,9.27771,9.37368,263060
GMD,2/2/2015 00:00:00,9.34169,9.37368,9.08575,9.08575,152930
GMD,2/3/2015 00:00:00,9.18173,9.18173,8.95779,8.95779,119950
GMD,2/4/2015 00:00:00,8.92579,9.08575,8.8938,8.92579,114710
GMD,2/5/2015 00:00:00,9.02177,9.05376,8.8938,8.95779,58330
GMD,2/6/2015 00:00:00,8.95779,9.02177,8.8938,8.95779,52490
GMD,2/9/2015 00:00:00,8.98978,8.98978,8.79782,8.82982,77450
GMD,2/10/2015 00:00:00,8.82982,8.92579,8.79782,8.8938,43340
GMD,2/11/2015 00:00:00,9.05376,9.05376,8.8938,9.02177,77470
GMD,2/12/2015 00:00:00,9.08575,9.08575,8.95779,9.05376,66810
GMD,2/13/2015 00:00:00,9.05376,9.08575,9.02177,9.08575,63080
GMD,2/24/2015 00:00:00,9.14974,9.14974,8.98978,9.08575,88100
GMD,2/25/2015 00:00:00,9.08575,9.27771,9.08575,9.08575,138980
GMD,2/26/2015 00:00:00,9.21372,9.21372,9.02177,9.08575,89980
GMD,2/27/2015 00:00:00,9.18173,9.18173,9.02177,9.08575,93370
GMD,3/2/2015 00:00:00,9.11775,9.11775,9.02177,9.11775,51490
GMD,3/3/2015 00:00:00,9.05376,9.21372,9.05376,9.21372,229060
GMD,3/4/2015 00:00:00,9.21372,9.43767,9.21372,9.43767,450750
GMD,3/5/2015 00:00:00,9.50165,9.59763,9.43767,9.46966,328970
GMD,3/6/2015 00:00:00,9.50165,9.50165,9.40567,9.43767,130410
GMD,3/9/2015 00:00:00,9.43767,9.43767,9.21372,9.21372,125840
GMD,3/10/2015 00:00:00,9.18173,9.21372,9.11775,9.18173,158070
GMD,3/11/2015 00:00:00,9.11775,9.21372,9.11775,9.14974,117020
GMD,3/12/2015 00:00:00,9.18173,9.18173,9.08575,9.18173,130680
GMD,3/13/2015 00:00:00,9.14974,9.18173,9.11775,9.11775,79060
GMD,3/16/2015 00:00:00,9.08575,9.14974,9.08575,9.08575,127050
GMD,3/17/2015 00:00:00,9.08575,9.14974,9.08575,9.11775,107110
GMD,3/18/2015 00:00:00,9.11775,9.27771,9.11775,9.24571,170110
GMD,3/19/2015 00:00:00,9.18173,9.34169,9.14974,9.18173,50350
GMD,3/20/2015 00:00:00,9.14974,9.21372,9.14974,9.21372,44790
GMD,3/23/2015 00:00:00,9.21372,9.24571,9.08575,9.08575,92550
GMD,3/24/2015 00:00:00,9.08575,9.11775,9.02177,9.08575,122000
GMD,3/25/2015 00:00:00,9.08575,9.08575,8.98978,8.98978,65150
GMD,3/26/2015 00:00:00,8.95779,9.02177,8.79782,8.79782,195020
GMD,3/27/2015 00:00:00,8.79782,8.8938,8.66986,8.66986,166570
GMD,3/30/2015 00:00:00,8.73384,8.76583,8.5099,8.5099,165670
GMD,3/31/2015 00:00:00,8.57388,8.70185,8.54189,8.70185,68180
GMD,4/1/2015 00:00:00,8.70185,8.76583,8.5099,8.5099,232430
GMD,4/2/2015 00:00:00,8.54189,8.63786,8.5099,8.63786,49480
GMD,4/3/2015 00:00:00,8.79782,8.79782,8.63786,8.76583,44170
GMD,4/6/2015 00:00:00,8.76583,8.76583,8.63786,8.63786,14380
GMD,4/7/2015 00:00:00,8.63786,8.76583,8.57388,8.76583,59850
GMD,4/8/2015 00:00:00,8.76583,8.79782,8.63786,8.66986,24420
GMD,4/9/2015 00:00:00,8.66986,8.82982,8.66986,8.76583,79020
GMD,4/10/2015 00:00:00,8.76583,8.8938,8.76583,8.76583,49170
GMD,4/13/2015 00:00:00,8.79782,8.82982,8.76583,8.82982,84980
GMD,4/14/2015 00:00:00,8.82982,8.82982,8.73384,8.73384,47260
GMD,4/15/2015 00:00:00,8.79782,8.79782,8.70185,8.76583,27880
GMD,4/16/2015 00:00:00,8.76583,8.8938,8.76583,8.8938,134580
GMD,4/17/2015 00:00:00,8.8938,9.50165,8.8938,9.50165,620300
GMD,4/20/2015 00:00:00,9.59763,9.59763,9.34169,9.40567,284540
GMD,4/21/2015 00:00:00,9.37368,9.40567,9.18173,9.18173,197480
GMD,4/22/2015 00:00:00,9.27771,9.53364,9.18173,9.34169,238630
GMD,4/23/2015 00:00:00,9.34169,9.50165,9.18173,9.46966,220460
GMD,4/24/2015 00:00:00,9.43767,9.53364,9.40567,9.43767,166910
GMD,4/27/2015 00:00:00,9.43767,9.46966,9.37368,9.43767,73820
GMD,5/4/2015 00:00:00,9.43767,9.43767,8.8938,8.95779,386280
GMD,5/5/2015 00:00:00,8.98978,9.21372,8.8938,9.21372,261450
GMD,5/6/2015 00:00:00,9.21372,9.40567,9.11775,9.34169,350850
GMD,5/7/2015 00:00:00,9.34169,9.88556,9.34169,9.78958,650870
GMD,5/8/2015 00:00:00,9.75759,10.1415,9.75759,9.88556,467660
GMD,5/11/2015 00:00:00,9.66161,9.85356,9.66161,9.6936,161930
GMD,5/12/2015 00:00:00,9.78958,10.0455,9.75759,9.85356,639670
GMD,5/13/2015 00:00:00,9.85356,10.0135,9.85356,9.88556,249670
GMD,5/14/2015 00:00:00,9.88556,9.94954,9.75759,9.94954,211390
GMD,5/15/2015 00:00:00,9.88556,9.91755,9.75759,9.75759,134890
GMD,5/18/2015 00:00:00,9.7256,9.7256,9.27771,9.27771,215890
GMD,5/19/2015 00:00:00,9.27771,9.50165,9.24571,9.40567,152310
GMD,5/20/2015 00:00:00,9.40567,9.75759,9.40567,9.7256,237550
GMD,5/21/2015 00:00:00,9.75759,9.82157,9.66161,9.82157,156990
GMD,5/22/2015 00:00:00,9.82157,9.85356,9.66161,9.78958,133130
GMD,5/25/2015 00:00:00,9.75759,10.1095,9.75759,10.0775,355830
GMD,5/26/2015 00:00:00,10.1095,10.2055,9.88556,9.88556,342780
GMD,5/27/2015 00:00:00,9.78958,9.98153,9.78958,9.88556,211890
GMD,5/28/2015 00:00:00,9.78958,9.91755,9.75759,9.82157,245600
GMD,5/29/2015 00:00:00,9.78958,9.82157,9.6936,9.82157,216350
GMD,6/1/2015 00:00:00,9.75759,9.85356,9.75759,9.75759,112990
GMD,6/2/2015 00:00:00,9.7256,9.75759,9.62962,9.62962,245670
GMD,6/3/2015 00:00:00,9.62962,9.78958,9.62962,9.7256,110680
GMD,6/4/2015 00:00:00,9.66161,9.78958,9.66161,9.75759,111380
GMD,6/5/2015 00:00:00,9.82157,9.82157,9.7256,9.82157,113600
GMD,6/8/2015 00:00:00,10.0775,10.1415,9.91755,9.91755,397700
GMD,6/9/2015 00:00:00,9.91755,10.0135,9.75759,9.75759,154820
GMD,6/10/2015 00:00:00,9.82157,10.0455,9.75759,9.94954,171290
GMD,6/11/2015 00:00:00,10.0135,10.0135,9.88556,9.91755,146900
GMD,6/12/2015 00:00:00,9.91755,9.94954,9.88556,9.91755,158340
GMD,6/15/2015 00:00:00,9.88556,9.91755,9.82157,9.88556,120380
GMD,6/16/2015 00:00:00,9.88556,9.88556,9.78958,9.85356,98450
GMD,6/17/2015 00:00:00,9.78958,9.85356,9.66161,9.7256,88110
GMD,6/18/2015 00:00:00,9.91755,9.91755,9.75759,9.75759,57780
GMD,6/19/2015 00:00:00,9.7256,9.78958,9.66161,9.6936,176860
GMD,6/22/2015 00:00:00,9.6936,9.78958,9.66161,9.6936,66390
GMD,6/23/2015 00:00:00,9.6936,9.75759,9.66161,9.75759,65200
GMD,6/24/2015 00:00:00,9.85356,9.98153,9.82157,9.82157,167820
GMD,6/25/2015 00:00:00,9.91755,9.91755,9.75759,9.82157,57550
GMD,6/26/2015 00:00:00,9.85356,10.2055,9.82157,9.91755,665310
GMD,6/29/2015 00:00:00,9.91755,10.0135,9.91755,10.0135,192920
GMD,6/30/2015 00:00:00,9.94954,10.0135,9.91755,9.94954,196710
GMD,7/1/2015 00:00:00,9.98153,9.98153,9.85356,9.94954,161670
GMD,7/2/2015 00:00:00,9.98153,10.0455,9.91755,10.0455,328400
GMD,7/3/2015 00:00:00,10.1095,10.2055,10.0455,10.1095,347240
GMD,7/6/2015 00:00:00,10.1735,10.6214,10.1415,10.6214,789380
GMD,7/7/2015 00:00:00,10.6214,10.7813,10.4934,10.5254,336960
GMD,7/8/2015 00:00:00,10.5254,10.5254,10.2375,10.2375,427680
GMD,7/9/2015 00:00:00,10.1735,10.4614,10.1735,10.4614,301100
GMD,7/10/2015 00:00:00,10.5574,10.5574,10.3974,10.3974,144050
GMD,7/13/2015 00:00:00,10.4614,10.4614,10.3015,10.3654,169280
GMD,7/14/2015 00:00:00,10.3334,10.3974,10.2055,10.2375,284500
GMD,7/15/2015 00:00:00,10.2375,10.4294,10.1415,10.2695,258700
GMD,7/16/2015 00:00:00,10.2695,10.3334,10.2055,10.2695,85330
GMD,7/17/2015 00:00:00,10.3654,10.6534,10.2695,10.4934,477260
GMD,7/20/2015 00:00:00,10.5254,10.5574,10.3334,10.4614,168630
GMD,7/21/2015 00:00:00,10.4294,10.8133,10.4294,10.7493,574960
GMD,7/22/2015 00:00:00,10.7174,11.1332,10.7174,11.1332,578620
GMD,7/23/2015 00:00:00,11.0373,11.1652,10.9413,10.9413,221160
GMD,7/24/2015 00:00:00,10.9413,11.1013,10.8773,11.0373,379940
GMD,7/27/2015 00:00:00,11.0053,11.4532,10.8773,11.3572,573920
GMD,7/28/2015 00:00:00,11.2292,11.4212,11.2292,11.3572,263430
GMD,7/29/2015 00:00:00,11.2932,11.4852,11.1972,11.1972,501300
GMD,7/30/2015 00:00:00,11.1013,11.2292,11.0693,11.1013,210870
GMD,7/31/2015 00:00:00,11.0693,11.3252,10.9733,10.9733,161300
GMD,8/3/2015 00:00:00,10.8133,10.9093,10.5894,10.7493,808420
GMD,8/4/2015 00:00:00,10.6214,10.8773,10.6214,10.7174,205890
GMD,8/5/2015 00:00:00,10.6854,10.9413,10.6854,10.9413,101350
GMD,8/6/2015 00:00:00,10.8773,11.0373,10.8773,10.9093,265800
GMD,8/7/2015 00:00:00,10.9093,11.0053,10.8133,10.8773,186190
GMD,8/10/2015 00:00:00,10.9733,11.1972,10.9733,11.1972,286110
GMD,8/11/2015 00:00:00,11.1972,11.3252,11.1013,11.1013,170330
GMD,8/12/2015 00:00:00,11.0693,11.0693,10.8453,10.9093,340370
GMD,8/13/2015 00:00:00,10.9733,10.9733,10.7493,10.7493,350380
GMD,8/14/2015 00:00:00,10.8133,11.0373,10.6214,11.0373,284410
GMD,8/17/2015 00:00:00,11.1332,11.1332,10.8453,10.8453,274250
GMD,8/18/2015 00:00:00,11.0053,11.0053,10.8133,10.9733,80300
GMD,8/19/2015 00:00:00,10.9733,11.0053,10.8133,11.0053,128030
GMD,8/20/2015 00:00:00,11.1013,11.2292,11.0053,11.0693,548510
GMD,8/21/2015 00:00:00,10.9733,11.0373,10.7174,11.0373,284690
GMD,8/24/2015 00:00:00,10.8133,10.9413,10.2695,10.2695,728130
GMD,8/25/2015 00:00:00,9.98153,10.3974,9.91755,10.3015,302060
GMD,8/26/2015 00:00:00,10.3654,10.5574,10.2375,10.5574,150140
GMD,8/27/2015 00:00:00,10.6854,10.8133,10.5894,10.7174,82730
GMD,8/28/2015 00:00:00,10.7174,10.8453,10.6214,10.8453,198240
GMD,8/31/2015 00:00:00,10.8453,10.8453,10.6214,10.6214,132320
GMD,9/1/2015 00:00:00,10.6534,10.6534,10.3974,10.4934,228820
GMD,9/3/2015 00:00:00,10.4294,10.4934,10.2375,10.2375,252640
GMD,9/4/2015 00:00:00,10.2375,10.6534,10.2375,10.5254,304570
GMD,9/7/2015 00:00:00,10.4934,10.4934,10.3974,10.4614,63330
GMD,9/8/2015 00:00:00,10.4614,10.5254,10.3334,10.5254,37630
GMD,9/9/2015 00:00:00,10.5574,10.5894,10.3334,10.4934,123370
GMD,9/10/2015 00:00:00,10.4934,10.4934,10.3974,10.4614,89790
GMD,9/11/2015 00:00:00,10.4614,10.6534,10.4614,10.4934,211950
GMD,9/14/2015 00:00:00,10.6534,10.6534,10.3334,10.3334,77620
GMD,9/15/2015 00:00:00,10.3974,10.3974,10.3334,10.3334,37870
GMD,9/16/2015 00:00:00,10.4614,10.4614,10.3015,10.3334,59570
GMD,9/17/2015 00:00:00,10.3974,10.4614,10.3654,10.4614,50290
GMD,9/18/2015 00:00:00,10.5254,10.6214,10.4614,10.4934,161300
GMD,9/21/2015 00:00:00,10.4934,10.6854,10.4934,10.6854,152310
GMD,9/22/2015 00:00:00,10.6854,10.9733,10.6854,10.9093,356190
GMD,9/23/2015 00:00:00,10.9093,10.9413,10.8453,10.9413,266450
GMD,9/24/2015 00:00:00,10.8773,10.9413,10.8453,10.8773,157010
GMD,9/25/2015 00:00:00,10.9413,11.1013,10.8453,11.1013,259350
GMD,9/28/2015 00:00:00,11.1652,11.1652,10.9093,10.9093,82440
GMD,9/29/2015 00:00:00,10.8773,10.9413,10.8133,10.9413,151010
GMD,9/30/2015 00:00:00,10.9413,11.0693,10.9413,10.9413,175440
GMD,10/1/2015 00:00:00,10.9093,10.9733,10.8133,10.9413,111080
GMD,10/2/2015 00:00:00,10.8773,11.1013,10.8773,11.0053,202970
GMD,10/5/2015 00:00:00,11.1332,11.7731,11.0373,11.7411,825710
GMD,10/6/2015 00:00:00,11.997,12.317,11.965,11.965,689060
GMD,10/7/2015 00:00:00,11.965,11.965,11.6771,11.7731,346550
GMD,10/8/2015 00:00:00,11.7411,12.157,11.7091,12.157,535680
GMD,10/9/2015 00:00:00,12.157,12.6369,12.093,12.317,612250
GMD,10/12/2015 00:00:00,12.285,12.4769,12.285,12.4129,232560
GMD,10/13/2015 00:00:00,12.3489,12.4129,12.317,12.3489,294860
GMD,10/14/2015 00:00:00,12.3489,12.7329,12.317,12.4129,565180
GMD,10/15/2015 00:00:00,12.4129,12.5729,12.4129,12.4449,219620
GMD,10/16/2015 00:00:00,12.4769,12.6369,12.4449,12.4449,276420
GMD,10/19/2015 00:00:00,12.4449,12.5409,12.285,12.4769,227590
GMD,10/20/2015 00:00:00,12.4129,13.2447,12.4129,13.2127,1.22737e+006
GMD,10/21/2015 00:00:00,13.2447,13.4367,13.2127,13.2127,261570
GMD,10/22/2015 00:00:00,13.2447,13.3727,13.0848,13.3087,259850
GMD,10/23/2015 00:00:00,13.3087,13.9166,13.3087,13.7886,496790
GMD,10/26/2015 00:00:00,13.9486,14.1405,13.1168,13.5007,545920
GMD,10/27/2015 00:00:00,13.3727,13.5966,13.3407,13.5007,447120
GMD,10/28/2015 00:00:00,13.4367,13.9805,13.4367,13.5007,799830
GMD,10/29/2015 00:00:00,13.8206,13.8206,13.4687,13.5007,342160
GMD,10/30/2015 00:00:00,13.5007,13.8526,13.4367,13.7246,355980
GMD,11/2/2015 00:00:00,13.7566,13.9166,13.4047,13.4367,505070
GMD,11/3/2015 00:00:00,13.5646,13.7566,13.2767,13.7566,618610
GMD,11/4/2015 00:00:00,13.7886,14.0125,13.5966,13.5966,687540
GMD,11/5/2015 00:00:00,13.5327,13.6926,13.5327,13.5966,474040
GMD,11/6/2015 00:00:00,13.5966,13.6286,12.9568,12.9568,1.13443e+006
GMD,11/9/2015 00:00:00,12.9568,12.9568,12.4769,12.6369,637410
GMD,11/10/2015 00:00:00,12.5729,12.9568,12.5729,12.7009,498570
GMD,11/11/2015 00:00:00,12.9248,12.9248,12.7009,12.7968,230530
GMD,11/12/2015 00:00:00,12.9652,13.0326,12.6285,12.9989,341060
GMD,11/13/2015 00:00:00,12.8979,13.3357,12.8979,13.2009,332860
GMD,11/16/2015 00:00:00,13.302,13.8071,13.302,13.6387,565270
GMD,11/17/2015 00:00:00,13.6387,13.7734,13.302,13.3693,266600
GMD,11/18/2015 00:00:00,13.302,13.403,13.2346,13.2683,172730
GMD,11/19/2015 00:00:00,13.1673,13.2683,12.9315,12.9652,403110
GMD,11/20/2015 00:00:00,12.9652,13.1336,12.8979,12.9652,240960
GMD,11/23/2015 00:00:00,13.0326,13.0326,12.7632,12.7968,296400
GMD,11/24/2015 00:00:00,12.7968,13.0326,12.6958,12.7968,160620
GMD,11/25/2015 00:00:00,12.7295,12.9315,12.6285,12.8642,144400
GMD,11/26/2015 00:00:00,12.8979,12.9652,12.7632,12.8642,156750
GMD,11/27/2015 00:00:00,12.7968,12.9315,12.6621,12.6621,159200
GMD,11/30/2015 00:00:00,12.5948,12.6285,12.359,12.4264,204180
GMD,12/1/2015 00:00:00,12.2917,12.4938,12.2917,12.2917,169590
GMD,12/2/2015 00:00:00,12.359,12.4938,12.3254,12.4601,72960
GMD,12/3/2015 00:00:00,12.3927,12.5611,12.3927,12.4601,64770
GMD,12/4/2015 00:00:00,12.4601,12.4938,12.359,12.4264,96620
GMD,12/7/2015 00:00:00,12.4264,12.7632,12.4264,12.7295,153990
GMD,12/8/2015 00:00:00,12.7295,13.3693,12.5948,13.3693,445490
GMD,12/9/2015 00:00:00,13.4367,13.4367,13.1336,13.1336,318380
GMD,12/10/2015 00:00:00,13.1336,13.1673,12.8642,12.9315,173900
GMD,12/11/2015 00:00:00,13.0326,13.2346,12.9315,13.1336,546380
GMD,12/14/2015 00:00:00,13.1673,13.302,13.0662,13.1336,271850
GMD,12/15/2015 00:00:00,13.0662,13.302,13.0662,13.2009,312370
GMD,12/16/2015 00:00:00,13.2683,13.6724,13.2683,13.504,660630
GMD,12/17/2015 00:00:00,13.5714,13.9418,13.5714,13.7061,315990
GMD,12/18/2015 00:00:00,13.5377,13.9081,13.5377,13.7061,443010
GMD,12/21/2015 00:00:00,13.7061,13.7061,13.3693,13.4704,251900
GMD,12/22/2015 00:00:00,13.4367,13.6387,13.3357,13.4704,210320
GMD,12/23/2015 00:00:00,13.403,13.504,13.302,13.4704,344060
GMD,12/24/2015 00:00:00,13.4704,13.9081,13.4704,13.7061,445120
GMD,12/25/2015 00:00:00,13.7734,13.9081,13.6387,13.7061,323490
GMD,12/28/2015 00:00:00,13.8071,14.2786,13.7061,14.1439,759510
GMD,12/29/2015 00:00:00,14.1439,14.3796,14.1102,14.2112,408500
GMD,12/30/2015 00:00:00,14.3459,14.3459,14.0765,14.2449,285810
GMD,12/31/2015 00:00:00,14.2786,14.4133,14.1439,14.2786,365200
GMD,1/4/2016 00:00:00,14.447,14.649,14.3123,14.4806,504630
GMD,1/5/2016 00:00:00,14.4806,14.548,14.2786,14.3123,388550
GMD,1/6/2016 00:00:00,14.3123,14.3796,14.2449,14.3459,240090
GMD,1/7/2016 00:00:00,14.1775,14.2449,13.6387,13.8071,878590
GMD,1/8/2016 00:00:00,13.6387,13.6724,13.302,13.504,477010
GMD,1/11/2016 00:00:00,13.4704,13.5714,13.2346,13.2683,308980
GMD,1/12/2016 00:00:00,13.2683,13.5377,13.2683,13.4367,355070
GMD,1/13/2016 00:00:00,13.4704,13.7061,13.4704,13.6051,355930
GMD,1/14/2016 00:00:00,13.3693,13.5377,13.3357,13.504,221480
GMD,1/15/2016 00:00:00,13.4704,13.5377,13.2346,13.2346,200490
GMD,1/18/2016 00:00:00,12.9652,13.0999,12.5274,13.0662,418570
GMD,1/19/2016 00:00:00,12.9989,13.302,12.9989,13.2683,139370
GMD,1/20/2016 00:00:00,13.1336,13.504,13.0999,13.3357,136550
GMD,1/21/2016 00:00:00,13.2009,13.403,13.0999,13.1336,196910
GMD,1/22/2016 00:00:00,13.1336,13.302,13.0326,13.1336,148960
GMD,1/25/2016 00:00:00,13.6387,13.7734,13.302,13.6724,237870
GMD,1/26/2016 00:00:00,13.302,13.6387,13.302,13.3693,134140
GMD,1/27/2016 00:00:00,13.6051,13.6051,13.3693,13.5714,97000
GMD,1/28/2016 00:00:00,13.4704,13.6051,13.403,13.4704,50180
GMD,1/29/2016 00:00:00,13.302,13.5377,13.1336,13.4704,165270
GMD,2/1/2016 00:00:00,13.5377,13.7398,13.4704,13.5714,179160
GMD,2/2/2016 00:00:00,13.5714,13.5714,13.4367,13.504,66060
GMD,2/3/2016 00:00:00,13.4367,13.5377,13.2009,13.5377,42410
GMD,2/4/2016 00:00:00,13.504,13.6724,13.4704,13.5714,100000
GMD,2/5/2016 00:00:00,13.504,13.8071,13.504,13.7061,221580
GMD,2/15/2016 00:00:00,13.6387,13.6387,13.504,13.6387,71550
GMD,2/16/2016 00:00:00,13.6387,13.8071,13.6051,13.7061,296550
GMD,2/17/2016 00:00:00,13.8408,13.9081,13.7061,13.7734,185280
GMD,2/18/2016 00:00:00,13.8071,13.8071,13.6051,13.6051,234230
GMD,2/19/2016 00:00:00,13.5714,13.6387,13.1673,13.3357,659910
GMD,2/22/2016 00:00:00,13.3357,13.3693,13.0662,13.302,336630
GMD,2/23/2016 00:00:00,13.2683,13.5377,13.1336,13.3357,206870
GMD,2/24/2016 00:00:00,13.3357,13.3693,13.1336,13.302,284850
GMD,2/25/2016 00:00:00,13.3693,13.3693,13.0662,13.0662,229350
GMD,2/26/2016 00:00:00,13.1336,13.403,13.0662,13.3693,338710
GMD,2/29/2016 00:00:00,13.4704,13.4704,13.2683,13.2683,82030
GMD,3/1/2016 00:00:00,13.2346,13.403,13.1673,13.2346,177480
GMD,3/2/2016 00:00:00,13.2346,13.2683,13.1336,13.1673,400840
GMD,3/3/2016 00:00:00,13.1336,13.2683,13.1336,13.2009,164910
GMD,3/4/2016 00:00:00,13.2009,13.2009,13.0999,13.1336,128930
GMD,3/7/2016 00:00:00,13.1336,13.8071,13.1336,13.4704,669360
GMD,3/8/2016 00:00:00,13.4704,13.4704,13.3693,13.403,130830
GMD,3/9/2016 00:00:00,13.3693,13.7734,13.302,13.5377,363260
GMD,3/10/2016 00:00:00,13.5377,13.6724,13.4704,13.5377,167160
GMD,3/11/2016 00:00:00,13.5377,13.8408,13.4704,13.6387,555230
GMD,3/14/2016 00:00:00,13.7398,13.7398,13.6051,13.6051,161350
GMD,3/15/2016 00:00:00,13.6051,13.7061,13.4704,13.4704,280040
GMD,3/16/2016 00:00:00,13.4367,13.5714,13.3693,13.5714,211980
GMD,3/17/2016 00:00:00,13.6387,13.6724,13.4367,13.4367,311890
GMD,3/18/2016 00:00:00,13.504,13.504,13.403,13.403,175110
GMD,3/21/2016 00:00:00,13.3693,13.4367,13.2346,13.2346,130620
GMD,3/22/2016 00:00:00,13.1336,13.2683,13.1336,13.2346,251930
GMD,3/23/2016 00:00:00,13.2346,13.2346,13.0999,13.1336,287630
GMD,3/24/2016 00:00:00,13.2009,13.3357,13.1336,13.1336,212100
GMD,3/25/2016 00:00:00,13.1336,13.2346,13.1336,13.1673,159130
GMD,3/28/2016 00:00:00,13.1673,13.2346,13.1336,13.2009,120100
GMD,3/29/2016 00:00:00,13.2009,13.2346,13.1336,13.1673,202970
GMD,3/30/2016 00:00:00,13.1336,13.2009,13.0999,13.1336,173250
GMD,3/31/2016 00:00:00,13.1673,13.1673,13.0999,13.1336,174510
GMD,4/1/2016 00:00:00,13.0999,13.0999,12.9652,12.9652,106960
GMD,4/4/2016 00:00:00,12.9652,12.9652,12.6285,12.7632,100140
GMD,4/5/2016 00:00:00,12.7968,12.9315,12.6285,12.9315,101400
GMD,4/6/2016 00:00:00,12.8979,13.1336,12.8305,13.0326,24020
GMD,4/7/2016 00:00:00,13.0326,13.0326,12.8979,12.9315,75710
GMD,4/8/2016 00:00:00,12.9652,13.2009,12.8979,12.9652,373340
GMD,4/11/2016 00:00:00,12.9652,13.3357,12.9652,13.3357,324820
GMD,4/12/2016 00:00:00,13.4704,13.5377,13.3357,13.3693,267580
GMD,4/13/2016 00:00:00,13.4367,13.4367,13.2009,13.2009,205800
GMD,4/14/2016 00:00:00,13.1673,13.3357,13.1673,13.2009,143100
GMD,4/15/2016 00:00:00,13.2009,13.2683,13.0999,13.0999,177840
GMD,4/19/2016 00:00:00,13.0326,13.0326,12.8642,12.8979,183410
GMD,4/20/2016 00:00:00,12.8642,12.9652,12.8642,12.9652,207870
GMD,4/21/2016 00:00:00,12.9989,13.0326,12.8979,12.9989,173770
GMD,4/22/2016 00:00:00,12.9989,13.2346,12.9989,13.2009,180570
GMD,4/25/2016 00:00:00,13.1336,13.2009,13.0662,13.0662,122500
GMD,4/26/2016 00:00:00,13.0999,13.4704,13.0999,13.4704,319060
GMD,4/27/2016 00:00:00,13.504,13.504,13.302,13.403,190500
GMD,4/28/2016 00:00:00,13.2346,13.6387,13.2346,13.6387,253020
GMD,4/29/2016 00:00:00,13.6724,14.2449,13.6051,13.9418,448280
GMD,5/4/2016 00:00:00,13.8745,14.4133,13.7398,14.2786,467470
GMD,5/5/2016 00:00:00,14.3459,14.4133,14.1102,14.1102,222360
GMD,5/6/2016 00:00:00,14.1102,14.1102,13.8408,13.8745,262520
GMD,5/9/2016 00:00:00,13.9081,14.2112,13.9081,14.0765,208420
GMD,5/10/2016 00:00:00,13.9081,14.1439,13.9081,14.1102,136350
GMD,5/11/2016 00:00:00,14.2449,14.4806,14.2112,14.3459,603320
GMD,5/12/2016 00:00:00,14.548,14.548,14.2786,14.3123,303410
GMD,5/13/2016 00:00:00,14.2786,14.3123,14.0765,14.3123,247780
GMD,5/16/2016 00:00:00,14.1775,14.2786,14.1439,14.2449,115740
GMD,5/17/2016 00:00:00,14.4806,14.9521,14.4806,14.8174,1.12794e+006
GMD,5/18/2016 00:00:00,14.9858,14.9858,14.6827,14.75,325700
GMD,5/19/2016 00:00:00,14.6827,15.1205,14.6827,15.1205,475100
GMD,5/20/2016 00:00:00,15.1541,15.3899,15.0868,15.1541,509110
GMD,5/23/2016 00:00:00,15.3225,15.3562,15.1205,15.3225,401080
GMD,5/24/2016 00:00:00,15.3899,15.3899,14.9184,14.9184,405480
GMD,5/25/2016 00:00:00,14.9858,15.0194,14.3459,14.3459,450520
GMD,5/26/2016 00:00:00,14.3796,14.649,14.2786,14.447,491400
GMD,5/27/2016 00:00:00,14.8355,15.1004,14.5706,14.8885,401820
GMD,5/30/2016 00:00:00,14.9945,15.0474,14.5706,14.6236,142180
GMD,5/31/2016 00:00:00,14.5706,14.6236,14.4646,14.5176,155900
GMD,6/1/2016 00:00:00,14.5176,14.6236,14.4116,14.5176,158780
GMD,6/2/2016 00:00:00,14.5176,15.3124,14.4646,15.1004,555990
GMD,6/3/2016 00:00:00,15.2064,15.5243,15.2064,15.3653,458820
GMD,6/6/2016 00:00:00,15.3653,15.3653,14.9945,15.0474,232890
GMD,6/7/2016 00:00:00,14.8885,15.1534,14.8885,14.9415,180440
GMD,6/8/2016 00:00:00,14.9415,15.0474,14.8355,14.9945,245450
GMD,6/9/2016 00:00:00,14.9945,15.1004,14.8885,15.0474,369300
GMD,6/10/2016 00:00:00,15.0474,15.5243,15.0474,15.3124,415980
GMD,6/13/2016 00:00:00,15.3124,15.3124,15.0474,15.2064,92060
GMD,6/14/2016 00:00:00,15.1004,15.2594,14.9415,15.2594,181710
GMD,6/15/2016 00:00:00,15.2594,15.2594,14.9945,15.2064,159760
GMD,6/16/2016 00:00:00,15.2064,15.2594,15.1004,15.1004,140380
GMD,6/17/2016 00:00:00,15.0474,15.0474,14.7295,14.7825,286690
GMD,6/20/2016 00:00:00,14.7295,14.8355,14.5706,14.7825,225640
GMD,6/21/2016 00:00:00,14.7825,14.9945,14.6766,14.7295,234770
GMD,6/22/2016 00:00:00,14.7295,14.8885,14.5706,14.6236,155400
GMD,6/23/2016 00:00:00,14.7295,14.7295,14.5176,14.6236,148030
GMD,6/24/2016 00:00:00,14.6236,14.6236,13.6169,14.2527,773730
GMD,6/27/2016 00:00:00,13.8818,14.1997,13.6699,14.1997,173390
GMD,6/28/2016 00:00:00,14.1997,14.1997,13.9878,14.0407,88840
GMD,6/29/2016 00:00:00,13.8818,14.5176,13.8818,14.5176,224310
GMD,6/30/2016 00:00:00,14.4116,14.5706,14.2527,14.2527,174950
GMD,7/1/2016 00:00:00,14.0407,14.3057,13.9878,14.0937,339190
GMD,7/4/2016 00:00:00,14.3057,14.6236,14.1997,14.5176,369500
GMD,7/5/2016 00:00:00,14.5176,14.6236,14.4116,14.4116,278180
GMD,7/6/2016 00:00:00,14.3057,14.4116,14.1997,14.3057,228150
GMD,7/7/2016 00:00:00,14.3057,14.5176,14.2527,14.3586,329420
GMD,7/8/2016 00:00:00,14.3586,14.9945,14.3057,14.8355,714210
GMD,7/11/2016 00:00:00,14.8355,15.2594,14.6236,14.8885,704610
GMD,7/12/2016 00:00:00,14.8355,15.1004,14.6766,14.8355,303250
GMD,7/13/2016 00:00:00,14.9945,15.1004,14.7825,14.8355,416840
GMD,7/14/2016 00:00:00,14.8355,14.9945,14.5176,14.5176,564000
GMD,7/15/2016 00:00:00,14.5176,14.7295,14.2527,14.4116,379020
GMD,7/18/2016 00:00:00,14.4116,14.6236,14.4116,14.5176,163920
GMD,7/19/2016 00:00:00,14.5706,14.5706,14.3586,14.4116,302190
GMD,7/20/2016 00:00:00,14.4116,14.4116,14.2527,14.2527,196650
GMD,7/21/2016 00:00:00,14.3057,14.3057,14.1467,14.1467,262460
GMD,7/22/2016 00:00:00,14.3057,14.3057,13.7758,14.0407,732020
GMD,7/25/2016 00:00:00,14.0407,14.1467,13.8818,13.9348,93580
GMD,7/26/2016 00:00:00,13.9348,13.9348,13.7228,13.7228,387410
GMD,7/27/2016 00:00:00,13.6169,13.9878,13.6169,13.9348,170600
GMD,7/28/2016 00:00:00,14.0407,14.0407,13.7758,13.7758,132400
GMD,7/29/2016 00:00:00,13.9348,14.0937,13.8288,13.9348,256230
GMD,8/1/2016 00:00:00,13.8288,13.9348,13.8288,13.8288,61720
GMD,8/2/2016 00:00:00,13.7758,13.7758,13.6169,13.6169,249360
GMD,8/3/2016 00:00:00,13.4579,13.6169,13.352,13.352,190160
GMD,8/4/2016 00:00:00,13.299,13.5109,13.087,13.246,175590
GMD,8/5/2016 00:00:00,13.299,13.9878,13.299,13.8288,428850
GMD,8/8/2016 00:00:00,14.0937,14.4646,14.0937,14.2527,434900
GMD,8/9/2016 00:00:00,13.9878,14.2527,13.9348,13.9878,243550
GMD,8/10/2016 00:00:00,13.8818,14.2527,13.8818,14.1997,387190
GMD,8/11/2016 00:00:00,14.4116,14.8885,14.4116,14.6766,1.13327e+006
GMD,8/12/2016 00:00:00,14.7295,14.8355,14.4646,14.5706,362680
GMD,8/15/2016 00:00:00,14.5706,14.6766,14.4646,14.5706,250200
GMD,8/16/2016 00:00:00,14.5176,15.3124,14.5176,15.2064,1.911e+006
GMD,8/17/2016 00:00:00,15.3124,16.0541,15.2594,15.8952,1.6902e+006
GMD,8/18/2016 00:00:00,16.0012,16.2661,15.6303,15.8952,729050
GMD,8/19/2016 00:00:00,15.4713,15.8422,15.4713,15.4713,919980
GMD,8/22/2016 00:00:00,15.3653,15.7892,15.2594,15.2594,687230
GMD,8/23/2016 00:00:00,15.2064,15.5773,15.2064,15.4713,363900
GMD,8/24/2016 00:00:00,15.6832,15.8422,15.4183,15.4183,518880
GMD,8/25/2016 00:00:00,15.4183,15.5243,14.9945,14.9945,572920
GMD,8/26/2016 00:00:00,15.1004,15.5243,14.9945,15.1004,405950
GMD,8/29/2016 00:00:00,15.3653,15.3653,14.6236,14.6236,472310
GMD,8/30/2016 00:00:00,14.6236,14.8355,14.5706,14.6766,311180
GMD,8/31/2016 00:00:00,14.6766,15.0474,14.6766,14.9415,267680
GMD,9/1/2016 00:00:00,15.1004,15.1004,14.7295,14.7825,195860
GMD,9/5/2016 00:00:00,14.7825,14.7825,14.5176,14.5176,369700
GMD,9/6/2016 00:00:00,14.5706,14.7295,14.4116,14.6766,537180
GMD,9/7/2016 00:00:00,14.7825,14.8355,14.6766,14.7825,232640
GMD,9/8/2016 00:00:00,14.7825,15.3124,14.6766,15.1004,583040
GMD,9/9/2016 00:00:00,14.9945,15.2064,14.8355,14.9415,457440
GMD,9/12/2016 00:00:00,14.8355,14.9415,14.6236,14.6766,179080
GMD,9/13/2016 00:00:00,14.6766,14.7295,14.4911,14.6766,185540
GMD,9/14/2016 00:00:00,14.6236,14.703,14.4116,14.4116,387510
GMD,9/15/2016 00:00:00,14.3586,14.5176,14.1997,14.2262,299670
GMD,9/16/2016 00:00:00,14.3057,14.5176,14.2792,14.4911,182220
GMD,9/19/2016 00:00:00,14.5706,14.5706,14.2262,14.3057,367500
GMD,9/20/2016 00:00:00,14.3057,14.5176,14.1997,14.3586,127600
GMD,9/21/2016 00:00:00,14.5706,14.6236,14.5176,14.5441,282700
GMD,9/22/2016 00:00:00,14.5441,14.8885,14.4911,14.6501,452460
GMD,9/23/2016 00:00:00,14.6501,15.2064,14.6501,15.0474,557190
GMD,9/26/2016 00:00:00,15.0209,15.4713,14.9415,15.3653,799740
GMD,9/27/2016 00:00:00,15.3653,15.4713,15.2064,15.3653,458480
GMD,9/28/2016 00:00:00,15.3653,15.4713,15.1004,15.1534,551130
GMD,9/29/2016 00:00:00,15.1534,15.9482,15.1534,15.6832,1.32431e+006
GMD,9/30/2016 00:00:00,15.7362,15.7362,15.4713,15.5243,312610
GMD,10/3/2016 00:00:00,15.5243,15.6832,15.3918,15.4183,210460
GMD,10/4/2016 00:00:00,15.3918,15.4183,14.8885,15.0474,464270
GMD,10/5/2016 00:00:00,15.0474,15.2594,14.8355,14.9415,284080
GMD,10/6/2016 00:00:00,14.9415,15.1534,14.9415,14.9945,213960
GMD,10/7/2016 00:00:00,14.8355,15.1004,14.6766,14.809,464750
GMD,10/10/2016 00:00:00,14.809,14.8355,14.4646,14.4646,222380
GMD,10/11/2016 00:00:00,14.5706,14.8355,14.3057,14.8355,446890
GMD,10/12/2016 00:00:00,14.8355,15.0474,14.7295,14.7295,259310
GMD,10/13/2016 00:00:00,14.5971,14.862,14.5971,14.809,167280
GMD,10/14/2016 00:00:00,14.809,14.8355,14.6766,14.7295,144600
GMD,10/17/2016 00:00:00,14.6236,14.7295,14.5971,14.7295,205210
GMD,10/18/2016 00:00:00,14.6501,14.7295,14.6236,14.6236,162390
GMD,10/19/2016 00:00:00,14.6236,14.7825,14.5971,14.5971,139400
GMD,10/20/2016 00:00:00,14.5706,14.5971,14.4116,14.4646,303700
GMD,10/21/2016 00:00:00,14.4116,14.5176,14.4116,14.5176,250330
GMD,10/24/2016 00:00:00,14.5706,14.703,14.4381,14.5176,149680
GMD,10/25/2016 00:00:00,14.5176,14.5176,14.3057,14.3851,118920
GMD,10/26/2016 00:00:00,14.3586,14.5176,14.2527,14.5176,182990
GMD,10/27/2016 00:00:00,14.3586,14.5176,14.3322,14.4116,124430
GMD,10/28/2016 00:00:00,14.4116,14.6501,14.4116,14.5176,89870
GMD,10/31/2016 00:00:00,14.5176,14.6236,14.4116,14.4116,64130
GMD,11/1/2016 00:00:00,14.4116,14.4646,14.1997,14.3057,309100
GMD,11/2/2016 00:00:00,14.2792,14.2792,14.0407,14.0407,214960
GMD,11/3/2016 00:00:00,14.0407,14.0407,13.7228,13.8818,356090
GMD,11/4/2016 00:00:00,14.0407,14.1467,13.8818,13.9083,29870
GMD,11/7/2016 00:00:00,13.8818,14.3057,13.8818,14.2792,162760
GMD,11/8/2016 00:00:00,14.3057,14.5176,14.1202,14.1202,180800
GMD,11/9/2016 00:00:00,14.0937,14.0937,13.5639,13.8553,438440
GMD,11/10/2016 00:00:00,14.0407,14.2527,14.0407,14.0937,125680
GMD,11/11/2016 00:00:00,14.0407,14.1467,13.9348,13.9348,41510
GMD,11/14/2016 00:00:00,13.8818,13.9348,13.8288,13.8818,141640
GMD,11/15/2016 00:00:00,13.9878,14.1467,13.9083,14.0407,65320
GMD,11/16/2016 00:00:00,14.1732,14.1997,13.9878,14.1997,223360
GMD,11/17/2016 00:00:00,14.1467,14.5706,14.0407,14.1732,167900
GMD,11/18/2016 00:00:00,14.1997,14.3057,13.9348,13.9878,123150
GMD,11/21/2016 00:00:00,13.9878,14.1997,13.8818,14.1467,108550
GMD,11/22/2016 00:00:00,14.0407,14.1997,13.9613,14.0937,240470
GMD,11/23/2016 00:00:00,14.0937,14.5706,14.0407,14.4116,435640
GMD,11/24/2016 00:00:00,14.3057,14.703,14.1997,14.4116,579640
GMD,11/25/2016 00:00:00,14.5706,14.8885,14.4646,14.5706,551540
GMD,11/28/2016 00:00:00,14.5706,14.7295,14.5176,14.6766,448100
GMD,11/29/2016 00:00:00,14.7825,14.7825,14.4646,14.4646,220690
GMD,11/30/2016 00:00:00,14.4646,14.5971,14.3586,14.4116,153350
GMD,12/1/2016 00:00:00,14.4646,14.6766,14.4116,14.4381,221440
GMD,12/2/2016 00:00:00,14.4646,14.4646,14.1997,14.1997,216930
GMD,12/5/2016 00:00:00,14.1997,14.4116,14.1997,14.4116,376480
GMD,12/6/2016 00:00:00,14.5176,14.5176,14.2527,14.2527,740910
GMD,12/7/2016 00:00:00,14.4116,14.4116,14.2792,14.2792,166510
GMD,12/8/2016 00:00:00,14.3586,14.3851,14.2527,14.2527,129990
GMD,12/9/2016 00:00:00,14.2527,14.3057,14.1997,14.2527,85780
GMD,12/12/2016 00:00:00,14.2527,14.2527,14.0937,14.1202,114720
GMD,12/13/2016 00:00:00,14.0672,14.1202,13.9878,13.9878,212080
GMD,12/14/2016 00:00:00,14.2527,14.2527,13.9613,13.9878,101560
GMD,12/15/2016 00:00:00,14.0407,14.1202,13.9878,14.0672,61950
GMD,12/16/2016 00:00:00,14.0672,14.5706,14.0672,14.1997,153980
GMD,12/19/2016 00:00:00,14.3057,14.3057,14.2262,14.2527,75100
GMD,12/20/2016 00:00:00,14.2527,14.2527,14.0407,14.2527,87790
GMD,12/21/2016 00:00:00,14.1997,14.3057,14.0937,14.0937,62160
GMD,12/22/2016 00:00:00,14.0407,14.1997,13.9878,13.9878,129800
GMD,12/23/2016 00:00:00,14.0407,14.0407,13.9348,13.9878,98060
GMD,12/26/2016 00:00:00,13.9878,14.1467,13.9348,13.9613,125910
GMD,12/27/2016 00:00:00,13.9878,14.1732,13.9348,14.0407,170960
GMD,12/28/2016 00:00:00,14.0407,14.0937,13.9348,13.9613,146640
GMD,12/29/2016 00:00:00,14.0672,14.2792,13.9878,14.1732,194030
GMD,12/30/2016 00:00:00,14.1997,14.3057,14.0937,14.3057,261250
GMD,1/3/2017 00:00:00,14.3057,14.3851,14.1997,14.2262,88760
GMD,1/4/2017 00:00:00,14.2527,14.3057,14.1997,14.1997,151090
GMD,1/5/2017 00:00:00,14.1997,14.2527,14.1997,14.2527,50590
GMD,1/6/2017 00:00:00,14.2792,14.7295,14.2792,14.6236,305170
GMD,1/9/2017 00:00:00,14.6236,14.8355,14.3586,14.6236,432100
GMD,1/10/2017 00:00:00,14.6236,14.6236,14.4646,14.4911,113250
GMD,1/11/2017 00:00:00,14.5441,15.1534,14.4116,15.1534,820090
GMD,1/12/2017 00:00:00,15.1534,15.5243,14.9945,15.2064,1.04627e+006
GMD,1/13/2017 00:00:00,15.0739,15.3389,15.0739,15.3389,333650
GMD,1/16/2017 00:00:00,15.3389,15.3389,15.0474,15.1269,294050
GMD,1/17/2017 00:00:00,15.1534,15.1534,14.9945,15.1004,448450
GMD,1/18/2017 00:00:00,15.1004,15.1004,14.9415,14.9945,186450
GMD,1/19/2017 00:00:00,14.8355,14.968,14.756,14.8355,190900
GMD,1/20/2017 00:00:00,14.8355,14.9415,14.5706,14.7825,323710
GMD,1/23/2017 00:00:00,14.5971,14.7825,14.5971,14.7295,105000
GMD,1/24/2017 00:00:00,14.7295,14.7825,14.5971,14.7295,91450
GMD,1/25/2017 00:00:00,14.7825,14.9945,14.5971,14.9945,193110
GMD,2/2/2017 00:00:00,15.2594,15.2594,14.862,14.915,63420
GMD,2/3/2017 00:00:00,14.915,14.915,14.6766,14.8355,277240
GMD,2/6/2017 00:00:00,14.8355,15.1534,14.7295,14.9945,194090
GMD,2/7/2017 00:00:00,14.8355,14.9945,14.7825,14.9415,228450
GMD,2/8/2017 00:00:00,14.9415,14.9415,14.809,14.9415,153730
GMD,2/9/2017 00:00:00,14.9415,14.9415,14.756,14.756,174900
GMD,2/10/2017 00:00:00,14.756,15.2064,14.756,15.1799,1.32489e+006
GMD,2/13/2017 00:00:00,15.1004,15.6832,15.1004,15.6303,1.24116e+006
GMD,2/14/2017 00:00:00,15.6303,15.7627,15.4448,15.5243,554460
GMD,2/15/2017 00:00:00,15.4183,16.3985,15.4183,16.3985,2.43921e+006
GMD,2/16/2017 00:00:00,16.425,16.8754,16.2661,16.478,1.10811e+006
GMD,2/17/2017 00:00:00,16.425,16.9019,16.372,16.8489,929280
GMD,2/20/2017 00:00:00,16.425,17.4847,16.3191,17.2198,1.46596e+006
GMD,2/21/2017 00:00:00,17.3257,17.8026,17.2198,17.3257,1.89282e+006
GMD,2/22/2017 00:00:00,17.3257,17.4317,16.9549,17.0078,695510
GMD,2/23/2017 00:00:00,16.9284,17.9086,16.8489,17.9086,1.21785e+006
GMD,2/24/2017 00:00:00,18.2265,18.6503,17.9616,17.9616,1.25901e+006
GMD,2/27/2017 00:00:00,17.8556,18.4384,17.6437,18.2795,883690
GMD,2/28/2017 00:00:00,18.2795,18.5444,17.9616,18.3854,794860
GMD,3/1/2017 00:00:00,18.3854,18.3854,17.6172,18.0145,789050
GMD,3/2/2017 00:00:00,18.0145,18.2795,17.7496,17.7496,706100
GMD,3/3/2017 00:00:00,17.7496,17.8026,17.3257,17.5377,494650
GMD,3/6/2017 00:00:00,17.7496,17.9616,17.4847,17.8026,465820
GMD,3/7/2017 00:00:00,17.8026,18.7563,17.8026,18.7563,1.79904e+006
GMD,3/8/2017 00:00:00,18.8623,20.0544,18.7033,19.4981,2.11198e+006
GMD,3/9/2017 00:00:00,19.4981,20.0544,19.3921,19.816,790290
GMD,3/10/2017 00:00:00,19.816,19.9749,19.4451,19.6041,863420
GMD,3/13/2017 00:00:00,19.6041,19.922,19.5511,19.657,690280
GMD,3/14/2017 00:00:00,19.816,19.816,19.3391,19.3921,572890
GMD,3/15/2017 00:00:00,19.2332,19.6041,18.7033,18.7033,1.62551e+006
GMD,3/16/2017 00:00:00,18.7563,19.3921,18.5444,19.3921,1.32599e+006
GMD,3/17/2017 00:00:00,19.3921,19.5511,18.9683,19.2332,504040
GMD,3/20/2017 00:00:00,19.0742,19.2597,18.9418,18.9418,551040
GMD,3/21/2017 00:00:00,18.9418,19.0212,18.5444,18.5444,1.2101e+006
GMD,3/22/2017 00:00:00,18.5444,18.5444,17.7496,18.0675,1.43793e+006
GMD,3/23/2017 00:00:00,18.2795,18.5444,17.8556,18.5444,678420
GMD,3/24/2017 00:00:00,18.6503,18.8093,18.2265,18.6768,704630
GMD,3/27/2017 00:00:00,18.6768,18.6768,18.3324,18.3854,403410
GMD,3/28/2017 00:00:00,18.3324,18.8093,18.3324,18.4914,616870
GMD,3/29/2017 00:00:00,18.4914,18.4914,18.2265,18.2795,440270
GMD,3/30/2017 00:00:00,18.1735,18.1735,17.7496,17.8291,1.17946e+006
GMD,3/31/2017 00:00:00,17.8291,18.3589,17.8026,18.3324,754910
GMD,4/3/2017 00:00:00,18.3324,18.3589,18.0145,18.2265,561860
GMD,4/4/2017 00:00:00,18.2265,18.3589,18.1205,18.1735,580890
GMD,4/5/2017 00:00:00,18.2265,18.2795,17.8556,17.9086,600910
GMD,4/7/2017 00:00:00,17.8556,17.8556,17.6437,17.6701,356870
GMD,4/10/2017 00:00:00,17.6701,17.9086,17.3257,17.6966,515640
GMD,4/11/2017 00:00:00,17.9086,18.1735,17.8026,17.9086,668140
GMD,4/12/2017 00:00:00,17.9086,17.9616,17.6437,17.7496,205110
GMD,4/13/2017 00:00:00,17.7496,17.7496,17.2463,17.2463,473800
GMD,4/14/2017 00:00:00,16.9549,17.1668,16.584,16.7429,1.09458e+006
GMD,4/17/2017 00:00:00,16.7429,17.1403,16.637,16.6899,409220
GMD,4/18/2017 00:00:00,16.6899,16.8754,16.478,16.8754,328100
GMD,4/19/2017 00:00:00,16.9549,17.4317,16.8754,17.4317,437390
GMD,4/20/2017 00:00:00,17.4847,17.4847,17.1138,17.1138,354510
GMD,4/21/2017 00:00:00,17.0078,17.3787,17.0078,17.2198,372010
GMD,4/24/2017 00:00:00,17.2198,17.4847,17.0608,17.0608,333690
GMD,4/25/2017 00:00:00,17.0608,17.1668,16.9549,17.1403,276660
GMD,4/26/2017 00:00:00,17.1403,17.4317,16.9549,17.3257,404680
GMD,4/27/2017 00:00:00,17.3257,18.0145,17.3257,17.9351,814820
GMD,4/28/2017 00:00:00,17.8026,18.5974,17.7761,18.4649,1.54866e+006
GMD,5/3/2017 00:00:00,18.6503,19.1802,18.5974,19.0742,1.60579e+006
GMD,5/4/2017 00:00:00,19.0742,19.4451,18.7033,19.0742,1.96456e+006
GMD,5/5/2017 00:00:00,18.9153,19.2332,18.8093,19.1007,840030
GMD,5/8/2017 00:00:00,19.1272,19.6041,19.1272,19.3126,1.11101e+006
GMD,5/9/2017 00:00:00,19.2862,19.3921,19.1007,19.2597,628000
GMD,5/10/2017 00:00:00,19.2597,19.3126,18.8623,18.8623,705960
GMD,5/11/2017 00:00:00,18.8093,18.9153,18.4649,18.5179,962040
GMD,5/12/2017 00:00:00,18.5444,19.7895,18.5444,19.7895,782250
GMD,5/15/2017 00:00:00,21.1671,21.1671,21.1671,21.1671,1.09798e+006
GMD,5/16/2017 00:00:00,21.4585,21.7234,20.5843,20.6637,2.61837e+006
GMD,5/17/2017 00:00:00,20.6637,21.1406,20.5578,20.9816,833580
GMD,5/18/2017 00:00:00,20.8227,21.1936,20.4518,20.4518,764610
GMD,5/19/2017 00:00:00,20.4518,21.8824,20.4518,21.8824,1.78088e+006
GMD,5/22/2017 00:00:00,22.5182,22.5712,20.7697,20.9816,1.6213e+006
GMD,5/23/2017 00:00:00,21.1936,22.1473,20.9816,21.3525,1.26087e+006
GMD,5/24/2017 00:00:00,22.7831,22.7831,22.0943,22.3327,2.29125e+006
GMD,5/25/2017 00:00:00,22.0413,22.3592,21.8824,22.2533,1.20387e+006
GMD,5/26/2017 00:00:00,22.5182,23.5779,21.9618,22.7036,4.66404e+006
GMD,5/29/2017 00:00:00,22.7036,22.9156,21.9883,22.1473,2.00786e+006
GMD,5/30/2017 00:00:00,22.2533,22.2533,21.1936,21.4585,1.93198e+006
GMD,5/31/2017 00:00:00,21.2466,21.6174,21.0346,21.1936,1.13949e+006
GMD,6/1/2017 00:00:00,21.1936,21.7234,21.1406,21.4055,865760
GMD,6/2/2017 00:00:00,21.3525,21.6969,21.0876,21.6174,676510
GMD,6/5/2017 00:00:00,21.6174,21.8824,21.5115,21.5645,662790
GMD,6/6/2017 00:00:00,21.4585,21.7234,21.4055,21.4585,637780
GMD,6/7/2017 00:00:00,21.4055,22.3062,21.1936,21.9883,1.97989e+006
GMD,6/8/2017 00:00:00,22.1473,22.4652,21.8824,22.2003,821310
GMD,6/9/2017 00:00:00,22.2003,22.4387,22.1208,22.2003,706130
GMD,6/12/2017 00:00:00,22.1473,22.6771,22.1473,22.2533,1.02161e+006
GMD,6/13/2017 00:00:00,22.0148,22.4652,21.6704,21.7764,1.05753e+006
GMD,6/14/2017 00:00:00,21.6439,21.8824,21.5645,21.8029,766540
GMD,6/15/2017 00:00:00,21.8294,22.1473,21.5645,21.7234,598180
GMD,6/16/2017 00:00:00,21.7234,22.7831,21.7234,22.7831,2.01002e+006
GMD,6/19/2017 00:00:00,23.207,23.8428,23.048,23.4189,2.53253e+006
GMD,6/20/2017 00:00:00,23.5779,23.7103,22.8891,23.101,1.18367e+006
GMD,6/21/2017 00:00:00,23.101,23.3129,22.6771,22.9685,823370
GMD,6/22/2017 00:00:00,22.995,23.5514,22.995,23.5249,1.2613e+006
GMD,6/23/2017 00:00:00,23.5249,24.2666,23.3129,24.0017,1.47633e+006
GMD,6/26/2017 00:00:00,24.1607,24.1607,23.6308,23.6308,607030
GMD,6/27/2017 00:00:00,23.6308,23.6308,22.8891,22.942,2.05315e+006
GMD,6/28/2017 00:00:00,23.048,23.26,22.6241,23.101,806870
GMD,6/29/2017 00:00:00,23.101,23.3129,22.8361,23.1805,458450
GMD,6/30/2017 00:00:00,23.2335,23.2335,22.7831,22.7831,774160
GMD,7/3/2017 00:00:00,22.7301,23.154,22.7301,22.8096,623780
GMD,7/4/2017 00:00:00,22.7831,22.995,22.6771,22.7036,920210
GMD,7/5/2017 00:00:00,22.7036,23.3129,22.7036,23.2864,690520
GMD,7/6/2017 00:00:00,23.26,23.3129,23.0745,23.154,408840
GMD,7/7/2017 00:00:00,23.1275,23.3659,22.7831,22.8361,715120
GMD,7/10/2017 00:00:00,22.8361,22.8361,22.2003,22.3062,1.05952e+006
GMD,7/11/2017 00:00:00,22.2533,22.4122,21.7764,22.2003,502090
GMD,7/12/2017 00:00:00,22.2003,22.5712,22.1473,22.4387,248130
GMD,7/13/2017 00:00:00,22.3327,22.6506,22.2797,22.3857,248230
GMD,7/14/2017 00:00:00,22.3592,22.4652,22.2003,22.3592,522080
GMD,7/17/2017 00:00:00,22.2533,22.2533,21.8294,21.9883,581480
GMD,7/18/2017 00:00:00,21.8294,22.3062,21.7234,21.9883,567950
GMD,7/19/2017 00:00:00,21.9883,22.4652,21.9883,22.2533,455420
GMD,7/20/2017 00:00:00,22.3592,22.3592,21.8824,21.9883,417910
GMD,7/21/2017 00:00:00,22.2003,22.2003,21.8294,21.8294,247180
GMD,7/24/2017 00:00:00,21.7234,21.8294,20.3458,20.3458,708620
GMD,7/25/2017 00:00:00,20.3193,21.1936,20.3193,20.9287,662350
GMD,7/26/2017 00:00:00,20.9287,21.5645,20.9287,21.2466,440590
GMD,7/27/2017 00:00:00,21.1936,21.4055,20.8757,21.0346,402540
GMD,7/28/2017 00:00:00,20.9287,21.4585,20.9287,21.4585,354930
GMD,7/31/2017 00:00:00,21.1936,21.5645,21.0611,21.4585,347320
GMD,8/1/2017 00:00:00,21.4585,21.8824,21.4055,21.7234,394010
GMD,8/2/2017 00:00:00,21.4585,21.6704,21.2731,21.326,484740
GMD,8/3/2017 00:00:00,21.4585,21.6174,21.326,21.3525,298080
GMD,8/4/2017 00:00:00,21.4585,22.4652,21.4585,22.0148,1.41569e+006
GMD,8/7/2017 00:00:00,22.0148,22.5182,22.0148,22.1738,685610
GMD,8/8/2017 00:00:00,22.4122,22.4652,22.1473,22.1473,652130
GMD,8/9/2017 00:00:00,22.0678,22.1473,21.2995,21.4585,1.09147e+006
GMD,8/10/2017 00:00:00,21.2995,21.6704,21.2466,21.379,405500
GMD,8/11/2017 00:00:00,21.4055,21.4585,21.0346,21.1406,455340
GMD,8/14/2017 00:00:00,21.0876,21.3525,21.0346,21.2201,234320
GMD,8/15/2017 00:00:00,21.432,21.7234,21.2466,21.4585,402280
GMD,8/16/2017 00:00:00,21.3525,21.8294,21.3525,21.6969,511690
GMD,8/17/2017 00:00:00,21.6969,22.1473,21.6704,21.8824,675390
GMD,8/18/2017 00:00:00,21.8824,21.9354,21.7234,21.7234,186470
GMD,8/21/2017 00:00:00,21.9883,21.9883,21.4585,21.4585,284480
GMD,8/22/2017 00:00:00,21.6174,21.6174,21.2466,21.2995,181560
GMD,8/23/2017 00:00:00,21.2995,21.5645,21.2466,21.5645,168800
GMD,8/24/2017 00:00:00,21.4585,21.6704,21.2995,21.3525,266190
GMD,8/25/2017 00:00:00,21.4585,21.5645,21.379,21.5115,366260
GMD,8/28/2017 00:00:00,21.5115,22.7301,21.5115,22.5712,2.16691e+006
GMD,8/29/2017 00:00:00,22.6241,22.8361,22.4652,22.4917,672670
GMD,8/30/2017 00:00:00,22.3062,22.7301,22.3062,22.3857,534560
GMD,8/31/2017 00:00:00,22.5182,22.6771,22.2533,22.5712,804590
GMD,9/1/2017 00:00:00,22.6771,23.101,22.5182,22.7831,1.16213e+006
GMD,9/5/2017 00:00:00,22.7301,23.0215,22.5977,22.6241,801000
GMD,9/6/2017 00:00:00,22.6241,22.7301,22.4652,22.5182,379470
GMD,9/7/2017 00:00:00,22.5182,22.942,22.4122,22.4122,815650
GMD,9/8/2017 00:00:00,22.4122,22.4652,21.8294,21.8824,841690
GMD,9/11/2017 00:00:00,21.8294,22.2003,21.5115,21.5115,676180
GMD,9/12/2017 00:00:00,21.5115,21.8294,21.4585,21.7764,758190
GMD,9/13/2017 00:00:00,21.7764,22.1208,21.7764,22.1208,266240
GMD,9/14/2017 00:00:00,22.1208,22.4652,22.0943,22.1738,653110
GMD,9/15/2017 00:00:00,22.2268,22.3592,21.9354,22.0413,314880
GMD,9/18/2017 00:00:00,22.0413,22.5182,22.0413,22.2268,523080
GMD,9/19/2017 00:00:00,22.4652,22.4652,22.0943,22.0943,488180
GMD,9/20/2017 00:00:00,22.0943,22.4122,22.0678,22.0943,364630
GMD,9/21/2017 00:00:00,22.2003,22.2268,22.0678,22.1473,324340
GMD,9/22/2017 00:00:00,22.1473,22.2268,21.9883,22.0413,742930
GMD,9/25/2017 00:00:00,22.0413,22.5182,21.9883,22.3062,805110
GMD,9/26/2017 00:00:00,22.7566,23.5779,22.6241,23.5779,2.46632e+006
GMD,9/27/2017 00:00:00,23.5779,23.6838,22.942,22.942,963490
GMD,9/28/2017 00:00:00,23.048,23.207,22.5447,22.7036,762850
GMD,9/29/2017 00:00:00,22.7831,23.4189,22.7831,23.1805,1.62191e+006
GMD,10/2/2017 00:00:00,23.3129,23.9487,23.2864,23.5779,1.19329e+006
GMD,10/3/2017 00:00:00,23.8428,24.0547,23.101,23.26,1.86239e+006
GMD,10/4/2017 00:00:00,23.26,23.5779,23.154,23.207,731420
GMD,10/5/2017 00:00:00,23.26,23.5514,22.7831,22.7831,760020
GMD,10/6/2017 00:00:00,22.7831,23.4719,22.7831,23.048,672340
GMD,10/9/2017 00:00:00,23.26,23.4719,23.101,23.3659,851850
GMD,10/10/2017 00:00:00,23.3659,23.4719,23.1805,23.3129,440210
GMD,10/11/2017 00:00:00,23.3129,23.5514,23.2864,23.3394,1.55921e+006
GMD,10/12/2017 00:00:00,23.4719,23.6838,23.3659,23.4454,654830
GMD,10/13/2017 00:00:00,23.3924,23.5514,23.207,23.3129,493280
GMD,10/16/2017 00:00:00,23.3129,23.3129,22.9156,22.942,903280
GMD,10/17/2017 00:00:00,22.8361,23.5249,22.8096,23.4719,746890
GMD,10/18/2017 00:00:00,23.4719,23.4719,23.048,23.048,477600
GMD,10/19/2017 00:00:00,23.154,23.1805,22.8891,22.8891,338610
GMD,10/20/2017 00:00:00,22.9156,23.048,22.3592,22.3592,1.25224e+006
GMD,10/23/2017 00:00:00,22.3592,22.4652,21.9883,22.0413,785410
GMD,10/24/2017 00:00:00,21.9883,22.2268,21.9883,22.0943,410040
GMD,10/25/2017 00:00:00,22.3592,22.3592,21.9883,22.1473,190620
GMD,10/26/2017 00:00:00,22.0413,22.1473,21.6174,21.8294,429570
GMD,10/27/2017 00:00:00,21.8294,21.9883,21.7234,21.9883,314200
GMD,10/30/2017 00:00:00,22.0943,22.1473,21.538,21.538,486720
GMD,10/31/2017 00:00:00,21.6704,21.7234,21.432,21.4585,379640
GMD,11/1/2017 00:00:00,21.4055,21.6174,21.1936,21.1936,314370
GMD,11/2/2017 00:00:00,20.9816,21.2995,19.763,20.1339,967520
GMD,11/3/2017 00:00:00,20.3458,20.9816,19.0742,20.6637,1.04106e+006
GMD,11/6/2017 00:00:00,20.6637,21.0876,20.5578,20.6637,384680
GMD,11/7/2017 00:00:00,20.6637,21.1406,20.5048,20.9287,444660
GMD,11/8/2017 00:00:00,20.7697,21.0876,20.7167,20.9551,399340
GMD,11/9/2017 00:00:00,20.9551,20.9551,20.5048,20.5578,669320
GMD,11/10/2017 00:00:00,20.5578,20.9287,20.1869,20.8757,542920
GMD,11/13/2017 00:00:00,20.9816,20.9816,20.5578,20.6637,373110
GMD,11/14/2017 00:00:00,20.6637,21.6704,20.5048,21.3525,859180
GMD,11/15/2017 00:00:00,21.4585,22.4122,21.4585,22.0943,1.066e+006
GMD,11/16/2017 00:00:00,22.4122,22.4652,22.1473,22.4387,493670
GMD,11/17/2017 00:00:00,22.2533,22.4917,21.9354,21.9883,906320
GMD,11/20/2017 00:00:00,21.8294,22.1473,21.8294,21.9354,274010
GMD,11/21/2017 00:00:00,22.1473,22.2533,21.6174,21.7234,547240
GMD,11/22/2017 00:00:00,21.7234,21.8294,21.4055,21.6174,646580
GMD,11/23/2017 00:00:00,21.6174,22.1473,21.5645,21.8824,804610
GMD,11/24/2017 00:00:00,22.0413,22.8626,21.8824,22.7036,1.43654e+006
GMD,11/27/2017 00:00:00,22.7831,22.7831,22.4917,22.5447,759960
GMD,11/28/2017 00:00:00,22.4122,22.942,22.4122,22.5977,818610
GMD,11/29/2017 00:00:00,22.5447,22.8891,22.5447,22.7301,524060
GMD,11/30/2017 00:00:00,22.8361,23.048,22.6241,22.6771,791340
GMD,12/1/2017 00:00:00,22.7831,22.7831,22.5977,22.5977,339300
GMD,12/4/2017 00:00:00,22.8361,23.4719,22.8361,23.2335,1.16955e+006
GMD,12/5/2017 00:00:00,23.3129,23.4719,22.5712,22.5712,910660
GMD,12/6/2017 00:00:00,22.6771,22.9156,22.2533,22.6241,557770
GMD,12/7/2017 00:00:00,22.6771,22.7036,22.4652,22.5447,511980
GMD,12/8/2017 00:00:00,22.5712,22.8361,22.5182,22.5712,530740
GMD,12/11/2017 00:00:00,22.5182,22.5182,21.8824,21.8824,652430
GMD,12/12/2017 00:00:00,21.9354,21.9883,20.6637,21.2995,1.18319e+006
GMD,12/13/2017 00:00:00,21.3525,21.5645,20.6108,20.9816,642170
GMD,12/14/2017 00:00:00,21.0346,21.4585,21.0346,21.4585,447790
GMD,12/15/2017 00:00:00,21.5645,21.6174,21.4055,21.538,397560
GMD,12/18/2017 00:00:00,21.5645,21.9883,21.5645,21.8824,540030
GMD,12/19/2017 00:00:00,21.8824,22.0413,21.3525,21.379,556720
GMD,12/20/2017 00:00:00,21.5645,21.5645,21.1936,21.326,615590
GMD,12/21/2017 00:00:00,21.2995,21.4585,21.1936,21.1936,463490
GMD,12/22/2017 00:00:00,21.1936,21.1936,20.9287,20.9816,519330
GMD,12/25/2017 00:00:00,20.9287,20.9816,20.4518,20.7167,1.1167e+006
GMD,12/26/2017 00:00:00,20.9287,21.4055,20.7962,21.326,679480
GMD,12/27/2017 00:00:00,21.2466,21.326,21.0346,21.0346,434310
GMD,12/28/2017 00:00:00,21.0611,21.2466,21.0346,21.1406,365850
GMD,12/29/2017 00:00:00,21.1406,21.326,21.0346,21.2731,580650
GMD,1/2/2018 00:00:00,21.2995,21.9618,21.2995,21.8824,794550
GMD,1/3/2018 00:00:00,21.9883,22.8891,21.9883,22.4652,1.76265e+006
GMD,1/4/2018 00:00:00,22.6241,22.7566,22.2797,22.4652,1.0823e+006
GMD,1/5/2018 00:00:00,22.4122,22.7036,22.2533,22.5712,1.04665e+006
GMD,1/8/2018 00:00:00,22.6771,23.4984,22.5712,23.3129,1.81029e+006
GMD,1/9/2018 00:00:00,23.5779,23.7368,23.048,23.6308,1.40221e+006
GMD,1/10/2018 00:00:00,23.6308,24.0812,23.3659,23.8428,1.485e+006
GMD,1/11/2018 00:00:00,23.8428,24.5316,23.3924,24.4256,1.77563e+006
GMD,1/12/2018 00:00:00,24.6375,24.6375,24.0547,24.1077,1.82763e+006
GMD,1/15/2018 00:00:00,24.1077,24.2666,23.7368,24.0812,861110
GMD,1/16/2018 00:00:00,24.1607,24.6905,23.7898,24.0812,2.00484e+006
GMD,1/17/2018 00:00:00,24.1607,24.2666,23.048,23.048,1.32484e+006
GMD,1/18/2018 00:00:00,22.6771,23.26,22.2533,23.26,946820
GMD,1/19/2018 00:00:00,23.3129,23.4719,22.8891,23.4719,706300
GMD,1/22/2018 00:00:00,23.4719,23.8428,23.048,23.4189,695700
GMD,1/25/2018 00:00:00,23.4719,23.6838,23.048,23.154,1.29272e+006
GMD,1/26/2018 00:00:00,23.3924,23.4189,22.5182,22.7831,694100
GMD,1/29/2018 00:00:00,23.048,23.048,22.1473,22.1473,1.15865e+006
GMD,1/30/2018 00:00:00,22.1473,23.3129,21.9883,23.3129,811820
GMD,1/31/2018 00:00:00,23.3129,23.9752,22.8891,23.26,1.87153e+006
GMD,2/1/2018 00:00:00,23.3129,23.4189,22.5182,22.6241,732920
GMD,2/2/2018 00:00:00,22.7831,22.7831,22.2533,22.3062,897050
GMD,2/5/2018 00:00:00,22.3062,22.942,21.8824,21.9883,1.18069e+006
GMD,2/6/2018 00:00:00,20.9287,21.1936,20.4518,20.6637,2.08662e+006
GMD,2/7/2018 00:00:00,21.4585,21.6174,20.9551,21.1671,699780
GMD,2/8/2018 00:00:00,21.1936,21.1936,20.3988,20.5578,481440
GMD,2/9/2018 00:00:00,20.1339,21.1936,19.869,20.6637,872640
GMD,2/12/2018 00:00:00,20.6637,21.7234,20.6637,21.1671,507750
GMD,2/13/2018 00:00:00,21.1936,22.0413,21.1936,21.7234,637240
GMD,2/21/2018 00:00:00,22.0678,22.2533,21.7234,22.2268,407430
GMD,2/22/2018 00:00:00,22.1473,22.5447,21.7234,21.7234,846990
GMD,2/23/2018 00:00:00,21.9883,22.6771,21.8824,22.6771,1.23742e+006
GMD,2/26/2018 00:00:00,23.8428,23.8428,22.995,23.048,3.05804e+006
GMD,2/27/2018 00:00:00,23.101,23.207,22.6771,22.8361,1.13867e+006
GMD,2/28/2018 00:00:00,22.5712,22.8361,22.0413,22.0413,2.0572e+006
GMD,3/1/2018 00:00:00,22.4122,23.048,22.2533,22.5182,1.95567e+006
GMD,3/2/2018 00:00:00,22.5712,23.3129,22.5182,23.3129,2.09517e+006
GMD,3/5/2018 00:00:00,23.8428,23.8428,22.8891,22.8891,2.29295e+006
GMD,3/6/2018 00:00:00,23.048,23.207,22.9156,23.048,1.21703e+006
GMD,3/7/2018 00:00:00,23.048,23.4719,22.5712,22.6771,1.63385e+006
GMD,3/8/2018 00:00:00,22.7831,22.8891,22.3592,22.5182,2.76823e+006
GMD,3/9/2018 00:00:00,23.1709,23.1709,21.0822,21.5391,2.24843e+006
GMD,3/12/2018 00:00:00,21.6044,21.6697,20.2337,21.2128,2.25484e+006
GMD,3/13/2018 00:00:00,21.2128,21.2128,20.299,20.5601,1.1055e+006
GMD,3/14/2018 00:00:00,20.5601,20.9517,20.4622,20.9517,1.42943e+006
GMD,3/15/2018 00:00:00,20.9517,21.017,20.5601,20.5601,1.15038e+006
GMD,3/16/2018 00:00:00,20.5601,21.2128,20.2664,20.299,1.56735e+006
GMD,3/19/2018 00:00:00,20.299,20.5927,19.581,19.9074,1.51078e+006
GMD,3/20/2018 00:00:00,19.7768,19.8095,19.4505,19.7768,1.31372e+006
GMD,3/21/2018 00:00:00,19.7768,20.3969,19.7768,20.2664,1.31272e+006
GMD,3/22/2018 00:00:00,20.5601,20.5601,20.0379,20.0379,582170
GMD,3/23/2018 00:00:00,19.4505,19.9074,19.1894,19.9074,1.21787e+006
GMD,3/26/2018 00:00:00,19.581,20.1685,19.2547,19.581,780800
GMD,3/27/2018 00:00:00,19.9074,20.2011,19.5158,20.0379,1.13031e+006
GMD,3/28/2018 00:00:00,20.2337,20.5601,19.9726,20.3643,1.62233e+006
GMD,3/29/2018 00:00:00,20.4948,20.5601,20.0053,20.1358,893560
GMD,3/30/2018 00:00:00,20.1358,20.1358,19.8747,20.0705,740610
GMD,4/2/2018 00:00:00,20.0053,20.0705,19.581,19.581,1.22194e+006
GMD,4/3/2018 00:00:00,19.581,19.8421,19.5158,19.8095,795510
GMD,4/4/2018 00:00:00,20.1032,20.1032,19.6137,19.6137,917330
GMD,4/5/2018 00:00:00,19.6463,19.7442,19.5484,19.581,672150
GMD,4/6/2018 00:00:00,19.581,20.3316,19.5158,19.8421,1.08795e+006
GMD,4/9/2018 00:00:00,19.8421,20.299,19.8095,19.8095,537570
GMD,4/10/2018 00:00:00,19.8421,19.8421,19.5158,19.581,1.16123e+006
GMD,4/11/2018 00:00:00,19.581,19.6789,19.0262,19.0589,1.44903e+006
GMD,4/12/2018 00:00:00,18.6672,18.9936,18.602,18.7651,1.22006e+006
GMD,4/13/2018 00:00:00,18.9283,19.0589,18.7325,19.0589,1.02817e+006
GMD,4/16/2018 00:00:00,18.7651,19.1568,18.6672,19.0915,768760
GMD,4/17/2018 00:00:00,18.9283,19.1241,18.8631,19.0589,642760
GMD,4/18/2018 00:00:00,19.0589,19.2547,18.961,19.1241,675040
GMD,4/19/2018 00:00:00,19.1241,19.1241,18.6672,18.6672,622220
GMD,4/20/2018 00:00:00,18.6672,19.2547,18.602,18.6999,478210
GMD,4/23/2018 00:00:00,18.6999,18.7651,17.7535,18.0798,735410
GMD,4/24/2018 00:00:00,17.884,17.884,17.4924,17.8514,703590
GMD,4/26/2018 00:00:00,18.0145,18.0145,16.8397,16.9702,466540
GMD,4/27/2018 00:00:00,16.9702,17.3945,16.7744,17.2966,309580
GMD,5/2/2018 00:00:00,17.884,17.884,17.2966,17.5576,380980
GMD,5/3/2018 00:00:00,17.5576,17.5576,16.9049,17.4924,467580
GMD,5/4/2018 00:00:00,17.4271,17.6229,17.3618,17.3945,288030
GMD,5/7/2018 00:00:00,17.3945,17.525,17.2313,17.4271,191090
GMD,5/8/2018 00:00:00,17.4597,18.2104,17.3945,17.9493,816890
GMD,5/9/2018 00:00:00,17.7861,18.0798,17.6229,17.6229,288270
GMD,5/10/2018 00:00:00,17.6229,17.8514,17.1987,17.1987,291840
GMD,5/11/2018 00:00:00,17.1987,17.5576,17.0355,17.3945,305920
GMD,5/14/2018 00:00:00,17.6229,17.8187,17.4924,17.7208,255470
GMD,5/15/2018 00:00:00,17.8187,18.0145,17.6556,17.9493,461800
GMD,5/16/2018 00:00:00,17.9493,18.6999,17.884,18.4062,1.09718e+006
GMD,5/17/2018 00:00:00,18.5041,18.5041,18.2104,18.2104,511120
GMD,5/18/2018 00:00:00,18.2104,18.3409,17.8187,18.2104,316680
GMD,5/21/2018 00:00:00,18.1777,18.3409,17.7535,17.7535,453440
GMD,5/22/2018 00:00:00,17.6882,17.7535,16.7091,17.1334,610650
GMD,5/23/2018 00:00:00,17.0355,17.4924,16.9049,17.2966,328760
GMD,5/24/2018 00:00:00,17.2966,17.3618,16.8397,17.1008,477220
GMD,5/25/2018 00:00:00,17.1008,17.1008,16.6439,16.6439,389110
GMD,5/28/2018 00:00:00,16.6439,16.6439,15.5016,15.5343,1.13954e+006
GMD,5/29/2018 00:00:00,15.6648,16.5133,15.1427,16.5133,596150
GMD,5/30/2018 00:00:00,16.2522,17.0355,16.0238,16.4481,249950
GMD,5/31/2018 00:00:00,16.7418,16.7418,16.4154,16.6765,406740
GMD,6/1/2018 00:00:00,16.6439,17.1008,16.6112,16.9702,619940
GMD,6/4/2018 00:00:00,16.8397,17.8514,16.8397,17.8514,603110
GMD,6/5/2018 00:00:00,17.884,18.3083,17.6229,18.2756,885040
GMD,6/6/2018 00:00:00,18.3409,19.2873,18.0798,19.1894,2.43596e+006
GMD,6/7/2018 00:00:00,19.1894,19.222,18.7978,18.9283,679800
GMD,6/8/2018 00:00:00,18.6999,19.0589,18.6999,18.7978,417570
GMD,6/11/2018 00:00:00,18.5367,18.7651,18.2104,18.2104,657040
GMD,6/12/2018 00:00:00,18.1451,18.2756,17.6882,17.8187,569010
GMD,6/13/2018 00:00:00,17.8187,18.2104,17.8187,18.1124,132370
GMD,6/14/2018 00:00:00,18.0798,18.602,17.9819,18.2104,362080
GMD,6/15/2018 00:00:00,18.4714,18.4714,18.0798,18.3409,164750
GMD,6/18/2018 00:00:00,18.3409,18.3409,17.5576,17.5576,338770
GMD,6/19/2018 00:00:00,17.5576,17.6229,16.3502,16.9049,695610
GMD,6/20/2018 00:00:00,16.9702,17.4271,16.7744,17.2313,380380
GMD,6/21/2018 00:00:00,17.3292,17.3292,16.8397,16.8397,164250
GMD,6/22/2018 00:00:00,16.9702,17.1008,16.7091,17.0681,144020
GMD,6/25/2018 00:00:00,17.0681,17.3292,17.0681,17.1334,251390
GMD,6/26/2018 00:00:00,17.1334,17.1334,16.8397,16.8397,231440
GMD,6/27/2018 00:00:00,16.9702,17.0355,16.7744,16.7744,266300
GMD,6/28/2018 00:00:00,16.5133,16.9049,16.5133,16.6439,145970
GMD,6/29/2018 00:00:00,16.6439,16.9049,16.3502,16.3502,214650
GMD,7/2/2018 00:00:00,16.6439,16.6439,15.6975,15.9259,228780
GMD,7/3/2018 00:00:00,15.9259,16.0564,15.3385,15.3385,458630
GMD,7/4/2018 00:00:00,15.3385,15.6648,15.0774,15.6648,396100
GMD,7/5/2018 00:00:00,15.8606,15.8933,15.0121,15.3711,211790
GMD,7/6/2018 00:00:00,15.3711,15.8606,15.2732,15.828,210420
GMD,7/9/2018 00:00:00,15.9912,16.2522,15.7954,15.828,202500
GMD,7/10/2018 00:00:00,15.7301,15.9585,15.6322,15.6322,187040
GMD,7/11/2018 00:00:00,15.3385,15.5995,15.1427,15.4037,338870
GMD,7/12/2018 00:00:00,15.4037,15.5669,15.1427,15.469,118820
GMD,7/13/2018 00:00:00,15.5016,15.6975,15.5016,15.6322,245640
GMD,7/16/2018 00:00:00,15.7301,16.0564,15.6322,15.9585,452130
GMD,7/17/2018 00:00:00,15.9585,16.3175,15.8606,16.3175,435840
GMD,7/18/2018 00:00:00,16.6439,16.7091,16.2522,16.5786,711640
GMD,7/19/2018 00:00:00,16.5133,16.5133,16.2522,16.2522,453400
GMD,7/20/2018 00:00:00,16.3175,16.3175,15.8933,15.9912,519080
GMD,7/23/2018 00:00:00,16.0564,16.3828,15.9912,16.0238,371250
GMD,7/24/2018 00:00:00,16.1217,16.2196,15.828,16.0238,207370
GMD,7/25/2018 00:00:00,16.0238,16.3175,15.6648,15.6648,285910
GMD,7/26/2018 00:00:00,15.828,15.828,15.5995,15.6648,238070
GMD,7/27/2018 00:00:00,15.6648,15.9585,15.6648,15.9585,182810
GMD,7/30/2018 00:00:00,15.9585,17.0681,15.9585,17.0681,1.13491e+006
GMD,7/31/2018 00:00:00,17.3618,17.6229,17.166,17.166,848860
GMD,8/1/2018 00:00:00,17.2313,17.2313,16.807,16.807,468580
GMD,8/2/2018 00:00:00,16.7744,16.8397,16.3175,16.7744,572260
GMD,8/3/2018 00:00:00,16.8397,17.0355,16.7091,16.7744,359670
GMD,8/6/2018 00:00:00,16.7091,16.9049,16.4481,16.5133,214040
GMD,8/7/2018 00:00:00,16.5133,16.7091,16.4481,16.5133,418520
GMD,8/8/2018 00:00:00,16.5133,16.6439,16.4481,16.5786,746580
GMD,8/9/2018 00:00:00,16.6439,17.3618,16.6439,17.166,1.71717e+006
GMD,8/10/2018 00:00:00,17.166,17.2313,16.8723,17.0355,541100
GMD,8/13/2018 00:00:00,16.9702,16.9702,16.7418,16.8723,453910
GMD,8/14/2018 00:00:00,16.7744,17.166,16.7418,17.0029,823240
GMD,8/15/2018 00:00:00,16.9702,17.0355,16.3175,16.3828,742960
GMD,8/16/2018 00:00:00,16.3828,16.7744,16.2522,16.7744,491250
GMD,8/17/2018 00:00:00,16.6765,16.8397,16.5133,16.5786,289490
GMD,8/20/2018 00:00:00,16.6439,16.6439,16.3175,16.5786,456520
GMD,8/21/2018 00:00:00,16.6439,16.7744,16.4154,16.6439,449670
GMD,8/22/2018 00:00:00,16.7091,17.5903,16.7091,17.3945,1.73905e+006
GMD,8/23/2018 00:00:00,17.3945,17.4271,17.1334,17.3292,641310
GMD,8/24/2018 00:00:00,17.166,17.9819,17.0681,17.7208,1.10518e+006
GMD,8/27/2018 00:00:00,17.7535,17.8187,17.4924,17.6229,606910
GMD,8/28/2018 00:00:00,17.7208,17.7208,17.3292,17.4924,649140
GMD,8/29/2018 00:00:00,17.4924,17.4924,17.1987,17.2313,601460
GMD,8/30/2018 00:00:00,17.2313,17.3618,17.1008,17.3292,428630
GMD,8/31/2018 00:00:00,17.3945,17.6229,17.2639,17.2639,827700
GMD,9/4/2018 00:00:00,17.3618,17.5576,17.0681,17.1008,621040
GMD,9/5/2018 00:00:00,17.3618,17.6882,17.166,17.3945,1.29919e+006
GMD,9/6/2018 00:00:00,17.3945,18.0145,17.3945,17.6882,1.69449e+006
GMD,9/7/2018 00:00:00,17.7535,17.884,17.4924,17.7208,541590
GMD,9/10/2018 00:00:00,17.7208,17.7535,17.5576,17.5903,575290
GMD,9/11/2018 00:00:00,17.4271,17.7861,17.3945,17.7861,840460
GMD,9/12/2018 00:00:00,17.884,18.0798,17.6229,17.6229,1.22762e+006
GMD,9/13/2018 00:00:00,17.6882,17.7535,17.5576,17.6229,692040
GMD,9/14/2018 00:00:00,17.6229,17.6882,17.5903,17.6556,729710
GMD,9/17/2018 00:00:00,18.0356,18.0702,17.8629,17.8974,1.07305e+006
GMD,9/18/2018 00:00:00,17.4828,18.0011,17.4828,17.9665,586980
GMD,9/19/2018 00:00:00,18.1047,18.623,18.0702,18.312,1.8152e+006
GMD,9/20/2018 00:00:00,18.5539,19.1067,18.5539,18.8303,2.70741e+006
GMD,9/21/2018 00:00:00,18.9339,19.1758,18.5539,18.8648,1.46166e+006
GMD,9/24/2018 00:00:00,18.9339,18.9339,18.6575,18.7612,902900
GMD,9/25/2018 00:00:00,18.6575,19.003,18.5539,18.7612,1.40816e+006
GMD,9/26/2018 00:00:00,18.7612,19.1758,18.6921,19.003,1.03246e+006
GMD,9/27/2018 00:00:00,19.003,19.1412,18.7957,18.8994,937310
GMD,9/28/2018 00:00:00,19.003,19.003,18.5884,18.5884,1.22858e+006
GMD,10/1/2018 00:00:00,18.623,18.9339,18.5193,18.5539,1.03121e+006
GMD,10/2/2018 00:00:00,18.5539,18.5884,18.1738,18.2429,1.05309e+006
GMD,10/3/2018 00:00:00,18.2775,18.5193,18.1738,18.3811,591840
GMD,10/4/2018 00:00:00,18.5884,19.1412,18.4848,19.1412,1.69365e+006
GMD,10/5/2018 00:00:00,19.4177,20.0396,19.3486,19.5904,3.1746e+006
GMD,10/8/2018 00:00:00,19.5904,19.8668,19.4868,19.5904,2.41684e+006
GMD,10/9/2018 00:00:00,19.5904,19.6941,19.3486,19.4522,993180
GMD,10/10/2018 00:00:00,19.4177,19.5213,19.1067,19.2795,1.2635e+006
GMD,10/11/2018 00:00:00,18.5884,18.7957,17.932,17.932,3.38095e+006
GMD,10/12/2018 00:00:00,17.5519,18.3466,17.4137,18.312,1.39325e+006
GMD,10/15/2018 00:00:00,18.312,18.3466,17.7592,17.7592,720230
GMD,10/16/2018 00:00:00,17.932,18.2084,17.8974,18.2084,597380
GMD,10/17/2018 00:00:00,18.5884,18.7957,18.3811,18.5884,904940
GMD,10/18/2018 00:00:00,18.4502,19.1067,18.3811,18.7612,1.28146e+006
GMD,10/19/2018 00:00:00,18.4157,18.9339,18.3811,18.9339,1.28894e+006
GMD,10/22/2018 00:00:00,18.8648,19.003,18.312,18.312,563210
GMD,10/23/2018 00:00:00,18.4157,18.4157,17.4137,17.8629,1.11385e+006
GMD,10/24/2018 00:00:00,17.7592,18.0011,17.3791,17.4137,767960
GMD,10/25/2018 00:00:00,16.9645,17.3446,16.4463,17.3446,1.12798e+006
GMD,10/26/2018 00:00:00,17.621,18.5539,17.621,18.5539,2.69229e+006
GMD,10/29/2018 00:00:00,18.7266,18.9339,18.3811,18.5884,1.65339e+006
GMD,10/30/2018 00:00:00,18.4502,18.7612,18.3811,18.623,882460
GMD,10/31/2018 00:00:00,18.7957,19.2103,18.623,18.9685,1.40964e+006
GMD,11/1/2018 00:00:00,19.0721,19.4177,18.9685,19.003,1.14841e+006
GMD,11/2/2018 00:00:00,19.1758,19.2795,18.7612,19.003,796950
GMD,11/5/2018 00:00:00,19.003,19.2795,18.9339,19.0721,1.35633e+006
GMD,11/6/2018 00:00:00,19.2103,19.2795,19.0376,19.1412,1.0376e+006
GMD,11/7/2018 00:00:00,19.2795,19.2795,19.0721,19.1412,700170
GMD,11/8/2018 00:00:00,19.314,19.6595,19.1758,19.4868,1.37203e+006
GMD,11/9/2018 00:00:00,19.4868,19.5559,19.003,19.1412,817570
GMD,11/12/2018 00:00:00,19.1412,19.4522,19.1412,19.4522,1.11368e+006
GMD,11/13/2018 00:00:00,19.2795,20.5924,19.1412,20.1778,2.30417e+006
GMD,11/14/2018 00:00:00,20.0741,20.6615,20.0741,20.5924,2.50394e+006
GMD,11/15/2018 00:00:00,20.5924,20.6615,19.7286,19.7632,1.0412e+006
GMD,11/16/2018 00:00:00,19.8323,20.1778,19.8323,19.8668,2.10643e+006
GMD,11/19/2018 00:00:00,19.9014,19.9359,19.625,19.9014,1.69741e+006
GMD,11/20/2018 00:00:00,19.9359,20.3851,19.9014,20.2814,1.86864e+006
GMD,11/21/2018 00:00:00,20.2469,20.4196,20.0396,20.3505,1.66039e+006
GMD,11/22/2018 00:00:00,20.3505,20.3851,19.9705,20.1087,1.40636e+006
GMD,11/23/2018 00:00:00,19.9359,20.0396,19.625,19.6595,1.09526e+006
GMD,11/26/2018 00:00:00,19.4177,19.5904,19.2795,19.4868,617960
GMD,11/27/2018 00:00:00,19.4177,19.625,19.4177,19.4522,596890
GMD,11/28/2018 00:00:00,19.3831,19.4868,19.1758,19.3486,624420
GMD,11/29/2018 00:00:00,19.4868,19.5559,19.3486,19.3831,499640
GMD,11/30/2018 00:00:00,19.3486,19.5559,19.003,19.1412,965240
GMD,12/3/2018 00:00:00,19.5559,19.5559,19.2795,19.5213,525130
GMD,12/4/2018 00:00:00,19.5559,20.0396,19.5213,19.9359,644230
GMD,12/5/2018 00:00:00,19.9359,19.9359,19.5213,19.7632,612740
GMD,12/6/2018 00:00:00,19.5559,19.9014,19.5213,19.8323,424790
GMD,12/7/2018 00:00:00,19.8323,20.2469,19.8323,20.1432,850120
GMD,12/10/2018 00:00:00,20.316,20.4542,19.9705,20.0396,921890
GMD,12/11/2018 00:00:00,20.0396,20.0396,19.7632,19.8323,340210
GMD,12/12/2018 00:00:00,19.7632,20.0396,19.7632,19.9705,343170
GMD,12/13/2018 00:00:00,20.3851,20.3851,19.9359,19.9705,675380
GMD,12/14/2018 00:00:00,20.0741,20.0741,19.7632,19.7632,256340
GMD,12/17/2018 00:00:00,19.6941,19.7632,19.2103,19.2449,360100
GMD,12/18/2018 00:00:00,19.1412,19.2103,18.7266,18.8994,798570
GMD,12/19/2018 00:00:00,19.0721,19.0721,18.7612,18.7612,295340
GMD,12/20/2018 00:00:00,18.8648,19.003,18.7957,18.8648,272150
GMD,12/21/2018 00:00:00,18.7957,18.8648,18.5884,18.8648,467220
GMD,12/24/2018 00:00:00,18.8648,19.1412,18.8648,18.8648,160960
GMD,12/25/2018 00:00:00,18.3811,18.623,17.8283,18.1738,594440
GMD,12/26/2018 00:00:00,18.2429,18.4848,17.9665,18.0356,722170
GMD,12/27/2018 00:00:00,18.623,18.623,18.0702,18.0702,327090
GMD,12/28/2018 00:00:00,18.2429,18.2429,18.0702,18.0702,162760
GMD,1/2/2019 00:00:00,18.1047,18.4157,18.0702,18.2429,373200
GMD,1/3/2019 00:00:00,18.312,18.4157,17.621,17.621,744230
GMD,1/4/2019 00:00:00,17.621,17.8283,17.1718,17.6556,612880
GMD,1/7/2019 00:00:00,17.9665,17.9665,17.7247,17.7592,295310
GMD,1/8/2019 00:00:00,17.8283,17.8974,17.6556,17.7247,261540
GMD,1/9/2019 00:00:00,17.7592,18.0356,17.7592,17.8974,235660
GMD,1/10/2019 00:00:00,17.9665,17.9665,17.8283,17.8974,157950
GMD,1/11/2019 00:00:00,17.8974,17.9665,17.7247,17.7592,422200
GMD,1/14/2019 00:00:00,17.7938,18.0702,17.7592,17.9665,292460
GMD,1/15/2019 00:00:00,17.9665,18.3466,17.9665,18.312,340690
GMD,1/16/2019 00:00:00,18.312,18.4848,18.1047,18.312,350940
GMD,1/17/2019 00:00:00,18.2429,18.312,17.3446,17.3446,293360
GMD,1/18/2019 00:00:00,17.6901,17.8629,17.5519,17.7592,367840
GMD,1/21/2019 00:00:00,17.5865,18.0356,17.5865,17.9665,358460
GMD,1/22/2019 00:00:00,17.9665,18.0356,17.8629,17.9665,176040
GMD,1/23/2019 00:00:00,17.9665,18.5193,17.8283,18.2775,679230
GMD,1/24/2019 00:00:00,18.2775,18.3466,18.1738,18.1738,186520
GMD,1/25/2019 00:00:00,18.0356,18.312,18.0356,18.2429,122290
GMD,1/28/2019 00:00:00,18.312,18.3466,18.0702,18.0702,120560
GMD,1/29/2019 00:00:00,17.9665,18.0356,17.8629,18.0356,197250
GMD,1/30/2019 00:00:00,18.0356,18.1047,17.8974,17.9665,156960
GMD,1/31/2019 00:00:00,17.8283,18.0011,17.8283,17.8283,295680
GMD,2/1/2019 00:00:00,17.8283,17.8629,17.621,17.7247,298230
GMD,2/11/2019 00:00:00,18.0011,18.1738,17.8283,18.1393,239060
GMD,2/12/2019 00:00:00,18.2775,18.312,18.1738,18.2084,450870
GMD,2/13/2019 00:00:00,18.2775,19.003,18.2775,19.003,2.00805e+006
GMD,2/14/2019 00:00:00,19.0721,19.1412,18.7612,18.7612,589990
GMD,2/15/2019 00:00:00,18.7612,18.8648,18.5539,18.6575,378050
GMD,2/18/2019 00:00:00,18.623,18.8994,18.623,18.8648,447850
GMD,2/19/2019 00:00:00,18.8994,19.2795,18.8648,18.8994,1.2497e+006
GMD,2/20/2019 00:00:00,18.7957,19.003,18.7957,18.9685,264330
GMD,2/21/2019 00:00:00,19.003,19.0721,18.8994,19.0721,440780
GMD,2/22/2019 00:00:00,19.0721,19.1067,18.9685,18.9685,369840
GMD,2/25/2019 00:00:00,19.0721,19.2103,18.9685,19.003,497690
GMD,2/26/2019 00:00:00,19.2103,19.4868,19.0376,19.2449,588070
GMD,2/27/2019 00:00:00,19.2449,19.5213,19.2449,19.5213,781300
GMD,2/28/2019 00:00:00,19.5559,19.5559,19.003,19.003,704100
GMD,3/1/2019 00:00:00,19.003,19.2103,18.8648,19.1412,258550
GMD,3/4/2019 00:00:00,19.2795,19.4522,19.1412,19.4177,444630
GMD,3/5/2019 00:00:00,19.2795,19.4177,19.1412,19.1412,464470
GMD,3/6/2019 00:00:00,19.1412,19.2103,19.003,19.0376,275310
GMD,3/7/2019 00:00:00,19.003,19.3486,19.003,19.1758,322200
GMD,3/8/2019 00:00:00,19.1758,19.2103,18.8648,18.8648,350070
GMD,3/11/2019 00:00:00,18.8648,19.1412,18.7957,18.9339,205390
GMD,3/12/2019 00:00:00,18.9339,19.1758,18.9339,19.1412,320820
GMD,3/13/2019 00:00:00,19.1758,19.5213,19.1412,19.4522,1.22927e+006
GMD,3/14/2019 00:00:00,19.6941,20.1432,19.625,19.625,1.15305e+006
GMD,3/15/2019 00:00:00,19.6941,19.6941,19.4177,19.5213,404170
GMD,3/18/2019 00:00:00,19.5213,19.6941,19.4177,19.4868,572880
GMD,3/19/2019 00:00:00,19.4868,19.4868,19.2103,19.2449,596280
GMD,3/20/2019 00:00:00,19.2103,19.2103,18.8648,19.1412,679810
GMD,3/21/2019 00:00:00,19.1412,19.314,18.7266,18.7957,446960
GMD,3/22/2019 00:00:00,18.7957,19.003,18.5884,18.623,412390
GMD,3/25/2019 00:00:00,18.312,18.4502,17.9665,18.1393,549330
GMD,3/26/2019 00:00:00,18.312,18.4848,18.1047,18.1047,326900
GMD,3/27/2019 00:00:00,18.312,18.3466,18.1393,18.2084,377360
GMD,3/28/2019 00:00:00,18.1738,18.312,18.1738,18.1738,170770
GMD,3/29/2019 00:00:00,18.1738,18.5193,18.1738,18.312,320000
GMD,4/1/2019 00:00:00,18.312,18.4502,18.2084,18.2775,283780
GMD,4/2/2019 00:00:00,18.3811,18.5193,18.2429,18.312,243690
GMD,4/3/2019 00:00:00,18.3466,18.3466,18.2084,18.2084,245190
GMD,4/4/2019 00:00:00,18.2084,18.3466,18.1738,18.2429,202300
GMD,4/5/2019 00:00:00,18.2429,18.7266,18.2429,18.6575,483070
GMD,4/8/2019 00:00:00,18.7266,18.7266,18.4502,18.4502,163340
GMD,4/9/2019 00:00:00,18.4502,18.4502,18.1738,18.2775,221540
GMD,4/10/2019 00:00:00,18.1047,18.2775,18.0356,18.1393,324910
GMD,4/11/2019 00:00:00,18.2429,18.2429,18.1047,18.1393,156830
GMD,4/12/2019 00:00:00,17.9665,18.2084,17.9665,17.9665,265810
GMD,4/16/2019 00:00:00,17.9665,18.1047,17.7592,17.9665,288880
GMD,4/17/2019 00:00:00,17.9665,18.1393,17.932,17.932,297830
GMD,4/18/2019 00:00:00,17.8629,18.0356,17.8629,17.8629,340670
GMD,4/19/2019 00:00:00,17.8629,17.9665,17.8629,17.8974,124180
GMD,4/22/2019 00:00:00,17.8974,17.932,17.2755,17.5865,225310
GMD,4/23/2019 00:00:00,17.8974,17.8974,17.5519,17.5865,146000
GMD,4/24/2019 00:00:00,17.5865,17.7938,17.5865,17.7592,187400
GMD,4/25/2019 00:00:00,17.7938,17.8974,17.6901,17.8283,176570
GMD,4/26/2019 00:00:00,17.8283,17.932,17.7592,17.8974,93960
GMD,5/2/2019 00:00:00,17.932,18.0011,17.8974,17.932,163010
GMD,5/3/2019 00:00:00,17.9665,18.1047,17.8974,18.1047,256850
GMD,5/6/2019 00:00:00,17.9665,17.9665,17.621,17.7592,130950
GMD,5/7/2019 00:00:00,18.1047,18.1393,17.7592,17.8629,78580
GMD,5/8/2019 00:00:00,17.7592,18.1393,17.6556,18.0702,321110
GMD,5/9/2019 00:00:00,18.0356,18.1738,17.8974,17.9665,212910
GMD,5/10/2019 00:00:00,17.8974,18.1047,17.8974,18.0011,147760
GMD,5/13/2019 00:00:00,18.0011,18.2775,17.9665,18.1393,197750
GMD,5/14/2019 00:00:00,17.9665,18.2775,17.9665,18.2084,276050
GMD,5/15/2019 00:00:00,18.2429,18.3466,18.1738,18.1738,229120
GMD,5/16/2019 00:00:00,18.2775,18.2775,17.9665,17.9665,186600
GMD,5/17/2019 00:00:00,18.1047,18.6575,17.9665,18.6575,698200
GMD,5/20/2019 00:00:00,18.7266,18.8648,18.623,18.7957,479310
GMD,5/21/2019 00:00:00,18.8648,18.8648,18.5884,18.5884,432280
GMD,5/22/2019 00:00:00,18.5884,18.7957,18.4848,18.623,451950
GMD,5/23/2019 00:00:00,18.4502,18.6575,18.4502,18.623,357260
GMD,5/24/2019 00:00:00,18.623,19.0376,18.5884,18.8303,993350
GMD,5/27/2019 00:00:00,18.8648,18.8648,18.5884,18.6575,185550
GMD,5/28/2019 00:00:00,18.8303,18.8303,18.5884,18.7266,180450
GMD,5/29/2019 00:00:00,18.8648,18.8648,18.5193,18.5193,262680
GMD,5/30/2019 00:00:00,18.312,18.5884,18.312,18.4502,323620
GMD,5/31/2019 00:00:00,18.3811,18.4502,18.0356,18.0356,329150
GMD,6/3/2019 00:00:00,17.9665,18.2429,17.7592,17.8283,291060
GMD,6/4/2019 00:00:00,17.8283,18.0702,17.7592,17.8629,221030
GMD,6/5/2019 00:00:00,18.1047,18.1047,17.932,17.932,188150
GMD,6/6/2019 00:00:00,17.8974,18.1738,17.7938,18.1738,146330
GMD,6/7/2019 00:00:00,18.1738,18.2775,18.0011,18.2775,172470
GMD,6/10/2019 00:00:00,18.4157,18.4157,18.0356,18.0702,231790
GMD,6/11/2019 00:00:00,18.0702,18.2429,17.9665,18.0702,132460
GMD,6/12/2019 00:00:00,18.0702,18.1047,17.932,17.9665,143940
GMD,6/13/2019 00:00:00,17.8974,18.1047,17.7592,17.9665,303270
GMD,6/14/2019 00:00:00,17.9665,18.0702,17.932,17.932,175610
GMD,6/17/2019 00:00:00,17.932,17.9665,17.621,17.932,462770
GMD,6/18/2019 00:00:00,17.932,17.9665,17.8629,17.8974,246210
GMD,6/19/2019 00:00:00,18.0356,18.0356,17.8974,17.8974,184070
GMD,6/20/2019 00:00:00,17.9665,18.0702,17.8974,18.0011,318030
GMD,6/21/2019 00:00:00,18.1047,18.1738,18.0702,18.0702,107680
GMD,6/24/2019 00:00:00,18.0356,18.1393,17.9665,18.0702,130680
GMD,6/25/2019 00:00:00,17.932,18.0702,17.932,17.932,179940
GMD,6/26/2019 00:00:00,17.9665,18.4157,17.9665,18.2429,366130
GMD,6/27/2019 00:00:00,18.3466,18.3466,17.9665,17.9665,290660
GMD,6/28/2019 00:00:00,18.2429,18.2429,17.8283,17.9665,355530
GMD,7/1/2019 00:00:00,18.1047,18.2775,18.0356,18.2429,359240
GMD,7/2/2019 00:00:00,18.2429,18.6575,18.1047,18.3811,812470
GMD,7/3/2019 00:00:00,19.003,19.1412,18.7266,18.7266,1.47619e+006
GMD,7/4/2019 00:00:00,18.8303,19.003,18.7266,18.7266,607310
GMD,7/5/2019 00:00:00,18.7266,18.8648,18.6575,18.7612,377610
GMD,7/8/2019 00:00:00,18.7266,18.7612,18.3466,18.4502,633770
GMD,7/9/2019 00:00:00,18.4157,18.5193,18.3466,18.4848,335490
GMD,7/10/2019 00:00:00,18.4502,18.7266,18.3811,18.6575,369510
GMD,7/11/2019 00:00:00,18.6921,18.7957,18.6575,18.6575,243400
GMD,7/12/2019 00:00:00,18.6575,18.7266,18.5539,18.5539,337570
GMD,7/15/2019 00:00:00,18.5193,18.9339,18.5193,18.7957,581050
GMD,7/16/2019 00:00:00,18.8994,19.0721,18.7957,18.8648,535390
GMD,7/17/2019 00:00:00,18.9339,18.9339,18.6575,18.6921,385180
GMD,7/18/2019 00:00:00,18.5884,18.6921,18.5193,18.5193,405160
GMD,7/19/2019 00:00:00,18.6575,18.6921,18.4848,18.5539,230200
GMD,7/22/2019 00:00:00,18.5539,18.5884,18.3811,18.3811,161010
GMD,7/23/2019 00:00:00,18.3811,18.7266,18.3811,18.4502,206030
GMD,7/24/2019 00:00:00,18.4157,18.5193,18.3466,18.3466,157350
GMD,7/25/2019 00:00:00,18.312,18.5884,18.312,18.3466,209610
GMD,7/26/2019 00:00:00,18.3811,18.5539,18.3466,18.4157,137090
GMD,7/29/2019 00:00:00,18.5193,18.5539,18.312,18.312,163630
GMD,7/30/2019 00:00:00,18.312,18.4157,18.2084,18.2429,232710
GMD,7/31/2019 00:00:00,18.1738,18.1738,17.8629,18.0356,460660
GMD,8/1/2019 00:00:00,17.9665,18.0356,17.6901,17.7592,615980
GMD,8/2/2019 00:00:00,17.621,17.9665,17.4828,17.9665,439060
GMD,8/5/2019 00:00:00,17.8283,18.0011,17.7938,17.9665,297920
GMD,8/6/2019 00:00:00,17.7938,18.3811,17.7938,18.3466,753260
GMD,8/7/2019 00:00:00,18.3811,18.3811,18.1738,18.2775,427130
GMD,8/8/2019 00:00:00,18.1393,19.5559,18.1393,19.3486,3.36888e+006
GMD,8/9/2019 00:00:00,19.4868,19.4868,19.1412,19.1412,721070
GMD,8/12/2019 00:00:00,19.2103,19.314,19.003,19.1067,627270
GMD,8/13/2019 00:00:00,19.003,19.1412,18.6575,18.7957,1.32044e+006
GMD,8/14/2019 00:00:00,18.8648,19.003,18.6575,18.6575,422200
GMD,8/15/2019 00:00:00,18.4502,19.3486,18.312,19.314,1.63794e+006
GMD,8/16/2019 00:00:00,19.314,19.9705,19.1412,19.6941,2.2201e+006
GMD,8/19/2019 00:00:00,19.6941,19.9014,19.3486,19.6941,828250
GMD,8/20/2019 00:00:00,19.4522,20.0396,19.4522,20.0396,1.083e+006
GMD,8/21/2019 00:00:00,19.9014,20.1432,19.7632,19.7977,1.00904e+006
GMD,8/22/2019 00:00:00,19.7977,19.7977,19.4522,19.4522,688770
GMD,8/23/2019 00:00:00,19.4522,19.7977,19.4522,19.4868,751000
GMD,8/26/2019 00:00:00,19.2795,19.8323,19.2795,19.5559,974240
GMD,8/27/2019 00:00:00,19.7632,19.7632,19.0721,19.2795,696170
GMD,8/28/2019 00:00:00,19.3486,19.3486,19.1067,19.2795,426210
GMD,8/29/2019 00:00:00,19.2795,19.5904,19.2449,19.4868,445010
GMD,8/30/2019 00:00:00,19.5213,19.9014,19.3486,19.7632,1.52935e+006
GMD,9/3/2019 00:00:00,19.8323,19.9705,19.5559,19.5904,681310
GMD,9/4/2019 00:00:00,19.5559,19.625,19.4177,19.5559,883740
GMD,9/5/2019 00:00:00,19.625,19.625,19.4522,19.4868,766820
GMD,9/6/2019 00:00:00,19.4522,19.5559,19.4177,19.4868,504320
GMD,9/9/2019 00:00:00,19.3486,19.5559,19.2103,19.2103,576280
GMD,9/10/2019 00:00:00,19.1412,19.1412,18.5539,18.5539,1.72023e+006
GMD,9/11/2019 00:00:00,18.5539,18.6575,18.312,18.3811,435120
GMD,9/12/2019 00:00:00,18.5193,18.7957,18.4848,18.7266,390670
GMD,9/13/2019 00:00:00,18.7266,18.8648,18.5539,18.7266,449320
GMD,9/16/2019 00:00:00,18.7266,18.9685,18.7266,18.7266,333770
GMD,9/17/2019 00:00:00,18.7266,18.7957,18.6575,18.7266,183360
GMD,9/18/2019 00:00:00,18.7957,19.0376,18.7266,18.8994,631290
GMD,9/19/2019 00:00:00,18.8994,18.8994,18.7957,18.8648,233780
GMD,9/20/2019 00:00:00,18.7957,19.0376,18.7612,18.9685,539640
GMD,9/23/2019 00:00:00,19.003,19.003,18.8994,18.9339,395230
GMD,9/24/2019 00:00:00,18.8994,19.2103,18.8648,19.1067,441810
GMD,9/25/2019 00:00:00,19.1412,19.4868,19.1067,19.314,656410
GMD,9/26/2019 00:00:00,19.3486,19.3486,19.1067,19.2795,282710
GMD,9/27/2019 00:00:00,19.2795,19.314,19.0721,19.1412,394220
GMD,9/30/2019 00:00:00,19.1412,19.1412,18.8648,18.9339,832680
GMD,10/1/2019 00:00:00,18.9339,19.1758,18.9339,19.003,263130
GMD,10/2/2019 00:00:00,19.003,19.1758,18.9339,18.9339,457120
GMD,10/3/2019 00:00:00,18.8648,19.1412,18.8303,19.1412,409230
GMD,10/4/2019 00:00:00,19.1412,19.2103,18.9685,18.9685,219940
GMD,10/7/2019 00:00:00,18.9685,19.003,18.6575,18.6575,343840
GMD,10/8/2019 00:00:00,18.6575,18.7957,18.3811,18.3811,593420
GMD,10/9/2019 00:00:00,18.5884,18.5884,18.2084,18.2429,583640
GMD,10/10/2019 00:00:00,18.2429,18.5193,18.2084,18.312,418780
GMD,10/11/2019 00:00:00,18.4848,18.623,18.312,18.4848,226090
GMD,10/14/2019 00:00:00,18.4848,18.623,18.3466,18.3811,226440
GMD,10/15/2019 00:00:00,18.4157,18.4157,18.2084,18.2429,266750
GMD,10/16/2019 00:00:00,18.3466,18.4502,18.2429,18.2429,197230
GMD,10/17/2019 00:00:00,18.2429,18.3466,18.1393,18.1738,324040
GMD,10/18/2019 00:00:00,18.312,18.312,18.1393,18.2429,218820
GMD,10/21/2019 00:00:00,18.3811,18.3811,18.1393,18.312,127320
GMD,10/22/2019 00:00:00,18.2084,18.4502,18.2084,18.4502,321270
GMD,10/23/2019 00:00:00,18.5884,18.9339,18.5193,18.9339,849460
GMD,10/24/2019 00:00:00,19.003,19.003,18.7266,18.7957,329180
GMD,10/25/2019 00:00:00,18.9339,19.003,18.7612,18.9339,448790
GMD,10/28/2019 00:00:00,18.9339,18.9685,18.6575,18.6575,420390
GMD,10/29/2019 00:00:00,18.6575,18.8648,18.5884,18.5884,349840
GMD,10/30/2019 00:00:00,18.6575,18.7266,18.5539,18.5884,230460
GMD,10/31/2019 00:00:00,18.6921,18.7266,18.4157,18.4502,244670
GMD,11/1/2019 00:00:00,18.3811,18.5884,18.3811,18.4502,414620
GMD,11/4/2019 00:00:00,18.5539,18.7957,18.4848,18.5884,439420
GMD,11/5/2019 00:00:00,19.0275,19.0275,18.7348,18.9543,494650
GMD,11/6/2019 00:00:00,18.9543,18.9543,18.6982,18.6982,128880
GMD,11/7/2019 00:00:00,18.625,18.7714,18.625,18.6616,190520
GMD,11/8/2019 00:00:00,18.6616,18.7348,18.5518,18.5518,228030
GMD,11/11/2019 00:00:00,18.5884,18.5884,18.3323,18.4421,196920
GMD,11/12/2019 00:00:00,18.5152,18.5152,18.2957,18.3689,308360
GMD,11/13/2019 00:00:00,18.4421,18.4421,18.2591,18.3323,309160
GMD,11/14/2019 00:00:00,18.3323,18.3323,18.1859,18.2591,308970
GMD,11/15/2019 00:00:00,18.2957,18.4787,18.2225,18.2957,257460
GMD,11/18/2019 00:00:00,18.2957,18.4421,18.2591,18.2591,216770
GMD,11/19/2019 00:00:00,18.2591,18.3323,18.2225,18.2957,202820
GMD,11/20/2019 00:00:00,18.2225,18.2957,18.1127,18.1493,135080
GMD,11/21/2019 00:00:00,18.1493,18.2591,17.9298,17.9298,505960
GMD,11/22/2019 00:00:00,17.9298,18.0762,17.4907,17.5639,348420
GMD,11/25/2019 00:00:00,17.4175,17.7834,17.4175,17.5639,240870
GMD,11/26/2019 00:00:00,17.7102,17.7468,17.6005,17.7102,149470
GMD,11/27/2019 00:00:00,17.8566,17.8566,17.4907,17.5639,145370
GMD,11/28/2019 00:00:00,17.5639,17.7102,17.4175,17.4541,179780
GMD,11/29/2019 00:00:00,17.4541,17.5273,17.198,17.3809,153450
GMD,12/2/2019 00:00:00,17.4541,17.4907,17.1248,17.198,129840
GMD,12/3/2019 00:00:00,17.0516,17.198,16.9052,17.0882,179350
GMD,12/4/2019 00:00:00,17.0882,17.2711,17.0516,17.198,139340
GMD,12/5/2019 00:00:00,17.198,17.198,16.9418,17.0516,131260
GMD,12/6/2019 00:00:00,16.8686,17.0516,16.6857,16.6857,302250
GMD,12/9/2019 00:00:00,16.6857,16.9052,16.6857,16.832,260530
GMD,12/10/2019 00:00:00,16.832,16.9418,16.6125,16.7589,105400
GMD,12/11/2019 00:00:00,16.7223,16.7955,16.6491,16.7589,183380
GMD,12/12/2019 00:00:00,16.7589,16.9418,16.7589,16.9052,132970
GMD,12/13/2019 00:00:00,16.9784,17.4541,16.9784,17.2711,447640
GMD,12/16/2019 00:00:00,17.2711,17.4907,17.0516,17.4907,191310
GMD,12/17/2019 00:00:00,17.4907,17.4907,17.198,17.198,85200
GMD,12/18/2019 00:00:00,17.198,17.2711,17.0516,17.2345,329020
GMD,12/19/2019 00:00:00,17.4175,17.4175,17.1248,17.4175,263660
GMD,12/20/2019 00:00:00,17.4175,17.4541,17.198,17.4541,289090
GMD,12/23/2019 00:00:00,17.4541,17.7834,17.4541,17.7834,316850
GMD,12/24/2019 00:00:00,17.5639,17.6005,17.4541,17.5273,218610
GMD,12/25/2019 00:00:00,17.4907,17.5273,17.3077,17.5273,175490
GMD,12/26/2019 00:00:00,17.4175,17.5273,17.198,17.198,182530
GMD,12/27/2019 00:00:00,17.198,17.3443,17.015,17.198,162140
GMD,12/30/2019 00:00:00,17.3443,17.3443,17.0516,17.0516,178550
GMD,12/31/2019 00:00:00,17.3077,17.3077,16.9052,17.0516,53250
GMD,1/2/2020 00:00:00,17.0516,17.1248,16.9418,16.9784,102780
GMD,1/3/2020 00:00:00,16.9784,17.0516,16.6125,16.6491,391080
GMD,1/6/2020 00:00:00,16.6125,16.6857,16.2466,16.2832,193970
GMD,1/7/2020 00:00:00,16.2832,16.3564,15.8807,15.9173,348050
GMD,1/8/2020 00:00:00,15.8807,15.8807,15.3684,15.3684,320710
GMD,1/9/2020 00:00:00,15.5879,15.9173,15.5879,15.8807,253950
GMD,1/10/2020 00:00:00,15.9173,16.1002,15.1854,16.1002,631400
GMD,1/13/2020 00:00:00,16.027,16.027,15.6611,15.7343,109300
GMD,1/14/2020 00:00:00,15.9173,15.9173,15.5148,15.7343,149040
GMD,1/15/2020 00:00:00,15.5879,15.7343,15.4416,15.6245,219200
GMD,1/16/2020 00:00:00,15.6611,15.6611,15.3684,15.5148,425730
GMD,1/17/2020 00:00:00,15.5148,15.6611,15.3684,15.6611,208740
GMD,1/20/2020 00:00:00,15.5879,15.6611,15.4782,15.5879,199720
GMD,1/21/2020 00:00:00,15.5879,15.7709,15.4782,15.6611,395000
GMD,1/22/2020 00:00:00,15.6611,15.7709,15.6245,15.7709,474460
GMD,1/30/2020 00:00:00,15.6611,15.6611,14.6732,15.0025,517710
GMD,1/31/2020 00:00:00,14.7097,15.0025,13.9779,13.9779,2.24172e+006
GMD,2/3/2020 00:00:00,13.6852,13.8681,13.0265,13.8681,974650
GMD,2/4/2020 00:00:00,13.7584,13.8681,13.2827,13.7584,392420
GMD,2/5/2020 00:00:00,13.7584,13.9779,13.5388,13.8315,473070
GMD,2/6/2020 00:00:00,13.9047,14.3438,13.6852,14.2706,418210
GMD,2/7/2020 00:00:00,14.3438,14.3438,14.0511,14.2341,263280
GMD,2/10/2020 00:00:00,14.0145,14.2341,13.7584,14.1243,379700
GMD,2/11/2020 00:00:00,14.1609,14.1609,13.9047,13.9779,272250
GMD,2/12/2020 00:00:00,13.9047,14.0511,13.8681,14.0145,297530
GMD,2/13/2020 00:00:00,14.0145,14.3438,14.0145,14.2706,790710
GMD,2/14/2020 00:00:00,14.2706,14.6366,14.1243,14.5634,351460
GMD,2/17/2020 00:00:00,14.6366,14.9659,14.5634,14.9659,507890
GMD,2/18/2020 00:00:00,14.9659,14.9659,14.5268,14.6366,480470
GMD,2/19/2020 00:00:00,14.417,14.6366,14.417,14.6366,265310
GMD,2/20/2020 00:00:00,14.4902,14.8927,14.4902,14.6366,353490
GMD,2/21/2020 00:00:00,14.7829,14.8195,14.5268,14.5268,248170
GMD,2/24/2020 00:00:00,14.3438,14.417,13.5388,13.8315,507460
GMD,2/25/2020 00:00:00,13.3925,14.0145,13.3925,14.0145,299060
GMD,2/26/2020 00:00:00,13.8315,13.8315,13.429,13.8315,305720
GMD,2/27/2020 00:00:00,13.8315,14.0145,13.612,14.0145,138150
GMD,2/28/2020 00:00:00,13.5754,13.9047,13.5388,13.8681,302040
GMD,3/2/2020 00:00:00,13.5754,14.1243,13.5754,13.9047,377990
GMD,3/3/2020 00:00:00,14.1975,14.1975,13.9047,14.0145,146770
GMD,3/4/2020 00:00:00,13.9779,14.1243,13.9047,14.0145,270000
GMD,3/5/2020 00:00:00,14.0511,14.1975,13.9779,14.0511,231490
GMD,3/6/2020 00:00:00,13.9779,14.0511,13.9047,13.9413,84780
GMD,3/9/2020 00:00:00,13.1729,13.612,12.9899,13.0631,728440
GMD,3/10/2020 00:00:00,12.6606,13.2095,12.5874,13.1729,356930
GMD,3/11/2020 00:00:00,13.1729,13.3193,12.2581,12.9534,447460
GMD,3/12/2020 00:00:00,12.4777,12.7338,12.0752,12.0752,607800
GMD,3/13/2020 00:00:00,11.2336,11.5629,11.2336,11.5629,917640
GMD,3/16/2020 00:00:00,11.4531,11.7458,11.3433,11.5629,455770
GMD,3/17/2020 00:00:00,11.4165,12.002,11.2702,12.002,485340
GMD,3/18/2020 00:00:00,12.2215,12.5874,12.1483,12.4045,663440
GMD,3/19/2020 00:00:00,12.2947,12.5143,12.002,12.3679,340320
GMD,3/20/2020 00:00:00,12.3679,12.3679,11.7458,12.0386,287940
GMD,3/23/2020 00:00:00,11.4165,11.7092,11.197,11.197,786690
GMD,3/24/2020 00:00:00,11.4897,11.4897,10.9774,11.4897,385850
GMD,3/25/2020 00:00:00,11.6727,11.9288,11.5263,11.9288,271200
GMD,3/26/2020 00:00:00,11.7092,11.8556,11.5629,11.6361,177230
GMD,3/27/2020 00:00:00,11.7092,11.7092,11.4165,11.6361,176920
GMD,3/30/2020 00:00:00,11.1604,11.1604,10.8311,11.0506,247430
GMD,3/31/2020 00:00:00,10.9774,11.3433,10.3188,10.9408,255840
GMD,4/1/2020 00:00:00,10.8676,11.1238,10.8676,10.9408,225870
GMD,4/3/2020 00:00:00,10.9408,11.197,10.9408,11.1238,348250
GMD,4/6/2020 00:00:00,11.2702,11.8922,11.2702,11.8922,419790
GMD,4/7/2020 00:00:00,12.0752,12.0752,11.7092,11.8922,229600
GMD,4/8/2020 00:00:00,11.3433,11.8922,11.3433,11.8922,308590
GMD,4/9/2020 00:00:00,11.9288,12.2215,11.8556,12.0752,442690
GMD,4/10/2020 00:00:00,12.1483,12.2215,11.7092,12.002,302240
GMD,4/13/2020 00:00:00,12.2215,12.4411,12.0752,12.2215,389230
GMD,4/14/2020 00:00:00,12.2215,12.2947,11.9288,12.2215,261590
GMD,4/15/2020 00:00:00,12.1483,12.4411,12.1483,12.4045,339960
GMD,4/16/2020 00:00:00,12.3679,12.8802,12.2215,12.7338,1.05974e+006
GMD,4/17/2020 00:00:00,13.0997,13.4656,13.0265,13.429,975490
GMD,4/20/2020 00:00:00,13.4656,13.5388,13.0265,13.1363,594640
GMD,4/21/2020 00:00:00,12.9168,12.9899,12.2947,12.3679,862080
GMD,4/22/2020 00:00:00,12.3679,12.8802,12.0752,12.807,446280
GMD,4/23/2020 00:00:00,13.0265,13.1729,12.8436,12.8802,559470
GMD,4/24/2020 00:00:00,12.8802,12.8802,12.6606,12.7704,337120
GMD,4/27/2020 00:00:00,12.8802,12.9899,12.7338,12.807,255570
GMD,4/28/2020 00:00:00,12.807,13.3193,12.807,13.3193,783490
GMD,4/29/2020 00:00:00,13.5022,13.8315,13.4656,13.612,568850
GMD,5/4/2020 00:00:00,13.612,13.612,12.9899,13.1729,404050
GMD,5/5/2020 00:00:00,13.1729,13.1729,12.9168,13.1729,199960
GMD,5/6/2020 00:00:00,13.1729,13.3193,13.0265,13.1729,371930
GMD,5/7/2020 00:00:00,13.3559,13.5388,13.1363,13.3925,424580
GMD,5/8/2020 00:00:00,13.3559,13.5754,13.2827,13.3193,413560
GMD,5/11/2020 00:00:00,13.3925,13.9779,13.2095,13.9047,733410
GMD,5/12/2020 00:00:00,14.0145,14.1975,13.795,14.1243,549130
GMD,5/13/2020 00:00:00,14.1243,14.417,13.8315,14.2706,676310
GMD,5/14/2020 00:00:00,14.0145,14.4536,13.9047,14.3072,575970
GMD,5/15/2020 00:00:00,14.3804,14.3804,13.9047,14.2341,540940
GMD,5/18/2020 00:00:00,14.2341,14.2341,14.0145,14.1243,211940
GMD,5/19/2020 00:00:00,14.1975,14.3438,14.1609,14.3072,460510
GMD,5/20/2020 00:00:00,14.3072,14.3072,14.1243,14.2706,256160
GMD,5/21/2020 00:00:00,14.2706,14.3438,14.1609,14.1975,238910
GMD,5/22/2020 00:00:00,14.2706,14.2706,14.0877,14.1243,308830
GMD,5/25/2020 00:00:00,14.0145,14.2341,14.0145,14.1975,240930
GMD,5/26/2020 00:00:00,14.3438,14.8195,14.3438,14.7463,580970
GMD,5/27/2020 00:00:00,15.0025,15.0025,14.3438,14.3438,384870
GMD,5/28/2020 00:00:00,14.417,14.5634,14.1975,14.3438,196260
GMD,5/29/2020 00:00:00,14.417,14.4536,14.1975,14.3438,330870
GMD,6/1/2020 00:00:00,14.5268,14.5268,14.3072,14.417,320680
GMD,6/2/2020 00:00:00,14.5634,14.5634,14.0511,14.0511,471480
GMD,6/3/2020 00:00:00,14.0511,14.5634,14.0145,14.417,595720
GMD,6/4/2020 00:00:00,14.4902,14.5268,14.3438,14.5268,406150
GMD,6/5/2020 00:00:00,14.5268,15.2586,14.3438,15.2586,802660
GMD,6/8/2020 00:00:00,15.2952,15.5513,15.0025,15.4416,995290
GMD,6/9/2020 00:00:00,15.3684,15.5879,15.1488,15.1854,289650
GMD,6/10/2020 00:00:00,15.0025,15.2952,14.9293,15.2952,444990
GMD,6/11/2020 00:00:00,15.2952,15.3684,14.2341,14.2341,738480
GMD,6/12/2020 00:00:00,13.5388,14.4902,13.5388,14.4902,593750
GMD,6/15/2020 00:00:00,14.8195,14.8195,13.9047,13.9047,214760
GMD,6/16/2020 00:00:00,14.0511,14.3438,13.9779,14.3072,180310
GMD,6/17/2020 00:00:00,14.3072,14.417,14.0145,14.1975,93350
GMD,6/18/2020 00:00:00,14.0511,14.2341,13.9779,14.1975,181850
GMD,6/19/2020 00:00:00,14.1243,14.3804,14.1243,14.3804,229200
GMD,6/22/2020 00:00:00,14.3804,14.4902,14.3438,14.4902,377800
GMD,6/23/2020 00:00:00,14.6,15.0025,14.4902,14.6366,455710
GMD,6/24/2020 00:00:00,14.7829,14.8561,14.3438,14.6366,226780
GMD,6/25/2020 00:00:00,14.2341,14.5634,14.1609,14.4536,123090
GMD,6/26/2020 00:00:00,14.4536,14.5634,14.1975,14.3438,198940
GMD,6/29/2020 00:00:00,14.1975,14.1975,13.5754,13.9047,385800
GMD,6/30/2020 00:00:00,13.9047,13.9779,13.5754,13.612,264890
GMD,7/1/2020 00:00:00,13.612,13.9047,13.612,13.8315,110530
GMD,7/2/2020 00:00:00,13.8315,13.9047,13.7584,13.8315,42850
GMD,7/3/2020 00:00:00,13.8315,13.9047,13.795,13.8315,94940
GMD,7/6/2020 00:00:00,13.9047,14.0511,13.9047,14.0145,142180
GMD,7/7/2020 00:00:00,14.0511,14.1243,13.9779,14.0145,161710
GMD,7/8/2020 00:00:00,14.0145,14.0511,13.9047,13.9779,77840
GMD,7/9/2020 00:00:00,13.9413,14.1975,13.9047,14.1243,284050
GMD,7/10/2020 00:00:00,14.1243,14.1243,13.9779,14.0511,107920
GMD,7/13/2020 00:00:00,14.2341,14.2341,14.0511,14.1243,190260
GMD,7/14/2020 00:00:00,14.1243,14.1609,14.0511,14.1243,86810
GMD,7/15/2020 00:00:00,14.1243,14.5634,14.1243,14.4536,430110
GMD,7/16/2020 00:00:00,14.5634,14.6,14.3438,14.3804,162340
GMD,7/17/2020 00:00:00,14.3804,14.4536,14.2706,14.3438,104600
GMD,7/20/2020 00:00:00,14.3072,14.3438,14.1243,14.3072,259790
GMD,7/21/2020 00:00:00,14.3438,14.3804,14.2341,14.3072,68740
GMD,7/22/2020 00:00:00,14.3072,14.417,14.2706,14.3072,167170
GMD,7/23/2020 00:00:00,14.1975,14.3072,14.0877,14.2341,124260
GMD,7/24/2020 00:00:00,14.2341,14.3072,13.2461,13.612,339740
GMD,7/27/2020 00:00:00,12.807,13.0997,12.6606,12.6972,926780
GMD,7/28/2020 00:00:00,12.6972,13.429,12.6606,13.429,300540
GMD,7/29/2020 00:00:00,12.9168,13.0997,12.7704,13.0265,182240
GMD,7/30/2020 00:00:00,13.1729,13.4656,13.1729,13.4656,220450
GMD,7/31/2020 00:00:00,13.3559,13.3925,13.2095,13.3925,236540
GMD,8/3/2020 00:00:00,13.2095,13.612,13.2095,13.5754,194730
GMD,8/4/2020 00:00:00,13.9047,14.2706,13.6852,14.0145,316610
GMD,8/5/2020 00:00:00,14.1975,14.9293,14.0145,14.8927,1.14929e+006
GMD,8/6/2020 00:00:00,14.8927,15.3684,14.7463,14.9659,580190
GMD,8/7/2020 00:00:00,14.8195,15.0025,14.7829,14.8195,218780
GMD,8/10/2020 00:00:00,14.6366,15.0025,14.6366,14.6732,526000
GMD,8/11/2020 00:00:00,14.7463,15.2952,14.6366,15.1854,624980
GMD,8/12/2020 00:00:00,15.2586,15.5148,15.1854,15.2586,673390
GMD,8/13/2020 00:00:00,15.2586,15.4782,15.1122,15.3684,726470
GMD,8/14/2020 00:00:00,15.2952,15.4782,14.8561,15.1488,566480
GMD,8/17/2020 00:00:00,15.0025,15.4416,14.8927,15.4416,706990
GMD,8/18/2020 00:00:00,15.5879,16.3564,15.5879,16.027,1.28798e+006
GMD,8/19/2020 00:00:00,16.027,16.9784,15.9904,16.7955,1.18746e+006
GMD,8/20/2020 00:00:00,16.4661,16.6857,16.3564,16.5759,613210
GMD,8/21/2020 00:00:00,16.5027,17.1614,16.4295,16.7955,871990
GMD,8/24/2020 00:00:00,16.832,17.0516,16.6125,16.832,679450
GMD,8/25/2020 00:00:00,17.1248,17.4907,16.832,16.832,1.14565e+006
GMD,8/26/2020 00:00:00,16.9418,17.198,16.7589,17.1614,614910
GMD,8/27/2020 00:00:00,17.1248,17.3809,17.0516,17.1614,443220
GMD,8/28/2020 00:00:00,17.015,17.1614,16.832,16.832,450980
GMD,8/31/2020 00:00:00,16.832,17.0516,16.5393,16.6125,692920
GMD,9/1/2020 00:00:00,16.5027,16.832,16.5027,16.832,659800
GMD,9/3/2020 00:00:00,17.3676,17.4059,17.0233,17.4059,956750
GMD,9/4/2020 00:00:00,17.0616,17.3294,16.9851,17.1381,335850
GMD,9/7/2020 00:00:00,17.1763,17.2146,16.679,16.679,474570
GMD,9/8/2020 00:00:00,16.679,16.9086,16.6025,16.7938,342930
GMD,9/9/2020 00:00:00,16.679,17.3294,16.679,17.2528,848620
GMD,9/10/2020 00:00:00,17.3294,18.2092,17.3294,18.2092,1.54526e+006
GMD,9/11/2020 00:00:00,17.9797,18.1327,17.9032,18.0562,347880
GMD,9/14/2020 00:00:00,18.1327,18.1327,17.9032,17.9414,440080
GMD,9/15/2020 00:00:00,17.9797,18.324,17.9032,17.9797,787080
GMD,9/16/2020 00:00:00,17.9414,18.0562,17.8267,17.9032,430610
GMD,9/17/2020 00:00:00,18.0562,18.0944,17.8267,17.9797,578030
GMD,9/18/2020 00:00:00,17.9797,18.5918,17.9797,18.4005,1.09805e+006
GMD,9/21/2020 00:00:00,18.4005,18.4387,18.1327,18.2475,601860
GMD,9/22/2020 00:00:00,18.0179,18.2092,17.8649,18.0944,642380
GMD,9/23/2020 00:00:00,18.0562,18.2092,17.9797,18.1327,556570
GMD,9/24/2020 00:00:00,18.1327,18.5152,18.1327,18.4005,1.05111e+006
GMD,9/25/2020 00:00:00,18.4005,18.477,18.0944,18.2092,415100
GMD,9/28/2020 00:00:00,18.4005,18.4005,18.171,18.2092,443050
GMD,9/29/2020 00:00:00,18.171,18.2475,17.9797,17.9797,803470
GMD,9/30/2020 00:00:00,17.9032,18.3622,17.9032,18.324,494620
GMD,10/1/2020 00:00:00,18.3622,18.6683,18.3622,18.4387,559230
GMD,10/2/2020 00:00:00,18.477,18.5152,18.0562,18.5152,858770
GMD,10/5/2020 00:00:00,18.5535,19.3568,18.5152,19.1273,1.00342e+006
GMD,10/6/2020 00:00:00,19.3568,19.3568,18.8213,18.8978,600240
GMD,10/7/2020 00:00:00,18.8978,18.9743,18.5918,18.7448,587430
GMD,10/8/2020 00:00:00,18.7448,18.7448,18.4005,18.5535,700500
GMD,10/9/2020 00:00:00,18.5918,18.7065,18.4387,18.5152,323030
GMD,10/12/2020 00:00:00,18.7448,18.7448,18.324,18.324,482380
GMD,10/13/2020 00:00:00,18.324,18.3622,18.0562,18.1327,320640
GMD,10/14/2020 00:00:00,18.2857,18.2857,18.0944,18.2092,322390
GMD,10/15/2020 00:00:00,18.2092,18.3622,18.0944,18.0944,285370
GMD,10/16/2020 00:00:00,18.0179,18.1327,17.8267,18.0179,462700
GMD,10/19/2020 00:00:00,18.0179,18.324,17.9797,18.2092,299140
GMD,10/20/2020 00:00:00,18.3622,18.3622,18.0179,18.1327,400630
GMD,10/21/2020 00:00:00,18.1327,18.171,17.9797,17.9797,287660
GMD,10/22/2020 00:00:00,18.0562,18.0562,17.8267,17.9414,285370
GMD,10/23/2020 00:00:00,17.9414,18.171,17.9414,18.1327,471190
GMD,10/26/2020 00:00:00,18.2857,18.2857,17.9414,17.9797,605400
GMD,10/27/2020 00:00:00,17.9032,17.9414,17.8267,17.8267,722530
GMD,10/28/2020 00:00:00,17.8267,17.8267,16.9086,16.9086,1.18468e+006
GMD,10/29/2020 00:00:00,16.526,17.1381,16.4495,17.1381,833190
GMD,10/30/2020 00:00:00,17.2528,17.9414,17.1763,17.9414,878700
GMD,11/2/2020 00:00:00,17.8267,17.8267,17.5206,17.6354,253880
GMD,11/3/2020 00:00:00,17.6354,17.7884,17.5206,17.7119,266890
GMD,11/4/2020 00:00:00,17.6736,18.171,17.6354,18.0944,442760
GMD,11/5/2020 00:00:00,18.0944,18.2092,17.9032,17.9032,315900
GMD,11/6/2020 00:00:00,17.9032,18.0562,17.7502,17.9797,162670
GMD,11/9/2020 00:00:00,17.9797,19.1273,17.9797,19.0508,2.26827e+006
GMD,11/10/2020 00:00:00,19.5099,19.5481,19.0508,19.0891,1.38606e+006
GMD,11/11/2020 00:00:00,19.1273,19.4334,19.1273,19.3186,1.1357e+006
GMD,11/12/2020 00:00:00,19.2421,20.1219,19.2421,20.1219,1.71591e+006
GMD,11/13/2020 00:00:00,20.275,20.275,19.9307,20.1219,1.05413e+006
GMD,11/16/2020 00:00:00,20.1985,20.6575,19.9689,20.3515,2.08038e+006
GMD,11/17/2020 00:00:00,20.5045,21.4226,20.1985,21.0018,2.08515e+006
GMD,11/18/2020 00:00:00,21.0018,21.5756,20.9635,21.2696,981120
GMD,11/19/2020 00:00:00,20.9635,21.0401,20.275,20.581,3.0679e+006
GMD,11/20/2020 00:00:00,20.5045,20.6575,20.0837,20.581,1.29388e+006
GMD,11/23/2020 00:00:00,20.6575,21.0401,20.3897,20.9253,787780
GMD,11/24/2020 00:00:00,20.8105,21.7286,20.6958,21.0401,2.69203e+006
GMD,11/25/2020 00:00:00,21.4226,21.4226,20.6575,20.6575,1.47432e+006
GMD,11/26/2020 00:00:00,20.8488,21.4226,20.6575,20.9635,1.04164e+006
GMD,11/27/2020 00:00:00,21.1166,21.5756,20.9253,21.4226,1.81537e+006
GMD,11/30/2020 00:00:00,21.6521,21.7286,21.2696,21.2696,3.29728e+006
GMD,12/1/2020 00:00:00,21.1166,21.8051,20.9253,21.8051,4.04097e+006
GMD,12/2/2020 00:00:00,22.1877,22.9145,22.1494,22.532,4.91223e+006
GMD,12/3/2020 00:00:00,22.6467,22.9528,22.1877,22.5702,4.96461e+006
GMD,12/4/2020 00:00:00,22.4937,22.5702,21.9964,22.0347,3.95396e+006
GMD,12/7/2020 00:00:00,22.0347,22.4555,22.0347,22.3025,5.78365e+006
GMD,12/8/2020 00:00:00,22.3025,22.4937,22.1494,22.3407,5.15676e+006
GMD,12/9/2020 00:00:00,22.3025,22.3407,22.1112,22.2259,4.11791e+006
GMD,12/10/2020 00:00:00,22.3407,23.6796,22.3407,23.0676,1.07779e+007
GMD,12/11/2020 00:00:00,23.4118,23.7944,23.3736,23.7944,1.03308e+007
GMD,12/14/2020 00:00:00,23.9474,24.8273,23.9474,24.3682,7.73418e+006
GMD,12/15/2020 00:00:00,24.1004,25.6306,24.1004,25.4011,7.05005e+006
GMD,12/16/2020 00:00:00,25.5541,25.6306,24.483,25.2098,4.69934e+006
GMD,12/17/2020 00:00:00,24.789,25.2098,24.2534,24.2534,5.67071e+006
GMD,12/18/2020 00:00:00,24.483,25.1716,24.2534,25.0568,3.49408e+006
GMD,12/21/2020 00:00:00,25.2481,26.7017,25.2481,26.1662,5.05694e+006
GMD,12/22/2020 00:00:00,26.2809,26.2809,25.5924,25.6689,3.67378e+006
GMD,12/23/2020 00:00:00,25.7071,25.7071,23.9092,24.636,4.69469e+006
GMD,12/24/2020 00:00:00,24.33,24.636,22.9145,23.9474,6.88901e+006
GMD,12/25/2020 00:00:00,23.9474,24.8655,23.9474,24.5977,3.88628e+006
GMD,12/28/2020 00:00:00,24.8655,25.0568,24.1004,24.483,3.29672e+006
GMD,12/29/2020 00:00:00,24.2917,25.5158,24.0239,25.0185,4.72432e+006
GMD,12/30/2020 00:00:00,24.8655,25.2098,24.5212,24.636,2.1778e+006
GMD,12/31/2020 00:00:00,24.8655,25.0185,24.2917,24.942,2.518e+006
GMD,1/4/2021 00:00:00,25.2481,26.0132,25.095,25.3246,4.2265e+006
GMD,1/5/2021 00:00:00,25.3246,26.3575,25.0568,25.8601,4.8519e+006
GMD,1/6/2021 00:00:00,26.1662,26.1662,25.3246,25.5541,3.6413e+006
GMD,1/7/2021 00:00:00,25.7836,26.3957,24.8655,26.0132,5.7537e+006
GMD,1/8/2021 00:00:00,26.3192,26.6252,25.6306,25.9366,4.5875e+006
GMD,1/11/2021 00:00:00,26.2427,26.2809,25.7071,26.0897,4.0886e+006
GMD,1/12/2021 00:00:00,26.3575,27.8111,26.3192,27.8111,7.8793e+006
GMD,1/13/2021 00:00:00,28.3084,28.538,27.1991,27.4668,5.3344e+006
GMD,1/14/2021 00:00:00,27.4668,27.5433,26.9313,27.3521,3.0971e+006
GMD,1/15/2021 00:00:00,27.3903,27.8876,27.1608,27.3521,3.8479e+006
GMD,1/18/2021 00:00:00,27.3521,27.3521,26.7017,26.7017,3.6691e+006
GMD,1/19/2021 00:00:00,26.3957,26.6252,24.8655,24.8655,5.9566e+006
GMD,1/20/2021 00:00:00,24.5595,25.2481,23.1441,23.9092,5.1149e+006
GMD,1/21/2021 00:00:00,24.2534,25.2481,23.7944,25.0185,2.93e+006
GMD,1/22/2021 00:00:00,25.0185,25.2481,24.4065,24.5595,2.5119e+006
GMD,1/25/2021 00:00:00,24.483,26.0132,24.1387,24.8655,4.0091e+006
GMD,1/26/2021 00:00:00,24.8655,25.2098,23.9474,24.636,2.6033e+006
GMD,1/27/2021 00:00:00,24.4065,25.0185,23.3353,23.6796,2.6414e+006
GMD,1/28/2021 00:00:00,22.0347,22.6467,22.0347,22.0347,2.6623e+006
GMD,1/29/2021 00:00:00,20.5045,22.7998,20.5045,22.7998,4.4053e+006
GMD,2/1/2021 00:00:00,22.1877,22.7233,21.2313,21.2313,4.3644e+006
GMD,2/2/2021 00:00:00,20.6575,21.2696,19.7777,21.1931,3.0783e+006
GMD,2/3/2021 00:00:00,21.4991,22.379,21.1548,22.2259,3.536e+006
GMD,2/4/2021 00:00:00,22.1877,23.2971,21.8051,23.2588,4.1946e+006
GMD,2/5/2021 00:00:00,23.0676,23.7944,22.9145,23.7179,2.3793e+006
GMD,2/8/2021 00:00:00,23.7179,23.7179,22.0729,22.6085,2.7144e+006
GMD,2/9/2021 00:00:00,22.6085,23.4501,22.4937,23.4118,2.0537e+006
GMD,2/17/2021 00:00:00,24.1769,25.0185,23.4501,25.0185,3.4964e+006
GMD,2/18/2021 00:00:00,25.2481,25.8601,24.636,25.3246,3.3188e+006
GMD,2/19/2021 00:00:00,24.8655,25.8601,24.8273,25.6306,3.3027e+006
GMD,2/22/2021 00:00:00,25.6306,26.0132,24.9038,25.5541,2.0693e+006
GMD,2/23/2021 00:00:00,25.4011,25.5541,24.8655,25.2481,1.8589e+006
GMD,2/24/2021 00:00:00,25.2863,25.5541,24.8655,24.9803,2.2876e+006
GMD,2/25/2021 00:00:00,25.2481,25.5924,24.789,25.2481,2.041e+006
GMD,2/26/2021 00:00:00,24.789,25.9749,24.789,25.6306,2.5077e+006
GMD,3/1/2021 00:00:00,26.0132,26.3957,25.8601,26.2809,3.0845e+006
GMD,3/2/2021 00:00:00,26.3957,26.3957,25.7836,26.0132,1.9405e+006
GMD,3/3/2021 00:00:00,26.1279,26.1279,25.6306,25.7071,2.3649e+006
GMD,3/4/2021 00:00:00,25.7071,26.0897,24.33,24.7125,2.5647e+006
GMD,3/5/2021 00:00:00,24.5595,25.0185,23.7179,25.0185,2.4721e+006
GMD,3/8/2021 00:00:00,25.3628,25.4011,24.3682,24.5977,2.2983e+006
GMD,3/9/2021 00:00:00,24.4065,24.4447,23.7944,24.2534,2.3464e+006
GMD,3/10/2021 00:00:00,24.2534,24.636,23.8709,24.5595,1.1482e+006
GMD,3/11/2021 00:00:00,24.5595,25.0185,24.483,24.636,1.781e+006
GMD,3/12/2021 00:00:00,24.789,24.789,24.33,24.483,1.7634e+006
GMD,3/15/2021 00:00:00,24.483,24.942,24.33,24.4447,1.5288e+006
GMD,3/16/2021 00:00:00,24.483,25.1716,24.33,25.095,2.6305e+006
GMD,3/17/2021 00:00:00,25.095,25.5924,25.095,25.5158,2.915e+006
GMD,3/18/2021 00:00:00,25.7071,25.7836,25.2481,25.4011,1.4674e+006
GMD,3/19/2021 00:00:00,25.2481,25.4011,24.9803,25.2098,1.8361e+006
GMD,3/22/2021 00:00:00,25.7836,26.7017,25.7836,26.4722,5.8464e+006
GMD,3/23/2021 00:00:00,26.4722,26.5487,25.5541,26.1662,2.5037e+006
GMD,3/24/2021 00:00:00,25.5541,26.0132,24.942,25.4011,1.8453e+006
GMD,3/25/2021 00:00:00,25.4011,25.5541,24.789,25.2481,2.0563e+006
GMD,3/26/2021 00:00:00,24.789,25.095,23.9474,24.8655,2.443e+006
GMD,3/29/2021 00:00:00,25.1716,25.2481,24.942,25.2481,998000
GMD,3/30/2021 00:00:00,25.2481,26.2427,25.095,25.8984,4.0805e+006
GMD,3/31/2021 00:00:00,25.8984,26.3957,25.7836,25.8984,2.9166e+006
GMD,4/1/2021 00:00:00,25.8984,26.587,25.7071,26.5105,3.6301e+006
GMD,4/2/2021 00:00:00,27.0078,27.0078,26.3192,26.6252,2.3087e+006
GMD,4/5/2021 00:00:00,26.6252,26.7017,26.0514,26.3575,2.362e+006
GMD,4/6/2021 00:00:00,26.0132,26.3575,25.9749,26.3192,2.6082e+006
GMD,4/7/2021 00:00:00,26.1662,27.6964,26.1662,27.4286,5.4183e+006
GMD,4/8/2021 00:00:00,27.5051,27.5433,26.8548,27.0078,2.0738e+006
GMD,4/9/2021 00:00:00,26.7783,27.8494,26.6252,27.3138,2.7629e+006
GMD,4/12/2021 00:00:00,27.3903,27.4668,26.9695,27.3138,2.6073e+006
GMD,4/13/2021 00:00:00,27.4668,27.5433,26.6252,26.7017,2.9976e+006
GMD,4/14/2021 00:00:00,26.1662,26.6252,26.0897,26.4722,1.6936e+006
GMD,4/15/2021 00:00:00,26.4722,27.5433,25.7071,26.2044,2.739e+006
GMD,4/16/2021 00:00:00,26.0897,26.5105,25.0185,25.6306,2.7656e+006
GMD,4/19/2021 00:00:00,25.4776,25.9366,25.2481,25.8601,1.4257e+006
GMD,4/20/2021 00:00:00,25.8601,26.1662,25.2481,25.4776,1.8635e+006
GMD,4/22/2021 00:00:00,25.2481,25.6306,24.483,24.483,2.4813e+006
GMD,4/23/2021 00:00:00,24.483,25.7454,24.2534,25.6306,2.3371e+006
GMD,4/26/2021 00:00:00,26.0132,26.0132,25.1716,25.2481,1.2041e+006
GMD,4/27/2021 00:00:00,25.095,25.8601,25.0185,25.5158,1.4991e+006
GMD,4/28/2021 00:00:00,25.4393,25.8219,25.4393,25.7836,1.8655e+006
GMD,4/29/2021 00:00:00,25.7836,26.1662,25.7836,26.1662,2.4858e+006
GMD,5/4/2021 00:00:00,25.5541,25.9749,25.4776,25.9366,1.5036e+006
GMD,5/5/2021 00:00:00,26.0132,27.2373,25.9366,26.8548,3.5165e+006
GMD,5/6/2021 00:00:00,26.9313,26.9313,26.3575,26.5105,1.9941e+006
GMD,5/7/2021 00:00:00,26.5105,26.7017,26.0132,26.0897,1.6447e+006
GMD,5/10/2021 00:00:00,26.0132,27.2756,25.7836,27.2756,4.5399e+006
GMD,5/11/2021 00:00:00,27.5433,28.8823,27.3138,28.0024,6.4758e+006
GMD,5/12/2021 00:00:00,27.7346,28.8057,27.7346,28.8057,3.0403e+006
GMD,5/13/2021 00:00:00,28.4997,28.691,27.8494,27.8494,3.2208e+006
GMD,5/14/2021 00:00:00,28.3084,28.3084,27.3138,27.3138,3.5084e+006
GMD,5/17/2021 00:00:00,27.5051,28.7675,27.3903,28.691,4.5623e+006
GMD,5/18/2021 00:00:00,28.691,29.4178,28.538,28.9205,3.7362e+006
GMD,5/19/2021 00:00:00,28.7675,29.0735,28.4997,28.997,1.8978e+006
GMD,5/20/2021 00:00:00,29.0735,29.8004,29.0735,29.6856,3.6131e+006
GMD,5/21/2021 00:00:00,29.6856,30.3742,28.691,29.0353,3.7383e+006
GMD,5/24/2021 00:00:00,29.0735,29.8386,28.691,29.5708,2.7366e+006
GMD,5/25/2021 00:00:00,29.5708,30.2212,29.5708,29.8004,2.8347e+006
GMD,5/26/2021 00:00:00,29.4561,29.6856,29.0735,29.1118,2.5826e+006
GMD,5/27/2021 00:00:00,29.0735,29.3031,28.1172,28.2319,3.6192e+006
GMD,5/28/2021 00:00:00,29.0735,29.0735,28.1554,28.844,2.6011e+006
GMD,5/31/2021 00:00:00,28.9205,28.997,28.1554,28.3467,2.1294e+006
GMD,6/1/2021 00:00:00,28.3849,29.0735,28.3849,28.691,1.7908e+006
GMD,6/2/2021 00:00:00,28.691,29.8386,28.6145,29.8004,3.8941e+006
GMD,6/3/2021 00:00:00,30.1829,31.2158,30.0682,30.8332,3.3242e+006
GMD,6/4/2021 00:00:00,30.6802,30.8332,29.9916,30.795,3.4062e+006
GMD,6/7/2021 00:00:00,31.3306,31.3306,29.0735,30.6037,3.7506e+006
GMD,6/8/2021 00:00:00,30.2594,30.9863,29.4561,29.5326,2.8181e+006
GMD,6/9/2021 00:00:00,29.5326,30.2212,29.0735,29.8386,1.9779e+006
GMD,6/10/2021 00:00:00,29.6856,30.9863,29.5326,30.7567,3.0214e+006
GMD,6/11/2021 00:00:00,30.9863,32.0191,30.9863,31.5983,3.0809e+006
GMD,6/14/2021 00:00:00,32.4399,33.2815,31.7514,32.2487,3.6146e+006
GMD,6/15/2021 00:00:00,32.2487,32.746,31.7514,32.2487,2.2275e+006
GMD,6/16/2021 00:00:00,32.5164,33.205,32.2487,32.2869,3.0344e+006
GMD,6/17/2021 00:00:00,32.1339,33.9319,31.7514,33.6641,4.641e+006
GMD,6/18/2021 00:00:00,33.4346,33.8936,33.3963,33.5876,2.0572e+006
GMD,6/21/2021 00:00:00,33.052,33.6641,32.899,32.9372,2.3369e+006
GMD,6/22/2021 00:00:00,32.9755,33.8936,32.9755,33.3198,3.0387e+006
GMD,6/23/2021 00:00:00,33.6641,33.6641,32.2487,32.7842,2.561e+006
GMD,6/24/2021 00:00:00,32.8607,33.052,32.4399,32.4399,1.6772e+006
GMD,6/25/2021 00:00:00,32.4399,32.8607,32.3634,32.6312,1.4301e+006
GMD,6/28/2021 00:00:00,33.052,33.6641,32.5164,33.6641,2.1708e+006
GMD,6/29/2021 00:00:00,33.6641,33.6641,32.8225,32.899,1.3378e+006
GMD,6/30/2021 00:00:00,32.899,33.2815,32.8225,32.899,1.4752e+006
GMD,7/1/2021 00:00:00,33.2815,34.2762,32.746,34.1997,5.0877e+006
GMD,7/2/2021 00:00:00,34.4292,34.4292,34.0466,34.0849,1.9507e+006
GMD,7/5/2021 00:00:00,34.4292,34.8117,33.7023,34.0466,3.6703e+006
GMD,7/6/2021 00:00:00,34.5057,34.5057,31.6748,31.6748,2.9925e+006
GMD,7/7/2021 00:00:00,31.9809,32.1339,30.2212,32.0574,3.6135e+006
GMD,7/8/2021 00:00:00,32.1339,32.7842,31.7514,32.0191,2.5575e+006
GMD,7/9/2021 00:00:00,31.6748,32.0574,30.2212,30.6037,3.3355e+006
GMD,7/12/2021 00:00:00,30.4507,30.5272,28.691,29.6856,4.6605e+006
GMD,7/13/2021 00:00:00,29.8386,30.5272,29.7239,30.3742,1.6678e+006
GMD,7/14/2021 00:00:00,30.6037,30.9863,29.6091,29.9916,2.195e+006
GMD,7/15/2021 00:00:00,29.5326,30.9863,29.5326,30.9098,1.3465e+006
GMD,7/16/2021 00:00:00,31.3688,31.6748,31.0628,31.5218,1.7466e+006
GMD,7/19/2021 00:00:00,30.642,33.052,30.2977,31.9044,4.9872e+006
GMD,7/20/2021 00:00:00,32.0574,32.5164,31.1393,32.4399,2.3749e+006
GMD,7/21/2021 00:00:00,32.593,33.052,32.3634,32.9755,2.5363e+006
GMD,7/22/2021 00:00:00,32.9755,33.7789,32.593,33.3581,2.3767e+006
GMD,7/23/2021 00:00:00,33.2815,33.4346,32.5164,32.5164,2.8911e+006
GMD,7/26/2021 00:00:00,32.2104,34.6205,32.0574,34.2762,5.6181e+006
GMD,7/27/2021 00:00:00,34.4674,34.8117,34.1231,34.2762,3.9473e+006
GMD,7/28/2021 00:00:00,33.9701,34.3527,33.7023,33.7406,1.7961e+006
GMD,7/29/2021 00:00:00,33.8936,34.8882,33.6258,34.5439,3.4827e+006
GMD,7/30/2021 00:00:00,34.5822,35.9594,34.5822,35.2708,4.9555e+006
GMD,8/2/2021 00:00:00,35.1943,36.954,35.0413,36.1889,4.8906e+006
GMD,8/3/2021 00:00:00,36.4184,37.107,35.8063,36.4949,5.2143e+006
GMD,8/4/2021 00:00:00,36.6862,36.6862,35.8446,35.9976,4.266e+006
GMD,8/5/2021 00:00:00,35.8063,36.801,35.5768,36.2271,2.6532e+006
GMD,8/6/2021 00:00:00,36.2271,37.6808,35.9211,36.954,5.999e+006
GMD,8/9/2021 00:00:00,36.954,37.8338,36.954,37.5661,3.1575e+006
GMD,8/10/2021 00:00:00,37.8721,39.0197,37.3365,38.6372,6.0024e+006
GMD,8/11/2021 00:00:00,38.8667,39.4788,37.8338,37.8338,6.2033e+006
GMD,8/12/2021 00:00:00,37.6426,38.4077,36.7245,36.954,6.2912e+006
GMD,8/13/2021 00:00:00,36.9932,38.4447,36.0909,38.4447,4.997e+006
GMD,8/16/2021 00:00:00,39.3862,39.3862,37.9347,38.2486,3.635e+006
GMD,8/17/2021 00:00:00,38.2093,38.2093,36.8755,37.817,2.7872e+006
GMD,8/18/2021 00:00:00,37.2678,38.0524,37.2678,37.5032,3.4589e+006
GMD,8/19/2021 00:00:00,37.2678,37.6601,36.9148,36.9148,3.6452e+006
GMD,8/20/2021 00:00:00,37.2678,37.8563,36.1694,37.1501,5.2764e+006
GMD,8/23/2021 00:00:00,37.1109,38.0132,36.7186,37.1109,3.6404e+006
GMD,8/24/2021 00:00:00,37.1501,37.817,36.7578,36.8363,4.0115e+006
GMD,8/25/2021 00:00:00,36.954,37.6209,36.5617,37.5817,2.5126e+006
GMD,8/26/2021 00:00:00,37.9739,40.1708,37.817,40.0139,1.05994e+007
GMD,8/27/2021 00:00:00,40.0139,40.7985,39.4647,40.0923,4.5658e+006
GMD,8/30/2021 00:00:00,40.4062,40.9554,40.0139,40.6415,3.4343e+006
GMD,8/31/2021 00:00:00,40.2492,41.2692,40.2492,40.4846,5.8712e+006
GMD,9/1/2021 00:00:00,40.4062,42.5245,40.3277,41.583,5.7906e+006
GMD,9/6/2021 00:00:00,41.74,42.3676,41.1123,41.3477,4.0993e+006
GMD,9/7/2021 00:00:00,41.1123,41.1123,39.857,39.857,6.7407e+006
GMD,9/8/2021 00:00:00,39.857,40.72,39.3862,39.6216,2.8411e+006
GMD,9/9/2021 00:00:00,40.0139,40.72,39.7,40.3277,2.4602e+006
GMD,9/10/2021 00:00:00,40.4846,40.5631,39.857,40.0139,2.028e+006
GMD,9/13/2021 00:00:00,40.0139,41.1908,39.1116,40.7985,4.7646e+006
GMD,9/14/2021 00:00:00,40.9554,41.1908,40.0139,40.3277,1.9197e+006
GMD,9/15/2021 00:00:00,40.2492,40.7985,40.0139,40.3277,1.5541e+006
GMD,9/16/2021 00:00:00,40.3277,41.583,40.1708,41.5046,4.854e+006
GMD,9/17/2021 00:00:00,41.8969,41.8969,41.1123,41.2692,1.8429e+006
GMD,9/20/2021 00:00:00,41.583,41.583,39.857,39.9354,3.8153e+006
GMD,9/21/2021 00:00:00,39.3077,40.1708,38.837,39.0724,5.0131e+006
GMD,9/22/2021 00:00:00,39.3077,39.5431,38.9939,39.3862,2.2615e+006
GMD,9/23/2021 00:00:00,39.3862,39.9354,39.0724,39.3862,2.0855e+006
GMD,9/24/2021 00:00:00,39.2293,39.3862,37.6601,38.4447,3.7426e+006
GMD,9/27/2021 00:00:00,38.4447,38.9939,37.3463,37.3463,2.0455e+006
GMD,9/28/2021 00:00:00,37.1109,38.4839,36.8755,38.4447,1.999e+006
GMD,9/29/2021 00:00:00,37.817,38.4447,37.7778,38.1701,1.3671e+006
GMD,9/30/2021 00:00:00,38.2486,39.3862,38.2093,38.9155,1.2321e+006
GMD,10/1/2021 00:00:00,38.6801,39.1901,38.0524,38.2093,1.6346e+006
GMD,10/4/2021 00:00:00,38.2093,39.4647,38.2093,38.6801,2.6091e+006
GMD,10/5/2021 00:00:00,38.4447,38.6801,37.8563,37.8563,3.0928e+006
GMD,10/6/2021 00:00:00,37.8955,38.2093,37.4247,37.6601,2.5816e+006
GMD,10/7/2021 00:00:00,37.7386,39.1116,37.6601,38.9939,3.7684e+006
GMD,10/8/2021 00:00:00,39.2293,40.7985,39.2293,40.1708,4.9686e+006
GMD,10/11/2021 00:00:00,40.4062,40.5631,39.6216,40.0139,2.9106e+006
GMD,10/12/2021 00:00:00,40.0139,40.0139,39.2293,39.6216,4.1791e+006
GMD,10/13/2021 00:00:00,39.7785,40.2492,39.3077,39.6216,3.5217e+006
GMD,10/14/2021 00:00:00,39.6216,40.7985,39.4647,40.1708,4.9301e+006
GMD,10/15/2021 00:00:00,40.3277,40.5631,39.7,39.9354,2.3792e+006
GMD,10/18/2021 00:00:00,40.0139,41.1908,39.9354,40.4062,7.1021e+006
GMD,10/19/2021 00:00:00,40.5631,40.9554,40.1708,40.4062,2.7293e+006
GMD,10/20/2021 00:00:00,40.4062,40.5631,39.3077,39.7,3.2708e+006
GMD,10/21/2021 00:00:00,39.7,39.7,39.0724,39.3077,3.9026e+006
GMD,10/22/2021 00:00:00,39.3077,39.3862,38.6801,38.9939,3.8955e+006
GMD,10/25/2021 00:00:00,38.837,40.2492,38.6016,39.2293,3.03e+006
GMD,10/26/2021 00:00:00,39.2293,40.0139,38.7193,39.5431,2.0201e+006
GMD,10/27/2021 00:00:00,39.6216,40.4062,39.6216,40.0923,4.3087e+006
GMD,10/28/2021 00:00:00,40.0923,41.3477,40.0139,41.0338,6.6154e+006
GMD,10/29/2021 00:00:00,41.2692,41.74,40.5631,41.0338,3.8145e+006
GMD,11/1/2021 00:00:00,41.5046,41.5046,40.2492,40.4846,3.9989e+006
GMD,11/2/2021 00:00:00,40.4846,41.0338,40.4062,40.7985,3.9124e+006
GMD,11/3/2021 00:00:00,40.7985,41.1908,39.7,39.7,4.2391e+006
GMD,11/4/2021 00:00:00,39.857,40.4062,39.3862,39.9354,2.7453e+006
GMD,11/5/2021 00:00:00,40.0923,40.3277,39.6216,40.0139,2.4728e+006
GMD,11/8/2021 00:00:00,40.0139,41.4261,40.0139,40.9554,5.1492e+006
GMD,11/9/2021 00:00:00,41.74,43.0738,41.4261,42.7599,8.2973e+006
GMD,11/10/2021 00:00:00,42.7599,43.0738,42.2107,42.603,2.92e+006
GMD,11/11/2021 00:00:00,42.1323,42.7599,41.583,41.9753,4.2348e+006
GMD,11/12/2021 00:00:00,41.583,41.8184,40.7985,41.3477,4.5512e+006
GMD,11/15/2021 00:00:00,41.3477,42.2107,41.1908,41.5046,3.7865e+006
GMD,11/16/2021 00:00:00,41.5046,43.9368,40.6415,43.2307,7.6716e+006
GMD,11/17/2021 00:00:00,43.2307,43.3091,42.4461,42.5245,2.8566e+006
GMD,11/18/2021 00:00:00,42.6815,42.6815,41.74,41.8184,2.8303e+006
GMD,11/19/2021 00:00:00,41.583,41.6615,38.9155,38.9939,7.9022e+006
GMD,11/22/2021 00:00:00,38.6016,38.9939,37.2678,37.7778,5.5377e+006
GMD,11/23/2021 00:00:00,37.817,40.0139,37.817,40.0139,1.9753e+006
GMD,11/24/2021 00:00:00,40.1708,40.3277,39.7,40.2492,2.3602e+006
GMD,11/25/2021 00:00:00,40.2492,40.2492,39.6216,40.0139,1.8521e+006
GMD,11/26/2021 00:00:00,40.0139,40.0139,38.7585,38.7978,2.6023e+006
GMD,11/29/2021 00:00:00,38.0524,39.5431,38.0524,39.1508,1.7492e+006
GMD,11/30/2021 00:00:00,39.6216,40.1708,38.9939,39.0724,2.3334e+006
GMD,12/1/2021 00:00:00,39.0724,39.2293,38.6801,38.9155,1.2316e+006
GMD,12/2/2021 00:00:00,38.9155,39.3862,38.837,39.1116,1.0923e+006
GMD,12/3/2021 00:00:00,39.2293,39.5431,38.4447,38.4447,1.8627e+006
GMD,12/6/2021 00:00:00,38.4839,38.837,36.0909,37.1894,2.5333e+006
GMD,12/7/2021 00:00:00,37.8955,37.8955,37.1109,37.6601,2.0911e+006
GMD,12/8/2021 00:00:00,37.8955,38.4447,37.7386,38.4055,946900
GMD,12/9/2021 00:00:00,38.0524,38.4447,38.0524,38.327,774400
GMD,12/10/2021 00:00:00,38.2878,38.5232,37.8955,38.2093,1.3249e+006
GMD,12/13/2021 00:00:00,38.4447,38.5624,38.0524,38.3662,1.4519e+006
GMD,12/14/2021 00:00:00,38.4447,38.4447,37.8955,38.2093,1.6796e+006
GMD,12/15/2021 00:00:00,38.4447,39.9354,38.4055,39.4647,2.4454e+006
GMD,12/16/2021 00:00:00,39.7785,39.7785,38.837,38.837,990700
GMD,12/17/2021 00:00:00,38.6801,38.9547,38.4447,38.6801,1.2621e+006
GMD,12/20/2021 00:00:00,38.6801,38.6801,37.7386,37.817,1.9051e+006
GMD,12/21/2021 00:00:00,37.817,37.8955,37.2678,37.3855,1.7786e+006
GMD,12/22/2021 00:00:00,37.3855,38.1309,37.3463,37.464,1.4608e+006
GMD,12/23/2021 00:00:00,37.5032,37.5032,35.3064,36.3263,2.6547e+006
GMD,12/24/2021 00:00:00,36.2479,36.7186,35.5417,35.8948,2.4144e+006
GMD,12/27/2021 00:00:00,36.0909,36.2479,35.581,35.934,1.0841e+006
GMD,12/28/2021 00:00:00,35.6987,36.3263,35.6987,35.8948,1.2224e+006
GMD,12/29/2021 00:00:00,35.9733,36.2479,35.8556,36.0517,826300
GMD,12/30/2021 00:00:00,36.1302,37.3463,36.1302,37.1109,1.4107e+006
GMD,12/31/2021 00:00:00,36.954,37.1109,36.4832,37.1109,969600
GMD,1/4/2022 00:00:00,37.2678,37.3855,36.8755,37.1894,1.193e+006
GMD,1/5/2022 00:00:00,37.2678,37.6209,37.0324,37.3463,1.7185e+006
GMD,1/6/2022 00:00:00,37.2678,37.3463,36.7186,36.7186,1.8977e+006
GMD,1/7/2022 00:00:00,36.7186,38.2486,36.7186,37.7778,2.1173e+006
GMD,1/10/2022 00:00:00,37.7778,37.7778,36.4832,36.4832,1.2035e+006
GMD,1/11/2022 00:00:00,36.2479,36.8755,35.934,35.934,1.0085e+006
GMD,1/12/2022 00:00:00,36.0125,36.5225,34.1295,34.7964,2.6823e+006
GMD,1/13/2022 00:00:00,35.3064,35.6202,34.5218,34.5218,1.6604e+006
GMD,1/14/2022 00:00:00,34.4433,34.5218,33.5803,33.5803,1.6933e+006
GMD,1/17/2022 00:00:00,33.7372,34.3649,31.7757,31.7757,2.1859e+006
GMD,1/18/2022 00:00:00,31.3442,32.6388,31.3442,32.2857,1.6187e+006
GMD,1/19/2022 00:00:00,32.2857,33.3449,32.2857,32.5603,927700
GMD,1/20/2022 00:00:00,32.9526,33.2664,32.7957,32.9918,647100
GMD,1/21/2022 00:00:00,33.3057,33.4234,32.9526,32.9526,602300
GMD,1/24/2022 00:00:00,33.0311,33.0311,31.8934,32.0896,1.133e+006
GMD,1/25/2022 00:00:00,31.6973,33.7764,31.6973,33.7372,1.2095e+006
GMD,1/26/2022 00:00:00,34.4041,34.4041,32.9526,32.9526,1.0476e+006
GMD,1/27/2022 00:00:00,32.9526,33.8549,32.9526,33.188,925200
GMD,1/28/2022 00:00:00,33.3449,33.9333,32.9918,33.7372,1.2766e+006
GMD,2/7/2022 00:00:00,34.4041,36.0909,34.4041,36.0909,1.3552e+006
GMD,2/8/2022 00:00:00,36.444,37.2678,36.0909,36.6009,1.6329e+006
GMD,2/9/2022 00:00:00,36.8755,38.0524,36.4832,38.0524,2.8109e+006
GMD,2/10/2022 00:00:00,37.9739,37.9739,37.2678,37.464,1.6356e+006
GMD,2/11/2022 00:00:00,37.464,38.2093,37.2678,37.9347,1.6598e+006
GMD,2/14/2022 00:00:00,37.817,38.9939,36.7971,38.3662,2.7839e+006
GMD,2/15/2022 00:00:00,38.3662,38.5232,37.8955,38.3662,1.162e+006
GMD,2/16/2022 00:00:00,38.0524,39.0331,38.0524,38.7585,1.4622e+006
GMD,2/17/2022 00:00:00,39.2293,40.2492,39.0331,40.1708,3.545e+006
GMD,2/18/2022 00:00:00,40.0139,40.8769,39.6216,40.72,3.4448e+006
GMD,2/21/2022 00:00:00,40.6415,41.1908,40.1708,40.1708,1.4892e+006
GMD,2/22/2022 00:00:00,39.6216,41.1123,38.837,40.9554,3.5834e+006
GMD,2/23/2022 00:00:00,40.9554,41.8184,40.72,40.8769,2.8234e+006
GMD,2/24/2022 00:00:00,40.4062,41.4261,39.3862,40.3277,2.9613e+006
GMD,2/25/2022 00:00:00,40.7985,41.3477,39.3862,39.6216,2.8412e+006
GMD,2/28/2022 00:00:00,39.7,40.1708,38.3662,38.9939,3.0434e+006
GMD,3/1/2022 00:00:00,39.6216,40.4062,38.9547,39.2293,2.2588e+006
GMD,3/2/2022 00:00:00,38.9939,40.0139,38.2878,39.9354,2.0713e+006
GMD,3/3/2022 00:00:00,39.7,42.6815,39.3077,42.6815,6.6253e+006
GMD,3/4/2022 00:00:00,44.1722,44.7214,42.9168,43.1522,3.8529e+006
GMD,3/7/2022 00:00:00,43.0738,45.506,42.7599,43.9368,3.5214e+006
GMD,3/8/2022 00:00:00,43.466,44.0937,41.2692,41.2692,4.8818e+006
GMD,3/9/2022 00:00:00,41.5046,44.0937,41.2692,44.0937,6.2227e+006
GMD,3/10/2022 00:00:00,44.7214,45.2706,42.7599,43.1522,4.9317e+006
GMD,3/11/2022 00:00:00,43.1522,44.2506,42.7599,43.7014,3.0284e+006
GMD,3/14/2022 00:00:00,43.1522,44.0937,40.72,40.72,6.1566e+006
GMD,3/15/2022 00:00:00,39.6216,41.3477,38.4447,41.1123,4.1761e+006
GMD,3/16/2022 00:00:00,41.5046,42.603,41.0338,41.9753,2.3573e+006
GMD,3/17/2022 00:00:00,42.0538,42.3676,41.1123,41.583,2.2649e+006
GMD,3/18/2022 00:00:00,41.8969,42.7599,41.3477,42.2892,2.628e+006
GMD,3/21/2022 00:00:00,42.3676,42.9168,41.9753,42.6815,2.4077e+006
GMD,3/22/2022 00:00:00,42.6815,43.7799,41.8184,42.8384,3.4435e+006
GMD,3/23/2022 00:00:00,43.1522,43.5445,42.0538,42.0538,2.2336e+006
GMD,3/24/2022 00:00:00,42.1323,44.2506,41.4261,43.7799,5.7891e+006
GMD,3/25/2022 00:00:00,43.7799,44.0153,42.3676,42.9953,3.1408e+006
GMD,3/28/2022 00:00:00,42.0538,44.4076,42.0538,44.1722,5.1914e+006
GMD,3/29/2022 00:00:00,44.3291,46.6828,44.2506,46.2906,5.4252e+006
GMD,3/30/2022 00:00:00,46.2906,46.9967,44.7214,45.1137,3.4041e+006
GMD,3/31/2022 00:00:00,45.506,46.1336,45.1137,45.8198,2.1496e+006
GMD,4/1/2022 00:00:00,45.1137,46.5259,44.7214,45.506,2.5623e+006
GMD,4/4/2022 00:00:00,45.5844,46.9182,45.1137,46.2121,3.4466e+006
GMD,4/5/2022 00:00:00,46.6828,48.1736,45.8983,46.6828,3.8483e+006
GMD,4/6/2022 00:00:00,46.6044,47.6244,45.3491,45.5844,3.1388e+006
GMD,4/7/2022 00:00:00,45.5844,45.9767,43.1522,44.0937,3.9562e+006
GMD,4/8/2022 00:00:00,44.3291,44.5645,42.7599,42.9953,2.2021e+006
GMD,4/12/2022 00:00:00,42.9953,43.7799,40.8769,40.8769,1.9252e+006
GMD,4/13/2022 00:00:00,41.1908,43.7014,41.0338,43.7014,2.5422e+006
GMD,4/14/2022 00:00:00,44.7214,44.8783,43.623,44.3291,1.5002e+006
GMD,4/15/2022 00:00:00,43.9368,45.8983,43.623,44.9568,2.7698e+006
GMD,4/18/2022 00:00:00,44.7214,45.7413,43.623,44.0153,2.2693e+006
GMD,4/19/2022 00:00:00,44.4076,46.6044,44.3291,45.1137,3.7458e+006
GMD,4/20/2022 00:00:00,45.3491,46.2121,43.1522,43.623,2.5703e+006
GMD,4/21/2022 00:00:00,42.7599,44.7214,41.8184,43.623,2.0086e+006
GMD,4/22/2022 00:00:00,43.2307,43.9368,40.6415,41.1123,5.4482e+006
GMD,4/25/2022 00:00:00,40.9554,41.0338,38.2486,38.2486,4.328e+006
GMD,4/26/2022 00:00:00,36.1694,40.8769,36.1694,40.4062,2.8055e+006
GMD,4/27/2022 00:00:00,40.0139,42.3676,39.857,41.8184,1.7024e+006
GMD,4/28/2022 00:00:00,42.2107,43.3876,42.1323,42.2107,2.5958e+006
GMD,4/29/2022 00:00:00,41.9753,42.9953,41.8969,42.6815,1.8344e+006
GMD,5/4/2022 00:00:00,43.0738,44.8783,41.9753,44.3291,2.4542e+006
GMD,5/5/2022 00:00:00,45.1137,45.1137,43.0738,43.7014,2.748e+006
GMD,5/6/2022 00:00:00,42.5245,45.4275,42.5245,44.0153,4.3392e+006
GMD,5/9/2022 00:00:00,43.1522,43.5445,41.0338,41.9753,3.5689e+006
GMD,5/10/2022 00:00:00,41.0338,43.2307,40.0923,43.1522,1.7089e+006
GMD,5/11/2022 00:00:00,43.466,44.5645,43.1522,44.3291,2.0189e+006
GMD,5/12/2022 00:00:00,43.7799,46.2121,43.623,43.8583,5.7347e+006
GMD,5/13/2022 00:00:00,43.9368,44.3291,40.7985,40.7985,3.1658e+006
GMD,5/16/2022 00:00:00,42.3676,42.7599,37.9739,37.9739,3.0572e+006
GMD,5/17/2022 00:00:00,36.8755,40.5631,35.3456,40.5631,3.9382e+006
GMD,5/18/2022 00:00:00,41.0338,41.9753,40.0923,40.1708,1.9827e+006
GMD,5/19/2022 00:00:00,38.9939,40.7985,38.9939,40.0139,1.7289e+006
GMD,5/20/2022 00:00:00,40.0139,40.72,38.837,39.0724,1.9145e+006
GMD,5/23/2022 00:00:00,39.2293,40.72,38.837,39.6216,1.2046e+006
GMD,5/24/2022 00:00:00,39.6216,40.4062,39.2293,40.3277,858900
GMD,5/25/2022 00:00:00,40.4062,42.9953,40.4062,42.7599,3.7513e+006
GMD,5/26/2022 00:00:00,42.3676,43.1522,41.9753,42.1323,1.7397e+006
GMD,5/27/2022 00:00:00,42.2892,44.1722,42.1323,43.3876,3.2471e+006
GMD,5/30/2022 00:00:00,43.3876,44.8783,42.603,44.4076,2.4021e+006
GMD,5/31/2022 00:00:00,44.4076,45.8198,43.7799,43.7799,3.087e+006
GMD,6/1/2022 00:00:00,43.7799,45.8983,43.1522,45.8983,4.3217e+006
GMD,6/2/2022 00:00:00,45.8983,46.9182,45.1137,45.1137,2.9534e+006
GMD,6/3/2022 00:00:00,45.1137,46.5259,44.4076,45.8983,3.1162e+006
GMD,6/6/2022 00:00:00,46.1336,48.4874,45.8983,46.9182,7.7912e+006
GMD,6/7/2022 00:00:00,46.9182,48.252,45.506,48.1736,4.0322e+006
GMD,6/8/2022 00:00:00,48.6443,48.8012,47.0751,47.1536,2.8698e+006
GMD,6/9/2022 00:00:00,47.2321,47.2321,45.8983,46.2906,3.6739e+006
GMD,6/10/2022 00:00:00,45.506,46.9182,43.1522,43.1522,4.8824e+006
GMD,6/13/2022 00:00:00,42.2892,42.9953,40.4062,40.4062,5.7115e+006
GMD,6/14/2022 00:00:00,40.0139,42.2107,39.7785,41.6615,2.8657e+006
GMD,6/15/2022 00:00:00,41.9753,42.2107,40.3277,41.1908,2.1164e+006
GMD,6/16/2022 00:00:00,42.2107,43.3091,41.9753,42.6815,2.4798e+006
GMD,6/17/2022 00:00:00,41.583,43.7799,41.3477,43.5445,3.565e+006
GMD,6/20/2022 00:00:00,43.8583,44.2506,42.3676,42.4461,2.9078e+006
GMD,6/21/2022 00:00:00,42.1323,42.6815,39.5431,39.7785,4.1104e+006
GMD,6/22/2022 00:00:00,40.6415,40.6415,38.837,38.9155,2.98e+006
GMD,6/23/2022 00:00:00,38.5232,41.583,38.4839,41.583,1.5877e+006
GMD,6/24/2022 00:00:00,41.6615,42.2107,40.7985,40.7985,1.7773e+006
GMD,6/27/2022 00:00:00,41.1908,41.74,40.7985,41.1908,1.0972e+006
GMD,6/28/2022 00:00:00,41.2692,41.583,39.6216,41.5046,2.772e+006
GMD,6/29/2022 00:00:00,41.3477,43.9368,40.4846,42.7599,2.4135e+006
GMD,6/30/2022 00:00:00,42.9953,43.3091,40.7985,40.7985,1.9143e+006
GMD,7/1/2022 00:00:00,40.72,41.1908,39.7,40.3277,1.65e+006
GMD,7/4/2022 00:00:00,40.4846,40.9554,39.2293,39.857,1.684e+006
GMD,7/5/2022 00:00:00,39.857,40.4062,38.4447,38.5624,2.0494e+006
GMD,7/6/2022 00:00:00,38.2878,38.5232,36.0909,36.1302,2.4277e+006
GMD,7/7/2022 00:00:00,36.2479,37.5817,36.0909,37.0324,1.2442e+006
GMD,7/8/2022 00:00:00,37.3071,38.0132,36.8755,37.4247,1.1703e+006
GMD,7/11/2022 00:00:00,37.5032,37.8955,37.0324,37.7386,1.2254e+006
GMD,7/12/2022 00:00:00,37.6209,38.6801,37.5032,38.5232,1.4177e+006
GMD,7/13/2022 00:00:00,38.837,39.2293,38.2093,38.6801,930400
GMD,7/14/2022 00:00:00,38.4447,38.7978,37.9739,38.7978,847600
GMD,7/15/2022 00:00:00,38.837,38.9939,38.4447,38.4447,952400
GMD,7/18/2022 00:00:00,38.4447,38.7193,38.2093,38.2093,744500
GMD,7/19/2022 00:00:00,38.0524,38.6016,38.0524,38.4447,750600
GMD,7/20/2022 00:00:00,38.7585,40.2492,38.6016,40.0139,1.5261e+006
GMD,7/21/2022 00:00:00,40.0139,40.0139,39.1901,39.7,755500
GMD,7/22/2022 00:00:00,40.0139,41.1123,39.857,39.857,1.1804e+006
GMD,7/25/2022 00:00:00,39.6216,39.9354,39.2293,39.2293,435400
GMD,7/26/2022 00:00:00,39.4647,40.0923,39.2293,39.5431,677300
GMD,7/27/2022 00:00:00,39.2293,39.857,38.837,39.2293,453900
GMD,7/28/2022 00:00:00,40.0923,40.0923,37.2678,39.2293,927900
GMD,7/29/2022 00:00:00,39.6216,40.5631,39.2293,39.2293,1.5198e+006
GMD,8/1/2022 00:00:00,40.0139,41.1908,40.0139,41.1908,1.816e+006
GMD,8/2/2022 00:00:00,41.0338,41.4261,40.2492,40.7985,1.4044e+006
GMD,8/3/2022 00:00:00,40.2492,41.74,40.2492,41.4261,1.4879e+006
GMD,8/4/2022 00:00:00,41.583,41.583,40.2492,40.4846,1.6743e+006
GMD,8/5/2022 00:00:00,40.7985,41.1123,40.4846,40.72,1.1287e+006
GMD,8/8/2022 00:00:00,40.72,41.0338,40.2492,40.7985,1.7905e+006
GMD,8/9/2022 00:00:00,40.9554,41.6615,40.9554,41.1123,1.3941e+006
GMD,8/10/2022 00:00:00,41.0338,41.4261,40.72,40.7985,514200
GMD,8/11/2022 00:00:00,41.1908,41.3477,40.2492,40.4062,1.459e+006
GMD,8/12/2022 00:00:00,40.4062,40.72,40.0923,40.6415,904700
GMD,8/15/2022 00:00:00,40.6415,41.583,40.6415,41.1908,1.2143e+006
GMD,8/16/2022 00:00:00,41.1908,42.2107,41.1123,41.74,2.2857e+006
GMD,8/17/2022 00:00:00,41.9753,42.1323,41.2692,41.2692,920300
GMD,8/18/2022 00:00:00,41.2692,41.3477,40.7985,41.1908,822700
GMD,8/19/2022 00:00:00,41.1908,41.8184,40.7985,40.7985,832100
GMD,8/22/2022 00:00:00,40.5631,40.9554,40.0139,40.3277,849000
GMD,8/23/2022 00:00:00,40.0139,41.1123,39.857,41.1123,777700
GMD,8/24/2022 00:00:00,41.1123,41.1908,40.72,40.8769,766500
GMD,8/25/2022 00:00:00,41.0338,41.5046,40.6415,41.3477,1.2576e+006
GMD,8/26/2022 00:00:00,41.5046,41.583,40.6415,40.7985,798300
GMD,8/29/2022 00:00:00,40.6415,40.6415,39.4647,40.0923,1.2947e+006
GMD,8/30/2022 00:00:00,40.3277,40.5631,39.3862,39.3862,1.0068e+006
GMD,8/31/2022 00:00:00,39.3862,40.1708,39.2293,39.857,633200
GMD,9/5/2022 00:00:00,40.0139,40.5631,39.6216,40.0923,823300
GMD,9/6/2022 00:00:00,40.0923,40.4062,39.857,39.857,611700
GMD,9/7/2022 00:00:00,39.857,39.857,38.1309,38.1701,1.8383e+006
GMD,9/8/2022 00:00:00,38.4447,38.5624,37.4247,37.6601,983800
GMD,9/9/2022 00:00:00,38.1701,38.837,37.6993,38.837,726600
GMD,9/12/2022 00:00:00,38.6016,38.837,38.3662,38.5624,921000
GMD,9/13/2022 00:00:00,38.4447,38.7978,38.4447,38.4839,409100
GMD,9/14/2022 00:00:00,37.9739,39.0724,37.8955,38.9939,707800
GMD,9/15/2022 00:00:00,39.2293,39.2293,38.8762,38.9939,624300
GMD,9/16/2022 00:00:00,38.837,38.837,38.3662,38.4447,700800
GMD,9/19/2022 00:00:00,38.327,38.4447,36.7186,36.8755,1.3172e+006
GMD,9/20/2022 00:00:00,37.464,37.6601,36.9148,37.6601,697300
GMD,9/21/2022 00:00:00,37.1109,37.817,37.1109,37.6209,669800
GMD,9/22/2022 00:00:00,37.2678,38.5624,37.2678,38.4447,512800
GMD,9/23/2022 00:00:00,38.6016,38.837,38.1309,38.2093,507100
GMD,9/26/2022 00:00:00,37.6993,37.8955,36.7186,37.1894,753000
GMD,9/27/2022 00:00:00,37.1894,37.5032,36.8755,37.1894,458400
GMD,9/28/2022 00:00:00,37.1894,37.464,36.2479,36.4832,695400
GMD,9/29/2022 00:00:00,36.7186,37.464,36.7186,37.1501,961900
GMD,9/30/2022 00:00:00,36.9932,37.7386,36.954,37.6601,1.3579e+006
GMD,10/3/2022 00:00:00,37.6601,38.9547,36.7971,37.2286,1.5459e+006
GMD,10/4/2022 00:00:00,38.0524,38.6801,37.0324,38.1309,1.7184e+006
GMD,10/5/2022 00:00:00,38.8762,39.1901,38.4055,39.1901,1.1703e+006
GMD,10/6/2022 00:00:00,39.3862,39.3862,36.8755,38.4447,1.167e+006
GMD,10/7/2022 00:00:00,37.8013,38.8468,36.8361,38.1632,1.2462e+006
GMD,10/10/2022 00:00:00,37.7208,39.8522,37.2383,39.0077,1.0793e+006
GMD,10/11/2022 00:00:00,39.0077,39.2892,37.8013,37.9219,777000
GMD,10/12/2022 00:00:00,37.9219,39.1686,37.9219,38.6056,564100
GMD,10/13/2022 00:00:00,38.9675,39.0077,38.0023,38.9273,608200
GMD,10/14/2022 00:00:00,39.0077,39.0881,38.2034,38.3643,691600
GMD,10/17/2022 00:00:00,38.6056,38.6056,37.8013,38.4447,460600
GMD,10/18/2022 00:00:00,38.6458,38.9675,38.3643,38.3643,758200
GMD,10/19/2022 00:00:00,38.3643,39.0077,38.3643,38.9273,630700
GMD,10/20/2022 00:00:00,38.9273,39.249,38.7664,39.1283,579700
GMD,10/21/2022 00:00:00,39.1283,39.1283,36.3938,36.997,1.373e+006
GMD,10/24/2022 00:00:00,37.3187,37.3187,34.4233,34.4233,952800
GMD,10/25/2022 00:00:00,34.5439,34.6646,32.0507,34.2624,1.7687e+006
GMD,10/26/2022 00:00:00,34.182,34.8656,34.182,34.5841,970600
GMD,10/27/2022 00:00:00,34.3831,36.9166,34.182,36.9166,518500
GMD,10/28/2022 00:00:00,36.9166,37.3991,36.7557,37.3187,742800
GMD,10/31/2022 00:00:00,36.434,37.56,36.434,36.9568,328700
GMD,11/1/2022 00:00:00,37.1981,37.3991,37.1176,37.1981,316000
GMD,11/2/2022 00:00:00,37.2383,37.2383,36.7959,36.7959,538300
GMD,11/3/2022 00:00:00,36.6753,38.0426,36.434,38.0426,488400
GMD,11/4/2022 00:00:00,37.1176,39.1686,35.7906,39.1686,2.4514e+006
GMD,11/7/2022 00:00:00,38.2838,38.5653,37.9621,38.5251,893800
GMD,11/8/2022 00:00:00,38.2034,38.7664,37.4796,37.4796,595000
GMD,11/9/2022 00:00:00,37.1578,38.5251,36.434,36.5949,320400
GMD,11/10/2022 00:00:00,36.5949,36.6753,34.182,35.2678,712700
GMD,11/11/2022 00:00:00,35.3482,36.434,35.2678,35.6297,1.1025e+006
GMD,11/14/2022 00:00:00,35.9112,35.9514,33.7799,33.7799,999000
GMD,11/15/2022 00:00:00,31.7692,33.7799,31.4474,31.4474,874500
GMD,11/16/2022 00:00:00,29.7584,33.3777,29.2759,33.3777,1.5786e+006
GMD,11/17/2022 00:00:00,31.93,34.8254,31.93,33.8603,701200
GMD,11/18/2022 00:00:00,32.5734,34.5841,32.5734,34.0211,456300
GMD,11/21/2022 00:00:00,35.308,35.308,33.619,33.619,377800
GMD,11/22/2022 00:00:00,33.619,35.1471,33.619,34.3831,509600
GMD,11/23/2022 00:00:00,34.9863,35.2276,34.3831,35.2276,386900
GMD,11/24/2022 00:00:00,35.2276,37.0774,33.9809,36.997,790900
GMD,11/25/2022 00:00:00,36.997,39.1686,36.5949,36.997,1.4587e+006
GMD,11/28/2022 00:00:00,38.5251,38.5251,36.2731,37.1578,339800
GMD,11/29/2022 00:00:00,37.56,38.0426,37.1578,37.8013,329100
GMD,11/30/2022 00:00:00,38.8468,39.4098,37.8013,38.123,1.2673e+006
GMD,12/1/2022 00:00:00,38.686,38.686,37.1578,37.2383,356500
GMD,12/2/2022 00:00:00,36.9166,38.0426,36.9166,37.8013,350100
GMD,12/5/2022 00:00:00,39.4098,39.4098,38.2436,38.6056,730900
GMD,12/6/2022 00:00:00,38.6056,40.1337,38.6056,39.0077,845500
GMD,12/7/2022 00:00:00,39.0077,39.249,38.686,39.0881,243700
GMD,12/8/2022 00:00:00,39.3294,39.6511,38.6056,38.9675,518900
GMD,12/9/2022 00:00:00,38.8066,39.0881,38.2838,38.3241,236900
GMD,12/12/2022 00:00:00,37.8415,39.3294,37.8415,38.2436,278000
GMD,12/13/2022 00:00:00,38.6056,38.6056,38.123,38.4447,155300
GMD,12/14/2022 00:00:00,39.0077,39.0077,37.8013,38.2838,305700
GMD,12/15/2022 00:00:00,38.5251,38.7664,38.0426,38.3643,303400
GMD,12/16/2022 00:00:00,37.8013,38.7664,37.8013,37.8013,405600
GMD,12/19/2022 00:00:00,38.4849,38.4849,37.3991,37.3991,274900
GMD,12/20/2022 00:00:00,37.2383,37.3991,35.871,35.9514,258300
GMD,12/21/2022 00:00:00,35.9514,36.9166,35.9514,36.5949,243700
GMD,12/22/2022 00:00:00,36.997,37.2383,36.5949,37.1578,143900
GMD,12/23/2022 00:00:00,37.4796,37.4796,36.9166,36.997,38800
GMD,12/26/2022 00:00:00,36.997,36.997,35.871,35.871,52900
GMD,12/27/2022 00:00:00,36.5949,36.9166,35.5493,36.9166,135600
GMD,12/28/2022 00:00:00,36.6351,37.7208,36.6351,36.6351,317500
GMD,12/29/2022 00:00:00,37.2383,37.7208,36.2731,36.5144,192700
GMD,12/30/2022 00:00:00,36.434,36.997,36.1927,36.5144,178100
GMD,1/3/2023 00:00:00,37.1578,37.1578,36.5144,36.997,537800
GMD,1/4/2023 00:00:00,36.997,38.6056,36.997,36.997,487100
GMD,1/5/2023 00:00:00,37.7611,37.7611,36.997,37.0372,551800
GMD,1/6/2023 00:00:00,37.9621,38.3643,37.4393,37.4796,362500
GMD,1/9/2023 00:00:00,37.6404,38.123,37.6404,38.0426,268900
GMD,1/10/2023 00:00:00,38.123,38.6056,37.8817,38.5653,485900
GMD,1/11/2023 00:00:00,38.6056,38.6458,38.2034,38.2034,260200
GMD,1/12/2023 00:00:00,38.6056,38.6056,38.0426,38.4045,94000
GMD,1/13/2023 00:00:00,38.5653,38.5653,37.9621,38.4045,131400
GMD,1/16/2023 00:00:00,38.4447,38.4447,37.8013,37.8013,417700
GMD,1/17/2023 00:00:00,38.123,39.0881,38.0426,38.6056,822100
GMD,1/18/2023 00:00:00,38.7262,39.4098,38.5653,39.249,714200
GMD,1/19/2023 00:00:00,39.4903,41.1793,39.3696,41.0988,923000
GMD,1/27/2023 00:00:00,41.501,42.064,41.0988,41.7423,734100
GMD,1/30/2023 00:00:00,41.8227,41.9835,41.0184,41.501,662300
GMD,1/31/2023 00:00:00,41.8227,43.0291,41.3401,42.627,1.1878e+006
GMD,2/1/2023 00:00:00,43.3508,43.4313,41.3401,41.4205,946000
GMD,2/2/2023 00:00:00,41.1793,42.627,41.1793,42.627,781900
GMD,2/3/2023 00:00:00,42.7074,43.9138,41.4205,43.9138,3.2043e+006
GMD,2/6/2023 00:00:00,42.7878,45.2007,42.3053,45.2007,855700
GMD,2/7/2023 00:00:00,44.3964,44.9594,43.1095,43.1095,353500
GMD,2/8/2023 00:00:00,43.5117,43.5117,41.9031,41.9031,482400
GMD,2/9/2023 00:00:00,42.2248,43.5117,41.9031,43.2704,533000
GMD,2/10/2023 00:00:00,43.2704,43.2704,42.3053,42.3053,215300
GMD,2/13/2023 00:00:00,42.627,42.627,40.7771,41.8227,438400
GMD,2/14/2023 00:00:00,42.4661,42.4661,41.5814,41.5814,215200
GMD,2/15/2023 00:00:00,42.3053,42.3053,41.501,41.5814,199000
GMD,2/16/2023 00:00:00,41.5814,42.627,41.5814,41.9835,194700
GMD,2/17/2023 00:00:00,42.4661,43.2704,41.9031,41.9031,542900
GMD,2/20/2023 00:00:00,42.2248,43.5117,41.9031,43.0291,955300
GMD,2/21/2023 00:00:00,43.1095,43.5921,42.8683,43.0291,871400
GMD,2/22/2023 00:00:00,43.1095,43.9138,42.9487,43.0291,1.3531e+006
GMD,2/23/2023 00:00:00,42.7878,43.0291,41.1793,41.9835,778600
GMD,2/24/2023 00:00:00,42.3053,42.627,41.4205,41.4205,400900
GMD,2/27/2023 00:00:00,40.938,41.0184,39.1686,39.1686,583000
GMD,2/28/2023 00:00:00,39.4098,39.9728,39.1283,39.3294,568300
GMD,3/1/2023 00:00:00,39.3294,40.6163,39.0881,40.6163,188900
GMD,3/2/2023 00:00:00,40.6163,40.938,40.2141,40.4554,257900
GMD,3/3/2023 00:00:00,40.4554,40.6163,39.4903,39.4903,436800
GMD,3/6/2023 00:00:00,39.4098,39.7718,39.249,39.3696,355800
GMD,3/7/2023 00:00:00,39.7718,39.812,39.3696,39.812,98300
GMD,3/8/2023 00:00:00,39.812,41.2597,39.4098,41.2597,507900
GMD,3/9/2023 00:00:00,41.0184,41.6618,41.0184,41.2597,293300
GMD,3/10/2023 00:00:00,41.0988,41.1793,40.5358,41.0184,180500
GMD,3/13/2023 00:00:00,41.0184,41.3401,40.2945,40.4554,178300
GMD,3/14/2023 00:00:00,40.4554,40.8575,39.8924,40.6163,305800
GMD,3/15/2023 00:00:00,41.1793,41.1793,40.5358,40.6967,476500
GMD,3/16/2023 00:00:00,40.6967,41.1793,40.2141,40.6163,326600
GMD,3/17/2023 00:00:00,40.8575,41.6618,39.5707,39.5707,478000
GMD,3/20/2023 00:00:00,39.8924,40.2945,39.8522,40.1337,251000
GMD,3/21/2023 00:00:00,40.8575,40.8575,40.1337,40.375,208500
GMD,3/22/2023 00:00:00,40.7771,40.7771,40.1337,40.2945,174000
GMD,3/23/2023 00:00:00,40.2141,40.5358,39.8924,40.375,201200
GMD,3/24/2023 00:00:00,40.2945,40.6967,39.9728,40.0533,243400
GMD,3/27/2023 00:00:00,40.2141,41.501,40.0533,41.4205,1.1762e+006
GMD,3/28/2023 00:00:00,41.8227,42.3053,41.4205,41.4205,662500
GMD,3/29/2023 00:00:00,41.501,41.6618,40.6163,40.938,1.0432e+006
GMD,3/30/2023 00:00:00,41.5814,41.5814,41.0184,41.2597,565100
GMD,3/31/2023 00:00:00,41.4205,42.1444,41.2597,41.4205,938800
GMD,4/3/2023 00:00:00,42.2248,42.5465,41.4205,42.1444,1.1035e+006
GMD,4/4/2023 00:00:00,42.3857,43.4313,42.064,42.9487,1.1379e+006
GMD,4/5/2023 00:00:00,42.9487,43.19,42.5465,42.7878,661400
GMD,4/6/2023 00:00:00,42.7878,42.8683,41.6618,41.8227,676300
GMD,4/7/2023 00:00:00,41.8227,42.3857,41.6618,42.2248,470900
GMD,4/10/2023 00:00:00,42.3053,42.4661,41.6618,41.8227,608500
GMD,4/11/2023 00:00:00,42.2248,42.9487,41.9835,42.627,1.1285e+006
GMD,4/12/2023 00:00:00,42.627,42.8683,42.3857,42.627,393300
GMD,4/13/2023 00:00:00,42.5465,44.2355,42.5465,43.8334,1.4357e+006
GMD,4/14/2023 00:00:00,43.9942,44.1551,43.19,43.2704,532800
GMD,4/17/2023 00:00:00,43.4313,43.6725,43.0291,43.4313,344100
GMD,4/18/2023 00:00:00,43.5117,43.5117,42.2248,42.627,591500
GMD,4/19/2023 00:00:00,42.627,42.9487,42.2248,42.3857,461700
GMD,4/20/2023 00:00:00,43.19,43.3508,42.3857,42.5465,944200
GMD,4/21/2023 00:00:00,42.5465,42.627,42.1444,42.5465,353100
GMD,4/24/2023 00:00:00,42.2248,43.1095,42.1444,42.1444,523700
GMD,4/25/2023 00:00:00,42.2248,43.2704,42.1444,42.4661,1.2643e+006
GMD,4/26/2023 00:00:00,42.627,42.7878,42.2248,42.627,339700
GMD,4/27/2023 00:00:00,42.7878,43.3508,42.3053,43.3508,697100
GMD,4/28/2023 00:00:00,43.3508,43.3508,42.3053,42.3053,1.7444e+006
GMD,5/4/2023 00:00:00,42.4661,42.5465,40.7771,40.7771,1.49e+006
GMD,5/5/2023 00:00:00,40.7771,41.1793,40.2141,40.2141,548700
GMD,5/8/2023 00:00:00,40.2141,40.6967,40.1337,40.6163,379000
GMD,5/9/2023 00:00:00,40.8575,40.8575,40.2945,40.7771,249900
GMD,5/10/2023 00:00:00,41.0184,41.0184,40.4554,40.5358,926700
GMD,5/11/2023 00:00:00,40.6163,40.7771,39.812,39.812,1.1656e+006
GMD,5/12/2023 00:00:00,39.9728,40.5358,39.4501,39.4903,892800
GMD,5/15/2023 00:00:00,39.9728,40.5358,39.7718,40.1739,969100
GMD,5/16/2023 00:00:00,40.2141,40.5358,40.1739,40.2945,972800
GMD,5/17/2023 00:00:00,39.8924,40.5358,39.8924,40.1337,415500
GMD,5/18/2023 00:00:00,40.2945,41.1793,40.2141,41.0988,1.3426e+006
GMD,5/19/2023 00:00:00,41.3401,41.3401,40.4554,40.5358,225300
GMD,5/22/2023 00:00:00,40.938,40.938,39.7718,39.9728,499500
GMD,5/23/2023 00:00:00,40.0533,40.1337,39.812,39.8924,313800
GMD,5/24/2023 00:00:00,40.0131,40.6967,39.8924,40.375,456200
GMD,5/25/2023 00:00:00,40.2141,40.5358,40.0533,40.0533,191200
GMD,5/26/2023 00:00:00,40.1739,40.2945,39.8924,39.8924,368000
GMD,5/29/2023 00:00:00,40.2141,40.2141,39.9326,40.0533,156500
GMD,5/30/2023 00:00:00,40.0533,40.5358,40.0131,40.2945,908100
GMD,5/31/2023 00:00:00,40.2141,40.4554,40.1337,40.2945,479600
GMD,6/1/2023 00:00:00,40.2945,41.0988,40.2141,41.0184,1.1352e+006
GMD,6/2/2023 00:00:00,41.1793,41.7423,41.0184,41.3401,1.6721e+006
GMD,6/5/2023 00:00:00,41.5814,42.627,41.0988,41.8227,1.1029e+006
GMD,6/6/2023 00:00:00,41.8227,42.3053,41.501,41.8227,461500
GMD,6/7/2023 00:00:00,41.6618,41.9031,40.938,41.0184,1.3983e+006
GMD,6/8/2023 00:00:00,40.8575,41.3401,40.1739,40.2141,1.0603e+006
GMD,6/9/2023 00:00:00,40.375,41.4205,40.2945,41.3401,1.0656e+006
GMD,6/12/2023 00:00:00,41.4205,41.7423,41.1793,41.501,808200
GMD,6/13/2023 00:00:00,41.501,41.501,41.0184,41.0184,494000
GMD,6/14/2023 00:00:00,41.4205,41.4205,40.6163,40.6163,422800
GMD,6/15/2023 00:00:00,40.6163,41.1793,40.2945,40.5358,472900
GMD,6/16/2023 00:00:00,40.6163,41.1793,40.5358,40.6967,721500
GMD,6/19/2023 00:00:00,40.8575,40.8575,40.2945,40.375,545600
GMD,6/20/2023 00:00:00,40.5358,41.0184,40.375,41.0184,493900
GMD,6/21/2023 00:00:00,41.0184,41.7423,40.8575,41.6618,884000
GMD,6/22/2023 00:00:00,41.8227,42.2248,41.5814,41.6618,885700
GMD,6/23/2023 00:00:00,41.8227,42.3857,41.5814,42.3857,1.2303e+006
GMD,6/26/2023 00:00:00,42.627,42.627,41.5814,42.2248,657100
GMD,6/27/2023 00:00:00,42.5465,43.3508,41.9031,42.5465,1.4228e+006
GMD,6/28/2023 00:00:00,42.8683,42.8683,42.3857,42.3857,573000
GMD,6/29/2023 00:00:00,42.3857,42.3857,41.5814,41.5814,936300
GMD,6/30/2023 00:00:00,41.501,42.4661,41.501,41.7423,458900
GMD,7/3/2023 00:00:00,41.8227,42.4661,41.7423,42.3053,830000
GMD,7/4/2023 00:00:00,42.627,43.3508,42.3857,43.0291,796400
GMD,7/5/2023 00:00:00,43.1095,43.753,42.9487,43.2704,921800
GMD,7/6/2023 00:00:00,42.9487,43.3508,42.4661,43.0291,1.0541e+006
GMD,7/7/2023 00:00:00,43.2704,45.0398,42.7878,44.879,2.4378e+006
GMD,7/10/2023 00:00:00,45.0398,45.0398,44.3964,44.7985,1.1371e+006
GMD,7/11/2023 00:00:00,45.0398,46.568,44.9594,45.6028,2.6428e+006
GMD,7/12/2023 00:00:00,46.2462,46.2462,45.6028,45.9245,953000
GMD,7/13/2023 00:00:00,46.005,46.2462,45.5224,46.005,1.0256e+006
GMD,7/14/2023 00:00:00,46.1658,46.4071,45.5224,45.8441,892700
GMD,7/17/2023 00:00:00,46.005,46.4071,45.442,45.7637,1.5998e+006
GMD,7/18/2023 00:00:00,45.8441,46.8092,45.7637,46.4071,1.3489e+006
GMD,7/19/2023 00:00:00,46.4875,46.9701,45.6028,46.005,1.2202e+006
GMD,7/20/2023 00:00:00,46.2462,46.2462,45.6832,46.005,728100
GMD,7/21/2023 00:00:00,46.2462,46.568,45.9245,46.2462,954900
GMD,7/24/2023 00:00:00,46.6484,48.0961,46.2462,47.2918,1.9958e+006
GMD,7/25/2023 00:00:00,47.4527,47.6939,46.6484,46.9701,1.1036e+006
GMD,7/26/2023 00:00:00,47.131,47.131,45.6832,45.7637,1.3231e+006
GMD,7/27/2023 00:00:00,45.8441,46.4071,45.442,46.2462,1.2778e+006
GMD,7/28/2023 00:00:00,46.568,46.568,45.8441,46.4071,958000
GMD,7/31/2023 00:00:00,48.5787,48.5787,46.6484,47.2114,2.3407e+006
GMD,8/1/2023 00:00:00,47.2918,47.2918,45.9245,45.9245,1.3241e+006
GMD,8/2/2023 00:00:00,45.8441,46.0854,45.2811,45.5224,1.4998e+006
GMD,8/3/2023 00:00:00,45.5224,45.8441,45.2007,45.5224,959100
GMD,8/4/2023 00:00:00,45.442,46.6484,45.3615,46.6484,4.2391e+006
GMD,8/7/2023 00:00:00,47.4527,47.6939,46.568,46.568,1.5338e+006
GMD,8/8/2023 00:00:00,46.568,47.3722,46.2462,47.0505,1.5916e+006
GMD,8/9/2023 00:00:00,47.0505,47.0505,46.1658,46.3267,965600
GMD,8/10/2023 00:00:00,46.2462,46.2462,45.2811,45.2811,1.3995e+006
GMD,8/11/2023 00:00:00,44.9594,45.5224,44.2355,44.3964,955900
GMD,8/14/2023 00:00:00,44.3964,45.2007,44.3964,44.7985,695500
GMD,8/15/2023 00:00:00,45.0398,45.3615,44.5572,45.0398,630100
GMD,8/16/2023 00:00:00,45.0398,45.2007,44.7985,44.879,580200
GMD,8/17/2023 00:00:00,44.6377,44.9594,44.1551,44.3964,708900
GMD,8/18/2023 00:00:00,44.2355,44.3964,41.9835,41.9835,1.7108e+006
GMD,8/21/2023 00:00:00,41.1793,44.1551,41.1793,43.5921,1.225e+006
GMD,8/22/2023 00:00:00,43.9942,44.0747,42.7074,43.4313,1.0379e+006
GMD,8/23/2023 00:00:00,43.8334,43.8334,43.19,43.4313,376300
GMD,8/24/2023 00:00:00,43.753,44.6377,43.3508,44.6377,1.0725e+006
GMD,8/25/2023 00:00:00,44.6377,44.7181,43.5117,44.4768,506100
GMD,8/28/2023 00:00:00,44.5572,44.6377,43.9138,44.6377,499800
GMD,8/29/2023 00:00:00,45.0398,45.442,44.879,45.442,864900
GMD,8/30/2023 00:00:00,45.7637,47.2114,45.442,47.2114,2.0275e+006
GMD,8/31/2023 00:00:00,47.6939,50.5089,47.4527,50.4285,5.9989e+006
GMD,9/5/2023 00:00:00,50.4285,51.8762,49.7851,51.1524,2.7074e+006
GMD,9/6/2023 00:00:00,51.4741,51.7958,50.6698,51.4741,1.2216e+006
GMD,9/7/2023 00:00:00,51.4741,52.2784,51.2328,51.3936,1.7286e+006
GMD,9/8/2023 00:00:00,51.3936,53.8869,50.6698,52.1175,2.434e+006
GMD,9/11/2023 00:00:00,53.2435,53.2435,50.6698,50.8307,1.7043e+006
GMD,9/12/2023 00:00:00,51.3132,51.9566,50.6698,51.9566,1.4101e+006
GMD,9/13/2023 00:00:00,53.0826,53.8065,50.6698,52.7609,1.8971e+006
GMD,9/14/2023 00:00:00,53.4848,54.1282,51.3132,51.6349,1.9163e+006
GMD,9/15/2023 00:00:00,51.6349,52.1979,50.8307,51.4741,1.4718e+006
GMD,9/18/2023 00:00:00,51.5545,52.2784,50.8307,50.8307,1.3796e+006
GMD,9/19/2023 00:00:00,52.6001,53.0022,51.3132,51.7154,2.7039e+006
GMD,9/20/2023 00:00:00,52.6001,53.8869,52.2784,53.1631,1.7846e+006
GMD,9/21/2023 00:00:00,53.3289,53.9924,52.8313,53.9095,1.5088e+006
GMD,9/22/2023 00:00:00,52.6654,53.4119,52.0019,53.0801,2.1357e+006
GMD,9/25/2023 00:00:00,52.2508,53.3289,49.8456,49.8456,1.8803e+006
GMD,9/26/2023 00:00:00,49.5138,51.5043,49.5138,50.3432,1.2366e+006
GMD,9/27/2023 00:00:00,50.6749,53.0801,50.0944,53.0801,1.6753e+006
GMD,9/28/2023 00:00:00,53.246,56.3976,52.6654,54.573,3.3271e+006
GMD,9/29/2023 00:00:00,54.9877,55.7341,53.5778,54.9877,1.4068e+006
GMD,10/2/2023 00:00:00,54.9877,56.3976,53.9924,54.1583,1.3952e+006
GMD,10/3/2023 00:00:00,53.8266,53.8266,51.4214,51.8361,2.3201e+006
GMD,10/4/2023 00:00:00,50.6749,54.8218,50.6749,53.1631,1.9565e+006
GMD,10/5/2023 00:00:00,54.1583,54.6559,52.8313,53.3289,1.2349e+006
GMD,10/6/2023 00:00:00,52.8313,54.6559,52.4996,53.9095,882600
GMD,10/9/2023 00:00:00,53.9095,54.9048,53.9095,54.8218,1.6209e+006
GMD,10/10/2023 00:00:00,55.4853,56.3147,54.9048,54.9048,1.6958e+006
GMD,10/11/2023 00:00:00,55.3195,55.3195,53.1631,54.9877,861200
GMD,10/12/2023 00:00:00,55.0706,55.4853,54.1583,54.3242,1.3234e+006
GMD,10/13/2023 00:00:00,53.7436,55.1536,53.6607,54.8218,1.0863e+006
GMD,10/16/2023 00:00:00,54.9048,55.3195,54.2413,54.2413,1.065e+006
GMD,10/17/2023 00:00:00,54.8218,56.2318,53.1631,53.1631,1.4826e+006
GMD,10/18/2023 00:00:00,53.9924,54.6559,52.2508,53.7436,2.7502e+006
GMD,10/19/2023 00:00:00,54.0754,55.2365,53.0801,53.8266,1.0607e+006
GMD,10/20/2023 00:00:00,53.9095,53.9095,50.0944,53.0801,3.1996e+006
GMD,10/23/2023 00:00:00,51.8361,52.9972,50.6749,51.3384,753500
GMD,10/24/2023 00:00:00,51.4214,51.6702,50.3432,50.9238,745300
GMD,10/25/2023 00:00:00,50.7579,52.0849,50.4261,51.1726,631800
GMD,10/26/2023 00:00:00,50.2603,50.3432,47.6062,48.9332,2.6593e+006
GMD,10/27/2023 00:00:00,48.9332,51.8361,48.4356,51.8361,1.0751e+006
GMD,10/30/2023 00:00:00,51.7531,51.7531,50.1773,50.1773,261800
GMD,10/31/2023 00:00:00,51.0896,51.1726,48.9332,48.9332,1.0409e+006
GMD,11/1/2023 00:00:00,49.3479,51.2555,49.0162,51.2555,728800
GMD,11/2/2023 00:00:00,51.919,53.0801,51.3384,52.6654,977300
GMD,11/3/2023 00:00:00,52.7484,53.9095,52.6654,53.9095,2.1818e+006
GMD,11/6/2023 00:00:00,53.9095,54.9877,52.9972,54.7389,1.7959e+006
GMD,11/7/2023 00:00:00,54.573,56.2318,53.9924,54.8218,1.651e+006
GMD,11/8/2023 00:00:00,54.8218,56.3976,54.8218,56.2318,1.719e+006
GMD,11/9/2023 00:00:00,57.227,58.3052,56.9782,56.9782,1.9065e+006
GMD,11/10/2023 00:00:00,56.8953,57.9735,56.5635,57.1441,1.2649e+006
GMD,11/13/2023 00:00:00,57.227,58.1393,56.0659,56.8953,1.244e+006
GMD,11/14/2023 00:00:00,57.6417,59.881,57.3929,58.8858,1.6972e+006
GMD,11/15/2023 00:00:00,60.1298,60.7933,58.7199,58.9687,995300
GMD,11/16/2023 00:00:00,58.9687,60.1298,58.8028,58.9687,646800
GMD,11/17/2023 00:00:00,58.3052,59.6322,58.0564,58.0564,1.0541e+006
GMD,11/20/2023 00:00:00,57.227,58.4711,57.227,57.7246,608200
GMD,11/21/2023 00:00:00,57.9735,58.4711,57.227,58.0564,774200
GMD,11/22/2023 00:00:00,58.0564,58.8028,57.6417,58.3881,498800
GMD,11/23/2023 00:00:00,58.4711,58.4711,57.6417,57.8076,870700
GMD,11/24/2023 00:00:00,57.6417,57.6417,55.1536,57.1441,1.7031e+006
GMD,11/27/2023 00:00:00,57.227,57.8076,55.5683,55.5683,456000
GMD,11/28/2023 00:00:00,55.5683,56.6465,55.4024,55.983,914800
GMD,11/29/2023 00:00:00,56.8123,58.0564,55.983,58.0564,704200
GMD,11/30/2023 00:00:00,58.0564,58.7199,57.5588,58.2223,412200
GMD,12/1/2023 00:00:00,58.3052,58.4711,57.31,58.2223,622700
GMD,12/4/2023 00:00:00,58.554,59.0516,57.6417,58.554,1.1562e+006
GMD,12/5/2023 00:00:00,58.8858,59.4663,57.6417,58.2223,948300
GMD,12/6/2023 00:00:00,58.3881,59.0516,57.6417,58.4711,731000
GMD,12/7/2023 00:00:00,58.4711,58.4711,56.8123,58.3881,949000
GMD,12/8/2023 00:00:00,58.0564,58.4711,56.8123,58.3881,588900
GMD,12/11/2023 00:00:00,58.3881,58.8858,58.1393,58.4711,643800
GMD,12/12/2023 00:00:00,58.4711,58.7199,57.8076,58.554,465800
GMD,12/13/2023 00:00:00,58.554,58.554,57.1441,57.1441,634400
GMD,12/14/2023 00:00:00,57.6417,57.6417,56.2318,56.5635,798700
GMD,12/15/2023 00:00:00,56.5635,56.7294,55.6512,56.3976,697900
GMD,12/18/2023 00:00:00,56.5635,56.8123,55.6512,56.8123,579900
GMD,12/19/2023 00:00:00,57.0611,57.0611,56.3976,56.8123,261100
GMD,12/20/2023 00:00:00,56.8123,57.227,56.2318,56.8123,617400
GMD,12/21/2023 00:00:00,56.9782,57.227,56.3976,56.3976,562800
GMD,12/22/2023 00:00:00,56.3976,56.9782,56.3976,56.6465,378000
GMD,12/25/2023 00:00:00,56.9782,60.5445,56.8123,60.5445,2.4345e+006
GMD,12/26/2023 00:00:00,60.5445,61.208,59.3005,59.3005,1.1662e+006
GMD,12/27/2023 00:00:00,60.1298,60.1298,59.2175,59.5493,1.056e+006
GMD,12/28/2023 00:00:00,59.5493,60.7933,59.3834,59.7151,1.4371e+006
GMD,12/29/2023 00:00:00,60.0469,60.0469,58.4711,58.4711,1.4604e+006
GMD,1/2/2024 00:00:00,58.7199,59.881,58.637,59.4663,930500
GMD,1/3/2024 00:00:00,59.7151,59.964,59.0516,59.7151,750200
GMD,1/4/2024 00:00:00,60.0469,60.2957,58.9687,59.4663,1.2331e+006
GMD,1/5/2024 00:00:00,59.2175,59.3834,58.8028,58.9687,780500
GMD,1/8/2024 00:00:00,59.0516,59.7151,58.8028,59.4663,647900
GMD,1/9/2024 00:00:00,59.881,59.964,59.1346,59.4663,750500
GMD,1/10/2024 00:00:00,59.4663,61.1251,58.9687,59.3834,1.4876e+006
GMD,1/11/2024 00:00:00,59.7151,59.7151,58.7199,59.3005,813500
GMD,1/12/2024 00:00:00,59.3005,59.3005,57.6417,58.3052,1.6205e+006
GMD,1/15/2024 00:00:00,58.3052,58.637,57.3929,57.3929,975400
GMD,1/16/2024 00:00:00,57.3929,57.3929,56.3147,57.0611,1.1401e+006
GMD,1/17/2024 00:00:00,57.4758,58.554,57.1441,57.8076,530800
GMD,1/18/2024 00:00:00,57.7246,57.8076,56.8123,57.5588,999200
GMD,1/19/2024 00:00:00,57.7246,57.7246,57.0611,57.4758,914300
GMD,1/22/2024 00:00:00,56.9782,57.4758,56.9782,57.1441,598200
GMD,1/23/2024 00:00:00,57.1441,58.3881,57.1441,58.1393,1.039e+006
GMD,1/24/2024 00:00:00,58.1393,58.3052,57.7246,58.2223,589100
GMD,1/25/2024 00:00:00,58.4711,58.4711,57.6417,58.0564,313300
GMD,1/26/2024 00:00:00,58.1393,58.4711,57.8905,58.1393,525600
GMD,1/29/2024 00:00:00,58.2223,58.2223,57.7246,58.0564,370700
GMD,1/30/2024 00:00:00,58.2223,58.2223,57.6417,57.6417,543400
GMD,1/31/2024 00:00:00,57.8076,57.8076,55.8171,56.4806,2.6572e+006
GMD,2/1/2024 00:00:00,56.4806,57.227,56.4806,57.227,398100
GMD,2/2/2024 00:00:00,57.3929,57.3929,56.3976,57.0611,897700
GMD,2/5/2024 00:00:00,57.227,57.8905,56.8123,57.0611,1.0583e+006
GMD,2/6/2024 00:00:00,57.227,57.31,56.6465,57.227,1.0052e+006
GMD,2/7/2024 00:00:00,57.3929,58.3052,57.31,57.6417,1.0596e+006
GMD,2/15/2024 00:00:00,58.0564,58.3881,57.3929,57.6417,744700
GMD,2/16/2024 00:00:00,57.6417,57.9735,57.3929,57.8905,966200
GMD,2/19/2024 00:00:00,58.1393,59.1346,58.1393,58.637,2.0382e+006
GMD,2/20/2024 00:00:00,58.8858,59.7151,58.2223,59.7151,1.4869e+006
GMD,2/21/2024 00:00:00,59.6322,59.6322,58.8028,59.4663,960100
GMD,2/22/2024 00:00:00,59.6322,59.7151,58.554,59.1346,507200
GMD,2/23/2024 00:00:00,59.6322,59.6322,57.6417,57.8905,1.1362e+006
GMD,2/26/2024 00:00:00,58.0564,61.7886,57.6417,61.4568,3.2554e+006
GMD,2/27/2024 00:00:00,62.3692,62.3692,61.208,61.4568,1.8e+006
GMD,2/28/2024 00:00:00,61.6227,63.2815,61.3739,62.2033,1.9978e+006
GMD,2/29/2024 00:00:00,62.535,63.0327,61.3739,63.0327,1.5969e+006
GMD,3/1/2024 00:00:00,63.3644,67.3454,62.3692,66.7649,2.9901e+006
GMD,3/4/2024 00:00:00,67.6772,67.6772,65.9355,66.6819,2.1415e+006
GMD,3/5/2024 00:00:00,66.6819,66.6819,65.6037,66.3502,1.572e+006
GMD,3/6/2024 00:00:00,66.1843,66.1843,64.2767,65.3549,2.2005e+006
GMD,3/7/2024 00:00:00,65.3549,66.599,64.6914,66.3502,2.3426e+006
GMD,3/8/2024 00:00:00,66.3502,66.9307,64.8573,64.9402,2.4734e+006
GMD,3/11/2024 00:00:00,65.1061,65.272,62.8668,64.3597,2.38e+006
GMD,3/12/2024 00:00:00,64.3597,66.2672,63.862,65.0232,1.8699e+006
GMD,3/13/2024 00:00:00,65.7696,68.2577,65.3549,66.8478,2.5027e+006
GMD,3/14/2024 00:00:00,67.7601,68.1748,66.516,66.8478,1.8147e+006
GMD,3/15/2024 00:00:00,66.599,66.7649,65.7696,66.3502,1.7945e+006
GMD,3/18/2024 00:00:00,66.1013,66.1013,61.9545,64.6085,3.0348e+006
GMD,3/19/2024 00:00:00,63.945,64.6914,63.0327,63.862,1.9828e+006
GMD,3/20/2024 00:00:00,63.862,65.189,63.2815,64.6914,2.0517e+006
GMD,3/21/2024 00:00:00,66.0184,66.0184,64.3597,65.0232,1.0225e+006
GMD,3/22/2024 00:00:00,65.5208,65.6867,64.4426,65.189,1.198e+006
GMD,3/25/2024 00:00:00,65.4379,66.0184,64.3597,64.7743,1.3142e+006
GMD,3/26/2024 00:00:00,64.6914,65.5208,64.4426,65.4379,824300
GMD,3/27/2024 00:00:00,65.7696,67.1795,65.0232,66.3502,1.6323e+006
GMD,3/28/2024 00:00:00,67.0966,67.0966,65.6037,66.3502,805800
GMD,3/29/2024 00:00:00,66.516,66.516,65.7696,66.1013,670600
GMD,4/1/2024 00:00:00,65.9355,67.1795,65.5208,65.9355,1.1787e+006
GMD,4/2/2024 00:00:00,66.516,66.516,65.6037,66.516,836200
GMD,4/3/2024 00:00:00,66.516,69.0871,66.0184,66.7649,2.7681e+006
GMD,4/4/2024 00:00:00,67.1795,67.1795,65.7696,66.1843,741700
GMD,4/5/2024 00:00:00,65.7696,66.0184,64.6914,64.6914,1.2625e+006
GMD,4/8/2024 00:00:00,64.7743,65.272,63.862,64.2767,909200
GMD,4/9/2024 00:00:00,64.9402,65.189,64.1938,65.189,649700
GMD,4/10/2024 00:00:00,65.272,66.2672,64.9402,65.5208,901800
GMD,4/11/2024 00:00:00,64.2767,65.7696,64.2767,65.7696,644300
GMD,4/12/2024 00:00:00,66.4331,68.3407,65.9355,67.7601,2.6899e+006
GMD,4/15/2024 00:00:00,67.2625,68.2577,63.862,64.9402,1.9621e+006
GMD,4/16/2024 00:00:00,64.9402,65.5208,63.5303,65.0232,2.0202e+006
GMD,4/17/2024 00:00:00,65.5208,67.4284,65.4379,66.7649,3.4558e+006
GMD,4/19/2024 00:00:00,66.3502,67.0137,65.0232,66.3502,1.6646e+006
GMD,4/22/2024 00:00:00,67.1795,67.1795,65.9355,66.1843,864700
GMD,4/23/2024 00:00:00,66.7649,66.7649,64.4426,65.5208,1.6526e+006
GMD,4/24/2024 00:00:00,65.7696,67.4284,65.1061,67.4284,2.0563e+006
GMD,4/25/2024 00:00:00,67.5942,67.5942,66.4331,67.5113,1.2844e+006
GMD,4/26/2024 00:00:00,67.5113,71.7411,67.0137,69.8335,5.6244e+006
GMD,5/2/2024 00:00:00,70.3312,70.3312,69.0871,69.8335,1.6541e+006
GMD,5/3/2024 00:00:00,70.497,70.9117,68.4236,70.9117,4.0461e+006
GMD,5/6/2024 00:00:00,70.7459,70.7459,69.4189,69.8335,1.6754e+006
GMD,5/7/2024 00:00:00,69.9165,72.5705,69.0871,70.2482,2.7097e+006
GMD,5/8/2024 00:00:00,69.6677,71.2435,69.253,70.4141,1.8886e+006
GMD,5/9/2024 00:00:00,70.4141,71.5752,69.9165,69.9165,2.1121e+006
GMD,5/10/2024 00:00:00,70.9117,70.9117,69.17,69.3359,1.5279e+006
GMD,5/13/2024 00:00:00,69.8335,69.8335,67.5942,68.0919,2.5227e+006
GMD,5/14/2024 00:00:00,68.3407,69.17,67.7601,68.2577,1.1902e+006
GMD,5/15/2024 00:00:00,68.7554,69.4189,68.1748,68.8383,1.5605e+006
GMD,5/16/2024 00:00:00,69.4189,70.7459,69.17,69.9994,2.1529e+006
GMD,5/17/2024 00:00:00,70.2482,70.8288,69.7506,70.3312,1.4746e+006
GMD,5/20/2024 00:00:00,70.7459,70.9117,69.5847,69.5847,1.6416e+006
GMD,5/21/2024 00:00:00,69.5018,70.7459,68.9212,70.7459,1.6731e+006
GMD,5/22/2024 00:00:00,71.3264,71.5752,69.253,69.6677,1.682e+006
GMD,5/23/2024 00:00:00,69.5018,70.9117,69.253,70.9117,1.5309e+006
GMD,5/24/2024 00:00:00,70.497,70.58,67.5942,69.253,2.1955e+006
GMD,5/27/2024 00:00:00,69.253,69.253,68.4236,68.7554,924900
GMD,5/28/2024 00:00:00,68.8383,69.6677,68.5895,69.0042,1.6172e+006
GMD,5/29/2024 00:00:00,69.0042,70.0824,68.0089,68.5065,1.4864e+006
GMD,5/30/2024 00:00:00,68.0919,70.0824,68.0089,68.7554,2.8615e+006
GMD,5/31/2024 00:00:00,69.0871,69.9165,69.0871,69.5018,1.135e+006
GMD,6/3/2024 00:00:00,70.0824,70.0824,68.8383,69.0871,1.6695e+006
GMD,6/4/2024 00:00:00,69.5018,70.9117,69.0042,70.0824,2.5608e+006
GMD,6/5/2024 00:00:00,70.497,70.6629,69.6677,69.6677,1.7027e+006
GMD,6/6/2024 00:00:00,70.4141,70.4141,68.0919,69.6677,1.8517e+006
GMD,6/7/2024 00:00:00,69.6677,70.497,68.7554,69.17,2.0368e+006
GMD,6/10/2024 00:00:00,69.6677,72.8193,69.6677,72.0729,3.7733e+006
GMD,6/11/2024 00:00:00,72.1558,72.4046,70.58,71.3264,1.9046e+006
GMD,6/12/2024 00:00:00,70.9117,71.2435,69.9165,71.0776,1.7124e+006
GMD,6/13/2024 00:00:00,71.1606,71.1606,70.2482,70.497,1.0221e+006
GMD,6/14/2024 00:00:00,70.3312,71.1606,68.8383,68.8383,2.0644e+006
GMD,6/17/2024 00:00:00,68.9212,70.4141,68.8383,69.5018,1.1051e+006
GMD,6/18/2024 00:00:00,69.6677,69.7506,69.3359,69.3359,857000
GMD,6/19/2024 00:00:00,69.3359,70.497,69.17,69.253,1.3551e+006
GMD,6/20/2024 00:00:00,69.253,69.5847,68.9212,69.0042,999900
GMD,6/21/2024 00:00:00,69.253,70.0824,69.0871,69.17,976900
GMD,6/24/2024 00:00:00,68.9212,69.4189,67.926,68.0089,1.9288e+006
GMD,6/25/2024 00:00:00,68.0089,69.8335,67.843,68.8383,1.0887e+006
GMD,6/26/2024 00:00:00,68.8383,70.0824,68.0089,69.6677,2.1361e+006
GMD,6/27/2024 00:00:00,69.253,69.253,68.4236,69.17,986700
GMD,6/28/2024 00:00:00,69.3359,69.8335,68.4236,68.8383,1.658e+006
GMD,7/1/2024 00:00:00,68.8383,68.8383,67.843,68.0089,1.1832e+006
GMD,7/2/2024 00:00:00,68.0919,68.9212,67.5942,67.5942,1.4642e+006
GMD,7/3/2024 00:00:00,67.6772,68.3407,67.5113,68.1748,1.1998e+006
GMD,7/4/2024 00:00:00,68.5895,68.6724,68.0089,68.0089,726100
GMD,7/5/2024 00:00:00,68.6724,69.3359,68.0089,69.3359,1.8618e+006
GMD,7/8/2024 00:00:00,69.6677,69.9165,68.1748,69.6677,1.6497e+006
GMD,7/9/2024 00:00:00,69.7506,70.8288,68.9212,70.497,2.3502e+006
GMD,7/10/2024 00:00:00,70.58,70.6629,69.6677,69.7506,1.2318e+006
GMD,7/11/2024 00:00:00,69.8335,70.2482,69.4189,69.4189,781800
GMD,7/12/2024 00:00:00,69.5018,69.9165,69.0042,69.6677,1.0433e+006
GMD,7/15/2024 00:00:00,70.2638,70.2638,69.1567,69.2418,850000
GMD,7/16/2024 00:00:00,69.327,69.5825,68.9863,69.2418,816600
GMD,7/17/2024 00:00:00,69.4122,69.4122,64.5576,68.9863,2.0202e+006
GMD,7/18/2024 00:00:00,68.1346,68.9863,66.9423,68.0495,1.3507e+006
GMD,7/19/2024 00:00:00,67.5385,68.305,66.0906,67.1126,1.3e+006
GMD,7/22/2024 00:00:00,66.6016,66.6016,64.8982,66.4313,1.7653e+006
GMD,7/23/2024 00:00:00,66.4313,66.4313,65.0686,65.2389,954700
GMD,7/24/2024 00:00:00,63.6207,66.6016,63.6207,66.3461,1.3584e+006
GMD,7/25/2024 00:00:00,65.5796,66.1758,65.4944,66.1758,414800
GMD,7/26/2024 00:00:00,66.1758,67.283,65.9203,67.283,643300
GMD,7/29/2024 00:00:00,67.3681,67.7088,67.0275,67.283,271800
GMD,7/30/2024 00:00:00,66.8571,67.4533,66.8571,67.283,472400
GMD,7/31/2024 00:00:00,67.283,68.1346,66.8571,68.1346,796900
GMD,8/1/2024 00:00:00,67.9643,67.9643,66.6868,67.1978,1.052e+006
GMD,8/2/2024 00:00:00,64.9834,68.9863,64.9834,68.9863,1.2784e+006
GMD,8/5/2024 00:00:00,67.1126,67.8791,64.3872,64.3872,1.116e+006
GMD,8/6/2024 00:00:00,64.0466,65.5796,63.9614,65.5796,786400
GMD,8/7/2024 00:00:00,65.4944,65.5796,64.3872,64.9834,485000
GMD,8/8/2024 00:00:00,64.5576,65.2389,64.2169,65.1538,446100
GMD,8/9/2024 00:00:00,65.4093,66.2609,64.8982,65.6648,693900
GMD,8/12/2024 00:00:00,66.3461,67.9643,66.0054,67.283,563300
GMD,8/13/2024 00:00:00,67.5385,67.6236,66.6868,66.9423,220700
GMD,8/14/2024 00:00:00,67.283,67.283,66.1758,67.1126,707700
GMD,8/15/2024 00:00:00,67.1978,67.9643,66.4313,67.4533,699900
GMD,8/16/2024 00:00:00,67.794,68.5605,67.283,67.9643,676400
GMD,8/19/2024 00:00:00,68.1346,71.6265,68.0495,70.5194,2.5896e+006
GMD,8/20/2024 00:00:00,70.5194,70.9452,69.6677,70.5194,835700
GMD,8/21/2024 00:00:00,70.9452,71.2007,70.0935,71.0304,1.0804e+006
GMD,8/22/2024 00:00:00,71.0304,71.1155,70.0935,70.6045,714300
GMD,8/23/2024 00:00:00,70.349,70.5194,69.4122,70.0935,858200
GMD,8/26/2024 00:00:00,70.6045,70.6045,68.9863,69.0715,981300
GMD,8/27/2024 00:00:00,68.9863,69.4973,68.1346,68.3901,819600
GMD,8/28/2024 00:00:00,68.6457,69.2418,68.2198,68.305,629700
GMD,8/29/2024 00:00:00,68.305,68.4753,68.1346,68.305,708000
GMD,8/30/2024 00:00:00,68.7308,68.9863,68.2198,68.5605,436800
GMD,9/4/2024 00:00:00,68.4753,68.4753,66.6868,67.283,986800
GMD,9/5/2024 00:00:00,67.4533,67.4533,65.3241,67.1126,1.932e+006
GMD,9/6/2024 00:00:00,66.4313,67.0275,65.7499,66.4313,677700
GMD,9/9/2024 00:00:00,66.3461,66.3461,65.6648,65.8351,614700
GMD,9/10/2024 00:00:00,65.7499,66.2609,65.7499,65.8351,1.048e+006
GMD,9/11/2024 00:00:00,65.9203,66.0054,65.4944,65.6648,421800
GMD,9/12/2024 00:00:00,65.8351,66.2609,65.6648,66.0054,888600
GMD,9/13/2024 00:00:00,66.0906,66.4313,65.6648,65.7499,311200
GMD,9/16/2024 00:00:00,65.7499,65.9203,65.0686,65.0686,888900
GMD,9/17/2024 00:00:00,65.0686,65.6648,64.8982,65.4093,439300
GMD,9/18/2024 00:00:00,66.3461,66.4313,65.8351,66.2609,763500
GMD,9/19/2024 00:00:00,66.2609,66.6016,66.2609,66.6016,450000
GMD,9/20/2024 00:00:00,66.5164,67.1126,66.5164,66.7719,679000
GMD,9/23/2024 00:00:00,66.4313,67.283,66.2609,67.283,525200
GMD,9/24/2024 00:00:00,66.7719,67.3681,66.7719,67.283,209400
GMD,9/25/2024 00:00:00,67.4533,67.6236,66.6016,67.283,577000
GMD,9/26/2024 00:00:00,67.283,67.4533,66.9423,67.1978,450200
GMD,9/27/2024 00:00:00,66.9423,67.1978,66.2609,66.8571,565000
GMD,9/30/2024 00:00:00,66.8571,66.8571,65.2389,66.4313,1.1781e+006
GMD,10/1/2024 00:00:00,66.1758,66.5164,65.9203,65.9203,572500
GMD,10/2/2024 00:00:00,65.7499,66.9423,65.7499,66.2609,810100
GMD,10/3/2024 00:00:00,66.4313,66.4313,65.4944,65.9203,476900
GMD,10/4/2024 00:00:00,65.9203,66.1758,65.4093,65.4093,307800
GMD,10/7/2024 00:00:00,65.4093,65.6648,64.7279,65.0686,366100
GMD,10/8/2024 00:00:00,65.1538,65.2389,64.1317,64.1317,783300
GMD,10/9/2024 00:00:00,64.3021,64.7279,64.1317,64.3021,332500
GMD,10/10/2024 00:00:00,64.4724,65.3241,64.4724,65.2389,609100
GMD,10/11/2024 00:00:00,65.4944,65.5796,65.2389,65.4093,367900
GMD,10/14/2024 00:00:00,66.0054,66.0054,64.7279,64.8131,464800
GMD,10/15/2024 00:00:00,65.0686,65.3241,64.3021,64.3872,779400
GMD,10/16/2024 00:00:00,63.9614,64.2169,63.8762,63.9614,601200
GMD,10/17/2024 00:00:00,64.0466,64.0466,62.0877,62.258,1.4984e+006
GMD,10/18/2024 00:00:00,62.1729,62.5135,61.1508,61.1508,1.2637e+006
GMD,10/21/2024 00:00:00,61.1508,61.3212,59.8733,60.725,1.9585e+006
GMD,10/22/2024 00:00:00,61.3,63,61.3,62.8,891100
GMD,10/23/2024 00:00:00,62.8,62.8,61.8,62.8,597900
GMD,10/24/2024 00:00:00,62.3,62.8,61.7,62.8,967300
GMD,10/25/2024 00:00:00,62.6,63,62,62.7,731500
GMD,10/28/2024 00:00:00,62.8,62.8,62.2,62.5,412200
GMD,10/29/2024 00:00:00,62.5,65.5,62.4,65,5.257e+006
GMD,10/30/2024 00:00:00,65.1,65.9,64.6,65.1,1.1033e+006
GMD,10/31/2024 00:00:00,65.1,65.6,64.2,65.3,1.3531e+006
GMD,11/1/2024 00:00:00,65.3,66,64.2,64.2,3.4822e+006
GMD,11/4/2024 00:00:00,64.9,64.9,62.8,64.3,950600
GMD,11/5/2024 00:00:00,64,64.3,63.4,63.9,779800
GMD,11/6/2024 00:00:00,64,64.8,63.8,64.5,994800
GMD,11/7/2024 00:00:00,65.1,65.4,64.5,65,1.3288e+006
GMD,11/8/2024 00:00:00,65.1,65.2,64.5,64.6,636600
GMD,11/11/2024 00:00:00,64.1,65.9,64,65.8,2.0532e+006
GMD,11/12/2024 00:00:00,65.8,66,64.8,65.9,1.223e+006
GMD,11/13/2024 00:00:00,65.9,65.9,64.8,65.8,729800
GMD,11/14/2024 00:00:00,65.4,67.7,65.3,66.6,2.4817e+006
GMD,11/15/2024 00:00:00,66.3,66.5,65.1,65.8,816300
GMD,11/18/2024 00:00:00,65.5,65.5,63.4,64.6,1.1429e+006
GMD,11/19/2024 00:00:00,64.6,64.6,61.6,63.8,1.7211e+006
GMD,11/20/2024 00:00:00,63.3,64,61.6,63.7,1.1985e+006
GMD,11/21/2024 00:00:00,63.1,65,62.6,65,994000
GMD,11/22/2024 00:00:00,64.7,64.7,63.8,64.1,554400
GMD,11/25/2024 00:00:00,64,64.9,63.7,64,584300
GMD,11/26/2024 00:00:00,64.1,65,63.9,64.9,848700
GMD,11/27/2024 00:00:00,64.9,65,64.3,64.3,445900
GMD,11/28/2024 00:00:00,64.4,64.8,63.8,64.7,733500
GMD,11/29/2024 00:00:00,64.7,65.3,64.2,64.7,813900
GMD,12/2/2024 00:00:00,65,65,64,64.3,669700
GMD,12/3/2024 00:00:00,64,64.9,64,64,967600
GMD,12/4/2024 00:00:00,64.1,64.7,63.8,64.7,641100
GMD,12/5/2024 00:00:00,64.8,66.3,64.5,66,1.47e+006
GMD,12/6/2024 00:00:00,66,67.8,65.4,67.4,1.9337e+006
GMD,12/9/2024 00:00:00,67.4,67.4,66.7,67.3,1.0469e+006
GMD,12/10/2024 00:00:00,67.3,67.3,66.2,66.9,826200
GMD,12/11/2024 00:00:00,66.6,67,65.9,65.9,609800
GMD,12/12/2024 00:00:00,66.1,66.5,65.1,66.4,1.0802e+006
GMD,12/13/2024 00:00:00,66.5,66.7,65.7,65.9,665500
GMD,12/16/2024 00:00:00,65.8,66.1,65.3,65.8,636100
GMD,12/17/2024 00:00:00,65.8,66,64.8,65.5,991000
GMD,12/18/2024 00:00:00,65,65.5,64.9,65.4,445500
GMD,12/19/2024 00:00:00,64.9,65.8,64.8,65.1,661400
GMD,12/20/2024 00:00:00,65.1,66.1,64.7,65,774000
GMD,12/23/2024 00:00:00,65.1,65.6,64.9,65,318000
GMD,12/24/2024 00:00:00,65.3,66.3,65,65.7,937400
GMD,12/25/2024 00:00:00,65.7,66.9,65.7,66.8,984200
GMD,12/26/2024 00:00:00,67,67,66,66.8,587500
GMD,12/27/2024 00:00:00,66.8,66.8,66.2,66.5,726100
GMD,12/30/2024 00:00:00,66.4,66.4,65.7,66,563100
GMD,12/31/2024 00:00:00,66,66,65.2,65.2,384100
GMD,1/2/2025 00:00:00,65.1,66.2,64.6,66.2,775500
GMD,1/3/2025 00:00:00,66.2,66.3,65.4,65.8,712600
GMD,1/6/2025 00:00:00,65.5,65.8,63.8,64.1,877800
GMD,1/7/2025 00:00:00,64,64,62.7,62.7,846700
GMD,1/8/2025 00:00:00,62.7,63.5,62,63.5,584100
GMD,1/9/2025 00:00:00,63.4,63.5,62.4,63.5,361700
GMD,1/10/2025 00:00:00,62.8,63,61.7,62,691100
GMD,1/13/2025 00:00:00,61.6,61.9,61,61.8,601000
GMD,1/14/2025 00:00:00,61.8,61.8,60,60,1.0035e+006
GMD,1/15/2025 00:00:00,60.1,61,59.9,60.2,856500
GMD,1/16/2025 00:00:00,60.3,62,60.1,61.2,900900
GMD,1/17/2025 00:00:00,61.2,62,61,62,846300
GMD,1/20/2025 00:00:00,62,62.5,61.9,62.2,546800
GMD,1/21/2025 00:00:00,62,62.2,61.1,62,746800
GMD,1/22/2025 00:00:00,62,62,61.1,61.4,617500
GMD,1/23/2025 00:00:00,61.4,62,61.2,62,856100
GMD,1/24/2025 00:00:00,61.6,63.9,61.6,63.9,1.2972e+006
GMD,2/3/2025 00:00:00,63.5,63.6,62.3,62.7,952400
GMD,2/4/2025 00:00:00,62.6,63.4,62.6,63.1,488300
GMD,2/5/2025 00:00:00,62.9,63.7,62.9,63.6,1.1084e+006
GMD,2/6/2025 00:00:00,63.7,63.7,63,63,712000
GMD,2/7/2025 00:00:00,63,63.8,62.6,62.6,947900
GMD,2/10/2025 00:00:00,62.6,62.6,61.6,61.7,829700
GMD,2/11/2025 00:00:00,61.7,61.7,60.4,60.9,1.9844e+006
GMD,2/12/2025 00:00:00,60.7,61.3,60.6,60.6,757400
GMD,2/13/2025 00:00:00,60.6,61.7,60.6,61.7,766300
GMD,2/14/2025 00:00:00,61.5,62.3,61.1,61.7,809000
GMD,2/17/2025 00:00:00,61.7,61.8,61.2,61.3,660100
GMD,2/18/2025 00:00:00,61.1,61.4,60.5,60.9,1.4751e+006
GMD,2/19/2025 00:00:00,60.9,61.5,60.6,61,854200
GMD,2/20/2025 00:00:00,61.3,61.5,60.9,61.5,728600
GMD,2/21/2025 00:00:00,61.5,62.4,61.4,62,859300
GMD,2/24/2025 00:00:00,62,62.1,61.4,61.9,815300
GMD,2/25/2025 00:00:00,61.7,61.7,60.7,61,1.4041e+006
GMD,2/26/2025 00:00:00,61,61.5,60.8,61.1,1.4194e+006
GMD,2/27/2025 00:00:00,61,61.3,60.8,61.3,901100
GMD,2/28/2025 00:00:00,61.3,61.3,60.6,60.7,1.3359e+006
GMD,3/3/2025 00:00:00,60.7,61,60.6,60.8,680800
GMD,3/4/2025 00:00:00,60.7,61.6,60.7,61.1,1.1076e+006
GMD,3/5/2025 00:00:00,61,61.2,60,60,2.451e+006
GMD,3/6/2025 00:00:00,60.3,61,60,61,1.6317e+006
GMD,3/7/2025 00:00:00,61.4,61.5,60.5,61.5,1.8716e+006
GMD,3/10/2025 00:00:00,61.6,61.6,60.6,61.5,1.8557e+006
GMD,3/11/2025 00:00:00,60.9,61.4,60.4,61.2,2.1285e+006
GMD,3/12/2025 00:00:00,60.8,61.1,60.1,60.1,2.8502e+006
GMD,3/13/2025 00:00:00,60.4,60.8,59.6,59.6,1.3056e+006
GMD,3/14/2025 00:00:00,59.8,60,58.1,58.1,2.3577e+006
GMD,3/17/2025 00:00:00,58.2,58.6,57.4,58,1.8607e+006
GMD,3/18/2025 00:00:00,58.2,59.5,58.2,59.5,1.7487e+006
GMD,3/19/2025 00:00:00,59.7,59.8,58.4,59.3,1.1117e+006
GMD,3/20/2025 00:00:00,60,60,58.5,59.4,878100
GMD,3/21/2025 00:00:00,59.3,59.4,58.7,59.4,597400
GMD,3/24/2025 00:00:00,59,59.3,58.1,59,1.0948e+006
GMD,3/25/2025 00:00:00,58.9,58.9,58.2,58.3,1.2425e+006
GMD,3/26/2025 00:00:00,58.8,58.8,58.2,58.7,622900
GMD,3/27/2025 00:00:00,58.7,58.7,58,58.1,596200
GMD,3/28/2025 00:00:00,58,58.6,58,58,974400
GMD,3/31/2025 00:00:00,58,58.2,56.9,57.5,1.5375e+006
GMD,4/1/2025 00:00:00,57.5,57.8,56.8,57.6,1.1414e+006
GMD,4/2/2025 00:00:00,57.6,57.8,55.5,56.3,2.3163e+006
GMD,4/3/2025 00:00:00,52.4,54.8,52.4,52.4,1.7382e+006
GMD,4/4/2025 00:00:00,48.75,48.75,48.75,48.75,543700
GMD,4/8/2025 00:00:00,45.35,46.35,45.35,45.35,1.2878e+006
GMD,4/9/2025 00:00:00,42.2,42.2,42.2,42.2,684800
GMD,4/10/2025 00:00:00,45.15,45.15,45.15,45.15,1.4713e+006
GMD,4/11/2025 00:00:00,48,48,43.1,46,5.7756e+006
GMD,4/14/2025 00:00:00,46.6,48.5,45.85,46.35,4.7892e+006
GMD,4/15/2025 00:00:00,46.3,47.4,43.15,45.9,4.9448e+006
GMD,4/16/2025 00:00:00,45.05,45.75,44.55,44.6,1.4399e+006
