Ticker,Date,Open,High,Low,Close,Volume
HDC,10/9/2007 00:00:00,4.16992,4.16992,4.16992,4.16992,1900
HDC,10/10/2007 00:00:00,4.35947,4.35947,4.35947,4.35947,2000
HDC,10/11/2007 00:00:00,4.5727,4.5727,4.5727,4.5727,11200
HDC,10/12/2007 00:00:00,4.78593,4.78593,4.78593,4.78593,123080
HDC,10/15/2007 00:00:00,5.02286,5.02286,5.02286,5.02286,67920
HDC,10/16/2007 00:00:00,5.25979,5.25979,5.25979,5.25979,55400
HDC,10/17/2007 00:00:00,5.49672,5.49672,5.49672,5.49672,14250
HDC,10/18/2007 00:00:00,5.73364,5.73364,5.30718,5.68626,734430
HDC,10/19/2007 00:00:00,5.78103,5.97057,5.68626,5.97057,412180
HDC,10/22/2007 00:00:00,6.25489,6.25489,6.25489,6.25489,65150
HDC,10/23/2007 00:00:00,6.5392,6.5392,6.5392,6.5392,74690
HDC,10/24/2007 00:00:00,6.82351,6.82351,6.82351,6.82351,141200
HDC,10/25/2007 00:00:00,7.10782,7.10782,6.68135,7.01305,414740
HDC,10/26/2007 00:00:00,6.72874,6.72874,6.68135,6.68135,62400
HDC,10/29/2007 00:00:00,6.34966,6.34966,6.34966,6.34966,26940
HDC,10/30/2007 00:00:00,6.06534,6.06534,6.06534,6.06534,29390
HDC,10/31/2007 00:00:00,5.78103,6.25489,5.78103,6.06534,318140
HDC,11/1/2007 00:00:00,6.01796,6.2075,6.01796,6.11273,64970
HDC,11/2/2007 00:00:00,6.11273,6.11273,5.8758,5.8758,42500
HDC,11/5/2007 00:00:00,5.68626,5.8758,5.63887,5.68626,72010
HDC,11/6/2007 00:00:00,5.68626,5.68626,5.44933,5.44933,45410
HDC,11/7/2007 00:00:00,5.30718,5.40195,5.2124,5.25979,86230
HDC,11/8/2007 00:00:00,5.49672,5.49672,5.49672,5.49672,19020
HDC,11/9/2007 00:00:00,5.63887,5.68626,5.49672,5.68626,127250
HDC,11/12/2007 00:00:00,5.68626,5.68626,5.40195,5.40195,52120
HDC,11/13/2007 00:00:00,5.40195,5.40195,5.16502,5.16502,47880
HDC,11/14/2007 00:00:00,5.16502,5.40195,5.16502,5.40195,45010
HDC,11/15/2007 00:00:00,5.30718,5.40195,5.25979,5.25979,43770
HDC,11/16/2007 00:00:00,5.2124,5.30718,5.2124,5.2124,17160
HDC,11/19/2007 00:00:00,5.07025,5.16502,5.07025,5.16502,14490
HDC,11/20/2007 00:00:00,5.11763,5.16502,5.02286,5.07025,20300
HDC,11/21/2007 00:00:00,4.88071,4.92809,4.83332,4.83332,64510
HDC,11/22/2007 00:00:00,4.78593,4.92809,4.78593,4.88071,42590
HDC,11/23/2007 00:00:00,4.73855,4.83332,4.73855,4.83332,32000
HDC,11/26/2007 00:00:00,5.07025,5.07025,5.07025,5.07025,70190
HDC,11/27/2007 00:00:00,5.30718,5.30718,5.30718,5.30718,48620
HDC,11/28/2007 00:00:00,5.07025,5.40195,5.07025,5.30718,131370
HDC,11/29/2007 00:00:00,5.30718,5.30718,5.2124,5.30718,67090
HDC,11/30/2007 00:00:00,5.25979,5.25979,5.16502,5.2124,64330
HDC,12/3/2007 00:00:00,5.2124,5.25979,5.2124,5.2124,101750
HDC,12/4/2007 00:00:00,5.40195,5.44933,5.35456,5.44933,174120
HDC,12/5/2007 00:00:00,5.44933,5.44933,5.35456,5.35456,82200
HDC,12/6/2007 00:00:00,5.44933,5.49672,5.35456,5.49672,75320
HDC,12/7/2007 00:00:00,5.49672,5.49672,5.40195,5.44933,30080
HDC,12/10/2007 00:00:00,5.40195,5.40195,5.30718,5.30718,19740
HDC,12/11/2007 00:00:00,5.2124,5.30718,5.16502,5.16502,16140
HDC,12/12/2007 00:00:00,5.07025,5.2124,5.07025,5.16502,31840
HDC,12/13/2007 00:00:00,5.16502,5.16502,5.02286,5.02286,30110
HDC,12/14/2007 00:00:00,4.88071,5.07025,4.88071,4.92809,17730
HDC,12/17/2007 00:00:00,5.02286,5.02286,4.83332,4.83332,33880
HDC,12/18/2007 00:00:00,4.83332,4.97548,4.83332,4.97548,8160
HDC,12/19/2007 00:00:00,5.2124,5.2124,5.2124,5.2124,52670
HDC,12/20/2007 00:00:00,5.30718,5.30718,5.07025,5.11763,29070
HDC,12/21/2007 00:00:00,5.16502,5.16502,5.07025,5.16502,15900
HDC,12/24/2007 00:00:00,5.07025,5.16502,5.02286,5.07025,12950
HDC,12/25/2007 00:00:00,5.07025,5.07025,4.97548,5.02286,22480
HDC,12/26/2007 00:00:00,5.02286,5.07025,4.97548,5.07025,26270
HDC,12/27/2007 00:00:00,5.11763,5.16502,5.02286,5.07025,51430
HDC,12/28/2007 00:00:00,5.07025,5.07025,5.07025,5.07025,10240
HDC,1/2/2008 00:00:00,5.02286,5.11763,5.02286,5.02286,7240
HDC,1/3/2008 00:00:00,4.97548,5.07025,4.97548,5.02286,8200
HDC,1/4/2008 00:00:00,4.92809,4.97548,4.88071,4.88071,23030
HDC,1/7/2008 00:00:00,4.78593,4.83332,4.66747,4.66747,43450
HDC,1/8/2008 00:00:00,4.66747,4.78593,4.66747,4.71486,26020
HDC,1/9/2008 00:00:00,4.73855,4.73855,4.66747,4.66747,10890
HDC,1/10/2008 00:00:00,4.45424,4.54901,4.45424,4.47793,13340
HDC,1/11/2008 00:00:00,4.47793,4.59639,4.47793,4.50162,21300
HDC,1/14/2008 00:00:00,4.31208,4.35947,4.28839,4.28839,17240
HDC,1/15/2008 00:00:00,4.09885,4.12254,4.07515,4.07515,38380
HDC,1/16/2008 00:00:00,4.26469,4.26469,4.26469,4.26469,13170
HDC,1/17/2008 00:00:00,4.47793,4.47793,4.26469,4.31208,56200
HDC,1/18/2008 00:00:00,4.26469,4.50162,4.21731,4.50162,16390
HDC,1/21/2008 00:00:00,4.50162,4.50162,4.31208,4.40685,10050
HDC,1/22/2008 00:00:00,4.26469,4.33577,4.26469,4.28839,14910
HDC,1/23/2008 00:00:00,4.12254,4.16992,4.07515,4.09885,36690
HDC,1/24/2008 00:00:00,4.28839,4.28839,4.07515,4.07515,20130
HDC,1/25/2008 00:00:00,3.95669,4.07515,3.95669,4.05146,19230
HDC,1/28/2008 00:00:00,3.933,4.02777,3.933,4.00407,12460
HDC,1/29/2008 00:00:00,4.00407,4.19362,3.98038,4.19362,29310
HDC,1/30/2008 00:00:00,4.38316,4.38316,4.38316,4.38316,25420
HDC,1/31/2008 00:00:00,4.26469,4.38316,4.16992,4.38316,11100
HDC,2/1/2008 00:00:00,4.40685,4.50162,4.35947,4.50162,17420
HDC,2/12/2008 00:00:00,4.50162,4.52531,4.35947,4.35947,16670
HDC,2/13/2008 00:00:00,4.35947,4.35947,4.26469,4.26469,16780
HDC,2/14/2008 00:00:00,4.26469,4.35947,4.26469,4.33577,5250
HDC,2/15/2008 00:00:00,4.33577,4.33577,4.19362,4.28839,7570
HDC,2/18/2008 00:00:00,4.07515,4.12254,4.07515,4.09885,31490
HDC,2/19/2008 00:00:00,3.98038,4.07515,3.98038,4.07515,30530
HDC,2/20/2008 00:00:00,3.88561,4.00407,3.88561,3.88561,17400
HDC,2/21/2008 00:00:00,3.69607,3.69607,3.69607,3.69607,21210
HDC,2/22/2008 00:00:00,3.53022,3.55391,3.53022,3.55391,30350
HDC,2/25/2008 00:00:00,3.43545,3.69607,3.43545,3.69607,42420
HDC,2/26/2008 00:00:00,3.53022,3.55391,3.53022,3.53022,10840
HDC,2/27/2008 00:00:00,3.36437,3.45914,3.36437,3.36437,15630
HDC,2/28/2008 00:00:00,3.2696,3.36437,3.19852,3.19852,24120
HDC,2/29/2008 00:00:00,3.05636,3.08006,3.05636,3.05636,32850
HDC,3/3/2008 00:00:00,2.91421,2.91421,2.91421,2.91421,1810
HDC,3/4/2008 00:00:00,2.77205,2.77205,2.77205,2.77205,620
HDC,3/5/2008 00:00:00,2.65359,2.79574,2.65359,2.65359,124050
HDC,3/6/2008 00:00:00,2.77205,2.77205,2.77205,2.77205,6650
HDC,3/7/2008 00:00:00,2.89052,2.89052,2.89052,2.89052,9250
HDC,3/10/2008 00:00:00,3.03267,3.03267,3.03267,3.03267,19090
HDC,3/11/2008 00:00:00,2.89052,3.03267,2.89052,3.03267,55650
HDC,3/12/2008 00:00:00,3.08006,3.17483,3.08006,3.17483,55350
HDC,3/13/2008 00:00:00,3.29329,3.29329,3.17483,3.22221,18360
HDC,3/14/2008 00:00:00,3.3585,3.38284,3.30983,3.38284,86370
HDC,3/17/2008 00:00:00,3.23682,3.26115,3.23682,3.23682,14600
HDC,3/18/2008 00:00:00,3.09079,3.09079,3.09079,3.09079,2860
HDC,3/19/2008 00:00:00,2.94477,3.09079,2.94477,2.94477,23070
HDC,3/20/2008 00:00:00,2.79875,2.92044,2.79875,2.79875,13650
HDC,3/21/2008 00:00:00,2.67707,2.67707,2.67707,2.67707,9610
HDC,3/24/2008 00:00:00,2.67707,2.67707,2.55538,2.55538,3200
HDC,3/25/2008 00:00:00,2.42883,2.42883,2.42883,2.42883,2300
HDC,3/26/2008 00:00:00,2.32175,2.48237,2.31201,2.31201,40550
HDC,3/27/2008 00:00:00,2.33148,2.33148,2.33148,2.33148,10560
HDC,3/28/2008 00:00:00,2.35095,2.35095,2.35095,2.35095,220
HDC,3/31/2008 00:00:00,2.37042,2.37042,2.37042,2.37042,1000
HDC,4/1/2008 00:00:00,2.38989,2.38989,2.38989,2.38989,200
HDC,4/2/2008 00:00:00,2.40936,2.40936,2.40936,2.40936,1000
HDC,4/3/2008 00:00:00,2.42883,2.42883,2.42883,2.42883,100
HDC,4/4/2008 00:00:00,2.4337,2.4337,2.4337,2.4337,1400
HDC,4/7/2008 00:00:00,2.48237,2.48237,2.48237,2.48237,1500
HDC,4/8/2008 00:00:00,2.53104,2.53104,2.48237,2.53104,28050
HDC,4/9/2008 00:00:00,2.57972,2.57972,2.53104,2.57972,37060
HDC,4/10/2008 00:00:00,2.55538,2.55538,2.53104,2.53104,11060
HDC,4/11/2008 00:00:00,2.53104,2.53104,2.48237,2.48237,1020
HDC,4/16/2008 00:00:00,2.4337,2.4337,2.4337,2.4337,1490
HDC,4/17/2008 00:00:00,2.38502,2.48237,2.38502,2.38502,17480
HDC,4/18/2008 00:00:00,2.38502,2.42883,2.34608,2.34608,7040
HDC,4/21/2008 00:00:00,2.30228,2.38502,2.30228,2.30228,4050
HDC,4/22/2008 00:00:00,2.25847,2.25847,2.25847,2.25847,1250
HDC,4/23/2008 00:00:00,2.21466,2.21466,2.21466,2.21466,460
HDC,4/24/2008 00:00:00,2.19033,2.19033,2.17086,2.19033,4660
HDC,4/25/2008 00:00:00,2.14652,2.14652,2.14652,2.14652,4260
HDC,4/28/2008 00:00:00,2.10758,2.18546,2.10758,2.18546,8110
HDC,4/29/2008 00:00:00,2.2244,2.2244,2.18546,2.2244,9060
HDC,5/5/2008 00:00:00,2.2244,2.2682,2.2244,2.2682,8670
HDC,5/6/2008 00:00:00,2.31201,2.31201,2.31201,2.31201,6010
HDC,5/7/2008 00:00:00,2.33635,2.33635,2.28767,2.28767,5050
HDC,5/8/2008 00:00:00,2.24387,2.24387,2.24387,2.24387,15210
HDC,5/9/2008 00:00:00,2.20006,2.20006,2.20006,2.20006,5970
HDC,5/12/2008 00:00:00,2.15625,2.15625,2.15625,2.15625,400
HDC,5/14/2008 00:00:00,2.14165,2.14165,2.11732,2.11732,5500
HDC,5/15/2008 00:00:00,2.07838,2.07838,2.07838,2.07838,110
HDC,5/16/2008 00:00:00,2.03944,2.03944,2.03944,2.03944,15190
HDC,5/19/2008 00:00:00,2.0005,2.0005,2.0005,2.0005,500
HDC,5/20/2008 00:00:00,1.96156,1.96156,1.96156,1.96156,200
HDC,5/21/2008 00:00:00,1.92262,1.92262,1.92262,1.92262,10000
HDC,5/22/2008 00:00:00,1.88855,1.88855,1.88855,1.88855,1100
HDC,5/23/2008 00:00:00,1.85448,1.85448,1.85448,1.85448,100
HDC,5/26/2008 00:00:00,1.85448,1.85448,1.8204,1.8204,3910
HDC,5/30/2008 00:00:00,1.78633,1.78633,1.78633,1.78633,200
HDC,6/2/2008 00:00:00,1.78633,1.78633,1.75226,1.75226,3000
HDC,6/3/2008 00:00:00,1.71819,1.71819,1.71819,1.71819,9000
HDC,6/4/2008 00:00:00,1.68412,1.68412,1.68412,1.68412,20340
HDC,6/5/2008 00:00:00,1.65491,1.65491,1.65491,1.65491,22000
HDC,6/6/2008 00:00:00,1.62571,1.68412,1.62571,1.68412,17800
HDC,6/9/2008 00:00:00,1.70845,1.70845,1.65491,1.65491,21240
HDC,6/10/2008 00:00:00,1.62571,1.68412,1.62571,1.68412,5500
HDC,6/11/2008 00:00:00,1.71332,1.71332,1.71332,1.71332,1810
HDC,6/12/2008 00:00:00,1.74739,1.74739,1.73766,1.74739,8050
HDC,6/13/2008 00:00:00,1.78147,1.78147,1.7766,1.78147,20520
HDC,6/16/2008 00:00:00,1.81554,1.81554,1.81067,1.81554,21820
HDC,6/17/2008 00:00:00,1.84961,1.84961,1.84961,1.84961,110
HDC,6/18/2008 00:00:00,1.88368,1.88368,1.81554,1.81554,5290
HDC,6/19/2008 00:00:00,1.762,1.762,1.762,1.762,4240
HDC,6/20/2008 00:00:00,1.762,1.762,1.762,1.762,3000
HDC,6/23/2008 00:00:00,1.71332,1.71332,1.71332,1.71332,4650
HDC,6/24/2008 00:00:00,1.66465,1.762,1.66465,1.762,15410
HDC,6/25/2008 00:00:00,1.81067,1.81067,1.762,1.762,5150
HDC,6/26/2008 00:00:00,1.71332,1.80094,1.71332,1.80094,5070
HDC,6/27/2008 00:00:00,1.74739,1.84961,1.74739,1.74739,14250
HDC,6/30/2008 00:00:00,1.74739,1.74739,1.74739,1.74739,5400
HDC,7/1/2008 00:00:00,1.69872,1.79607,1.69872,1.76686,27540
HDC,7/2/2008 00:00:00,1.8058,1.8058,1.72792,1.79607,11960
HDC,7/3/2008 00:00:00,1.74253,1.79607,1.74253,1.79607,34510
HDC,7/4/2008 00:00:00,1.80094,1.83987,1.80094,1.81067,47470
HDC,7/7/2008 00:00:00,1.84474,1.84474,1.75713,1.75713,34080
HDC,7/8/2008 00:00:00,1.70845,1.70845,1.70845,1.70845,10
HDC,7/9/2008 00:00:00,1.65978,1.65978,1.65978,1.65978,7030
HDC,7/10/2008 00:00:00,1.61111,1.61111,1.61111,1.61111,23300
HDC,7/11/2008 00:00:00,1.5673,1.65491,1.5673,1.62084,136030
HDC,7/14/2008 00:00:00,1.63058,1.66465,1.62084,1.66465,154800
HDC,7/15/2008 00:00:00,1.71332,1.71332,1.70359,1.71332,104310
HDC,7/16/2008 00:00:00,1.74253,1.74253,1.70359,1.71332,28870
HDC,7/17/2008 00:00:00,1.71332,1.71332,1.66952,1.66952,29500
HDC,7/18/2008 00:00:00,1.62084,1.62084,1.62084,1.62084,11510
HDC,7/21/2008 00:00:00,1.57704,1.57704,1.57704,1.57704,1200
HDC,7/22/2008 00:00:00,1.53323,1.53323,1.53323,1.53323,100
HDC,7/23/2008 00:00:00,1.48942,1.48942,1.48942,1.48942,120
HDC,7/24/2008 00:00:00,1.44562,1.44562,1.44562,1.44562,5990
HDC,7/25/2008 00:00:00,1.40668,1.40668,1.40668,1.40668,2060
HDC,7/28/2008 00:00:00,1.36774,1.36774,1.36774,1.36774,15970
HDC,7/29/2008 00:00:00,1.40668,1.40668,1.40668,1.40668,17480
HDC,7/30/2008 00:00:00,1.40668,1.40668,1.36774,1.36774,46700
HDC,7/31/2008 00:00:00,1.3288,1.33853,1.3288,1.33853,20260
HDC,8/1/2008 00:00:00,1.37747,1.37747,1.37747,1.37747,28290
HDC,8/4/2008 00:00:00,1.41641,1.41641,1.38721,1.41641,41720
HDC,8/5/2008 00:00:00,1.37747,1.37747,1.37747,1.37747,16940
HDC,8/6/2008 00:00:00,1.37747,1.41641,1.37747,1.41641,24110
HDC,8/7/2008 00:00:00,1.45535,1.45535,1.41641,1.41641,31820
HDC,8/8/2008 00:00:00,1.41641,1.45535,1.41641,1.45535,47070
HDC,8/11/2008 00:00:00,1.49429,1.49429,1.49429,1.49429,1220
HDC,8/12/2008 00:00:00,1.5381,1.5381,1.5381,1.5381,6970
HDC,8/13/2008 00:00:00,1.5819,1.5819,1.5819,1.5819,5100
HDC,8/14/2008 00:00:00,1.62571,1.62571,1.62571,1.62571,3150
HDC,8/15/2008 00:00:00,1.67438,1.67438,1.67438,1.67438,9700
HDC,8/18/2008 00:00:00,1.75713,1.75713,1.75713,1.75713,6790
HDC,8/19/2008 00:00:00,1.84474,1.84474,1.83987,1.84474,116640
HDC,8/20/2008 00:00:00,1.75713,1.93235,1.75713,1.93235,157250
HDC,8/21/2008 00:00:00,2.02484,2.02484,1.93722,2.02484,56520
HDC,8/22/2008 00:00:00,2.12218,2.12218,2.01997,2.12218,87750
HDC,8/25/2008 00:00:00,2.2244,2.2244,2.2244,2.2244,10100
HDC,8/26/2008 00:00:00,2.33148,2.33148,2.33148,2.33148,16710
HDC,8/27/2008 00:00:00,2.4337,2.4337,2.4337,2.4337,27650
HDC,8/28/2008 00:00:00,2.55538,2.55538,2.31201,2.31201,105290
HDC,8/29/2008 00:00:00,2.20006,2.24874,2.20006,2.20006,91370
HDC,9/3/2008 00:00:00,2.30714,2.30714,2.30228,2.30714,54390
HDC,9/4/2008 00:00:00,2.30714,2.30714,2.20006,2.28767,66380
HDC,9/5/2008 00:00:00,2.239,2.239,2.17572,2.17572,34590
HDC,9/8/2008 00:00:00,2.06864,2.06864,2.06864,2.06864,4490
HDC,9/9/2008 00:00:00,1.96643,2.01023,1.96643,1.96643,78960
HDC,9/10/2008 00:00:00,1.88368,1.94696,1.86908,1.86908,76550
HDC,9/11/2008 00:00:00,1.7912,1.82527,1.7766,1.7766,29080
HDC,9/12/2008 00:00:00,1.68899,1.68899,1.68899,1.68899,18380
HDC,9/15/2008 00:00:00,1.60624,1.77173,1.60624,1.68899,58410
HDC,9/16/2008 00:00:00,1.63058,1.72792,1.60624,1.72792,41120
HDC,9/17/2008 00:00:00,1.64518,1.64518,1.64518,1.64518,23740
HDC,9/18/2008 00:00:00,1.5673,1.5673,1.5673,1.5673,13350
HDC,9/19/2008 00:00:00,1.64518,1.64518,1.64518,1.64518,26730
HDC,9/22/2008 00:00:00,1.72306,1.72306,1.72306,1.72306,2560
HDC,9/23/2008 00:00:00,1.64518,1.75226,1.64518,1.75226,21970
HDC,9/24/2008 00:00:00,1.67438,1.80094,1.67438,1.75226,10730
HDC,9/25/2008 00:00:00,1.70359,1.77173,1.69872,1.77173,14800
HDC,9/26/2008 00:00:00,1.84961,1.84961,1.72306,1.79607,22800
HDC,9/29/2008 00:00:00,1.70845,1.75226,1.70845,1.70845,19430
HDC,9/30/2008 00:00:00,1.62571,1.62571,1.62571,1.62571,540
HDC,10/1/2008 00:00:00,1.60137,1.60624,1.59164,1.59164,10200
HDC,10/2/2008 00:00:00,1.59164,1.60624,1.55757,1.56243,37870
HDC,10/3/2008 00:00:00,1.50889,1.56243,1.50889,1.53323,32050
HDC,10/6/2008 00:00:00,1.48455,1.51376,1.46509,1.46509,31500
HDC,10/7/2008 00:00:00,1.39207,1.39207,1.39207,1.39207,15110
HDC,10/8/2008 00:00:00,1.32393,1.33853,1.32393,1.32393,38280
HDC,10/9/2008 00:00:00,1.26065,1.36287,1.26065,1.26552,39300
HDC,10/10/2008 00:00:00,1.20225,1.21685,1.20225,1.20225,47000
HDC,10/13/2008 00:00:00,1.15844,1.20225,1.15844,1.15844,36400
HDC,10/14/2008 00:00:00,1.21198,1.21198,1.21198,1.21198,72200
HDC,10/15/2008 00:00:00,1.21685,1.23145,1.16817,1.16817,87800
HDC,10/16/2008 00:00:00,1.10977,1.1195,1.10977,1.10977,62150
HDC,10/17/2008 00:00:00,1.15357,1.16331,1.1487,1.16331,36740
HDC,10/20/2008 00:00:00,1.21198,1.21198,1.10977,1.10977,109140
HDC,10/21/2008 00:00:00,1.16331,1.16331,1.12437,1.16331,81790
HDC,10/22/2008 00:00:00,1.16331,1.16817,1.15844,1.16817,31850
HDC,10/23/2008 00:00:00,1.10977,1.1195,1.10977,1.10977,37590
HDC,10/24/2008 00:00:00,1.1049,1.1487,1.08056,1.1487,36520
HDC,10/27/2008 00:00:00,1.10003,1.10003,1.09516,1.09516,27540
HDC,10/28/2008 00:00:00,1.04162,1.09516,1.04162,1.04162,64770
HDC,10/29/2008 00:00:00,1.0903,1.0903,1.07083,1.0903,20710
HDC,10/30/2008 00:00:00,1.04649,1.14384,1.04649,1.13897,22940
HDC,10/31/2008 00:00:00,1.13897,1.15357,1.13897,1.15357,38250
HDC,11/3/2008 00:00:00,1.10003,1.15357,1.10003,1.10977,19550
HDC,11/4/2008 00:00:00,1.13897,1.16331,1.13897,1.16331,36580
HDC,11/5/2008 00:00:00,1.21685,1.21685,1.21685,1.21685,45650
HDC,11/6/2008 00:00:00,1.16817,1.27526,1.16331,1.22172,75530
HDC,11/7/2008 00:00:00,1.16817,1.21685,1.16331,1.21685,29180
HDC,11/10/2008 00:00:00,1.21685,1.23632,1.21685,1.21685,19290
HDC,11/11/2008 00:00:00,1.16331,1.19251,1.15844,1.15844,26320
HDC,11/12/2008 00:00:00,1.1049,1.15357,1.1049,1.12437,24150
HDC,11/13/2008 00:00:00,1.12437,1.16817,1.1049,1.15357,19670
HDC,11/14/2008 00:00:00,1.19251,1.19251,1.16817,1.17304,12230
HDC,11/17/2008 00:00:00,1.11463,1.15844,1.11463,1.11463,21950
HDC,11/18/2008 00:00:00,1.14384,1.14384,1.09516,1.1195,9930
HDC,11/19/2008 00:00:00,1.15844,1.15844,1.1195,1.1195,5800
HDC,11/20/2008 00:00:00,1.08056,1.09516,1.08056,1.09516,11750
HDC,11/21/2008 00:00:00,1.06596,1.10977,1.06596,1.10003,6780
HDC,11/24/2008 00:00:00,1.10977,1.10977,1.07083,1.10977,13650
HDC,11/25/2008 00:00:00,1.1341,1.1341,1.1195,1.1341,20050
HDC,11/26/2008 00:00:00,1.1341,1.1341,1.10003,1.10003,23940
HDC,11/27/2008 00:00:00,1.07569,1.1195,1.07569,1.09516,10460
HDC,11/28/2008 00:00:00,1.1341,1.1487,1.08056,1.1487,13290
HDC,12/1/2008 00:00:00,1.19251,1.19251,1.1195,1.18278,26870
HDC,12/2/2008 00:00:00,1.12437,1.15357,1.12437,1.14384,7230
HDC,12/3/2008 00:00:00,1.14384,1.15844,1.1341,1.1341,10440
HDC,12/4/2008 00:00:00,1.14384,1.15844,1.14384,1.14384,10080
HDC,12/5/2008 00:00:00,1.14384,1.14384,1.1195,1.12924,9070
HDC,12/8/2008 00:00:00,1.13897,1.13897,1.09516,1.09516,16010
HDC,12/9/2008 00:00:00,1.1341,1.1341,1.07569,1.10977,12060
HDC,12/10/2008 00:00:00,1.07277,1.07806,1.05692,1.05692,8970
HDC,12/11/2008 00:00:00,1.04107,1.09391,1.0305,1.03578,5620
HDC,12/12/2008 00:00:00,1.05692,1.08334,1.05692,1.08334,6810
HDC,12/15/2008 00:00:00,1.13619,1.13619,1.05692,1.13619,12130
HDC,12/16/2008 00:00:00,1.14676,1.14676,1.08334,1.08334,9850
HDC,12/17/2008 00:00:00,1.13619,1.13619,1.08863,1.08863,6110
HDC,12/18/2008 00:00:00,1.08863,1.10977,1.08863,1.10977,2510
HDC,12/19/2008 00:00:00,1.13619,1.13619,1.09391,1.09391,7630
HDC,12/22/2008 00:00:00,1.13619,1.13619,1.11505,1.12033,5600
HDC,12/23/2008 00:00:00,1.08334,1.11505,1.08334,1.11505,3150
HDC,12/24/2008 00:00:00,1.08334,1.08334,1.07277,1.07806,2690
HDC,12/25/2008 00:00:00,1.12033,1.12033,1.07806,1.10977,3570
HDC,12/26/2008 00:00:00,1.10977,1.1309,1.08334,1.12033,4270
HDC,12/29/2008 00:00:00,1.10977,1.12562,1.10977,1.12562,6990
HDC,12/30/2008 00:00:00,1.12562,1.1309,1.12562,1.1309,8460
HDC,12/31/2008 00:00:00,1.10977,1.14676,1.10977,1.14147,1140
HDC,1/2/2009 00:00:00,1.0992,1.15733,1.0992,1.13619,640
HDC,1/5/2009 00:00:00,1.12562,1.13619,1.12033,1.13619,14280
HDC,1/6/2009 00:00:00,1.13619,1.14147,1.13619,1.13619,6130
HDC,1/7/2009 00:00:00,1.14676,1.16261,1.14147,1.14676,14800
HDC,1/8/2009 00:00:00,1.10977,1.14676,1.10977,1.13619,24100
HDC,1/9/2009 00:00:00,1.13619,1.13619,1.13619,1.13619,4110
HDC,1/12/2009 00:00:00,1.14147,1.14147,1.14147,1.14147,1350
HDC,1/13/2009 00:00:00,1.14147,1.14147,1.12033,1.1309,3330
HDC,1/14/2009 00:00:00,1.09391,1.13619,1.09391,1.1309,2620
HDC,1/15/2009 00:00:00,1.09391,1.13619,1.08863,1.08863,2110
HDC,1/16/2009 00:00:00,1.1309,1.1309,1.08863,1.08863,2010
HDC,1/19/2009 00:00:00,1.08863,1.08863,1.08863,1.08863,60
HDC,1/20/2009 00:00:00,1.13619,1.13619,1.03578,1.05692,3740
HDC,1/21/2009 00:00:00,1.08334,1.10977,1.06749,1.10448,3510
HDC,1/22/2009 00:00:00,1.10448,1.10448,1.09391,1.10448,1760
HDC,1/23/2009 00:00:00,1.10977,1.15733,1.10448,1.15733,520
HDC,2/2/2009 00:00:00,1.17847,1.17847,1.14676,1.14676,3150
HDC,2/3/2009 00:00:00,1.14676,1.14676,1.09391,1.10977,3510
HDC,2/4/2009 00:00:00,1.0622,1.10448,1.0622,1.10448,960
HDC,2/5/2009 00:00:00,1.0622,1.0622,1.05163,1.05163,7480
HDC,2/6/2009 00:00:00,1.05692,1.0622,1.04107,1.04107,6450
HDC,2/9/2009 00:00:00,1.08863,1.08863,1.07806,1.08863,11890
HDC,2/10/2009 00:00:00,1.0992,1.0992,1.05692,1.09391,3180
HDC,2/11/2009 00:00:00,1.07277,1.08334,1.07277,1.07806,4330
HDC,2/12/2009 00:00:00,1.05692,1.10977,1.04635,1.10977,4930
HDC,2/13/2009 00:00:00,1.08863,1.10977,1.05692,1.10977,1570
HDC,2/16/2009 00:00:00,1.10977,1.10977,1.05692,1.05692,2230
HDC,2/17/2009 00:00:00,1.05692,1.05692,1.00407,1.04635,7100
HDC,2/18/2009 00:00:00,1.0305,1.0305,0.998789,0.998789,5010
HDC,2/19/2009 00:00:00,0.956512,0.998789,0.951227,0.998789,930
HDC,2/20/2009 00:00:00,1.02521,1.0305,1.01464,1.0305,6050
HDC,2/23/2009 00:00:00,1.02521,1.0305,0.982935,0.982935,12410
HDC,2/24/2009 00:00:00,0.935374,0.951227,0.935374,0.935374,13090
HDC,2/25/2009 00:00:00,0.972366,0.977651,0.972366,0.977651,5980
HDC,2/26/2009 00:00:00,0.977651,1.00407,0.951227,1.00407,10420
HDC,2/27/2009 00:00:00,1.02521,1.02521,1.02521,1.02521,4950
HDC,3/2/2009 00:00:00,1.02521,1.02521,1.02521,1.02521,500
HDC,3/3/2009 00:00:00,0.977651,1.02521,0.977651,1.02521,2470
HDC,3/4/2009 00:00:00,1.02521,1.04635,1.02521,1.04635,4530
HDC,3/5/2009 00:00:00,1.07277,1.07806,1.05692,1.07277,2800
HDC,3/6/2009 00:00:00,1.02521,1.05692,1.02521,1.05692,5400
HDC,3/9/2009 00:00:00,1.01993,1.07277,1.01993,1.05692,1780
HDC,3/10/2009 00:00:00,1.08334,1.08334,1.05692,1.08334,12770
HDC,3/11/2009 00:00:00,1.12562,1.12562,1.12562,1.12562,6260
HDC,3/12/2009 00:00:00,1.12033,1.12033,1.07277,1.07277,6020
HDC,3/13/2009 00:00:00,1.10977,1.10977,1.08334,1.0992,10000
HDC,3/16/2009 00:00:00,1.08334,1.12562,1.08334,1.12562,7140
HDC,3/17/2009 00:00:00,1.13619,1.13619,1.08334,1.10977,6420
HDC,3/18/2009 00:00:00,1.16261,1.16261,1.11505,1.16261,28250
HDC,3/19/2009 00:00:00,1.21017,1.21017,1.10977,1.10977,20900
HDC,3/20/2009 00:00:00,1.08334,1.1309,1.08334,1.1309,2320
HDC,3/23/2009 00:00:00,1.17318,1.17318,1.10977,1.10977,16400
HDC,3/24/2009 00:00:00,1.16261,1.16261,1.16261,1.16261,16900
HDC,3/25/2009 00:00:00,1.16261,1.18903,1.13619,1.17318,15530
HDC,3/26/2009 00:00:00,1.18903,1.20489,1.18903,1.20489,19210
HDC,3/27/2009 00:00:00,1.23131,1.23131,1.16261,1.18903,23110
HDC,3/30/2009 00:00:00,1.13619,1.18903,1.13619,1.17847,22940
HDC,3/31/2009 00:00:00,1.14147,1.1679,1.14147,1.1679,6500
HDC,4/1/2009 00:00:00,1.17318,1.17847,1.1679,1.17318,17680
HDC,4/2/2009 00:00:00,1.18903,1.1996,1.18903,1.18903,10900
HDC,4/3/2009 00:00:00,1.23131,1.24716,1.21546,1.24716,52650
HDC,4/7/2009 00:00:00,1.24716,1.3053,1.24188,1.29473,24360
HDC,4/8/2009 00:00:00,1.24188,1.3053,1.23131,1.23131,35300
HDC,4/9/2009 00:00:00,1.28416,1.28416,1.21017,1.21017,17980
HDC,4/10/2009 00:00:00,1.2683,1.2683,1.2683,1.2683,41790
HDC,4/13/2009 00:00:00,1.33172,1.33172,1.32115,1.33172,128920
HDC,4/14/2009 00:00:00,1.38985,1.38985,1.337,1.337,44020
HDC,4/15/2009 00:00:00,1.374,1.374,1.32115,1.34229,63270
HDC,4/16/2009 00:00:00,1.40042,1.40042,1.35286,1.39513,41170
HDC,4/17/2009 00:00:00,1.39513,1.39513,1.32643,1.32643,50420
HDC,4/20/2009 00:00:00,1.26302,1.26302,1.26302,1.26302,24650
HDC,4/21/2009 00:00:00,1.20489,1.2683,1.20489,1.2683,64160
HDC,4/22/2009 00:00:00,1.31586,1.33172,1.29473,1.33172,11350
HDC,4/23/2009 00:00:00,1.33172,1.33172,1.29473,1.33172,4500
HDC,4/24/2009 00:00:00,1.33172,1.33172,1.2683,1.2683,34130
HDC,4/27/2009 00:00:00,1.22074,1.24188,1.22074,1.2366,16960
HDC,4/28/2009 00:00:00,1.21546,1.2683,1.21546,1.2683,2710
HDC,4/29/2009 00:00:00,1.22603,1.2683,1.22603,1.2683,10430
HDC,5/4/2009 00:00:00,1.33172,1.33172,1.33172,1.33172,7240
HDC,5/5/2009 00:00:00,1.39513,1.39513,1.38985,1.39513,117180
HDC,5/6/2009 00:00:00,1.337,1.337,1.32643,1.33172,13380
HDC,5/7/2009 00:00:00,1.38985,1.38985,1.35286,1.37928,18160
HDC,5/8/2009 00:00:00,1.32115,1.37928,1.32115,1.374,26870
HDC,5/11/2009 00:00:00,1.374,1.374,1.337,1.337,33570
HDC,5/12/2009 00:00:00,1.28944,1.40042,1.28944,1.40042,76500
HDC,5/13/2009 00:00:00,1.45855,1.46383,1.42684,1.42684,93900
HDC,5/14/2009 00:00:00,1.38985,1.45326,1.38985,1.45326,34370
HDC,5/15/2009 00:00:00,1.52196,1.52196,1.52196,1.52196,62060
HDC,5/18/2009 00:00:00,1.59621,1.59621,1.59621,1.59621,56900
HDC,5/19/2009 00:00:00,1.67575,1.67575,1.67575,1.67575,23660
HDC,5/20/2009 00:00:00,1.7553,1.7553,1.7553,1.7553,16090
HDC,5/21/2009 00:00:00,1.84014,1.84014,1.82954,1.84014,165770
HDC,5/22/2009 00:00:00,1.77121,1.83484,1.74999,1.74999,116390
HDC,5/25/2009 00:00:00,1.83484,1.83484,1.83484,1.83484,98600
HDC,5/26/2009 00:00:00,1.90908,1.92499,1.82954,1.90908,70770
HDC,5/27/2009 00:00:00,1.85605,1.9356,1.82954,1.85605,46190
HDC,5/28/2009 00:00:00,1.77121,1.77651,1.7659,1.7659,41650
HDC,5/29/2009 00:00:00,1.84014,1.84014,1.68105,1.68105,45990
HDC,6/1/2009 00:00:00,1.7553,1.7606,1.7553,1.7606,24790
HDC,6/2/2009 00:00:00,1.84545,1.84545,1.77651,1.80302,63730
HDC,6/3/2009 00:00:00,1.84014,1.84014,1.78181,1.80302,45790
HDC,6/4/2009 00:00:00,1.80302,1.89317,1.79772,1.89317,78620
HDC,6/5/2009 00:00:00,1.98333,1.98333,1.98333,1.98333,45730
HDC,6/8/2009 00:00:00,2.07878,2.07878,2.07878,2.07878,12460
HDC,6/9/2009 00:00:00,2.17954,2.17954,2.17423,2.17954,110580
HDC,6/10/2009 00:00:00,2.2856,2.2856,2.2856,2.2856,138120
HDC,6/11/2009 00:00:00,2.39696,2.39696,2.39696,2.39696,2620
HDC,6/12/2009 00:00:00,2.51363,2.51363,2.51363,2.51363,15720
HDC,6/15/2009 00:00:00,2.6356,2.6356,2.6356,2.6356,219600
HDC,6/16/2009 00:00:00,2.51893,2.51893,2.50832,2.50832,109290
HDC,6/17/2009 00:00:00,2.38635,2.63029,2.38635,2.63029,147380
HDC,6/18/2009 00:00:00,2.75757,2.75757,2.70454,2.75757,172940
HDC,6/19/2009 00:00:00,2.89014,2.89014,2.65151,2.70454,116160
HDC,6/22/2009 00:00:00,2.57196,2.57196,2.57196,2.57196,23120
HDC,6/23/2009 00:00:00,2.44469,2.44469,2.44469,2.44469,870
HDC,6/24/2009 00:00:00,2.32272,2.56135,2.32272,2.32272,144040
HDC,6/25/2009 00:00:00,2.21136,2.22726,2.21136,2.21136,71970
HDC,6/26/2009 00:00:00,2.12651,2.21136,2.1053,2.1212,98260
HDC,6/29/2009 00:00:00,2.17423,2.22726,2.17423,2.22726,30680
HDC,6/30/2009 00:00:00,2.32802,2.32802,2.17423,2.17423,31200
HDC,7/1/2009 00:00:00,2.06817,2.07348,2.06817,2.06817,27480
HDC,7/2/2009 00:00:00,2.06817,2.16893,1.97272,2.09469,17560
HDC,7/3/2009 00:00:00,1.99923,2.1212,1.99923,2.1212,32740
HDC,7/6/2009 00:00:00,2.22726,2.22726,2.20075,2.22726,50280
HDC,7/7/2009 00:00:00,2.25378,2.25378,2.15302,2.22726,23570
HDC,7/8/2009 00:00:00,2.12651,2.17954,2.12651,2.17954,12930
HDC,7/9/2009 00:00:00,2.22196,2.22196,2.13181,2.13181,26400
HDC,7/10/2009 00:00:00,2.16893,2.16893,2.04166,2.1053,15530
HDC,7/13/2009 00:00:00,2.03105,2.06817,2.02575,2.05757,37020
HDC,7/14/2009 00:00:00,2.1106,2.1106,2.04166,2.04166,49040
HDC,7/15/2009 00:00:00,2.1212,2.1212,2.05227,2.09999,11480
HDC,7/16/2009 00:00:00,2.1212,2.1212,2.06817,2.1106,22490
HDC,7/17/2009 00:00:00,2.07348,2.1212,2.01514,2.1106,10100
HDC,7/20/2009 00:00:00,2.04166,2.06817,2.03636,2.06817,23470
HDC,7/21/2009 00:00:00,2.06817,2.06817,2.05757,2.06287,12510
HDC,7/22/2009 00:00:00,2.1159,2.1159,2.05757,2.05757,17530
HDC,7/23/2009 00:00:00,2.01514,2.1106,2.01514,2.1106,12700
HDC,7/24/2009 00:00:00,2.21136,2.21136,2.21136,2.21136,9950
HDC,7/27/2009 00:00:00,2.21136,2.31742,2.21136,2.25378,36140
HDC,7/28/2009 00:00:00,2.14772,2.22726,2.14772,2.14772,63350
HDC,7/29/2009 00:00:00,2.17423,2.19014,2.1212,2.1212,27880
HDC,7/30/2009 00:00:00,2.1212,2.14772,2.09469,2.1053,10440
HDC,7/31/2009 00:00:00,2.20075,2.20605,2.19014,2.20605,42440
HDC,8/3/2009 00:00:00,2.22196,2.25378,2.20605,2.22726,10340
HDC,8/4/2009 00:00:00,2.33863,2.33863,2.23257,2.32272,75360
HDC,8/5/2009 00:00:00,2.32272,2.43408,2.2856,2.42878,90520
HDC,8/6/2009 00:00:00,2.51363,2.51363,2.37575,2.37575,52220
HDC,8/7/2009 00:00:00,2.32802,2.41287,2.32802,2.33332,30490
HDC,8/10/2009 00:00:00,2.33332,2.38635,2.26439,2.34923,51490
HDC,8/11/2009 00:00:00,2.33332,2.38105,2.31211,2.37045,75590
HDC,8/12/2009 00:00:00,2.41287,2.43938,2.37045,2.37575,117230
HDC,8/13/2009 00:00:00,2.49241,2.49241,2.49241,2.49241,32280
HDC,8/14/2009 00:00:00,2.61438,2.61438,2.59848,2.61438,407170
HDC,8/17/2009 00:00:00,2.67802,2.67802,2.54544,2.54544,103150
HDC,8/18/2009 00:00:00,2.54544,2.65151,2.53484,2.65151,145060
HDC,8/19/2009 00:00:00,2.78408,2.78408,2.75757,2.78408,96210
HDC,8/20/2009 00:00:00,2.91666,2.91666,2.89014,2.91666,263190
HDC,8/21/2009 00:00:00,3.04923,3.04923,3.04923,3.04923,58550
HDC,8/24/2009 00:00:00,3.15529,3.15529,2.91666,2.91666,223870
HDC,8/25/2009 00:00:00,2.83711,2.89014,2.78408,2.8106,139440
HDC,8/26/2009 00:00:00,2.86363,2.94317,2.70454,2.94317,188590
HDC,8/27/2009 00:00:00,2.91666,2.96969,2.91666,2.94317,104910
HDC,8/28/2009 00:00:00,3.04923,3.07575,2.96969,3.07575,90450
HDC,8/31/2009 00:00:00,3.12878,3.12878,3.02272,3.07575,74110
HDC,9/1/2009 00:00:00,3.07575,3.07575,2.96969,3.04923,136020
HDC,9/3/2009 00:00:00,2.9962,3.12878,2.96969,3.07575,126160
HDC,9/4/2009 00:00:00,3.04923,3.07575,2.96969,2.96969,205920
HDC,9/7/2009 00:00:00,2.96969,3.02272,2.86363,3.02272,140340
HDC,9/8/2009 00:00:00,3.02272,3.15529,3.02272,3.15529,122760
HDC,9/9/2009 00:00:00,3.20832,3.28787,3.15529,3.26135,143340
HDC,9/10/2009 00:00:00,3.26135,3.28787,3.18181,3.20832,96410
HDC,9/11/2009 00:00:00,3.12878,3.36741,3.12878,3.36741,199130
HDC,9/14/2009 00:00:00,3.42044,3.44696,3.39393,3.42044,119890
HDC,9/15/2009 00:00:00,3.44696,3.44696,3.28787,3.36741,117340
HDC,9/16/2009 00:00:00,3.42044,3.49999,3.36741,3.36741,132150
HDC,9/17/2009 00:00:00,3.36741,3.39393,3.20832,3.36741,157720
HDC,9/18/2009 00:00:00,3.36741,3.5265,3.36741,3.5265,145310
HDC,9/21/2009 00:00:00,3.68559,3.68559,3.65908,3.68559,138420
HDC,9/22/2009 00:00:00,3.84468,3.84468,3.79165,3.84468,162190
HDC,9/23/2009 00:00:00,4.03029,4.03029,3.92423,4.03029,246640
HDC,9/24/2009 00:00:00,3.95074,4.08332,3.92423,3.97726,155600
HDC,9/25/2009 00:00:00,3.89771,4.08332,3.89771,4.08332,93480
HDC,9/28/2009 00:00:00,3.95074,4.08332,3.95074,3.97726,96090
HDC,9/29/2009 00:00:00,3.92423,3.97726,3.8712,3.92423,91700
HDC,9/30/2009 00:00:00,3.84468,3.92423,3.84468,3.8712,117600
HDC,10/1/2009 00:00:00,3.73862,3.8712,3.68559,3.73862,153420
HDC,10/2/2009 00:00:00,3.60605,3.65908,3.55302,3.60605,105940
HDC,10/5/2009 00:00:00,3.71211,3.76514,3.63256,3.76514,83280
HDC,10/6/2009 00:00:00,3.95074,3.95074,3.92423,3.95074,52190
HDC,10/7/2009 00:00:00,4.13635,4.13635,4.13635,4.13635,33790
HDC,10/8/2009 00:00:00,4.32195,4.32195,4.16286,4.32195,186020
HDC,10/9/2009 00:00:00,4.53407,4.53407,4.53407,4.53407,122270
HDC,10/12/2009 00:00:00,4.74619,4.74619,4.56059,4.74619,149620
HDC,10/13/2009 00:00:00,4.9318,4.95831,4.77271,4.95831,160520
HDC,10/14/2009 00:00:00,4.79922,5.19695,4.79922,5.19695,129320
HDC,10/15/2009 00:00:00,5.40907,5.40907,5.14392,5.30301,120760
HDC,10/16/2009 00:00:00,5.1174,5.24998,5.03786,5.03786,110160
HDC,10/19/2009 00:00:00,4.82574,5.01134,4.79922,4.82574,120180
HDC,10/20/2009 00:00:00,4.98483,5.06437,4.98483,5.06437,103330
HDC,10/21/2009 00:00:00,5.22347,5.22347,5.06437,5.09089,60260
HDC,10/22/2009 00:00:00,4.9318,5.14392,4.9318,5.09089,19560
HDC,10/23/2009 00:00:00,4.98483,5.03786,4.85225,4.85225,62260
HDC,10/26/2009 00:00:00,4.77271,4.98483,4.74619,4.77271,35590
HDC,10/27/2009 00:00:00,4.69316,4.69316,4.53407,4.53407,23380
HDC,10/28/2009 00:00:00,4.32195,4.56059,4.32195,4.56059,226980
HDC,10/29/2009 00:00:00,4.34847,4.53407,4.34847,4.34847,76800
HDC,10/30/2009 00:00:00,4.53407,4.53407,4.18938,4.4015,58860
HDC,11/2/2009 00:00:00,4.18938,4.21589,4.18938,4.18938,58100
HDC,11/3/2009 00:00:00,4.24241,4.24241,4.00377,4.00377,112340
HDC,11/4/2009 00:00:00,3.8712,4.08332,3.84468,4.08332,66620
HDC,11/5/2009 00:00:00,4.18938,4.26892,4.13635,4.26892,52910
HDC,11/6/2009 00:00:00,4.48104,4.48104,4.45453,4.48104,165660
HDC,11/9/2009 00:00:00,4.42801,4.50756,4.29544,4.50756,163160
HDC,11/10/2009 00:00:00,4.4015,4.53407,4.4015,4.50756,130540
HDC,11/11/2009 00:00:00,4.50756,4.50756,4.29544,4.34847,200050
HDC,11/12/2009 00:00:00,4.53821,4.53821,4.53821,4.53821,25890
HDC,11/13/2009 00:00:00,4.73843,4.73843,4.73843,4.73843,54040
HDC,11/16/2009 00:00:00,4.97201,4.97201,4.97201,4.97201,116210
HDC,11/17/2009 00:00:00,5.13886,5.13886,4.8719,4.90527,181570
HDC,11/18/2009 00:00:00,4.90527,4.93864,4.73843,4.93864,78780
HDC,11/19/2009 00:00:00,5.03875,5.03875,4.8719,4.93864,69720
HDC,11/20/2009 00:00:00,4.90527,4.97201,4.8719,4.8719,77130
HDC,11/23/2009 00:00:00,4.70506,4.80516,4.63832,4.63832,134370
HDC,11/24/2009 00:00:00,4.53821,4.57158,4.4381,4.4381,104120
HDC,11/25/2009 00:00:00,4.57158,4.57158,4.23789,4.23789,79630
HDC,11/26/2009 00:00:00,4.07104,4.40473,4.03767,4.03767,80890
HDC,11/27/2009 00:00:00,3.83746,4.23789,3.83746,4.23789,135020
HDC,11/30/2009 00:00:00,4.23789,4.4381,4.13778,4.27126,39030
HDC,12/1/2009 00:00:00,4.20452,4.4381,4.13778,4.4381,73810
HDC,12/2/2009 00:00:00,4.338,4.47147,4.23789,4.23789,123920
HDC,12/3/2009 00:00:00,4.10441,4.23789,4.03767,4.03767,81390
HDC,12/4/2009 00:00:00,4.0043,4.13778,4.0043,4.07104,15450
HDC,12/7/2009 00:00:00,4.07104,4.23789,4.07104,4.23789,30810
HDC,12/8/2009 00:00:00,4.27126,4.27126,4.03767,4.07104,46980
HDC,12/9/2009 00:00:00,3.9042,3.9042,3.87083,3.87083,64750
HDC,12/10/2009 00:00:00,3.93757,3.93757,3.70398,3.70398,44690
HDC,12/11/2009 00:00:00,3.5705,3.67061,3.53714,3.53714,36740
HDC,12/14/2009 00:00:00,3.50377,3.67061,3.37029,3.5705,31850
HDC,12/15/2009 00:00:00,3.5705,3.5705,3.40366,3.4704,18180
HDC,12/16/2009 00:00:00,3.50377,3.50377,3.29688,3.29688,33200
HDC,12/17/2009 00:00:00,3.15005,3.23681,3.15005,3.20344,18480
HDC,12/18/2009 00:00:00,3.20344,3.33692,3.20344,3.33692,29780
HDC,12/21/2009 00:00:00,3.33692,3.50377,3.33692,3.50377,15550
HDC,12/22/2009 00:00:00,3.60387,3.60387,3.43703,3.50377,16730
HDC,12/23/2009 00:00:00,3.43703,3.5705,3.43703,3.5705,29000
HDC,12/24/2009 00:00:00,3.50377,3.63724,3.50377,3.63724,28000
HDC,12/25/2009 00:00:00,3.73735,3.80409,3.67061,3.80409,59830
HDC,12/28/2009 00:00:00,3.77072,3.97093,3.77072,3.97093,76740
HDC,12/29/2009 00:00:00,3.9042,4.07104,3.9042,4.0043,36330
HDC,12/30/2009 00:00:00,4.0043,4.07104,3.9042,3.97093,34210
HDC,12/31/2009 00:00:00,4.07104,4.13778,4.03767,4.03767,117410
HDC,1/4/2010 00:00:00,4.03767,4.23789,4.03767,4.23789,20970
HDC,1/5/2010 00:00:00,4.4381,4.4381,4.40473,4.4381,95020
HDC,1/6/2010 00:00:00,4.47147,4.60495,4.4381,4.50484,103240
HDC,1/7/2010 00:00:00,4.47147,4.67169,4.40473,4.40473,34500
HDC,1/8/2010 00:00:00,4.60495,4.60495,4.338,4.338,30360
HDC,1/11/2010 00:00:00,4.47147,4.47147,4.17115,4.17115,27970
HDC,1/12/2010 00:00:00,4.03767,4.17115,3.97093,3.97093,56370
HDC,1/13/2010 00:00:00,3.9042,4.07104,3.87083,4.0043,42800
HDC,1/14/2010 00:00:00,4.13778,4.20452,4.10441,4.20452,30210
HDC,1/15/2010 00:00:00,4.20452,4.20452,4.07104,4.07104,9420
HDC,1/18/2010 00:00:00,4.0043,4.0043,3.87083,3.87083,23980
HDC,1/19/2010 00:00:00,3.83746,4.0043,3.83746,3.93757,8770
HDC,1/20/2010 00:00:00,4.03767,4.03767,3.87083,3.87083,18100
HDC,1/21/2010 00:00:00,3.80409,3.87083,3.70398,3.73735,23590
HDC,1/22/2010 00:00:00,3.80409,3.83746,3.73735,3.77072,12660
HDC,1/25/2010 00:00:00,3.77072,3.83746,3.77072,3.83746,21820
HDC,1/26/2010 00:00:00,3.87083,4.0043,3.87083,4.0043,16980
HDC,1/27/2010 00:00:00,4.03767,4.07104,3.93757,3.97093,38510
HDC,1/28/2010 00:00:00,3.97093,3.97093,3.93757,3.93757,14450
HDC,1/29/2010 00:00:00,3.9042,3.93757,3.80409,3.93757,23760
HDC,2/1/2010 00:00:00,4.07104,4.07104,3.97093,3.97093,220
HDC,2/2/2010 00:00:00,3.93757,3.93757,3.83746,3.83746,17800
HDC,2/3/2010 00:00:00,3.83746,3.93757,3.83746,3.87083,7100
HDC,2/4/2010 00:00:00,4.0043,4.03767,3.93757,4.03767,26500
HDC,2/5/2010 00:00:00,4.0043,4.10441,3.93757,4.0043,62510
HDC,2/8/2010 00:00:00,4.0043,4.0043,4.0043,4.0043,29340
HDC,2/9/2010 00:00:00,4.0043,4.0043,3.93757,3.93757,48560
HDC,2/10/2010 00:00:00,4.07104,4.07104,4.0043,4.0043,23370
HDC,2/11/2010 00:00:00,4.0043,4.0043,4.0043,4.0043,30900
HDC,2/12/2010 00:00:00,4.23789,4.23789,4.07104,4.07104,35500
HDC,2/22/2010 00:00:00,4.07104,4.20452,4.07104,4.17115,35100
HDC,2/23/2010 00:00:00,4.03767,4.10441,4.0043,4.0043,48190
HDC,2/24/2010 00:00:00,4.0043,4.03767,3.93757,4.0043,36140
HDC,2/25/2010 00:00:00,4.0043,4.13778,4.0043,4.0043,26920
HDC,2/26/2010 00:00:00,4.0043,4.07104,4.0043,4.03767,36250
HDC,3/1/2010 00:00:00,4.13778,4.23789,4.07104,4.20452,113890
HDC,3/2/2010 00:00:00,4.20452,4.23789,4.17115,4.17115,78860
HDC,3/3/2010 00:00:00,4.20452,4.20452,4.10441,4.20452,53920
HDC,3/4/2010 00:00:00,4.23789,4.40473,4.23789,4.30463,117990
HDC,3/5/2010 00:00:00,4.30463,4.30463,4.23789,4.30463,70820
HDC,3/8/2010 00:00:00,4.338,4.37137,4.27126,4.27126,148330
HDC,3/9/2010 00:00:00,4.30463,4.40473,4.20452,4.40473,197170
HDC,3/10/2010 00:00:00,4.40473,4.53821,4.37137,4.4381,182300
HDC,3/11/2010 00:00:00,4.57158,4.63832,4.50484,4.63832,108430
HDC,3/12/2010 00:00:00,4.83853,4.83853,4.73843,4.80516,203920
HDC,3/15/2010 00:00:00,4.80516,4.80516,4.63832,4.70506,116360
HDC,3/16/2010 00:00:00,4.57158,4.63832,4.47147,4.50484,112410
HDC,3/17/2010 00:00:00,4.50484,4.57158,4.4381,4.4381,124790
HDC,3/18/2010 00:00:00,4.50484,4.50484,4.37137,4.50484,110460
HDC,3/19/2010 00:00:00,4.53821,4.53821,4.4381,4.47147,70950
HDC,3/22/2010 00:00:00,4.4381,4.47147,4.338,4.338,92120
HDC,3/23/2010 00:00:00,4.338,4.338,4.20452,4.20452,110000
HDC,3/24/2010 00:00:00,4.27126,4.30463,4.20452,4.30463,154850
HDC,3/25/2010 00:00:00,4.23789,4.27126,4.13778,4.17115,92620
HDC,3/26/2010 00:00:00,4.17115,4.20452,4.13778,4.20452,75820
HDC,3/29/2010 00:00:00,4.27126,4.27126,4.20452,4.23789,43280
HDC,3/30/2010 00:00:00,4.17115,4.27126,4.17115,4.23789,41490
HDC,3/31/2010 00:00:00,4.20452,4.27126,4.20452,4.20452,61940
HDC,4/1/2010 00:00:00,4.20452,4.40473,4.17115,4.37137,144020
HDC,4/2/2010 00:00:00,4.4381,4.4381,4.23789,4.338,104040
HDC,4/5/2010 00:00:00,4.338,4.40473,4.30463,4.40473,85240
HDC,4/6/2010 00:00:00,4.53821,4.60495,4.53821,4.57158,227750
HDC,4/7/2010 00:00:00,4.57158,4.60495,4.50484,4.57158,88110
HDC,4/8/2010 00:00:00,4.67169,4.7718,4.63832,4.73843,258320
HDC,4/9/2010 00:00:00,4.73843,4.83853,4.67169,4.70506,159370
HDC,4/12/2010 00:00:00,4.67169,4.67169,4.67169,4.67169,131290
HDC,4/13/2010 00:00:00,4.73843,4.73843,4.67169,4.67169,133460
HDC,4/14/2010 00:00:00,4.67169,4.83853,4.67169,4.80516,225850
HDC,4/15/2010 00:00:00,4.93864,5.03875,4.93864,5.03875,473130
HDC,4/16/2010 00:00:00,5.28336,5.28336,5.28336,5.28336,73760
HDC,4/19/2010 00:00:00,5.52572,5.52572,5.47724,5.47724,225450
HDC,4/20/2010 00:00:00,5.47724,5.47724,5.28336,5.28336,233980
HDC,4/21/2010 00:00:00,5.33183,5.33183,5.23489,5.23489,172050
HDC,4/22/2010 00:00:00,5.42877,5.47724,5.33183,5.3803,206840
HDC,4/26/2010 00:00:00,5.3803,5.47724,5.33183,5.47724,154430
HDC,4/27/2010 00:00:00,5.57419,5.7196,5.47724,5.67113,296090
HDC,4/28/2010 00:00:00,5.67113,5.91349,5.57419,5.76807,229230
HDC,4/29/2010 00:00:00,5.91349,6.01043,5.81654,6.01043,388060
HDC,5/4/2010 00:00:00,6.20431,6.20431,5.81654,6.01043,411280
HDC,5/5/2010 00:00:00,5.81654,6.01043,5.81654,5.86501,73750
HDC,5/6/2010 00:00:00,5.81654,5.86501,5.57419,5.81654,616390
HDC,5/7/2010 00:00:00,5.57419,5.67113,5.52572,5.52572,400570
HDC,5/10/2010 00:00:00,5.62266,5.7196,5.47724,5.67113,360710
HDC,5/11/2010 00:00:00,5.76807,5.76807,5.62266,5.62266,206120
HDC,5/12/2010 00:00:00,5.57419,5.57419,5.42877,5.42877,242130
HDC,5/13/2010 00:00:00,5.47724,5.57419,5.33183,5.47724,125100
HDC,5/14/2010 00:00:00,5.52572,5.52572,5.33183,5.33183,173990
HDC,5/17/2010 00:00:00,5.33183,5.3803,5.18642,5.23489,134830
HDC,5/18/2010 00:00:00,5.33183,5.33183,5.13795,5.13795,108100
HDC,5/19/2010 00:00:00,5.23489,5.23489,4.99253,4.99253,90750
HDC,5/20/2010 00:00:00,4.84712,5.08947,4.84712,5.08947,70570
HDC,5/21/2010 00:00:00,4.83742,4.99253,4.83742,4.83742,243800
HDC,5/24/2010 00:00:00,4.94406,4.94406,4.75018,4.94406,42590
HDC,5/25/2010 00:00:00,4.84712,4.99253,4.79865,4.79865,33530
HDC,5/26/2010 00:00:00,4.79865,4.99253,4.79865,4.99253,67800
HDC,5/27/2010 00:00:00,4.99253,4.99253,4.94406,4.99253,36960
HDC,5/28/2010 00:00:00,5.23489,5.23489,5.13795,5.23489,190010
HDC,5/31/2010 00:00:00,5.08947,5.23489,5.08947,5.08947,24160
HDC,6/1/2010 00:00:00,5.23489,5.23489,5.041,5.18642,35130
HDC,6/2/2010 00:00:00,5.08947,5.23489,5.08947,5.13795,29040
HDC,6/3/2010 00:00:00,5.23489,5.23489,5.13795,5.13795,83810
HDC,6/4/2010 00:00:00,5.08947,5.13795,5.08947,5.08947,40830
HDC,6/7/2010 00:00:00,4.84712,4.94406,4.84712,4.89559,68030
HDC,6/8/2010 00:00:00,4.89559,4.99253,4.84712,4.99253,84930
HDC,6/9/2010 00:00:00,5.08947,5.08947,4.94406,4.94406,19720
HDC,6/10/2010 00:00:00,4.89559,4.99253,4.89559,4.99253,50120
HDC,6/11/2010 00:00:00,5.08947,5.13795,5.08947,5.08947,63180
HDC,6/14/2010 00:00:00,5.08947,5.13795,5.08947,5.08947,50130
HDC,6/15/2010 00:00:00,5.041,5.13795,4.99253,5.041,54530
HDC,6/16/2010 00:00:00,5.18642,5.18642,5.08947,5.08947,49430
HDC,6/17/2010 00:00:00,5.13795,5.13795,5.041,5.13795,63620
HDC,6/18/2010 00:00:00,5.08947,5.08947,5.08947,5.08947,39610
HDC,6/21/2010 00:00:00,5.13795,5.18642,5.08947,5.18642,105700
HDC,6/22/2010 00:00:00,5.13795,5.18642,5.08947,5.13795,56440
HDC,6/23/2010 00:00:00,4.99253,5.13795,4.99253,5.041,27160
HDC,6/24/2010 00:00:00,5.08947,5.08947,5.041,5.08947,38580
HDC,6/25/2010 00:00:00,4.99253,5.08947,4.99253,5.041,77350
HDC,6/28/2010 00:00:00,4.99253,5.041,4.94406,5.041,72440
HDC,6/29/2010 00:00:00,5.041,5.041,4.99253,5.041,44630
HDC,6/30/2010 00:00:00,4.94406,4.99253,4.89559,4.99253,104480
HDC,7/1/2010 00:00:00,4.94406,4.99253,4.89559,4.94406,92900
HDC,7/2/2010 00:00:00,4.99253,4.99253,4.89559,4.89559,63380
HDC,7/5/2010 00:00:00,4.94406,4.94406,4.89559,4.94406,115770
HDC,7/6/2010 00:00:00,4.94406,4.99253,4.89559,4.99253,162410
HDC,7/7/2010 00:00:00,4.99253,5.041,4.99253,5.041,120130
HDC,7/8/2010 00:00:00,5.08947,5.08947,5.041,5.08947,46010
HDC,7/9/2010 00:00:00,5.041,5.08947,5.041,5.041,59220
HDC,7/12/2010 00:00:00,5.041,5.08947,4.99253,5.041,115140
HDC,7/13/2010 00:00:00,5.13795,5.13795,5.041,5.13795,92530
HDC,7/14/2010 00:00:00,5.13795,5.18642,5.08947,5.13795,100720
HDC,7/15/2010 00:00:00,5.08947,5.13795,5.08947,5.08947,107690
HDC,7/16/2010 00:00:00,5.13795,5.13795,5.08947,5.08947,64300
HDC,7/19/2010 00:00:00,5.041,5.08947,5.041,5.041,86040
HDC,7/20/2010 00:00:00,5.041,5.041,4.99253,5.041,44170
HDC,7/21/2010 00:00:00,4.99253,5.041,4.99253,4.99253,91810
HDC,7/22/2010 00:00:00,4.99253,4.99253,4.94406,4.94406,101770
HDC,7/23/2010 00:00:00,4.94406,4.99253,4.94406,4.99253,54620
HDC,7/26/2010 00:00:00,4.94406,4.94406,4.89559,4.89559,29200
HDC,7/27/2010 00:00:00,4.89559,4.94406,4.89559,4.94406,25820
HDC,7/28/2010 00:00:00,4.94406,4.94406,4.89559,4.89559,59700
HDC,7/29/2010 00:00:00,4.82773,4.89559,4.82773,4.89559,53430
HDC,7/30/2010 00:00:00,4.99253,4.99253,4.89559,4.99253,19440
HDC,8/2/2010 00:00:00,4.94406,4.94406,4.94406,4.94406,23920
HDC,8/3/2010 00:00:00,4.94406,4.94406,4.89559,4.89559,61020
HDC,8/4/2010 00:00:00,4.84712,4.89559,4.81804,4.84712,112860
HDC,8/5/2010 00:00:00,4.84712,4.84712,4.84712,4.84712,19000
HDC,8/6/2010 00:00:00,4.84712,4.84712,4.81804,4.82773,30800
HDC,8/9/2010 00:00:00,4.82773,4.82773,4.7114,4.73079,72770
HDC,8/10/2010 00:00:00,4.60476,4.65323,4.50782,4.55629,172500
HDC,8/11/2010 00:00:00,4.60476,4.60476,4.5466,4.60476,82990
HDC,8/12/2010 00:00:00,4.55629,4.55629,4.45935,4.45935,163560
HDC,8/13/2010 00:00:00,4.31394,4.52721,4.30424,4.52721,87150
HDC,8/16/2010 00:00:00,4.55629,4.65323,4.45935,4.56599,80580
HDC,8/17/2010 00:00:00,4.60476,4.60476,4.50782,4.60476,76910
HDC,8/18/2010 00:00:00,4.60476,4.70171,4.51751,4.51751,39550
HDC,8/19/2010 00:00:00,4.48843,4.58537,4.48843,4.5369,18830
HDC,8/20/2010 00:00:00,4.5466,4.5466,4.45935,4.50782,56140
HDC,8/23/2010 00:00:00,4.55629,4.55629,4.43996,4.43996,34150
HDC,8/24/2010 00:00:00,4.34302,4.36241,4.27516,4.27516,168830
HDC,8/25/2010 00:00:00,4.12975,4.16852,4.06189,4.16852,113590
HDC,8/26/2010 00:00:00,4.06927,4.3174,4.06927,4.3174,35330
HDC,8/27/2010 00:00:00,4.24792,4.3174,4.18837,4.29755,69710
HDC,8/30/2010 00:00:00,4.46627,4.50597,4.41665,4.50597,43560
HDC,8/31/2010 00:00:00,4.635,4.64492,4.33725,4.61515,41270
HDC,9/1/2010 00:00:00,4.61515,4.81365,4.61515,4.66477,35910
HDC,9/6/2010 00:00:00,4.81365,4.81365,4.66477,4.76403,36710
HDC,9/7/2010 00:00:00,4.5953,4.80373,4.5953,4.7144,20480
HDC,9/8/2010 00:00:00,4.56552,4.58537,4.56552,4.56552,25540
HDC,9/9/2010 00:00:00,4.7144,4.73425,4.56552,4.61515,28930
HDC,9/10/2010 00:00:00,4.61515,4.66477,4.60522,4.61515,55220
HDC,9/13/2010 00:00:00,4.42657,4.61515,4.42657,4.61515,25670
HDC,9/14/2010 00:00:00,4.61515,4.66477,4.61515,4.66477,39920
HDC,9/15/2010 00:00:00,4.62507,4.7144,4.5953,4.7144,66830
HDC,9/16/2010 00:00:00,4.56552,4.86328,4.56552,4.66477,44020
HDC,9/17/2010 00:00:00,4.66477,4.76403,4.61515,4.76403,5810
HDC,9/20/2010 00:00:00,4.68463,4.76403,4.68463,4.7541,8510
HDC,9/21/2010 00:00:00,4.66477,4.7144,4.66477,4.7144,7600
HDC,9/22/2010 00:00:00,4.7144,4.7144,4.62507,4.62507,9450
HDC,9/23/2010 00:00:00,4.58537,4.66477,4.3968,4.66477,56990
HDC,9/24/2010 00:00:00,4.53575,4.58537,4.5159,4.58537,4730
HDC,9/27/2010 00:00:00,4.56552,4.58537,4.54567,4.58537,33680
HDC,9/28/2010 00:00:00,4.57545,4.57545,4.5159,4.54567,52560
HDC,9/29/2010 00:00:00,4.50597,4.52582,4.4762,4.4762,29290
HDC,9/30/2010 00:00:00,4.37695,4.48612,4.37695,4.4365,33770
HDC,10/1/2010 00:00:00,4.5556,4.61515,4.42657,4.42657,14610
HDC,10/4/2010 00:00:00,4.41665,4.46627,4.38687,4.42657,17660
HDC,10/5/2010 00:00:00,4.42657,4.42657,4.37695,4.42657,11400
HDC,10/6/2010 00:00:00,4.44642,4.46627,4.41665,4.42657,29000
HDC,10/7/2010 00:00:00,4.41665,4.53575,4.41665,4.4365,84800
HDC,10/8/2010 00:00:00,4.4365,4.45635,4.4365,4.4365,52220
HDC,10/11/2010 00:00:00,4.4365,4.44642,4.41665,4.44642,3040
HDC,10/12/2010 00:00:00,4.37695,4.4365,4.28762,4.4365,20800
HDC,10/13/2010 00:00:00,4.3174,4.42657,4.26777,4.42657,11130
HDC,10/14/2010 00:00:00,4.41665,4.44642,4.32732,4.42657,57430
HDC,10/15/2010 00:00:00,4.42657,4.42657,4.36702,4.42657,24520
HDC,10/18/2010 00:00:00,4.36702,4.36702,4.36702,4.36702,400
HDC,10/19/2010 00:00:00,4.42657,4.42657,4.3174,4.42657,24690
HDC,10/20/2010 00:00:00,4.3174,4.41665,4.28762,4.3571,41640
HDC,10/21/2010 00:00:00,4.3174,4.33725,4.28762,4.28762,33670
HDC,10/22/2010 00:00:00,4.36702,4.36702,4.26777,4.26777,28520
HDC,10/25/2010 00:00:00,4.26777,4.30747,4.25785,4.29755,5980
HDC,10/26/2010 00:00:00,4.36702,4.41665,4.30747,4.41665,21550
HDC,10/27/2010 00:00:00,4.44642,4.44642,4.36702,4.36702,8000
HDC,10/28/2010 00:00:00,4.21815,4.40672,4.21815,4.38687,15640
HDC,10/29/2010 00:00:00,4.41665,4.41665,4.29755,4.38687,30730
HDC,11/1/2010 00:00:00,4.32732,4.33725,4.32732,4.32732,2380
HDC,11/2/2010 00:00:00,4.28762,4.3174,4.21815,4.28762,54290
HDC,11/3/2010 00:00:00,4.26777,4.26777,4.18837,4.18837,27350
HDC,11/4/2010 00:00:00,4.16852,4.26777,4.16852,4.16852,25160
HDC,11/5/2010 00:00:00,4.17845,4.21815,4.17845,4.21815,23880
HDC,11/8/2010 00:00:00,4.21815,4.238,4.21815,4.22807,43560
HDC,11/9/2010 00:00:00,4.22807,4.22807,4.08912,4.08912,140280
HDC,11/10/2010 00:00:00,4.1189,4.12882,4.01965,4.06927,40000
HDC,11/11/2010 00:00:00,4.06927,4.06927,3.97995,3.97995,67000
HDC,11/12/2010 00:00:00,3.97002,3.97002,3.841,3.91047,46640
HDC,11/15/2010 00:00:00,3.91047,3.93032,3.77152,3.77152,42630
HDC,11/16/2010 00:00:00,3.77152,3.77152,3.67227,3.77152,50250
HDC,11/17/2010 00:00:00,3.63257,3.8013,3.63257,3.8013,20360
HDC,11/18/2010 00:00:00,3.82115,3.89062,3.8013,3.82115,41810
HDC,11/19/2010 00:00:00,3.77152,3.85092,3.77152,3.81122,31320
HDC,11/22/2010 00:00:00,3.67227,3.8013,3.67227,3.78145,31910
HDC,11/23/2010 00:00:00,3.67227,3.87077,3.67227,3.87077,6460
HDC,11/24/2010 00:00:00,3.87077,3.87077,3.77152,3.86085,26030
HDC,11/25/2010 00:00:00,3.9204,3.9204,3.9204,3.9204,2730
HDC,11/26/2010 00:00:00,3.9204,3.95017,3.9204,3.95017,25000
HDC,11/29/2010 00:00:00,3.82115,3.97002,3.82115,3.97002,9100
HDC,11/30/2010 00:00:00,4.06927,4.06927,3.97002,4.05935,24450
HDC,12/1/2010 00:00:00,4.06927,4.06927,4.01965,4.0395,25360
HDC,12/2/2010 00:00:00,4.01965,4.16852,3.97002,4.16852,25170
HDC,12/3/2010 00:00:00,4.16852,4.36702,4.16852,4.36702,32340
HDC,12/6/2010 00:00:00,4.38687,4.38687,4.21815,4.36702,31550
HDC,12/7/2010 00:00:00,4.17845,4.34717,4.16852,4.26777,47590
HDC,12/8/2010 00:00:00,4.21815,4.21815,4.05935,4.05935,57480
HDC,12/9/2010 00:00:00,4.16852,4.21815,3.90055,4.16852,2080
HDC,12/10/2010 00:00:00,4.16852,4.3174,4.16852,4.1983,23330
HDC,12/13/2010 00:00:00,4.40672,4.40672,4.3968,4.40672,72750
HDC,12/14/2010 00:00:00,4.40672,4.40672,4.21815,4.21815,33290
HDC,12/15/2010 00:00:00,4.13875,4.26777,4.13875,4.21815,42290
HDC,12/16/2010 00:00:00,4.3174,4.3174,4.24792,4.26777,22400
HDC,12/17/2010 00:00:00,4.26777,4.3571,4.16852,4.3571,9510
HDC,12/20/2010 00:00:00,4.54567,4.54567,4.3571,4.38687,24260
HDC,12/21/2010 00:00:00,4.3174,4.41665,4.3174,4.40672,20260
HDC,12/22/2010 00:00:00,4.40672,4.41665,4.40672,4.40672,24760
HDC,12/23/2010 00:00:00,4.30747,4.40672,4.26777,4.40672,9200
HDC,12/24/2010 00:00:00,4.22807,4.3968,4.22807,4.3968,18100
HDC,12/27/2010 00:00:00,4.3968,4.4365,4.3174,4.3174,11610
HDC,12/28/2010 00:00:00,4.26777,4.36702,4.21815,4.36702,23190
HDC,12/29/2010 00:00:00,4.26777,4.3174,4.26777,4.3174,13920
HDC,12/30/2010 00:00:00,4.3174,4.3174,4.28762,4.3174,24000
HDC,12/31/2010 00:00:00,4.12882,4.36702,4.1189,4.1189,44280
HDC,1/4/2011 00:00:00,4.16852,4.30747,4.16852,4.30747,4700
HDC,1/5/2011 00:00:00,4.30747,4.30747,4.26777,4.26777,12060
HDC,1/6/2011 00:00:00,4.21815,4.3174,4.21815,4.3174,4710
HDC,1/7/2011 00:00:00,4.16852,4.28762,4.16852,4.28762,2070
HDC,1/10/2011 00:00:00,4.21815,4.21815,4.21815,4.21815,4910
HDC,1/11/2011 00:00:00,4.1983,4.21815,4.16852,4.21815,11940
HDC,1/12/2011 00:00:00,4.30747,4.30747,4.21815,4.21815,2320
HDC,1/13/2011 00:00:00,4.06927,4.21815,4.06927,4.16852,23500
HDC,1/14/2011 00:00:00,4.14867,4.21815,4.1189,4.16852,20500
HDC,1/17/2011 00:00:00,4.1586,4.22807,4.1586,4.17845,28680
HDC,1/18/2011 00:00:00,4.16852,4.1983,4.13875,4.1983,3940
HDC,1/19/2011 00:00:00,4.18837,4.21815,4.18837,4.21815,4510
HDC,1/20/2011 00:00:00,4.21815,4.21815,4.17845,4.20822,16010
HDC,1/21/2011 00:00:00,4.20822,4.20822,4.16852,4.20822,17620
HDC,1/24/2011 00:00:00,4.16852,4.16852,4.06927,4.06927,17560
HDC,1/25/2011 00:00:00,3.8807,4.01965,3.8807,3.97002,49470
HDC,1/26/2011 00:00:00,3.95017,3.9601,3.9204,3.9204,33310
HDC,1/27/2011 00:00:00,3.9204,3.9204,3.89062,3.89062,19500
HDC,1/28/2011 00:00:00,3.91047,3.91047,3.89062,3.91047,28240
HDC,2/8/2011 00:00:00,3.9601,3.9601,3.9204,3.9204,7750
HDC,2/9/2011 00:00:00,3.95017,3.95017,3.9204,3.9204,1010
HDC,2/10/2011 00:00:00,3.9204,3.94025,3.9204,3.9204,6500
HDC,2/11/2011 00:00:00,3.91047,3.91047,3.91047,3.91047,11620
HDC,2/14/2011 00:00:00,3.8807,3.8807,3.8807,3.8807,520
HDC,2/15/2011 00:00:00,3.9204,3.93032,3.87077,3.87077,4850
HDC,2/16/2011 00:00:00,3.87077,3.89062,3.82115,3.87077,21080
HDC,2/17/2011 00:00:00,3.82115,3.82115,3.68219,3.8013,131530
HDC,2/18/2011 00:00:00,3.68219,3.86085,3.67227,3.77152,8300
HDC,2/21/2011 00:00:00,3.59287,3.59287,3.58294,3.58294,70330
HDC,2/22/2011 00:00:00,3.40429,3.45392,3.40429,3.40429,52800
HDC,2/23/2011 00:00:00,3.25542,3.46384,3.23557,3.23557,70500
HDC,2/24/2011 00:00:00,3.08669,3.12639,3.07677,3.07677,122370
HDC,2/25/2011 00:00:00,3.22564,3.22564,3.17602,3.21572,25590
HDC,2/28/2011 00:00:00,3.32489,3.32489,3.27527,3.27527,19000
HDC,3/1/2011 00:00:00,3.23557,3.30504,3.23557,3.30504,460
HDC,3/2/2011 00:00:00,3.15617,3.24549,3.14624,3.14624,42650
HDC,3/3/2011 00:00:00,2.99737,3.17602,2.99737,3.17602,3090
HDC,3/4/2011 00:00:00,3.20579,3.20579,3.01722,3.01722,34510
HDC,3/7/2011 00:00:00,3.01722,3.07677,3.01722,3.07677,11320
HDC,3/8/2011 00:00:00,3.07677,3.11647,3.07677,3.11647,8230
HDC,3/9/2011 00:00:00,3.14624,3.14624,2.97752,2.97752,16570
HDC,3/10/2011 00:00:00,3.12639,3.12639,3.02714,3.08669,14360
HDC,3/11/2011 00:00:00,3.21572,3.21572,3.12639,3.15617,23410
HDC,3/14/2011 00:00:00,3.00729,3.15617,3.00729,3.11647,14190
HDC,3/15/2011 00:00:00,2.96759,2.99737,2.96759,2.97752,26430
HDC,3/16/2011 00:00:00,3.07677,3.07677,2.93782,2.93782,13320
HDC,3/17/2011 00:00:00,3.02714,3.02714,2.87827,3.01722,15020
HDC,3/18/2011 00:00:00,3.07677,3.07677,2.97752,3.05692,6910
HDC,3/21/2011 00:00:00,2.97752,3.02714,2.97752,2.97752,14210
HDC,3/22/2011 00:00:00,3.02714,3.02714,2.95767,2.96759,10460
HDC,3/23/2011 00:00:00,2.96759,2.97752,2.94774,2.97752,15510
HDC,3/24/2011 00:00:00,2.95767,2.96759,2.82864,2.82864,12810
HDC,3/25/2011 00:00:00,2.84849,2.92789,2.84849,2.92789,3010
HDC,3/28/2011 00:00:00,2.87827,2.92789,2.83857,2.83857,18300
HDC,3/29/2011 00:00:00,2.85842,2.85842,2.79886,2.79886,12300
HDC,3/30/2011 00:00:00,2.67976,2.82864,2.67976,2.82864,3890
HDC,3/31/2011 00:00:00,2.77901,2.89812,2.77901,2.89812,3150
HDC,4/1/2011 00:00:00,2.92789,2.92789,2.92789,2.92789,2000
HDC,4/4/2011 00:00:00,2.87827,2.87827,2.79886,2.79886,1000
HDC,4/5/2011 00:00:00,2.77901,2.82864,2.77901,2.82864,1110
HDC,4/6/2011 00:00:00,2.82864,2.82864,2.82864,2.82864,1110
HDC,4/7/2011 00:00:00,2.87827,2.87827,2.84849,2.87827,2440
HDC,4/8/2011 00:00:00,2.90804,2.90804,2.82864,2.87827,6050
HDC,4/13/2011 00:00:00,2.79886,2.80879,2.77901,2.77901,4490
HDC,4/14/2011 00:00:00,2.89812,2.89812,2.67976,2.67976,9300
HDC,4/15/2011 00:00:00,2.67976,2.67976,2.67976,2.67976,3050
HDC,4/18/2011 00:00:00,2.80879,2.80879,2.67976,2.72939,15380
HDC,4/19/2011 00:00:00,2.64006,2.80879,2.64006,2.80879,4830
HDC,4/20/2011 00:00:00,2.72939,2.77901,2.72939,2.77901,8500
HDC,4/21/2011 00:00:00,2.77901,2.77901,2.74924,2.74924,2220
HDC,4/22/2011 00:00:00,2.74924,2.75916,2.67976,2.67976,7400
HDC,4/25/2011 00:00:00,2.74924,2.77901,2.74924,2.74924,6210
HDC,4/26/2011 00:00:00,2.72939,2.72939,2.67976,2.67976,6710
HDC,4/27/2011 00:00:00,2.67976,2.67976,2.67976,2.67976,1550
HDC,4/28/2011 00:00:00,2.67976,2.72939,2.63014,2.72939,9970
HDC,4/29/2011 00:00:00,2.72939,2.81872,2.71946,2.81872,14460
HDC,5/4/2011 00:00:00,2.81872,2.81872,2.80879,2.80879,9330
HDC,5/5/2011 00:00:00,2.80879,2.80879,2.66984,2.66984,13810
HDC,5/6/2011 00:00:00,2.63014,2.67976,2.63014,2.67976,9060
HDC,5/9/2011 00:00:00,2.72939,2.72939,2.69961,2.71946,16510
HDC,5/10/2011 00:00:00,2.72939,2.72939,2.67976,2.71946,7330
HDC,5/11/2011 00:00:00,2.71946,2.72939,2.67976,2.67976,6660
HDC,5/12/2011 00:00:00,2.67976,2.67976,2.64006,2.64006,8530
HDC,5/13/2011 00:00:00,2.63014,2.65991,2.63014,2.64999,40500
HDC,5/16/2011 00:00:00,2.76313,2.76313,2.73931,2.76313,630
HDC,5/17/2011 00:00:00,2.63212,2.73931,2.63212,2.73931,3170
HDC,5/18/2011 00:00:00,2.67976,2.71549,2.6083,2.71549,3520
HDC,5/19/2011 00:00:00,2.59639,2.70358,2.59639,2.70358,1500
HDC,5/20/2011 00:00:00,2.62021,2.70358,2.62021,2.70358,7000
HDC,5/23/2011 00:00:00,2.57257,2.57257,2.57257,2.57257,7000
HDC,5/24/2011 00:00:00,2.45347,2.45347,2.45347,2.45347,5400
HDC,5/25/2011 00:00:00,2.33437,2.38201,2.33437,2.33437,49080
HDC,5/26/2011 00:00:00,2.22718,2.26291,2.22718,2.26291,55660
HDC,5/27/2011 00:00:00,2.26291,2.32246,2.26291,2.32246,13180
HDC,5/30/2011 00:00:00,2.32246,2.32246,2.251,2.26291,7840
HDC,5/31/2011 00:00:00,2.20336,2.26291,2.19145,2.26291,2000
HDC,6/1/2011 00:00:00,2.31055,2.35819,2.31055,2.34628,16310
HDC,6/2/2011 00:00:00,2.34628,2.45347,2.34628,2.45347,20240
HDC,6/3/2011 00:00:00,2.50111,2.50111,2.44156,2.4892,28500
HDC,6/6/2011 00:00:00,2.4892,2.4892,2.46538,2.47729,6000
HDC,6/7/2011 00:00:00,2.52493,2.59639,2.52493,2.59639,15570
HDC,6/8/2011 00:00:00,2.6083,2.6083,2.51302,2.51302,7200
HDC,6/9/2011 00:00:00,2.56066,2.56066,2.56066,2.56066,3780
HDC,6/10/2011 00:00:00,2.64403,2.65594,2.59639,2.62021,14770
HDC,6/13/2011 00:00:00,2.62021,2.62021,2.4892,2.62021,8460
HDC,6/14/2011 00:00:00,2.62021,2.64403,2.56066,2.62021,9250
HDC,6/15/2011 00:00:00,2.51302,2.51302,2.4892,2.50111,4810
HDC,6/16/2011 00:00:00,2.50111,2.52493,2.38201,2.50111,19380
HDC,6/17/2011 00:00:00,2.51302,2.51302,2.44156,2.4892,9980
HDC,6/20/2011 00:00:00,2.50111,2.50111,2.44156,2.44156,2040
HDC,6/21/2011 00:00:00,2.39392,2.50111,2.39392,2.50111,430
HDC,6/22/2011 00:00:00,2.50111,2.62021,2.50111,2.62021,6450
HDC,6/23/2011 00:00:00,2.56066,2.56066,2.56066,2.56066,4000
HDC,6/24/2011 00:00:00,2.62021,2.62021,2.62021,2.62021,110
HDC,6/27/2011 00:00:00,2.62021,2.62021,2.4892,2.4892,3160
HDC,6/28/2011 00:00:00,2.39392,2.50111,2.38201,2.4892,2450
HDC,6/29/2011 00:00:00,2.47729,2.47729,2.47729,2.47729,1730
HDC,6/30/2011 00:00:00,2.44156,2.50111,2.44156,2.47729,5180
HDC,7/1/2011 00:00:00,2.4892,2.4892,2.44156,2.44156,3420
HDC,7/4/2011 00:00:00,2.38201,2.40583,2.38201,2.40583,4910
HDC,7/5/2011 00:00:00,2.44156,2.44156,2.38201,2.38201,10120
HDC,7/6/2011 00:00:00,2.38201,2.38201,2.35819,2.38201,2240
HDC,7/7/2011 00:00:00,2.38201,2.38201,2.38201,2.38201,3850
HDC,7/8/2011 00:00:00,2.38201,2.38201,2.33437,2.33437,6030
HDC,7/11/2011 00:00:00,2.27482,2.33437,2.27482,2.33437,5600
HDC,7/12/2011 00:00:00,2.34628,2.34628,2.34628,2.34628,1100
HDC,7/13/2011 00:00:00,2.34628,2.35819,2.34628,2.35819,550
HDC,7/14/2011 00:00:00,2.32246,2.35819,2.32246,2.33437,3300
HDC,7/15/2011 00:00:00,2.32246,2.34628,2.32246,2.32246,4580
HDC,7/18/2011 00:00:00,2.22718,2.32246,2.22718,2.32246,8870
HDC,7/19/2011 00:00:00,2.28673,2.28673,2.26291,2.28673,2950
HDC,7/20/2011 00:00:00,2.28673,2.32246,2.28673,2.32246,2340
HDC,7/21/2011 00:00:00,2.28673,2.28673,2.27482,2.27482,16690
HDC,7/22/2011 00:00:00,2.20336,2.27482,2.20336,2.23909,8520
HDC,7/25/2011 00:00:00,2.26291,2.26291,2.26291,2.26291,9480
HDC,7/26/2011 00:00:00,2.23909,2.23909,2.21527,2.21527,10080
HDC,7/27/2011 00:00:00,2.21527,2.23909,2.21527,2.23909,2050
HDC,7/28/2011 00:00:00,2.20336,2.20336,2.15572,2.15572,12000
HDC,7/29/2011 00:00:00,2.11999,2.11999,2.11999,2.11999,7200
HDC,8/1/2011 00:00:00,2.02471,2.08426,2.02471,2.06044,12850
HDC,8/2/2011 00:00:00,2.02471,2.04853,2.02471,2.02471,9220
HDC,8/3/2011 00:00:00,2.0128,2.02471,2.0128,2.02471,1500
HDC,8/4/2011 00:00:00,2.0128,2.08426,2.0128,2.08426,2410
HDC,8/5/2011 00:00:00,2.00089,2.00089,2.00089,2.00089,1490
HDC,8/8/2011 00:00:00,2.00089,2.00089,2.00089,2.00089,50
HDC,8/9/2011 00:00:00,1.90561,1.96516,1.90561,1.96516,800
HDC,8/10/2011 00:00:00,1.90561,2.0128,1.90561,1.96516,3640
HDC,8/12/2011 00:00:00,1.96516,2.00089,1.96516,2.00089,1340
HDC,8/15/2011 00:00:00,2.00089,2.00089,2.00089,2.00089,500
HDC,8/16/2011 00:00:00,1.94134,2.00089,1.94134,2.00089,330
HDC,8/17/2011 00:00:00,2.02471,2.07235,2.02471,2.07235,9670
HDC,8/18/2011 00:00:00,2.07235,2.09617,2.07235,2.08426,33340
HDC,8/19/2011 00:00:00,2.00089,2.08426,2.00089,2.08426,27800
HDC,8/22/2011 00:00:00,2.08426,2.16763,2.08426,2.16763,11030
HDC,8/23/2011 00:00:00,2.16763,2.16763,2.14381,2.16763,16280
HDC,8/24/2011 00:00:00,2.11999,2.16763,2.11999,2.16763,48760
HDC,8/25/2011 00:00:00,2.07235,2.20336,2.07235,2.20336,1680
HDC,8/26/2011 00:00:00,2.20336,2.20336,2.16763,2.20336,9900
HDC,8/29/2011 00:00:00,2.251,2.26291,2.23909,2.26291,8730
HDC,8/30/2011 00:00:00,2.3701,2.3701,2.35819,2.3701,14890
HDC,8/31/2011 00:00:00,2.32246,2.42965,2.32246,2.42965,14100
HDC,9/1/2011 00:00:00,2.38201,2.44156,2.38201,2.38201,7180
HDC,9/5/2011 00:00:00,2.38201,2.38201,2.27482,2.27482,600
HDC,9/6/2011 00:00:00,2.27482,2.27482,2.26291,2.26291,19580
HDC,9/7/2011 00:00:00,2.3701,2.3701,2.27482,2.28673,3100
HDC,9/8/2011 00:00:00,2.3701,2.3701,2.28673,2.29864,13980
HDC,9/9/2011 00:00:00,2.29864,2.32246,2.26291,2.32246,29150
HDC,9/12/2011 00:00:00,2.23909,2.38201,2.23909,2.38201,20
HDC,9/13/2011 00:00:00,2.50111,2.50111,2.40583,2.47729,13460
HDC,9/14/2011 00:00:00,2.58448,2.58448,2.45347,2.47729,3840
HDC,9/15/2011 00:00:00,2.39392,2.39392,2.35819,2.35819,14700
HDC,9/19/2011 00:00:00,2.34628,2.34628,2.32246,2.32246,11100
HDC,9/20/2011 00:00:00,2.27482,2.33437,2.27482,2.33437,13310
HDC,9/21/2011 00:00:00,2.34628,2.34628,2.33437,2.33437,2010
HDC,9/22/2011 00:00:00,2.33437,2.3701,2.29864,2.35819,6330
HDC,9/23/2011 00:00:00,2.28673,2.34628,2.28673,2.34628,6220
HDC,9/26/2011 00:00:00,2.39392,2.39392,2.39392,2.39392,10
HDC,9/27/2011 00:00:00,2.28673,2.3701,2.27482,2.3701,3060
HDC,9/28/2011 00:00:00,2.29864,2.41774,2.29864,2.29864,19170
HDC,9/29/2011 00:00:00,2.29864,2.29864,2.26291,2.29864,7900
HDC,9/30/2011 00:00:00,2.28673,2.28673,2.27482,2.27482,9700
HDC,10/4/2011 00:00:00,2.34628,2.34628,2.20336,2.27482,1070
HDC,10/5/2011 00:00:00,2.31055,2.31055,2.31055,2.31055,800
HDC,10/6/2011 00:00:00,2.21527,2.21527,2.20336,2.20336,85160
HDC,10/7/2011 00:00:00,2.14381,2.14381,2.09617,2.14381,152160
HDC,10/10/2011 00:00:00,2.14381,2.19145,2.14381,2.19145,1610
HDC,10/11/2011 00:00:00,2.14381,2.14381,2.14381,2.14381,400
HDC,10/12/2011 00:00:00,2.22718,2.22718,2.08426,2.14381,6020
HDC,10/13/2011 00:00:00,2.15572,2.15572,2.07235,2.10808,20910
HDC,10/14/2011 00:00:00,2.14381,2.15572,2.14381,2.14381,12500
HDC,10/17/2011 00:00:00,2.14381,2.14381,2.14381,2.14381,1500
HDC,10/18/2011 00:00:00,2.08426,2.1319,2.08426,2.08426,67510
HDC,10/19/2011 00:00:00,2.08426,2.11999,2.08426,2.11999,17200
HDC,10/20/2011 00:00:00,2.09617,2.11999,2.09617,2.09617,16200
HDC,10/21/2011 00:00:00,2.09617,2.11999,2.09617,2.11999,5490
HDC,10/24/2011 00:00:00,2.08426,2.1319,2.08426,2.1319,1220
HDC,10/25/2011 00:00:00,2.10808,2.11999,2.10808,2.10808,11370
HDC,10/26/2011 00:00:00,2.1319,2.1319,2.1319,2.1319,910
HDC,10/27/2011 00:00:00,2.11999,2.1319,2.11999,2.1319,2560
HDC,10/28/2011 00:00:00,2.11999,2.14381,2.11999,2.14381,11100
HDC,11/1/2011 00:00:00,2.14381,2.14381,2.14381,2.14381,4200
HDC,11/2/2011 00:00:00,2.1319,2.14381,2.10808,2.14381,14390
HDC,11/3/2011 00:00:00,2.09617,2.14381,2.09617,2.14381,21820
HDC,11/4/2011 00:00:00,2.1319,2.14381,2.1319,2.14381,15070
HDC,11/7/2011 00:00:00,2.1319,2.1319,2.03662,2.03662,12810
HDC,11/8/2011 00:00:00,1.94134,2.08426,1.94134,2.08426,24410
HDC,11/9/2011 00:00:00,2.00089,2.02471,1.98898,2.00089,29330
HDC,11/10/2011 00:00:00,1.96516,1.98898,1.96516,1.97707,29000
HDC,11/11/2011 00:00:00,1.98898,1.98898,1.94134,1.94134,11000
HDC,11/14/2011 00:00:00,1.94134,1.94134,1.90561,1.90561,23300
HDC,11/15/2011 00:00:00,1.91752,1.95325,1.91752,1.91752,35590
HDC,11/16/2011 00:00:00,2.0128,2.0128,2.0128,2.0128,10
HDC,11/17/2011 00:00:00,2.00089,2.00089,1.95325,1.95325,13400
HDC,11/18/2011 00:00:00,1.86988,1.8937,1.86988,1.8937,32010
HDC,11/21/2011 00:00:00,1.85797,1.85797,1.85797,1.85797,33400
HDC,11/22/2011 00:00:00,1.90561,1.94134,1.90561,1.94134,3810
HDC,11/23/2011 00:00:00,1.96516,1.96516,1.96516,1.96516,10200
HDC,11/24/2011 00:00:00,1.91752,1.91752,1.91752,1.91752,70
HDC,11/25/2011 00:00:00,1.91752,1.91752,1.91752,1.91752,610
HDC,11/28/2011 00:00:00,1.91752,1.97707,1.91752,1.97707,49000
HDC,11/29/2011 00:00:00,1.97707,1.97707,1.97707,1.97707,20500
HDC,11/30/2011 00:00:00,1.97707,1.98898,1.97707,1.97707,19900
HDC,12/1/2011 00:00:00,1.98898,1.98898,1.98898,1.98898,11010
HDC,12/2/2011 00:00:00,1.97707,1.98898,1.97707,1.98898,19500
HDC,12/5/2011 00:00:00,1.98898,2.03662,1.98898,2.03662,10300
HDC,12/6/2011 00:00:00,2.03662,2.03662,2.00089,2.00089,33000
HDC,12/7/2011 00:00:00,1.96516,2.02471,1.96516,2.02471,21710
HDC,12/8/2011 00:00:00,1.97707,2.03662,1.97707,2.02471,10480
HDC,12/9/2011 00:00:00,2.0128,2.0128,1.98898,1.98898,6300
HDC,12/12/2011 00:00:00,1.98898,1.98898,1.94134,1.94134,220
HDC,12/13/2011 00:00:00,1.88179,1.92943,1.88179,1.92943,67840
HDC,12/14/2011 00:00:00,1.94134,1.94134,1.8937,1.90561,42030
HDC,12/15/2011 00:00:00,1.90561,1.90561,1.88179,1.88179,14600
HDC,12/16/2011 00:00:00,1.90561,1.90561,1.90561,1.90561,2610
HDC,12/19/2011 00:00:00,1.95325,1.95325,1.88179,1.88179,7000
HDC,12/20/2011 00:00:00,1.88179,1.88179,1.88179,1.88179,20
HDC,12/21/2011 00:00:00,1.90561,1.90561,1.90561,1.90561,3530
HDC,12/22/2011 00:00:00,1.88179,1.88179,1.86988,1.86988,4970
HDC,12/23/2011 00:00:00,1.83415,1.90561,1.83415,1.90561,460
HDC,12/26/2011 00:00:00,1.82224,1.90561,1.82224,1.85797,22910
HDC,12/27/2011 00:00:00,1.85797,1.85797,1.82224,1.82224,1370
HDC,12/28/2011 00:00:00,1.90561,1.90561,1.90561,1.90561,10
HDC,12/29/2011 00:00:00,1.88179,1.98898,1.88179,1.98898,9200
HDC,12/30/2011 00:00:00,2.07235,2.07235,2.07235,2.07235,4000
HDC,1/3/2012 00:00:00,2.02471,2.02471,2.02471,2.02471,1500
HDC,1/5/2012 00:00:00,1.95325,1.95325,1.95325,1.95325,6800
HDC,1/9/2012 00:00:00,1.86988,2.03662,1.86988,2.03662,860
HDC,1/10/2012 00:00:00,2.03662,2.03662,1.94134,1.94134,3150
HDC,1/11/2012 00:00:00,1.96516,1.96516,1.85797,1.85797,2250
HDC,1/13/2012 00:00:00,1.84606,1.94134,1.84606,1.94134,27130
HDC,1/16/2012 00:00:00,2.03662,2.03662,2.00089,2.00089,1450
HDC,1/17/2012 00:00:00,2.08426,2.08426,2.08426,2.08426,20
HDC,1/18/2012 00:00:00,2.02471,2.02471,2.02471,2.02471,100
HDC,1/19/2012 00:00:00,1.96516,1.96516,1.96516,1.96516,1000
HDC,1/20/2012 00:00:00,2.06044,2.06044,2.02471,2.06044,1690
HDC,1/30/2012 00:00:00,2.02471,2.14381,2.02471,2.14381,520
HDC,1/31/2012 00:00:00,2.16763,2.16763,2.14381,2.14381,100
HDC,2/1/2012 00:00:00,2.08426,2.08426,2.06044,2.06044,1800
HDC,2/2/2012 00:00:00,2.02471,2.09617,2.02471,2.09617,6710
HDC,2/3/2012 00:00:00,2.1319,2.1319,2.07235,2.1319,2030
HDC,2/6/2012 00:00:00,2.1319,2.1319,2.1319,2.1319,1000
HDC,2/7/2012 00:00:00,2.1319,2.1319,2.1319,2.1319,10000
HDC,2/8/2012 00:00:00,2.04853,2.04853,2.04853,2.04853,570
HDC,2/9/2012 00:00:00,2.03662,2.04853,2.03662,2.03662,1140
HDC,2/13/2012 00:00:00,1.94134,1.94134,1.94134,1.94134,520
HDC,2/14/2012 00:00:00,1.94134,1.94134,1.94134,1.94134,360
HDC,2/15/2012 00:00:00,1.97707,1.97707,1.94134,1.94134,1600
HDC,2/16/2012 00:00:00,1.95325,2.00089,1.95325,2.00089,2630
HDC,2/17/2012 00:00:00,2.00089,2.02471,2.00089,2.02471,1000
HDC,2/20/2012 00:00:00,2.10808,2.11999,2.10808,2.11999,3770
HDC,2/21/2012 00:00:00,2.06044,2.07235,2.06044,2.07235,4870
HDC,2/22/2012 00:00:00,2.16763,2.16763,2.14381,2.14381,910
HDC,2/23/2012 00:00:00,2.14381,2.16763,2.14381,2.16763,10710
HDC,2/24/2012 00:00:00,2.16763,2.19145,2.16763,2.16763,12920
HDC,2/27/2012 00:00:00,2.16763,2.16763,2.16763,2.16763,13690
HDC,2/28/2012 00:00:00,2.17954,2.17954,2.16763,2.16763,10180
HDC,2/29/2012 00:00:00,2.16763,2.19145,2.15572,2.17954,2330
HDC,3/1/2012 00:00:00,2.14381,2.19145,2.14381,2.19145,18950
HDC,3/2/2012 00:00:00,2.19145,2.21527,2.17954,2.19145,41310
HDC,3/5/2012 00:00:00,2.19145,2.29864,2.19145,2.29864,38030
HDC,3/6/2012 00:00:00,2.40583,2.40583,2.26291,2.38201,8230
HDC,3/7/2012 00:00:00,2.38201,2.38201,2.29864,2.29864,4880
HDC,3/8/2012 00:00:00,2.28673,2.28673,2.20336,2.20336,3350
HDC,3/9/2012 00:00:00,2.20336,2.23909,2.19145,2.22718,10980
HDC,3/12/2012 00:00:00,2.17954,2.20336,2.16763,2.17954,19590
HDC,3/13/2012 00:00:00,2.17954,2.20336,2.17954,2.19145,4560
HDC,3/14/2012 00:00:00,2.26702,2.26702,2.14107,2.14107,2710
HDC,3/15/2012 00:00:00,2.19145,2.19145,2.17886,2.19145,6410
HDC,3/16/2012 00:00:00,2.20405,2.22924,2.19145,2.22924,6190
HDC,3/19/2012 00:00:00,2.12848,2.24183,2.12848,2.24183,3910
HDC,3/20/2012 00:00:00,2.20405,2.20405,2.17886,2.19145,11000
HDC,3/21/2012 00:00:00,2.26702,2.26702,2.20405,2.20405,530
HDC,3/22/2012 00:00:00,2.24183,2.24183,2.24183,2.24183,10
HDC,3/23/2012 00:00:00,2.24183,2.25442,2.20405,2.24183,9690
HDC,3/26/2012 00:00:00,2.17886,2.25442,2.17886,2.24183,16360
HDC,3/27/2012 00:00:00,2.24183,2.25442,2.20405,2.22924,11020
HDC,3/28/2012 00:00:00,2.15367,2.22924,2.15367,2.22924,3990
HDC,3/29/2012 00:00:00,2.16626,2.22924,2.16626,2.22924,2010
HDC,3/30/2012 00:00:00,2.17886,2.22924,2.14107,2.22924,5010
HDC,4/3/2012 00:00:00,2.14107,2.16626,2.14107,2.16626,410
HDC,4/4/2012 00:00:00,2.24183,2.24183,2.24183,2.24183,10
HDC,4/5/2012 00:00:00,2.20405,2.20405,2.16626,2.20405,11790
HDC,4/6/2012 00:00:00,2.11588,2.19145,2.11588,2.19145,6550
HDC,4/9/2012 00:00:00,2.16626,2.26702,2.16626,2.20405,16470
HDC,4/10/2012 00:00:00,2.14107,2.22924,2.14107,2.22924,9000
HDC,4/11/2012 00:00:00,2.25442,2.26702,2.25442,2.26702,3250
HDC,4/12/2012 00:00:00,2.29221,2.38037,2.29221,2.38037,50260
HDC,4/13/2012 00:00:00,2.35518,2.35518,2.32999,2.32999,1580
HDC,4/16/2012 00:00:00,2.35518,2.38037,2.32999,2.32999,13000
HDC,4/17/2012 00:00:00,2.32999,2.41815,2.32999,2.40556,36810
HDC,4/18/2012 00:00:00,2.46853,2.46853,2.39296,2.39296,12810
HDC,4/19/2012 00:00:00,2.39296,2.39296,2.27961,2.27961,14380
HDC,4/20/2012 00:00:00,2.27961,2.29221,2.27961,2.27961,5260
HDC,4/23/2012 00:00:00,2.20405,2.3048,2.20405,2.3048,9530
HDC,4/24/2012 00:00:00,2.26702,2.3048,2.25442,2.3048,9280
HDC,4/25/2012 00:00:00,2.3048,2.32999,2.26702,2.32999,1000
HDC,4/26/2012 00:00:00,2.3174,2.32999,2.26702,2.26702,11340
HDC,4/27/2012 00:00:00,2.26702,2.29221,2.26702,2.27961,9080
HDC,5/2/2012 00:00:00,2.20405,2.34259,2.20405,2.32999,17160
HDC,5/3/2012 00:00:00,2.36778,2.36778,2.26702,2.26702,25000
HDC,5/4/2012 00:00:00,2.34259,2.38037,2.34259,2.38037,18230
HDC,5/7/2012 00:00:00,2.49372,2.49372,2.43075,2.49372,118010
HDC,5/8/2012 00:00:00,2.58188,2.60707,2.51891,2.59448,225010
HDC,5/9/2012 00:00:00,2.5315,2.70783,2.5315,2.70783,62410
HDC,5/10/2012 00:00:00,2.7708,2.82118,2.72042,2.80858,69280
HDC,5/11/2012 00:00:00,2.80858,2.83377,2.7708,2.83377,28890
HDC,5/14/2012 00:00:00,2.7708,2.7708,2.69523,2.69523,17710
HDC,5/15/2012 00:00:00,2.56929,2.63226,2.56929,2.56929,57490
HDC,5/16/2012 00:00:00,2.55669,2.56929,2.44334,2.51891,19070
HDC,5/17/2012 00:00:00,2.60707,2.60707,2.51891,2.51891,10160
HDC,5/18/2012 00:00:00,2.40556,2.51891,2.40556,2.48113,20140
HDC,5/21/2012 00:00:00,2.51891,2.51891,2.45594,2.50632,13780
HDC,5/22/2012 00:00:00,2.45594,2.49372,2.43075,2.48113,26690
HDC,5/23/2012 00:00:00,2.46853,2.51891,2.40556,2.43075,20930
HDC,5/24/2012 00:00:00,2.46853,2.46853,2.32999,2.32999,3210
HDC,5/25/2012 00:00:00,2.44334,2.44334,2.32999,2.44334,650
HDC,5/28/2012 00:00:00,2.55669,2.55669,2.45594,2.46853,7990
HDC,5/29/2012 00:00:00,2.48113,2.50632,2.48113,2.50632,400
HDC,5/30/2012 00:00:00,2.41815,2.50632,2.41815,2.50632,70
HDC,5/31/2012 00:00:00,2.45594,2.45594,2.44334,2.44334,120
HDC,6/1/2012 00:00:00,2.44334,2.50632,2.44334,2.44334,5890
HDC,6/4/2012 00:00:00,2.36778,2.36778,2.32999,2.32999,21360
HDC,6/5/2012 00:00:00,2.32999,2.40556,2.32999,2.39296,19210
HDC,6/6/2012 00:00:00,2.3174,2.44775,2.3174,2.43327,6370
HDC,6/7/2012 00:00:00,2.43327,2.54914,2.43327,2.54914,13850
HDC,6/8/2012 00:00:00,2.46223,2.50569,2.46223,2.46223,4370
HDC,6/11/2012 00:00:00,2.53465,2.53465,2.53465,2.53465,10
HDC,6/12/2012 00:00:00,2.50569,2.52017,2.41878,2.52017,1530
HDC,6/13/2012 00:00:00,2.46223,2.46223,2.4043,2.46223,1670
HDC,6/14/2012 00:00:00,2.46223,2.46223,2.46223,2.46223,10
HDC,6/15/2012 00:00:00,2.46223,2.4912,2.38982,2.4912,5940
HDC,6/18/2012 00:00:00,2.38982,2.4912,2.38982,2.4912,910
HDC,6/19/2012 00:00:00,2.46223,2.46223,2.38982,2.38982,3020
HDC,6/20/2012 00:00:00,2.4912,2.4912,2.38982,2.4912,520
HDC,6/21/2012 00:00:00,2.5781,2.5781,2.38982,2.46223,450
HDC,6/22/2012 00:00:00,2.53465,2.53465,2.53465,2.53465,60
HDC,6/25/2012 00:00:00,2.43327,2.46223,2.41878,2.41878,2810
HDC,6/26/2012 00:00:00,2.41878,2.41878,2.4043,2.4043,60
HDC,6/27/2012 00:00:00,2.52017,2.52017,2.3174,2.3174,1030
HDC,6/28/2012 00:00:00,2.3174,2.37533,2.3174,2.3174,1520
HDC,6/29/2012 00:00:00,2.24498,2.37533,2.24498,2.37533,1030
HDC,7/2/2012 00:00:00,2.38982,2.38982,2.34636,2.34636,9140
HDC,7/3/2012 00:00:00,2.27395,2.28843,2.25946,2.25946,7430
HDC,7/4/2012 00:00:00,2.34636,2.34636,2.30291,2.30291,2210
HDC,7/5/2012 00:00:00,2.25946,2.3174,2.24498,2.3174,3310
HDC,7/6/2012 00:00:00,2.38982,2.38982,2.24498,2.24498,20
HDC,7/9/2012 00:00:00,2.24498,2.24498,2.20153,2.20153,17400
HDC,7/10/2012 00:00:00,2.20153,2.28843,2.15808,2.28843,8060
HDC,7/11/2012 00:00:00,2.37533,2.37533,2.37533,2.37533,5000
HDC,7/12/2012 00:00:00,2.44775,2.44775,2.44775,2.44775,130
HDC,7/13/2012 00:00:00,2.41878,2.41878,2.38982,2.38982,310
HDC,7/16/2012 00:00:00,2.3174,2.46223,2.27395,2.46223,2070
HDC,7/17/2012 00:00:00,2.44775,2.44775,2.43327,2.43327,20
HDC,7/19/2012 00:00:00,2.34636,2.38982,2.3174,2.38982,13030
HDC,7/20/2012 00:00:00,2.4043,2.43327,2.3174,2.3174,4520
HDC,7/23/2012 00:00:00,2.24498,2.3174,2.24498,2.3174,810
HDC,7/24/2012 00:00:00,2.23049,2.3174,2.23049,2.3174,1480
HDC,7/25/2012 00:00:00,2.33188,2.33188,2.25946,2.25946,1140
HDC,7/26/2012 00:00:00,2.20153,2.3174,2.20153,2.3174,2300
HDC,7/27/2012 00:00:00,2.25946,2.3174,2.20153,2.3174,3120
HDC,7/30/2012 00:00:00,2.20153,2.3174,2.20153,2.3174,1110
HDC,7/31/2012 00:00:00,2.3174,2.33188,2.24498,2.24498,3540
HDC,8/1/2012 00:00:00,2.3174,2.3174,2.25946,2.28843,1410
HDC,8/2/2012 00:00:00,2.23049,2.3174,2.21601,2.3174,3890
HDC,8/3/2012 00:00:00,2.24498,2.3174,2.24498,2.3174,140
HDC,8/6/2012 00:00:00,2.3174,2.34636,2.3174,2.3174,9750
HDC,8/7/2012 00:00:00,2.25946,2.25946,2.25946,2.25946,1230
HDC,8/8/2012 00:00:00,2.24498,2.3174,2.24498,2.27395,5440
HDC,8/9/2012 00:00:00,2.36085,2.37533,2.30291,2.36085,17040
HDC,8/10/2012 00:00:00,2.37533,2.37533,2.28843,2.33188,15460
HDC,8/13/2012 00:00:00,2.3174,2.43327,2.27395,2.43327,11490
HDC,8/14/2012 00:00:00,2.4043,2.43327,2.38982,2.4043,12630
HDC,8/15/2012 00:00:00,2.43327,2.43327,2.34636,2.41878,11650
HDC,8/16/2012 00:00:00,2.53465,2.53465,2.53465,2.53465,18300
HDC,8/17/2012 00:00:00,2.43327,2.43327,2.43327,2.43327,880
HDC,8/20/2012 00:00:00,2.43327,2.43327,2.3174,2.33188,5850
HDC,8/21/2012 00:00:00,2.43327,2.43327,2.21601,2.43327,4720
HDC,8/22/2012 00:00:00,2.3174,2.4043,2.3174,2.4043,8060
HDC,8/23/2012 00:00:00,2.28843,2.28843,2.28843,2.28843,12490
HDC,8/24/2012 00:00:00,2.18704,2.27395,2.18704,2.27395,14990
HDC,8/27/2012 00:00:00,2.17256,2.25946,2.17256,2.25946,1840
HDC,8/28/2012 00:00:00,2.15808,2.24498,2.15808,2.15808,15790
HDC,8/29/2012 00:00:00,2.23049,2.25946,2.23049,2.25946,1260
HDC,8/30/2012 00:00:00,2.15808,2.28843,2.15808,2.28843,20
HDC,8/31/2012 00:00:00,2.27395,2.27395,2.27395,2.27395,100
HDC,9/4/2012 00:00:00,2.17256,2.28843,2.17256,2.20153,630
HDC,9/5/2012 00:00:00,2.25946,2.27395,2.17256,2.27395,1620
HDC,9/6/2012 00:00:00,2.27395,2.27395,2.18704,2.27395,1070
HDC,9/7/2012 00:00:00,2.37533,2.37533,2.20153,2.20153,10600
HDC,9/10/2012 00:00:00,2.20153,2.28843,2.20153,2.27395,2970
HDC,9/11/2012 00:00:00,2.27395,2.27395,2.27395,2.27395,100
HDC,9/12/2012 00:00:00,2.27395,2.27395,2.18704,2.24498,6780
HDC,9/13/2012 00:00:00,2.15808,2.24498,2.15808,2.24498,2120
HDC,9/14/2012 00:00:00,2.28843,2.28843,2.21601,2.25946,1690
HDC,9/17/2012 00:00:00,2.17256,2.25946,2.15808,2.15808,2220
HDC,9/18/2012 00:00:00,2.20153,2.20153,2.20153,2.20153,10
HDC,9/19/2012 00:00:00,2.10014,2.20153,2.10014,2.20153,10210
HDC,9/20/2012 00:00:00,2.28843,2.28843,2.20153,2.20153,910
HDC,9/21/2012 00:00:00,2.20153,2.20153,2.20153,2.20153,300
HDC,9/24/2012 00:00:00,2.20153,2.20153,2.20153,2.20153,270
HDC,9/25/2012 00:00:00,2.20153,2.20153,2.20153,2.20153,500
HDC,9/26/2012 00:00:00,2.10014,2.10014,2.10014,2.10014,650
HDC,9/27/2012 00:00:00,2.20153,2.20153,2.08566,2.15808,140
HDC,9/28/2012 00:00:00,2.21601,2.21601,2.21601,2.21601,10
HDC,10/1/2012 00:00:00,2.17256,2.17256,2.11462,2.11462,1110
HDC,10/2/2012 00:00:00,2.15808,2.15808,2.15808,2.15808,30
HDC,10/3/2012 00:00:00,2.17256,2.17256,2.17256,2.17256,10
HDC,10/4/2012 00:00:00,2.17256,2.17256,2.17256,2.17256,100
HDC,10/5/2012 00:00:00,2.15808,2.17256,2.15808,2.17256,9290
HDC,10/8/2012 00:00:00,2.17256,2.17256,2.15808,2.17256,20390
HDC,10/9/2012 00:00:00,2.21601,2.21601,2.11462,2.21601,30
HDC,10/10/2012 00:00:00,2.21601,2.21601,2.21601,2.21601,10
HDC,10/15/2012 00:00:00,2.3174,2.3174,2.3174,2.3174,10
HDC,10/16/2012 00:00:00,2.20153,2.28843,2.20153,2.28843,150
HDC,10/17/2012 00:00:00,2.24498,2.24498,2.24498,2.24498,20
HDC,10/18/2012 00:00:00,2.23049,2.23049,2.23049,2.23049,4860
HDC,10/23/2012 00:00:00,2.15808,2.17256,2.15808,2.17256,100
HDC,10/24/2012 00:00:00,2.07117,2.07117,2.07117,2.07117,19500
HDC,10/25/2012 00:00:00,1.96979,2.05669,1.96979,2.05669,6060
HDC,10/26/2012 00:00:00,1.98427,2.10014,1.98427,2.10014,1080
HDC,10/29/2012 00:00:00,2.07117,2.10014,2.07117,2.10014,40
HDC,10/30/2012 00:00:00,1.99876,2.02772,1.99876,2.02772,3650
HDC,10/31/2012 00:00:00,2.12911,2.12911,2.12911,2.12911,10
HDC,11/1/2012 00:00:00,2.10014,2.10014,2.02772,2.02772,3050
HDC,11/2/2012 00:00:00,1.92634,2.02772,1.92634,1.92634,3940
HDC,11/5/2012 00:00:00,1.83943,1.92634,1.83943,1.92634,350
HDC,11/6/2012 00:00:00,1.85392,1.92634,1.83943,1.88289,6070
HDC,11/7/2012 00:00:00,1.88289,1.9553,1.82495,1.88289,3350
HDC,11/8/2012 00:00:00,1.94082,1.94082,1.88289,1.88289,220
HDC,11/9/2012 00:00:00,1.94082,1.94082,1.79598,1.91185,1860
HDC,11/12/2012 00:00:00,1.98427,1.98427,1.92634,1.98427,2920
HDC,11/13/2012 00:00:00,1.98427,1.98427,1.89737,1.89737,1350
HDC,11/14/2012 00:00:00,1.9553,1.9553,1.89737,1.9553,1690
HDC,11/15/2012 00:00:00,2.04221,2.04221,1.99876,2.02772,220
HDC,11/16/2012 00:00:00,1.99876,1.99876,1.99876,1.99876,150
HDC,11/19/2012 00:00:00,2.07117,2.07117,1.99876,2.02772,2260
HDC,11/20/2012 00:00:00,1.92634,2.02772,1.92634,1.98427,2670
HDC,11/21/2012 00:00:00,2.02772,2.04221,2.01324,2.01324,230
HDC,11/22/2012 00:00:00,2.02772,2.02772,1.99876,1.99876,350
HDC,11/26/2012 00:00:00,2.08566,2.08566,1.91185,2.08566,60
HDC,11/28/2012 00:00:00,1.98427,2.02772,1.98427,2.02772,2020
HDC,11/29/2012 00:00:00,1.92634,2.02772,1.92634,2.02772,100
HDC,11/30/2012 00:00:00,2.02772,2.02772,1.92634,1.9553,1640
HDC,12/3/2012 00:00:00,1.9553,1.9553,1.9553,1.9553,260
HDC,12/4/2012 00:00:00,1.99876,1.99876,1.91185,1.9553,4840
HDC,12/5/2012 00:00:00,1.9553,1.96979,1.9553,1.96979,6020
HDC,12/6/2012 00:00:00,1.96979,1.96979,1.96979,1.96979,10
HDC,12/7/2012 00:00:00,1.9553,1.9553,1.9553,1.9553,100
HDC,12/10/2012 00:00:00,1.9553,1.96979,1.9553,1.9553,8890
HDC,12/11/2012 00:00:00,1.9553,1.99876,1.9553,1.96979,15630
HDC,12/12/2012 00:00:00,1.98427,1.98427,1.98427,1.98427,50
HDC,12/14/2012 00:00:00,1.91185,1.96979,1.91185,1.96979,350
HDC,12/17/2012 00:00:00,1.96979,1.96979,1.94082,1.96979,260
HDC,12/18/2012 00:00:00,1.99876,1.99876,1.88289,1.99876,30
HDC,12/19/2012 00:00:00,1.91185,2.01324,1.91185,2.01324,15610
HDC,12/20/2012 00:00:00,2.02772,2.02772,1.98427,1.99876,7640
HDC,12/21/2012 00:00:00,1.99876,1.99876,1.99876,1.99876,3000
HDC,12/24/2012 00:00:00,1.98427,1.98427,1.98427,1.98427,100
HDC,12/25/2012 00:00:00,1.9553,1.9553,1.9553,1.9553,30
HDC,12/26/2012 00:00:00,1.9553,1.99876,1.9553,1.98427,10450
HDC,12/27/2012 00:00:00,1.9553,1.98427,1.9553,1.98427,16280
HDC,12/28/2012 00:00:00,1.92634,2.07117,1.92634,2.07117,510
HDC,1/2/2013 00:00:00,2.07117,2.07117,2.07117,2.07117,1930
HDC,1/3/2013 00:00:00,1.98427,1.98427,1.96979,1.96979,21640
HDC,1/4/2013 00:00:00,1.96979,2.02772,1.9553,2.02772,560
HDC,1/7/2013 00:00:00,1.9553,1.98427,1.92634,1.98427,12870
HDC,1/8/2013 00:00:00,2.01324,2.02772,1.96979,2.01324,11770
HDC,1/9/2013 00:00:00,1.9553,2.02772,1.9553,2.02772,8640
HDC,1/10/2013 00:00:00,1.9553,1.96979,1.94082,1.9553,6450
HDC,1/11/2013 00:00:00,1.99876,1.99876,1.9553,1.96979,29510
HDC,1/14/2013 00:00:00,1.96979,2.05669,1.96979,2.05669,12550
HDC,1/15/2013 00:00:00,2.10014,2.18704,2.10014,2.18704,14880
HDC,1/16/2013 00:00:00,2.18704,2.33188,2.18704,2.33188,12500
HDC,1/17/2013 00:00:00,2.46223,2.46223,2.37533,2.37533,4600
HDC,1/18/2013 00:00:00,2.37533,2.37533,2.21601,2.21601,2310
HDC,1/21/2013 00:00:00,2.21601,2.3174,2.21601,2.24498,19880
HDC,1/22/2013 00:00:00,2.24498,2.25946,2.17256,2.25946,17610
HDC,1/23/2013 00:00:00,2.14359,2.4043,2.14359,2.4043,6340
HDC,1/24/2013 00:00:00,2.25946,2.43327,2.25946,2.43327,14380
HDC,1/25/2013 00:00:00,2.3174,2.43327,2.3174,2.43327,530
HDC,1/28/2013 00:00:00,2.3174,2.46223,2.3174,2.46223,10010
HDC,1/29/2013 00:00:00,2.47672,2.47672,2.47672,2.47672,20000
HDC,1/30/2013 00:00:00,2.43327,2.43327,2.43327,2.43327,4760
HDC,1/31/2013 00:00:00,2.43327,2.44775,2.43327,2.44775,20800
HDC,2/1/2013 00:00:00,2.3174,2.44775,2.3174,2.44775,10030
HDC,2/4/2013 00:00:00,2.53465,2.53465,2.53465,2.53465,10
HDC,2/5/2013 00:00:00,2.4043,2.50569,2.4043,2.50569,6010
HDC,2/6/2013 00:00:00,2.50569,2.50569,2.50569,2.50569,30
HDC,2/7/2013 00:00:00,2.46223,2.46223,2.43327,2.43327,13000
HDC,2/8/2013 00:00:00,2.46223,2.46223,2.46223,2.46223,5000
HDC,2/18/2013 00:00:00,2.43327,2.44775,2.43327,2.44775,10080
HDC,2/19/2013 00:00:00,2.43327,2.46223,2.43327,2.44775,21730
HDC,2/21/2013 00:00:00,2.43327,2.43327,2.3174,2.3174,13000
HDC,2/22/2013 00:00:00,2.46223,2.46223,2.46223,2.46223,210
HDC,2/28/2013 00:00:00,2.3174,2.44775,2.3174,2.44775,60
HDC,3/4/2013 00:00:00,2.28843,2.28843,2.28843,2.28843,10
HDC,3/5/2013 00:00:00,2.12911,2.38982,2.12911,2.38982,4080
HDC,3/6/2013 00:00:00,2.25946,2.43327,2.23049,2.43327,40
HDC,3/7/2013 00:00:00,2.30291,2.44775,2.30291,2.44775,20
HDC,3/8/2013 00:00:00,2.28843,2.28843,2.28843,2.28843,200
HDC,3/11/2013 00:00:00,2.18704,2.3174,2.17256,2.17256,7330
HDC,3/12/2013 00:00:00,2.10014,2.3174,2.10014,2.3174,1650
HDC,3/13/2013 00:00:00,2.18704,2.28843,2.18704,2.28843,40
HDC,3/14/2013 00:00:00,2.17256,2.21601,2.12911,2.17256,3380
HDC,3/15/2013 00:00:00,2.17256,2.17256,2.17256,2.17256,10
HDC,3/20/2013 00:00:00,2.24498,2.24498,2.24498,2.24498,40
HDC,3/22/2013 00:00:00,2.24498,2.24498,2.10014,2.10014,20
HDC,3/25/2013 00:00:00,2.24498,2.24498,2.17256,2.23049,2120
HDC,3/26/2013 00:00:00,2.21601,2.25946,2.21601,2.25946,1140
HDC,3/28/2013 00:00:00,2.21601,2.21601,2.21601,2.21601,10
HDC,3/29/2013 00:00:00,2.14359,2.14359,2.14359,2.14359,10
HDC,4/1/2013 00:00:00,2.20153,2.28843,2.17256,2.28843,9940
HDC,4/2/2013 00:00:00,2.14359,2.23049,2.14359,2.20153,12890
HDC,4/3/2013 00:00:00,2.20153,2.20153,2.17256,2.20153,7160
HDC,4/4/2013 00:00:00,2.18704,2.20153,2.17256,2.17256,19950
HDC,4/5/2013 00:00:00,2.17256,2.17256,2.15808,2.15808,5520
HDC,4/8/2013 00:00:00,2.15808,2.15808,2.15808,2.15808,11980
HDC,4/9/2013 00:00:00,2.02772,2.14359,2.02772,2.14359,22270
HDC,4/10/2013 00:00:00,2.14359,2.17256,2.10014,2.11462,13700
HDC,4/11/2013 00:00:00,2.05669,2.11462,2.05669,2.11462,5200
HDC,4/12/2013 00:00:00,2.11462,2.11462,2.11462,2.11462,4820
HDC,4/15/2013 00:00:00,2.08566,2.10014,2.05669,2.05669,5240
HDC,4/16/2013 00:00:00,2.02772,2.10014,2.02772,2.10014,3720
HDC,4/17/2013 00:00:00,2.10014,2.10014,2.10014,2.10014,2990
HDC,4/18/2013 00:00:00,2.10014,2.10014,2.10014,2.10014,8900
HDC,4/22/2013 00:00:00,2.05669,2.07117,2.02772,2.04221,12730
HDC,4/23/2013 00:00:00,2.04221,2.07117,2.04221,2.04221,10170
HDC,4/24/2013 00:00:00,2.07117,2.07117,2.04221,2.07117,6750
HDC,4/25/2013 00:00:00,2.10014,2.10014,2.10014,2.10014,3490
HDC,4/26/2013 00:00:00,2.10014,2.12911,2.10014,2.10014,5150
HDC,5/2/2013 00:00:00,2.10014,2.11462,2.10014,2.11462,7650
HDC,5/3/2013 00:00:00,2.11462,2.11462,2.08566,2.08566,10000
HDC,5/6/2013 00:00:00,2.10014,2.14359,2.10014,2.14359,5100
HDC,5/7/2013 00:00:00,2.11462,2.11462,2.11462,2.11462,3050
HDC,5/9/2013 00:00:00,2.11462,2.11462,2.11462,2.11462,2500
HDC,5/10/2013 00:00:00,2.11462,2.11462,2.10014,2.11462,16650
HDC,5/13/2013 00:00:00,2.10014,2.10014,2.10014,2.10014,6000
HDC,5/14/2013 00:00:00,2.02772,2.11462,2.02772,2.11462,12240
HDC,5/16/2013 00:00:00,2.11462,2.11462,2.10014,2.11462,6060
HDC,5/17/2013 00:00:00,2.11462,2.11462,2.11462,2.11462,100
HDC,5/20/2013 00:00:00,2.08566,2.12911,2.08566,2.12911,12700
HDC,5/21/2013 00:00:00,2.11462,2.11462,2.11462,2.11462,11500
HDC,5/22/2013 00:00:00,2.12911,2.12911,2.12911,2.12911,2400
HDC,5/23/2013 00:00:00,2.12911,2.12911,2.12911,2.12911,2500
HDC,5/24/2013 00:00:00,2.14359,2.14359,2.07117,2.08566,3640
HDC,5/27/2013 00:00:00,2.10014,2.12911,2.10014,2.12911,12320
HDC,5/28/2013 00:00:00,2.11462,2.12911,2.10014,2.12911,10910
HDC,5/29/2013 00:00:00,2.10014,2.12911,2.10014,2.12911,30220
HDC,5/30/2013 00:00:00,2.08566,2.12911,2.08566,2.12911,8240
HDC,5/31/2013 00:00:00,2.12911,2.12911,2.12911,2.12911,3000
HDC,6/3/2013 00:00:00,2.12911,2.12911,2.10014,2.12911,4930
HDC,6/4/2013 00:00:00,2.10014,2.11462,2.10014,2.10014,12310
HDC,6/5/2013 00:00:00,2.10014,2.11462,2.10014,2.11462,4000
HDC,6/6/2013 00:00:00,2.11462,2.11462,2.11462,2.11462,2550
HDC,6/7/2013 00:00:00,2.10014,2.11462,2.10014,2.11462,7010
HDC,6/10/2013 00:00:00,2.11462,2.15808,2.11462,2.15808,19900
HDC,6/11/2013 00:00:00,2.15808,2.15808,2.12911,2.12911,22270
HDC,6/12/2013 00:00:00,2.25946,2.25946,2.12911,2.12911,8960
HDC,6/13/2013 00:00:00,2.04221,2.27395,2.04221,2.15808,14120
HDC,6/14/2013 00:00:00,2.15808,2.15808,2.14359,2.14359,2040
HDC,6/17/2013 00:00:00,2.14359,2.14359,2.12911,2.14359,17110
HDC,6/18/2013 00:00:00,2.10014,2.12911,2.10014,2.12911,1670
HDC,6/19/2013 00:00:00,2.12911,2.12911,2.12911,2.12911,1100
HDC,6/20/2013 00:00:00,2.12911,2.12911,2.10014,2.11462,12090
HDC,6/21/2013 00:00:00,2.10014,2.11462,2.10014,2.11462,2740
HDC,6/24/2013 00:00:00,2.08566,2.08566,2.07117,2.07117,5620
HDC,6/25/2013 00:00:00,2.08566,2.10014,2.05669,2.10014,3010
HDC,6/26/2013 00:00:00,2.08566,2.08566,2.02772,2.08566,1060
HDC,6/27/2013 00:00:00,2.10014,2.10014,2.08566,2.10014,25100
HDC,6/28/2013 00:00:00,2.08566,2.11462,2.08566,2.11462,12050
HDC,7/1/2013 00:00:00,2.05669,2.05669,2.02772,2.02772,10000
HDC,7/2/2013 00:00:00,2.02772,2.11462,2.02772,2.11462,57700
HDC,7/4/2013 00:00:00,2.02772,2.05669,2.02772,2.05669,3230
HDC,7/5/2013 00:00:00,2.05669,2.07117,2.05669,2.05669,2990
HDC,7/8/2013 00:00:00,2.02772,2.05669,2.02772,2.05669,2100
HDC,7/9/2013 00:00:00,2.05669,2.05669,2.05669,2.05669,1000
HDC,7/11/2013 00:00:00,2.02772,2.05669,2.02772,2.05669,2000
HDC,7/12/2013 00:00:00,2.02772,2.07117,2.02772,2.05669,4960
HDC,7/15/2013 00:00:00,2.02772,2.07117,2.02772,2.07117,9500
HDC,7/16/2013 00:00:00,2.02772,2.08566,2.02772,2.08566,5710
HDC,7/17/2013 00:00:00,2.07117,2.08566,2.04221,2.08566,3210
HDC,7/18/2013 00:00:00,2.07117,2.10014,2.07117,2.10014,17160
HDC,7/19/2013 00:00:00,2.10014,2.12911,2.08566,2.10014,16140
HDC,7/22/2013 00:00:00,2.12911,2.14359,2.10014,2.14359,8220
HDC,7/23/2013 00:00:00,2.12911,2.14359,2.10014,2.14359,13830
HDC,7/24/2013 00:00:00,2.02772,2.12911,2.02772,2.12911,1530
HDC,7/25/2013 00:00:00,2.07117,2.08566,2.07117,2.08566,2960
HDC,7/26/2013 00:00:00,2.04221,2.07117,2.02772,2.05669,11040
HDC,7/29/2013 00:00:00,2.08566,2.08566,2.08566,2.08566,2000
HDC,7/30/2013 00:00:00,2.05669,2.07117,2.05669,2.07117,2500
HDC,7/31/2013 00:00:00,2.02772,2.05669,2.02772,2.05669,6010
HDC,8/1/2013 00:00:00,2.04221,2.04221,2.04221,2.04221,2000
HDC,8/2/2013 00:00:00,2.04221,2.14359,2.04221,2.14359,2770
HDC,8/5/2013 00:00:00,2.08566,2.08566,2.02772,2.05669,23520
HDC,8/6/2013 00:00:00,1.96979,2.08566,1.96979,2.05669,15960
HDC,8/8/2013 00:00:00,2.02772,2.02772,2.02772,2.02772,2100
HDC,8/9/2013 00:00:00,2.02772,2.08566,1.99876,2.02772,2940
HDC,8/12/2013 00:00:00,2.01324,2.12911,2.01324,2.12911,3520
HDC,8/14/2013 00:00:00,2.07117,2.07117,2.07117,2.07117,1000
HDC,8/15/2013 00:00:00,2.08566,2.10014,2.08566,2.10014,1010
HDC,8/16/2013 00:00:00,1.9553,2.04221,1.9553,2.04221,1020
HDC,8/19/2013 00:00:00,2.04221,2.12911,2.04221,2.12911,3400
HDC,8/21/2013 00:00:00,1.98427,1.98427,1.98427,1.98427,7790
HDC,8/22/2013 00:00:00,1.89737,1.98427,1.89737,1.98427,2510
HDC,8/26/2013 00:00:00,1.98427,1.98427,1.91185,1.98427,70500
HDC,8/27/2013 00:00:00,1.8684,2.02772,1.8684,1.89737,67030
HDC,8/28/2013 00:00:00,1.9553,1.9553,1.9553,1.9553,10
HDC,8/29/2013 00:00:00,1.88289,1.94082,1.88289,1.94082,2620
HDC,8/30/2013 00:00:00,2.02772,2.02772,2.02772,2.02772,10
HDC,9/3/2013 00:00:00,1.92634,1.99876,1.89737,1.89737,37630
HDC,9/4/2013 00:00:00,1.8684,2.02772,1.85392,1.85392,16620
HDC,9/5/2013 00:00:00,1.94082,1.94082,1.91185,1.91185,1010
HDC,9/6/2013 00:00:00,1.91185,1.99876,1.91185,1.99876,20
HDC,9/9/2013 00:00:00,1.89737,1.89737,1.8684,1.89737,8050
HDC,9/10/2013 00:00:00,1.7815,1.89737,1.76702,1.89737,7590
HDC,9/11/2013 00:00:00,1.88289,1.88289,1.88289,1.88289,100
HDC,9/12/2013 00:00:00,1.8684,1.8684,1.82495,1.8684,1200
HDC,9/13/2013 00:00:00,1.88289,1.88289,1.79598,1.8684,3020
HDC,9/16/2013 00:00:00,1.81047,1.8684,1.81047,1.8684,3510
HDC,9/17/2013 00:00:00,1.85392,1.85392,1.85392,1.85392,5000
HDC,9/19/2013 00:00:00,1.7815,1.82495,1.7815,1.81047,14140
HDC,9/20/2013 00:00:00,1.79598,1.79598,1.79598,1.79598,4000
HDC,9/23/2013 00:00:00,1.79598,1.79598,1.72356,1.76702,7230
HDC,9/24/2013 00:00:00,1.85392,1.85392,1.85392,1.85392,10
HDC,9/25/2013 00:00:00,1.76702,1.7815,1.76702,1.7815,13730
HDC,9/26/2013 00:00:00,1.82495,1.82495,1.72356,1.72356,11010
HDC,9/27/2013 00:00:00,1.70908,1.72356,1.70908,1.72356,3000
HDC,9/30/2013 00:00:00,1.72356,1.82495,1.72356,1.82495,2010
HDC,10/1/2013 00:00:00,1.82495,1.83943,1.76702,1.83943,7020
HDC,10/2/2013 00:00:00,1.73805,1.81047,1.73805,1.81047,9900
HDC,10/4/2013 00:00:00,1.85392,1.85392,1.85392,1.85392,10
HDC,10/7/2013 00:00:00,1.79598,1.81047,1.76702,1.81047,4630
HDC,10/8/2013 00:00:00,1.73805,1.79598,1.73805,1.79598,18310
HDC,10/9/2013 00:00:00,1.75253,1.7815,1.75253,1.7815,610
HDC,10/10/2013 00:00:00,1.6946,1.79598,1.6946,1.79598,20
HDC,10/11/2013 00:00:00,1.72356,1.76702,1.72356,1.76702,7600
HDC,10/14/2013 00:00:00,1.76702,1.79598,1.75253,1.79598,4010
HDC,10/15/2013 00:00:00,1.76702,1.7815,1.76702,1.7815,10600
HDC,10/16/2013 00:00:00,1.76702,1.7815,1.75253,1.7815,14000
HDC,10/17/2013 00:00:00,1.76702,1.76702,1.76702,1.76702,9910
HDC,10/18/2013 00:00:00,1.7815,1.85392,1.7815,1.82495,10850
HDC,10/21/2013 00:00:00,1.81047,1.94082,1.81047,1.88289,10030
HDC,10/22/2013 00:00:00,1.91185,1.91185,1.91185,1.91185,24000
HDC,10/23/2013 00:00:00,1.91185,1.96979,1.91185,1.96979,30700
HDC,10/24/2013 00:00:00,1.94082,2.02772,1.94082,2.02772,33970
HDC,10/25/2013 00:00:00,1.96979,2.02772,1.96979,2.02772,12920
HDC,10/28/2013 00:00:00,1.96979,1.96979,1.96979,1.96979,2010
HDC,10/29/2013 00:00:00,1.89737,2.07117,1.89737,2.05669,28490
HDC,11/1/2013 00:00:00,1.96979,2.04221,1.96979,1.99876,1060
HDC,11/4/2013 00:00:00,1.99876,2.01324,1.99876,2.01324,600
HDC,11/5/2013 00:00:00,2.04221,2.04221,2.01324,2.01324,4450
HDC,11/6/2013 00:00:00,2.02772,2.02772,2.01324,2.01324,1500
HDC,11/8/2013 00:00:00,1.98427,2.02772,1.98427,2.02772,260
HDC,11/11/2013 00:00:00,2.04221,2.07117,2.04221,2.07117,8950
HDC,11/12/2013 00:00:00,2.04221,2.05669,2.04221,2.04221,20010
HDC,11/13/2013 00:00:00,2.07117,2.08566,2.07117,2.07117,3200
HDC,11/14/2013 00:00:00,2.02772,2.08566,2.02772,2.08566,630
HDC,11/15/2013 00:00:00,2.05669,2.07117,2.05669,2.07117,17640
HDC,11/18/2013 00:00:00,2.08566,2.08566,2.05669,2.05669,28140
HDC,11/19/2013 00:00:00,2.05669,2.05669,2.05669,2.05669,3640
HDC,11/20/2013 00:00:00,2.05669,2.05669,2.05669,2.05669,44910
HDC,11/21/2013 00:00:00,1.92634,2.05669,1.92634,2.05669,5900
HDC,11/22/2013 00:00:00,2.05669,2.07117,2.04221,2.07117,27810
HDC,11/25/2013 00:00:00,2.10014,2.10014,2.04221,2.04221,13730
HDC,11/26/2013 00:00:00,2.04221,2.07117,1.91185,2.07117,1660
HDC,11/27/2013 00:00:00,2.10014,2.10014,2.07117,2.10014,10020
HDC,11/29/2013 00:00:00,2.15808,2.15808,2.15808,2.15808,10
HDC,12/2/2013 00:00:00,2.05669,2.11462,2.05669,2.11462,25010
HDC,12/3/2013 00:00:00,2.05669,2.07117,2.05669,2.07117,29850
HDC,12/4/2013 00:00:00,2.07117,2.14359,2.07117,2.14359,1010
HDC,12/6/2013 00:00:00,2.05669,2.07117,2.05669,2.07117,19000
HDC,12/9/2013 00:00:00,2.02772,2.02772,2.02772,2.02772,10
HDC,12/10/2013 00:00:00,2.05669,2.05669,2.05669,2.05669,1380
HDC,12/11/2013 00:00:00,2.10014,2.18704,2.10014,2.10014,4330
HDC,12/12/2013 00:00:00,2.12911,2.20153,2.10014,2.20153,1820
HDC,12/13/2013 00:00:00,2.23049,2.23049,2.20153,2.20153,670
HDC,12/16/2013 00:00:00,2.17256,2.17256,2.10014,2.10014,2710
HDC,12/17/2013 00:00:00,2.21601,2.24498,2.17256,2.20153,4340
HDC,12/18/2013 00:00:00,2.25946,2.28843,2.23049,2.28843,18990
HDC,12/19/2013 00:00:00,2.34636,2.38982,2.3174,2.34636,11800
HDC,12/20/2013 00:00:00,2.44775,2.50569,2.44775,2.4912,5000
HDC,12/23/2013 00:00:00,2.62156,2.62156,2.38982,2.38982,2690
HDC,12/24/2013 00:00:00,2.52017,2.52017,2.24498,2.50569,6510
HDC,12/25/2013 00:00:00,2.50569,2.50569,2.47672,2.4912,4800
HDC,12/26/2013 00:00:00,2.50569,2.50569,2.3174,2.50569,4510
HDC,12/27/2013 00:00:00,2.53465,2.59259,2.46223,2.59259,6370
HDC,12/30/2013 00:00:00,2.41878,2.69397,2.41878,2.66501,4520
HDC,12/31/2013 00:00:00,2.66501,2.75191,2.66501,2.72294,3830
HDC,1/2/2014 00:00:00,2.60707,2.72294,2.53465,2.53465,2370
HDC,1/3/2014 00:00:00,2.56362,2.67949,2.36085,2.67949,520
HDC,1/6/2014 00:00:00,2.53465,2.5781,2.53465,2.5781,4810
HDC,1/7/2014 00:00:00,2.53465,2.65052,2.53465,2.65052,2060
HDC,1/8/2014 00:00:00,2.52017,2.60707,2.47672,2.60707,6400
HDC,1/9/2014 00:00:00,2.44775,2.44775,2.44775,2.44775,590
HDC,1/10/2014 00:00:00,2.46223,2.56362,2.46223,2.56362,20
HDC,1/13/2014 00:00:00,2.54914,2.54914,2.54914,2.54914,270
HDC,1/15/2014 00:00:00,2.53465,2.53465,2.53465,2.53465,3600
HDC,1/16/2014 00:00:00,2.56362,2.67949,2.53465,2.53465,3860
HDC,1/17/2014 00:00:00,2.41878,2.53465,2.41878,2.53465,3500
HDC,1/20/2014 00:00:00,2.60707,2.60707,2.38982,2.53465,4720
HDC,1/21/2014 00:00:00,2.4043,2.52017,2.38982,2.52017,6050
HDC,1/22/2014 00:00:00,2.46223,2.50569,2.46223,2.46223,4600
HDC,1/23/2014 00:00:00,2.4912,2.4912,2.4912,2.4912,490
HDC,1/24/2014 00:00:00,2.59259,2.66501,2.59259,2.66501,10050
HDC,1/27/2014 00:00:00,2.5781,2.5781,2.5781,2.5781,100
HDC,2/6/2014 00:00:00,2.5781,2.5781,2.5781,2.5781,10
HDC,2/7/2014 00:00:00,2.74691,2.74691,2.71622,2.71622,39440
HDC,2/10/2014 00:00:00,2.54741,2.71622,2.54741,2.67018,1710
HDC,2/11/2014 00:00:00,2.62414,2.62414,2.6088,2.62414,1500
HDC,2/12/2014 00:00:00,2.68553,2.76225,2.63949,2.76225,6920
HDC,2/13/2014 00:00:00,2.76225,2.83898,2.76225,2.76225,3860
HDC,2/14/2014 00:00:00,2.76225,2.9464,2.76225,2.9464,8260
HDC,2/17/2014 00:00:00,2.9771,2.99244,2.91571,2.91571,4100
HDC,2/18/2014 00:00:00,2.91571,2.91571,2.91571,2.91571,2200
HDC,2/19/2014 00:00:00,2.91571,2.99244,2.91571,2.9771,8300
HDC,2/20/2014 00:00:00,2.86968,3.02313,2.86968,2.91571,1770
HDC,2/21/2014 00:00:00,2.91571,2.9464,2.86968,2.9464,2600
HDC,2/24/2014 00:00:00,2.86968,2.9771,2.83898,2.9771,2150
HDC,2/25/2014 00:00:00,2.99244,2.99244,2.99244,2.99244,200
HDC,2/26/2014 00:00:00,2.99244,2.99244,2.91571,2.99244,6290
HDC,2/27/2014 00:00:00,2.99244,2.99244,2.9771,2.99244,3250
HDC,2/28/2014 00:00:00,2.99244,3.19194,2.99244,2.99244,9940
HDC,3/3/2014 00:00:00,3.02313,3.03848,2.9771,2.9771,3630
HDC,3/4/2014 00:00:00,2.99244,3.02313,2.91571,2.91571,2920
HDC,3/5/2014 00:00:00,3.11521,3.11521,2.91571,2.91571,2170
HDC,3/6/2014 00:00:00,2.91571,2.99244,2.86968,2.86968,3710
HDC,3/7/2014 00:00:00,2.9464,3.02313,2.90037,3.02313,4050
HDC,3/10/2014 00:00:00,3.00779,3.22263,3.00779,3.05383,65630
HDC,3/11/2014 00:00:00,3.03848,3.06917,3.03848,3.06917,10020
HDC,3/12/2014 00:00:00,3.00779,3.06917,3.00779,3.03848,10630
HDC,3/13/2014 00:00:00,3.03848,3.06917,2.83898,3.06917,10920
HDC,3/14/2014 00:00:00,3.06917,3.06917,3.00779,3.02313,4930
HDC,3/17/2014 00:00:00,3.00779,3.20728,2.99244,3.06917,16870
HDC,3/18/2014 00:00:00,3.05383,3.06917,3.00779,3.06917,14810
HDC,3/19/2014 00:00:00,3.06917,3.1459,2.99244,3.06917,19430
HDC,3/20/2014 00:00:00,3.11521,3.1459,3.08452,3.13056,8070
HDC,3/21/2014 00:00:00,3.1459,3.29936,3.13056,3.13056,33400
HDC,3/24/2014 00:00:00,3.33005,3.33005,3.31471,3.31471,1300
HDC,3/25/2014 00:00:00,3.52955,3.52955,3.22263,3.5142,9940
HDC,3/26/2014 00:00:00,3.52955,3.75974,3.5142,3.5142,38160
HDC,3/27/2014 00:00:00,3.75974,3.75974,3.52955,3.52955,41510
HDC,3/28/2014 00:00:00,3.68301,3.77508,3.56024,3.75974,20080
HDC,3/31/2014 00:00:00,3.98992,4.02062,3.75974,3.98992,87820
HDC,4/1/2014 00:00:00,4.082,4.082,3.91319,3.98992,30900
HDC,4/2/2014 00:00:00,3.97458,3.98992,3.75974,3.98992,7730
HDC,4/3/2014 00:00:00,3.98992,3.98992,3.83646,3.97458,4010
HDC,4/4/2014 00:00:00,3.79043,3.95923,3.79043,3.95923,8070
HDC,4/7/2014 00:00:00,3.98992,4.12804,3.97458,4.12804,7090
HDC,4/8/2014 00:00:00,3.92854,4.14338,3.92854,4.14338,13100
HDC,4/10/2014 00:00:00,4.14338,4.14338,4.06665,4.06665,21030
HDC,4/11/2014 00:00:00,4.02062,4.09734,4.00527,4.09734,8260
HDC,4/14/2014 00:00:00,4.09734,4.12804,4.06665,4.12804,6990
HDC,4/15/2014 00:00:00,4.00527,4.09734,3.98992,4.09734,16930
HDC,4/16/2014 00:00:00,4.082,4.082,3.86716,4.06665,6300
HDC,4/17/2014 00:00:00,4.06665,4.06665,4.06665,4.06665,2180
HDC,4/18/2014 00:00:00,4.06665,4.06665,3.8825,3.97458,7580
HDC,4/21/2014 00:00:00,3.7137,3.97458,3.7137,3.95923,4550
HDC,4/22/2014 00:00:00,3.75974,3.97458,3.75974,3.95923,9180
HDC,4/23/2014 00:00:00,3.92854,3.94389,3.8825,3.94389,8030
HDC,4/24/2014 00:00:00,3.83646,3.94389,3.83646,3.92854,2410
HDC,4/25/2014 00:00:00,3.91319,4.12804,3.91319,4.12804,7700
HDC,4/28/2014 00:00:00,4.2508,4.2508,3.98992,3.98992,1510
HDC,4/29/2014 00:00:00,3.95923,3.97458,3.95923,3.97458,1080
HDC,5/5/2014 00:00:00,3.92854,3.92854,3.80577,3.80577,15100
HDC,5/6/2014 00:00:00,3.74439,3.74439,3.57559,3.68301,12160
HDC,5/7/2014 00:00:00,3.72904,3.72904,3.7137,3.7137,1010
HDC,5/8/2014 00:00:00,3.68301,3.68301,3.49886,3.49886,7000
HDC,5/9/2014 00:00:00,3.29936,3.7137,3.29936,3.39143,210
HDC,5/12/2014 00:00:00,3.60628,3.60628,3.60628,3.60628,600
HDC,5/13/2014 00:00:00,3.75974,3.75974,3.52955,3.52955,5300
HDC,5/14/2014 00:00:00,3.60628,3.68301,3.29936,3.49886,2820
HDC,5/15/2014 00:00:00,3.52955,3.52955,3.49886,3.49886,2030
HDC,5/16/2014 00:00:00,3.49886,3.49886,3.45282,3.45282,1670
HDC,5/19/2014 00:00:00,3.49886,3.49886,3.37609,3.37609,1900
HDC,5/20/2014 00:00:00,3.49886,3.49886,3.40678,3.40678,1650
HDC,5/21/2014 00:00:00,3.45282,3.45282,3.40678,3.45282,1710
HDC,5/22/2014 00:00:00,3.40678,3.43747,3.40678,3.43747,1010
HDC,5/23/2014 00:00:00,3.37609,3.43747,3.37609,3.43747,1820
HDC,5/27/2014 00:00:00,3.43747,3.45282,3.43747,3.45282,2600
HDC,5/29/2014 00:00:00,3.25332,3.29936,3.25332,3.29936,6150
HDC,5/30/2014 00:00:00,3.25332,3.25332,3.22263,3.23798,6710
HDC,6/2/2014 00:00:00,3.03848,3.06917,3.03848,3.06917,1000
HDC,6/3/2014 00:00:00,3.06917,3.06917,3.05383,3.05383,230
HDC,6/4/2014 00:00:00,3.05383,3.05383,2.91571,3.03848,830
HDC,6/6/2014 00:00:00,3.22263,3.22263,3.22263,3.22263,1010
HDC,6/9/2014 00:00:00,3.40678,3.40678,3.40678,3.40678,10
HDC,6/10/2014 00:00:00,3.56024,3.56024,3.56024,3.56024,20
HDC,6/11/2014 00:00:00,3.56024,3.56024,3.56024,3.56024,50
HDC,6/13/2014 00:00:00,3.33005,3.54489,3.33005,3.54489,210
HDC,6/19/2014 00:00:00,3.37609,3.37609,3.37609,3.37609,10
HDC,6/20/2014 00:00:00,3.37609,3.60628,3.37609,3.60628,30
HDC,6/24/2014 00:00:00,3.49886,3.49886,3.49886,3.49886,10
HDC,6/25/2014 00:00:00,3.49886,3.49886,3.49886,3.49886,10
HDC,6/26/2014 00:00:00,3.26867,3.48351,3.26867,3.48351,410
HDC,6/27/2014 00:00:00,3.45282,3.45282,3.45282,3.45282,10
HDC,6/30/2014 00:00:00,3.43747,3.43747,3.23798,3.43747,620
HDC,7/1/2014 00:00:00,3.25332,3.66766,3.25332,3.66766,860
HDC,7/2/2014 00:00:00,3.5142,3.63697,3.5142,3.63697,20
HDC,7/3/2014 00:00:00,3.40678,3.59093,3.40678,3.59093,640
HDC,7/4/2014 00:00:00,3.72904,3.75974,3.72904,3.75974,400
HDC,7/8/2014 00:00:00,3.52955,3.60628,3.49886,3.60628,440
HDC,7/9/2014 00:00:00,3.45282,3.45282,3.36074,3.36074,4610
HDC,7/10/2014 00:00:00,3.37609,3.37609,3.22263,3.36074,5080
HDC,7/11/2014 00:00:00,3.54489,3.54489,3.54489,3.54489,10
HDC,7/14/2014 00:00:00,3.29936,3.37609,3.29936,3.37609,60
HDC,7/15/2014 00:00:00,3.22263,3.36074,3.22263,3.36074,6500
HDC,7/16/2014 00:00:00,3.20728,3.3454,3.13056,3.3454,2480
HDC,7/17/2014 00:00:00,3.22263,3.3454,3.22263,3.3454,5770
HDC,7/18/2014 00:00:00,3.22263,3.22263,3.1459,3.1459,6880
HDC,7/21/2014 00:00:00,3.17659,3.17659,3.1459,3.1459,1840
HDC,7/22/2014 00:00:00,3.06917,3.06917,3.06917,3.06917,710
HDC,7/24/2014 00:00:00,3.03848,3.03848,3.03848,3.03848,1930
HDC,7/25/2014 00:00:00,3.06917,3.06917,3.05383,3.05383,800
HDC,7/28/2014 00:00:00,3.06917,3.06917,3.06917,3.06917,30
HDC,7/29/2014 00:00:00,2.86968,3.20728,2.86968,3.20728,4360
HDC,7/30/2014 00:00:00,3.06917,3.06917,3.06917,3.06917,600
HDC,7/31/2014 00:00:00,3.13056,3.13056,3.13056,3.13056,10
HDC,8/1/2014 00:00:00,2.93106,2.93106,2.91571,2.91571,1240
HDC,8/4/2014 00:00:00,2.85433,3.06917,2.85433,3.06917,700
HDC,8/5/2014 00:00:00,2.88502,3.06917,2.88502,3.06917,5310
HDC,8/6/2014 00:00:00,3.06917,3.06917,3.06917,3.06917,4100
HDC,8/7/2014 00:00:00,3.08452,3.08452,3.06917,3.06917,610
HDC,8/8/2014 00:00:00,3.17659,3.17659,3.17659,3.17659,10
HDC,8/11/2014 00:00:00,3.06917,3.06917,3.06917,3.06917,1000
HDC,8/13/2014 00:00:00,3.22263,3.22263,3.22263,3.22263,20
HDC,8/14/2014 00:00:00,3.20728,3.20728,3.20728,3.20728,100
HDC,8/18/2014 00:00:00,2.99244,3.05383,2.99244,3.05383,750
HDC,8/19/2014 00:00:00,3.00779,3.00779,2.99244,2.99244,670
HDC,8/20/2014 00:00:00,2.86968,3.1459,2.86968,3.1459,790
HDC,8/21/2014 00:00:00,3.1459,3.1459,3.1459,3.1459,50
HDC,8/25/2014 00:00:00,3.1459,3.1459,3.06917,3.06917,6060
HDC,8/26/2014 00:00:00,3.06917,3.28401,3.06917,3.20728,3580
HDC,8/27/2014 00:00:00,3.06917,3.20728,3.06917,3.20728,20
HDC,8/28/2014 00:00:00,3.06917,3.06917,3.06917,3.06917,1190
HDC,8/29/2014 00:00:00,3.08452,3.08452,3.06917,3.06917,3350
HDC,9/3/2014 00:00:00,3.06917,3.1459,2.99244,3.1459,1900
HDC,9/4/2014 00:00:00,3.16125,3.36074,3.16125,3.36074,400
HDC,9/5/2014 00:00:00,3.36074,3.36074,3.19194,3.29936,7040
HDC,9/8/2014 00:00:00,3.29936,3.52955,3.25332,3.49886,1470
HDC,9/9/2014 00:00:00,3.5142,3.5142,3.39143,3.39143,9430
HDC,9/10/2014 00:00:00,3.37609,3.45282,3.20728,3.45282,1490
HDC,9/12/2014 00:00:00,3.45282,3.45282,3.22263,3.29936,5090
HDC,9/15/2014 00:00:00,3.22263,3.43747,3.22263,3.43747,65870
HDC,9/16/2014 00:00:00,3.22263,3.22263,3.22263,3.22263,1630
HDC,9/17/2014 00:00:00,3.22263,3.29936,3.22263,3.22263,57570
HDC,9/18/2014 00:00:00,3.22263,3.22263,3.22263,3.22263,68230
HDC,9/19/2014 00:00:00,3.22263,3.22263,3.22263,3.22263,80700
HDC,9/22/2014 00:00:00,3.22263,3.22263,3.03848,3.22263,105000
HDC,9/23/2014 00:00:00,3.22263,3.26867,3.22263,3.26867,56150
HDC,9/24/2014 00:00:00,3.22263,3.22263,3.22263,3.22263,57000
HDC,9/25/2014 00:00:00,3.22263,3.22263,3.22263,3.22263,59060
HDC,9/26/2014 00:00:00,3.22263,3.43747,3.22263,3.43747,107900
HDC,9/29/2014 00:00:00,3.66766,3.66766,3.46816,3.57559,74980
HDC,9/30/2014 00:00:00,3.39143,3.52955,3.39143,3.45282,23870
HDC,10/1/2014 00:00:00,3.45282,3.45282,3.33005,3.3454,22020
HDC,10/2/2014 00:00:00,3.26867,3.40678,3.25332,3.33005,86510
HDC,10/3/2014 00:00:00,3.37609,3.5142,3.25332,3.29936,20730
HDC,10/6/2014 00:00:00,3.29936,3.45282,3.25332,3.45282,12910
HDC,10/7/2014 00:00:00,3.45282,3.49886,3.31471,3.49886,9800
HDC,10/8/2014 00:00:00,3.36074,3.46816,3.3454,3.3454,3160
HDC,10/9/2014 00:00:00,3.29936,3.39143,3.28401,3.39143,5630
HDC,10/10/2014 00:00:00,3.33005,3.40678,3.33005,3.40678,13510
HDC,10/13/2014 00:00:00,3.31471,3.31471,3.29936,3.29936,4930
HDC,10/14/2014 00:00:00,3.29936,3.37609,3.29936,3.37609,5390
HDC,10/15/2014 00:00:00,3.22263,3.29936,3.22263,3.29936,6720
HDC,10/16/2014 00:00:00,3.26867,3.37609,3.26867,3.37609,6570
HDC,10/17/2014 00:00:00,3.37609,3.37609,3.28401,3.28401,2810
HDC,10/20/2014 00:00:00,3.28401,3.33005,3.28401,3.29936,7690
HDC,10/21/2014 00:00:00,3.29936,3.33005,3.26867,3.31471,5430
HDC,10/22/2014 00:00:00,3.23798,3.36074,3.23798,3.36074,2080
HDC,10/23/2014 00:00:00,3.28401,3.36074,3.28401,3.36074,1010
HDC,10/24/2014 00:00:00,3.17659,3.36074,3.17659,3.36074,2150
HDC,10/27/2014 00:00:00,3.17659,3.3454,3.17659,3.23798,4400
HDC,10/28/2014 00:00:00,3.23798,3.25332,3.1459,3.25332,4190
HDC,10/29/2014 00:00:00,3.1459,3.36074,3.1459,3.36074,15350
HDC,10/30/2014 00:00:00,3.17659,3.36074,3.17659,3.22263,570
HDC,10/31/2014 00:00:00,3.37609,3.37609,3.22263,3.22263,2560
HDC,11/3/2014 00:00:00,3.08452,3.42213,3.08452,3.09986,1030
HDC,11/4/2014 00:00:00,3.02313,3.29936,3.02313,3.11521,270
HDC,11/5/2014 00:00:00,3.11521,3.33005,3.11521,3.33005,1150
HDC,11/6/2014 00:00:00,3.33005,3.3454,3.33005,3.3454,9310
HDC,11/7/2014 00:00:00,3.37609,3.45282,3.37609,3.43747,4920
HDC,11/10/2014 00:00:00,3.43747,3.52955,3.43747,3.52955,14730
HDC,11/11/2014 00:00:00,3.52955,3.68301,3.52955,3.68301,23400
HDC,11/12/2014 00:00:00,3.68301,3.75974,3.68301,3.72904,17010
HDC,11/13/2014 00:00:00,3.7137,3.75974,3.60628,3.75974,14290
HDC,11/14/2014 00:00:00,3.75974,3.75974,3.62162,3.68301,230
HDC,11/17/2014 00:00:00,3.60628,3.69835,3.60628,3.66766,26860
HDC,11/18/2014 00:00:00,3.66766,3.68301,3.56024,3.68301,3190
HDC,11/19/2014 00:00:00,3.68301,3.68301,3.54489,3.66766,4050
HDC,11/20/2014 00:00:00,3.7137,3.7137,3.56024,3.66766,1480
HDC,11/21/2014 00:00:00,3.62162,3.62162,3.59093,3.62162,2860
HDC,11/24/2014 00:00:00,3.74439,3.74439,3.45282,3.49886,970
HDC,11/25/2014 00:00:00,3.49886,3.65231,3.48351,3.49886,4080
HDC,11/26/2014 00:00:00,3.60628,3.68301,3.56024,3.62162,13220
HDC,11/27/2014 00:00:00,3.60628,3.68301,3.60628,3.66766,9030
HDC,11/28/2014 00:00:00,3.83646,3.83646,3.66766,3.66766,18610
HDC,12/1/2014 00:00:00,3.82112,3.82112,3.69835,3.75974,27800
HDC,12/2/2014 00:00:00,3.82112,3.82112,3.74439,3.74439,6240
HDC,12/3/2014 00:00:00,3.77508,3.77508,3.65231,3.65231,7560
HDC,12/4/2014 00:00:00,3.65231,3.68301,3.60628,3.68301,7670
HDC,12/5/2014 00:00:00,3.69835,3.74439,3.65231,3.65231,9230
HDC,12/8/2014 00:00:00,3.82112,3.82112,3.63697,3.68301,4060
HDC,12/9/2014 00:00:00,3.68301,3.68301,3.49886,3.52955,7950
HDC,12/10/2014 00:00:00,3.37609,3.66766,3.37609,3.63697,9190
HDC,12/11/2014 00:00:00,3.68301,3.68301,3.45282,3.66766,3680
HDC,12/12/2014 00:00:00,3.66766,3.69835,3.60628,3.68301,9700
HDC,12/15/2014 00:00:00,3.66766,3.68301,3.63697,3.66766,21260
HDC,12/16/2014 00:00:00,3.66766,3.68301,3.52955,3.65231,28980
HDC,12/17/2014 00:00:00,3.68301,3.68301,3.45282,3.45282,2440
HDC,12/18/2014 00:00:00,3.63697,3.63697,3.63697,3.63697,50
HDC,12/19/2014 00:00:00,3.68301,3.70603,3.68301,3.70603,30
HDC,12/22/2014 00:00:00,3.86716,3.86716,3.72904,3.72904,50
HDC,12/23/2014 00:00:00,3.47584,3.68301,3.47584,3.59093,70
HDC,12/24/2014 00:00:00,3.68301,3.75206,3.45282,3.63697,820
HDC,12/25/2014 00:00:00,3.61395,3.61395,3.61395,3.61395,620
HDC,12/26/2014 00:00:00,3.45282,3.65999,3.45282,3.61395,530
HDC,12/29/2014 00:00:00,3.45282,3.68301,3.45282,3.45282,260
HDC,12/30/2014 00:00:00,3.63697,3.63697,3.63697,3.63697,10
HDC,12/31/2014 00:00:00,3.61395,3.63697,3.38376,3.38376,3210
HDC,1/5/2015 00:00:00,3.45282,3.45282,3.36074,3.38376,30
HDC,1/6/2015 00:00:00,3.61395,3.61395,3.33772,3.33772,550
HDC,1/7/2015 00:00:00,3.24565,3.33772,3.13056,3.33772,2490
HDC,1/8/2015 00:00:00,3.33772,3.33772,3.15357,3.24565,4890
HDC,1/9/2015 00:00:00,3.24565,3.45282,3.24565,3.24565,4650
HDC,1/12/2015 00:00:00,3.45282,3.45282,3.24565,3.40678,4170
HDC,1/13/2015 00:00:00,3.63697,3.63697,3.63697,3.63697,510
HDC,1/14/2015 00:00:00,3.38376,3.45282,3.38376,3.4298,6480
HDC,1/15/2015 00:00:00,3.22263,3.40678,3.19961,3.26867,3160
HDC,1/16/2015 00:00:00,3.26867,3.33772,3.13056,3.33772,5730
HDC,1/19/2015 00:00:00,3.33772,3.56791,3.24565,3.36074,1270
HDC,1/20/2015 00:00:00,3.38376,3.38376,3.38376,3.38376,120
HDC,1/21/2015 00:00:00,3.22263,3.22263,3.15357,3.22263,13810
HDC,1/22/2015 00:00:00,3.38376,3.38376,3.17659,3.24565,140
HDC,1/23/2015 00:00:00,3.40678,3.40678,3.13056,3.24565,220
HDC,1/26/2015 00:00:00,3.36074,3.36074,3.15357,3.17659,4610
HDC,1/27/2015 00:00:00,3.22263,3.22263,3.17659,3.22263,7830
HDC,1/28/2015 00:00:00,3.40678,3.40678,3.40678,3.40678,60
HDC,1/29/2015 00:00:00,3.61395,3.61395,3.19961,3.45282,980
HDC,1/30/2015 00:00:00,3.24565,3.24565,3.22263,3.22263,1720
HDC,2/2/2015 00:00:00,3.33772,3.33772,3.13056,3.19961,5170
HDC,2/3/2015 00:00:00,3.08452,3.19961,3.08452,3.19961,2300
HDC,2/4/2015 00:00:00,3.33772,3.33772,3.10754,3.17659,270
HDC,2/5/2015 00:00:00,3.10754,3.19961,3.10754,3.19961,40
HDC,2/6/2015 00:00:00,3.29169,3.29169,3.10754,3.15357,3040
HDC,2/9/2015 00:00:00,3.33772,3.33772,2.99244,2.99244,2520
HDC,2/10/2015 00:00:00,3.13056,3.13056,2.99244,3.03848,10400
HDC,2/11/2015 00:00:00,3.22263,3.22263,3.22263,3.22263,10
HDC,2/12/2015 00:00:00,3.33772,3.33772,3.22263,3.22263,70
HDC,2/13/2015 00:00:00,3.31471,3.4298,3.0615,3.17659,2120
HDC,2/24/2015 00:00:00,3.36074,3.36074,3.10754,3.22263,460
HDC,2/25/2015 00:00:00,3.33772,3.33772,3.03848,3.03848,9870
HDC,2/26/2015 00:00:00,3.03848,3.24565,3.03848,3.17659,5280
HDC,2/27/2015 00:00:00,3.17659,3.22263,3.17659,3.22263,310
HDC,3/2/2015 00:00:00,3.03848,3.19961,3.03848,3.19961,2190
HDC,3/3/2015 00:00:00,3.08452,3.17659,3.0615,3.17659,7110
HDC,3/4/2015 00:00:00,3.10754,3.19961,3.0615,3.19961,5740
HDC,3/5/2015 00:00:00,3.24565,3.40678,3.17659,3.40678,33360
HDC,3/6/2015 00:00:00,3.40678,3.4298,3.19961,3.19961,8130
HDC,3/9/2015 00:00:00,3.36074,3.40678,3.26867,3.29169,18720
HDC,3/10/2015 00:00:00,3.33772,3.40678,3.29169,3.40678,5370
HDC,3/11/2015 00:00:00,3.40678,3.45282,3.31471,3.45282,11230
HDC,3/12/2015 00:00:00,3.31471,3.4298,3.29169,3.4298,2050
HDC,3/13/2015 00:00:00,3.4298,3.45282,3.40678,3.45282,21060
HDC,3/16/2015 00:00:00,3.31471,3.4298,3.31471,3.4298,1090
HDC,3/17/2015 00:00:00,3.29169,3.40678,3.29169,3.40678,400
HDC,3/18/2015 00:00:00,3.29169,3.4298,3.26867,3.4298,6860
HDC,3/19/2015 00:00:00,3.26867,3.38376,3.26867,3.38376,6050
HDC,3/20/2015 00:00:00,3.26867,3.36074,3.24565,3.33772,18840
HDC,3/23/2015 00:00:00,3.40678,3.40678,3.22263,3.33772,12630
HDC,3/24/2015 00:00:00,3.45282,3.45282,3.22263,3.22263,2370
HDC,3/25/2015 00:00:00,3.40678,3.40678,3.38376,3.40678,4120
HDC,3/26/2015 00:00:00,3.19961,3.29169,3.19961,3.29169,450
HDC,3/27/2015 00:00:00,3.36074,3.36074,3.13056,3.33772,250
HDC,3/30/2015 00:00:00,3.40678,3.40678,3.24565,3.24565,3120
HDC,3/31/2015 00:00:00,3.40678,3.40678,3.24565,3.31471,3120
HDC,4/1/2015 00:00:00,3.47584,3.47584,3.19961,3.19961,9920
HDC,4/2/2015 00:00:00,3.22263,3.22263,3.17659,3.22263,10010
HDC,4/3/2015 00:00:00,3.19961,3.40678,3.19961,3.40678,4100
HDC,4/6/2015 00:00:00,3.19961,3.36074,3.19961,3.36074,520
HDC,4/7/2015 00:00:00,3.33772,3.36074,3.33772,3.36074,210
HDC,4/8/2015 00:00:00,3.38376,3.38376,3.38376,3.38376,10
HDC,4/9/2015 00:00:00,3.19961,3.36074,3.19961,3.36074,6740
HDC,4/10/2015 00:00:00,3.40678,3.40678,3.40678,3.40678,10
HDC,4/13/2015 00:00:00,3.40678,3.40678,3.24565,3.24565,50
HDC,4/14/2015 00:00:00,3.22263,3.31471,3.17659,3.31471,17820
HDC,4/15/2015 00:00:00,3.22263,3.29169,3.19961,3.29169,3060
HDC,4/16/2015 00:00:00,3.29169,3.31471,3.13056,3.31471,21800
HDC,4/17/2015 00:00:00,3.22263,3.22263,3.15357,3.22263,7690
HDC,4/20/2015 00:00:00,3.22263,3.29169,3.22263,3.29169,5200
HDC,4/21/2015 00:00:00,3.29169,3.29169,3.17659,3.22263,1010
HDC,4/22/2015 00:00:00,3.15357,3.15357,3.15357,3.15357,2080
HDC,4/23/2015 00:00:00,3.13056,3.17659,3.13056,3.17659,6220
HDC,4/24/2015 00:00:00,3.15357,3.22263,3.13056,3.22263,3070
HDC,4/27/2015 00:00:00,3.22263,3.22263,3.22263,3.22263,10
HDC,5/4/2015 00:00:00,3.13056,3.13056,3.03848,3.03848,13630
HDC,5/5/2015 00:00:00,3.03848,3.03848,2.99244,2.99244,15100
HDC,5/6/2015 00:00:00,3.03848,3.08452,2.99244,3.08452,9450
HDC,5/7/2015 00:00:00,2.96942,3.08452,2.96942,3.08452,8020
HDC,5/8/2015 00:00:00,3.01546,3.17659,3.01546,3.01546,18900
HDC,5/11/2015 00:00:00,3.01546,3.10754,3.01546,3.10754,9000
HDC,5/12/2015 00:00:00,3.01546,3.17659,3.01546,3.17659,1510
HDC,5/13/2015 00:00:00,3.01546,3.10754,3.01546,3.10754,3210
HDC,5/15/2015 00:00:00,2.96942,2.96942,2.96942,2.96942,4500
HDC,5/18/2015 00:00:00,3.03848,3.03848,3.03848,3.03848,20
HDC,5/19/2015 00:00:00,2.96942,3.03848,2.96942,3.03848,3010
HDC,5/20/2015 00:00:00,2.9464,3.13056,2.9464,3.13056,2030
HDC,5/21/2015 00:00:00,3.22263,3.22263,3.22263,3.22263,110
HDC,5/22/2015 00:00:00,3.13056,3.17659,3.13056,3.17659,510
HDC,5/25/2015 00:00:00,3.08452,3.08452,3.08452,3.08452,700
HDC,5/26/2015 00:00:00,3.17659,3.17659,3.01546,3.10754,580
HDC,5/27/2015 00:00:00,3.01546,3.22263,2.99244,3.22263,2910
HDC,6/1/2015 00:00:00,3.22263,3.22263,3.22263,3.22263,30
HDC,6/3/2015 00:00:00,3.17659,3.17659,3.03848,3.17659,580
HDC,6/5/2015 00:00:00,3.01546,3.10754,3.01546,3.10754,3580
HDC,6/8/2015 00:00:00,3.10754,3.19961,3.10754,3.19961,20
HDC,6/9/2015 00:00:00,3.10754,3.10754,3.10754,3.10754,5000
HDC,6/10/2015 00:00:00,3.03848,3.08452,3.03848,3.0615,8510
HDC,6/11/2015 00:00:00,3.10754,3.15357,3.0615,3.15357,16650
HDC,6/12/2015 00:00:00,3.19961,3.19961,3.10754,3.19961,13000
HDC,6/15/2015 00:00:00,3.19961,3.19961,3.19961,3.19961,990
HDC,6/16/2015 00:00:00,3.17659,3.17659,3.17659,3.17659,40
HDC,6/17/2015 00:00:00,3.15357,3.17659,3.15357,3.17659,510
HDC,6/18/2015 00:00:00,3.08452,3.13056,3.08452,3.13056,970
HDC,6/19/2015 00:00:00,3.19961,3.19961,3.08452,3.19961,4120
HDC,6/22/2015 00:00:00,3.08452,3.08452,3.08452,3.08452,10
HDC,6/23/2015 00:00:00,3.13056,3.13056,3.13056,3.13056,660
HDC,6/24/2015 00:00:00,3.10754,3.17659,3.10754,3.17659,80
HDC,6/25/2015 00:00:00,3.17659,3.22263,3.08452,3.17659,18740
HDC,6/26/2015 00:00:00,3.17659,3.22263,3.17659,3.22263,10000
HDC,6/29/2015 00:00:00,3.08452,3.19961,3.08452,3.19961,3080
HDC,6/30/2015 00:00:00,3.10754,3.13056,3.0615,3.13056,15520
HDC,7/1/2015 00:00:00,3.03848,3.17659,3.03848,3.17659,26070
HDC,7/2/2015 00:00:00,3.0615,3.10754,3.0615,3.10754,1200
HDC,7/3/2015 00:00:00,3.10754,3.10754,3.10754,3.10754,300
HDC,7/6/2015 00:00:00,3.0615,3.10754,3.0615,3.10754,1520
HDC,7/7/2015 00:00:00,3.08452,3.10754,3.03848,3.10754,3500
HDC,7/8/2015 00:00:00,3.08452,3.13056,3.08452,3.13056,4500
HDC,7/9/2015 00:00:00,3.08452,3.10754,3.0615,3.10754,1910
HDC,7/10/2015 00:00:00,3.0615,3.13056,3.0615,3.13056,960
HDC,7/13/2015 00:00:00,3.15357,3.15357,3.0615,3.0615,650
HDC,7/14/2015 00:00:00,3.22263,3.22263,3.0615,3.08452,7130
HDC,7/15/2015 00:00:00,3.0615,3.0615,3.0615,3.0615,5500
HDC,7/16/2015 00:00:00,3.0615,3.0615,3.0615,3.0615,10
HDC,7/17/2015 00:00:00,3.0615,3.22263,3.0615,3.22263,20
HDC,7/20/2015 00:00:00,3.24565,3.24565,3.24565,3.24565,10
HDC,7/21/2015 00:00:00,3.10754,3.10754,3.10754,3.10754,40
HDC,7/22/2015 00:00:00,2.96942,3.31471,2.96942,3.31471,7750
HDC,7/23/2015 00:00:00,3.19961,3.31471,3.19961,3.31471,550
HDC,7/24/2015 00:00:00,3.22263,3.22263,3.22263,3.22263,30
HDC,7/27/2015 00:00:00,3.22263,3.24565,3.22263,3.24565,70
HDC,7/28/2015 00:00:00,3.08452,3.08452,3.08452,3.08452,3000
HDC,7/29/2015 00:00:00,3.08452,3.08452,3.0615,3.08452,4050
HDC,7/30/2015 00:00:00,3.08452,3.08452,3.08452,3.08452,3440
HDC,7/31/2015 00:00:00,3.08452,3.15357,3.08452,3.15357,5010
HDC,8/3/2015 00:00:00,3.17659,3.17659,3.17659,3.17659,10
HDC,8/4/2015 00:00:00,3.22263,3.22263,3.22263,3.22263,10
HDC,8/5/2015 00:00:00,3.26867,3.26867,3.19961,3.19961,7690
HDC,8/6/2015 00:00:00,3.19961,3.19961,3.15357,3.19961,6010
HDC,8/7/2015 00:00:00,3.17659,3.17659,3.08452,3.13056,11010
HDC,8/10/2015 00:00:00,3.13056,3.13056,3.0615,3.13056,8010
HDC,8/11/2015 00:00:00,3.26867,3.26867,3.10754,3.17659,6020
HDC,8/12/2015 00:00:00,3.17659,3.17659,3.17659,3.17659,40
HDC,8/13/2015 00:00:00,3.17659,3.17659,3.03848,3.03848,7730
HDC,8/14/2015 00:00:00,3.0615,3.17659,3.0615,3.08452,6130
HDC,8/17/2015 00:00:00,3.08452,3.08452,3.0615,3.0615,6500
HDC,8/18/2015 00:00:00,3.22263,3.22263,3.03848,3.08452,5030
HDC,8/20/2015 00:00:00,3.03848,3.08452,3.03848,3.08452,2660
HDC,8/21/2015 00:00:00,3.03848,3.03848,2.96942,2.96942,18430
HDC,8/24/2015 00:00:00,2.92339,2.92339,2.85433,2.85433,18210
HDC,8/25/2015 00:00:00,2.80829,2.87735,2.80829,2.87735,12730
HDC,8/26/2015 00:00:00,2.83131,3.0615,2.80829,3.0615,8510
HDC,8/27/2015 00:00:00,2.85433,3.0615,2.85433,3.0615,160
HDC,8/31/2015 00:00:00,2.87735,3.0615,2.85433,3.0615,2280
HDC,9/1/2015 00:00:00,2.87735,3.0615,2.87735,3.0615,1250
HDC,9/3/2015 00:00:00,2.90037,2.99244,2.90037,2.99244,20
HDC,9/4/2015 00:00:00,2.85433,2.85433,2.85433,2.85433,4990
HDC,9/7/2015 00:00:00,2.99244,2.99244,2.99244,2.99244,100
HDC,9/8/2015 00:00:00,2.99244,2.99244,2.99244,2.99244,100
HDC,9/9/2015 00:00:00,2.99244,3.03848,2.99244,3.03848,4580
HDC,9/11/2015 00:00:00,2.99244,2.99244,2.99244,2.99244,1000
HDC,9/14/2015 00:00:00,2.85433,2.99244,2.85433,2.99244,350
HDC,9/15/2015 00:00:00,2.9464,2.99244,2.85433,2.99244,350
HDC,9/16/2015 00:00:00,2.99244,2.99244,2.99244,2.99244,1500
HDC,9/18/2015 00:00:00,2.99244,2.99244,2.99244,2.99244,1400
HDC,9/21/2015 00:00:00,2.9464,3.01546,2.9464,2.99244,44300
HDC,9/22/2015 00:00:00,2.96942,3.01546,2.96942,2.96942,41940
HDC,9/23/2015 00:00:00,2.96942,3.01546,2.90037,2.99244,53140
HDC,9/24/2015 00:00:00,2.96942,2.96942,2.96942,2.96942,1550
HDC,9/25/2015 00:00:00,2.9464,2.9464,2.9464,2.9464,1000
HDC,9/28/2015 00:00:00,2.99244,2.99244,2.99244,2.99244,200
HDC,9/29/2015 00:00:00,2.99244,2.99244,2.99244,2.99244,500
HDC,10/2/2015 00:00:00,3.19961,3.19961,2.99244,2.99244,200
HDC,10/5/2015 00:00:00,2.99244,3.01546,2.99244,3.01546,11340
HDC,10/6/2015 00:00:00,2.99244,3.01546,2.99244,3.01546,14800
HDC,10/7/2015 00:00:00,2.99244,3.01546,2.99244,3.01546,8000
HDC,10/8/2015 00:00:00,3.01546,3.01546,2.99244,2.99244,1140
HDC,10/9/2015 00:00:00,2.99244,2.99244,2.99244,2.99244,3160
HDC,10/12/2015 00:00:00,2.99244,3.01546,2.99244,2.99244,52100
HDC,10/13/2015 00:00:00,2.96942,3.01546,2.96942,2.99244,50780
HDC,10/14/2015 00:00:00,2.99244,2.99244,2.96942,2.96942,52990
HDC,10/15/2015 00:00:00,2.99244,3.10754,2.99244,3.10754,57950
HDC,10/16/2015 00:00:00,3.10754,3.22263,3.0615,3.19961,84410
HDC,10/19/2015 00:00:00,3.19961,3.19961,3.15357,3.17659,70350
HDC,10/20/2015 00:00:00,3.15357,3.17659,3.10754,3.10754,195200
HDC,10/21/2015 00:00:00,3.08452,3.08452,2.96942,2.99244,193400
HDC,10/22/2015 00:00:00,2.99244,3.08452,2.87735,2.87735,204350
HDC,10/23/2015 00:00:00,2.87735,2.90037,2.76225,2.76225,214050
HDC,10/26/2015 00:00:00,2.87735,2.9464,2.76225,2.87735,254510
HDC,10/27/2015 00:00:00,2.92339,2.9464,2.83131,2.85433,145130
HDC,10/28/2015 00:00:00,2.87735,3.03848,2.87735,3.03848,300440
HDC,10/29/2015 00:00:00,3.10754,3.15357,3.08452,3.08452,240700
HDC,10/30/2015 00:00:00,3.10754,3.10754,3.0615,3.0615,126800
HDC,11/2/2015 00:00:00,3.0615,3.0615,2.85433,2.99244,184840
HDC,11/3/2015 00:00:00,2.99244,3.03848,2.96942,3.01546,81970
HDC,11/4/2015 00:00:00,3.01546,3.10754,2.99244,3.08452,108050
HDC,11/5/2015 00:00:00,3.08452,3.29169,3.08452,3.29169,429260
HDC,11/6/2015 00:00:00,3.31471,3.49886,3.31471,3.45282,254590
HDC,11/9/2015 00:00:00,3.38376,3.40678,3.24565,3.29169,245150
HDC,11/10/2015 00:00:00,3.26867,3.45282,3.17659,3.22263,277750
HDC,11/11/2015 00:00:00,3.19961,3.31471,3.15357,3.24565,255910
HDC,11/12/2015 00:00:00,3.24565,3.26867,3.17659,3.22263,140540
HDC,11/13/2015 00:00:00,3.22263,3.31471,3.22263,3.24565,213890
HDC,11/16/2015 00:00:00,3.29169,3.29169,3.22263,3.22263,138000
HDC,11/17/2015 00:00:00,3.26867,3.38376,3.24565,3.36074,365620
HDC,11/18/2015 00:00:00,3.38376,3.45282,3.36074,3.45282,257700
HDC,11/19/2015 00:00:00,3.45282,3.54489,3.45282,3.49886,384990
HDC,11/20/2015 00:00:00,3.49886,3.52187,3.45282,3.49886,246230
HDC,11/23/2015 00:00:00,3.49886,3.54489,3.49886,3.54489,579650
HDC,11/24/2015 00:00:00,3.54489,3.54489,3.38376,3.40678,263390
HDC,11/25/2015 00:00:00,3.40678,3.52187,3.40678,3.45282,293320
HDC,11/26/2015 00:00:00,3.47663,3.54807,3.45282,3.50044,253170
HDC,11/27/2015 00:00:00,3.50044,3.61951,3.47663,3.47663,147430
HDC,11/30/2015 00:00:00,3.47663,3.50044,3.33376,3.45282,196930
HDC,12/1/2015 00:00:00,3.45282,3.50044,3.35757,3.45282,123240
HDC,12/2/2015 00:00:00,3.40519,3.42901,3.35757,3.42901,151960
HDC,12/3/2015 00:00:00,3.40519,3.40519,3.33376,3.33376,152130
HDC,12/4/2015 00:00:00,3.33376,3.35757,3.23851,3.28613,148130
HDC,12/7/2015 00:00:00,3.23851,3.30994,3.21469,3.28613,91690
HDC,12/8/2015 00:00:00,3.28613,3.38138,3.21469,3.33376,207880
HDC,12/9/2015 00:00:00,3.33376,3.38138,3.30994,3.33376,115530
HDC,12/10/2015 00:00:00,3.33376,3.33376,3.21469,3.28613,171030
HDC,12/11/2015 00:00:00,3.28613,3.28613,3.23851,3.28613,177130
HDC,12/14/2015 00:00:00,3.26232,3.26232,3.21469,3.26232,117050
HDC,12/15/2015 00:00:00,3.26232,3.28613,3.23851,3.26232,131930
HDC,12/16/2015 00:00:00,3.26232,3.35757,3.26232,3.28613,174650
HDC,12/17/2015 00:00:00,3.28613,3.33376,3.23851,3.33376,157250
HDC,12/18/2015 00:00:00,3.33376,3.33376,3.26232,3.33376,121260
HDC,12/21/2015 00:00:00,3.33376,3.33376,3.28613,3.33376,122860
HDC,12/22/2015 00:00:00,3.33376,3.35757,3.26232,3.30994,125840
HDC,12/23/2015 00:00:00,3.30994,3.33376,3.28613,3.30994,208000
HDC,12/24/2015 00:00:00,3.30994,3.30994,3.26232,3.30994,145770
HDC,12/25/2015 00:00:00,3.30994,3.30994,3.26232,3.30994,155400
HDC,12/28/2015 00:00:00,3.30994,3.33376,3.26232,3.26232,155820
HDC,12/29/2015 00:00:00,3.26232,3.30994,3.23851,3.30994,177980
HDC,12/30/2015 00:00:00,3.30994,3.30994,3.28613,3.30994,186900
HDC,12/31/2015 00:00:00,3.30994,3.30994,3.26232,3.30994,205710
HDC,1/4/2016 00:00:00,3.30994,3.30994,3.28613,3.28613,113050
HDC,1/5/2016 00:00:00,3.28613,3.30994,3.26232,3.30994,206010
HDC,1/6/2016 00:00:00,3.30994,3.50044,3.26232,3.42901,359800
HDC,1/7/2016 00:00:00,3.42901,3.42901,3.30994,3.40519,205740
HDC,1/8/2016 00:00:00,3.35757,3.42901,3.33376,3.42901,213380
HDC,1/11/2016 00:00:00,3.42901,3.42901,3.35757,3.40519,226290
HDC,1/12/2016 00:00:00,3.40519,3.40519,3.38138,3.38138,175680
HDC,1/13/2016 00:00:00,3.38138,3.42901,3.33376,3.38138,181590
HDC,1/14/2016 00:00:00,3.35757,3.38138,3.30994,3.35757,186330
HDC,1/15/2016 00:00:00,3.35757,3.38138,3.28613,3.30994,216730
HDC,1/18/2016 00:00:00,3.30994,3.30994,3.14326,3.19088,79170
HDC,1/19/2016 00:00:00,3.19088,3.19088,3.14326,3.16707,88870
HDC,1/20/2016 00:00:00,3.14326,3.21469,3.09563,3.21469,123920
HDC,1/21/2016 00:00:00,3.19088,3.19088,3.11944,3.19088,151040
HDC,1/22/2016 00:00:00,3.19088,3.19088,3.09563,3.09563,152420
HDC,1/25/2016 00:00:00,3.09563,3.28613,3.09563,3.23851,145500
HDC,1/26/2016 00:00:00,3.19088,3.23851,3.11944,3.19088,138290
HDC,1/27/2016 00:00:00,3.16707,3.28613,3.16707,3.28613,142040
HDC,1/28/2016 00:00:00,3.28613,3.28613,3.14326,3.14326,218430
HDC,1/29/2016 00:00:00,3.14326,3.28613,3.14326,3.26232,159230
HDC,2/1/2016 00:00:00,3.26232,3.30994,3.21469,3.23851,148670
HDC,2/2/2016 00:00:00,3.23851,3.28613,3.16707,3.19088,131760
HDC,2/3/2016 00:00:00,3.19088,3.23851,3.16707,3.23851,124840
HDC,2/4/2016 00:00:00,3.23851,3.23851,3.16707,3.21469,123930
HDC,2/5/2016 00:00:00,3.21469,3.23851,3.19088,3.23851,131230
HDC,2/15/2016 00:00:00,3.23851,3.23851,3.16707,3.23851,105910
HDC,2/16/2016 00:00:00,3.23851,3.28613,3.21469,3.26232,139870
HDC,2/17/2016 00:00:00,3.26232,3.26232,3.21469,3.23851,99130
HDC,2/18/2016 00:00:00,3.23851,3.26232,3.19088,3.23851,132480
HDC,2/19/2016 00:00:00,3.23851,3.26232,3.19088,3.26232,138670
HDC,2/22/2016 00:00:00,3.26232,3.26232,3.11944,3.23851,133200
HDC,2/23/2016 00:00:00,3.23851,3.26232,3.21469,3.23851,127380
HDC,2/24/2016 00:00:00,3.23851,3.23851,3.19088,3.23851,140530
HDC,2/25/2016 00:00:00,3.23851,3.23851,3.16707,3.21469,120790
HDC,2/26/2016 00:00:00,3.19088,3.21469,3.16707,3.21469,119760
HDC,2/29/2016 00:00:00,3.21469,3.21469,3.16707,3.19088,119300
HDC,3/1/2016 00:00:00,3.19088,3.19088,3.14326,3.16707,124190
HDC,3/2/2016 00:00:00,3.16707,3.21469,3.11944,3.16707,108530
HDC,3/3/2016 00:00:00,3.16707,3.21469,3.11944,3.21469,106090
HDC,3/4/2016 00:00:00,3.19088,3.21469,3.16707,3.21469,84070
HDC,3/7/2016 00:00:00,3.21469,3.23851,3.16707,3.21469,105330
HDC,3/8/2016 00:00:00,3.21469,3.23851,3.19088,3.23851,102030
HDC,3/9/2016 00:00:00,3.23851,3.26232,3.21469,3.26232,107000
HDC,3/10/2016 00:00:00,3.26232,3.26232,3.21469,3.23851,107530
HDC,3/11/2016 00:00:00,3.23851,3.23851,3.19088,3.23851,103340
HDC,3/14/2016 00:00:00,3.23851,3.23851,3.19088,3.23851,103010
HDC,3/15/2016 00:00:00,3.21469,3.21469,3.11944,3.21469,113250
HDC,3/16/2016 00:00:00,3.21469,3.23851,3.16707,3.23851,102280
HDC,3/17/2016 00:00:00,3.23851,3.23851,3.16707,3.23851,102680
HDC,3/18/2016 00:00:00,3.21469,3.23851,3.14326,3.21469,101360
HDC,3/21/2016 00:00:00,3.21469,3.23851,3.19088,3.21469,116850
HDC,3/22/2016 00:00:00,3.21469,3.21469,3.14326,3.19088,114470
HDC,3/23/2016 00:00:00,3.19088,3.21469,3.11944,3.19088,118230
HDC,3/24/2016 00:00:00,3.19088,3.21469,3.14326,3.16707,95500
HDC,3/25/2016 00:00:00,3.16707,3.19088,3.09563,3.16707,130730
HDC,3/28/2016 00:00:00,3.16707,3.16707,3.09563,3.16707,148020
HDC,3/29/2016 00:00:00,3.16707,3.16707,3.09563,3.14326,128340
HDC,3/30/2016 00:00:00,3.14326,3.16707,3.09563,3.09563,141850
HDC,3/31/2016 00:00:00,3.11944,3.14326,3.07182,3.14326,121950
HDC,4/1/2016 00:00:00,3.14326,3.16707,3.09563,3.14326,100080
HDC,4/4/2016 00:00:00,3.14326,3.14326,3.09563,3.11944,51150
HDC,4/5/2016 00:00:00,3.11944,3.14326,3.07182,3.11944,63060
HDC,4/6/2016 00:00:00,3.09563,3.14326,3.07182,3.14326,83840
HDC,4/7/2016 00:00:00,3.14326,3.14326,3.07182,3.14326,58180
HDC,4/8/2016 00:00:00,3.14326,3.14326,3.07182,3.11944,69980
HDC,4/11/2016 00:00:00,3.11944,3.14326,3.07182,3.09563,60630
HDC,4/12/2016 00:00:00,3.09563,3.21469,3.09563,3.21469,120090
HDC,4/13/2016 00:00:00,3.19088,3.23851,3.16707,3.21469,45120
HDC,4/14/2016 00:00:00,3.19088,3.21469,3.19088,3.21469,53980
HDC,4/15/2016 00:00:00,3.21469,3.23851,3.16707,3.21469,52950
HDC,4/19/2016 00:00:00,3.21469,3.21469,3.14326,3.19088,76690
HDC,4/20/2016 00:00:00,3.19088,3.19088,3.04801,3.19088,18880
HDC,4/21/2016 00:00:00,3.16707,3.16707,3.09563,3.16707,11250
HDC,4/22/2016 00:00:00,3.16707,3.16707,3.09563,3.14326,15470
HDC,4/25/2016 00:00:00,3.14326,3.14326,3.09563,3.14326,6010
HDC,4/26/2016 00:00:00,3.14326,3.14326,3.07182,3.11944,46830
HDC,4/27/2016 00:00:00,3.11944,3.14326,3.07182,3.14326,36070
HDC,4/28/2016 00:00:00,3.14326,3.14326,3.07182,3.09563,54920
HDC,4/29/2016 00:00:00,3.09563,3.09563,3.00038,3.09563,37970
HDC,5/4/2016 00:00:00,3.09563,3.11944,3.07182,3.09563,43740
HDC,5/5/2016 00:00:00,3.09563,3.09563,3.04801,3.09563,65920
HDC,5/6/2016 00:00:00,3.09563,3.19088,3.04801,3.19088,120150
HDC,5/9/2016 00:00:00,3.19088,3.19088,3.11944,3.14326,11240
HDC,5/10/2016 00:00:00,3.09563,3.09563,3.04801,3.09563,21650
HDC,5/11/2016 00:00:00,3.09563,3.09563,3.07182,3.07182,11030
HDC,5/12/2016 00:00:00,3.00038,3.09563,2.97657,2.97657,12660
HDC,5/13/2016 00:00:00,2.97657,3.09563,2.97657,3.09563,107180
HDC,5/16/2016 00:00:00,3.11944,3.14326,3.09563,3.11944,10550
HDC,5/17/2016 00:00:00,3.11944,3.14326,3.07182,3.11944,26000
HDC,5/18/2016 00:00:00,3.14326,3.16707,2.95275,3.14326,25620
HDC,5/19/2016 00:00:00,3.11944,3.11944,3.07182,3.11944,6830
HDC,5/20/2016 00:00:00,3.19088,3.19088,3.19088,3.19088,100
HDC,5/23/2016 00:00:00,3.33376,3.33376,3.14326,3.21469,8430
HDC,5/24/2016 00:00:00,3.21469,3.21469,3.16707,3.19088,3440
HDC,5/25/2016 00:00:00,3.19088,3.33376,3.19088,3.33376,11110
HDC,5/26/2016 00:00:00,3.40519,3.40519,3.26232,3.33376,1310
HDC,5/27/2016 00:00:00,3.28613,3.45282,3.28613,3.33376,8760
HDC,5/30/2016 00:00:00,3.40519,3.40519,3.16707,3.38138,5980
HDC,5/31/2016 00:00:00,3.33376,3.38138,3.23851,3.33376,8460
HDC,6/1/2016 00:00:00,3.33376,3.35757,3.21469,3.33376,11010
HDC,6/2/2016 00:00:00,3.33376,3.33376,3.33376,3.33376,1690
HDC,6/3/2016 00:00:00,3.33376,3.33376,3.28613,3.33376,16970
HDC,6/6/2016 00:00:00,3.33376,3.45282,3.23851,3.30994,17670
HDC,6/7/2016 00:00:00,3.33376,3.33376,3.26232,3.30994,4270
HDC,6/8/2016 00:00:00,3.33376,3.33376,3.30994,3.33376,410
HDC,6/9/2016 00:00:00,3.33376,3.33376,3.19088,3.30994,16190
HDC,6/10/2016 00:00:00,3.33376,3.33376,3.23851,3.30994,120
HDC,6/13/2016 00:00:00,3.30994,3.30994,3.23851,3.30994,5240
HDC,6/14/2016 00:00:00,3.30994,3.30994,3.21469,3.21469,30
HDC,6/15/2016 00:00:00,3.21469,3.30994,3.21469,3.30994,400
HDC,6/16/2016 00:00:00,3.33376,3.33376,3.21469,3.30994,19300
HDC,6/17/2016 00:00:00,3.30994,3.30994,3.30994,3.30994,80
HDC,6/20/2016 00:00:00,3.30994,3.30994,3.30994,3.30994,650
HDC,6/22/2016 00:00:00,3.30994,3.30994,3.30994,3.30994,520
HDC,6/23/2016 00:00:00,3.26232,3.26232,3.26232,3.26232,1120
HDC,6/24/2016 00:00:00,3.21469,3.21469,3.21469,3.21469,20
HDC,6/27/2016 00:00:00,3.16707,3.16707,3.16707,3.16707,20
HDC,6/28/2016 00:00:00,3.19088,3.23851,2.97657,3.16707,2400
HDC,6/29/2016 00:00:00,3.28613,3.28613,3.19088,3.19088,680
HDC,6/30/2016 00:00:00,3.04801,3.26232,3.00038,3.26232,15910
HDC,7/1/2016 00:00:00,3.07182,3.28613,3.04801,3.28613,2680
HDC,7/4/2016 00:00:00,3.07182,3.28613,3.07182,3.26232,10480
HDC,7/5/2016 00:00:00,3.04801,3.26232,3.04801,3.21469,1370
HDC,7/6/2016 00:00:00,3.26232,3.26232,3.00038,3.23851,5210
HDC,7/7/2016 00:00:00,3.33376,3.33376,3.04801,3.23851,760
HDC,7/8/2016 00:00:00,3.28613,3.28613,3.04801,3.19088,90
HDC,7/11/2016 00:00:00,3.28613,3.28613,3.00038,3.19088,3800
HDC,7/12/2016 00:00:00,3.19088,3.21469,3.19088,3.21469,80
HDC,7/13/2016 00:00:00,3.04801,3.21469,3.04801,3.21469,21210
HDC,7/14/2016 00:00:00,3.16707,3.21469,3.16707,3.21469,2100
HDC,7/15/2016 00:00:00,3.21469,3.21469,3.21469,3.21469,2000
HDC,7/18/2016 00:00:00,3.09563,3.21469,3.09563,3.21469,4160
HDC,7/19/2016 00:00:00,3.21469,3.21469,3.21469,3.21469,3050
HDC,7/20/2016 00:00:00,3.19088,3.19088,3.07182,3.07182,203220
HDC,7/21/2016 00:00:00,3.16707,3.16707,3.07182,3.16707,72290
HDC,7/22/2016 00:00:00,3.14326,3.19088,3.09563,3.16707,31750
HDC,7/25/2016 00:00:00,3.16707,3.21469,3.09563,3.21469,87420
HDC,7/26/2016 00:00:00,3.21469,3.33376,3.19088,3.33376,24050
HDC,7/27/2016 00:00:00,3.33376,3.33376,3.21469,3.30994,22680
HDC,7/28/2016 00:00:00,3.33376,3.33376,3.21469,3.30994,4030
HDC,7/29/2016 00:00:00,3.30994,3.33376,3.23851,3.33376,9350
HDC,8/1/2016 00:00:00,3.33376,3.33376,3.30994,3.33376,790
HDC,8/2/2016 00:00:00,3.33376,3.33376,3.16707,3.30994,12230
HDC,8/3/2016 00:00:00,3.30994,3.33376,3.09563,3.23851,20700
HDC,8/4/2016 00:00:00,3.30994,3.30994,3.30994,3.30994,260
HDC,8/5/2016 00:00:00,3.30994,3.33376,3.09563,3.26232,13950
HDC,8/8/2016 00:00:00,3.28613,3.28613,3.26232,3.26232,430
HDC,8/9/2016 00:00:00,3.30994,3.33376,3.30994,3.33376,900
HDC,8/10/2016 00:00:00,3.19088,3.30994,3.11944,3.28613,10720
HDC,8/11/2016 00:00:00,3.28613,3.28613,3.07182,3.28613,11320
HDC,8/12/2016 00:00:00,3.28613,3.28613,3.07182,3.28613,9570
HDC,8/15/2016 00:00:00,3.28613,3.28613,3.07182,3.26232,10100
HDC,8/16/2016 00:00:00,3.28613,3.28613,3.11944,3.26232,5360
HDC,8/17/2016 00:00:00,3.14326,3.26232,3.07182,3.26232,11300
HDC,8/18/2016 00:00:00,3.11944,3.23851,3.11944,3.23851,1030
HDC,8/19/2016 00:00:00,3.11944,3.28613,3.11944,3.28613,14430
HDC,8/22/2016 00:00:00,3.28613,3.33376,3.28613,3.33376,4810
HDC,8/23/2016 00:00:00,3.23851,3.28613,3.23851,3.28613,8040
HDC,8/24/2016 00:00:00,3.30994,3.30994,3.21469,3.21469,3170
HDC,8/25/2016 00:00:00,3.26232,3.28613,3.11944,3.11944,2930
HDC,8/26/2016 00:00:00,3.28613,3.28613,3.28613,3.28613,1200
HDC,8/29/2016 00:00:00,3.30994,3.33376,3.30994,3.33376,2710
HDC,8/30/2016 00:00:00,3.28613,3.30994,3.23851,3.23851,32350
HDC,8/31/2016 00:00:00,3.23851,3.33376,3.23851,3.33376,78960
HDC,9/1/2016 00:00:00,3.28613,3.38138,3.28613,3.38138,54250
HDC,9/5/2016 00:00:00,3.33376,3.45282,3.30994,3.38138,41560
HDC,9/6/2016 00:00:00,3.33376,3.40519,3.30994,3.33376,45840
HDC,9/7/2016 00:00:00,3.38138,3.38138,3.28613,3.28613,98560
HDC,9/8/2016 00:00:00,3.19088,3.38138,3.19088,3.30994,76020
HDC,9/9/2016 00:00:00,3.28613,3.30994,3.21469,3.21469,82520
HDC,9/12/2016 00:00:00,3.26232,3.30994,3.21469,3.23851,71290
HDC,9/13/2016 00:00:00,3.28613,3.28613,3.20279,3.26232,144910
HDC,9/14/2016 00:00:00,3.27422,3.27422,3.19088,3.25041,62300
HDC,9/15/2016 00:00:00,3.26232,3.26232,3.2266,3.23851,79460
HDC,9/16/2016 00:00:00,3.21469,3.25041,3.19088,3.23851,155780
HDC,9/19/2016 00:00:00,3.23851,3.38138,3.07182,3.28613,234130
HDC,9/20/2016 00:00:00,3.33376,3.35757,3.26232,3.30994,195280
HDC,9/21/2016 00:00:00,3.33376,3.53616,3.28613,3.42901,610880
HDC,9/22/2016 00:00:00,3.45282,3.48854,3.39329,3.42901,1.37545e+006
HDC,9/23/2016 00:00:00,3.42901,3.50044,3.30994,3.47663,1.19937e+006
HDC,9/26/2016 00:00:00,3.47663,3.48854,3.30994,3.38138,1.63516e+006
HDC,9/27/2016 00:00:00,3.40519,3.40519,3.26232,3.33376,831980
HDC,9/28/2016 00:00:00,3.30994,3.40519,3.27422,3.38138,742160
HDC,9/29/2016 00:00:00,3.38138,3.38138,3.28613,3.33376,464260
HDC,9/30/2016 00:00:00,3.30994,3.32185,3.16707,3.16707,521880
HDC,10/3/2016 00:00:00,3.11944,3.14326,3.00038,3.00038,254570
HDC,10/4/2016 00:00:00,3.00038,3.09563,2.97657,2.97657,308050
HDC,10/5/2016 00:00:00,2.97657,3.02419,2.96466,2.98847,211760
HDC,10/6/2016 00:00:00,3.0361,3.04801,3.00038,3.00038,222230
HDC,10/7/2016 00:00:00,3.00038,3.00038,2.91704,2.95275,51000
HDC,10/10/2016 00:00:00,3.00038,3.02419,2.88132,2.95275,59020
HDC,10/11/2016 00:00:00,2.97657,2.97657,2.83369,2.95275,111860
HDC,10/12/2016 00:00:00,2.92894,2.92894,2.8575,2.90513,97430
HDC,10/13/2016 00:00:00,2.8575,2.95275,2.83369,2.95275,195360
HDC,10/14/2016 00:00:00,2.95275,3.00038,2.95275,2.95275,105790
HDC,10/17/2016 00:00:00,2.97657,2.98847,2.90513,2.90513,64180
HDC,10/18/2016 00:00:00,2.89322,2.90513,2.83369,2.90513,42670
HDC,10/19/2016 00:00:00,2.8575,2.90513,2.78607,2.90513,18810
HDC,10/20/2016 00:00:00,2.94085,2.94085,2.83369,2.83369,118640
HDC,10/21/2016 00:00:00,2.8575,2.89322,2.83369,2.8575,252890
HDC,10/24/2016 00:00:00,2.8575,2.88132,2.82179,2.88132,119590
HDC,10/25/2016 00:00:00,2.8575,2.8575,2.83369,2.8575,55010
HDC,10/26/2016 00:00:00,2.83369,2.8575,2.80988,2.8575,62990
HDC,10/27/2016 00:00:00,2.80988,2.8575,2.80988,2.8575,34470
HDC,10/28/2016 00:00:00,2.80988,2.8575,2.80988,2.8575,177950
HDC,10/31/2016 00:00:00,2.8575,2.8575,2.82179,2.8575,325430
HDC,11/1/2016 00:00:00,2.8456,2.86941,2.83369,2.8575,285590
HDC,11/2/2016 00:00:00,2.8456,2.8575,2.80988,2.8575,110700
HDC,11/3/2016 00:00:00,2.8456,2.8575,2.80988,2.8575,149360
HDC,11/4/2016 00:00:00,2.8456,2.8575,2.82179,2.8575,138040
HDC,11/7/2016 00:00:00,2.83369,2.8575,2.80988,2.83369,180040
HDC,11/8/2016 00:00:00,2.8575,2.8575,2.80988,2.83369,76530
HDC,11/9/2016 00:00:00,2.8456,2.8456,2.71463,2.82179,105560
HDC,11/10/2016 00:00:00,2.8575,3.01229,2.70272,2.82179,54600
HDC,11/11/2016 00:00:00,2.83369,2.83369,2.77416,2.82179,36200
HDC,11/14/2016 00:00:00,2.79797,2.83369,2.78607,2.80988,31110
HDC,11/15/2016 00:00:00,2.79797,2.95275,2.79797,2.8575,152120
HDC,11/16/2016 00:00:00,2.95275,2.95275,2.8575,2.92894,66530
HDC,11/17/2016 00:00:00,2.89322,3.00038,2.8575,2.92894,56490
HDC,11/18/2016 00:00:00,2.97657,2.97657,2.8575,2.92894,19800
HDC,11/21/2016 00:00:00,2.92894,2.97657,2.8575,2.91704,116170
HDC,11/22/2016 00:00:00,2.8575,2.92894,2.8575,2.90513,61070
HDC,11/23/2016 00:00:00,2.90513,2.90513,2.82179,2.8575,146790
HDC,11/24/2016 00:00:00,2.86941,2.86941,2.80988,2.80988,59520
HDC,11/25/2016 00:00:00,2.80988,2.8456,2.78607,2.83369,100260
HDC,11/28/2016 00:00:00,2.83369,2.8456,2.79797,2.8456,160570
HDC,11/29/2016 00:00:00,2.83369,2.8456,2.78607,2.83369,30960
HDC,11/30/2016 00:00:00,2.8575,2.97657,2.82179,2.97657,100950
HDC,12/1/2016 00:00:00,2.98609,2.98609,2.89441,2.92061,53290
HDC,12/2/2016 00:00:00,2.98609,2.98609,2.88132,2.92061,34560
HDC,12/5/2016 00:00:00,2.98609,2.98609,2.88132,2.93371,6740
HDC,12/6/2016 00:00:00,2.93371,2.93371,2.86822,2.90751,99480
HDC,12/7/2016 00:00:00,2.90751,2.90751,2.85512,2.90751,58330
HDC,12/8/2016 00:00:00,2.93371,2.93371,2.85512,2.88132,30460
HDC,12/9/2016 00:00:00,2.88132,2.90751,2.85512,2.88132,40990
HDC,12/12/2016 00:00:00,2.88132,2.88132,2.84203,2.86822,24710
HDC,12/13/2016 00:00:00,2.81583,2.85512,2.76345,2.84203,104240
HDC,12/14/2016 00:00:00,2.80274,2.84203,2.75035,2.84203,162620
HDC,12/15/2016 00:00:00,2.84203,2.84203,2.81583,2.84203,3350
HDC,12/16/2016 00:00:00,2.84203,2.84203,2.80274,2.84203,21810
HDC,12/19/2016 00:00:00,2.85512,2.85512,2.80274,2.85512,23390
HDC,12/20/2016 00:00:00,2.88132,2.88132,2.88132,2.88132,4800
HDC,12/21/2016 00:00:00,2.86822,2.88132,2.86822,2.88132,9980
HDC,12/22/2016 00:00:00,2.85512,2.86822,2.78964,2.86822,24550
HDC,12/23/2016 00:00:00,2.77654,2.86822,2.73725,2.86822,57790
HDC,12/26/2016 00:00:00,2.86822,2.86822,2.75035,2.86822,32910
HDC,12/27/2016 00:00:00,2.86822,2.86822,2.77654,2.86822,28170
HDC,12/28/2016 00:00:00,2.86822,2.86822,2.86822,2.86822,23200
HDC,12/29/2016 00:00:00,2.78964,2.86822,2.75035,2.86822,63710
HDC,12/30/2016 00:00:00,2.82893,2.82893,2.77654,2.82893,22010
HDC,1/3/2017 00:00:00,2.84203,2.85512,2.69796,2.69796,65290
HDC,1/4/2017 00:00:00,2.69796,2.76345,2.67177,2.76345,97650
HDC,1/5/2017 00:00:00,2.76345,2.77654,2.72415,2.72415,77300
HDC,1/6/2017 00:00:00,2.75035,2.78964,2.72415,2.78964,100250
HDC,1/9/2017 00:00:00,2.78964,2.82893,2.76345,2.82893,71850
HDC,1/10/2017 00:00:00,2.77654,2.82893,2.77654,2.80274,102090
HDC,1/11/2017 00:00:00,2.77654,2.82893,2.77654,2.82893,59060
HDC,1/12/2017 00:00:00,2.85512,2.85512,2.80274,2.85512,25990
HDC,1/13/2017 00:00:00,2.84203,2.85512,2.84203,2.85512,30510
HDC,1/16/2017 00:00:00,2.81583,2.86822,2.80274,2.85512,51090
HDC,1/17/2017 00:00:00,2.82893,2.85512,2.80274,2.85512,49490
HDC,1/18/2017 00:00:00,2.81583,2.85512,2.77654,2.84203,41980
HDC,1/19/2017 00:00:00,2.71106,2.85512,2.71106,2.84203,51110
HDC,1/20/2017 00:00:00,2.80274,2.85512,2.80274,2.85512,46440
HDC,1/23/2017 00:00:00,2.85512,2.85512,2.80274,2.82893,66180
HDC,1/24/2017 00:00:00,2.82893,2.82893,2.77654,2.82893,25230
HDC,1/25/2017 00:00:00,2.75035,2.86822,2.75035,2.85512,35010
HDC,2/2/2017 00:00:00,2.85512,2.85512,2.73725,2.85512,14690
HDC,2/3/2017 00:00:00,2.77654,2.85512,2.75035,2.82893,66100
HDC,2/6/2017 00:00:00,2.82893,2.82893,2.78964,2.80274,39060
HDC,2/7/2017 00:00:00,2.77654,2.82893,2.77654,2.82893,12090
HDC,2/8/2017 00:00:00,2.77654,2.82893,2.77654,2.82893,8860
HDC,2/9/2017 00:00:00,2.77654,2.82893,2.77654,2.82893,7280
HDC,2/10/2017 00:00:00,2.78964,2.82893,2.78964,2.82893,3200
HDC,2/13/2017 00:00:00,2.82893,2.82893,2.77654,2.78964,32440
HDC,2/14/2017 00:00:00,2.78964,2.78964,2.78964,2.78964,2000
HDC,2/15/2017 00:00:00,2.78964,2.81583,2.77654,2.80274,33920
HDC,2/16/2017 00:00:00,2.80274,2.85512,2.77654,2.80274,24350
HDC,2/17/2017 00:00:00,2.80274,2.80274,2.75035,2.75035,18070
HDC,2/20/2017 00:00:00,2.69796,2.81583,2.69796,2.78964,20570
HDC,2/21/2017 00:00:00,2.80274,2.80274,2.77654,2.78964,76430
HDC,2/22/2017 00:00:00,2.78964,2.88132,2.78964,2.82893,67370
HDC,2/23/2017 00:00:00,2.86822,2.86822,2.81583,2.81583,21200
HDC,2/24/2017 00:00:00,2.77654,2.84203,2.77654,2.82893,61630
HDC,2/27/2017 00:00:00,2.80274,2.85512,2.77654,2.85512,18660
HDC,2/28/2017 00:00:00,2.85512,2.86822,2.80274,2.85512,14170
HDC,3/1/2017 00:00:00,2.85512,2.85512,2.78964,2.80274,27910
HDC,3/2/2017 00:00:00,2.80274,2.84203,2.75035,2.80274,60970
HDC,3/3/2017 00:00:00,2.82893,2.82893,2.67177,2.77654,24060
HDC,3/6/2017 00:00:00,2.78964,2.78964,2.76345,2.76345,43360
HDC,3/7/2017 00:00:00,2.81583,2.81583,2.76345,2.80274,22340
HDC,3/8/2017 00:00:00,2.80274,2.88132,2.78964,2.85512,37680
HDC,3/9/2017 00:00:00,2.9468,2.98609,2.86822,2.9599,201060
HDC,3/10/2017 00:00:00,3.03848,3.03848,2.93371,2.98609,46260
HDC,3/13/2017 00:00:00,2.88132,2.9599,2.88132,2.9468,37600
HDC,3/14/2017 00:00:00,2.9468,2.9599,2.82893,2.88132,64940
HDC,3/15/2017 00:00:00,2.82893,2.88132,2.81583,2.84203,39410
HDC,3/16/2017 00:00:00,2.81583,2.84203,2.80274,2.82893,59780
HDC,3/17/2017 00:00:00,2.82893,2.88132,2.81583,2.86822,33270
HDC,3/20/2017 00:00:00,2.86822,2.88132,2.82893,2.86822,8700
HDC,3/21/2017 00:00:00,2.82893,2.93371,2.82893,2.86822,115470
HDC,3/22/2017 00:00:00,2.86822,2.88132,2.82893,2.82893,117530
HDC,3/23/2017 00:00:00,2.85512,2.85512,2.80274,2.82893,93150
HDC,3/24/2017 00:00:00,2.82893,2.85512,2.81583,2.81583,286980
HDC,3/27/2017 00:00:00,2.82893,2.90751,2.82893,2.88132,198200
HDC,3/28/2017 00:00:00,2.93371,2.93371,2.84203,2.88132,43210
HDC,3/29/2017 00:00:00,2.88132,2.90751,2.86822,2.88132,70900
HDC,3/30/2017 00:00:00,2.85512,2.88132,2.85512,2.86822,44670
HDC,3/31/2017 00:00:00,2.88132,2.88132,2.84203,2.86822,19530
HDC,4/3/2017 00:00:00,2.86822,2.86822,2.84203,2.84203,64940
HDC,4/4/2017 00:00:00,2.84203,2.86822,2.82893,2.86822,89200
HDC,4/5/2017 00:00:00,2.85512,2.93371,2.85512,2.90751,75740
HDC,4/7/2017 00:00:00,2.90751,2.93371,2.86822,2.86822,70220
HDC,4/10/2017 00:00:00,2.88132,2.88132,2.84203,2.85512,28110
HDC,4/11/2017 00:00:00,2.84203,2.84203,2.82893,2.82893,92150
HDC,4/12/2017 00:00:00,2.84203,2.88132,2.81583,2.81583,126080
HDC,4/13/2017 00:00:00,2.82893,2.82893,2.80274,2.80274,55350
HDC,4/14/2017 00:00:00,2.82893,2.82893,2.77654,2.82893,203240
HDC,4/17/2017 00:00:00,2.82893,2.82893,2.77654,2.77654,23610
HDC,4/18/2017 00:00:00,2.77654,2.80274,2.77654,2.77654,49800
HDC,4/19/2017 00:00:00,2.85512,2.85512,2.77654,2.82893,20320
HDC,4/20/2017 00:00:00,2.80274,2.82893,2.75035,2.77654,185780
HDC,4/21/2017 00:00:00,2.69796,2.77654,2.69796,2.76345,119230
HDC,4/24/2017 00:00:00,2.75035,2.77654,2.69796,2.75035,148100
HDC,4/25/2017 00:00:00,2.77654,2.77654,2.72415,2.77654,49900
HDC,4/26/2017 00:00:00,2.80274,2.85512,2.77654,2.80274,135580
HDC,4/27/2017 00:00:00,2.80274,2.85512,2.69796,2.80274,146300
HDC,4/28/2017 00:00:00,2.75035,2.81583,2.71106,2.81583,79490
HDC,5/3/2017 00:00:00,2.80274,2.82893,2.78964,2.81583,68840
HDC,5/4/2017 00:00:00,2.80274,3.01229,2.80274,2.98609,322150
HDC,5/5/2017 00:00:00,3.01229,3.01229,2.92061,2.98609,158170
HDC,5/8/2017 00:00:00,3.01229,3.18255,2.98609,3.18255,332580
HDC,5/9/2017 00:00:00,3.27422,3.28732,3.01229,3.09087,172970
HDC,5/10/2017 00:00:00,3.11706,3.11706,3.03848,3.07777,135830
HDC,5/11/2017 00:00:00,3.05158,3.14326,2.98609,3.10396,107330
HDC,5/12/2017 00:00:00,3.09087,3.31351,3.01229,3.30042,545920
HDC,5/15/2017 00:00:00,3.379,3.52307,3.379,3.52307,553990
HDC,5/16/2017 00:00:00,3.52307,3.61474,3.43139,3.43139,178410
HDC,5/17/2017 00:00:00,3.43139,3.43139,3.27422,3.35281,178280
HDC,5/18/2017 00:00:00,3.27422,3.32661,3.18255,3.18255,291860
HDC,5/19/2017 00:00:00,3.18255,3.379,3.18255,3.3659,147400
HDC,5/22/2017 00:00:00,3.3659,3.45758,3.32661,3.32661,199620
HDC,5/23/2017 00:00:00,3.32661,3.32661,3.19564,3.20874,135730
HDC,5/24/2017 00:00:00,3.20874,3.26113,3.20874,3.20874,137520
HDC,5/25/2017 00:00:00,3.20874,3.35281,3.16945,3.27422,46100
HDC,5/26/2017 00:00:00,3.40519,3.45758,3.27422,3.40519,132500
HDC,5/29/2017 00:00:00,3.43139,3.43139,3.3659,3.41829,92570
HDC,5/30/2017 00:00:00,3.45758,3.45758,3.27422,3.30042,119540
HDC,5/31/2017 00:00:00,3.35281,3.45758,3.30042,3.43139,173610
HDC,6/1/2017 00:00:00,3.379,3.45758,3.379,3.44448,67500
HDC,6/2/2017 00:00:00,3.48377,3.48377,3.35281,3.40519,99970
HDC,6/5/2017 00:00:00,3.40519,3.43139,3.35281,3.3921,85060
HDC,6/6/2017 00:00:00,3.40519,3.45758,3.379,3.379,145260
HDC,6/7/2017 00:00:00,3.35281,3.45758,3.35281,3.35281,151490
HDC,6/8/2017 00:00:00,3.43139,3.43139,3.379,3.40519,149500
HDC,6/9/2017 00:00:00,3.40519,3.48377,3.40519,3.43139,94550
HDC,6/12/2017 00:00:00,3.40519,3.50997,3.40519,3.45758,138990
HDC,6/13/2017 00:00:00,3.43139,3.69333,3.43139,3.69333,614170
HDC,6/14/2017 00:00:00,3.71952,3.82429,3.69333,3.82429,635510
HDC,6/15/2017 00:00:00,3.90865,3.90865,3.71181,3.76805,370220
HDC,6/16/2017 00:00:00,3.76805,3.93677,3.76805,3.90865,553620
HDC,6/19/2017 00:00:00,4.04925,4.07737,3.71181,3.82429,878890
HDC,6/20/2017 00:00:00,3.82429,3.93677,3.76805,3.76805,690240
HDC,6/21/2017 00:00:00,3.76805,3.79617,3.72587,3.76805,189920
HDC,6/22/2017 00:00:00,3.76805,3.81023,3.73993,3.75399,384190
HDC,6/23/2017 00:00:00,3.73993,3.81023,3.71181,3.73993,213940
HDC,6/26/2017 00:00:00,3.73993,3.99301,3.73993,3.99301,940490
HDC,6/27/2017 00:00:00,4.07737,4.21797,4.04925,4.16173,620380
HDC,6/28/2017 00:00:00,4.16173,4.18985,4.02113,4.10549,252030
HDC,6/29/2017 00:00:00,4.10549,4.38669,4.07737,4.30233,1.6645e+006
HDC,6/30/2017 00:00:00,4.41481,4.41481,4.24609,4.27421,283380
HDC,7/3/2017 00:00:00,4.27421,4.56947,4.23203,4.38669,684940
HDC,7/4/2017 00:00:00,4.38669,4.48511,4.28827,4.38669,313570
HDC,7/5/2017 00:00:00,4.30233,4.41481,4.30233,4.34451,580790
HDC,7/6/2017 00:00:00,4.34451,4.38669,4.31639,4.34451,213080
HDC,7/7/2017 00:00:00,4.30233,4.30233,4.07737,4.10549,709930
HDC,7/10/2017 00:00:00,4.13361,4.18985,4.04925,4.07737,639030
HDC,7/11/2017 00:00:00,4.09143,4.16173,4.02113,4.02113,534300
HDC,7/12/2017 00:00:00,4.10549,4.10549,4.02113,4.07737,156290
HDC,7/13/2017 00:00:00,4.03519,4.27421,3.89459,4.07737,1.16366e+006
HDC,7/14/2017 00:00:00,4.07737,4.20391,3.96489,4.02113,743380
HDC,7/17/2017 00:00:00,4.02113,4.07737,3.90865,3.90865,418560
HDC,7/18/2017 00:00:00,3.93677,4.04925,3.90865,3.96489,283280
HDC,7/19/2017 00:00:00,4.02113,4.04925,3.90865,3.90865,418980
HDC,7/20/2017 00:00:00,3.90865,3.93677,3.81023,3.88053,185700
HDC,7/21/2017 00:00:00,3.88053,4.03519,3.86647,3.90865,540250
HDC,7/24/2017 00:00:00,3.93677,4.03519,3.93677,4.03519,348080
HDC,7/25/2017 00:00:00,4.10549,4.11955,4.03519,4.10549,302200
HDC,7/26/2017 00:00:00,4.16173,4.38669,4.14767,4.38669,603240
HDC,7/27/2017 00:00:00,4.49917,4.49917,4.33045,4.38669,220290
HDC,7/28/2017 00:00:00,4.38669,4.63977,4.33045,4.55541,1.23367e+006
HDC,7/31/2017 00:00:00,4.49917,4.55541,4.44293,4.48511,325450
HDC,8/1/2017 00:00:00,4.44293,4.49917,4.44293,4.49917,254390
HDC,8/2/2017 00:00:00,4.38669,4.49917,4.35857,4.47105,516260
HDC,8/3/2017 00:00:00,4.49917,4.78037,4.49917,4.63977,959570
HDC,8/4/2017 00:00:00,4.78037,4.78037,4.58353,4.59759,337500
HDC,8/7/2017 00:00:00,4.59759,4.63977,4.49917,4.63977,139280
HDC,8/8/2017 00:00:00,4.65383,4.65383,4.41481,4.47105,632920
HDC,8/9/2017 00:00:00,4.49917,4.61165,4.21797,4.38669,816280
HDC,8/10/2017 00:00:00,4.44293,4.47105,4.38669,4.44293,271120
HDC,8/11/2017 00:00:00,4.38669,4.63977,4.38669,4.51323,354230
HDC,8/14/2017 00:00:00,4.52729,4.58353,4.47105,4.55541,494820
HDC,8/15/2017 00:00:00,4.59759,4.59759,4.49917,4.52729,618000
HDC,8/16/2017 00:00:00,4.52729,4.52729,4.45699,4.52729,226350
HDC,8/17/2017 00:00:00,4.52729,4.59759,4.49917,4.52729,228520
HDC,8/18/2017 00:00:00,4.52729,4.78037,4.52729,4.61165,777690
HDC,8/21/2017 00:00:00,4.63977,4.92097,4.63977,4.92097,817830
HDC,8/22/2017 00:00:00,4.92097,5.08969,4.78037,4.83661,758190
HDC,8/23/2017 00:00:00,4.83661,4.89285,4.80849,4.87879,517120
HDC,8/24/2017 00:00:00,4.86473,4.87879,4.78037,4.87879,547660
HDC,8/25/2017 00:00:00,4.97721,5.03345,4.87879,4.92097,834000
HDC,8/28/2017 00:00:00,4.97721,4.97721,4.78037,4.86473,547730
HDC,8/29/2017 00:00:00,4.86473,4.92097,4.72413,4.83661,584490
HDC,8/30/2017 00:00:00,4.83661,4.85067,4.75225,4.76631,518810
HDC,8/31/2017 00:00:00,4.78037,4.94909,4.78037,4.87879,623480
HDC,9/1/2017 00:00:00,5.00533,5.00533,4.86473,4.94909,377000
HDC,9/5/2017 00:00:00,4.92097,5.06157,4.92097,4.97721,485790
HDC,9/6/2017 00:00:00,4.97721,5.06157,4.79443,4.94909,924720
HDC,9/7/2017 00:00:00,4.97721,4.97721,4.78037,4.80849,674910
HDC,9/8/2017 00:00:00,4.80849,4.89285,4.79443,4.80849,448920
HDC,9/11/2017 00:00:00,4.78037,4.83661,4.69601,4.69601,588820
HDC,9/12/2017 00:00:00,4.61165,4.76631,4.61165,4.72413,412040
HDC,9/13/2017 00:00:00,4.68195,4.78037,4.68195,4.71007,422240
HDC,9/14/2017 00:00:00,4.72413,4.73819,4.66789,4.66789,423780
HDC,9/15/2017 00:00:00,4.63977,4.71007,4.42887,4.71007,402160
HDC,9/18/2017 00:00:00,4.71007,4.92097,4.71007,4.92097,424850
HDC,9/19/2017 00:00:00,4.80849,4.89285,4.80849,4.85067,520170
HDC,9/20/2017 00:00:00,4.85067,4.87879,4.82255,4.85067,419030
HDC,9/21/2017 00:00:00,4.85067,4.87879,4.82255,4.86473,466160
HDC,9/22/2017 00:00:00,4.89285,5.08969,4.86473,5.03345,788380
HDC,9/25/2017 00:00:00,5.06157,5.13187,4.96315,5.10375,460290
HDC,9/26/2017 00:00:00,5.03345,5.31464,5.00533,5.1881,836260
HDC,9/27/2017 00:00:00,5.1881,5.24434,5.10375,5.1881,706350
HDC,9/28/2017 00:00:00,5.1881,5.24434,5.03345,5.1881,909940
HDC,9/29/2017 00:00:00,5.14593,5.1881,5.03345,5.06157,508810
HDC,10/2/2017 00:00:00,5.06157,5.14593,4.89285,4.89285,607420
HDC,10/3/2017 00:00:00,4.89285,5.04751,4.80849,4.96315,346350
HDC,10/4/2017 00:00:00,5.03345,5.03345,4.97721,5.01939,312580
HDC,10/5/2017 00:00:00,5.03345,5.03345,4.96315,4.97721,372640
HDC,10/6/2017 00:00:00,4.97721,5.00533,4.86473,4.94909,559350
HDC,10/9/2017 00:00:00,4.94909,5.08969,4.89285,5.08969,634710
HDC,10/10/2017 00:00:00,5.08969,5.15999,5.06157,5.06157,699400
HDC,10/11/2017 00:00:00,5.06157,5.14593,5.04751,5.07563,608330
HDC,10/12/2017 00:00:00,5.07563,5.15999,5.03345,5.11781,449570
HDC,10/13/2017 00:00:00,5.14593,5.2584,5.08969,5.17405,457500
HDC,10/16/2017 00:00:00,5.17405,5.17405,5.11781,5.11781,454360
HDC,10/17/2017 00:00:00,5.11781,5.15999,5.08969,5.10375,415610
HDC,10/18/2017 00:00:00,5.10375,5.10375,5.01939,5.10375,601160
HDC,10/19/2017 00:00:00,5.06157,5.06157,4.97721,4.97721,149510
HDC,10/20/2017 00:00:00,4.97721,5.06157,4.92097,4.97721,114980
HDC,10/23/2017 00:00:00,4.92097,4.97721,4.65383,4.96315,699230
HDC,10/24/2017 00:00:00,4.96315,5.06157,4.89285,5.04751,642890
HDC,10/25/2017 00:00:00,5.06157,5.06157,4.97721,5.00533,395010
HDC,10/26/2017 00:00:00,5.00533,5.04751,4.89285,4.94909,348140
HDC,10/27/2017 00:00:00,4.94909,4.97721,4.90691,4.97721,316140
HDC,10/30/2017 00:00:00,5.03345,5.03345,4.89285,4.97721,217830
HDC,10/31/2017 00:00:00,4.90691,4.93503,4.83661,4.93503,90080
HDC,11/1/2017 00:00:00,4.94909,4.94909,4.78037,4.89285,127800
HDC,11/2/2017 00:00:00,4.89285,4.89285,4.72413,4.83661,397270
HDC,11/3/2017 00:00:00,4.78037,4.83661,4.75225,4.75225,266110
HDC,11/6/2017 00:00:00,4.66789,4.75225,4.55541,4.63977,269290
HDC,11/7/2017 00:00:00,4.66789,4.86473,4.59759,4.78037,623240
HDC,11/8/2017 00:00:00,4.83661,4.83661,4.72413,4.72413,390000
HDC,11/9/2017 00:00:00,4.72413,4.79443,4.66789,4.66789,199730
HDC,11/10/2017 00:00:00,4.63977,4.75225,4.63977,4.73819,315690
HDC,11/13/2017 00:00:00,4.76631,4.78037,4.66789,4.68195,248810
HDC,11/14/2017 00:00:00,4.69601,4.75225,4.63977,4.66789,243930
HDC,11/15/2017 00:00:00,4.66789,4.69601,4.61165,4.66789,214810
HDC,11/16/2017 00:00:00,4.68195,4.94909,4.66789,4.94909,1.04425e+006
HDC,11/17/2017 00:00:00,4.97721,5.03345,4.94909,4.94909,569890
HDC,11/20/2017 00:00:00,4.94909,5.00533,4.86473,4.94909,583320
HDC,11/21/2017 00:00:00,4.89285,4.94909,4.78037,4.86473,250920
HDC,11/22/2017 00:00:00,4.86473,4.86473,4.75225,4.82255,197300
HDC,11/23/2017 00:00:00,4.80849,4.82255,4.68195,4.78037,300640
HDC,11/24/2017 00:00:00,4.78037,4.83661,4.66789,4.80849,390520
HDC,11/27/2017 00:00:00,4.80849,4.89285,4.69601,4.80849,588710
HDC,11/28/2017 00:00:00,4.80849,4.82255,4.72413,4.82255,399830
HDC,11/29/2017 00:00:00,4.82255,4.83661,4.72413,4.80849,270590
HDC,11/30/2017 00:00:00,4.78037,4.78037,4.68195,4.69601,386040
HDC,12/1/2017 00:00:00,4.72413,4.72413,4.38669,4.69601,477240
HDC,12/4/2017 00:00:00,4.69601,4.75225,4.58353,4.71007,245060
HDC,12/5/2017 00:00:00,4.71007,4.71007,4.58353,4.63977,128170
HDC,12/6/2017 00:00:00,4.63977,4.63977,4.55541,4.61165,81340
HDC,12/7/2017 00:00:00,4.61165,4.62571,4.49917,4.61165,111770
HDC,12/8/2017 00:00:00,4.61165,4.61165,4.56947,4.61165,60250
HDC,12/11/2017 00:00:00,4.61165,4.61165,4.49917,4.61165,66590
HDC,12/12/2017 00:00:00,4.52729,4.59759,4.38669,4.58353,241280
HDC,12/13/2017 00:00:00,4.55541,4.55541,4.49917,4.55541,211420
HDC,12/14/2017 00:00:00,4.55541,4.58353,4.47105,4.55541,238230
HDC,12/15/2017 00:00:00,4.55541,4.58353,4.49917,4.55541,135060
HDC,12/18/2017 00:00:00,4.55541,4.78037,4.47105,4.75225,732440
HDC,12/19/2017 00:00:00,4.75225,4.76631,4.63977,4.69601,205620
HDC,12/20/2017 00:00:00,4.69601,4.78037,4.69601,4.78037,528900
HDC,12/21/2017 00:00:00,4.78037,4.78037,4.66789,4.69601,175670
HDC,12/22/2017 00:00:00,4.69601,4.72413,4.56947,4.72413,356970
HDC,12/25/2017 00:00:00,4.69601,4.75225,4.69601,4.72413,246380
HDC,12/26/2017 00:00:00,4.72413,4.72413,4.63977,4.72413,419900
HDC,12/27/2017 00:00:00,4.63977,4.80849,4.63977,4.75225,415080
HDC,12/28/2017 00:00:00,4.72413,4.72413,4.63977,4.63977,71540
HDC,12/29/2017 00:00:00,4.69601,4.71007,4.58353,4.62571,198670
HDC,1/2/2018 00:00:00,4.62571,4.62571,4.54135,4.54135,73580
HDC,1/3/2018 00:00:00,4.54135,4.58353,4.52729,4.54135,71970
HDC,1/4/2018 00:00:00,4.54135,4.55541,4.49917,4.49917,123790
HDC,1/5/2018 00:00:00,4.54135,4.54135,4.38669,4.49917,130200
HDC,1/8/2018 00:00:00,4.44293,4.49917,4.35857,4.38669,158850
HDC,1/9/2018 00:00:00,4.42887,4.42887,4.18985,4.21797,482150
HDC,1/10/2018 00:00:00,4.21797,4.35857,4.13361,4.35857,343170
HDC,1/11/2018 00:00:00,4.35857,4.52729,4.21797,4.40075,379680
HDC,1/12/2018 00:00:00,4.40075,4.40075,4.28827,4.33045,51530
HDC,1/15/2018 00:00:00,4.28827,4.28827,4.21797,4.26015,132700
HDC,1/16/2018 00:00:00,4.21797,4.23203,4.13361,4.20391,144230
HDC,1/17/2018 00:00:00,4.20391,4.21797,4.14767,4.14767,136540
HDC,1/18/2018 00:00:00,4.14767,4.21797,4.13361,4.21797,227390
HDC,1/19/2018 00:00:00,4.24609,4.27421,4.13361,4.27421,175780
HDC,1/22/2018 00:00:00,4.28827,4.28827,4.13361,4.21797,239630
HDC,1/25/2018 00:00:00,4.16173,4.27421,4.10549,4.20391,436050
HDC,1/26/2018 00:00:00,4.16173,4.20391,4.13361,4.20391,316710
HDC,1/29/2018 00:00:00,4.21797,4.21797,4.07737,4.16173,317850
HDC,1/30/2018 00:00:00,4.13361,4.14767,4.02113,4.13361,128930
HDC,1/31/2018 00:00:00,4.07737,4.30233,4.07737,4.26015,506990
HDC,2/1/2018 00:00:00,4.26015,4.27421,4.17579,4.27421,154890
HDC,2/2/2018 00:00:00,4.21797,4.27421,4.16173,4.27421,118460
HDC,2/5/2018 00:00:00,4.27421,4.27421,3.99301,4.16173,198410
HDC,2/6/2018 00:00:00,3.90865,4.09143,3.88053,3.99301,383330
HDC,2/7/2018 00:00:00,4.00707,4.16173,3.96489,3.96489,231850
HDC,2/8/2018 00:00:00,3.96489,3.96489,3.79617,3.79617,272130
HDC,2/9/2018 00:00:00,3.79617,3.79617,3.62746,3.79617,263190
HDC,2/12/2018 00:00:00,3.85241,4.04925,3.79617,4.04925,169060
HDC,2/13/2018 00:00:00,4.16173,4.16173,4.04925,4.10549,353340
HDC,2/21/2018 00:00:00,4.21797,4.21797,4.03519,4.13361,99040
HDC,2/22/2018 00:00:00,4.07737,4.10549,3.96489,4.04925,179440
HDC,2/23/2018 00:00:00,4.04925,4.10549,3.96489,4.07737,439510
HDC,2/26/2018 00:00:00,4.07737,4.07737,3.90865,4.02113,157080
HDC,2/27/2018 00:00:00,3.96489,3.99301,3.85241,3.85241,140860
HDC,2/28/2018 00:00:00,3.88053,3.90865,3.83835,3.90865,334160
HDC,3/1/2018 00:00:00,3.82429,3.90865,3.6837,3.88053,262270
HDC,3/2/2018 00:00:00,3.73993,3.89459,3.73993,3.88053,142400
HDC,3/5/2018 00:00:00,3.88053,3.88053,3.78211,3.78211,292250
HDC,3/6/2018 00:00:00,3.6837,3.79617,3.6837,3.79617,139970
HDC,3/7/2018 00:00:00,3.79617,3.79617,3.59934,3.71181,299740
HDC,3/8/2018 00:00:00,3.71181,3.79617,3.71181,3.73993,72770
HDC,3/9/2018 00:00:00,3.71181,3.76805,3.6837,3.76805,121570
HDC,3/12/2018 00:00:00,3.79617,3.99301,3.79617,3.93677,162180
HDC,3/13/2018 00:00:00,3.88053,3.88053,3.85241,3.88053,95890
HDC,3/14/2018 00:00:00,3.92271,3.93677,3.85241,3.88053,339330
HDC,3/15/2018 00:00:00,3.82429,3.90865,3.82429,3.90865,601620
HDC,3/16/2018 00:00:00,3.92271,4.10549,3.92271,4.00707,247480
HDC,3/19/2018 00:00:00,4.04925,4.11955,4.04925,4.07737,534250
HDC,3/20/2018 00:00:00,4.07737,4.09143,4.04925,4.04925,842010
HDC,3/21/2018 00:00:00,4.09143,4.27421,4.07737,4.13361,535510
HDC,3/22/2018 00:00:00,4.16173,4.18985,4.07737,4.13361,621980
HDC,3/23/2018 00:00:00,4.00707,4.10549,4.00707,4.10549,83900
HDC,3/26/2018 00:00:00,4.02113,4.11955,4.02113,4.10549,201810
HDC,3/27/2018 00:00:00,4.10549,4.16173,4.03519,4.03519,95330
HDC,3/28/2018 00:00:00,4.02113,4.09143,3.99301,4.03519,48030
HDC,3/29/2018 00:00:00,4.03519,4.10549,4.03519,4.07737,169690
HDC,3/30/2018 00:00:00,4.14767,4.35857,4.14767,4.35857,652600
HDC,4/2/2018 00:00:00,4.49917,4.61165,4.38669,4.58353,785980
HDC,4/3/2018 00:00:00,4.59759,4.78037,4.51323,4.69601,1.04675e+006
HDC,4/4/2018 00:00:00,4.69601,4.86473,4.63977,4.75225,675990
HDC,4/5/2018 00:00:00,4.85067,5.00533,4.75225,4.86473,902940
HDC,4/6/2018 00:00:00,4.92097,5.00533,4.86473,4.94909,566780
HDC,4/9/2018 00:00:00,4.94909,5.06157,4.85067,5.00533,834830
HDC,4/10/2018 00:00:00,5.00533,5.06157,4.79443,4.92097,611810
HDC,4/11/2018 00:00:00,4.92097,5.03345,4.87879,4.92097,449800
HDC,4/12/2018 00:00:00,4.89285,5.08969,4.86473,5.06157,749760
HDC,4/13/2018 00:00:00,5.11781,5.23028,5.07563,5.15999,1.22635e+006
HDC,4/16/2018 00:00:00,5.06157,5.15999,5.06157,5.06157,284930
HDC,4/17/2018 00:00:00,5.06157,5.06157,4.92097,5.06157,454510
HDC,4/18/2018 00:00:00,5.03345,5.03345,4.89285,4.89285,367150
HDC,4/19/2018 00:00:00,4.83661,4.83661,4.76631,4.83661,701270
HDC,4/20/2018 00:00:00,4.78037,4.94909,4.78037,4.94909,618980
HDC,4/23/2018 00:00:00,4.94909,5.14593,4.94909,4.94909,384860
HDC,4/24/2018 00:00:00,4.89285,4.97721,4.89285,4.94909,215020
HDC,4/26/2018 00:00:00,4.92097,4.97721,4.76631,4.83661,352950
HDC,4/27/2018 00:00:00,4.73819,4.89285,4.66789,4.89285,267520
HDC,5/2/2018 00:00:00,4.92097,4.97721,4.83661,4.86473,201150
HDC,5/3/2018 00:00:00,4.83661,4.83661,4.72413,4.78037,464840
HDC,5/4/2018 00:00:00,4.78037,4.85067,4.75225,4.85067,364960
HDC,5/7/2018 00:00:00,4.79443,4.85067,4.75225,4.83661,284630
HDC,5/8/2018 00:00:00,4.86473,4.86473,4.52729,4.52729,582720
HDC,5/9/2018 00:00:00,4.58353,4.69601,4.54135,4.55541,613670
HDC,5/10/2018 00:00:00,4.55541,4.55541,4.24609,4.27421,802240
HDC,5/11/2018 00:00:00,4.27421,4.35857,4.18985,4.31639,163970
HDC,5/14/2018 00:00:00,4.31639,4.38669,4.27421,4.37263,89120
HDC,5/15/2018 00:00:00,4.40075,4.66789,4.40075,4.62571,315910
HDC,5/16/2018 00:00:00,4.61165,4.65383,4.58353,4.61165,120410
HDC,5/17/2018 00:00:00,4.52729,4.86473,4.52729,4.78037,130730
HDC,5/18/2018 00:00:00,4.65383,4.80849,4.65383,4.78037,112950
HDC,5/21/2018 00:00:00,4.73819,4.79443,4.72413,4.75225,44760
HDC,5/22/2018 00:00:00,4.65383,4.76631,4.55541,4.58353,189290
HDC,5/23/2018 00:00:00,4.62571,4.68195,4.52729,4.58353,248810
HDC,5/24/2018 00:00:00,4.55541,4.68195,4.55541,4.65383,76730
HDC,5/25/2018 00:00:00,4.58353,4.66789,4.55541,4.55541,143060
HDC,5/28/2018 00:00:00,4.49917,4.61165,4.24609,4.31639,281780
HDC,5/29/2018 00:00:00,4.27421,4.61165,4.27421,4.55541,159640
HDC,5/30/2018 00:00:00,4.41481,4.55541,4.41481,4.55541,27800
HDC,5/31/2018 00:00:00,4.44293,4.61165,4.44293,4.61165,87970
HDC,6/1/2018 00:00:00,4.49917,4.66789,4.49917,4.55541,149650
HDC,6/4/2018 00:00:00,4.49917,4.56947,4.48511,4.49917,220660
HDC,6/5/2018 00:00:00,4.49917,4.55541,4.45699,4.55541,147940
HDC,6/6/2018 00:00:00,4.54135,4.83661,4.51323,4.83661,473880
HDC,6/7/2018 00:00:00,4.86473,4.89285,4.69601,4.69601,187840
HDC,6/8/2018 00:00:00,4.63977,4.72413,4.63977,4.72413,95340
HDC,6/11/2018 00:00:00,4.68195,4.72413,4.63977,4.68195,135780
HDC,6/12/2018 00:00:00,4.63977,4.63977,4.49917,4.58353,270980
HDC,6/13/2018 00:00:00,4.58353,4.75225,4.55541,4.73819,483090
HDC,6/14/2018 00:00:00,4.75225,4.80849,4.59759,4.69601,40980
HDC,6/15/2018 00:00:00,4.66789,4.72413,4.61165,4.63977,123610
HDC,6/18/2018 00:00:00,4.61165,4.63977,4.47105,4.49917,671080
HDC,6/19/2018 00:00:00,4.41481,4.49917,4.24609,4.48511,395630
HDC,6/20/2018 00:00:00,4.40075,4.51323,4.40075,4.49917,122190
HDC,6/21/2018 00:00:00,4.41481,4.52729,4.41481,4.48511,21400
HDC,6/22/2018 00:00:00,4.41481,4.55541,4.41481,4.55541,176930
HDC,6/25/2018 00:00:00,4.55541,4.58353,4.49917,4.58353,425250
HDC,6/26/2018 00:00:00,4.44293,4.58353,4.44293,4.52729,160640
HDC,6/27/2018 00:00:00,4.5824,4.70838,4.5824,4.62965,155790
HDC,6/28/2018 00:00:00,4.62965,4.62965,4.40919,4.5824,19130
HDC,6/29/2018 00:00:00,4.40919,4.56666,4.40919,4.50367,47240
HDC,7/2/2018 00:00:00,4.42493,4.50367,4.18873,4.28321,109470
HDC,7/3/2018 00:00:00,4.28321,4.39344,4.12574,4.18873,222530
HDC,7/4/2018 00:00:00,4.18873,4.25172,4.03126,4.25172,126380
HDC,7/5/2018 00:00:00,4.25172,4.25172,4.03126,4.15723,135710
HDC,7/6/2018 00:00:00,3.99976,4.23597,3.99976,4.20447,116080
HDC,7/9/2018 00:00:00,4.20447,4.20447,4.03126,4.15723,99690
HDC,7/10/2018 00:00:00,4.03126,4.12574,3.96827,4.01551,194240
HDC,7/11/2018 00:00:00,3.98401,3.98401,3.74781,3.87378,281910
HDC,7/12/2018 00:00:00,3.7793,3.88953,3.68482,3.7793,292910
HDC,7/13/2018 00:00:00,3.82654,4.01551,3.7793,3.93677,329220
HDC,7/16/2018 00:00:00,3.93677,3.96827,3.84229,3.96827,10050
HDC,7/17/2018 00:00:00,3.84229,3.98401,3.82654,3.96827,63070
HDC,7/18/2018 00:00:00,3.99976,4.18873,3.93677,4.18873,79910
HDC,7/19/2018 00:00:00,4.09424,4.18873,4.06275,4.15723,69220
HDC,7/20/2018 00:00:00,4.06275,4.12574,3.96827,4.01551,42740
HDC,7/23/2018 00:00:00,4.0785,4.09424,3.7793,3.87378,145930
HDC,7/24/2018 00:00:00,3.90528,4.03126,3.90528,3.93677,229730
HDC,7/25/2018 00:00:00,3.99976,4.047,3.95252,3.95252,147960
HDC,7/26/2018 00:00:00,3.96827,4.22022,3.95252,4.22022,428170
HDC,7/27/2018 00:00:00,4.25172,4.37769,4.25172,4.26746,185200
HDC,7/30/2018 00:00:00,4.28321,4.40919,4.22022,4.37769,81380
HDC,7/31/2018 00:00:00,4.3147,4.47217,4.29896,4.47217,245620
HDC,8/1/2018 00:00:00,4.40919,4.50367,4.40919,4.47217,285950
HDC,8/2/2018 00:00:00,4.40919,4.44068,4.37769,4.40919,230490
HDC,8/3/2018 00:00:00,4.37769,4.40919,4.22022,4.23597,107240
HDC,8/6/2018 00:00:00,4.12574,4.28321,4.12574,4.23597,73080
HDC,8/7/2018 00:00:00,4.18873,4.23597,4.12574,4.12574,55990
HDC,8/8/2018 00:00:00,4.12574,4.22022,4.12574,4.14149,74240
HDC,8/9/2018 00:00:00,4.14149,4.23597,4.14149,4.23597,71540
HDC,8/10/2018 00:00:00,4.14149,4.23597,4.12574,4.18873,134420
HDC,8/13/2018 00:00:00,4.12574,4.18873,4.09424,4.09424,155520
HDC,8/14/2018 00:00:00,4.09424,4.18873,4.09424,4.15723,56700
HDC,8/15/2018 00:00:00,4.12574,4.14149,4.06275,4.09424,130530
HDC,8/16/2018 00:00:00,4.09424,4.09424,3.99976,4.09424,156560
HDC,8/17/2018 00:00:00,4.09424,4.14149,4.09424,4.09424,110280
HDC,8/20/2018 00:00:00,4.03126,4.09424,3.99976,4.09424,81540
HDC,8/21/2018 00:00:00,4.06275,4.18873,4.01551,4.09424,79990
HDC,8/22/2018 00:00:00,4.09424,4.26746,4.09424,4.14149,61530
HDC,8/23/2018 00:00:00,4.12574,4.23597,4.10999,4.14149,12110
HDC,8/24/2018 00:00:00,4.12574,4.15723,4.12574,4.12574,75780
HDC,8/27/2018 00:00:00,4.12574,4.15723,4.06275,4.09424,88620
HDC,8/28/2018 00:00:00,4.06275,4.12574,4.03126,4.09424,99000
HDC,8/29/2018 00:00:00,4.09424,4.12574,3.99976,4.12574,91270
HDC,8/30/2018 00:00:00,4.06275,4.14149,4.03126,4.12574,65870
HDC,8/31/2018 00:00:00,4.12574,4.12574,4.047,4.09424,57050
HDC,9/4/2018 00:00:00,4.06275,4.12574,4.06275,4.09424,75730
HDC,9/5/2018 00:00:00,4.09424,4.14149,4.06275,4.09424,101270
HDC,9/6/2018 00:00:00,4.0785,4.09424,4.06275,4.0785,56400
HDC,9/7/2018 00:00:00,4.06275,4.0785,4.06275,4.0785,30000
HDC,9/10/2018 00:00:00,4.0785,4.09424,4.06275,4.0785,31610
HDC,9/11/2018 00:00:00,4.0785,4.0785,4.047,4.0785,121730
HDC,9/12/2018 00:00:00,4.0785,4.10999,4.06275,4.10999,158100
HDC,9/13/2018 00:00:00,4.12574,4.39344,4.12574,4.26746,218800
HDC,9/14/2018 00:00:00,4.25172,4.3462,4.25172,4.3147,133720
HDC,9/17/2018 00:00:00,4.29896,4.3147,4.22022,4.25172,81380
HDC,9/18/2018 00:00:00,4.22022,4.28321,4.18873,4.28321,131340
HDC,9/19/2018 00:00:00,4.28321,4.29896,4.22022,4.22022,83860
HDC,9/20/2018 00:00:00,4.22022,4.28321,4.18873,4.22022,98560
HDC,9/21/2018 00:00:00,4.25172,4.36194,4.25172,4.3462,259340
HDC,9/24/2018 00:00:00,4.3462,4.37769,4.29896,4.3462,169340
HDC,9/25/2018 00:00:00,4.3462,4.56666,4.3462,4.50367,299320
HDC,9/26/2018 00:00:00,4.50367,4.64539,4.50367,4.55091,147950
HDC,9/27/2018 00:00:00,4.55091,4.56666,4.50367,4.53516,115330
HDC,9/28/2018 00:00:00,4.51942,4.55091,4.48792,4.48792,367060
HDC,10/1/2018 00:00:00,4.47217,4.48792,4.39344,4.40919,182310
HDC,10/2/2018 00:00:00,4.3462,4.39344,4.3462,4.39344,42400
HDC,10/3/2018 00:00:00,4.3462,4.39344,4.26746,4.29896,135010
HDC,10/4/2018 00:00:00,4.29896,4.44068,4.29896,4.40919,142650
HDC,10/5/2018 00:00:00,4.39344,4.40919,4.3462,4.3462,76300
HDC,10/8/2018 00:00:00,4.37769,4.40919,4.3147,4.40919,414920
HDC,10/9/2018 00:00:00,4.44068,4.50367,4.40919,4.44068,136520
HDC,10/10/2018 00:00:00,4.40919,4.44068,4.36194,4.42493,49390
HDC,10/11/2018 00:00:00,4.28321,4.36194,4.22022,4.28321,230090
HDC,10/12/2018 00:00:00,4.23597,4.3147,4.23597,4.28321,95200
HDC,10/15/2018 00:00:00,4.23597,4.3147,4.23597,4.28321,88130
HDC,10/16/2018 00:00:00,4.26746,4.3462,4.25172,4.3462,78320
HDC,10/17/2018 00:00:00,4.3147,4.37769,4.3147,4.36194,21420
HDC,10/18/2018 00:00:00,4.3462,4.37769,4.3147,4.37769,10780
HDC,10/19/2018 00:00:00,4.3462,4.3462,4.29896,4.3462,37700
HDC,10/22/2018 00:00:00,4.3462,4.37769,4.28321,4.33045,63790
HDC,10/23/2018 00:00:00,4.26746,4.33045,4.25172,4.28321,105070
HDC,10/24/2018 00:00:00,4.25172,4.28321,4.22022,4.22022,112760
HDC,10/25/2018 00:00:00,4.09424,4.15723,3.93677,4.15723,175350
HDC,10/26/2018 00:00:00,4.10999,4.12574,4.03126,4.0785,113880
HDC,10/29/2018 00:00:00,3.95252,4.09424,3.93677,4.0785,98450
HDC,10/30/2018 00:00:00,4.047,4.12574,3.98401,4.0785,31440
HDC,10/31/2018 00:00:00,4.03126,4.09424,3.96827,4.06275,125100
HDC,11/1/2018 00:00:00,4.047,4.06275,4.01551,4.06275,60230
HDC,11/2/2018 00:00:00,4.03126,4.15723,4.03126,4.15723,98280
HDC,11/5/2018 00:00:00,4.09424,4.33045,4.09424,4.25172,110680
HDC,11/6/2018 00:00:00,4.18873,4.25172,4.18873,4.25172,13630
HDC,11/7/2018 00:00:00,4.20447,4.40919,4.18873,4.37769,188070
HDC,11/8/2018 00:00:00,4.40919,4.47217,4.3462,4.37769,162260
HDC,11/9/2018 00:00:00,4.42493,4.42493,4.3147,4.37769,40690
HDC,11/12/2018 00:00:00,4.29896,4.37769,4.29896,4.36194,43110
HDC,11/13/2018 00:00:00,4.29896,4.37769,4.29896,4.36194,89520
HDC,11/14/2018 00:00:00,4.33045,4.36194,4.33045,4.36194,49050
HDC,11/15/2018 00:00:00,4.33045,4.36194,4.33045,4.36194,10610
HDC,11/16/2018 00:00:00,4.36194,4.40919,4.3147,4.40919,44190
HDC,11/19/2018 00:00:00,4.3462,4.40919,4.3462,4.39344,29640
HDC,11/20/2018 00:00:00,4.39344,4.40919,4.36194,4.39344,21030
HDC,11/21/2018 00:00:00,4.39344,4.39344,4.3147,4.39344,33570
HDC,11/22/2018 00:00:00,4.33045,4.39344,4.33045,4.37769,25630
HDC,11/23/2018 00:00:00,4.37769,4.37769,4.3462,4.3462,9800
HDC,11/26/2018 00:00:00,4.3462,4.37769,4.33045,4.33045,26700
HDC,11/27/2018 00:00:00,4.33045,4.39344,4.33045,4.3462,70830
HDC,11/28/2018 00:00:00,4.3462,4.37769,4.33045,4.37769,23430
HDC,11/29/2018 00:00:00,4.3462,4.39344,4.3462,4.37769,58360
HDC,11/30/2018 00:00:00,4.37769,4.37769,4.36194,4.37769,12880
HDC,12/3/2018 00:00:00,4.37769,4.56666,4.3462,4.51942,278070
HDC,12/4/2018 00:00:00,4.51942,4.56666,4.45643,4.48792,79250
HDC,12/5/2018 00:00:00,4.44068,4.48792,4.39344,4.44068,42410
HDC,12/6/2018 00:00:00,4.44068,4.69263,4.44068,4.59815,329820
HDC,12/7/2018 00:00:00,4.6139,4.72413,4.59815,4.62965,188320
HDC,12/10/2018 00:00:00,4.62965,4.66114,4.56666,4.62965,59010
HDC,12/11/2018 00:00:00,4.5824,4.59815,4.48792,4.55091,81970
HDC,12/12/2018 00:00:00,4.50367,4.56666,4.44068,4.47217,54330
HDC,12/13/2018 00:00:00,4.50367,4.56666,4.48792,4.50367,54960
HDC,12/14/2018 00:00:00,4.50367,4.56666,4.45643,4.45643,78600
HDC,12/17/2018 00:00:00,4.45643,4.47217,4.40919,4.40919,63350
HDC,12/18/2018 00:00:00,4.37769,4.50367,4.37769,4.40919,29930
HDC,12/19/2018 00:00:00,4.40919,4.44068,4.39344,4.42493,25390
HDC,12/20/2018 00:00:00,4.42493,4.47217,4.37769,4.42493,44470
HDC,12/21/2018 00:00:00,4.42493,4.53516,4.37769,4.51942,81900
HDC,12/24/2018 00:00:00,4.51942,4.56666,4.44068,4.51942,55530
HDC,12/25/2018 00:00:00,4.37769,4.50367,4.3462,4.44068,100440
HDC,12/26/2018 00:00:00,4.40919,4.50367,4.40919,4.44068,28630
HDC,12/27/2018 00:00:00,4.44068,4.47217,4.40919,4.45643,71190
HDC,12/28/2018 00:00:00,4.44068,4.50367,4.40919,4.40919,29760
HDC,1/2/2019 00:00:00,4.42493,4.47217,4.40919,4.47217,13950
HDC,1/3/2019 00:00:00,4.40919,4.47217,4.37769,4.45643,51570
HDC,1/4/2019 00:00:00,4.40919,4.45643,4.40919,4.44068,46990
HDC,1/7/2019 00:00:00,4.40919,4.47217,4.37769,4.40919,39600
HDC,1/8/2019 00:00:00,4.44068,4.50367,4.40919,4.47217,35990
HDC,1/9/2019 00:00:00,4.50367,4.59815,4.50367,4.56666,154260
HDC,1/10/2019 00:00:00,4.56666,4.56666,4.45643,4.45643,114170
HDC,1/11/2019 00:00:00,4.45643,4.56666,4.44068,4.55091,117220
HDC,1/14/2019 00:00:00,4.55091,4.70838,4.53516,4.6139,208960
HDC,1/15/2019 00:00:00,4.59815,4.72413,4.59815,4.67689,300560
HDC,1/16/2019 00:00:00,4.66114,4.70838,4.62965,4.67689,63150
HDC,1/17/2019 00:00:00,4.67689,4.69263,4.53516,4.53516,324210
HDC,1/18/2019 00:00:00,4.53516,4.59815,4.47217,4.53516,147810
HDC,1/21/2019 00:00:00,4.48792,4.53516,4.44068,4.50367,91750
HDC,1/22/2019 00:00:00,4.50367,4.53516,4.44068,4.47217,79210
HDC,1/23/2019 00:00:00,4.48792,4.5824,4.48792,4.50367,34200
HDC,1/24/2019 00:00:00,4.50367,4.56666,4.47217,4.47217,32950
HDC,1/25/2019 00:00:00,4.47217,4.50367,4.44068,4.48792,83410
HDC,1/28/2019 00:00:00,4.48792,4.50367,4.3462,4.40919,113690
HDC,1/29/2019 00:00:00,4.36194,4.47217,4.36194,4.45643,56840
HDC,1/30/2019 00:00:00,4.47217,4.47217,4.36194,4.40919,28390
HDC,1/31/2019 00:00:00,4.40919,4.44068,4.3462,4.42493,30290
HDC,2/1/2019 00:00:00,4.47217,4.47217,4.36194,4.47217,7080
HDC,2/11/2019 00:00:00,4.47217,4.56666,4.44068,4.55091,60840
HDC,2/12/2019 00:00:00,4.55091,4.56666,4.48792,4.53516,66550
HDC,2/13/2019 00:00:00,4.51942,4.55091,4.44068,4.53516,135100
HDC,2/14/2019 00:00:00,4.50367,4.55091,4.50367,4.53516,28460
HDC,2/15/2019 00:00:00,4.50367,4.5824,4.50367,4.55091,107940
HDC,2/18/2019 00:00:00,4.55091,4.59815,4.55091,4.56666,74710
HDC,2/19/2019 00:00:00,4.51942,4.5824,4.48792,4.50367,72360
HDC,2/20/2019 00:00:00,4.47217,4.55091,4.47217,4.47217,100580
HDC,2/21/2019 00:00:00,4.44068,4.50367,4.40919,4.45643,111310
HDC,2/22/2019 00:00:00,4.45643,4.47217,4.37769,4.44068,107080
HDC,2/25/2019 00:00:00,4.40919,4.45643,4.40919,4.45643,119660
HDC,2/26/2019 00:00:00,4.45643,4.45643,4.40919,4.44068,39690
HDC,2/27/2019 00:00:00,4.40919,4.50367,4.40919,4.47217,206950
HDC,2/28/2019 00:00:00,4.47217,4.47217,4.40919,4.44068,89530
HDC,3/1/2019 00:00:00,4.44068,4.47217,4.40919,4.47217,112910
HDC,3/4/2019 00:00:00,4.47217,4.59815,4.47217,4.51942,161600
HDC,3/5/2019 00:00:00,4.47217,4.56666,4.47217,4.51942,56110
HDC,3/6/2019 00:00:00,4.47217,4.53516,4.45643,4.50367,117310
HDC,3/7/2019 00:00:00,4.50367,4.53516,4.47217,4.48792,97740
HDC,3/8/2019 00:00:00,4.47217,4.51942,4.47217,4.50367,98040
HDC,3/11/2019 00:00:00,4.50367,4.81861,4.48792,4.81861,757620
HDC,3/12/2019 00:00:00,5.00758,5.1493,4.94459,5.02332,850780
HDC,3/13/2019 00:00:00,5.00758,5.03907,4.89735,4.94459,186090
HDC,3/14/2019 00:00:00,4.94459,5.10206,4.91309,5.07056,805290
HDC,3/15/2019 00:00:00,5.07056,5.07056,4.96033,5.03907,326740
HDC,3/18/2019 00:00:00,5.00758,5.13355,5.00758,5.13355,424700
HDC,3/19/2019 00:00:00,5.13355,5.1493,5.05482,5.07056,505760
HDC,3/20/2019 00:00:00,5.03907,5.03907,4.97608,5.00758,154330
HDC,3/21/2019 00:00:00,5.00758,5.35401,4.97608,5.16505,1.08513e+006
HDC,3/22/2019 00:00:00,5.16505,5.19654,5.10206,5.13355,440440
HDC,3/25/2019 00:00:00,5.03907,5.07056,4.8816,5.02332,222400
HDC,3/26/2019 00:00:00,5.02332,5.10206,4.96033,4.97608,276760
HDC,3/27/2019 00:00:00,4.97608,5.03907,4.97608,4.99183,187620
HDC,3/28/2019 00:00:00,4.99183,4.99183,4.89735,4.92884,227390
HDC,3/29/2019 00:00:00,4.91309,5.02332,4.91309,4.97608,159370
HDC,4/1/2019 00:00:00,4.97608,5.16505,4.94459,5.13355,337070
HDC,4/2/2019 00:00:00,5.13355,5.417,5.13355,5.35401,1.65334e+006
HDC,4/3/2019 00:00:00,5.32252,5.40125,5.27528,5.27528,337230
HDC,4/4/2019 00:00:00,5.27528,5.57447,5.27528,5.51148,1.23692e+006
HDC,4/5/2019 00:00:00,5.51148,5.57447,5.417,5.49574,519260
HDC,4/8/2019 00:00:00,5.49574,5.49574,5.38551,5.47999,710620
HDC,4/9/2019 00:00:00,5.57447,5.66895,5.13355,5.13355,1.14479e+006
HDC,4/10/2019 00:00:00,5.19654,5.30677,5.16505,5.25953,620340
HDC,4/11/2019 00:00:00,5.22803,5.29102,5.18079,5.19654,261420
HDC,4/12/2019 00:00:00,5.19654,5.35401,5.18079,5.33826,556410
HDC,4/16/2019 00:00:00,5.29102,5.35401,5.25953,5.33826,214270
HDC,4/17/2019 00:00:00,5.33826,5.35401,4.97608,4.97608,1.40984e+006
HDC,4/18/2019 00:00:00,4.94459,4.97608,4.72413,4.81861,617570
HDC,4/19/2019 00:00:00,4.75562,4.91309,4.75562,4.89735,120300
HDC,4/22/2019 00:00:00,4.8816,4.8816,4.72413,4.78712,276080
HDC,4/23/2019 00:00:00,4.8501,4.91309,4.83436,4.8501,371860
HDC,4/24/2019 00:00:00,4.81861,4.89735,4.80286,4.8501,391000
HDC,4/25/2019 00:00:00,4.81861,4.89735,4.80286,4.81861,283920
HDC,4/26/2019 00:00:00,4.78712,4.8501,4.72413,4.72413,278570
HDC,5/2/2019 00:00:00,4.72413,4.81861,4.72413,4.80286,238270
HDC,5/3/2019 00:00:00,4.80286,4.83436,4.77137,4.77137,168660
HDC,5/6/2019 00:00:00,4.69263,4.78712,4.66114,4.67689,266960
HDC,5/7/2019 00:00:00,4.67689,4.72413,4.6139,4.6139,295000
HDC,5/8/2019 00:00:00,4.59815,4.66114,4.56666,4.6139,102040
HDC,5/9/2019 00:00:00,4.6139,4.69263,4.40919,4.53516,408120
HDC,5/10/2019 00:00:00,4.55091,4.62965,4.53516,4.62965,137080
HDC,5/13/2019 00:00:00,4.62965,4.94459,4.62965,4.94459,452930
HDC,5/14/2019 00:00:00,4.8816,5.07056,4.8501,5.03907,197000
HDC,5/15/2019 00:00:00,5.03907,5.13355,4.99183,5.02332,296100
HDC,5/16/2019 00:00:00,4.96033,5.03907,4.94459,4.94459,133180
HDC,5/17/2019 00:00:00,4.94459,5.19654,4.91309,5.1493,655670
HDC,5/20/2019 00:00:00,5.19654,5.21229,5.05482,5.16505,193000
HDC,5/21/2019 00:00:00,5.13355,5.32252,5.13355,5.29102,261560
HDC,5/22/2019 00:00:00,5.29102,5.32252,5.1493,5.1493,335110
HDC,5/23/2019 00:00:00,5.13355,5.32252,5.13355,5.29102,223820
HDC,5/24/2019 00:00:00,5.25953,5.33826,5.19654,5.19654,269540
HDC,5/27/2019 00:00:00,5.13355,5.29102,5.13355,5.22803,160590
HDC,5/28/2019 00:00:00,5.22803,5.25953,5.19654,5.21229,324640
HDC,5/29/2019 00:00:00,5.19654,5.38551,5.19654,5.30677,738360
HDC,5/30/2019 00:00:00,5.30677,5.35401,5.27528,5.32252,141640
HDC,5/31/2019 00:00:00,5.32252,5.35401,5.13355,5.13355,265250
HDC,6/3/2019 00:00:00,5.03907,5.22803,4.94459,4.97608,593320
HDC,6/4/2019 00:00:00,4.97608,5.13355,4.97608,5.03907,258460
HDC,6/5/2019 00:00:00,5.36031,5.36031,4.99813,5.21544,170860
HDC,6/6/2019 00:00:00,5.143,5.25166,5.143,5.21544,68160
HDC,6/7/2019 00:00:00,5.25166,5.57762,5.21544,5.52329,329510
HDC,6/10/2019 00:00:00,5.5414,5.61384,5.50518,5.55951,217770
HDC,6/11/2019 00:00:00,5.57762,5.57762,5.50518,5.52329,220140
HDC,6/12/2019 00:00:00,5.52329,5.5414,5.36031,5.37842,183030
HDC,6/13/2019 00:00:00,5.32409,5.46897,5.32409,5.37842,202350
HDC,6/14/2019 00:00:00,5.37842,5.43275,5.28787,5.28787,286140
HDC,6/17/2019 00:00:00,5.39653,5.43275,5.26976,5.43275,204320
HDC,6/18/2019 00:00:00,5.41464,5.43275,5.3422,5.36031,79640
HDC,6/19/2019 00:00:00,5.39653,5.50518,5.37842,5.41464,254010
HDC,6/20/2019 00:00:00,5.39653,5.65006,5.39653,5.57762,600660
HDC,6/21/2019 00:00:00,5.57762,5.68628,5.52329,5.52329,197740
HDC,6/24/2019 00:00:00,5.52329,5.68628,5.50518,5.52329,294580
HDC,6/25/2019 00:00:00,5.52329,5.59573,5.48707,5.50518,131500
HDC,6/26/2019 00:00:00,5.43275,5.5414,5.43275,5.50518,135370
HDC,6/27/2019 00:00:00,5.43275,5.50518,5.36031,5.41464,310550
HDC,6/28/2019 00:00:00,5.39653,5.45086,5.36031,5.39653,191570
HDC,7/1/2019 00:00:00,5.39653,5.48707,5.36031,5.43275,333870
HDC,7/2/2019 00:00:00,5.43275,5.57762,5.41464,5.5414,300360
HDC,7/3/2019 00:00:00,5.50518,5.65006,5.50518,5.61384,444400
HDC,7/4/2019 00:00:00,5.61384,5.61384,5.5414,5.61384,244060
HDC,7/5/2019 00:00:00,5.59573,5.63195,5.57762,5.57762,325190
HDC,7/8/2019 00:00:00,5.5414,5.59573,5.46897,5.48707,221070
HDC,7/9/2019 00:00:00,5.48707,5.57762,5.48707,5.5414,209730
HDC,7/10/2019 00:00:00,5.5414,5.57762,5.5414,5.5414,154450
HDC,7/11/2019 00:00:00,5.5414,5.57762,5.46897,5.48707,307440
HDC,7/12/2019 00:00:00,5.48707,5.5414,5.46897,5.48707,211210
HDC,7/15/2019 00:00:00,5.46897,5.52329,5.43275,5.48707,362980
HDC,7/16/2019 00:00:00,5.46897,5.48707,5.36031,5.39653,465640
HDC,7/17/2019 00:00:00,5.36031,5.65006,5.36031,5.5414,369700
HDC,7/18/2019 00:00:00,5.50518,5.57762,5.48707,5.50518,174420
HDC,7/19/2019 00:00:00,5.48707,5.57762,5.46897,5.46897,167940
HDC,7/22/2019 00:00:00,5.43275,5.46897,5.41464,5.43275,173530
HDC,7/23/2019 00:00:00,5.46897,5.7406,5.45086,5.68628,727520
HDC,7/24/2019 00:00:00,5.72249,5.97602,5.66817,5.86737,661760
HDC,7/25/2019 00:00:00,5.86737,5.90358,5.81304,5.88548,282490
HDC,7/26/2019 00:00:00,5.92169,5.92169,5.75871,5.84926,413320
HDC,7/29/2019 00:00:00,5.79493,6.04846,5.79493,5.90358,1.05558e+006
HDC,7/30/2019 00:00:00,5.88548,5.95791,5.72249,5.72249,542470
HDC,7/31/2019 00:00:00,5.68628,5.77682,5.65006,5.77682,254680
HDC,8/1/2019 00:00:00,5.72249,5.95791,5.72249,5.95791,922400
HDC,8/2/2019 00:00:00,5.95791,6.01224,5.86737,5.9398,852350
HDC,8/5/2019 00:00:00,5.88548,6.26577,5.88548,6.12089,1.09131e+006
HDC,8/6/2019 00:00:00,6.01224,6.3201,6.01224,6.30199,1.13643e+006
HDC,8/7/2019 00:00:00,6.26577,6.62795,6.26577,6.62795,1.31143e+006
HDC,8/8/2019 00:00:00,6.62795,6.99013,6.62795,6.89959,1.47542e+006
HDC,8/9/2019 00:00:00,6.89959,6.9177,6.75472,6.75472,887660
HDC,8/12/2019 00:00:00,6.80904,7.13501,6.77282,7.13501,788160
HDC,8/13/2019 00:00:00,7.13501,7.38854,6.89959,7.06257,834910
HDC,8/14/2019 00:00:00,7.06257,7.24366,6.88148,6.89959,577330
HDC,8/15/2019 00:00:00,6.82715,6.9177,6.75472,6.9177,619880
HDC,8/16/2019 00:00:00,6.9177,7.15312,6.9177,6.97203,470750
HDC,8/19/2019 00:00:00,7.00824,7.44286,7.00824,7.44286,1.433e+006
HDC,8/20/2019 00:00:00,7.60585,7.64206,7.44286,7.56963,1.08998e+006
HDC,8/21/2019 00:00:00,7.56963,7.60585,7.42475,7.55152,527330
HDC,8/22/2019 00:00:00,7.49719,7.85937,7.49719,7.80505,820470
HDC,8/23/2019 00:00:00,7.80505,7.96803,7.75072,7.93181,684140
HDC,8/26/2019 00:00:00,7.96803,8.14912,7.89559,8.14912,982400
HDC,8/27/2019 00:00:00,8.33021,8.42076,8.1129,8.18534,1.21452e+006
HDC,8/28/2019 00:00:00,8.18534,8.33021,7.89559,7.89559,822560
HDC,8/29/2019 00:00:00,7.82316,8.14912,7.82316,7.94992,1.01803e+006
HDC,8/30/2019 00:00:00,7.94992,8.1129,7.40665,7.40665,2.10138e+006
HDC,9/3/2019 00:00:00,7.24366,7.56963,6.97203,7.37043,1.0877e+006
HDC,9/4/2019 00:00:00,7.37043,7.75072,7.24366,7.7145,741450
HDC,9/5/2019 00:00:00,7.78694,7.82316,7.46097,7.53341,473090
HDC,9/6/2019 00:00:00,7.49719,7.76883,7.44286,7.56963,497610
HDC,9/9/2019 00:00:00,7.56963,7.73261,7.56963,7.69639,349430
HDC,9/10/2019 00:00:00,7.69639,7.78694,7.17123,7.38854,1.86041e+006
HDC,9/11/2019 00:00:00,7.42475,7.55152,7.3161,7.38854,456360
HDC,9/12/2019 00:00:00,7.49719,7.49719,7.35232,7.40665,657190
HDC,9/13/2019 00:00:00,7.40665,7.7145,7.40665,7.7145,490350
HDC,9/16/2019 00:00:00,7.82316,8.07668,7.7145,8.02236,675480
HDC,9/17/2019 00:00:00,8.02236,8.14912,7.89559,8.04047,469310
HDC,9/18/2019 00:00:00,8.00425,8.04047,7.82316,7.89559,438350
HDC,9/19/2019 00:00:00,7.89559,7.96803,7.84127,7.89559,238230
HDC,9/20/2019 00:00:00,7.9137,8.1129,7.9137,7.94992,398050
HDC,9/23/2019 00:00:00,7.96803,8.00425,7.60585,7.60585,765500
HDC,9/24/2019 00:00:00,7.60585,7.73261,7.53341,7.53341,403570
HDC,9/25/2019 00:00:00,7.42475,7.64206,7.42475,7.60585,196840
HDC,9/26/2019 00:00:00,7.60585,7.84127,7.53341,7.53341,285920
HDC,9/27/2019 00:00:00,7.53341,7.67828,7.49719,7.49719,265410
HDC,9/30/2019 00:00:00,7.49719,7.64206,7.42475,7.64206,339550
HDC,10/1/2019 00:00:00,7.64206,8.16723,7.64206,8.16723,1.41543e+006
HDC,10/2/2019 00:00:00,8.25778,8.40265,8.14912,8.14912,778920
HDC,10/3/2019 00:00:00,8.04047,8.6924,7.98614,8.67429,1.51747e+006
HDC,10/4/2019 00:00:00,8.67429,8.74672,8.56563,8.58374,562440
HDC,10/7/2019 00:00:00,8.58374,8.80105,8.40265,8.40265,957670
HDC,10/8/2019 00:00:00,8.33021,8.61996,8.29399,8.61996,800180
HDC,10/9/2019 00:00:00,8.52941,8.87349,8.52941,8.63807,785290
HDC,10/10/2019 00:00:00,8.63807,8.63807,8.43887,8.49319,426950
HDC,10/11/2019 00:00:00,8.49319,8.5113,8.16723,8.18534,953680
HDC,10/14/2019 00:00:00,8.22156,8.22156,7.62396,7.76883,2.17659e+006
HDC,10/15/2019 00:00:00,7.69639,7.94992,7.69639,7.89559,516240
HDC,10/16/2019 00:00:00,7.94992,8.07668,7.85937,8.07668,379760
HDC,10/17/2019 00:00:00,8.07668,8.07668,7.89559,8.04047,300810
HDC,10/18/2019 00:00:00,8.04047,8.04047,7.80505,7.82316,492670
HDC,10/21/2019 00:00:00,7.75072,7.85937,7.7145,7.82316,417940
HDC,10/22/2019 00:00:00,7.82316,7.96803,7.78694,7.94992,317820
HDC,10/23/2019 00:00:00,7.9137,8.18534,7.9137,8.00425,730250
HDC,10/24/2019 00:00:00,8.00425,8.14912,7.94992,8.05857,350410
HDC,10/25/2019 00:00:00,8.05857,8.23967,8.04047,8.07668,274990
HDC,10/28/2019 00:00:00,8.04047,8.20345,8.04047,8.20345,277700
HDC,10/29/2019 00:00:00,8.23967,8.27588,8.05857,8.07668,861950
HDC,10/30/2019 00:00:00,8.07668,8.14912,7.96803,8.07668,266440
HDC,10/31/2019 00:00:00,8.07668,8.16723,7.96803,7.96803,360770
HDC,11/1/2019 00:00:00,7.96803,8.04047,7.89559,7.94992,306250
HDC,11/4/2019 00:00:00,7.96803,8.04047,7.94992,7.94992,206520
HDC,11/5/2019 00:00:00,7.96803,8.43887,7.94992,8.29399,851920
HDC,11/6/2019 00:00:00,8.23967,8.40265,8.23967,8.23967,205240
HDC,11/7/2019 00:00:00,8.23967,8.38454,8.23967,8.27588,545070
HDC,11/8/2019 00:00:00,8.29399,8.33021,8.23967,8.29399,377600
HDC,11/11/2019 00:00:00,8.29399,8.54752,8.29399,8.43887,940920
HDC,11/12/2019 00:00:00,8.43887,8.58374,8.34832,8.47509,616270
HDC,11/13/2019 00:00:00,8.47509,8.5113,8.40265,8.42076,226920
HDC,11/14/2019 00:00:00,8.38454,8.49319,8.36643,8.47509,336450
HDC,11/15/2019 00:00:00,8.47509,8.65618,8.43887,8.54752,497000
HDC,11/18/2019 00:00:00,8.54752,8.58374,8.38454,8.43887,214170
HDC,11/19/2019 00:00:00,8.43887,8.43887,8.29399,8.43887,240190
HDC,11/20/2019 00:00:00,8.40265,8.42076,8.22156,8.22156,335380
HDC,11/21/2019 00:00:00,8.23967,8.40265,8.18534,8.29399,364690
HDC,11/22/2019 00:00:00,8.33021,8.38454,7.96803,7.96803,559740
HDC,11/25/2019 00:00:00,7.96803,8.14912,7.96803,8.02236,424610
HDC,11/26/2019 00:00:00,8.02236,8.18534,8.02236,8.14912,232060
HDC,11/27/2019 00:00:00,8.14912,8.27588,8.14912,8.14912,383000
HDC,11/28/2019 00:00:00,8.1129,8.22156,7.96803,8.1129,309250
HDC,11/29/2019 00:00:00,8.1129,8.20345,8.04047,8.13101,122260
HDC,12/2/2019 00:00:00,8.1129,8.1129,7.96803,7.98614,339690
HDC,12/3/2019 00:00:00,7.98614,8.02236,7.60585,7.60585,469970
HDC,12/4/2019 00:00:00,7.66017,7.89559,7.66017,7.82316,382300
HDC,12/5/2019 00:00:00,7.82316,8.14912,7.82316,8.00425,498630
HDC,12/6/2019 00:00:00,8.00425,8.14912,7.96803,8.07668,98910
HDC,12/9/2019 00:00:00,8.02236,8.1129,8.02236,8.05857,123610
HDC,12/10/2019 00:00:00,8.05857,8.07668,7.89559,8.00425,200530
HDC,12/11/2019 00:00:00,8.09479,8.09479,7.85937,7.96803,121190
HDC,12/12/2019 00:00:00,7.89559,8.00425,7.89559,7.94992,166280
HDC,12/13/2019 00:00:00,7.93181,8.20345,7.93181,8.14912,258450
HDC,12/16/2019 00:00:00,8.13101,8.36643,8.04047,8.36643,572640
HDC,12/17/2019 00:00:00,8.29399,8.47509,8.29399,8.36643,204540
HDC,12/18/2019 00:00:00,8.27588,8.54752,8.27588,8.43887,427560
HDC,12/19/2019 00:00:00,8.43887,8.5113,8.27588,8.40265,310660
HDC,12/20/2019 00:00:00,8.33021,8.47509,8.29399,8.34832,271150
HDC,12/23/2019 00:00:00,8.45698,8.61996,8.38454,8.40265,656630
HDC,12/24/2019 00:00:00,8.40265,8.47509,8.34832,8.40265,153940
HDC,12/25/2019 00:00:00,8.38454,8.98214,8.38454,8.96403,1.75443e+006
HDC,12/26/2019 00:00:00,9.01836,9.01836,8.87349,8.90971,412550
HDC,12/27/2019 00:00:00,8.90971,9.12702,8.85538,8.87349,413690
HDC,12/30/2019 00:00:00,8.83727,8.98214,8.54752,8.65618,968420
HDC,12/31/2019 00:00:00,8.58374,8.65618,8.40265,8.61996,460990
HDC,1/2/2020 00:00:00,8.58374,8.8916,8.58374,8.87349,467470
HDC,1/3/2020 00:00:00,8.87349,8.8916,8.7105,8.87349,529730
HDC,1/6/2020 00:00:00,8.87349,9.16323,8.5113,8.5113,967330
HDC,1/7/2020 00:00:00,8.58374,8.80105,8.54752,8.7105,562870
HDC,1/8/2020 00:00:00,8.6924,8.6924,8.1129,8.18534,951370
HDC,1/9/2020 00:00:00,8.29399,8.38454,8.25778,8.34832,457660
HDC,1/10/2020 00:00:00,8.36643,8.43887,8.00425,8.00425,771780
HDC,1/13/2020 00:00:00,7.89559,8.05857,7.78694,7.96803,597710
HDC,1/14/2020 00:00:00,7.96803,8.22156,7.96803,8.14912,325390
HDC,1/15/2020 00:00:00,8.14912,8.3121,8.13101,8.14912,146430
HDC,1/16/2020 00:00:00,8.18534,8.20345,8.13101,8.14912,240250
HDC,1/17/2020 00:00:00,8.00425,8.14912,7.9137,8.00425,297060
HDC,1/20/2020 00:00:00,8.00425,8.00425,7.78694,7.82316,392600
HDC,1/21/2020 00:00:00,7.82316,8.05857,7.82316,8.05857,173540
HDC,1/22/2020 00:00:00,7.98614,8.20345,7.98614,8.16723,196100
HDC,1/30/2020 00:00:00,8.00425,8.14912,7.85937,7.87748,231350
HDC,1/31/2020 00:00:00,7.67828,7.85937,7.53341,7.60585,778990
HDC,2/3/2020 00:00:00,7.09879,7.20744,7.08068,7.08068,1.13995e+006
HDC,2/4/2020 00:00:00,6.95392,7.17123,6.95392,7.15312,250170
HDC,2/5/2020 00:00:00,7.17123,7.5153,7.15312,7.29799,360280
HDC,2/6/2020 00:00:00,7.29799,7.49719,7.17123,7.49719,223420
HDC,2/7/2020 00:00:00,7.5153,7.53341,7.35232,7.46097,102010
HDC,2/10/2020 00:00:00,7.46097,7.58774,7.35232,7.46097,100320
HDC,2/11/2020 00:00:00,7.46097,7.73261,7.46097,7.73261,306620
HDC,2/12/2020 00:00:00,7.73261,8.00425,7.73261,7.87748,191280
HDC,2/13/2020 00:00:00,7.96803,8.09479,7.85937,7.87748,347490
HDC,2/14/2020 00:00:00,7.87748,7.89559,7.82316,7.84127,183280
HDC,2/17/2020 00:00:00,7.87748,8.05857,7.85937,7.89559,284010
HDC,2/18/2020 00:00:00,7.89559,7.96803,7.80505,7.89559,200900
HDC,2/19/2020 00:00:00,7.9137,8.04047,7.89559,8.02236,216950
HDC,2/20/2020 00:00:00,8.02236,8.18534,7.98614,8.13101,424110
HDC,2/21/2020 00:00:00,8.18534,8.18534,7.96803,7.96803,323640
HDC,2/24/2020 00:00:00,7.76883,7.76883,7.42475,7.42475,683600
HDC,2/25/2020 00:00:00,7.17123,7.60585,7.17123,7.60585,412710
HDC,2/26/2020 00:00:00,7.35232,7.58774,7.35232,7.42475,215870
HDC,2/27/2020 00:00:00,7.3161,7.46097,7.3161,7.46097,227180
HDC,2/28/2020 00:00:00,7.37043,7.37043,6.99013,7.18934,573610
HDC,3/2/2020 00:00:00,7.20744,7.20744,7.02635,7.08068,420280
HDC,3/3/2020 00:00:00,7.13501,7.24366,7.06257,7.08068,386660
HDC,3/4/2020 00:00:00,7.02635,7.38854,7.02635,7.3161,500720
HDC,3/5/2020 00:00:00,7.3161,7.53341,7.27988,7.27988,361060
HDC,3/6/2020 00:00:00,7.20744,7.3161,7.13501,7.27988,245200
HDC,3/9/2020 00:00:00,6.77282,6.84526,6.77282,6.77282,535360
HDC,3/10/2020 00:00:00,6.30199,6.7185,6.30199,6.41064,852860
HDC,3/11/2020 00:00:00,6.50119,6.5193,5.97602,5.97602,1.02539e+006
HDC,3/12/2020 00:00:00,5.55951,5.57762,5.55951,5.55951,321140
HDC,3/13/2020 00:00:00,5.17922,5.55951,5.17922,5.5414,2.51781e+006
HDC,3/16/2020 00:00:00,5.43275,5.59573,5.25166,5.30598,1.18386e+006
HDC,3/17/2020 00:00:00,5.28787,5.66817,4.99813,5.65006,1.60664e+006
HDC,3/18/2020 00:00:00,5.65006,5.75871,5.57762,5.65006,695070
HDC,3/19/2020 00:00:00,5.65006,5.65006,5.32409,5.5414,521350
HDC,3/20/2020 00:00:00,5.46897,5.63195,5.43275,5.61384,553730
HDC,3/23/2020 00:00:00,5.43275,5.50518,5.23355,5.23355,2.20257e+006
HDC,3/24/2020 00:00:00,5.36031,5.5414,5.23355,5.5414,462940
HDC,3/25/2020 00:00:00,5.61384,5.90358,5.5414,5.83115,916650
HDC,3/26/2020 00:00:00,5.83115,5.83115,5.57762,5.68628,533240
HDC,3/27/2020 00:00:00,5.68628,5.75871,5.5414,5.68628,328100
HDC,3/30/2020 00:00:00,5.3422,5.52329,5.32409,5.50518,458240
HDC,3/31/2020 00:00:00,5.68628,5.68628,5.25166,5.48707,290060
HDC,4/1/2020 00:00:00,5.50518,5.63195,5.50518,5.61384,195140
HDC,4/3/2020 00:00:00,5.70438,5.70438,5.61384,5.66817,323390
HDC,4/6/2020 00:00:00,5.79493,5.92169,5.68628,5.90358,508260
HDC,4/7/2020 00:00:00,5.90358,5.92169,5.75871,5.90358,366990
HDC,4/8/2020 00:00:00,5.7406,5.86737,5.7406,5.79493,261300
HDC,4/9/2020 00:00:00,5.79493,6.10279,5.7406,5.9398,498750
HDC,4/10/2020 00:00:00,5.90358,6.03035,5.81304,5.92169,405740
HDC,4/13/2020 00:00:00,5.81304,5.99413,5.81304,5.97602,470180
HDC,4/14/2020 00:00:00,5.97602,6.03035,5.81304,5.97602,518130
HDC,4/15/2020 00:00:00,5.9398,6.12089,5.88548,6.12089,650420
HDC,4/16/2020 00:00:00,6.04846,6.44686,6.04846,6.28388,820820
HDC,4/17/2020 00:00:00,6.37442,6.48308,6.22955,6.22955,795300
HDC,4/20/2020 00:00:00,6.17522,6.30199,6.06657,6.06657,771470
HDC,4/21/2020 00:00:00,5.92169,5.97602,5.65006,5.81304,1.03021e+006
HDC,4/22/2020 00:00:00,5.63195,6.01224,5.63195,6.01224,264740
HDC,4/23/2020 00:00:00,6.06657,6.06657,5.84926,5.88548,320990
HDC,4/24/2020 00:00:00,5.88548,5.95791,5.83115,5.90358,185030
HDC,4/27/2020 00:00:00,6.12089,6.24766,6.03035,6.08468,877340
HDC,4/28/2020 00:00:00,6.139,6.139,5.99413,6.10279,202710
HDC,4/29/2020 00:00:00,6.139,6.17522,6.03035,6.12089,553730
HDC,5/4/2020 00:00:00,6.04846,6.12089,5.97602,6.01224,363050
HDC,5/5/2020 00:00:00,6.01224,6.10279,5.97602,6.08468,163940
HDC,5/6/2020 00:00:00,6.08468,6.39253,6.08468,6.3382,1.11877e+006
HDC,5/7/2020 00:00:00,6.41064,6.41064,6.26577,6.3382,593830
HDC,5/8/2020 00:00:00,6.3382,6.39253,6.15711,6.22955,760200
HDC,5/11/2020 00:00:00,6.22955,6.28388,6.19333,6.24766,574810
HDC,5/12/2020 00:00:00,6.26577,6.48308,6.24766,6.39253,1.09581e+006
HDC,5/13/2020 00:00:00,6.37442,6.59173,6.30199,6.44686,1.22293e+006
HDC,5/14/2020 00:00:00,6.42875,6.48308,6.35631,6.37442,656830
HDC,5/15/2020 00:00:00,6.42875,6.57362,6.35631,6.44686,1.01443e+006
HDC,5/18/2020 00:00:00,6.5193,6.68228,6.48308,6.64606,1.51096e+006
HDC,5/19/2020 00:00:00,6.88148,7.08068,6.68228,6.82715,2.11495e+006
HDC,5/20/2020 00:00:00,6.77282,6.86337,6.66417,6.79093,879440
HDC,5/21/2020 00:00:00,6.84526,6.86337,6.75472,6.75472,996060
HDC,5/22/2020 00:00:00,6.75472,6.75472,6.37442,6.39253,2.06117e+006
HDC,5/25/2020 00:00:00,6.41064,6.66417,6.39253,6.66417,794210
HDC,5/26/2020 00:00:00,6.80904,6.80904,6.59173,6.66417,562180
HDC,5/27/2020 00:00:00,6.7185,6.7185,6.57362,6.60984,786880
HDC,5/28/2020 00:00:00,6.74747,6.87243,6.62252,6.72665,895150
HDC,5/29/2020 00:00:00,6.80995,6.8516,6.66417,6.66417,735010
HDC,6/1/2020 00:00:00,6.66417,6.78912,6.66417,6.66417,534410
HDC,6/2/2020 00:00:00,6.70582,6.78912,6.60169,6.60169,1.05176e+006
HDC,6/3/2020 00:00:00,6.60169,6.62252,6.51839,6.60169,771810
HDC,6/4/2020 00:00:00,6.66417,6.66417,6.56004,6.60169,421560
HDC,6/5/2020 00:00:00,6.60169,6.83077,6.51839,6.83077,1.10508e+006
HDC,6/8/2020 00:00:00,6.95573,7.16398,6.9349,6.99738,1.28473e+006
HDC,6/9/2020 00:00:00,7.08068,7.08068,6.9349,6.9349,687350
HDC,6/10/2020 00:00:00,6.87243,7.16398,6.7683,7.05985,1.35893e+006
HDC,6/11/2020 00:00:00,7.12233,7.24728,6.70582,6.70582,2.16021e+006
HDC,6/12/2020 00:00:00,6.45591,6.83077,6.45591,6.7683,759510
HDC,6/15/2020 00:00:00,6.7683,6.97655,6.58087,6.70582,879270
HDC,6/16/2020 00:00:00,6.83077,6.83077,6.70582,6.78912,454390
HDC,6/17/2020 00:00:00,6.7683,6.80995,6.66417,6.70582,240130
HDC,6/18/2020 00:00:00,6.66417,6.74747,6.62252,6.74747,271290
HDC,6/19/2020 00:00:00,6.7683,7.08068,6.74747,6.99738,1.27232e+006
HDC,6/22/2020 00:00:00,7.08068,7.08068,6.91408,6.91408,709720
HDC,6/23/2020 00:00:00,6.91408,6.95573,6.83077,6.91408,392850
HDC,6/24/2020 00:00:00,6.87243,6.99738,6.74747,6.74747,660610
HDC,6/25/2020 00:00:00,6.66417,6.78912,6.64334,6.7683,724890
HDC,6/26/2020 00:00:00,6.78912,6.78912,6.685,6.70582,313240
HDC,6/29/2020 00:00:00,6.62252,6.66417,6.41426,6.51839,1.02397e+006
HDC,6/30/2020 00:00:00,6.51839,6.58087,6.20601,6.33096,676350
HDC,7/1/2020 00:00:00,6.37261,6.53922,6.33096,6.53922,207510
HDC,7/2/2020 00:00:00,6.53922,6.64334,6.41426,6.49757,164800
HDC,7/3/2020 00:00:00,6.45591,6.51839,6.45591,6.49757,212240
HDC,7/6/2020 00:00:00,6.53922,6.56004,6.49757,6.51839,236230
HDC,7/7/2020 00:00:00,6.53922,6.70582,6.49757,6.62252,476760
HDC,7/8/2020 00:00:00,6.62252,6.66417,6.56004,6.62252,185190
HDC,7/9/2020 00:00:00,6.62252,6.91408,6.60169,6.83077,1.27179e+006
HDC,7/10/2020 00:00:00,6.78912,6.83077,6.62252,6.685,412110
HDC,7/13/2020 00:00:00,6.685,6.78912,6.66417,6.70582,320770
HDC,7/14/2020 00:00:00,6.70582,6.72665,6.64334,6.70582,327770
HDC,7/15/2020 00:00:00,6.70582,6.91408,6.70582,6.83077,1.28595e+006
HDC,7/16/2020 00:00:00,6.87243,6.91408,6.7683,6.80995,360530
HDC,7/17/2020 00:00:00,6.83077,6.91408,6.78912,6.87243,802570
HDC,7/20/2020 00:00:00,6.87243,6.91408,6.80995,6.83077,907430
HDC,7/21/2020 00:00:00,6.83077,6.91408,6.74747,6.91408,675280
HDC,7/22/2020 00:00:00,6.91408,6.97655,6.8516,6.8516,546920
HDC,7/23/2020 00:00:00,6.80995,6.87243,6.70582,6.8516,557430
HDC,7/24/2020 00:00:00,6.83077,6.83077,6.45591,6.51839,1.72445e+006
HDC,7/27/2020 00:00:00,6.24766,6.47674,6.12271,6.12271,1.59196e+006
HDC,7/28/2020 00:00:00,6.37261,6.43509,6.14353,6.41426,640710
HDC,7/29/2020 00:00:00,6.24766,6.31014,6.16436,6.28931,800190
HDC,7/30/2020 00:00:00,6.28931,6.41426,6.28931,6.37261,193120
HDC,7/31/2020 00:00:00,6.20601,6.37261,6.20601,6.33096,380470
HDC,8/3/2020 00:00:00,6.33096,6.47674,6.31014,6.43509,678970
HDC,8/4/2020 00:00:00,6.53922,6.58087,6.45591,6.49757,609390
HDC,8/5/2020 00:00:00,6.58087,6.64334,6.49757,6.64334,1.04258e+006
HDC,8/6/2020 00:00:00,6.60169,6.66417,6.58087,6.62252,585320
HDC,8/7/2020 00:00:00,6.62252,6.8516,6.58087,6.8516,1.22242e+006
HDC,8/10/2020 00:00:00,6.87243,6.9349,6.7683,6.7683,830610
HDC,8/11/2020 00:00:00,6.83077,6.8516,6.66417,6.8516,430570
HDC,8/12/2020 00:00:00,6.89325,6.91408,6.78912,6.91408,911050
HDC,8/13/2020 00:00:00,6.91408,7.30976,6.91408,7.26811,3.5615e+006
HDC,8/14/2020 00:00:00,7.26811,7.45554,7.16398,7.16398,1.66679e+006
HDC,8/17/2020 00:00:00,7.24728,7.62214,7.24728,7.58049,2.32543e+006
HDC,8/18/2020 00:00:00,7.58049,7.6638,7.41389,7.45554,898670
HDC,8/19/2020 00:00:00,7.45554,7.70545,7.39306,7.58049,1.24115e+006
HDC,8/20/2020 00:00:00,7.53884,7.62214,7.39306,7.49719,960200
HDC,8/21/2020 00:00:00,7.49719,7.62214,7.43471,7.49719,1.08846e+006
HDC,8/24/2020 00:00:00,7.58049,7.58049,7.49719,7.58049,1.10201e+006
HDC,8/25/2020 00:00:00,7.6638,7.89288,7.58049,7.70545,1.55032e+006
HDC,8/26/2020 00:00:00,7.70545,7.78875,7.64297,7.72627,825910
HDC,8/27/2020 00:00:00,7.7471,7.85122,7.68462,7.80957,836610
HDC,8/28/2020 00:00:00,7.80957,7.8304,7.62214,7.62214,1.042e+006
HDC,8/31/2020 00:00:00,7.62214,7.6638,7.33059,7.41389,2.00461e+006
HDC,9/1/2020 00:00:00,7.45554,7.58049,7.33059,7.47637,485590
HDC,9/3/2020 00:00:00,7.58049,7.58049,7.41389,7.51802,701930
HDC,9/4/2020 00:00:00,7.41389,7.70545,7.37224,7.64297,1.26626e+006
HDC,9/7/2020 00:00:00,7.6638,7.76792,7.60132,7.60132,1.19417e+006
HDC,9/8/2020 00:00:00,7.60132,7.68462,7.51802,7.62214,705770
HDC,9/9/2020 00:00:00,7.55967,7.8304,7.53884,7.7471,1.41592e+006
HDC,9/10/2020 00:00:00,7.80957,8.12196,7.7471,7.87205,1.96481e+006
HDC,9/11/2020 00:00:00,7.95535,8.14278,7.87205,8.10113,1.37517e+006
HDC,9/14/2020 00:00:00,8.18443,8.53847,8.18443,8.35104,2.34634e+006
HDC,9/15/2020 00:00:00,8.49682,8.87168,8.41351,8.7259,2.49747e+006
HDC,9/16/2020 00:00:00,8.74672,8.76755,8.58012,8.74672,830580
HDC,9/17/2020 00:00:00,8.74672,9.03828,8.62177,8.95498,1.45814e+006
HDC,9/18/2020 00:00:00,8.95498,9.05911,8.74672,8.74672,1.37668e+006
HDC,9/21/2020 00:00:00,8.85085,8.93415,8.53847,8.60094,1.78864e+006
HDC,9/22/2020 00:00:00,8.60094,8.91333,8.60094,8.83002,1.24123e+006
HDC,9/23/2020 00:00:00,8.91333,9.05911,8.74672,8.83002,939140
HDC,9/24/2020 00:00:00,8.76755,8.87168,8.68425,8.83002,581650
HDC,9/25/2020 00:00:00,8.91333,8.91333,8.66342,8.66342,1.1428e+006
HDC,9/28/2020 00:00:00,8.66342,8.83002,8.66342,8.76755,585470
HDC,9/29/2020 00:00:00,8.83002,9.37149,8.8092,9.28819,2.55288e+006
HDC,9/30/2020 00:00:00,9.41314,9.47562,9.18406,9.39231,1.26941e+006
HDC,10/1/2020 00:00:00,9.51727,9.66305,9.45479,9.53809,937930
HDC,10/2/2020 00:00:00,9.6214,9.66305,9.16323,9.57974,2.0133e+006
HDC,10/5/2020 00:00:00,9.7047,9.788,9.45479,9.51727,1.50667e+006
HDC,10/6/2020 00:00:00,9.53809,9.55892,9.39231,9.47562,1.19771e+006
HDC,10/7/2020 00:00:00,9.45479,9.72552,9.45479,9.49644,1.19452e+006
HDC,10/8/2020 00:00:00,9.53809,9.6214,9.41314,9.53809,791020
HDC,10/9/2020 00:00:00,9.66305,10.1212,9.60057,9.99625,1.71911e+006
HDC,10/12/2020 00:00:00,10.1004,10.1004,9.74635,9.99625,1.1236e+006
HDC,10/13/2020 00:00:00,9.91295,9.97543,9.74635,9.85048,710170
HDC,10/14/2020 00:00:00,9.85048,9.89213,9.68387,9.72552,1.08519e+006
HDC,10/15/2020 00:00:00,9.7047,9.82965,9.05911,9.20488,1.72214e+006
HDC,10/16/2020 00:00:00,9.35066,9.35066,8.99663,9.16323,1.11426e+006
HDC,10/19/2020 00:00:00,9.10076,9.55892,9.10076,9.49644,726210
HDC,10/20/2020 00:00:00,9.49644,9.74635,9.47562,9.53809,500990
HDC,10/21/2020 00:00:00,9.57974,9.57974,9.28819,9.28819,538150
HDC,10/22/2020 00:00:00,9.32984,9.43397,9.20488,9.32984,337590
HDC,10/23/2020 00:00:00,9.16323,9.49644,9.16323,9.24654,619560
HDC,10/26/2020 00:00:00,9.37149,9.43397,9.16323,9.16323,670410
HDC,10/27/2020 00:00:00,9.16323,9.32984,8.95498,9.10076,570880
HDC,10/28/2020 00:00:00,9.10076,9.16323,8.91333,8.95498,818280
HDC,10/29/2020 00:00:00,8.78837,8.99663,8.78837,8.95498,438020
HDC,10/30/2020 00:00:00,9.07993,9.57974,9.01746,9.43397,1.29026e+006
HDC,11/2/2020 00:00:00,9.53809,9.57974,9.43397,9.45479,378390
HDC,11/3/2020 00:00:00,9.47562,9.89213,9.47562,9.82965,1.1713e+006
HDC,11/4/2020 00:00:00,9.85048,9.85048,9.14241,9.7047,755370
HDC,11/5/2020 00:00:00,9.74635,9.91295,9.60057,9.76717,505690
HDC,11/6/2020 00:00:00,9.788,10.1004,9.76717,9.93378,1.28014e+006
HDC,11/9/2020 00:00:00,9.93378,10.4128,9.91295,10.4128,1.29651e+006
HDC,11/10/2020 00:00:00,10.621,10.621,10.2878,10.3086,970500
HDC,11/11/2020 00:00:00,10.3503,10.3503,10.0796,10.2462,735900
HDC,11/12/2020 00:00:00,10.3503,10.4752,10.2045,10.4128,1.03936e+006
HDC,11/13/2020 00:00:00,10.4128,10.5169,10.3711,10.4336,560950
HDC,11/16/2020 00:00:00,10.3919,10.6002,10.3086,10.4128,881970
HDC,11/17/2020 00:00:00,10.4336,10.8085,10.4128,10.7668,854840
HDC,11/18/2020 00:00:00,10.746,10.9126,10.621,10.7668,547090
HDC,11/19/2020 00:00:00,10.7668,10.7668,10.6627,10.7251,417720
HDC,11/20/2020 00:00:00,10.7251,10.8293,10.6418,10.8293,636900
HDC,11/23/2020 00:00:00,10.9542,11.2041,10.8293,11.0375,702830
HDC,11/24/2020 00:00:00,10.9542,11.1417,10.8709,11.0584,840610
HDC,11/25/2020 00:00:00,11.0792,11.1208,10.8293,10.8501,683950
HDC,11/26/2020 00:00:00,10.8293,10.8709,10.5794,10.621,1.2688e+006
HDC,11/27/2020 00:00:00,10.6418,10.8293,10.6418,10.8293,661770
HDC,11/30/2020 00:00:00,10.9126,11.0375,10.8293,10.8293,640420
HDC,12/1/2020 00:00:00,10.6002,11.0167,10.6002,10.9126,595840
HDC,12/2/2020 00:00:00,10.9542,11.4749,10.8293,11.3083,1.49236e+006
HDC,12/3/2020 00:00:00,11.3291,11.5373,11.3083,11.5165,799380
HDC,12/4/2020 00:00:00,11.6206,11.9122,11.5165,11.8497,1.33228e+006
HDC,12/7/2020 00:00:00,11.7873,12.4953,11.7873,12.3704,1.39628e+006
HDC,12/8/2020 00:00:00,12.3704,13.1617,12.2871,12.9535,1.17409e+006
HDC,12/9/2020 00:00:00,13.0368,13.0576,12.7452,12.7869,1.00585e+006
HDC,12/10/2020 00:00:00,12.7036,13.0993,12.7036,12.7869,722890
HDC,12/11/2020 00:00:00,12.7452,13.2867,12.7036,13.1617,597950
HDC,12/14/2020 00:00:00,13.4325,13.7449,13.3283,13.4116,554080
HDC,12/15/2020 00:00:00,13.2867,13.4533,13.1826,13.245,651500
HDC,12/16/2020 00:00:00,13.3283,13.7865,13.3283,13.6615,344190
HDC,12/17/2020 00:00:00,13.4533,13.6407,13.2034,13.4116,1.49309e+006
HDC,12/18/2020 00:00:00,13.4533,14.3488,13.4533,14.3488,1.54025e+006
HDC,12/21/2020 00:00:00,14.6612,15.3484,14.6612,15.3484,495140
HDC,12/22/2020 00:00:00,16.1606,16.1814,15.515,16.0148,901230
HDC,12/23/2020 00:00:00,15.8691,16.0981,15.4317,15.4942,913160
HDC,12/24/2020 00:00:00,15.4942,15.515,14.4113,15.0569,2.77829e+006
HDC,12/25/2020 00:00:00,14.9111,15.3901,14.8278,15.2651,1.11203e+006
HDC,12/28/2020 00:00:00,15.2443,16.0357,15.2026,15.7024,939950
HDC,12/29/2020 00:00:00,15.9107,16.0773,15.6191,15.7858,665650
HDC,12/30/2020 00:00:00,15.7024,16.0357,15.2859,15.4942,723090
HDC,12/31/2020 00:00:00,15.5358,15.5358,14.9944,15.3901,1.31431e+006
HDC,1/4/2021 00:00:00,15.3276,16.2231,15.3276,15.8274,1.1139e+006
HDC,1/5/2021 00:00:00,15.8274,16.9312,15.8274,16.8062,1.4556e+006
HDC,1/6/2021 00:00:00,17.4518,17.4518,16.6812,16.7437,934900
HDC,1/7/2021 00:00:00,16.7229,16.7646,16.2856,16.6604,1.1167e+006
HDC,1/8/2021 00:00:00,16.6604,16.7646,16.3897,16.4522,1.0213e+006
HDC,1/11/2021 00:00:00,16.6604,16.6604,15.7441,15.8274,1.6776e+006
HDC,1/12/2021 00:00:00,15.8274,16.4105,15.4109,16.3064,1.2976e+006
HDC,1/13/2021 00:00:00,16.3272,16.4522,15.8482,16.1606,851000
HDC,1/14/2021 00:00:00,16.1606,16.2439,15.8482,16.119,613600
HDC,1/15/2021 00:00:00,16.2439,16.4522,16.0565,16.119,1.0786e+006
HDC,1/18/2021 00:00:00,16.2856,16.8687,16.0357,16.5355,1.6249e+006
HDC,1/19/2021 00:00:00,16.5355,16.6604,15.3901,15.4525,967500
HDC,1/20/2021 00:00:00,15.4525,15.7441,14.3904,15.3692,1.0802e+006
HDC,1/21/2021 00:00:00,15.7024,16.4313,15.4109,16.4313,1.2519e+006
HDC,1/22/2021 00:00:00,17.1186,17.3268,16.6812,17.0145,1.5879e+006
HDC,1/25/2021 00:00:00,17.0145,17.4101,16.8895,16.9312,1.2039e+006
HDC,1/26/2021 00:00:00,16.827,16.952,15.8274,16.5771,1.0554e+006
HDC,1/27/2021 00:00:00,16.3064,16.3897,15.6191,15.9107,1.6168e+006
HDC,1/28/2021 00:00:00,14.8694,15.3901,14.807,14.807,1.2015e+006
HDC,1/29/2021 00:00:00,13.7865,15.3068,13.7865,14.807,1.0204e+006
HDC,2/1/2021 00:00:00,14.5779,15.1818,14.2447,14.4113,876200
HDC,2/2/2021 00:00:00,14.5779,15.2859,14.1614,15.2859,808400
HDC,2/3/2021 00:00:00,15.4109,16.2439,15.4109,16.1606,496900
HDC,2/4/2021 00:00:00,15.9732,16.6188,15.9524,16.3272,498300
HDC,2/5/2021 00:00:00,16.2439,16.6604,16.2439,16.6188,788900
HDC,2/8/2021 00:00:00,16.6604,17.2644,16.0357,16.4105,820100
HDC,2/9/2021 00:00:00,16.4105,16.7854,16.2439,16.6604,633800
HDC,2/17/2021 00:00:00,16.9936,17.8267,16.8687,17.8267,1.5258e+006
HDC,2/18/2021 00:00:00,18.1182,18.743,17.8683,18.4514,893000
HDC,2/19/2021 00:00:00,18.4514,18.5555,18.0557,18.139,1.1977e+006
HDC,2/22/2021 00:00:00,18.139,18.3681,17.4101,17.8683,1.1914e+006
HDC,2/23/2021 00:00:00,17.785,17.91,17.4726,17.7434,1.2868e+006
HDC,2/24/2021 00:00:00,17.7434,18.0766,17.2852,17.4934,1.1922e+006
HDC,2/25/2021 00:00:00,17.7017,17.8683,17.2227,17.3268,1.3889e+006
HDC,2/26/2021 00:00:00,17.0769,17.3268,16.9728,17.1602,1.7537e+006
HDC,3/1/2021 00:00:00,17.1602,17.6184,17.0769,17.5767,1.0496e+006
HDC,3/2/2021 00:00:00,17.8683,17.8683,17.3685,17.5351,736100
HDC,3/3/2021 00:00:00,17.5767,17.7434,17.4934,17.6809,925600
HDC,3/4/2021 00:00:00,17.7225,18.4098,17.7017,17.91,1.5912e+006
HDC,3/5/2021 00:00:00,17.8267,18.1599,17.6392,17.9724,733700
HDC,3/8/2021 00:00:00,18.5347,18.5764,18.0349,18.2432,955700
HDC,3/9/2021 00:00:00,18.2432,19.0762,17.8267,18.743,1.5639e+006
HDC,3/10/2021 00:00:00,18.9512,19.576,18.9512,18.9929,1.1835e+006
HDC,3/11/2021 00:00:00,18.9929,19.2428,18.7846,18.9929,1.0525e+006
HDC,3/12/2021 00:00:00,19.1595,19.2011,18.8263,18.9512,997800
HDC,3/15/2021 00:00:00,18.8263,19.0762,18.4306,18.4931,2.1469e+006
HDC,3/16/2021 00:00:00,18.5347,18.6597,18.1807,18.3889,1.4615e+006
HDC,3/17/2021 00:00:00,18.4931,18.9512,18.4098,18.9096,1.4266e+006
HDC,3/18/2021 00:00:00,19.4927,19.4927,18.9512,18.9512,792500
HDC,3/19/2021 00:00:00,19.1178,19.1178,18.8471,18.8888,672200
HDC,3/22/2021 00:00:00,18.8888,19.4927,18.8679,19.0345,1.0199e+006
HDC,3/23/2021 00:00:00,19.0345,19.1178,18.3681,18.5555,706500
HDC,3/24/2021 00:00:00,18.3265,18.6597,17.91,18.1182,1.1232e+006
HDC,3/25/2021 00:00:00,18.1599,18.3265,17.8891,18.1182,1.2761e+006
HDC,3/26/2021 00:00:00,18.1182,18.2015,17.7017,18.0974,893500
HDC,3/29/2021 00:00:00,18.1182,18.1599,17.5351,17.8267,1.2954e+006
HDC,3/30/2021 00:00:00,17.8267,18.2015,17.785,17.9516,420500
HDC,3/31/2021 00:00:00,18.1182,18.1182,17.4934,17.9516,401100
HDC,4/1/2021 00:00:00,18.0766,18.4098,17.9516,18.4098,588300
HDC,4/2/2021 00:00:00,18.4931,19.1595,18.4931,18.7846,727100
HDC,4/5/2021 00:00:00,18.9512,18.9929,18.4514,18.618,334900
HDC,4/6/2021 00:00:00,18.5347,18.618,18.4098,18.4931,284700
HDC,4/7/2021 00:00:00,18.5347,19.0345,18.4514,18.6597,584500
HDC,4/8/2021 00:00:00,18.8263,18.8263,18.4514,18.5764,416800
HDC,4/9/2021 00:00:00,18.618,18.618,18.3473,18.4098,641100
HDC,4/12/2021 00:00:00,18.5764,18.5764,18.1182,18.2432,745700
HDC,4/13/2021 00:00:00,18.3265,18.3265,17.66,17.8891,720700
HDC,4/14/2021 00:00:00,17.8683,18.5555,17.7017,18.2432,547000
HDC,4/15/2021 00:00:00,18.139,18.3265,17.7434,17.8891,381000
HDC,4/16/2021 00:00:00,17.785,18.0974,17.2852,17.5351,576900
HDC,4/19/2021 00:00:00,17.7017,17.91,17.1186,17.7017,734000
HDC,4/20/2021 00:00:00,17.7017,17.8267,17.431,17.4934,417500
HDC,4/22/2021 00:00:00,17.4934,18.1182,17.0769,17.0769,648100
HDC,4/23/2021 00:00:00,17.0769,17.306,16.7021,17.1602,393000
HDC,4/26/2021 00:00:00,17.1602,17.1602,15.9732,16.3272,620700
HDC,4/27/2021 00:00:00,16.2856,16.4938,15.9107,15.9524,349400
HDC,4/28/2021 00:00:00,16.0357,16.1606,15.9107,15.994,362700
HDC,4/29/2021 00:00:00,15.994,16.4522,15.994,16.4522,793200
HDC,5/4/2021 00:00:00,16.3272,16.9103,16.1606,16.7854,439700
HDC,5/5/2021 00:00:00,16.827,17.1811,16.827,17.0769,359400
HDC,5/6/2021 00:00:00,17.0769,17.0769,16.7437,16.8062,342500
HDC,5/7/2021 00:00:00,16.8687,16.9936,16.4522,16.6604,538200
HDC,5/10/2021 00:00:00,16.3272,16.5146,16.0357,16.2023,696800
HDC,5/11/2021 00:00:00,16.2856,17.2019,15.8274,16.7854,1.0751e+006
HDC,5/12/2021 00:00:00,16.7854,17.1602,16.6604,16.7021,494900
HDC,5/13/2021 00:00:00,16.6604,16.7854,16.5146,16.5355,362100
HDC,5/14/2021 00:00:00,16.4522,16.5355,16.2647,16.2856,556500
HDC,5/17/2021 00:00:00,16.2439,16.2856,15.994,16.0357,400900
HDC,5/18/2021 00:00:00,16.0357,16.0357,15.7441,15.9107,560600
HDC,5/19/2021 00:00:00,16.1814,17.0145,16.1606,17.0145,1.0961e+006
HDC,5/20/2021 00:00:00,17.91,18.1182,17.4934,18.0766,2.211e+006
HDC,5/21/2021 00:00:00,18.2432,18.9929,18.2432,18.8679,1.546e+006
HDC,5/24/2021 00:00:00,19.1595,19.4927,19.097,19.1595,1.1518e+006
HDC,5/25/2021 00:00:00,19.0762,20.4923,18.9929,20.3674,2.9735e+006
HDC,5/26/2021 00:00:00,20.9921,21.242,20.3674,20.8047,1.5409e+006
HDC,5/27/2021 00:00:00,21.242,21.6169,20.6173,20.8255,1.1909e+006
HDC,5/28/2021 00:00:00,20.8255,21.4503,20.4923,21.2004,1.3732e+006
HDC,5/31/2021 00:00:00,21.2004,21.9085,20.7839,21.8252,1.6602e+006
HDC,6/1/2021 00:00:00,21.9918,22.2417,21.8668,21.8668,575500
HDC,6/2/2021 00:00:00,21.4086,22.0751,21.4086,21.8252,649100
HDC,6/3/2021 00:00:00,21.9085,22.2417,21.6586,22.1167,1.1664e+006
HDC,6/4/2021 00:00:00,22.2417,22.2833,21.7419,22.1167,780900
HDC,6/7/2021 00:00:00,22.0751,22.4916,21.242,21.9918,1.1109e+006
HDC,6/8/2021 00:00:00,22.0751,22.2417,21.2837,21.4086,1.1592e+006
HDC,6/9/2021 00:00:00,21.367,22.2833,21.0338,21.8668,1.1078e+006
HDC,6/10/2021 00:00:00,22.0751,23.3662,22.0751,23.3662,1.7165e+006
HDC,6/11/2021 00:00:00,24.0743,24.8657,24.0743,24.3659,966100
HDC,6/14/2021 00:00:00,24.7824,25.8237,24.5741,25.6571,979100
HDC,6/15/2021 00:00:00,25.7404,26.6567,25.4904,26.1985,1.1016e+006
HDC,6/16/2021 00:00:00,26.5317,26.7816,26.0319,26.2402,1.0146e+006
HDC,6/17/2021 00:00:00,26.1569,26.4068,25.907,26.1985,812300
HDC,6/18/2021 00:00:00,26.1985,26.5317,26.1569,26.2402,839200
HDC,6/21/2021 00:00:00,26.2402,27.4897,26.1569,26.7816,1.0755e+006
HDC,6/22/2021 00:00:00,27.0732,27.2398,26.5734,26.8233,618700
HDC,6/23/2021 00:00:00,26.9899,27.1565,26.6567,26.8233,781300
HDC,6/24/2021 00:00:00,26.8233,26.9066,26.615,26.8233,1.3849e+006
HDC,6/25/2021 00:00:00,26.9482,27.0732,26.8233,26.9899,1.3394e+006
HDC,6/28/2021 00:00:00,28.602,28.602,26.9899,27.6139,889300
HDC,6/29/2021 00:00:00,27.6139,27.6139,26.0018,26.2618,1.2621e+006
HDC,6/30/2021 00:00:00,26.2098,27.0419,26.0018,26.9899,1.1222e+006
HDC,7/1/2021 00:00:00,27.3539,27.8219,27.0939,27.6659,862500
HDC,7/2/2021 00:00:00,27.6659,27.6659,27.1459,27.1459,690700
HDC,7/5/2021 00:00:00,27.0419,27.0419,26.2618,26.3138,1.0157e+006
HDC,7/6/2021 00:00:00,26.1058,26.7299,24.4937,24.4937,1.0735e+006
HDC,7/7/2021 00:00:00,25.2218,26.0538,24.4937,25.7678,1.1189e+006
HDC,7/8/2021 00:00:00,26.2618,27.1459,25.8458,26.1578,641100
HDC,7/9/2021 00:00:00,26.2618,26.9379,25.8978,26.2618,873000
HDC,7/12/2021 00:00:00,26.6259,26.6259,24.9617,26.0018,1.3422e+006
HDC,7/13/2021 00:00:00,25.9498,26.2618,25.4818,26.0018,395700
HDC,7/14/2021 00:00:00,26.0018,26.2618,25.2738,25.4818,508100
HDC,7/15/2021 00:00:00,25.4298,25.9498,25.4298,25.7678,354400
HDC,7/16/2021 00:00:00,25.8458,27.5619,25.8458,27.5619,1.4977e+006
HDC,7/19/2021 00:00:00,27.3539,29.4861,27.3539,29.07,1.8744e+006
HDC,7/20/2021 00:00:00,29.3821,30.7341,29.226,29.7461,709000
HDC,7/21/2021 00:00:00,29.5381,30.3181,29.174,29.7461,585200
HDC,7/22/2021 00:00:00,29.6421,30.5261,29.5901,30.4221,772400
HDC,7/23/2021 00:00:00,30.4221,30.9422,30.2141,30.2141,691400
HDC,7/26/2021 00:00:00,30.1621,30.9422,30.0581,30.4741,1.0581e+006
HDC,7/27/2021 00:00:00,30.8382,30.8902,29.9021,30.1621,989400
HDC,7/28/2021 00:00:00,30.0061,30.3181,28.862,29.174,1.66e+006
HDC,7/29/2021 00:00:00,29.226,31.2022,28.394,31.2022,1.7117e+006
HDC,7/30/2021 00:00:00,31.7222,32.1903,30.8902,30.9942,843000
HDC,8/2/2021 00:00:00,30.6821,31.8262,30.6821,31.0982,970700
HDC,8/3/2021 00:00:00,31.0982,32.7623,30.9422,31.8782,1.2757e+006
HDC,8/4/2021 00:00:00,32.2423,32.3463,31.4622,31.6182,863700
HDC,8/5/2021 00:00:00,31.5662,32.2423,31.4622,32.2423,731400
HDC,8/6/2021 00:00:00,32.2423,33.2823,31.7222,32.2423,1.3772e+006
HDC,8/9/2021 00:00:00,32.2423,33.2303,32.1903,33.1263,1.3613e+006
HDC,8/10/2021 00:00:00,33.2823,34.0624,33.1263,33.3863,1.1155e+006
HDC,8/11/2021 00:00:00,33.5423,33.7504,32.7623,32.7623,947300
HDC,8/12/2021 00:00:00,32.7103,33.4383,32.5543,32.5543,711600
HDC,8/13/2021 00:00:00,32.2943,34.5824,31.6182,34.5824,2.4867e+006
HDC,8/16/2021 00:00:00,34.8424,34.9984,34.4264,34.4784,612900
HDC,8/17/2021 00:00:00,34.3224,34.7384,33.5943,33.8024,663200
HDC,8/18/2021 00:00:00,33.5423,34.3224,33.3863,33.7504,559200
HDC,8/19/2021 00:00:00,33.8024,34.3224,33.6984,33.9584,445400
HDC,8/20/2021 00:00:00,33.9584,34.2704,32.2423,33.2823,993000
HDC,8/23/2021 00:00:00,33.1263,33.2823,32.3463,32.5023,1.0853e+006
HDC,8/24/2021 00:00:00,32.5023,33.9064,32.0342,32.2423,1.0481e+006
HDC,8/25/2021 00:00:00,33.0223,33.2823,32.2423,33.2823,524000
HDC,8/26/2021 00:00:00,33.3863,33.5423,33.0223,33.0223,384200
HDC,8/27/2021 00:00:00,32.6063,33.6984,32.6063,33.5423,900300
HDC,8/30/2021 00:00:00,33.8024,34.0624,33.6464,33.8024,567600
HDC,8/31/2021 00:00:00,33.8544,35.0505,33.8544,34.2704,1.4358e+006
HDC,9/1/2021 00:00:00,34.5824,34.6864,34.3224,34.3224,457400
HDC,9/6/2021 00:00:00,34.5304,35.3105,34.5304,34.9984,992900
HDC,9/7/2021 00:00:00,34.9984,34.9984,33.8024,33.8024,1.0411e+006
HDC,9/8/2021 00:00:00,33.8024,34.3224,33.5423,33.8544,656300
HDC,9/9/2021 00:00:00,33.8544,34.1664,33.7504,34.0624,455000
HDC,9/10/2021 00:00:00,34.0624,34.5824,33.9064,34.2704,478500
HDC,9/13/2021 00:00:00,34.2704,34.3224,33.8024,33.8024,402900
HDC,9/14/2021 00:00:00,33.7504,34.2704,33.5423,33.7504,405800
HDC,9/15/2021 00:00:00,33.7504,33.8544,33.5423,33.5423,456400
HDC,9/16/2021 00:00:00,33.5423,34.0104,33.3863,33.8024,564000
HDC,9/17/2021 00:00:00,34.0624,35.5185,34.0624,34.8424,1.1903e+006
HDC,9/20/2021 00:00:00,35.8825,35.8825,35.1545,35.4665,1.0012e+006
HDC,9/21/2021 00:00:00,35.2585,37.9107,34.8424,37.9107,2.292e+006
HDC,9/22/2021 00:00:00,37.9627,38.7947,37.9107,37.9627,760000
HDC,9/23/2021 00:00:00,38.0147,38.5347,36.9226,37.5466,469600
HDC,9/24/2021 00:00:00,37.0266,37.8586,37.0266,37.1826,636100
HDC,9/27/2021 00:00:00,37.3386,37.3386,36.1425,36.3505,935500
HDC,9/28/2021 00:00:00,36.1425,37.3906,36.0385,37.3906,417900
HDC,9/29/2021 00:00:00,37.4426,37.5466,36.9226,37.2866,368700
HDC,9/30/2021 00:00:00,37.0786,39.0027,37.0786,38.2747,498300
HDC,10/1/2021 00:00:00,38.7427,39.6268,38.3267,39.3668,615200
HDC,10/4/2021 00:00:00,39.8868,39.9908,39.5228,39.6268,440200
HDC,10/5/2021 00:00:00,40.0428,41.8629,39.5228,41.6549,722500
HDC,10/6/2021 00:00:00,43.163,43.6831,41.9149,43.6831,854800
HDC,10/7/2021 00:00:00,43.215,46.3872,43.215,45.7632,923300
HDC,10/8/2021 00:00:00,46.7513,46.7513,44.2031,44.2031,1.3362e+006
HDC,10/11/2021 00:00:00,44.2551,45.2432,44.2031,44.2031,778300
HDC,10/12/2021 00:00:00,44.5151,47.0633,44.4111,47.0633,867000
HDC,10/13/2021 00:00:00,47.3753,48.8834,47.3753,48.5714,593700
HDC,10/14/2021 00:00:00,49.7675,49.7675,48.1034,48.8834,783600
HDC,10/15/2021 00:00:00,48.9354,50.1315,48.6234,48.8834,511300
HDC,10/18/2021 00:00:00,48.9354,49.8715,48.8834,49.1434,557600
HDC,10/19/2021 00:00:00,49.1434,49.2994,48.6234,49.1954,359100
HDC,10/20/2021 00:00:00,49.7675,49.7675,47.8954,49.1954,826700
HDC,10/21/2021 00:00:00,49.1434,51.4836,48.7274,49.9755,826300
HDC,10/22/2021 00:00:00,50.7035,50.7035,49.0914,49.2474,946900
HDC,10/25/2021 00:00:00,49.4555,51.2236,49.1434,50.4435,623200
HDC,10/26/2021 00:00:00,50.7035,50.7035,49.6635,49.9755,499900
HDC,10/27/2021 00:00:00,50.4955,52.0036,50.4435,52.0036,743200
HDC,10/28/2021 00:00:00,53.0437,54.6038,53.0437,54.3438,452200
HDC,10/29/2021 00:00:00,56.944,56.944,54.8638,55.4359,616700
HDC,11/1/2021 00:00:00,56.1639,56.4239,54.1358,55.5919,662700
HDC,11/2/2021 00:00:00,56.2679,56.2679,55.1239,56.0079,939800
HDC,11/3/2021 00:00:00,56.1639,58.5041,52.1076,52.1076,2.0042e+006
HDC,11/4/2021 00:00:00,51.4836,53.5637,50.1835,51.5876,1.1789e+006
HDC,11/5/2021 00:00:00,52.9917,52.9917,51.4836,51.5876,777200
HDC,11/8/2021 00:00:00,51.5876,52.5237,50.5475,51.5876,683100
HDC,11/9/2021 00:00:00,52.0036,55.1759,51.5876,55.1759,973500
HDC,11/10/2021 00:00:00,56.788,58.7641,56.58,56.788,622300
HDC,11/11/2021 00:00:00,58.2441,59.8042,56.736,59.2841,740800
HDC,11/12/2021 00:00:00,61.8323,61.8323,57.724,59.8042,393500
HDC,11/15/2021 00:00:00,59.8042,59.8042,55.6439,55.6439,922400
HDC,11/16/2021 00:00:00,54.6038,56.1639,53.0957,54.3438,1.3565e+006
HDC,11/17/2021 00:00:00,54.8638,56.684,54.3438,56.4759,522400
HDC,11/18/2021 00:00:00,56.736,57.204,54.6038,54.6558,480600
HDC,11/19/2021 00:00:00,54.7078,55.6439,50.9636,52.0036,929500
HDC,11/22/2021 00:00:00,52.0036,52.7317,48.3634,48.3634,1.0174e+006
HDC,11/23/2021 00:00:00,44.9831,49.8715,44.9831,49.8715,1.0016e+006
HDC,11/24/2021 00:00:00,52.0036,52.0036,47.9474,48.4154,476900
HDC,11/25/2021 00:00:00,47.3753,49.8715,47.3753,48.5714,739900
HDC,11/26/2021 00:00:00,49.2994,49.2994,46.8033,47.5833,622400
HDC,11/29/2021 00:00:00,46.6993,47.5833,46.6993,46.9073,633900
HDC,11/30/2021 00:00:00,47.6873,49.1434,46.8033,47.3233,433000
HDC,12/1/2021 00:00:00,47.3233,48.1034,47.3233,47.5833,222700
HDC,12/2/2021 00:00:00,47.8433,50.9116,47.8433,50.9116,542000
HDC,12/3/2021 00:00:00,52.0036,54.4478,51.8476,53.8238,1.2751e+006
HDC,12/6/2021 00:00:00,53.8238,53.8238,50.0795,50.1835,513900
HDC,12/7/2021 00:00:00,50.9636,53.6678,49.9235,53.6678,769400
HDC,12/8/2021 00:00:00,55.1239,56.684,54.0838,54.0838,980700
HDC,12/9/2021 00:00:00,53.3557,56.1639,53.3557,54.3438,277100
HDC,12/10/2021 00:00:00,55.1239,56.1119,54.0838,54.5518,429200
HDC,12/13/2021 00:00:00,54.6038,55.6439,54.1878,55.0198,643400
HDC,12/14/2021 00:00:00,55.7479,56.0599,54.6038,55.0198,412800
HDC,12/15/2021 00:00:00,54.7078,54.7078,51.9516,52.5237,1.0079e+006
HDC,12/16/2021 00:00:00,53.0957,53.0957,50.9636,52.5757,935500
HDC,12/17/2021 00:00:00,53.5637,55.3839,53.0437,54.4998,775800
HDC,12/20/2021 00:00:00,55.1239,55.1239,52.5237,52.5757,515300
HDC,12/21/2021 00:00:00,51.9516,53.0437,51.3796,52.8357,883000
HDC,12/22/2021 00:00:00,52.6797,53.3037,51.3796,51.3796,706400
HDC,12/23/2021 00:00:00,51.2756,51.2756,47.8433,47.8433,1.5751e+006
HDC,12/24/2021 00:00:00,48.6234,49.2994,48.3634,48.3634,652600
HDC,12/27/2021 00:00:00,48.4154,50.1835,48.1554,48.3634,327700
HDC,12/28/2021 00:00:00,49.2994,49.8195,48.3634,49.2994,448100
HDC,12/29/2021 00:00:00,49.5075,49.8195,48.3634,48.4154,233400
HDC,12/30/2021 00:00:00,48.6754,49.7155,48.4674,49.3515,354600
HDC,12/31/2021 00:00:00,49.3515,49.6635,48.7794,49.4035,265500
HDC,1/4/2022 00:00:00,49.9235,52.5237,49.8715,52.2117,708800
HDC,1/5/2022 00:00:00,54.8638,55.0718,52.6797,53.0437,555300
HDC,1/6/2022 00:00:00,54.0318,55.1759,52.9917,53.5637,1.0069e+006
HDC,1/7/2022 00:00:00,54.0838,54.0838,52.0036,53.5117,736500
HDC,1/10/2022 00:00:00,53.8238,54.0838,50.7035,50.7035,1.0284e+006
HDC,1/11/2022 00:00:00,50.4435,53.0437,49.9235,51.7436,622300
HDC,1/12/2022 00:00:00,51.7436,51.7956,48.2074,49.4035,741800
HDC,1/13/2022 00:00:00,50.4435,51.3796,49.4035,49.4035,699500
HDC,1/14/2022 00:00:00,49.1434,50.4435,48.4674,49.8715,376800
HDC,1/17/2022 00:00:00,50.7035,50.7035,46.3872,46.3872,707700
HDC,1/18/2022 00:00:00,44.2551,46.0232,43.163,43.163,1.071e+006
HDC,1/19/2022 00:00:00,40.1988,41.6029,40.1468,40.1468,1.435e+006
HDC,1/20/2022 00:00:00,38.4827,42.955,38.4827,42.955,689100
HDC,1/21/2022 00:00:00,45.9192,45.9192,44.9311,45.9192,627200
HDC,1/24/2022 00:00:00,45.5552,46.1272,42.747,42.747,609900
HDC,1/25/2022 00:00:00,41.3429,43.9431,41.3429,43.475,548100
HDC,1/26/2022 00:00:00,43.6831,44.0471,41.4989,41.4989,401600
HDC,1/27/2022 00:00:00,42.0189,42.0189,39.5228,40.8229,415300
HDC,1/28/2022 00:00:00,40.9269,41.6029,39.8868,41.0829,382200
HDC,2/7/2022 00:00:00,42.1229,42.903,41.3429,41.6029,334700
HDC,2/8/2022 00:00:00,41.6549,41.7589,38.6907,38.6907,849800
HDC,2/9/2022 00:00:00,37.4426,41.3949,36.4025,41.0829,885200
HDC,2/10/2022 00:00:00,42.0709,42.591,40.5108,41.1869,415200
HDC,2/11/2022 00:00:00,40.5108,40.9789,40.0428,40.8229,295500
HDC,2/14/2022 00:00:00,40.0428,41.3429,39.5228,40.4588,551600
HDC,2/15/2022 00:00:00,40.4588,41.5509,40.0428,40.9269,482600
HDC,2/16/2022 00:00:00,41.6029,42.383,41.3429,42.279,794000
HDC,2/17/2022 00:00:00,42.903,42.903,41.6029,42.0189,487600
HDC,2/18/2022 00:00:00,41.8629,42.643,41.6029,42.591,466000
HDC,2/21/2022 00:00:00,42.591,45.5552,42.383,45.5552,833400
HDC,2/22/2022 00:00:00,44.2551,48.3114,44.2031,46.7513,1.2444e+006
HDC,2/23/2022 00:00:00,46.7513,47.6873,46.6993,47.2193,468300
HDC,2/24/2022 00:00:00,47.2193,47.2713,43.9431,46.2832,1.1472e+006
HDC,2/25/2022 00:00:00,46.9073,46.9073,45.7632,45.7632,482500
HDC,2/28/2022 00:00:00,45.2432,46.1272,44.7231,45.7112,256500
HDC,3/1/2022 00:00:00,45.2432,48.8834,44.7751,48.8834,1.3224e+006
HDC,3/2/2022 00:00:00,49.9235,49.9235,48.6234,49.1954,782700
HDC,3/3/2022 00:00:00,49.5595,50.3395,49.2474,49.7675,476500
HDC,3/4/2022 00:00:00,49.7155,52.0036,49.2994,51.2756,708900
HDC,3/7/2022 00:00:00,50.9636,52.0036,50.4435,51.2756,474300
HDC,3/8/2022 00:00:00,50.3915,51.2236,48.8834,49.3515,848500
HDC,3/9/2022 00:00:00,48.4154,50.5475,47.8433,49.4035,1.0356e+006
HDC,3/10/2022 00:00:00,50.7035,52.8357,50.1315,52.8357,1.4563e+006
HDC,3/11/2022 00:00:00,54.0318,55.3319,52.5237,52.5237,1.017e+006
HDC,3/14/2022 00:00:00,52.5237,56.0599,52.2637,55.1239,1.3235e+006
HDC,3/15/2022 00:00:00,55.6439,56.4239,54.2918,54.6558,587400
HDC,3/16/2022 00:00:00,55.1239,56.632,54.4998,54.8638,782700
HDC,3/17/2022 00:00:00,55.6439,55.6439,53.4077,53.8238,648900
HDC,3/18/2022 00:00:00,54.0838,55.1239,53.5117,53.8758,343100
HDC,3/21/2022 00:00:00,53.8758,55.1759,53.8758,54.8118,453200
HDC,3/22/2022 00:00:00,55.2279,57.152,54.8118,54.9158,1.05e+006
HDC,3/23/2022 00:00:00,54.9678,55.3839,53.8238,53.9278,699300
HDC,3/24/2022 00:00:00,54.0838,55.1239,53.5637,54.7078,653100
HDC,3/25/2022 00:00:00,54.7078,55.5399,54.0838,54.0838,390500
HDC,3/28/2022 00:00:00,53.0957,53.9798,50.8596,52.4197,1.3893e+006
HDC,3/29/2022 00:00:00,52.8357,54.6038,52.6277,54.2398,527800
HDC,3/30/2022 00:00:00,53.8238,57.1,53.5637,54.3438,1.0827e+006
HDC,3/31/2022 00:00:00,54.3438,55.3319,53.5637,53.5637,494100
HDC,4/1/2022 00:00:00,53.6157,53.8758,53.0437,53.0437,514800
HDC,4/4/2022 00:00:00,53.5117,55.6439,52.5237,53.8238,754500
HDC,4/5/2022 00:00:00,53.8238,55.5399,53.6157,54.6038,597200
HDC,4/6/2022 00:00:00,54.1358,55.6439,52.9917,53.5637,819400
HDC,4/7/2022 00:00:00,53.5637,53.5637,52.5237,53.5117,931200
HDC,4/8/2022 00:00:00,53.1477,54.0318,52.3677,52.6277,636000
HDC,4/12/2022 00:00:00,52.0036,52.6797,48.9874,48.9874,995800
HDC,4/13/2022 00:00:00,48.8834,49.7675,46.5433,49.4555,777900
HDC,4/14/2022 00:00:00,50.4435,50.4435,48.0514,48.9354,379200
HDC,4/15/2022 00:00:00,48.7794,49.1434,47.4273,47.4273,406200
HDC,4/18/2022 00:00:00,47.2713,48.0514,44.7231,45.1912,788200
HDC,4/19/2022 00:00:00,45.2432,46.6473,44.2031,44.9831,559900
HDC,4/20/2022 00:00:00,44.2551,45.7112,41.9149,41.9149,526100
HDC,4/21/2022 00:00:00,40.0428,41.5509,39.0027,39.0027,1.4582e+006
HDC,4/22/2022 00:00:00,39.0027,39.7828,36.2985,36.2985,1.2727e+006
HDC,4/25/2022 00:00:00,36.3505,36.4025,33.8024,33.8024,1.3975e+006
HDC,4/26/2022 00:00:00,31.4622,36.1425,31.4622,36.1425,3.0078e+006
HDC,4/27/2022 00:00:00,36.1425,38.6387,34.8424,38.4827,765200
HDC,4/28/2022 00:00:00,37.9627,38.7427,36.4025,36.4545,759000
HDC,4/29/2022 00:00:00,35.7265,38.7427,35.6225,38.3787,821100
HDC,5/4/2022 00:00:00,38.0147,38.3267,36.4545,36.8186,733700
HDC,5/5/2022 00:00:00,37.4426,37.4426,34.2704,34.8424,1.2042e+006
HDC,5/6/2022 00:00:00,33.2823,34.7904,32.4503,32.4503,834300
HDC,5/9/2022 00:00:00,30.6301,31.1502,30.2141,30.2141,970800
HDC,5/10/2022 00:00:00,28.134,29.07,28.134,28.134,3.4499e+006
HDC,5/11/2022 00:00:00,29.3821,30.0581,28.602,30.0581,1.0426e+006
HDC,5/12/2022 00:00:00,30.7862,31.9822,27.978,27.978,1.3718e+006
HDC,5/13/2022 00:00:00,27.978,28.55,26.0538,26.0538,2.0066e+006
HDC,5/16/2022 00:00:00,27.0419,27.8739,25.8978,26.1058,1.6398e+006
HDC,5/17/2022 00:00:00,26.0538,27.926,26.0018,27.926,925400
HDC,5/18/2022 00:00:00,28.602,29.8501,28.602,28.914,1.2835e+006
HDC,5/19/2022 00:00:00,28.29,29.4861,27.7699,29.174,1.0797e+006
HDC,5/20/2022 00:00:00,29.3821,30.9422,29.174,30.5781,808700
HDC,5/23/2022 00:00:00,31.2022,31.2022,28.446,28.446,1.6013e+006
HDC,5/24/2022 00:00:00,28.602,30.1621,27.5619,30.1621,1.1715e+006
HDC,5/25/2022 00:00:00,30.2661,31.9822,30.0581,31.6702,1.2045e+006
HDC,5/26/2022 00:00:00,31.7222,33.0223,31.5142,32.3983,1.0328e+006
HDC,5/27/2022 00:00:00,32.6583,33.0223,32.2423,32.5023,911200
HDC,5/30/2022 00:00:00,32.7623,33.0223,32.1382,32.5023,883000
HDC,5/31/2022 00:00:00,32.2423,32.5543,31.4622,31.7222,1.0312e+006
HDC,6/1/2022 00:00:00,31.7222,32.2423,30.8382,31.7222,755700
HDC,6/2/2022 00:00:00,31.7222,32.4503,30.9422,30.9422,735200
HDC,6/3/2022 00:00:00,30.9422,31.3062,30.2141,31.3062,668200
HDC,6/6/2022 00:00:00,31.6182,31.6702,29.6421,29.6421,626800
HDC,6/7/2022 00:00:00,29.122,30.4221,27.8219,29.226,1.1185e+006
HDC,6/8/2022 00:00:00,29.7461,31.2542,29.4341,31.2542,778400
HDC,6/9/2022 00:00:00,31.4622,32.5023,31.3062,31.7222,514200
HDC,6/10/2022 00:00:00,31.3582,31.9822,30.6821,30.8382,516600
HDC,6/13/2022 00:00:00,29.122,30.0061,28.706,28.706,1.1996e+006
HDC,6/14/2022 00:00:00,27.3539,29.018,27.3539,27.7179,778500
HDC,6/15/2022 00:00:00,27.7699,28.082,25.7938,25.7938,1.8273e+006
HDC,6/16/2022 00:00:00,27.5619,27.5619,23.9997,23.9997,1.1935e+006
HDC,6/17/2022 00:00:00,22.5176,23.4016,22.3356,22.3356,2.4152e+006
HDC,6/20/2022 00:00:00,22.1015,22.6216,20.7755,20.7755,2.112e+006
HDC,6/21/2022 00:00:00,20.4508,22.0739,19.3147,19.3147,2.1189e+006
HDC,6/22/2022 00:00:00,19.3471,20.6456,18.9576,20.6456,1.9034e+006
HDC,6/23/2022 00:00:00,21.4247,22.0739,21.1001,22.0739,1.1785e+006
HDC,6/24/2022 00:00:00,22.4635,23.5996,22.2362,23.5996,1.8462e+006
HDC,6/27/2022 00:00:00,23.3724,24.8656,23.1776,24.3462,1.8271e+006
HDC,6/28/2022 00:00:00,24.3462,25.2552,23.697,24.541,1.555e+006
HDC,6/29/2022 00:00:00,24.541,25.1253,23.7619,24.8981,1.4508e+006
HDC,6/30/2022 00:00:00,24.9305,25.0604,23.7619,24.0216,1.1568e+006
HDC,7/1/2022 00:00:00,23.8268,25.2552,22.3661,24.2164,1.7315e+006
HDC,7/4/2022 00:00:00,24.4761,24.7358,23.5022,23.8268,600400
HDC,7/5/2022 00:00:00,24.1515,24.1515,22.5933,23.0153,539000
HDC,7/6/2022 00:00:00,22.3985,23.697,22.0739,22.2038,1.0973e+006
HDC,7/7/2022 00:00:00,22.5933,22.8205,22.1064,22.3336,642200
HDC,7/8/2022 00:00:00,22.7556,23.8918,22.7232,23.8918,798700
HDC,7/11/2022 00:00:00,24.1515,25.2552,23.8918,24.7358,2.2697e+006
HDC,7/12/2022 00:00:00,24.8656,26.4562,24.7358,26.4562,1.4341e+006
HDC,7/13/2022 00:00:00,26.8133,27.5599,26.4238,26.9756,1.8014e+006
HDC,7/14/2022 00:00:00,26.8782,27.4626,26.5212,26.9432,1.5193e+006
HDC,7/15/2022 00:00:00,27.5275,27.9495,27.1055,27.1379,1.3833e+006
HDC,7/18/2022 00:00:00,27.3002,27.7222,25.8395,26.5212,1.9447e+006
HDC,7/19/2022 00:00:00,26.4887,27.2029,25.8719,26.8133,1.6903e+006
HDC,7/20/2022 00:00:00,27.5924,28.6636,27.0081,28.6636,1.7934e+006
HDC,7/21/2022 00:00:00,28.7286,29.7349,28.339,28.339,1.886e+006
HDC,7/22/2022 00:00:00,28.1118,28.4364,27.917,27.9819,1.2519e+006
HDC,7/25/2022 00:00:00,27.4626,28.2416,27.0406,27.7872,1.642e+006
HDC,7/26/2022 00:00:00,27.6249,28.339,27.6249,27.7547,762100
HDC,7/27/2022 00:00:00,27.5599,29.5401,27.3327,29.5401,1.9214e+006
HDC,7/28/2022 00:00:00,30.1893,31.358,29.8972,30.0595,2.5538e+006
HDC,7/29/2022 00:00:00,30.0919,30.1893,29.6699,30.1893,1.3051e+006
HDC,8/1/2022 00:00:00,30.3841,31.1307,30.0919,30.4166,1.6646e+006
HDC,8/2/2022 00:00:00,30.4166,30.8061,30.3192,30.3841,1.4736e+006
HDC,8/3/2022 00:00:00,30.449,31.4878,29.8647,31.358,1.6597e+006
HDC,8/4/2022 00:00:00,31.8124,31.8124,30.6763,30.9035,1.5261e+006
HDC,8/5/2022 00:00:00,30.8386,32.4616,30.6113,31.9098,1.4537e+006
HDC,8/8/2022 00:00:00,32.0072,32.3967,31.2281,31.4229,1.3618e+006
HDC,8/9/2022 00:00:00,31.2281,31.9098,31.1956,31.5527,1.1718e+006
HDC,8/10/2022 00:00:00,31.5527,32.3318,31.293,31.9423,1.2195e+006
HDC,8/11/2022 00:00:00,32.2344,32.3967,30.449,30.6438,2.1248e+006
HDC,8/12/2022 00:00:00,30.7087,31.0009,30.5139,30.7087,1.4893e+006
HDC,8/15/2022 00:00:00,31.0658,31.9423,30.6438,31.6176,1.4159e+006
HDC,8/16/2022 00:00:00,31.6826,32.137,31.358,31.7475,795100
HDC,8/17/2022 00:00:00,31.9423,33.9549,31.8773,33.9549,4.7015e+006
HDC,8/18/2022 00:00:00,33.9549,34.734,33.5653,33.825,2.2439e+006
HDC,8/19/2022 00:00:00,33.825,35.578,33.825,34.5392,2.1655e+006
HDC,8/22/2022 00:00:00,34.4743,35.578,33.825,34.9287,2.6003e+006
HDC,8/23/2022 00:00:00,34.4743,35.578,34.2795,35.513,1.6369e+006
HDC,8/24/2022 00:00:00,35.6429,35.9026,35.0586,35.0586,1.7781e+006
HDC,8/25/2022 00:00:00,35.1884,35.7078,34.4093,34.9937,1.7001e+006
HDC,8/26/2022 00:00:00,35.0586,35.6429,34.4093,34.5392,1.8813e+006
HDC,8/29/2022 00:00:00,33.825,35.513,32.7863,35.513,4.2041e+006
HDC,8/30/2022 00:00:00,35.9026,36.5518,35.3832,35.513,1.4588e+006
HDC,8/31/2022 00:00:00,35.0586,35.8377,34.8638,35.3832,1.2089e+006
HDC,9/5/2022 00:00:00,35.3832,36.6167,35.0586,36.357,2.577e+006
HDC,9/6/2022 00:00:00,36.357,36.8764,36.0324,36.2921,951500
HDC,9/7/2022 00:00:00,36.357,36.357,33.7601,33.7601,3.3565e+006
HDC,9/8/2022 00:00:00,33.825,34.0847,31.4229,31.4229,4.4166e+006
HDC,9/9/2022 00:00:00,31.4229,33.046,29.5076,33.046,3.8379e+006
HDC,9/12/2022 00:00:00,33.1109,33.4355,32.137,32.137,1.0912e+006
HDC,9/13/2022 00:00:00,32.1695,32.4616,31.293,32.2344,1.3203e+006
HDC,9/14/2022 00:00:00,31.7475,32.981,31.358,32.5266,1.4929e+006
HDC,9/15/2022 00:00:00,32.6564,32.9161,32.2669,32.4616,832900
HDC,9/16/2022 00:00:00,32.4616,32.4616,30.5789,30.5789,1.3053e+006
HDC,9/19/2022 00:00:00,30.1893,30.449,28.4689,28.4689,3.2266e+006
HDC,9/20/2022 00:00:00,29.0532,29.0532,26.7484,28.4689,1.9191e+006
HDC,9/21/2022 00:00:00,27.9819,28.8909,27.9819,28.2741,608100
HDC,9/22/2022 00:00:00,27.7222,28.9882,27.3976,28.5662,1.1866e+006
HDC,9/23/2022 00:00:00,28.5662,28.8909,27.5275,27.5275,933700
HDC,9/26/2022 00:00:00,25.9044,27.2029,25.6122,25.6122,1.9543e+006
HDC,9/27/2022 00:00:00,25.7096,25.9693,24.541,24.6709,1.8705e+006
HDC,9/28/2022 00:00:00,24.6059,26.3913,24.1515,26.3913,3.0401e+006
HDC,9/29/2022 00:00:00,27.2029,27.2029,24.5735,24.5735,1.443e+006
HDC,9/30/2022 00:00:00,24.8007,26.2615,23.3724,26.2615,2.671e+006
HDC,10/3/2022 00:00:00,26.0018,26.9432,24.9955,25.0604,1.8053e+006
HDC,10/4/2022 00:00:00,25.9044,26.4887,24.8981,25.9369,2.5534e+006
HDC,10/5/2022 00:00:00,26.8782,27.7222,26.5861,27.7222,1.4376e+006
HDC,10/6/2022 00:00:00,28.0469,28.8909,26.5861,26.5861,3.5435e+006
HDC,10/7/2022 00:00:00,25.9693,28.4364,25.6447,27.5924,3.3033e+006
HDC,10/10/2022 00:00:00,27.2678,28.2416,26.9432,27.2678,2.2594e+006
HDC,10/11/2022 00:00:00,27.1379,27.5275,25.385,25.385,1.8511e+006
HDC,10/12/2022 00:00:00,23.6321,25.7096,23.6321,23.6321,5.7964e+006
HDC,10/13/2022 00:00:00,23.6321,24.5735,22.1388,22.2038,2.9188e+006
HDC,10/14/2022 00:00:00,22.853,23.7295,22.0739,23.7295,2.5063e+006
HDC,10/17/2022 00:00:00,24.0216,24.4112,23.2425,23.7944,1.4957e+006
HDC,10/18/2022 00:00:00,24.1515,25.3201,23.7944,24.0865,2.0895e+006
HDC,10/19/2022 00:00:00,24.0216,24.4761,23.3724,23.3724,1.4053e+006
HDC,10/20/2022 00:00:00,23.1776,23.697,22.3011,22.3985,1.8303e+006
HDC,10/21/2022 00:00:00,22.5933,22.5933,20.8404,20.8404,2.8237e+006
HDC,10/24/2022 00:00:00,19.9964,20.7105,19.4121,19.4121,1.4993e+006
HDC,10/25/2022 00:00:00,18.0811,19.4121,18.0811,18.0811,4.9802e+006
HDC,10/26/2022 00:00:00,17.0748,18.0487,16.8476,16.945,7.3262e+006
HDC,10/27/2022 00:00:00,16.8801,18.1136,16.8801,18.1136,1.8224e+006
HDC,10/28/2022 00:00:00,18.5681,19.3796,18.2434,18.3084,2.9521e+006
HDC,10/31/2022 00:00:00,18.3733,18.5031,17.0748,18.3084,2.4074e+006
HDC,11/1/2022 00:00:00,18.5031,19.5744,18.4382,19.5744,2.4063e+006
HDC,11/2/2022 00:00:00,19.899,20.9378,19.6068,20.9053,4.3191e+006
HDC,11/3/2022 00:00:00,20.1262,22.1388,20.1262,21.9441,4.1239e+006
HDC,11/4/2022 00:00:00,21.587,21.8791,20.4184,20.7755,4.6585e+006
HDC,11/7/2022 00:00:00,20.4508,20.6131,19.3471,19.3471,3.9194e+006
HDC,11/8/2022 00:00:00,18.1136,19.9314,18.1136,18.9901,1.3256e+006
HDC,11/9/2022 00:00:00,19.5094,20.2885,19.477,20.2885,1.7354e+006
HDC,11/10/2022 00:00:00,20.0938,21.4247,19.1524,19.8016,5.055e+006
HDC,11/11/2022 00:00:00,20.321,20.6781,19.2822,19.9964,3.0744e+006
HDC,11/14/2022 00:00:00,18.7628,20.2236,18.6005,19.8341,2.7712e+006
HDC,11/15/2022 00:00:00,19.7691,19.7691,18.4707,18.4707,2.1229e+006
HDC,11/16/2022 00:00:00,17.2047,19.7367,17.2047,19.7367,6.3569e+006
HDC,11/17/2022 00:00:00,20.2561,20.7105,19.7367,20.0288,2.9902e+006
HDC,11/18/2022 00:00:00,19.5094,21.4247,19.477,21.4247,3.5187e+006
HDC,11/21/2022 00:00:00,22.2038,22.2038,21.4247,21.587,1.3666e+006
HDC,11/22/2022 00:00:00,21.4247,23.0802,21.1001,21.1001,2.8429e+006
HDC,11/23/2022 00:00:00,20.5158,21.4896,20.1911,20.1911,1.3362e+006
HDC,11/24/2022 00:00:00,20.2236,21.1975,19.5094,21.165,1.1811e+006
HDC,11/25/2022 00:00:00,21.7493,22.5933,21.5221,22.5933,1.2894e+006
HDC,11/28/2022 00:00:00,23.3075,23.6645,21.4247,22.3985,1.9471e+006
HDC,11/29/2022 00:00:00,22.5933,23.9567,21.9765,23.9567,2.3473e+006
HDC,11/30/2022 00:00:00,24.3462,24.6709,23.3724,24.0216,1.8387e+006
HDC,12/1/2022 00:00:00,24.6709,25.2876,22.7556,23.2425,2.378e+006
HDC,12/2/2022 00:00:00,22.9179,24.8656,22.6582,24.8656,1.6975e+006
HDC,12/5/2022 00:00:00,25.3201,25.3201,23.4373,23.4373,1.7553e+006
HDC,12/6/2022 00:00:00,22.9828,23.697,21.8142,21.8142,3.5713e+006
HDC,12/7/2022 00:00:00,21.6844,21.7493,20.2885,20.2885,1.7173e+006
HDC,12/8/2022 00:00:00,20.4833,21.6844,20.4833,21.6844,1.2997e+006
HDC,12/9/2022 00:00:00,22.0739,22.3661,21.1325,21.4247,763900
HDC,12/12/2022 00:00:00,21.7493,22.7232,20.4508,20.4508,856800
HDC,12/13/2022 00:00:00,20.5158,21.4571,20.1911,21.4247,865700
HDC,12/14/2022 00:00:00,21.7818,22.3336,21.4571,22.1388,566300
HDC,12/15/2022 00:00:00,22.2038,23.1127,22.2038,23.1127,1.6289e+006
HDC,12/16/2022 00:00:00,23.1127,23.3075,22.5933,22.9504,704900
HDC,12/19/2022 00:00:00,23.3075,23.3075,21.3598,21.3598,1.6268e+006
HDC,12/20/2022 00:00:00,21.1001,21.5545,19.9964,20.7755,1.5332e+006
HDC,12/21/2022 00:00:00,20.8404,21.0676,19.3471,19.3796,954700
HDC,12/22/2022 00:00:00,19.8665,19.8665,18.8278,19.4121,654200
HDC,12/23/2022 00:00:00,19.3471,20.2561,19.2173,19.8016,577000
HDC,12/26/2022 00:00:00,19.8016,19.8665,18.4382,18.4382,778800
HDC,12/27/2022 00:00:00,18.1785,19.3471,18.0487,19.3471,590600
HDC,12/28/2022 00:00:00,19.5419,19.6718,19.1848,19.6068,313400
HDC,12/29/2022 00:00:00,19.5744,20.1262,19.1848,19.1848,376100
HDC,12/30/2022 00:00:00,19.4445,19.477,18.7628,18.7628,181400
HDC,1/3/2023 00:00:00,19.1524,20.0613,18.8278,20.0613,713000
HDC,1/4/2023 00:00:00,20.6456,20.6456,19.9964,20.0613,457400
HDC,1/5/2023 00:00:00,20.0613,20.1262,19.6068,19.9964,333100
HDC,1/6/2023 00:00:00,20.6456,21.2948,20.1262,20.6456,1.4153e+006
HDC,1/9/2023 00:00:00,20.7755,20.9053,20.1262,20.4508,374700
HDC,1/10/2023 00:00:00,20.6131,20.6131,19.8016,19.9964,359900
HDC,1/11/2023 00:00:00,19.9964,20.4508,19.8016,19.899,426200
HDC,1/12/2023 00:00:00,20.0938,20.2236,19.477,20.1262,514000
HDC,1/13/2023 00:00:00,20.1262,20.2561,19.7367,19.7367,447300
HDC,1/16/2023 00:00:00,19.7691,19.9964,19.2498,19.3471,420100
HDC,1/17/2023 00:00:00,19.2173,20.1911,19.2173,19.9314,598900
HDC,1/18/2023 00:00:00,19.9964,20.7755,19.9964,20.5482,832500
HDC,1/19/2023 00:00:00,20.6781,20.8079,20.3859,20.5807,706300
HDC,1/27/2023 00:00:00,20.7755,20.9053,20.2561,20.2561,767300
HDC,1/30/2023 00:00:00,20.3859,21.6519,20.0938,21.6519,2.3298e+006
HDC,1/31/2023 00:00:00,22.009,22.3985,21.3598,22.2038,2.4536e+006
HDC,2/1/2023 00:00:00,22.3985,22.3985,20.6781,20.6781,2.5788e+006
HDC,2/2/2023 00:00:00,20.7755,20.9702,19.7367,19.9314,1.1984e+006
HDC,2/3/2023 00:00:00,19.9964,20.3859,19.8016,19.8665,734200
HDC,2/6/2023 00:00:00,19.8665,20.4508,19.8016,20.2561,476100
HDC,2/7/2023 00:00:00,20.2885,20.5158,19.5419,19.5744,699200
HDC,2/8/2023 00:00:00,19.5744,19.8665,18.7953,19.5744,942000
HDC,2/9/2023 00:00:00,19.5744,19.6393,19.0874,19.0874,367600
HDC,2/10/2023 00:00:00,19.0874,19.3796,18.7628,18.9251,581100
HDC,2/13/2023 00:00:00,18.6979,18.6979,17.7241,17.789,1.2241e+006
HDC,2/14/2023 00:00:00,18.1461,18.8927,17.789,18.8927,836200
HDC,2/15/2023 00:00:00,18.8278,19.6718,18.633,19.3796,726900
HDC,2/16/2023 00:00:00,19.4121,19.6068,19.2498,19.6068,404700
HDC,2/17/2023 00:00:00,19.4121,20.2561,19.4121,19.4445,481400
HDC,2/20/2023 00:00:00,19.2173,20.4508,19.2173,20.4508,1.397e+006
HDC,2/21/2023 00:00:00,20.6456,20.9702,20.0613,20.0613,1.0132e+006
HDC,2/22/2023 00:00:00,19.8016,19.9964,19.1524,19.1524,943600
HDC,2/23/2023 00:00:00,19.0874,19.8016,18.9576,19.8016,993600
HDC,2/24/2023 00:00:00,19.9639,19.9639,19.4121,19.5094,340700
HDC,2/27/2023 00:00:00,19.0874,19.7367,19.0225,19.3796,935000
HDC,2/28/2023 00:00:00,19.477,19.7691,19.3796,19.5419,465400
HDC,3/1/2023 00:00:00,19.4445,19.7367,19.0874,19.7042,680300
HDC,3/2/2023 00:00:00,19.7691,19.9314,19.5419,19.6718,529400
HDC,3/3/2023 00:00:00,19.7367,19.7367,19.1524,19.2173,478400
HDC,3/6/2023 00:00:00,19.7367,20.2561,19.3796,19.3796,1.1288e+006
HDC,3/7/2023 00:00:00,19.6393,19.8341,19.3471,19.8341,837800
HDC,3/8/2023 00:00:00,19.8016,20.1262,19.477,19.8341,875100
HDC,3/9/2023 00:00:00,19.9964,20.8404,19.9314,20.6456,1.4998e+006
HDC,3/10/2023 00:00:00,20.3859,20.6456,20.1587,20.2561,1.0544e+006
HDC,3/13/2023 00:00:00,20.0613,20.5807,20.0613,20.1911,779100
HDC,3/14/2023 00:00:00,20.1911,20.1911,19.1524,19.3796,1.465e+006
HDC,3/15/2023 00:00:00,19.8016,20.4184,19.6718,20.2236,725900
HDC,3/16/2023 00:00:00,19.6718,20.0288,19.6718,19.7042,492100
HDC,3/17/2023 00:00:00,19.9964,20.0288,19.6393,19.6718,553000
HDC,3/20/2023 00:00:00,19.6718,19.8665,19.4121,19.4121,986000
HDC,3/21/2023 00:00:00,19.477,19.7367,19.4121,19.6718,736600
HDC,3/22/2023 00:00:00,19.8341,20.3859,19.7367,20.0288,896200
HDC,3/23/2023 00:00:00,19.6718,20.321,19.6718,20.1911,457400
HDC,3/24/2023 00:00:00,20.3535,20.4184,20.1262,20.1911,701600
HDC,3/27/2023 00:00:00,20.2885,20.4184,20.1911,20.2885,489500
HDC,3/28/2023 00:00:00,20.4508,20.7755,20.1262,20.1262,1.3175e+006
HDC,3/29/2023 00:00:00,20.1911,20.321,20.0938,20.1587,387000
HDC,3/30/2023 00:00:00,20.3859,20.4833,20.1262,20.1262,611700
HDC,3/31/2023 00:00:00,20.2236,21.0676,20.0613,20.8079,1.1877e+006
HDC,4/3/2023 00:00:00,21.4247,22.009,21.1975,21.4896,2.4342e+006
HDC,4/4/2023 00:00:00,21.7493,21.8142,21.2299,21.7168,1.4909e+006
HDC,4/5/2023 00:00:00,21.7818,21.9441,21.3598,21.7493,1.2207e+006
HDC,4/6/2023 00:00:00,21.7818,22.5608,20.7755,21.0351,1.793e+006
HDC,4/7/2023 00:00:00,21.1001,21.3922,20.5807,21.2299,895800
HDC,4/10/2023 00:00:00,21.6195,21.7493,20.5807,20.7755,1.3448e+006
HDC,4/11/2023 00:00:00,20.6131,21.1001,20.3859,21.1001,862000
HDC,4/12/2023 00:00:00,21.3598,22.5608,21.1001,22.5608,3.1732e+006
HDC,4/13/2023 00:00:00,22.8855,23.2101,22.5284,22.6258,1.8997e+006
HDC,4/14/2023 00:00:00,22.6258,22.6582,21.0676,21.0676,2.5573e+006
HDC,4/17/2023 00:00:00,21.0676,21.4896,20.7755,21.3598,1.4205e+006
HDC,4/18/2023 00:00:00,21.3598,22.0739,21.2299,21.7818,1.07e+006
HDC,4/19/2023 00:00:00,21.8791,21.9441,21.1001,21.1325,883200
HDC,4/20/2023 00:00:00,21.3922,21.6195,21.165,21.4247,590400
HDC,4/21/2023 00:00:00,21.7168,21.7168,21.1325,21.2299,750800
HDC,4/24/2023 00:00:00,20.9053,21.6195,20.8404,21.2299,862600
HDC,4/25/2023 00:00:00,21.5545,21.8791,21.165,21.5545,1.1195e+006
HDC,4/26/2023 00:00:00,21.3598,22.2038,21.3598,22.2038,1.1489e+006
HDC,4/27/2023 00:00:00,22.3336,22.7232,22.2687,22.3661,1.5875e+006
HDC,4/28/2023 00:00:00,22.5284,23.0478,22.2038,22.6907,1.8202e+006
HDC,5/4/2023 00:00:00,22.3661,22.9179,22.1388,22.2362,1.1708e+006
HDC,5/5/2023 00:00:00,22.2362,22.4959,21.8142,22.0739,1.4199e+006
HDC,5/8/2023 00:00:00,22.2362,22.8205,22.0739,22.6582,1.1841e+006
HDC,5/9/2023 00:00:00,22.7556,22.7556,22.2687,22.4635,510200
HDC,5/10/2023 00:00:00,22.6582,23.1776,22.4959,22.7556,1.4179e+006
HDC,5/11/2023 00:00:00,22.9504,23.275,22.6258,22.8205,925500
HDC,5/12/2023 00:00:00,22.853,22.8855,22.3661,22.6258,1.1849e+006
HDC,5/15/2023 00:00:00,22.7232,23.5022,22.7232,23.0478,1.5951e+006
HDC,5/16/2023 00:00:00,23.0478,23.1127,22.6258,22.7232,822400
HDC,5/17/2023 00:00:00,22.7232,22.9504,22.0739,22.1064,913100
HDC,5/18/2023 00:00:00,22.3336,22.4635,21.9441,21.9441,799400
HDC,5/19/2023 00:00:00,22.009,22.3661,21.7493,22.3661,979700
HDC,5/22/2023 00:00:00,22.4635,22.7556,22.3336,22.6582,774700
HDC,5/23/2023 00:00:00,22.6907,22.6907,22.2038,22.2687,794200
HDC,5/24/2023 00:00:00,22.3336,22.5933,22.2362,22.2687,881100
HDC,5/25/2023 00:00:00,21.9765,22.4635,21.9441,22.2687,685600
HDC,5/26/2023 00:00:00,22.5933,23.0478,22.3985,22.5933,1.4026e+006
HDC,5/29/2023 00:00:00,23.0478,23.0478,22.6582,22.7881,804300
HDC,5/30/2023 00:00:00,23.0153,23.9567,23.0153,23.5022,2.0242e+006
HDC,5/31/2023 00:00:00,23.6321,24.1515,23.4048,23.7619,1.4711e+006
HDC,6/1/2023 00:00:00,23.7619,24.0865,23.6645,23.7295,888700
HDC,6/2/2023 00:00:00,23.9892,24.0541,23.4373,23.5347,977600
HDC,6/5/2023 00:00:00,23.697,23.7295,22.9828,23.1776,1.3323e+006
HDC,6/6/2023 00:00:00,23.1776,23.697,22.8855,23.5022,1.1241e+006
HDC,6/7/2023 00:00:00,23.7619,23.9892,23.3724,23.6321,1.0748e+006
HDC,6/8/2023 00:00:00,23.7619,24.3138,23.5672,23.5672,1.425e+006
HDC,6/9/2023 00:00:00,23.5672,24.2164,23.4048,24.0216,1.2052e+006
HDC,6/12/2023 00:00:00,24.0865,24.119,23.5996,23.9242,664600
HDC,6/13/2023 00:00:00,23.9242,24.3462,23.7619,23.7944,786600
HDC,6/14/2023 00:00:00,23.8268,23.9892,23.3724,23.3724,1.3743e+006
HDC,6/15/2023 00:00:00,23.4698,23.5022,23.1127,23.1776,866700
HDC,6/16/2023 00:00:00,23.6241,24.5983,23.5429,23.9488,1.0211e+006
HDC,6/19/2023 00:00:00,23.9894,24.2736,23.5835,23.6241,529800
HDC,6/20/2023 00:00:00,23.7865,24.03,23.5429,24.03,712400
HDC,6/21/2023 00:00:00,24.3548,24.3548,23.9488,24.1518,543500
HDC,6/22/2023 00:00:00,24.3548,24.8824,24.3548,24.5577,1.4338e+006
HDC,6/23/2023 00:00:00,24.5577,24.5983,24.2736,24.3142,1.0456e+006
HDC,6/26/2023 00:00:00,24.3142,24.3142,23.5429,23.7459,1.5444e+006
HDC,6/27/2023 00:00:00,23.7865,24.03,23.7053,23.7053,559400
HDC,6/28/2023 00:00:00,23.8677,24.03,23.6241,23.6241,594900
HDC,6/29/2023 00:00:00,23.6241,23.6241,23.0964,23.0964,804200
HDC,6/30/2023 00:00:00,23.0964,23.137,22.6905,22.7311,859400
HDC,7/3/2023 00:00:00,22.9747,23.2994,22.4876,23.2994,515500
HDC,7/4/2023 00:00:00,23.137,23.4618,22.9747,23.34,459500
HDC,7/5/2023 00:00:00,23.6241,23.6241,23.2182,23.2182,770000
HDC,7/6/2023 00:00:00,23.137,23.2182,22.7311,22.9747,367200
HDC,7/7/2023 00:00:00,22.7311,23.0964,22.4876,23.0558,558900
HDC,7/10/2023 00:00:00,23.0964,23.5429,23.0558,23.5429,854000
HDC,7/11/2023 00:00:00,23.7053,23.7865,23.3806,23.4618,998900
HDC,7/12/2023 00:00:00,23.4618,23.7053,23.1776,23.7053,756100
HDC,7/13/2023 00:00:00,24.03,25.329,23.9894,25.329,4.1706e+006
HDC,7/14/2023 00:00:00,25.6537,27.0744,25.5725,27.0744,3.1087e+006
HDC,7/17/2023 00:00:00,27.0338,28.4139,26.8714,27.805,2.3948e+006
HDC,7/18/2023 00:00:00,27.7238,29.7128,27.2773,29.7128,3.2494e+006
HDC,7/19/2023 00:00:00,30.3623,30.8088,29.2257,29.6316,2.1461e+006
HDC,7/20/2023 00:00:00,29.6316,31.7018,29.3069,31.6206,2.7735e+006
HDC,7/21/2023 00:00:00,31.6206,32.3106,31.0523,31.5394,2.1174e+006
HDC,7/24/2023 00:00:00,31.6612,32.1889,30.89,31.6206,2.8451e+006
HDC,7/25/2023 00:00:00,31.8236,32.3512,31.2147,31.7424,2.9558e+006
HDC,7/26/2023 00:00:00,31.4988,32.1483,31.4176,31.5394,2.6827e+006
HDC,7/27/2023 00:00:00,31.4582,33.569,31.2553,31.9859,1.27329e+007
HDC,7/28/2023 00:00:00,31.9453,31.9859,31.2553,31.3365,4.8303e+006
HDC,7/31/2023 00:00:00,31.0929,31.3365,29.7128,29.9969,9.7067e+006
HDC,8/1/2023 00:00:00,30.3623,31.3771,30.0375,30.0375,6.7438e+006
HDC,8/2/2023 00:00:00,30.2811,30.687,30.0781,30.1999,4.8366e+006
HDC,8/3/2023 00:00:00,30.1999,30.9711,29.9158,30.0375,8.5069e+006
HDC,8/4/2023 00:00:00,30.4435,30.7276,29.9969,30.6058,7.4197e+006
HDC,8/7/2023 00:00:00,30.9711,31.4582,29.794,29.8752,1.27123e+007
HDC,8/8/2023 00:00:00,29.8752,30.1187,28.901,28.901,1.22781e+007
HDC,8/9/2023 00:00:00,28.6574,29.8752,28.4951,29.3069,6.3694e+006
HDC,8/10/2023 00:00:00,29.5099,29.7534,29.0633,29.2663,4.5331e+006
HDC,8/11/2023 00:00:00,29.2663,29.9564,28.8198,29.9564,5.6757e+006
HDC,8/14/2023 00:00:00,30.4435,31.1741,30.0375,30.5246,7.9801e+006
HDC,8/15/2023 00:00:00,30.8494,30.8494,30.0375,30.0375,4.7756e+006
HDC,8/16/2023 00:00:00,30.0375,30.5246,29.794,30.2811,4.4352e+006
HDC,8/17/2023 00:00:00,30.2811,30.687,29.7128,29.7128,4.7423e+006
HDC,8/18/2023 00:00:00,29.4693,29.591,27.6427,27.6427,7.0446e+006
HDC,8/21/2023 00:00:00,27.0338,27.4803,26.0596,26.3031,4.9626e+006
HDC,8/22/2023 00:00:00,26.3843,26.9526,25.1666,26.8714,4.6356e+006
HDC,8/23/2023 00:00:00,27.0338,27.2773,26.3843,26.3843,2.4525e+006
HDC,8/24/2023 00:00:00,26.4655,27.9268,26.4655,27.7644,4.5075e+006
HDC,8/25/2023 00:00:00,27.7644,27.805,27.1961,27.2773,3.4092e+006
HDC,8/28/2023 00:00:00,27.6021,28.2515,27.3179,27.8456,2.726e+006
HDC,8/29/2023 00:00:00,28.008,29.1851,28.008,28.5763,5.6952e+006
HDC,8/30/2023 00:00:00,28.6168,29.6316,28.5357,29.3881,5.0327e+006
HDC,8/31/2023 00:00:00,29.6316,29.7128,29.1851,29.4693,3.4801e+006
HDC,9/5/2023 00:00:00,29.9564,29.9564,29.2663,29.3881,3.5022e+006
HDC,9/6/2023 00:00:00,29.3881,30.8494,28.9416,30.8494,8.2934e+006
HDC,9/7/2023 00:00:00,30.89,31.2553,30.0375,30.4435,5.5837e+006
HDC,9/8/2023 00:00:00,30.2811,31.1741,30.2405,30.687,4.2472e+006
HDC,9/11/2023 00:00:00,30.8494,30.9305,28.9822,28.9822,6.3238e+006
HDC,9/12/2023 00:00:00,28.9822,30.1999,28.8198,30.1999,3.516e+006
HDC,9/13/2023 00:00:00,30.5246,31.2147,29.6316,30.0375,6.0331e+006
HDC,9/14/2023 00:00:00,30.0375,30.0375,29.0228,29.0228,4.7645e+006
HDC,9/15/2023 00:00:00,29.0633,29.4287,28.4951,28.8604,3.3937e+006
HDC,9/18/2023 00:00:00,28.8198,28.8604,27.6021,27.805,3.6495e+006
HDC,9/19/2023 00:00:00,28.008,28.1297,26.9526,27.1961,3.566e+006
HDC,9/20/2023 00:00:00,27.5615,29.0633,27.3585,29.0633,2.6749e+006
HDC,9/21/2023 00:00:00,29.1445,29.7128,28.698,28.8198,2.8561e+006
HDC,9/22/2023 00:00:00,27.6427,28.4139,26.8308,27.1961,4.1211e+006
HDC,9/25/2023 00:00:00,27.1556,27.6021,25.329,25.329,3.365e+006
HDC,9/26/2023 00:00:00,24.8419,26.3031,24.1112,24.1112,3.0382e+006
HDC,9/27/2023 00:00:00,24.1112,25.7755,23.7053,25.7755,2.8777e+006
HDC,9/28/2023 00:00:00,25.5725,25.7349,24.9636,25.2478,1.7335e+006
HDC,9/29/2023 00:00:00,25.6537,25.8972,25.0042,25.0042,1.6505e+006
HDC,10/2/2023 00:00:00,25.0042,25.5725,25.0042,25.1666,949300
HDC,10/3/2023 00:00:00,24.8013,24.923,23.4212,23.4212,4.475e+006
HDC,10/4/2023 00:00:00,23.137,24.8013,23.0558,24.2736,3.0715e+006
HDC,10/5/2023 00:00:00,24.4359,24.6795,23.7865,24.233,1.8572e+006
HDC,10/6/2023 00:00:00,24.233,25.1666,24.1924,25.1666,2.2381e+006
HDC,10/9/2023 00:00:00,25.1666,25.5319,24.8419,25.3695,1.441e+006
HDC,10/10/2023 00:00:00,25.5725,25.7349,24.6795,24.6795,2.4173e+006
HDC,10/11/2023 00:00:00,24.7607,25.0854,24.233,25.0854,1.7964e+006
HDC,10/12/2023 00:00:00,25.4101,25.9378,25.1666,25.4507,3.085e+006
HDC,10/13/2023 00:00:00,24.8419,26.0596,24.6795,25.8972,2.5144e+006
HDC,10/16/2023 00:00:00,25.9784,26.2626,25.2478,25.2478,2.3579e+006
HDC,10/17/2023 00:00:00,25.2884,25.816,24.1112,24.1112,2.2387e+006
HDC,10/18/2023 00:00:00,24.3548,24.5577,22.447,22.7717,4.0743e+006
HDC,10/19/2023 00:00:00,22.8123,23.8677,22.8123,23.137,3.177e+006
HDC,10/20/2023 00:00:00,23.34,24.7201,23.137,24.7201,2.5365e+006
HDC,10/23/2023 00:00:00,24.4359,25.3695,24.4359,24.923,2.89e+006
HDC,10/24/2023 00:00:00,25.1666,25.7349,24.6795,25.7349,1.744e+006
HDC,10/25/2023 00:00:00,25.816,26.019,24.8419,25.1666,1.9e+006
HDC,10/26/2023 00:00:00,24.7607,24.7607,23.4212,24.2736,5.5043e+006
HDC,10/27/2023 00:00:00,24.3548,25.6943,24.1112,25.5725,2.0768e+006
HDC,10/30/2023 00:00:00,25.5319,25.9378,24.9636,24.9636,1.9572e+006
HDC,10/31/2023 00:00:00,25.2478,25.6537,23.9083,24.1112,2.2883e+006
HDC,11/1/2023 00:00:00,24.3548,24.7607,23.8677,24.7607,2.1785e+006
HDC,11/2/2023 00:00:00,25.126,26.4655,24.923,26.4655,3.7221e+006
HDC,11/3/2023 00:00:00,26.7091,26.7496,25.9784,26.3843,2.5369e+006
HDC,11/6/2023 00:00:00,26.7091,26.7091,26.019,26.5467,2.6896e+006
HDC,11/7/2023 00:00:00,26.222,26.9526,26.1408,26.222,2.0262e+006
HDC,11/8/2023 00:00:00,26.222,28.0486,26.1814,28.0486,5.2525e+006
HDC,11/9/2023 00:00:00,28.0892,28.7386,27.7644,27.7644,7.0166e+006
HDC,11/10/2023 00:00:00,27.6021,28.4545,27.4397,27.4397,5.4874e+006
HDC,11/13/2023 00:00:00,27.5209,28.1297,26.9526,27.5615,3.3921e+006
HDC,11/14/2023 00:00:00,28.008,28.4139,27.4803,27.7644,2.5352e+006
HDC,11/15/2023 00:00:00,28.4545,28.4545,27.3991,27.4397,3.4323e+006
HDC,11/16/2023 00:00:00,27.4397,28.5763,27.1961,28.5763,4.9141e+006
HDC,11/17/2023 00:00:00,28.6574,28.698,27.4397,27.6832,5.5984e+006
HDC,11/20/2023 00:00:00,26.9932,27.8862,26.9932,27.6021,3.0035e+006
HDC,11/21/2023 00:00:00,27.8862,28.0892,27.7238,28.008,3.573e+006
HDC,11/22/2023 00:00:00,28.008,29.5504,27.6427,29.5504,1.39915e+007
HDC,11/23/2023 00:00:00,29.6722,29.794,27.5209,27.5209,5.1585e+006
HDC,11/24/2023 00:00:00,27.9268,27.9268,26.1408,27.6021,6.9038e+006
HDC,11/27/2023 00:00:00,27.6021,27.8862,26.7902,26.7902,2.9886e+006
HDC,11/28/2023 00:00:00,26.7091,26.912,25.8566,26.5467,3.8151e+006
HDC,11/29/2023 00:00:00,26.7902,27.1556,26.6279,26.9526,2.457e+006
HDC,11/30/2023 00:00:00,27.0338,27.4397,26.4249,26.4249,2.8568e+006
HDC,12/1/2023 00:00:00,26.6685,26.9932,26.019,26.7496,2.2892e+006
HDC,12/4/2023 00:00:00,27.115,28.2109,26.912,27.7644,3.9526e+006
HDC,12/5/2023 00:00:00,27.8862,28.008,27.6021,27.7644,2.7467e+006
HDC,12/6/2023 00:00:00,27.7238,28.3733,27.6832,28.2515,3.2375e+006
HDC,12/7/2023 00:00:00,28.5763,28.6168,26.7902,27.3585,5.6502e+006
HDC,12/8/2023 00:00:00,27.5615,27.6021,26.8308,27.0744,2.3376e+006
HDC,12/11/2023 00:00:00,27.2773,27.2773,26.8308,26.9526,1.6313e+006
HDC,12/12/2023 00:00:00,26.9526,27.2367,26.912,27.0338,1.3346e+006
HDC,12/13/2023 00:00:00,27.1961,27.3585,26.4249,26.4249,2.1448e+006
HDC,12/14/2023 00:00:00,26.7496,26.7496,25.816,25.816,2.7383e+006
HDC,12/15/2023 00:00:00,25.816,26.3843,25.6537,25.8972,1.8855e+006
HDC,12/18/2023 00:00:00,25.8972,26.3031,25.7349,25.816,1.0713e+006
HDC,12/19/2023 00:00:00,26.1408,26.1408,25.6943,26.1408,1.2222e+006
HDC,12/20/2023 00:00:00,26.1814,26.6685,26.1408,26.1408,1.0103e+006
HDC,12/21/2023 00:00:00,26.1408,26.3437,25.8972,26.222,1.0956e+006
HDC,12/22/2023 00:00:00,26.222,26.6279,26.1408,26.222,1.5309e+006
HDC,12/25/2023 00:00:00,26.222,26.6685,26.1002,26.5467,1.56e+006
HDC,12/26/2023 00:00:00,26.6685,26.9526,26.6279,26.7496,1.6218e+006
HDC,12/27/2023 00:00:00,26.7902,26.9932,26.7091,26.7496,2.2155e+006
HDC,12/28/2023 00:00:00,26.7091,26.912,26.5061,26.5061,1.5429e+006
HDC,12/29/2023 00:00:00,26.6279,26.7902,26.4655,26.5061,1.8975e+006
HDC,1/2/2024 00:00:00,26.7496,26.7496,26.0596,26.1002,2.304e+006
HDC,1/3/2024 00:00:00,26.1002,26.3843,26.019,26.3437,1.3169e+006
HDC,1/4/2024 00:00:00,26.3843,26.9526,26.3437,26.5061,3.2405e+006
HDC,1/5/2024 00:00:00,26.5061,26.9932,26.5061,26.7091,1.9246e+006
HDC,1/8/2024 00:00:00,26.8308,27.3585,26.8308,26.8714,3.0949e+006
HDC,1/9/2024 00:00:00,27.0338,27.0338,26.5061,26.5061,2.0419e+006
HDC,1/10/2024 00:00:00,26.4249,26.6685,25.8972,26.019,2.7504e+006
HDC,1/11/2024 00:00:00,26.1408,26.222,25.8566,25.8972,1.5356e+006
HDC,1/12/2024 00:00:00,25.5725,25.7349,24.7607,24.923,4.8227e+006
HDC,1/15/2024 00:00:00,25.4101,25.4101,24.5983,24.5983,1.3536e+006
HDC,1/16/2024 00:00:00,24.5983,24.923,24.4359,24.923,1.198e+006
HDC,1/17/2024 00:00:00,25.1666,25.4507,25.0042,25.2072,848500
HDC,1/18/2024 00:00:00,25.4101,25.816,25.1666,25.4101,1.4884e+006
HDC,1/19/2024 00:00:00,25.6131,25.6131,25.126,25.1666,1.1091e+006
HDC,1/22/2024 00:00:00,25.6131,25.6131,24.923,25.4507,1.3787e+006
HDC,1/23/2024 00:00:00,25.4913,25.4913,25.0854,25.0854,883900
HDC,1/24/2024 00:00:00,25.0448,25.2478,24.8824,24.8824,1.1769e+006
HDC,1/25/2024 00:00:00,24.8824,25.0854,24.8419,25.0042,524800
HDC,1/26/2024 00:00:00,25.126,25.4913,25.0448,25.1666,790600
HDC,1/29/2024 00:00:00,25.1666,25.329,24.9636,24.9636,716600
HDC,1/30/2024 00:00:00,24.923,25.2072,24.923,25.0448,552100
HDC,1/31/2024 00:00:00,25.0854,25.3695,24.7607,25.0854,1.891e+006
HDC,2/1/2024 00:00:00,25.0854,25.3695,25.0854,25.2478,940400
HDC,2/2/2024 00:00:00,25.4101,26.019,25.3695,25.3695,2.3591e+006
HDC,2/5/2024 00:00:00,25.3695,25.4101,25.126,25.1666,1.0663e+006
HDC,2/6/2024 00:00:00,25.329,25.3695,25.0854,25.0854,1.1384e+006
HDC,2/7/2024 00:00:00,25.0854,25.2478,24.923,24.923,1.4904e+006
HDC,2/15/2024 00:00:00,25.1666,25.2072,24.8824,25.126,1.4943e+006
HDC,2/16/2024 00:00:00,25.2478,25.816,25.2072,25.4507,2.6294e+006
HDC,2/19/2024 00:00:00,25.4913,25.5725,25.1666,25.4101,1.3483e+006
HDC,2/20/2024 00:00:00,25.5725,26.1408,25.4101,25.8566,3.5909e+006
HDC,2/21/2024 00:00:00,26.019,26.1408,25.6537,25.7349,1.8046e+006
HDC,2/22/2024 00:00:00,25.7349,25.8972,25.4101,25.4101,1.6436e+006
HDC,2/23/2024 00:00:00,25.4913,25.5725,24.6795,24.6795,3.6742e+006
HDC,2/26/2024 00:00:00,24.7607,24.9636,24.5171,24.8419,1.3354e+006
HDC,2/27/2024 00:00:00,25.0042,25.2884,24.8013,25.1666,1.5406e+006
HDC,2/28/2024 00:00:00,25.3695,25.3695,24.9636,25.0042,1.1268e+006
HDC,2/29/2024 00:00:00,25.3695,25.3695,24.923,25.0854,2.8505e+006
HDC,3/1/2024 00:00:00,25.1666,25.2478,24.9636,25.2072,1.7205e+006
HDC,3/4/2024 00:00:00,25.6131,26.222,25.6131,25.816,5.1579e+006
HDC,3/5/2024 00:00:00,25.8972,25.8972,25.5725,25.7349,1.5653e+006
HDC,3/6/2024 00:00:00,25.8972,25.9378,25.2072,25.3695,2.3798e+006
HDC,3/7/2024 00:00:00,25.2884,25.4101,25.0448,25.2478,2.2806e+006
HDC,3/8/2024 00:00:00,25.2884,25.5725,24.8419,24.8419,2.8685e+006
HDC,3/11/2024 00:00:00,24.7607,25.1666,23.137,24.5171,2.622e+006
HDC,3/12/2024 00:00:00,24.5983,24.6795,24.1924,24.3548,2.3858e+006
HDC,3/13/2024 00:00:00,24.3954,24.923,24.2736,24.8013,2.6773e+006
HDC,3/14/2024 00:00:00,25.0854,25.4101,24.923,25.329,3.0444e+006
HDC,3/15/2024 00:00:00,25.5725,27.0744,25.2478,27.0744,1.50864e+007
HDC,3/18/2024 00:00:00,27.7644,28.5763,26.7091,28.008,1.0379e+007
HDC,3/19/2024 00:00:00,28.0892,28.2515,27.115,27.1961,6.0425e+006
HDC,3/20/2024 00:00:00,27.2367,28.1703,26.7902,27.805,6.2425e+006
HDC,3/21/2024 00:00:00,28.0892,28.5763,27.5209,28.1703,6.2664e+006
HDC,3/22/2024 00:00:00,28.5357,28.6168,27.7644,28.2515,7.0986e+006
HDC,3/25/2024 00:00:00,28.2515,28.8198,27.3585,27.4397,5.8859e+006
HDC,3/26/2024 00:00:00,27.4397,28.1703,27.115,28.008,3.5647e+006
HDC,3/27/2024 00:00:00,28.0892,28.8198,28.008,28.2515,4.5378e+006
HDC,3/28/2024 00:00:00,28.4139,28.4951,27.805,27.9674,2.9042e+006
HDC,3/29/2024 00:00:00,28.0892,28.8604,27.7644,28.3733,5.7462e+006
HDC,4/1/2024 00:00:00,28.3733,28.901,28.1703,28.7386,4.8946e+006
HDC,4/2/2024 00:00:00,28.5357,28.8604,28.2109,28.5763,3.5517e+006
HDC,4/3/2024 00:00:00,28.5763,28.8604,27.6021,27.6021,6.3476e+006
HDC,4/4/2024 00:00:00,27.4803,28.008,27.2367,27.5209,4.0166e+006
HDC,4/5/2024 00:00:00,27.1961,27.805,26.7902,26.7902,4.6405e+006
HDC,4/8/2024 00:00:00,26.7902,26.9526,26.4249,26.5061,3.0109e+006
HDC,4/9/2024 00:00:00,26.5061,26.9526,26.1408,26.912,2.2877e+006
HDC,4/10/2024 00:00:00,27.1556,27.1556,26.4249,26.4249,1.4782e+006
HDC,4/11/2024 00:00:00,25.9378,26.6685,25.816,26.222,2.7269e+006
HDC,4/12/2024 00:00:00,26.5873,26.7496,26.3437,26.5467,2.1234e+006
HDC,4/15/2024 00:00:00,26.5467,26.9526,24.7201,24.7607,5.6688e+006
HDC,4/16/2024 00:00:00,25.0854,25.3695,24.3142,25.329,5.2703e+006
HDC,4/17/2024 00:00:00,25.3695,25.4913,24.7607,25.0042,1.9689e+006
HDC,4/19/2024 00:00:00,24.3548,24.6795,23.5835,23.5835,4.5852e+006
HDC,4/22/2024 00:00:00,24.1112,25.0042,23.9488,24.8419,2.8767e+006
HDC,4/23/2024 00:00:00,24.8419,24.923,24.1518,24.5171,1.8206e+006
HDC,4/24/2024 00:00:00,24.7607,25.6537,24.6389,25.0854,2.3083e+006
HDC,4/25/2024 00:00:00,24.7607,25.0042,24.233,25.0042,3.759e+006
HDC,4/26/2024 00:00:00,25.1259,25.4737,24.7782,24.7782,1.5063e+006
HDC,5/2/2024 00:00:00,24.7782,25.039,24.0826,24.5174,973900
HDC,5/3/2024 00:00:00,24.9086,24.9086,24.3,24.4304,988500
HDC,5/6/2024 00:00:00,24.5174,25.0825,24.5174,25.0825,1.2931e+006
HDC,5/7/2024 00:00:00,25.2129,25.3433,24.9955,25.039,920100
HDC,5/8/2024 00:00:00,24.7782,25.8215,24.5174,25.5172,1.493e+006
HDC,5/9/2024 00:00:00,25.7345,25.8215,25.1694,25.2129,815800
HDC,5/10/2024 00:00:00,25.2129,25.4737,24.9086,25.1259,782900
HDC,5/13/2024 00:00:00,25.1694,25.4302,24.9086,25.1694,960900
HDC,5/14/2024 00:00:00,25.2564,25.4302,25.1694,25.2129,722800
HDC,5/15/2024 00:00:00,25.2129,25.5172,25.1694,25.4737,900000
HDC,5/16/2024 00:00:00,25.7345,26.0388,25.4737,25.5172,1.5327e+006
HDC,5/17/2024 00:00:00,25.4737,26.9517,25.4737,26.7343,3.3368e+006
HDC,5/20/2024 00:00:00,26.9517,26.9517,26.4301,26.7778,1.6401e+006
HDC,5/21/2024 00:00:00,26.8213,26.9082,26.2562,26.6909,2.4314e+006
HDC,5/22/2024 00:00:00,26.9517,28.5166,26.9517,28.5166,7.6205e+006
HDC,5/23/2024 00:00:00,28.7775,29.473,28.2123,28.5166,5.702e+006
HDC,5/24/2024 00:00:00,28.5166,29.2122,26.5605,26.8648,6.908e+006
HDC,5/27/2024 00:00:00,26.8213,27.0386,26.517,26.6909,2.8725e+006
HDC,5/28/2024 00:00:00,26.9517,28.1689,26.7778,27.995,4.071e+006
HDC,5/29/2024 00:00:00,28.2558,28.2558,27.0821,27.1691,3.0947e+006
HDC,5/30/2024 00:00:00,26.9517,27.995,26.7343,27.995,4.1778e+006
HDC,5/31/2024 00:00:00,28.2558,28.2558,27.5603,27.5603,2.7844e+006
HDC,6/3/2024 00:00:00,28.1689,29.0818,27.8211,27.995,8.1483e+006
HDC,6/4/2024 00:00:00,28.1689,28.1689,27.5603,27.6038,2.9932e+006
HDC,6/5/2024 00:00:00,27.6907,28.1689,27.3864,27.3864,4.4803e+006
HDC,6/6/2024 00:00:00,27.6472,27.6472,26.9082,26.9517,3.1054e+006
HDC,6/7/2024 00:00:00,27.1256,27.2995,26.8213,26.9517,2.247e+006
HDC,6/10/2024 00:00:00,27.0821,27.4299,26.6039,27.2125,3.5699e+006
HDC,6/11/2024 00:00:00,27.4733,27.4733,26.7343,26.9517,1.6133e+006
HDC,6/12/2024 00:00:00,26.9517,27.3864,26.7343,27.3864,2.3607e+006
HDC,6/13/2024 00:00:00,27.6038,27.995,27.4299,27.6907,3.3795e+006
HDC,6/14/2024 00:00:00,27.7342,27.7776,26.517,26.517,3.2391e+006
HDC,6/17/2024 00:00:00,26.517,26.7778,26.1258,26.1692,2.4129e+006
HDC,6/18/2024 00:00:00,26.2127,26.7778,26.0823,26.1692,1.5787e+006
HDC,6/19/2024 00:00:00,26.1692,26.3431,25.778,25.9084,2.0387e+006
HDC,6/20/2024 00:00:00,26.1692,26.1692,25.2564,25.4737,1.6716e+006
HDC,6/21/2024 00:00:00,25.4737,25.6911,25.2564,25.2564,1.7196e+006
HDC,6/24/2024 00:00:00,25.2129,25.6911,24.2565,24.3435,3.2645e+006
HDC,6/25/2024 00:00:00,24.5174,25.6476,24.4739,25.5172,2.4066e+006
HDC,6/26/2024 00:00:00,25.6911,25.6911,25.039,25.5606,917100
HDC,6/27/2024 00:00:00,25.2129,25.9084,25.2129,25.5606,1.1665e+006
HDC,6/28/2024 00:00:00,25.4737,25.5606,24.4304,25.0825,1.2298e+006
HDC,7/1/2024 00:00:00,25.1259,25.8215,25.0825,25.6041,1.2025e+006
HDC,7/2/2024 00:00:00,25.9953,25.9953,25.5172,25.778,798500
HDC,7/3/2024 00:00:00,25.6911,26.0823,25.6476,25.7345,1.0091e+006
HDC,7/4/2024 00:00:00,25.7345,25.9084,25.6476,25.7345,1.5156e+006
HDC,7/5/2024 00:00:00,25.7345,25.8649,25.4737,25.4737,1.4479e+006
HDC,7/8/2024 00:00:00,25.7345,25.7345,25.2129,25.2129,1.3182e+006
HDC,7/9/2024 00:00:00,25.2129,25.4737,25.2129,25.3868,1.2737e+006
HDC,7/10/2024 00:00:00,25.3868,25.9953,25.3868,25.7345,1.7498e+006
HDC,7/11/2024 00:00:00,25.9084,26.9082,25.9084,26.4301,3.6176e+006
HDC,7/12/2024 00:00:00,26.6039,26.7343,26.0388,26.2127,1.1623e+006
HDC,7/15/2024 00:00:00,26.2127,26.2996,25.778,25.8215,1.4693e+006
HDC,7/16/2024 00:00:00,25.8215,26.2996,25.778,25.778,1.5288e+006
HDC,7/17/2024 00:00:00,26.0388,26.0388,24.2565,24.5174,3.1839e+006
HDC,7/18/2024 00:00:00,24.5174,25.1694,24.4304,25.1259,1.2657e+006
HDC,7/19/2024 00:00:00,25.1259,25.1259,24.5608,24.6043,1.3224e+006
HDC,7/22/2024 00:00:00,24.3435,24.6912,23.5175,24.0826,1.9434e+006
HDC,7/23/2024 00:00:00,23.9522,24.5174,23.7349,23.9088,1.0744e+006
HDC,7/24/2024 00:00:00,24.0826,24.9086,23.561,24.6043,1.3055e+006
HDC,7/25/2024 00:00:00,24.4304,24.7782,24.3,24.6478,771300
HDC,7/26/2024 00:00:00,24.3869,24.8216,24.3869,24.6043,688400
HDC,7/29/2024 00:00:00,24.7782,25.039,24.5608,24.5608,641400
HDC,7/30/2024 00:00:00,24.5608,24.7782,24.3869,24.7347,940400
HDC,7/31/2024 00:00:00,24.8216,25.039,24.4304,24.6912,920200
HDC,8/1/2024 00:00:00,24.7347,24.7782,23.3002,23.7349,1.8501e+006
HDC,8/2/2024 00:00:00,23.4741,24.1261,23.3871,24.0826,1.3723e+006
HDC,8/5/2024 00:00:00,22.6047,23.9088,22.4742,22.5177,2.3881e+006
HDC,8/6/2024 00:00:00,22.6047,23.0394,21.7787,23.0394,1.2078e+006
HDC,8/7/2024 00:00:00,23.0394,23.4306,22.6916,23.3002,652200
HDC,8/8/2024 00:00:00,23.2132,23.7349,22.9089,23.2132,1.2311e+006
HDC,8/9/2024 00:00:00,23.3436,23.7349,23.1263,23.6045,917000
HDC,8/12/2024 00:00:00,23.6045,23.6045,23.3002,23.3871,414900
HDC,8/13/2024 00:00:00,23.4741,23.8653,23.2567,23.6479,795400
HDC,8/14/2024 00:00:00,23.8218,23.8218,23.4306,23.561,528400
HDC,8/15/2024 00:00:00,23.4306,23.4741,23.0828,23.2567,402100
HDC,8/16/2024 00:00:00,23.3002,24.8651,23.3002,24.8651,3.2405e+006
HDC,8/19/2024 00:00:00,25.2129,25.2129,24.8216,24.8651,817500
HDC,8/20/2024 00:00:00,24.8216,25.778,24.7782,25.3433,2.2485e+006
HDC,8/21/2024 00:00:00,25.5606,25.5606,24.9521,25.0825,983600
HDC,8/22/2024 00:00:00,25.0825,25.3868,24.9086,25.1259,1.0395e+006
HDC,8/23/2024 00:00:00,24.8651,25.2998,24.8216,25.1259,890700
HDC,8/26/2024 00:00:00,25.1694,25.3868,24.6043,24.6478,1.3073e+006
HDC,8/27/2024 00:00:00,24.6912,25.5172,24.6043,25.5172,2.2325e+006
HDC,8/28/2024 00:00:00,25.5172,25.5606,24.8216,25.1259,1.6945e+006
HDC,8/29/2024 00:00:00,25.2129,25.2129,24.7782,24.8651,583200
HDC,8/30/2024 00:00:00,24.9521,24.9521,24.6043,24.7347,894600
HDC,9/4/2024 00:00:00,24.3435,24.8216,24.3435,24.7782,778700
HDC,9/5/2024 00:00:00,24.8216,24.9955,24.4739,24.5608,882600
HDC,9/6/2024 00:00:00,24.4739,24.6043,24.3,24.4739,742200
HDC,9/9/2024 00:00:00,24.4739,24.8651,24.3,24.4304,535500
HDC,9/10/2024 00:00:00,24.5174,24.6043,24.1696,24.3,815200
HDC,9/11/2024 00:00:00,24.3,24.3435,23.6045,24.1261,911900
HDC,9/12/2024 00:00:00,24.3869,24.3869,24.0392,24.0392,399700
HDC,9/13/2024 00:00:00,24.2565,24.4739,24.0392,24.3,925600
HDC,9/16/2024 00:00:00,24.35,24.7,24,24.05,738300
HDC,9/17/2024 00:00:00,24,24.5,23.8,24.5,697400
HDC,9/18/2024 00:00:00,24.65,24.65,24.35,24.35,622500
HDC,9/19/2024 00:00:00,24.7,24.75,24.45,24.6,702900
HDC,9/20/2024 00:00:00,25.2,25.45,24.85,24.85,1.3996e+006
HDC,9/23/2024 00:00:00,24.75,24.95,24.7,24.7,443300
HDC,9/24/2024 00:00:00,24.5,25.05,24.5,24.85,883700
HDC,9/25/2024 00:00:00,25,26.55,24.9,26.55,5.5907e+006
HDC,9/26/2024 00:00:00,26.7,26.85,26.3,26.3,2.007e+006
HDC,9/27/2024 00:00:00,26.7,27.35,26.3,26.7,4.6452e+006
HDC,9/30/2024 00:00:00,26.7,27.05,26.4,26.95,3.0208e+006
HDC,10/1/2024 00:00:00,27,27.3,26.4,26.45,3.5717e+006
HDC,10/2/2024 00:00:00,26.4,26.65,26.05,26.05,2.6106e+006
HDC,10/3/2024 00:00:00,26.1,26.25,25.2,25.45,4.0643e+006
HDC,10/4/2024 00:00:00,25.5,25.85,25.3,25.4,1.4243e+006
HDC,10/7/2024 00:00:00,25.6,25.8,25.4,25.8,1.1597e+006
HDC,10/8/2024 00:00:00,25.75,25.85,24.85,24.95,3.3042e+006
HDC,10/9/2024 00:00:00,25.2,25.45,25,25.4,1.4987e+006
HDC,10/10/2024 00:00:00,25.6,25.65,25.2,25.2,1.0463e+006
HDC,10/11/2024 00:00:00,25.2,26.2,25.15,26.05,3.0881e+006
HDC,10/14/2024 00:00:00,26.25,26.25,25.85,25.95,1.2185e+006
HDC,10/15/2024 00:00:00,26,26.45,25.3,25.55,2.3924e+006
HDC,10/16/2024 00:00:00,25.65,25.65,25.1,25.3,1.1255e+006
HDC,10/17/2024 00:00:00,25.2,26.8,25.1,26.4,3.1255e+006
HDC,10/18/2024 00:00:00,26.4,26.4,25.8,25.8,1.5458e+006
HDC,10/21/2024 00:00:00,25.9,26.65,25.8,26.2,2.7486e+006
HDC,10/22/2024 00:00:00,26.15,27.7,25.95,27.2,8.8975e+006
HDC,10/23/2024 00:00:00,27.35,27.9,26.85,27.45,4.7015e+006
HDC,10/24/2024 00:00:00,27.6,27.6,27.05,27.05,3.4009e+006
HDC,10/25/2024 00:00:00,27.05,27.7,27,27.2,5.1153e+006
HDC,10/28/2024 00:00:00,27.45,27.6,27.1,27.25,2.4232e+006
HDC,10/29/2024 00:00:00,27.45,27.65,26,26.3,6.9588e+006
HDC,10/30/2024 00:00:00,26.3,26.65,26.05,26.4,2.2801e+006
HDC,10/31/2024 00:00:00,26.45,26.45,26.05,26.05,1.7305e+006
HDC,11/1/2024 00:00:00,25.8,26.4,25.7,25.85,2.7389e+006
HDC,11/4/2024 00:00:00,25.9,25.95,25.2,25.2,3.1299e+006
HDC,11/5/2024 00:00:00,25.15,25.7,25.15,25.4,1.6222e+006
HDC,11/6/2024 00:00:00,25.5,25.85,25.35,25.8,1.9043e+006
HDC,11/7/2024 00:00:00,26,26.4,25.75,26,2.6708e+006
HDC,11/8/2024 00:00:00,26,26.1,25.6,25.6,1.5741e+006
HDC,11/11/2024 00:00:00,25.6,25.6,25.1,25.35,2.6653e+006
HDC,11/12/2024 00:00:00,25.4,25.8,25.3,25.4,1.4073e+006
HDC,11/13/2024 00:00:00,25.4,26.15,25.1,26.1,3.3557e+006
HDC,11/14/2024 00:00:00,26.1,26.15,25.35,25.35,1.8002e+006
HDC,11/15/2024 00:00:00,25.3,25.5,24.5,24.5,3.8066e+006
HDC,11/18/2024 00:00:00,24.55,25.05,24,24.6,1.6741e+006
HDC,11/19/2024 00:00:00,24.5,25,24.1,24.1,1.173e+006
HDC,11/20/2024 00:00:00,24.15,25.6,24.05,24.7,2.9284e+006
HDC,11/21/2024 00:00:00,24.7,25,24.5,24.85,694100
HDC,11/22/2024 00:00:00,24.85,25.05,24.6,24.65,1.1223e+006
HDC,11/25/2024 00:00:00,24.65,25.3,24.6,25,1.8971e+006
HDC,11/26/2024 00:00:00,25,26.5,25,25.6,3.8474e+006
HDC,11/27/2024 00:00:00,25.7,25.8,25.15,25.6,1.0776e+006
HDC,11/28/2024 00:00:00,26,26,25.25,25.4,1.3522e+006
HDC,11/29/2024 00:00:00,25.3,25.8,25.3,25.5,894500
HDC,12/2/2024 00:00:00,25.6,25.75,25.3,25.3,996900
HDC,12/3/2024 00:00:00,25.3,25.8,25.25,25.3,1.6107e+006
HDC,12/4/2024 00:00:00,25.6,26.1,25.25,25.7,3.87e+006
HDC,12/5/2024 00:00:00,25.7,27.15,25.5,27,8.4645e+006
HDC,12/6/2024 00:00:00,27,27,26.55,26.55,3.0187e+006
HDC,12/9/2024 00:00:00,26.55,27,26.55,26.65,3.7097e+006
HDC,12/10/2024 00:00:00,26.75,27.35,26.6,26.7,9.5649e+006
HDC,12/11/2024 00:00:00,26.7,26.85,26.2,26.35,2.8348e+006
HDC,12/12/2024 00:00:00,26.45,26.7,26,26.1,3.0139e+006
HDC,12/13/2024 00:00:00,26.1,26.5,26,26.15,1.8258e+006
HDC,12/16/2024 00:00:00,26.3,26.4,26.15,26.3,1.2201e+006
HDC,12/17/2024 00:00:00,26.4,26.75,26.25,26.3,2.0426e+006
HDC,12/18/2024 00:00:00,26.25,26.45,26.25,26.45,1.206e+006
HDC,12/19/2024 00:00:00,26.05,27,25.7,26.05,4.8629e+006
HDC,12/20/2024 00:00:00,26.05,26.35,26,26.15,1.1618e+006
HDC,12/23/2024 00:00:00,26.2,26.5,26.1,26.1,1.2494e+006
HDC,12/24/2024 00:00:00,26.15,26.2,25.1,25.3,5.677e+006
HDC,12/25/2024 00:00:00,25.5,25.7,25.25,25.35,1.9942e+006
HDC,12/26/2024 00:00:00,25.35,25.55,25.25,25.35,1.4637e+006
HDC,12/27/2024 00:00:00,25.35,25.4,25,25.15,2.2549e+006
HDC,12/30/2024 00:00:00,25,25.4,25,25.35,1.09e+006
HDC,12/31/2024 00:00:00,25.55,25.55,25.05,25.05,865600
HDC,1/2/2025 00:00:00,25.1,25.3,25,25.1,1.2167e+006
HDC,1/3/2025 00:00:00,25.15,25.6,25,25.15,2.3278e+006
HDC,1/6/2025 00:00:00,25.15,25.25,24.25,24.7,1.9191e+006
HDC,1/7/2025 00:00:00,24.7,24.9,24.35,24.35,2.3877e+006
HDC,1/8/2025 00:00:00,24.2,24.75,24.2,24.65,1.3617e+006
HDC,1/9/2025 00:00:00,24.65,24.75,24.45,24.45,670200
HDC,1/10/2025 00:00:00,24.45,24.55,23.5,23.5,1.7454e+006
HDC,1/13/2025 00:00:00,23.5,23.85,23.3,23.65,1.7702e+006
HDC,1/14/2025 00:00:00,23.8,23.8,23.2,23.35,914400
HDC,1/15/2025 00:00:00,23.5,23.8,23.35,23.8,1.1395e+006
HDC,1/16/2025 00:00:00,23.9,24.05,23.8,23.8,1.0629e+006
HDC,1/17/2025 00:00:00,24.1,24.45,23.85,24.3,1.7627e+006
HDC,1/20/2025 00:00:00,24.4,24.4,24.05,24.2,1.0626e+006
HDC,1/21/2025 00:00:00,24.3,24.3,24.05,24.2,956800
HDC,1/22/2025 00:00:00,24.15,24.25,24.05,24.05,1.5057e+006
HDC,1/23/2025 00:00:00,24.2,24.4,24.1,24.2,738300
HDC,1/24/2025 00:00:00,24.2,24.5,24.15,24.15,1.0132e+006
HDC,2/3/2025 00:00:00,24,24.15,23.9,24.1,1.433e+006
HDC,2/4/2025 00:00:00,24.15,24.7,24.1,24.45,1.1998e+006
HDC,2/5/2025 00:00:00,24.55,25.25,24.5,24.6,2.0687e+006
HDC,2/6/2025 00:00:00,24.6,24.7,24.3,24.4,752500
HDC,2/7/2025 00:00:00,24.35,24.55,24.3,24.3,1.1277e+006
HDC,2/10/2025 00:00:00,24.35,24.35,24,24.05,3.1446e+006
HDC,2/11/2025 00:00:00,24.05,24.15,23.95,24.05,1.2617e+006
HDC,2/12/2025 00:00:00,24.2,24.4,24.05,24.05,1.0559e+006
HDC,2/13/2025 00:00:00,24.05,24.15,24,24.05,722300
HDC,2/14/2025 00:00:00,24.2,24.45,24.05,24.1,1.2148e+006
HDC,2/17/2025 00:00:00,24.2,24.45,24.1,24.15,996200
HDC,2/18/2025 00:00:00,24.15,24.75,24.15,24.3,1.6168e+006
HDC,2/19/2025 00:00:00,24.3,24.85,24.3,24.65,1.4772e+006
HDC,2/20/2025 00:00:00,24.85,24.9,24.3,24.3,1.7038e+006
HDC,2/21/2025 00:00:00,24.35,24.45,24.2,24.3,1.1133e+006
HDC,2/24/2025 00:00:00,24.25,24.4,24.15,24.3,1.3828e+006
HDC,2/25/2025 00:00:00,24.45,24.75,24.3,24.55,2.1283e+006
HDC,2/26/2025 00:00:00,24.6,24.6,24.3,24.3,824800
HDC,2/27/2025 00:00:00,24.3,24.95,24.3,24.95,2.5267e+006
HDC,2/28/2025 00:00:00,25,25.2,24.7,24.7,2.282e+006
HDC,3/3/2025 00:00:00,24.95,25.2,24.75,24.85,2.1245e+006
HDC,3/4/2025 00:00:00,24.85,25.85,24.8,25.45,5.433e+006
HDC,3/5/2025 00:00:00,25.5,25.5,24.8,24.8,1.6097e+006
HDC,3/6/2025 00:00:00,24.9,25.55,24.75,25.55,2.0398e+006
HDC,3/7/2025 00:00:00,25.6,25.95,25.3,25.3,4.6472e+006
HDC,3/10/2025 00:00:00,25.3,26.15,25.15,26,6.1665e+006
HDC,3/11/2025 00:00:00,25.5,26.1,25.5,26.1,2.1383e+006
HDC,3/12/2025 00:00:00,26.2,26.2,25.55,25.6,2.5693e+006
HDC,3/13/2025 00:00:00,25.7,25.85,24.8,24.8,2.9809e+006
HDC,3/14/2025 00:00:00,24.6,25.65,24.6,25.1,3.2585e+006
HDC,3/17/2025 00:00:00,25.65,26.85,25.5,26.85,7.4399e+006
HDC,3/18/2025 00:00:00,27.5,27.6,26.8,26.9,6.7576e+006
HDC,3/19/2025 00:00:00,26.5,27.45,26.25,27.15,6.0804e+006
HDC,3/20/2025 00:00:00,27.4,27.4,26.3,26.7,3.8984e+006
HDC,3/21/2025 00:00:00,26.75,27.4,26.45,26.7,4.592e+006
HDC,3/24/2025 00:00:00,26.6,26.9,25.8,26.4,4.9125e+006
HDC,3/25/2025 00:00:00,26.55,27.2,26.2,26.8,4.4499e+006
HDC,3/26/2025 00:00:00,26.7,26.95,26.15,26.35,3.1015e+006
HDC,3/27/2025 00:00:00,26.45,27.5,26.3,26.7,7.6265e+006
HDC,3/28/2025 00:00:00,27,27,26.55,26.75,2.632e+006
HDC,3/31/2025 00:00:00,26.8,28.6,26.5,27.6,1.76657e+007
HDC,4/1/2025 00:00:00,27.9,27.9,27.15,27.7,2.6153e+006
HDC,4/2/2025 00:00:00,27.9,28.3,27.5,27.9,5.7747e+006
HDC,4/3/2025 00:00:00,26.8,27,25.95,25.95,9.506e+006
HDC,4/4/2025 00:00:00,24.15,24.95,24.15,24.15,9.874e+006
HDC,4/8/2025 00:00:00,22.5,23.85,22.5,22.5,2.0207e+006
HDC,4/9/2025 00:00:00,20.95,21.3,20.95,20.95,3.8487e+006
HDC,4/10/2025 00:00:00,22.4,22.4,22.4,22.4,939700
HDC,4/11/2025 00:00:00,21.2,23.4,20.85,23,1.41342e+007
HDC,4/14/2025 00:00:00,23.5,24.2,22.9,23.45,3.5592e+006
HDC,4/15/2025 00:00:00,22.9,23.5,21.9,22,5.7293e+006
HDC,4/16/2025 00:00:00,22.05,22.7,21.9,22.4,3.6109e+006
HDC,4/17/2025 00:00:00,22.1,22.85,22.05,22.7,1.8891e+006
HDC,4/18/2025 00:00:00,22.9,23.3,22.1,22.35,4.7578e+006
HDC,4/21/2025 00:00:00,22.35,23,22.2,22.45,3.9508e+006
HDC,4/22/2025 00:00:00,22.25,22.35,20.9,21,8.3247e+006
HDC,4/23/2025 00:00:00,21.6,21.95,20.7,21.7,3.7441e+006
HDC,4/24/2025 00:00:00,21.65,22.25,21.6,21.9,3.66e+006
HDC,4/25/2025 00:00:00,22.2,22.25,21.45,21.55,2.3249e+006
HDC,4/28/2025 00:00:00,21.7,21.85,21.45,21.65,1.8601e+006
HDC,4/29/2025 00:00:00,21.85,21.95,21.3,21.65,2.1919e+006
HDC,5/5/2025 00:00:00,21.95,22.5,21.65,22.3,3.335e+006
HDC,5/6/2025 00:00:00,22.3,22.85,22.1,22.15,3.1527e+006
HDC,5/7/2025 00:00:00,22.1,23.5,22.1,23.4,6.4202e+006
HDC,5/8/2025 00:00:00,23.5,23.5,23,23.1,2.1497e+006
HDC,5/9/2025 00:00:00,23.2,23.2,22.75,22.85,2.6653e+006
HDC,5/12/2025 00:00:00,23,23.2,22.65,23.2,2.691e+006
HDC,5/13/2025 00:00:00,23.55,23.55,23.1,23.25,2.6841e+006
HDC,5/14/2025 00:00:00,23.2,23.5,23.05,23.4,3.4266e+006
HDC,5/15/2025 00:00:00,23.55,23.95,23.5,23.8,4.8951e+006
HDC,5/16/2025 00:00:00,23.8,23.85,23.3,23.35,3.386e+006
HDC,5/19/2025 00:00:00,23.15,23.6,23.05,23.2,2.3494e+006
HDC,5/20/2025 00:00:00,23.4,23.4,23.05,23.15,2.2275e+006
HDC,5/21/2025 00:00:00,23.2,23.35,22.75,23.2,4.0584e+006
HDC,5/22/2025 00:00:00,23.2,23.7,22.9,23.1,3.4436e+006
HDC,5/23/2025 00:00:00,23.1,23.3,22.7,22.8,2.613e+006
HDC,5/26/2025 00:00:00,23,23.4,21.95,23.3,3.2846e+006
HDC,5/27/2025 00:00:00,23.5,24.65,23.45,24.3,8.0682e+006
HDC,5/28/2025 00:00:00,24.7,24.75,23.85,24,4.3583e+006
HDC,5/29/2025 00:00:00,24.05,25.65,23.9,25.6,8.5548e+006
HDC,5/30/2025 00:00:00,25.6,25.8,24.95,25.35,5.1189e+006
HDC,6/2/2025 00:00:00,25.35,26.95,25.35,25.8,5.6407e+006
HDC,6/3/2025 00:00:00,26,26,25.3,25.5,4.9151e+006
HDC,6/4/2025 00:00:00,25.6,26.25,25.4,26,9.3662e+006
HDC,6/5/2025 00:00:00,26,26.1,25.6,25.7,3.9591e+006
HDC,6/6/2025 00:00:00,25.7,25.75,25.1,25.15,4.2428e+006
HDC,6/9/2025 00:00:00,25.15,25.95,25.15,25.3,4.8274e+006
HDC,6/10/2025 00:00:00,25.3,25.5,24.95,24.95,2.52e+006
HDC,6/11/2025 00:00:00,25.1,25.5,24.7,25.15,3.0035e+006
HDC,6/12/2025 00:00:00,25.2,25.65,25.05,25.3,2.5099e+006
HDC,6/13/2025 00:00:00,24.75,25,24,24.5,8.4683e+006
HDC,6/16/2025 00:00:00,24.5,24.95,24.35,24.9,2.0228e+006
HDC,6/17/2025 00:00:00,24.9,25.55,24.8,25.35,4.8755e+006
HDC,6/18/2025 00:00:00,25.35,25.65,25,25.15,2.9337e+006
HDC,6/19/2025 00:00:00,25.15,25.4,24.8,25.25,2.8712e+006
HDC,6/20/2025 00:00:00,25.3,25.7,25.1,25.2,2.9211e+006
HDC,6/23/2025 00:00:00,24.95,25.2,24.65,25,2.3607e+006
HDC,6/24/2025 00:00:00,25.4,25.6,25.25,25.3,4.0744e+006
HDC,6/25/2025 00:00:00,25.3,25.7,25.1,25.1,3.0879e+006
HDC,6/26/2025 00:00:00,25.1,25.2,24.8,24.9,2.4009e+006
HDC,6/27/2025 00:00:00,25.05,25.55,24.85,24.9,3.3653e+006
HDC,6/30/2025 00:00:00,25.1,26.2,24.95,25.75,7.2774e+006
HDC,7/1/2025 00:00:00,25.9,25.9,25.15,25.3,3.9489e+006
HDC,7/2/2025 00:00:00,25.35,25.45,25.05,25.45,2.4739e+006
HDC,7/3/2025 00:00:00,25.9,25.9,25.05,25.45,6.3601e+006
HDC,7/4/2025 00:00:00,25.65,26.4,25.6,25.75,8.4207e+006
HDC,7/7/2025 00:00:00,26.05,26.45,25.7,26.35,9.1754e+006
HDC,7/8/2025 00:00:00,26.55,26.7,26.2,26.45,5.8038e+006
HDC,7/9/2025 00:00:00,26.7,26.9,26.2,26.4,8.2282e+006
HDC,7/10/2025 00:00:00,26.5,27,26.35,26.4,4.5866e+006
HDC,7/11/2025 00:00:00,26.4,26.45,25.85,25.95,7.2121e+006
HDC,7/14/2025 00:00:00,25.95,27.75,25.35,27.75,1.13938e+007
HDC,7/15/2025 00:00:00,28.45,29.65,28.15,29.65,1.77214e+007
HDC,7/16/2025 00:00:00,29.95,30.25,29.55,29.75,7.443e+006
HDC,7/17/2025 00:00:00,29.9,31.5,29.7,30.4,9.265e+006
HDC,7/18/2025 00:00:00,30.7,31.2,29.75,30,7.8724e+006
HDC,7/21/2025 00:00:00,30.1,31.65,29.6,30.25,9.1265e+006
HDC,7/22/2025 00:00:00,30.1,31.8,30.1,30.9,7.645e+006
HDC,7/23/2025 00:00:00,31.25,32.2,30.6,32.2,1.14034e+007
HDC,7/24/2025 00:00:00,32.5,33.4,32,32.95,7.4714e+006
HDC,7/25/2025 00:00:00,33.35,33.45,32.4,33,7.9098e+006
HDC,7/28/2025 00:00:00,33.5,35,33.1,34.75,6.5219e+006
HDC,7/29/2025 00:00:00,34.9,34.9,32.35,32.35,1.67408e+007
HDC,7/30/2025 00:00:00,32.4,33,31.6,32.7,8.8461e+006
HDC,7/31/2025 00:00:00,33,34.95,31.9,34.95,1.22492e+007
HDC,8/1/2025 00:00:00,35.4,36.45,35.25,35.75,8.2724e+006
HDC,8/4/2025 00:00:00,35.1,37.5,35.05,35.9,6.5248e+006
HDC,8/5/2025 00:00:00,36,37.5,33.4,35,1.29918e+007
HDC,8/6/2025 00:00:00,35.4,35.5,34.85,35.5,5.0645e+006
HDC,8/7/2025 00:00:00,35.8,36.5,35.55,35.85,3.687e+006
HDC,8/8/2025 00:00:00,35.85,37,34.8,36.1,1.05519e+007
HDC,8/11/2025 00:00:00,36.1,37.3,35.6,36.15,7.4443e+006
HDC,8/12/2025 00:00:00,36.2,37.6,35.15,37.25,1.02e+007
HDC,8/13/2025 00:00:00,37.2,38.3,36.5,37.05,5.765e+006
HDC,8/14/2025 00:00:00,37.45,38,36.5,37.1,7.3456e+006
HDC,8/15/2025 00:00:00,37.55,37.55,36,36.3,7.2769e+006
HDC,8/18/2025 00:00:00,36.2,37,35.2,36.8,7.0166e+006
HDC,8/19/2025 00:00:00,37.2,39.35,36.75,38.8,1.42765e+007
HDC,8/20/2025 00:00:00,38,38.5,36.1,36.65,8.8114e+006
HDC,8/21/2025 00:00:00,36.7,36.85,35.2,35.2,1.06545e+007
HDC,8/22/2025 00:00:00,34.3,34.8,32.8,33.35,1.14826e+007
HDC,8/25/2025 00:00:00,34,34.2,33.15,33.35,4.1758e+006
HDC,8/26/2025 00:00:00,33.25,35,33.25,35,3.7861e+006
HDC,8/27/2025 00:00:00,35.35,37,34.65,35.5,7.9067e+006
HDC,8/28/2025 00:00:00,35.7,35.75,34.8,35.5,2.6288e+006
HDC,9/3/2025 00:00:00,35.5,37.45,35.5,37,5.4117e+006
HDC,9/8/2025 00:00:00,31.4186,31.9096,29.9013,29.9905,1.03882e+007
HDC,9/9/2025 00:00:00,30.0798,30.9724,29.7227,30.8385,3.918e+006
HDC,9/10/2025 00:00:00,31.0616,31.0616,30.2583,30.5261,2.1757e+006
HDC,9/11/2025 00:00:00,30.3922,31.3294,29.455,31.3294,5.8973e+006
HDC,9/12/2025 00:00:00,31.4186,31.9542,31.0616,31.3294,2.8263e+006
HDC,9/15/2025 00:00:00,31.5972,31.8203,31.1509,31.6864,2.3821e+006
HDC,9/16/2025 00:00:00,31.9542,32.0434,31.0616,31.2401,3.8776e+006
HDC,9/17/2025 00:00:00,30.9724,31.2401,30.6153,30.66,2.1818e+006
HDC,9/18/2025 00:00:00,30.66,31.1509,30.2137,31.1062,3.5028e+006
HDC,9/19/2025 00:00:00,31.374,31.8649,31.1509,31.4633,3.3794e+006
HDC,9/22/2025 00:00:00,31.6864,32.4897,31.374,31.9542,6.9825e+006
HDC,9/23/2025 00:00:00,32.1327,32.1327,31.2848,31.374,2.3863e+006
HDC,9/24/2025 00:00:00,31.374,32.8914,31.0616,32.8914,5.8363e+006
HDC,9/25/2025 00:00:00,33.0253,33.3823,32.6682,32.7575,4.2683e+006
HDC,9/26/2025 00:00:00,32.7575,34.141,32.4897,33.0699,7.6995e+006
HDC,9/29/2025 00:00:00,33.0699,33.4716,32.222,32.8468,3.2168e+006
HDC,9/30/2025 00:00:00,32.8468,32.8468,30.7938,32.4451,6.6568e+006
HDC,10/1/2025 00:00:00,32.4005,32.4451,31.731,32.1327,2.7261e+006
HDC,10/2/2025 00:00:00,32.2666,32.4005,30.7938,30.7938,3.497e+006
HDC,10/3/2025 00:00:00,30.3476,30.7046,29.5889,29.5889,4.9409e+006
HDC,10/6/2025 00:00:00,29.9905,31.4186,29.9013,31.2401,2.3185e+006
HDC,10/7/2025 00:00:00,31.374,31.374,30.5707,30.9724,2.4204e+006
HDC,10/8/2025 00:00:00,31.2401,31.6864,30.3922,31.6864,3.5175e+006
HDC,10/9/2025 00:00:00,31.8649,32.579,31.5525,32.579,3.7291e+006
HDC,10/10/2025 00:00:00,32.936,33.4716,32.579,32.8914,4.857e+006
HDC,10/13/2025 00:00:00,32.4005,35.1675,32.222,35.1675,1.62972e+007
HDC,10/14/2025 00:00:00,35.9708,36.5956,35.4352,35.8815,6.4713e+006
HDC,10/15/2025 00:00:00,35.703,37.3096,35.3906,36.7741,5.9529e+006
HDC,10/16/2025 00:00:00,37.3989,37.7113,36.6848,37.4882,4.6629e+006
HDC,10/17/2025 00:00:00,37.4882,37.7559,36.5956,36.5956,5.7095e+006
HDC,10/20/2025 00:00:00,36.1493,37.3989,34.0517,34.0517,1.14356e+007
HDC,10/21/2025 00:00:00,33.2038,33.6501,31.7757,32.1327,1.39959e+007
HDC,10/22/2025 00:00:00,32.579,33.1145,31.1509,33.1145,6.6724e+006
HDC,10/23/2025 00:00:00,33.2038,33.4716,31.7757,31.9542,6.0523e+006
HDC,10/24/2025 00:00:00,31.7757,31.9988,30.9277,31.3294,4.8594e+006
HDC,10/27/2025 00:00:00,31.5079,31.6418,29.4996,29.4996,6.5002e+006
HDC,10/28/2025 00:00:00,29.3657,30.4368,29.3657,30.4368,4.779e+006
HDC,10/29/2025 00:00:00,30.7492,30.8385,30.3029,30.3476,3.7149e+006
HDC,10/30/2025 00:00:00,30.5261,31.4186,30.3922,30.6153,4.0308e+006
HDC,10/31/2025 00:00:00,30.5261,30.9724,29.9905,30.0352,2.2998e+006
HDC,11/3/2025 00:00:00,30.0798,30.3476,27.9376,27.9376,6.0642e+006
HDC,11/4/2025 00:00:00,27.3574,29.8566,26.7773,29.8566,6.6025e+006
HDC,11/5/2025 00:00:00,29.7227,29.7674,28.8748,29.1426,1.7166e+006
HDC,11/6/2025 00:00:00,29.0087,29.9459,28.4731,29.455,3.7789e+006
HDC,11/7/2025 00:00:00,29.3657,29.6335,28.5624,28.5624,2.6568e+006
HDC,11/10/2025 00:00:00,28.3839,28.6963,27.6698,28.25,4.8127e+006
HDC,11/11/2025 00:00:00,27.95,28.15,26.3,26.9,6.6272e+006
HDC,11/12/2025 00:00:00,27,28.15,27,27.75,2.8873e+006
HDC,11/13/2025 00:00:00,27.9,28.2,27.45,27.5,2.2722e+006
HDC,11/14/2025 00:00:00,27.65,28.35,27.45,28,2.7744e+006
HDC,11/17/2025 00:00:00,28.25,29.25,28.25,28.85,2.7057e+006
HDC,11/18/2025 00:00:00,28.85,28.95,28.25,28.45,2.4462e+006
HDC,11/19/2025 00:00:00,28.35,28.9,27.95,28,2.4006e+006
HDC,11/20/2025 00:00:00,28,28.2,27.55,27.9,1.3098e+006
HDC,11/21/2025 00:00:00,27.8,28,27.4,27.9,1.3389e+006
HDC,11/24/2025 00:00:00,27.95,28.15,27.85,27.9,931900
HDC,11/25/2025 00:00:00,27.95,28.1,26.75,26.75,2.1103e+006
HDC,11/26/2025 00:00:00,27.1,27.95,26.75,27.65,1.9418e+006
HDC,11/27/2025 00:00:00,27.75,27.9,27.3,27.35,996600
HDC,11/28/2025 00:00:00,27.3,27.8,27,27.25,1.0913e+006
HDC,12/1/2025 00:00:00,27.55,27.55,26.7,26.7,1.9719e+006
HDC,12/2/2025 00:00:00,26.55,26.8,26,26.8,2.1869e+006
HDC,12/3/2025 00:00:00,26.85,27.25,26.8,27.1,1.8366e+006
HDC,12/4/2025 00:00:00,27.2,27.7,27.15,27.45,1.5842e+006
HDC,12/5/2025 00:00:00,27.45,27.5,26.85,26.85,1.3058e+006
HDC,12/8/2025 00:00:00,26.8,26.85,26,26.1,2.8794e+006
HDC,12/9/2025 00:00:00,26.1,26.2,25.05,25.3,3.0566e+006
HDC,12/10/2025 00:00:00,25.3,25.75,25,25,1.5993e+006
HDC,12/11/2025 00:00:00,25.8,25.8,25,25,1.073e+006
HDC,12/12/2025 00:00:00,25,25.4,23.7,24,3.4775e+006
HDC,12/15/2025 00:00:00,23.75,24.35,23.6,23.85,2.1618e+006
HDC,12/16/2025 00:00:00,24,25.25,23.2,24.5,3.5169e+006
HDC,12/17/2025 00:00:00,24.8,24.8,24,24,1.0925e+006
HDC,12/18/2025 00:00:00,24.05,24.15,23.6,23.8,1.4037e+006
HDC,12/19/2025 00:00:00,23.85,24.3,23.7,24.1,2.3788e+006
HDC,12/22/2025 00:00:00,24.35,24.75,24.15,24.6,3.8552e+006
HDC,12/23/2025 00:00:00,24.8,24.85,24.1,24.25,2.4672e+006
HDC,12/24/2025 00:00:00,24.2,24.6,24.05,24.3,3.0989e+006
HDC,12/25/2025 00:00:00,24.35,24.4,23.5,23.5,3.57e+006
HDC,12/26/2025 00:00:00,23.3,23.65,22.4,22.8,4.1645e+006
HDC,12/29/2025 00:00:00,22.8,23.35,22.8,23.1,1.9327e+006
HDC,12/30/2025 00:00:00,23.15,23.3,22.7,22.7,1.8815e+006
HDC,12/31/2025 00:00:00,22.85,23.1,22.7,22.7,2.2887e+006
HDC,1/5/2026 00:00:00,22.85,23.05,21.9,22.25,2.8378e+006
HDC,1/6/2026 00:00:00,22.25,22.45,21.5,21.75,3.4777e+006
HDC,1/7/2026 00:00:00,22,22.2,21.6,22,2.4202e+006
HDC,1/8/2026 00:00:00,22.1,22.6,21.7,21.8,2.9978e+006
HDC,1/9/2026 00:00:00,21.8,21.8,20.5,20.65,6.737e+006
HDC,1/12/2026 00:00:00,20.65,22,20.1,21.7,5.0066e+006
HDC,1/13/2026 00:00:00,22.15,22.3,21.8,21.9,4.2145e+006
HDC,1/14/2026 00:00:00,21.6,22.05,21.05,21.1,6.2778e+006
HDC,1/15/2026 00:00:00,21.1,21.9,21.1,21.55,3.9899e+006
HDC,1/16/2026 00:00:00,21.9,21.9,21.2,21.3,3.4486e+006
HDC,1/19/2026 00:00:00,21.35,21.7,21.2,21.35,2.3136e+006
HDC,1/20/2026 00:00:00,21.6,21.65,21.15,21.15,3.0426e+006
HDC,1/21/2026 00:00:00,21.25,21.8,21.05,21.35,4.5381e+006
HDC,1/22/2026 00:00:00,21.6,22.8,21.3,22.8,5.372e+006
HDC,1/23/2026 00:00:00,23,23,21.8,21.8,5.8097e+006
HDC,1/26/2026 00:00:00,21.9,21.95,20.8,20.95,4.2533e+006
HDC,1/27/2026 00:00:00,21,21.25,20.85,21,2.4629e+006
HDC,1/28/2026 00:00:00,21,21.95,20.5,21.5,4.9014e+006
HDC,1/29/2026 00:00:00,21.75,22.1,21.35,21.35,2.5431e+006
HDC,1/30/2026 00:00:00,21.6,22.15,21.5,21.7,4.2431e+006
HDC,2/2/2026 00:00:00,21.7,22.05,21.25,21.5,2.614e+006
HDC,2/3/2026 00:00:00,21.6,21.85,21.5,21.65,2.5522e+006
HDC,2/4/2026 00:00:00,21.6,22.1,21.45,21.95,2.2851e+006
HDC,2/5/2026 00:00:00,22,22.75,22,22.05,5.5252e+006
HDC,2/6/2026 00:00:00,21.8,21.8,21,21.05,3.337e+006
HDC,2/9/2026 00:00:00,21.25,21.4,20.9,20.95,1.6454e+006
HDC,2/10/2026 00:00:00,21,21.2,20.5,20.7,2.4269e+006
HDC,2/11/2026 00:00:00,20.7,21.85,20.7,21.5,3.0712e+006
HDC,2/12/2026 00:00:00,21.4,21.7,21.25,21.35,1.0258e+006
HDC,2/13/2026 00:00:00,21.35,21.45,21.25,21.3,1.471e+006
HDC,2/23/2026 00:00:00,21.45,21.75,21.2,21.75,2.0605e+006
HDC,2/24/2026 00:00:00,21.7,22,21.5,21.6,2.2671e+006
HDC,2/25/2026 00:00:00,21.65,21.75,21.2,21.25,3.1233e+006
HDC,2/27/2026 00:00:00,21.3,21.3,20.7,20.9,4.6454e+006
HDC,3/2/2026 00:00:00,19.8,20.4,19.45,19.45,5.8529e+006
