Ticker,Date,Open,High,Low,Close,Volume
IJC,4/20/2010 00:00:00,6.19724,6.19724,6.19724,6.19724,50000
IJC,4/21/2010 00:00:00,6.49235,6.49235,6.49235,6.49235,105760
IJC,4/22/2010 00:00:00,6.80385,6.80385,6.39398,6.39398,273260
IJC,4/26/2010 00:00:00,6.08248,6.08248,6.08248,6.08248,68170
IJC,4/27/2010 00:00:00,5.80376,5.96771,5.78737,5.85295,207120
IJC,4/28/2010 00:00:00,5.73818,6.06608,5.73818,5.73818,168240
IJC,4/29/2010 00:00:00,5.98411,5.98411,5.73818,5.95132,174170
IJC,5/4/2010 00:00:00,6.21363,6.21363,5.90213,6.04969,285810
IJC,5/5/2010 00:00:00,5.80376,6.04969,5.75458,6.04969,1.11614e+006
IJC,5/6/2010 00:00:00,6.13166,6.34479,5.98411,6.34479,462570
IJC,5/7/2010 00:00:00,6.65629,6.65629,6.55792,6.65629,625780
IJC,5/10/2010 00:00:00,6.72187,6.72187,6.3284,6.3284,382950
IJC,5/11/2010 00:00:00,6.24642,6.37758,6.03329,6.09887,453640
IJC,5/12/2010 00:00:00,5.98411,5.98411,5.80376,5.80376,391360
IJC,5/13/2010 00:00:00,5.80376,5.98411,5.70539,5.70539,209770
IJC,5/14/2010 00:00:00,5.65399,5.73966,5.65399,5.70539,137940
IJC,5/17/2010 00:00:00,5.73966,5.82533,5.43126,5.48266,114820
IJC,5/18/2010 00:00:00,5.31133,5.39699,5.20853,5.20853,494880
IJC,5/19/2010 00:00:00,4.9858,4.9858,4.95153,4.95153,207430
IJC,5/20/2010 00:00:00,4.71166,5.19139,4.71166,5.19139,389210
IJC,5/21/2010 00:00:00,4.9344,5.05433,4.9344,4.9344,197810
IJC,5/24/2010 00:00:00,4.9344,4.9344,4.69453,4.74593,175320
IJC,5/25/2010 00:00:00,4.74593,4.79733,4.5746,4.626,104480
IJC,5/26/2010 00:00:00,4.7802,4.84873,4.71166,4.84873,136690
IJC,5/27/2010 00:00:00,5.00293,5.00293,4.7288,4.96866,163030
IJC,5/28/2010 00:00:00,5.14,5.20853,5.12286,5.20853,233150
IJC,5/31/2010 00:00:00,5.02006,5.20853,4.95153,4.96866,123800
IJC,6/1/2010 00:00:00,4.8316,5.00293,4.8316,5.00293,127200
IJC,6/2/2010 00:00:00,4.86586,5.05433,4.79733,5.05433,143970
IJC,6/3/2010 00:00:00,5.20853,5.20853,4.9344,5.0372,373470
IJC,6/4/2010 00:00:00,5.0372,5.0372,4.9344,4.95153,79800
IJC,6/7/2010 00:00:00,4.7288,4.79733,4.71166,4.71166,243660
IJC,6/8/2010 00:00:00,4.71166,4.71166,4.626,4.69453,88120
IJC,6/9/2010 00:00:00,4.76306,4.79733,4.55746,4.55746,110560
IJC,6/10/2010 00:00:00,4.69453,4.7802,4.626,4.74593,165720
IJC,6/11/2010 00:00:00,4.86586,4.86586,4.7288,4.7288,89000
IJC,6/14/2010 00:00:00,4.79733,4.883,4.7288,4.84873,145650
IJC,6/15/2010 00:00:00,4.84873,4.90013,4.81446,4.86586,201710
IJC,6/16/2010 00:00:00,5.02006,5.10573,4.883,5.10573,297320
IJC,6/17/2010 00:00:00,5.25993,5.34559,5.15713,5.34559,488420
IJC,6/18/2010 00:00:00,5.34559,5.34559,5.34559,5.34559,308170
IJC,6/21/2010 00:00:00,5.22566,5.31133,5.19139,5.31133,198340
IJC,6/22/2010 00:00:00,5.22566,5.29419,5.05433,5.08859,161880
IJC,6/23/2010 00:00:00,4.96866,5.29419,4.9344,5.17426,294000
IJC,6/24/2010 00:00:00,5.17426,5.22566,5.14,5.14,180830
IJC,6/25/2010 00:00:00,5.0372,5.22566,4.96866,5.0372,218050
IJC,6/28/2010 00:00:00,4.9858,5.12286,4.9858,5.05433,32780
IJC,6/29/2010 00:00:00,5.14,5.14,4.9344,4.9344,80120
IJC,6/30/2010 00:00:00,4.76306,4.91726,4.76306,4.79733,199370
IJC,7/1/2010 00:00:00,4.79733,4.81446,4.71166,4.7802,87590
IJC,7/2/2010 00:00:00,4.7802,4.95153,4.7802,4.90013,111260
IJC,7/5/2010 00:00:00,5.02006,5.0372,4.96866,4.96866,101540
IJC,7/6/2010 00:00:00,4.96866,4.96866,4.79733,4.79733,104400
IJC,7/7/2010 00:00:00,4.79733,4.8316,4.7802,4.79733,66470
IJC,7/8/2010 00:00:00,4.883,4.883,4.7802,4.7802,38620
IJC,7/9/2010 00:00:00,4.79733,4.8316,4.79733,4.79733,48580
IJC,7/12/2010 00:00:00,4.79733,4.79733,4.7802,4.7802,37410
IJC,7/13/2010 00:00:00,4.95153,4.95153,4.79733,4.9344,115080
IJC,7/14/2010 00:00:00,4.9344,5.00293,4.86586,4.86586,99220
IJC,7/15/2010 00:00:00,4.86586,4.86586,4.79733,4.81446,42580
IJC,7/16/2010 00:00:00,4.7802,4.81446,4.7802,4.7802,32520
IJC,7/19/2010 00:00:00,4.71166,4.7802,4.71166,4.76306,89520
IJC,7/20/2010 00:00:00,4.76306,4.79733,4.74593,4.76306,75040
IJC,7/21/2010 00:00:00,4.76306,4.76306,4.7288,4.7288,51180
IJC,7/22/2010 00:00:00,4.7802,4.7802,4.71166,4.71166,45420
IJC,7/23/2010 00:00:00,4.7802,4.7802,4.64313,4.64313,82600
IJC,7/26/2010 00:00:00,4.71166,4.71166,4.626,4.64313,96320
IJC,7/27/2010 00:00:00,4.64313,4.69453,4.626,4.626,52660
IJC,7/28/2010 00:00:00,4.626,4.626,4.48893,4.48893,35520
IJC,7/29/2010 00:00:00,4.48893,4.5746,4.40326,4.5746,30890
IJC,7/30/2010 00:00:00,4.48893,4.66026,4.4718,4.4718,108440
IJC,8/2/2010 00:00:00,4.5746,4.5746,4.4718,4.4718,35220
IJC,8/3/2010 00:00:00,4.54033,4.54033,4.24906,4.3176,249700
IJC,8/4/2010 00:00:00,4.28333,4.28333,4.19766,4.2148,51750
IJC,8/5/2010 00:00:00,4.2662,4.2662,4.14626,4.14626,52380
IJC,8/6/2010 00:00:00,4.2148,4.2148,4.0606,4.0606,199750
IJC,8/9/2010 00:00:00,4.0606,4.0606,3.87213,3.87213,129840
IJC,8/10/2010 00:00:00,3.73506,3.76933,3.68366,3.68366,130000
IJC,8/11/2010 00:00:00,3.68366,3.7522,3.598,3.61513,72740
IJC,8/12/2010 00:00:00,3.46093,3.47806,3.4438,3.4438,268160
IJC,8/13/2010 00:00:00,3.2896,3.4438,3.27246,3.2896,144340
IJC,8/16/2010 00:00:00,3.35813,3.4438,3.30673,3.4438,104660
IJC,8/17/2010 00:00:00,3.42666,3.42666,3.341,3.37526,59580
IJC,8/18/2010 00:00:00,3.40953,3.40953,3.22106,3.25533,116480
IJC,8/19/2010 00:00:00,3.25533,3.25533,3.10113,3.1868,633620
IJC,8/20/2010 00:00:00,3.1868,3.1868,3.084,3.1868,62610
IJC,8/23/2010 00:00:00,3.16966,3.16966,3.084,3.084,78390
IJC,8/24/2010 00:00:00,2.94693,2.99833,2.9298,2.9298,151070
IJC,8/25/2010 00:00:00,2.84413,2.84413,2.79273,2.79273,97210
IJC,8/26/2010 00:00:00,2.75846,2.827,2.6728,2.74133,325630
IJC,8/27/2010 00:00:00,2.63853,2.74133,2.6214,2.68993,91820
IJC,8/30/2010 00:00:00,2.80986,2.80986,2.7756,2.80986,156300
IJC,8/31/2010 00:00:00,2.91266,2.94693,2.89553,2.94693,213580
IJC,9/1/2010 00:00:00,3.084,3.084,3.04973,3.084,391970
IJC,9/6/2010 00:00:00,3.2382,3.2382,3.2382,3.2382,17010
IJC,9/7/2010 00:00:00,3.3924,3.3924,3.3924,3.3924,39990
IJC,9/8/2010 00:00:00,3.51233,3.5466,3.30673,3.5466,980120
IJC,9/9/2010 00:00:00,3.5466,3.68366,3.4438,3.598,386740
IJC,9/10/2010 00:00:00,3.52946,3.61513,3.42666,3.42666,203170
IJC,9/13/2010 00:00:00,3.30673,3.4438,3.25533,3.25533,252850
IJC,9/14/2010 00:00:00,3.25533,3.27246,3.1354,3.25533,120850
IJC,9/15/2010 00:00:00,3.30673,3.30673,3.11826,3.16966,110470
IJC,9/16/2010 00:00:00,3.10113,3.16966,3.084,3.11826,109590
IJC,9/17/2010 00:00:00,3.25533,3.27246,3.25533,3.27246,101220
IJC,9/20/2010 00:00:00,3.42666,3.42666,3.2896,3.42666,291480
IJC,9/21/2010 00:00:00,3.47806,3.598,3.42666,3.5466,787320
IJC,9/22/2010 00:00:00,3.47806,3.58086,3.47806,3.52946,157500
IJC,9/23/2010 00:00:00,3.4952,3.51233,3.37526,3.42666,191100
IJC,9/24/2010 00:00:00,3.42666,3.47806,3.3924,3.47806,92420
IJC,9/27/2010 00:00:00,3.46093,3.5466,3.40953,3.42666,195020
IJC,9/28/2010 00:00:00,3.52946,3.58086,3.3924,3.3924,168340
IJC,9/29/2010 00:00:00,3.3924,3.42666,3.27246,3.27246,104810
IJC,9/30/2010 00:00:00,3.42666,3.42666,3.42666,3.42666,183740
IJC,10/1/2010 00:00:00,3.598,3.598,3.5466,3.5466,983320
IJC,10/4/2010 00:00:00,3.47806,3.5466,3.37526,3.37526,216360
IJC,10/5/2010 00:00:00,3.2382,3.341,3.22106,3.341,169050
IJC,10/6/2010 00:00:00,3.40953,3.4952,3.341,3.46093,174050
IJC,10/7/2010 00:00:00,3.47806,3.58086,3.42666,3.42666,153320
IJC,10/8/2010 00:00:00,3.35813,3.42666,3.341,3.35813,134720
IJC,10/11/2010 00:00:00,3.35813,3.37526,3.2896,3.30673,46030
IJC,10/12/2010 00:00:00,3.27246,3.30673,3.1868,3.30673,185070
IJC,10/13/2010 00:00:00,3.20393,3.3924,3.20393,3.30673,101550
IJC,10/14/2010 00:00:00,3.32386,3.341,3.27246,3.2896,63470
IJC,10/15/2010 00:00:00,3.2896,3.30673,3.2382,3.30673,88420
IJC,10/18/2010 00:00:00,3.35813,3.35813,3.30673,3.30673,155850
IJC,10/19/2010 00:00:00,3.25533,3.32386,3.16966,3.1868,129210
IJC,10/20/2010 00:00:00,3.1868,3.20393,3.0326,3.16966,306660
IJC,10/21/2010 00:00:00,3.11826,3.2382,3.11826,3.1354,147670
IJC,10/22/2010 00:00:00,3.1354,3.15253,2.9812,2.9812,71210
IJC,10/25/2010 00:00:00,2.9812,2.9812,2.89553,2.96406,78510
IJC,10/26/2010 00:00:00,2.96406,3.10113,2.96406,3.10113,96730
IJC,10/27/2010 00:00:00,3.20393,3.20393,2.99833,2.99833,27550
IJC,10/28/2010 00:00:00,2.94693,2.99833,2.91266,2.91266,55320
IJC,10/29/2010 00:00:00,2.91266,2.94693,2.86126,2.86126,49440
IJC,11/1/2010 00:00:00,2.86126,2.86126,2.7242,2.7242,134650
IJC,11/2/2010 00:00:00,2.63853,2.65566,2.60426,2.6214,185580
IJC,11/3/2010 00:00:00,2.57,2.70706,2.55286,2.55286,55890
IJC,11/4/2010 00:00:00,2.55286,2.63853,2.53573,2.55286,120400
IJC,11/5/2010 00:00:00,2.6728,2.6728,2.60426,2.6728,108840
IJC,11/8/2010 00:00:00,2.70706,2.70706,2.6214,2.6214,52260
IJC,11/9/2010 00:00:00,2.57,2.57,2.50146,2.50146,76630
IJC,11/10/2010 00:00:00,2.55286,2.55286,2.43293,2.43293,30270
IJC,11/11/2010 00:00:00,2.43293,2.43293,2.313,2.313,173030
IJC,11/12/2010 00:00:00,2.27873,2.29586,2.2102,2.22733,148690
IJC,11/15/2010 00:00:00,2.2616,2.2616,2.1588,2.1588,88390
IJC,11/16/2010 00:00:00,2.09026,2.19306,2.056,2.07313,74010
IJC,11/17/2010 00:00:00,2.14166,2.17593,2.12453,2.14166,83060
IJC,11/18/2010 00:00:00,2.17593,2.24446,2.17593,2.24446,87060
IJC,11/19/2010 00:00:00,2.2616,2.2616,2.19306,2.19306,49970
IJC,11/22/2010 00:00:00,2.14166,2.14166,2.1074,2.12453,44820
IJC,11/23/2010 00:00:00,2.14166,2.22733,2.12453,2.22733,69020
IJC,11/24/2010 00:00:00,2.22733,2.2616,2.1588,2.22733,69140
IJC,11/25/2010 00:00:00,2.2616,2.33013,2.2616,2.313,80340
IJC,11/26/2010 00:00:00,2.313,2.39866,2.29586,2.38153,89770
IJC,11/29/2010 00:00:00,2.313,2.43293,2.313,2.43293,38220
IJC,11/30/2010 00:00:00,2.50146,2.55286,2.50146,2.55286,146260
IJC,12/1/2010 00:00:00,2.57,2.6728,2.45006,2.65566,221430
IJC,12/2/2010 00:00:00,2.6728,2.7756,2.57,2.7756,214990
IJC,12/3/2010 00:00:00,2.91266,2.91266,2.89553,2.91266,116830
IJC,12/6/2010 00:00:00,3.0326,3.0326,2.7756,2.91266,222410
IJC,12/7/2010 00:00:00,2.91266,2.91266,2.7756,2.7756,165850
IJC,12/8/2010 00:00:00,2.91266,2.91266,2.91266,2.91266,249080
IJC,12/9/2010 00:00:00,3.04973,3.04973,3.04973,3.04973,16130
IJC,12/10/2010 00:00:00,3.1868,3.1868,3.1868,3.1868,46430
IJC,12/13/2010 00:00:00,3.341,3.341,3.341,3.341,28410
IJC,12/14/2010 00:00:00,3.4952,3.4952,3.35813,3.4952,948380
IJC,12/15/2010 00:00:00,3.56373,3.66653,3.4952,3.51233,502000
IJC,12/16/2010 00:00:00,3.51233,3.51233,3.341,3.341,302790
IJC,12/17/2010 00:00:00,3.47806,3.4952,3.22106,3.4952,292330
IJC,12/20/2010 00:00:00,3.51233,3.52946,3.35813,3.35813,280960
IJC,12/21/2010 00:00:00,3.35813,3.42666,3.20393,3.25533,247960
IJC,12/22/2010 00:00:00,3.341,3.341,3.1868,3.1868,190130
IJC,12/23/2010 00:00:00,3.27246,3.341,3.16966,3.341,308260
IJC,12/24/2010 00:00:00,3.40953,3.4952,3.40953,3.47806,598300
IJC,12/27/2010 00:00:00,3.46093,3.46093,3.37526,3.37526,64100
IJC,12/28/2010 00:00:00,3.42666,3.46093,3.341,3.42666,92340
IJC,12/29/2010 00:00:00,3.46093,3.46093,3.341,3.341,124730
IJC,12/30/2010 00:00:00,3.25533,3.32386,3.22106,3.25533,97070
IJC,12/31/2010 00:00:00,3.35813,3.35813,3.1868,3.22106,74080
IJC,1/4/2011 00:00:00,3.30673,3.37526,3.30673,3.37526,70400
IJC,1/5/2011 00:00:00,3.52946,3.52946,3.3924,3.46093,323950
IJC,1/6/2011 00:00:00,3.4438,3.51233,3.341,3.341,557620
IJC,1/7/2011 00:00:00,3.341,3.35813,3.1868,3.1868,411000
IJC,1/10/2011 00:00:00,3.04973,3.084,3.0326,3.0326,199800
IJC,1/11/2011 00:00:00,2.89553,2.96406,2.89553,2.89553,633270
IJC,1/12/2011 00:00:00,3.01546,3.0326,2.91266,3.0326,378170
IJC,1/13/2011 00:00:00,3.17976,3.17976,3.17976,3.17976,12800
IJC,1/14/2011 00:00:00,3.33743,3.33743,3.33743,3.33743,3900
IJC,1/17/2011 00:00:00,3.49511,3.49511,3.49511,3.49511,4790
IJC,1/18/2011 00:00:00,3.65278,3.65278,3.6265,3.65278,857640
IJC,1/19/2011 00:00:00,3.81046,3.81046,3.7579,3.81046,964670
IJC,1/20/2011 00:00:00,3.7579,3.86301,3.67906,3.7579,405980
IJC,1/21/2011 00:00:00,3.73162,3.78418,3.70534,3.73162,131110
IJC,1/24/2011 00:00:00,3.73162,3.73162,3.6265,3.6265,211550
IJC,1/25/2011 00:00:00,3.60022,3.78418,3.60022,3.7579,320760
IJC,1/26/2011 00:00:00,3.7579,3.86301,3.73162,3.81046,249330
IJC,1/27/2011 00:00:00,3.99441,3.99441,3.96813,3.99441,353210
IJC,1/28/2011 00:00:00,4.17836,4.17836,4.09952,4.1258,960800
IJC,2/8/2011 00:00:00,4.20464,4.20464,4.07325,4.09952,135610
IJC,2/9/2011 00:00:00,4.1258,4.17836,4.04697,4.17836,364090
IJC,2/10/2011 00:00:00,4.36231,4.36231,4.33604,4.36231,758430
IJC,2/11/2011 00:00:00,4.57255,4.57255,4.46743,4.57255,1.4321e+006
IJC,2/14/2011 00:00:00,4.67766,4.78278,4.59883,4.70394,742070
IJC,2/15/2011 00:00:00,4.57255,4.65138,4.49371,4.49371,667340
IJC,2/16/2011 00:00:00,4.41487,4.49371,4.41487,4.46743,523390
IJC,2/17/2011 00:00:00,4.46743,4.46743,4.38859,4.44115,216360
IJC,2/18/2011 00:00:00,4.46743,4.49371,4.41487,4.44115,534000
IJC,2/21/2011 00:00:00,4.33604,4.41487,4.23092,4.23092,418180
IJC,2/22/2011 00:00:00,4.07325,4.20464,4.07325,4.09952,638860
IJC,2/23/2011 00:00:00,4.2572,4.28348,4.23092,4.28348,197600
IJC,2/24/2011 00:00:00,4.28348,4.46743,4.20464,4.36231,805180
IJC,2/25/2011 00:00:00,4.20194,4.39439,4.20194,4.20194,434210
IJC,2/28/2011 00:00:00,4.16986,4.16986,4.00948,4.00948,455050
IJC,3/1/2011 00:00:00,3.8491,4.00948,3.8491,3.88118,357050
IJC,3/2/2011 00:00:00,3.78495,3.81703,3.68872,3.68872,296380
IJC,3/3/2011 00:00:00,3.68872,3.68872,3.52834,3.52834,407560
IJC,3/4/2011 00:00:00,3.46419,3.68872,3.40004,3.68872,367910
IJC,3/7/2011 00:00:00,3.8491,3.8491,3.7208,3.8491,309430
IJC,3/8/2011 00:00:00,3.8491,3.88118,3.65665,3.65665,224840
IJC,3/9/2011 00:00:00,3.59249,3.62457,3.49627,3.59249,91340
IJC,3/10/2011 00:00:00,3.59249,3.75287,3.59249,3.7208,522060
IJC,3/11/2011 00:00:00,3.78495,3.88118,3.75287,3.88118,551600
IJC,3/14/2011 00:00:00,3.88118,3.88118,3.68872,3.68872,217000
IJC,3/15/2011 00:00:00,3.62457,3.7208,3.59249,3.59249,141520
IJC,3/16/2011 00:00:00,3.59249,3.68872,3.56042,3.62457,148990
IJC,3/17/2011 00:00:00,3.62457,3.68872,3.56042,3.59249,198140
IJC,3/18/2011 00:00:00,3.59249,3.7208,3.56042,3.7208,252350
IJC,3/21/2011 00:00:00,3.7208,3.78495,3.65665,3.65665,312480
IJC,3/22/2011 00:00:00,3.62457,3.65665,3.56042,3.59249,159080
IJC,3/23/2011 00:00:00,3.59249,3.65665,3.56042,3.59249,270540
IJC,3/24/2011 00:00:00,3.59249,3.62457,3.52834,3.56042,118670
IJC,3/25/2011 00:00:00,3.52834,3.56042,3.49627,3.52834,177090
IJC,3/28/2011 00:00:00,3.52834,3.56042,3.49627,3.49627,113870
IJC,3/29/2011 00:00:00,3.49627,3.49627,3.36796,3.36796,293700
IJC,3/30/2011 00:00:00,3.23966,3.33589,3.23966,3.33589,192200
IJC,3/31/2011 00:00:00,3.36796,3.40004,3.30381,3.30381,151810
IJC,4/1/2011 00:00:00,3.30381,3.36796,3.30381,3.33589,230270
IJC,4/4/2011 00:00:00,3.30381,3.30381,3.23966,3.27174,88410
IJC,4/5/2011 00:00:00,3.30381,3.30381,3.20758,3.23966,222230
IJC,4/6/2011 00:00:00,3.30381,3.33589,3.23966,3.33589,95680
IJC,4/7/2011 00:00:00,3.33589,3.33589,3.23966,3.27174,43270
IJC,4/8/2011 00:00:00,3.27174,3.27174,3.20758,3.23966,94600
IJC,4/13/2011 00:00:00,3.27174,3.27174,3.14343,3.14343,131570
IJC,4/14/2011 00:00:00,3.14343,3.17551,3.07928,3.07928,206910
IJC,4/15/2011 00:00:00,3.07928,3.07928,2.95098,2.95098,151640
IJC,4/18/2011 00:00:00,2.9189,2.98305,2.85475,2.9189,215940
IJC,4/19/2011 00:00:00,2.85475,2.9189,2.85475,2.88683,115350
IJC,4/20/2011 00:00:00,2.88683,3.01513,2.88683,2.95098,234130
IJC,4/21/2011 00:00:00,2.98305,3.07928,2.98305,3.0472,373470
IJC,4/22/2011 00:00:00,3.0472,3.0472,2.95098,2.95098,175310
IJC,4/25/2011 00:00:00,2.98305,3.07928,2.98305,3.07928,176720
IJC,4/26/2011 00:00:00,3.07928,3.11136,2.98305,3.07928,303970
IJC,4/27/2011 00:00:00,3.07928,3.20758,3.01513,3.20758,321340
IJC,4/28/2011 00:00:00,3.20758,3.20758,3.14343,3.17551,152220
IJC,4/29/2011 00:00:00,3.17551,3.20758,3.0472,3.0472,236770
IJC,5/4/2011 00:00:00,3.01513,3.07928,2.98305,3.01513,84440
IJC,5/5/2011 00:00:00,2.98305,3.0472,2.95098,2.95098,80140
IJC,5/6/2011 00:00:00,2.88683,2.9189,2.82267,2.88683,502820
IJC,5/9/2011 00:00:00,2.9189,2.95098,2.88683,2.95098,283390
IJC,5/10/2011 00:00:00,2.95098,2.95098,2.9189,2.9189,159370
IJC,5/11/2011 00:00:00,2.95098,2.95098,2.85475,2.88683,145490
IJC,5/12/2011 00:00:00,2.85475,2.88683,2.85475,2.85475,149960
IJC,5/13/2011 00:00:00,2.85475,2.88683,2.85475,2.85475,292910
IJC,5/16/2011 00:00:00,2.85475,2.85475,2.7906,2.7906,237200
IJC,5/17/2011 00:00:00,2.75852,2.75852,2.66229,2.66229,564120
IJC,5/18/2011 00:00:00,2.59814,2.63022,2.53399,2.56607,604420
IJC,5/19/2011 00:00:00,2.59814,2.63022,2.53399,2.53399,363630
IJC,5/20/2011 00:00:00,2.56607,2.56607,2.50192,2.50192,227910
IJC,5/23/2011 00:00:00,2.50192,2.50192,2.40569,2.40569,490760
IJC,5/24/2011 00:00:00,2.30946,2.34154,2.30946,2.30946,251410
IJC,5/25/2011 00:00:00,2.21323,2.21323,2.21323,2.21323,110630
IJC,5/26/2011 00:00:00,2.11701,2.30946,2.11701,2.30946,365430
IJC,5/27/2011 00:00:00,2.40569,2.40569,2.30946,2.40569,667240
IJC,5/30/2011 00:00:00,2.43776,2.43776,2.30946,2.30946,384840
IJC,5/31/2011 00:00:00,2.27738,2.34154,2.21323,2.27738,262160
IJC,6/1/2011 00:00:00,2.27738,2.37361,2.24531,2.37361,213830
IJC,6/2/2011 00:00:00,2.46984,2.46984,2.43776,2.46984,270910
IJC,6/3/2011 00:00:00,2.56607,2.56607,2.37361,2.46984,826360
IJC,6/6/2011 00:00:00,2.46984,2.53399,2.43776,2.50192,325140
IJC,6/7/2011 00:00:00,2.59814,2.59814,2.56607,2.59814,484200
IJC,6/8/2011 00:00:00,2.66229,2.69437,2.56607,2.63022,573610
IJC,6/9/2011 00:00:00,2.59814,2.72645,2.56607,2.69437,485100
IJC,6/10/2011 00:00:00,2.72645,2.82267,2.72645,2.82267,792010
IJC,6/13/2011 00:00:00,2.82267,2.95098,2.75852,2.95098,900340
IJC,6/14/2011 00:00:00,2.95098,3.07928,2.85475,2.88683,987020
IJC,6/15/2011 00:00:00,2.7906,2.88683,2.75852,2.75852,482520
IJC,6/16/2011 00:00:00,2.72645,2.82267,2.66229,2.75852,473930
IJC,6/17/2011 00:00:00,2.82267,2.82267,2.63022,2.63022,627690
IJC,6/20/2011 00:00:00,2.56607,2.63022,2.50192,2.50192,423840
IJC,6/21/2011 00:00:00,2.56607,2.59814,2.50192,2.59814,219440
IJC,6/22/2011 00:00:00,2.66229,2.69437,2.59814,2.63022,305670
IJC,6/23/2011 00:00:00,2.59814,2.63022,2.53399,2.56607,81410
IJC,6/24/2011 00:00:00,2.56607,2.59814,2.50192,2.53399,196390
IJC,6/27/2011 00:00:00,2.56607,2.59814,2.53399,2.56607,209800
IJC,6/28/2011 00:00:00,2.59814,2.59814,2.53399,2.53399,125350
IJC,6/29/2011 00:00:00,2.53399,2.56607,2.50192,2.53399,116390
IJC,6/30/2011 00:00:00,2.56607,2.56607,2.50192,2.53399,58700
IJC,7/1/2011 00:00:00,2.50192,2.50192,2.43776,2.50192,160090
IJC,7/4/2011 00:00:00,2.46984,2.50192,2.43776,2.43776,167230
IJC,7/5/2011 00:00:00,2.53399,2.53399,2.53399,2.53399,223050
IJC,7/6/2011 00:00:00,2.56607,2.56607,2.46984,2.46984,87080
IJC,7/7/2011 00:00:00,2.43776,2.50192,2.43776,2.43776,159220
IJC,7/8/2011 00:00:00,2.43776,2.46984,2.43776,2.46984,112140
IJC,7/11/2011 00:00:00,2.46984,2.46984,2.40569,2.40569,95390
IJC,7/12/2011 00:00:00,2.40569,2.40569,2.34154,2.37361,107560
IJC,7/13/2011 00:00:00,2.40569,2.43776,2.37361,2.37361,177920
IJC,7/14/2011 00:00:00,2.37361,2.37361,2.30946,2.34154,291010
IJC,7/15/2011 00:00:00,2.37361,2.37361,2.27738,2.27738,175770
IJC,7/18/2011 00:00:00,2.27738,2.30946,2.24531,2.24531,139450
IJC,7/19/2011 00:00:00,2.24531,2.27738,2.21323,2.21323,145760
IJC,7/20/2011 00:00:00,2.24531,2.30946,2.21323,2.30946,244750
IJC,7/21/2011 00:00:00,2.34154,2.34154,2.24531,2.24531,119890
IJC,7/22/2011 00:00:00,2.24531,2.27738,2.21323,2.24531,137130
IJC,7/25/2011 00:00:00,2.27738,2.27738,2.21323,2.24531,46200
IJC,7/26/2011 00:00:00,2.24531,2.24531,2.14908,2.18116,460200
IJC,7/27/2011 00:00:00,2.21323,2.21323,2.14908,2.14908,242730
IJC,7/28/2011 00:00:00,2.14908,2.21323,2.11701,2.14908,200720
IJC,7/29/2011 00:00:00,2.18116,2.18116,2.11701,2.14908,180130
IJC,8/1/2011 00:00:00,2.14908,2.14908,2.11701,2.11701,209860
IJC,8/2/2011 00:00:00,2.11701,2.11701,2.02078,2.02078,520900
IJC,8/3/2011 00:00:00,1.9887,2.02078,1.92455,1.92455,627080
IJC,8/4/2011 00:00:00,1.9887,2.02078,1.95663,2.02078,190470
IJC,8/5/2011 00:00:00,1.9887,2.11701,1.9887,2.05285,220430
IJC,8/8/2011 00:00:00,2.08493,2.08493,2.02078,2.02078,282210
IJC,8/9/2011 00:00:00,1.95663,1.95663,1.92455,1.92455,542030
IJC,8/10/2011 00:00:00,1.9887,2.02078,1.95663,1.95663,238970
IJC,8/11/2011 00:00:00,1.92455,1.95663,1.89247,1.92455,165510
IJC,8/12/2011 00:00:00,1.95663,1.95663,1.92455,1.95663,248020
IJC,8/15/2011 00:00:00,1.92455,1.95663,1.92455,1.95663,124330
IJC,8/16/2011 00:00:00,1.95663,1.9887,1.92455,1.95663,144910
IJC,8/17/2011 00:00:00,1.9887,2.05285,1.9887,2.05285,377930
IJC,8/18/2011 00:00:00,2.08493,2.14908,2.08493,2.14908,410470
IJC,8/19/2011 00:00:00,2.08493,2.11701,2.05285,2.08493,449930
IJC,8/22/2011 00:00:00,2.11701,2.18116,2.11701,2.18116,326400
IJC,8/23/2011 00:00:00,2.18116,2.21323,2.11701,2.14908,377110
IJC,8/24/2011 00:00:00,2.21323,2.21323,2.11701,2.11701,298920
IJC,8/25/2011 00:00:00,2.14908,2.18116,2.11701,2.14908,290430
IJC,8/26/2011 00:00:00,2.14908,2.18116,2.11701,2.14908,255970
IJC,8/29/2011 00:00:00,2.18116,2.24531,2.14908,2.24531,522070
IJC,8/30/2011 00:00:00,2.34154,2.34154,2.30946,2.34154,864330
IJC,8/31/2011 00:00:00,2.30946,2.43776,2.30946,2.43776,848980
IJC,9/1/2011 00:00:00,2.50192,2.53399,2.46984,2.53399,576530
IJC,9/5/2011 00:00:00,2.63022,2.63022,2.56607,2.63022,1.3172e+006
IJC,9/6/2011 00:00:00,2.59814,2.63022,2.50192,2.50192,1.03025e+006
IJC,9/7/2011 00:00:00,2.56607,2.59814,2.53399,2.59814,1.22522e+006
IJC,9/8/2011 00:00:00,2.72645,2.72645,2.69437,2.72645,951670
IJC,9/9/2011 00:00:00,2.69437,2.85475,2.66229,2.82267,1.70978e+006
IJC,9/12/2011 00:00:00,2.88683,2.95098,2.85475,2.95098,1.46418e+006
IJC,9/13/2011 00:00:00,2.95098,3.07928,2.95098,3.07928,1.12369e+006
IJC,9/14/2011 00:00:00,3.20758,3.20758,3.20758,3.20758,789060
IJC,9/15/2011 00:00:00,3.36796,3.36796,3.36796,3.36796,940950
IJC,9/16/2011 00:00:00,3.52834,3.52834,3.52834,3.52834,465170
IJC,9/19/2011 00:00:00,3.65665,3.65665,3.36796,3.59249,5.24815e+006
IJC,9/20/2011 00:00:00,3.59249,3.59249,3.43212,3.46419,2.20641e+006
IJC,9/21/2011 00:00:00,3.49627,3.62457,3.49627,3.62457,2.15967e+006
IJC,9/22/2011 00:00:00,3.7208,3.78495,3.59249,3.78495,2.77855e+006
IJC,9/23/2011 00:00:00,3.81703,3.94533,3.75287,3.94533,1.939e+006
IJC,9/26/2011 00:00:00,4.13778,4.13778,4.13778,4.13778,531120
IJC,9/27/2011 00:00:00,4.33024,4.33024,4.33024,4.33024,330230
IJC,9/28/2011 00:00:00,4.52269,4.52269,4.52269,4.52269,364540
IJC,9/29/2011 00:00:00,4.39439,4.74722,4.39439,4.45854,9.02927e+006
IJC,9/30/2011 00:00:00,4.45854,4.45854,4.26609,4.26609,2.16131e+006
IJC,10/3/2011 00:00:00,4.07363,4.07363,4.07363,4.07363,66330
IJC,10/4/2011 00:00:00,3.88118,3.88118,3.88118,3.88118,13890
IJC,10/5/2011 00:00:00,3.68872,3.8491,3.68872,3.7208,5.63634e+006
IJC,10/6/2011 00:00:00,3.78495,3.88118,3.75287,3.88118,1.63118e+006
IJC,10/7/2011 00:00:00,4.07363,4.07363,3.8491,4.07363,2.69774e+006
IJC,10/10/2011 00:00:00,4.07363,4.23401,3.88118,3.88118,957110
IJC,10/11/2011 00:00:00,3.8491,3.88118,3.7208,3.7208,2.12761e+006
IJC,10/12/2011 00:00:00,3.65665,3.68872,3.56042,3.56042,1.9222e+006
IJC,10/13/2011 00:00:00,3.52834,3.59249,3.40004,3.40004,2.04645e+006
IJC,10/14/2011 00:00:00,3.36796,3.52834,3.30381,3.43212,690190
IJC,10/17/2011 00:00:00,3.46419,3.46419,3.27174,3.27174,1.04136e+006
IJC,10/18/2011 00:00:00,3.14343,3.14343,3.11136,3.11136,540180
IJC,10/19/2011 00:00:00,3.14343,3.20758,2.98305,3.07928,1.90317e+006
IJC,10/20/2011 00:00:00,3.0472,3.14343,3.01513,3.01513,745750
IJC,10/21/2011 00:00:00,3.0472,3.14343,3.01513,3.14343,390490
IJC,10/24/2011 00:00:00,3.27174,3.27174,3.20758,3.27174,935340
IJC,10/25/2011 00:00:00,3.27174,3.27174,3.14343,3.20758,1.39978e+006
IJC,10/26/2011 00:00:00,3.20758,3.33589,3.20758,3.27174,1.15892e+006
IJC,10/27/2011 00:00:00,3.33589,3.43212,3.27174,3.43212,1.06622e+006
IJC,10/28/2011 00:00:00,3.59249,3.59249,3.52834,3.59249,1.47343e+006
IJC,10/31/2011 00:00:00,3.75287,3.75287,3.65665,3.65665,2.45801e+006
IJC,11/1/2011 00:00:00,3.59249,3.68872,3.49627,3.49627,1.79609e+006
IJC,11/2/2011 00:00:00,3.43212,3.49627,3.33589,3.43212,1.25787e+006
IJC,11/3/2011 00:00:00,3.49627,3.49627,3.33589,3.43212,801770
IJC,11/4/2011 00:00:00,3.49627,3.49627,3.33589,3.33589,632510
IJC,11/7/2011 00:00:00,3.30381,3.33589,3.17551,3.17551,1.36091e+006
IJC,11/8/2011 00:00:00,3.11136,3.30381,3.07928,3.23966,681220
IJC,11/9/2011 00:00:00,3.27174,3.33589,3.20758,3.27174,745140
IJC,11/10/2011 00:00:00,3.17551,3.20758,3.11136,3.14343,880410
IJC,11/11/2011 00:00:00,3.17551,3.20758,3.01513,3.01513,1.39462e+006
IJC,11/14/2011 00:00:00,3.0472,3.0472,2.88683,2.88683,1.58555e+006
IJC,11/15/2011 00:00:00,2.95098,3.01513,2.95098,3.01513,1.08707e+006
IJC,11/16/2011 00:00:00,3.07928,3.14343,3.07928,3.14343,708700
IJC,11/17/2011 00:00:00,3.17551,3.23966,3.07928,3.07928,825410
IJC,11/18/2011 00:00:00,3.0472,3.07928,2.95098,3.07928,980790
IJC,11/21/2011 00:00:00,3.01513,3.11136,2.98305,3.01513,550740
IJC,11/22/2011 00:00:00,2.98305,3.07928,2.9189,3.0472,433810
IJC,11/23/2011 00:00:00,3.14343,3.17551,3.07928,3.14343,654540
IJC,11/24/2011 00:00:00,3.07928,3.14343,3.0472,3.07928,537660
IJC,11/25/2011 00:00:00,3.07928,3.07928,3.01513,3.0472,522520
IJC,11/28/2011 00:00:00,3.14343,3.17551,3.14343,3.17551,995820
IJC,11/29/2011 00:00:00,3.14343,3.20758,3.11136,3.14343,440660
IJC,11/30/2011 00:00:00,3.14343,3.14343,3.0472,3.0472,486320
IJC,12/1/2011 00:00:00,3.11136,3.11136,3.0472,3.11136,512870
IJC,12/2/2011 00:00:00,3.11136,3.14343,3.11136,3.11136,459210
IJC,12/5/2011 00:00:00,3.17551,3.23966,3.17551,3.23966,687030
IJC,12/6/2011 00:00:00,3.33589,3.40004,3.30381,3.30381,1.92673e+006
IJC,12/7/2011 00:00:00,3.27174,3.30381,3.20758,3.23966,869350
IJC,12/8/2011 00:00:00,3.20758,3.30381,3.14343,3.14343,733630
IJC,12/9/2011 00:00:00,3.14343,3.14343,3.0472,3.0472,907230
IJC,12/12/2011 00:00:00,3.0472,3.0472,2.9189,2.98305,1.2451e+006
IJC,12/13/2011 00:00:00,2.9189,3.01513,2.88683,2.9189,738970
IJC,12/14/2011 00:00:00,2.9189,2.95098,2.7906,2.7906,1.7394e+006
IJC,12/15/2011 00:00:00,2.72645,2.75852,2.66229,2.72645,1.33958e+006
IJC,12/16/2011 00:00:00,2.7906,2.85475,2.72645,2.85475,741530
IJC,12/19/2011 00:00:00,2.88683,2.95098,2.75852,2.75852,649570
IJC,12/20/2011 00:00:00,2.69437,2.75852,2.63022,2.69437,637310
IJC,12/21/2011 00:00:00,2.82267,2.82267,2.72645,2.7906,813270
IJC,12/22/2011 00:00:00,2.72645,2.7906,2.66229,2.66229,1.68226e+006
IJC,12/23/2011 00:00:00,2.59814,2.69437,2.56607,2.66229,742440
IJC,12/26/2011 00:00:00,2.66229,2.69437,2.53399,2.53399,618300
IJC,12/27/2011 00:00:00,2.50192,2.50192,2.43776,2.43776,1.28251e+006
IJC,12/28/2011 00:00:00,2.50192,2.53399,2.46984,2.53399,688960
IJC,12/29/2011 00:00:00,2.56607,2.59814,2.50192,2.56607,611500
IJC,12/30/2011 00:00:00,2.66229,2.69437,2.59814,2.69437,785360
IJC,1/3/2012 00:00:00,2.72645,2.82267,2.69437,2.72645,629590
IJC,1/4/2012 00:00:00,2.72645,2.72645,2.63022,2.63022,370440
IJC,1/5/2012 00:00:00,2.56607,2.63022,2.56607,2.59814,338530
IJC,1/6/2012 00:00:00,2.56607,2.59814,2.50192,2.50192,576840
IJC,1/9/2012 00:00:00,2.53399,2.56607,2.43776,2.56607,375000
IJC,1/10/2012 00:00:00,2.59814,2.69437,2.59814,2.69437,732830
IJC,1/11/2012 00:00:00,2.72645,2.72645,2.56607,2.56607,402710
IJC,1/12/2012 00:00:00,2.50192,2.59814,2.50192,2.56607,175640
IJC,1/13/2012 00:00:00,2.59814,2.63022,2.56607,2.63022,392110
IJC,1/16/2012 00:00:00,2.66229,2.75852,2.66229,2.69437,693460
IJC,1/17/2012 00:00:00,2.66229,2.69437,2.63022,2.63022,365730
IJC,1/18/2012 00:00:00,2.63022,2.69437,2.63022,2.63022,149770
IJC,1/19/2012 00:00:00,2.63022,2.75852,2.59814,2.75852,517050
IJC,1/20/2012 00:00:00,2.7906,2.7906,2.69437,2.69437,299050
IJC,1/30/2012 00:00:00,2.69437,2.7906,2.66229,2.75852,338570
IJC,1/31/2012 00:00:00,2.88683,2.88683,2.85475,2.88683,1.31241e+006
IJC,2/1/2012 00:00:00,3.01513,3.01513,2.98305,3.01513,1.99441e+006
IJC,2/2/2012 00:00:00,3.14343,3.14343,3.11136,3.14343,469540
IJC,2/3/2012 00:00:00,3.27174,3.27174,3.14343,3.17551,2.48869e+006
IJC,2/6/2012 00:00:00,3.27174,3.30381,3.17551,3.30381,2.05466e+006
IJC,2/7/2012 00:00:00,3.40004,3.40004,3.20758,3.27174,1.50734e+006
IJC,2/8/2012 00:00:00,3.33589,3.43212,3.30381,3.43212,1.29742e+006
IJC,2/9/2012 00:00:00,3.46419,3.49627,3.30381,3.36796,1.02729e+006
IJC,2/10/2012 00:00:00,3.27174,3.30381,3.20758,3.20758,1.18317e+006
IJC,2/13/2012 00:00:00,3.07928,3.11136,3.0472,3.0472,684170
IJC,2/14/2012 00:00:00,3.01513,3.17551,2.98305,3.14343,1.21377e+006
IJC,2/15/2012 00:00:00,3.14343,3.14343,3.01513,3.0472,1.13572e+006
IJC,2/16/2012 00:00:00,3.0472,3.14343,3.01513,3.11136,690970
IJC,2/17/2012 00:00:00,3.17551,3.23966,3.14343,3.23966,848480
IJC,2/20/2012 00:00:00,3.40004,3.40004,3.36796,3.40004,606200
IJC,2/21/2012 00:00:00,3.56042,3.56042,3.36796,3.36796,2.83524e+006
IJC,2/22/2012 00:00:00,3.33589,3.52834,3.33589,3.52834,1.66595e+006
IJC,2/23/2012 00:00:00,3.59249,3.68872,3.52834,3.68872,2.45962e+006
IJC,2/24/2012 00:00:00,3.75287,3.8491,3.65665,3.65665,1.82554e+006
IJC,2/27/2012 00:00:00,3.65665,3.81703,3.59249,3.7208,1.69369e+006
IJC,2/28/2012 00:00:00,3.65665,3.68872,3.56042,3.56042,2.22796e+006
IJC,2/29/2012 00:00:00,3.56042,3.56042,3.43212,3.56042,1.68514e+006
IJC,3/1/2012 00:00:00,3.52834,3.62457,3.43212,3.49627,1.10229e+006
IJC,3/2/2012 00:00:00,3.49627,3.65665,3.49627,3.65665,1.87073e+006
IJC,3/5/2012 00:00:00,3.81703,3.81703,3.81703,3.81703,777240
IJC,3/6/2012 00:00:00,3.94533,3.94533,3.65665,3.65665,3.95328e+006
IJC,3/7/2012 00:00:00,3.65665,3.81703,3.52834,3.81703,2.11993e+006
IJC,3/8/2012 00:00:00,3.68872,3.88118,3.65665,3.65665,1.66802e+006
IJC,3/9/2012 00:00:00,3.62457,3.75287,3.52834,3.59249,1.76834e+006
IJC,3/12/2012 00:00:00,3.59249,3.62457,3.43212,3.46419,1.13426e+006
IJC,3/13/2012 00:00:00,3.56042,3.59249,3.43212,3.52834,778980
IJC,3/14/2012 00:00:00,3.59249,3.59249,3.43212,3.49627,568380
IJC,3/15/2012 00:00:00,3.43212,3.65665,3.36796,3.65665,1.7187e+006
IJC,3/16/2012 00:00:00,3.75287,3.78495,3.49627,3.49627,2.05073e+006
IJC,3/19/2012 00:00:00,3.49627,3.59249,3.46419,3.52834,1.06803e+006
IJC,3/20/2012 00:00:00,3.52834,3.68872,3.52834,3.68872,848860
IJC,3/21/2012 00:00:00,3.75287,3.8491,3.68872,3.78495,4.22842e+006
IJC,3/22/2012 00:00:00,3.68872,3.81703,3.68872,3.7208,1.50442e+006
IJC,3/23/2012 00:00:00,3.7208,3.88118,3.7208,3.81703,2.59013e+006
IJC,3/26/2012 00:00:00,3.8491,3.88118,3.7208,3.7208,1.30711e+006
IJC,3/27/2012 00:00:00,3.7208,3.88118,3.68872,3.75287,3.32966e+006
IJC,3/28/2012 00:00:00,3.78495,3.81703,3.65665,3.81703,1.57348e+006
IJC,3/29/2012 00:00:00,3.8491,3.8491,3.65665,3.65665,2.38958e+006
IJC,3/30/2012 00:00:00,3.65665,3.68872,3.49627,3.52834,1.48121e+006
IJC,4/3/2012 00:00:00,3.52834,3.65665,3.43212,3.59249,1.38071e+006
IJC,4/4/2012 00:00:00,3.65665,3.65665,3.52834,3.52834,2.12034e+006
IJC,4/5/2012 00:00:00,3.49627,3.68872,3.46419,3.68872,1.60058e+006
IJC,4/6/2012 00:00:00,3.68872,3.8491,3.68872,3.78495,2.87685e+006
IJC,4/9/2012 00:00:00,3.88118,3.94533,3.8491,3.94533,3.12148e+006
IJC,4/10/2012 00:00:00,4.00948,4.07363,3.88118,3.88118,2.42999e+006
IJC,4/11/2012 00:00:00,4.00948,4.07363,3.88118,4.07363,3.48576e+006
IJC,4/12/2012 00:00:00,4.23401,4.26609,4.16986,4.16986,3.55515e+006
IJC,4/13/2012 00:00:00,4.16986,4.16986,3.9774,3.9774,3.96123e+006
IJC,4/16/2012 00:00:00,4.04156,4.16986,4.00948,4.16986,1.93719e+006
IJC,4/17/2012 00:00:00,4.26609,4.26609,4.10571,4.13778,2.2648e+006
IJC,4/18/2012 00:00:00,4.13778,4.33024,4.00948,4.26609,5.40122e+006
IJC,4/19/2012 00:00:00,4.16986,4.26609,4.07363,4.07363,2.42458e+006
IJC,4/20/2012 00:00:00,4.07363,4.16986,4.00948,4.07363,1.47998e+006
IJC,4/23/2012 00:00:00,4.13778,4.16986,4.07363,4.10571,1.24245e+006
IJC,4/24/2012 00:00:00,4.04156,4.23401,4.00948,4.16986,1.63597e+006
IJC,4/25/2012 00:00:00,4.23401,4.29816,4.16986,4.29816,2.00472e+006
IJC,4/26/2012 00:00:00,4.26609,4.26609,4.16986,4.16986,1.47507e+006
IJC,4/27/2012 00:00:00,4.26609,4.36231,4.23401,4.36231,2.99196e+006
IJC,5/2/2012 00:00:00,4.45854,4.55477,4.36231,4.45854,1.9312e+006
IJC,5/3/2012 00:00:00,4.49337,4.52821,4.31921,4.45854,2.50171e+006
IJC,5/4/2012 00:00:00,4.45854,4.52821,4.42371,4.49337,1.81902e+006
IJC,5/7/2012 00:00:00,4.49337,4.52821,4.42371,4.49337,2.39286e+006
IJC,5/8/2012 00:00:00,4.49337,4.66754,4.42371,4.56304,3.00423e+006
IJC,5/9/2012 00:00:00,4.59787,4.6327,4.49337,4.49337,1.28318e+006
IJC,5/10/2012 00:00:00,4.52821,4.70237,4.49337,4.56304,2.27285e+006
IJC,5/11/2012 00:00:00,4.66754,4.66754,4.49337,4.49337,1.26214e+006
IJC,5/14/2012 00:00:00,4.45854,4.49337,4.28438,4.28438,1.6211e+006
IJC,5/15/2012 00:00:00,4.11022,4.24955,4.07539,4.07539,2.86371e+006
IJC,5/16/2012 00:00:00,4.14505,4.14505,3.93606,4.04055,1.27845e+006
IJC,5/17/2012 00:00:00,4.04055,4.14505,3.93606,3.93606,940970
IJC,5/18/2012 00:00:00,3.90122,3.90122,3.76189,3.86639,1.64624e+006
IJC,5/21/2012 00:00:00,3.86639,4.04055,3.86639,4.04055,796040
IJC,5/22/2012 00:00:00,4.07539,4.11022,3.97089,4.00572,733970
IJC,5/23/2012 00:00:00,3.97089,3.97089,3.83156,3.83156,1.1317e+006
IJC,5/24/2012 00:00:00,3.69223,3.83156,3.6574,3.6574,1.04235e+006
IJC,5/25/2012 00:00:00,3.79673,3.83156,3.79673,3.83156,670350
IJC,5/28/2012 00:00:00,3.97089,4.00572,3.93606,4.00572,1.74404e+006
IJC,5/29/2012 00:00:00,4.00572,4.11022,3.90122,4.04055,581830
IJC,5/30/2012 00:00:00,4.04055,4.14505,4.00572,4.11022,967060
IJC,5/31/2012 00:00:00,4.04055,4.11022,3.97089,3.97089,614110
IJC,6/1/2012 00:00:00,4.11022,4.14505,4.00572,4.04055,1.10181e+006
IJC,6/4/2012 00:00:00,4.04055,4.04055,3.90122,3.90122,825140
IJC,6/5/2012 00:00:00,3.86639,4.04055,3.86639,4.04055,398390
IJC,6/6/2012 00:00:00,4.04055,4.14505,4.00572,4.11022,563260
IJC,6/7/2012 00:00:00,4.17988,4.28438,4.14505,4.17988,906390
IJC,6/8/2012 00:00:00,4.17988,4.28438,4.11022,4.11022,960920
IJC,6/11/2012 00:00:00,4.11022,4.21472,4.07539,4.14505,628110
IJC,6/12/2012 00:00:00,4.11022,4.14505,4.00572,4.04055,489460
IJC,6/13/2012 00:00:00,4.07539,4.07539,4.00572,4.04055,442640
IJC,6/14/2012 00:00:00,3.97089,4.04055,3.93606,3.97089,317160
IJC,6/15/2012 00:00:00,3.97089,4.14505,3.97089,4.14505,1.18136e+006
IJC,6/18/2012 00:00:00,4.24955,4.31921,4.17988,4.24955,1.11941e+006
IJC,6/19/2012 00:00:00,4.17988,4.24955,4.07539,4.11022,458580
IJC,6/20/2012 00:00:00,4.14505,4.14505,4.07539,4.07539,264600
IJC,6/21/2012 00:00:00,4.07539,4.11022,4.04055,4.11022,281180
IJC,6/22/2012 00:00:00,4.07539,4.11022,3.93606,3.97089,674930
IJC,6/25/2012 00:00:00,3.97089,4.00572,3.79673,3.83156,908540
IJC,6/26/2012 00:00:00,3.76189,3.83156,3.72706,3.76189,572140
IJC,6/27/2012 00:00:00,3.86639,3.90122,3.76189,3.76189,568900
IJC,6/28/2012 00:00:00,3.79673,3.79673,3.69223,3.76189,204120
IJC,6/29/2012 00:00:00,3.76189,3.86639,3.76189,3.76189,509490
IJC,7/2/2012 00:00:00,3.83156,3.83156,3.69223,3.69223,393050
IJC,7/3/2012 00:00:00,3.62257,3.69223,3.51807,3.5529,609400
IJC,7/4/2012 00:00:00,3.58773,3.62257,3.51807,3.51807,323180
IJC,7/5/2012 00:00:00,3.51807,3.62257,3.4484,3.62257,444300
IJC,7/6/2012 00:00:00,3.62257,3.72706,3.62257,3.62257,415870
IJC,7/9/2012 00:00:00,3.58773,3.58773,3.48324,3.48324,444700
IJC,7/10/2012 00:00:00,3.37874,3.51807,3.37874,3.41357,524390
IJC,7/11/2012 00:00:00,3.4484,3.51807,3.4484,3.48324,318160
IJC,7/12/2012 00:00:00,3.48324,3.58773,3.48324,3.5529,252360
IJC,7/13/2012 00:00:00,3.5529,3.72706,3.5529,3.69223,802820
IJC,7/16/2012 00:00:00,3.69223,3.72706,3.58773,3.62257,469720
IJC,7/17/2012 00:00:00,3.58773,3.76189,3.58773,3.72706,273290
IJC,7/18/2012 00:00:00,3.72706,3.79673,3.6574,3.69223,250460
IJC,7/19/2012 00:00:00,3.69223,3.86639,3.69223,3.86639,1.59493e+006
IJC,7/20/2012 00:00:00,4.04055,4.04055,3.97089,3.97089,1.57987e+006
IJC,7/23/2012 00:00:00,3.97089,4.00572,3.86639,3.93606,563350
IJC,7/24/2012 00:00:00,3.90122,3.90122,3.79673,3.83156,577600
IJC,7/25/2012 00:00:00,3.79673,3.86639,3.76189,3.76189,553090
IJC,7/26/2012 00:00:00,3.83156,3.86639,3.79673,3.83156,461690
IJC,7/27/2012 00:00:00,3.83156,3.90122,3.72706,3.79673,482030
IJC,7/30/2012 00:00:00,3.79673,3.86639,3.72706,3.79673,291880
IJC,7/31/2012 00:00:00,3.79673,3.86639,3.79673,3.79673,235520
IJC,8/1/2012 00:00:00,3.79673,3.79673,3.6574,3.69223,440370
IJC,8/2/2012 00:00:00,3.69223,3.76189,3.6574,3.69223,237760
IJC,8/3/2012 00:00:00,3.72706,3.72706,3.69223,3.69223,323770
IJC,8/6/2012 00:00:00,3.72706,3.83156,3.72706,3.79673,601770
IJC,8/7/2012 00:00:00,3.79673,3.83156,3.76189,3.76189,369890
IJC,8/8/2012 00:00:00,3.79673,3.79673,3.76189,3.76189,350990
IJC,8/9/2012 00:00:00,3.83156,3.86639,3.79673,3.79673,362260
IJC,8/10/2012 00:00:00,3.83156,3.83156,3.76189,3.79673,244380
IJC,8/13/2012 00:00:00,3.79673,3.79673,3.72706,3.76189,233440
IJC,8/14/2012 00:00:00,3.76189,3.79673,3.76189,3.76189,308530
IJC,8/15/2012 00:00:00,3.76189,3.79673,3.76189,3.76189,172800
IJC,8/16/2012 00:00:00,3.79673,3.79673,3.76189,3.76189,476880
IJC,8/17/2012 00:00:00,3.79673,3.79673,3.72706,3.79673,208630
IJC,8/20/2012 00:00:00,3.79673,3.83156,3.79673,3.79673,264920
IJC,8/21/2012 00:00:00,3.76189,3.76189,3.62257,3.62257,783310
IJC,8/22/2012 00:00:00,3.4484,3.5529,3.4484,3.4484,1.12928e+006
IJC,8/23/2012 00:00:00,3.34391,3.34391,3.30907,3.30907,238020
IJC,8/24/2012 00:00:00,3.16974,3.41357,3.16974,3.30907,1.5138e+006
IJC,8/27/2012 00:00:00,3.30907,3.30907,3.16974,3.16974,323130
IJC,8/28/2012 00:00:00,3.13491,3.16974,3.03042,3.06525,252560
IJC,8/29/2012 00:00:00,3.16974,3.20458,3.16974,3.20458,481130
IJC,8/30/2012 00:00:00,3.27424,3.34391,3.20458,3.27424,554090
IJC,8/31/2012 00:00:00,3.27424,3.30907,3.23941,3.27424,136950
IJC,9/4/2012 00:00:00,3.34391,3.37874,3.30907,3.37874,136750
IJC,9/5/2012 00:00:00,3.37874,3.41357,3.27424,3.27424,612720
IJC,9/6/2012 00:00:00,3.27424,3.30907,3.20458,3.20458,120010
IJC,9/7/2012 00:00:00,3.27424,3.27424,3.20458,3.23941,78830
IJC,9/10/2012 00:00:00,3.23941,3.23941,3.10008,3.10008,403810
IJC,9/11/2012 00:00:00,2.99558,3.06525,2.99558,2.99558,373050
IJC,9/12/2012 00:00:00,3.06525,3.13491,2.99558,2.99558,322970
IJC,9/13/2012 00:00:00,2.99558,3.13491,2.99558,3.10008,253120
IJC,9/14/2012 00:00:00,3.16974,3.20458,3.13491,3.20458,272390
IJC,9/17/2012 00:00:00,3.20458,3.20458,3.10008,3.10008,191930
IJC,9/18/2012 00:00:00,3.06525,3.10008,2.96075,2.96075,394750
IJC,9/19/2012 00:00:00,2.92592,2.99558,2.89109,2.99558,316050
IJC,9/20/2012 00:00:00,2.92592,2.99558,2.89109,2.89109,252420
IJC,9/21/2012 00:00:00,2.96075,3.03042,2.92592,3.03042,293430
IJC,9/24/2012 00:00:00,2.99558,2.99558,2.92592,2.92592,107220
IJC,9/25/2012 00:00:00,2.89109,2.96075,2.89109,2.92592,162560
IJC,9/26/2012 00:00:00,2.99558,3.03042,2.96075,2.99558,149250
IJC,9/27/2012 00:00:00,2.96075,2.96075,2.92592,2.96075,100290
IJC,9/28/2012 00:00:00,2.92592,2.96075,2.89109,2.89109,261760
IJC,10/1/2012 00:00:00,2.89109,2.89109,2.75176,2.75176,312210
IJC,10/2/2012 00:00:00,2.75176,2.78659,2.68209,2.71692,264530
IJC,10/3/2012 00:00:00,2.75176,2.78659,2.71692,2.78659,131280
IJC,10/4/2012 00:00:00,2.71692,2.78659,2.71692,2.75176,56340
IJC,10/5/2012 00:00:00,2.75176,2.82142,2.75176,2.82142,262700
IJC,10/8/2012 00:00:00,2.78659,2.96075,2.78659,2.96075,532660
IJC,10/9/2012 00:00:00,2.99558,3.10008,2.96075,3.06525,920890
IJC,10/10/2012 00:00:00,3.06525,3.13491,2.99558,3.10008,287630
IJC,10/11/2012 00:00:00,3.16974,3.20458,3.06525,3.06525,388770
IJC,10/12/2012 00:00:00,3.06525,3.10008,2.99558,3.03042,251950
IJC,10/15/2012 00:00:00,3.06525,3.06525,2.92592,2.92592,327860
IJC,10/16/2012 00:00:00,2.92592,3.06525,2.92592,3.06525,448310
IJC,10/17/2012 00:00:00,3.13491,3.13491,2.99558,3.03042,249230
IJC,10/18/2012 00:00:00,3.03042,3.06525,2.99558,3.03042,117220
IJC,10/19/2012 00:00:00,3.03042,3.03042,2.89109,2.96075,370610
IJC,10/22/2012 00:00:00,2.92592,2.96075,2.89109,2.92592,134910
IJC,10/23/2012 00:00:00,2.92592,2.96075,2.92592,2.92592,116450
IJC,10/24/2012 00:00:00,2.92592,2.96075,2.89109,2.92592,103540
IJC,10/25/2012 00:00:00,2.92592,2.92592,2.82142,2.85625,123190
IJC,10/26/2012 00:00:00,2.89109,2.96075,2.89109,2.92592,61120
IJC,10/29/2012 00:00:00,2.92592,2.96075,2.89109,2.89109,59770
IJC,10/30/2012 00:00:00,2.89109,2.92592,2.85625,2.89109,137300
IJC,10/31/2012 00:00:00,2.89109,2.92592,2.82142,2.85625,89200
IJC,11/1/2012 00:00:00,2.89109,2.89109,2.85625,2.85625,65100
IJC,11/2/2012 00:00:00,2.78659,2.78659,2.71692,2.71692,639990
IJC,11/5/2012 00:00:00,2.71692,2.78659,2.68209,2.68209,191190
IJC,11/6/2012 00:00:00,2.71692,2.71692,2.64726,2.64726,136360
IJC,11/7/2012 00:00:00,2.68209,2.75176,2.68209,2.75176,166370
IJC,11/8/2012 00:00:00,2.75176,2.82142,2.71692,2.82142,138950
IJC,11/9/2012 00:00:00,2.82142,2.82142,2.78659,2.82142,96770
IJC,11/12/2012 00:00:00,2.82142,2.92592,2.82142,2.92592,333470
IJC,11/13/2012 00:00:00,2.92592,2.92592,2.85625,2.89109,236360
IJC,11/14/2012 00:00:00,2.92592,2.96075,2.85625,2.85625,119350
IJC,11/15/2012 00:00:00,2.85625,2.89109,2.78659,2.82142,145810
IJC,11/16/2012 00:00:00,2.78659,2.85625,2.78659,2.85625,83890
IJC,11/19/2012 00:00:00,2.85625,2.85625,2.78659,2.78659,75260
IJC,11/20/2012 00:00:00,2.78659,2.85625,2.78659,2.82142,93620
IJC,11/21/2012 00:00:00,2.82142,2.82142,2.82142,2.82142,68240
IJC,11/22/2012 00:00:00,2.78659,2.85625,2.78659,2.82142,111770
IJC,11/23/2012 00:00:00,2.82142,2.85625,2.78659,2.78659,76780
IJC,11/26/2012 00:00:00,2.78659,2.82142,2.75176,2.75176,165470
IJC,11/27/2012 00:00:00,2.75176,2.78659,2.75176,2.78659,45140
IJC,11/28/2012 00:00:00,2.78659,2.82142,2.78659,2.78659,94160
IJC,11/29/2012 00:00:00,2.78659,2.82142,2.78659,2.78659,60990
IJC,11/30/2012 00:00:00,2.78659,2.82142,2.75176,2.75176,89820
IJC,12/3/2012 00:00:00,2.78659,2.82142,2.75176,2.82142,204310
IJC,12/4/2012 00:00:00,2.82142,2.85625,2.78659,2.82142,120270
IJC,12/5/2012 00:00:00,2.85625,2.92592,2.82142,2.85625,256800
IJC,12/6/2012 00:00:00,2.85625,2.89109,2.85625,2.85625,111100
IJC,12/7/2012 00:00:00,2.89109,2.89109,2.82142,2.82142,115210
IJC,12/10/2012 00:00:00,2.85625,2.96075,2.82142,2.92592,194620
IJC,12/11/2012 00:00:00,2.89109,2.92592,2.89109,2.92592,379570
IJC,12/12/2012 00:00:00,2.89109,3.03042,2.89109,2.96075,327120
IJC,12/13/2012 00:00:00,2.92592,2.96075,2.92592,2.92592,228170
IJC,12/14/2012 00:00:00,2.92592,2.96075,2.89109,2.92592,149170
IJC,12/17/2012 00:00:00,2.92592,2.96075,2.89109,2.92592,220470
IJC,12/18/2012 00:00:00,2.96075,2.96075,2.89109,2.89109,239350
IJC,12/19/2012 00:00:00,2.96075,3.03042,2.96075,3.03042,1.37723e+006
IJC,12/20/2012 00:00:00,3.13491,3.16974,3.10008,3.16974,1.40643e+006
IJC,12/21/2012 00:00:00,3.20458,3.20458,3.06525,3.20458,745540
IJC,12/24/2012 00:00:00,3.20458,3.27424,3.13491,3.23941,888640
IJC,12/25/2012 00:00:00,3.23941,3.23941,3.13491,3.16974,449720
IJC,12/26/2012 00:00:00,3.13491,3.27424,3.13491,3.23941,436010
IJC,12/27/2012 00:00:00,3.23941,3.34391,3.20458,3.20458,718820
IJC,12/28/2012 00:00:00,3.23941,3.23941,3.13491,3.20458,295560
IJC,1/2/2013 00:00:00,3.23941,3.34391,3.20458,3.34391,677370
IJC,1/3/2013 00:00:00,3.34391,3.37874,3.20458,3.27424,935840
IJC,1/4/2013 00:00:00,3.20458,3.37874,3.20458,3.34391,690320
IJC,1/7/2013 00:00:00,3.34391,3.41357,3.30907,3.37874,911470
IJC,1/8/2013 00:00:00,3.30907,3.37874,3.27424,3.37874,767930
IJC,1/9/2013 00:00:00,3.37874,3.51807,3.34391,3.51807,2.1385e+006
IJC,1/10/2013 00:00:00,3.41357,3.6574,3.41357,3.6574,438920
IJC,1/11/2013 00:00:00,3.83156,3.83156,3.76189,3.83156,2.14215e+006
IJC,1/14/2013 00:00:00,3.76189,3.83156,3.69223,3.76189,541350
IJC,1/15/2013 00:00:00,3.79673,3.86639,3.72706,3.83156,491520
IJC,1/16/2013 00:00:00,3.86639,3.93606,3.79673,3.83156,1.18552e+006
IJC,1/17/2013 00:00:00,3.76189,3.83156,3.62257,3.62257,614810
IJC,1/18/2013 00:00:00,3.62257,3.62257,3.4484,3.51807,404140
IJC,1/21/2013 00:00:00,3.5529,3.5529,3.41357,3.41357,227920
IJC,1/22/2013 00:00:00,3.4484,3.4484,3.30907,3.34391,498480
IJC,1/23/2013 00:00:00,3.37874,3.41357,3.30907,3.41357,296360
IJC,1/24/2013 00:00:00,3.41357,3.51807,3.41357,3.51807,142200
IJC,1/25/2013 00:00:00,3.51807,3.72706,3.51807,3.72706,478090
IJC,1/28/2013 00:00:00,3.79673,3.83156,3.69223,3.69223,596440
IJC,1/29/2013 00:00:00,3.69223,3.72706,3.58773,3.69223,589480
IJC,1/30/2013 00:00:00,3.76189,3.93606,3.69223,3.93606,2.41846e+006
IJC,1/31/2013 00:00:00,4.00572,4.14505,3.83156,3.83156,1.369e+006
IJC,2/1/2013 00:00:00,3.79673,4.00572,3.76189,4.00572,530370
IJC,2/4/2013 00:00:00,3.97089,4.00572,3.86639,3.86639,583390
IJC,2/5/2013 00:00:00,3.83156,3.86639,3.72706,3.76189,491310
IJC,2/6/2013 00:00:00,3.86639,4.00572,3.83156,3.93606,578770
IJC,2/7/2013 00:00:00,3.93606,4.04055,3.93606,3.93606,436430
IJC,2/8/2013 00:00:00,3.93606,4.00572,3.90122,3.97089,565670
IJC,2/18/2013 00:00:00,4.00572,4.21472,3.93606,4.21472,1.16906e+006
IJC,2/19/2013 00:00:00,4.21472,4.24955,4.11022,4.14505,711930
IJC,2/20/2013 00:00:00,4.07539,4.17988,4.04055,4.14505,502810
IJC,2/21/2013 00:00:00,4.11022,4.14505,3.86639,3.86639,1.18846e+006
IJC,2/22/2013 00:00:00,3.93606,3.97089,3.6574,3.76189,698210
IJC,2/25/2013 00:00:00,3.83156,3.90122,3.76189,3.83156,322820
IJC,2/26/2013 00:00:00,3.79673,3.83156,3.58773,3.58773,520610
IJC,2/27/2013 00:00:00,3.5529,3.58773,3.37874,3.48324,634760
IJC,2/28/2013 00:00:00,3.58773,3.6574,3.5529,3.58773,707350
IJC,3/1/2013 00:00:00,3.58773,3.62257,3.51807,3.5529,373340
IJC,3/4/2013 00:00:00,3.51807,3.51807,3.30907,3.30907,867080
IJC,3/5/2013 00:00:00,3.27424,3.27424,3.16974,3.20458,416070
IJC,3/6/2013 00:00:00,3.30907,3.30907,3.20458,3.27424,390230
IJC,3/7/2013 00:00:00,3.27424,3.30907,3.20458,3.20458,398550
IJC,3/8/2013 00:00:00,3.23941,3.30907,3.23941,3.23941,378110
IJC,3/11/2013 00:00:00,3.27424,3.4484,3.23941,3.41357,741320
IJC,3/12/2013 00:00:00,3.41357,3.48324,3.23941,3.34391,511300
IJC,3/13/2013 00:00:00,3.37874,3.37874,3.23941,3.27424,600270
IJC,3/14/2013 00:00:00,3.27424,3.4484,3.23941,3.34391,830440
IJC,3/15/2013 00:00:00,3.37874,3.5529,3.37874,3.5529,2.06457e+006
IJC,3/18/2013 00:00:00,3.58773,3.79673,3.58773,3.6574,884010
IJC,3/19/2013 00:00:00,3.58773,3.62257,3.51807,3.5529,480690
IJC,3/20/2013 00:00:00,3.51807,3.62257,3.48324,3.51807,616380
IJC,3/21/2013 00:00:00,3.58773,3.62257,3.51807,3.51807,445810
IJC,3/22/2013 00:00:00,3.51807,3.5529,3.34391,3.41357,589670
IJC,3/25/2013 00:00:00,3.4484,3.51807,3.37874,3.51807,407000
IJC,3/26/2013 00:00:00,3.5529,3.5529,3.4484,3.4484,268430
IJC,3/27/2013 00:00:00,3.4484,3.4484,3.34391,3.37874,354500
IJC,3/28/2013 00:00:00,3.37874,3.37874,3.30907,3.34391,239060
IJC,3/29/2013 00:00:00,3.27424,3.34391,3.20458,3.34391,359870
IJC,4/1/2013 00:00:00,3.34391,3.4484,3.27424,3.41357,319580
IJC,4/2/2013 00:00:00,3.41357,3.51807,3.41357,3.41357,529680
IJC,4/3/2013 00:00:00,3.4484,3.4484,3.34391,3.37874,297100
IJC,4/4/2013 00:00:00,3.41357,3.41357,3.30907,3.30907,215090
IJC,4/5/2013 00:00:00,3.30907,3.41357,3.27424,3.41357,200490
IJC,4/8/2013 00:00:00,3.41357,3.51807,3.37874,3.41357,510520
IJC,4/9/2013 00:00:00,3.41357,3.58773,3.41357,3.51807,719770
IJC,4/10/2013 00:00:00,3.5529,3.62257,3.48324,3.48324,925800
IJC,4/11/2013 00:00:00,3.48324,3.48324,3.27424,3.37874,1.42691e+006
IJC,4/12/2013 00:00:00,3.37874,3.41357,3.27424,3.30907,503660
IJC,4/15/2013 00:00:00,3.27424,3.30907,3.20458,3.20458,685970
IJC,4/16/2013 00:00:00,3.13491,3.20458,3.10008,3.16974,575550
IJC,4/17/2013 00:00:00,3.20458,3.23941,3.16974,3.20458,256800
IJC,4/18/2013 00:00:00,3.06525,3.13491,2.99558,3.03042,724100
IJC,4/22/2013 00:00:00,3.03042,3.06525,2.92592,2.92592,278180
IJC,4/23/2013 00:00:00,2.96075,3.03042,2.96075,2.96075,344650
IJC,4/24/2013 00:00:00,2.99558,2.99558,2.96075,2.96075,194090
IJC,4/25/2013 00:00:00,2.96075,3.06525,2.96075,3.03042,398590
IJC,4/26/2013 00:00:00,3.06525,3.06525,2.99558,3.06525,185020
IJC,5/2/2013 00:00:00,2.99558,3.06525,2.96075,2.99558,166630
IJC,5/3/2013 00:00:00,2.99558,3.03042,2.96075,3.03042,66690
IJC,5/6/2013 00:00:00,3.10008,3.20458,3.06525,3.20458,1.04811e+006
IJC,5/7/2013 00:00:00,3.16974,3.23941,3.10008,3.10008,364560
IJC,5/8/2013 00:00:00,3.13491,3.13491,3.06525,3.13491,216140
IJC,5/9/2013 00:00:00,3.13491,3.23941,3.10008,3.16974,438000
IJC,5/10/2013 00:00:00,3.16974,3.23941,3.13491,3.13491,327530
IJC,5/13/2013 00:00:00,3.16974,3.20458,3.13491,3.16974,308940
IJC,5/14/2013 00:00:00,3.13491,3.13491,3.03042,3.10008,213820
IJC,5/15/2013 00:00:00,3.06525,3.13491,3.03042,3.10008,330750
IJC,5/16/2013 00:00:00,3.10008,3.20458,3.06525,3.13491,501070
IJC,5/17/2013 00:00:00,3.16974,3.20458,3.13491,3.16974,472950
IJC,5/20/2013 00:00:00,3.16974,3.23941,3.13491,3.20458,418040
IJC,5/21/2013 00:00:00,3.23941,3.30907,3.23941,3.27424,910620
IJC,5/22/2013 00:00:00,3.30907,3.30907,3.20458,3.20458,561040
IJC,5/23/2013 00:00:00,3.23941,3.34391,3.20458,3.23941,988400
IJC,5/24/2013 00:00:00,3.27424,3.30907,3.23941,3.27424,626370
IJC,5/27/2013 00:00:00,3.34391,3.41357,3.30907,3.34391,717610
IJC,5/28/2013 00:00:00,3.37874,3.41357,3.34391,3.41357,470100
IJC,5/29/2013 00:00:00,3.4484,3.48324,3.34391,3.37874,883730
IJC,5/30/2013 00:00:00,3.37874,3.37874,3.30907,3.37874,503360
IJC,5/31/2013 00:00:00,3.4484,3.48324,3.37874,3.41357,1.22457e+006
IJC,6/3/2013 00:00:00,3.41357,3.4484,3.37874,3.37874,453250
IJC,6/4/2013 00:00:00,3.37874,3.37874,3.27424,3.27424,634310
IJC,6/5/2013 00:00:00,3.30907,3.30907,3.20458,3.23941,924400
IJC,6/6/2013 00:00:00,3.23941,3.30907,3.20458,3.23941,554530
IJC,6/7/2013 00:00:00,3.38835,3.42558,3.31388,3.35111,1.22989e+006
IJC,6/10/2013 00:00:00,3.35111,3.38835,3.27664,3.27664,587940
IJC,6/11/2013 00:00:00,3.27664,3.31388,3.23941,3.23941,425810
IJC,6/12/2013 00:00:00,3.27664,3.31388,3.20217,3.20217,907980
IJC,6/13/2013 00:00:00,3.23941,3.27664,3.16494,3.23941,356070
IJC,6/14/2013 00:00:00,3.23941,3.31388,3.23941,3.23941,668230
IJC,6/17/2013 00:00:00,3.27664,3.27664,3.16494,3.16494,474340
IJC,6/18/2013 00:00:00,3.12771,3.20217,3.09047,3.16494,410130
IJC,6/19/2013 00:00:00,3.16494,3.20217,3.12771,3.16494,225840
IJC,6/20/2013 00:00:00,3.16494,3.16494,3.12771,3.12771,282380
IJC,6/21/2013 00:00:00,3.12771,3.12771,3.05324,3.05324,466760
IJC,6/24/2013 00:00:00,3.09047,3.12771,3.016,3.05324,417470
IJC,6/25/2013 00:00:00,3.05324,3.05324,2.9043,2.94153,773860
IJC,6/26/2013 00:00:00,2.97877,2.97877,2.9043,2.9043,709730
IJC,6/27/2013 00:00:00,2.94153,2.97877,2.9043,2.97877,669930
IJC,6/28/2013 00:00:00,2.97877,3.016,2.94153,2.97877,432320
IJC,7/1/2013 00:00:00,2.97877,2.97877,2.9043,2.94153,381810
IJC,7/2/2013 00:00:00,2.94153,3.016,2.94153,2.97877,328820
IJC,7/3/2013 00:00:00,2.97877,3.016,2.94153,2.94153,392230
IJC,7/4/2013 00:00:00,2.94153,3.016,2.94153,2.97877,615470
IJC,7/5/2013 00:00:00,2.97877,3.12771,2.97877,3.05324,1.02105e+006
IJC,7/8/2013 00:00:00,3.05324,3.09047,3.016,3.016,160450
IJC,7/9/2013 00:00:00,3.016,3.05324,2.97877,3.016,211490
IJC,7/10/2013 00:00:00,3.05324,3.05324,2.97877,3.016,348080
IJC,7/11/2013 00:00:00,2.97877,3.05324,2.94153,3.016,495720
IJC,7/12/2013 00:00:00,3.05324,3.09047,3.016,3.05324,383650
IJC,7/15/2013 00:00:00,3.09047,3.09047,3.016,3.016,121060
IJC,7/16/2013 00:00:00,3.016,3.05324,2.97877,3.016,277350
IJC,7/17/2013 00:00:00,3.016,3.05324,3.016,3.016,149090
IJC,7/18/2013 00:00:00,3.016,3.05324,2.97877,3.016,446070
IJC,7/19/2013 00:00:00,3.016,3.05324,2.97877,3.016,231170
IJC,7/22/2013 00:00:00,3.016,3.05324,2.97877,2.97877,111170
IJC,7/23/2013 00:00:00,2.97877,3.016,2.94153,2.97877,401480
IJC,7/24/2013 00:00:00,2.97877,2.97877,2.9043,2.94153,402870
IJC,7/25/2013 00:00:00,2.97877,2.97877,2.9043,2.9043,424460
IJC,7/26/2013 00:00:00,2.94153,2.94153,2.9043,2.9043,481720
IJC,7/29/2013 00:00:00,2.9043,2.9043,2.82983,2.82983,398600
IJC,7/30/2013 00:00:00,2.82983,2.86706,2.79259,2.82983,318370
IJC,7/31/2013 00:00:00,2.86706,2.86706,2.82983,2.86706,143580
IJC,8/1/2013 00:00:00,2.82983,2.9043,2.82983,2.82983,1.08624e+006
IJC,8/2/2013 00:00:00,2.82983,2.86706,2.82983,2.82983,69780
IJC,8/5/2013 00:00:00,2.82983,2.86706,2.82983,2.82983,132790
IJC,8/6/2013 00:00:00,2.82983,2.86706,2.79259,2.82983,208150
IJC,8/7/2013 00:00:00,2.82983,2.86706,2.82983,2.82983,216670
IJC,8/8/2013 00:00:00,2.86706,2.86706,2.79259,2.79259,161840
IJC,8/9/2013 00:00:00,2.79259,2.82983,2.75536,2.79259,556550
IJC,8/12/2013 00:00:00,2.79259,2.79259,2.75536,2.75536,198080
IJC,8/13/2013 00:00:00,2.75536,2.79259,2.60642,2.60642,316910
IJC,8/14/2013 00:00:00,2.60642,2.71813,2.60642,2.64366,284380
IJC,8/15/2013 00:00:00,2.60642,2.75536,2.60642,2.75536,370340
IJC,8/16/2013 00:00:00,2.71813,2.79259,2.71813,2.75536,161440
IJC,8/19/2013 00:00:00,2.71813,2.82983,2.71813,2.75536,526950
IJC,8/20/2013 00:00:00,2.75536,2.79259,2.68089,2.68089,672400
IJC,8/21/2013 00:00:00,2.71813,2.75536,2.68089,2.71813,249180
IJC,8/22/2013 00:00:00,2.71813,2.75536,2.64366,2.71813,351540
IJC,8/23/2013 00:00:00,2.71813,2.71813,2.64366,2.64366,341860
IJC,8/26/2013 00:00:00,2.68089,2.68089,2.60642,2.64366,467160
IJC,8/27/2013 00:00:00,2.64366,2.68089,2.60642,2.64366,214130
IJC,8/28/2013 00:00:00,2.64366,2.64366,2.56919,2.56919,505570
IJC,8/29/2013 00:00:00,2.56919,2.60642,2.53195,2.53195,478480
IJC,8/30/2013 00:00:00,2.53195,2.60642,2.53195,2.60642,212190
IJC,9/3/2013 00:00:00,2.56919,2.60642,2.53195,2.56919,359500
IJC,9/4/2013 00:00:00,2.56919,2.56919,2.49472,2.49472,332650
IJC,9/5/2013 00:00:00,2.49472,2.53195,2.45748,2.49472,347900
IJC,9/6/2013 00:00:00,2.53195,2.53195,2.45748,2.49472,139270
IJC,9/9/2013 00:00:00,2.45748,2.45748,2.34578,2.34578,1.52419e+006
IJC,9/10/2013 00:00:00,2.23408,2.34578,2.23408,2.27131,377690
IJC,9/11/2013 00:00:00,2.27131,2.30854,2.19684,2.23408,763980
IJC,9/12/2013 00:00:00,2.19684,2.23408,2.15961,2.15961,655930
IJC,9/13/2013 00:00:00,2.19684,2.27131,2.15961,2.27131,1.16618e+006
IJC,9/16/2013 00:00:00,2.23408,2.30854,2.23408,2.23408,427820
IJC,9/17/2013 00:00:00,2.23408,2.23408,2.19684,2.19684,299160
IJC,9/18/2013 00:00:00,2.19684,2.19684,2.12237,2.15961,488120
IJC,9/19/2013 00:00:00,2.15961,2.23408,2.12237,2.15961,1.31969e+006
IJC,9/20/2013 00:00:00,2.19684,2.23408,2.08514,2.08514,1.04116e+007
IJC,9/23/2013 00:00:00,2.19684,2.19684,2.15961,2.19684,513030
IJC,9/24/2013 00:00:00,2.34578,2.34578,2.34578,2.34578,1.3051e+006
IJC,9/25/2013 00:00:00,2.34578,2.49472,2.30854,2.45748,7.48752e+006
IJC,9/26/2013 00:00:00,2.45748,2.56919,2.45748,2.53195,2.03847e+006
IJC,9/27/2013 00:00:00,2.56919,2.60642,2.49472,2.53195,1.64087e+006
IJC,9/30/2013 00:00:00,2.53195,2.68089,2.53195,2.68089,3.3176e+006
IJC,10/1/2013 00:00:00,2.75536,2.86706,2.71813,2.75536,5.24557e+006
IJC,10/2/2013 00:00:00,2.79259,2.9043,2.79259,2.82983,2.47118e+006
IJC,10/3/2013 00:00:00,2.82983,2.82983,2.71813,2.82983,2.8329e+006
IJC,10/4/2013 00:00:00,2.75536,2.9043,2.75536,2.9043,2.34375e+006
IJC,10/7/2013 00:00:00,2.9043,3.05324,2.86706,3.016,2.30847e+006
IJC,10/8/2013 00:00:00,2.97877,3.016,2.9043,2.94153,2.66867e+006
IJC,10/9/2013 00:00:00,2.9043,2.97877,2.82983,2.82983,3.51496e+006
IJC,10/10/2013 00:00:00,2.86706,2.94153,2.79259,2.82983,3.30628e+006
IJC,10/11/2013 00:00:00,2.9043,2.9043,2.79259,2.79259,1.61007e+006
IJC,10/14/2013 00:00:00,2.79259,2.79259,2.64366,2.68089,2.21436e+006
IJC,10/15/2013 00:00:00,2.68089,2.82983,2.68089,2.82983,2.53756e+006
IJC,10/16/2013 00:00:00,2.86706,2.94153,2.86706,2.86706,2.34894e+006
IJC,10/17/2013 00:00:00,2.9043,2.94153,2.82983,2.86706,2.04726e+006
IJC,10/18/2013 00:00:00,2.82983,2.97877,2.82983,2.94153,2.69573e+006
IJC,10/21/2013 00:00:00,2.94153,3.05324,2.94153,2.94153,3.07231e+006
IJC,10/22/2013 00:00:00,2.94153,2.97877,2.9043,2.94153,1.63048e+006
IJC,10/23/2013 00:00:00,2.94153,3.016,2.9043,2.94153,2.27285e+006
IJC,10/24/2013 00:00:00,2.94153,2.94153,2.75536,2.75536,3.24817e+006
IJC,10/25/2013 00:00:00,2.75536,2.79259,2.71813,2.75536,1.97705e+006
IJC,10/28/2013 00:00:00,2.79259,2.82983,2.75536,2.79259,971660
IJC,10/29/2013 00:00:00,2.79259,2.82983,2.75536,2.82983,1.16951e+006
IJC,10/30/2013 00:00:00,2.82983,2.86706,2.79259,2.79259,549010
IJC,10/31/2013 00:00:00,2.79259,2.82983,2.75536,2.79259,550070
IJC,11/1/2013 00:00:00,2.82983,2.86706,2.79259,2.82983,727900
IJC,11/4/2013 00:00:00,2.82983,2.94153,2.82983,2.9043,1.76543e+006
IJC,11/5/2013 00:00:00,2.94153,2.97877,2.86706,2.9043,1.10794e+006
IJC,11/6/2013 00:00:00,2.94153,2.97877,2.86706,2.94153,1.75189e+006
IJC,11/7/2013 00:00:00,2.94153,3.12771,2.9043,3.09047,5.87813e+006
IJC,11/8/2013 00:00:00,3.09047,3.27664,3.05324,3.23941,3.77541e+006
IJC,11/11/2013 00:00:00,3.20217,3.31388,3.20217,3.27664,2.24364e+006
IJC,11/12/2013 00:00:00,3.23941,3.27664,3.09047,3.12771,3.39407e+006
IJC,11/13/2013 00:00:00,3.09047,3.20217,3.09047,3.16494,2.753e+006
IJC,11/14/2013 00:00:00,3.16494,3.23941,3.12771,3.23941,1.70564e+006
IJC,11/15/2013 00:00:00,3.23941,3.31388,3.20217,3.27664,1.89263e+006
IJC,11/18/2013 00:00:00,3.31388,3.35111,3.23941,3.23941,3.03925e+006
IJC,11/19/2013 00:00:00,3.27664,3.31388,3.23941,3.23941,1.27557e+006
IJC,11/20/2013 00:00:00,3.23941,3.31388,3.23941,3.27664,1.41485e+006
IJC,11/21/2013 00:00:00,3.35111,3.42558,3.16494,3.16494,3.01103e+006
IJC,11/22/2013 00:00:00,3.16494,3.23941,3.12771,3.16494,2.38019e+006
IJC,11/25/2013 00:00:00,3.20217,3.23941,3.09047,3.09047,1.34355e+006
IJC,11/26/2013 00:00:00,3.09047,3.27664,3.05324,3.27664,3.82801e+006
IJC,11/27/2013 00:00:00,3.35111,3.46282,3.27664,3.38835,3.07019e+006
IJC,11/28/2013 00:00:00,3.35111,3.46282,3.35111,3.42558,2.0154e+006
IJC,11/29/2013 00:00:00,3.35111,3.38835,3.27664,3.31388,2.01652e+006
IJC,12/2/2013 00:00:00,3.35111,3.35111,3.23941,3.31388,1.22879e+006
IJC,12/3/2013 00:00:00,3.31388,3.42558,3.31388,3.31388,1.76188e+006
IJC,12/4/2013 00:00:00,3.35111,3.42558,3.31388,3.38835,1.98477e+006
IJC,12/5/2013 00:00:00,3.38835,3.46282,3.35111,3.38835,1.55753e+006
IJC,12/6/2013 00:00:00,3.42558,3.42558,3.38835,3.38835,1.16597e+006
IJC,12/9/2013 00:00:00,3.42558,3.42558,3.27664,3.27664,2.45511e+006
IJC,12/10/2013 00:00:00,3.27664,3.31388,3.20217,3.23941,1.68681e+006
IJC,12/11/2013 00:00:00,3.23941,3.23941,3.12771,3.16494,1.91992e+006
IJC,12/12/2013 00:00:00,3.12771,3.23941,3.12771,3.23941,1.27405e+006
IJC,12/13/2013 00:00:00,3.23941,3.27664,3.16494,3.20217,539170
IJC,12/16/2013 00:00:00,3.20217,3.23941,3.16494,3.20217,368480
IJC,12/17/2013 00:00:00,3.23941,3.27664,3.20217,3.27664,790230
IJC,12/18/2013 00:00:00,3.27664,3.27664,3.20217,3.23941,627180
IJC,12/19/2013 00:00:00,3.27664,3.42558,3.23941,3.35111,2.39225e+006
IJC,12/20/2013 00:00:00,3.38835,3.42558,3.31388,3.35111,1.53152e+006
IJC,12/23/2013 00:00:00,3.57452,3.57452,3.53729,3.57452,4.20759e+006
IJC,12/24/2013 00:00:00,3.61176,3.61176,3.46282,3.50005,1.46218e+006
IJC,12/25/2013 00:00:00,3.50005,3.53729,3.46282,3.50005,1.07566e+006
IJC,12/26/2013 00:00:00,3.46282,3.53729,3.42558,3.42558,1.48486e+006
IJC,12/27/2013 00:00:00,3.42558,3.46282,3.35111,3.35111,1.59236e+006
IJC,12/30/2013 00:00:00,3.35111,3.38835,3.27664,3.27664,2.06951e+006
IJC,12/31/2013 00:00:00,3.31388,3.38835,3.27664,3.35111,936300
IJC,1/2/2014 00:00:00,3.38835,3.42558,3.31388,3.31388,925640
IJC,1/3/2014 00:00:00,3.31388,3.38835,3.27664,3.31388,796890
IJC,1/6/2014 00:00:00,3.38835,3.50005,3.38835,3.50005,2.4266e+006
IJC,1/7/2014 00:00:00,3.50005,3.53729,3.42558,3.42558,1.70217e+006
IJC,1/8/2014 00:00:00,3.42558,3.50005,3.38835,3.46282,1.12436e+006
IJC,1/9/2014 00:00:00,3.42558,3.50005,3.42558,3.46282,998680
IJC,1/10/2014 00:00:00,3.46282,3.53729,3.42558,3.42558,1.58566e+006
IJC,1/13/2014 00:00:00,3.42558,3.53729,3.42558,3.42558,2.02859e+006
IJC,1/14/2014 00:00:00,3.46282,3.61176,3.42558,3.50005,2.99697e+006
IJC,1/15/2014 00:00:00,3.53729,3.61176,3.50005,3.53729,1.97964e+006
IJC,1/16/2014 00:00:00,3.53729,3.57452,3.46282,3.53729,991950
IJC,1/17/2014 00:00:00,3.53729,3.57452,3.46282,3.46282,1.48228e+006
IJC,1/20/2014 00:00:00,3.46282,3.50005,3.38835,3.42558,1.18145e+006
IJC,1/21/2014 00:00:00,3.42558,3.50005,3.38835,3.46282,964000
IJC,1/22/2014 00:00:00,3.50005,3.57452,3.46282,3.46282,1.27292e+006
IJC,1/23/2014 00:00:00,3.46282,3.68622,3.42558,3.64899,2.90271e+006
IJC,1/24/2014 00:00:00,3.57452,3.79793,3.57452,3.64899,2.83517e+006
IJC,1/27/2014 00:00:00,3.68622,3.8724,3.68622,3.83516,2.73599e+006
IJC,2/6/2014 00:00:00,3.79793,4.09581,3.79793,4.05857,1.90713e+006
IJC,2/7/2014 00:00:00,4.05857,4.20751,3.94687,4.02134,3.39652e+006
IJC,2/10/2014 00:00:00,3.9841,4.24474,3.94687,4.20751,2.59453e+006
IJC,2/11/2014 00:00:00,4.24474,4.31921,4.02134,4.02134,2.8416e+006
IJC,2/12/2014 00:00:00,4.09581,4.28198,4.05857,4.28198,3.05941e+006
IJC,2/13/2014 00:00:00,4.39368,4.46815,4.28198,4.43092,3.86168e+006
IJC,2/14/2014 00:00:00,4.39368,4.50539,4.31921,4.46815,2.24026e+006
IJC,2/17/2014 00:00:00,4.46815,4.54262,4.35645,4.43092,3.90281e+006
IJC,2/18/2014 00:00:00,4.46815,4.72879,4.39368,4.72879,4.96105e+006
IJC,2/19/2014 00:00:00,4.87773,4.98944,4.80326,4.9522,3.26423e+006
IJC,2/20/2014 00:00:00,4.9522,5.02667,4.61709,4.80326,6.04696e+006
IJC,2/21/2014 00:00:00,4.76603,4.9522,4.57985,4.87773,4.62635e+006
IJC,2/24/2014 00:00:00,4.87773,5.21284,4.8405,5.21284,4.7616e+006
IJC,2/25/2014 00:00:00,5.17561,5.51072,5.17561,5.51072,4.81397e+006
IJC,2/26/2014 00:00:00,5.51072,5.54795,5.28731,5.47348,3.10603e+006
IJC,2/27/2014 00:00:00,5.39902,5.54795,5.25008,5.25008,3.46977e+006
IJC,2/28/2014 00:00:00,5.25008,5.32455,5.10114,5.21284,2.56633e+006
IJC,3/3/2014 00:00:00,5.21284,5.39902,5.13837,5.21284,3.19894e+006
IJC,3/4/2014 00:00:00,5.13837,5.32455,5.0639,5.32455,2.48831e+006
IJC,3/5/2014 00:00:00,5.47348,5.51072,5.32455,5.32455,1.78864e+006
IJC,3/6/2014 00:00:00,5.32455,5.32455,5.13837,5.25008,2.85085e+006
IJC,3/7/2014 00:00:00,5.25008,5.51072,5.21284,5.51072,3.41543e+006
IJC,3/10/2014 00:00:00,5.28731,5.39902,5.25008,5.28731,2.86227e+006
IJC,3/11/2014 00:00:00,5.28731,5.36178,5.25008,5.25008,2.3805e+006
IJC,3/12/2014 00:00:00,5.25008,5.25008,5.10114,5.10114,3.46798e+006
IJC,3/13/2014 00:00:00,5.17561,5.28731,5.13837,5.21284,3.25875e+006
IJC,3/14/2014 00:00:00,5.21284,5.43625,5.21284,5.32455,3.35195e+006
IJC,3/17/2014 00:00:00,5.32455,5.36178,5.21284,5.28731,1.88016e+006
IJC,3/18/2014 00:00:00,5.32455,5.36178,5.21284,5.25008,2.88426e+006
IJC,3/19/2014 00:00:00,5.21284,5.39902,5.21284,5.32455,2.29759e+006
IJC,3/20/2014 00:00:00,5.39902,5.58519,5.36178,5.47348,5.03244e+006
IJC,3/21/2014 00:00:00,5.54795,5.54795,5.43625,5.43625,2.31727e+006
IJC,3/24/2014 00:00:00,5.51072,5.8086,5.51072,5.8086,5.36784e+006
IJC,3/25/2014 00:00:00,5.88307,5.9203,5.62242,5.62242,4.60328e+006
IJC,3/26/2014 00:00:00,5.77136,5.77136,5.36178,5.47348,3.37536e+006
IJC,3/27/2014 00:00:00,5.47348,5.51072,5.25008,5.47348,2.4262e+006
IJC,3/28/2014 00:00:00,5.51072,5.62242,5.39902,5.39902,1.66122e+006
IJC,3/31/2014 00:00:00,5.43625,5.43625,5.21284,5.28731,1.78513e+006
IJC,4/1/2014 00:00:00,5.28731,5.28731,5.02667,5.02667,3.12654e+006
IJC,4/2/2014 00:00:00,5.02667,5.10114,4.69156,4.98944,2.81987e+006
IJC,4/3/2014 00:00:00,5.0639,5.21284,4.98944,5.13837,2.35658e+006
IJC,4/4/2014 00:00:00,5.13837,5.17561,5.0639,5.0639,1.10425e+006
IJC,4/7/2014 00:00:00,5.02667,5.17561,4.98944,5.13837,1.68098e+006
IJC,4/8/2014 00:00:00,5.17561,5.28731,5.17561,5.25008,1.73579e+006
IJC,4/10/2014 00:00:00,5.21284,5.39902,5.21284,5.32455,1.91178e+006
IJC,4/11/2014 00:00:00,5.21284,5.28731,5.17561,5.25008,1.16988e+006
IJC,4/14/2014 00:00:00,5.21284,5.25008,5.0639,5.0639,952190
IJC,4/15/2014 00:00:00,5.0639,5.10114,4.91497,4.91497,1.75716e+006
IJC,4/16/2014 00:00:00,4.91497,4.91497,4.57985,4.57985,2.9226e+006
IJC,4/17/2014 00:00:00,4.72879,4.72879,4.61709,4.65432,1.55406e+006
IJC,4/18/2014 00:00:00,4.61709,4.65432,4.35645,4.35645,1.80497e+006
IJC,4/21/2014 00:00:00,4.35645,4.39368,4.09581,4.09581,1.54519e+006
IJC,4/22/2014 00:00:00,4.09581,4.35645,4.05857,4.35645,1.78943e+006
IJC,4/23/2014 00:00:00,4.39368,4.57985,4.35645,4.39368,1.92774e+006
IJC,4/24/2014 00:00:00,4.35645,4.50539,4.35645,4.43092,787200
IJC,4/25/2014 00:00:00,4.46815,4.50539,4.43092,4.46815,1.26875e+006
IJC,4/28/2014 00:00:00,4.46815,4.57985,4.43092,4.46815,921380
IJC,4/29/2014 00:00:00,4.43092,4.65432,4.43092,4.61709,1.49319e+006
IJC,5/5/2014 00:00:00,4.65432,4.69156,4.31921,4.31921,1.74707e+006
IJC,5/6/2014 00:00:00,4.31921,4.35645,4.02134,4.35645,2.20204e+006
IJC,5/7/2014 00:00:00,4.35645,4.43092,4.24474,4.24474,790580
IJC,5/8/2014 00:00:00,4.09581,4.09581,3.9841,3.9841,2.57071e+006
IJC,5/9/2014 00:00:00,3.8724,4.09581,3.83516,4.09581,2.19973e+006
IJC,5/12/2014 00:00:00,3.94687,4.05857,3.83516,3.83516,1.49855e+006
IJC,5/13/2014 00:00:00,3.64899,3.83516,3.57452,3.64899,2.22637e+006
IJC,5/14/2014 00:00:00,3.64899,3.8724,3.64899,3.8724,1.6092e+006
IJC,5/15/2014 00:00:00,3.8724,4.02134,3.61176,3.76069,1.95808e+006
IJC,5/16/2014 00:00:00,3.79793,4.02134,3.79793,4.02134,1.85776e+006
IJC,5/19/2014 00:00:00,3.9841,4.24474,3.94687,4.09581,2.06859e+006
IJC,5/20/2014 00:00:00,4.02134,4.35645,4.02134,4.35645,3.23682e+006
IJC,5/21/2014 00:00:00,4.39368,4.65432,4.28198,4.65432,3.81678e+006
IJC,5/22/2014 00:00:00,4.65432,4.76603,4.50539,4.57985,3.29004e+006
IJC,5/23/2014 00:00:00,4.57985,4.57985,4.43092,4.54262,2.69996e+006
IJC,5/26/2014 00:00:00,4.54262,4.65432,4.43092,4.61709,1.75462e+006
IJC,5/27/2014 00:00:00,4.69156,4.91497,4.69156,4.91497,4.47799e+006
IJC,5/28/2014 00:00:00,5.02667,5.17561,4.91497,5.17561,3.60041e+006
IJC,5/29/2014 00:00:00,5.0639,5.17561,4.8405,4.8405,3.54451e+006
IJC,5/30/2014 00:00:00,4.69156,4.76603,4.57985,4.65432,4.04394e+006
IJC,6/2/2014 00:00:00,4.65432,4.69156,4.35645,4.35645,3.79209e+006
IJC,6/3/2014 00:00:00,4.39368,4.54262,4.39368,4.43092,1.86296e+006
IJC,6/4/2014 00:00:00,4.50539,4.61709,4.35645,4.46815,2.40523e+006
IJC,6/5/2014 00:00:00,4.46815,4.57985,4.35645,4.50539,1.13018e+006
IJC,6/6/2014 00:00:00,4.54262,4.57985,4.46815,4.57985,1.33818e+006
IJC,6/9/2014 00:00:00,4.50539,4.72879,4.43092,4.54262,3.08996e+006
IJC,6/10/2014 00:00:00,4.54262,4.69156,4.54262,4.54262,2.07853e+006
IJC,6/11/2014 00:00:00,4.57985,4.69156,4.54262,4.65432,1.54322e+006
IJC,6/12/2014 00:00:00,4.72879,4.76603,4.65432,4.69156,2.28358e+006
IJC,6/13/2014 00:00:00,4.72879,4.76603,4.65432,4.72879,1.09084e+006
IJC,6/16/2014 00:00:00,4.61709,4.65432,4.57985,4.65432,1.91219e+006
IJC,6/17/2014 00:00:00,4.61709,4.72879,4.61709,4.65432,1.66035e+006
IJC,6/18/2014 00:00:00,4.69156,4.8405,4.69156,4.72879,2.21673e+006
IJC,6/19/2014 00:00:00,4.61709,4.72879,4.50539,4.65432,2.14758e+006
IJC,6/20/2014 00:00:00,4.65432,4.69156,4.54262,4.65432,1.62863e+006
IJC,6/23/2014 00:00:00,4.61709,4.65432,4.50539,4.54262,1.70553e+006
IJC,6/24/2014 00:00:00,4.50539,4.57985,4.46815,4.57985,1.21907e+006
IJC,6/25/2014 00:00:00,4.57985,4.69156,4.54262,4.61709,1.56157e+006
IJC,6/26/2014 00:00:00,4.61709,4.76603,4.61709,4.65432,2.74208e+006
IJC,6/27/2014 00:00:00,4.65432,4.72879,4.61709,4.69156,1.52586e+006
IJC,6/30/2014 00:00:00,4.69156,4.69156,4.61709,4.65432,1.32816e+006
IJC,7/1/2014 00:00:00,4.65432,4.76603,4.65432,4.69156,1.67415e+006
IJC,7/2/2014 00:00:00,4.76603,4.8405,4.72879,4.80326,2.67032e+006
IJC,7/3/2014 00:00:00,4.8405,4.9522,4.80326,4.87773,2.67787e+006
IJC,7/4/2014 00:00:00,4.8405,4.9522,4.8405,4.87773,1.70901e+006
IJC,7/7/2014 00:00:00,4.87773,4.98944,4.8405,4.91497,2.174e+006
IJC,7/8/2014 00:00:00,4.91497,5.13837,4.91497,5.10114,3.54318e+006
IJC,7/9/2014 00:00:00,5.13837,5.13837,5.0639,5.0639,1.48224e+006
IJC,7/10/2014 00:00:00,5.0639,5.10114,4.8405,4.91497,2.81414e+006
IJC,7/11/2014 00:00:00,4.99298,5.03199,4.87596,4.91497,2.08e+006
IJC,7/14/2014 00:00:00,4.91497,4.99298,4.83695,4.99298,870590
IJC,7/15/2014 00:00:00,4.99298,5.071,4.99298,5.071,1.0271e+006
IJC,7/16/2014 00:00:00,5.14901,5.18802,5.03199,5.03199,1.56684e+006
IJC,7/17/2014 00:00:00,5.03199,5.34405,4.99298,5.30504,2.90283e+006
IJC,7/18/2014 00:00:00,5.26604,5.34405,5.22703,5.30504,1.03829e+006
IJC,7/21/2014 00:00:00,5.30504,5.34405,5.14901,5.22703,1.13616e+006
IJC,7/22/2014 00:00:00,5.14901,5.22703,5.071,5.14901,2.34266e+006
IJC,7/23/2014 00:00:00,5.14901,5.18802,5.11,5.14901,643480
IJC,7/24/2014 00:00:00,5.18802,5.26604,5.11,5.26604,1.39484e+006
IJC,7/25/2014 00:00:00,5.22703,5.26604,5.14901,5.14901,2.09225e+006
IJC,7/28/2014 00:00:00,5.11,5.11,4.91497,4.99298,1.84224e+006
IJC,7/29/2014 00:00:00,5.03199,5.071,4.95397,5.071,1.60494e+006
IJC,7/30/2014 00:00:00,5.071,5.11,4.99298,4.99298,948270
IJC,7/31/2014 00:00:00,4.99298,5.14901,4.99298,5.11,1.19079e+006
IJC,8/1/2014 00:00:00,5.071,5.22703,5.03199,5.18802,1.36856e+006
IJC,8/4/2014 00:00:00,5.14901,5.38306,5.11,5.34405,4.50589e+006
IJC,8/5/2014 00:00:00,5.38306,5.46107,5.34405,5.38306,2.59226e+006
IJC,8/6/2014 00:00:00,5.42207,5.5781,5.38306,5.50008,3.32289e+006
IJC,8/7/2014 00:00:00,5.46107,5.73413,5.46107,5.69512,2.54927e+006
IJC,8/8/2014 00:00:00,5.69512,5.73413,5.6171,5.69512,2.04823e+006
IJC,8/11/2014 00:00:00,5.65611,5.77313,5.6171,5.77313,1.81366e+006
IJC,8/12/2014 00:00:00,5.73413,5.77313,5.5781,5.69512,2.06534e+006
IJC,8/13/2014 00:00:00,5.65611,5.77313,5.65611,5.73413,2.26674e+006
IJC,8/14/2014 00:00:00,5.73413,5.77313,5.6171,5.65611,1.36648e+006
IJC,8/15/2014 00:00:00,5.69512,5.89016,5.65611,5.85115,2.26343e+006
IJC,8/18/2014 00:00:00,5.89016,5.92917,5.85115,5.85115,1.44302e+006
IJC,8/19/2014 00:00:00,5.85115,5.89016,5.73413,5.77313,1.87178e+006
IJC,8/20/2014 00:00:00,5.73413,5.81214,5.69512,5.77313,1.72139e+006
IJC,8/21/2014 00:00:00,5.73413,5.92917,5.73413,5.77313,2.05769e+006
IJC,8/22/2014 00:00:00,5.89016,5.96817,5.81214,5.89016,2.32738e+006
IJC,8/25/2014 00:00:00,5.89016,5.92917,5.65611,5.69512,7.3527e+006
IJC,8/26/2014 00:00:00,5.73413,5.73413,5.53909,5.65611,1.85025e+006
IJC,8/27/2014 00:00:00,5.73413,5.92917,5.69512,5.85115,2.21313e+006
IJC,8/28/2014 00:00:00,5.85115,5.85115,5.73413,5.77313,2.12676e+006
IJC,8/29/2014 00:00:00,5.73413,5.89016,5.73413,5.85115,3.40007e+006
IJC,9/3/2014 00:00:00,5.92917,6.16321,5.85115,6.04619,4.70655e+006
IJC,9/4/2014 00:00:00,6.04619,6.04619,5.92917,6.00718,2.71279e+006
IJC,9/5/2014 00:00:00,6.00718,6.1242,6.00718,6.0852,1.56935e+006
IJC,9/8/2014 00:00:00,6.00718,6.0852,5.96817,6.00718,3.62933e+006
IJC,9/9/2014 00:00:00,5.96817,5.96817,5.6171,5.69512,5.66006e+006
IJC,9/10/2014 00:00:00,5.73413,5.81214,5.50008,5.81214,1.54644e+006
IJC,9/11/2014 00:00:00,5.81214,5.81214,5.65611,5.77313,1.64606e+006
IJC,9/12/2014 00:00:00,5.73413,5.77313,5.6171,5.77313,2.16768e+006
IJC,9/15/2014 00:00:00,5.81214,5.89016,5.73413,5.73413,4.37122e+006
IJC,9/16/2014 00:00:00,5.69512,5.69512,5.5781,5.69512,1.54426e+006
IJC,9/17/2014 00:00:00,5.69512,5.73413,5.5781,5.6171,1.31012e+006
IJC,9/18/2014 00:00:00,5.6171,5.73413,5.46107,5.50008,870130
IJC,9/19/2014 00:00:00,5.53909,5.5781,5.46107,5.53909,6.11457e+006
IJC,9/22/2014 00:00:00,5.50008,5.53909,5.26604,5.26604,2.00391e+006
IJC,9/23/2014 00:00:00,5.26604,5.53909,5.26604,5.38306,2.00703e+006
IJC,9/24/2014 00:00:00,5.46107,5.53909,5.34405,5.46107,500120
IJC,9/25/2014 00:00:00,5.38306,5.46107,5.30504,5.42207,602600
IJC,9/26/2014 00:00:00,5.46107,5.50008,5.34405,5.34405,820440
IJC,9/29/2014 00:00:00,5.38306,5.38306,5.26604,5.26604,624460
IJC,9/30/2014 00:00:00,5.22703,5.34405,5.22703,5.34405,636100
IJC,10/1/2014 00:00:00,5.38306,5.53909,5.38306,5.42207,716000
IJC,10/2/2014 00:00:00,5.46107,5.53909,5.42207,5.46107,926320
IJC,10/3/2014 00:00:00,5.53909,5.6171,5.46107,5.46107,1.00735e+006
IJC,10/6/2014 00:00:00,5.53909,5.5781,5.46107,5.5781,890680
IJC,10/7/2014 00:00:00,5.6171,5.77313,5.5781,5.69512,1.34808e+006
IJC,10/8/2014 00:00:00,5.69512,5.69512,5.5781,5.5781,685620
IJC,10/9/2014 00:00:00,5.5781,5.6171,5.42207,5.42207,602560
IJC,10/10/2014 00:00:00,5.46107,5.50008,5.34405,5.34405,754710
IJC,10/13/2014 00:00:00,5.30504,5.46107,5.30504,5.38306,313100
IJC,10/14/2014 00:00:00,5.34405,5.42207,5.30504,5.30504,437920
IJC,10/15/2014 00:00:00,5.30504,5.34405,5.22703,5.26604,450760
IJC,10/16/2014 00:00:00,5.22703,5.22703,4.95397,4.99298,1.13195e+006
IJC,10/17/2014 00:00:00,5.03199,5.071,4.87596,5.03199,708480
IJC,10/20/2014 00:00:00,5.14901,5.14901,4.99298,5.14901,346660
IJC,10/21/2014 00:00:00,5.14901,5.18802,5.11,5.14901,466480
IJC,10/22/2014 00:00:00,5.14901,5.30504,5.14901,5.30504,664190
IJC,10/23/2014 00:00:00,5.26604,5.46107,5.26604,5.26604,1.38721e+006
IJC,10/24/2014 00:00:00,5.30504,5.38306,5.14901,5.30504,516540
IJC,10/27/2014 00:00:00,5.26604,5.26604,4.99298,4.99298,565950
IJC,10/28/2014 00:00:00,4.95397,5.071,4.91497,5.03199,366920
IJC,10/29/2014 00:00:00,5.14901,5.34405,5.11,5.30504,1.17833e+006
IJC,10/30/2014 00:00:00,5.26604,5.50008,5.26604,5.38306,1.2627e+006
IJC,10/31/2014 00:00:00,5.38306,5.50008,5.34405,5.50008,849590
IJC,11/3/2014 00:00:00,5.5781,5.5781,5.42207,5.42207,399960
IJC,11/4/2014 00:00:00,5.42207,5.42207,5.30504,5.30504,490200
IJC,11/5/2014 00:00:00,5.30504,5.34405,5.18802,5.26604,513810
IJC,11/6/2014 00:00:00,5.26604,5.46107,5.26604,5.42207,1.09425e+006
IJC,11/7/2014 00:00:00,5.46107,5.50008,5.38306,5.42207,540120
IJC,11/10/2014 00:00:00,5.53909,5.53909,5.46107,5.46107,527070
IJC,11/11/2014 00:00:00,5.46107,5.50008,5.42207,5.42207,450430
IJC,11/12/2014 00:00:00,5.42207,5.42207,5.34405,5.38306,661650
IJC,11/13/2014 00:00:00,5.42207,5.46107,5.30504,5.30504,1.21614e+006
IJC,11/14/2014 00:00:00,5.34405,5.34405,5.18802,5.26604,594610
IJC,11/17/2014 00:00:00,5.30504,5.34405,5.26604,5.30504,213750
IJC,11/18/2014 00:00:00,5.26604,5.26604,5.18802,5.18802,435330
IJC,11/19/2014 00:00:00,5.22703,5.26604,5.11,5.14901,246370
IJC,11/20/2014 00:00:00,5.14901,5.26604,5.14901,5.22703,162560
IJC,11/21/2014 00:00:00,5.26604,5.26604,5.14901,5.14901,435730
IJC,11/24/2014 00:00:00,5.14901,5.14901,5.03199,5.11,613760
IJC,11/25/2014 00:00:00,5.071,5.22703,5.071,5.22703,276500
IJC,11/26/2014 00:00:00,5.26604,5.26604,5.11,5.11,284540
IJC,11/27/2014 00:00:00,5.11,5.18802,5.071,5.18802,421950
IJC,11/28/2014 00:00:00,5.22703,5.34405,5.14901,5.30504,765040
IJC,12/1/2014 00:00:00,5.30504,5.34405,5.26604,5.30504,162960
IJC,12/2/2014 00:00:00,5.30504,5.30504,5.26604,5.26604,116940
IJC,12/3/2014 00:00:00,5.22703,5.34405,5.22703,5.30504,330800
IJC,12/4/2014 00:00:00,5.30504,5.46107,5.30504,5.38306,1.52777e+006
IJC,12/5/2014 00:00:00,5.38306,5.69512,5.38306,5.69512,3.11157e+006
IJC,12/8/2014 00:00:00,5.6171,5.69512,5.46107,5.50008,640940
IJC,12/9/2014 00:00:00,5.46107,5.46107,5.14901,5.18802,680860
IJC,12/10/2014 00:00:00,5.18802,5.50008,5.11,5.42207,550720
IJC,12/11/2014 00:00:00,5.22703,5.46107,5.22703,5.42207,300010
IJC,12/12/2014 00:00:00,5.34405,5.46107,5.34405,5.46107,224310
IJC,12/15/2014 00:00:00,5.53909,5.6171,5.46107,5.46107,496580
IJC,12/16/2014 00:00:00,5.46107,5.50008,5.42207,5.46107,1.42414e+006
IJC,12/17/2014 00:00:00,5.46107,5.46107,5.11,5.26604,520230
IJC,12/18/2014 00:00:00,5.46107,5.46107,5.30504,5.42207,95470
IJC,12/19/2014 00:00:00,5.18802,5.50008,5.18802,5.50008,2.19803e+006
IJC,12/22/2014 00:00:00,5.42207,5.42207,5.30504,5.38306,166500
IJC,12/23/2014 00:00:00,5.34405,5.34405,5.26604,5.26604,137160
IJC,12/24/2014 00:00:00,5.22703,5.30504,5.22703,5.22703,38380
IJC,12/25/2014 00:00:00,5.22703,5.30504,5.14901,5.14901,119990
IJC,12/26/2014 00:00:00,5.14901,5.14901,5.03199,5.03199,205340
IJC,12/29/2014 00:00:00,5.11,5.11,4.87596,4.91497,118720
IJC,12/30/2014 00:00:00,4.87596,5.18802,4.87596,5.18802,63780
IJC,12/31/2014 00:00:00,5.18802,5.38306,5.18802,5.26604,154660
IJC,1/5/2015 00:00:00,5.30504,5.46107,5.30504,5.46107,271270
IJC,1/6/2015 00:00:00,5.26604,5.46107,5.26604,5.38306,140790
IJC,1/7/2015 00:00:00,5.42207,5.46107,5.34405,5.42207,125640
IJC,1/8/2015 00:00:00,5.42207,5.42207,5.34405,5.34405,114480
IJC,1/9/2015 00:00:00,5.30504,5.42207,5.30504,5.34405,131220
IJC,1/12/2015 00:00:00,5.42207,5.42207,5.26604,5.26604,144170
IJC,1/13/2015 00:00:00,5.26604,5.30504,5.26604,5.30504,198880
IJC,1/14/2015 00:00:00,5.38306,5.38306,5.26604,5.34405,94880
IJC,1/15/2015 00:00:00,5.26604,5.38306,5.26604,5.30504,77200
IJC,1/16/2015 00:00:00,5.30504,5.34405,5.26604,5.34405,103700
IJC,1/19/2015 00:00:00,5.38306,5.38306,5.22703,5.22703,66550
IJC,1/20/2015 00:00:00,5.22703,5.30504,5.22703,5.22703,53310
IJC,1/21/2015 00:00:00,5.22703,5.26604,5.14901,5.14901,91100
IJC,1/22/2015 00:00:00,5.14901,5.18802,5.11,5.14901,292990
IJC,1/23/2015 00:00:00,5.26604,5.26604,5.18802,5.22703,181800
IJC,1/26/2015 00:00:00,5.26604,5.26604,5.18802,5.18802,59460
IJC,1/27/2015 00:00:00,5.26604,5.26604,5.14901,5.14901,115600
IJC,1/28/2015 00:00:00,5.14901,5.18802,5.11,5.14901,89540
IJC,1/29/2015 00:00:00,5.14901,5.14901,5.11,5.14901,49860
IJC,1/30/2015 00:00:00,5.11,5.18802,5.03199,5.071,92330
IJC,2/2/2015 00:00:00,5.071,5.11,4.95397,4.95397,97620
IJC,2/3/2015 00:00:00,4.91497,4.99298,4.91497,4.91497,64490
IJC,2/4/2015 00:00:00,4.91497,4.91497,4.87596,4.91497,56000
IJC,2/5/2015 00:00:00,4.95397,4.95397,4.79794,4.87596,157260
IJC,2/6/2015 00:00:00,4.87596,4.95397,4.87596,4.87596,44470
IJC,2/9/2015 00:00:00,4.91497,4.99298,4.87596,4.91497,154580
IJC,2/10/2015 00:00:00,4.91497,4.95397,4.87596,4.87596,176800
IJC,2/11/2015 00:00:00,4.91497,5.03199,4.83695,4.99298,74650
IJC,2/12/2015 00:00:00,5.03199,5.03199,4.91497,4.91497,301980
IJC,2/13/2015 00:00:00,5.071,5.071,4.91497,5.03199,225700
IJC,2/24/2015 00:00:00,5.071,5.18802,5.071,5.18802,99990
IJC,2/25/2015 00:00:00,5.18802,5.18802,5.03199,5.071,378150
IJC,2/26/2015 00:00:00,5.071,5.071,4.99298,5.03199,356390
IJC,2/27/2015 00:00:00,5.071,5.071,4.95397,4.95397,309400
IJC,3/2/2015 00:00:00,4.95397,5.03199,4.95397,4.99298,144810
IJC,3/3/2015 00:00:00,4.95397,5.071,4.95397,5.071,396200
IJC,3/4/2015 00:00:00,5.11,5.11,5.03199,5.071,530770
IJC,3/5/2015 00:00:00,5.11,5.11,5.03199,5.071,377570
IJC,3/6/2015 00:00:00,5.03199,5.071,4.99298,4.99298,425930
IJC,3/9/2015 00:00:00,5.03199,5.03199,4.91497,4.95397,256770
IJC,3/10/2015 00:00:00,4.91497,4.99298,4.91497,4.91497,378980
IJC,3/11/2015 00:00:00,4.91497,4.95397,4.87596,4.87596,411200
IJC,3/12/2015 00:00:00,4.91497,4.95397,4.83695,4.87596,414400
IJC,3/13/2015 00:00:00,4.87596,4.87596,4.75894,4.75894,697990
IJC,3/16/2015 00:00:00,4.79794,4.79794,4.71993,4.71993,306160
IJC,3/17/2015 00:00:00,4.71993,4.87596,4.68092,4.87596,431590
IJC,3/18/2015 00:00:00,4.87596,4.87596,4.75894,4.79794,98180
IJC,3/19/2015 00:00:00,4.79794,4.79794,4.64191,4.68092,665060
IJC,3/20/2015 00:00:00,4.68092,4.75894,4.68092,4.75894,287310
IJC,3/23/2015 00:00:00,4.79794,4.79794,4.6029,4.64191,332390
IJC,3/24/2015 00:00:00,4.68092,4.68092,4.48588,4.52489,402190
IJC,3/25/2015 00:00:00,4.5639,4.64191,4.52489,4.52489,314890
IJC,3/26/2015 00:00:00,4.52489,4.6029,4.52489,4.52489,236170
IJC,3/27/2015 00:00:00,4.5639,4.6029,4.36886,4.40787,658530
IJC,3/30/2015 00:00:00,4.44687,4.48588,4.29084,4.29084,339210
IJC,3/31/2015 00:00:00,4.29084,4.40787,4.29084,4.32985,240320
IJC,4/1/2015 00:00:00,4.36886,4.36886,4.13481,4.17382,445910
IJC,4/2/2015 00:00:00,4.21283,4.29084,4.13481,4.29084,129200
IJC,4/3/2015 00:00:00,4.32985,4.32985,4.25184,4.32985,196480
IJC,4/6/2015 00:00:00,4.21283,4.32985,4.21283,4.21283,137930
IJC,4/7/2015 00:00:00,4.17382,4.29084,4.13481,4.29084,253280
IJC,4/8/2015 00:00:00,4.32985,4.36886,4.21283,4.25184,266730
IJC,4/9/2015 00:00:00,4.29084,4.52489,4.21283,4.52489,1.06217e+006
IJC,4/10/2015 00:00:00,4.6029,4.83695,4.5639,4.79794,1.28132e+006
IJC,4/13/2015 00:00:00,4.79794,4.79794,4.6029,4.64191,460730
IJC,4/14/2015 00:00:00,4.5639,4.64191,4.52489,4.52489,400120
IJC,4/15/2015 00:00:00,4.52489,4.71993,4.48588,4.68092,539100
IJC,4/16/2015 00:00:00,4.75894,4.75894,4.6029,4.68092,463760
IJC,4/17/2015 00:00:00,4.68092,4.68092,4.6029,4.6029,303170
IJC,4/20/2015 00:00:00,4.5639,4.6029,4.48588,4.48588,579710
IJC,4/21/2015 00:00:00,4.52489,4.5639,4.44687,4.44687,371570
IJC,4/22/2015 00:00:00,4.48588,4.52489,4.44687,4.48588,177220
IJC,4/23/2015 00:00:00,4.48588,4.5639,4.44687,4.48588,211490
IJC,4/24/2015 00:00:00,4.52489,4.6029,4.52489,4.5639,236060
IJC,4/27/2015 00:00:00,4.5639,4.6029,4.48588,4.48588,124720
IJC,5/4/2015 00:00:00,4.5639,4.5639,4.17382,4.17382,422400
IJC,5/5/2015 00:00:00,4.17382,4.32985,4.01779,4.21283,454960
IJC,5/6/2015 00:00:00,4.29084,4.29084,4.17382,4.21283,493350
IJC,5/7/2015 00:00:00,4.17382,4.29084,4.17382,4.21283,266680
IJC,5/8/2015 00:00:00,4.25184,4.40787,4.21283,4.36886,271770
IJC,5/11/2015 00:00:00,4.36886,4.44687,4.29084,4.32985,185920
IJC,5/12/2015 00:00:00,4.21283,4.32985,4.21283,4.32985,183460
IJC,5/13/2015 00:00:00,4.25184,4.29084,4.25184,4.25184,103320
IJC,5/14/2015 00:00:00,4.25184,4.29084,4.21283,4.25184,71190
IJC,5/15/2015 00:00:00,4.21283,4.29084,4.17382,4.21283,288690
IJC,5/18/2015 00:00:00,4.21283,4.21283,4.01779,4.01779,318790
IJC,5/19/2015 00:00:00,4.0568,4.13481,4.0568,4.0568,142790
IJC,5/20/2015 00:00:00,4.0568,4.32985,4.0568,4.25184,242230
IJC,5/21/2015 00:00:00,4.25184,4.32985,4.21283,4.32985,298610
IJC,5/22/2015 00:00:00,4.29084,4.36886,4.21283,4.32985,119540
IJC,5/25/2015 00:00:00,4.32985,4.36886,4.25184,4.32985,145920
IJC,5/26/2015 00:00:00,4.32985,4.52489,4.32985,4.40787,333910
IJC,5/27/2015 00:00:00,4.44687,4.44687,4.36886,4.40787,245000
IJC,5/28/2015 00:00:00,4.44687,4.52489,4.40787,4.44687,550940
IJC,5/29/2015 00:00:00,4.48588,4.68092,4.48588,4.48588,559840
IJC,6/1/2015 00:00:00,4.6029,4.6029,4.48588,4.48588,283640
IJC,6/2/2015 00:00:00,4.52489,4.52489,4.40787,4.40787,247840
IJC,6/3/2015 00:00:00,4.36886,4.48588,4.36886,4.40787,317640
IJC,6/4/2015 00:00:00,4.48588,4.48588,4.36886,4.44687,273610
IJC,6/5/2015 00:00:00,4.52489,4.6029,4.48588,4.52489,544560
IJC,6/8/2015 00:00:00,4.6029,4.6029,4.52489,4.52489,474170
IJC,6/9/2015 00:00:00,4.52489,4.52489,4.44687,4.44687,281180
IJC,6/10/2015 00:00:00,4.44687,4.44687,4.40787,4.40787,210670
IJC,6/11/2015 00:00:00,4.44687,4.68092,4.44687,4.68092,1.40909e+006
IJC,6/12/2015 00:00:00,4.75894,4.79794,4.6029,4.68092,351790
IJC,6/15/2015 00:00:00,4.64191,4.79794,4.64191,4.71993,407460
IJC,6/16/2015 00:00:00,4.71993,4.71993,4.5639,4.5639,544260
IJC,6/17/2015 00:00:00,4.5639,4.6029,4.44687,4.52489,443040
IJC,6/18/2015 00:00:00,4.48588,4.6029,4.48588,4.6029,189240
IJC,6/19/2015 00:00:00,4.52489,4.68092,4.52489,4.68092,961960
IJC,6/22/2015 00:00:00,4.68092,4.68092,4.5639,4.6029,122730
IJC,6/23/2015 00:00:00,4.6029,4.64191,4.5639,4.5639,122100
IJC,6/24/2015 00:00:00,4.52489,4.6029,4.52489,4.6029,90620
IJC,6/25/2015 00:00:00,4.6029,4.6029,4.52489,4.52489,188200
IJC,6/26/2015 00:00:00,4.52489,4.5639,4.52489,4.52489,62150
IJC,6/29/2015 00:00:00,4.52489,4.52489,4.44687,4.52489,161110
IJC,6/30/2015 00:00:00,4.5639,4.64191,4.48588,4.5639,249750
IJC,7/1/2015 00:00:00,4.5639,4.6029,4.44687,4.44687,262340
IJC,7/2/2015 00:00:00,4.44687,4.6029,4.44687,4.5639,186410
IJC,7/3/2015 00:00:00,4.6029,4.68092,4.52489,4.5639,314590
IJC,7/6/2015 00:00:00,4.64191,4.68092,4.5639,4.64191,268050
IJC,7/7/2015 00:00:00,4.6029,4.71993,4.6029,4.68092,681820
IJC,7/8/2015 00:00:00,4.71993,4.71993,4.48588,4.48588,1.67585e+006
IJC,7/9/2015 00:00:00,4.5639,4.6029,4.48588,4.52489,1.08265e+006
IJC,7/10/2015 00:00:00,4.5639,4.79794,4.5639,4.71993,1.30168e+006
IJC,7/13/2015 00:00:00,4.71993,4.75894,4.64191,4.68092,636430
IJC,7/14/2015 00:00:00,4.68092,4.71993,4.6029,4.68092,502070
IJC,7/15/2015 00:00:00,4.64191,4.68092,4.52489,4.52489,508630
IJC,7/16/2015 00:00:00,4.52489,4.6029,4.48588,4.52489,525650
IJC,7/17/2015 00:00:00,4.5639,4.6029,4.52489,4.52489,642610
IJC,7/20/2015 00:00:00,4.52489,4.5639,4.25184,4.40787,1.38109e+006
IJC,7/21/2015 00:00:00,4.40787,4.40787,4.21283,4.36886,1.47477e+006
IJC,7/22/2015 00:00:00,4.29084,4.32985,4.25184,4.29084,952800
IJC,7/23/2015 00:00:00,4.32985,4.36886,4.21283,4.25184,931150
IJC,7/24/2015 00:00:00,4.29084,4.29084,4.09581,4.13481,979550
IJC,7/27/2015 00:00:00,4.13481,4.25184,4.13481,4.25184,767420
IJC,7/28/2015 00:00:00,4.21283,4.40787,4.17382,4.25184,1.64829e+006
IJC,7/29/2015 00:00:00,4.25184,4.32985,4.25184,4.29084,206490
IJC,7/30/2015 00:00:00,4.32985,4.36886,4.25184,4.36886,379710
IJC,7/31/2015 00:00:00,4.36886,4.36886,4.25184,4.25184,407310
IJC,8/3/2015 00:00:00,4.21283,4.29084,4.17382,4.21283,322720
IJC,8/4/2015 00:00:00,4.21283,4.29084,4.17382,4.21283,300910
IJC,8/5/2015 00:00:00,4.21283,4.32985,4.21283,4.29084,460730
IJC,8/6/2015 00:00:00,4.29084,4.32985,4.25184,4.29084,132960
IJC,8/7/2015 00:00:00,4.25184,4.29084,4.21283,4.25184,329990
IJC,8/10/2015 00:00:00,4.25184,4.25184,4.21283,4.25184,218720
IJC,8/11/2015 00:00:00,4.25184,4.29084,4.21283,4.25184,376930
IJC,8/12/2015 00:00:00,4.32985,4.36886,4.21283,4.25184,825320
IJC,8/13/2015 00:00:00,4.25184,4.29084,4.09581,4.21283,451660
IJC,8/14/2015 00:00:00,4.21283,4.25184,4.13481,4.17382,239780
IJC,8/17/2015 00:00:00,4.17382,4.21283,4.01779,4.13481,339460
IJC,8/18/2015 00:00:00,4.17382,4.17382,4.09581,4.13481,283100
IJC,8/19/2015 00:00:00,4.13481,4.21283,4.09581,4.17382,418370
IJC,8/20/2015 00:00:00,4.17382,4.21283,4.0568,4.09581,439990
IJC,8/21/2015 00:00:00,4.0568,4.0568,3.86176,3.97878,584820
IJC,8/24/2015 00:00:00,3.90077,3.90077,3.70573,3.70573,1.34829e+006
IJC,8/25/2015 00:00:00,3.49276,3.79092,3.49276,3.53535,900650
IJC,8/26/2015 00:00:00,3.45016,3.70573,3.45016,3.66313,634960
IJC,8/27/2015 00:00:00,3.70573,3.79092,3.66313,3.66313,491680
IJC,8/28/2015 00:00:00,3.66313,3.74832,3.66313,3.70573,370540
IJC,8/31/2015 00:00:00,3.66313,3.70573,3.62054,3.62054,372940
IJC,9/1/2015 00:00:00,3.66313,3.83351,3.62054,3.74832,553970
IJC,9/3/2015 00:00:00,3.83351,3.83351,3.62054,3.70573,336880
IJC,9/4/2015 00:00:00,3.70573,3.74832,3.66313,3.66313,168450
IJC,9/7/2015 00:00:00,3.66313,3.70573,3.62054,3.62054,192900
IJC,9/8/2015 00:00:00,3.62054,3.70573,3.62054,3.62054,230290
IJC,9/9/2015 00:00:00,3.70573,3.70573,3.62054,3.62054,282260
IJC,9/10/2015 00:00:00,3.66313,3.74832,3.62054,3.70573,347310
IJC,9/11/2015 00:00:00,3.74832,3.74832,3.66313,3.66313,168150
IJC,9/14/2015 00:00:00,3.62054,3.66313,3.53535,3.57794,276350
IJC,9/15/2015 00:00:00,3.57794,3.62054,3.49276,3.53535,222640
IJC,9/16/2015 00:00:00,3.62054,3.70573,3.62054,3.66313,341070
IJC,9/17/2015 00:00:00,3.66313,3.70573,3.57794,3.62054,90310
IJC,9/18/2015 00:00:00,3.66313,3.70573,3.66313,3.70573,508630
IJC,9/21/2015 00:00:00,3.70573,3.74832,3.66313,3.70573,211780
IJC,9/22/2015 00:00:00,3.74832,3.87611,3.70573,3.83351,1.09362e+006
IJC,9/23/2015 00:00:00,3.83351,3.9187,3.79092,3.87611,631240
IJC,9/24/2015 00:00:00,3.87611,3.9187,3.74832,3.83351,566050
IJC,9/25/2015 00:00:00,3.83351,3.87611,3.74832,3.79092,293200
IJC,9/28/2015 00:00:00,3.87611,3.87611,3.74832,3.79092,216140
IJC,9/29/2015 00:00:00,3.74832,3.79092,3.66313,3.79092,329670
IJC,9/30/2015 00:00:00,3.79092,3.79092,3.70573,3.74832,218120
IJC,10/1/2015 00:00:00,3.79092,3.79092,3.70573,3.74832,110180
IJC,10/2/2015 00:00:00,3.74832,3.74832,3.62054,3.66313,427190
IJC,10/5/2015 00:00:00,3.62054,3.74832,3.57794,3.70573,1.24399e+006
IJC,10/6/2015 00:00:00,3.79092,3.9613,3.74832,3.9613,1.3586e+006
IJC,10/7/2015 00:00:00,3.9613,4.21686,3.9187,4.08908,1.47951e+006
IJC,10/8/2015 00:00:00,4.04648,4.30205,4.04648,4.30205,1.83168e+006
IJC,10/9/2015 00:00:00,4.25946,4.34465,4.17427,4.21686,840560
IJC,10/12/2015 00:00:00,4.25946,4.25946,4.13167,4.17427,442130
IJC,10/13/2015 00:00:00,4.13167,4.21686,4.13167,4.17427,351940
IJC,10/14/2015 00:00:00,4.17427,4.25946,4.08908,4.13167,596150
IJC,10/15/2015 00:00:00,4.17427,4.17427,4.04648,4.13167,500850
IJC,10/16/2015 00:00:00,4.13167,4.21686,4.08908,4.13167,580190
IJC,10/19/2015 00:00:00,4.13167,4.17427,4.08908,4.13167,142840
IJC,10/20/2015 00:00:00,4.13167,4.13167,4.00389,4.00389,371160
IJC,10/21/2015 00:00:00,3.9613,3.9613,3.83351,3.83351,665190
IJC,10/22/2015 00:00:00,3.79092,3.9187,3.74832,3.9187,1.10221e+006
IJC,10/23/2015 00:00:00,3.9187,3.9187,3.83351,3.83351,420860
IJC,10/26/2015 00:00:00,3.83351,3.9187,3.79092,3.83351,218970
IJC,10/27/2015 00:00:00,3.83351,3.83351,3.74832,3.74832,402290
IJC,10/28/2015 00:00:00,3.74832,3.83351,3.74832,3.74832,307060
IJC,10/29/2015 00:00:00,3.79092,3.79092,3.66313,3.74832,378700
IJC,10/30/2015 00:00:00,3.79092,3.79092,3.70573,3.70573,218790
IJC,11/2/2015 00:00:00,3.74832,3.74832,3.66313,3.66313,307850
IJC,11/3/2015 00:00:00,3.70573,3.83351,3.70573,3.83351,467650
IJC,11/4/2015 00:00:00,3.87611,3.87611,3.79092,3.83351,301550
IJC,11/5/2015 00:00:00,3.79092,3.83351,3.79092,3.83351,158430
IJC,11/6/2015 00:00:00,3.79092,3.83351,3.70573,3.79092,271560
IJC,11/9/2015 00:00:00,3.74832,3.79092,3.70573,3.70573,170730
IJC,11/10/2015 00:00:00,3.79092,3.79092,3.62054,3.70573,268510
IJC,11/11/2015 00:00:00,3.70573,3.70573,3.53535,3.57794,521540
IJC,11/12/2015 00:00:00,3.57794,3.57794,3.49276,3.57794,322710
IJC,11/13/2015 00:00:00,3.53535,3.62054,3.53535,3.57794,272270
IJC,11/16/2015 00:00:00,3.57794,3.62054,3.49276,3.57794,191360
IJC,11/17/2015 00:00:00,3.57794,3.62054,3.53535,3.62054,468900
IJC,11/18/2015 00:00:00,3.57794,3.62054,3.49276,3.53535,327670
IJC,11/19/2015 00:00:00,3.57794,3.57794,3.49276,3.49276,334690
IJC,11/20/2015 00:00:00,3.53535,3.70573,3.53535,3.70573,862640
IJC,11/23/2015 00:00:00,3.79092,3.79092,3.70573,3.74832,554090
IJC,11/24/2015 00:00:00,3.70573,3.74832,3.62054,3.62054,539170
IJC,11/25/2015 00:00:00,3.62054,3.62054,3.53535,3.53535,438860
IJC,11/26/2015 00:00:00,3.53535,3.66313,3.53535,3.57794,352990
IJC,11/27/2015 00:00:00,3.57794,3.62054,3.45016,3.49276,430290
IJC,11/30/2015 00:00:00,3.49276,3.62054,3.45016,3.49276,571400
IJC,12/1/2015 00:00:00,3.49276,3.53535,3.45016,3.45016,212430
IJC,12/2/2015 00:00:00,3.45016,3.53535,3.45016,3.49276,242870
IJC,12/3/2015 00:00:00,3.49276,3.49276,3.40757,3.45016,244210
IJC,12/4/2015 00:00:00,3.45016,3.45016,3.36497,3.45016,225630
IJC,12/7/2015 00:00:00,3.45016,3.45016,3.36497,3.45016,201650
IJC,12/8/2015 00:00:00,3.40757,3.45016,3.36497,3.40757,288660
IJC,12/9/2015 00:00:00,3.45016,3.45016,3.27978,3.27978,799880
IJC,12/10/2015 00:00:00,3.23719,3.32238,3.23719,3.23719,244790
IJC,12/11/2015 00:00:00,3.27978,3.27978,3.152,3.19459,166720
IJC,12/14/2015 00:00:00,3.1094,3.152,2.98162,2.98162,1.28695e+006
IJC,12/15/2015 00:00:00,3.02422,3.06681,2.93903,3.02422,439940
IJC,12/16/2015 00:00:00,3.02422,3.152,3.02422,3.06681,5.88043e+006
IJC,12/17/2015 00:00:00,3.152,3.27978,3.152,3.27978,1.34156e+006
IJC,12/18/2015 00:00:00,3.27978,3.32238,3.19459,3.19459,5.10038e+006
IJC,12/21/2015 00:00:00,3.23719,3.23719,3.1094,3.152,2.23264e+006
IJC,12/22/2015 00:00:00,3.152,3.23719,3.1094,3.152,991040
IJC,12/23/2015 00:00:00,3.152,3.19459,3.06681,3.1094,1.10904e+006
IJC,12/24/2015 00:00:00,3.1094,3.152,3.06681,3.06681,639750
IJC,12/25/2015 00:00:00,3.06681,3.152,3.02422,3.02422,858970
IJC,12/28/2015 00:00:00,3.06681,3.06681,2.93903,2.93903,1.13674e+006
IJC,12/29/2015 00:00:00,2.98162,3.02422,2.89643,3.02422,753950
IJC,12/30/2015 00:00:00,3.02422,3.1094,3.02422,3.06681,586820
IJC,12/31/2015 00:00:00,3.06681,3.1094,3.02422,3.06681,342050
IJC,1/4/2016 00:00:00,3.06681,3.1094,3.02422,3.02422,654690
IJC,1/5/2016 00:00:00,2.98162,3.02422,2.93903,2.93903,911920
IJC,1/6/2016 00:00:00,2.98162,3.02422,2.93903,2.98162,561000
IJC,1/7/2016 00:00:00,2.98162,2.98162,2.85384,2.85384,986590
IJC,1/8/2016 00:00:00,2.85384,2.89643,2.76865,2.85384,787940
IJC,1/11/2016 00:00:00,2.81124,2.93903,2.81124,2.85384,316560
IJC,1/12/2016 00:00:00,2.89643,3.02422,2.89643,2.98162,550220
IJC,1/13/2016 00:00:00,2.98162,3.06681,2.93903,2.98162,540410
IJC,1/14/2016 00:00:00,2.93903,2.98162,2.85384,2.93903,501780
IJC,1/15/2016 00:00:00,2.93903,2.98162,2.85384,2.85384,593970
IJC,1/18/2016 00:00:00,2.76865,2.76865,2.68346,2.72605,1.36567e+006
IJC,1/19/2016 00:00:00,2.72605,2.81124,2.68346,2.76865,425300
IJC,1/20/2016 00:00:00,2.81124,2.81124,2.68346,2.68346,505430
IJC,1/21/2016 00:00:00,2.68346,2.68346,2.51308,2.55567,931720
IJC,1/22/2016 00:00:00,2.64086,2.72605,2.55567,2.72605,1.20682e+006
IJC,1/25/2016 00:00:00,2.76865,2.89643,2.76865,2.85384,541050
IJC,1/26/2016 00:00:00,2.76865,2.81124,2.72605,2.76865,626800
IJC,1/27/2016 00:00:00,2.81124,2.85384,2.81124,2.81124,352230
IJC,1/28/2016 00:00:00,2.81124,2.85384,2.76865,2.76865,357390
IJC,1/29/2016 00:00:00,2.76865,2.85384,2.76865,2.81124,270700
IJC,2/1/2016 00:00:00,2.81124,2.93903,2.81124,2.89643,280740
IJC,2/2/2016 00:00:00,2.85384,2.89643,2.81124,2.85384,139430
IJC,2/3/2016 00:00:00,2.81124,2.85384,2.68346,2.81124,425420
IJC,2/4/2016 00:00:00,2.85384,2.85384,2.76865,2.81124,135670
IJC,2/5/2016 00:00:00,2.81124,2.85384,2.76865,2.85384,89820
IJC,2/15/2016 00:00:00,2.85384,2.85384,2.76865,2.81124,186580
IJC,2/16/2016 00:00:00,2.76865,2.85384,2.76865,2.81124,246690
IJC,2/17/2016 00:00:00,2.85384,2.85384,2.81124,2.81124,198600
IJC,2/18/2016 00:00:00,2.85384,2.85384,2.81124,2.85384,139960
IJC,2/19/2016 00:00:00,2.85384,2.85384,2.76865,2.81124,551090
IJC,2/22/2016 00:00:00,2.81124,2.89643,2.81124,2.85384,830990
IJC,2/23/2016 00:00:00,2.89643,2.89643,2.81124,2.85384,343060
IJC,2/24/2016 00:00:00,2.81124,3.02422,2.81124,2.98162,1.97924e+006
IJC,2/25/2016 00:00:00,2.98162,3.02422,2.89643,2.89643,538270
IJC,2/26/2016 00:00:00,2.89643,2.93903,2.85384,2.89643,537110
IJC,2/29/2016 00:00:00,2.89643,2.98162,2.89643,2.98162,925270
IJC,3/1/2016 00:00:00,2.98162,3.02422,2.93903,2.98162,775490
IJC,3/2/2016 00:00:00,2.98162,2.98162,2.93903,2.93903,383360
IJC,3/3/2016 00:00:00,2.98162,3.02422,2.89643,2.93903,558610
IJC,3/4/2016 00:00:00,2.89643,2.98162,2.89643,2.93903,182730
IJC,3/7/2016 00:00:00,2.93903,2.98162,2.89643,2.89643,373200
IJC,3/8/2016 00:00:00,3.06681,3.06681,3.06681,3.06681,453920
IJC,3/9/2016 00:00:00,3.27978,3.27978,3.23719,3.27978,2.42605e+006
IJC,3/10/2016 00:00:00,3.36497,3.36497,3.23719,3.23719,1.23615e+006
IJC,3/11/2016 00:00:00,3.19459,3.23719,3.1094,3.1094,886320
IJC,3/14/2016 00:00:00,3.152,3.32238,3.1094,3.32238,1.76429e+006
IJC,3/15/2016 00:00:00,3.32238,3.36497,3.23719,3.32238,981150
IJC,3/16/2016 00:00:00,3.27978,3.53535,3.27978,3.53535,1.8141e+006
IJC,3/17/2016 00:00:00,3.62054,3.74832,3.53535,3.57794,2.66266e+006
IJC,3/18/2016 00:00:00,3.57794,3.70573,3.53535,3.62054,1.38267e+006
IJC,3/21/2016 00:00:00,3.62054,3.66313,3.45016,3.49276,1.44561e+006
IJC,3/22/2016 00:00:00,3.49276,3.66313,3.45016,3.57794,1.7452e+006
IJC,3/23/2016 00:00:00,3.62054,3.62054,3.53535,3.57794,1.24117e+006
IJC,3/24/2016 00:00:00,3.62054,3.70573,3.62054,3.66313,1.85862e+006
IJC,3/25/2016 00:00:00,3.66313,3.66313,3.49276,3.57794,1.35363e+006
IJC,3/28/2016 00:00:00,3.74832,3.79092,3.66313,3.70573,1.88201e+006
IJC,3/29/2016 00:00:00,3.70573,3.70573,3.53535,3.62054,1.18808e+006
IJC,3/30/2016 00:00:00,3.57794,3.62054,3.53535,3.57794,658560
IJC,3/31/2016 00:00:00,3.53535,3.57794,3.36497,3.36497,1.27737e+006
IJC,4/1/2016 00:00:00,3.40757,3.40757,3.32238,3.36497,765190
IJC,4/4/2016 00:00:00,3.32238,3.40757,3.23719,3.23719,740480
IJC,4/5/2016 00:00:00,3.23719,3.36497,3.23719,3.32238,1.08951e+006
IJC,4/6/2016 00:00:00,3.32238,3.45016,3.32238,3.45016,684640
IJC,4/7/2016 00:00:00,3.49276,3.49276,3.32238,3.36497,484320
IJC,4/8/2016 00:00:00,3.40757,3.53535,3.36497,3.40757,1.28628e+006
IJC,4/11/2016 00:00:00,3.45016,3.49276,3.40757,3.40757,1.27095e+006
IJC,4/12/2016 00:00:00,3.45016,3.45016,3.36497,3.36497,655770
IJC,4/13/2016 00:00:00,3.36497,3.40757,3.32238,3.36497,466520
IJC,4/14/2016 00:00:00,3.36497,3.40757,3.32238,3.36497,461870
IJC,4/15/2016 00:00:00,3.36497,3.40757,3.32238,3.32238,520440
IJC,4/19/2016 00:00:00,3.27978,3.32238,3.23719,3.27978,485330
IJC,4/20/2016 00:00:00,3.27978,3.27978,3.19459,3.23719,531480
IJC,4/21/2016 00:00:00,3.27978,3.32238,3.23719,3.23719,416550
IJC,4/22/2016 00:00:00,3.23719,3.32238,3.23719,3.27978,380590
IJC,4/25/2016 00:00:00,3.36497,3.36497,3.23719,3.23719,323910
IJC,4/26/2016 00:00:00,3.27978,3.45016,3.27978,3.45016,1.18444e+006
IJC,4/27/2016 00:00:00,3.45016,3.45016,3.32238,3.36497,673840
IJC,4/28/2016 00:00:00,3.40757,3.45016,3.36497,3.40757,825980
IJC,4/29/2016 00:00:00,3.40757,3.45016,3.36497,3.36497,330900
IJC,5/4/2016 00:00:00,3.32238,3.36497,3.27978,3.32238,513430
IJC,5/5/2016 00:00:00,3.27978,3.36497,3.27978,3.32238,187740
IJC,5/6/2016 00:00:00,3.27978,3.32238,3.23719,3.27978,254910
IJC,5/9/2016 00:00:00,3.27978,3.32238,3.23719,3.23719,326490
IJC,5/10/2016 00:00:00,3.23719,3.27978,3.19459,3.23719,351250
IJC,5/11/2016 00:00:00,3.23719,3.27978,3.19459,3.23719,308400
IJC,5/12/2016 00:00:00,3.23719,3.27978,3.23719,3.23719,298700
IJC,5/13/2016 00:00:00,3.23719,3.27978,3.23719,3.23719,550900
IJC,5/16/2016 00:00:00,3.23719,3.27978,3.19459,3.23719,158470
IJC,5/17/2016 00:00:00,3.27978,3.32238,3.23719,3.27978,264410
IJC,5/18/2016 00:00:00,3.32238,3.45016,3.32238,3.32238,788260
IJC,5/19/2016 00:00:00,3.32238,3.36497,3.27978,3.32238,181040
IJC,5/20/2016 00:00:00,3.32238,3.32238,3.27978,3.27978,144730
IJC,5/23/2016 00:00:00,3.32238,3.32238,3.27978,3.27978,280370
IJC,5/24/2016 00:00:00,3.32238,3.36497,3.27978,3.27978,279920
IJC,5/25/2016 00:00:00,3.32238,3.36497,3.23719,3.32238,724980
IJC,5/26/2016 00:00:00,3.27978,3.32238,3.27978,3.27978,274610
IJC,5/27/2016 00:00:00,3.32238,3.32238,3.27978,3.32238,226490
IJC,5/30/2016 00:00:00,3.36497,3.49276,3.32238,3.49276,2.69222e+006
IJC,5/31/2016 00:00:00,3.70573,3.70573,3.70573,3.70573,343440
IJC,6/1/2016 00:00:00,3.9187,3.9187,3.79092,3.83351,5.1706e+006
IJC,6/2/2016 00:00:00,3.83351,3.83351,3.79092,3.83351,1.79211e+006
IJC,6/3/2016 00:00:00,3.83351,3.9187,3.79092,3.79092,1.68851e+006
IJC,6/6/2016 00:00:00,3.79092,3.87611,3.74832,3.79092,1.56055e+006
IJC,6/7/2016 00:00:00,3.79092,3.83351,3.74832,3.83351,717170
IJC,6/8/2016 00:00:00,3.83351,3.83351,3.79092,3.79092,631690
IJC,6/9/2016 00:00:00,3.79092,3.79092,3.74832,3.79092,790720
IJC,6/10/2016 00:00:00,3.74832,3.79092,3.70573,3.70573,695130
IJC,6/13/2016 00:00:00,3.70573,3.79092,3.70573,3.74832,905480
IJC,6/14/2016 00:00:00,3.74832,3.79092,3.70573,3.74832,370110
IJC,6/15/2016 00:00:00,3.74832,3.87611,3.70573,3.83351,1.11521e+006
IJC,6/16/2016 00:00:00,3.79092,3.83351,3.74832,3.74832,381330
IJC,6/17/2016 00:00:00,3.79092,3.79092,3.74832,3.74832,636480
IJC,6/20/2016 00:00:00,3.79092,3.79092,3.74832,3.74832,1.00767e+006
IJC,6/21/2016 00:00:00,3.79092,3.83351,3.74832,3.74832,797170
IJC,6/22/2016 00:00:00,3.79092,3.79092,3.74832,3.79092,427300
IJC,6/23/2016 00:00:00,3.74832,3.79092,3.74832,3.79092,722530
IJC,6/24/2016 00:00:00,3.79092,3.79092,3.53535,3.70573,1.87867e+006
IJC,6/27/2016 00:00:00,3.66313,3.70573,3.62054,3.70573,578360
IJC,6/28/2016 00:00:00,3.66313,3.79092,3.66313,3.70573,602580
IJC,6/29/2016 00:00:00,3.74832,3.83351,3.74832,3.79092,704480
IJC,6/30/2016 00:00:00,3.79092,3.83351,3.74832,3.74832,482860
IJC,7/1/2016 00:00:00,3.79092,3.79092,3.74832,3.79092,576520
IJC,7/4/2016 00:00:00,3.79092,3.79092,3.74832,3.74832,512890
IJC,7/5/2016 00:00:00,3.79092,3.83351,3.74832,3.79092,794000
IJC,7/6/2016 00:00:00,3.79092,3.83351,3.74832,3.79092,550880
IJC,7/7/2016 00:00:00,3.79092,3.9187,3.79092,3.87611,1.80947e+006
IJC,7/8/2016 00:00:00,3.9187,3.9187,3.79092,3.87611,787220
IJC,7/11/2016 00:00:00,3.87611,3.9613,3.83351,3.9187,1.68081e+006
IJC,7/12/2016 00:00:00,3.9187,3.9187,3.83351,3.87611,607800
IJC,7/13/2016 00:00:00,3.87611,3.9187,3.87611,3.87611,745450
IJC,7/14/2016 00:00:00,3.87611,3.9613,3.87611,3.87611,989860
IJC,7/15/2016 00:00:00,3.87611,3.9187,3.83351,3.83351,1.38706e+006
IJC,7/18/2016 00:00:00,3.83351,3.9187,3.83351,3.87611,610380
IJC,7/19/2016 00:00:00,3.87611,3.9187,3.83351,3.87611,816690
IJC,7/20/2016 00:00:00,3.87611,3.87611,3.83351,3.83351,197240
IJC,7/21/2016 00:00:00,3.83351,3.87611,3.79092,3.83351,519710
IJC,7/22/2016 00:00:00,3.79092,3.83351,3.74832,3.83351,1.17769e+006
IJC,7/25/2016 00:00:00,3.79092,3.83351,3.74832,3.74832,415980
IJC,7/26/2016 00:00:00,3.79092,3.79092,3.74832,3.74832,696730
IJC,7/27/2016 00:00:00,3.74832,3.79092,3.74832,3.74832,166840
IJC,7/28/2016 00:00:00,3.74832,3.79092,3.70573,3.74832,1.2908e+006
IJC,7/29/2016 00:00:00,3.74832,3.79092,3.70573,3.74832,1.149e+006
IJC,8/1/2016 00:00:00,3.70573,3.74832,3.70573,3.74832,73140
IJC,8/2/2016 00:00:00,3.66313,3.70573,3.66313,3.66313,488900
IJC,8/3/2016 00:00:00,3.62054,3.70573,3.62054,3.66313,203870
IJC,8/4/2016 00:00:00,3.66313,3.70573,3.62054,3.66313,258300
IJC,8/5/2016 00:00:00,3.62054,3.66313,3.57794,3.62054,305330
IJC,8/8/2016 00:00:00,3.66313,3.66313,3.57794,3.62054,254210
IJC,8/9/2016 00:00:00,3.62054,3.66313,3.62054,3.66313,30790
IJC,8/10/2016 00:00:00,3.62054,3.70573,3.62054,3.70573,195790
IJC,8/11/2016 00:00:00,3.66313,3.74832,3.66313,3.74832,106220
IJC,8/12/2016 00:00:00,3.70573,3.74832,3.66313,3.70573,237990
IJC,8/15/2016 00:00:00,3.70573,3.70573,3.62054,3.70573,69400
IJC,8/16/2016 00:00:00,3.70573,3.70573,3.62054,3.66313,133510
IJC,8/17/2016 00:00:00,3.66313,3.66313,3.62054,3.66313,315000
IJC,8/18/2016 00:00:00,3.66313,3.66313,3.57794,3.66313,445870
IJC,8/19/2016 00:00:00,3.62054,3.62054,3.57794,3.57794,156160
IJC,8/22/2016 00:00:00,3.57794,3.57794,3.49276,3.53535,166370
IJC,8/23/2016 00:00:00,3.49276,3.53535,3.49276,3.53535,129890
IJC,8/24/2016 00:00:00,3.53535,3.53535,3.45016,3.49276,145480
IJC,8/25/2016 00:00:00,3.49276,3.53535,3.45016,3.53535,124550
IJC,8/26/2016 00:00:00,3.53535,3.57794,3.49276,3.53535,199350
IJC,8/29/2016 00:00:00,3.49276,3.53535,3.49276,3.49276,137040
IJC,8/30/2016 00:00:00,3.49276,3.53535,3.49276,3.53535,101870
IJC,8/31/2016 00:00:00,3.49276,3.53535,3.49276,3.49276,112770
IJC,9/1/2016 00:00:00,3.49276,3.70573,3.49276,3.70573,950100
IJC,9/5/2016 00:00:00,3.70573,3.74832,3.62054,3.62054,367300
IJC,9/6/2016 00:00:00,3.62054,3.66313,3.62054,3.62054,240220
IJC,9/7/2016 00:00:00,3.70573,3.70573,3.62054,3.62054,552470
IJC,9/8/2016 00:00:00,3.66313,3.66313,3.62054,3.66313,254970
IJC,9/9/2016 00:00:00,3.62054,3.66313,3.62054,3.62054,29620
IJC,9/12/2016 00:00:00,3.59924,3.59924,3.53535,3.53961,170020
IJC,9/13/2016 00:00:00,3.54387,3.55665,3.50127,3.50127,1.05161e+006
IJC,9/14/2016 00:00:00,3.50127,3.50127,3.45016,3.47146,98540
IJC,9/15/2016 00:00:00,3.46294,3.4672,3.24145,3.2883,267860
IJC,9/16/2016 00:00:00,3.27978,3.34367,3.06681,3.27978,221370
IJC,9/19/2016 00:00:00,3.24145,3.30108,3.24145,3.27552,213410
IJC,9/20/2016 00:00:00,3.27978,3.45016,3.27978,3.33516,117670
IJC,9/21/2016 00:00:00,3.32664,3.40757,3.32238,3.36497,158040
IJC,9/22/2016 00:00:00,3.35645,3.40331,3.3309,3.39479,142840
IJC,9/23/2016 00:00:00,3.49793,3.50242,3.43963,3.49793,92520
IJC,9/26/2016 00:00:00,3.41721,3.47551,3.40824,3.45309,100490
IJC,9/27/2016 00:00:00,3.45309,3.45309,3.39479,3.40824,271280
IJC,9/28/2016 00:00:00,3.45309,3.45309,3.39927,3.42618,335950
IJC,9/29/2016 00:00:00,3.36788,3.43066,3.3634,3.3903,102790
IJC,9/30/2016 00:00:00,3.3903,3.57865,3.3903,3.45757,310350
IJC,10/3/2016 00:00:00,3.67731,3.68628,3.63247,3.63247,813250
IJC,10/4/2016 00:00:00,3.65489,3.67731,3.62798,3.65489,182690
IJC,10/5/2016 00:00:00,3.64592,3.7087,3.63247,3.66834,180180
IJC,10/6/2016 00:00:00,3.67731,3.71767,3.66386,3.67731,323240
IJC,10/7/2016 00:00:00,3.65938,3.72216,3.63247,3.6818,248710
IJC,10/10/2016 00:00:00,3.69525,3.69525,3.66386,3.66386,124230
IJC,10/11/2016 00:00:00,3.66386,3.67731,3.66386,3.67731,348360
IJC,10/12/2016 00:00:00,3.67283,3.6818,3.67283,3.67731,203430
IJC,10/13/2016 00:00:00,3.66834,3.68628,3.66834,3.68628,72770
IJC,10/14/2016 00:00:00,3.67731,3.81185,3.67283,3.72664,367930
IJC,10/17/2016 00:00:00,3.6818,3.767,3.6818,3.7401,87200
IJC,10/18/2016 00:00:00,3.74907,3.80736,3.72216,3.78943,235360
IJC,10/19/2016 00:00:00,3.85669,3.95535,3.81185,3.93293,1.27164e+006
IJC,10/20/2016 00:00:00,3.96432,3.96432,3.82082,3.87015,94180
IJC,10/21/2016 00:00:00,3.91948,3.91948,3.81633,3.83876,176940
IJC,10/24/2016 00:00:00,3.82082,3.85669,3.78943,3.79391,293500
IJC,10/25/2016 00:00:00,3.71767,3.81185,3.71767,3.74907,485930
IJC,10/26/2016 00:00:00,3.84773,3.85221,3.74907,3.83427,152350
IJC,10/27/2016 00:00:00,3.78494,3.96881,3.78494,3.94639,1.23562e+006
IJC,10/28/2016 00:00:00,4.03159,4.03159,3.95535,3.99123,895610
IJC,10/31/2016 00:00:00,4.01814,4.01814,3.93742,3.9419,316460
IJC,11/1/2016 00:00:00,3.94639,3.94639,3.89706,3.91499,228330
IJC,11/2/2016 00:00:00,3.90602,3.92396,3.90154,3.91499,321600
IJC,11/3/2016 00:00:00,3.90602,4.01365,3.86118,3.92845,373980
IJC,11/4/2016 00:00:00,3.96881,4.01814,3.93293,3.98675,483960
IJC,11/7/2016 00:00:00,3.98675,3.99123,3.93293,3.98675,463890
IJC,11/8/2016 00:00:00,3.98675,3.98675,3.92396,3.92845,891540
IJC,11/9/2016 00:00:00,3.92845,3.9419,3.8836,3.90154,241750
IJC,11/10/2016 00:00:00,3.88809,3.98675,3.88809,3.94639,549940
IJC,11/11/2016 00:00:00,3.67731,3.85669,3.67283,3.85669,742900
IJC,11/14/2016 00:00:00,3.71319,3.81185,3.71319,3.73113,215410
IJC,11/15/2016 00:00:00,3.72216,3.74458,3.6818,3.72216,479890
IJC,11/16/2016 00:00:00,3.72216,3.73113,3.63247,3.63247,253340
IJC,11/17/2016 00:00:00,3.63247,3.75803,3.63247,3.67731,425730
IJC,11/18/2016 00:00:00,3.67731,3.767,3.67731,3.767,377750
IJC,11/21/2016 00:00:00,3.76252,3.767,3.67731,3.69077,165910
IJC,11/22/2016 00:00:00,3.74458,3.74458,3.67731,3.67731,173860
IJC,11/23/2016 00:00:00,3.69974,3.69974,3.58762,3.67283,77130
IJC,11/24/2016 00:00:00,3.65489,3.67283,3.65041,3.67283,106000
IJC,11/25/2016 00:00:00,3.65489,3.65489,3.45757,3.45757,473620
IJC,11/28/2016 00:00:00,3.53829,3.58762,3.45757,3.58762,229210
IJC,11/29/2016 00:00:00,3.47999,3.6235,3.46206,3.46206,272000
IJC,11/30/2016 00:00:00,3.45309,3.49793,3.43066,3.49793,229770
IJC,12/1/2016 00:00:00,3.45309,3.54278,3.37237,3.37237,235160
IJC,12/2/2016 00:00:00,3.49345,3.49345,3.40824,3.46206,630480
IJC,12/5/2016 00:00:00,3.47551,3.47551,3.39479,3.47551,295940
IJC,12/6/2016 00:00:00,3.47551,3.47551,3.39479,3.46206,742690
IJC,12/7/2016 00:00:00,3.46206,3.47999,3.40824,3.47999,180060
IJC,12/8/2016 00:00:00,3.47999,3.66834,3.45309,3.61005,431750
IJC,12/9/2016 00:00:00,3.61005,3.71767,3.51139,3.59211,517610
IJC,12/12/2016 00:00:00,3.54726,3.62798,3.49793,3.58314,316530
IJC,12/13/2016 00:00:00,3.58314,3.58314,3.50242,3.54278,193630
IJC,12/14/2016 00:00:00,3.49793,3.58762,3.49793,3.5069,257730
IJC,12/15/2016 00:00:00,3.45757,3.5652,3.45757,3.54278,247010
IJC,12/16/2016 00:00:00,3.53829,3.5652,3.40824,3.53829,326960
IJC,12/19/2016 00:00:00,3.53829,3.53829,3.41721,3.43515,318750
IJC,12/20/2016 00:00:00,3.45309,3.47551,3.40824,3.47551,528070
IJC,12/21/2016 00:00:00,3.48448,3.54278,3.47999,3.49345,76900
IJC,12/22/2016 00:00:00,3.49793,3.58762,3.47102,3.52035,472530
IJC,12/23/2016 00:00:00,3.49793,3.61005,3.49793,3.56968,248960
IJC,12/26/2016 00:00:00,3.58762,3.67283,3.41721,3.41721,141610
IJC,12/27/2016 00:00:00,3.49793,3.54278,3.49793,3.52035,52560
IJC,12/28/2016 00:00:00,3.49793,3.56968,3.49793,3.54278,120020
IJC,12/29/2016 00:00:00,3.54278,3.5652,3.40824,3.40824,189530
IJC,12/30/2016 00:00:00,3.54726,3.6235,3.49793,3.49793,501280
IJC,1/3/2017 00:00:00,3.72216,3.73113,3.61453,3.6818,376080
IJC,1/4/2017 00:00:00,3.67731,3.69974,3.65489,3.69974,206210
IJC,1/5/2017 00:00:00,3.69974,3.80288,3.67731,3.78943,454170
IJC,1/6/2017 00:00:00,3.85669,3.9419,3.83876,3.90154,1.05021e+006
IJC,1/9/2017 00:00:00,3.99123,3.99123,3.85669,3.89257,398880
IJC,1/10/2017 00:00:00,3.90154,3.90154,3.82979,3.83427,231200
IJC,1/11/2017 00:00:00,3.83427,3.86566,3.82979,3.84324,289530
IJC,1/12/2017 00:00:00,3.85669,3.90154,3.84324,3.89257,323690
IJC,1/13/2017 00:00:00,3.89257,3.90154,3.85669,3.89257,243270
IJC,1/16/2017 00:00:00,3.89706,3.92396,3.767,3.767,469340
IJC,4/20/2017 00:00:00,3.767,3.85669,3.58762,3.63247,655150
IJC,4/21/2017 00:00:00,3.56968,3.67283,3.56968,3.65938,349290
IJC,4/24/2017 00:00:00,3.67731,3.83427,3.67731,3.767,368570
IJC,4/25/2017 00:00:00,3.767,3.90154,3.767,3.81185,646940
IJC,4/26/2017 00:00:00,3.78943,3.90154,3.78943,3.85669,266360
IJC,4/27/2017 00:00:00,3.86118,3.87463,3.77149,3.82082,498120
IJC,4/28/2017 00:00:00,3.83876,3.83876,3.74458,3.74907,145690
IJC,5/3/2017 00:00:00,3.74907,3.82082,3.74907,3.82082,157350
IJC,5/4/2017 00:00:00,3.81185,3.90154,3.80736,3.89257,435320
IJC,5/5/2017 00:00:00,3.94639,4.16164,3.89257,4.08541,1.09813e+006
IJC,5/8/2017 00:00:00,4.11231,4.36793,4.10334,4.36793,1.81671e+006
IJC,5/9/2017 00:00:00,4.36793,4.61906,4.36793,4.48453,752210
IJC,5/10/2017 00:00:00,4.43968,4.59664,4.42174,4.42174,1.12182e+006
IJC,5/11/2017 00:00:00,4.42174,4.42174,4.28721,4.34551,1.1801e+006
IJC,5/12/2017 00:00:00,4.34999,4.61906,4.34999,4.57422,1.0273e+006
IJC,5/15/2017 00:00:00,4.66391,4.7536,4.52937,4.73118,698950
IJC,5/16/2017 00:00:00,4.77602,4.79845,4.57422,4.68633,1.36936e+006
IJC,5/17/2017 00:00:00,4.68633,4.68633,4.46211,4.48004,913140
IJC,5/18/2017 00:00:00,4.46659,4.48004,4.32757,4.32757,1.04264e+006
IJC,5/19/2017 00:00:00,4.30515,4.4352,4.30515,4.34999,503190
IJC,5/22/2017 00:00:00,4.34999,4.4352,4.33205,4.39484,427280
IJC,5/23/2017 00:00:00,4.39484,4.39484,4.28272,4.28272,310670
IJC,5/24/2017 00:00:00,4.28272,4.30066,4.13474,4.13474,422140
IJC,5/25/2017 00:00:00,4.29618,4.39484,4.1437,4.39484,173040
IJC,5/26/2017 00:00:00,4.48453,4.57422,4.39484,4.41726,725220
IJC,5/29/2017 00:00:00,4.41726,4.48004,4.30515,4.34999,278390
IJC,5/30/2017 00:00:00,4.34999,4.34999,4.21097,4.2603,745670
IJC,5/31/2017 00:00:00,4.39484,4.39484,4.03608,4.14819,393590
IJC,6/1/2017 00:00:00,4.14819,4.2603,4.12577,4.22891,160530
IJC,6/2/2017 00:00:00,4.12577,4.34999,4.12577,4.33654,167500
IJC,6/5/2017 00:00:00,4.26479,4.34999,4.19303,4.23339,130640
IJC,6/6/2017 00:00:00,4.19303,4.23339,4.13025,4.21546,258610
IJC,6/7/2017 00:00:00,4.17061,4.28272,4.17061,4.22443,282840
IJC,6/8/2017 00:00:00,4.21546,4.2603,4.19303,4.2603,149700
IJC,6/9/2017 00:00:00,4.27824,4.30515,4.19752,4.30515,174010
IJC,6/12/2017 00:00:00,4.30515,4.30515,4.21546,4.29618,197500
IJC,6/13/2017 00:00:00,4.30515,4.34999,4.2603,4.34102,164510
IJC,6/14/2017 00:00:00,4.34551,4.48453,4.34102,4.39484,317500
IJC,6/15/2017 00:00:00,4.39484,4.48453,4.39484,4.41278,537610
IJC,6/16/2017 00:00:00,4.43968,4.43968,4.34999,4.36345,102960
IJC,6/19/2017 00:00:00,4.36345,4.43071,4.33205,4.37242,57710
IJC,6/20/2017 00:00:00,4.39484,4.39484,4.27376,4.32757,111020
IJC,6/21/2017 00:00:00,4.34999,4.34999,4.23339,4.2603,169790
IJC,6/22/2017 00:00:00,4.23788,4.2603,4.19303,4.21546,329220
IJC,6/23/2017 00:00:00,4.19752,4.25582,4.17061,4.24236,294650
IJC,6/26/2017 00:00:00,4.24236,4.24236,4.16164,4.17061,245200
IJC,6/27/2017 00:00:00,4.20649,4.25133,4.14819,4.25133,383990
IJC,6/28/2017 00:00:00,4.21546,4.21546,4.17061,4.17061,147480
IJC,6/29/2017 00:00:00,4.17061,4.2603,4.12577,4.21546,535160
IJC,6/30/2017 00:00:00,4.2603,4.30515,4.20649,4.25133,379140
IJC,7/3/2017 00:00:00,4.25133,4.32309,4.22443,4.31412,427610
IJC,7/4/2017 00:00:00,4.34999,4.39035,4.30066,4.38138,459760
IJC,7/5/2017 00:00:00,4.39484,4.41726,4.36345,4.39484,384770
IJC,7/6/2017 00:00:00,4.39484,4.40381,4.31412,4.32309,73980
IJC,7/7/2017 00:00:00,4.25133,4.39035,4.25133,4.34999,434390
IJC,7/10/2017 00:00:00,4.36345,4.39484,4.27376,4.32757,115250
IJC,7/11/2017 00:00:00,4.32757,4.39484,4.2603,4.32757,150610
IJC,7/12/2017 00:00:00,4.30515,4.34551,4.26927,4.30515,173320
IJC,7/13/2017 00:00:00,4.32757,4.36345,4.2603,4.30066,499410
IJC,7/14/2017 00:00:00,4.2603,4.3186,4.24685,4.27376,336660
IJC,7/17/2017 00:00:00,4.21994,4.27376,4.19303,4.202,202750
IJC,7/18/2017 00:00:00,4.25582,4.25582,4.19752,4.23339,142150
IJC,7/19/2017 00:00:00,4.23339,4.23788,4.19752,4.21097,211480
IJC,7/20/2017 00:00:00,4.21546,4.2603,4.19303,4.21994,240540
IJC,7/21/2017 00:00:00,4.21994,4.21994,4.19303,4.21546,107820
IJC,7/24/2017 00:00:00,4.17061,4.20649,4.03608,4.19303,312320
IJC,7/25/2017 00:00:00,4.06747,4.202,4.06747,4.202,142560
IJC,7/26/2017 00:00:00,4.21097,4.48004,4.18406,4.48004,1.15123e+006
IJC,7/27/2017 00:00:00,4.61906,4.77602,4.57422,4.77602,4.02325e+006
IJC,7/28/2017 00:00:00,4.88814,4.93298,4.61906,4.61906,1.11256e+006
IJC,7/31/2017 00:00:00,4.66391,4.93298,4.64149,4.93298,1.95081e+006
IJC,8/1/2017 00:00:00,5.2469,5.2469,5.02267,5.06752,2.99933e+006
IJC,8/2/2017 00:00:00,5.02267,5.33659,4.93298,5.15721,2.41501e+006
IJC,8/3/2017 00:00:00,5.20205,5.51597,5.11236,5.51597,1.82301e+006
IJC,8/4/2017 00:00:00,5.69535,5.89715,5.62808,5.89715,1.90394e+006
IJC,8/7/2017 00:00:00,6.03169,6.23349,5.7402,5.7402,2.34571e+006
IJC,8/8/2017 00:00:00,5.80746,6.03169,5.7402,5.82989,1.66412e+006
IJC,8/9/2017 00:00:00,5.82989,6.23349,5.65051,6.21107,2.522e+006
IJC,8/10/2017 00:00:00,6.05411,6.21107,5.89715,5.96442,1.17938e+006
IJC,8/11/2017 00:00:00,5.89715,6.05411,5.76262,5.78504,1.38061e+006
IJC,8/14/2017 00:00:00,5.82989,6.18865,5.7402,6.18865,1.83889e+006
IJC,8/15/2017 00:00:00,6.27834,6.50257,6.1438,6.18865,1.46112e+006
IJC,8/16/2017 00:00:00,6.05411,6.41288,5.98685,6.18865,1.34892e+006
IJC,8/17/2017 00:00:00,6.18865,6.21107,5.82989,5.82989,1.62323e+006
IJC,8/18/2017 00:00:00,5.82989,5.97324,5.71042,5.82989,756060
IJC,8/21/2017 00:00:00,5.75821,5.90157,5.42371,5.42371,1.98312e+006
IJC,8/22/2017 00:00:00,5.20867,5.42371,5.06531,5.16088,1.85191e+006
IJC,8/23/2017 00:00:00,5.25646,5.42371,5.16088,5.42371,534970
IJC,8/24/2017 00:00:00,5.37592,5.4476,5.25646,5.35203,610810
IJC,8/25/2017 00:00:00,5.35203,5.37592,5.20867,5.37592,824490
IJC,8/28/2017 00:00:00,5.30424,5.42371,5.18478,5.30424,705520
IJC,8/29/2017 00:00:00,5.25646,5.66264,5.25646,5.66264,1.41141e+006
IJC,8/30/2017 00:00:00,5.66264,5.73431,5.54317,5.56706,410400
IJC,8/31/2017 00:00:00,5.51928,5.66264,5.51928,5.51928,628630
IJC,9/1/2017 00:00:00,5.49539,5.66264,5.49539,5.59096,626320
IJC,9/5/2017 00:00:00,5.68653,5.90157,5.63874,5.7821,702570
IJC,9/6/2017 00:00:00,5.82989,5.85378,5.73431,5.7821,393750
IJC,9/7/2017 00:00:00,5.73431,5.7821,5.63874,5.66264,735130
IJC,9/8/2017 00:00:00,5.63874,5.66264,5.42371,5.42371,980620
IJC,9/11/2017 00:00:00,5.4476,5.54317,5.25646,5.32813,639950
IJC,9/12/2017 00:00:00,5.32813,5.49539,5.32813,5.49539,297080
IJC,9/13/2017 00:00:00,5.54317,5.56706,5.35203,5.42371,236160
IJC,9/14/2017 00:00:00,5.39981,5.47149,5.37592,5.4476,341390
IJC,9/15/2017 00:00:00,5.37592,5.49539,5.37592,5.47149,333170
IJC,9/18/2017 00:00:00,5.47149,5.7821,5.42371,5.73431,744460
IJC,9/19/2017 00:00:00,5.73431,5.82989,5.61485,5.61485,345360
IJC,9/20/2017 00:00:00,5.61485,5.68653,5.54317,5.56706,433530
IJC,9/21/2017 00:00:00,5.59096,5.66264,5.49539,5.49539,310140
IJC,9/22/2017 00:00:00,5.49539,5.59096,5.49539,5.51928,296530
IJC,9/25/2017 00:00:00,5.51928,5.54317,5.4476,5.4476,245150
IJC,9/26/2017 00:00:00,5.49539,5.51928,5.4476,5.4476,256120
IJC,9/27/2017 00:00:00,5.49539,5.66264,5.42371,5.56706,359810
IJC,9/28/2017 00:00:00,5.59096,5.92546,5.59096,5.80599,1.50409e+006
IJC,9/29/2017 00:00:00,5.87767,5.87767,5.68653,5.73431,538920
IJC,10/2/2017 00:00:00,5.68653,5.73431,5.59096,5.61485,222920
IJC,10/3/2017 00:00:00,5.54317,5.68653,5.49539,5.63874,665350
IJC,10/4/2017 00:00:00,5.61485,5.85378,5.61485,5.71042,657600
IJC,10/5/2017 00:00:00,5.73431,5.92546,5.73431,5.80599,845200
IJC,10/6/2017 00:00:00,5.80599,5.87767,5.7821,5.7821,448410
IJC,10/9/2017 00:00:00,5.85378,5.85378,5.73431,5.73431,528270
IJC,10/10/2017 00:00:00,5.73431,5.82989,5.68653,5.82989,527680
IJC,10/11/2017 00:00:00,5.87767,5.90157,5.75821,5.82989,516560
IJC,10/12/2017 00:00:00,5.7821,5.82989,5.68653,5.68653,308450
IJC,10/13/2017 00:00:00,5.68653,5.7821,5.68653,5.71042,436700
IJC,10/16/2017 00:00:00,5.71042,5.80599,5.66264,5.68653,250950
IJC,10/17/2017 00:00:00,5.68653,5.75821,5.66264,5.68653,343440
IJC,10/18/2017 00:00:00,5.68653,5.71042,5.47149,5.47149,778570
IJC,10/19/2017 00:00:00,5.47149,5.54317,5.39981,5.39981,798860
IJC,10/20/2017 00:00:00,5.39981,5.47149,5.30424,5.35203,346260
IJC,10/23/2017 00:00:00,5.35203,5.37592,5.0892,5.13699,750790
IJC,10/24/2017 00:00:00,5.13699,5.49539,5.13699,5.49539,734300
IJC,10/25/2017 00:00:00,5.59096,5.71042,5.1131,5.1131,2.13387e+006
IJC,10/26/2017 00:00:00,5.1131,5.1131,4.7786,4.85028,766940
IJC,10/27/2017 00:00:00,5.01753,5.01753,4.85028,4.92195,515730
IJC,10/30/2017 00:00:00,4.92195,4.92195,4.70214,4.70214,686180
IJC,10/31/2017 00:00:00,4.82638,4.82638,4.65913,4.73081,456490
IJC,11/1/2017 00:00:00,4.73081,4.82638,4.46799,4.58745,379940
IJC,11/2/2017 00:00:00,4.58745,4.58745,4.3533,4.39153,513120
IJC,11/3/2017 00:00:00,4.3533,4.58267,4.25295,4.53967,583630
IJC,11/6/2017 00:00:00,4.53967,4.60179,4.49188,4.56356,186270
IJC,11/7/2017 00:00:00,4.53967,4.554,4.46799,4.49188,350810
IJC,11/8/2017 00:00:00,4.46321,4.51577,4.44409,4.51577,299280
IJC,11/9/2017 00:00:00,4.51577,4.55878,4.49188,4.52055,124190
IJC,11/10/2017 00:00:00,4.46799,4.73081,4.45365,4.62568,380430
IJC,11/13/2017 00:00:00,4.62568,4.63524,4.46321,4.49188,237830
IJC,11/14/2017 00:00:00,4.49188,4.51577,4.41542,4.41542,543310
IJC,11/15/2017 00:00:00,4.49188,4.49666,4.40587,4.47277,280550
IJC,11/16/2017 00:00:00,4.51577,4.53489,4.44887,4.51099,201620
IJC,11/17/2017 00:00:00,4.51099,4.56834,4.45365,4.51099,193930
IJC,11/20/2017 00:00:00,4.51099,4.51099,4.44409,4.44409,306780
IJC,11/21/2017 00:00:00,4.44887,4.48232,4.42976,4.42976,202630
IJC,11/22/2017 00:00:00,4.4871,4.4871,4.4202,4.45365,126230
IJC,11/23/2017 00:00:00,4.46799,4.4871,4.44409,4.4871,321160
IJC,11/24/2017 00:00:00,4.4871,4.7547,4.44409,4.73081,858070
IJC,11/27/2017 00:00:00,4.82638,5.04142,4.7786,4.99363,829690
IJC,11/28/2017 00:00:00,5.01753,5.0892,4.76426,4.7786,1.27569e+006
IJC,11/29/2017 00:00:00,4.7786,4.7786,4.66391,4.70214,646540
IJC,11/30/2017 00:00:00,4.68302,4.76904,4.58745,4.68302,309980
IJC,12/1/2017 00:00:00,4.65435,4.72125,4.63524,4.67825,437370
IJC,12/4/2017 00:00:00,4.71647,4.72603,4.65913,4.69258,510700
IJC,12/5/2017 00:00:00,4.72603,4.85028,4.69258,4.70692,461590
IJC,12/6/2017 00:00:00,4.70214,4.73081,4.64957,4.66391,167370
IJC,12/7/2017 00:00:00,4.65913,4.73081,4.65913,4.69736,107920
IJC,12/8/2017 00:00:00,4.69736,4.73081,4.65435,4.65435,300920
IJC,12/11/2017 00:00:00,4.61134,4.61134,4.44409,4.44409,527420
IJC,12/12/2017 00:00:00,4.41542,4.46799,4.30074,4.40109,643620
IJC,12/13/2017 00:00:00,4.37719,4.47754,4.37719,4.44409,189160
IJC,12/14/2017 00:00:00,4.39631,4.48232,4.39631,4.46799,252120
IJC,12/15/2017 00:00:00,4.45365,4.51577,4.44887,4.51577,209110
IJC,12/18/2017 00:00:00,4.52533,4.56356,4.51577,4.53967,217850
IJC,12/19/2017 00:00:00,4.53967,4.58267,4.47277,4.49188,252850
IJC,12/20/2017 00:00:00,4.51099,4.61134,4.49188,4.58745,357760
IJC,12/21/2017 00:00:00,4.56834,4.62568,4.554,4.554,151730
IJC,12/22/2017 00:00:00,4.53967,4.66869,4.50144,4.65913,427570
IJC,12/25/2017 00:00:00,4.67825,4.68302,4.59223,4.61134,175860
IJC,12/26/2017 00:00:00,4.61134,4.65913,4.58267,4.65435,388780
IJC,12/27/2017 00:00:00,4.65435,4.82638,4.64957,4.73081,439800
IJC,12/28/2017 00:00:00,4.73081,4.7786,4.65913,4.65913,137340
IJC,12/29/2017 00:00:00,4.73081,4.73081,4.65913,4.7117,296640
IJC,1/2/2018 00:00:00,4.80249,4.82638,4.68302,4.7547,300980
IJC,1/3/2018 00:00:00,4.73559,4.7786,4.63524,4.64002,500650
IJC,1/4/2018 00:00:00,4.63524,4.73081,4.61134,4.68302,373390
IJC,1/5/2018 00:00:00,4.64957,4.68302,4.61134,4.63046,391330
IJC,1/8/2018 00:00:00,4.59223,4.63524,4.58745,4.59223,170960
IJC,1/9/2018 00:00:00,4.59223,4.7547,4.59223,4.70692,707790
IJC,1/10/2018 00:00:00,4.7786,5.01753,4.71647,4.99363,1.53715e+006
IJC,1/11/2018 00:00:00,4.99363,5.20867,4.94585,5.16088,1.15615e+006
IJC,1/12/2018 00:00:00,5.1131,5.13699,4.92195,4.92195,767410
IJC,1/15/2018 00:00:00,4.92195,5.1131,4.87417,5.06531,775590
IJC,1/16/2018 00:00:00,5.04142,5.04142,4.92195,4.92195,819900
IJC,1/17/2018 00:00:00,4.96974,4.96974,4.68302,4.68302,995410
IJC,1/18/2018 00:00:00,4.64002,4.7786,4.61134,4.7786,644650
IJC,1/19/2018 00:00:00,4.73559,4.89806,4.68302,4.68302,377720
IJC,1/22/2018 00:00:00,4.68302,4.7786,4.68302,4.73081,433220
IJC,1/25/2018 00:00:00,4.82638,4.85028,4.73081,4.73081,764250
IJC,1/26/2018 00:00:00,4.7547,4.7547,4.69258,4.70692,265970
IJC,1/29/2018 00:00:00,4.7786,4.82638,4.70692,4.74515,364070
IJC,1/30/2018 00:00:00,4.7547,4.96974,4.7117,4.94585,857360
IJC,1/31/2018 00:00:00,4.96974,4.96974,4.73081,4.73081,560370
IJC,2/1/2018 00:00:00,4.7786,4.7786,4.58745,4.58745,1.01172e+006
IJC,2/2/2018 00:00:00,4.56356,4.68302,4.53967,4.58745,850700
IJC,2/5/2018 00:00:00,4.49188,4.57789,4.34852,4.36286,764680
IJC,2/6/2018 00:00:00,4.10959,4.20516,4.06181,4.17649,1.48115e+006
IJC,2/7/2018 00:00:00,4.30074,4.31029,4.16694,4.20516,761610
IJC,2/8/2018 00:00:00,4.20516,4.25295,4.10004,4.10959,338840
IJC,2/9/2018 00:00:00,3.87066,4.10959,3.87066,4.03791,511580
IJC,2/12/2018 00:00:00,4.15738,4.20516,4.10959,4.20516,175940
IJC,2/13/2018 00:00:00,4.16216,4.25295,4.15738,4.20994,323030
IJC,2/21/2018 00:00:00,4.20994,4.30074,4.20994,4.25295,123120
IJC,2/22/2018 00:00:00,4.25295,4.33419,4.25295,4.31029,354750
IJC,2/23/2018 00:00:00,4.30074,4.36764,4.30074,4.34852,259640
IJC,2/26/2018 00:00:00,4.39631,4.39631,4.30074,4.30074,216960
IJC,2/27/2018 00:00:00,4.34852,4.34852,4.25773,4.32463,117560
IJC,2/28/2018 00:00:00,4.30074,4.32463,4.20516,4.27206,501590
IJC,3/1/2018 00:00:00,4.25295,4.31985,4.20516,4.29118,319300
IJC,3/2/2018 00:00:00,4.25295,4.39153,4.21472,4.39153,304680
IJC,3/5/2018 00:00:00,4.39153,4.39153,4.27684,4.27684,244230
IJC,3/6/2018 00:00:00,4.30074,4.43932,4.27206,4.38675,516970
IJC,3/7/2018 00:00:00,4.38675,4.46321,4.37242,4.4202,269870
IJC,3/8/2018 00:00:00,4.44409,4.44409,4.37719,4.40587,96300
IJC,3/9/2018 00:00:00,4.39631,4.40587,4.34852,4.36764,149460
IJC,3/12/2018 00:00:00,4.35808,4.41542,4.35808,4.36764,178490
IJC,3/13/2018 00:00:00,4.39631,4.39631,4.34852,4.39631,180480
IJC,3/14/2018 00:00:00,4.39631,4.4202,4.34852,4.38197,157170
IJC,3/15/2018 00:00:00,4.39631,4.48232,4.38675,4.45843,224010
IJC,3/16/2018 00:00:00,4.46799,4.47277,4.4202,4.44887,253800
IJC,3/19/2018 00:00:00,4.4202,4.47754,4.4202,4.43932,205270
IJC,3/20/2018 00:00:00,4.46799,4.6209,4.4202,4.61134,410970
IJC,3/21/2018 00:00:00,4.63046,4.66869,4.55878,4.56356,288060
IJC,3/22/2018 00:00:00,4.54922,4.60657,4.49666,4.51099,255420
IJC,3/23/2018 00:00:00,4.40587,4.53011,4.37242,4.46799,291750
IJC,3/26/2018 00:00:00,4.46799,4.62568,4.44409,4.59701,455200
IJC,3/27/2018 00:00:00,4.63524,4.87417,4.63524,4.7786,1.18914e+006
IJC,3/28/2018 00:00:00,4.82638,4.94585,4.77382,4.82638,704440
IJC,3/29/2018 00:00:00,4.85028,5.01753,4.73081,4.96974,942360
IJC,3/30/2018 00:00:00,4.96974,5.16088,4.89806,5.01753,1.4819e+006
IJC,4/2/2018 00:00:00,5.13699,5.13699,4.96974,5.01753,325110
IJC,4/3/2018 00:00:00,4.99363,5.06531,4.7786,4.96974,907210
IJC,4/4/2018 00:00:00,5.04142,5.30424,4.96974,5.18478,1.61945e+006
IJC,4/5/2018 00:00:00,5.16088,5.25646,5.06531,5.20867,619750
IJC,4/6/2018 00:00:00,5.20867,5.30424,5.13699,5.20867,704930
IJC,4/9/2018 00:00:00,5.20867,5.20867,4.92195,4.96974,928380
IJC,4/10/2018 00:00:00,4.99363,5.01753,4.7547,4.7786,1.29344e+006
IJC,4/11/2018 00:00:00,4.82638,4.82638,4.56356,4.57312,1.06985e+006
IJC,4/12/2018 00:00:00,4.54922,4.66391,4.51577,4.60179,831920
IJC,4/13/2018 00:00:00,4.69258,4.69258,4.60179,4.61134,616110
IJC,4/16/2018 00:00:00,4.63524,4.73081,4.60179,4.70692,388220
IJC,4/17/2018 00:00:00,4.73081,4.80249,4.68302,4.7117,275780
IJC,4/18/2018 00:00:00,4.7117,4.80249,4.70692,4.7117,313060
IJC,4/19/2018 00:00:00,4.6878,4.72603,4.6209,4.63524,260020
IJC,4/20/2018 00:00:00,4.63524,4.73081,4.63046,4.71647,110790
IJC,4/23/2018 00:00:00,4.72125,4.72125,4.58745,4.58745,237590
IJC,4/24/2018 00:00:00,4.58745,4.63524,4.53967,4.58745,209120
IJC,4/26/2018 00:00:00,4.56834,4.60657,4.44409,4.44887,416510
IJC,4/27/2018 00:00:00,4.44409,4.54444,4.39631,4.54444,389080
IJC,5/2/2018 00:00:00,4.67825,4.85028,4.67347,4.7117,615950
IJC,5/3/2018 00:00:00,4.7117,4.7547,4.65913,4.74037,224220
IJC,5/4/2018 00:00:00,4.76904,4.76904,4.65913,4.70692,209260
IJC,5/7/2018 00:00:00,4.66869,4.6878,4.58745,4.6878,205160
IJC,5/8/2018 00:00:00,4.67825,4.70692,4.65913,4.70692,173180
IJC,5/9/2018 00:00:00,4.73081,4.73081,4.67347,4.67347,177910
IJC,5/10/2018 00:00:00,4.69736,4.69736,4.53967,4.55878,299160
IJC,5/11/2018 00:00:00,4.63046,4.63046,4.52533,4.60179,240200
IJC,5/14/2018 00:00:00,4.63524,4.76904,4.61612,4.73081,205980
IJC,5/15/2018 00:00:00,4.73081,4.73559,4.64002,4.72603,181800
IJC,5/16/2018 00:00:00,4.72125,4.72125,4.64002,4.6448,50340
IJC,5/17/2018 00:00:00,4.67825,4.67825,4.62568,4.63524,83810
IJC,5/18/2018 00:00:00,4.6209,4.67347,4.554,4.65913,286120
IJC,5/21/2018 00:00:00,4.67825,4.96974,4.67825,4.87417,1.46444e+006
IJC,5/22/2018 00:00:00,4.82638,4.96974,4.73081,4.76904,793590
IJC,5/23/2018 00:00:00,4.70692,4.74515,4.68302,4.74037,179340
IJC,5/24/2018 00:00:00,4.74992,4.74992,4.6209,4.62568,385130
IJC,5/25/2018 00:00:00,4.62568,4.62568,4.50622,4.50622,743310
IJC,5/28/2018 00:00:00,4.44887,4.49188,4.26251,4.30074,653950
IJC,5/29/2018 00:00:00,4.30074,4.56356,4.30074,4.53489,190540
IJC,5/30/2018 00:00:00,4.51577,4.53489,4.44409,4.45365,147200
IJC,5/31/2018 00:00:00,4.50144,4.53967,4.49188,4.52055,265240
IJC,6/1/2018 00:00:00,4.50144,4.54922,4.46799,4.50144,210410
IJC,6/4/2018 00:00:00,4.52533,4.65435,4.47754,4.65435,483880
IJC,6/5/2018 00:00:00,4.68302,4.68302,4.56356,4.56356,72530
IJC,6/6/2018 00:00:00,4.56356,4.7547,4.54444,4.68302,316400
IJC,6/7/2018 00:00:00,4.68302,4.7547,4.63524,4.67347,218280
IJC,6/8/2018 00:00:00,4.68302,4.68302,4.58745,4.63524,99320
IJC,6/11/2018 00:00:00,4.58745,4.60657,4.53967,4.60657,200830
IJC,6/12/2018 00:00:00,4.56356,4.58745,4.46799,4.53011,233520
IJC,6/13/2018 00:00:00,4.53967,4.53967,4.49188,4.52055,110790
IJC,6/14/2018 00:00:00,4.58745,4.58745,4.52055,4.52055,71060
IJC,6/15/2018 00:00:00,4.58267,4.58267,4.51577,4.56356,45430
IJC,6/18/2018 00:00:00,4.56356,4.58267,4.44409,4.53967,146630
IJC,6/19/2018 00:00:00,4.44887,4.51099,4.27684,4.36286,596040
IJC,6/20/2018 00:00:00,4.36286,4.46799,4.3533,4.39631,450490
IJC,6/21/2018 00:00:00,4.40587,4.44887,4.35808,4.44887,180890
IJC,6/22/2018 00:00:00,4.44887,4.51577,4.44409,4.51577,230630
IJC,6/25/2018 00:00:00,4.49188,4.51577,4.45843,4.4871,131080
IJC,6/26/2018 00:00:00,4.39631,4.53489,4.38675,4.45365,207410
IJC,6/27/2018 00:00:00,4.4202,4.53011,4.4202,4.49188,198580
IJC,6/28/2018 00:00:00,4.43454,4.49188,4.39631,4.4871,114100
IJC,6/29/2018 00:00:00,4.49188,4.49188,4.37242,4.38675,70350
IJC,7/2/2018 00:00:00,4.38675,4.39631,4.33419,4.37242,204440
IJC,7/3/2018 00:00:00,4.43454,4.43454,4.24339,4.24339,570150
IJC,7/4/2018 00:00:00,4.24339,4.31507,4.22906,4.31507,280110
IJC,7/5/2018 00:00:00,4.34852,4.39631,4.30074,4.30074,454840
IJC,7/6/2018 00:00:00,4.27684,4.42976,4.27684,4.42976,239060
IJC,7/9/2018 00:00:00,4.44409,4.44409,4.34374,4.34852,191610
IJC,7/10/2018 00:00:00,4.44409,4.48232,4.39631,4.39631,279720
IJC,7/11/2018 00:00:00,4.20516,4.39631,4.20516,4.3533,202020
IJC,7/12/2018 00:00:00,4.34852,4.37719,4.31507,4.3533,31980
IJC,7/13/2018 00:00:00,4.36764,4.40587,4.36764,4.40587,73490
IJC,7/16/2018 00:00:00,4.4202,4.45843,4.41064,4.41064,149340
IJC,7/17/2018 00:00:00,4.43932,4.46799,4.41064,4.46799,178210
IJC,7/18/2018 00:00:00,4.47754,4.70692,4.4202,4.59701,1.12921e+006
IJC,7/19/2018 00:00:00,4.54368,4.66634,4.54368,4.63967,210180
IJC,7/20/2018 00:00:00,4.63967,4.63967,4.58634,4.62901,91760
IJC,7/23/2018 00:00:00,4.62367,4.773,4.55968,4.60234,401900
IJC,7/24/2018 00:00:00,4.58634,4.58634,4.53301,4.58101,346100
IJC,7/25/2018 00:00:00,4.58101,4.63967,4.50635,4.51168,240830
IJC,7/26/2018 00:00:00,4.57034,4.58634,4.51701,4.55968,130210
IJC,7/27/2018 00:00:00,4.54901,4.63434,4.53301,4.63434,130160
IJC,7/30/2018 00:00:00,4.63434,4.74633,4.61301,4.68234,738230
IJC,7/31/2018 00:00:00,4.65034,4.71967,4.54368,4.62367,495490
IJC,8/1/2018 00:00:00,4.61834,4.63434,4.52235,4.57568,154720
IJC,8/2/2018 00:00:00,4.53301,4.53301,4.41036,4.47968,448340
IJC,8/3/2018 00:00:00,4.41569,4.47968,4.37302,4.42635,317220
IJC,8/6/2018 00:00:00,4.46369,4.46369,4.38369,4.42635,58890
IJC,8/7/2018 00:00:00,4.45835,4.45835,4.39969,4.45835,120880
IJC,8/8/2018 00:00:00,4.46369,4.46369,4.42635,4.44769,122890
IJC,8/9/2018 00:00:00,4.40502,4.46902,4.39969,4.42635,94090
IJC,8/10/2018 00:00:00,4.45302,4.46369,4.41569,4.44769,108030
IJC,8/13/2018 00:00:00,4.44769,4.44769,4.38902,4.41569,92310
IJC,8/14/2018 00:00:00,4.39436,4.45302,4.35169,4.35169,237910
IJC,8/15/2018 00:00:00,4.35169,4.44769,4.35169,4.36769,376080
IJC,8/16/2018 00:00:00,4.36769,4.40502,4.29303,4.35703,169870
IJC,8/17/2018 00:00:00,4.38369,4.39969,4.35703,4.38369,78800
IJC,8/20/2018 00:00:00,4.3197,4.41036,4.21304,4.37302,112920
IJC,8/21/2018 00:00:00,4.37302,4.38902,4.35169,4.36769,141610
IJC,8/22/2018 00:00:00,4.39969,4.47968,4.35703,4.45835,251850
IJC,8/23/2018 00:00:00,4.47435,4.47435,4.39969,4.42102,140040
IJC,8/24/2018 00:00:00,4.46369,4.46369,4.38369,4.43702,98470
IJC,8/27/2018 00:00:00,4.41036,4.45302,4.40502,4.42635,97740
IJC,8/28/2018 00:00:00,4.42635,4.44235,4.38902,4.42635,137990
IJC,8/29/2018 00:00:00,4.39436,4.45302,4.38902,4.43169,78310
IJC,8/30/2018 00:00:00,4.43169,4.43169,4.38902,4.43169,215510
IJC,8/31/2018 00:00:00,4.42635,4.43702,4.37302,4.41569,84590
IJC,9/4/2018 00:00:00,4.43169,4.43169,4.37302,4.40502,50160
IJC,9/5/2018 00:00:00,4.38902,4.40502,4.13304,4.37302,186950
IJC,9/6/2018 00:00:00,4.37302,4.37302,4.3197,4.36769,63380
IJC,9/7/2018 00:00:00,4.36769,4.37302,4.26637,4.32503,83040
IJC,9/10/2018 00:00:00,4.27703,4.38902,4.26637,4.38902,241730
IJC,9/11/2018 00:00:00,4.41569,4.41569,4.35703,4.39436,154940
IJC,9/12/2018 00:00:00,4.41036,4.41569,4.37302,4.40502,204220
IJC,9/13/2018 00:00:00,4.36236,4.41569,4.36236,4.40502,334330
IJC,9/14/2018 00:00:00,4.37836,4.41569,4.36769,4.40502,226980
IJC,9/17/2018 00:00:00,4.37302,4.41569,4.36769,4.39969,106100
IJC,9/18/2018 00:00:00,4.39436,4.39969,4.37302,4.37302,201320
IJC,9/19/2018 00:00:00,4.37302,4.47435,4.37302,4.43702,313690
IJC,9/20/2018 00:00:00,4.45302,4.45835,4.41036,4.44769,92130
IJC,9/21/2018 00:00:00,4.45302,4.45835,4.42635,4.42635,180170
IJC,9/24/2018 00:00:00,4.43702,4.51701,4.43702,4.49568,240510
IJC,9/25/2018 00:00:00,4.50635,4.52768,4.45302,4.50635,156130
IJC,9/26/2018 00:00:00,4.52768,4.55435,4.49568,4.52768,157770
IJC,9/27/2018 00:00:00,4.53301,4.53301,4.50635,4.52768,125980
IJC,9/28/2018 00:00:00,4.53301,4.55968,4.49035,4.52768,270220
IJC,10/1/2018 00:00:00,4.55968,4.58634,4.51168,4.51168,115100
IJC,10/2/2018 00:00:00,4.51168,4.52768,4.49568,4.51701,308420
IJC,10/3/2018 00:00:00,4.51701,4.52768,4.48502,4.52768,86220
IJC,10/4/2018 00:00:00,4.52768,4.56501,4.51168,4.52768,230930
IJC,10/5/2018 00:00:00,4.52768,4.52768,4.47968,4.50635,173130
IJC,10/8/2018 00:00:00,4.47968,4.50102,4.46902,4.50102,85870
IJC,10/9/2018 00:00:00,4.50102,4.53301,4.46902,4.49035,188570
IJC,10/10/2018 00:00:00,4.47968,4.50635,4.45302,4.49035,30110
IJC,10/11/2018 00:00:00,4.3197,4.47968,4.28236,4.2877,223040
IJC,10/12/2018 00:00:00,4.26637,4.3197,4.26637,4.3197,122880
IJC,10/15/2018 00:00:00,4.3197,4.37302,4.3037,4.3037,162720
IJC,10/16/2018 00:00:00,4.37302,4.60234,4.31436,4.60234,21560
IJC,10/17/2018 00:00:00,4.60234,4.60234,4.38369,4.47968,166580
IJC,10/18/2018 00:00:00,4.38369,4.46902,4.38369,4.42635,10010
IJC,10/19/2018 00:00:00,4.35169,4.41569,4.34636,4.41036,146290
IJC,10/22/2018 00:00:00,4.36769,4.41569,4.36769,4.39969,28100
IJC,10/23/2018 00:00:00,4.36769,4.36769,4.26637,4.3197,81690
IJC,10/24/2018 00:00:00,4.26637,4.36769,4.26637,4.31436,149820
IJC,10/25/2018 00:00:00,4.21837,4.26637,4.21837,4.21837,121930
IJC,10/26/2018 00:00:00,4.3197,4.33569,4.26637,4.2717,256980
IJC,10/29/2018 00:00:00,4.3197,4.35169,4.29303,4.30903,113140
IJC,10/30/2018 00:00:00,4.31436,4.31436,4.26637,4.3037,152120
IJC,10/31/2018 00:00:00,4.3197,4.35169,4.30903,4.34636,84960
IJC,11/1/2018 00:00:00,4.3197,4.33036,4.21304,4.2397,283970
IJC,11/2/2018 00:00:00,4.34636,4.34636,4.22904,4.29303,150630
IJC,11/5/2018 00:00:00,4.29303,4.36236,4.29303,4.29303,197390
IJC,11/6/2018 00:00:00,4.34103,4.34103,4.2717,4.2717,91030
IJC,11/7/2018 00:00:00,4.3197,4.3197,4.26637,4.31436,80680
IJC,11/8/2018 00:00:00,4.34103,4.34103,4.2717,4.28236,77910
IJC,11/9/2018 00:00:00,4.28236,4.28236,4.18637,4.2077,348780
IJC,11/12/2018 00:00:00,4.21304,4.21304,4.15971,4.20237,211580
IJC,11/13/2018 00:00:00,4.16504,4.20237,4.12238,4.1917,150760
IJC,11/14/2018 00:00:00,4.16504,4.20237,4.15971,4.15971,82670
IJC,11/15/2018 00:00:00,4.13837,4.2077,4.11171,4.11171,116500
IJC,11/16/2018 00:00:00,4.16504,4.19704,4.09571,4.15971,87010
IJC,11/19/2018 00:00:00,4.2077,4.2557,4.13304,4.24503,125450
IJC,11/20/2018 00:00:00,4.24503,4.2557,4.20237,4.20237,90010
IJC,11/21/2018 00:00:00,4.1917,4.21837,4.15971,4.20237,82170
IJC,11/22/2018 00:00:00,4.21304,4.24503,4.20237,4.21304,52800
IJC,11/23/2018 00:00:00,4.2557,4.26103,4.21304,4.22904,101050
IJC,11/26/2018 00:00:00,4.21837,4.23437,4.15971,4.18637,67560
IJC,11/27/2018 00:00:00,4.2077,4.21304,4.15437,4.15437,83040
IJC,11/28/2018 00:00:00,4.13837,4.20237,4.13837,4.16504,103700
IJC,11/29/2018 00:00:00,4.21304,4.2557,4.15971,4.16504,58070
IJC,11/30/2018 00:00:00,4.21304,4.21304,4.14904,4.17571,36050
IJC,12/3/2018 00:00:00,4.18637,4.24503,4.18637,4.21837,29420
IJC,12/4/2018 00:00:00,4.21304,4.2397,4.21304,4.21837,92090
IJC,12/5/2018 00:00:00,4.18637,4.23437,4.18637,4.23437,65970
IJC,12/6/2018 00:00:00,4.23437,4.23437,4.2077,4.22904,115010
IJC,12/7/2018 00:00:00,4.22904,4.34636,4.22904,4.3197,224830
IJC,12/10/2018 00:00:00,4.3197,4.34636,4.26637,4.26637,100610
IJC,12/11/2018 00:00:00,4.26637,4.26637,4.2397,4.2557,107010
IJC,12/12/2018 00:00:00,4.26637,4.29303,4.26103,4.29303,105240
IJC,12/13/2018 00:00:00,4.3197,4.3197,4.2717,4.29303,52550
IJC,12/14/2018 00:00:00,4.26637,4.29303,4.25037,4.25037,59530
IJC,12/17/2018 00:00:00,4.26637,4.26637,4.1917,4.25037,74080
IJC,12/18/2018 00:00:00,4.21304,4.2397,4.13304,4.2077,106980
IJC,12/19/2018 00:00:00,4.16504,4.2077,4.11171,4.14371,62220
IJC,12/20/2018 00:00:00,4.14371,4.18637,4.12238,4.15437,171030
IJC,12/21/2018 00:00:00,4.10638,4.15437,4.10638,4.15437,37140
IJC,12/24/2018 00:00:00,4.17571,4.23437,4.05305,4.11704,25870
IJC,12/25/2018 00:00:00,4.09038,4.09038,3.8344,3.99972,192900
IJC,12/26/2018 00:00:00,4.05305,4.07971,4.00505,4.01572,101530
IJC,12/27/2018 00:00:00,4.12771,4.12771,4.03172,4.09571,44000
IJC,12/28/2018 00:00:00,4.09571,4.26637,4.02638,4.02638,103220
IJC,1/2/2019 00:00:00,4.1917,4.1917,4.02638,4.09571,21750
IJC,1/3/2019 00:00:00,4.05305,4.10638,3.98905,3.99972,55570
IJC,1/4/2019 00:00:00,3.97305,3.99972,3.90372,3.92506,64060
IJC,1/7/2019 00:00:00,4.10104,4.10104,3.97305,3.98372,67260
IJC,1/8/2019 00:00:00,3.99972,4.03705,3.97839,4.03705,47820
IJC,1/9/2019 00:00:00,4.04771,4.04771,3.98372,4.01038,44890
IJC,1/10/2019 00:00:00,4.02638,4.08505,4.02638,4.08505,40300
IJC,1/11/2019 00:00:00,4.08505,4.08505,4.01038,4.03172,39770
IJC,1/14/2019 00:00:00,4.03172,4.04771,4.00505,4.04771,56000
IJC,1/15/2019 00:00:00,4.00505,4.10638,4.00505,4.10638,178430
IJC,1/16/2019 00:00:00,4.15437,4.15437,4.05838,4.10638,105590
IJC,1/17/2019 00:00:00,4.13304,4.13304,4.10638,4.13304,155770
IJC,1/18/2019 00:00:00,4.13304,4.13837,4.12771,4.13304,85090
IJC,1/21/2019 00:00:00,4.15437,4.29836,4.15437,4.28236,345490
IJC,1/22/2019 00:00:00,4.27703,4.27703,4.21304,4.2237,114640
IJC,1/23/2019 00:00:00,4.26637,4.26637,4.21304,4.26637,217250
IJC,1/24/2019 00:00:00,4.29303,4.29836,4.21837,4.26637,116870
IJC,1/25/2019 00:00:00,4.26103,4.2717,4.2557,4.26637,142470
IJC,1/28/2019 00:00:00,4.26637,4.26637,4.24503,4.24503,49640
IJC,1/29/2019 00:00:00,4.24503,4.24503,4.15971,4.21304,143870
IJC,1/30/2019 00:00:00,4.17037,4.18637,4.13837,4.15971,110800
IJC,1/31/2019 00:00:00,4.18104,4.21304,4.15971,4.21304,49220
IJC,2/1/2019 00:00:00,4.15437,4.21304,4.15437,4.21304,57670
IJC,2/11/2019 00:00:00,4.15971,4.26637,4.15971,4.26103,89270
IJC,2/12/2019 00:00:00,4.18104,4.26637,4.18104,4.26637,53310
IJC,2/13/2019 00:00:00,4.26637,4.31436,4.24503,4.2877,125440
IJC,2/14/2019 00:00:00,4.29303,4.39969,4.29303,4.34636,215400
IJC,2/15/2019 00:00:00,4.37302,4.37302,4.21837,4.36236,73060
IJC,2/18/2019 00:00:00,4.36236,4.39969,4.29303,4.39969,187830
IJC,2/19/2019 00:00:00,4.37302,4.39969,4.34636,4.39436,370730
IJC,2/20/2019 00:00:00,4.38902,4.41036,4.34636,4.37302,213570
IJC,2/21/2019 00:00:00,4.37302,4.59168,4.37302,4.57568,481450
IJC,2/22/2019 00:00:00,4.57568,4.79966,4.57568,4.773,386130
IJC,2/25/2019 00:00:00,4.79966,4.95965,4.79966,4.92765,466050
IJC,2/26/2019 00:00:00,4.95432,4.95965,4.80499,4.90632,391440
IJC,2/27/2019 00:00:00,4.85299,5.06631,4.85299,5.05031,577730
IJC,2/28/2019 00:00:00,5.05031,5.24763,5.01298,5.1303,1.06414e+006
IJC,3/1/2019 00:00:00,5.1303,5.32762,5.1303,5.32229,588160
IJC,3/4/2019 00:00:00,5.33296,5.54628,5.33296,5.51961,866610
IJC,3/5/2019 00:00:00,5.51961,5.62627,5.33296,5.54628,1.1148e+006
IJC,3/6/2019 00:00:00,5.54628,5.59961,5.41295,5.43962,442040
IJC,3/7/2019 00:00:00,5.43962,5.43962,5.27963,5.27963,746250
IJC,3/8/2019 00:00:00,5.27963,5.46628,5.18363,5.43962,748140
IJC,3/11/2019 00:00:00,5.49295,5.49295,5.2263,5.33296,353940
IJC,3/12/2019 00:00:00,5.38629,5.38629,5.27963,5.33296,322060
IJC,3/13/2019 00:00:00,5.32229,5.33296,5.25296,5.25296,192120
IJC,3/14/2019 00:00:00,5.32762,5.32762,5.23163,5.2583,409370
IJC,3/15/2019 00:00:00,5.23163,5.57294,5.23163,5.54628,1.09144e+006
IJC,3/18/2019 00:00:00,5.54628,5.86625,5.49295,5.81292,1.65893e+006
IJC,3/19/2019 00:00:00,5.97291,6.15957,5.83959,6.07957,1.48846e+006
IJC,3/20/2019 00:00:00,6.10624,6.47954,6.02624,6.34622,996290
IJC,3/21/2019 00:00:00,6.34622,6.34622,6.1329,6.18623,699860
IJC,3/22/2019 00:00:00,6.18623,6.39955,6.15957,6.29289,897880
IJC,3/25/2019 00:00:00,6.05291,6.37288,6.05291,6.2129,747670
IJC,3/26/2019 00:00:00,6.1329,6.34622,6.07957,6.18623,364930
IJC,3/27/2019 00:00:00,6.1329,6.23956,6.02624,6.1329,669360
IJC,3/28/2019 00:00:00,6.07957,6.07957,5.70626,5.70626,1.73361e+006
IJC,3/29/2019 00:00:00,5.75959,6.07957,5.75959,6.07957,914000
IJC,4/1/2019 00:00:00,6.02624,6.07957,5.91958,5.97291,452930
IJC,4/2/2019 00:00:00,5.97291,6.26622,5.91958,5.97291,549480
IJC,4/3/2019 00:00:00,5.91958,6.07957,5.91958,6.07957,316750
IJC,4/4/2019 00:00:00,6.1329,6.37288,6.10624,6.29289,1.1377e+006
IJC,4/5/2019 00:00:00,6.29289,6.37288,6.1329,6.18623,743940
IJC,4/8/2019 00:00:00,6.18623,6.2129,6.02624,6.02624,656430
IJC,4/9/2019 00:00:00,5.99958,6.07957,5.81292,5.97291,1.36952e+006
IJC,4/10/2019 00:00:00,5.89292,5.94625,5.75959,5.75959,765940
IJC,4/11/2019 00:00:00,5.75959,6.07957,5.75959,6.02624,497150
IJC,4/12/2019 00:00:00,6.02624,6.02624,5.94625,5.99958,196440
IJC,4/16/2019 00:00:00,5.86625,5.86625,5.75959,5.75959,605410
IJC,4/17/2019 00:00:00,5.81292,5.83959,5.59961,5.59961,763660
IJC,4/18/2019 00:00:00,5.59961,5.59961,5.49295,5.54628,262780
IJC,4/19/2019 00:00:00,5.49295,5.59961,5.41295,5.51961,200710
IJC,4/22/2019 00:00:00,5.51961,5.51961,5.41295,5.43962,134500
IJC,4/23/2019 00:00:00,5.35962,5.59961,5.35962,5.41295,152560
IJC,4/24/2019 00:00:00,5.54628,5.62627,5.46628,5.62627,226110
IJC,4/25/2019 00:00:00,5.65294,5.70626,5.54628,5.59961,114530
IJC,4/26/2019 00:00:00,5.59961,5.62627,5.54628,5.59961,130100
IJC,5/2/2019 00:00:00,5.59961,5.65294,5.59961,5.62627,83240
IJC,5/3/2019 00:00:00,5.54628,5.6796,5.54628,5.62627,212440
IJC,5/6/2019 00:00:00,5.54628,5.59961,5.38629,5.43962,210630
IJC,5/7/2019 00:00:00,5.49295,5.49295,5.32762,5.33296,253770
IJC,5/8/2019 00:00:00,5.2263,5.27963,5.11964,5.2263,252870
IJC,5/9/2019 00:00:00,5.2263,5.38629,5.2263,5.32762,173780
IJC,5/10/2019 00:00:00,5.32762,5.41295,5.27963,5.32762,61930
IJC,5/13/2019 00:00:00,5.33296,5.51961,5.32762,5.41295,164070
IJC,5/14/2019 00:00:00,5.41295,5.41295,5.30629,5.38629,150960
IJC,5/15/2019 00:00:00,5.38629,5.49295,5.38629,5.46628,135860
IJC,5/16/2019 00:00:00,5.46628,5.73293,5.46628,5.65294,567080
IJC,5/17/2019 00:00:00,5.70626,5.70626,5.62627,5.62627,182700
IJC,5/20/2019 00:00:00,5.59961,5.65294,5.57294,5.62627,162030
IJC,5/21/2019 00:00:00,5.59961,5.62627,5.54628,5.57294,249210
IJC,5/22/2019 00:00:00,5.54628,5.59961,5.51961,5.51961,226110
IJC,5/23/2019 00:00:00,5.49295,5.57294,5.49295,5.54628,146560
IJC,5/24/2019 00:00:00,5.54628,5.54628,5.38629,5.51961,51850
IJC,5/27/2019 00:00:00,5.51961,5.54628,5.46628,5.51961,58820
IJC,5/28/2019 00:00:00,5.54628,5.54628,5.46628,5.46628,66180
IJC,5/29/2019 00:00:00,5.49295,5.83959,5.49295,5.83959,1.1234e+006
IJC,5/30/2019 00:00:00,5.99958,6.05291,5.78626,5.78626,468010
IJC,5/31/2019 00:00:00,5.86625,5.86625,5.70626,5.73293,149900
IJC,6/3/2019 00:00:00,5.54628,5.62627,5.33296,5.41295,511670
IJC,6/4/2019 00:00:00,5.41295,5.54628,5.38629,5.43962,181260
IJC,6/5/2019 00:00:00,5.51961,5.59961,5.38629,5.41295,357900
IJC,6/6/2019 00:00:00,5.38629,5.43962,5.33296,5.33296,289730
IJC,6/7/2019 00:00:00,5.43962,5.54628,5.38629,5.49295,143500
IJC,6/10/2019 00:00:00,5.49295,5.54628,5.41295,5.43962,229090
IJC,6/11/2019 00:00:00,5.46628,5.6796,5.38629,5.51961,428590
IJC,6/12/2019 00:00:00,5.54628,5.78626,5.51961,5.73293,924410
IJC,6/13/2019 00:00:00,5.75959,5.75959,5.62627,5.70626,202320
IJC,6/14/2019 00:00:00,5.65294,5.83959,5.65294,5.75959,417130
IJC,6/17/2019 00:00:00,5.81292,5.81292,5.62627,5.62627,255200
IJC,6/18/2019 00:00:00,5.62627,5.81292,5.62627,5.75959,585390
IJC,6/19/2019 00:00:00,5.81292,5.81292,5.6796,5.70626,199830
IJC,6/20/2019 00:00:00,5.73293,5.75959,5.70626,5.73293,287060
IJC,6/21/2019 00:00:00,5.73293,6.05291,5.73293,5.99958,1.61578e+006
IJC,6/24/2019 00:00:00,6.10624,6.10624,5.81292,5.81292,443630
IJC,6/25/2019 00:00:00,5.86625,5.86625,5.78626,5.83959,267990
IJC,6/26/2019 00:00:00,5.81292,5.81292,5.65294,5.6796,537660
IJC,6/27/2019 00:00:00,5.6796,5.73293,5.59961,5.59961,588590
IJC,6/28/2019 00:00:00,5.65294,5.65294,5.51961,5.54628,599380
IJC,7/1/2019 00:00:00,5.6796,5.70626,5.57294,5.65294,308890
IJC,7/2/2019 00:00:00,5.62627,5.65294,5.59961,5.62627,341410
IJC,7/3/2019 00:00:00,5.62627,5.75959,5.62627,5.70626,253590
IJC,7/4/2019 00:00:00,5.75959,5.89292,5.75959,5.81292,730540
IJC,7/5/2019 00:00:00,5.75959,5.89292,5.75959,5.86625,552880
IJC,7/8/2019 00:00:00,5.78626,5.91958,5.78626,5.89292,464780
IJC,7/9/2019 00:00:00,5.91958,5.91958,5.75959,5.81292,323900
IJC,7/10/2019 00:00:00,5.75959,5.86625,5.75959,5.81292,284650
IJC,7/11/2019 00:00:00,5.81292,5.97291,5.81292,5.91958,629990
IJC,7/12/2019 00:00:00,5.97291,6.10624,5.94625,5.94625,806460
IJC,7/15/2019 00:00:00,5.97291,5.99958,5.86625,5.89292,392300
IJC,7/16/2019 00:00:00,5.89292,5.91958,5.81292,5.83959,368810
IJC,7/17/2019 00:00:00,5.81292,5.91958,5.81292,5.81292,447710
IJC,7/18/2019 00:00:00,5.81292,5.86625,5.6796,5.78626,453890
IJC,7/19/2019 00:00:00,5.83959,5.86625,5.6796,5.73293,451940
IJC,7/22/2019 00:00:00,5.65294,5.75959,5.65294,5.65294,274880
IJC,7/23/2019 00:00:00,5.65294,5.70626,5.65294,5.70626,312240
IJC,7/24/2019 00:00:00,5.65294,5.75959,5.65294,5.70626,180420
IJC,7/25/2019 00:00:00,5.75959,5.78626,5.6796,5.6796,296150
IJC,7/26/2019 00:00:00,5.99958,6.05291,5.99958,6.05291,1.25665e+006
IJC,7/29/2019 00:00:00,6.18623,6.26622,6.05291,6.10624,1.77245e+006
IJC,7/30/2019 00:00:00,6.05291,6.10624,5.99958,6.02624,968470
IJC,7/31/2019 00:00:00,6.02624,6.42621,5.99958,6.42621,2.36294e+006
IJC,8/1/2019 00:00:00,6.5862,6.79952,6.50621,6.55954,1.9019e+006
IJC,8/2/2019 00:00:00,6.45288,7.01284,6.42621,6.98617,3.07723e+006
IJC,8/5/2019 00:00:00,6.93284,7.35948,6.87952,7.09283,1.59077e+006
IJC,8/6/2019 00:00:00,6.90618,7.5728,6.90618,7.43948,1.99332e+006
IJC,8/7/2019 00:00:00,7.43948,7.62613,7.27949,7.41281,1.65553e+006
IJC,8/8/2019 00:00:00,7.41281,7.73279,7.41281,7.51947,1.56146e+006
IJC,8/9/2019 00:00:00,7.51947,7.51947,7.30615,7.38615,1.35845e+006
IJC,8/12/2019 00:00:00,7.30615,7.5728,7.17283,7.5728,1.11876e+006
IJC,8/13/2019 00:00:00,7.59946,7.89278,7.5728,7.75945,1.24543e+006
IJC,8/14/2019 00:00:00,7.86611,8.05277,7.75945,7.78612,883970
IJC,8/15/2019 00:00:00,7.5728,7.89278,7.54613,7.70612,924640
IJC,8/16/2019 00:00:00,7.65279,7.91944,7.62613,7.70612,995620
IJC,8/19/2019 00:00:00,7.70612,8.23942,7.59946,8.23942,1.73942e+006
IJC,8/20/2019 00:00:00,8.31941,8.45274,8.23942,8.37274,847770
IJC,8/21/2019 00:00:00,8.37274,8.42607,7.81278,7.81278,2.58103e+006
IJC,8/22/2019 00:00:00,7.78612,8.05277,7.65279,7.83945,2.07009e+006
IJC,8/23/2019 00:00:00,7.86611,7.94611,7.75945,7.86611,587480
IJC,8/26/2019 00:00:00,7.83945,8.1061,7.83945,8.05277,843960
IJC,8/27/2019 00:00:00,8.13276,8.23942,7.89278,7.94611,1.07775e+006
IJC,8/28/2019 00:00:00,7.94611,8.37274,7.89278,8.15942,1.18145e+006
IJC,8/29/2019 00:00:00,8.1061,8.34608,8.1061,8.21275,840920
IJC,8/30/2019 00:00:00,8.26608,8.26608,7.97277,7.97277,1.58975e+006
IJC,9/3/2019 00:00:00,7.97277,7.97277,7.59946,7.59946,1.7449e+006
IJC,9/4/2019 00:00:00,7.51947,7.78612,7.51947,7.75945,649590
IJC,9/5/2019 00:00:00,7.73279,7.86611,7.67946,7.67946,340640
IJC,9/6/2019 00:00:00,7.78612,7.86611,7.67946,7.75945,270810
IJC,9/9/2019 00:00:00,7.73279,8.07943,7.62613,7.99944,803450
IJC,9/10/2019 00:00:00,7.91944,8.1061,7.78612,7.83945,569190
IJC,9/11/2019 00:00:00,7.81278,8.26608,7.78612,8.26608,1.07367e+006
IJC,9/12/2019 00:00:00,8.50607,8.50607,8.23942,8.37274,707720
IJC,9/13/2019 00:00:00,8.37274,8.42607,8.1061,8.15942,544230
IJC,9/16/2019 00:00:00,8.18609,8.31941,8.15942,8.23942,528730
IJC,9/17/2019 00:00:00,8.21275,8.23942,7.83945,7.86611,2.19426e+006
IJC,9/18/2019 00:00:00,7.89278,8.05277,7.86611,7.86611,570600
IJC,9/19/2019 00:00:00,7.89278,8.05277,7.86611,7.99944,346680
IJC,9/20/2019 00:00:00,7.94611,8.0261,7.91944,7.99944,421660
IJC,9/23/2019 00:00:00,7.94611,7.99944,7.75945,7.78612,791000
IJC,9/24/2019 00:00:00,7.78612,7.86611,7.75945,7.78612,405770
IJC,9/25/2019 00:00:00,7.73279,7.86611,7.73279,7.78612,221680
IJC,9/26/2019 00:00:00,7.81278,7.86611,7.73279,7.78612,399810
IJC,9/27/2019 00:00:00,7.89278,7.89278,7.73279,7.78612,339870
IJC,9/30/2019 00:00:00,7.78612,7.83945,7.73279,7.83945,310150
IJC,10/1/2019 00:00:00,7.81278,8.37274,7.75945,8.37274,1.06685e+006
IJC,10/2/2019 00:00:00,8.34608,8.37274,7.99944,8.05277,803650
IJC,10/3/2019 00:00:00,7.97277,8.61273,7.94611,8.61273,1.58202e+006
IJC,10/4/2019 00:00:00,8.77271,8.77271,8.5594,8.61273,686610
IJC,10/7/2019 00:00:00,8.61273,8.9327,8.58606,8.77271,938020
IJC,10/8/2019 00:00:00,8.71939,9.06603,8.63939,8.87937,769660
IJC,10/9/2019 00:00:00,8.87937,9.03936,8.77271,8.87937,612810
IJC,10/10/2019 00:00:00,8.90604,8.98603,8.42607,8.42607,689840
IJC,10/11/2019 00:00:00,8.37274,8.4794,8.07943,8.07943,1.09506e+006
IJC,10/14/2019 00:00:00,8.1061,8.34608,7.99944,8.15942,824150
IJC,10/15/2019 00:00:00,8.13276,8.26608,8.1061,8.18609,262320
IJC,10/16/2019 00:00:00,8.21275,8.26608,8.13276,8.13276,304560
IJC,10/17/2019 00:00:00,8.13276,8.13276,7.89278,7.99944,601810
IJC,10/18/2019 00:00:00,7.99944,8.13276,7.91944,8.05277,258330
IJC,10/21/2019 00:00:00,8.05277,8.21275,8.05277,8.07943,282970
IJC,10/22/2019 00:00:00,8.15942,8.15942,8.05277,8.07943,192020
IJC,10/23/2019 00:00:00,8.07943,8.29275,8.05277,8.18609,285080
IJC,10/24/2019 00:00:00,8.18609,8.31941,8.18609,8.23942,221750
IJC,10/25/2019 00:00:00,8.31941,8.34608,8.18609,8.21275,250980
IJC,10/28/2019 00:00:00,8.31941,8.31941,7.99944,8.05277,404460
IJC,10/29/2019 00:00:00,7.99944,8.07943,7.89278,8.05277,671190
IJC,10/30/2019 00:00:00,8.05277,8.15942,8.05277,8.1061,222200
IJC,10/31/2019 00:00:00,8.07943,8.18609,7.99944,8.05277,263700
IJC,11/1/2019 00:00:00,8.05277,8.13276,8.05277,8.1061,305680
IJC,11/4/2019 00:00:00,8.1061,8.18609,8.1061,8.15942,350220
IJC,11/5/2019 00:00:00,8.15942,8.45274,8.05277,8.42607,760670
IJC,11/6/2019 00:00:00,8.42607,8.42607,8.29275,8.31941,140610
IJC,11/7/2019 00:00:00,8.34608,8.34608,8.15942,8.23942,90810
IJC,11/8/2019 00:00:00,8.23942,8.37274,8.21275,8.29275,236860
IJC,11/11/2019 00:00:00,8.29275,8.37274,7.86611,8.18609,327680
IJC,11/12/2019 00:00:00,8.23942,8.31941,8.21275,8.26608,284890
IJC,11/13/2019 00:00:00,8.29275,8.34608,8.21275,8.26608,291410
IJC,11/14/2019 00:00:00,8.29275,8.39941,8.26608,8.31941,253370
IJC,11/15/2019 00:00:00,8.29275,8.66606,8.26608,8.61273,1.15966e+006
IJC,11/18/2019 00:00:00,8.71939,8.71939,8.39941,8.4794,140620
IJC,11/19/2019 00:00:00,8.53273,8.66606,8.39941,8.4794,349360
IJC,11/20/2019 00:00:00,8.58606,8.69272,8.50607,8.50607,546450
IJC,11/21/2019 00:00:00,8.4794,8.58606,8.4794,8.50607,357540
IJC,11/22/2019 00:00:00,8.5594,8.5594,7.94611,8.26608,891630
IJC,11/25/2019 00:00:00,8.26608,8.26608,8.07943,8.26608,395660
IJC,11/26/2019 00:00:00,8.34608,8.34608,8.23942,8.29275,269940
IJC,11/27/2019 00:00:00,8.26608,8.26608,8.15942,8.15942,253240
IJC,11/28/2019 00:00:00,8.15942,8.15942,7.89278,7.91944,482940
IJC,11/29/2019 00:00:00,7.89278,8.1061,7.89278,7.99944,167900
IJC,12/2/2019 00:00:00,8.1061,8.1061,7.86611,7.86611,270670
IJC,12/3/2019 00:00:00,7.89278,8.05277,7.75945,7.86611,347560
IJC,12/4/2019 00:00:00,7.86611,7.99944,7.86611,7.94611,287680
IJC,12/5/2019 00:00:00,8.05277,8.1061,7.97277,8.07943,215090
IJC,12/6/2019 00:00:00,8.15942,8.26608,8.15942,8.23942,372650
IJC,12/9/2019 00:00:00,8.26608,8.34608,8.23942,8.29275,655870
IJC,12/10/2019 00:00:00,8.37943,8.37943,8.23496,8.29275,147580
IJC,12/11/2019 00:00:00,8.29275,8.29275,8.09049,8.17717,121460
IJC,12/12/2019 00:00:00,8.17717,8.26385,8.0327,8.20607,229890
IJC,12/13/2019 00:00:00,8.20607,8.43722,8.14828,8.29275,261940
IJC,12/16/2019 00:00:00,8.23496,8.29275,8.14828,8.17717,206860
IJC,12/17/2019 00:00:00,8.26385,8.63948,8.26385,8.46612,681750
IJC,12/18/2019 00:00:00,8.5528,8.5528,8.43722,8.46612,160110
IJC,12/19/2019 00:00:00,8.37943,8.46612,8.26385,8.37943,185780
IJC,12/20/2019 00:00:00,8.37943,8.37943,8.20607,8.26385,219280
IJC,12/23/2019 00:00:00,8.46612,8.63948,8.37943,8.49501,515530
IJC,12/24/2019 00:00:00,8.46612,8.5528,8.37943,8.49501,98570
IJC,12/25/2019 00:00:00,8.49501,9.0729,8.49501,9.0729,1.56064e+006
IJC,12/26/2019 00:00:00,9.47743,9.56411,9.27516,9.30406,824320
IJC,12/27/2019 00:00:00,9.36185,9.67969,9.24627,9.44853,717070
IJC,12/30/2019 00:00:00,9.36185,9.73748,9.04401,9.13069,1.34852e+006
IJC,12/31/2019 00:00:00,9.1018,9.41964,9.04401,9.24627,576600
IJC,1/2/2020 00:00:00,9.24627,9.59301,9.24627,9.53522,669180
IJC,1/3/2020 00:00:00,9.53522,9.67969,9.24627,9.30406,626950
IJC,1/6/2020 00:00:00,9.30406,9.41964,9.15959,9.21738,503090
IJC,1/7/2020 00:00:00,9.24627,9.36185,9.18848,9.18848,560640
IJC,1/8/2020 00:00:00,9.15959,9.15959,8.5528,8.5528,2.40274e+006
IJC,1/9/2020 00:00:00,8.5528,8.66838,8.52391,8.58169,555590
IJC,1/10/2020 00:00:00,8.58169,8.75506,8.58169,8.66838,670510
IJC,1/13/2020 00:00:00,8.66838,8.72617,8.46612,8.72617,619030
IJC,1/14/2020 00:00:00,8.75506,8.75506,8.66838,8.72617,406910
IJC,1/15/2020 00:00:00,8.78396,8.92843,8.72617,8.84175,451710
IJC,1/16/2020 00:00:00,8.84175,8.87064,8.75506,8.84175,332660
IJC,1/17/2020 00:00:00,8.84175,8.87064,8.61059,8.63948,242980
IJC,1/20/2020 00:00:00,8.5528,8.5528,8.09049,8.14828,1.29177e+006
IJC,1/21/2020 00:00:00,8.23496,8.26385,7.85933,8.17717,923380
IJC,1/22/2020 00:00:00,8.17717,8.32164,8.09049,8.23496,97810
IJC,1/30/2020 00:00:00,8.14828,8.23496,8.09049,8.09049,210030
IJC,1/31/2020 00:00:00,8.09049,8.09049,7.83044,7.91712,482530
IJC,2/3/2020 00:00:00,7.51259,7.80154,7.36812,7.80154,266220
IJC,2/4/2020 00:00:00,7.80154,7.80154,7.51259,7.68596,142510
IJC,2/5/2020 00:00:00,7.68596,7.68596,7.51259,7.68596,88780
IJC,2/6/2020 00:00:00,7.62817,7.91712,7.62817,7.85933,189030
IJC,2/7/2020 00:00:00,7.85933,7.91712,7.68596,7.80154,75610
IJC,2/10/2020 00:00:00,7.71486,7.85933,7.71486,7.74375,88490
IJC,2/11/2020 00:00:00,7.71486,7.80154,7.71486,7.80154,256380
IJC,2/12/2020 00:00:00,7.91712,8.0038,7.83044,8.0038,129090
IJC,2/13/2020 00:00:00,8.0038,8.0327,7.97491,8.0038,51240
IJC,2/14/2020 00:00:00,7.97491,8.0038,7.88822,7.94601,100830
IJC,2/17/2020 00:00:00,8.06159,8.06159,7.85933,7.94601,56600
IJC,2/18/2020 00:00:00,7.83044,8.06159,7.83044,7.94601,65220
IJC,2/19/2020 00:00:00,7.88822,8.0038,7.88822,7.94601,59320
IJC,2/20/2020 00:00:00,8.0038,8.32164,7.97491,8.26385,438160
IJC,2/21/2020 00:00:00,8.43722,8.43722,8.09049,8.09049,145140
IJC,2/24/2020 00:00:00,8.09049,8.09049,7.59928,7.68596,307900
IJC,2/25/2020 00:00:00,7.39702,7.68596,7.36812,7.68596,307320
IJC,2/26/2020 00:00:00,7.68596,7.68596,7.4837,7.54149,74410
IJC,2/27/2020 00:00:00,7.68596,7.80154,7.54149,7.68596,49330
IJC,2/28/2020 00:00:00,7.65707,7.65707,7.42591,7.51259,176890
IJC,3/2/2020 00:00:00,7.51259,7.62817,7.4837,7.54149,49680
IJC,3/3/2020 00:00:00,7.68596,7.68596,7.51259,7.65707,86710
IJC,3/4/2020 00:00:00,7.68596,7.68596,7.51259,7.62817,23360
IJC,3/5/2020 00:00:00,7.62817,7.77265,7.62817,7.65707,238260
IJC,3/6/2020 00:00:00,7.65707,7.68596,7.54149,7.62817,49510
IJC,3/9/2020 00:00:00,7.10807,7.33923,7.10807,7.10807,249450
IJC,3/10/2020 00:00:00,6.81912,7.07918,6.76134,7.07918,363400
IJC,3/11/2020 00:00:00,7.10807,7.10807,6.58797,6.58797,164080
IJC,3/12/2020 00:00:00,6.15455,6.18344,6.15455,6.15455,61520
IJC,3/13/2020 00:00:00,5.72691,5.77892,5.72691,5.75002,345960
IJC,3/16/2020 00:00:00,5.75002,5.83671,5.72113,5.72113,318270
IJC,3/17/2020 00:00:00,5.72113,5.77892,5.54776,5.77892,332550
IJC,3/18/2020 00:00:00,5.83671,5.8945,5.75002,5.77892,136870
IJC,3/19/2020 00:00:00,5.72113,5.72113,5.61133,5.646,277240
IJC,3/20/2020 00:00:00,5.61133,5.66334,5.57666,5.60555,64250
IJC,3/23/2020 00:00:00,5.43796,5.58244,5.21836,5.21836,160330
IJC,3/24/2020 00:00:00,4.88319,5.21836,4.85429,5.21836,318570
IJC,3/25/2020 00:00:00,5.33394,5.43218,5.28771,5.40329,140410
IJC,3/26/2020 00:00:00,5.37439,5.47842,5.21836,5.25882,75340
IJC,3/27/2020 00:00:00,5.25882,5.25882,5.05078,5.08545,155780
IJC,3/30/2020 00:00:00,4.85429,4.85429,4.73293,4.73293,403510
IJC,3/31/2020 00:00:00,4.88319,4.88319,4.56535,4.64047,125620
IJC,4/1/2020 00:00:00,4.73871,4.78495,4.64047,4.73871,138250
IJC,4/3/2020 00:00:00,4.7965,4.95831,4.7965,4.92942,197370
IJC,4/6/2020 00:00:00,5.02766,5.27037,5.02188,5.27037,410240
IJC,4/7/2020 00:00:00,5.48997,5.48997,5.20103,5.27037,177620
IJC,4/8/2020 00:00:00,5.31083,5.31083,5.20103,5.29927,118820
IJC,4/9/2020 00:00:00,5.51887,5.51887,5.29927,5.37439,247500
IJC,4/10/2020 00:00:00,5.46108,5.46108,5.25882,5.31661,226360
IJC,4/13/2020 00:00:00,5.4264,5.4264,5.32238,5.36862,99210
IJC,4/14/2020 00:00:00,5.4264,5.4264,5.28771,5.30505,109460
IJC,4/15/2020 00:00:00,5.30505,5.66334,5.29349,5.65178,358560
IJC,4/16/2020 00:00:00,5.54776,5.72113,5.54776,5.65756,239270
IJC,4/17/2020 00:00:00,5.6749,6.03897,5.6749,6.03897,428810
IJC,4/20/2020 00:00:00,6.29902,6.35681,6.01008,6.15455,360880
IJC,4/21/2020 00:00:00,6.01008,6.06786,5.73847,5.77892,389050
IJC,4/22/2020 00:00:00,5.69223,5.95229,5.66334,5.8945,241970
IJC,4/23/2020 00:00:00,5.95229,6.01008,5.77892,5.92339,209980
IJC,4/24/2020 00:00:00,5.8945,6.01008,5.83671,5.98118,124540
IJC,4/27/2020 00:00:00,5.95229,6.38571,5.95229,6.38571,623160
IJC,4/28/2020 00:00:00,6.53018,6.81912,6.18344,6.61686,452640
IJC,4/29/2020 00:00:00,6.61686,6.70355,6.50128,6.53018,238270
IJC,5/4/2020 00:00:00,6.35681,6.53018,6.29902,6.32792,268770
IJC,5/5/2020 00:00:00,6.27013,6.58797,6.27013,6.58797,276050
IJC,5/6/2020 00:00:00,6.64576,6.79023,6.58797,6.79023,292380
IJC,5/7/2020 00:00:00,6.79023,6.81912,6.61686,6.67465,229870
IJC,5/8/2020 00:00:00,6.58797,6.76134,6.58797,6.70355,278110
IJC,5/11/2020 00:00:00,6.81912,6.81912,6.64576,6.79023,296670
IJC,5/12/2020 00:00:00,6.81912,6.84802,6.73244,6.76134,238090
IJC,5/13/2020 00:00:00,6.73244,7.22365,6.70355,7.22365,853720
IJC,5/14/2020 00:00:00,7.25254,7.45481,7.16586,7.22365,416620
IJC,5/15/2020 00:00:00,7.22365,7.28144,6.9636,7.10807,232990
IJC,5/18/2020 00:00:00,6.9347,7.05028,6.90581,6.99249,259340
IJC,5/19/2020 00:00:00,7.16586,7.16586,6.9636,7.05028,256990
IJC,5/20/2020 00:00:00,7.02139,7.05028,6.9347,6.9347,197600
IJC,5/21/2020 00:00:00,6.99249,7.07918,6.87691,6.9347,345440
IJC,5/22/2020 00:00:00,6.9347,6.99249,6.84802,6.9347,143920
IJC,5/25/2020 00:00:00,6.87691,7.25254,6.87691,7.22365,241990
IJC,5/26/2020 00:00:00,7.39702,7.39702,7.13696,7.28144,379650
IJC,5/27/2020 00:00:00,7.33923,7.36812,7.10807,7.10807,358090
IJC,5/28/2020 00:00:00,7.10807,7.16586,6.99249,7.10807,100090
IJC,5/29/2020 00:00:00,7.10807,7.10807,6.90581,6.9347,185440
IJC,6/1/2020 00:00:00,7.05028,7.10807,6.9636,6.99249,225860
IJC,6/2/2020 00:00:00,7.16586,7.16586,6.9347,6.9347,225160
IJC,6/3/2020 00:00:00,6.9347,6.99249,6.87691,6.9636,125790
IJC,6/4/2020 00:00:00,6.99249,7.22365,6.9347,7.10807,293990
IJC,6/5/2020 00:00:00,7.10807,7.59928,7.10807,7.57038,1.27066e+006
IJC,6/8/2020 00:00:00,7.68596,7.71486,7.4837,7.51259,765280
IJC,6/9/2020 00:00:00,7.51259,7.51259,7.33923,7.45481,606230
IJC,6/10/2020 00:00:00,7.36812,7.80154,7.22365,7.62817,1.05134e+006
IJC,6/11/2020 00:00:00,7.62817,7.91712,7.28144,7.28144,1.01415e+006
IJC,6/12/2020 00:00:00,6.9347,7.31033,6.9347,7.22365,373620
IJC,6/15/2020 00:00:00,7.22365,7.22365,6.79023,6.79023,391220
IJC,6/16/2020 00:00:00,6.79023,7.16586,6.76134,6.79023,565680
IJC,6/17/2020 00:00:00,6.79023,7.16586,6.79023,6.99249,277590
IJC,6/18/2020 00:00:00,6.90581,7.10807,6.87691,6.99249,94010
IJC,6/19/2020 00:00:00,6.9347,7.07918,6.9347,7.05028,164100
IJC,6/22/2020 00:00:00,7.10807,7.13696,6.9347,7.02139,321170
IJC,6/23/2020 00:00:00,6.9347,7.07918,6.87691,6.90581,371370
IJC,6/24/2020 00:00:00,6.87691,6.99249,6.70355,6.76134,378730
IJC,6/25/2020 00:00:00,6.67465,6.76134,6.58797,6.76134,221450
IJC,6/26/2020 00:00:00,6.79023,6.84802,6.61686,6.64576,176260
IJC,6/29/2020 00:00:00,6.55907,6.64576,6.29902,6.29902,358980
IJC,6/30/2020 00:00:00,6.32792,6.38571,6.18344,6.29902,227280
IJC,7/1/2020 00:00:00,6.29902,6.4146,6.27013,6.4146,166580
IJC,7/2/2020 00:00:00,6.47239,6.53018,5.98118,6.4146,225650
IJC,7/3/2020 00:00:00,6.38571,6.47239,6.35681,6.44349,44720
IJC,7/6/2020 00:00:00,6.35681,6.53018,6.35681,6.53018,83260
IJC,7/7/2020 00:00:00,6.53018,6.70355,6.47239,6.61686,529360
IJC,7/8/2020 00:00:00,6.53018,6.67465,6.53018,6.61686,348750
IJC,7/9/2020 00:00:00,6.64576,6.67465,6.58797,6.67465,226530
IJC,7/10/2020 00:00:00,6.58797,6.67465,6.53018,6.58797,128280
IJC,7/13/2020 00:00:00,6.55907,6.79023,6.55907,6.67465,299760
IJC,7/14/2020 00:00:00,6.64576,6.79023,6.64576,6.79023,300910
IJC,7/15/2020 00:00:00,6.81912,6.90581,6.79023,6.81912,324030
IJC,7/16/2020 00:00:00,6.81912,6.87691,6.67465,6.67465,187760
IJC,7/17/2020 00:00:00,6.67465,6.76134,6.64576,6.64576,266540
IJC,7/20/2020 00:00:00,6.64576,6.73244,6.61686,6.67465,185850
IJC,7/21/2020 00:00:00,6.70355,6.70355,6.55907,6.61686,142160
IJC,7/22/2020 00:00:00,6.64576,6.73244,6.53018,6.61686,128290
IJC,7/23/2020 00:00:00,6.61686,6.61686,6.47239,6.47239,249660
IJC,7/24/2020 00:00:00,6.47239,6.50128,6.18344,6.29902,462750
IJC,7/27/2020 00:00:00,5.8656,6.15455,5.8656,5.8656,392470
IJC,7/28/2020 00:00:00,5.83671,6.03897,5.83671,6.03897,124160
IJC,7/29/2020 00:00:00,5.95229,6.01008,5.72113,5.72113,317250
IJC,7/30/2020 00:00:00,5.83671,6.01008,5.80781,5.8945,180840
IJC,7/31/2020 00:00:00,5.77892,5.98118,5.77314,5.92339,168950
IJC,8/3/2020 00:00:00,5.98118,6.15455,5.92339,6.09676,191580
IJC,8/4/2020 00:00:00,6.32792,6.32792,6.18344,6.27013,248480
IJC,8/5/2020 00:00:00,6.27013,6.50128,6.12565,6.44349,397200
IJC,8/6/2020 00:00:00,6.625,6.625,6.38299,6.47375,112340
IJC,8/7/2020 00:00:00,6.41324,6.504,6.35274,6.41324,38210
IJC,8/10/2020 00:00:00,6.47375,6.83676,6.47375,6.74601,868540
IJC,8/11/2020 00:00:00,6.95776,6.95776,6.71575,6.86701,355440
IJC,8/12/2020 00:00:00,6.86701,6.92751,6.77626,6.83676,192190
IJC,8/13/2020 00:00:00,6.83676,6.98802,6.74601,6.92751,502600
IJC,8/14/2020 00:00:00,6.92751,6.92751,6.65525,6.74601,282790
IJC,8/17/2020 00:00:00,6.71575,6.83676,6.6855,6.77626,201940
IJC,8/18/2020 00:00:00,6.77626,6.83676,6.6855,6.6855,156150
IJC,8/19/2020 00:00:00,6.6855,6.83676,6.625,6.71575,303540
IJC,8/20/2020 00:00:00,6.80651,6.98802,6.80651,6.89726,952270
IJC,8/21/2020 00:00:00,6.89726,6.95776,6.86701,6.89726,209650
IJC,8/24/2020 00:00:00,6.92751,7.07877,6.92751,6.98802,401050
IJC,8/25/2020 00:00:00,7.07877,7.07877,6.92751,6.95776,510910
IJC,8/26/2020 00:00:00,6.95776,7.13927,6.89726,7.07877,423080
IJC,8/27/2020 00:00:00,7.07877,7.19977,7.07877,7.16952,371780
IJC,8/28/2020 00:00:00,7.32078,7.32078,7.23002,7.23002,705650
IJC,8/31/2020 00:00:00,7.23002,7.26028,6.98802,7.04852,315040
IJC,9/1/2020 00:00:00,7.04852,7.07877,6.83676,7.01827,372180
IJC,9/3/2020 00:00:00,7.13927,7.13927,6.86701,6.86701,561750
IJC,9/4/2020 00:00:00,6.77626,7.07877,6.74601,7.01827,377460
IJC,9/7/2020 00:00:00,6.95776,7.01827,6.86701,6.86701,457160
IJC,9/8/2020 00:00:00,6.89726,6.95776,6.83676,6.86701,211820
IJC,9/9/2020 00:00:00,6.83676,7.01827,6.80651,6.98802,256540
IJC,9/10/2020 00:00:00,7.01827,7.04852,6.95776,7.01827,215580
IJC,9/11/2020 00:00:00,6.98802,7.01827,6.89726,6.98802,157000
IJC,9/14/2020 00:00:00,6.98802,6.98802,6.89726,6.95776,357280
IJC,9/15/2020 00:00:00,7.01827,7.01827,6.92751,6.95776,294220
IJC,9/16/2020 00:00:00,6.95776,7.44178,6.92751,7.44178,1.21403e+006
IJC,9/17/2020 00:00:00,7.56279,7.68379,7.38128,7.50229,1.20173e+006
IJC,9/18/2020 00:00:00,7.53254,7.53254,7.35103,7.44178,372490
IJC,9/21/2020 00:00:00,7.44178,7.8048,7.26028,7.44178,1.09753e+006
IJC,9/22/2020 00:00:00,7.38128,7.65354,7.38128,7.50229,470510
IJC,9/23/2020 00:00:00,7.50229,7.56279,7.35103,7.44178,372800
IJC,9/24/2020 00:00:00,7.44178,7.44178,7.26028,7.26028,652700
IJC,9/25/2020 00:00:00,7.38128,7.38128,7.23002,7.32078,553430
IJC,9/28/2020 00:00:00,7.35103,7.47203,7.32078,7.44178,346350
IJC,9/29/2020 00:00:00,7.62329,7.62329,7.38128,7.38128,726980
IJC,9/30/2020 00:00:00,7.38128,7.38128,7.26028,7.38128,353040
IJC,10/1/2020 00:00:00,7.44178,7.68379,7.38128,7.62329,1.07979e+006
IJC,10/2/2020 00:00:00,7.8048,8.04681,7.62329,8.04681,2.34045e+006
IJC,10/5/2020 00:00:00,8.10731,8.25856,8.04681,8.13756,524170
IJC,10/6/2020 00:00:00,8.07706,8.16781,7.9258,8.10731,643950
IJC,10/7/2020 00:00:00,8.10731,8.37957,7.9258,7.95605,1.1437e+006
IJC,10/8/2020 00:00:00,8.10731,8.10731,7.89555,7.9863,449040
IJC,10/9/2020 00:00:00,8.10731,8.10731,7.8653,8.01655,829400
IJC,10/12/2020 00:00:00,8.01655,8.04681,7.68379,7.68379,567150
IJC,10/13/2020 00:00:00,7.68379,7.68379,7.53254,7.62329,581020
IJC,10/14/2020 00:00:00,7.56279,7.71404,7.41153,7.41153,753960
IJC,10/15/2020 00:00:00,7.44178,7.56279,7.41153,7.44178,688680
IJC,10/16/2020 00:00:00,7.44178,7.59304,7.38128,7.59304,632670
IJC,10/19/2020 00:00:00,7.65354,7.8048,7.56279,7.74429,415240
IJC,10/20/2020 00:00:00,7.74429,7.77455,7.50229,7.56279,281920
IJC,10/21/2020 00:00:00,7.56279,7.62329,7.44178,7.44178,473350
IJC,10/22/2020 00:00:00,7.38128,7.50229,7.38128,7.50229,177690
IJC,10/23/2020 00:00:00,7.50229,7.74429,7.47203,7.56279,401320
IJC,10/26/2020 00:00:00,7.68379,7.74429,7.44178,7.44178,386650
IJC,10/27/2020 00:00:00,7.41153,7.47203,7.38128,7.41153,223390
IJC,10/28/2020 00:00:00,7.26028,7.44178,6.95776,6.95776,401540
IJC,10/29/2020 00:00:00,6.83676,7.13927,6.83676,7.04852,190250
IJC,10/30/2020 00:00:00,7.19977,7.19977,7.04852,7.19977,253000
IJC,11/2/2020 00:00:00,7.19977,7.44178,7.13927,7.38128,153920
IJC,11/3/2020 00:00:00,7.38128,7.50229,7.35103,7.35103,160890
IJC,11/4/2020 00:00:00,7.41153,7.47203,7.32078,7.38128,524040
IJC,11/5/2020 00:00:00,7.65354,7.71404,7.62329,7.62329,790690
IJC,11/6/2020 00:00:00,7.62329,7.68379,7.50229,7.59304,241800
IJC,11/9/2020 00:00:00,7.65354,8.01655,7.56279,7.9863,1.23272e+006
IJC,11/10/2020 00:00:00,8.04681,8.04681,7.8048,7.83505,713110
IJC,11/11/2020 00:00:00,7.83505,7.95605,7.77455,7.8653,496020
IJC,11/12/2020 00:00:00,7.8048,8.01655,7.8048,7.9258,521310
IJC,11/13/2020 00:00:00,7.9258,8.10731,7.8653,8.10731,1.18853e+006
IJC,11/16/2020 00:00:00,8.16781,8.25856,7.9863,8.01655,520810
IJC,11/17/2020 00:00:00,8.16781,8.34932,8.04681,8.34932,1.28125e+006
IJC,11/18/2020 00:00:00,8.40982,8.53082,8.34932,8.34932,1.91474e+006
IJC,11/19/2020 00:00:00,8.28654,8.44348,8.28654,8.31793,710850
IJC,11/20/2020 00:00:00,8.28654,8.34932,8.09821,8.28654,568090
IJC,11/23/2020 00:00:00,8.16099,8.28654,8.06682,8.16099,1.00674e+006
IJC,11/24/2020 00:00:00,8.16099,8.56904,8.16099,8.53765,1.8908e+006
IJC,11/25/2020 00:00:00,8.60042,8.6632,8.44348,8.47487,1.09477e+006
IJC,11/26/2020 00:00:00,8.44348,8.53765,8.28654,8.44348,715510
IJC,11/27/2020 00:00:00,8.44348,8.50626,8.38071,8.50626,819840
IJC,11/30/2020 00:00:00,8.53765,8.69459,8.47487,8.63181,1.99049e+006
IJC,12/1/2020 00:00:00,8.47487,8.88292,8.47487,8.78875,1.8087e+006
IJC,12/2/2020 00:00:00,8.88292,8.88292,8.72598,8.78875,1.16471e+006
IJC,12/3/2020 00:00:00,8.78875,9.10264,8.72598,9.07125,1.98576e+006
IJC,12/4/2020 00:00:00,9.10264,9.10264,8.91431,9.03986,840710
IJC,12/7/2020 00:00:00,9.00847,9.35375,8.97709,9.16542,1.05448e+006
IJC,12/8/2020 00:00:00,9.16542,9.25958,9.07125,9.16542,1.70132e+006
IJC,12/9/2020 00:00:00,9.13403,9.22819,9.07125,9.07125,1.31568e+006
IJC,12/10/2020 00:00:00,9.13403,9.16542,8.85153,8.85153,1.88429e+006
IJC,12/11/2020 00:00:00,8.85153,8.97709,8.72598,8.9457,869390
IJC,12/14/2020 00:00:00,9.10264,9.54208,9.10264,9.54208,1.58027e+006
IJC,12/15/2020 00:00:00,10.2012,10.2012,10.2012,10.2012,715910
IJC,12/16/2020 00:00:00,10.8918,10.8918,10.8918,10.8918,527060
IJC,12/17/2020 00:00:00,11.6451,11.6451,10.9859,11.6451,6.02727e+006
IJC,12/18/2020 00:00:00,11.9276,12.4298,11.2998,12.2415,3.89556e+006
IJC,12/21/2020 00:00:00,12.0531,13.089,12.0531,13.089,1.94812e+006
IJC,12/22/2020 00:00:00,13.3715,13.9992,12.8692,13.9992,1.1745e+006
IJC,12/23/2020 00:00:00,14.7526,14.9723,14.062,14.9723,1.64886e+006
IJC,12/24/2020 00:00:00,15.192,15.3489,13.9365,14.7526,1.37542e+006
IJC,12/25/2020 00:00:00,14.7526,15.3803,14.062,14.8153,1.66189e+006
IJC,12/28/2020 00:00:00,15.0664,15.0664,14.3445,14.5014,1.94473e+006
IJC,12/29/2020 00:00:00,14.4387,15.5059,14.1248,15.2548,2.49848e+006
IJC,12/30/2020 00:00:00,15.2548,15.6628,14.7526,15.1292,1.19055e+006
IJC,12/31/2020 00:00:00,15.1292,15.4431,14.8467,15.3803,1.27521e+006
IJC,1/4/2021 00:00:00,15.3803,16.322,15.192,16.0395,1.8328e+006
IJC,1/5/2021 00:00:00,16.0081,16.1023,15.6314,16.0081,1.3895e+006
IJC,1/6/2021 00:00:00,16.0081,16.0081,15.5059,15.8198,1.4846e+006
IJC,1/7/2021 00:00:00,15.7256,16.0081,15.2862,15.8198,1.986e+006
IJC,1/8/2021 00:00:00,15.8198,16.9184,15.5687,16.9184,2.5911e+006
IJC,1/11/2021 00:00:00,17.7031,17.7031,16.9184,16.9184,1.3734e+006
IJC,1/12/2021 00:00:00,16.322,16.887,16.2906,16.8242,1.1535e+006
IJC,1/13/2021 00:00:00,16.8242,16.8242,16.5103,16.7928,1.7251e+006
IJC,1/14/2021 00:00:00,16.6359,16.7928,16.322,16.5731,1.189e+006
IJC,1/15/2021 00:00:00,16.5103,17.3264,16.322,17.2636,2.0588e+006
IJC,1/18/2021 00:00:00,17.2636,17.6403,16.6359,17.5147,1.8427e+006
IJC,1/19/2021 00:00:00,17.452,17.5147,16.2906,16.2906,1.0277e+006
IJC,1/20/2021 00:00:00,15.6942,16.2278,15.1606,15.2548,1.9615e+006
IJC,1/21/2021 00:00:00,15.2548,15.757,14.4387,15.6314,1.4664e+006
IJC,1/22/2021 00:00:00,15.6314,16.0081,15.5687,15.7256,1.9433e+006
IJC,1/25/2021 00:00:00,15.7256,16.8242,15.7256,16.8242,3.0371e+006
IJC,1/26/2021 00:00:00,17.2008,17.2008,16.1964,16.6986,1.6012e+006
IJC,1/27/2021 00:00:00,16.0709,16.6359,15.5373,15.5373,1.5648e+006
IJC,1/28/2021 00:00:00,14.4701,14.4701,14.4701,14.4701,142400
IJC,1/29/2021 00:00:00,13.4656,14.5956,13.4656,14.4701,2.6789e+006
IJC,2/1/2021 00:00:00,13.9365,14.3131,13.4656,13.4656,3.1258e+006
IJC,2/2/2021 00:00:00,12.5554,13.9051,12.5554,13.8109,1.1215e+006
IJC,2/3/2021 00:00:00,13.8109,14.7526,13.497,14.7526,6.0131e+006
IJC,2/4/2021 00:00:00,14.8467,15.757,14.7526,15.3803,4.5461e+006
IJC,2/5/2021 00:00:00,15.4117,15.7256,15.2548,15.4117,3.0564e+006
IJC,2/8/2021 00:00:00,15.3803,15.4117,14.4387,14.4387,4.5733e+006
IJC,2/9/2021 00:00:00,14.4387,15.1606,14.2189,15.1606,2.6054e+006
IJC,2/17/2021 00:00:00,15.192,16.0081,15.0664,15.9767,5.1396e+006
IJC,2/18/2021 00:00:00,15.9767,16.322,15.6942,16.0709,4.6824e+006
IJC,2/19/2021 00:00:00,15.9767,17.0753,15.6942,17.0753,8.0561e+006
IJC,2/22/2021 00:00:00,17.1381,17.7658,17.0125,17.6089,8.5208e+006
IJC,2/23/2021 00:00:00,17.6403,18.7389,17.4206,18.7075,7.9957e+006
IJC,2/24/2021 00:00:00,18.6447,18.8958,18.1425,18.5192,1.00071e+007
IJC,2/25/2021 00:00:00,18.6133,18.6133,17.8914,18.425,1.05155e+007
IJC,2/26/2021 00:00:00,18.0797,19.7119,18.0169,19.7119,1.00583e+007
IJC,3/1/2021 00:00:00,19.7747,20.2455,19.4922,20.1514,6.9289e+006
IJC,3/2/2021 00:00:00,20.2455,20.2455,19.398,19.6805,7.5748e+006
IJC,3/3/2021 00:00:00,19.5864,19.8061,19.1783,19.8061,8.7363e+006
IJC,3/4/2021 00:00:00,19.8375,19.9944,18.425,19.0842,9.525e+006
IJC,3/5/2021 00:00:00,18.9586,18.99,18.1111,18.3622,7.8019e+006
IJC,3/8/2021 00:00:00,18.5819,18.833,18.3308,18.5506,6.5014e+006
IJC,3/9/2021 00:00:00,18.5192,18.9272,18.1739,18.7075,8.0009e+006
IJC,3/10/2021 00:00:00,18.7703,19.4922,18.6133,19.4608,8.7123e+006
IJC,3/11/2021 00:00:00,19.555,19.6178,19.2725,19.6178,6.0796e+006
IJC,3/12/2021 00:00:00,19.6178,19.6178,19.1783,19.4294,6.5523e+006
IJC,3/15/2021 00:00:00,19.4294,19.4608,18.8017,19.0842,9.9563e+006
IJC,3/16/2021 00:00:00,19.0842,19.0842,18.7389,18.833,5.4847e+006
IJC,3/17/2021 00:00:00,18.8644,19.4294,18.833,19.3039,5.5219e+006
IJC,3/18/2021 00:00:00,19.3666,20.0886,19.2411,20.0886,8.1228e+006
IJC,3/19/2021 00:00:00,20.0886,20.5594,19.9003,20.5594,1.07713e+007
IJC,3/22/2021 00:00:00,20.5908,20.8419,20.4025,20.6222,8.9676e+006
IJC,3/23/2021 00:00:00,20.5594,20.5594,19.2411,19.4922,1.34573e+007
IJC,3/24/2021 00:00:00,19.2097,19.2097,18.1425,18.1425,1.04313e+007
IJC,3/25/2021 00:00:00,18.1425,18.3622,17.2322,18.1739,9.848e+006
IJC,3/26/2021 00:00:00,17.9228,17.9542,16.9184,17.4833,8.2548e+006
IJC,3/29/2021 00:00:00,17.3578,17.7658,16.4789,16.9497,1.208e+007
IJC,3/30/2021 00:00:00,16.887,16.887,16.322,16.5103,4.2899e+006
IJC,3/31/2021 00:00:00,16.4475,17.452,16.1964,17.2322,2.2492e+006
IJC,4/1/2021 00:00:00,17.2322,17.5775,17.0125,17.5461,2.2658e+006
IJC,4/2/2021 00:00:00,17.8914,17.8914,17.3892,17.6717,2.6723e+006
IJC,4/5/2021 00:00:00,17.5775,17.6717,17.1695,17.295,2.5088e+006
IJC,4/6/2021 00:00:00,17.0125,17.5775,16.7928,17.5775,2.7083e+006
IJC,4/7/2021 00:00:00,17.3892,18.4878,17.2322,18.2681,6.5469e+006
IJC,4/8/2021 00:00:00,18.2681,18.3308,18.0797,18.2681,3.8366e+006
IJC,4/9/2021 00:00:00,18.2681,18.4878,18.1111,18.3308,4.2134e+006
IJC,4/12/2021 00:00:00,18.3308,18.4878,17.7658,18.0169,6.1776e+006
IJC,4/13/2021 00:00:00,18.0169,18.0169,17.0125,17.3264,4.9085e+006
IJC,4/14/2021 00:00:00,17.3264,17.3578,16.8556,17.3578,4.7663e+006
IJC,4/15/2021 00:00:00,17.3264,17.3264,16.6672,16.7928,4.6238e+006
IJC,4/16/2021 00:00:00,16.6672,16.8556,16.0081,16.4475,2.2214e+006
IJC,4/19/2021 00:00:00,16.7614,16.7614,16.2592,16.3848,1.9957e+006
IJC,4/20/2021 00:00:00,16.7614,16.9497,16.322,16.4789,3.2317e+006
IJC,4/22/2021 00:00:00,16.4475,16.6986,16.0081,16.0081,1.2329e+006
IJC,4/23/2021 00:00:00,15.6942,16.5731,15.5687,16.5731,1.3366e+006
IJC,4/26/2021 00:00:00,16.5731,16.6986,16.1336,16.1336,1.1327e+006
IJC,4/27/2021 00:00:00,16.1336,16.1964,15.7256,16.1336,964200
IJC,4/28/2021 00:00:00,16.1336,16.6986,15.8198,16.5103,1.425e+006
IJC,4/29/2021 00:00:00,16.5731,16.5731,16.1964,16.5417,1.3049e+006
IJC,5/4/2021 00:00:00,16.5417,16.5417,16.0081,16.1023,993000
IJC,5/5/2021 00:00:00,16.1023,16.8242,16.1023,16.4789,1.511e+006
IJC,5/6/2021 00:00:00,16.4789,17.5775,16.322,17.2008,4.3263e+006
IJC,5/7/2021 00:00:00,17.1381,17.5461,16.73,16.8242,1.5638e+006
IJC,5/10/2021 00:00:00,16.5103,16.8556,16.3848,16.4475,1.5172e+006
IJC,5/11/2021 00:00:00,16.3848,17.1381,16.0709,16.1336,2.9094e+006
IJC,5/12/2021 00:00:00,16.1964,16.6359,16.1964,16.5731,1.5377e+006
IJC,5/13/2021 00:00:00,16.6359,17.0753,16.3848,16.9184,3.444e+006
IJC,5/14/2021 00:00:00,17.0125,17.0753,16.5417,16.6359,1.8309e+006
IJC,5/17/2021 00:00:00,16.6359,17.0753,16.4161,17.0753,5.2206e+006
IJC,5/18/2021 00:00:00,17.1381,17.3578,16.9497,17.2008,5.7339e+006
IJC,5/19/2021 00:00:00,17.2008,17.2636,16.6672,16.9497,2.5253e+006
IJC,5/20/2021 00:00:00,16.6359,16.7928,16.322,16.3848,2.5535e+006
IJC,5/21/2021 00:00:00,16.1964,16.9497,16.0709,16.6359,3.0048e+006
IJC,5/24/2021 00:00:00,16.6359,17.7972,16.6359,17.7972,9.4973e+006
IJC,5/25/2021 00:00:00,18.0169,18.1739,17.6089,17.7972,6.7871e+006
IJC,5/26/2021 00:00:00,17.5775,18.1739,17.3578,17.9856,7.9203e+006
IJC,5/27/2021 00:00:00,17.86,18.7075,17.5147,18.3308,1.07828e+007
IJC,5/28/2021 00:00:00,18.5819,19.2097,18.3308,19.1155,1.05905e+007
IJC,5/31/2021 00:00:00,19.1155,19.2725,18.5192,19.2725,7.452e+006
IJC,6/1/2021 00:00:00,19.2725,19.963,19.2411,19.4294,8.7806e+006
IJC,6/2/2021 00:00:00,18.833,19.4294,18.0797,19.2725,6.7075e+006
IJC,6/3/2021 00:00:00,19.2725,20.5908,19.1469,20.5908,1.8683e+007
IJC,6/4/2021 00:00:00,20.9047,21.6266,20.7164,21.5324,1.16913e+007
IJC,6/7/2021 00:00:00,21.5324,21.5324,20.0258,20.685,7.2861e+006
IJC,6/8/2021 00:00:00,20.2769,20.7791,19.3039,19.555,7.4605e+006
IJC,6/9/2021 00:00:00,19.6178,20.12,18.7703,19.7433,6.9078e+006
IJC,6/10/2021 00:00:00,19.6491,20.0572,19.398,19.4608,5.7208e+006
IJC,6/11/2021 00:00:00,19.5236,20.528,19.4294,20.2141,8.3083e+006
IJC,6/14/2021 00:00:00,20.2455,20.5908,20.0886,20.2769,5.1714e+006
IJC,6/15/2021 00:00:00,20.3083,21.0616,19.7747,20.7164,7.3678e+006
IJC,6/16/2021 00:00:00,20.7791,20.9988,20.3083,20.4025,5.5876e+006
IJC,6/17/2021 00:00:00,20.1514,20.3397,19.7747,20.0258,4.4579e+006
IJC,6/18/2021 00:00:00,20.1514,21.4069,20.12,21.3127,9.8574e+006
IJC,6/21/2021 00:00:00,21.2813,22.223,21.2813,21.7522,7.0737e+006
IJC,6/22/2021 00:00:00,21.7836,21.8463,21.1558,21.1558,5.1288e+006
IJC,6/23/2021 00:00:00,21.1872,22.0033,20.7164,21.5638,8.4365e+006
IJC,6/24/2021 00:00:00,21.5638,22.2858,20.0572,20.12,1.16724e+007
IJC,6/25/2021 00:00:00,20.1827,20.6222,19.9944,20.4966,7.4424e+006
IJC,6/28/2021 00:00:00,20.4966,21.9091,20.0886,21.9091,1.01953e+007
IJC,6/29/2021 00:00:00,22.0661,22.2858,21.5952,21.9405,1.03365e+007
IJC,6/30/2021 00:00:00,21.6894,21.6894,20.6222,20.8419,7.3108e+006
IJC,7/1/2021 00:00:00,20.8419,20.9675,20.3397,20.5594,5.3209e+006
IJC,7/2/2021 00:00:00,20.5594,20.8419,19.8375,20.4966,1.02228e+007
IJC,7/5/2021 00:00:00,20.4966,20.528,19.1155,19.2097,8.1167e+006
IJC,7/6/2021 00:00:00,19.2725,19.6178,17.8914,17.8914,8.4439e+006
IJC,7/7/2021 00:00:00,17.9228,18.0169,16.9497,17.8914,3.5438e+006
IJC,7/8/2021 00:00:00,18.0169,18.5192,17.86,18.0169,4.1209e+006
IJC,7/9/2021 00:00:00,17.9542,18.2053,16.7928,16.7928,6.0072e+006
IJC,7/12/2021 00:00:00,16.4475,16.7614,15.6314,15.6314,5.5898e+006
IJC,7/13/2021 00:00:00,15.6942,15.9453,14.7526,15.6942,4.7149e+006
IJC,7/14/2021 00:00:00,15.8612,15.8612,14.6591,14.6924,5.3406e+006
IJC,7/15/2021 00:00:00,14.4253,15.6942,14.4253,15.6942,4.2357e+006
IJC,7/16/2021 00:00:00,15.8612,16.5958,15.8278,15.9279,5.4259e+006
IJC,7/19/2021 00:00:00,15.2267,15.4939,14.826,14.826,5.6196e+006
IJC,7/20/2021 00:00:00,14.826,15.2935,14.058,15.2267,2.7534e+006
IJC,7/21/2021 00:00:00,15.2935,15.6942,14.826,14.9596,3.102e+006
IJC,7/22/2021 00:00:00,15.1599,15.9947,15.0598,15.9947,7.8356e+006
IJC,7/23/2021 00:00:00,16.1617,16.6292,15.9613,15.9947,7.9933e+006
IJC,7/26/2021 00:00:00,15.8278,16.6626,15.4939,16.5624,6.2582e+006
IJC,7/27/2021 00:00:00,16.6626,16.9965,16.2953,16.4956,6.6944e+006
IJC,7/28/2021 00:00:00,16.2953,16.7627,16.2953,16.4288,6.451e+006
IJC,7/29/2021 00:00:00,16.529,16.529,16.2285,16.362,5.2829e+006
IJC,7/30/2021 00:00:00,16.2953,16.9631,16.1617,16.8295,9.6555e+006
IJC,8/2/2021 00:00:00,16.7627,16.9631,16.5624,16.6292,5.8898e+006
IJC,8/3/2021 00:00:00,16.6626,16.7294,16.4288,16.696,5.1898e+006
IJC,8/4/2021 00:00:00,16.7961,17.3972,16.7961,17.1968,1.04791e+007
IJC,8/5/2021 00:00:00,17.1635,17.464,16.8963,17.4306,5.0419e+006
IJC,8/6/2021 00:00:00,17.464,18.1652,17.2302,17.6977,8.5937e+006
IJC,8/9/2021 00:00:00,17.6977,18.4323,17.4974,18.3656,6.5768e+006
IJC,8/10/2021 00:00:00,18.4323,18.6995,18.0316,18.2988,6.7446e+006
IJC,8/11/2021 00:00:00,18.1652,18.5993,17.7311,17.7311,8.555e+006
IJC,8/12/2021 00:00:00,17.6977,18.6661,17.4974,18.2988,1.11595e+007
IJC,8/13/2021 00:00:00,18.1652,18.5325,17.7311,18.5325,9.8881e+006
IJC,8/16/2021 00:00:00,18.9332,19.6678,18.9332,19.3673,9.7842e+006
IJC,8/17/2021 00:00:00,19.2337,19.2671,18.7997,18.8998,7.21e+006
IJC,8/18/2021 00:00:00,18.9332,19.3005,18.8664,19.0334,5.18e+006
IJC,8/19/2021 00:00:00,19.0668,19.935,18.9666,19.8014,8.1436e+006
IJC,8/20/2021 00:00:00,19.8014,19.935,18.4323,18.6327,1.09609e+007
IJC,8/23/2021 00:00:00,18.399,18.6995,17.3304,17.3304,9.2522e+006
IJC,8/24/2021 00:00:00,17.1968,17.6643,16.3954,16.7961,1.00206e+007
IJC,8/25/2021 00:00:00,16.9297,17.5975,16.696,17.5642,3.6236e+006
IJC,8/26/2021 00:00:00,17.5642,17.8981,17.2636,17.3304,4.3055e+006
IJC,8/27/2021 00:00:00,17.1968,18.1652,16.8295,18.1652,6.9511e+006
IJC,8/30/2021 00:00:00,18.4323,18.6661,18.1318,18.2654,7.381e+006
IJC,8/31/2021 00:00:00,18.3656,19.2337,18.232,18.8998,1.33342e+007
IJC,9/1/2021 00:00:00,18.6995,19.2004,18.6327,19.0668,7.9142e+006
IJC,9/6/2021 00:00:00,19.3005,19.935,19.1002,19.4007,1.27573e+007
IJC,9/7/2021 00:00:00,19.3339,19.3673,18.4991,18.5659,1.1667e+007
IJC,9/8/2021 00:00:00,18.4323,18.7997,18.3656,18.4991,5.6184e+006
IJC,9/9/2021 00:00:00,18.6995,19.2671,18.5325,19.2671,5.6856e+006
IJC,9/10/2021 00:00:00,19.5009,19.5009,18.9332,18.9332,4.9148e+006
IJC,9/13/2021 00:00:00,18.833,19.167,18.5659,18.8664,5.0313e+006
IJC,9/14/2021 00:00:00,18.6995,18.8998,18.2988,18.399,6.1563e+006
IJC,9/15/2021 00:00:00,18.1652,18.6327,18.1652,18.4991,3.2383e+006
IJC,9/16/2021 00:00:00,18.5993,18.9332,18.4657,18.7329,5.4155e+006
IJC,9/17/2021 00:00:00,18.9666,19.6345,18.7329,19.4341,1.43283e+007
IJC,9/20/2021 00:00:00,19.768,19.8348,18.6327,18.8998,8.3004e+006
IJC,9/21/2021 00:00:00,18.4323,19.0668,18.2988,19.0334,7.3199e+006
IJC,9/22/2021 00:00:00,19.0334,19.4341,18.6327,19.2337,6.2211e+006
IJC,9/23/2021 00:00:00,19.5009,20.4359,19.3673,19.8014,1.71444e+007
IJC,9/24/2021 00:00:00,19.7012,20.0018,19.0668,19.3005,6.2246e+006
IJC,9/27/2021 00:00:00,19.1002,19.3005,18.3656,18.3656,6.1862e+006
IJC,9/28/2021 00:00:00,18.0316,18.6327,17.7645,18.5993,8.3976e+006
IJC,9/29/2021 00:00:00,18.4991,18.6661,18.0316,18.5659,5.3318e+006
IJC,9/30/2021 00:00:00,18.7997,18.9666,18.5993,18.5993,2.5392e+006
IJC,10/1/2021 00:00:00,18.4323,18.833,18.3656,18.3656,3.525e+006
IJC,10/4/2021 00:00:00,18.3656,18.9332,18.1652,18.5325,4.6196e+006
IJC,10/5/2021 00:00:00,18.5325,19.1002,18.5325,18.833,3.4377e+006
IJC,10/6/2021 00:00:00,19.0334,19.3339,18.833,19.2337,5.1089e+006
IJC,10/7/2021 00:00:00,19.3673,19.9016,19.3005,19.6345,9.6343e+006
IJC,10/8/2021 00:00:00,19.6678,19.768,19.0668,19.1002,6.2453e+006
IJC,10/11/2021 00:00:00,19.2004,19.3673,19,19.167,3.9488e+006
IJC,10/12/2021 00:00:00,19.3005,20.1687,19.0334,19.8348,1.2409e+007
IJC,10/13/2021 00:00:00,20.0018,20.6362,19.935,20.3357,1.06656e+007
IJC,10/14/2021 00:00:00,20.5694,20.5694,20.3023,20.3023,7.159e+006
IJC,10/15/2021 00:00:00,20.3023,20.8032,20.1019,20.5694,9.2991e+006
IJC,10/18/2021 00:00:00,20.7698,20.8366,20.2355,20.3023,6.8276e+006
IJC,10/19/2021 00:00:00,20.3023,20.6696,19.9016,20.4025,5.8423e+006
IJC,10/20/2021 00:00:00,20.6362,21.304,20.3691,20.9033,9.4263e+006
IJC,10/21/2021 00:00:00,20.9367,21.0369,20.536,20.7698,4.4804e+006
IJC,10/22/2021 00:00:00,21.0369,21.6714,20.8366,21.3374,8.4399e+006
IJC,10/25/2021 00:00:00,21.5044,22.6397,21.3708,22.0387,1.06802e+007
IJC,10/26/2021 00:00:00,21.8383,22.1722,21.4376,21.9051,6.0516e+006
IJC,10/27/2021 00:00:00,22.0053,23.0404,21.9719,22.4728,7.7457e+006
IJC,10/28/2021 00:00:00,22.5062,22.9069,22.2724,22.6397,6.7643e+006
IJC,10/29/2021 00:00:00,22.7733,22.9069,22.1722,22.3058,6.8218e+006
IJC,11/1/2021 00:00:00,22.3058,22.7065,21.7715,21.9719,9.5189e+006
IJC,11/2/2021 00:00:00,21.9719,23.5079,21.8383,23.5079,7.7912e+006
IJC,11/3/2021 00:00:00,24.71,25.1441,21.8717,21.9051,1.60398e+007
IJC,11/4/2021 00:00:00,22.0387,23.007,21.7048,22.7065,7.8849e+006
IJC,11/5/2021 00:00:00,22.9736,23.3076,22.406,22.9736,5.9958e+006
IJC,11/8/2021 00:00:00,23.1072,24.1424,22.7065,23.6081,7.2248e+006
IJC,11/9/2021 00:00:00,23.6081,23.7083,23.1072,23.3076,5.5517e+006
IJC,11/10/2021 00:00:00,23.3076,23.9754,22.9069,23.7751,6.7651e+006
IJC,11/11/2021 00:00:00,23.8084,24.8436,23.6749,24.3761,9.6288e+006
IJC,11/12/2021 00:00:00,24.5097,24.5097,23.6415,24.0422,4.9483e+006
IJC,11/15/2021 00:00:00,24.6432,24.6432,22.4394,23.3743,8.6583e+006
IJC,11/16/2021 00:00:00,22.9069,23.174,22.0387,22.2056,1.07112e+007
IJC,11/17/2021 00:00:00,22.239,22.8401,22.1388,22.5395,5.1875e+006
IJC,11/18/2021 00:00:00,22.5395,23.0404,22.0721,22.4728,6.6256e+006
IJC,11/19/2021 00:00:00,22.7065,22.7733,20.9033,20.9033,1.51786e+007
IJC,11/22/2021 00:00:00,20.8032,20.9033,19.4675,19.4675,9.5063e+006
IJC,11/23/2021 00:00:00,18.8998,20.5694,18.8998,20.4359,4.7756e+006
IJC,11/24/2021 00:00:00,20.703,20.7698,20.0685,20.2355,4.3779e+006
IJC,11/25/2021 00:00:00,20.0685,20.9367,19.8682,20.3691,4.1165e+006
IJC,11/26/2021 00:00:00,20.5694,20.6696,19.935,19.9684,5.4426e+006
IJC,11/29/2021 00:00:00,19.3673,20.5694,19.3339,20.1687,5.3905e+006
IJC,11/30/2021 00:00:00,20.703,21.2707,20.2355,20.9367,6.3562e+006
IJC,12/1/2021 00:00:00,20.8366,21.3374,20.7698,21.1371,3.6268e+006
IJC,12/2/2021 00:00:00,21.0369,21.1705,20.703,20.703,3.6369e+006
IJC,12/3/2021 00:00:00,20.703,20.8366,19.7012,19.7012,4.4683e+006
IJC,12/6/2021 00:00:00,19.7346,20.3357,19.2004,19.6345,4.7486e+006
IJC,12/7/2021 00:00:00,19.9684,20.2689,19.6345,20.0352,2.4662e+006
IJC,12/8/2021 00:00:00,20.2355,20.9033,20.1353,20.3023,3.1745e+006
IJC,12/9/2021 00:00:00,20.0352,20.8366,20.0352,20.536,2.2065e+006
IJC,12/10/2021 00:00:00,20.703,20.8032,20.2021,20.5026,3.393e+006
IJC,12/13/2021 00:00:00,20.703,21.9051,20.703,21.8383,7.8007e+006
IJC,12/14/2021 00:00:00,22.1055,22.3058,21.4376,21.638,5.8988e+006
IJC,12/15/2021 00:00:00,21.6714,21.8717,21.2373,21.2707,4.0702e+006
IJC,12/16/2021 00:00:00,21.304,22.0387,21.1705,22.0387,6.959e+006
IJC,12/17/2021 00:00:00,22.4728,22.4728,21.7048,21.8049,6.0761e+006
IJC,12/20/2021 00:00:00,21.4376,21.6714,20.7698,20.9367,5.9727e+006
IJC,12/21/2021 00:00:00,20.9701,21.5044,20.7698,21.2373,5.2827e+006
IJC,12/22/2021 00:00:00,21.3708,22.4394,21.2373,22.3058,8.8645e+006
IJC,12/23/2021 00:00:00,22.3058,22.8735,21.5712,21.9385,8.2068e+006
IJC,12/24/2021 00:00:00,22.0721,22.1055,21.4376,21.638,2.8508e+006
IJC,12/27/2021 00:00:00,21.8049,21.8383,21.1371,21.4042,3.3735e+006
IJC,12/28/2021 00:00:00,21.638,21.9051,21.1371,21.2039,5.4799e+006
IJC,12/29/2021 00:00:00,21.1705,21.5044,20.0685,20.3691,7.3527e+006
IJC,12/30/2021 00:00:00,20.3691,20.9033,20.3023,20.8032,3.1945e+006
IJC,12/31/2021 00:00:00,20.8032,20.9033,20.4025,20.9033,2.6197e+006
IJC,1/4/2022 00:00:00,21.0035,21.5378,20.7698,21.4376,4.2442e+006
IJC,1/5/2022 00:00:00,21.5378,22.2056,21.4042,21.9385,7.4397e+006
IJC,1/6/2022 00:00:00,21.9719,22.5729,21.6714,22.2056,6.2284e+006
IJC,1/7/2022 00:00:00,22.2056,22.406,21.9051,21.9051,5.055e+006
IJC,1/10/2022 00:00:00,21.8383,23.2742,21.5712,22.3726,1.114e+007
IJC,1/11/2022 00:00:00,22.3058,23.174,21.7048,22.5395,6.6161e+006
IJC,1/12/2022 00:00:00,22.239,22.5395,20.9701,21.3708,5.9576e+006
IJC,1/13/2022 00:00:00,21.4042,21.9719,20.9033,20.9033,5.2508e+006
IJC,1/14/2022 00:00:00,19.9016,21.0703,19.9016,20.3023,3.4292e+006
IJC,1/17/2022 00:00:00,20.536,20.8366,18.8998,18.8998,6.4541e+006
IJC,1/18/2022 00:00:00,18.3656,18.8998,18.0316,18.065,4.2569e+006
IJC,1/19/2022 00:00:00,18.6995,19.2337,18.232,19.2337,2.4054e+006
IJC,1/20/2022 00:00:00,19.3673,20.0352,19.1002,19.8348,2.4654e+006
IJC,1/21/2022 00:00:00,19.7012,19.9016,19.167,19.3005,2.5058e+006
IJC,1/24/2022 00:00:00,19.3673,19.3673,17.9649,17.9649,3.0254e+006
IJC,1/25/2022 00:00:00,17.8313,18.6995,17.8313,18.5993,1.6543e+006
IJC,1/26/2022 00:00:00,18.7997,18.833,18.3656,18.4991,1.6994e+006
IJC,1/27/2022 00:00:00,18.4991,18.6327,17.9315,18.065,1.6442e+006
IJC,1/28/2022 00:00:00,18.0316,18.3656,17.8981,18.3656,1.8175e+006
IJC,2/7/2022 00:00:00,18.7663,19.2337,18.5659,19.0334,1.31e+006
IJC,2/8/2022 00:00:00,19.0668,19.3339,18.8998,19.2337,1.501e+006
IJC,2/9/2022 00:00:00,18.8998,19.7012,18.8998,19.5009,1.9603e+006
IJC,2/10/2022 00:00:00,19.6345,19.6345,19.0334,19.1336,1.7608e+006
IJC,2/11/2022 00:00:00,19.2004,19.6011,19.1336,19.3339,1.4619e+006
IJC,2/14/2022 00:00:00,19.3005,19.8348,19.1002,19.4341,2.2172e+006
IJC,2/15/2022 00:00:00,19.4675,19.7012,19.2337,19.4675,1.0636e+006
IJC,2/16/2022 00:00:00,19.6345,20.1019,19.5009,19.9016,1.9485e+006
IJC,2/17/2022 00:00:00,19.9016,19.9016,19.6345,19.7012,1.1888e+006
IJC,2/18/2022 00:00:00,19.4341,19.8348,19.3673,19.6678,2.0877e+006
IJC,2/21/2022 00:00:00,19.6345,20.3023,19.5009,19.9016,2.8852e+006
IJC,2/22/2022 00:00:00,19.6345,19.8348,18.6995,19.2671,2.864e+006
IJC,2/23/2022 00:00:00,19.3673,19.768,19.2337,19.3673,2.1284e+006
IJC,2/24/2022 00:00:00,19.3339,19.768,18.4323,19.1336,3.3314e+006
IJC,2/25/2022 00:00:00,19.3673,19.5009,19.2337,19.2337,1.3261e+006
IJC,2/28/2022 00:00:00,19.2337,19.3673,19,19.1336,1.8022e+006
IJC,3/1/2022 00:00:00,19.167,19.5009,19.0668,19.3339,2.494e+006
IJC,3/2/2022 00:00:00,19.3339,19.5009,19.2004,19.2004,2.2739e+006
IJC,3/3/2022 00:00:00,19.3005,19.5009,19.1002,19.3005,2.1588e+006
IJC,3/4/2022 00:00:00,19.3339,20.4025,19.3339,20.0352,5.385e+006
IJC,3/7/2022 00:00:00,20.0352,20.6362,19.8348,20.0352,2.6726e+006
IJC,3/8/2022 00:00:00,19.8348,20.1019,19.4341,19.4341,1.9291e+006
IJC,3/9/2022 00:00:00,19.3673,19.6345,18.833,19.3673,2.8564e+006
IJC,3/10/2022 00:00:00,19.5009,19.768,18.8998,19.3673,1.6726e+006
IJC,3/11/2022 00:00:00,19.3005,19.6345,19.1002,19.3673,1.59e+006
IJC,3/14/2022 00:00:00,19.3005,19.3339,18.6995,18.6995,2.0849e+006
IJC,3/15/2022 00:00:00,18.7663,19.2004,18.6327,19.0668,1.4722e+006
IJC,3/16/2022 00:00:00,19.3005,19.3005,19,19.0334,1.0476e+006
IJC,3/17/2022 00:00:00,19.1336,19.3673,19.0334,19.0668,1.1822e+006
IJC,3/18/2022 00:00:00,19.1002,19.2671,19.0668,19.167,1.2795e+006
IJC,3/21/2022 00:00:00,19.4007,19.5343,19.2337,19.5009,2.1079e+006
IJC,3/22/2022 00:00:00,19.6011,19.8682,19.4675,19.4675,1.9154e+006
IJC,3/23/2022 00:00:00,19.5009,19.5677,19.3339,19.3673,1.7644e+006
IJC,3/24/2022 00:00:00,19.4341,20.2021,19.2337,20.1019,5.5748e+006
IJC,3/25/2022 00:00:00,20.3023,20.4025,19.8348,19.8348,2.5236e+006
IJC,3/28/2022 00:00:00,19.7012,20.0018,19.2337,19.768,3.1716e+006
IJC,3/29/2022 00:00:00,19.768,20.0352,19.6345,19.8014,2.2135e+006
IJC,3/30/2022 00:00:00,19.4675,19.8014,19.2004,19.2337,2.524e+006
IJC,3/31/2022 00:00:00,19.1002,19.4675,19.1002,19.1002,1.4238e+006
IJC,4/1/2022 00:00:00,19.0334,19.4675,18.9666,19.2671,1.4221e+006
IJC,4/4/2022 00:00:00,19.2671,19.6345,19.2671,19.4007,1.6751e+006
IJC,4/5/2022 00:00:00,19.5677,19.5677,19.3339,19.3339,1.4148e+006
IJC,4/6/2022 00:00:00,19.1002,19.3339,19.0334,19.167,1.9147e+006
IJC,4/7/2022 00:00:00,19.2671,19.3005,19.0334,19.0334,1.5586e+006
IJC,4/8/2022 00:00:00,19.0334,19.2337,18.1652,18.1652,2.3645e+006
IJC,4/12/2022 00:00:00,18.4323,18.5659,17.6643,17.6643,1.9053e+006
IJC,4/13/2022 00:00:00,17.7311,18.2988,17.3638,18.2988,1.7579e+006
IJC,4/14/2022 00:00:00,18.4323,18.4323,17.9982,18.0984,645300
IJC,4/15/2022 00:00:00,18.0316,18.3322,17.8313,17.8647,1.3231e+006
IJC,4/18/2022 00:00:00,17.8647,17.8647,16.6292,16.6292,3.9119e+006
IJC,4/19/2022 00:00:00,16.6292,16.8963,16.0281,16.0281,1.9174e+006
IJC,4/20/2022 00:00:00,15.8946,15.9947,14.9262,14.9262,2.6274e+006
IJC,4/21/2022 00:00:00,14.3585,15.3603,13.891,14.5255,4.2011e+006
IJC,4/22/2022 00:00:00,14.8928,15.2267,14.2584,14.6257,1.083e+006
IJC,4/25/2022 00:00:00,14.7926,14.7926,13.6239,13.6239,1.4697e+006
IJC,4/26/2022 00:00:00,13.3568,13.7575,12.8225,13.7575,1.4785e+006
IJC,4/27/2022 00:00:00,13.6907,14.225,13.5571,14.058,984500
IJC,4/28/2022 00:00:00,14.0914,14.5923,14.0914,14.0914,975400
IJC,4/29/2022 00:00:00,13.891,14.4921,13.8243,14.4253,1.3575e+006
IJC,5/4/2022 00:00:00,14.2917,14.5589,14.0914,14.4253,705300
IJC,5/5/2022 00:00:00,14.7258,14.7592,14.0246,14.3585,1.0339e+006
IJC,5/6/2022 00:00:00,13.7575,14.1582,13.6907,13.6907,721900
IJC,5/9/2022 00:00:00,13.8243,13.8243,12.7557,12.7557,2.4176e+006
IJC,5/10/2022 00:00:00,11.9877,12.7223,11.8875,12.355,1.5586e+006
IJC,5/11/2022 00:00:00,12.7557,12.7557,12.355,12.4552,600100
IJC,5/12/2022 00:00:00,12.4552,12.522,11.587,11.587,1.721e+006
IJC,5/13/2022 00:00:00,11.0193,11.5536,10.7856,10.7856,3.046e+006
IJC,5/16/2022 00:00:00,10.8524,11.2531,10.5852,10.6854,892400
IJC,5/17/2022 00:00:00,10.7856,11.42,10.4183,11.42,1.3159e+006
IJC,5/18/2022 00:00:00,11.5536,11.8875,11.5202,11.6872,1.4428e+006
IJC,5/19/2022 00:00:00,11.3199,11.6872,11.2197,11.587,893800
IJC,5/20/2022 00:00:00,11.4534,11.9543,11.4534,11.754,1.0542e+006
IJC,5/23/2022 00:00:00,11.8875,12.1547,11.4534,11.6538,1.2953e+006
IJC,5/24/2022 00:00:00,11.6538,11.9209,11.2531,11.6204,833300
IJC,5/25/2022 00:00:00,11.6872,12.1547,11.6204,12.1213,1.39e+006
IJC,5/26/2022 00:00:00,12.2548,12.4886,12.1547,12.2882,1.5686e+006
IJC,5/27/2022 00:00:00,12.4886,12.6889,12.355,12.5554,1.4559e+006
IJC,5/30/2022 00:00:00,12.5554,12.8893,12.4886,12.8559,1.7553e+006
IJC,5/31/2022 00:00:00,12.8225,13.4903,12.6221,13.29,2.2197e+006
IJC,6/1/2022 00:00:00,13.3234,13.9912,13.2232,13.8576,2.9032e+006
IJC,6/2/2022 00:00:00,13.8576,14.6591,13.8576,14.4587,2.9896e+006
IJC,6/3/2022 00:00:00,14.6591,14.826,13.891,13.9244,1.7484e+006
IJC,6/6/2022 00:00:00,13.8243,14.1582,13.6907,13.7575,1.2846e+006
IJC,6/7/2022 00:00:00,13.4903,13.7575,13.123,13.4236,1.8469e+006
IJC,6/8/2022 00:00:00,13.5571,14.3585,13.5571,14.3585,2.06e+006
IJC,6/9/2022 00:00:00,14.6257,14.6591,14.3585,14.5255,1.4745e+006
IJC,6/10/2022 00:00:00,14.1248,15.2935,14.1248,14.5589,1.9541e+006
IJC,6/13/2022 00:00:00,13.891,14.2917,13.5571,13.5571,2.033e+006
IJC,6/14/2022 00:00:00,12.7557,13.8243,12.7557,13.29,1.3092e+006
IJC,6/15/2022 00:00:00,13.4236,13.6573,12.7557,13.4236,1.3814e+006
IJC,6/16/2022 00:00:00,13.8243,13.8243,13.29,13.29,873500
IJC,6/17/2022 00:00:00,12.6889,12.9227,12.3884,12.5554,1.9254e+006
IJC,6/20/2022 00:00:00,12.4886,12.7557,11.6872,11.6872,1.565e+006
IJC,6/21/2022 00:00:00,11.6204,11.9543,10.9526,11.7206,1.6008e+006
IJC,6/22/2022 00:00:00,11.8207,12.1547,11.6204,12.0211,833200
IJC,6/23/2022 00:00:00,12.0211,12.355,11.9543,12.355,567800
IJC,6/24/2022 00:00:00,12.4886,12.5554,12.0545,12.2548,683400
IJC,6/27/2022 00:00:00,12.3216,12.8225,12.2214,12.8225,912400
IJC,6/28/2022 00:00:00,12.8225,13.1564,12.6889,12.9561,706700
IJC,6/29/2022 00:00:00,12.8893,13.0229,12.6889,12.8893,462300
IJC,6/30/2022 00:00:00,12.8559,13.0229,12.1547,12.1547,764100
IJC,7/1/2022 00:00:00,12.0545,12.355,11.7206,12.1547,694400
IJC,7/4/2022 00:00:00,12.4886,12.4886,12.1547,12.1547,333700
IJC,7/5/2022 00:00:00,12.1547,12.3216,11.8541,11.9209,500200
IJC,7/6/2022 00:00:00,11.754,12.0879,11.5536,11.6872,524900
IJC,7/7/2022 00:00:00,11.6204,11.8207,11.42,11.6538,409200
IJC,7/8/2022 00:00:00,11.6872,12.2882,11.6872,12.2214,713600
IJC,7/11/2022 00:00:00,12.1881,12.355,11.7206,12.0211,420900
IJC,7/12/2022 00:00:00,12.0211,12.8225,12.0211,12.8225,1.4249e+006
IJC,7/13/2022 00:00:00,12.8559,12.9227,12.5888,12.5888,942700
IJC,7/14/2022 00:00:00,12.4552,13.0896,12.355,13.0562,1.3837e+006
IJC,7/15/2022 00:00:00,13.0562,13.29,12.9227,12.9227,1.2611e+006
IJC,7/18/2022 00:00:00,13.123,13.2566,12.8893,13.0562,679100
IJC,7/19/2022 00:00:00,13.0562,13.0562,12.6221,12.7891,866400
IJC,7/20/2022 00:00:00,13.0229,13.29,12.8893,13.2232,1.5237e+006
IJC,7/21/2022 00:00:00,13.3568,13.6239,13.1898,13.1898,1.3478e+006
IJC,7/22/2022 00:00:00,13.1898,13.3234,13.0562,13.0896,987500
IJC,7/25/2022 00:00:00,13.123,13.3568,12.9561,13.0896,923300
IJC,7/26/2022 00:00:00,13.29,13.29,12.5888,12.6221,1.3704e+006
IJC,7/27/2022 00:00:00,12.6221,12.8225,12.4218,12.7223,660300
IJC,7/28/2022 00:00:00,12.9561,13.3234,12.8893,13.2232,2.0096e+006
IJC,7/29/2022 00:00:00,13.4903,13.4903,13.1564,13.1898,1.0665e+006
IJC,8/1/2022 00:00:00,13.2566,13.8576,13.1898,13.8243,3.0315e+006
IJC,8/2/2022 00:00:00,13.891,13.9912,13.6239,13.7575,2.15e+006
IJC,8/3/2022 00:00:00,13.6907,14.225,13.5905,13.8576,1.5783e+006
IJC,8/4/2022 00:00:00,13.9578,14.0246,13.4903,13.6573,1.9264e+006
IJC,8/5/2022 00:00:00,13.4903,13.7909,13.4903,13.7909,1.0806e+006
IJC,8/8/2022 00:00:00,13.891,13.9244,13.6907,13.8243,1.2249e+006
IJC,8/9/2022 00:00:00,13.8576,14.0246,13.7909,13.8243,1.4928e+006
IJC,8/10/2022 00:00:00,13.7575,14.7592,13.7575,14.7592,3.7628e+006
IJC,8/11/2022 00:00:00,15.2601,15.3269,14.5923,14.6591,3.3806e+006
IJC,8/12/2022 00:00:00,14.6257,15.4939,14.4921,15.3269,2.8124e+006
IJC,8/15/2022 00:00:00,15.4939,16.1617,15.4939,15.8278,2.4211e+006
IJC,8/16/2022 00:00:00,15.8278,16.0281,15.4939,15.9613,2.8105e+006
IJC,8/17/2022 00:00:00,15.9613,16.2953,15.4605,15.4939,3.4373e+006
IJC,8/18/2022 00:00:00,15.4939,15.594,15.1599,15.4939,2.1528e+006
IJC,8/19/2022 00:00:00,15.3937,15.9279,15.3937,15.6274,2.4718e+006
IJC,8/22/2022 00:00:00,15.6274,16.2619,15.4939,16.0281,3.13e+006
IJC,8/23/2022 00:00:00,15.8946,16.2619,15.8278,16.2285,1.6018e+006
IJC,8/24/2022 00:00:00,16.3287,16.3287,15.9613,16.0949,1.5447e+006
IJC,8/25/2022 00:00:00,16.1617,16.2285,15.761,15.8278,1.9533e+006
IJC,8/26/2022 00:00:00,15.7944,15.9947,15.3603,15.5272,3.0929e+006
IJC,8/29/2022 00:00:00,15.0598,15.2935,14.5255,15.2935,2.9676e+006
IJC,8/30/2022 00:00:00,15.3603,15.7944,15.1265,15.1265,1.3273e+006
IJC,8/31/2022 00:00:00,14.9596,15.2935,14.7926,15.2267,1.5452e+006
IJC,9/5/2022 00:00:00,15.1933,15.2601,14.9596,14.993,1.3039e+006
IJC,9/6/2022 00:00:00,14.993,15.1599,14.9596,15.0264,1.2484e+006
IJC,9/7/2022 00:00:00,14.993,15.0264,14.0246,14.0246,2.2861e+006
IJC,9/8/2022 00:00:00,14.3251,14.3251,13.5237,13.5571,1.7918e+006
IJC,9/9/2022 00:00:00,13.6239,13.9912,13.4903,13.9912,1.3138e+006
IJC,9/12/2022 00:00:00,14.1582,14.2917,14.058,14.1248,886900
IJC,9/13/2022 00:00:00,14.1582,14.1582,13.8576,13.9578,964900
IJC,9/14/2022 00:00:00,13.3902,13.9912,13.3568,13.9244,1.3438e+006
IJC,9/15/2022 00:00:00,14.0246,14.4253,13.9912,14.2584,1.5332e+006
IJC,9/16/2022 00:00:00,14.1582,14.2917,13.7575,13.7575,1.666e+006
IJC,9/19/2022 00:00:00,13.9578,14.0914,13.29,13.4903,2.2034e+006
IJC,9/20/2022 00:00:00,13.6907,13.8243,13.2232,13.7575,712900
IJC,9/21/2022 00:00:00,13.5571,13.9912,13.5571,13.891,865100
IJC,9/22/2022 00:00:00,13.6907,14.2917,13.6907,14.1916,1.7071e+006
IJC,9/23/2022 00:00:00,14.1582,14.2917,13.7575,13.7575,1.7891e+006
IJC,9/26/2022 00:00:00,13.4236,13.4236,12.8225,12.8225,2.9952e+006
IJC,9/27/2022 00:00:00,12.8225,12.9561,12.2214,12.4218,2.1776e+006
IJC,9/28/2022 00:00:00,12.2214,12.4886,11.6204,11.754,1.8163e+006
IJC,9/29/2022 00:00:00,12.0211,12.2882,10.9526,10.9526,4.6714e+006
IJC,9/30/2022 00:00:00,10.7522,11.1529,10.2179,11.1529,2.5249e+006
IJC,10/3/2022 00:00:00,11.0861,11.1195,10.3849,10.3849,2.341e+006
IJC,10/4/2022 00:00:00,10.5518,10.5852,9.75044,9.75044,3.0255e+006
IJC,10/5/2022 00:00:00,9.88401,10.3849,9.88401,10.3849,2.2884e+006
IJC,10/6/2022 00:00:00,10.5185,10.5185,9.68366,9.68366,3.4884e+006
IJC,10/7/2022 00:00:00,9.31635,9.31635,9.01582,9.01582,6.0585e+006
IJC,10/10/2022 00:00:00,8.74868,9.38313,8.74868,9.34974,1.8741e+006
IJC,10/11/2022 00:00:00,9.28296,9.28296,8.71529,8.71529,1.2221e+006
IJC,10/12/2022 00:00:00,8.44816,9.116,8.38137,8.74868,2.0468e+006
IJC,10/13/2022 00:00:00,8.88225,9.01582,8.74868,8.88225,915700
IJC,10/14/2022 00:00:00,9.14939,9.48331,9.0826,9.48331,2.9811e+006
IJC,10/17/2022 00:00:00,9.5167,9.85062,9.41652,9.81723,2.4518e+006
IJC,10/18/2022 00:00:00,10.1511,10.2179,9.81723,9.81723,2.5961e+006
IJC,10/19/2022 00:00:00,9.85062,9.88401,9.58348,9.61687,2.0004e+006
IJC,10/20/2022 00:00:00,9.5167,9.75044,9.34974,9.34974,1.7193e+006
IJC,10/21/2022 00:00:00,9.38313,9.38313,8.71529,8.71529,3.0556e+006
IJC,10/24/2022 00:00:00,8.71529,8.74868,8.11424,8.11424,3.2264e+006
IJC,10/25/2022 00:00:00,7.91389,8.64851,7.61336,8.2812,2.2214e+006
IJC,10/26/2022 00:00:00,8.34798,8.58173,8.04745,8.11424,1.0665e+006
IJC,10/27/2022 00:00:00,8.34798,8.6819,8.14763,8.6819,1.8525e+006
IJC,10/28/2022 00:00:00,8.88225,9.0826,8.78208,8.78208,2.0842e+006
IJC,10/31/2022 00:00:00,8.78208,8.88225,8.31459,8.78208,1.6229e+006
IJC,11/1/2022 00:00:00,8.94904,9.21617,8.88225,8.88225,1.8845e+006
IJC,11/2/2022 00:00:00,8.91564,9.116,8.81547,8.84886,1.2692e+006
IJC,11/3/2022 00:00:00,8.64851,8.98243,8.64851,8.81547,1.724e+006
IJC,11/4/2022 00:00:00,8.6819,8.71529,8.21441,8.21441,2.7254e+006
IJC,11/7/2022 00:00:00,8.08085,8.18102,7.64675,7.64675,3.2378e+006
IJC,11/8/2022 00:00:00,7.21266,7.68014,7.21266,7.47979,2.4328e+006
IJC,11/9/2022 00:00:00,7.68014,7.8471,7.4464,7.61336,1.3375e+006
IJC,11/10/2022 00:00:00,7.54658,7.61336,7.11248,7.11248,1.4041e+006
IJC,11/11/2022 00:00:00,7.17926,7.47979,6.61828,6.61828,3.8967e+006
IJC,11/14/2022 00:00:00,6.34447,6.37786,6.15747,6.15747,3.7298e+006
IJC,11/15/2022 00:00:00,5.87698,6.58489,5.73005,6.44464,4.6642e+006
IJC,11/16/2022 00:00:00,6.20422,6.87874,6.07733,6.87874,2.4753e+006
IJC,11/17/2022 00:00:00,6.94552,7.17926,6.74517,7.0123,2.4921e+006
IJC,11/18/2022 00:00:00,6.97891,7.4464,6.63164,7.27944,3.0622e+006
IJC,11/21/2022 00:00:00,7.47979,7.47979,7.21266,7.31283,2.6754e+006
IJC,11/22/2022 00:00:00,7.21266,7.81371,7.14587,7.17926,3.7642e+006
IJC,11/23/2022 00:00:00,7.21266,7.31283,6.91213,6.91213,1.5581e+006
IJC,11/24/2022 00:00:00,6.87874,7.11248,6.67839,6.94552,1.685e+006
IJC,11/25/2022 00:00:00,7.14587,7.41301,7.0457,7.41301,1.3764e+006
IJC,11/28/2022 00:00:00,7.91389,7.91389,7.91389,7.91389,765000
IJC,11/29/2022 00:00:00,8.44816,8.44816,8.01406,8.44816,7.2594e+006
IJC,11/30/2022 00:00:00,8.61512,8.94904,8.38137,8.94904,3.2464e+006
IJC,12/1/2022 00:00:00,9.21617,9.41652,8.54833,8.61512,5.2853e+006
IJC,12/2/2022 00:00:00,8.44816,9.0826,8.38137,9.0826,3.9342e+006
IJC,12/5/2022 00:00:00,9.28296,9.38313,9.04921,9.116,3.9842e+006
IJC,12/6/2022 00:00:00,9.01582,9.0826,8.48155,8.48155,4.4113e+006
IJC,12/7/2022 00:00:00,8.34798,8.38137,7.94728,8.01406,3.7353e+006
IJC,12/8/2022 00:00:00,8.18102,8.54833,8.18102,8.54833,2.5394e+006
IJC,12/9/2022 00:00:00,8.61512,8.84886,8.38137,8.81547,1.9675e+006
IJC,12/12/2022 00:00:00,8.94904,9.0826,8.41477,8.41477,2.7885e+006
IJC,12/13/2022 00:00:00,8.44816,8.6819,8.21441,8.6819,1.6189e+006
IJC,12/14/2022 00:00:00,8.94904,8.94904,8.74868,8.81547,2.594e+006
IJC,12/15/2022 00:00:00,8.84886,9.01582,8.6819,8.88225,2.1953e+006
IJC,12/16/2022 00:00:00,8.71529,9.48331,8.61512,9.48331,8.3601e+006
IJC,12/19/2022 00:00:00,9.68366,9.88401,9.14939,9.14939,3.8144e+006
IJC,12/20/2022 00:00:00,9.14939,9.24956,8.51494,8.51494,6.4705e+006
IJC,12/21/2022 00:00:00,8.6819,8.74868,8.11424,8.44816,3.0391e+006
IJC,12/22/2022 00:00:00,8.61512,8.6819,8.31459,8.64851,1.6206e+006
IJC,12/23/2022 00:00:00,8.54833,8.64851,8.41477,8.58173,1.0895e+006
IJC,12/26/2022 00:00:00,8.58173,8.58173,8.01406,8.01406,2.5965e+006
IJC,12/27/2022 00:00:00,7.88049,8.34798,7.81371,8.31459,1.2012e+006
IJC,12/28/2022 00:00:00,8.41477,8.41477,8.14763,8.24781,862200
IJC,12/29/2022 00:00:00,8.24781,8.38137,8.04745,8.08085,688800
IJC,12/30/2022 00:00:00,8.14763,8.24781,8.01406,8.08085,1.3435e+006
IJC,1/3/2023 00:00:00,8.11424,8.61512,8.11424,8.61512,1.8577e+006
IJC,1/4/2023 00:00:00,8.94904,8.94904,8.61512,8.6819,1.9324e+006
IJC,1/5/2023 00:00:00,8.81547,8.94904,8.58173,8.81547,1.8762e+006
IJC,1/6/2023 00:00:00,8.81547,8.91564,8.54833,8.58173,1.5453e+006
IJC,1/9/2023 00:00:00,8.6819,8.71529,8.48155,8.51494,838500
IJC,1/10/2023 00:00:00,8.51494,8.84886,8.34798,8.74868,1.5612e+006
IJC,1/11/2023 00:00:00,8.81547,9.01582,8.74868,8.74868,1.7713e+006
IJC,1/12/2023 00:00:00,8.91564,8.91564,8.71529,8.81547,961200
IJC,1/13/2023 00:00:00,8.91564,9.14939,8.84886,9.01582,2.4667e+006
IJC,1/16/2023 00:00:00,9.0826,9.34974,8.98243,9.28296,2.3227e+006
IJC,1/17/2023 00:00:00,9.28296,9.61687,9.28296,9.55009,2.2686e+006
IJC,1/18/2023 00:00:00,9.61687,9.61687,9.34974,9.48331,2.8184e+006
IJC,1/19/2023 00:00:00,9.41652,9.61687,9.34974,9.58348,2.2699e+006
IJC,1/27/2023 00:00:00,9.61687,9.81723,9.5167,9.61687,2.7829e+006
IJC,1/30/2023 00:00:00,9.65027,10.051,9.55009,9.75044,4.4327e+006
IJC,1/31/2023 00:00:00,9.75044,9.88401,9.5167,9.88401,2.187e+006
IJC,2/1/2023 00:00:00,9.95079,9.95079,9.21617,9.21617,3.699e+006
IJC,2/2/2023 00:00:00,9.21617,9.28296,8.84886,8.98243,2.4697e+006
IJC,2/3/2023 00:00:00,9.29631,9.33505,9.02517,9.0639,1.3356e+006
IJC,2/6/2023 00:00:00,8.98643,9.29631,8.98643,9.21884,1.4161e+006
IJC,2/7/2023 00:00:00,9.21884,9.37378,8.79276,9.02517,1.6356e+006
IJC,2/8/2023 00:00:00,9.02517,9.29631,8.75403,9.18011,1.2777e+006
IJC,2/9/2023 00:00:00,9.18011,9.21884,8.98643,9.21884,1.0482e+006
IJC,2/10/2023 00:00:00,9.18011,9.21884,8.67656,8.67656,2.1869e+006
IJC,2/13/2023 00:00:00,8.56035,8.67656,8.17301,8.36668,2.1769e+006
IJC,2/14/2023 00:00:00,8.44415,8.71529,8.36668,8.63782,987400
IJC,2/15/2023 00:00:00,8.52162,8.98643,8.52162,8.98643,1.5933e+006
IJC,2/16/2023 00:00:00,9.14137,9.18011,9.02517,9.10264,889600
IJC,2/17/2023 00:00:00,9.10264,9.29631,9.02517,9.0639,1.7263e+006
IJC,2/20/2023 00:00:00,9.29631,9.68366,9.25758,9.68366,3.351e+006
IJC,2/21/2023 00:00:00,10.1872,10.3421,10.0323,10.3421,1.13594e+007
IJC,2/22/2023 00:00:00,10.1485,10.807,10.1485,10.2647,5.7391e+006
IJC,2/23/2023 00:00:00,10.3809,10.7295,10.1485,10.7295,5.7083e+006
IJC,2/24/2023 00:00:00,10.9619,11.233,10.7295,10.7295,4.8125e+006
IJC,2/27/2023 00:00:00,10.4971,10.6908,9.99354,9.99354,6.442e+006
IJC,2/28/2023 00:00:00,10.071,10.1485,9.29631,9.37378,7.3819e+006
IJC,3/1/2023 00:00:00,9.48999,9.9548,9.10264,9.9548,3.4605e+006
IJC,3/2/2023 00:00:00,9.99354,10.1097,9.52872,9.56745,2.9417e+006
IJC,3/3/2023 00:00:00,9.52872,9.79986,9.37378,9.37378,3.3301e+006
IJC,3/6/2023 00:00:00,9.64492,9.99354,9.60619,9.8386,4.0977e+006
IJC,3/7/2023 00:00:00,9.8386,9.91607,9.64492,9.68366,2.1477e+006
IJC,3/8/2023 00:00:00,9.56745,9.99354,9.52872,9.99354,2.612e+006
IJC,3/9/2023 00:00:00,10.1485,10.2647,9.99354,9.99354,2.6239e+006
IJC,3/10/2023 00:00:00,9.91607,10.0323,9.72239,9.76113,2.9717e+006
IJC,3/13/2023 00:00:00,9.76113,10.1097,9.68366,9.72239,3.1893e+006
IJC,3/14/2023 00:00:00,9.72239,9.76113,9.29631,9.41252,3.7069e+006
IJC,3/15/2023 00:00:00,9.68366,10.0323,9.60619,10.0323,3.4265e+006
IJC,3/16/2023 00:00:00,9.87733,9.91607,9.68366,9.72239,1.7411e+006
IJC,3/17/2023 00:00:00,9.87733,9.91607,9.68366,9.79986,1.6088e+006
IJC,3/20/2023 00:00:00,9.68366,9.8386,9.41252,9.45125,2.3331e+006
IJC,3/21/2023 00:00:00,9.56745,9.64492,9.37378,9.60619,1.5359e+006
IJC,3/22/2023 00:00:00,9.68366,9.76113,9.60619,9.64492,1.8035e+006
IJC,3/23/2023 00:00:00,9.60619,9.76113,9.45125,9.72239,1.382e+006
IJC,3/24/2023 00:00:00,9.76113,9.99354,9.76113,9.87733,2.7487e+006
IJC,3/27/2023 00:00:00,9.99354,10.1872,9.87733,10.1872,2.5285e+006
IJC,3/28/2023 00:00:00,10.2647,10.4584,10.071,10.071,3.5798e+006
IJC,3/29/2023 00:00:00,10.071,10.1872,9.87733,10.1097,1.6146e+006
IJC,3/30/2023 00:00:00,10.2647,10.3421,9.91607,9.91607,2.5552e+006
IJC,3/31/2023 00:00:00,9.9548,10.2259,9.87733,10.071,2.3758e+006
IJC,4/3/2023 00:00:00,10.4584,10.7682,10.3421,10.7682,7.543e+006
IJC,4/4/2023 00:00:00,11.0781,11.0781,10.7682,10.8457,2.9268e+006
IJC,4/5/2023 00:00:00,10.8457,11.0394,10.6133,11.0006,4.295e+006
IJC,4/6/2023 00:00:00,11.0781,11.4655,10.6908,10.6908,6.5525e+006
IJC,4/7/2023 00:00:00,10.7682,11.0394,10.6133,10.8457,3.4887e+006
IJC,4/10/2023 00:00:00,11.0781,11.1556,10.6908,10.6908,3.2388e+006
IJC,4/11/2023 00:00:00,10.807,10.8457,10.4971,10.8457,2.9523e+006
IJC,4/12/2023 00:00:00,10.9619,11.388,10.7682,11.1556,6.9132e+006
IJC,4/13/2023 00:00:00,11.3105,11.5817,11.233,11.3492,6.4108e+006
IJC,4/14/2023 00:00:00,11.4655,11.4655,10.5746,10.5746,4.6562e+006
IJC,4/17/2023 00:00:00,10.6908,10.6908,10.1872,10.2259,4.7898e+006
IJC,4/18/2023 00:00:00,10.2647,10.5746,10.1872,10.5746,2.2606e+006
IJC,4/19/2023 00:00:00,10.5746,10.6908,10.2647,10.3034,2.6578e+006
IJC,4/20/2023 00:00:00,10.2647,10.4196,10.1872,10.3421,1.3435e+006
IJC,4/21/2023 00:00:00,10.3421,10.5358,9.99354,10.071,3.5419e+006
IJC,4/24/2023 00:00:00,10.1872,10.5358,10.071,10.4196,2.1717e+006
IJC,4/25/2023 00:00:00,10.4971,10.5746,10.1485,10.2259,2.0907e+006
IJC,4/26/2023 00:00:00,10.3034,10.5358,10.1872,10.5358,2.5237e+006
IJC,4/27/2023 00:00:00,10.6133,10.807,10.5358,10.5746,2.8042e+006
IJC,4/28/2023 00:00:00,10.6908,10.8457,10.6133,10.7682,2.3822e+006
IJC,5/4/2023 00:00:00,10.7682,10.9232,10.5358,10.652,2.7148e+006
IJC,5/5/2023 00:00:00,10.6908,10.7295,10.5358,10.6133,2.0098e+006
IJC,5/8/2023 00:00:00,10.7295,10.9232,10.652,10.7682,2.3462e+006
IJC,5/9/2023 00:00:00,10.9232,11.0781,10.6908,10.6908,3.3584e+006
IJC,5/10/2023 00:00:00,10.7682,11.0394,10.7295,11.0006,3.2006e+006
IJC,5/11/2023 00:00:00,11.233,11.3105,10.9619,11.0006,4.4914e+006
IJC,5/12/2023 00:00:00,10.9619,11.1168,10.9232,11.0781,3.2443e+006
IJC,5/15/2023 00:00:00,11.233,11.233,10.652,10.652,4.8178e+006
IJC,5/16/2023 00:00:00,10.7295,10.807,10.6133,10.6908,2.3466e+006
IJC,5/17/2023 00:00:00,10.807,10.9232,10.6133,10.6133,2.5982e+006
IJC,5/18/2023 00:00:00,10.6908,10.7682,10.5746,10.6908,1.4244e+006
IJC,5/19/2023 00:00:00,10.6908,10.8457,10.652,10.807,2.1042e+006
IJC,5/22/2023 00:00:00,10.8844,11.0781,10.8457,11.0006,3.11e+006
IJC,5/23/2023 00:00:00,11.1168,11.1168,10.8457,10.9232,2.2727e+006
IJC,5/24/2023 00:00:00,10.9619,11.1556,10.9232,10.9619,2.9959e+006
IJC,5/25/2023 00:00:00,10.9232,11.3105,10.8844,11.0781,4.1694e+006
IJC,5/26/2023 00:00:00,11.1556,11.1943,11.0394,11.0781,2.3217e+006
IJC,5/29/2023 00:00:00,11.233,11.5429,11.1556,11.3105,5.1896e+006
IJC,5/30/2023 00:00:00,11.4267,11.5429,11.233,11.3492,2.7702e+006
IJC,5/31/2023 00:00:00,11.3492,11.5042,11.2718,11.388,3.2436e+006
IJC,6/1/2023 00:00:00,11.3105,11.4267,11.233,11.3105,2.8532e+006
IJC,6/2/2023 00:00:00,11.4267,11.5429,11.2718,11.388,3.4354e+006
IJC,6/5/2023 00:00:00,11.5042,11.5042,11.233,11.233,2.566e+006
IJC,6/6/2023 00:00:00,11.233,11.388,11.1168,11.3105,2.3499e+006
IJC,6/7/2023 00:00:00,11.4267,11.7753,11.3105,11.7753,6.8733e+006
IJC,6/8/2023 00:00:00,11.9303,11.9303,11.3492,11.3492,4.1729e+006
IJC,6/9/2023 00:00:00,11.388,11.4267,11.1168,11.3105,3.7204e+006
IJC,6/12/2023 00:00:00,11.3105,11.3492,11.1556,11.3105,2.4044e+006
IJC,6/13/2023 00:00:00,11.4655,11.6204,11.3105,11.4655,2.6862e+006
IJC,6/14/2023 00:00:00,11.5429,11.5817,11.1943,11.1943,2.331e+006
IJC,6/15/2023 00:00:00,11.4655,11.6204,11.3105,11.388,4.3068e+006
IJC,6/16/2023 00:00:00,11.5429,11.6979,11.388,11.388,3.2358e+006
IJC,6/19/2023 00:00:00,11.4655,11.5429,11.388,11.4267,2.2924e+006
IJC,6/20/2023 00:00:00,11.5042,11.6979,11.4655,11.6979,2.7017e+006
IJC,6/21/2023 00:00:00,11.7753,11.8528,11.6979,11.8528,3.327e+006
IJC,6/22/2023 00:00:00,11.969,12.2014,11.8915,12.0852,3.9329e+006
IJC,6/23/2023 00:00:00,12.0852,12.1627,11.969,12.1239,3.6226e+006
IJC,6/26/2023 00:00:00,12.2014,12.3176,11.8141,12.2401,4.014e+006
IJC,6/27/2023 00:00:00,12.3951,12.3951,12.1239,12.2401,2.0243e+006
IJC,6/28/2023 00:00:00,12.2401,12.2789,12.1627,12.2014,3.6401e+006
IJC,6/29/2023 00:00:00,12.4565,12.4565,12.1589,12.1589,2.9553e+006
IJC,6/30/2023 00:00:00,12.1589,12.1589,11.8613,11.8613,2.1613e+006
IJC,7/3/2023 00:00:00,11.9463,11.9888,11.7763,11.9038,1.1529e+006
IJC,7/4/2023 00:00:00,11.9038,12.0314,11.8613,12.0314,1.4728e+006
IJC,7/5/2023 00:00:00,12.1164,12.1589,11.9888,11.9888,1.7024e+006
IJC,7/6/2023 00:00:00,11.9463,12.0739,11.7763,11.8613,1.8496e+006
IJC,7/7/2023 00:00:00,11.8188,11.9888,11.6912,11.9888,1.6459e+006
IJC,7/10/2023 00:00:00,12.0739,12.2439,11.9888,12.1589,2.3991e+006
IJC,7/11/2023 00:00:00,12.3289,12.3289,12.0739,12.1164,1.7538e+006
IJC,7/12/2023 00:00:00,12.1589,12.1589,11.9463,12.1164,2.4038e+006
IJC,7/13/2023 00:00:00,12.1589,12.584,12.1164,12.499,3.9697e+006
IJC,7/14/2023 00:00:00,12.4565,12.5415,12.2864,12.414,2.3287e+006
IJC,7/17/2023 00:00:00,12.4565,12.7116,12.4565,12.499,2.6497e+006
IJC,7/18/2023 00:00:00,12.414,12.7541,12.3289,12.584,2.929e+006
IJC,7/19/2023 00:00:00,12.584,12.7541,12.414,12.414,2.1422e+006
IJC,7/20/2023 00:00:00,12.3715,12.499,12.3715,12.499,1.3566e+006
IJC,7/21/2023 00:00:00,12.6265,12.6691,12.499,12.6265,2.2797e+006
IJC,7/24/2023 00:00:00,12.7541,12.8816,12.6691,12.7966,3.0273e+006
IJC,7/25/2023 00:00:00,12.7966,12.8391,12.6265,12.7116,2.6557e+006
IJC,7/26/2023 00:00:00,12.6265,12.7541,12.584,12.6691,1.6903e+006
IJC,7/27/2023 00:00:00,12.7541,12.8816,12.5415,12.7541,3.4992e+006
IJC,7/28/2023 00:00:00,12.9241,13.6469,12.7541,13.6469,8.259e+006
IJC,7/31/2023 00:00:00,14.0295,14.072,13.7319,13.8169,4.7141e+006
IJC,8/1/2023 00:00:00,13.902,13.902,13.2642,13.3493,5.5875e+006
IJC,8/2/2023 00:00:00,13.3918,14.2421,13.3493,14.2421,6.2924e+006
IJC,8/3/2023 00:00:00,14.4546,14.6247,14.1145,14.4121,5.324e+006
IJC,8/4/2023 00:00:00,14.4971,14.7522,14.3696,14.4971,4.4255e+006
IJC,8/7/2023 00:00:00,14.6247,14.8373,14.4546,14.4546,3.8391e+006
IJC,8/8/2023 00:00:00,14.4971,14.5822,14.1995,14.2846,2.9567e+006
IJC,8/9/2023 00:00:00,14.1995,14.2846,13.987,14.157,2.6571e+006
IJC,8/10/2023 00:00:00,14.2846,14.4121,13.902,13.902,3.7427e+006
IJC,8/11/2023 00:00:00,14.072,14.1145,13.6044,13.987,3.2142e+006
IJC,8/14/2023 00:00:00,14.1995,14.5397,14.1145,14.3271,2.663e+006
IJC,8/15/2023 00:00:00,14.3696,14.4121,14.157,14.1995,1.9257e+006
IJC,8/16/2023 00:00:00,14.1995,14.1995,13.9445,14.0295,2.3191e+006
IJC,8/17/2023 00:00:00,14.072,14.3696,13.987,13.987,2.2937e+006
IJC,8/18/2023 00:00:00,13.8594,13.9445,13.0092,13.0092,5.8842e+006
IJC,8/21/2023 00:00:00,12.7541,13.0517,12.414,12.6691,2.9449e+006
IJC,8/22/2023 00:00:00,12.8391,12.9241,11.9038,12.8391,2.2469e+006
IJC,8/23/2023 00:00:00,13.0092,13.0942,12.7541,12.7966,1.3297e+006
IJC,8/24/2023 00:00:00,12.8391,13.3918,12.7116,13.3493,1.6935e+006
IJC,8/25/2023 00:00:00,13.3493,13.3918,13.0942,13.1792,1.3972e+006
IJC,8/28/2023 00:00:00,13.2642,13.6894,13.0942,13.6894,2.1151e+006
IJC,8/29/2023 00:00:00,13.8594,13.9445,13.5193,13.7319,1.7369e+006
IJC,8/30/2023 00:00:00,13.7744,13.8594,13.5193,13.6894,1.4596e+006
IJC,8/31/2023 00:00:00,13.7744,14.072,13.7744,13.987,2.6264e+006
IJC,9/5/2023 00:00:00,14.1145,14.1995,13.8594,13.9445,2.5243e+006
IJC,9/6/2023 00:00:00,13.9445,14.1145,13.7319,14.1145,2.6055e+006
IJC,9/7/2023 00:00:00,14.1995,14.7522,14.157,14.3271,5.8743e+006
IJC,9/8/2023 00:00:00,14.2846,14.5822,14.1145,14.1995,3.7745e+006
IJC,9/11/2023 00:00:00,14.3696,14.3696,13.6044,13.6469,4.8716e+006
IJC,9/12/2023 00:00:00,13.6469,13.987,13.5193,13.9445,2.7977e+006
IJC,9/13/2023 00:00:00,14.0295,14.2846,13.7744,13.902,3.0865e+006
IJC,9/14/2023 00:00:00,13.902,13.9445,13.5193,13.6044,2.4875e+006
IJC,9/15/2023 00:00:00,13.6044,13.8169,13.4343,13.6044,1.6806e+006
IJC,9/18/2023 00:00:00,13.6044,13.6044,13.3918,13.4768,1.6697e+006
IJC,9/19/2023 00:00:00,13.4768,13.7744,13.1367,13.4343,1.6187e+006
IJC,9/20/2023 00:00:00,13.4768,13.8169,13.3918,13.7744,1.6281e+006
IJC,9/21/2023 00:00:00,13.8169,14.0295,13.7744,13.8594,2.2904e+006
IJC,9/22/2023 00:00:00,13.6044,13.6894,13.0942,13.2642,2.6659e+006
IJC,9/25/2023 00:00:00,13.1367,13.3918,12.3715,12.3715,3.6686e+006
IJC,9/26/2023 00:00:00,11.9888,12.7116,11.9888,12.2439,2.6672e+006
IJC,9/27/2023 00:00:00,12.3289,12.499,11.9038,12.499,1.61e+006
IJC,9/28/2023 00:00:00,12.584,12.584,12.1589,12.4565,849300
IJC,9/29/2023 00:00:00,12.6691,12.6691,12.2864,12.3715,1.0349e+006
IJC,10/2/2023 00:00:00,12.3289,12.4565,12.1589,12.3289,1.604e+006
IJC,10/3/2023 00:00:00,12.1589,12.1589,11.5212,11.5212,3.3963e+006
IJC,10/4/2023 00:00:00,11.2236,11.8613,11.2236,11.7763,1.2643e+006
IJC,10/5/2023 00:00:00,11.9038,12.0739,11.6487,11.9038,1.739e+006
IJC,10/6/2023 00:00:00,11.8613,12.0739,11.6912,11.9463,778600
IJC,10/9/2023 00:00:00,12.1164,12.1164,11.9038,11.9888,1.0282e+006
IJC,10/10/2023 00:00:00,12.0314,12.414,12.0314,12.2014,1.6294e+006
IJC,10/11/2023 00:00:00,12.2439,12.3289,12.0739,12.2439,679300
IJC,10/12/2023 00:00:00,12.3289,12.499,12.2014,12.2014,1.1867e+006
IJC,10/13/2023 00:00:00,12.1164,12.2439,11.8613,12.2014,1.9501e+006
IJC,10/16/2023 00:00:00,12.0739,12.2439,11.9463,11.9463,798300
IJC,10/17/2023 00:00:00,11.9888,12.0314,11.7338,11.7338,653400
IJC,10/18/2023 00:00:00,11.6912,11.8188,10.9685,11.3511,2.2905e+006
IJC,10/19/2023 00:00:00,11.3511,11.3937,10.926,11.011,1.3514e+006
IJC,10/20/2023 00:00:00,11.011,11.4787,10.6709,11.4787,1.4975e+006
IJC,10/23/2023 00:00:00,11.4362,11.6062,11.3086,11.4787,1.3402e+006
IJC,10/24/2023 00:00:00,11.5637,11.6062,11.3511,11.6062,718200
IJC,10/25/2023 00:00:00,11.6487,11.7763,11.5212,11.5637,1.4096e+006
IJC,10/26/2023 00:00:00,11.2236,11.2236,10.7559,10.7559,3.1085e+006
IJC,10/27/2023 00:00:00,10.8835,10.9685,10.2883,10.8835,1.1113e+006
IJC,10/30/2023 00:00:00,10.841,10.841,10.4584,10.4584,789200
IJC,10/31/2023 00:00:00,10.5009,10.6284,9.77813,9.77813,1.4462e+006
IJC,11/1/2023 00:00:00,9.82065,10.2033,9.56557,10.2033,1.177e+006
IJC,11/2/2023 00:00:00,10.3733,10.8835,10.2458,10.8835,1.7151e+006
IJC,11/3/2023 00:00:00,10.8835,10.9685,10.5434,10.7559,1.1311e+006
IJC,11/6/2023 00:00:00,10.9685,10.9685,10.7559,10.7985,826300
IJC,11/7/2023 00:00:00,10.7134,10.9685,10.6709,10.6709,1.1089e+006
IJC,11/8/2023 00:00:00,10.7134,11.3937,10.6284,11.3937,3.0216e+006
IJC,11/9/2023 00:00:00,11.6062,11.8188,11.3937,11.5637,2.3937e+006
IJC,11/10/2023 00:00:00,11.3937,11.9038,11.2661,11.6912,2.9683e+006
IJC,11/13/2023 00:00:00,11.7338,11.8188,11.3937,11.4787,1.416e+006
IJC,11/14/2023 00:00:00,11.5637,11.7763,11.4787,11.5212,1.1813e+006
IJC,11/15/2023 00:00:00,11.8188,11.9038,11.6062,11.6062,1.9813e+006
IJC,11/16/2023 00:00:00,11.6062,11.8188,11.5212,11.8188,1.187e+006
IJC,11/17/2023 00:00:00,11.9038,12.0739,11.5212,11.6487,3.9959e+006
IJC,11/20/2023 00:00:00,11.3937,11.7338,11.3511,11.6487,1.4355e+006
IJC,11/21/2023 00:00:00,11.7338,11.8188,11.6062,11.6912,1.0492e+006
IJC,11/22/2023 00:00:00,11.6912,11.9888,11.6487,11.8613,1.7806e+006
IJC,11/23/2023 00:00:00,11.9463,12.0739,11.5637,11.5637,2.3177e+006
IJC,11/24/2023 00:00:00,11.5637,11.6487,11.1386,11.5637,1.8227e+006
IJC,11/27/2023 00:00:00,11.5637,11.5637,11.3086,11.3086,615500
IJC,11/28/2023 00:00:00,11.3511,11.3937,11.0535,11.3086,957000
IJC,11/29/2023 00:00:00,11.4362,11.4362,11.3086,11.4362,747300
IJC,11/30/2023 00:00:00,11.4362,11.5637,11.3511,11.3511,1.0089e+006
IJC,12/1/2023 00:00:00,11.3937,11.5637,11.3086,11.5212,706900
IJC,12/4/2023 00:00:00,11.6062,11.9463,11.6062,11.8188,2.1213e+006
IJC,12/5/2023 00:00:00,11.9038,12.6265,11.8188,12.6265,6.6463e+006
IJC,12/6/2023 00:00:00,12.7116,12.7966,12.4565,12.6691,2.5468e+006
IJC,12/7/2023 00:00:00,12.7116,12.7541,12.1164,12.3289,3.652e+006
IJC,12/8/2023 00:00:00,12.414,12.6265,12.2014,12.2439,2.6553e+006
IJC,12/11/2023 00:00:00,12.3289,12.5415,12.1589,12.414,1.6302e+006
IJC,12/12/2023 00:00:00,12.414,12.5415,12.3289,12.414,1.2613e+006
IJC,12/13/2023 00:00:00,12.4565,12.499,12.0314,12.0739,2.1973e+006
IJC,12/14/2023 00:00:00,12.1589,12.2439,11.9463,12.0739,1.3713e+006
IJC,12/15/2023 00:00:00,12.0314,12.2014,11.8613,11.9463,1.5395e+006
IJC,12/18/2023 00:00:00,11.9463,12.0314,11.5637,11.5637,1.8022e+006
IJC,12/19/2023 00:00:00,11.6062,11.6912,11.3086,11.6487,1.0814e+006
IJC,12/20/2023 00:00:00,11.6912,11.8188,11.6062,11.7763,905200
IJC,12/21/2023 00:00:00,11.6912,11.7763,11.6487,11.7338,733900
IJC,12/22/2023 00:00:00,11.7338,11.8613,11.7338,11.8188,1.4916e+006
IJC,12/25/2023 00:00:00,11.6487,11.9888,11.6487,11.9463,1.071e+006
IJC,12/26/2023 00:00:00,12.0314,12.0739,11.9038,12.0314,1.082e+006
IJC,12/27/2023 00:00:00,12.0739,12.1164,11.9038,11.9038,880100
IJC,12/28/2023 00:00:00,11.9038,11.9463,11.7763,11.8613,902400
IJC,12/29/2023 00:00:00,11.9888,11.9888,11.8613,11.8613,1.1547e+006
IJC,1/2/2024 00:00:00,11.9463,12.0314,11.7763,11.8188,930300
IJC,1/3/2024 00:00:00,11.8188,12.1589,11.7763,12.1164,1.6368e+006
IJC,1/4/2024 00:00:00,12.1164,12.2439,12.0739,12.1589,1.8376e+006
IJC,1/5/2024 00:00:00,12.1589,12.2864,12.0739,12.2014,1.5456e+006
IJC,1/8/2024 00:00:00,12.2014,12.3715,12.2014,12.2439,1.4974e+006
IJC,1/9/2024 00:00:00,12.2439,12.2439,12.0739,12.1589,1.1821e+006
IJC,1/10/2024 00:00:00,12.1589,12.1589,11.9038,11.9038,1.5435e+006
IJC,1/11/2024 00:00:00,11.9038,12.2439,11.9038,12.1589,1.7064e+006
IJC,1/12/2024 00:00:00,12.1164,12.1164,11.8188,11.9463,1.9908e+006
IJC,1/15/2024 00:00:00,11.9888,12.0739,11.8188,11.8188,705200
IJC,1/16/2024 00:00:00,11.8188,12.1589,11.7338,12.1589,1.2896e+006
IJC,1/17/2024 00:00:00,12.1589,12.2439,12.0739,12.1589,1.0563e+006
IJC,1/18/2024 00:00:00,12.2014,12.499,12.1589,12.3715,2.6504e+006
IJC,1/19/2024 00:00:00,12.3715,12.5415,12.2864,12.3715,1.4355e+006
IJC,1/22/2024 00:00:00,12.414,12.414,12.2439,12.3289,1.2263e+006
IJC,1/23/2024 00:00:00,12.3289,12.7116,12.3289,12.5415,3.3017e+006
IJC,1/24/2024 00:00:00,12.5415,12.584,12.2864,12.3289,927100
IJC,1/25/2024 00:00:00,12.3715,12.4565,12.2864,12.3289,724200
IJC,1/26/2024 00:00:00,12.2439,12.4565,12.2439,12.414,1.0726e+006
IJC,1/29/2024 00:00:00,12.499,12.499,12.2864,12.3289,1.2717e+006
IJC,1/30/2024 00:00:00,12.3289,12.9241,12.2864,12.9241,4.943e+006
IJC,1/31/2024 00:00:00,13.0517,13.0517,12.7116,12.7116,2.7851e+006
IJC,2/1/2024 00:00:00,12.7116,13.2217,12.6691,13.1792,3.943e+006
IJC,2/2/2024 00:00:00,13.1792,13.3493,12.9241,12.9667,2.7962e+006
IJC,2/5/2024 00:00:00,13.0517,13.2642,12.9241,13.0942,1.8449e+006
IJC,2/6/2024 00:00:00,13.1792,13.2642,12.9667,13.0942,1.6594e+006
IJC,2/7/2024 00:00:00,13.2217,13.2217,13.0942,13.0942,1.3617e+006
IJC,2/15/2024 00:00:00,13.2217,13.3068,13.0092,13.0092,1.9735e+006
IJC,2/16/2024 00:00:00,13.0092,13.1367,12.9667,12.9667,2.1426e+006
IJC,2/19/2024 00:00:00,13.0092,13.0517,12.6691,12.8391,3.9161e+006
IJC,2/20/2024 00:00:00,12.8391,12.8391,12.6691,12.6691,2.79e+006
IJC,2/21/2024 00:00:00,12.6691,13.0942,12.6265,13.0942,4.8156e+006
IJC,2/22/2024 00:00:00,13.1367,13.2642,12.9241,12.9241,4.337e+006
IJC,2/23/2024 00:00:00,12.9241,13.0092,12.4565,12.4565,7.2685e+006
IJC,2/26/2024 00:00:00,13.1221,13.1221,12.6942,12.8368,3.1067e+006
IJC,2/27/2024 00:00:00,12.8368,13.6926,12.8368,13.6926,5.4944e+006
IJC,2/28/2024 00:00:00,13.7877,14.0254,13.6451,13.9779,4.0479e+006
IJC,2/29/2024 00:00:00,13.8828,14.0254,13.6451,14.0254,2.9743e+006
IJC,3/1/2024 00:00:00,14.1205,14.5009,13.7877,14.4533,5.4475e+006
IJC,3/4/2024 00:00:00,14.596,14.6435,14.073,14.1681,3.4215e+006
IJC,3/5/2024 00:00:00,14.2632,14.6435,14.0254,14.5484,6.0122e+006
IJC,3/6/2024 00:00:00,14.5484,14.5484,14.0254,14.2632,3.0509e+006
IJC,3/7/2024 00:00:00,14.2156,14.3582,14.0254,14.2632,3.1914e+006
IJC,3/8/2024 00:00:00,14.3582,14.8812,14.3107,14.6435,8.1631e+006
IJC,3/11/2024 00:00:00,14.6435,14.8337,14.1205,14.2156,3.5666e+006
IJC,3/12/2024 00:00:00,14.1681,14.3582,13.9779,14.1681,3.411e+006
IJC,3/13/2024 00:00:00,14.1681,14.7386,14.073,14.7386,6.3466e+006
IJC,3/14/2024 00:00:00,14.8812,15.737,14.7386,15.737,1.16461e+007
IJC,3/15/2024 00:00:00,15.6895,16.1174,15.214,15.5468,4.8116e+006
IJC,3/18/2024 00:00:00,15.737,15.737,14.5009,14.9288,1.08389e+007
IJC,3/19/2024 00:00:00,14.9763,14.9763,14.5009,14.6435,2.5809e+006
IJC,3/20/2024 00:00:00,14.596,14.9288,14.4533,14.8337,5.0599e+006
IJC,3/21/2024 00:00:00,14.8812,15.3091,14.8812,15.0239,4.6715e+006
IJC,3/22/2024 00:00:00,15.1189,15.1665,14.7861,14.9288,5.5201e+006
IJC,3/25/2024 00:00:00,15.1189,15.1189,14.6435,14.7861,6.2488e+006
IJC,3/26/2024 00:00:00,14.6435,15.214,14.596,15.0714,3.1934e+006
IJC,3/27/2024 00:00:00,15.0714,15.214,14.9288,15.0239,1.6187e+006
IJC,3/28/2024 00:00:00,15.1189,15.7846,15.0239,15.2616,6.3896e+006
IJC,3/29/2024 00:00:00,15.2616,15.3567,14.9763,15.0239,2.8913e+006
IJC,4/1/2024 00:00:00,15.0239,15.3091,14.9288,15.2616,3.5839e+006
IJC,4/2/2024 00:00:00,15.214,15.214,14.9288,15.1665,2.888e+006
IJC,4/3/2024 00:00:00,15.214,15.6419,15.0714,15.0714,5.4757e+006
IJC,4/4/2024 00:00:00,15.0239,15.0714,14.6911,14.7386,2.9653e+006
IJC,4/5/2024 00:00:00,14.5484,14.7386,14.1681,14.1681,4.5191e+006
IJC,4/8/2024 00:00:00,14.2632,14.3107,13.8828,13.8828,2.8948e+006
IJC,4/9/2024 00:00:00,13.8828,14.1205,13.8828,14.073,1.5995e+006
IJC,4/10/2024 00:00:00,14.073,14.1681,13.9779,14.073,1.5605e+006
IJC,4/11/2024 00:00:00,13.8828,13.9304,13.55,13.8828,2.7871e+006
IJC,4/12/2024 00:00:00,14.0254,14.0254,13.7877,13.9779,1.493e+006
IJC,4/15/2024 00:00:00,13.9779,14.1681,13.027,13.027,4.54e+006
IJC,4/16/2024 00:00:00,12.8368,13.3598,12.6467,13.3123,4.2377e+006
IJC,4/17/2024 00:00:00,13.55,13.55,12.8844,12.8844,1.5355e+006
IJC,4/19/2024 00:00:00,12.7418,13.3123,12.5516,12.8844,2.9625e+006
IJC,4/22/2024 00:00:00,13.1696,13.1696,12.8844,12.8844,1.2763e+006
IJC,4/23/2024 00:00:00,13.0746,13.2172,12.8844,13.027,1.315e+006
IJC,4/24/2024 00:00:00,13.1221,13.5025,13.027,13.4549,2.2261e+006
IJC,4/25/2024 00:00:00,13.4549,13.4549,13.1221,13.2172,870700
IJC,4/26/2024 00:00:00,13.1696,13.2647,13.027,13.1221,815900
IJC,5/2/2024 00:00:00,13.1696,13.1696,12.8844,13.027,992300
IJC,5/3/2024 00:00:00,12.9319,13.1696,12.7893,12.8844,1.9941e+006
IJC,5/6/2024 00:00:00,12.9319,13.3598,12.9319,13.2647,1.9388e+006
IJC,5/7/2024 00:00:00,13.3123,13.3598,13.1696,13.2647,981600
IJC,5/8/2024 00:00:00,13.2647,13.7877,13.0746,13.55,2.6099e+006
IJC,5/9/2024 00:00:00,13.6451,13.6926,13.3123,13.3123,1.4682e+006
IJC,5/10/2024 00:00:00,13.3598,13.5025,13.2647,13.3598,1.3821e+006
IJC,5/13/2024 00:00:00,13.4549,13.4549,12.9795,13.1221,1.8985e+006
IJC,5/14/2024 00:00:00,13.1221,13.4074,13.1221,13.1696,980800
IJC,5/15/2024 00:00:00,13.1221,13.3598,13.027,13.2647,4.0789e+006
IJC,5/16/2024 00:00:00,13.4549,13.7402,13.3123,13.5025,4.1352e+006
IJC,5/17/2024 00:00:00,13.5025,13.8353,13.5025,13.7877,4.9447e+006
IJC,5/20/2024 00:00:00,14.0254,14.7386,13.9779,14.3582,1.0647e+007
IJC,5/21/2024 00:00:00,14.4058,14.4058,14.0254,14.3582,4.7789e+006
IJC,5/22/2024 00:00:00,14.4533,14.6911,14.1205,14.2632,6.6024e+006
IJC,5/23/2024 00:00:00,14.073,14.3582,14.0254,14.2632,3.9624e+006
IJC,5/24/2024 00:00:00,14.2632,14.6435,13.5975,13.8828,7.6477e+006
IJC,5/27/2024 00:00:00,13.7877,13.9779,13.6451,13.9304,2.8627e+006
IJC,5/28/2024 00:00:00,13.9779,14.3582,13.8828,14.2156,4.8885e+006
IJC,5/29/2024 00:00:00,14.2632,14.3582,13.9304,14.073,3.4657e+006
IJC,5/30/2024 00:00:00,13.8828,14.2632,13.7402,14.0254,3.8676e+006
IJC,5/31/2024 00:00:00,13.9304,14.2156,13.8828,14.0254,2.5323e+006
IJC,6/3/2024 00:00:00,14.2632,14.9763,14.2156,14.9763,1.44207e+007
IJC,6/4/2024 00:00:00,15.1189,15.1189,14.7386,14.7861,3.9879e+006
IJC,6/5/2024 00:00:00,14.7861,15.5468,14.7861,15.1189,1.05707e+007
IJC,6/6/2024 00:00:00,15.3091,15.737,15.0714,15.4993,1.10807e+007
IJC,6/7/2024 00:00:00,15.7846,15.7846,15.2616,15.4993,3.2369e+006
IJC,6/10/2024 00:00:00,15.5944,15.7846,15.1189,15.4042,5.3849e+006
IJC,6/11/2024 00:00:00,15.2616,15.4042,14.7386,14.7386,1.52032e+007
IJC,6/12/2024 00:00:00,14.8812,15.214,14.596,15.1665,6.421e+006
IJC,6/13/2024 00:00:00,15.1189,15.2616,14.9288,15.0239,4.5632e+006
IJC,6/14/2024 00:00:00,15.0714,15.0714,14.2632,14.2632,6.1961e+006
IJC,6/17/2024 00:00:00,14.2632,14.5009,14.1681,14.2156,4.7779e+006
IJC,6/18/2024 00:00:00,14.2632,14.4533,14.2156,14.3107,2.2297e+006
IJC,6/19/2024 00:00:00,14.3107,14.4058,14.1681,14.2632,2.5239e+006
IJC,6/20/2024 00:00:00,14.3107,14.6435,14.1681,14.4533,2.9525e+006
IJC,6/21/2024 00:00:00,14.3582,14.6435,14.3107,14.4533,2.1427e+006
IJC,6/24/2024 00:00:00,14.4533,14.4533,13.7877,13.7877,5.4666e+006
IJC,6/25/2024 00:00:00,13.9304,14.073,13.7877,13.9779,1.6395e+006
IJC,6/26/2024 00:00:00,13.9779,14.5009,13.8353,14.3582,3.1921e+006
IJC,6/27/2024 00:00:00,14.3582,14.3582,14.1205,14.2156,869200
IJC,6/28/2024 00:00:00,14.2156,14.2632,13.55,13.8353,2.0762e+006
IJC,7/1/2024 00:00:00,13.8353,14.1205,13.8353,14.073,751300
IJC,7/2/2024 00:00:00,14.073,14.4533,14.073,14.3582,1.5701e+006
IJC,7/3/2024 00:00:00,14.3582,14.596,14.2632,14.4533,1.5969e+006
IJC,7/4/2024 00:00:00,14.3582,14.4533,14.2156,14.3582,1.4252e+006
IJC,7/5/2024 00:00:00,14.4058,14.6911,14.1681,14.3107,2.1944e+006
IJC,7/8/2024 00:00:00,14.2156,14.596,14.2156,14.5009,1.8173e+006
IJC,7/9/2024 00:00:00,14.5009,14.8812,14.5009,14.8337,4.7977e+006
IJC,7/10/2024 00:00:00,14.8337,14.9288,14.5484,14.6435,1.6723e+006
IJC,7/11/2024 00:00:00,14.7861,15.1189,14.6911,14.8812,3.6644e+006
IJC,7/12/2024 00:00:00,14.8812,14.9763,14.596,14.9288,2.6765e+006
IJC,7/15/2024 00:00:00,14.9288,15.3091,14.9288,15.214,8.9101e+006
IJC,7/16/2024 00:00:00,15.214,15.3567,14.9288,14.9288,4.0776e+006
IJC,7/17/2024 00:00:00,15.0239,15.0239,13.9304,13.9304,8.1714e+006
IJC,7/18/2024 00:00:00,13.9304,14.4533,13.8828,14.2156,3.6288e+006
IJC,7/19/2024 00:00:00,14.1681,14.4058,13.9779,14.0254,2.0835e+006
IJC,7/22/2024 00:00:00,14.073,14.2632,13.6926,13.9779,3.2857e+006
IJC,7/23/2024 00:00:00,14.1205,14.2156,13.7402,13.7402,2.2737e+006
IJC,7/24/2024 00:00:00,13.7402,14.2156,13.6451,14.1205,1.7252e+006
IJC,7/25/2024 00:00:00,13.9779,14.3107,13.6926,14.2156,2.542e+006
IJC,7/26/2024 00:00:00,14.2156,14.7386,14.2156,14.5484,3.2644e+006
IJC,7/29/2024 00:00:00,14.596,14.7861,14.4058,14.5009,5.2947e+006
IJC,7/30/2024 00:00:00,14.6435,14.6435,14.073,14.2156,3.634e+006
IJC,7/31/2024 00:00:00,14.2156,14.5009,13.8828,14.0254,2.9162e+006
IJC,8/1/2024 00:00:00,14.0254,14.073,13.0746,13.1221,9.6672e+006
IJC,8/2/2024 00:00:00,12.9795,13.6451,12.9795,13.5025,2.0446e+006
IJC,8/5/2024 00:00:00,13.3123,13.3598,12.5991,12.6942,4.8482e+006
IJC,8/6/2024 00:00:00,12.8368,13.2172,12.6942,13.2172,2.5258e+006
IJC,8/7/2024 00:00:00,13.2647,13.2647,12.9319,13.1696,1.1008e+006
IJC,8/8/2024 00:00:00,12.9795,13.4074,12.8368,12.9795,2.7759e+006
IJC,8/9/2024 00:00:00,13.2172,13.3598,13.0746,13.2647,1.602e+006
IJC,8/12/2024 00:00:00,13.3598,13.3598,13.1696,13.2647,991200
IJC,8/13/2024 00:00:00,13.3123,13.4549,13.1696,13.2172,1.1805e+006
IJC,8/14/2024 00:00:00,13.3123,13.6451,13.2172,13.2172,2.4294e+006
IJC,8/15/2024 00:00:00,13.3598,13.3598,13.1221,13.2647,1.2247e+006
IJC,8/16/2024 00:00:00,13.4549,13.9304,13.3123,13.7402,4.3605e+006
IJC,8/19/2024 00:00:00,13.8828,13.9304,13.6451,13.6926,1.8254e+006
IJC,8/20/2024 00:00:00,13.7402,14.073,13.6451,13.8828,3.5327e+006
IJC,8/21/2024 00:00:00,13.9304,14.0254,13.6926,13.7402,2.5052e+006
IJC,8/22/2024 00:00:00,13.7402,13.8353,13.6926,13.6926,2.1136e+006
IJC,8/23/2024 00:00:00,13.7402,13.7402,13.5025,13.55,2.8582e+006
IJC,8/26/2024 00:00:00,13.6451,13.8828,13.5975,13.6926,2.8034e+006
IJC,8/27/2024 00:00:00,13.7402,13.7877,13.5025,13.5025,1.8034e+006
IJC,8/28/2024 00:00:00,13.5975,13.6926,13.3123,13.4549,1.5342e+006
IJC,8/29/2024 00:00:00,13.4549,13.5025,13.1696,13.2647,3.2492e+006
IJC,8/30/2024 00:00:00,13.4074,13.4549,13.2647,13.2647,1.942e+006
IJC,9/4/2024 00:00:00,13.1696,13.3598,13.1221,13.3123,1.551e+006
IJC,9/5/2024 00:00:00,13.4549,13.5025,13.1696,13.1696,1.8164e+006
IJC,9/6/2024 00:00:00,13.1696,13.3123,13.1221,13.2172,848200
IJC,9/9/2024 00:00:00,13.1696,13.3123,13.1221,13.1221,952100
IJC,9/10/2024 00:00:00,13.2647,13.2647,12.9319,13.0746,1.1957e+006
IJC,9/11/2024 00:00:00,13.027,13.1696,12.8844,13.0746,1.3338e+006
IJC,9/12/2024 00:00:00,13.1221,13.3123,13.1221,13.2172,1.3181e+006
IJC,9/13/2024 00:00:00,13.1221,13.2647,13.1221,13.1696,406400
IJC,9/16/2024 00:00:00,13.2647,13.5025,13.1696,13.1696,1.5258e+006
IJC,9/17/2024 00:00:00,13.2172,13.4074,13.1696,13.4074,658800
IJC,9/18/2024 00:00:00,13.4549,13.4549,13.2172,13.2647,1.3393e+006
IJC,9/19/2024 00:00:00,13.4074,13.4549,13.3123,13.4549,1.5254e+006
IJC,9/20/2024 00:00:00,13.5025,13.55,13.3598,13.3598,1.7011e+006
IJC,9/23/2024 00:00:00,13.4074,13.5025,13.3123,13.3598,1.8146e+006
IJC,9/24/2024 00:00:00,13.3598,13.4549,13.3123,13.4074,1.8224e+006
IJC,9/25/2024 00:00:00,13.4549,13.55,13.3598,13.55,3.2335e+006
IJC,9/26/2024 00:00:00,13.85,13.9,13.65,13.7,2.5244e+006
IJC,9/27/2024 00:00:00,13.7,13.8,13.65,13.7,1.6289e+006
IJC,9/30/2024 00:00:00,13.7,13.7,13.6,13.7,1.1969e+006
IJC,10/1/2024 00:00:00,13.65,13.85,13.65,13.75,1.6873e+006
IJC,10/2/2024 00:00:00,13.7,13.75,13.5,13.6,1.6279e+006
IJC,10/3/2024 00:00:00,13.6,13.65,13.3,13.35,1.9147e+006
IJC,10/4/2024 00:00:00,13.25,13.5,13.2,13.25,1.5128e+006
IJC,10/7/2024 00:00:00,13.3,13.45,13.25,13.3,872800
IJC,10/8/2024 00:00:00,13.3,13.5,13.3,13.45,1.0307e+006
IJC,10/9/2024 00:00:00,13.35,13.5,13.35,13.45,577100
IJC,10/10/2024 00:00:00,13.55,13.75,13.45,13.7,1.8549e+006
IJC,10/11/2024 00:00:00,13.7,13.75,13.5,13.7,704500
IJC,10/14/2024 00:00:00,13.7,14.1,13.55,14,4.0524e+006
IJC,10/15/2024 00:00:00,14,14.05,13.7,13.8,841600
IJC,10/16/2024 00:00:00,13.9,13.9,13.55,13.75,1.7198e+006
IJC,10/17/2024 00:00:00,13.75,13.8,13.45,13.7,1.8057e+006
IJC,10/18/2024 00:00:00,13.7,13.9,13.6,13.6,1.3416e+006
IJC,10/21/2024 00:00:00,13.6,13.75,13.45,13.45,786300
IJC,10/22/2024 00:00:00,13.45,13.55,13.25,13.3,1.2086e+006
IJC,10/23/2024 00:00:00,13.45,13.45,13.25,13.4,1.0001e+006
IJC,10/24/2024 00:00:00,13.4,13.45,13.2,13.25,697100
IJC,10/25/2024 00:00:00,13.2,13.45,13.2,13.4,965700
IJC,10/28/2024 00:00:00,13.4,13.4,13.25,13.3,425300
IJC,10/29/2024 00:00:00,13.35,13.5,13.3,13.35,340600
IJC,10/30/2024 00:00:00,13.3,13.45,13.25,13.3,771900
IJC,10/31/2024 00:00:00,13.35,13.35,13.25,13.3,482400
IJC,11/1/2024 00:00:00,13.25,13.35,13.15,13.3,729300
IJC,11/4/2024 00:00:00,13.3,13.3,13.05,13.25,797300
IJC,11/5/2024 00:00:00,13.25,13.25,13.15,13.15,307400
IJC,11/6/2024 00:00:00,13.25,13.7,13.15,13.55,1.7728e+006
IJC,11/7/2024 00:00:00,13.6,13.65,13.4,13.4,641000
IJC,11/8/2024 00:00:00,13.45,13.5,13.1,13.2,1.8895e+006
IJC,11/11/2024 00:00:00,13.2,13.3,13.1,13.3,766500
IJC,11/12/2024 00:00:00,13.3,13.3,13.15,13.3,922200
IJC,11/13/2024 00:00:00,13.2,13.35,13.1,13.3,873600
IJC,11/14/2024 00:00:00,13.3,13.3,13.1,13.3,764300
IJC,11/15/2024 00:00:00,13.2,13.3,13.05,13.2,1.3128e+006
IJC,11/18/2024 00:00:00,13.2,13.3,13,13.25,995100
IJC,11/19/2024 00:00:00,13.2,13.25,13.1,13.2,506700
IJC,11/20/2024 00:00:00,13.2,13.4,13.05,13.2,1.5714e+006
IJC,11/21/2024 00:00:00,13.25,13.3,13.2,13.25,345300
IJC,11/22/2024 00:00:00,13.3,13.4,13.2,13.3,1.0005e+006
IJC,11/25/2024 00:00:00,13.3,13.6,13.3,13.55,1.6728e+006
IJC,11/26/2024 00:00:00,13.55,13.6,13.45,13.45,1.1291e+006
IJC,11/27/2024 00:00:00,13.45,13.5,13.3,13.45,804800
IJC,11/28/2024 00:00:00,13.45,13.55,13.35,13.4,781800
IJC,11/29/2024 00:00:00,13.4,13.45,13.25,13.4,668400
IJC,12/2/2024 00:00:00,13.4,13.65,13.35,13.5,1.3288e+006
IJC,12/3/2024 00:00:00,13.5,13.6,13.4,13.5,1.0378e+006
IJC,12/4/2024 00:00:00,13.5,13.85,13.45,13.45,1.8557e+006
IJC,12/5/2024 00:00:00,13.5,13.75,13.4,13.65,1.2759e+006
IJC,12/6/2024 00:00:00,13.65,13.75,13.5,13.55,1.1338e+006
IJC,12/9/2024 00:00:00,13.65,14.2,13.5,14,3.7096e+006
IJC,12/10/2024 00:00:00,14.05,14.05,13.8,13.8,1.0683e+006
IJC,12/11/2024 00:00:00,13.9,13.95,13.7,13.75,1.3631e+006
IJC,12/12/2024 00:00:00,13.8,13.85,13.7,13.85,1.0966e+006
IJC,12/13/2024 00:00:00,13.65,13.85,13.65,13.7,1.3037e+006
IJC,12/16/2024 00:00:00,13.7,13.8,13.55,13.6,968500
IJC,12/17/2024 00:00:00,13.6,13.7,13.6,13.65,399100
IJC,12/18/2024 00:00:00,13.65,13.75,13.55,13.7,571600
IJC,12/19/2024 00:00:00,13.55,13.7,13.4,13.7,2.1375e+006
IJC,12/20/2024 00:00:00,13.65,14.1,13.55,13.85,1.9721e+006
IJC,12/23/2024 00:00:00,13.95,14.2,13.9,13.95,1.7032e+006
IJC,12/24/2024 00:00:00,13.95,14.1,13.8,13.85,1.1303e+006
IJC,12/25/2024 00:00:00,13.85,14.45,13.85,14.2,3.9539e+006
IJC,12/26/2024 00:00:00,14.25,14.25,14.05,14.1,1.0252e+006
IJC,12/27/2024 00:00:00,14.1,14.2,13.95,13.95,1.3966e+006
IJC,12/30/2024 00:00:00,13.9,14.1,13.85,13.85,1.1089e+006
IJC,12/31/2024 00:00:00,14,14,13.8,13.85,1.0681e+006
IJC,1/2/2025 00:00:00,13.9,14.1,13.85,14.1,636300
IJC,1/3/2025 00:00:00,14.1,14.1,13.8,13.85,1.1979e+006
IJC,1/6/2025 00:00:00,13.85,13.9,13.5,13.6,1.9533e+006
IJC,1/7/2025 00:00:00,13.6,13.8,13.6,13.65,1.0831e+006
IJC,1/8/2025 00:00:00,13.6,13.8,13.5,13.8,689300
IJC,1/9/2025 00:00:00,13.8,13.8,13.6,13.65,428100
IJC,1/10/2025 00:00:00,13.6,13.7,13.3,13.3,1.6331e+006
IJC,1/13/2025 00:00:00,13.25,13.4,13.15,13.3,730300
IJC,1/14/2025 00:00:00,13.4,13.45,13.35,13.4,721000
IJC,1/15/2025 00:00:00,13.45,13.6,13.4,13.55,734500
IJC,1/16/2025 00:00:00,13.6,13.7,13.55,13.55,267100
IJC,1/17/2025 00:00:00,13.55,13.65,13.5,13.6,676300
IJC,1/20/2025 00:00:00,13.65,13.7,13.45,13.6,601700
IJC,1/21/2025 00:00:00,13.65,13.65,13.5,13.5,330100
IJC,1/22/2025 00:00:00,13.55,13.55,13.35,13.45,611200
IJC,1/23/2025 00:00:00,13.5,13.55,13.4,13.5,550200
IJC,1/24/2025 00:00:00,13.6,13.7,13.45,13.6,1.0069e+006
IJC,2/3/2025 00:00:00,13.75,14.1,13.65,13.95,3.0916e+006
IJC,2/4/2025 00:00:00,13.95,14.25,13.95,14.1,3.8845e+006
IJC,2/5/2025 00:00:00,14.15,14.15,13.95,14,2.0888e+006
IJC,2/6/2025 00:00:00,14.05,14.3,13.9,14,2.8143e+006
IJC,2/7/2025 00:00:00,14,14.5,14,14.2,3.6219e+006
IJC,2/10/2025 00:00:00,14.2,14.7,14.1,14.5,3.7811e+006
IJC,2/11/2025 00:00:00,14.55,14.55,14.35,14.45,1.5539e+006
IJC,2/12/2025 00:00:00,14.35,14.65,14.35,14.4,2.0818e+006
IJC,2/13/2025 00:00:00,14.4,14.7,14.35,14.6,2.3204e+006
IJC,2/14/2025 00:00:00,14.65,14.7,14.5,14.5,2.0323e+006
IJC,2/17/2025 00:00:00,14.5,14.75,14.45,14.5,2.1723e+006
IJC,2/18/2025 00:00:00,14.45,14.9,14.45,14.7,2.6061e+006
IJC,2/19/2025 00:00:00,14.7,14.95,14.65,14.95,2.629e+006
IJC,2/20/2025 00:00:00,15,15,14.65,14.65,1.5087e+006
IJC,2/21/2025 00:00:00,14.7,14.85,14.55,14.65,1.8425e+006
IJC,2/24/2025 00:00:00,14.6,14.8,14.4,14.55,1.9246e+006
IJC,2/25/2025 00:00:00,14.65,14.7,14.45,14.55,2.2273e+006
IJC,2/26/2025 00:00:00,14.6,14.75,14.5,14.55,1.4649e+006
IJC,2/27/2025 00:00:00,14.5,14.9,14.45,14.85,2.6957e+006
IJC,2/28/2025 00:00:00,14.75,15.1,14.7,14.8,3.4388e+006
IJC,3/3/2025 00:00:00,14.8,14.9,14.65,14.65,1.2051e+006
IJC,3/4/2025 00:00:00,14.65,14.8,14.45,14.55,2.2092e+006
IJC,3/5/2025 00:00:00,14.55,14.6,14.1,14.15,3.3012e+006
IJC,3/6/2025 00:00:00,14.2,14.4,14.2,14.4,2.0826e+006
IJC,3/7/2025 00:00:00,14.4,14.55,14.25,14.35,1.1158e+006
IJC,3/10/2025 00:00:00,14.6,15.35,14.25,15.35,1.30635e+007
IJC,3/11/2025 00:00:00,15.35,15.85,15.3,15.7,7.0546e+006
IJC,3/12/2025 00:00:00,15.8,16.1,15.6,15.95,8.6485e+006
IJC,3/13/2025 00:00:00,15.95,16,15.35,15.5,5.7535e+006
IJC,3/14/2025 00:00:00,15.6,15.95,15.5,15.6,5.1538e+006
IJC,3/17/2025 00:00:00,15.9,16.2,15.4,15.8,5.7425e+006
IJC,3/18/2025 00:00:00,15.95,15.95,15.2,15.2,6.6267e+006
IJC,3/19/2025 00:00:00,15.3,15.45,15.05,15.35,3.6022e+006
IJC,3/20/2025 00:00:00,15.4,15.4,14.3,14.3,1.79345e+007
IJC,3/21/2025 00:00:00,14.2,14.4,14.05,14.2,3.6173e+006
IJC,3/24/2025 00:00:00,14.25,14.25,13.75,13.95,5.0728e+006
IJC,3/25/2025 00:00:00,14.05,14.1,13.8,13.95,3.2894e+006
IJC,3/26/2025 00:00:00,13.9,14.15,13.9,14.1,1.8391e+006
IJC,3/27/2025 00:00:00,14.1,14.1,13.9,13.95,1.3959e+006
IJC,3/28/2025 00:00:00,13.95,14,13.6,13.7,3.0069e+006
IJC,3/31/2025 00:00:00,13.65,13.85,13.55,13.85,1.7517e+006
IJC,4/1/2025 00:00:00,13.85,13.95,13.7,13.85,1.3849e+006
IJC,4/2/2025 00:00:00,13.85,13.9,13.7,13.75,985500
IJC,4/3/2025 00:00:00,13.05,13.2,12.8,12.8,9.9466e+006
IJC,4/4/2025 00:00:00,11.95,12.3,11.95,12.1,5.1322e+006
IJC,4/8/2025 00:00:00,11.4,11.65,11.3,11.3,3.0201e+006
IJC,4/9/2025 00:00:00,10.55,11.2,10.55,10.55,6.3528e+006
IJC,4/10/2025 00:00:00,11.25,11.25,11.25,11.25,142000
IJC,4/11/2025 00:00:00,11.95,11.95,11.3,11.55,3.53e+006
IJC,4/14/2025 00:00:00,11.7,12,11.6,11.75,1.9851e+006
IJC,4/15/2025 00:00:00,11.65,11.75,11.3,11.5,1.7393e+006
IJC,4/16/2025 00:00:00,11.8,11.85,11.45,11.6,3.6877e+006
IJC,4/17/2025 00:00:00,11.5,11.6,11.45,11.6,901700
IJC,4/18/2025 00:00:00,11.75,11.95,11.55,11.65,2.2045e+006
IJC,4/21/2025 00:00:00,11.65,11.8,11.4,11.55,1.7584e+006
IJC,4/22/2025 00:00:00,11.4,11.5,10.75,11.1,3.53e+006
IJC,4/23/2025 00:00:00,11.3,11.45,10.75,11.25,2.1453e+006
IJC,4/24/2025 00:00:00,11.35,11.7,11.3,11.55,1.9253e+006
IJC,4/25/2025 00:00:00,11.6,11.9,11.55,11.6,1.5524e+006
IJC,4/28/2025 00:00:00,11.6,11.8,11.5,11.6,803200
IJC,4/29/2025 00:00:00,11.6,11.8,11.55,11.65,1.2985e+006
IJC,5/5/2025 00:00:00,11.75,11.9,11.6,11.8,1.1495e+006
IJC,5/6/2025 00:00:00,11.8,12.15,11.75,11.75,1.7265e+006
IJC,5/7/2025 00:00:00,11.75,11.95,11.7,11.9,2.1378e+006
IJC,5/8/2025 00:00:00,12,12.4,11.9,12.4,3.779e+006
IJC,5/9/2025 00:00:00,12.45,12.5,12.05,12.25,1.8503e+006
IJC,5/12/2025 00:00:00,12.25,12.35,12.05,12.25,1.1344e+006
IJC,5/13/2025 00:00:00,12.4,12.45,12.2,12.25,1.377e+006
IJC,5/14/2025 00:00:00,12.25,12.35,12.1,12.25,1.6221e+006
IJC,5/15/2025 00:00:00,12.3,12.4,12.1,12.4,1.4719e+006
IJC,5/16/2025 00:00:00,12.45,12.45,12.15,12.2,1.6374e+006
IJC,5/19/2025 00:00:00,12.15,12.25,12.05,12.15,1.3857e+006
IJC,5/20/2025 00:00:00,12.2,12.25,12.05,12.1,1.097e+006
IJC,5/21/2025 00:00:00,12.15,12.25,11.9,12.25,1.3837e+006
IJC,5/22/2025 00:00:00,12.1,12.25,12.05,12.05,1.3677e+006
IJC,5/23/2025 00:00:00,12.1,12.15,11.95,12.05,847000
IJC,5/26/2025 00:00:00,12,12.45,11.8,12.4,2.6516e+006
IJC,5/27/2025 00:00:00,12.45,12.8,12.3,12.7,3.7337e+006
IJC,5/28/2025 00:00:00,12.8,12.9,12.55,12.55,2.8128e+006
IJC,5/29/2025 00:00:00,12.7,12.9,12.55,12.65,2.1239e+006
IJC,5/30/2025 00:00:00,12.7,12.85,12.6,12.7,2.2151e+006
IJC,6/2/2025 00:00:00,12.7,13.15,12.7,13,3.5405e+006
IJC,6/3/2025 00:00:00,13.1,13.1,12.8,12.8,2.1192e+006
IJC,6/4/2025 00:00:00,12.85,12.9,12.75,12.8,1.4533e+006
IJC,6/5/2025 00:00:00,12.8,13.15,12.7,12.75,2.5797e+006
IJC,6/6/2025 00:00:00,12.8,12.8,12.5,12.6,1.983e+006
IJC,6/9/2025 00:00:00,12.6,12.6,12.15,12.45,1.9141e+006
IJC,6/10/2025 00:00:00,12.4,12.45,12.25,12.4,842100
IJC,6/11/2025 00:00:00,12.4,12.4,12.2,12.25,1.3383e+006
IJC,6/12/2025 00:00:00,12.25,12.4,12.25,12.3,1.1849e+006
IJC,6/13/2025 00:00:00,12.2,12.35,11.85,12.1,2.6834e+006
IJC,6/16/2025 00:00:00,11.9,12.3,11.9,12.25,990100
IJC,6/17/2025 00:00:00,12.4,12.4,12.2,12.3,756000
IJC,6/18/2025 00:00:00,12.3,12.55,12.25,12.3,1.2167e+006
IJC,6/19/2025 00:00:00,12.3,12.4,12.2,12.3,613900
IJC,6/20/2025 00:00:00,12.3,12.35,12.1,12.35,1.1364e+006
IJC,6/23/2025 00:00:00,12.25,12.5,12.1,12.45,1.4793e+006
IJC,6/24/2025 00:00:00,12.55,12.55,12.35,12.45,1.4533e+006
IJC,6/25/2025 00:00:00,12.55,12.6,12.3,12.35,2.2996e+006
IJC,6/26/2025 00:00:00,12.35,12.5,12.3,12.4,1.0256e+006
IJC,6/27/2025 00:00:00,12.4,12.6,12.4,12.55,2.4564e+006
IJC,6/30/2025 00:00:00,12.65,12.65,12.45,12.5,867300
IJC,7/1/2025 00:00:00,12.55,12.65,12.4,12.5,1.6192e+006
IJC,7/2/2025 00:00:00,12.45,12.8,12.45,12.7,1.9797e+006
IJC,7/3/2025 00:00:00,12.55,12.7,12.4,12.5,2.2143e+006
IJC,7/4/2025 00:00:00,12.5,12.65,12.5,12.55,1.4188e+006
IJC,7/7/2025 00:00:00,12.7,12.75,12.55,12.65,1.6007e+006
IJC,7/8/2025 00:00:00,12.7,13.05,12.65,12.95,4.2102e+006
IJC,7/9/2025 00:00:00,13,13,12.85,12.95,3.0828e+006
IJC,7/10/2025 00:00:00,13,13.1,12.7,12.8,3.0737e+006
IJC,7/11/2025 00:00:00,12.85,12.95,12.7,12.7,2.5795e+006
IJC,7/14/2025 00:00:00,12.7,13.1,12.6,13.1,3.7699e+006
IJC,7/15/2025 00:00:00,13.15,13.4,12.95,12.95,4.7048e+006
IJC,7/16/2025 00:00:00,12.9,13.3,12.9,13,3.6624e+006
IJC,7/17/2025 00:00:00,13.25,13.45,13.05,13.2,5.0302e+006
IJC,7/18/2025 00:00:00,13.3,13.6,13.1,13.1,5.9461e+006
IJC,7/21/2025 00:00:00,13.3,13.4,13.05,13.1,4.3309e+006
IJC,7/22/2025 00:00:00,13.05,13.2,12.95,13.2,3.4984e+006
IJC,7/23/2025 00:00:00,13.2,13.5,13.2,13.25,3.7402e+006
IJC,7/24/2025 00:00:00,13.3,13.35,13.1,13.2,3.2929e+006
IJC,7/25/2025 00:00:00,13.3,13.35,13.15,13.2,3.8506e+006
IJC,7/28/2025 00:00:00,13.3,13.9,13.25,13.75,7.1531e+006
IJC,7/29/2025 00:00:00,14,14,13.15,13.15,8.3555e+006
IJC,7/30/2025 00:00:00,13.25,13.4,13,13.15,2.5448e+006
IJC,7/31/2025 00:00:00,13.35,13.5,13.05,13.25,2.8956e+006
IJC,8/1/2025 00:00:00,13.3,13.4,13.1,13.15,2.8208e+006
IJC,8/4/2025 00:00:00,13.1,13.35,13.1,13.3,1.6874e+006
IJC,8/5/2025 00:00:00,13.4,13.65,13,13.2,5.6591e+006
IJC,8/6/2025 00:00:00,13.25,13.45,13.2,13.45,2.241e+006
IJC,8/7/2025 00:00:00,13.65,13.95,13.4,13.95,5.2261e+006
IJC,8/8/2025 00:00:00,14.15,14.2,13.65,13.9,5.2589e+006
IJC,8/11/2025 00:00:00,14,14.45,13.95,14.3,5.1125e+006
IJC,8/12/2025 00:00:00,14.35,14.35,13.7,14,4.5887e+006
IJC,8/13/2025 00:00:00,14.1,14.65,14,14.6,9.0545e+006
IJC,8/14/2025 00:00:00,14.75,14.8,14.35,14.45,4.0709e+006
IJC,8/15/2025 00:00:00,14.5,14.5,14,14.1,6.0923e+006
IJC,8/18/2025 00:00:00,14.2,14.75,14.2,14.65,7.2389e+006
IJC,8/19/2025 00:00:00,14.8,15.3,14.8,14.9,1.36634e+007
IJC,8/20/2025 00:00:00,14.95,14.95,14.1,14.45,7.7318e+006
IJC,8/21/2025 00:00:00,14.6,14.6,14,14.1,6.6095e+006
IJC,8/22/2025 00:00:00,14.05,14.05,13.2,13.4,7.4424e+006
IJC,8/25/2025 00:00:00,13.45,13.65,13.05,13.1,3.4605e+006
IJC,8/26/2025 00:00:00,13.1,13.5,13.1,13.5,2.427e+006
IJC,8/27/2025 00:00:00,13.6,14.4,13.5,14.4,8.4239e+006
IJC,8/28/2025 00:00:00,14.4,14.75,14.25,14.7,4.9467e+006
IJC,9/3/2025 00:00:00,15,15.4,14.9,15.3,8.4074e+006
IJC,9/8/2025 00:00:00,12.0955,12.2601,11.9309,11.9721,5.4513e+006
IJC,9/9/2025 00:00:00,11.9721,12.4246,11.9721,12.3835,4.5684e+006
IJC,9/10/2025 00:00:00,12.5069,12.5069,12.2189,12.3012,2.808e+006
IJC,9/11/2025 00:00:00,12.3012,12.3423,11.9309,12.2601,3.7651e+006
IJC,9/12/2025 00:00:00,12.3012,13.0829,12.2189,13.0829,2.03281e+007
IJC,9/15/2025 00:00:00,13.4943,13.8234,13.3297,13.7,2.10143e+007
IJC,9/16/2025 00:00:00,14.6,14.65,13.7,14.1,1.77281e+007
IJC,9/17/2025 00:00:00,14.15,14.2,13.6,13.6,5.6047e+006
IJC,9/18/2025 00:00:00,13.75,14.1,13.6,13.95,4.3557e+006
IJC,9/19/2025 00:00:00,14.1,14.1,13.7,13.9,3.2293e+006
IJC,9/22/2025 00:00:00,13.85,13.9,13.35,13.4,6.7399e+006
IJC,9/23/2025 00:00:00,13.6,13.65,13.4,13.45,2.5828e+006
IJC,9/24/2025 00:00:00,13.5,14,13.35,14,4.9973e+006
IJC,9/25/2025 00:00:00,14,14.35,13.9,14.05,6.4665e+006
IJC,9/26/2025 00:00:00,14.15,14.65,13.9,14.2,1.44079e+007
IJC,9/29/2025 00:00:00,14.25,14.3,13.8,13.85,3.9891e+006
IJC,9/30/2025 00:00:00,13.85,13.85,13.25,13.5,6.6429e+006
IJC,10/1/2025 00:00:00,13.5,13.8,13.45,13.6,2.6885e+006
IJC,10/2/2025 00:00:00,13.75,13.75,13.05,13.1,6.46e+006
IJC,10/3/2025 00:00:00,13.1,13.3,12.65,12.65,7.6965e+006
IJC,10/6/2025 00:00:00,12.75,13.25,12.75,13.2,5.2282e+006
IJC,10/7/2025 00:00:00,13.3,13.3,12.85,12.9,3.6679e+006
IJC,10/8/2025 00:00:00,13.1,13.1,12.7,12.8,4.4999e+006
IJC,10/9/2025 00:00:00,13,13,12.6,12.75,4.3458e+006
IJC,10/10/2025 00:00:00,12.9,13.25,12.8,13.15,4.3865e+006
IJC,10/13/2025 00:00:00,13.15,14.05,13.15,13.75,9.8491e+006
IJC,10/14/2025 00:00:00,13.9,13.9,13.3,13.35,6.3398e+006
IJC,10/15/2025 00:00:00,13.45,13.75,13.15,13.65,5.8936e+006
IJC,10/16/2025 00:00:00,13.75,14,13.6,13.75,8.915e+006
IJC,10/17/2025 00:00:00,13.85,13.85,13.3,13.3,6.1387e+006
IJC,10/20/2025 00:00:00,13.3,13.45,12.4,12.4,1.05981e+007
IJC,10/21/2025 00:00:00,12.3,12.6,12.05,12.3,6.3645e+006
IJC,10/22/2025 00:00:00,12.45,12.45,11.9,12.3,5.3166e+006
IJC,10/23/2025 00:00:00,12.35,12.55,12.1,12.25,5.2548e+006
IJC,10/24/2025 00:00:00,12.15,12.3,12,12.1,2.4859e+006
IJC,10/27/2025 00:00:00,12.2,12.35,11.85,11.85,2.9184e+006
IJC,10/28/2025 00:00:00,11.85,12.1,11.6,12.1,3.3425e+006
IJC,10/29/2025 00:00:00,12.2,12.3,12.05,12.2,2.1925e+006
IJC,10/30/2025 00:00:00,12.3,12.45,12.15,12.35,3.0483e+006
IJC,10/31/2025 00:00:00,12.35,12.4,12.2,12.2,2.0741e+006
IJC,11/3/2025 00:00:00,12.2,12.25,11.85,11.85,2.5782e+006
IJC,11/4/2025 00:00:00,11.8,12.45,11.7,12.35,3.4715e+006
IJC,11/5/2025 00:00:00,12.35,12.35,12.1,12.15,1.3492e+006
IJC,11/6/2025 00:00:00,12.15,12.4,12.15,12.2,3.1938e+006
IJC,11/7/2025 00:00:00,12.2,12.35,12,12,2.5388e+006
IJC,11/10/2025 00:00:00,12,12.15,11.85,11.85,2.0351e+006
IJC,11/11/2025 00:00:00,11.9,12,11.8,11.95,1.5561e+006
IJC,11/12/2025 00:00:00,12.1,12.4,12.05,12.35,2.6835e+006
IJC,11/13/2025 00:00:00,12.4,12.5,12.2,12.4,2.4269e+006
IJC,11/14/2025 00:00:00,12.3,12.6,12.3,12.45,2.3839e+006
IJC,11/17/2025 00:00:00,12.45,12.6,12.4,12.5,2.1923e+006
IJC,11/18/2025 00:00:00,12.5,12.6,12.3,12.35,1.8399e+006
IJC,11/19/2025 00:00:00,12.4,12.45,12.2,12.3,2.6681e+006
IJC,11/20/2025 00:00:00,12.35,12.35,12.15,12.2,1.2611e+006
IJC,11/21/2025 00:00:00,12.2,12.4,12.15,12.2,1.8267e+006
IJC,11/24/2025 00:00:00,12.2,12.35,12.1,12.1,1.8444e+006
IJC,11/25/2025 00:00:00,12.1,12.15,11.8,11.8,3.7098e+006
IJC,11/26/2025 00:00:00,11.85,12,11.85,12,1.9541e+006
IJC,11/27/2025 00:00:00,12,12.1,11.95,11.95,1.1952e+006
IJC,11/28/2025 00:00:00,11.95,12,11.85,11.9,1.5845e+006
IJC,12/1/2025 00:00:00,11.9,11.95,11.8,11.8,1.2078e+006
IJC,12/2/2025 00:00:00,11.8,11.9,11.7,11.85,1.4429e+006
IJC,12/3/2025 00:00:00,11.85,12.05,11.8,12.05,1.8146e+006
IJC,12/4/2025 00:00:00,12.1,12.1,12,12,1.6924e+006
IJC,12/5/2025 00:00:00,12.05,12.35,11.95,11.95,2.1944e+006
IJC,12/8/2025 00:00:00,12.05,12.05,11.85,11.85,1.1254e+006
IJC,12/9/2025 00:00:00,11.9,12.2,11.65,12.2,2.043e+006
IJC,12/10/2025 00:00:00,12,12.25,11.6,11.7,1.20691e+007
IJC,12/11/2025 00:00:00,11.65,11.85,11.25,11.25,6.929e+006
IJC,12/12/2025 00:00:00,11.3,11.4,10.8,10.8,6.5707e+006
IJC,12/15/2025 00:00:00,10.9,10.9,10.6,10.75,2.8162e+006
IJC,12/16/2025 00:00:00,10.75,11.15,10.6,11.05,3.2032e+006
IJC,12/17/2025 00:00:00,11,11.05,10.85,11,3.1756e+006
IJC,12/18/2025 00:00:00,11,11,10.85,10.95,1.7137e+006
IJC,12/19/2025 00:00:00,10.95,11,10.85,10.9,3.3831e+006
IJC,12/22/2025 00:00:00,11,11.1,10.95,11,2.9068e+006
IJC,12/23/2025 00:00:00,11,11.35,11,11.05,3.6064e+006
IJC,12/24/2025 00:00:00,11.1,11.15,10.95,11,2.6366e+006
IJC,12/25/2025 00:00:00,11.05,11.1,10.85,10.85,2.158e+006
IJC,12/26/2025 00:00:00,10.75,10.85,10.55,10.75,4e+006
IJC,12/29/2025 00:00:00,10.8,10.9,10.7,10.75,1.8366e+006
IJC,12/30/2025 00:00:00,10.75,10.85,10.7,10.8,1.2615e+006
IJC,12/31/2025 00:00:00,10.8,10.85,10.7,10.75,2.512e+006
IJC,1/5/2026 00:00:00,10.7,10.75,10.6,10.65,2.478e+006
IJC,1/6/2026 00:00:00,10.7,10.7,10.4,10.5,4.3062e+006
IJC,1/7/2026 00:00:00,10.6,10.85,10.6,10.8,2.7773e+006
IJC,1/8/2026 00:00:00,10.85,10.9,10.7,10.7,3.1216e+006
IJC,1/9/2026 00:00:00,10.7,11,10.65,10.8,4.3154e+006
IJC,1/12/2026 00:00:00,10.9,11.05,10.65,11,3.9664e+006
IJC,1/13/2026 00:00:00,11.15,11.15,10.9,10.95,2.5804e+006
IJC,1/14/2026 00:00:00,10.9,11.4,10.85,11.25,6.1013e+006
IJC,1/15/2026 00:00:00,11.3,11.55,11.1,11.35,5.8773e+006
IJC,1/16/2026 00:00:00,11.45,11.5,11.05,11.05,4.696e+006
IJC,1/19/2026 00:00:00,11.1,11.45,11,11.15,4.1757e+006
IJC,1/20/2026 00:00:00,11.15,11.25,11.05,11.05,3.2321e+006
IJC,1/21/2026 00:00:00,11,11.1,10.7,10.7,5.2358e+006
IJC,1/22/2026 00:00:00,10.85,11.2,10.8,11.05,3.8251e+006
IJC,1/23/2026 00:00:00,11,11.15,10.85,10.85,1.8774e+006
IJC,1/26/2026 00:00:00,10.95,10.95,10.6,10.65,3.2895e+006
IJC,1/27/2026 00:00:00,10.7,10.75,10.55,10.6,2.5503e+006
IJC,1/28/2026 00:00:00,10.7,10.7,10.45,10.6,3.3778e+006
IJC,1/29/2026 00:00:00,10.7,10.7,10.45,10.55,2.2632e+006
IJC,1/30/2026 00:00:00,10.6,10.7,10.55,10.6,2.7056e+006
IJC,2/2/2026 00:00:00,10.6,10.8,10.5,10.6,1.9166e+006
IJC,2/3/2026 00:00:00,10.6,10.85,10.5,10.75,2.8999e+006
IJC,2/4/2026 00:00:00,10.75,10.8,10.7,10.75,679800
IJC,2/5/2026 00:00:00,10.8,10.85,10.65,10.65,2.1298e+006
IJC,2/6/2026 00:00:00,10.55,10.6,10.4,10.45,3.9054e+006
IJC,2/9/2026 00:00:00,10.5,10.55,10.45,10.5,1.3057e+006
IJC,2/10/2026 00:00:00,10.5,10.6,10.45,10.45,1.8434e+006
IJC,2/11/2026 00:00:00,10.5,10.7,10.45,10.6,1.8625e+006
IJC,2/12/2026 00:00:00,10.7,10.7,10.55,10.55,978100
IJC,2/13/2026 00:00:00,10.55,10.65,10.55,10.65,1.2165e+006
IJC,2/23/2026 00:00:00,10.7,10.75,10.65,10.75,1.3326e+006
IJC,2/24/2026 00:00:00,10.7,10.75,10.65,10.7,1.8249e+006
IJC,2/25/2026 00:00:00,10.75,11.05,10.75,10.9,5.4624e+006
IJC,2/27/2026 00:00:00,10.8,10.8,10.6,10.7,2.1801e+006
IJC,3/2/2026 00:00:00,10.15,10.5,10.15,10.35,5.477e+006
