Ticker,Date,Open,High,Low,Close,Volume
MBB,11/2/2011 00:00:00,1.55648,1.57937,1.5107,1.5107,1.25522e+006
MBB,11/3/2011 00:00:00,1.48781,1.5107,1.44203,1.49925,1.19391e+006
MBB,11/4/2011 00:00:00,1.5107,1.5107,1.47636,1.47636,483860
MBB,11/7/2011 00:00:00,1.47636,1.47636,1.40769,1.40769,1.15875e+006
MBB,11/8/2011 00:00:00,1.38481,1.39625,1.35047,1.37336,1.10549e+006
MBB,11/9/2011 00:00:00,1.36192,1.37336,1.32758,1.32758,740500
MBB,11/10/2011 00:00:00,1.30469,1.38481,1.30469,1.35047,1.25802e+006
MBB,11/11/2011 00:00:00,1.37336,1.39625,1.36192,1.37336,1.02432e+006
MBB,11/14/2011 00:00:00,1.36192,1.37336,1.35047,1.36192,681580
MBB,11/15/2011 00:00:00,1.36192,1.37336,1.35047,1.35047,333650
MBB,11/16/2011 00:00:00,1.35047,1.37336,1.33903,1.36192,963200
MBB,11/17/2011 00:00:00,1.36192,1.36192,1.33903,1.36192,833240
MBB,11/18/2011 00:00:00,1.35047,1.37336,1.32758,1.37336,1.46887e+006
MBB,11/21/2011 00:00:00,1.35047,1.41914,1.35047,1.41914,1.24737e+006
MBB,11/22/2011 00:00:00,1.41914,1.48781,1.41914,1.46492,1.10038e+006
MBB,11/23/2011 00:00:00,1.47636,1.48781,1.44203,1.45347,580420
MBB,11/24/2011 00:00:00,1.45347,1.45347,1.41914,1.41914,545770
MBB,11/25/2011 00:00:00,1.40769,1.41914,1.38481,1.40769,587810
MBB,11/28/2011 00:00:00,1.41914,1.46492,1.40769,1.44203,1.11914e+006
MBB,11/29/2011 00:00:00,1.44203,1.47636,1.44203,1.46492,1.36892e+006
MBB,11/30/2011 00:00:00,1.47636,1.47636,1.43058,1.43058,1.19235e+006
MBB,12/1/2011 00:00:00,1.44203,1.46492,1.44203,1.45347,903960
MBB,12/2/2011 00:00:00,1.45347,1.46492,1.44203,1.45347,505490
MBB,12/5/2011 00:00:00,1.45347,1.49925,1.45347,1.48781,915680
MBB,12/6/2011 00:00:00,1.48781,1.48781,1.46492,1.46492,709500
MBB,12/7/2011 00:00:00,1.49018,1.5028,1.45229,1.47755,1.24368e+006
MBB,12/8/2011 00:00:00,1.49018,1.49018,1.46492,1.46492,381970
MBB,12/9/2011 00:00:00,1.46492,1.46492,1.42703,1.43966,861100
MBB,12/12/2011 00:00:00,1.42703,1.46492,1.42703,1.45229,640030
MBB,12/13/2011 00:00:00,1.43966,1.46492,1.43966,1.43966,648920
MBB,12/14/2011 00:00:00,1.43966,1.43966,1.40178,1.42703,1.18506e+006
MBB,12/15/2011 00:00:00,1.43966,1.43966,1.38915,1.42703,582760
MBB,12/16/2011 00:00:00,1.42703,1.45229,1.4144,1.42703,510930
MBB,12/19/2011 00:00:00,1.4144,1.43966,1.4144,1.42703,468810
MBB,12/20/2011 00:00:00,1.4144,1.42703,1.4144,1.42703,560760
MBB,12/21/2011 00:00:00,1.42703,1.43966,1.42703,1.43966,588730
MBB,12/22/2011 00:00:00,1.43966,1.43966,1.40178,1.4144,587640
MBB,12/23/2011 00:00:00,1.4144,1.42703,1.40178,1.40178,597370
MBB,12/26/2011 00:00:00,1.40178,1.4144,1.35126,1.38915,1.03519e+006
MBB,12/27/2011 00:00:00,1.37652,1.37652,1.326,1.326,1.7276e+006
MBB,12/28/2011 00:00:00,1.326,1.35126,1.31337,1.33863,1.74166e+006
MBB,12/29/2011 00:00:00,1.35126,1.36389,1.33863,1.36389,1.01918e+006
MBB,12/30/2011 00:00:00,1.36389,1.38915,1.36389,1.36389,510030
MBB,1/3/2012 00:00:00,1.36389,1.37652,1.35126,1.37652,462000
MBB,1/4/2012 00:00:00,1.36389,1.37652,1.33863,1.37652,368740
MBB,1/5/2012 00:00:00,1.37652,1.37652,1.33863,1.35126,478490
MBB,1/6/2012 00:00:00,1.35126,1.36389,1.33863,1.35126,331370
MBB,1/9/2012 00:00:00,1.36389,1.37652,1.33863,1.36389,464800
MBB,1/10/2012 00:00:00,1.35126,1.38915,1.35126,1.38915,897700
MBB,1/11/2012 00:00:00,1.40178,1.40178,1.38915,1.40178,653750
MBB,1/12/2012 00:00:00,1.40178,1.42703,1.38915,1.42703,475010
MBB,1/13/2012 00:00:00,1.42703,1.45229,1.42703,1.45229,425170
MBB,1/16/2012 00:00:00,1.45229,1.5028,1.45229,1.49018,553980
MBB,1/17/2012 00:00:00,1.5028,1.5028,1.45229,1.45229,645660
MBB,1/18/2012 00:00:00,1.45229,1.49018,1.43966,1.45229,343520
MBB,1/19/2012 00:00:00,1.47755,1.5028,1.46492,1.5028,268670
MBB,1/20/2012 00:00:00,1.5028,1.51543,1.47755,1.49018,275900
MBB,1/30/2012 00:00:00,1.5028,1.51543,1.47755,1.51543,457150
MBB,1/31/2012 00:00:00,1.51543,1.56595,1.5028,1.52806,822330
MBB,2/1/2012 00:00:00,1.52806,1.52806,1.49018,1.51543,586840
MBB,2/2/2012 00:00:00,1.54069,1.5912,1.54069,1.5912,1.36093e+006
MBB,2/3/2012 00:00:00,1.62909,1.66698,1.60383,1.61646,4.07703e+006
MBB,2/6/2012 00:00:00,1.64172,1.64172,1.57858,1.57858,1.15751e+006
MBB,2/7/2012 00:00:00,1.61646,1.61646,1.56595,1.5912,963570
MBB,2/8/2012 00:00:00,1.60383,1.65435,1.5912,1.65435,2.49636e+006
MBB,2/9/2012 00:00:00,1.65435,1.73012,1.65435,1.69223,4.11351e+006
MBB,2/10/2012 00:00:00,1.69223,1.71749,1.65435,1.66698,3.13979e+006
MBB,2/13/2012 00:00:00,1.67692,1.67692,1.6241,1.6241,949610
MBB,2/14/2012 00:00:00,1.6241,1.67692,1.6109,1.67692,1.31073e+006
MBB,2/15/2012 00:00:00,1.67692,1.67692,1.6109,1.6373,1.08985e+006
MBB,2/16/2012 00:00:00,1.6241,1.65051,1.6109,1.65051,1.26495e+006
MBB,2/17/2012 00:00:00,1.65051,1.67692,1.65051,1.67692,1.2155e+006
MBB,2/20/2012 00:00:00,1.70332,1.75614,1.69012,1.74294,2.94185e+006
MBB,2/21/2012 00:00:00,1.76934,1.76934,1.70332,1.70332,2.80519e+006
MBB,2/22/2012 00:00:00,1.69012,1.76934,1.69012,1.75614,3.63588e+006
MBB,2/23/2012 00:00:00,1.76934,1.83536,1.74294,1.83536,5.79066e+006
MBB,2/24/2012 00:00:00,1.86177,1.91459,1.84857,1.87498,7.5767e+006
MBB,2/27/2012 00:00:00,1.87498,1.9542,1.86177,1.941,5.07131e+006
MBB,2/28/2012 00:00:00,1.98143,1.98143,1.84664,1.88708,4.7701e+006
MBB,2/29/2012 00:00:00,1.88708,1.92752,1.84664,1.92752,6.07094e+006
MBB,3/1/2012 00:00:00,1.941,2.02187,1.91404,2.00839,1.16447e+007
MBB,3/2/2012 00:00:00,2.04883,2.10275,2.03535,2.10275,1.40861e+007
MBB,3/5/2012 00:00:00,2.1971,2.1971,2.1971,2.1971,1.6047e+006
MBB,3/6/2012 00:00:00,2.30493,2.30493,2.1971,2.22406,1.57911e+007
MBB,3/7/2012 00:00:00,2.1971,2.22406,2.12971,2.17014,9.63056e+006
MBB,3/8/2012 00:00:00,2.07579,2.15666,2.06231,2.06231,9.29032e+006
MBB,3/9/2012 00:00:00,1.99491,2.07579,1.96796,2.00839,6.46951e+006
MBB,3/12/2012 00:00:00,2.00839,2.00839,1.91404,1.941,7.72861e+006
MBB,3/13/2012 00:00:00,1.98143,2.03535,1.941,2.02187,5.04678e+006
MBB,3/14/2012 00:00:00,2.06231,2.06231,1.96796,1.96796,3.63282e+006
MBB,3/15/2012 00:00:00,1.941,2.06231,1.92752,2.06231,5.27066e+006
MBB,3/16/2012 00:00:00,2.14318,2.15666,2.07579,2.08927,6.86554e+006
MBB,3/19/2012 00:00:00,2.07579,2.12971,2.06231,2.08927,4.15672e+006
MBB,3/20/2012 00:00:00,2.10275,2.14318,2.08927,2.14318,3.74843e+006
MBB,3/21/2012 00:00:00,2.17014,2.23754,2.15666,2.18362,8.48676e+006
MBB,3/22/2012 00:00:00,2.15666,2.1971,2.12971,2.12971,5.04293e+006
MBB,3/23/2012 00:00:00,2.15666,2.1971,2.12971,2.15666,6.8863e+006
MBB,3/26/2012 00:00:00,2.18362,2.18362,2.08927,2.08927,4.34574e+006
MBB,3/27/2012 00:00:00,2.06231,2.08927,1.99491,1.99491,6.1711e+006
MBB,3/28/2012 00:00:00,1.96796,2.03535,1.941,2.03535,3.28732e+006
MBB,3/29/2012 00:00:00,2.04883,2.04883,1.96796,1.98143,2.66766e+006
MBB,3/30/2012 00:00:00,1.96796,1.99491,1.941,1.95448,2.56321e+006
MBB,4/3/2012 00:00:00,1.95448,2.04883,1.95448,2.03535,4.29217e+006
MBB,4/4/2012 00:00:00,2.04883,2.06231,1.99491,2.00839,2.46665e+006
MBB,4/5/2012 00:00:00,2.00839,2.07579,1.98143,2.06231,3.03367e+006
MBB,4/6/2012 00:00:00,2.06231,2.08927,2.03535,2.03535,2.5535e+006
MBB,4/9/2012 00:00:00,2.04883,2.07579,2.02187,2.06231,1.62241e+006
MBB,4/10/2012 00:00:00,2.06231,2.07579,1.99491,2.00839,3.96866e+006
MBB,4/11/2012 00:00:00,2.06231,2.06231,2.00839,2.06231,3.8657e+006
MBB,4/12/2012 00:00:00,2.07579,2.15666,2.06231,2.12971,1.02274e+007
MBB,4/13/2012 00:00:00,2.14318,2.15666,2.08927,2.08927,2.9919e+006
MBB,4/16/2012 00:00:00,2.11623,2.15666,2.08927,2.12971,2.4895e+006
MBB,4/17/2012 00:00:00,2.15666,2.18362,2.11623,2.14318,5.19395e+006
MBB,4/18/2012 00:00:00,2.14318,2.18362,2.11623,2.11623,5.57454e+006
MBB,4/19/2012 00:00:00,2.11623,2.12971,2.07579,2.07579,2.80008e+006
MBB,4/20/2012 00:00:00,2.07579,2.12971,2.04883,2.07579,2.35705e+006
MBB,4/23/2012 00:00:00,2.06231,2.10275,2.06231,2.07579,3.37138e+006
MBB,4/24/2012 00:00:00,2.07579,2.08927,2.04883,2.08927,2.7306e+006
MBB,4/25/2012 00:00:00,2.11623,2.12971,2.08927,2.10275,2.55956e+006
MBB,4/26/2012 00:00:00,2.11623,2.11623,2.06231,2.06231,2.62746e+006
MBB,4/27/2012 00:00:00,2.06231,2.07579,2.03535,2.06231,2.73435e+006
MBB,5/2/2012 00:00:00,2.07579,2.08927,2.03535,2.04883,2.28958e+006
MBB,5/3/2012 00:00:00,2.04883,2.04883,2.02187,2.03535,1.40171e+006
MBB,5/4/2012 00:00:00,2.03535,2.06231,2.03535,2.04883,2.05266e+006
MBB,5/7/2012 00:00:00,2.04883,2.06231,2.02187,2.02187,2.86267e+006
MBB,5/8/2012 00:00:00,2.02187,2.11623,2.02187,2.11623,7.55153e+006
MBB,5/9/2012 00:00:00,2.11623,2.14318,2.08927,2.10275,2.46086e+006
MBB,5/10/2012 00:00:00,2.10275,2.12971,2.07579,2.11623,2.36465e+006
MBB,5/11/2012 00:00:00,2.11623,2.11623,2.07579,2.08927,1.95813e+006
MBB,5/14/2012 00:00:00,2.07579,2.08927,2.02187,2.02187,3.7909e+006
MBB,5/15/2012 00:00:00,2.02187,2.03535,1.99491,1.99491,2.6271e+006
MBB,5/16/2012 00:00:00,1.99491,2.02187,1.98143,2.00839,1.93158e+006
MBB,5/17/2012 00:00:00,2.03572,2.06304,2.00839,2.00839,1.63551e+006
MBB,5/18/2012 00:00:00,1.99473,2.00839,1.94008,1.95374,2.63325e+006
MBB,5/21/2012 00:00:00,1.98107,2.04938,1.98107,2.04938,1.2876e+006
MBB,5/22/2012 00:00:00,2.04938,2.04938,1.99473,2.00839,750510
MBB,5/23/2012 00:00:00,1.98107,2.00839,1.95374,1.95374,1.31503e+006
MBB,5/24/2012 00:00:00,1.96741,1.98107,1.92642,1.92642,1.23666e+006
MBB,5/25/2012 00:00:00,1.98107,2.02206,1.95374,2.02206,1.85678e+006
MBB,5/28/2012 00:00:00,2.03572,2.04938,1.99473,2.02206,1.26363e+006
MBB,5/29/2012 00:00:00,1.99473,2.02206,1.99473,2.00839,957050
MBB,5/30/2012 00:00:00,2.00839,2.04938,1.99473,2.03572,2.0732e+006
MBB,5/31/2012 00:00:00,2.02206,2.02206,1.99473,2.00839,1.05871e+006
MBB,6/1/2012 00:00:00,2.02206,2.04938,2.00839,2.02206,1.35276e+006
MBB,6/4/2012 00:00:00,1.99473,2.00839,1.95374,1.96741,2.60846e+006
MBB,6/5/2012 00:00:00,1.96741,1.99473,1.95374,1.99473,667870
MBB,6/6/2012 00:00:00,1.98107,2.00839,1.98107,1.99473,784940
MBB,6/7/2012 00:00:00,2.00839,2.03572,1.99473,2.02206,1.58731e+006
MBB,6/8/2012 00:00:00,2.04938,2.04938,1.99473,1.99473,740140
MBB,6/11/2012 00:00:00,1.99473,2.02206,1.98107,1.99473,1.23302e+006
MBB,6/12/2012 00:00:00,1.99473,1.99473,1.95374,1.95374,1.16732e+006
MBB,6/13/2012 00:00:00,1.95374,1.98107,1.95374,1.95374,606570
MBB,6/14/2012 00:00:00,1.96741,1.98107,1.95374,1.95374,869930
MBB,6/15/2012 00:00:00,1.96741,1.99473,1.95374,1.96741,688370
MBB,6/18/2012 00:00:00,1.99473,2.00839,1.98107,1.99473,1.34841e+006
MBB,6/19/2012 00:00:00,1.98107,1.99473,1.96741,1.96741,632180
MBB,6/20/2012 00:00:00,1.96741,1.98107,1.96741,1.96741,245320
MBB,6/21/2012 00:00:00,1.96741,1.99473,1.95374,1.96741,897460
MBB,6/22/2012 00:00:00,1.96741,1.96741,1.94008,1.95374,1.03355e+006
MBB,6/25/2012 00:00:00,1.95374,1.96741,1.92642,1.92642,1.39605e+006
MBB,6/26/2012 00:00:00,1.92642,1.94008,1.89909,1.92642,1.11356e+006
MBB,6/27/2012 00:00:00,1.91276,1.94008,1.91276,1.91276,935260
MBB,6/28/2012 00:00:00,1.89909,1.92642,1.89909,1.89909,587950
MBB,6/29/2012 00:00:00,1.91276,1.91276,1.89909,1.91276,527300
MBB,7/2/2012 00:00:00,1.91276,1.91276,1.88543,1.88543,411320
MBB,7/3/2012 00:00:00,1.87177,1.88543,1.84444,1.87177,684000
MBB,7/4/2012 00:00:00,1.87177,1.88543,1.84444,1.84444,469580
MBB,7/5/2012 00:00:00,1.83078,1.84444,1.81712,1.84444,659740
MBB,7/6/2012 00:00:00,1.83078,1.87177,1.83078,1.85811,547100
MBB,7/9/2012 00:00:00,1.84444,1.85811,1.78979,1.78979,495120
MBB,7/10/2012 00:00:00,1.77613,1.80345,1.77613,1.77613,311900
MBB,7/11/2012 00:00:00,1.78979,1.78979,1.77613,1.77613,266880
MBB,7/12/2012 00:00:00,1.77613,1.80345,1.77613,1.80345,174340
MBB,7/13/2012 00:00:00,1.80345,1.88543,1.80345,1.88543,1.83648e+006
MBB,7/16/2012 00:00:00,1.89909,1.92642,1.88543,1.91276,2.03996e+006
MBB,7/17/2012 00:00:00,1.91276,1.96741,1.91276,1.95374,1.21472e+006
MBB,7/18/2012 00:00:00,1.95374,1.96741,1.92642,1.94008,746460
MBB,7/19/2012 00:00:00,1.94008,1.98107,1.91276,1.98107,1.0368e+006
MBB,7/20/2012 00:00:00,1.98107,2.00839,1.95374,1.95374,1.16757e+006
MBB,7/23/2012 00:00:00,1.95374,1.96741,1.92642,1.92642,757940
MBB,7/24/2012 00:00:00,1.91276,1.92642,1.87177,1.88543,977000
MBB,7/25/2012 00:00:00,1.87177,1.89909,1.87177,1.88543,991480
MBB,7/26/2012 00:00:00,1.88543,1.91276,1.88543,1.89909,386960
MBB,7/27/2012 00:00:00,1.89909,1.92642,1.89909,1.92642,1.18195e+006
MBB,7/30/2012 00:00:00,1.91276,1.92642,1.89909,1.92642,372670
MBB,7/31/2012 00:00:00,1.91276,1.94008,1.91276,1.91276,341290
MBB,8/1/2012 00:00:00,1.91276,1.91276,1.88543,1.88543,445630
MBB,8/2/2012 00:00:00,1.88543,1.91276,1.88543,1.88543,348530
MBB,8/3/2012 00:00:00,1.88543,1.91276,1.88543,1.89909,501940
MBB,8/6/2012 00:00:00,1.91276,1.94008,1.89909,1.92642,1.00728e+006
MBB,8/7/2012 00:00:00,1.89909,1.92642,1.89909,1.91276,494380
MBB,8/8/2012 00:00:00,1.91276,1.92642,1.89909,1.91276,715510
MBB,8/9/2012 00:00:00,1.91276,1.94008,1.91276,1.91276,641570
MBB,8/10/2012 00:00:00,1.91276,1.94008,1.91276,1.91276,604450
MBB,8/13/2012 00:00:00,1.91276,1.95374,1.89909,1.95374,1.03128e+006
MBB,8/14/2012 00:00:00,1.95374,2.04938,1.95374,2.00839,2.25781e+007
MBB,8/15/2012 00:00:00,2.02206,2.04938,1.98107,1.99473,1.8116e+006
MBB,8/16/2012 00:00:00,1.99473,2.00839,1.98107,1.99473,458790
MBB,8/17/2012 00:00:00,1.98107,1.99473,1.96741,1.99473,1.21734e+006
MBB,8/20/2012 00:00:00,1.99473,2.03572,1.99473,2.03572,2.44351e+006
MBB,8/21/2012 00:00:00,2.00839,2.00839,1.94008,1.94008,3.23785e+006
MBB,8/22/2012 00:00:00,1.87177,1.95374,1.87177,1.89909,2.19707e+006
MBB,8/23/2012 00:00:00,1.88543,1.88543,1.81712,1.81712,7.3238e+006
MBB,8/24/2012 00:00:00,1.77613,1.89909,1.77613,1.89909,2.70882e+006
MBB,8/27/2012 00:00:00,1.88543,1.88543,1.81712,1.83078,3.2543e+006
MBB,8/28/2012 00:00:00,1.84444,1.85811,1.81712,1.85811,623760
MBB,8/29/2012 00:00:00,1.87177,1.91276,1.85811,1.89909,826820
MBB,8/30/2012 00:00:00,1.91276,1.92642,1.88543,1.91276,1.01036e+006
MBB,8/31/2012 00:00:00,1.88543,1.91276,1.87177,1.87177,808190
MBB,9/4/2012 00:00:00,1.89909,1.91276,1.87177,1.88543,495100
MBB,9/5/2012 00:00:00,1.89909,1.89909,1.85811,1.88543,709730
MBB,9/6/2012 00:00:00,1.88543,1.89909,1.87177,1.87177,607920
MBB,9/7/2012 00:00:00,1.87177,1.87177,1.84444,1.87177,426160
MBB,9/10/2012 00:00:00,1.87177,1.87177,1.81712,1.81712,808070
MBB,9/11/2012 00:00:00,1.81712,1.84444,1.81712,1.84444,496560
MBB,9/12/2012 00:00:00,1.84444,1.87177,1.83078,1.83078,212280
MBB,9/13/2012 00:00:00,1.83078,1.85811,1.83078,1.85811,343370
MBB,9/14/2012 00:00:00,1.87177,1.88543,1.85811,1.88543,432290
MBB,9/17/2012 00:00:00,1.87177,1.89909,1.87177,1.87177,565550
MBB,9/18/2012 00:00:00,1.87177,1.87177,1.81712,1.83078,879070
MBB,9/19/2012 00:00:00,1.81712,1.84444,1.81712,1.84444,500370
MBB,9/20/2012 00:00:00,1.83078,1.83078,1.76247,1.78979,1.50693e+006
MBB,9/21/2012 00:00:00,1.80345,1.83078,1.80345,1.83078,767240
MBB,9/24/2012 00:00:00,1.83078,1.83078,1.80345,1.81712,278620
MBB,9/25/2012 00:00:00,1.80345,1.83078,1.80345,1.81712,238450
MBB,9/26/2012 00:00:00,1.81712,1.83078,1.81712,1.83078,311770
MBB,9/27/2012 00:00:00,1.83078,1.83078,1.81712,1.81712,393620
MBB,9/28/2012 00:00:00,1.81712,1.81712,1.80345,1.80345,325970
MBB,10/1/2012 00:00:00,1.78979,1.81712,1.77613,1.77613,447580
MBB,10/2/2012 00:00:00,1.78979,1.80345,1.77613,1.80345,390840
MBB,10/3/2012 00:00:00,1.80345,1.81712,1.80345,1.80345,408390
MBB,10/4/2012 00:00:00,1.80345,1.81712,1.80345,1.80345,399370
MBB,10/5/2012 00:00:00,1.80345,1.81712,1.80345,1.80345,259300
MBB,10/8/2012 00:00:00,1.80345,1.81712,1.80345,1.81712,316440
MBB,10/9/2012 00:00:00,1.83078,1.83078,1.80345,1.80345,437740
MBB,10/10/2012 00:00:00,1.78979,1.81712,1.78979,1.80345,497840
MBB,10/11/2012 00:00:00,1.80345,1.83078,1.78979,1.78979,1.73023e+006
MBB,10/12/2012 00:00:00,1.78979,1.80345,1.77613,1.78979,796930
MBB,10/15/2012 00:00:00,1.80345,1.80345,1.77613,1.77613,535660
MBB,10/16/2012 00:00:00,1.77613,1.80345,1.77613,1.78979,1.95011e+006
MBB,10/17/2012 00:00:00,1.78979,1.80345,1.77613,1.78979,598300
MBB,10/18/2012 00:00:00,1.77613,1.78979,1.76247,1.77613,1.34579e+006
MBB,10/19/2012 00:00:00,1.77613,1.77613,1.7488,1.76247,656940
MBB,10/22/2012 00:00:00,1.76247,1.76247,1.73514,1.73514,810510
MBB,10/23/2012 00:00:00,1.73514,1.7488,1.72148,1.73514,393350
MBB,10/24/2012 00:00:00,1.73514,1.7488,1.72148,1.72148,296490
MBB,10/25/2012 00:00:00,1.72148,1.73514,1.70782,1.72148,473240
MBB,10/26/2012 00:00:00,1.72148,1.73514,1.70782,1.70782,295650
MBB,10/29/2012 00:00:00,1.72148,1.7488,1.70782,1.73514,368390
MBB,10/30/2012 00:00:00,1.73514,1.73514,1.72148,1.72148,311190
MBB,10/31/2012 00:00:00,1.72148,1.73514,1.70782,1.73514,386190
MBB,11/1/2012 00:00:00,1.7488,1.81712,1.7488,1.80345,4.2043e+006
MBB,11/2/2012 00:00:00,1.76247,1.77613,1.7488,1.77613,2.01291e+006
MBB,11/5/2012 00:00:00,1.76247,1.78979,1.76247,1.76247,1.43488e+006
MBB,11/6/2012 00:00:00,1.77613,1.78979,1.76247,1.77613,880410
MBB,11/7/2012 00:00:00,1.77613,1.81712,1.77613,1.78979,1.64463e+006
MBB,11/8/2012 00:00:00,1.78979,1.83078,1.77613,1.83078,2.23952e+006
MBB,11/9/2012 00:00:00,1.83078,1.84444,1.80345,1.83078,2.74187e+006
MBB,11/12/2012 00:00:00,1.83078,1.85811,1.81712,1.85811,2.69756e+006
MBB,11/13/2012 00:00:00,1.87285,1.8876,1.84336,1.85811,1.42233e+006
MBB,11/14/2012 00:00:00,1.84336,1.85811,1.82861,1.82861,2.49241e+006
MBB,11/15/2012 00:00:00,1.82861,1.82861,1.79912,1.79912,483800
MBB,11/16/2012 00:00:00,1.79912,1.81386,1.79912,1.81386,459130
MBB,11/19/2012 00:00:00,1.82861,1.82861,1.76962,1.76962,1.76616e+006
MBB,11/20/2012 00:00:00,1.76962,1.79912,1.76962,1.78437,523960
MBB,11/21/2012 00:00:00,1.79912,1.79912,1.78437,1.78437,1.23014e+006
MBB,11/22/2012 00:00:00,1.79912,1.79912,1.76962,1.78437,696940
MBB,11/23/2012 00:00:00,1.78437,1.79912,1.78437,1.78437,319780
MBB,11/26/2012 00:00:00,1.78437,1.81386,1.76962,1.76962,809140
MBB,11/27/2012 00:00:00,1.76962,1.79912,1.76962,1.78437,593940
MBB,11/28/2012 00:00:00,1.78437,1.79912,1.76962,1.78437,306910
MBB,11/29/2012 00:00:00,1.79912,1.79912,1.78437,1.79912,405440
MBB,11/30/2012 00:00:00,1.79912,1.81386,1.78437,1.79912,632680
MBB,12/3/2012 00:00:00,1.79912,1.79912,1.78437,1.79912,426210
MBB,12/4/2012 00:00:00,1.79912,1.81386,1.78437,1.79912,396150
MBB,12/5/2012 00:00:00,1.79912,1.82861,1.79912,1.81386,1.51984e+006
MBB,12/6/2012 00:00:00,1.81386,1.82861,1.79912,1.81386,856290
MBB,12/7/2012 00:00:00,1.81386,1.82861,1.79912,1.79912,761280
MBB,12/10/2012 00:00:00,1.79912,1.82861,1.78437,1.81386,965460
MBB,12/11/2012 00:00:00,1.81386,1.81386,1.79912,1.81386,625520
MBB,12/12/2012 00:00:00,1.81528,1.84504,1.81528,1.83016,1.02802e+006
MBB,12/13/2012 00:00:00,1.84504,1.84504,1.81528,1.81528,679410
MBB,12/14/2012 00:00:00,1.81528,1.88968,1.81528,1.84504,1.26188e+006
MBB,12/17/2012 00:00:00,1.84504,1.84504,1.83016,1.83016,427310
MBB,12/18/2012 00:00:00,1.84504,1.84504,1.81528,1.81528,354780
MBB,12/19/2012 00:00:00,1.83016,1.84504,1.81528,1.83016,731270
MBB,12/20/2012 00:00:00,1.84504,1.84504,1.81528,1.83016,1.1566e+006
MBB,12/21/2012 00:00:00,1.81528,1.83016,1.81528,1.83016,564080
MBB,12/24/2012 00:00:00,1.83016,1.84504,1.81528,1.83016,567730
MBB,12/25/2012 00:00:00,1.83016,1.84504,1.81528,1.81528,507470
MBB,12/26/2012 00:00:00,1.81528,1.84504,1.81528,1.84504,540300
MBB,12/27/2012 00:00:00,1.84504,1.8748,1.84504,1.85992,2.89741e+006
MBB,12/28/2012 00:00:00,1.85992,1.8748,1.84504,1.85992,1.10845e+006
MBB,1/2/2013 00:00:00,1.8748,1.9492,1.8748,1.9492,3.46781e+006
MBB,1/3/2013 00:00:00,1.96408,1.96408,1.88968,1.91944,2.0203e+006
MBB,1/4/2013 00:00:00,1.91944,1.9492,1.88968,1.93432,1.40139e+006
MBB,1/7/2013 00:00:00,1.93432,1.96408,1.91944,1.9492,1.62559e+006
MBB,1/8/2013 00:00:00,1.93432,2.03847,1.93432,2.02359,5.31835e+006
MBB,1/9/2013 00:00:00,2.08311,2.11287,1.97895,1.99383,4.79201e+006
MBB,1/10/2013 00:00:00,1.99383,2.06823,1.97895,2.06823,2.49495e+006
MBB,1/11/2013 00:00:00,2.08311,2.12775,2.06823,2.08311,3.71525e+006
MBB,1/14/2013 00:00:00,2.05335,2.08311,2.00871,2.06823,2.03706e+006
MBB,1/15/2013 00:00:00,2.08311,2.14263,2.08311,2.11287,3.0573e+006
MBB,1/16/2013 00:00:00,2.12775,2.15751,2.11287,2.14263,4.07024e+006
MBB,1/17/2013 00:00:00,2.12775,2.15751,2.09799,2.09799,2.78596e+006
MBB,1/18/2013 00:00:00,2.09799,2.11287,2.05335,2.09799,4.01494e+006
MBB,1/21/2013 00:00:00,2.09799,2.15751,2.06823,2.08311,2.24184e+006
MBB,1/22/2013 00:00:00,2.06823,2.08311,2.00871,2.02359,1.69197e+006
MBB,1/23/2013 00:00:00,2.02359,2.05335,1.99383,2.02359,912980
MBB,1/24/2013 00:00:00,2.03847,2.05335,2.02359,2.05335,690290
MBB,1/25/2013 00:00:00,2.06823,2.08311,2.05335,2.06823,1.04545e+006
MBB,1/28/2013 00:00:00,2.06823,2.12775,2.06823,2.08311,3.5819e+006
MBB,1/29/2013 00:00:00,2.08311,2.11287,2.05335,2.08311,1.88952e+006
MBB,1/30/2013 00:00:00,2.08311,2.11287,2.06823,2.09799,2.15366e+006
MBB,1/31/2013 00:00:00,2.08311,2.09799,2.06823,2.06823,1.2242e+006
MBB,2/1/2013 00:00:00,2.06823,2.06823,2.03847,2.06823,582500
MBB,2/4/2013 00:00:00,2.06823,2.08311,2.03847,2.03847,692890
MBB,2/5/2013 00:00:00,2.05335,2.05335,2.00871,2.03847,1.04772e+006
MBB,2/6/2013 00:00:00,2.06823,2.08311,2.03847,2.06823,708940
MBB,2/7/2013 00:00:00,2.06823,2.08311,2.05335,2.06823,626850
MBB,2/8/2013 00:00:00,2.08311,2.12775,2.06823,2.09799,1.15424e+006
MBB,2/18/2013 00:00:00,2.11287,2.12775,2.08311,2.12775,2.18337e+006
MBB,2/19/2013 00:00:00,2.12775,2.14263,2.09799,2.11287,3.04384e+006
MBB,2/20/2013 00:00:00,2.09799,2.11287,2.08311,2.09799,810230
MBB,2/21/2013 00:00:00,2.09799,2.11287,2.03847,2.03847,1.29544e+006
MBB,2/22/2013 00:00:00,2.05335,2.08311,2.00871,2.03847,2.55973e+006
MBB,2/25/2013 00:00:00,2.05335,2.05335,2.02359,2.02359,635190
MBB,2/26/2013 00:00:00,2.02359,2.02359,1.96408,1.96408,1.21077e+006
MBB,2/27/2013 00:00:00,1.9492,1.97895,1.93432,1.96408,894980
MBB,2/28/2013 00:00:00,1.99383,2.00871,1.97895,1.99383,658650
MBB,3/1/2013 00:00:00,1.99383,2.00871,1.97895,1.97895,347490
MBB,3/4/2013 00:00:00,1.99383,1.99383,1.93432,1.9492,653150
MBB,3/5/2013 00:00:00,1.96408,1.96408,1.93432,1.9492,545480
MBB,3/6/2013 00:00:00,1.9492,1.96408,1.9492,1.9492,391390
MBB,3/7/2013 00:00:00,1.96408,1.96408,1.93432,1.9492,363780
MBB,3/8/2013 00:00:00,1.9492,1.96408,1.9492,1.9492,414720
MBB,3/11/2013 00:00:00,1.93432,1.97895,1.93432,1.96408,353380
MBB,3/12/2013 00:00:00,1.96408,1.97895,1.9492,1.96408,237010
MBB,3/13/2013 00:00:00,1.96408,1.96408,1.93432,1.9492,273610
MBB,3/14/2013 00:00:00,1.9492,1.9492,1.93432,1.93432,204060
MBB,3/15/2013 00:00:00,1.93432,1.96408,1.93432,1.93432,249840
MBB,3/18/2013 00:00:00,1.93432,1.9492,1.93432,1.93432,326950
MBB,3/19/2013 00:00:00,1.93432,1.9492,1.91944,1.93432,349100
MBB,3/20/2013 00:00:00,1.93432,1.96408,1.93432,1.9492,329070
MBB,3/21/2013 00:00:00,1.9492,1.96408,1.9492,1.9492,239210
MBB,3/22/2013 00:00:00,1.9492,1.96408,1.93432,1.93432,502930
MBB,3/25/2013 00:00:00,1.93432,1.9492,1.91944,1.9492,735850
MBB,3/26/2013 00:00:00,1.9492,1.96408,1.93432,1.9492,195680
MBB,3/27/2013 00:00:00,1.9492,1.9492,1.93432,1.93432,180740
MBB,3/28/2013 00:00:00,1.93432,1.93432,1.91944,1.91944,322200
MBB,3/29/2013 00:00:00,1.91944,1.93432,1.90456,1.91944,215300
MBB,4/1/2013 00:00:00,1.93432,1.9492,1.91944,1.9492,506730
MBB,4/2/2013 00:00:00,1.9492,1.97895,1.9492,1.96408,951800
MBB,4/3/2013 00:00:00,1.96408,1.97895,1.9492,1.9492,344920
MBB,4/4/2013 00:00:00,1.9492,1.9492,1.93432,1.93432,875350
MBB,4/5/2013 00:00:00,1.93432,1.9492,1.91944,1.93432,794100
MBB,4/8/2013 00:00:00,1.9492,1.96408,1.9492,1.96408,465270
MBB,4/9/2013 00:00:00,1.97895,1.99383,1.96408,1.99383,734400
MBB,4/10/2013 00:00:00,1.99383,1.99383,1.93432,1.93432,507900
MBB,4/11/2013 00:00:00,1.9492,1.96408,1.93432,1.9492,411490
MBB,4/12/2013 00:00:00,1.9492,1.96408,1.91944,1.93432,644140
MBB,4/15/2013 00:00:00,1.9492,1.9492,1.90456,1.91944,744860
MBB,4/16/2013 00:00:00,1.91944,1.93432,1.90456,1.91944,771030
MBB,4/17/2013 00:00:00,1.91944,1.93432,1.91944,1.91944,266240
MBB,4/18/2013 00:00:00,1.91944,1.91944,1.90456,1.90456,331530
MBB,4/22/2013 00:00:00,1.90456,1.91944,1.90456,1.90456,334160
MBB,4/23/2013 00:00:00,1.90456,1.93432,1.90456,1.91944,287080
MBB,4/24/2013 00:00:00,1.93432,1.93432,1.90456,1.90456,579230
MBB,4/25/2013 00:00:00,1.91944,1.93432,1.90456,1.91944,360390
MBB,4/26/2013 00:00:00,1.91944,1.93432,1.91944,1.91944,299830
MBB,5/2/2013 00:00:00,1.91944,1.93432,1.90456,1.90456,367220
MBB,5/3/2013 00:00:00,1.90456,1.93432,1.90456,1.93432,648040
MBB,5/6/2013 00:00:00,1.93432,1.9492,1.91944,1.9492,618290
MBB,5/7/2013 00:00:00,1.96408,1.96408,1.91944,1.93432,398980
MBB,5/8/2013 00:00:00,1.93432,1.93432,1.91944,1.93432,541270
MBB,5/9/2013 00:00:00,1.91944,1.93432,1.91944,1.93432,431500
MBB,5/10/2013 00:00:00,1.93432,1.9492,1.91944,1.93432,377840
MBB,5/13/2013 00:00:00,1.93432,1.9492,1.91944,1.91944,315920
MBB,5/14/2013 00:00:00,1.94966,1.94966,1.93455,1.93455,428420
MBB,5/15/2013 00:00:00,1.94966,1.97989,1.93455,1.96478,558920
MBB,5/16/2013 00:00:00,1.94966,1.97989,1.94966,1.96478,314270
MBB,5/17/2013 00:00:00,1.94966,1.97989,1.94966,1.96478,390120
MBB,5/20/2013 00:00:00,1.94966,1.96478,1.94966,1.96478,425970
MBB,5/21/2013 00:00:00,1.96478,1.97989,1.96478,1.96478,606810
MBB,5/22/2013 00:00:00,1.97989,1.99501,1.96478,1.97989,581020
MBB,5/23/2013 00:00:00,1.97989,1.99501,1.96478,1.96478,458260
MBB,5/24/2013 00:00:00,1.96478,1.97989,1.96478,1.96478,392650
MBB,5/27/2013 00:00:00,1.97989,2.01012,1.97989,1.99501,865170
MBB,5/28/2013 00:00:00,1.99501,2.01012,1.97989,1.99501,249690
MBB,5/29/2013 00:00:00,1.99501,2.01012,1.97989,1.99501,736870
MBB,5/30/2013 00:00:00,1.99501,1.99501,1.97989,1.99501,266880
MBB,5/31/2013 00:00:00,2.01012,2.05546,2.01012,2.02523,1.6467e+006
MBB,6/3/2013 00:00:00,2.01012,2.02523,2.01012,2.01012,568890
MBB,6/4/2013 00:00:00,2.01012,2.01012,1.97989,1.97989,519760
MBB,6/5/2013 00:00:00,1.97989,1.99501,1.96478,1.99501,465310
MBB,6/6/2013 00:00:00,1.99501,2.01012,1.97989,1.99501,765270
MBB,6/7/2013 00:00:00,1.99501,2.02523,1.99501,2.02523,1.19178e+006
MBB,6/10/2013 00:00:00,2.05546,2.05546,2.02523,2.02523,860780
MBB,6/11/2013 00:00:00,2.02523,2.04035,2.01012,2.01012,664780
MBB,6/12/2013 00:00:00,2.01012,2.02523,1.99501,2.01012,753660
MBB,6/13/2013 00:00:00,2.01012,2.01012,1.97989,1.99501,487010
MBB,6/14/2013 00:00:00,2.01012,2.01012,1.99501,1.99501,410920
MBB,6/17/2013 00:00:00,1.99501,1.99501,1.96478,1.96478,1.0282e+006
MBB,6/18/2013 00:00:00,1.96478,1.97989,1.94966,1.96478,616320
MBB,6/19/2013 00:00:00,1.96478,1.99501,1.96478,1.97989,505280
MBB,6/20/2013 00:00:00,1.97989,1.99501,1.96478,1.96478,765110
MBB,6/21/2013 00:00:00,1.96478,1.97989,1.96478,1.96478,536240
MBB,6/24/2013 00:00:00,1.97989,1.97989,1.96478,1.97989,703510
MBB,6/25/2013 00:00:00,1.96478,1.97989,1.94966,1.96478,1.77474e+006
MBB,6/26/2013 00:00:00,1.96478,1.97989,1.94966,1.96478,520020
MBB,6/27/2013 00:00:00,1.96478,1.99501,1.96478,1.99501,531550
MBB,6/28/2013 00:00:00,1.97989,1.99501,1.96478,1.99501,362810
MBB,7/1/2013 00:00:00,1.96478,1.97989,1.96478,1.96478,281300
MBB,7/2/2013 00:00:00,1.96478,1.97989,1.96478,1.97989,509220
MBB,7/3/2013 00:00:00,1.96478,1.97989,1.96478,1.97989,831040
MBB,7/4/2013 00:00:00,1.97989,1.99501,1.96478,1.97989,346810
MBB,7/5/2013 00:00:00,1.97989,1.99501,1.97989,1.97989,380890
MBB,7/8/2013 00:00:00,1.97989,1.99501,1.96478,1.97989,410890
MBB,7/9/2013 00:00:00,1.96478,1.97989,1.96478,1.97989,294970
MBB,7/10/2013 00:00:00,1.97989,1.99501,1.96478,1.97989,344340
MBB,7/11/2013 00:00:00,1.97989,1.97989,1.97989,1.97989,359890
MBB,7/12/2013 00:00:00,1.97989,1.99501,1.97989,1.97989,289690
MBB,7/15/2013 00:00:00,1.97989,1.99501,1.96478,1.99501,287300
MBB,7/16/2013 00:00:00,1.99501,1.99501,1.97989,1.99501,312920
MBB,7/17/2013 00:00:00,1.97989,1.99501,1.97989,1.99501,178290
MBB,7/18/2013 00:00:00,1.97989,1.99501,1.97989,1.97989,175410
MBB,7/19/2013 00:00:00,1.99501,1.99501,1.97989,1.99501,382790
MBB,7/22/2013 00:00:00,1.99501,1.99501,1.97989,1.97989,267870
MBB,7/23/2013 00:00:00,1.97989,1.99501,1.97989,1.97989,129910
MBB,7/24/2013 00:00:00,1.97989,1.99501,1.97989,1.97989,514010
MBB,7/25/2013 00:00:00,1.97989,1.99501,1.96478,1.96478,357750
MBB,7/26/2013 00:00:00,1.97989,1.99501,1.96478,1.96478,589750
MBB,7/29/2013 00:00:00,1.97989,1.99501,1.96478,1.97989,391190
MBB,7/30/2013 00:00:00,1.97989,1.99501,1.96478,1.97989,481030
MBB,7/31/2013 00:00:00,1.97989,1.99501,1.97989,1.97989,336780
MBB,8/1/2013 00:00:00,1.97989,1.99501,1.97989,1.97989,755430
MBB,8/2/2013 00:00:00,1.97989,1.99501,1.96478,1.97989,265440
MBB,8/5/2013 00:00:00,1.97989,1.97989,1.97989,1.97989,637810
MBB,8/6/2013 00:00:00,1.97989,1.99501,1.97989,1.99501,222960
MBB,8/7/2013 00:00:00,1.97989,1.99501,1.97989,1.97989,278990
MBB,8/8/2013 00:00:00,1.97989,1.99501,1.97989,1.99501,140320
MBB,8/9/2013 00:00:00,1.97989,1.99501,1.97989,1.97989,286160
MBB,8/12/2013 00:00:00,1.97989,1.99501,1.97989,1.97989,95720
MBB,8/13/2013 00:00:00,1.97989,1.99501,1.97989,1.97989,201820
MBB,8/14/2013 00:00:00,1.97989,1.99501,1.97989,1.97989,470840
MBB,8/15/2013 00:00:00,1.97989,1.99501,1.97989,1.99501,494890
MBB,8/16/2013 00:00:00,1.99501,1.99501,1.97989,1.97989,365900
MBB,8/19/2013 00:00:00,1.97989,2.01012,1.97989,1.99501,837490
MBB,8/20/2013 00:00:00,1.99501,2.01012,1.97989,1.99501,142260
MBB,8/21/2013 00:00:00,1.99501,1.99501,1.97989,1.99501,411140
MBB,8/22/2013 00:00:00,1.97989,1.99501,1.97989,1.99501,207500
MBB,8/23/2013 00:00:00,1.97989,1.99501,1.97989,1.97989,444480
MBB,8/26/2013 00:00:00,1.97989,1.97989,1.96478,1.97989,468960
MBB,8/27/2013 00:00:00,1.97989,1.99501,1.96478,1.97989,302180
MBB,8/28/2013 00:00:00,1.97989,1.97989,1.94966,1.97989,361880
MBB,8/29/2013 00:00:00,1.96478,1.97989,1.96478,1.96478,104780
MBB,8/30/2013 00:00:00,1.96478,1.97989,1.96478,1.97989,110370
MBB,9/3/2013 00:00:00,1.97989,1.97989,1.96478,1.96478,205090
MBB,9/4/2013 00:00:00,1.96478,1.97989,1.94966,1.96478,70550
MBB,9/5/2013 00:00:00,1.96478,1.97989,1.94966,1.96478,236130
MBB,9/6/2013 00:00:00,1.96478,1.97989,1.96478,1.97989,158270
MBB,9/9/2013 00:00:00,1.96478,1.97989,1.94966,1.94966,354850
MBB,9/10/2013 00:00:00,1.96478,1.97989,1.94966,1.96478,196180
MBB,9/11/2013 00:00:00,1.96478,1.97989,1.96478,1.96478,312830
MBB,9/12/2013 00:00:00,1.96478,1.97989,1.94966,1.96478,564020
MBB,9/13/2013 00:00:00,1.96478,1.97989,1.94966,1.96478,519100
MBB,9/16/2013 00:00:00,1.96478,1.97989,1.94966,1.96478,211310
MBB,9/17/2013 00:00:00,1.96478,1.97989,1.96478,1.96478,230080
MBB,9/18/2013 00:00:00,1.96478,1.97989,1.94966,1.96478,250620
MBB,9/19/2013 00:00:00,1.96478,1.97989,1.96478,1.96478,222000
MBB,9/20/2013 00:00:00,1.96478,1.97989,1.94966,1.97989,347410
MBB,9/23/2013 00:00:00,1.97989,1.97989,1.94966,1.97989,183980
MBB,9/24/2013 00:00:00,1.97989,1.99501,1.97989,1.99501,341050
MBB,9/25/2013 00:00:00,1.99501,2.05546,1.97989,2.04035,1.41611e+006
MBB,9/26/2013 00:00:00,2.04035,2.05546,2.02523,2.04035,425120
MBB,9/27/2013 00:00:00,2.04035,2.05546,2.02523,2.02523,430700
MBB,9/30/2013 00:00:00,2.02523,2.04035,2.02523,2.04035,369960
MBB,10/1/2013 00:00:00,2.04035,2.08569,2.04035,2.07057,1.29802e+006
MBB,10/2/2013 00:00:00,2.07057,2.1008,2.07057,2.08569,1.21041e+006
MBB,10/3/2013 00:00:00,2.1008,2.1008,2.07057,2.07057,956610
MBB,10/4/2013 00:00:00,2.07057,2.08569,2.05546,2.07057,611030
MBB,10/7/2013 00:00:00,2.05546,2.08569,2.05546,2.07057,631380
MBB,10/8/2013 00:00:00,2.08569,2.11592,2.08569,2.1008,1.64182e+006
MBB,10/9/2013 00:00:00,2.1008,2.11592,2.08569,2.08569,1.08061e+006
MBB,10/10/2013 00:00:00,2.08569,2.1008,2.07057,2.07057,525210
MBB,10/11/2013 00:00:00,2.07057,2.08569,2.05546,2.07057,651400
MBB,10/14/2013 00:00:00,2.08569,2.08569,2.07057,2.08569,483400
MBB,10/15/2013 00:00:00,2.08569,2.08569,2.07057,2.08569,1.61678e+006
MBB,10/16/2013 00:00:00,2.10886,2.12508,2.09264,2.09264,626990
MBB,10/17/2013 00:00:00,2.10886,2.12508,2.09264,2.12508,454070
MBB,10/18/2013 00:00:00,2.10886,2.12508,2.09264,2.12508,147730
MBB,10/21/2013 00:00:00,2.12508,2.12508,2.09264,2.09264,449440
MBB,10/22/2013 00:00:00,2.09264,2.10886,2.07642,2.09264,440790
MBB,10/23/2013 00:00:00,2.09264,2.10886,2.09264,2.09264,180660
MBB,10/24/2013 00:00:00,2.09264,2.10886,2.09264,2.09264,392840
MBB,10/25/2013 00:00:00,2.09264,2.09264,2.07642,2.09264,61500
MBB,10/28/2013 00:00:00,2.09264,2.09264,2.07642,2.07642,222460
MBB,10/29/2013 00:00:00,2.07642,2.07642,2.0602,2.0602,182460
MBB,10/30/2013 00:00:00,2.0602,2.07642,2.0602,2.07642,58240
MBB,10/31/2013 00:00:00,2.07642,2.07642,2.0602,2.0602,80540
MBB,11/1/2013 00:00:00,2.0602,2.07642,2.0602,2.0602,146390
MBB,11/4/2013 00:00:00,2.0602,2.07642,2.02775,2.07642,497390
MBB,11/5/2013 00:00:00,2.07642,2.07642,2.0602,2.0602,138690
MBB,11/6/2013 00:00:00,2.0602,2.09264,2.0602,2.07642,427090
MBB,11/7/2013 00:00:00,2.07642,2.09264,2.0602,2.0602,364380
MBB,11/8/2013 00:00:00,2.0602,2.07642,2.0602,2.0602,258040
MBB,11/11/2013 00:00:00,2.0602,2.07642,2.0602,2.07642,276310
MBB,11/12/2013 00:00:00,2.09264,2.09264,2.0602,2.0602,728900
MBB,11/13/2013 00:00:00,2.07642,2.07642,2.04397,2.0602,214960
MBB,11/14/2013 00:00:00,2.0602,2.07642,2.04397,2.0602,196350
MBB,11/15/2013 00:00:00,2.0602,2.07642,2.04397,2.0602,399970
MBB,11/18/2013 00:00:00,2.0602,2.09264,2.04397,2.07642,595990
MBB,11/19/2013 00:00:00,2.07642,2.07642,2.0602,2.07642,273860
MBB,11/20/2013 00:00:00,2.0602,2.09264,2.0602,2.09264,213020
MBB,11/21/2013 00:00:00,2.07642,2.10886,2.07642,2.07642,757430
MBB,11/22/2013 00:00:00,2.07642,2.09264,2.07642,2.09264,147460
MBB,11/25/2013 00:00:00,2.09264,2.09264,2.07642,2.07642,357430
MBB,11/26/2013 00:00:00,2.07642,2.09264,2.0602,2.07642,351830
MBB,11/27/2013 00:00:00,2.09264,2.09264,2.07642,2.07642,177180
MBB,11/28/2013 00:00:00,2.07642,2.09264,2.0602,2.07642,283310
MBB,11/29/2013 00:00:00,2.07642,2.07642,2.0602,2.0602,191910
MBB,12/2/2013 00:00:00,2.07642,2.07642,2.0602,2.0602,92730
MBB,12/3/2013 00:00:00,2.07642,2.09264,2.0602,2.07642,380570
MBB,12/4/2013 00:00:00,2.09264,2.09264,2.0602,2.0602,210470
MBB,12/5/2013 00:00:00,2.07642,2.07642,2.0602,2.07642,314300
MBB,12/6/2013 00:00:00,2.07642,2.07642,2.0602,2.07642,271550
MBB,12/9/2013 00:00:00,2.07642,2.07642,2.04397,2.0602,770850
MBB,12/10/2013 00:00:00,2.0602,2.07642,2.04397,2.0602,297450
MBB,12/11/2013 00:00:00,2.0602,2.0602,2.02775,2.02775,338200
MBB,12/12/2013 00:00:00,2.04397,2.0602,2.02775,2.04397,236130
MBB,12/13/2013 00:00:00,2.04397,2.0602,2.04397,2.0602,347200
MBB,12/16/2013 00:00:00,2.04397,2.0602,2.04397,2.0602,467350
MBB,12/17/2013 00:00:00,2.0602,2.07642,2.04397,2.0602,219210
MBB,12/18/2013 00:00:00,2.04397,2.07642,2.02775,2.04397,435950
MBB,12/19/2013 00:00:00,2.0602,2.0602,2.04397,2.04397,410650
MBB,12/20/2013 00:00:00,2.04397,2.04397,2.02775,2.04397,677370
MBB,12/23/2013 00:00:00,2.04397,2.0602,2.02775,2.02775,376080
MBB,12/24/2013 00:00:00,2.02775,2.04397,2.02775,2.04397,226370
MBB,12/25/2013 00:00:00,2.04397,2.04397,2.02775,2.02775,198460
MBB,12/26/2013 00:00:00,2.02775,2.04397,2.02775,2.02775,665910
MBB,12/27/2013 00:00:00,2.02775,2.04397,2.02775,2.02775,240310
MBB,12/30/2013 00:00:00,2.02775,2.04397,2.01153,2.02775,579910
MBB,12/31/2013 00:00:00,2.02775,2.0602,2.01153,2.0602,488350
MBB,1/2/2014 00:00:00,2.04397,2.0602,2.02775,2.02775,125070
MBB,1/3/2014 00:00:00,2.02775,2.04397,2.02775,2.02775,213140
MBB,1/6/2014 00:00:00,2.02775,2.04397,2.02775,2.02775,270860
MBB,1/7/2014 00:00:00,2.0602,2.10886,2.0602,2.07642,1.52086e+006
MBB,1/8/2014 00:00:00,2.07642,2.07642,2.0602,2.0602,646350
MBB,1/9/2014 00:00:00,2.0602,2.07642,2.0602,2.0602,421950
MBB,1/10/2014 00:00:00,2.0602,2.09264,2.0602,2.0602,738190
MBB,1/13/2014 00:00:00,2.07642,2.07642,2.04397,2.04397,550390
MBB,1/14/2014 00:00:00,2.0602,2.07642,2.0602,2.0602,732220
MBB,1/15/2014 00:00:00,2.07642,2.07642,2.0602,2.07642,480610
MBB,1/16/2014 00:00:00,2.0602,2.07642,2.0602,2.0602,443860
MBB,1/17/2014 00:00:00,2.07642,2.18997,2.07642,2.14131,3.08998e+006
MBB,1/20/2014 00:00:00,2.15753,2.20619,2.15753,2.15753,1.61313e+006
MBB,1/21/2014 00:00:00,2.18997,2.22242,2.15753,2.22242,2.69922e+006
MBB,1/22/2014 00:00:00,2.20619,2.25486,2.20619,2.22242,2.94825e+006
MBB,1/23/2014 00:00:00,2.22242,2.23864,2.20619,2.22242,1.42771e+006
MBB,1/24/2014 00:00:00,2.22242,2.23864,2.20619,2.22242,1.47088e+006
MBB,1/27/2014 00:00:00,2.20619,2.23864,2.20619,2.23864,552560
MBB,2/6/2014 00:00:00,2.23864,2.23864,2.20619,2.22242,578490
MBB,2/7/2014 00:00:00,2.22242,2.25486,2.22242,2.22242,1.37662e+006
MBB,2/10/2014 00:00:00,2.22242,2.25486,2.22242,2.23864,1.3009e+006
MBB,2/11/2014 00:00:00,2.23864,2.25486,2.22242,2.22242,2.41727e+006
MBB,2/12/2014 00:00:00,2.23864,2.2873,2.22242,2.27108,3.14111e+006
MBB,2/13/2014 00:00:00,2.30353,2.38464,2.30353,2.38464,6.85205e+006
MBB,2/14/2014 00:00:00,2.41708,2.4333,2.38464,2.40086,2.63301e+006
MBB,2/17/2014 00:00:00,2.40086,2.40086,2.33597,2.35219,3.24223e+006
MBB,2/18/2014 00:00:00,2.33597,2.36841,2.33597,2.36841,3.24469e+006
MBB,2/19/2014 00:00:00,2.38464,2.4333,2.36841,2.4333,4.0124e+006
MBB,2/20/2014 00:00:00,2.44952,2.53063,2.40086,2.4333,6.6595e+006
MBB,2/21/2014 00:00:00,2.4333,2.46575,2.40086,2.41708,2.00696e+006
MBB,2/24/2014 00:00:00,2.4333,2.4333,2.40086,2.4333,2.31539e+006
MBB,2/25/2014 00:00:00,2.41708,2.48197,2.40086,2.46575,3.62786e+006
MBB,2/26/2014 00:00:00,2.48197,2.51441,2.46575,2.49819,4.14767e+006
MBB,2/27/2014 00:00:00,2.49819,2.59552,2.48197,2.53063,6.21703e+006
MBB,2/28/2014 00:00:00,2.53063,2.54686,2.49819,2.51441,2.71791e+006
MBB,3/3/2014 00:00:00,2.51441,2.51441,2.4333,2.4333,2.97053e+006
MBB,3/4/2014 00:00:00,2.41708,2.4333,2.36841,2.4333,2.45869e+006
MBB,3/5/2014 00:00:00,2.4333,2.46575,2.4333,2.44952,2.32942e+006
MBB,3/6/2014 00:00:00,2.44952,2.46575,2.4333,2.44952,1.17054e+006
MBB,3/7/2014 00:00:00,2.44952,2.46575,2.41708,2.4333,1.66007e+006
MBB,3/10/2014 00:00:00,2.4333,2.46575,2.41708,2.44952,2.59757e+006
MBB,3/11/2014 00:00:00,2.44952,2.48197,2.4333,2.46575,2.39671e+006
MBB,3/12/2014 00:00:00,2.46575,2.49819,2.44952,2.44952,2.24738e+006
MBB,3/13/2014 00:00:00,2.4333,2.46575,2.4333,2.44952,1.74122e+006
MBB,3/14/2014 00:00:00,2.44952,2.48197,2.4333,2.44952,2.64156e+006
MBB,3/17/2014 00:00:00,2.46575,2.48197,2.44952,2.44952,1.83878e+006
MBB,3/18/2014 00:00:00,2.46575,2.48197,2.4333,2.48197,2.91509e+006
MBB,3/19/2014 00:00:00,2.49819,2.59552,2.48197,2.59552,7.54175e+006
MBB,3/20/2014 00:00:00,2.59552,2.66041,2.56308,2.5793,5.56543e+006
MBB,3/21/2014 00:00:00,2.5793,2.69285,2.5793,2.66041,6.83459e+006
MBB,3/24/2014 00:00:00,2.67663,2.74152,2.67663,2.7253,5.38219e+006
MBB,3/25/2014 00:00:00,2.74152,2.74152,2.64419,2.64419,4.87063e+006
MBB,3/26/2014 00:00:00,2.66041,2.66041,2.54686,2.56308,5.14269e+006
MBB,3/27/2014 00:00:00,2.56308,2.59552,2.53063,2.59552,2.81108e+006
MBB,3/28/2014 00:00:00,2.59552,2.62797,2.5793,2.61174,1.64561e+006
MBB,3/31/2014 00:00:00,2.62797,2.62797,2.5793,2.5793,2.10655e+006
MBB,4/1/2014 00:00:00,2.56308,2.5793,2.49819,2.51441,3.33374e+006
MBB,4/2/2014 00:00:00,2.51441,2.54686,2.46575,2.51441,2.53018e+006
MBB,4/3/2014 00:00:00,2.53063,2.56308,2.51441,2.56308,976870
MBB,4/4/2014 00:00:00,2.53063,2.56308,2.51441,2.53063,776860
MBB,4/7/2014 00:00:00,2.54686,2.5793,2.53063,2.54686,1.28193e+006
MBB,4/8/2014 00:00:00,2.54686,2.5793,2.53063,2.54686,1.25168e+006
MBB,4/10/2014 00:00:00,2.54686,2.56308,2.49819,2.51441,1.95711e+006
MBB,4/11/2014 00:00:00,2.51441,2.51441,2.48197,2.51441,1.32302e+006
MBB,4/14/2014 00:00:00,2.53063,2.53063,2.49819,2.49819,1.58046e+006
MBB,4/15/2014 00:00:00,2.48197,2.49819,2.41708,2.41708,2.76904e+006
MBB,4/16/2014 00:00:00,2.41708,2.41708,2.2873,2.36841,3.09877e+006
MBB,4/17/2014 00:00:00,2.40086,2.40086,2.35219,2.36841,1.51639e+006
MBB,4/18/2014 00:00:00,2.36841,2.36841,2.25486,2.25486,3.59199e+006
MBB,4/21/2014 00:00:00,2.25486,2.30353,2.22242,2.25486,1.28791e+006
MBB,4/22/2014 00:00:00,2.27108,2.33597,2.25486,2.33597,914490
MBB,4/23/2014 00:00:00,2.33597,2.35219,2.30353,2.30353,794260
MBB,4/24/2014 00:00:00,2.30353,2.31975,2.27108,2.27108,838630
MBB,4/25/2014 00:00:00,2.27108,2.30353,2.27108,2.2873,660720
MBB,4/28/2014 00:00:00,2.2873,2.30353,2.27108,2.27108,432590
MBB,4/29/2014 00:00:00,2.27108,2.2873,2.25486,2.27108,352540
MBB,5/5/2014 00:00:00,2.27108,2.27108,2.20619,2.23864,648040
MBB,5/6/2014 00:00:00,2.22242,2.22242,2.15753,2.20619,1.8527e+006
MBB,5/7/2014 00:00:00,2.22242,2.23864,2.18997,2.22242,396380
MBB,5/8/2014 00:00:00,2.17375,2.17375,2.07642,2.09264,6.62172e+006
MBB,5/9/2014 00:00:00,2.10886,2.17375,2.10886,2.15753,880850
MBB,5/12/2014 00:00:00,2.12508,2.12508,2.04397,2.09264,3.24563e+006
MBB,5/13/2014 00:00:00,2.09264,2.12508,2.09264,2.10886,1.24004e+006
MBB,5/14/2014 00:00:00,2.10886,2.15753,2.09264,2.15753,1.1872e+006
MBB,5/15/2014 00:00:00,2.14131,2.18997,2.07642,2.10886,1.90831e+006
MBB,5/16/2014 00:00:00,2.10886,2.14131,2.09264,2.12508,569040
MBB,5/19/2014 00:00:00,2.12508,2.14131,2.09264,2.14131,782650
MBB,5/20/2014 00:00:00,2.10886,2.14131,2.10886,2.14131,524770
MBB,5/21/2014 00:00:00,2.14131,2.18997,2.10886,2.17375,1.33551e+006
MBB,5/22/2014 00:00:00,2.18997,2.20619,2.15753,2.17375,1.439e+006
MBB,5/23/2014 00:00:00,2.17375,2.18997,2.15753,2.17375,508410
MBB,5/26/2014 00:00:00,2.17375,2.17375,2.12508,2.15753,795420
MBB,5/27/2014 00:00:00,2.15753,2.18997,2.14131,2.18997,1.01308e+006
MBB,5/28/2014 00:00:00,2.20619,2.22242,2.18997,2.18997,1.56064e+006
MBB,5/29/2014 00:00:00,2.18997,2.25486,2.18997,2.22242,2.6294e+006
MBB,5/30/2014 00:00:00,2.20619,2.23864,2.20619,2.23864,723650
MBB,6/2/2014 00:00:00,2.22242,2.23864,2.17375,2.17375,581000
MBB,6/3/2014 00:00:00,2.17375,2.18997,2.17375,2.17375,417720
MBB,6/4/2014 00:00:00,2.18997,2.18997,2.14131,2.15753,845820
MBB,6/5/2014 00:00:00,2.14131,2.17375,2.12508,2.15753,369090
MBB,6/6/2014 00:00:00,2.15753,2.18997,2.15753,2.18997,467340
MBB,6/9/2014 00:00:00,2.18997,2.22242,2.15753,2.18997,1.62444e+006
MBB,6/10/2014 00:00:00,2.18997,2.22242,2.17375,2.18997,1.01502e+006
MBB,6/11/2014 00:00:00,2.18997,2.22242,2.17375,2.20619,983710
MBB,6/12/2014 00:00:00,2.20619,2.27108,2.20619,2.22242,1.98288e+006
MBB,6/13/2014 00:00:00,2.23864,2.25486,2.22242,2.23864,264600
MBB,6/16/2014 00:00:00,2.23864,2.23864,2.20619,2.20619,669990
MBB,6/17/2014 00:00:00,2.20619,2.22242,2.20619,2.20619,527160
MBB,6/18/2014 00:00:00,2.20619,2.22242,2.20619,2.20619,785740
MBB,6/19/2014 00:00:00,2.18997,2.20619,2.15753,2.18997,727000
MBB,6/20/2014 00:00:00,2.18997,2.20619,2.18997,2.18997,383890
MBB,6/23/2014 00:00:00,2.18997,2.20619,2.17375,2.18997,525630
MBB,6/24/2014 00:00:00,2.20619,2.23864,2.18997,2.22242,834790
MBB,6/25/2014 00:00:00,2.23864,2.31975,2.22242,2.31975,3.37222e+006
MBB,6/26/2014 00:00:00,2.31975,2.31975,2.2873,2.30353,1.10637e+006
MBB,6/27/2014 00:00:00,2.27108,2.30353,2.27108,2.27108,742690
MBB,6/30/2014 00:00:00,2.27108,2.27108,2.23864,2.23864,916070
MBB,7/1/2014 00:00:00,2.23864,2.27108,2.23864,2.25486,665770
MBB,7/2/2014 00:00:00,2.25486,2.27108,2.23864,2.25486,880150
MBB,7/3/2014 00:00:00,2.25486,2.30353,2.25486,2.27108,2.15318e+006
MBB,7/4/2014 00:00:00,2.2873,2.2873,2.25486,2.2873,1.18685e+006
MBB,7/7/2014 00:00:00,2.2873,2.31975,2.27108,2.30353,2.11156e+006
MBB,7/8/2014 00:00:00,2.2873,2.30353,2.25486,2.27108,1.23556e+006
MBB,7/9/2014 00:00:00,2.2873,2.2873,2.27108,2.27108,829520
MBB,7/10/2014 00:00:00,2.27108,2.27108,2.22242,2.25486,1.34117e+006
MBB,7/11/2014 00:00:00,2.25486,2.25486,2.22242,2.25486,656130
MBB,7/14/2014 00:00:00,2.25486,2.25486,2.23864,2.25486,192510
MBB,7/15/2014 00:00:00,2.2873,2.2873,2.25486,2.27108,2.05927e+006
MBB,7/16/2014 00:00:00,2.30353,2.30353,2.27108,2.27108,3.64847e+006
MBB,7/17/2014 00:00:00,2.27108,2.27108,2.25486,2.25486,789300
MBB,7/18/2014 00:00:00,2.25486,2.27108,2.23864,2.27108,1.11729e+006
MBB,7/21/2014 00:00:00,2.27108,2.27108,2.25486,2.25486,1.11941e+006
MBB,7/22/2014 00:00:00,2.25486,2.25486,2.23864,2.23864,621310
MBB,7/23/2014 00:00:00,2.25486,2.25486,2.23864,2.25486,1.36037e+006
MBB,7/24/2014 00:00:00,2.23864,2.27108,2.23864,2.23864,802810
MBB,7/25/2014 00:00:00,2.25486,2.27108,2.23864,2.23864,878970
MBB,7/28/2014 00:00:00,2.23864,2.25486,2.18997,2.20619,1.67143e+006
MBB,7/29/2014 00:00:00,2.18997,2.22242,2.18997,2.20619,1.43161e+006
MBB,7/30/2014 00:00:00,2.20619,2.22242,2.17375,2.18997,700320
MBB,7/31/2014 00:00:00,2.18997,2.20619,2.18997,2.20619,500800
MBB,8/1/2014 00:00:00,2.20619,2.20619,2.17375,2.18997,685330
MBB,8/4/2014 00:00:00,2.18997,2.20619,2.17375,2.18997,534420
MBB,8/5/2014 00:00:00,2.20619,2.22242,2.18997,2.22242,496230
MBB,8/6/2014 00:00:00,2.22242,2.23864,2.20619,2.20619,1.21456e+006
MBB,8/7/2014 00:00:00,2.20619,2.23864,2.20619,2.23864,487940
MBB,8/8/2014 00:00:00,2.23864,2.23864,2.22242,2.22242,705790
MBB,8/11/2014 00:00:00,2.22242,2.23864,2.20619,2.23864,1.01068e+006
MBB,8/12/2014 00:00:00,2.22242,2.23864,2.22242,2.23864,855180
MBB,8/13/2014 00:00:00,2.22242,2.23864,2.20619,2.22242,1.09251e+006
MBB,8/14/2014 00:00:00,2.22242,2.23864,2.20619,2.23864,1.77527e+006
MBB,8/15/2014 00:00:00,2.22242,2.23864,2.22242,2.22242,860100
MBB,8/18/2014 00:00:00,2.22242,2.22242,2.20619,2.22242,1.04838e+006
MBB,8/19/2014 00:00:00,2.22242,2.25486,2.22242,2.22242,1.51172e+006
MBB,8/20/2014 00:00:00,2.22242,2.23864,2.22242,2.23864,896570
MBB,8/21/2014 00:00:00,2.23864,2.25486,2.22242,2.22242,1.25674e+006
MBB,8/22/2014 00:00:00,2.23864,2.25486,2.22242,2.23864,915930
MBB,8/25/2014 00:00:00,2.25486,2.27108,2.23864,2.25486,1.59152e+006
MBB,8/26/2014 00:00:00,2.25486,2.25486,2.23864,2.25486,1.44162e+006
MBB,8/27/2014 00:00:00,2.25486,2.25486,2.23864,2.23864,1.06687e+006
MBB,8/28/2014 00:00:00,2.23864,2.25486,2.22242,2.25486,879100
MBB,8/29/2014 00:00:00,2.25486,2.31975,2.23864,2.27108,2.30548e+006
MBB,9/3/2014 00:00:00,2.27108,2.35219,2.27108,2.31975,2.04149e+006
MBB,9/4/2014 00:00:00,2.30353,2.31975,2.2873,2.30353,1.16128e+006
MBB,9/5/2014 00:00:00,2.30353,2.31975,2.2873,2.30353,1.06256e+006
MBB,9/8/2014 00:00:00,2.31975,2.31975,2.2873,2.2873,1.40048e+006
MBB,9/9/2014 00:00:00,2.2873,2.30353,2.23864,2.25486,3.34857e+006
MBB,9/10/2014 00:00:00,2.28909,2.3058,2.25567,2.28909,1.99266e+006
MBB,9/11/2014 00:00:00,2.28909,2.3058,2.27238,2.28909,648110
MBB,9/12/2014 00:00:00,2.27238,2.3058,2.27238,2.28909,1.19358e+006
MBB,9/15/2014 00:00:00,2.28909,2.3058,2.27238,2.27238,692730
MBB,9/16/2014 00:00:00,2.27238,2.27238,2.23896,2.27238,1.27258e+006
MBB,9/17/2014 00:00:00,2.27238,2.28909,2.27238,2.28909,1.66153e+006
MBB,9/18/2014 00:00:00,2.27238,2.28909,2.25567,2.27238,1.17217e+006
MBB,9/19/2014 00:00:00,2.25567,2.27238,2.23896,2.25567,587840
MBB,9/22/2014 00:00:00,2.25567,2.27238,2.23896,2.23896,385040
MBB,9/23/2014 00:00:00,2.23896,2.27238,2.23896,2.25567,594530
MBB,9/24/2014 00:00:00,2.25567,2.27238,2.25567,2.27238,399700
MBB,9/25/2014 00:00:00,2.25567,2.27238,2.25567,2.27238,924500
MBB,9/26/2014 00:00:00,2.27238,2.28909,2.25567,2.27238,743090
MBB,9/29/2014 00:00:00,2.27238,2.28909,2.25567,2.25567,720550
MBB,9/30/2014 00:00:00,2.25567,2.28909,2.25567,2.27238,506940
MBB,10/1/2014 00:00:00,2.27238,2.28909,2.25567,2.27238,1.11646e+006
MBB,10/2/2014 00:00:00,2.27238,2.3058,2.27238,2.28909,1.49702e+006
MBB,10/3/2014 00:00:00,2.28909,2.3058,2.27238,2.27238,951560
MBB,10/6/2014 00:00:00,2.28909,2.32251,2.27238,2.3058,1.21003e+006
MBB,10/7/2014 00:00:00,2.3058,2.32251,2.28909,2.28909,244930
MBB,10/8/2014 00:00:00,2.28909,2.3058,2.27238,2.28909,850870
MBB,10/9/2014 00:00:00,2.3058,2.3058,2.27238,2.28909,506090
MBB,10/10/2014 00:00:00,2.28909,2.28909,2.27238,2.28909,390090
MBB,10/13/2014 00:00:00,2.32251,2.35592,2.3058,2.33921,3.49351e+006
MBB,10/14/2014 00:00:00,2.35592,2.35592,2.3058,2.3058,709110
MBB,10/15/2014 00:00:00,2.3058,2.33921,2.3058,2.33921,1.23856e+006
MBB,10/16/2014 00:00:00,2.32251,2.32251,2.28909,2.32251,1.62241e+006
MBB,10/17/2014 00:00:00,2.3058,2.33921,2.27238,2.33921,1.41716e+006
MBB,10/20/2014 00:00:00,2.32251,2.33921,2.3058,2.3058,669830
MBB,10/21/2014 00:00:00,2.32251,2.33921,2.3058,2.32251,687720
MBB,10/22/2014 00:00:00,2.33921,2.35592,2.32251,2.32251,1.33062e+006
MBB,10/23/2014 00:00:00,2.32251,2.33921,2.3058,2.3058,950980
MBB,10/24/2014 00:00:00,2.3058,2.32251,2.3058,2.32251,684000
MBB,10/27/2014 00:00:00,2.3058,2.32251,2.28909,2.32251,880090
MBB,10/28/2014 00:00:00,2.3058,2.32251,2.3058,2.32251,965920
MBB,10/29/2014 00:00:00,2.37529,2.37529,2.30491,2.3577,693260
MBB,10/30/2014 00:00:00,2.3577,2.3577,2.30491,2.30491,1.60772e+006
MBB,10/31/2014 00:00:00,2.30491,2.3401,2.28732,2.3401,1.74533e+006
MBB,11/3/2014 00:00:00,2.3401,2.3401,2.32251,2.32251,567520
MBB,11/4/2014 00:00:00,2.32251,2.32251,2.30491,2.32251,157210
MBB,11/5/2014 00:00:00,2.32251,2.32251,2.28732,2.30491,382670
MBB,11/6/2014 00:00:00,2.30491,2.32251,2.28732,2.30491,282990
MBB,11/7/2014 00:00:00,2.30491,2.3401,2.28732,2.32251,771530
MBB,11/10/2014 00:00:00,2.3401,2.3401,2.30491,2.30491,593510
MBB,11/11/2014 00:00:00,2.32251,2.32251,2.30491,2.32251,448120
MBB,11/12/2014 00:00:00,2.32251,2.3401,2.30491,2.32251,655920
MBB,11/13/2014 00:00:00,2.32251,2.32251,2.30491,2.32251,254930
MBB,11/14/2014 00:00:00,2.32251,2.32251,2.30491,2.32251,924730
MBB,11/17/2014 00:00:00,2.32251,2.3401,2.30491,2.32251,1.19088e+006
MBB,11/18/2014 00:00:00,2.32251,2.32251,2.30491,2.30491,556570
MBB,11/19/2014 00:00:00,2.30491,2.32251,2.28732,2.28732,890200
MBB,11/20/2014 00:00:00,2.30491,2.30491,2.26972,2.26972,1.29852e+006
MBB,11/21/2014 00:00:00,2.26972,2.28732,2.25213,2.26972,1.82961e+006
MBB,11/24/2014 00:00:00,2.25213,2.26972,2.23453,2.23453,823180
MBB,11/25/2014 00:00:00,2.25213,2.26972,2.23453,2.25213,616160
MBB,11/26/2014 00:00:00,2.25213,2.26972,2.23453,2.23453,796700
MBB,11/27/2014 00:00:00,2.23453,2.25213,2.21694,2.21694,457370
MBB,11/28/2014 00:00:00,2.25213,2.25213,2.21694,2.25213,359060
MBB,12/1/2014 00:00:00,2.23453,2.25213,2.23453,2.23453,327030
MBB,12/2/2014 00:00:00,2.23453,2.25213,2.21694,2.23453,349130
MBB,12/3/2014 00:00:00,2.25213,2.28732,2.23453,2.26972,593850
MBB,12/4/2014 00:00:00,2.26972,2.37529,2.25213,2.3401,2.00081e+006
MBB,12/5/2014 00:00:00,2.3577,2.3577,2.30491,2.3401,720610
MBB,12/8/2014 00:00:00,2.32251,2.32251,2.28732,2.30491,558640
MBB,12/9/2014 00:00:00,2.30491,2.30491,2.25213,2.26972,1.42768e+006
MBB,12/10/2014 00:00:00,2.26972,2.28732,2.25213,2.26972,1.2521e+006
MBB,12/11/2014 00:00:00,2.26972,2.3401,2.25213,2.30491,1.50568e+006
MBB,12/12/2014 00:00:00,2.30491,2.32251,2.28732,2.28732,1.01837e+006
MBB,12/15/2014 00:00:00,2.26972,2.30491,2.26972,2.28732,357340
MBB,12/16/2014 00:00:00,2.28732,2.28732,2.25213,2.25213,733210
MBB,12/17/2014 00:00:00,2.26972,2.28732,2.19934,2.23453,1.52777e+006
MBB,12/18/2014 00:00:00,2.23453,2.26972,2.23453,2.25213,479680
MBB,12/19/2014 00:00:00,2.26972,2.26972,2.23453,2.23453,607190
MBB,12/22/2014 00:00:00,2.23453,2.26972,2.23453,2.25213,344370
MBB,12/23/2014 00:00:00,2.25213,2.28732,2.25213,2.26972,1.07786e+006
MBB,12/24/2014 00:00:00,2.28732,2.32251,2.26972,2.28732,697550
MBB,12/25/2014 00:00:00,2.28732,2.30491,2.28732,2.28732,460540
MBB,12/26/2014 00:00:00,2.28732,2.28732,2.26972,2.26972,405990
MBB,12/29/2014 00:00:00,2.28732,2.28732,2.25213,2.25213,678590
MBB,12/30/2014 00:00:00,2.26972,2.26972,2.23453,2.25213,631620
MBB,12/31/2014 00:00:00,2.26972,2.30491,2.25213,2.30491,759120
MBB,1/5/2015 00:00:00,2.30491,2.30491,2.28732,2.28732,338650
MBB,1/6/2015 00:00:00,2.28732,2.37529,2.28732,2.3577,2.86571e+006
MBB,1/7/2015 00:00:00,2.37529,2.42807,2.3577,2.37529,2.235e+006
MBB,1/8/2015 00:00:00,2.37529,2.42807,2.37529,2.39288,853040
MBB,1/9/2015 00:00:00,2.39288,2.53364,2.39288,2.51605,6.6901e+006
MBB,1/12/2015 00:00:00,2.55124,2.58643,2.49845,2.49845,6.45709e+006
MBB,1/13/2015 00:00:00,2.48086,2.56883,2.48086,2.55124,4.78093e+006
MBB,1/14/2015 00:00:00,2.53364,2.56883,2.48086,2.51605,3.09246e+006
MBB,1/15/2015 00:00:00,2.51605,2.56883,2.49845,2.51605,4.48211e+006
MBB,1/16/2015 00:00:00,2.49845,2.51605,2.46326,2.46326,2.85707e+006
MBB,1/19/2015 00:00:00,2.51605,2.53364,2.44567,2.46326,2.83656e+006
MBB,1/20/2015 00:00:00,2.46326,2.51605,2.46326,2.48086,2.25784e+006
MBB,1/21/2015 00:00:00,2.49845,2.49845,2.44567,2.44567,1.81629e+006
MBB,1/22/2015 00:00:00,2.44567,2.55124,2.42807,2.53364,6.01466e+006
MBB,1/23/2015 00:00:00,2.56883,2.62162,2.55124,2.56883,7.61316e+006
MBB,1/26/2015 00:00:00,2.58643,2.60402,2.55124,2.56883,1.6441e+006
MBB,1/27/2015 00:00:00,2.55124,2.58643,2.48086,2.51605,5.62748e+006
MBB,1/28/2015 00:00:00,2.49845,2.65681,2.48086,2.62162,8.56078e+006
MBB,1/29/2015 00:00:00,2.62162,2.63921,2.55124,2.60402,5.3331e+006
MBB,1/30/2015 00:00:00,2.56883,2.58643,2.48086,2.49845,3.65507e+006
MBB,2/2/2015 00:00:00,2.49845,2.51605,2.46326,2.46326,2.83177e+006
MBB,2/3/2015 00:00:00,2.46326,2.48086,2.3401,2.3401,4.79037e+006
MBB,2/4/2015 00:00:00,2.3401,2.39288,2.30491,2.37529,3.78547e+006
MBB,2/5/2015 00:00:00,2.37529,2.41048,2.37529,2.39288,1.04434e+006
MBB,2/6/2015 00:00:00,2.39288,2.42807,2.37529,2.42807,1.21861e+006
MBB,2/9/2015 00:00:00,2.42807,2.46326,2.41048,2.44567,2.10176e+006
MBB,2/10/2015 00:00:00,2.46326,2.49845,2.44567,2.46326,1.68364e+006
MBB,2/11/2015 00:00:00,2.46326,2.48086,2.46326,2.48086,815550
MBB,2/12/2015 00:00:00,2.48086,2.48086,2.44567,2.46326,1.16875e+006
MBB,2/13/2015 00:00:00,2.48086,2.49845,2.44567,2.44567,1.07136e+006
MBB,2/24/2015 00:00:00,2.46326,2.51605,2.46326,2.49845,1.36355e+006
MBB,2/25/2015 00:00:00,2.53364,2.55124,2.48086,2.48086,2.6744e+006
MBB,2/26/2015 00:00:00,2.49845,2.51605,2.48086,2.51605,1.40581e+006
MBB,2/27/2015 00:00:00,2.51605,2.51605,2.46326,2.48086,883710
MBB,3/2/2015 00:00:00,2.46326,2.49845,2.44567,2.46326,1.39671e+006
MBB,3/3/2015 00:00:00,2.46326,2.49845,2.46326,2.48086,1.28024e+006
MBB,3/4/2015 00:00:00,2.48086,2.48086,2.44567,2.48086,1.16115e+006
MBB,3/5/2015 00:00:00,2.46326,2.48086,2.44567,2.44567,1.52364e+006
MBB,3/6/2015 00:00:00,2.46326,2.48086,2.44567,2.46326,1.16253e+006
MBB,3/9/2015 00:00:00,2.46326,2.48086,2.44567,2.44567,1.52956e+006
MBB,3/10/2015 00:00:00,2.44567,2.46326,2.44567,2.44567,837490
MBB,3/11/2015 00:00:00,2.44567,2.46326,2.42807,2.44567,824160
MBB,3/12/2015 00:00:00,2.44567,2.46326,2.42807,2.44567,1.3102e+006
MBB,3/13/2015 00:00:00,2.44567,2.48086,2.44567,2.44567,710190
MBB,3/16/2015 00:00:00,2.44567,2.44567,2.42807,2.42807,966100
MBB,3/17/2015 00:00:00,2.42807,2.44567,2.41048,2.42807,961980
MBB,3/18/2015 00:00:00,2.42807,2.42807,2.39288,2.41048,1.15662e+006
MBB,3/19/2015 00:00:00,2.41048,2.42807,2.39288,2.39288,424960
MBB,3/20/2015 00:00:00,2.39288,2.42807,2.39288,2.41048,664200
MBB,3/23/2015 00:00:00,2.41048,2.42807,2.39288,2.41048,510730
MBB,3/24/2015 00:00:00,2.39288,2.41048,2.39288,2.39288,1.14027e+006
MBB,3/25/2015 00:00:00,2.39288,2.42807,2.39288,2.39288,1.21087e+006
MBB,3/26/2015 00:00:00,2.39288,2.44567,2.39288,2.41048,398710
MBB,3/27/2015 00:00:00,2.41048,2.42807,2.41048,2.41048,981990
MBB,3/30/2015 00:00:00,2.42807,2.42807,2.39288,2.39288,349140
MBB,3/31/2015 00:00:00,2.39288,2.42807,2.39288,2.41048,418840
MBB,4/1/2015 00:00:00,2.41048,2.41048,2.37529,2.37529,902740
MBB,4/2/2015 00:00:00,2.39288,2.39288,2.3577,2.39288,931300
MBB,4/3/2015 00:00:00,2.39288,2.39288,2.37529,2.37529,607180
MBB,4/6/2015 00:00:00,2.37529,2.39288,2.3577,2.37529,492520
MBB,4/7/2015 00:00:00,2.37529,2.41048,2.3577,2.39288,971130
MBB,4/8/2015 00:00:00,2.37529,2.39288,2.37529,2.39288,458930
MBB,4/9/2015 00:00:00,2.39288,2.42807,2.37529,2.41048,606680
MBB,4/10/2015 00:00:00,2.41048,2.42807,2.39288,2.41048,953060
MBB,4/13/2015 00:00:00,2.41048,2.42807,2.39288,2.41048,419360
MBB,4/14/2015 00:00:00,2.41048,2.42807,2.39288,2.39288,886440
MBB,4/15/2015 00:00:00,2.39288,2.41048,2.37529,2.41048,606310
MBB,4/16/2015 00:00:00,2.41048,2.42807,2.37529,2.41048,771020
MBB,4/17/2015 00:00:00,2.41048,2.42807,2.39288,2.41048,619720
MBB,4/20/2015 00:00:00,2.41048,2.41048,2.37529,2.39288,287530
MBB,4/21/2015 00:00:00,2.39288,2.41048,2.37529,2.37529,517430
MBB,4/22/2015 00:00:00,2.37529,2.41048,2.37529,2.37529,377740
MBB,4/23/2015 00:00:00,2.39288,2.39288,2.37529,2.39288,191450
MBB,4/24/2015 00:00:00,2.39288,2.41048,2.37529,2.39288,386230
MBB,4/27/2015 00:00:00,2.41048,2.44567,2.39288,2.42807,1.17248e+006
MBB,5/4/2015 00:00:00,2.41048,2.41048,2.3577,2.3577,939140
MBB,5/5/2015 00:00:00,2.3577,2.39288,2.3577,2.37529,794890
MBB,5/6/2015 00:00:00,2.37529,2.39288,2.3401,2.3577,861210
MBB,5/7/2015 00:00:00,2.3401,2.37529,2.3401,2.3577,427070
MBB,5/8/2015 00:00:00,2.3577,2.37529,2.3577,2.37529,230590
MBB,5/11/2015 00:00:00,2.37529,2.37529,2.3401,2.3401,265120
MBB,5/12/2015 00:00:00,2.3401,2.3401,2.30491,2.30491,416320
MBB,5/13/2015 00:00:00,2.32251,2.32251,2.30491,2.32251,199790
MBB,5/14/2015 00:00:00,2.32251,2.3401,2.30491,2.32251,272720
MBB,5/15/2015 00:00:00,2.32251,2.32251,2.30491,2.30491,168090
MBB,5/18/2015 00:00:00,2.30491,2.30491,2.26972,2.26972,665030
MBB,5/19/2015 00:00:00,2.26972,2.30491,2.26972,2.28732,406220
MBB,5/20/2015 00:00:00,2.30491,2.32251,2.28732,2.32251,481570
MBB,5/21/2015 00:00:00,2.3401,2.3577,2.32251,2.3401,402930
MBB,5/22/2015 00:00:00,2.3401,2.37529,2.32251,2.3577,582350
MBB,5/25/2015 00:00:00,2.3401,2.37529,2.3401,2.3401,560390
MBB,5/26/2015 00:00:00,2.3401,2.37529,2.3401,2.3577,642840
MBB,5/27/2015 00:00:00,2.3401,2.37529,2.3401,2.3577,636360
MBB,5/28/2015 00:00:00,2.3577,2.51605,2.3401,2.44567,6.53272e+006
MBB,5/29/2015 00:00:00,2.44567,2.49845,2.42807,2.42807,3.52839e+006
MBB,6/1/2015 00:00:00,2.46326,2.55124,2.42807,2.49845,4.766e+006
MBB,6/2/2015 00:00:00,2.48086,2.53364,2.44567,2.44567,2.96016e+006
MBB,6/3/2015 00:00:00,2.44567,2.46326,2.42807,2.42807,1.42214e+006
MBB,6/4/2015 00:00:00,2.42807,2.48086,2.41048,2.42807,2.2191e+006
MBB,6/5/2015 00:00:00,2.44567,2.48086,2.41048,2.44567,2.60352e+006
MBB,6/8/2015 00:00:00,2.46326,2.48086,2.44567,2.46326,4.00528e+006
MBB,6/9/2015 00:00:00,2.44567,2.48086,2.42807,2.42807,1.54935e+006
MBB,6/10/2015 00:00:00,2.42807,2.44567,2.41048,2.44567,1.09383e+006
MBB,6/11/2015 00:00:00,2.44567,2.46326,2.42807,2.42807,1.89153e+006
MBB,6/12/2015 00:00:00,2.44567,2.46326,2.42807,2.44567,1.05216e+006
MBB,6/15/2015 00:00:00,2.46326,2.60402,2.46326,2.60402,1.03825e+007
MBB,6/16/2015 00:00:00,2.692,2.72719,2.63921,2.65681,8.53208e+006
MBB,6/17/2015 00:00:00,2.65681,2.692,2.62162,2.6744,4.87873e+006
MBB,6/18/2015 00:00:00,2.65681,2.6744,2.63921,2.65681,4.67344e+006
MBB,6/19/2015 00:00:00,2.6744,2.70959,2.63921,2.63921,4.36333e+006
MBB,6/22/2015 00:00:00,2.63921,2.77997,2.63921,2.76237,6.79482e+006
MBB,6/23/2015 00:00:00,2.76237,2.83275,2.74478,2.77997,6.48908e+006
MBB,6/24/2015 00:00:00,2.77997,2.79756,2.74478,2.74478,3.33852e+006
MBB,6/25/2015 00:00:00,2.74478,2.76237,2.70959,2.70959,4.03988e+006
MBB,6/26/2015 00:00:00,2.70959,2.74478,2.6744,2.6744,5.20108e+006
MBB,6/29/2015 00:00:00,2.65681,2.72719,2.63921,2.72719,3.90798e+006
MBB,6/30/2015 00:00:00,2.692,2.72719,2.65681,2.65681,4.70183e+006
MBB,7/1/2015 00:00:00,2.65681,2.6744,2.60402,2.62162,3.53786e+006
MBB,7/2/2015 00:00:00,2.62162,2.70959,2.62162,2.692,5.13134e+006
MBB,7/3/2015 00:00:00,2.72719,2.79756,2.692,2.70959,9.89664e+006
MBB,7/6/2015 00:00:00,2.72719,2.72719,2.6744,2.70959,4.32839e+006
MBB,7/7/2015 00:00:00,2.70959,2.79756,2.6744,2.72719,6.16885e+006
MBB,7/8/2015 00:00:00,2.72719,2.83275,2.70959,2.77997,1.60429e+007
MBB,7/9/2015 00:00:00,2.77997,2.79756,2.74478,2.77997,5.56889e+006
MBB,7/10/2015 00:00:00,2.77997,2.88554,2.77997,2.86794,1.67721e+007
MBB,7/13/2015 00:00:00,2.90313,2.97351,2.86794,2.93832,9.7212e+006
MBB,7/14/2015 00:00:00,2.95592,2.97351,2.86794,2.93832,7.98642e+006
MBB,7/15/2015 00:00:00,2.92073,2.93832,2.83275,2.83275,7.94492e+006
MBB,7/16/2015 00:00:00,2.81516,2.85035,2.79756,2.79756,5.26831e+006
MBB,7/17/2015 00:00:00,2.79756,2.85035,2.79756,2.81516,4.15583e+006
MBB,7/20/2015 00:00:00,2.79756,2.83275,2.76237,2.79756,5.71965e+006
MBB,7/21/2015 00:00:00,2.79756,2.85035,2.77997,2.79756,4.00694e+006
MBB,7/22/2015 00:00:00,2.77997,2.83275,2.77997,2.81516,5.17114e+006
MBB,7/23/2015 00:00:00,2.81516,2.92073,2.81516,2.85035,9.75516e+006
MBB,7/24/2015 00:00:00,2.86794,2.88554,2.85035,2.86794,6.14218e+006
MBB,7/27/2015 00:00:00,2.88554,2.90313,2.85035,2.85035,5.4756e+006
MBB,7/28/2015 00:00:00,2.85035,2.85035,2.81516,2.81516,6.83232e+006
MBB,7/29/2015 00:00:00,2.81516,2.83275,2.77997,2.79756,4.01381e+006
MBB,7/30/2015 00:00:00,2.79756,2.81516,2.77997,2.79756,3.0511e+006
MBB,7/31/2015 00:00:00,2.81516,2.83275,2.77997,2.77997,2.6433e+006
MBB,8/3/2015 00:00:00,2.76237,2.77997,2.70959,2.72719,5.56367e+006
MBB,8/4/2015 00:00:00,2.74478,2.76237,2.72719,2.74478,2.99987e+006
MBB,8/5/2015 00:00:00,2.76237,2.79756,2.76237,2.79756,2.50501e+006
MBB,8/6/2015 00:00:00,2.81516,2.86794,2.77997,2.81516,1.33043e+007
MBB,8/7/2015 00:00:00,2.79756,2.83275,2.79756,2.81516,1.33663e+006
MBB,8/10/2015 00:00:00,2.81516,2.85035,2.81516,2.83275,2.28861e+006
MBB,8/11/2015 00:00:00,2.83275,2.86794,2.81516,2.83275,4.89968e+006
MBB,8/12/2015 00:00:00,2.81516,2.83275,2.76237,2.77997,3.62618e+006
MBB,8/13/2015 00:00:00,2.77997,2.77997,2.70959,2.72719,4.96598e+006
MBB,8/14/2015 00:00:00,2.70959,2.74478,2.6744,2.70959,3.54221e+006
MBB,8/17/2015 00:00:00,2.75463,2.79088,2.62777,2.66402,4.84257e+006
MBB,8/18/2015 00:00:00,2.66402,2.70026,2.6459,2.68214,2.44313e+006
MBB,8/19/2015 00:00:00,2.66402,2.71839,2.62777,2.71839,2.41707e+006
MBB,8/20/2015 00:00:00,2.70026,2.71839,2.6459,2.6459,1.75608e+006
MBB,8/21/2015 00:00:00,2.62777,2.6459,2.53716,2.60965,4.44832e+006
MBB,8/24/2015 00:00:00,2.57341,2.57341,2.42843,2.44655,5.68815e+006
MBB,8/25/2015 00:00:00,2.39218,2.51904,2.39218,2.46467,3.73951e+006
MBB,8/26/2015 00:00:00,2.48279,2.57341,2.48279,2.55528,3.69184e+006
MBB,8/27/2015 00:00:00,2.59153,2.62777,2.55528,2.57341,2.74806e+006
MBB,8/28/2015 00:00:00,2.59153,2.6459,2.57341,2.6459,2.72017e+006
MBB,8/31/2015 00:00:00,2.6459,2.6459,2.57341,2.57341,1.86028e+006
MBB,9/1/2015 00:00:00,2.59153,2.62777,2.57341,2.60965,1.68509e+006
MBB,9/3/2015 00:00:00,2.59153,2.60965,2.55528,2.57341,1.47518e+006
MBB,9/4/2015 00:00:00,2.57341,2.62777,2.57341,2.59153,1.3716e+006
MBB,9/7/2015 00:00:00,2.60965,2.62777,2.59153,2.60965,1.15237e+006
MBB,9/8/2015 00:00:00,2.60965,2.73651,2.60965,2.71839,6.00972e+006
MBB,9/9/2015 00:00:00,2.75463,2.79088,2.73651,2.77276,2.77748e+006
MBB,9/10/2015 00:00:00,2.73651,2.79088,2.73651,2.77276,2.39902e+006
MBB,9/11/2015 00:00:00,2.77276,2.79088,2.73651,2.75463,1.99061e+006
MBB,9/14/2015 00:00:00,2.79088,2.86337,2.79088,2.809,3.39249e+006
MBB,9/15/2015 00:00:00,2.84645,2.84645,2.79027,2.809,2.17355e+006
MBB,9/16/2015 00:00:00,2.79027,2.79027,2.75282,2.77155,2.14722e+006
MBB,9/17/2015 00:00:00,2.75282,2.79027,2.75282,2.75282,809320
MBB,9/18/2015 00:00:00,2.79027,2.82773,2.77155,2.79027,1.23735e+006
MBB,9/21/2015 00:00:00,2.86518,2.86518,2.82773,2.86518,5.14426e+006
MBB,9/22/2015 00:00:00,2.86518,2.88391,2.82773,2.84645,4.90256e+006
MBB,9/23/2015 00:00:00,2.82773,2.86518,2.82773,2.86518,2.76312e+006
MBB,9/24/2015 00:00:00,2.86518,2.88391,2.84645,2.88391,3.72266e+006
MBB,9/25/2015 00:00:00,2.86518,2.86518,2.84645,2.84645,1.13603e+006
MBB,9/28/2015 00:00:00,2.84645,2.86518,2.79027,2.809,1.30715e+006
MBB,9/29/2015 00:00:00,2.77155,2.809,2.75282,2.809,2.16797e+006
MBB,9/30/2015 00:00:00,2.82773,2.84645,2.809,2.809,1.03549e+006
MBB,10/1/2015 00:00:00,2.86518,2.88391,2.82773,2.84645,2.61976e+006
MBB,10/2/2015 00:00:00,2.86518,2.86518,2.82773,2.82773,1.0322e+006
MBB,10/5/2015 00:00:00,2.82773,2.88391,2.82773,2.84645,2.54189e+006
MBB,10/6/2015 00:00:00,2.86518,2.92136,2.86518,2.90263,3.53614e+006
MBB,10/7/2015 00:00:00,2.92136,2.92136,2.88391,2.88391,1.78628e+006
MBB,10/8/2015 00:00:00,2.84645,2.86518,2.809,2.82773,9.33762e+006
MBB,10/9/2015 00:00:00,2.82773,2.84645,2.79027,2.79027,2.8245e+006
MBB,10/12/2015 00:00:00,2.77155,2.809,2.75282,2.77155,2.67905e+006
MBB,10/13/2015 00:00:00,2.75282,2.79027,2.75282,2.77155,1.59081e+006
MBB,10/14/2015 00:00:00,2.77155,2.79027,2.75282,2.75282,1.43773e+006
MBB,10/15/2015 00:00:00,2.75282,2.77155,2.71537,2.75282,2.85856e+006
MBB,10/16/2015 00:00:00,2.73409,2.77155,2.73409,2.75282,2.43288e+006
MBB,10/19/2015 00:00:00,2.75282,2.75282,2.73409,2.73409,1.42306e+006
MBB,10/20/2015 00:00:00,2.73409,2.73409,2.69664,2.69664,1.76251e+006
MBB,10/21/2015 00:00:00,2.69664,2.69664,2.64046,2.65919,2.07519e+006
MBB,10/22/2015 00:00:00,2.65919,2.69664,2.65919,2.67791,1.41162e+006
MBB,10/23/2015 00:00:00,2.67791,2.71537,2.67791,2.69664,736810
MBB,10/26/2015 00:00:00,2.67791,2.69664,2.65919,2.65919,1.30321e+006
MBB,10/27/2015 00:00:00,2.65919,2.67791,2.62173,2.64046,1.50117e+006
MBB,10/28/2015 00:00:00,2.64046,2.65919,2.62173,2.62173,784850
MBB,10/29/2015 00:00:00,2.62173,2.64046,2.60301,2.62173,1.21365e+006
MBB,10/30/2015 00:00:00,2.64046,2.71537,2.64046,2.69664,2.16226e+006
MBB,11/2/2015 00:00:00,2.71537,2.73409,2.67791,2.69664,1.28805e+006
MBB,11/3/2015 00:00:00,2.69664,2.71537,2.65919,2.69664,1.35209e+006
MBB,11/4/2015 00:00:00,2.69664,2.73409,2.65919,2.65919,1.37021e+006
MBB,11/5/2015 00:00:00,2.65919,2.69664,2.65919,2.65919,675030
MBB,11/6/2015 00:00:00,2.65919,2.67791,2.64046,2.65919,669700
MBB,11/9/2015 00:00:00,2.65919,2.71537,2.65919,2.71537,1.67312e+006
MBB,11/10/2015 00:00:00,2.69664,2.71537,2.67791,2.67791,1.14075e+006
MBB,11/11/2015 00:00:00,2.67791,2.71537,2.67791,2.69664,1.82283e+006
MBB,11/12/2015 00:00:00,2.69664,2.73409,2.69664,2.73409,3.10194e+006
MBB,11/13/2015 00:00:00,2.73409,2.809,2.73409,2.79027,4.23668e+006
MBB,11/16/2015 00:00:00,2.77155,2.79027,2.75282,2.77155,1.99204e+006
MBB,11/17/2015 00:00:00,2.75282,2.77155,2.73409,2.73409,1.19009e+006
MBB,11/18/2015 00:00:00,2.71537,2.77155,2.71537,2.77155,1.3798e+006
MBB,11/19/2015 00:00:00,2.77155,2.77155,2.73409,2.75282,1.13262e+006
MBB,11/20/2015 00:00:00,2.73409,2.77155,2.73409,2.73409,1.15595e+006
MBB,11/23/2015 00:00:00,2.73409,2.75282,2.71537,2.73409,1.21069e+006
MBB,11/24/2015 00:00:00,2.71537,2.73409,2.67791,2.69664,708920
MBB,11/25/2015 00:00:00,2.69664,2.71537,2.67791,2.69664,766440
MBB,11/26/2015 00:00:00,2.69664,2.71537,2.67791,2.69664,624860
MBB,11/27/2015 00:00:00,2.69664,2.71537,2.67791,2.67791,1.40028e+006
MBB,11/30/2015 00:00:00,2.67791,2.67791,2.64046,2.64046,1.12205e+006
MBB,12/1/2015 00:00:00,2.65919,2.67791,2.64046,2.65919,691030
MBB,12/2/2015 00:00:00,2.65919,2.67791,2.65919,2.67791,301570
MBB,12/3/2015 00:00:00,2.67791,2.67791,2.65919,2.67791,105650
MBB,12/4/2015 00:00:00,2.65919,2.67791,2.64046,2.65919,663540
MBB,12/7/2015 00:00:00,2.64046,2.65919,2.62173,2.64046,377080
MBB,12/8/2015 00:00:00,2.64046,2.64046,2.60301,2.64046,1.29493e+006
MBB,12/9/2015 00:00:00,2.64046,2.65919,2.62173,2.62173,864210
MBB,12/10/2015 00:00:00,2.62173,2.64046,2.60301,2.62173,351980
MBB,12/11/2015 00:00:00,2.60301,2.64046,2.60301,2.62173,438700
MBB,12/14/2015 00:00:00,2.62173,2.65919,2.62173,2.65919,624120
MBB,12/15/2015 00:00:00,2.65919,2.65919,2.62173,2.64046,355420
MBB,12/16/2015 00:00:00,2.64046,2.67791,2.62173,2.64046,287090
MBB,12/17/2015 00:00:00,2.65919,2.67791,2.64046,2.65919,747840
MBB,12/18/2015 00:00:00,2.65919,2.65919,2.64046,2.64046,328350
MBB,12/21/2015 00:00:00,2.64046,2.65919,2.62173,2.62173,789650
MBB,12/22/2015 00:00:00,2.62173,2.64046,2.62173,2.62173,320960
MBB,12/23/2015 00:00:00,2.62173,2.64046,2.60301,2.62173,491010
MBB,12/24/2015 00:00:00,2.62173,2.64046,2.62173,2.62173,345610
MBB,12/25/2015 00:00:00,2.62173,2.64046,2.62173,2.62173,167650
MBB,12/28/2015 00:00:00,2.62173,2.62173,2.60301,2.62173,499740
MBB,12/29/2015 00:00:00,2.62173,2.62173,2.60301,2.62173,619500
MBB,12/30/2015 00:00:00,2.62173,2.64046,2.60301,2.62173,861420
MBB,12/31/2015 00:00:00,2.62173,2.73409,2.60301,2.73409,2.57383e+006
MBB,1/4/2016 00:00:00,2.69664,2.69664,2.62173,2.64046,532510
MBB,1/5/2016 00:00:00,2.62173,2.65919,2.62173,2.62173,400260
MBB,1/6/2016 00:00:00,2.62173,2.64046,2.62173,2.64046,251050
MBB,1/7/2016 00:00:00,2.64046,2.64046,2.60301,2.60301,601470
MBB,1/8/2016 00:00:00,2.58428,2.60301,2.56555,2.58428,646260
MBB,1/11/2016 00:00:00,2.58428,2.60301,2.56555,2.56555,420860
MBB,1/12/2016 00:00:00,2.56555,2.60301,2.56555,2.60301,467350
MBB,1/13/2016 00:00:00,2.60301,2.62173,2.58428,2.58428,379460
MBB,1/14/2016 00:00:00,2.56555,2.58428,2.54683,2.58428,458130
MBB,1/15/2016 00:00:00,2.56555,2.58428,2.54683,2.56555,184170
MBB,1/18/2016 00:00:00,2.54683,2.54683,2.45319,2.49065,1.44941e+006
MBB,1/19/2016 00:00:00,2.47192,2.5281,2.47192,2.5281,462500
MBB,1/20/2016 00:00:00,2.5281,2.54683,2.50937,2.50937,698530
MBB,1/21/2016 00:00:00,2.49065,2.5281,2.47192,2.49065,913700
MBB,1/22/2016 00:00:00,2.49065,2.54683,2.47192,2.54683,1.05668e+006
MBB,1/25/2016 00:00:00,2.56555,2.65919,2.56555,2.65919,2.05747e+006
MBB,1/26/2016 00:00:00,2.65919,2.65919,2.60301,2.64046,2.26055e+006
MBB,1/27/2016 00:00:00,2.65919,2.67791,2.64046,2.65919,1.35493e+006
MBB,1/28/2016 00:00:00,2.67791,2.73409,2.67791,2.71537,2.90577e+006
MBB,1/29/2016 00:00:00,2.71537,2.71537,2.67791,2.69664,910630
MBB,2/1/2016 00:00:00,2.71537,2.71537,2.67791,2.69664,1.1009e+006
MBB,2/2/2016 00:00:00,2.67791,2.69664,2.65919,2.69664,1.00528e+006
MBB,2/3/2016 00:00:00,2.67791,2.69664,2.67791,2.67791,430430
MBB,2/4/2016 00:00:00,2.69664,2.73409,2.67791,2.71537,687940
MBB,2/5/2016 00:00:00,2.71537,2.77155,2.71537,2.75282,1.55638e+006
MBB,2/15/2016 00:00:00,2.809,2.84645,2.77155,2.809,2.88815e+006
MBB,2/16/2016 00:00:00,2.809,2.809,2.77155,2.809,709220
MBB,2/17/2016 00:00:00,2.809,2.809,2.79027,2.79027,1.16601e+006
MBB,2/18/2016 00:00:00,2.809,2.82773,2.79027,2.79027,2.14991e+006
MBB,2/19/2016 00:00:00,2.82773,2.92136,2.79027,2.90263,1.92802e+007
MBB,2/22/2016 00:00:00,2.92136,2.94009,2.90263,2.90263,8.78945e+006
MBB,2/23/2016 00:00:00,2.90263,2.92136,2.86518,2.86518,6.18116e+006
MBB,2/24/2016 00:00:00,2.82773,2.88391,2.809,2.86518,6.15065e+006
MBB,2/25/2016 00:00:00,2.86518,2.88391,2.82773,2.82773,1.94828e+006
MBB,2/26/2016 00:00:00,2.82773,2.82773,2.79027,2.809,2.3328e+006
MBB,2/29/2016 00:00:00,2.809,2.809,2.73409,2.73409,1.84114e+006
MBB,3/1/2016 00:00:00,2.71537,2.82773,2.71537,2.82773,2.89521e+006
MBB,3/2/2016 00:00:00,2.82773,2.84645,2.79027,2.809,3.28499e+006
MBB,3/3/2016 00:00:00,2.82773,2.82773,2.79027,2.809,1.44257e+006
MBB,3/4/2016 00:00:00,2.809,2.82773,2.79027,2.809,2.48477e+006
MBB,3/7/2016 00:00:00,2.79027,2.809,2.77155,2.77155,1.34028e+006
MBB,3/8/2016 00:00:00,2.77155,2.77155,2.75282,2.77155,983480
MBB,3/9/2016 00:00:00,2.77155,2.809,2.77155,2.79027,2.56221e+006
MBB,3/10/2016 00:00:00,2.79027,2.809,2.77155,2.809,942020
MBB,3/11/2016 00:00:00,2.809,2.809,2.77155,2.79027,521390
MBB,3/14/2016 00:00:00,2.79027,2.79027,2.75282,2.75282,1.04715e+006
MBB,3/15/2016 00:00:00,2.77155,2.77155,2.73409,2.75282,1.39222e+006
MBB,3/16/2016 00:00:00,2.75282,2.75282,2.73409,2.75282,865420
MBB,3/17/2016 00:00:00,2.75282,2.77155,2.73409,2.77155,1.40599e+006
MBB,3/18/2016 00:00:00,2.75282,2.77155,2.75282,2.77155,178560
MBB,3/21/2016 00:00:00,2.75282,2.77155,2.73409,2.75282,905900
MBB,3/22/2016 00:00:00,2.75282,2.77155,2.73409,2.73409,793030
MBB,3/23/2016 00:00:00,2.75282,2.75282,2.73409,2.73409,163970
MBB,3/24/2016 00:00:00,2.73409,2.75282,2.71537,2.71537,993310
MBB,3/25/2016 00:00:00,2.71537,2.73409,2.71537,2.73409,1.18247e+006
MBB,3/28/2016 00:00:00,2.73409,2.73409,2.71537,2.73409,997270
MBB,3/29/2016 00:00:00,2.73409,2.73409,2.71537,2.71537,477670
MBB,3/30/2016 00:00:00,2.71537,2.73409,2.67791,2.69664,1.12052e+006
MBB,3/31/2016 00:00:00,2.69664,2.71537,2.67791,2.67791,726580
MBB,4/1/2016 00:00:00,2.67791,2.67791,2.62173,2.64046,891250
MBB,4/4/2016 00:00:00,2.64046,2.65919,2.62173,2.64046,433560
MBB,4/5/2016 00:00:00,2.64046,2.67791,2.64046,2.65919,1.3461e+006
MBB,4/6/2016 00:00:00,2.65919,2.71537,2.65919,2.71537,1.16472e+006
MBB,4/7/2016 00:00:00,2.69664,2.73409,2.67791,2.71537,752910
MBB,4/8/2016 00:00:00,2.71537,2.71537,2.67791,2.69664,802720
MBB,4/11/2016 00:00:00,2.69664,2.71537,2.67791,2.71537,362830
MBB,4/12/2016 00:00:00,2.71537,2.71537,2.67791,2.69664,690290
MBB,4/13/2016 00:00:00,2.67791,2.69664,2.65919,2.69664,646590
MBB,4/14/2016 00:00:00,2.67791,2.71537,2.67791,2.71537,322470
MBB,4/15/2016 00:00:00,2.69664,2.71537,2.67791,2.67791,114010
MBB,4/19/2016 00:00:00,2.67791,2.69664,2.65919,2.69664,449390
MBB,4/20/2016 00:00:00,2.69664,2.71537,2.67791,2.71537,666740
MBB,4/21/2016 00:00:00,2.69664,2.73409,2.67791,2.73409,578270
MBB,4/22/2016 00:00:00,2.73409,2.809,2.71537,2.79027,1.77253e+006
MBB,4/25/2016 00:00:00,2.77155,2.809,2.75282,2.79027,1.11089e+006
MBB,4/26/2016 00:00:00,2.75282,2.809,2.75282,2.79027,806090
MBB,4/27/2016 00:00:00,2.75282,2.79027,2.75282,2.75282,1.02114e+006
MBB,4/28/2016 00:00:00,2.77155,2.77155,2.75282,2.77155,765550
MBB,4/29/2016 00:00:00,2.79027,2.82773,2.79027,2.82773,2.27437e+006
MBB,5/4/2016 00:00:00,2.82773,2.82773,2.79027,2.82773,1.66264e+006
MBB,5/5/2016 00:00:00,2.809,2.82773,2.809,2.82773,1.05156e+006
MBB,5/6/2016 00:00:00,2.82773,2.86518,2.809,2.86518,2.21838e+006
MBB,5/9/2016 00:00:00,2.86518,2.88391,2.82773,2.86518,1.33896e+006
MBB,5/10/2016 00:00:00,2.79027,2.86518,2.79027,2.84645,536500
MBB,5/11/2016 00:00:00,2.84645,2.86518,2.84645,2.86518,1.00996e+006
MBB,5/12/2016 00:00:00,2.86518,2.86518,2.82773,2.82773,323970
MBB,5/13/2016 00:00:00,2.82773,2.84645,2.82773,2.82773,305860
MBB,5/16/2016 00:00:00,2.82773,2.82773,2.809,2.809,323540
MBB,5/17/2016 00:00:00,2.809,2.82773,2.809,2.809,503250
MBB,5/18/2016 00:00:00,2.82773,2.90263,2.809,2.86518,3.48236e+006
MBB,5/19/2016 00:00:00,2.86518,2.94009,2.84645,2.92136,5.67162e+006
MBB,5/20/2016 00:00:00,2.92136,2.97754,2.90263,2.94009,4.82793e+006
MBB,5/23/2016 00:00:00,2.94009,2.94009,2.88391,2.88391,1.4395e+006
MBB,5/24/2016 00:00:00,2.86518,2.92136,2.84645,2.90263,2.23694e+006
MBB,5/25/2016 00:00:00,2.90263,2.90263,2.84645,2.84645,578150
MBB,5/26/2016 00:00:00,2.84645,2.86518,2.84645,2.86518,769830
MBB,5/27/2016 00:00:00,2.86518,2.90263,2.84645,2.88391,2.24464e+006
MBB,5/30/2016 00:00:00,2.88391,2.92136,2.88391,2.92136,2.20036e+006
MBB,5/31/2016 00:00:00,2.92136,2.94009,2.88391,2.92136,929600
MBB,6/1/2016 00:00:00,2.94009,2.94009,2.90263,2.92136,3.2607e+006
MBB,6/2/2016 00:00:00,2.90263,2.92136,2.90263,2.92136,2.94246e+006
MBB,6/3/2016 00:00:00,2.92136,2.92136,2.88391,2.88391,377530
MBB,6/6/2016 00:00:00,2.88391,2.90263,2.86518,2.86518,1.16357e+006
MBB,6/7/2016 00:00:00,2.86518,2.90263,2.86518,2.90263,1.63016e+006
MBB,6/8/2016 00:00:00,2.90263,2.92136,2.88391,2.88391,1.53615e+006
MBB,6/9/2016 00:00:00,2.88391,2.92136,2.86518,2.90263,1.43731e+006
MBB,6/10/2016 00:00:00,2.90263,2.97754,2.88391,2.88391,4.8444e+006
MBB,6/13/2016 00:00:00,2.88391,2.88391,2.86518,2.86518,86100
MBB,6/14/2016 00:00:00,2.86518,2.88391,2.86518,2.86518,86120
MBB,6/15/2016 00:00:00,2.88391,2.88391,2.82773,2.86518,290950
MBB,6/16/2016 00:00:00,2.88391,2.88391,2.84645,2.84645,248630
MBB,6/17/2016 00:00:00,2.84645,2.86518,2.82773,2.84645,207250
MBB,6/20/2016 00:00:00,2.86518,2.86518,2.82773,2.82773,73780
MBB,6/21/2016 00:00:00,2.84645,2.84645,2.82773,2.82773,128320
MBB,6/22/2016 00:00:00,2.84645,2.84645,2.809,2.809,258250
MBB,6/23/2016 00:00:00,2.82773,2.82773,2.809,2.809,135800
MBB,6/24/2016 00:00:00,2.84645,2.84645,2.67791,2.79027,1.1583e+006
MBB,6/27/2016 00:00:00,2.73409,2.79027,2.73409,2.79027,298250
MBB,6/28/2016 00:00:00,2.79027,2.809,2.77155,2.79027,77680
MBB,6/29/2016 00:00:00,2.809,2.82773,2.809,2.809,270460
MBB,6/30/2016 00:00:00,2.809,2.809,2.79027,2.79027,197840
MBB,7/1/2016 00:00:00,2.79027,2.809,2.77155,2.809,266490
MBB,7/4/2016 00:00:00,2.79027,2.82773,2.79027,2.809,675550
MBB,7/5/2016 00:00:00,2.809,2.86518,2.809,2.84645,714190
MBB,7/6/2016 00:00:00,2.82773,2.84645,2.82773,2.82773,151690
MBB,7/7/2016 00:00:00,2.82773,2.84645,2.82773,2.82773,282910
MBB,7/8/2016 00:00:00,2.86518,2.86518,2.82773,2.82773,244820
MBB,7/11/2016 00:00:00,2.82773,2.84645,2.809,2.84645,271860
MBB,7/12/2016 00:00:00,2.84645,2.84645,2.809,2.809,547160
MBB,7/13/2016 00:00:00,2.82773,2.86518,2.809,2.86518,694230
MBB,7/14/2016 00:00:00,2.86518,2.95881,2.86518,2.90263,811590
MBB,7/15/2016 00:00:00,2.88391,2.92136,2.86518,2.90263,188540
MBB,7/18/2016 00:00:00,2.90263,2.92136,2.86518,2.90263,336030
MBB,7/19/2016 00:00:00,2.86518,2.88391,2.84645,2.84645,411690
MBB,7/20/2016 00:00:00,2.84645,2.86518,2.82773,2.82773,210730
MBB,7/21/2016 00:00:00,2.82773,2.86518,2.82773,2.84645,252560
MBB,7/22/2016 00:00:00,2.84645,2.84645,2.809,2.84645,510450
MBB,7/25/2016 00:00:00,2.82773,2.84645,2.809,2.809,291070
MBB,7/26/2016 00:00:00,2.86518,2.86518,2.82773,2.82773,170970
MBB,7/27/2016 00:00:00,2.82773,2.86518,2.82773,2.84645,181100
MBB,7/28/2016 00:00:00,2.84645,2.84645,2.82773,2.82773,205210
MBB,7/29/2016 00:00:00,2.84645,2.84645,2.809,2.809,384340
MBB,8/1/2016 00:00:00,2.82773,2.82773,2.809,2.809,361240
MBB,8/2/2016 00:00:00,2.809,2.82773,2.79027,2.79027,235060
MBB,8/3/2016 00:00:00,2.809,2.809,2.77155,2.79027,116370
MBB,8/4/2016 00:00:00,2.79027,2.79027,2.77155,2.77155,364470
MBB,8/5/2016 00:00:00,2.75282,2.77155,2.75282,2.77155,166710
MBB,8/8/2016 00:00:00,2.77155,2.79027,2.77155,2.77155,90900
MBB,8/9/2016 00:00:00,2.77155,2.79027,2.77155,2.77155,144450
MBB,8/10/2016 00:00:00,2.79027,2.809,2.77155,2.79027,210330
MBB,8/11/2016 00:00:00,2.809,2.809,2.79027,2.809,242300
MBB,8/12/2016 00:00:00,2.82773,2.82773,2.79027,2.79027,75350
MBB,8/15/2016 00:00:00,2.809,2.809,2.77155,2.79027,54990
MBB,8/16/2016 00:00:00,2.79027,2.79027,2.77155,2.77155,140970
MBB,8/17/2016 00:00:00,2.77155,2.809,2.77155,2.79027,238470
MBB,8/18/2016 00:00:00,2.77155,2.809,2.77155,2.79027,394730
MBB,8/19/2016 00:00:00,2.79027,2.809,2.77155,2.77155,121050
MBB,8/22/2016 00:00:00,2.77155,2.79027,2.77155,2.77155,141770
MBB,8/23/2016 00:00:00,2.77155,2.79027,2.77155,2.77155,102320
MBB,8/24/2016 00:00:00,2.77155,2.79027,2.77155,2.77155,140110
MBB,8/25/2016 00:00:00,2.77155,2.79027,2.77155,2.79027,62590
MBB,8/26/2016 00:00:00,2.79027,2.79027,2.77155,2.79027,138190
MBB,8/29/2016 00:00:00,2.77155,2.79027,2.77155,2.77155,130930
MBB,8/30/2016 00:00:00,2.79027,2.79027,2.77155,2.77155,118860
MBB,8/31/2016 00:00:00,2.77155,2.79027,2.77155,2.77155,116320
MBB,9/1/2016 00:00:00,2.77155,2.77155,2.75282,2.77155,126170
MBB,9/5/2016 00:00:00,2.77155,2.77155,2.75282,2.75282,104740
MBB,9/6/2016 00:00:00,2.77155,2.77155,2.75282,2.75282,180810
MBB,9/7/2016 00:00:00,2.75282,2.77155,2.75282,2.77155,67690
MBB,9/8/2016 00:00:00,2.77155,2.79027,2.77155,2.79027,196110
MBB,9/9/2016 00:00:00,2.79027,2.79027,2.77155,2.79027,240610
MBB,9/12/2016 00:00:00,2.79027,2.79964,2.77155,2.79027,254020
MBB,9/13/2016 00:00:00,2.77155,2.79027,2.77155,2.78091,154740
MBB,9/14/2016 00:00:00,2.78091,2.78091,2.76218,2.77155,138360
MBB,9/15/2016 00:00:00,2.78091,2.78091,2.77155,2.78091,163050
MBB,9/16/2016 00:00:00,2.77155,2.78091,2.76218,2.76218,120300
MBB,9/19/2016 00:00:00,2.77155,2.77155,2.76218,2.76218,242090
MBB,9/20/2016 00:00:00,2.76218,2.77155,2.75282,2.76218,133130
MBB,9/21/2016 00:00:00,2.75282,2.76218,2.75282,2.75282,201250
MBB,9/22/2016 00:00:00,2.75282,2.77155,2.75282,2.76218,332620
MBB,9/23/2016 00:00:00,2.76218,2.77155,2.75282,2.76218,210620
MBB,9/26/2016 00:00:00,2.75282,2.76218,2.75282,2.76218,106840
MBB,9/27/2016 00:00:00,2.75282,2.77155,2.75282,2.75282,426860
MBB,9/28/2016 00:00:00,2.75282,2.77155,2.74346,2.75282,965580
MBB,9/29/2016 00:00:00,2.77155,2.78091,2.75282,2.77155,200950
MBB,9/30/2016 00:00:00,2.77155,2.79027,2.76218,2.79027,91610
MBB,10/3/2016 00:00:00,2.79027,2.79027,2.76218,2.77155,296270
MBB,10/4/2016 00:00:00,2.75282,2.77155,2.75282,2.76218,502400
MBB,10/5/2016 00:00:00,2.75282,2.77155,2.75282,2.76218,361860
MBB,10/6/2016 00:00:00,2.77155,2.79027,2.76218,2.79027,610850
MBB,10/7/2016 00:00:00,2.809,2.809,2.79027,2.79964,464580
MBB,10/10/2016 00:00:00,2.79964,2.79964,2.77155,2.78091,278230
MBB,10/11/2016 00:00:00,2.77155,2.78091,2.76218,2.77155,322790
MBB,10/12/2016 00:00:00,2.78091,2.78091,2.77155,2.77155,461500
MBB,10/13/2016 00:00:00,2.77155,2.78091,2.77155,2.77155,380570
MBB,10/14/2016 00:00:00,2.78091,2.82773,2.78091,2.78091,704440
MBB,10/17/2016 00:00:00,2.78091,2.809,2.77155,2.809,477660
MBB,10/18/2016 00:00:00,2.79027,2.809,2.79027,2.809,121190
MBB,10/19/2016 00:00:00,2.809,2.82773,2.79964,2.809,619660
MBB,10/20/2016 00:00:00,2.809,2.809,2.79964,2.809,277890
MBB,10/21/2016 00:00:00,2.809,2.809,2.79027,2.79964,179200
MBB,10/24/2016 00:00:00,2.85114,2.8708,2.79215,2.82164,490200
MBB,10/25/2016 00:00:00,2.81181,2.8413,2.81181,2.81181,213730
MBB,10/26/2016 00:00:00,2.81181,2.83147,2.80198,2.80198,113940
MBB,10/27/2016 00:00:00,2.80198,2.81181,2.79215,2.80198,180870
MBB,10/28/2016 00:00:00,2.80198,2.81181,2.80198,2.80198,160650
MBB,10/31/2016 00:00:00,2.81181,2.81181,2.80198,2.81181,264490
MBB,11/1/2016 00:00:00,2.81181,2.81181,2.79215,2.81181,110090
MBB,11/2/2016 00:00:00,2.81181,2.81181,2.78232,2.79215,170280
MBB,11/3/2016 00:00:00,2.79215,2.79215,2.76265,2.76265,90350
MBB,11/4/2016 00:00:00,2.74299,2.75282,2.73316,2.73316,234450
MBB,11/7/2016 00:00:00,2.73316,2.75282,2.71349,2.74299,83300
MBB,11/8/2016 00:00:00,2.77248,2.77248,2.73316,2.75282,87410
MBB,11/9/2016 00:00:00,2.75282,2.75282,2.57585,2.71349,268320
MBB,11/10/2016 00:00:00,2.71349,2.73316,2.71349,2.72333,216490
MBB,11/11/2016 00:00:00,2.73316,2.74299,2.71349,2.71349,86660
MBB,11/14/2016 00:00:00,2.71349,2.73316,2.69383,2.70366,95380
MBB,11/15/2016 00:00:00,2.70366,2.71349,2.684,2.69383,174910
MBB,11/16/2016 00:00:00,2.66434,2.69383,2.66434,2.67417,162280
MBB,11/17/2016 00:00:00,2.67417,2.69383,2.65451,2.66434,160330
MBB,11/18/2016 00:00:00,2.66434,2.67417,2.65451,2.65451,188030
MBB,11/21/2016 00:00:00,2.65451,2.66434,2.63484,2.63484,251460
MBB,11/22/2016 00:00:00,2.65451,2.65451,2.63484,2.63484,250560
MBB,11/23/2016 00:00:00,2.64467,2.66434,2.63484,2.64467,390540
MBB,11/24/2016 00:00:00,2.65451,2.65451,2.61518,2.64467,248790
MBB,11/25/2016 00:00:00,2.64467,2.64467,2.61518,2.62501,128770
MBB,11/28/2016 00:00:00,2.62501,2.62501,2.58569,2.59552,128710
MBB,11/29/2016 00:00:00,2.59552,2.61518,2.58569,2.61518,55920
MBB,11/30/2016 00:00:00,2.61518,2.63484,2.59552,2.62501,65710
MBB,12/1/2016 00:00:00,2.62501,2.63484,2.60535,2.60535,149550
MBB,12/2/2016 00:00:00,2.61518,2.62501,2.60535,2.61518,69980
MBB,12/5/2016 00:00:00,2.60535,2.61518,2.59552,2.59552,260110
MBB,12/6/2016 00:00:00,2.57585,2.61518,2.57585,2.61518,173330
MBB,12/7/2016 00:00:00,2.59552,2.63484,2.58569,2.58569,147960
MBB,12/8/2016 00:00:00,2.57585,2.59552,2.57585,2.58569,107320
MBB,12/9/2016 00:00:00,2.61518,2.61518,2.57585,2.61518,120820
MBB,12/12/2016 00:00:00,2.58569,2.60535,2.58569,2.59552,135750
MBB,12/13/2016 00:00:00,2.59552,2.59552,2.57585,2.59552,220190
MBB,12/14/2016 00:00:00,2.59552,2.60535,2.58569,2.59552,149550
MBB,12/15/2016 00:00:00,2.59552,2.59552,2.58569,2.58569,97740
MBB,12/16/2016 00:00:00,2.58569,2.59552,2.58569,2.58569,203090
MBB,12/19/2016 00:00:00,2.58569,2.63484,2.58569,2.60535,252470
MBB,12/20/2016 00:00:00,2.60535,2.61518,2.59552,2.61518,159480
MBB,12/21/2016 00:00:00,2.61518,2.61518,2.60535,2.61518,170610
MBB,12/22/2016 00:00:00,2.61518,2.61518,2.59552,2.60535,207470
MBB,12/23/2016 00:00:00,2.60535,2.60535,2.59552,2.59552,72020
MBB,12/26/2016 00:00:00,2.60535,2.60535,2.58569,2.58569,161870
MBB,12/27/2016 00:00:00,2.59552,2.60535,2.58569,2.60535,137630
MBB,12/28/2016 00:00:00,2.61518,2.62501,2.60535,2.61518,248630
MBB,12/29/2016 00:00:00,2.61518,2.63484,2.61518,2.63484,159830
MBB,12/30/2016 00:00:00,2.64467,2.75282,2.61518,2.75282,1.3058e+006
MBB,1/3/2017 00:00:00,2.67417,2.73316,2.66434,2.70366,354170
MBB,1/4/2017 00:00:00,2.73316,2.73316,2.67417,2.67417,408430
MBB,1/5/2017 00:00:00,2.67417,2.67417,2.65451,2.65451,491670
MBB,1/6/2017 00:00:00,2.67417,2.72333,2.65451,2.70366,510600
MBB,1/9/2017 00:00:00,2.70366,2.71349,2.69383,2.69383,282940
MBB,1/10/2017 00:00:00,2.70366,2.70366,2.684,2.69383,264760
MBB,1/11/2017 00:00:00,2.69383,2.71349,2.69383,2.70366,298930
MBB,1/12/2017 00:00:00,2.71349,2.75282,2.71349,2.72333,624630
MBB,1/13/2017 00:00:00,2.73316,2.73316,2.70366,2.70366,238250
MBB,1/16/2017 00:00:00,2.70366,2.70366,2.67417,2.684,162840
MBB,1/17/2017 00:00:00,2.71349,2.78232,2.71349,2.78232,2.05815e+006
MBB,1/18/2017 00:00:00,2.79215,2.79215,2.75282,2.75282,436170
MBB,1/19/2017 00:00:00,2.77248,2.77248,2.72333,2.73316,401040
MBB,1/20/2017 00:00:00,2.75282,2.75282,2.72333,2.73316,461340
MBB,1/23/2017 00:00:00,2.72333,2.75282,2.71349,2.71349,399380
MBB,1/24/2017 00:00:00,2.71349,2.77248,2.71349,2.77248,459610
MBB,1/25/2017 00:00:00,2.77248,2.78232,2.75282,2.78232,677410
MBB,2/2/2017 00:00:00,2.78232,2.79215,2.76265,2.79215,379300
MBB,2/3/2017 00:00:00,2.79215,2.81181,2.77248,2.78232,603770
MBB,2/6/2017 00:00:00,2.78232,2.78232,2.74299,2.77248,257350
MBB,2/7/2017 00:00:00,2.78232,2.79215,2.75282,2.75282,671750
MBB,2/8/2017 00:00:00,2.78232,2.78232,2.75282,2.78232,366590
MBB,2/9/2017 00:00:00,2.77248,2.80198,2.77248,2.80198,550440
MBB,2/10/2017 00:00:00,2.80198,2.80198,2.78232,2.78232,212660
MBB,2/13/2017 00:00:00,2.81181,2.8413,2.80198,2.83147,938710
MBB,2/14/2017 00:00:00,2.85114,2.85114,2.81181,2.81181,577900
MBB,2/15/2017 00:00:00,2.81181,2.85114,2.81181,2.85114,534490
MBB,2/16/2017 00:00:00,2.86097,2.91996,2.86097,2.8708,940230
MBB,2/17/2017 00:00:00,2.8708,2.90029,2.86097,2.90029,504390
MBB,2/20/2017 00:00:00,2.89046,2.90029,2.88063,2.88063,558160
MBB,2/21/2017 00:00:00,2.88063,2.89046,2.8708,2.88063,627760
MBB,2/22/2017 00:00:00,2.88063,2.89046,2.85114,2.88063,940560
MBB,2/23/2017 00:00:00,2.93189,2.93189,2.88063,2.91138,667670
MBB,2/24/2017 00:00:00,2.87038,2.92164,2.87038,2.90113,354590
MBB,2/27/2017 00:00:00,2.87038,2.90113,2.87038,2.89088,290650
MBB,2/28/2017 00:00:00,2.89088,2.89088,2.86013,2.87038,434370
MBB,3/1/2017 00:00:00,2.89088,2.89088,2.83962,2.86013,265700
MBB,3/2/2017 00:00:00,2.86013,2.87038,2.82937,2.84988,201630
MBB,3/3/2017 00:00:00,2.82937,2.86013,2.80887,2.82937,173460
MBB,3/6/2017 00:00:00,2.84988,2.88063,2.84988,2.86013,267720
MBB,3/7/2017 00:00:00,2.86013,2.86013,2.84988,2.86013,264120
MBB,3/8/2017 00:00:00,2.86013,2.89088,2.83962,2.89088,576870
MBB,3/9/2017 00:00:00,2.89088,3.0139,2.88063,2.98314,2.20604e+006
MBB,3/10/2017 00:00:00,2.98314,3.04465,2.95239,2.95239,1.21753e+006
MBB,3/13/2017 00:00:00,2.95239,3.0139,2.93189,3.0139,902800
MBB,3/14/2017 00:00:00,3.0139,3.02415,2.98314,3.00365,759180
MBB,3/15/2017 00:00:00,2.99339,3.00365,2.97289,2.97289,355820
MBB,3/16/2017 00:00:00,2.97289,2.99339,2.96264,2.97289,635060
MBB,3/17/2017 00:00:00,2.96264,3.00365,2.96264,2.97289,736360
MBB,3/20/2017 00:00:00,2.99339,3.13691,2.99339,3.08566,3.09319e+006
MBB,3/21/2017 00:00:00,3.09591,3.16767,3.08566,3.15742,3.51283e+006
MBB,3/22/2017 00:00:00,3.16767,3.17792,3.14717,3.15742,2.63297e+006
MBB,3/23/2017 00:00:00,3.14717,3.16767,3.11641,3.15742,1.77835e+006
MBB,3/24/2017 00:00:00,3.15742,3.23943,3.15742,3.20867,2.04607e+006
MBB,3/27/2017 00:00:00,3.20867,3.23943,3.15742,3.16767,1.02571e+006
MBB,3/28/2017 00:00:00,3.16767,3.17792,3.13691,3.14717,1.25212e+006
MBB,3/29/2017 00:00:00,3.13691,3.14717,3.09591,3.13691,1.3101e+006
MBB,3/30/2017 00:00:00,3.12666,3.21892,3.12666,3.18817,940860
MBB,3/31/2017 00:00:00,3.18817,3.18817,3.12666,3.14717,492910
MBB,4/3/2017 00:00:00,3.11641,3.16767,3.09591,3.16767,1.0531e+006
MBB,4/4/2017 00:00:00,3.16767,3.17792,3.14717,3.16767,1.07796e+006
MBB,4/5/2017 00:00:00,3.17792,3.19842,3.15742,3.15742,906800
MBB,4/7/2017 00:00:00,3.13691,3.15742,3.12666,3.14717,395600
MBB,4/10/2017 00:00:00,3.12666,3.14717,3.12666,3.13691,336270
MBB,4/11/2017 00:00:00,3.13691,3.21892,3.12666,3.20867,1.29114e+006
MBB,4/12/2017 00:00:00,3.20867,3.20867,3.14717,3.14717,613140
MBB,4/13/2017 00:00:00,3.17792,3.18817,3.13691,3.17792,479970
MBB,4/14/2017 00:00:00,3.16767,3.16767,3.09591,3.11641,1.07082e+006
MBB,4/17/2017 00:00:00,3.15742,3.15742,3.09591,3.09591,976370
MBB,4/18/2017 00:00:00,3.09591,3.11641,3.0549,3.11641,521880
MBB,4/19/2017 00:00:00,3.09591,3.09591,3.06515,3.07541,254420
MBB,4/20/2017 00:00:00,3.06515,3.09591,3.06515,3.07541,365920
MBB,4/21/2017 00:00:00,3.09591,3.11641,3.07541,3.09591,297740
MBB,4/24/2017 00:00:00,3.07541,3.08566,3.06515,3.06515,645890
MBB,4/25/2017 00:00:00,3.0549,3.06515,3.0344,3.0549,758000
MBB,4/26/2017 00:00:00,3.06515,3.13691,3.0549,3.08566,779060
MBB,4/27/2017 00:00:00,3.11641,3.15742,3.08566,3.11641,1.34172e+006
MBB,4/28/2017 00:00:00,3.11641,3.24968,3.11641,3.23943,2.26946e+006
MBB,5/3/2017 00:00:00,3.23943,3.44445,3.23943,3.44445,4.15783e+006
MBB,5/4/2017 00:00:00,3.44445,3.44445,3.37269,3.38295,2.19857e+006
MBB,5/5/2017 00:00:00,3.36244,3.48546,3.36244,3.42395,2.2599e+006
MBB,5/8/2017 00:00:00,3.42395,3.4342,3.36244,3.36244,1.7982e+006
MBB,5/9/2017 00:00:00,3.36244,3.42395,3.36244,3.4137,1.1471e+006
MBB,5/10/2017 00:00:00,3.40345,3.52647,3.40345,3.46496,3.07566e+006
MBB,5/11/2017 00:00:00,3.46496,3.48546,3.4342,3.46496,967050
MBB,5/12/2017 00:00:00,3.46496,3.46496,3.42395,3.42395,1.15156e+006
MBB,5/15/2017 00:00:00,3.42395,3.42395,3.38295,3.38295,1.87885e+006
MBB,5/16/2017 00:00:00,3.38295,3.4342,3.37269,3.38295,1.5244e+006
MBB,5/17/2017 00:00:00,3.37269,3.40345,3.37269,3.3932,982720
MBB,5/18/2017 00:00:00,3.40345,3.56747,3.40345,3.52647,4.70844e+006
MBB,5/19/2017 00:00:00,3.54697,3.63923,3.54697,3.63923,3.45058e+006
MBB,5/22/2017 00:00:00,3.65973,3.8135,3.64948,3.75199,3.03091e+006
MBB,5/23/2017 00:00:00,3.69049,3.74174,3.60848,3.60848,3.32894e+006
MBB,5/24/2017 00:00:00,3.60848,3.85451,3.60848,3.85451,6.04665e+006
MBB,5/25/2017 00:00:00,3.89551,4.03903,3.89551,3.91602,5.16518e+006
MBB,5/26/2017 00:00:00,3.89551,4.01853,3.89551,3.98778,2.15783e+006
MBB,5/29/2017 00:00:00,3.98778,4.01853,3.92627,3.93652,2.78523e+006
MBB,5/30/2017 00:00:00,3.93652,3.99803,3.87501,3.89551,3.23031e+006
MBB,5/31/2017 00:00:00,3.89551,3.93652,3.85451,3.86476,2.08184e+006
MBB,6/1/2017 00:00:00,3.89551,3.92627,3.86476,3.91602,1.19756e+006
MBB,6/2/2017 00:00:00,3.93652,3.94677,3.87501,3.89551,962630
MBB,6/5/2017 00:00:00,3.93652,3.98778,3.90577,3.91602,1.88384e+006
MBB,6/6/2017 00:00:00,3.91602,3.98778,3.91602,3.97752,1.49426e+006
MBB,6/7/2017 00:00:00,4.02878,4.16205,4.02878,4.1518,5.87017e+006
MBB,6/8/2017 00:00:00,4.1518,4.1928,4.09029,4.11079,2.31837e+006
MBB,6/9/2017 00:00:00,4.11079,4.16205,4.10054,4.11079,1.5272e+006
MBB,6/12/2017 00:00:00,4.11079,4.13129,4.06979,4.06979,1.75169e+006
MBB,6/13/2017 00:00:00,4.05954,4.12104,3.98778,4.08004,3.09353e+006
MBB,6/14/2017 00:00:00,4.10054,4.1928,4.09029,4.1723,2.98034e+006
MBB,6/15/2017 00:00:00,4.1723,4.1928,4.10054,4.12104,1.65367e+006
MBB,6/16/2017 00:00:00,4.11079,4.16205,4.10054,4.14155,1.84563e+006
MBB,6/19/2017 00:00:00,4.14155,4.27481,4.13129,4.25431,2.81156e+006
MBB,6/20/2017 00:00:00,4.28507,4.40808,4.28507,4.38758,3.60977e+006
MBB,6/21/2017 00:00:00,4.38758,4.49009,4.25431,4.49009,4.9098e+006
MBB,6/22/2017 00:00:00,4.42858,4.5721,4.42858,4.44909,2.40484e+006
MBB,6/23/2017 00:00:00,4.40808,4.42858,4.34657,4.40808,2.16229e+006
MBB,6/26/2017 00:00:00,4.37733,4.49009,4.35682,4.44909,1.95959e+006
MBB,6/27/2017 00:00:00,4.44909,4.47984,4.40808,4.44909,1.21253e+006
MBB,6/28/2017 00:00:00,4.41833,4.46959,4.40808,4.46959,1.07002e+006
MBB,6/29/2017 00:00:00,4.50034,4.59261,4.47984,4.5721,2.20073e+006
MBB,6/30/2017 00:00:00,4.5721,4.66437,4.5721,4.5721,2.20972e+006
MBB,7/3/2017 00:00:00,4.61311,4.62336,4.5516,4.56185,1.4894e+006
MBB,7/4/2017 00:00:00,4.56185,4.56185,4.46959,4.51059,2.80357e+006
MBB,7/5/2017 00:00:00,4.49009,4.51059,4.40808,4.45934,3.36315e+006
MBB,7/6/2017 00:00:00,4.50034,4.50034,4.44909,4.46959,1.7548e+006
MBB,7/7/2017 00:00:00,4.45934,4.49009,4.37733,4.38758,3.17396e+006
MBB,7/10/2017 00:00:00,4.36708,4.38758,4.22356,4.25431,3.31479e+006
MBB,7/11/2017 00:00:00,4.25431,4.34657,4.20305,4.34657,3.20139e+006
MBB,7/12/2017 00:00:00,4.38758,4.40808,4.36708,4.36708,1.48064e+006
MBB,7/13/2017 00:00:00,4.36708,4.38758,4.32607,4.37733,817410
MBB,7/14/2017 00:00:00,4.37733,4.40808,4.33632,4.35682,798560
MBB,7/17/2017 00:00:00,4.31582,4.38758,4.21331,4.22356,2.59615e+006
MBB,7/18/2017 00:00:00,4.21331,4.27481,4.10054,4.24406,1.38735e+006
MBB,7/19/2017 00:00:00,4.29532,4.29532,4.20305,4.20305,639030
MBB,7/20/2017 00:00:00,4.20305,4.26456,4.14155,4.26456,851450
MBB,7/21/2017 00:00:00,4.26456,4.28507,4.16205,4.16205,1.07392e+006
MBB,7/24/2017 00:00:00,4.18255,4.24406,4.14155,4.24406,1.45555e+006
MBB,7/25/2017 00:00:00,4.22356,4.5311,4.22356,4.5311,3.56805e+006
MBB,7/26/2017 00:00:00,4.5516,4.64386,4.49009,4.5311,3.81277e+006
MBB,7/27/2017 00:00:00,4.5311,4.60286,4.51059,4.5516,2.18445e+006
MBB,7/28/2017 00:00:00,4.5516,4.81814,4.5516,4.81814,6.61726e+006
MBB,7/31/2017 00:00:00,4.81814,4.94115,4.78738,4.87964,4.98308e+006
MBB,8/1/2017 00:00:00,4.83864,4.85914,4.77713,4.85914,2.72333e+006
MBB,8/2/2017 00:00:00,4.77713,4.92065,4.71562,4.81814,4.34482e+006
MBB,8/3/2017 00:00:00,4.77713,4.85914,4.67462,4.81814,7.58626e+006
MBB,8/4/2017 00:00:00,4.87964,4.87964,4.75663,4.77713,1.50129e+006
MBB,8/7/2017 00:00:00,4.77713,4.86939,4.75663,4.85914,3.75812e+006
MBB,8/8/2017 00:00:00,4.85914,4.85914,4.73612,4.77713,3.47358e+006
MBB,8/9/2017 00:00:00,4.77713,4.77713,4.51059,4.60286,7.40871e+006
MBB,8/10/2017 00:00:00,4.5721,4.64386,4.5311,4.61311,3.33829e+006
MBB,8/11/2017 00:00:00,4.59261,4.64386,4.56185,4.59261,3.12284e+006
MBB,8/14/2017 00:00:00,4.59261,4.76688,4.58235,4.75663,3.38415e+006
MBB,8/15/2017 00:00:00,4.77713,4.77713,4.69512,4.69512,1.45786e+006
MBB,8/16/2017 00:00:00,4.69512,4.69512,4.60286,4.66437,1.78009e+006
MBB,8/17/2017 00:00:00,4.66437,4.66437,4.52085,4.52085,3.71063e+006
MBB,8/18/2017 00:00:00,4.49009,4.59261,4.44909,4.59261,2.00543e+006
MBB,8/21/2017 00:00:00,4.59261,4.60286,4.5311,4.5516,1.15386e+006
MBB,8/22/2017 00:00:00,4.5721,4.5721,4.44909,4.51059,1.80592e+006
MBB,8/23/2017 00:00:00,4.51059,4.54135,4.46959,4.51059,888120
MBB,8/24/2017 00:00:00,4.50034,4.67462,4.50034,4.67462,4.12694e+006
MBB,8/25/2017 00:00:00,4.68487,4.75663,4.66437,4.70537,3.12591e+006
MBB,8/28/2017 00:00:00,4.66437,4.77713,4.66437,4.72587,2.1728e+006
MBB,8/29/2017 00:00:00,4.71562,4.79763,4.69512,4.70537,4.20628e+006
MBB,8/30/2017 00:00:00,4.74638,4.79763,4.70537,4.75663,2.37648e+006
MBB,8/31/2017 00:00:00,4.77713,4.92065,4.75663,4.86939,6.77257e+006
MBB,9/1/2017 00:00:00,4.90015,4.90015,4.76688,4.80788,3.64119e+006
MBB,9/5/2017 00:00:00,4.79763,4.84889,4.76688,4.78738,2.82812e+006
MBB,9/6/2017 00:00:00,4.77713,4.78738,4.72587,4.78738,2.40613e+006
MBB,9/7/2017 00:00:00,4.77713,4.83864,4.75663,4.75663,2.91373e+006
MBB,9/8/2017 00:00:00,4.75663,4.77713,4.66437,4.66437,4.30496e+006
MBB,9/11/2017 00:00:00,4.63361,4.69512,4.60286,4.60286,3.86489e+006
MBB,9/12/2017 00:00:00,4.59261,4.73612,4.59261,4.71562,6.40413e+006
MBB,9/13/2017 00:00:00,4.73612,4.77713,4.71562,4.71562,1.49424e+006
MBB,9/14/2017 00:00:00,4.74638,4.79763,4.73612,4.73612,2.0648e+006
MBB,9/15/2017 00:00:00,4.73612,4.73612,4.68487,4.69512,1.87936e+006
MBB,9/18/2017 00:00:00,4.71562,4.77713,4.69512,4.71562,2.63741e+006
MBB,9/19/2017 00:00:00,4.71562,4.77713,4.69512,4.69512,2.5677e+006
MBB,9/20/2017 00:00:00,4.69512,4.71562,4.68487,4.70537,1.51088e+006
MBB,9/21/2017 00:00:00,4.70537,4.76688,4.69512,4.74638,2.16583e+006
MBB,9/22/2017 00:00:00,4.75663,4.79763,4.70537,4.70537,3.77962e+006
MBB,9/25/2017 00:00:00,4.70537,4.73612,4.68487,4.69512,2.39335e+006
MBB,9/26/2017 00:00:00,4.69512,4.70537,4.64386,4.66437,2.96314e+006
MBB,9/27/2017 00:00:00,4.67462,4.67462,4.64386,4.65411,1.8352e+006
MBB,9/28/2017 00:00:00,4.66437,4.67462,4.60286,4.62336,6.51094e+006
MBB,9/29/2017 00:00:00,4.68231,4.76842,4.67154,4.68231,2.5986e+006
MBB,10/2/2017 00:00:00,4.68231,4.76842,4.62849,4.65001,1.98113e+006
MBB,10/3/2017 00:00:00,4.67154,4.67154,4.5639,4.63925,1.62106e+006
MBB,10/4/2017 00:00:00,4.65001,4.82224,4.63925,4.82224,3.48774e+006
MBB,10/5/2017 00:00:00,4.85453,4.89758,4.75765,4.75765,4.21617e+006
MBB,10/6/2017 00:00:00,4.75765,4.99446,4.75765,4.97293,7.22775e+006
MBB,10/9/2017 00:00:00,5.04828,5.08057,4.97293,4.99446,5.61275e+006
MBB,10/10/2017 00:00:00,4.97293,5.09133,4.97293,5.02675,5.28562e+006
MBB,10/11/2017 00:00:00,5.02675,5.09133,4.9837,5.01599,3.98147e+006
MBB,10/12/2017 00:00:00,5.03751,5.05904,4.97293,4.97293,4.12273e+006
MBB,10/13/2017 00:00:00,4.97293,5.02675,4.97293,5.02675,3.36948e+006
MBB,10/16/2017 00:00:00,5.08057,5.09133,4.97293,4.97293,3.93319e+006
MBB,10/17/2017 00:00:00,4.97293,5.04828,4.97293,5.04828,5.03691e+006
MBB,10/18/2017 00:00:00,5.06981,5.08057,4.97293,4.97293,4.59356e+006
MBB,10/19/2017 00:00:00,4.97293,4.9837,4.86529,4.86529,6.30406e+006
MBB,10/20/2017 00:00:00,4.86529,4.91911,4.833,4.84376,3.76354e+006
MBB,10/23/2017 00:00:00,4.82224,4.84376,4.73612,4.77918,3.00243e+006
MBB,10/24/2017 00:00:00,4.75765,4.81147,4.75765,4.81147,2.05332e+006
MBB,10/25/2017 00:00:00,4.84376,4.89758,4.833,4.88682,3.46026e+006
MBB,10/26/2017 00:00:00,4.87606,4.89758,4.80071,4.84376,3.02469e+006
MBB,10/27/2017 00:00:00,4.84376,4.9514,4.84376,4.9514,3.10063e+006
MBB,10/30/2017 00:00:00,4.97293,4.99446,4.86529,4.86529,3.70808e+006
MBB,10/31/2017 00:00:00,4.86529,4.94064,4.833,4.86529,3.31433e+006
MBB,11/1/2017 00:00:00,4.87606,4.91911,4.86529,4.87606,2.46744e+006
MBB,11/2/2017 00:00:00,4.90835,4.94064,4.77918,4.833,3.92311e+006
MBB,11/3/2017 00:00:00,4.84376,4.87606,4.81147,4.87606,1.70522e+006
MBB,11/6/2017 00:00:00,4.88682,4.92988,4.86529,4.92988,2.71281e+006
MBB,11/7/2017 00:00:00,4.92988,5.03751,4.90835,5.00522,6.7737e+006
MBB,11/8/2017 00:00:00,5.02675,5.14515,5.01599,5.12363,8.31385e+006
MBB,11/9/2017 00:00:00,5.14515,5.14515,5.04828,5.05904,5.20498e+006
MBB,11/10/2017 00:00:00,5.04828,5.16668,5.00522,5.06981,6.49698e+006
MBB,11/13/2017 00:00:00,5.06981,5.08057,4.96217,4.96217,6.35666e+006
MBB,11/14/2017 00:00:00,4.9837,5.03751,4.88682,4.97293,4.35139e+006
MBB,11/15/2017 00:00:00,4.97293,4.99446,4.91911,4.92988,3.67685e+006
MBB,11/16/2017 00:00:00,4.92988,5.02675,4.91911,5.01599,5.24354e+006
MBB,11/17/2017 00:00:00,5.05904,5.11286,5.01599,5.08057,5.47422e+006
MBB,11/20/2017 00:00:00,5.09133,5.16668,5.05904,5.11286,4.03786e+006
MBB,11/21/2017 00:00:00,5.13439,5.31738,5.1021,5.16668,9.42943e+006
MBB,11/22/2017 00:00:00,5.17745,5.25279,5.14515,5.20974,1.13111e+007
MBB,11/23/2017 00:00:00,5.3389,5.42502,5.20974,5.31738,1.14217e+007
MBB,11/24/2017 00:00:00,5.31738,5.39272,5.25279,5.32814,4.24118e+006
MBB,11/27/2017 00:00:00,5.3389,5.38196,5.25279,5.25279,5.85693e+006
MBB,11/28/2017 00:00:00,5.24203,5.28508,5.18821,5.2205,6.22474e+006
MBB,11/29/2017 00:00:00,5.25279,5.38196,5.2205,5.38196,5.5155e+006
MBB,11/30/2017 00:00:00,5.40349,5.53265,5.40349,5.51113,7.77415e+006
MBB,12/1/2017 00:00:00,5.51113,5.53265,5.46807,5.4896,4.49244e+006
MBB,12/4/2017 00:00:00,5.55418,5.58647,5.52189,5.56495,4.97848e+006
MBB,12/5/2017 00:00:00,5.56495,5.58647,5.36043,5.36043,7.82934e+006
MBB,12/6/2017 00:00:00,5.38196,5.38196,5.24203,5.36043,5.99946e+006
MBB,12/7/2017 00:00:00,5.38196,5.42502,5.29585,5.31738,2.46094e+006
MBB,12/8/2017 00:00:00,5.3389,5.39272,5.28508,5.36043,2.5452e+006
MBB,12/11/2017 00:00:00,5.30661,5.32814,5.16668,5.16668,3.73719e+006
MBB,12/12/2017 00:00:00,5.20974,5.26356,4.81147,5.16668,7.83455e+006
MBB,12/13/2017 00:00:00,5.19897,5.20974,5.00522,5.00522,2.43994e+006
MBB,12/14/2017 00:00:00,5.03751,5.20974,5.01599,5.16668,2.93736e+006
MBB,12/15/2017 00:00:00,5.17745,5.2205,5.14515,5.2205,2.55609e+006
MBB,12/18/2017 00:00:00,5.23127,5.31738,5.2205,5.31738,4.58426e+006
MBB,12/19/2017 00:00:00,5.30661,5.32814,5.24203,5.28508,3.59418e+006
MBB,12/20/2017 00:00:00,5.29585,5.39272,5.25279,5.36043,5.30688e+006
MBB,12/21/2017 00:00:00,5.38196,5.45731,5.34967,5.3712,5.66861e+006
MBB,12/22/2017 00:00:00,5.3712,5.44654,5.32814,5.43578,4.44786e+006
MBB,12/25/2017 00:00:00,5.44654,5.51113,5.36043,5.38196,4.18875e+006
MBB,12/26/2017 00:00:00,5.31738,5.40349,5.30661,5.38196,5.10463e+006
MBB,12/27/2017 00:00:00,5.38196,5.46807,5.36043,5.40349,7.02037e+006
MBB,12/28/2017 00:00:00,5.42502,5.52189,5.39272,5.52189,1.05023e+007
MBB,12/29/2017 00:00:00,5.54342,5.56495,5.46807,5.46807,4.70867e+006
MBB,1/2/2018 00:00:00,5.4896,5.71564,5.45731,5.71564,7.86384e+006
MBB,1/3/2018 00:00:00,5.72641,5.78022,5.64029,5.66182,7.57426e+006
MBB,1/4/2018 00:00:00,5.69411,5.71564,5.62953,5.67259,6.49209e+006
MBB,1/5/2018 00:00:00,5.68335,5.69411,5.58647,5.62953,9.78812e+006
MBB,1/8/2018 00:00:00,5.61877,5.90939,5.608,5.90939,9.18266e+006
MBB,1/9/2018 00:00:00,5.94168,6.0278,5.72641,5.96321,8.88996e+006
MBB,1/10/2018 00:00:00,5.92016,6.04932,5.8771,5.97398,6.60541e+006
MBB,1/11/2018 00:00:00,5.97398,6.11391,5.92016,6.06009,9.78119e+006
MBB,1/12/2018 00:00:00,6.11391,6.20002,5.89863,5.92016,1.09718e+007
MBB,1/15/2018 00:00:00,5.96321,6.12467,5.90939,6.09238,6.34412e+006
MBB,1/16/2018 00:00:00,6.00627,6.1462,5.98474,6.1462,6.07672e+006
MBB,1/17/2018 00:00:00,6.16819,6.27814,6.02525,6.02525,9.34918e+006
MBB,1/18/2018 00:00:00,5.98127,6.15719,5.9153,6.15719,5.47513e+006
MBB,1/19/2018 00:00:00,6.22316,6.22316,6.10222,6.11321,6.43029e+006
MBB,1/22/2018 00:00:00,6.17918,6.19018,6.12421,6.15719,5.13422e+006
MBB,1/25/2018 00:00:00,6.26714,6.586,6.23416,6.53102,1.74335e+007
MBB,1/26/2018 00:00:00,6.59699,6.97082,6.53102,6.92684,8.71583e+006
MBB,1/29/2018 00:00:00,7.0148,7.37764,7.0148,7.27868,8.18559e+006
MBB,1/30/2018 00:00:00,7.05878,7.28968,6.99281,7.21271,7.21508e+006
MBB,1/31/2018 00:00:00,7.03679,7.19072,7.00381,7.0148,8.48899e+006
MBB,2/1/2018 00:00:00,7.0148,7.0148,6.72893,6.75092,5.75685e+006
MBB,2/2/2018 00:00:00,6.75092,6.94883,6.72893,6.81689,5.40466e+006
MBB,2/5/2018 00:00:00,6.66296,6.70694,6.3551,6.37709,6.60855e+006
MBB,2/6/2018 00:00:00,5.93729,6.37709,5.93729,6.11321,1.05844e+007
MBB,2/7/2018 00:00:00,6.46505,6.48704,6.33311,6.42107,4.90557e+006
MBB,2/8/2018 00:00:00,6.37709,6.41008,6.22316,6.22316,1.96511e+006
MBB,2/9/2018 00:00:00,6.00326,6.37709,5.98127,6.3551,4.28338e+006
MBB,2/12/2018 00:00:00,6.59699,6.7949,6.48704,6.7949,4.29202e+006
MBB,2/13/2018 00:00:00,6.86087,7.0148,6.86087,6.92684,5.0077e+006
MBB,2/21/2018 00:00:00,6.97082,7.12475,6.90485,6.97082,4.51656e+006
MBB,2/22/2018 00:00:00,6.81689,7.08077,6.81689,6.93784,5.99941e+006
MBB,2/23/2018 00:00:00,6.94883,7.25669,6.91585,7.25669,8.69016e+006
MBB,2/26/2018 00:00:00,7.34465,7.37764,7.14674,7.15774,8.53726e+006
MBB,2/27/2018 00:00:00,7.19072,7.2347,7.06978,7.21271,4.86188e+006
MBB,2/28/2018 00:00:00,7.11376,7.56455,7.10276,7.56455,1.19674e+007
MBB,3/1/2018 00:00:00,7.47659,7.6745,7.33366,7.4546,7.90638e+006
MBB,3/2/2018 00:00:00,7.32266,7.52057,7.30067,7.52057,4.67747e+006
MBB,3/5/2018 00:00:00,7.58654,7.6855,7.14674,7.14674,5.88362e+006
MBB,3/6/2018 00:00:00,7.25669,7.56455,7.15774,7.47659,6.90253e+006
MBB,3/7/2018 00:00:00,7.49858,7.55356,7.14674,7.25669,8.14371e+006
MBB,3/8/2018 00:00:00,7.30067,7.36664,7.2457,7.26769,3.87719e+006
MBB,3/9/2018 00:00:00,7.39963,7.43261,7.30067,7.36664,4.01536e+006
MBB,3/12/2018 00:00:00,7.47659,7.54256,7.42162,7.43261,6.5812e+006
MBB,3/13/2018 00:00:00,7.43261,7.63052,7.38863,7.63052,6.11091e+006
MBB,3/14/2018 00:00:00,7.71848,7.78445,7.63052,7.65251,8.1405e+006
MBB,3/15/2018 00:00:00,7.63052,8.00435,7.60853,7.9054,7.34913e+006
MBB,3/16/2018 00:00:00,7.93838,8.01535,7.76246,7.91639,5.95449e+006
MBB,3/19/2018 00:00:00,7.91639,8.05933,7.85042,7.8944,9.8717e+006
MBB,3/20/2018 00:00:00,7.80644,8.08132,7.80644,8.00435,8.62704e+006
MBB,3/21/2018 00:00:00,8.07032,8.14729,8.02634,8.09231,6.52948e+006
MBB,3/22/2018 00:00:00,8.09231,8.1143,7.88341,7.91639,7.0305e+006
MBB,3/23/2018 00:00:00,7.69649,7.80644,7.57555,7.80644,9.9187e+006
MBB,3/26/2018 00:00:00,7.71848,7.87241,7.71848,7.87241,4.67631e+006
MBB,3/27/2018 00:00:00,8.00435,8.00435,7.85042,7.87241,4.89566e+006
MBB,3/28/2018 00:00:00,7.82843,7.88341,7.74047,7.78445,4.04433e+006
MBB,3/29/2018 00:00:00,7.85042,7.85042,7.58654,7.74047,3.43014e+006
MBB,3/30/2018 00:00:00,7.76246,7.78445,7.55356,7.63052,4.70877e+006
MBB,4/2/2018 00:00:00,7.63052,7.9054,7.63052,7.87241,4.87161e+006
MBB,4/3/2018 00:00:00,7.96037,8.07032,7.87241,8.07032,9.81267e+006
MBB,4/4/2018 00:00:00,8.13629,8.23525,8.02634,8.02634,7.14083e+006
MBB,4/5/2018 00:00:00,8.1143,8.1143,8.01535,8.07032,4.12494e+006
MBB,4/6/2018 00:00:00,8.1143,8.14729,8.03734,8.04833,4.48139e+006
MBB,4/9/2018 00:00:00,8.05933,8.13629,7.91639,8.09231,7.91606e+006
MBB,4/10/2018 00:00:00,8.1143,8.22425,7.8944,8.03734,8.56628e+006
MBB,4/11/2018 00:00:00,8.05933,8.05933,7.74047,7.74047,9.92456e+006
MBB,4/12/2018 00:00:00,7.6745,7.76246,7.58654,7.65251,7.91428e+006
MBB,4/13/2018 00:00:00,7.71848,7.76246,7.27868,7.27868,7.11903e+006
MBB,4/16/2018 00:00:00,7.32266,7.48759,7.27868,7.38863,6.95953e+006
MBB,4/17/2018 00:00:00,7.4546,7.58654,7.37764,7.58654,4.3655e+006
MBB,4/18/2018 00:00:00,7.61953,7.63052,7.39963,7.39963,3.0622e+006
MBB,4/19/2018 00:00:00,7.38863,7.39963,6.97082,7.0148,8.81438e+006
MBB,4/20/2018 00:00:00,7.14674,7.25669,6.97082,7.22371,5.58189e+006
MBB,4/23/2018 00:00:00,7.2457,7.25669,6.72893,6.72893,8.28113e+006
MBB,4/24/2018 00:00:00,6.67396,6.83888,6.50903,6.71794,6.26218e+006
MBB,4/26/2018 00:00:00,6.76192,6.77291,6.26714,6.26714,7.32548e+006
MBB,4/27/2018 00:00:00,6.26714,6.59699,6.26714,6.575,5.01489e+006
MBB,5/2/2018 00:00:00,6.59699,6.65197,6.15719,6.44306,4.91312e+006
MBB,5/3/2018 00:00:00,6.33311,6.65197,6.17918,6.65197,6.60009e+006
MBB,5/4/2018 00:00:00,6.70694,6.7949,6.61898,6.75092,4.18797e+006
MBB,5/7/2018 00:00:00,6.81689,7.11376,6.75092,7.08077,5.165e+006
MBB,5/8/2018 00:00:00,7.03679,7.10276,6.90485,6.92684,5.25813e+006
MBB,5/9/2018 00:00:00,6.90485,7.0148,6.8059,6.86087,3.69563e+006
MBB,5/10/2018 00:00:00,6.81689,6.87187,6.47605,6.49804,5.5686e+006
MBB,5/11/2018 00:00:00,6.44306,6.71794,6.3661,6.71794,3.36483e+006
MBB,5/14/2018 00:00:00,6.7949,6.81689,6.62998,6.81689,2.87442e+006
MBB,5/15/2018 00:00:00,6.78391,6.93784,6.75092,6.81689,4.37235e+006
MBB,5/16/2018 00:00:00,6.76192,6.81689,6.62998,6.66296,2.47024e+006
MBB,5/17/2018 00:00:00,6.66296,6.70694,6.55301,6.575,3.59605e+006
MBB,5/18/2018 00:00:00,6.59699,6.66296,6.31112,6.66296,3.84316e+006
MBB,5/21/2018 00:00:00,6.72893,6.72893,6.50903,6.50903,2.70938e+006
MBB,5/22/2018 00:00:00,6.42107,6.49804,6.15719,6.33311,5.4787e+006
MBB,5/23/2018 00:00:00,6.26714,6.48704,6.23416,6.44306,3.37368e+006
MBB,5/24/2018 00:00:00,6.44306,6.53102,6.33311,6.43207,3.47703e+006
MBB,5/25/2018 00:00:00,6.43207,6.49804,6.20117,6.20117,3.66246e+006
MBB,5/28/2018 00:00:00,6.06923,6.20117,5.77237,5.78336,8.79265e+006
MBB,5/29/2018 00:00:00,5.89331,6.17918,5.78336,6.17918,6.32456e+006
MBB,5/30/2018 00:00:00,6.15719,6.23416,6.02525,6.05824,3.88735e+006
MBB,5/31/2018 00:00:00,6.02525,6.41008,6.02525,6.39908,4.83522e+006
MBB,6/1/2018 00:00:00,6.3551,6.53102,6.31112,6.43207,6.56612e+006
MBB,6/4/2018 00:00:00,6.39908,6.69595,6.37709,6.69595,6.75268e+006
MBB,6/5/2018 00:00:00,6.68495,6.77291,6.55301,6.69595,5.43215e+006
MBB,6/6/2018 00:00:00,6.61898,6.76192,6.575,6.71794,7.34958e+006
MBB,6/7/2018 00:00:00,6.77291,6.90485,6.72893,6.7949,9.37525e+006
MBB,6/8/2018 00:00:00,6.68495,6.81689,6.59699,6.76192,4.83709e+006
MBB,6/11/2018 00:00:00,6.68495,6.84988,6.65197,6.66296,5.6907e+006
MBB,6/12/2018 00:00:00,6.59699,6.61898,6.30013,6.47605,1.10243e+007
MBB,6/13/2018 00:00:00,6.46505,6.53102,6.33311,6.48704,4.11332e+006
MBB,6/14/2018 00:00:00,6.48704,6.50903,6.28913,6.28913,3.07635e+006
MBB,6/15/2018 00:00:00,6.22316,6.48704,6.22316,6.46505,3.78379e+006
MBB,6/18/2018 00:00:00,6.47605,6.52003,6.1352,6.15719,5.70953e+006
MBB,6/19/2018 00:00:00,6.04724,6.08023,5.73938,6.04724,8.2015e+006
MBB,6/20/2018 00:00:00,6.11321,6.21217,6.01426,6.1352,4.82172e+006
MBB,6/21/2018 00:00:00,6.1352,6.1352,5.93729,5.95928,2.53179e+006
MBB,6/22/2018 00:00:00,5.9153,6.1352,5.84933,6.1352,3.26085e+006
MBB,6/25/2018 00:00:00,6.20117,6.28913,6.16819,6.20117,3.92067e+006
MBB,6/26/2018 00:00:00,6.10222,6.17918,6.04724,6.1352,2.51867e+006
MBB,6/27/2018 00:00:00,6.15719,6.17918,6.00326,6.00326,2.26881e+006
MBB,6/28/2018 00:00:00,5.9153,6.00326,5.78336,5.82734,5.50958e+006
MBB,6/29/2018 00:00:00,5.82734,5.9153,5.73938,5.76137,3.53637e+006
MBB,7/2/2018 00:00:00,5.62943,5.75038,5.43152,5.46451,5.98092e+006
MBB,7/3/2018 00:00:00,5.4755,5.53048,5.14565,5.15665,6.58928e+006
MBB,7/4/2018 00:00:00,5.27759,5.28859,5.13466,5.2556,3.29664e+006
MBB,7/5/2018 00:00:00,5.2556,5.29958,4.95874,4.95874,4.55116e+006
MBB,7/6/2018 00:00:00,5.02427,5.29903,4.95885,5.29903,5.39679e+006
MBB,7/9/2018 00:00:00,5.44296,5.53455,5.27287,5.33829,4.21163e+006
MBB,7/10/2018 00:00:00,5.42987,5.48221,5.33829,5.39062,3.23036e+006
MBB,7/11/2018 00:00:00,5.18128,5.25978,5.03735,5.07661,5.39167e+006
MBB,7/12/2018 00:00:00,5.10277,5.39062,5.06352,5.28595,3.51336e+006
MBB,7/13/2018 00:00:00,5.41679,5.52146,5.36445,5.44296,5.87991e+006
MBB,7/16/2018 00:00:00,5.58688,5.66539,5.50838,5.59997,6.7144e+006
MBB,7/17/2018 00:00:00,5.50838,5.88782,5.4953,5.84856,6.05354e+006
MBB,7/18/2018 00:00:00,5.87473,6.07099,5.86165,6.04482,6.03931e+006
MBB,7/19/2018 00:00:00,6.01866,6.04482,5.88782,5.91398,7.10867e+006
MBB,7/20/2018 00:00:00,5.86165,6.1495,5.75698,6.09716,8.81998e+006
MBB,7/23/2018 00:00:00,6.08408,6.21492,5.9794,5.9794,5.95589e+006
MBB,7/24/2018 00:00:00,5.95324,6.03174,5.80931,5.91398,4.71958e+006
MBB,7/25/2018 00:00:00,5.96632,6.00557,5.75698,5.75698,5.50456e+006
MBB,7/26/2018 00:00:00,5.75698,5.88782,5.66539,5.88782,4.37319e+006
MBB,7/27/2018 00:00:00,5.92707,6.08408,5.87473,6.01866,7.21764e+006
MBB,7/30/2018 00:00:00,6.09716,6.1495,6.05791,6.1495,4.11761e+006
MBB,7/31/2018 00:00:00,6.07099,6.25417,6.01866,6.13641,6.22303e+006
MBB,8/1/2018 00:00:00,6.09716,6.17566,5.99249,6.04482,4.81674e+006
MBB,8/2/2018 00:00:00,6.03174,6.03174,5.86165,6.00557,5.10609e+006
MBB,8/3/2018 00:00:00,6.07099,6.13641,6.00557,6.04482,4.46349e+006
MBB,8/6/2018 00:00:00,5.99249,6.09716,5.95324,5.9794,3.45814e+006
MBB,8/7/2018 00:00:00,5.96632,6.08408,5.91398,5.96632,4.09405e+006
MBB,8/8/2018 00:00:00,6.01866,6.1495,5.9794,6.09716,5.2877e+006
MBB,8/9/2018 00:00:00,6.18875,6.228,6.05791,6.05791,6.67375e+006
MBB,8/10/2018 00:00:00,6.04482,6.08408,5.99249,6.08408,4.50269e+006
MBB,8/13/2018 00:00:00,6.05791,6.37193,6.03174,6.37193,1.29619e+007
MBB,8/14/2018 00:00:00,6.37193,6.41118,6.24109,6.24109,6.32305e+006
MBB,8/15/2018 00:00:00,6.25417,6.33267,6.09716,6.09716,1.08376e+007
MBB,8/16/2018 00:00:00,6.01866,6.20183,5.96632,6.20183,7.55202e+006
MBB,8/17/2018 00:00:00,6.25417,6.26725,6.12333,6.12333,4.89852e+006
MBB,8/20/2018 00:00:00,6.12333,6.16258,5.99249,5.99249,5.17512e+006
MBB,8/21/2018 00:00:00,5.9794,6.13641,5.9794,6.13641,5.12732e+006
MBB,8/22/2018 00:00:00,6.20183,6.20183,6.09716,6.12333,5.42238e+006
MBB,8/23/2018 00:00:00,6.12333,6.16258,6.09716,6.13641,3.7181e+006
MBB,8/24/2018 00:00:00,6.1495,6.21492,6.01866,6.1495,6.5704e+006
MBB,8/27/2018 00:00:00,6.20183,6.31959,6.16258,6.25417,1.13286e+007
MBB,8/28/2018 00:00:00,6.29342,6.34576,6.228,6.25417,6.16199e+006
MBB,8/29/2018 00:00:00,6.25417,6.26725,6.18875,6.21492,4.08041e+006
MBB,8/30/2018 00:00:00,6.20183,6.31959,6.18875,6.30651,6.52016e+006
MBB,8/31/2018 00:00:00,6.33267,6.38501,6.20183,6.20183,6.53154e+006
MBB,9/4/2018 00:00:00,6.17566,6.21492,6.04482,6.04482,6.86268e+006
MBB,9/5/2018 00:00:00,6.01866,6.07099,5.91398,5.95324,7.09577e+006
MBB,9/6/2018 00:00:00,5.95324,6.00557,5.84856,5.87473,4.31374e+006
MBB,9/7/2018 00:00:00,5.87473,5.9794,5.86165,5.9794,3.70344e+006
MBB,9/10/2018 00:00:00,5.9794,5.99249,5.9009,5.92707,2.73562e+006
MBB,9/11/2018 00:00:00,5.92707,6.01866,5.91398,6.01866,3.73166e+006
MBB,9/12/2018 00:00:00,6.04482,6.07099,5.95324,5.95324,3.31814e+006
MBB,9/13/2018 00:00:00,5.99249,6.04482,5.95324,5.96632,3.45151e+006
MBB,9/14/2018 00:00:00,5.96632,5.99249,5.86165,5.91398,1.0571e+007
MBB,9/17/2018 00:00:00,5.88782,5.91398,5.75698,5.78314,8.46169e+006
MBB,9/18/2018 00:00:00,5.70464,5.79623,5.67847,5.78314,5.67528e+006
MBB,9/19/2018 00:00:00,5.78314,5.9009,5.78314,5.86165,5.65751e+006
MBB,9/20/2018 00:00:00,5.86165,5.94015,5.84856,5.91398,4.03694e+006
MBB,9/21/2018 00:00:00,5.94015,6.03174,5.9009,6.00557,8.95294e+006
MBB,9/24/2018 00:00:00,6.04482,6.12333,6.04482,6.07099,6.8265e+006
MBB,9/25/2018 00:00:00,6.07099,6.09716,5.99249,5.99249,5.97342e+006
MBB,9/26/2018 00:00:00,5.9794,6.08408,5.96632,6.01866,5.56675e+006
MBB,9/27/2018 00:00:00,6.04482,6.04482,5.99249,6.01866,4.36339e+006
MBB,9/28/2018 00:00:00,6.01866,6.12333,6.00557,6.04482,7.39559e+006
MBB,10/1/2018 00:00:00,6.04482,6.12333,6.00557,6.04482,5.22019e+006
MBB,10/2/2018 00:00:00,6.04482,6.05791,5.9794,5.99249,4.89235e+006
MBB,10/3/2018 00:00:00,6.00557,6.04482,5.99249,6.04482,3.42012e+006
MBB,10/4/2018 00:00:00,6.08408,6.35884,6.07099,6.28034,2.14543e+007
MBB,10/5/2018 00:00:00,6.28034,6.34576,6.20183,6.20183,7.42307e+006
MBB,10/8/2018 00:00:00,6.17566,6.24109,6.1495,6.21492,5.1227e+006
MBB,10/9/2018 00:00:00,6.21492,6.228,6.03174,6.03174,1.28512e+007
MBB,10/10/2018 00:00:00,5.99249,6.00557,5.87473,5.95324,1.1205e+007
MBB,10/11/2018 00:00:00,5.75698,5.80931,5.56072,5.56072,1.07866e+007
MBB,10/12/2018 00:00:00,5.4953,5.74389,5.4953,5.70464,8.48223e+006
MBB,10/15/2018 00:00:00,5.73081,5.73081,5.5738,5.5738,4.25117e+006
MBB,10/16/2018 00:00:00,5.5738,5.73081,5.5738,5.69156,3.52587e+006
MBB,10/17/2018 00:00:00,5.75698,5.78314,5.63922,5.66539,7.0543e+006
MBB,10/18/2018 00:00:00,5.66539,5.66539,5.53455,5.53455,4.18113e+006
MBB,10/19/2018 00:00:00,5.44296,5.58688,5.41679,5.4953,4.18412e+006
MBB,10/22/2018 00:00:00,5.63922,5.67847,5.52146,5.52146,3.92576e+006
MBB,10/23/2018 00:00:00,5.52146,5.6523,5.45604,5.59997,7.564e+006
MBB,10/24/2018 00:00:00,5.59997,5.6523,5.50838,5.50838,3.2119e+006
MBB,10/25/2018 00:00:00,5.33829,5.50838,5.3252,5.4953,5.38615e+006
MBB,10/26/2018 00:00:00,5.54763,5.61305,5.46913,5.50838,5.23006e+006
MBB,10/29/2018 00:00:00,5.4953,5.5738,5.48221,5.56072,3.86153e+006
MBB,10/30/2018 00:00:00,5.56072,5.67847,5.53455,5.58688,5.45791e+006
MBB,10/31/2018 00:00:00,5.67847,5.73081,5.62614,5.73081,5.03793e+006
MBB,11/1/2018 00:00:00,5.70464,5.73081,5.62614,5.62614,2.78746e+006
MBB,11/2/2018 00:00:00,5.67847,5.79623,5.63922,5.70464,4.29086e+006
MBB,11/5/2018 00:00:00,5.67847,5.74389,5.63922,5.71772,3.07723e+006
MBB,11/6/2018 00:00:00,5.75698,5.75698,5.62614,5.62614,3.58101e+006
MBB,11/7/2018 00:00:00,5.66539,5.66539,5.58688,5.62614,2.78365e+006
MBB,11/8/2018 00:00:00,5.70464,5.70464,5.59997,5.59997,2.1477e+006
MBB,11/9/2018 00:00:00,5.61305,5.61305,5.45604,5.46913,4.47158e+006
MBB,11/12/2018 00:00:00,5.36445,5.48221,5.36445,5.44296,1.64335e+006
MBB,11/13/2018 00:00:00,5.36445,5.41679,5.33829,5.37754,2.82725e+006
MBB,11/14/2018 00:00:00,5.37754,5.41679,5.25978,5.29903,3.92221e+006
MBB,11/15/2018 00:00:00,5.29903,5.46913,5.29903,5.35137,3.29902e+006
MBB,11/16/2018 00:00:00,5.41679,5.58688,5.41679,5.56072,5.1743e+006
MBB,11/19/2018 00:00:00,5.56072,5.58688,5.4953,5.5738,3.22778e+006
MBB,11/20/2018 00:00:00,5.50838,5.54763,5.46913,5.52146,3.8283e+006
MBB,11/21/2018 00:00:00,5.46913,5.58688,5.46913,5.58688,5.09152e+006
MBB,11/22/2018 00:00:00,5.5738,5.59997,5.53455,5.54763,4.18002e+006
MBB,11/23/2018 00:00:00,5.54763,5.54763,5.48221,5.48221,4.1048e+006
MBB,11/26/2018 00:00:00,5.48221,5.48221,5.44296,5.44296,2.62887e+006
MBB,11/27/2018 00:00:00,5.48221,5.4953,5.37754,5.40371,4.04346e+006
MBB,11/28/2018 00:00:00,5.41679,5.45604,5.39062,5.45604,2.21932e+006
MBB,11/29/2018 00:00:00,5.45604,5.52146,5.44296,5.46913,4.28392e+006
MBB,11/30/2018 00:00:00,5.44296,5.74389,5.44296,5.63922,1.95731e+007
MBB,12/3/2018 00:00:00,5.66539,5.80931,5.66539,5.79623,1.02882e+007
MBB,12/4/2018 00:00:00,5.78314,5.80931,5.73081,5.75698,7.70699e+006
MBB,12/5/2018 00:00:00,5.67847,5.86165,5.63922,5.80931,1.28894e+007
MBB,12/6/2018 00:00:00,5.80931,5.91398,5.77006,5.88782,1.63034e+007
MBB,12/7/2018 00:00:00,5.9009,5.99249,5.88782,5.88782,1.14015e+007
MBB,12/10/2018 00:00:00,5.83548,5.87473,5.74389,5.78314,7.87826e+006
MBB,12/11/2018 00:00:00,5.79623,5.83548,5.73081,5.8224,8.85393e+006
MBB,12/12/2018 00:00:00,5.8224,5.9009,5.8224,5.88782,6.20291e+006
MBB,12/13/2018 00:00:00,5.91398,5.92707,5.80931,5.80931,6.75662e+006
MBB,12/14/2018 00:00:00,5.78314,5.79623,5.67847,5.70464,8.48085e+006
MBB,12/17/2018 00:00:00,5.6523,5.67847,5.56072,5.56072,9.39602e+006
MBB,12/18/2018 00:00:00,5.46913,5.5738,5.45604,5.5738,8.8518e+006
MBB,12/19/2018 00:00:00,5.5738,5.5738,5.46913,5.53455,6.09482e+006
MBB,12/20/2018 00:00:00,5.50838,5.56072,5.46913,5.48221,3.78914e+006
MBB,12/21/2018 00:00:00,5.45604,5.48221,5.40371,5.48221,4.78319e+006
MBB,12/24/2018 00:00:00,5.46913,5.50838,5.35137,5.35137,4.25686e+006
MBB,12/25/2018 00:00:00,5.19436,5.25978,5.06352,5.15511,1.02599e+007
MBB,12/26/2018 00:00:00,5.16819,5.20745,5.12894,5.12894,2.69834e+006
MBB,12/27/2018 00:00:00,5.23361,5.25978,5.11586,5.15511,5.29511e+006
MBB,12/28/2018 00:00:00,5.20745,5.20745,5.08969,5.08969,5.39887e+006
MBB,1/2/2019 00:00:00,5.10277,5.15511,5.06352,5.06352,3.64549e+006
MBB,1/3/2019 00:00:00,5.07661,5.07661,4.84109,4.84109,8.56065e+006
MBB,1/4/2019 00:00:00,4.81493,4.94577,4.72334,4.86726,6.05797e+006
MBB,1/7/2019 00:00:00,4.97193,5.03735,4.94577,4.95885,4.1392e+006
MBB,1/8/2019 00:00:00,4.97193,4.9981,4.90651,4.93268,3.17219e+006
MBB,1/9/2019 00:00:00,4.97193,5.08969,4.95885,5.06352,5.91411e+006
MBB,1/10/2019 00:00:00,5.06352,5.10277,5.03735,5.06352,2.88565e+006
MBB,1/11/2019 00:00:00,5.06352,5.08969,5.01119,5.03735,3.32677e+006
MBB,1/14/2019 00:00:00,5.01119,5.05044,4.94577,4.97193,4.7542e+006
MBB,1/15/2019 00:00:00,4.97193,5.14203,4.97193,5.10277,5.90824e+006
MBB,1/16/2019 00:00:00,5.12894,5.16819,5.06352,5.08969,2.50589e+006
MBB,1/17/2019 00:00:00,5.08969,5.23361,5.08969,5.16819,6.67558e+006
MBB,1/18/2019 00:00:00,5.19436,5.20745,5.12894,5.16819,3.04127e+006
MBB,1/21/2019 00:00:00,5.36445,5.52146,5.31212,5.4953,9.97087e+006
MBB,1/22/2019 00:00:00,5.4953,5.50838,5.39062,5.39062,5.70076e+006
MBB,1/23/2019 00:00:00,5.37754,5.44296,5.36445,5.41679,2.45854e+006
MBB,1/24/2019 00:00:00,5.42987,5.54763,5.41679,5.54763,4.91214e+006
MBB,1/25/2019 00:00:00,5.54763,5.5738,5.50838,5.53455,3.31093e+006
MBB,1/28/2019 00:00:00,5.52146,5.54763,5.48221,5.50838,2.87364e+006
MBB,1/29/2019 00:00:00,5.4953,5.58688,5.44296,5.5738,3.96656e+006
MBB,1/30/2019 00:00:00,5.5738,5.71772,5.54763,5.70464,6.71641e+006
MBB,1/31/2019 00:00:00,5.75698,5.79623,5.71772,5.73081,7.34019e+006
MBB,2/1/2019 00:00:00,5.70464,5.74389,5.67847,5.71772,3.94752e+006
MBB,2/11/2019 00:00:00,5.74389,5.78314,5.73081,5.77006,4.23889e+006
MBB,2/12/2019 00:00:00,5.79623,5.79623,5.67847,5.75698,8.16322e+006
MBB,2/13/2019 00:00:00,5.75698,5.78314,5.74389,5.75698,7.79368e+006
MBB,2/14/2019 00:00:00,5.75698,5.78314,5.74389,5.78314,5.05242e+006
MBB,2/15/2019 00:00:00,5.78314,5.79623,5.75698,5.77006,4.79558e+006
MBB,2/18/2019 00:00:00,5.78314,5.80931,5.77006,5.78314,6.66549e+006
MBB,2/19/2019 00:00:00,5.78314,5.78314,5.73081,5.74389,1.36469e+007
MBB,2/20/2019 00:00:00,5.70464,5.77006,5.70464,5.77006,9.69417e+006
MBB,2/21/2019 00:00:00,5.75698,5.78314,5.74389,5.78314,7.99897e+006
MBB,2/22/2019 00:00:00,5.78314,5.99249,5.75698,5.88782,7.44976e+006
MBB,2/25/2019 00:00:00,5.91398,5.96632,5.87473,5.87473,4.96374e+006
MBB,2/26/2019 00:00:00,5.87473,5.87473,5.77006,5.77006,6.79002e+006
MBB,2/27/2019 00:00:00,5.77006,5.80931,5.75698,5.77006,1.17679e+007
MBB,2/28/2019 00:00:00,5.75698,5.77006,5.62614,5.62614,5.83753e+006
MBB,3/1/2019 00:00:00,5.66539,5.71772,5.63922,5.70464,2.61016e+006
MBB,3/4/2019 00:00:00,5.70464,5.79623,5.69156,5.79623,3.66911e+006
MBB,3/5/2019 00:00:00,5.77006,5.86165,5.77006,5.79623,4.78688e+006
MBB,3/6/2019 00:00:00,5.79623,5.83548,5.75698,5.79623,2.29012e+006
MBB,3/7/2019 00:00:00,5.79623,5.83548,5.78314,5.80931,3.16481e+006
MBB,3/8/2019 00:00:00,5.75698,5.78314,5.70464,5.71772,3.27741e+006
MBB,3/11/2019 00:00:00,5.74389,5.74389,5.69156,5.70464,1.52957e+006
MBB,3/12/2019 00:00:00,5.74389,5.91398,5.67847,5.9009,6.79742e+006
MBB,3/13/2019 00:00:00,5.91398,5.96632,5.88782,5.91398,6.02441e+006
MBB,3/14/2019 00:00:00,5.94015,5.96632,5.88782,5.88782,3.44949e+006
MBB,3/15/2019 00:00:00,5.88782,5.94015,5.84856,5.88782,3.22451e+006
MBB,3/18/2019 00:00:00,5.91398,5.96632,5.88782,5.95324,4.74638e+006
MBB,3/19/2019 00:00:00,5.9794,6.03174,5.91398,5.92707,6.44036e+006
MBB,3/20/2019 00:00:00,5.95324,6.00557,5.88782,6.00557,7.97957e+006
MBB,3/21/2019 00:00:00,6.04482,6.09716,5.96632,5.96632,7.80303e+006
MBB,3/22/2019 00:00:00,6.00557,6.04482,5.95324,5.99249,4.10348e+006
MBB,3/25/2019 00:00:00,5.86165,5.9009,5.77006,5.79623,6.61229e+006
MBB,3/26/2019 00:00:00,5.83548,5.88782,5.79623,5.79623,4.29511e+006
MBB,3/27/2019 00:00:00,5.80931,5.91398,5.80931,5.86165,2.46789e+006
MBB,3/28/2019 00:00:00,5.83548,5.88782,5.83548,5.86165,1.74583e+006
MBB,3/29/2019 00:00:00,5.87473,5.9009,5.84856,5.86165,2.49029e+006
MBB,4/1/2019 00:00:00,5.87473,5.9009,5.83548,5.86165,1.77646e+006
MBB,4/2/2019 00:00:00,5.9009,5.91398,5.84856,5.87473,3.13052e+006
MBB,4/3/2019 00:00:00,5.84856,5.9009,5.84856,5.88782,3.31086e+006
MBB,4/4/2019 00:00:00,5.91398,5.95324,5.9009,5.92707,3.20559e+006
MBB,4/5/2019 00:00:00,6.00771,6.02115,5.95395,5.95395,2.88115e+006
MBB,4/8/2019 00:00:00,5.95395,6.00771,5.92707,6.00771,3.34137e+006
MBB,4/9/2019 00:00:00,6.02115,6.03459,5.94051,5.98083,2.97971e+006
MBB,4/10/2019 00:00:00,5.92707,5.96739,5.88675,5.90019,2.36922e+006
MBB,4/11/2019 00:00:00,5.90019,5.92707,5.87331,5.91363,1.40286e+006
MBB,4/12/2019 00:00:00,5.94051,5.94051,5.87331,5.88675,1.0624e+006
MBB,4/16/2019 00:00:00,5.73891,5.83299,5.73891,5.77923,2.83182e+006
MBB,4/17/2019 00:00:00,5.81955,5.84643,5.77923,5.77923,2.73606e+006
MBB,4/18/2019 00:00:00,5.77923,5.87331,5.75235,5.79267,3.9131e+006
MBB,4/19/2019 00:00:00,5.80611,5.83299,5.76579,5.80611,1.79686e+006
MBB,4/22/2019 00:00:00,5.81955,5.81955,5.68515,5.75235,2.98612e+006
MBB,4/23/2019 00:00:00,5.72547,5.76579,5.69859,5.72547,2.00722e+006
MBB,4/24/2019 00:00:00,5.73891,5.77923,5.72547,5.77923,1.5725e+006
MBB,4/25/2019 00:00:00,5.77923,5.80611,5.75235,5.77923,1.11969e+006
MBB,4/26/2019 00:00:00,5.77923,5.85987,5.75235,5.85987,2.17104e+006
MBB,5/2/2019 00:00:00,5.87331,5.94051,5.85987,5.88675,2.9275e+006
MBB,5/3/2019 00:00:00,5.88675,5.95395,5.83299,5.94051,3.6217e+006
MBB,5/6/2019 00:00:00,5.84643,5.85987,5.73891,5.77923,3.47699e+006
MBB,5/7/2019 00:00:00,5.81955,5.83299,5.76579,5.76579,1.28931e+006
MBB,5/8/2019 00:00:00,5.67171,5.76579,5.67171,5.72547,2.56589e+006
MBB,5/9/2019 00:00:00,5.72547,5.76579,5.59107,5.64483,4.12552e+006
MBB,5/10/2019 00:00:00,5.64483,5.69859,5.59107,5.61795,3.157e+006
MBB,5/13/2019 00:00:00,5.63139,5.73891,5.60451,5.71203,2.83473e+006
MBB,5/14/2019 00:00:00,5.64483,5.72547,5.64483,5.72547,1.52245e+006
MBB,5/15/2019 00:00:00,5.71203,5.80611,5.71203,5.76579,2.58907e+006
MBB,5/16/2019 00:00:00,5.77923,5.77923,5.72547,5.72547,1.55728e+006
MBB,5/17/2019 00:00:00,5.72547,5.75235,5.67171,5.69859,1.49002e+006
MBB,5/20/2019 00:00:00,5.65827,5.73891,5.65827,5.68515,2.5784e+006
MBB,5/21/2019 00:00:00,5.69859,5.75235,5.68515,5.72547,2.36118e+006
MBB,5/22/2019 00:00:00,5.72547,5.87331,5.71203,5.79267,4.81655e+006
MBB,5/23/2019 00:00:00,5.77923,5.84643,5.77923,5.81955,1.84414e+006
MBB,5/24/2019 00:00:00,5.81955,5.83299,5.73891,5.73891,2.6679e+006
MBB,5/27/2019 00:00:00,5.73891,5.75235,5.71203,5.72547,1.48586e+006
MBB,5/28/2019 00:00:00,5.72547,5.75235,5.69859,5.73891,1.6533e+006
MBB,5/29/2019 00:00:00,5.73891,5.73891,5.68515,5.69859,1.49784e+006
MBB,5/30/2019 00:00:00,5.67171,5.73891,5.67171,5.68515,1.29204e+006
MBB,5/31/2019 00:00:00,5.67171,5.69859,5.60451,5.60451,2.3574e+006
MBB,6/3/2019 00:00:00,5.56419,5.59107,5.47011,5.47011,2.17682e+006
MBB,6/4/2019 00:00:00,5.49699,5.51043,5.45667,5.47011,1.46989e+006
MBB,6/5/2019 00:00:00,5.51043,5.53731,5.44323,5.44323,1.77534e+006
MBB,6/6/2019 00:00:00,5.44323,5.51043,5.40291,5.42979,1.80184e+006
MBB,6/7/2019 00:00:00,5.47011,5.52387,5.47011,5.52387,1.05487e+006
MBB,6/10/2019 00:00:00,5.59107,5.60451,5.51043,5.53731,1.59179e+006
MBB,6/11/2019 00:00:00,5.53731,5.57763,5.53731,5.56419,1.06635e+006
MBB,6/12/2019 00:00:00,5.55075,5.57763,5.53731,5.53731,875510
MBB,6/13/2019 00:00:00,5.51043,5.55075,5.48355,5.53731,866620
MBB,6/14/2019 00:00:00,5.53731,5.63139,5.52387,5.56419,1.52435e+006
MBB,6/17/2019 00:00:00,5.59107,5.60451,5.55075,5.56419,1.36111e+006
MBB,6/18/2019 00:00:00,5.56419,5.57763,5.53731,5.53731,736810
MBB,6/19/2019 00:00:00,5.56419,5.59107,5.53731,5.55075,1.27167e+006
MBB,6/20/2019 00:00:00,5.55075,5.72547,5.55075,5.72547,2.94705e+006
MBB,6/21/2019 00:00:00,5.72547,5.76579,5.69859,5.72547,2.15233e+006
MBB,6/24/2019 00:00:00,5.72547,5.73891,5.69859,5.72547,1.50913e+006
MBB,6/25/2019 00:00:00,5.71203,5.72547,5.65827,5.67171,1.32716e+006
MBB,6/26/2019 00:00:00,5.65827,5.69859,5.60451,5.60451,2.78711e+006
MBB,6/27/2019 00:00:00,5.60451,5.64483,5.53731,5.53731,2.13418e+006
MBB,6/28/2019 00:00:00,5.56419,5.61795,5.48355,5.61795,2.43686e+006
MBB,7/1/2019 00:00:00,5.64483,5.69859,5.63139,5.68515,2.2875e+006
MBB,7/2/2019 00:00:00,5.68515,5.72547,5.64483,5.68515,2.05974e+006
MBB,7/3/2019 00:00:00,5.67171,5.68515,5.61795,5.64483,1.83608e+006
MBB,7/4/2019 00:00:00,5.68515,5.72547,5.65827,5.68515,2.99086e+006
MBB,7/5/2019 00:00:00,5.69859,5.75235,5.69859,5.72547,2.64458e+006
MBB,7/8/2019 00:00:00,5.71203,5.75235,5.64483,5.67171,2.39744e+006
MBB,7/9/2019 00:00:00,5.67171,5.71203,5.64483,5.69859,1.68715e+006
MBB,7/10/2019 00:00:00,5.72547,5.76579,5.67171,5.67171,2.5508e+006
MBB,7/11/2019 00:00:00,5.69859,5.76579,5.67171,5.75235,2.7325e+006
MBB,7/12/2019 00:00:00,5.76579,5.84643,5.73891,5.73891,5.29204e+006
MBB,7/15/2019 00:00:00,5.76579,5.77923,5.71203,5.76579,2.86925e+006
MBB,7/16/2019 00:00:00,5.79267,5.90019,5.79267,5.84643,4.95734e+006
MBB,7/17/2019 00:00:00,5.85987,5.96739,5.83299,5.94051,8.0065e+006
MBB,7/18/2019 00:00:00,5.88675,5.96739,5.88675,5.96739,5.14215e+006
MBB,7/19/2019 00:00:00,6.02115,6.03459,5.96739,5.96739,4.65048e+006
MBB,7/22/2019 00:00:00,5.99427,6.07491,5.95395,5.96739,5.78583e+006
MBB,7/23/2019 00:00:00,5.99427,6.11523,5.95395,6.10179,7.26531e+006
MBB,7/24/2019 00:00:00,6.12867,6.18243,6.07491,6.07491,5.46181e+006
MBB,7/25/2019 00:00:00,6.04803,6.12867,6.00771,6.02115,5.06314e+006
MBB,7/26/2019 00:00:00,6.02115,6.03459,5.96739,6.00771,4.44935e+006
MBB,7/29/2019 00:00:00,6.02115,6.04803,5.99427,6.03459,4.60687e+006
MBB,7/30/2019 00:00:00,6.03459,6.07491,5.87331,5.87331,4.15316e+006
MBB,7/31/2019 00:00:00,5.87331,5.96739,5.85987,5.96739,3.8705e+006
MBB,8/1/2019 00:00:00,5.94051,5.95395,5.88675,5.91363,1.93668e+006
MBB,8/2/2019 00:00:00,5.81955,5.94051,5.81955,5.90019,3.51076e+006
MBB,8/5/2019 00:00:00,5.88675,5.90019,5.81955,5.85987,3.20281e+006
MBB,8/6/2019 00:00:00,5.77923,5.80611,5.72547,5.73891,3.90411e+006
MBB,8/7/2019 00:00:00,5.75235,5.79267,5.71203,5.72547,1.72265e+006
MBB,8/8/2019 00:00:00,5.76579,5.84643,5.72547,5.80611,3.13709e+006
MBB,8/9/2019 00:00:00,5.83299,5.84643,5.76579,5.76579,1.67167e+006
MBB,8/12/2019 00:00:00,5.80611,5.90019,5.77923,5.88675,4.08838e+006
MBB,8/13/2019 00:00:00,5.85987,5.99427,5.83299,5.96739,4.39754e+006
MBB,8/14/2019 00:00:00,6.04803,6.07491,5.99427,5.99427,3.08192e+006
MBB,8/15/2019 00:00:00,5.91363,5.99427,5.87331,5.99427,3.10235e+006
MBB,8/16/2019 00:00:00,5.99427,6.07491,5.98083,6.02115,4.19765e+006
MBB,8/19/2019 00:00:00,6.03459,6.07491,5.92707,5.92707,2.74572e+006
MBB,8/20/2019 00:00:00,5.94051,6.00771,5.92707,5.95395,2.71329e+006
MBB,8/21/2019 00:00:00,5.99427,6.10179,5.96739,6.04803,6.14943e+006
MBB,8/22/2019 00:00:00,6.10179,6.15555,6.06147,6.06147,4.77709e+006
MBB,8/23/2019 00:00:00,6.10179,6.12867,6.04803,6.08835,2.87228e+006
MBB,8/26/2019 00:00:00,6.03459,6.26307,6.00771,6.26307,1.46813e+007
MBB,8/27/2019 00:00:00,6.31683,6.38403,6.22275,6.26307,1.14163e+007
MBB,8/28/2019 00:00:00,6.26307,6.28995,6.19587,6.27651,4.76409e+006
MBB,8/29/2019 00:00:00,6.28995,6.30339,6.18243,6.27651,4.84004e+006
MBB,8/30/2019 00:00:00,6.27651,6.30339,6.20931,6.20931,3.98332e+006
MBB,9/3/2019 00:00:00,6.22275,6.28995,6.12867,6.12867,8.7214e+006
MBB,9/4/2019 00:00:00,6.10179,6.18243,6.08835,6.18243,3.30183e+006
MBB,9/5/2019 00:00:00,6.19587,6.20931,6.07491,6.07491,3.61049e+006
MBB,9/6/2019 00:00:00,6.07491,6.10179,6.04803,6.07491,3.08074e+006
MBB,9/9/2019 00:00:00,6.10179,6.11523,6.06147,6.07491,2.03883e+006
MBB,9/10/2019 00:00:00,6.07491,6.15555,6.06147,6.06147,4.8161e+006
MBB,9/11/2019 00:00:00,6.08835,6.10179,6.06147,6.08835,1.89021e+006
MBB,9/12/2019 00:00:00,6.10179,6.20931,6.10179,6.20931,4.67689e+006
MBB,9/13/2019 00:00:00,6.20931,6.31683,6.16899,6.26307,7.47536e+006
MBB,9/16/2019 00:00:00,6.26307,6.35715,6.24963,6.28995,4.6572e+006
MBB,9/17/2019 00:00:00,6.26307,6.28995,6.20931,6.26307,4.45569e+006
MBB,9/18/2019 00:00:00,6.41575,6.43026,6.34317,6.34317,6.70431e+006
MBB,9/19/2019 00:00:00,6.35769,6.38672,6.32866,6.38672,2.9179e+006
MBB,9/20/2019 00:00:00,6.38672,6.45929,6.38672,6.40123,4.00172e+006
MBB,9/23/2019 00:00:00,6.40123,6.47381,6.38672,6.40123,3.81965e+006
MBB,9/24/2019 00:00:00,6.41575,6.43026,6.35769,6.43026,3.80944e+006
MBB,9/25/2019 00:00:00,6.40123,6.43026,6.3722,6.43026,3.57855e+006
MBB,9/26/2019 00:00:00,6.43026,6.5609,6.43026,6.5609,4.38655e+006
MBB,9/27/2019 00:00:00,6.5609,6.60445,6.53187,6.58993,4.30497e+006
MBB,9/30/2019 00:00:00,6.60445,6.69154,6.60445,6.61896,6.42761e+006
MBB,10/1/2019 00:00:00,6.64799,6.69154,6.60445,6.69154,3.86558e+006
MBB,10/2/2019 00:00:00,6.66251,6.72057,6.61896,6.67702,5.6253e+006
MBB,10/3/2019 00:00:00,6.61896,6.66251,6.57542,6.66251,6.14657e+006
MBB,10/4/2019 00:00:00,6.67702,6.67702,6.57542,6.57542,4.86106e+006
MBB,10/7/2019 00:00:00,6.58993,6.61896,6.50284,6.50284,5.13145e+006
MBB,10/8/2019 00:00:00,6.48833,6.58993,6.48833,6.58993,4.91758e+006
MBB,10/9/2019 00:00:00,6.57542,6.64799,6.5609,6.64799,3.67853e+006
MBB,10/10/2019 00:00:00,6.64799,6.66251,6.60445,6.60445,3.05577e+006
MBB,10/11/2019 00:00:00,6.61896,6.64799,6.58993,6.60445,2.30053e+006
MBB,10/14/2019 00:00:00,6.67702,6.89475,6.67702,6.80766,1.17983e+007
MBB,10/15/2019 00:00:00,6.83669,6.83669,6.76412,6.77863,3.7741e+006
MBB,10/16/2019 00:00:00,6.80766,6.85121,6.76412,6.76412,2.93829e+006
MBB,10/17/2019 00:00:00,6.76412,6.76412,6.70605,6.73508,5.31509e+006
MBB,10/18/2019 00:00:00,6.7496,6.77863,6.66251,6.67702,4.07902e+006
MBB,10/21/2019 00:00:00,6.64799,6.67702,6.5609,6.57542,4.88234e+006
MBB,10/22/2019 00:00:00,6.57542,6.66251,6.57542,6.63348,2.1076e+006
MBB,10/23/2019 00:00:00,6.64799,6.64799,6.61896,6.64799,1.50379e+006
MBB,10/24/2019 00:00:00,6.64799,6.69154,6.63348,6.66251,3.63685e+006
MBB,10/25/2019 00:00:00,6.66251,6.7496,6.63348,6.73508,3.75112e+006
MBB,10/28/2019 00:00:00,6.7496,6.79315,6.67702,6.67702,2.08549e+006
MBB,10/29/2019 00:00:00,6.67702,6.70605,6.63348,6.63348,2.92237e+006
MBB,10/30/2019 00:00:00,6.63348,6.70605,6.61896,6.69154,3.61712e+006
MBB,10/31/2019 00:00:00,6.67702,6.72057,6.64799,6.67702,1.78505e+006
MBB,11/1/2019 00:00:00,6.67702,6.73508,6.63348,6.66251,4.03134e+006
MBB,11/4/2019 00:00:00,6.67702,6.79315,6.66251,6.76412,7.12926e+006
MBB,11/5/2019 00:00:00,6.76412,6.79315,6.73508,6.7496,3.21127e+006
MBB,11/6/2019 00:00:00,6.76412,6.9383,6.7496,6.83669,1.08947e+007
MBB,11/7/2019 00:00:00,6.85121,6.88024,6.79315,6.82218,6.01409e+006
MBB,11/8/2019 00:00:00,6.83669,6.86572,6.77863,6.79315,7.11508e+006
MBB,11/11/2019 00:00:00,6.88024,6.92378,6.77863,6.80766,1.36079e+007
MBB,11/12/2019 00:00:00,6.80766,6.82218,6.76412,6.76412,4.42916e+006
MBB,11/13/2019 00:00:00,6.77863,6.80766,6.72057,6.7496,4.65268e+006
MBB,11/14/2019 00:00:00,6.7496,6.7496,6.63348,6.66251,7.29452e+006
MBB,11/15/2019 00:00:00,6.66251,6.66251,6.58993,6.60445,5.96342e+006
MBB,11/18/2019 00:00:00,6.58993,6.63348,6.5609,6.5609,3.80948e+006
MBB,11/19/2019 00:00:00,6.5609,6.60445,6.53187,6.60445,2.5246e+006
MBB,11/20/2019 00:00:00,6.58993,6.61896,6.54639,6.5609,2.08719e+006
MBB,11/21/2019 00:00:00,6.54639,6.57542,6.41575,6.50284,6.24567e+006
MBB,11/22/2019 00:00:00,6.5609,6.58993,6.41575,6.48833,5.20238e+006
MBB,11/25/2019 00:00:00,6.48833,6.53187,6.44478,6.50284,3.69092e+006
MBB,11/26/2019 00:00:00,6.54639,6.58993,6.50284,6.57542,2.95398e+006
MBB,11/27/2019 00:00:00,6.57542,6.61896,6.51736,6.5609,1.59806e+006
MBB,11/28/2019 00:00:00,6.54639,6.57542,6.41575,6.41575,2.97741e+006
MBB,11/29/2019 00:00:00,6.43026,6.44478,6.35769,6.43026,1.97314e+006
MBB,12/2/2019 00:00:00,6.43026,6.48833,6.21253,6.21253,3.45904e+006
MBB,12/3/2019 00:00:00,6.21253,6.29963,6.12544,6.25608,3.26506e+006
MBB,12/4/2019 00:00:00,6.31414,6.44478,6.21253,6.44478,3.01529e+006
MBB,12/5/2019 00:00:00,6.44478,6.45929,6.32866,6.34317,1.74578e+006
MBB,12/6/2019 00:00:00,6.32866,6.35769,6.31414,6.34317,1.3315e+006
MBB,12/9/2019 00:00:00,6.34317,6.34317,6.21253,6.22705,4.15717e+006
MBB,12/10/2019 00:00:00,6.21253,6.22705,6.12544,6.12544,4.24493e+006
MBB,12/11/2019 00:00:00,6.15447,6.32866,6.12544,6.32866,3.50638e+006
MBB,12/12/2019 00:00:00,6.32866,6.40123,6.31414,6.32866,2.76004e+006
MBB,12/13/2019 00:00:00,6.35769,6.3722,6.2706,6.32866,2.49141e+006
MBB,12/16/2019 00:00:00,6.32866,6.32866,6.21253,6.21253,4.77182e+006
MBB,12/17/2019 00:00:00,6.21253,6.21253,6.09641,6.11093,6.05561e+006
MBB,12/18/2019 00:00:00,6.09641,6.16899,6.09641,6.09641,3.19031e+006
MBB,12/19/2019 00:00:00,6.12544,6.13996,6.00932,6.00932,4.78322e+006
MBB,12/20/2019 00:00:00,6.00932,6.12544,6.00932,6.09641,1.92657e+006
MBB,12/23/2019 00:00:00,6.13996,6.16899,6.11093,6.11093,1.84803e+006
MBB,12/24/2019 00:00:00,6.09641,6.11093,6.00932,6.02384,2.36295e+006
MBB,12/25/2019 00:00:00,6.02384,6.12544,6.02384,6.09641,3.01081e+006
MBB,12/26/2019 00:00:00,6.09641,6.11093,6.05287,6.05287,2.14518e+006
MBB,12/27/2019 00:00:00,6.05287,6.06738,6.03835,6.06738,2.37672e+006
MBB,12/30/2019 00:00:00,6.09641,6.16899,6.06738,6.0819,3.43223e+006
MBB,12/31/2019 00:00:00,6.09641,6.11093,6.03835,6.03835,2.19291e+006
MBB,1/2/2020 00:00:00,6.06738,6.16899,6.03835,6.15447,2.84919e+006
MBB,1/3/2020 00:00:00,6.22705,6.24157,6.15447,6.16899,3.47623e+006
MBB,1/6/2020 00:00:00,6.13996,6.15447,6.0819,6.0819,2.60927e+006
MBB,1/7/2020 00:00:00,6.09641,6.13996,6.05287,6.09641,2.68418e+006
MBB,1/8/2020 00:00:00,6.03835,6.09641,6.00932,6.00932,4.16395e+006
MBB,1/9/2020 00:00:00,6.0819,6.13996,6.02384,6.11093,3.29847e+006
MBB,1/10/2020 00:00:00,6.13996,6.28511,6.13996,6.21253,8.59395e+006
MBB,1/13/2020 00:00:00,6.22705,6.2706,6.16899,6.1835,2.92182e+006
MBB,1/14/2020 00:00:00,6.1835,6.28511,6.16899,6.24157,4.55792e+006
MBB,1/15/2020 00:00:00,6.24157,6.2706,6.22705,6.22705,3.62593e+006
MBB,1/16/2020 00:00:00,6.25608,6.43026,6.24157,6.38672,8.16955e+006
MBB,1/17/2020 00:00:00,6.40123,6.45929,6.35769,6.38672,4.77633e+006
MBB,1/20/2020 00:00:00,6.38672,6.41575,6.34317,6.38672,4.30899e+006
MBB,1/21/2020 00:00:00,6.41575,6.5609,6.40123,6.54639,5.23914e+006
MBB,1/22/2020 00:00:00,6.54639,6.5609,6.48833,6.50284,4.99152e+006
MBB,1/30/2020 00:00:00,6.35769,6.41575,6.15447,6.16899,8.99501e+006
MBB,1/31/2020 00:00:00,6.11093,6.25608,6.03835,6.03835,8.06549e+006
MBB,2/3/2020 00:00:00,5.84965,6.03835,5.66095,5.90771,1.44211e+007
MBB,2/4/2020 00:00:00,5.99481,6.25608,5.84965,6.13996,9.4618e+006
MBB,2/5/2020 00:00:00,6.21253,6.2706,6.11093,6.13996,7.177e+006
MBB,2/6/2020 00:00:00,6.13996,6.38672,6.06738,6.32866,1.2119e+007
MBB,2/7/2020 00:00:00,6.31414,6.32866,6.21253,6.21253,8.0506e+006
MBB,2/10/2020 00:00:00,6.12544,6.1835,6.0819,6.09641,6.1116e+006
MBB,2/11/2020 00:00:00,6.12544,6.1835,6.11093,6.15447,4.3316e+006
MBB,2/12/2020 00:00:00,6.22705,6.35769,6.1835,6.28511,1.09805e+007
MBB,2/13/2020 00:00:00,6.25608,6.31414,6.19802,6.21253,6.58163e+006
MBB,2/14/2020 00:00:00,6.2706,6.35769,6.25608,6.31414,9.08355e+006
MBB,2/17/2020 00:00:00,6.38672,6.44478,6.32866,6.3722,9.69363e+006
MBB,2/18/2020 00:00:00,6.40123,6.41575,6.29963,6.31414,5.4009e+006
MBB,2/19/2020 00:00:00,6.31414,6.32866,6.24157,6.2706,4.58612e+006
MBB,2/20/2020 00:00:00,6.32866,6.35769,6.2706,6.28511,6.10447e+006
MBB,2/21/2020 00:00:00,6.29963,6.29963,6.13996,6.15447,8.79536e+006
MBB,2/24/2020 00:00:00,6.00932,6.03835,5.83514,5.83514,1.21383e+007
MBB,2/25/2020 00:00:00,5.80611,6.03835,5.76256,6.03835,1.19264e+007
MBB,2/26/2020 00:00:00,5.90771,6.06738,5.90771,5.95126,5.07963e+006
MBB,2/27/2020 00:00:00,5.96578,6.06738,5.93675,6.06738,4.04612e+006
MBB,2/28/2020 00:00:00,5.95126,6.02384,5.90771,5.92223,7.02007e+006
MBB,3/2/2020 00:00:00,5.95126,6.03835,5.93675,6.00932,4.99611e+006
MBB,3/3/2020 00:00:00,6.11093,6.13996,6.03835,6.06738,5.7887e+006
MBB,3/4/2020 00:00:00,6.03835,6.05287,5.98029,6.02384,3.85607e+006
MBB,3/5/2020 00:00:00,6.06738,6.0819,5.99481,5.99481,4.51221e+006
MBB,3/6/2020 00:00:00,5.95126,6.00932,5.92223,5.99481,3.82246e+006
MBB,3/9/2020 00:00:00,5.67547,5.77708,5.58838,5.58838,1.22825e+007
MBB,3/10/2020 00:00:00,5.48677,5.67547,5.44323,5.55935,7.0838e+006
MBB,3/11/2020 00:00:00,5.64644,5.66095,5.19647,5.28356,7.99083e+006
MBB,3/12/2020 00:00:00,5.05131,5.10937,4.92068,4.92068,1.54839e+007
MBB,3/13/2020 00:00:00,4.60134,5.19647,4.58682,4.96422,1.1673e+007
MBB,3/16/2020 00:00:00,4.97874,5.02228,4.76101,4.77552,4.25613e+006
MBB,3/17/2020 00:00:00,4.64489,4.8481,4.57231,4.8481,9.35019e+006
MBB,3/18/2020 00:00:00,4.92068,4.92068,4.79004,4.79004,5.28731e+006
MBB,3/19/2020 00:00:00,4.70295,4.76101,4.64489,4.67392,3.87928e+006
MBB,3/20/2020 00:00:00,4.68843,4.73198,4.63037,4.64489,4.34852e+006
MBB,3/23/2020 00:00:00,4.41264,4.52876,4.32555,4.32555,9.61692e+006
MBB,3/24/2020 00:00:00,4.35458,4.35458,4.19491,4.29652,7.41252e+006
MBB,3/25/2020 00:00:00,4.44167,4.54328,4.3691,4.54328,6.92567e+006
MBB,3/26/2020 00:00:00,4.49973,4.51425,4.3691,4.3691,4.62751e+006
MBB,3/27/2020 00:00:00,4.38361,4.39813,4.20943,4.23846,5.3787e+006
MBB,3/30/2020 00:00:00,4.06428,4.09331,3.94815,3.94815,7.28718e+006
MBB,3/31/2020 00:00:00,4.00621,4.09331,3.81752,3.93364,5.69015e+006
MBB,4/1/2020 00:00:00,3.90461,4.15137,3.87558,4.13685,6.40633e+006
MBB,4/3/2020 00:00:00,4.15137,4.34007,4.13685,4.282,5.15171e+006
MBB,4/6/2020 00:00:00,4.41264,4.57231,4.39813,4.57231,7.99631e+006
MBB,4/7/2020 00:00:00,4.68843,4.70295,4.55779,4.63037,1.25763e+007
MBB,4/8/2020 00:00:00,4.49973,4.60134,4.4707,4.55779,4.97689e+006
MBB,4/9/2020 00:00:00,4.64489,4.67392,4.55779,4.58682,7.1733e+006
MBB,4/10/2020 00:00:00,4.58682,4.63037,4.48522,4.51425,8.22067e+006
MBB,4/13/2020 00:00:00,4.51425,4.6594,4.49973,4.57231,6.29762e+006
MBB,4/14/2020 00:00:00,4.64489,4.64489,4.49973,4.61586,7.02243e+006
MBB,4/15/2020 00:00:00,4.64489,4.79004,4.61586,4.74649,1.0311e+007
MBB,4/16/2020 00:00:00,4.71746,4.79004,4.64489,4.79004,4.54041e+006
MBB,4/17/2020 00:00:00,4.8481,4.97874,4.81907,4.93519,7.57459e+006
MBB,4/20/2020 00:00:00,4.93519,4.97874,4.81907,4.83358,1.08966e+007
MBB,4/21/2020 00:00:00,4.76101,4.77552,4.54328,4.54328,1.06671e+007
MBB,4/22/2020 00:00:00,4.42716,4.68843,4.42716,4.67392,5.22862e+006
MBB,4/23/2020 00:00:00,4.76101,4.77552,4.6594,4.68843,3.56832e+006
MBB,4/24/2020 00:00:00,4.64489,4.68843,4.61586,4.6594,2.6641e+006
MBB,4/27/2020 00:00:00,4.67392,4.70295,4.55779,4.55779,4.85301e+006
MBB,4/28/2020 00:00:00,4.58682,4.63037,4.52876,4.58682,2.89782e+006
MBB,4/29/2020 00:00:00,4.61586,4.67392,4.60134,4.63037,2.73479e+006
MBB,5/4/2020 00:00:00,4.63037,4.6594,4.60134,4.60134,2.26694e+006
MBB,5/5/2020 00:00:00,4.61586,4.63037,4.54328,4.58682,2.51268e+006
MBB,5/6/2020 00:00:00,4.61586,4.64489,4.55779,4.63037,3.82747e+006
MBB,5/7/2020 00:00:00,4.63037,4.74649,4.63037,4.73198,6.23788e+006
MBB,5/8/2020 00:00:00,4.76101,4.93519,4.76101,4.81907,1.26485e+007
MBB,5/11/2020 00:00:00,4.90616,4.93519,4.79004,4.87713,1.38715e+007
MBB,5/12/2020 00:00:00,4.87713,4.99325,4.81907,4.99325,1.1943e+007
MBB,5/13/2020 00:00:00,5.05131,5.12389,4.93519,5.08034,1.0536e+007
MBB,5/14/2020 00:00:00,5.02228,5.09486,4.96422,5.02228,7.37105e+006
MBB,5/15/2020 00:00:00,5.05131,5.06583,4.92068,4.92068,8.05115e+006
MBB,5/18/2020 00:00:00,4.92068,4.96422,4.87713,4.94971,4.69305e+006
MBB,5/19/2020 00:00:00,5.05131,5.08034,5.00777,5.05131,9.16941e+006
MBB,5/20/2020 00:00:00,5.00777,5.05131,4.97874,5.02228,4.06462e+006
MBB,5/21/2020 00:00:00,5.0368,5.12389,5.00777,5.10937,8.73349e+006
MBB,5/22/2020 00:00:00,5.08034,5.12389,4.99325,5.00777,7.70521e+006
MBB,5/25/2020 00:00:00,5.00777,5.06583,4.99325,5.02228,4.2446e+006
MBB,5/26/2020 00:00:00,5.05131,5.10937,5.0368,5.10937,9.15897e+006
MBB,5/27/2020 00:00:00,5.16744,5.16744,5.02228,5.02228,1.08111e+007
MBB,5/28/2020 00:00:00,5.0368,5.08034,5.00777,5.02228,3.43956e+006
MBB,5/29/2020 00:00:00,5.02228,5.02228,4.97874,4.99325,4.37027e+006
MBB,6/1/2020 00:00:00,5.00777,5.24001,5.00777,5.18195,1.71483e+007
MBB,6/2/2020 00:00:00,5.2255,5.31259,5.19647,5.19647,1.40197e+007
MBB,6/3/2020 00:00:00,5.2255,5.25453,5.19647,5.24001,4.39697e+006
MBB,6/4/2020 00:00:00,5.26904,5.31259,5.2255,5.2255,8.63151e+006
MBB,6/5/2020 00:00:00,5.21098,5.2255,5.16744,5.19647,6.86485e+006
MBB,6/8/2020 00:00:00,5.26904,5.31259,5.24001,5.25453,8.11418e+006
MBB,6/9/2020 00:00:00,5.26904,5.28356,5.24001,5.25453,5.95386e+006
MBB,6/10/2020 00:00:00,5.24001,5.47226,5.21098,5.39968,1.0295e+007
MBB,6/11/2020 00:00:00,5.42871,5.47226,5.08034,5.08034,9.85508e+006
MBB,6/12/2020 00:00:00,4.96422,5.12389,4.96422,5.12389,1.00339e+007
MBB,6/15/2020 00:00:00,5.13841,5.15292,4.90616,4.93519,9.02332e+006
MBB,6/16/2020 00:00:00,5.00777,5.08034,4.97874,5.05131,5.87697e+006
MBB,6/17/2020 00:00:00,5.05131,5.08034,5.00777,5.02228,2.16072e+006
MBB,6/18/2020 00:00:00,5.0368,5.05131,4.99325,5.02228,2.29418e+006
MBB,6/19/2020 00:00:00,5.05131,5.08034,5.02228,5.08034,3.11187e+006
MBB,6/22/2020 00:00:00,5.09486,5.15292,5.06583,5.08034,2.62288e+006
MBB,6/23/2020 00:00:00,5.08034,5.12389,5.06583,5.08034,3.68281e+006
MBB,6/24/2020 00:00:00,5.10937,5.16744,5.08034,5.09486,5.7392e+006
MBB,6/25/2020 00:00:00,5.05131,5.06583,5.02228,5.0368,2.70913e+006
MBB,6/26/2020 00:00:00,5.06583,5.08034,5.00777,5.0368,1.9993e+006
MBB,6/29/2020 00:00:00,4.99325,5.02228,4.86262,4.89165,5.96086e+006
MBB,6/30/2020 00:00:00,4.93519,4.96422,4.80455,4.81907,3.39951e+006
MBB,7/1/2020 00:00:00,4.83358,4.90616,4.81907,4.90616,2.06757e+006
MBB,7/2/2020 00:00:00,4.90616,4.92068,4.86262,4.89165,1.62816e+006
MBB,7/3/2020 00:00:00,4.90616,4.92068,4.87713,4.89165,1.24147e+006
MBB,7/6/2020 00:00:00,4.90616,4.97874,4.89165,4.93519,2.97093e+006
MBB,7/7/2020 00:00:00,4.97874,4.99325,4.93519,4.96422,3.56294e+006
MBB,7/8/2020 00:00:00,4.94971,4.99325,4.94971,4.97874,1.81644e+006
MBB,7/9/2020 00:00:00,5.00777,5.08034,4.99325,5.06583,3.77786e+006
MBB,7/10/2020 00:00:00,5.05131,5.05131,4.99325,5.00777,2.15182e+006
MBB,7/13/2020 00:00:00,5.00777,5.05131,4.97874,4.99325,2.32295e+006
MBB,7/14/2020 00:00:00,4.97874,4.99325,4.93519,4.97874,3.5528e+006
MBB,7/15/2020 00:00:00,5.02228,5.05131,4.99325,5.02228,2.94105e+006
MBB,7/16/2020 00:00:00,5.08034,5.08034,5.02228,5.08034,3.78396e+006
MBB,7/17/2020 00:00:00,5.08034,5.09486,5.05131,5.08034,3.95705e+006
MBB,7/20/2020 00:00:00,5.08034,5.09486,4.99325,4.99325,3.05631e+006
MBB,7/21/2020 00:00:00,5.02228,5.02228,4.97874,5.02228,3.0669e+006
MBB,7/22/2020 00:00:00,5.05131,5.05131,4.97874,4.97874,2.72468e+006
MBB,7/23/2020 00:00:00,4.97874,4.99325,4.92068,4.94971,3.20862e+006
MBB,7/24/2020 00:00:00,4.93519,4.93519,4.76101,4.79004,8.28812e+006
MBB,7/27/2020 00:00:00,4.61586,4.67392,4.45619,4.45619,9.98839e+006
MBB,7/28/2020 00:00:00,4.61586,4.74649,4.49973,4.73198,6.4765e+006
MBB,7/29/2020 00:00:00,4.61586,4.61586,4.45619,4.54328,4.89154e+006
MBB,7/30/2020 00:00:00,4.58682,4.61586,4.55779,4.60134,2.74033e+006
MBB,7/31/2020 00:00:00,4.55779,4.61586,4.49973,4.57231,2.8228e+006
MBB,8/3/2020 00:00:00,4.55779,4.70295,4.55779,4.70295,4.19523e+006
MBB,8/4/2020 00:00:00,4.73198,4.79004,4.70295,4.76101,2.557e+006
MBB,8/5/2020 00:00:00,4.76101,4.80455,4.70295,4.80455,2.93915e+006
MBB,8/6/2020 00:00:00,4.79004,4.80455,4.74649,4.74649,3.05026e+006
MBB,8/7/2020 00:00:00,4.74649,4.77552,4.73198,4.73198,2.04344e+006
MBB,8/10/2020 00:00:00,4.79004,4.80455,4.74649,4.77552,3.69517e+006
MBB,8/11/2020 00:00:00,4.80455,4.81907,4.76101,4.79004,3.2793e+006
MBB,8/12/2020 00:00:00,4.79004,4.90616,4.79004,4.89165,5.59288e+006
MBB,8/13/2020 00:00:00,4.92068,4.93519,4.87713,4.92068,2.73088e+006
MBB,8/14/2020 00:00:00,4.90616,4.99325,4.89165,4.97874,5.68451e+006
MBB,8/17/2020 00:00:00,4.97874,4.99325,4.89165,4.96422,3.85791e+006
MBB,8/18/2020 00:00:00,4.96422,4.97874,4.90616,4.93519,2.71408e+006
MBB,8/19/2020 00:00:00,4.93519,4.94971,4.90616,4.94971,3.89903e+006
MBB,8/20/2020 00:00:00,4.94971,4.97874,4.92068,4.94971,4.19633e+006
MBB,8/21/2020 00:00:00,4.94971,5.02228,4.93519,5.02228,5.13552e+006
MBB,8/24/2020 00:00:00,5.05131,5.18195,5.05131,5.16744,8.34427e+006
MBB,8/25/2020 00:00:00,5.19647,5.31259,5.18195,5.24001,1.23518e+007
MBB,8/26/2020 00:00:00,5.2255,5.26904,5.19647,5.19647,5.23199e+006
MBB,8/27/2020 00:00:00,5.19647,5.2255,5.15292,5.19647,3.59761e+006
MBB,8/28/2020 00:00:00,5.2255,5.26904,5.19647,5.19647,6.04059e+006
MBB,8/31/2020 00:00:00,5.2255,5.28356,5.19647,5.21098,3.91614e+006
MBB,9/1/2020 00:00:00,5.24001,5.25453,5.19647,5.25453,5.0644e+006
MBB,9/3/2020 00:00:00,5.28356,5.3271,5.25453,5.28356,4.95093e+006
MBB,9/4/2020 00:00:00,5.18195,5.25453,5.18195,5.24001,5.06449e+006
MBB,9/7/2020 00:00:00,5.26904,5.26904,5.13841,5.13841,7.65431e+006
MBB,9/8/2020 00:00:00,5.16744,5.18195,5.09486,5.16744,3.48061e+006
MBB,9/9/2020 00:00:00,5.10937,5.16744,5.10937,5.15292,3.71508e+006
MBB,9/10/2020 00:00:00,5.19647,5.2255,5.16744,5.16744,3.12916e+006
MBB,9/11/2020 00:00:00,5.16744,5.19647,5.12389,5.18195,2.23094e+006
MBB,9/14/2020 00:00:00,5.2255,5.29807,5.21098,5.26904,4.58068e+006
MBB,9/15/2020 00:00:00,5.26904,5.29807,5.24001,5.25453,3.69534e+006
MBB,9/16/2020 00:00:00,5.24001,5.26904,5.2255,5.25453,2.61398e+006
MBB,9/17/2020 00:00:00,5.24001,5.35613,5.24001,5.25453,7.41054e+006
MBB,9/18/2020 00:00:00,5.28356,5.45774,5.26904,5.44323,1.17845e+007
MBB,9/21/2020 00:00:00,5.5158,5.58838,5.47226,5.53032,1.0816e+007
MBB,9/22/2020 00:00:00,5.53032,5.58838,5.5158,5.57386,9.96981e+006
MBB,9/23/2020 00:00:00,5.60289,5.63192,5.54483,5.57386,6.76491e+006
MBB,9/24/2020 00:00:00,5.61741,5.7045,5.57386,5.68999,1.23573e+007
MBB,9/25/2020 00:00:00,5.71902,5.73353,5.61741,5.68999,6.5049e+006
MBB,9/28/2020 00:00:00,5.73353,5.83514,5.7045,5.80611,8.66474e+006
MBB,9/29/2020 00:00:00,5.80611,5.82062,5.7045,5.7045,7.98023e+006
MBB,9/30/2020 00:00:00,5.7045,5.74805,5.67547,5.73353,4.77221e+006
MBB,10/1/2020 00:00:00,5.77708,5.80611,5.71902,5.76256,7.96635e+006
MBB,10/2/2020 00:00:00,5.77708,5.80611,5.7045,5.76256,1.08882e+007
MBB,10/5/2020 00:00:00,5.8424,5.94255,5.8424,5.90917,1.07497e+007
MBB,10/6/2020 00:00:00,5.99263,5.99263,5.90917,5.95924,7.11321e+006
MBB,10/7/2020 00:00:00,5.92586,5.94255,5.87578,5.87578,7.24509e+006
MBB,10/8/2020 00:00:00,5.97594,5.97594,5.87578,5.89247,6.87402e+006
MBB,10/9/2020 00:00:00,5.89247,5.90917,5.85909,5.85909,3.87319e+006
MBB,10/12/2020 00:00:00,5.89247,5.92586,5.8257,5.85909,4.82818e+006
MBB,10/13/2020 00:00:00,5.87578,5.87578,5.79232,5.8424,4.05354e+006
MBB,10/14/2020 00:00:00,5.80901,5.92586,5.80901,5.89247,4.92362e+006
MBB,10/15/2020 00:00:00,5.90917,5.90917,5.85909,5.87578,4.26241e+006
MBB,10/16/2020 00:00:00,5.92586,5.97594,5.90917,5.95924,9.15034e+006
MBB,10/19/2020 00:00:00,6.00932,6.12617,6.00932,6.09278,1.05898e+007
MBB,10/20/2020 00:00:00,6.10948,6.25971,6.09278,6.24302,1.05294e+007
MBB,10/21/2020 00:00:00,6.30979,6.35987,6.19294,6.19294,9.50044e+006
MBB,10/22/2020 00:00:00,6.22632,6.2764,6.14286,6.2764,7.25623e+006
MBB,10/23/2020 00:00:00,6.34317,6.34317,6.22632,6.29309,6.60572e+006
MBB,10/26/2020 00:00:00,6.2764,6.29309,6.14286,6.14286,8.87578e+006
MBB,10/27/2020 00:00:00,6.14286,6.14286,5.97594,5.97594,9.53645e+006
MBB,10/28/2020 00:00:00,5.92586,5.99263,5.8424,5.85909,6.84023e+006
MBB,10/29/2020 00:00:00,5.8424,5.97594,5.8424,5.94255,6.24008e+006
MBB,10/30/2020 00:00:00,5.97594,5.99263,5.87578,5.94255,5.73654e+006
MBB,11/2/2020 00:00:00,5.99263,6.00932,5.94255,6.00932,3.69221e+006
MBB,11/3/2020 00:00:00,6.04271,6.12617,6.00932,6.09278,3.59052e+006
MBB,11/4/2020 00:00:00,6.20963,6.20963,6.07609,6.15955,4.68521e+006
MBB,11/5/2020 00:00:00,6.17625,6.19294,6.07609,6.10948,6.78902e+006
MBB,11/6/2020 00:00:00,6.10948,6.14286,5.99263,6.00932,3.99258e+006
MBB,11/9/2020 00:00:00,6.04271,6.10948,6.02601,6.09278,3.71045e+006
MBB,11/10/2020 00:00:00,6.14286,6.17625,6.04271,6.04271,6.77633e+006
MBB,11/11/2020 00:00:00,6.07609,6.12617,6.02601,6.09278,9.35332e+006
MBB,11/12/2020 00:00:00,6.10948,6.24302,6.09278,6.24302,1.05473e+007
MBB,11/13/2020 00:00:00,6.2764,6.44333,6.2764,6.44333,1.61106e+007
MBB,11/16/2020 00:00:00,6.5101,6.54348,6.34317,6.35987,2.00681e+007
MBB,11/17/2020 00:00:00,6.39325,6.52679,6.37656,6.52679,9.94575e+006
MBB,11/18/2020 00:00:00,6.56018,6.67702,6.49341,6.56018,1.13115e+007
MBB,11/19/2020 00:00:00,6.59356,6.61025,6.47671,6.5101,1.34072e+007
MBB,11/20/2020 00:00:00,6.49341,6.5101,6.42664,6.44333,7.1186e+006
MBB,11/23/2020 00:00:00,6.44333,6.47671,6.35987,6.40994,9.0135e+006
MBB,11/24/2020 00:00:00,6.47671,6.5101,6.40994,6.46002,8.56499e+006
MBB,11/25/2020 00:00:00,6.54348,6.54348,6.44333,6.49341,6.51783e+006
MBB,11/26/2020 00:00:00,6.42664,6.5101,6.40994,6.5101,1.24193e+007
MBB,11/27/2020 00:00:00,6.5101,6.67702,6.47671,6.67702,1.5975e+007
MBB,11/30/2020 00:00:00,6.81056,6.87733,6.74379,6.79387,1.85103e+007
MBB,12/1/2020 00:00:00,6.69372,6.9608,6.69372,6.9608,2.04211e+007
MBB,12/2/2020 00:00:00,6.97749,7.14442,6.9608,7.12772,1.80712e+007
MBB,12/3/2020 00:00:00,7.19449,7.19449,6.9608,7.01087,2.24471e+007
MBB,12/4/2020 00:00:00,7.01087,7.06095,6.9608,6.99418,1.84161e+007
MBB,12/7/2020 00:00:00,6.99418,7.02757,6.9441,6.97749,8.25327e+006
MBB,12/8/2020 00:00:00,6.97749,7.19449,6.9441,7.12772,1.64026e+007
MBB,12/9/2020 00:00:00,7.1778,7.26126,7.12772,7.14442,1.28952e+007
MBB,12/10/2020 00:00:00,7.16111,7.19449,7.01087,7.02757,1.36026e+007
MBB,12/11/2020 00:00:00,7.06095,7.1778,6.9608,7.1778,8.63713e+006
MBB,12/14/2020 00:00:00,7.21119,7.31134,7.21119,7.29465,1.40233e+007
MBB,12/15/2020 00:00:00,7.29465,7.29465,7.14442,7.1778,1.30835e+007
MBB,12/16/2020 00:00:00,7.22788,7.47827,7.1778,7.42819,1.9503e+007
MBB,12/17/2020 00:00:00,7.37811,7.44488,7.27796,7.37811,1.672e+007
MBB,12/18/2020 00:00:00,7.51165,7.71196,7.3948,7.71196,1.75022e+007
MBB,12/21/2020 00:00:00,7.77873,7.91227,7.69527,7.76204,2.69248e+007
MBB,12/22/2020 00:00:00,7.81212,7.91227,7.67858,7.74535,2.28051e+007
MBB,12/23/2020 00:00:00,7.77873,7.79542,7.64519,7.64519,1.38336e+007
MBB,12/24/2020 00:00:00,7.69527,7.72865,7.37811,7.61181,1.60114e+007
MBB,12/25/2020 00:00:00,7.61181,7.72865,7.54504,7.71196,1.28077e+007
MBB,12/28/2020 00:00:00,7.8455,7.8455,7.6285,7.69527,1.65898e+007
MBB,12/29/2020 00:00:00,7.69527,7.69527,7.6285,7.66188,1.09122e+007
MBB,12/30/2020 00:00:00,7.64519,7.72865,7.64519,7.64519,1.28012e+007
MBB,12/31/2020 00:00:00,7.69527,7.71196,7.66188,7.67858,1.40347e+007
MBB,1/4/2021 00:00:00,7.81212,8.12928,7.71196,7.99574,4.23708e+007
MBB,1/5/2021 00:00:00,8.06251,8.39636,7.99574,8.39636,3.40449e+007
MBB,1/6/2021 00:00:00,8.51321,8.68013,8.34628,8.44643,2.20633e+007
MBB,1/7/2021 00:00:00,8.51321,8.66344,8.42974,8.64675,1.89182e+007
MBB,1/8/2021 00:00:00,8.7469,9.13083,8.68013,8.88044,2.58618e+007
MBB,1/11/2021 00:00:00,9.01398,9.08075,8.7469,8.79698,2.33816e+007
MBB,1/12/2021 00:00:00,8.79698,8.84706,8.57998,8.73021,1.65521e+007
MBB,1/13/2021 00:00:00,8.73021,8.88044,8.64675,8.68013,1.86498e+007
MBB,1/14/2021 00:00:00,8.78029,8.81367,8.63005,8.81367,2.01388e+007
MBB,1/15/2021 00:00:00,8.9806,9.08075,8.86375,8.93052,1.99227e+007
MBB,1/18/2021 00:00:00,8.93052,8.9639,8.7469,8.7469,1.38383e+007
MBB,1/19/2021 00:00:00,8.7469,8.7469,8.14597,8.14597,2.21849e+007
MBB,1/20/2021 00:00:00,8.14597,8.26282,7.64519,8.14597,2.31981e+007
MBB,1/21/2021 00:00:00,8.34628,8.61336,8.14597,8.61336,1.47146e+007
MBB,1/22/2021 00:00:00,8.57998,8.66344,8.44643,8.54659,1.24005e+007
MBB,1/25/2021 00:00:00,8.47982,8.61336,8.39636,8.41305,1.09249e+007
MBB,1/26/2021 00:00:00,8.39636,8.54659,7.92897,8.54659,1.97971e+007
MBB,1/27/2021 00:00:00,8.27951,8.42974,7.96235,8.01243,2.2798e+007
MBB,1/28/2021 00:00:00,7.51165,7.67858,7.46157,7.46157,2.03622e+007
MBB,1/29/2021 00:00:00,7.11103,7.8455,7.11103,7.82881,1.96077e+007
MBB,2/1/2021 00:00:00,7.67858,7.8455,7.32803,7.34473,1.6163e+007
MBB,2/2/2021 00:00:00,7.54504,7.81212,7.32803,7.79542,1.43967e+007
MBB,2/3/2021 00:00:00,7.91227,8.12928,7.81212,8.09589,1.98379e+007
MBB,2/4/2021 00:00:00,8.11258,8.12928,7.94566,8.02912,1.10896e+007
MBB,2/5/2021 00:00:00,8.0792,8.27951,8.02912,8.26282,1.1885e+007
MBB,2/8/2021 00:00:00,8.27951,8.41305,7.96235,7.97904,2.22637e+007
MBB,2/9/2021 00:00:00,8.01243,8.26282,7.94566,8.26282,1.59338e+007
MBB,2/17/2021 00:00:00,8.39636,8.61336,8.34628,8.61336,1.847e+007
MBB,2/18/2021 00:00:00,8.68013,8.78029,8.54659,8.7469,2.3346e+007
MBB,2/19/2021 00:00:00,8.64675,9.14752,8.61336,8.9639,3.00033e+007
MBB,2/22/2021 00:00:00,8.9639,9.06406,8.78029,8.91383,1.97911e+007
MBB,2/23/2021 00:00:00,8.93052,9.18091,8.88044,9.14752,3.15879e+007
MBB,2/24/2021 00:00:00,9.23099,9.28106,8.9806,9.01398,1.98889e+007
MBB,2/25/2021 00:00:00,9.11414,9.16422,8.9639,9.11414,1.78876e+007
MBB,2/26/2021 00:00:00,8.94721,9.28106,8.91383,9.23099,2.23522e+007
MBB,3/1/2021 00:00:00,9.36453,9.49807,9.31445,9.46468,2.20654e+007
MBB,3/2/2021 00:00:00,9.56484,9.58153,9.34783,9.38122,1.40051e+007
MBB,3/3/2021 00:00:00,9.34783,9.48137,9.31445,9.34783,1.64689e+007
MBB,3/4/2021 00:00:00,9.34783,9.4146,8.9806,9.06406,2.3153e+007
MBB,3/5/2021 00:00:00,9.04737,9.18091,8.94721,9.13083,1.90353e+007
MBB,3/8/2021 00:00:00,9.24768,9.29776,9.09744,9.21429,1.48095e+007
MBB,3/9/2021 00:00:00,9.08075,9.1976,9.01398,9.11414,1.21799e+007
MBB,3/10/2021 00:00:00,9.14752,9.38122,9.04737,9.33114,2.15901e+007
MBB,3/11/2021 00:00:00,9.4313,9.51476,9.38122,9.4313,1.64592e+007
MBB,3/12/2021 00:00:00,9.48137,9.49807,9.39791,9.4313,1.63391e+007
MBB,3/15/2021 00:00:00,9.48137,9.6483,9.4146,9.6483,2.32734e+007
MBB,3/16/2021 00:00:00,9.71507,9.73176,9.46468,9.56484,1.27499e+007
MBB,3/17/2021 00:00:00,9.56484,9.68168,9.56484,9.68168,1.41851e+007
MBB,3/18/2021 00:00:00,9.78184,9.79853,9.68168,9.74846,1.30512e+007
MBB,3/19/2021 00:00:00,9.68168,9.79853,9.68168,9.74846,9.917e+006
MBB,3/22/2021 00:00:00,9.74846,9.76515,9.51476,9.56484,1.56287e+007
MBB,3/23/2021 00:00:00,9.56484,9.58153,9.4313,9.46468,1.51053e+007
MBB,3/24/2021 00:00:00,9.34783,9.39791,9.14752,9.21429,1.60764e+007
MBB,3/25/2021 00:00:00,9.24768,9.34783,9.18091,9.1976,1.31998e+007
MBB,3/26/2021 00:00:00,9.11414,9.26437,8.93052,9.18091,1.43111e+007
MBB,3/29/2021 00:00:00,9.23099,9.44799,9.18091,9.4313,1.68835e+007
MBB,3/30/2021 00:00:00,9.4313,9.58153,9.33114,9.44799,1.31849e+007
MBB,3/31/2021 00:00:00,9.46468,9.53145,9.38122,9.39791,1.05104e+007
MBB,4/1/2021 00:00:00,9.4313,9.74846,9.4146,9.74846,1.95882e+007
MBB,4/2/2021 00:00:00,9.882,9.91538,9.76515,9.882,1.78904e+007
MBB,4/5/2021 00:00:00,10.099,10.1491,9.94877,10.1491,2.61023e+007
MBB,4/6/2021 00:00:00,10.2492,10.4996,10.1825,10.4829,3.32366e+007
MBB,4/7/2021 00:00:00,10.5163,10.6999,10.4996,10.6165,2.36204e+007
MBB,4/8/2021 00:00:00,10.6165,10.6165,10.3494,10.4162,2.23687e+007
MBB,4/9/2021 00:00:00,10.3828,10.4996,10.2993,10.4662,1.69048e+007
MBB,4/12/2021 00:00:00,10.5497,10.5998,10.4662,10.5664,1.66241e+007
MBB,4/13/2021 00:00:00,10.6165,10.6165,10.316,10.3828,2.25586e+007
MBB,4/14/2021 00:00:00,10.2826,10.4662,10.2158,10.4328,1.50967e+007
MBB,4/15/2021 00:00:00,10.4328,10.4328,10.1992,10.2158,1.89006e+007
MBB,4/16/2021 00:00:00,10.1491,10.2325,9.94877,10.0823,1.77083e+007
MBB,4/19/2021 00:00:00,10.1658,10.2826,9.99884,10.1825,1.39937e+007
MBB,4/20/2021 00:00:00,10.2492,10.3494,10.0489,10.1825,1.29424e+007
MBB,4/22/2021 00:00:00,10.1491,10.1825,9.74846,9.74846,1.3234e+007
MBB,4/23/2021 00:00:00,9.74846,10.1157,9.71507,10.1157,1.67101e+007
MBB,4/26/2021 00:00:00,10.1157,10.1157,9.84861,9.882,1.42536e+007
MBB,4/27/2021 00:00:00,9.882,9.99884,9.74846,9.882,1.00543e+007
MBB,4/28/2021 00:00:00,9.882,10.2826,9.882,10.099,1.73896e+007
MBB,4/29/2021 00:00:00,10.1825,10.3327,10.1324,10.1324,1.89376e+007
MBB,5/4/2021 00:00:00,9.882,10.4662,9.882,10.4328,2.43971e+007
MBB,5/5/2021 00:00:00,10.533,10.8168,10.5163,10.5831,2.58754e+007
MBB,5/6/2021 00:00:00,10.5831,10.7166,10.4662,10.5497,1.89155e+007
MBB,5/7/2021 00:00:00,10.4495,10.5831,10.4162,10.5497,2.47648e+007
MBB,5/10/2021 00:00:00,10.5497,11.1673,10.533,11.0839,3.63899e+007
MBB,5/11/2021 00:00:00,11.0839,11.1506,10.9169,10.9169,2.03851e+007
MBB,5/12/2021 00:00:00,10.8669,11.0839,10.8335,11.0839,2.1106e+007
MBB,5/13/2021 00:00:00,10.9503,11.2842,10.9503,11.0004,2.68968e+007
MBB,5/14/2021 00:00:00,11.1506,11.1506,10.967,11.0171,2.16519e+007
MBB,5/17/2021 00:00:00,11.184,11.184,10.9503,10.9837,1.91818e+007
MBB,5/18/2021 00:00:00,10.967,11.184,10.8835,11.1172,2.30378e+007
MBB,5/19/2021 00:00:00,11.2508,11.5179,11.1506,11.5179,2.93707e+007
MBB,5/20/2021 00:00:00,11.5846,11.6013,11.4344,11.5179,1.73149e+007
MBB,5/21/2021 00:00:00,11.4845,11.7683,11.4344,11.5679,1.98823e+007
MBB,5/24/2021 00:00:00,11.618,11.6848,11.4845,11.6013,2.04865e+007
MBB,5/25/2021 00:00:00,11.618,11.9519,11.6013,11.9519,2.27898e+007
MBB,5/26/2021 00:00:00,12.269,12.5194,12.219,12.5194,3.3671e+007
MBB,5/27/2021 00:00:00,12.5194,12.6029,12.0353,12.1856,2.81888e+007
MBB,5/28/2021 00:00:00,12.219,12.5862,12.0854,12.5862,2.63789e+007
MBB,5/31/2021 00:00:00,12.6863,12.7865,12.3525,12.6863,3.03957e+007
MBB,6/1/2021 00:00:00,12.8867,12.9701,12.7197,12.7531,1.63314e+007
MBB,6/2/2021 00:00:00,12.653,12.92,12.5528,12.8533,2.36825e+007
MBB,6/3/2021 00:00:00,13.354,13.738,13.304,13.738,2.9087e+007
MBB,6/4/2021 00:00:00,13.7547,14.2554,13.7213,13.8715,3.28961e+007
MBB,6/7/2021 00:00:00,13.8548,13.8548,13.0202,13.2706,3.08455e+007
MBB,6/8/2021 00:00:00,13.1871,13.3374,12.3859,12.4526,2.98087e+007
MBB,6/9/2021 00:00:00,12.3859,12.9534,12.269,12.87,3.06266e+007
MBB,6/10/2021 00:00:00,12.8533,13.0035,12.5862,12.653,1.55568e+007
MBB,6/11/2021 00:00:00,12.7531,13.3374,12.6029,13.1537,2.49982e+007
MBB,6/14/2021 00:00:00,13.1537,13.3207,12.9868,13.1204,2.4587e+007
MBB,6/15/2021 00:00:00,13.1204,13.3374,12.9033,13.1204,2.48905e+007
MBB,6/16/2021 00:00:00,13.1037,13.2038,12.9033,12.92,2.07022e+007
MBB,6/17/2021 00:00:00,12.6863,13.354,12.653,13.3207,2.57639e+007
MBB,6/18/2021 00:00:00,13.6879,13.6879,13.5043,13.5377,2.60237e+007
MBB,6/21/2021 00:00:00,13.4876,13.6712,13.3874,13.5711,1.88186e+007
MBB,6/22/2021 00:00:00,13.6879,14.172,13.6545,14.0217,3.54537e+007
MBB,6/23/2021 00:00:00,14.1052,14.172,13.8548,13.9884,2.36802e+007
MBB,6/24/2021 00:00:00,14.172,14.2721,13.9216,14.0217,2.24727e+007
MBB,6/25/2021 00:00:00,14.0217,14.0885,13.7881,14.0551,1.87533e+007
MBB,6/28/2021 00:00:00,14.2221,14.4558,14.1887,14.389,1.86095e+007
MBB,6/29/2021 00:00:00,14.4224,14.6227,14.1887,14.5058,1.83048e+007
MBB,6/30/2021 00:00:00,14.5225,14.8397,14.4724,14.4724,2.59954e+007
MBB,7/1/2021 00:00:00,14.4891,14.5893,14.2721,14.5058,2.45007e+007
MBB,7/2/2021 00:00:00,14.6227,14.6227,14.4724,14.5058,1.7761e+007
MBB,7/5/2021 00:00:00,14.5225,14.5392,14.1052,14.389,2.63374e+007
MBB,7/6/2021 00:00:00,14.4558,14.5058,13.3874,13.3874,2.24517e+007
MBB,7/7/2021 00:00:00,13.6545,14.0551,13.1871,14.0551,3.16378e+007
MBB,7/8/2021 00:00:00,14.0551,14.2554,13.8882,14.0551,2.05294e+007
MBB,7/9/2021 00:00:00,13.9049,14.2221,13.7547,13.9717,3.80653e+007
MBB,7/12/2021 00:00:00,14.2421,14.3322,13.0252,13.4308,3.45318e+007
MBB,7/13/2021 00:00:00,13.566,13.7914,13.2055,13.4308,1.25559e+007
MBB,7/14/2021 00:00:00,13.4308,13.4534,12.7548,13.0027,1.99704e+007
MBB,7/15/2021 00:00:00,12.89,13.2731,12.8449,13.2055,1.61363e+007
MBB,7/16/2021 00:00:00,13.2956,13.3407,13.0477,13.1153,1.13049e+007
MBB,7/19/2021 00:00:00,12.6196,12.9351,12.2139,12.2365,2.2151e+007
MBB,7/20/2021 00:00:00,12.4844,12.5745,11.9435,12.5745,1.55293e+007
MBB,7/21/2021 00:00:00,12.6646,12.89,12.5745,12.6196,1.22497e+007
MBB,7/22/2021 00:00:00,12.6196,12.8449,12.3942,12.7773,1.02041e+007
MBB,7/23/2021 00:00:00,12.6646,12.7999,12.5069,12.5069,1.18477e+007
MBB,7/26/2021 00:00:00,12.3041,12.4618,12.0787,12.259,1.59993e+007
MBB,7/27/2021 00:00:00,12.3492,12.5069,12.3041,12.3492,1.15961e+007
MBB,7/28/2021 00:00:00,12.3717,12.552,12.3266,12.4393,6.1618e+006
MBB,7/29/2021 00:00:00,12.5745,12.7999,12.5294,12.7999,1.5121e+007
MBB,7/30/2021 00:00:00,12.8449,13.1604,12.7999,13.0252,1.89689e+007
MBB,8/2/2021 00:00:00,13.0252,13.1153,12.89,12.9801,1.26364e+007
MBB,8/3/2021 00:00:00,13.0252,13.2506,12.9801,13.2055,1.93204e+007
MBB,8/4/2021 00:00:00,13.2956,13.4534,13.2731,13.3858,1.74099e+007
MBB,8/5/2021 00:00:00,13.3407,13.521,13.2506,13.521,1.66686e+007
MBB,8/6/2021 00:00:00,13.521,13.566,13.3407,13.3632,1.36847e+007
MBB,8/9/2021 00:00:00,13.2055,13.4759,13.1153,13.4759,1.28538e+007
MBB,8/10/2021 00:00:00,13.5435,13.6111,13.2956,13.3632,1.37997e+007
MBB,8/11/2021 00:00:00,13.3858,13.6111,13.2956,13.3858,1.9533e+007
MBB,8/12/2021 00:00:00,13.4308,13.521,13.2956,13.2956,9.7419e+006
MBB,8/13/2021 00:00:00,13.2956,13.3858,13.1153,13.3407,1.12596e+007
MBB,8/16/2021 00:00:00,13.3407,14.0618,13.2956,13.9717,3.19562e+007
MBB,8/17/2021 00:00:00,14.1745,14.3322,13.9717,14.0618,1.84789e+007
MBB,8/18/2021 00:00:00,13.9717,14.1294,13.9717,14.0167,1.24597e+007
MBB,8/19/2021 00:00:00,13.8815,14.0167,13.6562,14.0167,2.10806e+007
MBB,8/20/2021 00:00:00,13.9717,13.9717,13.2731,13.4759,3.18922e+007
MBB,8/23/2021 00:00:00,13.2956,13.4083,12.8675,12.89,2.19979e+007
MBB,8/24/2021 00:00:00,12.89,12.9576,12.6646,12.8675,1.39808e+007
MBB,8/25/2021 00:00:00,12.7097,12.89,12.552,12.89,1.83412e+007
MBB,8/26/2021 00:00:00,12.89,12.9125,12.6196,12.6646,1.27625e+007
MBB,8/27/2021 00:00:00,12.5069,12.6421,12.2816,12.6196,1.86022e+007
MBB,8/30/2021 00:00:00,12.6646,13.0252,12.6196,12.7999,1.58421e+007
MBB,8/31/2021 00:00:00,12.89,12.9351,12.5745,12.5745,1.03634e+007
MBB,9/1/2021 00:00:00,12.5745,12.7097,12.4844,12.5745,1.27486e+007
MBB,9/6/2021 00:00:00,12.597,12.7773,12.4844,12.7548,1.73302e+007
MBB,9/7/2021 00:00:00,12.8449,13.0027,12.7773,12.89,2.0389e+007
MBB,9/8/2021 00:00:00,12.9801,12.9801,12.7097,12.7548,9.3545e+006
MBB,9/9/2021 00:00:00,12.7097,12.8449,12.6196,12.7999,1.0496e+007
MBB,9/10/2021 00:00:00,12.7999,12.7999,12.7097,12.7097,8.4764e+006
MBB,9/13/2021 00:00:00,12.597,12.7548,12.5069,12.5745,1.37978e+007
MBB,9/14/2021 00:00:00,12.4844,12.6196,12.4393,12.4393,9.5695e+006
MBB,9/15/2021 00:00:00,12.3942,12.4393,12.259,12.3717,1.19508e+007
MBB,9/16/2021 00:00:00,12.3942,12.5294,12.3942,12.5294,9.7742e+006
MBB,9/17/2021 00:00:00,12.6196,12.6196,12.4618,12.552,9.7167e+006
MBB,9/20/2021 00:00:00,12.6872,12.8449,12.6646,12.7322,1.66645e+007
MBB,9/21/2021 00:00:00,12.5745,12.6646,12.4618,12.6196,9.451e+006
MBB,9/22/2021 00:00:00,12.6196,12.6872,12.4844,12.6196,9.3033e+006
MBB,9/23/2021 00:00:00,12.6196,12.7097,12.5294,12.5745,1.17921e+007
MBB,9/24/2021 00:00:00,12.6196,13.0027,12.5745,12.9351,2.91291e+007
MBB,9/27/2021 00:00:00,13.0252,13.0703,12.6196,12.6196,9.3164e+006
MBB,9/28/2021 00:00:00,12.6196,12.6646,12.5294,12.6196,7.3907e+006
MBB,9/29/2021 00:00:00,12.6196,12.7097,12.5069,12.5294,1.11066e+007
MBB,9/30/2021 00:00:00,12.5294,12.6872,12.5069,12.552,6.6446e+006
MBB,10/1/2021 00:00:00,12.5745,12.597,12.2816,12.3717,1.35364e+007
MBB,10/4/2021 00:00:00,12.3717,12.3942,12.1238,12.2139,1.22113e+007
MBB,10/5/2021 00:00:00,12.1914,12.3492,12.1914,12.3492,9.4631e+006
MBB,10/6/2021 00:00:00,12.3942,12.4168,12.2365,12.3942,1.00372e+007
MBB,10/7/2021 00:00:00,12.5745,12.5745,12.4168,12.4618,6.438e+006
MBB,10/8/2021 00:00:00,12.4618,12.5294,12.4168,12.4844,8.061e+006
MBB,10/11/2021 00:00:00,12.5294,12.9801,12.5069,12.9801,2.52147e+007
MBB,10/12/2021 00:00:00,13.1379,13.1379,12.8675,12.9576,1.48755e+007
MBB,10/13/2021 00:00:00,13.1153,13.1153,12.89,12.89,9.7767e+006
MBB,10/14/2021 00:00:00,12.9576,12.9801,12.8449,12.8449,1.06902e+007
MBB,10/15/2021 00:00:00,12.9576,12.9576,12.7773,12.7999,8.1895e+006
MBB,10/18/2021 00:00:00,12.9576,12.9576,12.7773,12.7999,8.3326e+006
MBB,10/19/2021 00:00:00,12.8449,12.8449,12.6646,12.7097,7.6894e+006
MBB,10/20/2021 00:00:00,12.8449,12.8449,12.5294,12.7097,8.9379e+006
MBB,10/21/2021 00:00:00,12.8449,12.8449,12.5745,12.5745,1.01956e+007
MBB,10/22/2021 00:00:00,12.6872,12.6872,12.552,12.5745,7.5789e+006
MBB,10/25/2021 00:00:00,12.597,12.6196,12.4393,12.4393,8.9554e+006
MBB,10/26/2021 00:00:00,12.4844,12.597,12.4393,12.597,6.8369e+006
MBB,10/27/2021 00:00:00,12.6196,12.7999,12.597,12.7999,1.0268e+007
MBB,10/28/2021 00:00:00,12.9125,12.9125,12.7773,12.8449,8.7819e+006
MBB,10/29/2021 00:00:00,12.8449,12.89,12.7097,12.8449,1.06945e+007
MBB,11/1/2021 00:00:00,12.89,12.9351,12.7548,12.7999,1.06524e+007
MBB,11/2/2021 00:00:00,12.7548,12.8449,12.7322,12.7999,8.6031e+006
MBB,11/3/2021 00:00:00,12.7999,13.2956,12.7999,13.1379,2.7447e+007
MBB,11/4/2021 00:00:00,13.1829,13.228,13.0027,13.0252,1.07909e+007
MBB,11/5/2021 00:00:00,13.0477,13.0477,12.89,12.9125,8.0741e+006
MBB,11/8/2021 00:00:00,12.9125,12.9801,12.7999,12.8449,1.36075e+007
MBB,11/9/2021 00:00:00,12.89,13.0477,12.8449,12.89,1.23637e+007
MBB,11/10/2021 00:00:00,12.9801,12.9801,12.8675,12.89,1.05979e+007
MBB,11/11/2021 00:00:00,12.89,12.89,12.6196,12.6646,1.2862e+007
MBB,11/12/2021 00:00:00,12.6196,12.8675,12.6196,12.8675,9.4358e+006
MBB,11/15/2021 00:00:00,12.9351,13.0703,12.8224,12.89,1.26112e+007
MBB,11/16/2021 00:00:00,12.9801,13.0477,12.8449,12.9125,1.38857e+007
MBB,11/17/2021 00:00:00,12.9125,12.9351,12.7999,12.9351,6.9304e+006
MBB,11/18/2021 00:00:00,12.9351,12.9351,12.7548,12.7548,9.3355e+006
MBB,11/19/2021 00:00:00,12.7097,13.0477,12.6196,12.7548,1.82726e+007
MBB,11/22/2021 00:00:00,12.8224,13.2956,12.7999,13.1604,2.34485e+007
MBB,11/23/2021 00:00:00,13.228,13.2506,13.0027,13.0252,9.852e+006
MBB,11/24/2021 00:00:00,13.0252,13.9266,12.9576,13.9266,4.30048e+007
MBB,11/25/2021 00:00:00,14.1069,14.1745,13.859,13.9266,2.0691e+007
MBB,11/26/2021 00:00:00,14.0167,14.0393,13.5886,13.6562,1.67686e+007
MBB,11/29/2021 00:00:00,13.3858,13.4984,13.2506,13.4308,1.70935e+007
MBB,11/30/2021 00:00:00,13.5886,13.6111,13.0252,13.0703,2.0624e+007
MBB,12/1/2021 00:00:00,13.0703,13.2956,12.9801,13.2956,1.05506e+007
MBB,12/2/2021 00:00:00,13.3632,13.3858,13.1153,13.1153,7.3109e+006
MBB,12/3/2021 00:00:00,13.2055,13.2506,12.7548,12.7548,1.24426e+007
MBB,12/6/2021 00:00:00,12.7548,12.8675,12.1689,12.3942,1.63369e+007
MBB,12/7/2021 00:00:00,12.4844,12.7097,12.4618,12.6872,7.7632e+006
MBB,12/8/2021 00:00:00,12.7097,12.9351,12.6421,12.7999,7.3575e+006
MBB,12/9/2021 00:00:00,12.6646,12.89,12.6646,12.8675,4.5888e+006
MBB,12/10/2021 00:00:00,12.9125,12.9351,12.7322,12.7773,6.3263e+006
MBB,12/13/2021 00:00:00,12.7773,12.8449,12.7548,12.7999,8.861e+006
MBB,12/14/2021 00:00:00,12.7773,12.89,12.7097,12.7322,6.1322e+006
MBB,12/15/2021 00:00:00,12.7322,12.9125,12.7097,12.8449,6.4051e+006
MBB,12/16/2021 00:00:00,12.9801,12.9801,12.7097,12.7322,5.6558e+006
MBB,12/17/2021 00:00:00,12.7548,12.7999,12.6646,12.7097,7.0734e+006
MBB,12/20/2021 00:00:00,12.7097,12.7322,12.5745,12.5745,7.4517e+006
MBB,12/21/2021 00:00:00,12.6646,12.7097,12.552,12.597,6.37e+006
MBB,12/22/2021 00:00:00,12.597,12.6421,12.4168,12.4618,8.6625e+006
MBB,12/23/2021 00:00:00,12.5294,12.552,12.2139,12.3041,1.01423e+007
MBB,12/24/2021 00:00:00,12.2816,12.6872,12.2816,12.6872,6.8123e+006
MBB,12/27/2021 00:00:00,12.7548,12.7999,12.5745,12.6872,3.8673e+006
MBB,12/28/2021 00:00:00,12.7773,12.7999,12.6421,12.7548,6.2861e+006
MBB,12/29/2021 00:00:00,12.8224,13.0027,12.7322,12.7548,9.2319e+006
MBB,12/30/2021 00:00:00,12.89,12.9576,12.7548,12.8224,4.9488e+006
MBB,12/31/2021 00:00:00,12.9351,13.228,12.8449,13.0252,1.29928e+007
MBB,1/4/2022 00:00:00,13.1604,13.2506,13.0928,13.1153,9.0729e+006
MBB,1/5/2022 00:00:00,13.1153,13.1379,12.9125,12.9351,9.1149e+006
MBB,1/6/2022 00:00:00,12.8449,12.89,12.6872,12.7773,1.0895e+007
MBB,1/7/2022 00:00:00,12.7773,13.0027,12.7548,12.89,9.5262e+006
MBB,1/10/2022 00:00:00,12.8675,12.9576,12.6646,12.6646,8.9331e+006
MBB,1/11/2022 00:00:00,12.7322,12.8449,12.5745,12.5745,6.8397e+006
MBB,1/12/2022 00:00:00,12.7097,13.1604,12.6421,13.1604,1.52893e+007
MBB,1/13/2022 00:00:00,13.3858,13.9041,13.3182,13.3858,3.47516e+007
MBB,1/14/2022 00:00:00,13.2956,13.5886,13.1829,13.3632,9.4723e+006
MBB,1/17/2022 00:00:00,13.3858,13.859,13.2956,13.2956,2.94303e+007
MBB,1/18/2022 00:00:00,13.3858,13.6787,13.2956,13.4759,1.43372e+007
MBB,1/19/2022 00:00:00,13.6111,13.8815,13.3407,13.3407,1.23877e+007
MBB,1/20/2022 00:00:00,13.3858,13.7463,13.1829,13.6111,1.56305e+007
MBB,1/21/2022 00:00:00,13.6111,14.5576,13.566,14.3322,5.09361e+007
MBB,1/24/2022 00:00:00,14.3548,14.8731,14.2646,14.4674,3.21259e+007
MBB,1/25/2022 00:00:00,14.4224,14.7379,14.3773,14.6928,1.98378e+007
MBB,1/26/2022 00:00:00,14.8505,15.2787,14.7829,15.0083,2.77169e+007
MBB,1/27/2022 00:00:00,14.8731,15.0308,14.6703,14.8731,1.76615e+007
MBB,1/28/2022 00:00:00,15.0083,15.4139,14.9632,15.1886,2.40272e+007
MBB,2/7/2022 00:00:00,15.459,15.5491,15.121,15.2336,1.68012e+007
MBB,2/8/2022 00:00:00,15.1435,15.3914,15.0083,15.2336,1.86631e+007
MBB,2/9/2022 00:00:00,15.2336,15.3914,15.0083,15.0083,2.10858e+007
MBB,2/10/2022 00:00:00,14.9632,15.4139,14.8956,15.2111,2.36938e+007
MBB,2/11/2022 00:00:00,15.2111,15.3914,15.1886,15.3012,1.41629e+007
MBB,2/14/2022 00:00:00,15.0984,15.2336,14.4224,14.4224,2.73163e+007
MBB,2/15/2022 00:00:00,14.49,14.828,14.3998,14.7379,2.07408e+007
MBB,2/16/2022 00:00:00,14.8505,14.8956,14.535,14.7153,9.311e+006
MBB,2/17/2022 00:00:00,14.7153,14.9632,14.6928,14.9632,9.3348e+006
MBB,2/18/2022 00:00:00,14.828,14.8956,14.6703,14.7153,1.24805e+007
MBB,2/21/2022 00:00:00,14.6928,14.828,14.3548,14.7153,1.88226e+007
MBB,2/22/2022 00:00:00,14.6477,15.504,14.4674,15.504,3.74584e+007
MBB,2/23/2022 00:00:00,15.5942,15.7294,15.3914,15.4815,1.73154e+007
MBB,2/24/2022 00:00:00,15.3238,15.6843,14.9632,15.3238,2.98136e+007
MBB,2/25/2022 00:00:00,15.5266,15.7294,15.3688,15.3688,1.6805e+007
MBB,2/28/2022 00:00:00,15.3463,15.6843,15.3238,15.504,1.27696e+007
MBB,3/1/2022 00:00:00,15.5942,15.7294,15.2562,15.3238,1.63194e+007
MBB,3/2/2022 00:00:00,15.2336,15.2336,14.6027,14.6477,5.16224e+007
MBB,3/3/2022 00:00:00,14.828,15.0083,14.2421,14.9181,2.99874e+007
MBB,3/4/2022 00:00:00,14.8731,15.0083,14.6928,14.828,1.12011e+007
MBB,3/7/2022 00:00:00,14.5125,14.7153,14.4224,14.5125,1.88967e+007
MBB,3/8/2022 00:00:00,14.3322,14.4224,13.9717,13.9717,2.56348e+007
MBB,3/9/2022 00:00:00,13.9717,14.1069,13.6336,13.859,2.41122e+007
MBB,3/10/2022 00:00:00,14.1069,14.3097,13.9717,13.9942,1.18662e+007
MBB,3/11/2022 00:00:00,13.9942,14.2872,13.9942,14.1745,1.12641e+007
MBB,3/14/2022 00:00:00,14.197,14.4224,14.0618,14.2646,1.59814e+007
MBB,3/15/2022 00:00:00,14.3773,14.3773,14.1294,14.2421,8.6991e+006
MBB,3/16/2022 00:00:00,14.49,14.6027,14.3773,14.4674,1.12263e+007
MBB,3/17/2022 00:00:00,14.6252,14.7604,14.5125,14.535,1.0242e+007
MBB,3/18/2022 00:00:00,14.6477,14.6703,14.4224,14.4674,9.9453e+006
MBB,3/21/2022 00:00:00,14.5576,14.5576,14.3322,14.5125,1.16919e+007
MBB,3/22/2022 00:00:00,14.5125,14.7379,14.5125,14.6252,1.1007e+007
MBB,3/23/2022 00:00:00,14.6477,14.7379,14.49,14.49,9.0999e+006
MBB,3/24/2022 00:00:00,14.4449,14.5801,14.4224,14.4449,8.1148e+006
MBB,3/25/2022 00:00:00,14.4449,14.5125,14.3322,14.3322,8.0932e+006
MBB,3/28/2022 00:00:00,14.3322,14.3998,14.0167,14.197,1.29526e+007
MBB,3/29/2022 00:00:00,14.2646,14.4224,14.197,14.4224,7.2098e+006
MBB,3/30/2022 00:00:00,14.3773,15.0533,14.3322,14.7153,3.01371e+007
MBB,3/31/2022 00:00:00,14.7153,14.9181,14.7153,14.8505,1.28226e+007
MBB,4/1/2022 00:00:00,14.8731,15.0984,14.7829,15.0083,1.62616e+007
MBB,4/4/2022 00:00:00,15.2111,15.2111,14.8731,14.8731,1.21929e+007
MBB,4/5/2022 00:00:00,14.8505,14.9632,14.7153,14.7153,9.9675e+006
MBB,4/6/2022 00:00:00,14.7153,15.0984,14.6477,15.0308,1.67873e+007
MBB,4/7/2022 00:00:00,15.121,15.504,15.0984,15.1886,2.41075e+007
MBB,4/8/2022 00:00:00,15.2111,15.3238,14.9181,14.9632,1.14298e+007
MBB,4/12/2022 00:00:00,14.9632,14.9857,14.5125,14.535,1.53446e+007
MBB,4/13/2022 00:00:00,14.535,14.7829,14.5125,14.6928,1.3561e+007
MBB,4/14/2022 00:00:00,14.7379,14.828,14.5576,14.5576,7.9066e+006
MBB,4/15/2022 00:00:00,14.5576,14.5801,14.1069,14.152,1.51106e+007
MBB,4/18/2022 00:00:00,14.1069,14.1069,13.5886,13.6562,1.78924e+007
MBB,4/19/2022 00:00:00,13.7463,13.9041,13.2055,13.2055,1.2751e+007
MBB,4/20/2022 00:00:00,13.2506,13.5435,13.1379,13.2956,1.30374e+007
MBB,4/21/2022 00:00:00,13.2956,13.7689,13.1153,13.521,1.26048e+007
MBB,4/22/2022 00:00:00,13.6562,13.8815,13.4308,13.521,1.14535e+007
MBB,4/25/2022 00:00:00,13.6111,13.7463,12.5745,12.6646,1.61987e+007
MBB,4/26/2022 00:00:00,12.6196,13.2731,12.1689,13.228,1.47812e+007
MBB,4/27/2022 00:00:00,13.1829,13.4083,13.0027,13.3858,7.1743e+006
MBB,4/28/2022 00:00:00,13.4308,13.4759,13.2506,13.2731,6.2661e+006
MBB,4/29/2022 00:00:00,13.228,13.4759,13.2055,13.4308,8.4868e+006
MBB,5/4/2022 00:00:00,13.4308,13.4534,13.0252,13.0252,7.8748e+006
MBB,5/5/2022 00:00:00,13.2055,13.2055,12.7322,13.0703,6.9044e+006
MBB,5/6/2022 00:00:00,12.8449,12.9801,12.6196,12.6196,8.8519e+006
MBB,5/9/2022 00:00:00,12.4393,12.5294,11.7858,11.8083,1.57464e+007
MBB,5/10/2022 00:00:00,11.628,12.1914,11.3125,12.1914,1.08417e+007
MBB,5/11/2022 00:00:00,12.1914,12.3942,12.0337,12.3942,5.7643e+006
MBB,5/12/2022 00:00:00,12.1689,12.3041,11.5604,11.5604,1.01836e+007
MBB,5/13/2022 00:00:00,11.7182,11.8083,10.8618,10.8618,1.61322e+007
MBB,5/16/2022 00:00:00,11.3576,11.4252,11.0421,11.0872,7.3824e+006
MBB,5/17/2022 00:00:00,11.1097,11.8534,11.0647,11.8534,8.1004e+006
MBB,5/18/2022 00:00:00,12.0787,12.3942,11.8985,12.0111,8.6753e+006
MBB,5/19/2022 00:00:00,11.8083,12.1914,11.7182,12.0562,6.2475e+006
MBB,5/20/2022 00:00:00,12.0787,12.2816,11.9886,12.1689,5.0448e+006
MBB,5/23/2022 00:00:00,12.1689,12.2139,11.7632,11.8534,6.27e+006
MBB,5/24/2022 00:00:00,11.9435,12.1013,11.7858,12.1013,6.6905e+006
MBB,5/25/2022 00:00:00,12.1689,12.7322,12.1689,12.6421,1.09163e+007
MBB,5/26/2022 00:00:00,12.7548,12.7548,12.4618,12.4618,7.2608e+006
MBB,5/27/2022 00:00:00,12.4844,12.6872,12.4168,12.6196,8.3739e+006
MBB,5/30/2022 00:00:00,12.7322,12.7322,12.5745,12.6646,7.9379e+006
MBB,5/31/2022 00:00:00,12.6196,12.6196,12.3942,12.5069,5.2859e+006
MBB,6/1/2022 00:00:00,12.4393,12.6196,12.4168,12.4393,3.9287e+006
MBB,6/2/2022 00:00:00,12.4168,12.552,12.259,12.259,6.488e+006
MBB,6/3/2022 00:00:00,12.2816,12.3492,12.0111,12.3492,5.1694e+006
MBB,6/6/2022 00:00:00,12.3492,12.4168,12.1238,12.2816,6.9419e+006
MBB,6/7/2022 00:00:00,12.3041,12.3041,11.8985,12.1463,5.5252e+006
MBB,6/8/2022 00:00:00,12.259,12.6646,12.1463,12.597,1.18211e+007
MBB,6/9/2022 00:00:00,12.6872,12.6872,12.3942,12.5294,4.5349e+006
MBB,6/10/2022 00:00:00,12.3942,12.6196,12.3717,12.3942,4.6918e+006
MBB,6/13/2022 00:00:00,12.0787,12.0787,11.5379,11.5604,1.61141e+007
MBB,6/14/2022 00:00:00,11.2675,11.6731,11.2675,11.4928,8.7369e+006
MBB,6/15/2022 00:00:00,11.3802,11.4928,10.9069,11.2224,1.55904e+007
MBB,6/16/2022 00:00:00,11.2675,11.4478,11.2224,11.2224,7.1213e+006
MBB,6/17/2022 00:00:00,10.659,10.8618,10.4562,10.5013,2.09395e+007
MBB,6/20/2022 00:00:00,10.5013,10.659,9.84778,10.1407,9.6738e+006
MBB,6/21/2022 00:00:00,10.1407,10.321,9.93791,10.1182,6.2504e+006
MBB,6/22/2022 00:00:00,10.2083,10.7717,10.2083,10.5689,1.04655e+007
MBB,6/23/2022 00:00:00,10.4788,10.8393,10.4788,10.8393,5.6393e+006
MBB,6/24/2022 00:00:00,10.9069,10.9069,10.6816,10.6816,3.8528e+006
MBB,6/27/2022 00:00:00,10.7266,10.9069,10.6365,10.8618,5.5865e+006
MBB,6/28/2022 00:00:00,10.6816,11.3576,10.659,11.1323,1.23936e+007
MBB,6/29/2022 00:00:00,11.0647,11.3125,10.9745,11.1323,8.5749e+006
MBB,6/30/2022 00:00:00,11.1548,11.2224,10.9069,10.9069,7.1821e+006
MBB,7/1/2022 00:00:00,10.7041,10.9971,10.5689,10.9069,7.5565e+006
MBB,7/4/2022 00:00:00,10.9745,11.1097,10.8618,11.0872,6.3203e+006
MBB,7/5/2022 00:00:00,11.1097,11.628,11.0421,11.4703,1.64985e+007
MBB,7/6/2022 00:00:00,11.2675,11.5154,11.1999,11.2224,7.4769e+006
MBB,7/7/2022 00:00:00,11.2224,11.4252,11.0421,11.3125,6.5726e+006
MBB,7/8/2022 00:00:00,11.4027,11.4027,11.2449,11.29,5.5473e+006
MBB,7/11/2022 00:00:00,11.2224,11.29,10.952,10.9971,8.2687e+006
MBB,7/12/2022 00:00:00,11.0421,11.3576,10.9745,11.29,5.8558e+006
MBB,7/13/2022 00:00:00,11.4027,11.6055,11.3125,11.4027,9.6543e+006
MBB,7/14/2022 00:00:00,11.3351,11.5154,11.3351,11.4928,7.2757e+006
MBB,7/15/2022 00:00:00,11.4928,11.583,11.4478,11.4703,8.0952e+006
MBB,7/18/2022 00:00:00,11.4928,11.583,11.4478,11.4478,6.138e+006
MBB,7/19/2022 00:00:00,11.4252,11.4478,11.2675,11.3576,4.7455e+006
MBB,7/20/2022 00:00:00,11.4928,11.5604,11.4478,11.5154,6.8818e+006
MBB,7/21/2022 00:00:00,11.4928,11.6055,11.4928,11.5379,6.6809e+006
MBB,7/22/2022 00:00:00,11.5379,11.6731,11.5154,11.5154,7.0851e+006
MBB,7/25/2022 00:00:00,11.4703,11.5154,11.3576,11.3802,3.6358e+006
MBB,7/26/2022 00:00:00,11.3802,11.4703,11.3125,11.3351,3.5883e+006
MBB,7/27/2022 00:00:00,11.2675,11.3125,11.1548,11.2224,5.7411e+006
MBB,7/28/2022 00:00:00,11.3802,11.6055,11.3125,11.5154,9.3345e+006
MBB,7/29/2022 00:00:00,11.583,11.6055,11.4928,11.5604,7.4177e+006
MBB,8/1/2022 00:00:00,11.583,11.9435,11.5604,11.9435,1.20008e+007
MBB,8/2/2022 00:00:00,11.921,12.1013,11.8534,12.0337,1.09115e+007
MBB,8/3/2022 00:00:00,11.9886,12.1238,11.8083,12.1238,9.8913e+006
MBB,8/4/2022 00:00:00,12.1463,12.259,12.0787,12.1463,1.11906e+007
MBB,8/5/2022 00:00:00,12.1238,12.1463,11.9661,12.1463,7.492e+006
MBB,8/8/2022 00:00:00,12.1689,12.259,12.0787,12.2139,9.0538e+006
MBB,8/9/2022 00:00:00,12.3492,12.4393,12.259,12.3266,1.06033e+007
MBB,8/10/2022 00:00:00,12.3492,12.3717,12.2139,12.259,6.3667e+006
MBB,8/11/2022 00:00:00,12.3717,12.3942,12.0562,12.0787,1.12307e+007
MBB,8/12/2022 00:00:00,12.0787,12.2139,12.0337,12.1914,4.4508e+006
MBB,8/15/2022 00:00:00,12.3041,12.4393,12.2816,12.3266,8.1064e+006
MBB,8/16/2022 00:00:00,12.3041,12.3492,12.2365,12.2816,7.0379e+006
MBB,8/17/2022 00:00:00,12.3041,12.552,12.3041,12.5069,1.54046e+007
MBB,8/18/2022 00:00:00,12.4844,12.552,12.4168,12.4618,9.0522e+006
MBB,8/19/2022 00:00:00,12.4844,12.4844,12.3942,12.4393,9.1251e+006
MBB,8/22/2022 00:00:00,12.6015,12.6827,12.4393,12.4934,1.06353e+007
MBB,8/23/2022 00:00:00,12.3311,12.5745,12.3311,12.5475,5.6299e+006
MBB,8/24/2022 00:00:00,12.5745,12.6556,12.5204,12.6015,7.2557e+006
MBB,8/25/2022 00:00:00,12.6556,12.7908,12.5745,12.7908,1.15017e+007
MBB,8/26/2022 00:00:00,12.8449,12.9261,12.7638,12.7638,1.00331e+007
MBB,8/29/2022 00:00:00,12.4663,12.7097,12.3852,12.6556,1.19615e+007
MBB,8/30/2022 00:00:00,12.7368,12.9261,12.6827,12.7908,9.2443e+006
MBB,8/31/2022 00:00:00,12.7908,12.9531,12.7368,12.8449,6.9254e+006
MBB,9/5/2022 00:00:00,12.8179,12.9261,12.7368,12.7638,6.3794e+006
MBB,9/6/2022 00:00:00,12.7638,12.9261,12.7368,12.7908,6.8893e+006
MBB,9/7/2022 00:00:00,12.8179,12.872,12.4393,12.4393,1.74086e+007
MBB,9/8/2022 00:00:00,12.4934,12.5745,12.3041,12.3311,7.9605e+006
MBB,9/9/2022 00:00:00,12.4123,12.4123,12.0337,12.277,8.6495e+006
MBB,9/12/2022 00:00:00,12.4393,12.4393,12.223,12.223,3.0131e+006
MBB,9/13/2022 00:00:00,12.25,12.3041,12.1689,12.1959,5.1647e+006
MBB,9/14/2022 00:00:00,11.9255,12.1418,11.8985,12.1148,6.8261e+006
MBB,9/15/2022 00:00:00,12.1418,12.1959,11.9255,11.9796,3.588e+006
MBB,9/16/2022 00:00:00,12.0337,12.0877,11.7632,11.7903,7.0157e+006
MBB,9/19/2022 00:00:00,11.7362,11.7903,11.3576,11.3576,8.312e+006
MBB,9/20/2022 00:00:00,11.5469,11.5469,11.3306,11.5469,5.1661e+006
MBB,9/21/2022 00:00:00,11.4658,11.4658,11.3306,11.4658,4.0246e+006
MBB,9/22/2022 00:00:00,11.3576,11.4928,11.2765,11.4928,5.3287e+006
MBB,9/23/2022 00:00:00,11.4658,11.5469,11.3576,11.3576,3.7188e+006
MBB,9/26/2022 00:00:00,11.1413,11.3035,10.7627,10.8709,1.01868e+007
MBB,9/27/2022 00:00:00,11.0061,11.0061,10.8168,10.9249,3.9777e+006
MBB,9/28/2022 00:00:00,10.8168,10.952,10.7897,10.7897,3.5023e+006
MBB,9/29/2022 00:00:00,10.9249,10.952,10.7086,10.7086,4.316e+006
MBB,9/30/2022 00:00:00,10.6545,10.8168,10.4382,10.8168,7.5302e+006
MBB,10/3/2022 00:00:00,10.7627,10.7627,10.0596,10.1137,9.0675e+006
MBB,10/4/2022 00:00:00,10.3841,10.3841,10.0055,10.1678,8.3956e+006
MBB,10/5/2022 00:00:00,10.33,10.5193,10.303,10.3841,5.0291e+006
MBB,10/6/2022 00:00:00,10.3571,10.3571,9.76214,9.78918,7.5244e+006
MBB,10/7/2022 00:00:00,9.49172,9.62693,9.11314,9.16722,4.11683e+007
MBB,10/10/2022 00:00:00,9.16722,9.4106,8.95088,9.32947,1.1369e+007
MBB,10/11/2022 00:00:00,9.35651,9.35651,8.68046,8.68046,1.93967e+007
MBB,10/12/2022 00:00:00,8.73455,9.27539,8.73455,9.27539,1.22852e+007
MBB,10/13/2022 00:00:00,9.27539,9.49172,9.19426,9.4106,6.8103e+006
MBB,10/14/2022 00:00:00,9.68102,9.89735,9.51876,9.62693,1.21431e+007
MBB,10/17/2022 00:00:00,9.57285,9.62693,9.24835,9.46468,9.7533e+006
MBB,10/18/2022 00:00:00,9.70806,9.84327,9.43764,9.49172,9.5582e+006
MBB,10/19/2022 00:00:00,9.57285,9.62693,9.32947,9.46468,5.5899e+006
MBB,10/20/2022 00:00:00,9.43764,9.46468,9.27539,9.27539,6.7828e+006
MBB,10/21/2022 00:00:00,9.32947,9.32947,8.70751,8.70751,1.37406e+007
MBB,10/24/2022 00:00:00,8.81567,8.8968,8.35596,8.43709,1.74181e+007
MBB,10/25/2022 00:00:00,8.51821,9.00497,8.383,8.86976,1.60361e+007
MBB,10/26/2022 00:00:00,8.86976,9.08609,8.78863,8.86976,7.2649e+006
MBB,10/27/2022 00:00:00,8.92384,9.46468,8.92384,9.46468,1.30981e+007
MBB,10/28/2022 00:00:00,9.62693,9.81623,9.4106,9.54581,1.39507e+007
MBB,10/31/2022 00:00:00,9.57285,9.68102,9.19426,9.57285,1.21959e+007
MBB,11/1/2022 00:00:00,9.7351,9.95144,9.65397,9.7351,2.08536e+007
MBB,11/2/2022 00:00:00,9.7351,9.84327,9.62693,9.68102,1.02128e+007
MBB,11/3/2022 00:00:00,9.54581,9.7351,9.51876,9.54581,8.9047e+006
MBB,11/4/2022 00:00:00,9.38356,9.68102,8.92384,9.68102,2.49805e+007
MBB,11/7/2022 00:00:00,9.51876,9.59989,9.16722,9.16722,1.15847e+007
MBB,11/8/2022 00:00:00,9.05905,9.43764,8.97793,9.30243,8.7194e+006
MBB,11/9/2022 00:00:00,9.35651,9.49172,9.14018,9.16722,8.4375e+006
MBB,11/10/2022 00:00:00,9.11314,9.14018,8.54525,8.54525,2.00361e+007
MBB,11/11/2022 00:00:00,8.78863,9.03201,8.62638,8.65342,1.19731e+007
MBB,11/14/2022 00:00:00,8.62638,8.62638,8.16667,8.22075,1.20289e+007
MBB,11/15/2022 00:00:00,8.11258,8.22075,7.65287,7.65287,2.34811e+007
MBB,11/16/2022 00:00:00,7.27428,8.16667,7.13907,8.16667,2.609e+007
MBB,11/17/2022 00:00:00,8.30188,8.59934,8.16667,8.49117,1.48237e+007
MBB,11/18/2022 00:00:00,8.383,8.76159,8.11258,8.49117,1.28997e+007
MBB,11/21/2022 00:00:00,8.59934,8.70751,8.43709,8.49117,1.07281e+007
MBB,11/22/2022 00:00:00,8.49117,8.8968,8.43709,8.54525,1.33942e+007
MBB,11/23/2022 00:00:00,8.54525,8.70751,8.49117,8.49117,7.3716e+006
MBB,11/24/2022 00:00:00,8.46413,8.5723,8.32892,8.49117,6.3512e+006
MBB,11/25/2022 00:00:00,8.54525,8.76159,8.51821,8.76159,9.8553e+006
MBB,11/28/2022 00:00:00,8.8968,9.30243,8.86976,9.30243,1.54548e+007
MBB,11/29/2022 00:00:00,9.30243,9.43764,9.08609,9.30243,1.51293e+007
MBB,11/30/2022 00:00:00,9.35651,9.49172,9.16722,9.4106,1.31898e+007
MBB,12/1/2022 00:00:00,9.57285,9.95144,9.43764,9.62693,2.76811e+007
MBB,12/2/2022 00:00:00,9.62693,10.1678,9.49172,10.1678,1.63291e+007
MBB,12/5/2022 00:00:00,10.2759,10.4382,10.1407,10.2759,1.99324e+007
MBB,12/6/2022 00:00:00,10.2759,10.303,9.57285,9.57285,2.20743e+007
MBB,12/7/2022 00:00:00,9.54581,9.68102,9.32947,9.35651,1.2155e+007
MBB,12/8/2022 00:00:00,9.57285,10.0055,9.49172,9.78918,1.38155e+007
MBB,12/9/2022 00:00:00,9.84327,9.89735,9.59989,9.84327,9.4287e+006
MBB,12/12/2022 00:00:00,9.84327,9.95144,9.54581,9.57285,1.24698e+007
MBB,12/13/2022 00:00:00,9.59989,9.7351,9.46468,9.7351,7.9679e+006
MBB,12/14/2022 00:00:00,9.92439,9.95144,9.7351,9.81623,1.04361e+007
MBB,12/15/2022 00:00:00,9.7351,10.3841,9.7351,10.2489,2.41631e+007
MBB,12/16/2022 00:00:00,10.1137,10.33,10.1137,10.1678,1.16738e+007
MBB,12/19/2022 00:00:00,10.1678,10.4111,9.92439,9.92439,1.43753e+007
MBB,12/20/2022 00:00:00,9.89735,9.97848,9.4106,9.51876,1.8204e+007
MBB,12/21/2022 00:00:00,9.65397,9.68102,9.24835,9.57285,8.645e+006
MBB,12/22/2022 00:00:00,9.68102,9.89735,9.57285,9.7351,7.7065e+006
MBB,12/23/2022 00:00:00,9.70806,9.70806,9.51876,9.59989,4.508e+006
MBB,12/26/2022 00:00:00,9.57285,9.59989,9.08609,9.08609,9.4298e+006
MBB,12/27/2022 00:00:00,9.11314,9.35651,9.05905,9.32947,5.6264e+006
MBB,12/28/2022 00:00:00,9.35651,9.51876,9.2213,9.43764,4.6084e+006
MBB,12/29/2022 00:00:00,9.35651,9.51876,9.35651,9.4106,4.1827e+006
MBB,12/30/2022 00:00:00,9.49172,9.49172,9.24835,9.24835,4.1289e+006
MBB,1/3/2023 00:00:00,9.30243,9.7351,9.30243,9.7351,7.538e+006
MBB,1/4/2023 00:00:00,9.78918,9.87031,9.70806,9.70806,7.7502e+006
MBB,1/5/2023 00:00:00,9.7351,9.87031,9.62693,9.84327,7.7469e+006
MBB,1/6/2023 00:00:00,9.76214,10.1407,9.7351,9.87031,1.09171e+007
MBB,1/9/2023 00:00:00,10.0055,10.0055,9.84327,9.87031,5.9509e+006
MBB,1/10/2023 00:00:00,9.84327,9.92439,9.78918,9.84327,6.4006e+006
MBB,1/11/2023 00:00:00,9.87031,9.97848,9.84327,9.87031,6.4664e+006
MBB,1/12/2023 00:00:00,9.89735,9.95144,9.81623,9.87031,7.3337e+006
MBB,1/13/2023 00:00:00,9.95144,10.0326,9.87031,9.87031,7.9995e+006
MBB,1/16/2023 00:00:00,9.89735,10.0326,9.84327,10.0055,6.2468e+006
MBB,1/17/2023 00:00:00,10.1137,10.4923,10.0596,10.4923,1.88976e+007
MBB,1/18/2023 00:00:00,10.5464,10.5734,10.3841,10.5734,9.9113e+006
MBB,1/19/2023 00:00:00,10.5464,10.6816,10.4923,10.6004,1.10642e+007
MBB,1/27/2023 00:00:00,10.7627,10.8709,10.6275,10.6545,9.2037e+006
MBB,1/30/2023 00:00:00,10.7086,10.7086,10.4111,10.4111,1.26643e+007
MBB,1/31/2023 00:00:00,10.3841,10.5734,10.1407,10.5734,1.49671e+007
MBB,2/1/2023 00:00:00,10.6545,10.7897,10.2219,10.2219,1.57407e+007
MBB,2/2/2023 00:00:00,10.33,10.33,10.0326,10.2489,1.22088e+007
MBB,2/3/2023 00:00:00,10.2489,10.33,10.0596,10.0596,1.00226e+007
MBB,2/6/2023 00:00:00,10.0596,10.2219,10.0055,10.1137,6.6361e+006
MBB,2/7/2023 00:00:00,10.1948,10.1948,9.92439,9.92439,7.6752e+006
MBB,2/8/2023 00:00:00,10.0055,10.1137,9.87031,9.95144,5.59e+006
MBB,2/9/2023 00:00:00,9.95144,10.1137,9.92439,9.97848,6.3328e+006
MBB,2/10/2023 00:00:00,10.0326,10.0596,9.89735,9.89735,5.9917e+006
MBB,2/13/2023 00:00:00,9.84327,9.84327,9.59989,9.7351,9.8697e+006
MBB,2/14/2023 00:00:00,9.7351,9.81623,9.62693,9.65397,6.5963e+006
MBB,2/15/2023 00:00:00,9.59989,9.87031,9.59989,9.7351,6.5183e+006
MBB,2/16/2023 00:00:00,9.78918,9.92439,9.76214,9.87031,4.7422e+006
MBB,2/17/2023 00:00:00,9.87031,9.95144,9.78918,9.78918,4.7932e+006
MBB,2/20/2023 00:00:00,9.78918,10.2219,9.78918,10.2219,8.602e+006
MBB,2/21/2023 00:00:00,10.2759,10.33,10.0596,10.0596,6.9518e+006
MBB,2/22/2023 00:00:00,9.95144,10.0055,9.87031,9.87031,9.8756e+006
MBB,2/23/2023 00:00:00,9.7351,9.84327,9.57285,9.81623,1.633e+007
MBB,2/24/2023 00:00:00,9.81623,9.87031,9.57285,9.57285,1.00723e+007
MBB,2/27/2023 00:00:00,9.43764,9.46468,9.32947,9.32947,8.046e+006
MBB,2/28/2023 00:00:00,9.38356,9.54581,9.27539,9.32947,6.1631e+006
MBB,3/1/2023 00:00:00,9.27539,9.54581,9.19426,9.54581,6.3202e+006
MBB,3/2/2023 00:00:00,9.54581,9.57285,9.38356,9.4106,3.8361e+006
MBB,3/3/2023 00:00:00,9.46468,9.46468,9.27539,9.27539,4.7413e+006
MBB,3/6/2023 00:00:00,9.4106,9.57285,9.35651,9.35651,6.8318e+006
MBB,3/7/2023 00:00:00,9.4106,9.51876,9.38356,9.4106,6.1735e+006
MBB,3/8/2023 00:00:00,9.35651,9.51876,9.30243,9.51876,7.4092e+006
MBB,3/9/2023 00:00:00,9.54581,9.70806,9.51876,9.62693,8.0586e+006
MBB,3/10/2023 00:00:00,9.62693,9.62693,9.51876,9.59989,5.2941e+006
MBB,3/13/2023 00:00:00,9.38356,9.51876,9.38356,9.46468,8.5296e+006
MBB,3/14/2023 00:00:00,9.46468,9.49172,9.30243,9.30243,8.4711e+006
MBB,3/15/2023 00:00:00,9.51876,9.65397,9.46468,9.62693,6.2815e+006
MBB,3/16/2023 00:00:00,9.57285,9.57285,9.4106,9.43764,5.7529e+006
MBB,3/17/2023 00:00:00,9.57285,9.57285,9.43764,9.43764,4.2675e+006
MBB,3/20/2023 00:00:00,9.51876,9.51876,9.35651,9.35651,5.9877e+006
MBB,3/21/2023 00:00:00,9.43764,9.46468,9.30243,9.38356,8.0424e+006
MBB,3/22/2023 00:00:00,9.46468,9.49172,9.38356,9.4106,5.2873e+006
MBB,3/23/2023 00:00:00,9.35651,9.43764,9.35651,9.4106,3.7815e+006
MBB,3/24/2023 00:00:00,9.57285,9.70806,9.51876,9.59989,1.6307e+007
MBB,3/27/2023 00:00:00,9.62693,9.7351,9.57285,9.70806,8.0385e+006
MBB,3/28/2023 00:00:00,9.76214,9.89735,9.7351,9.7351,1.23856e+007
MBB,3/29/2023 00:00:00,9.81623,9.95144,9.78918,9.89735,1.044e+007
MBB,3/30/2023 00:00:00,9.95144,10.0055,9.87031,9.87031,8.9785e+006
MBB,3/31/2023 00:00:00,9.89735,9.95144,9.81623,9.87031,1.05399e+007
MBB,4/3/2023 00:00:00,10.0055,10.1137,9.95144,10.1137,2.04228e+007
MBB,4/4/2023 00:00:00,10.1407,10.1678,10.0596,10.1407,1.1313e+007
MBB,4/5/2023 00:00:00,10.1407,10.1948,10.0596,10.1678,9.8903e+006
MBB,4/6/2023 00:00:00,10.1948,10.2219,10.0055,10.0055,1.20368e+007
MBB,4/7/2023 00:00:00,10.0055,10.0596,9.92439,10.0596,8.5437e+006
MBB,4/10/2023 00:00:00,10.1137,10.2759,10.0596,10.0596,1.31061e+007
MBB,4/11/2023 00:00:00,10.0596,10.1678,9.97848,10.1407,6.6369e+006
MBB,4/12/2023 00:00:00,10.1678,10.1678,10.0326,10.1137,7.9651e+006
MBB,4/13/2023 00:00:00,10.1137,10.1407,10.0055,10.0326,5.9564e+006
MBB,4/14/2023 00:00:00,10.0596,10.1137,9.89735,9.89735,7.848e+006
MBB,4/17/2023 00:00:00,9.84327,9.92439,9.81623,9.87031,5.536e+006
MBB,4/18/2023 00:00:00,9.92439,9.95144,9.76214,9.81623,5.9648e+006
MBB,4/19/2023 00:00:00,9.87031,9.89735,9.78918,9.78918,4.1572e+006
MBB,4/20/2023 00:00:00,9.78918,9.84327,9.76214,9.81623,3.1232e+006
MBB,4/21/2023 00:00:00,9.81623,9.87031,9.76214,9.76214,3.8584e+006
MBB,4/24/2023 00:00:00,9.76214,9.89735,9.7351,9.87031,5.3046e+006
MBB,4/25/2023 00:00:00,9.95144,9.95144,9.81623,9.87031,4.5649e+006
MBB,4/26/2023 00:00:00,9.87031,9.92439,9.78918,9.92439,4.9976e+006
MBB,4/27/2023 00:00:00,9.95144,9.97848,9.89735,9.95144,3.6243e+006
MBB,4/28/2023 00:00:00,10.0055,10.0326,9.92439,9.97848,4.4043e+006
MBB,5/4/2023 00:00:00,9.92439,9.97848,9.81623,9.84327,5.8328e+006
MBB,5/5/2023 00:00:00,9.84327,9.87031,9.78918,9.78918,4.0057e+006
MBB,5/8/2023 00:00:00,9.84327,9.89735,9.81623,9.87031,4.2199e+006
MBB,5/9/2023 00:00:00,9.89735,9.92439,9.84327,9.89735,4.5202e+006
MBB,5/10/2023 00:00:00,9.89735,10.0055,9.87031,10.0055,6.8485e+006
MBB,5/11/2023 00:00:00,10.0596,10.0866,9.97848,10.0055,7.3997e+006
MBB,5/12/2023 00:00:00,10.0326,10.0866,9.95144,10.0866,7.2809e+006
MBB,5/15/2023 00:00:00,10.1407,10.33,10.1137,10.1948,1.77714e+007
MBB,5/16/2023 00:00:00,10.1948,10.2489,10.1137,10.1678,6.7505e+006
MBB,5/17/2023 00:00:00,10.1407,10.1678,9.97848,9.97848,9.0881e+006
MBB,5/18/2023 00:00:00,10.0326,10.0866,9.97848,10.0596,6.6595e+006
MBB,5/19/2023 00:00:00,10.0596,10.1137,10.0326,10.0866,3.7937e+006
MBB,5/22/2023 00:00:00,10.1137,10.2219,10.0866,10.1948,8.2571e+006
MBB,5/23/2023 00:00:00,10.2219,10.2759,10.1137,10.1407,7.4331e+006
MBB,5/24/2023 00:00:00,10.1678,10.1948,10.0326,10.0596,5.5453e+006
MBB,5/25/2023 00:00:00,10.0596,10.0596,9.97848,9.97848,4.7341e+006
MBB,5/26/2023 00:00:00,10.0055,10.0055,9.95144,9.97848,3.9046e+006
MBB,5/29/2023 00:00:00,10.0596,10.1407,10.0055,10.1407,5.9677e+006
MBB,5/30/2023 00:00:00,10.1678,10.1948,10.0866,10.1407,6.5862e+006
MBB,5/31/2023 00:00:00,10.1678,10.1948,10.0596,10.0596,6.8836e+006
MBB,6/1/2023 00:00:00,10.0596,10.1678,10.0326,10.1678,8.4362e+006
MBB,6/2/2023 00:00:00,10.33,10.7357,10.303,10.6545,3.29902e+007
MBB,6/5/2023 00:00:00,10.7627,10.8709,10.6816,10.7086,1.94595e+007
MBB,6/6/2023 00:00:00,10.7627,11.0602,10.7086,11.0602,2.27948e+007
MBB,6/7/2023 00:00:00,11.0602,11.1142,10.952,11.0061,1.34387e+007
MBB,6/8/2023 00:00:00,11.0061,11.0602,10.8168,10.8168,1.3684e+007
MBB,6/9/2023 00:00:00,10.8709,10.952,10.8168,10.952,1.03563e+007
MBB,6/12/2023 00:00:00,10.979,11.0331,10.8168,11.0061,8.9988e+006
MBB,6/13/2023 00:00:00,11.0331,11.0331,10.8979,10.979,1.05972e+007
MBB,6/14/2023 00:00:00,11.1454,11.2008,10.9513,10.9513,1.09353e+007
MBB,6/15/2023 00:00:00,10.9513,11.0068,10.8959,10.9236,9.4997e+006
MBB,6/16/2023 00:00:00,11.0068,11.2008,10.9236,10.9236,1.39408e+007
MBB,6/19/2023 00:00:00,10.9236,10.979,10.8404,10.8404,7.0358e+006
MBB,6/20/2023 00:00:00,10.8681,10.8959,10.785,10.8959,5.4869e+006
MBB,6/21/2023 00:00:00,10.9236,11.0068,10.8959,11.0068,6.0469e+006
MBB,6/22/2023 00:00:00,11.1454,11.284,11.0345,11.0345,1.48092e+007
MBB,6/23/2023 00:00:00,11.1731,11.2563,11.1177,11.2008,1.2309e+007
MBB,6/26/2023 00:00:00,11.2008,11.3949,11.0622,11.2008,1.05783e+007
MBB,6/27/2023 00:00:00,11.2286,11.2563,11.0899,11.1454,1.07404e+007
MBB,6/28/2023 00:00:00,11.2008,11.5335,11.1454,11.4781,2.08514e+007
MBB,6/29/2023 00:00:00,11.4781,11.4781,11.2563,11.2563,1.40034e+007
MBB,6/30/2023 00:00:00,11.2563,11.3117,11.1731,11.2008,6.6849e+006
MBB,7/3/2023 00:00:00,11.2563,11.284,11.1454,11.2008,9.7936e+006
MBB,7/4/2023 00:00:00,11.2008,11.284,11.1454,11.284,6.8778e+006
MBB,7/5/2023 00:00:00,11.3672,11.4504,11.2563,11.3117,1.29982e+007
MBB,7/6/2023 00:00:00,11.3395,11.3949,11.1731,11.2008,1.51877e+007
MBB,7/7/2023 00:00:00,11.2008,11.3395,11.1454,11.3395,1.19169e+007
MBB,7/10/2023 00:00:00,11.4226,11.5613,11.3949,11.5058,1.67878e+007
MBB,7/11/2023 00:00:00,11.5058,11.7553,11.5058,11.7553,1.73528e+007
MBB,7/12/2023 00:00:00,11.7553,11.8108,11.589,11.6444,1.31123e+007
MBB,7/13/2023 00:00:00,11.6722,11.783,11.589,11.6999,1.7942e+007
MBB,7/14/2023 00:00:00,11.8912,11.9549,11.7318,11.8912,1.85257e+007
MBB,7/17/2023 00:00:00,11.9549,12.0187,11.7955,11.8593,1.10063e+007
MBB,7/18/2023 00:00:00,11.8593,11.8912,11.7636,11.8593,7.5228e+006
MBB,7/19/2023 00:00:00,11.8593,11.923,11.7318,11.7318,1.16847e+007
MBB,7/20/2023 00:00:00,11.7318,11.7955,11.668,11.7636,6.4506e+006
MBB,7/21/2023 00:00:00,11.8274,11.8912,11.7318,11.8912,8.3857e+006
MBB,7/24/2023 00:00:00,11.8912,11.9549,11.8274,11.9549,8.9513e+006
MBB,7/25/2023 00:00:00,11.9549,12.1781,11.923,11.9868,9.5425e+006
MBB,7/26/2023 00:00:00,11.9868,12.0187,11.8912,11.9549,5.932e+006
MBB,7/27/2023 00:00:00,11.9549,11.9868,11.7955,11.8593,9.4622e+006
MBB,7/28/2023 00:00:00,11.8274,11.923,11.8274,11.923,7.0233e+006
MBB,7/31/2023 00:00:00,12.0187,12.0506,11.923,12.0187,9.9758e+006
MBB,8/1/2023 00:00:00,12.0506,12.3375,12.0187,12.0187,1.43227e+007
MBB,8/2/2023 00:00:00,12.0187,12.0824,11.9549,12.0506,6.1573e+006
MBB,8/3/2023 00:00:00,12.0824,12.1781,11.9868,12.0187,1.10805e+007
MBB,8/4/2023 00:00:00,12.0187,12.21,11.9868,12.1143,1.48884e+007
MBB,8/7/2023 00:00:00,12.21,12.3694,12.1462,12.3375,1.52137e+007
MBB,8/8/2023 00:00:00,12.4331,12.4331,12.21,12.2418,9.2354e+006
MBB,8/9/2023 00:00:00,12.2418,12.2737,12.1143,12.21,1.07042e+007
MBB,8/10/2023 00:00:00,12.2418,12.2418,12.0506,12.0506,9.2065e+006
MBB,8/11/2023 00:00:00,12.1143,12.1462,11.8912,12.0506,8.6739e+006
MBB,8/14/2023 00:00:00,12.0824,12.1781,11.9549,12.0824,8.091e+006
MBB,8/15/2023 00:00:00,12.0824,12.1143,11.9868,12.0824,5.6125e+006
MBB,8/16/2023 00:00:00,12.0506,12.2418,11.9868,12.1143,9.7524e+006
MBB,8/17/2023 00:00:00,12.1143,12.1143,12.0187,12.0187,7.913e+006
MBB,8/18/2023 00:00:00,11.9868,11.9868,11.413,11.5405,2.20066e+007
MBB,8/21/2023 00:00:00,11.4767,11.6999,11.3811,11.5724,9.2173e+006
MBB,8/22/2023 00:00:00,11.668,11.668,11.3173,11.6042,8.0557e+006
MBB,8/23/2023 00:00:00,11.668,11.668,11.4767,11.4767,5.7964e+006
MBB,8/24/2023 00:00:00,11.5405,11.6999,11.4767,11.6361,6.6947e+006
MBB,8/25/2023 00:00:00,11.6042,11.6042,11.5405,11.5405,4.7698e+006
MBB,8/28/2023 00:00:00,11.6361,11.668,11.5086,11.6042,7.0127e+006
MBB,8/29/2023 00:00:00,11.6361,11.6999,11.5724,11.6361,9.4552e+006
MBB,8/30/2023 00:00:00,11.668,11.7955,11.6361,11.7318,6.9584e+006
MBB,8/31/2023 00:00:00,11.7318,11.8274,11.7318,11.7955,6.5326e+006
MBB,9/5/2023 00:00:00,11.8593,12.2737,11.8274,12.21,2.14719e+007
MBB,9/6/2023 00:00:00,12.2418,12.2737,12.0506,12.2737,1.38171e+007
MBB,9/7/2023 00:00:00,12.2737,12.4969,12.21,12.3056,2.22609e+007
MBB,9/8/2023 00:00:00,12.3056,12.3375,12.1781,12.1781,1.11666e+007
MBB,9/11/2023 00:00:00,12.3375,12.3375,11.9549,11.9549,1.50395e+007
MBB,9/12/2023 00:00:00,12.0187,12.2737,11.9549,12.2737,1.09197e+007
MBB,9/13/2023 00:00:00,12.3056,12.3375,12.0506,12.1462,1.34659e+007
MBB,9/14/2023 00:00:00,12.1781,12.3375,12.1143,12.21,1.49331e+007
MBB,9/15/2023 00:00:00,12.2418,12.5606,12.1781,12.3694,2.63318e+007
MBB,9/18/2023 00:00:00,12.3694,12.3694,12.1143,12.21,1.17853e+007
MBB,9/19/2023 00:00:00,12.21,12.2418,12.0506,12.1143,1.15431e+007
MBB,9/20/2023 00:00:00,12.1462,12.2418,12.0824,12.2418,8.9131e+006
MBB,9/21/2023 00:00:00,12.2418,12.3375,12.0187,12.0824,1.25919e+007
MBB,9/22/2023 00:00:00,11.9549,11.9868,11.668,11.923,1.8963e+007
MBB,9/25/2023 00:00:00,11.923,11.9549,11.5405,11.5405,1.3427e+007
MBB,9/26/2023 00:00:00,11.5724,11.7636,11.5405,11.6361,1.10921e+007
MBB,9/27/2023 00:00:00,11.5724,11.7955,11.5724,11.7955,8.6716e+006
MBB,9/28/2023 00:00:00,11.6999,11.8274,11.6042,11.7955,6.7058e+006
MBB,9/29/2023 00:00:00,11.7955,11.8912,11.7955,11.7955,4.1522e+006
MBB,10/2/2023 00:00:00,11.8274,11.923,11.7318,11.8593,4.5229e+006
MBB,10/3/2023 00:00:00,11.7318,11.7955,11.4767,11.5086,1.12583e+007
MBB,10/4/2023 00:00:00,11.5086,11.6361,11.4448,11.5724,7.4123e+006
MBB,10/5/2023 00:00:00,11.6042,11.668,11.4767,11.5086,7.4166e+006
MBB,10/6/2023 00:00:00,11.5086,11.6042,11.4448,11.5724,4.8616e+006
MBB,10/9/2023 00:00:00,11.5724,11.668,11.4767,11.668,1.11572e+007
MBB,10/10/2023 00:00:00,11.7318,11.8274,11.6999,11.7636,7.3697e+006
MBB,10/11/2023 00:00:00,11.7318,11.7955,11.668,11.7955,4.8046e+006
MBB,10/12/2023 00:00:00,11.7955,11.8274,11.6999,11.6999,5.444e+006
MBB,10/13/2023 00:00:00,11.668,11.7955,11.6361,11.7636,5.8177e+006
MBB,10/16/2023 00:00:00,11.7636,11.7636,11.6042,11.6042,5.4615e+006
MBB,10/17/2023 00:00:00,11.668,11.7636,11.5405,11.5405,5.4428e+006
MBB,10/18/2023 00:00:00,11.5405,11.6042,11.2217,11.3173,1.09509e+007
MBB,10/19/2023 00:00:00,11.3173,11.413,11.2217,11.2536,5.647e+006
MBB,10/20/2023 00:00:00,11.2536,11.4767,11.1579,11.4448,5.1815e+006
MBB,10/23/2023 00:00:00,11.4448,11.4767,11.2854,11.3492,3.7177e+006
MBB,10/24/2023 00:00:00,11.3492,11.4767,11.3173,11.413,4.3852e+006
MBB,10/25/2023 00:00:00,11.4448,11.5086,11.3492,11.3492,4.4935e+006
MBB,10/26/2023 00:00:00,11.2536,11.2536,10.871,10.9666,1.23518e+007
MBB,10/27/2023 00:00:00,10.9985,11.1579,10.9348,11.126,9.0689e+006
MBB,10/30/2023 00:00:00,10.9985,11.126,10.8391,10.8391,3.3384e+006
MBB,10/31/2023 00:00:00,10.9666,11.0304,10.8072,10.9029,6.5901e+006
MBB,11/1/2023 00:00:00,10.9666,11.0304,10.9029,10.9666,5.3208e+006
MBB,11/2/2023 00:00:00,11.0623,11.3173,11.0304,11.2854,6.9272e+006
MBB,11/3/2023 00:00:00,11.3492,11.3811,11.0942,11.0942,1.1866e+007
MBB,11/6/2023 00:00:00,11.2217,11.4767,11.1898,11.4448,8.6694e+006
MBB,11/7/2023 00:00:00,11.4448,11.4767,11.2854,11.3492,4.5369e+006
MBB,11/8/2023 00:00:00,11.3492,11.7318,11.2854,11.6999,1.07175e+007
MBB,11/9/2023 00:00:00,11.7318,11.7955,11.6361,11.6999,9.7267e+006
MBB,11/10/2023 00:00:00,11.6042,11.7318,11.4448,11.4767,1.2805e+007
MBB,11/13/2023 00:00:00,11.4767,11.5724,11.3811,11.5405,6.6532e+006
MBB,11/14/2023 00:00:00,11.5724,11.8912,11.5724,11.7636,1.38344e+007
MBB,11/15/2023 00:00:00,11.923,11.9549,11.7636,11.8274,1.35887e+007
MBB,11/16/2023 00:00:00,11.7636,11.8274,11.6999,11.7955,5.0718e+006
MBB,11/17/2023 00:00:00,11.8593,11.8593,11.413,11.6042,1.32895e+007
MBB,11/20/2023 00:00:00,11.3173,11.6361,11.3173,11.4767,8.9812e+006
MBB,11/21/2023 00:00:00,11.6042,11.6361,11.4448,11.5405,5.8561e+006
MBB,11/22/2023 00:00:00,11.5724,11.5724,11.4448,11.5086,7.6103e+006
MBB,11/23/2023 00:00:00,11.5405,11.5724,11.413,11.413,7.0273e+006
MBB,11/24/2023 00:00:00,11.413,11.4767,11.2217,11.3811,8.0187e+006
MBB,11/27/2023 00:00:00,11.3811,11.4448,11.1898,11.2217,7.1097e+006
MBB,11/28/2023 00:00:00,11.2217,11.413,11.126,11.3811,6.648e+006
MBB,11/29/2023 00:00:00,11.3492,11.413,11.2854,11.3811,5.4458e+006
MBB,11/30/2023 00:00:00,11.3811,11.4448,11.3173,11.3492,5.6666e+006
MBB,12/1/2023 00:00:00,11.3811,11.3811,11.2854,11.3492,4.4103e+006
MBB,12/4/2023 00:00:00,11.3492,11.5405,11.3492,11.5086,1.73349e+007
MBB,12/5/2023 00:00:00,11.5086,11.5405,11.4448,11.5086,6.1166e+006
MBB,12/6/2023 00:00:00,11.5086,11.5724,11.4767,11.5405,7.0146e+006
MBB,12/7/2023 00:00:00,11.5724,11.6999,11.5086,11.6361,1.3916e+007
MBB,12/8/2023 00:00:00,11.6361,11.6999,11.5724,11.6042,7.4694e+006
MBB,12/11/2023 00:00:00,11.6042,11.6361,11.5086,11.5724,4.8751e+006
MBB,12/12/2023 00:00:00,11.5724,11.6361,11.5405,11.6361,4.8762e+006
MBB,12/13/2023 00:00:00,11.6361,11.6999,11.5086,11.5086,7.1755e+006
MBB,12/14/2023 00:00:00,11.5724,11.6042,11.4767,11.5086,5.3013e+006
MBB,12/15/2023 00:00:00,11.5086,11.6042,11.4767,11.5086,5.5409e+006
MBB,12/18/2023 00:00:00,11.5086,11.5724,11.4448,11.4767,5.2754e+006
MBB,12/19/2023 00:00:00,11.4767,11.6042,11.4448,11.5724,5.8965e+006
MBB,12/20/2023 00:00:00,11.5724,11.6042,11.5086,11.5724,3.086e+006
MBB,12/21/2023 00:00:00,11.5405,11.5724,11.4767,11.5724,3.9813e+006
MBB,12/22/2023 00:00:00,11.5724,11.7636,11.5405,11.668,8.5468e+006
MBB,12/25/2023 00:00:00,11.6999,11.8274,11.668,11.7318,6.5867e+006
MBB,12/26/2023 00:00:00,11.7318,11.7955,11.668,11.7636,4.2601e+006
MBB,12/27/2023 00:00:00,11.7955,11.7955,11.6999,11.7318,5.7845e+006
MBB,12/28/2023 00:00:00,11.7318,11.8593,11.6999,11.8274,9.8801e+006
MBB,12/29/2023 00:00:00,11.8593,12.0187,11.8274,11.8912,1.38146e+007
MBB,1/2/2024 00:00:00,11.923,12.1143,11.8912,12.0187,1.37854e+007
MBB,1/3/2024 00:00:00,11.9549,12.2418,11.923,12.21,1.38547e+007
MBB,1/4/2024 00:00:00,12.21,13.0388,12.21,12.8157,4.94149e+007
MBB,1/5/2024 00:00:00,12.8157,13.0707,12.8157,13.0707,2.25172e+007
MBB,1/8/2024 00:00:00,13.1345,13.2939,13.0069,13.1982,2.01473e+007
MBB,1/9/2024 00:00:00,13.2301,13.3257,13.0707,13.2939,1.9794e+007
MBB,1/10/2024 00:00:00,13.2939,13.4851,13.1663,13.3257,2.46847e+007
MBB,1/11/2024 00:00:00,13.3257,13.4533,13.0707,13.1663,2.46839e+007
MBB,1/12/2024 00:00:00,13.0707,13.7402,13.0069,13.6127,4.59034e+007
MBB,1/15/2024 00:00:00,13.7083,13.9633,13.6445,13.6764,2.50824e+007
MBB,1/16/2024 00:00:00,13.6764,13.7083,13.4851,13.7083,1.74914e+007
MBB,1/17/2024 00:00:00,13.7721,13.8996,13.5808,13.7083,2.04841e+007
MBB,1/18/2024 00:00:00,13.6445,13.8677,13.5808,13.8358,2.36235e+007
MBB,1/19/2024 00:00:00,13.8996,14.1227,13.8358,14.059,2.16103e+007
MBB,1/22/2024 00:00:00,14.2184,14.3778,14.0271,14.0909,2.91295e+007
MBB,1/23/2024 00:00:00,14.0909,14.2503,13.9633,13.9952,1.59047e+007
MBB,1/24/2024 00:00:00,13.9315,14.1227,13.8996,13.9633,1.26897e+007
MBB,1/25/2024 00:00:00,13.9952,13.9952,13.8358,13.9633,1.46971e+007
MBB,1/26/2024 00:00:00,13.9633,14.1227,13.9633,14.0271,9.493e+006
MBB,1/29/2024 00:00:00,14.0271,14.314,14.0271,14.1227,1.5667e+007
MBB,1/30/2024 00:00:00,14.1227,14.1865,13.9315,14.0909,1.43527e+007
MBB,1/31/2024 00:00:00,14.1865,14.1865,13.8039,13.8677,2.78451e+007
MBB,2/1/2024 00:00:00,13.8358,13.9952,13.7721,13.9633,1.13967e+007
MBB,2/2/2024 00:00:00,13.9633,14.0271,13.8677,13.8677,1.50836e+007
MBB,2/5/2024 00:00:00,13.8677,14.7603,13.8677,14.6328,3.70933e+007
MBB,2/6/2024 00:00:00,14.6647,14.7603,14.6328,14.6966,1.15193e+007
MBB,2/7/2024 00:00:00,14.7285,15.111,14.7285,14.9835,2.11818e+007
MBB,2/15/2024 00:00:00,15.111,15.4298,15.0154,15.3979,2.40913e+007
MBB,2/16/2024 00:00:00,15.366,15.366,15.111,15.3023,1.61652e+007
MBB,2/19/2024 00:00:00,15.3023,15.366,15.0473,15.2704,2.09526e+007
MBB,2/20/2024 00:00:00,15.2066,15.366,15.0791,15.2066,2.03136e+007
MBB,2/21/2024 00:00:00,15.2066,15.4298,15.111,15.3023,2.49842e+007
MBB,2/22/2024 00:00:00,15.3023,15.366,15.2066,15.2704,1.49439e+007
MBB,2/23/2024 00:00:00,15.3023,15.7486,15.1429,15.2385,4.90518e+007
MBB,2/26/2024 00:00:00,15.2385,15.3342,15.0791,15.3023,2.13835e+007
MBB,2/27/2024 00:00:00,15.3342,15.5892,15.2066,15.4617,2.29067e+007
MBB,2/28/2024 00:00:00,15.5254,15.653,15.3979,15.5573,1.92755e+007
MBB,2/29/2024 00:00:00,15.6211,15.653,15.2704,15.3979,2.40345e+007
MBB,3/1/2024 00:00:00,15.366,15.3979,15.1748,15.3023,2.04746e+007
MBB,3/4/2024 00:00:00,15.366,15.5892,15.1429,15.4298,3.19498e+007
MBB,3/5/2024 00:00:00,15.4298,15.7167,15.366,15.6848,2.27689e+007
MBB,3/6/2024 00:00:00,15.6848,16.0355,15.5254,15.6848,2.98701e+007
MBB,3/7/2024 00:00:00,15.7486,15.8124,15.5254,15.5573,1.9759e+007
MBB,3/8/2024 00:00:00,15.6211,15.6211,15.0473,15.0473,4.93822e+007
MBB,3/11/2024 00:00:00,15.0154,15.0473,14.5372,14.6328,3.49113e+007
MBB,3/12/2024 00:00:00,14.6009,14.8241,14.5053,14.7285,1.91204e+007
MBB,3/13/2024 00:00:00,14.7285,15.2066,14.7285,15.2066,1.52652e+007
MBB,3/14/2024 00:00:00,15.2704,15.2704,14.9197,14.9516,1.83588e+007
MBB,3/15/2024 00:00:00,14.9516,15.2066,14.7603,15.1748,1.88861e+007
MBB,3/18/2024 00:00:00,15.1429,15.1748,14.2821,14.7922,3.17826e+007
MBB,3/19/2024 00:00:00,14.7922,14.8879,14.6328,14.7922,1.36053e+007
MBB,3/20/2024 00:00:00,14.7922,15.5573,14.7285,15.3979,3.93572e+007
MBB,3/21/2024 00:00:00,15.4936,15.7805,15.366,15.7805,3.09748e+007
MBB,3/22/2024 00:00:00,15.9399,16.3862,15.8442,15.9718,4.15346e+007
MBB,3/25/2024 00:00:00,15.9718,16.163,15.6848,15.7486,2.12152e+007
MBB,3/26/2024 00:00:00,15.7486,16.0993,15.6848,16.0993,1.56065e+007
MBB,3/27/2024 00:00:00,16.0993,16.1949,15.9399,16.1312,1.14049e+007
MBB,3/28/2024 00:00:00,16.3543,16.3862,16.0674,16.2587,1.59889e+007
MBB,3/29/2024 00:00:00,16.2906,16.2906,16.0355,16.1949,1.16521e+007
MBB,4/1/2024 00:00:00,16.0674,16.0993,15.7486,15.8761,1.92362e+007
MBB,4/2/2024 00:00:00,15.6848,15.8124,15.4298,15.8124,2.89744e+007
MBB,4/3/2024 00:00:00,15.8124,15.8124,15.4298,15.4298,2.25598e+007
MBB,4/4/2024 00:00:00,15.4298,15.4617,15.1748,15.1748,2.77935e+007
MBB,4/5/2024 00:00:00,15.0154,15.1429,14.856,14.8879,2.53767e+007
MBB,4/8/2024 00:00:00,14.9197,15.1748,14.7603,14.9835,2.47148e+007
MBB,4/9/2024 00:00:00,14.9835,15.3023,14.9197,15.3023,1.57348e+007
MBB,4/10/2024 00:00:00,15.4936,15.5254,15.1748,15.1748,2.10781e+007
MBB,4/11/2024 00:00:00,14.9835,15.2066,14.9197,15.1429,9.0116e+006
MBB,4/12/2024 00:00:00,15.2066,15.7486,15.1429,15.7167,2.39112e+007
MBB,4/15/2024 00:00:00,15.5892,15.9718,14.6647,14.9197,4.75951e+007
MBB,4/16/2024 00:00:00,14.9197,15.2385,14.6966,15.2385,3.27175e+007
MBB,4/17/2024 00:00:00,15.3023,15.3342,14.7285,14.7285,2.39799e+007
MBB,4/19/2024 00:00:00,14.4097,14.856,14.4097,14.4734,2.81827e+007
MBB,4/22/2024 00:00:00,14.5372,14.6966,14.3778,14.4097,1.75815e+007
MBB,4/23/2024 00:00:00,14.4097,14.4734,13.8677,14.0271,3.1998e+007
MBB,4/24/2024 00:00:00,14.1546,14.4415,13.9952,14.3778,1.86508e+007
MBB,4/25/2024 00:00:00,14.4097,14.4097,14.1227,14.1865,1.30032e+007
MBB,4/26/2024 00:00:00,14.0271,14.314,14.0271,14.1865,1.33322e+007
MBB,5/2/2024 00:00:00,14.2184,14.3778,14.1546,14.2821,1.10783e+007
MBB,5/3/2024 00:00:00,14.4097,14.5372,14.2184,14.2821,1.18578e+007
MBB,5/6/2024 00:00:00,14.3778,14.6328,14.3778,14.6009,1.61993e+007
MBB,5/7/2024 00:00:00,14.6647,14.6966,14.4415,14.5053,9.6047e+006
MBB,5/8/2024 00:00:00,14.2821,14.4734,14.2184,14.3778,2.14377e+007
MBB,5/9/2024 00:00:00,14.4097,14.5372,14.2503,14.4415,1.56432e+007
MBB,5/10/2024 00:00:00,14.5053,14.6009,14.3459,14.4097,1.14184e+007
MBB,5/13/2024 00:00:00,14.4097,14.6647,14.4097,14.4415,1.40035e+007
MBB,5/14/2024 00:00:00,14.6009,14.7922,14.4734,14.5691,1.66683e+007
MBB,5/15/2024 00:00:00,14.6328,14.6966,14.5372,14.6009,1.53005e+007
MBB,5/16/2024 00:00:00,14.7603,15.0154,14.6647,14.9197,3.14307e+007
MBB,5/17/2024 00:00:00,14.9516,14.9516,14.7603,14.8241,1.54659e+007
MBB,5/20/2024 00:00:00,15.0473,15.0473,14.9197,14.9516,1.79255e+007
MBB,5/21/2024 00:00:00,14.9516,15.0473,14.8241,15.0473,1.64023e+007
MBB,5/22/2024 00:00:00,15.0473,15.0791,14.7922,14.7922,2.00425e+007
MBB,5/23/2024 00:00:00,14.7922,14.89,14.6619,14.8574,1.30806e+007
MBB,5/24/2024 00:00:00,14.6945,15.1832,14.4338,14.6293,3.63588e+007
MBB,5/27/2024 00:00:00,14.727,14.727,14.5641,14.6293,7.9938e+006
MBB,5/28/2024 00:00:00,14.7922,14.8248,14.5641,14.727,1.31073e+007
MBB,5/29/2024 00:00:00,14.727,14.7596,14.5316,14.5316,1.71082e+007
MBB,5/30/2024 00:00:00,14.4012,14.4338,14.1406,14.2383,2.8814e+007
MBB,5/31/2024 00:00:00,14.2383,14.3361,14.1732,14.1732,1.49335e+007
MBB,6/3/2024 00:00:00,14.3035,14.8574,14.3035,14.727,2.47035e+007
MBB,6/4/2024 00:00:00,14.8248,14.8574,14.6619,14.6619,9.0386e+006
MBB,6/5/2024 00:00:00,14.6945,14.7922,14.4664,14.4664,1.36571e+007
MBB,6/6/2024 00:00:00,14.5967,14.727,14.5316,14.5641,1.00115e+007
MBB,6/7/2024 00:00:00,14.6945,14.7596,14.5316,14.6293,8.4745e+006
MBB,6/10/2024 00:00:00,14.6945,14.9225,14.6619,14.7596,1.3347e+007
MBB,6/11/2024 00:00:00,14.7596,14.7922,14.6293,14.6945,1.05582e+007
MBB,6/12/2024 00:00:00,14.6945,15.0529,14.5967,15.0529,2.5203e+007
MBB,6/13/2024 00:00:00,15.118,15.4439,15.0855,15.3461,3.89532e+007
MBB,6/14/2024 00:00:00,15.6393,15.6393,15.0529,15.0529,2.55242e+007
MBB,6/17/2024 00:00:00,15.2484,15.2484,14.9551,15.1506,1.70575e+007
MBB,6/18/2024 00:00:00,15.3135,15.3461,15.1506,15.1506,1.19602e+007
MBB,6/19/2024 00:00:00,15.2484,15.2809,15.0203,15.1832,1.32777e+007
MBB,6/20/2024 00:00:00,15.2484,15.2809,15.0855,15.1506,1.36938e+007
MBB,6/21/2024 00:00:00,15.1506,15.2158,15.0529,15.118,1.01334e+007
MBB,6/24/2024 00:00:00,15.0529,15.118,14.6945,14.7596,2.5433e+007
MBB,6/25/2024 00:00:00,14.7922,14.89,14.6619,14.727,8.8826e+006
MBB,6/26/2024 00:00:00,14.727,14.7596,14.5641,14.6619,1.1084e+007
MBB,6/27/2024 00:00:00,14.6293,14.727,14.5967,14.6619,6.168e+006
MBB,6/28/2024 00:00:00,14.6945,14.6945,14.4664,14.4664,9.5712e+006
MBB,7/1/2024 00:00:00,14.499,14.6293,14.4338,14.6293,4.1313e+006
MBB,7/2/2024 00:00:00,14.6619,14.89,14.6293,14.7922,9.9333e+006
MBB,7/3/2024 00:00:00,14.8574,14.9551,14.727,14.9225,7.022e+006
MBB,7/4/2024 00:00:00,14.9225,14.9877,14.727,14.8574,5.7137e+006
MBB,7/5/2024 00:00:00,14.8574,14.89,14.727,14.8574,6.2308e+006
MBB,7/8/2024 00:00:00,14.8574,14.9551,14.727,14.7922,7.0426e+006
MBB,7/9/2024 00:00:00,14.8574,15.0855,14.7596,15.0855,1.34286e+007
MBB,7/10/2024 00:00:00,15.0855,15.3787,15.0855,15.1832,1.91922e+007
MBB,7/11/2024 00:00:00,15.2809,15.3135,15.0529,15.0529,7.6983e+006
MBB,7/12/2024 00:00:00,14.9551,15.118,14.9225,14.9877,7.3696e+006
MBB,7/15/2024 00:00:00,15.0203,15.118,14.9551,15.0203,4.4094e+006
MBB,7/16/2024 00:00:00,15.0529,15.6068,15.0203,15.3461,2.47694e+007
MBB,7/17/2024 00:00:00,15.509,16.3887,15.3461,15.9652,7.23601e+007
MBB,7/18/2024 00:00:00,16.0303,16.291,15.7045,16.2258,3.00729e+007
MBB,7/19/2024 00:00:00,16.2258,16.7146,16.1607,16.5516,4.55833e+007
MBB,7/22/2024 00:00:00,16.4865,16.7797,16.0629,16.4213,3.38066e+007
MBB,7/23/2024 00:00:00,16.5191,16.5191,15.509,15.5742,4.78962e+007
MBB,7/24/2024 00:00:00,15.509,15.8023,15.4113,15.6068,2.58387e+007
MBB,7/25/2024 00:00:00,15.5416,15.7045,15.3135,15.6068,2.03866e+007
MBB,7/26/2024 00:00:00,15.5742,15.8674,15.5416,15.8348,1.21604e+007
MBB,7/29/2024 00:00:00,15.9326,15.9326,15.7045,15.7045,9.503e+006
MBB,7/30/2024 00:00:00,15.7045,15.9652,15.5416,15.9652,1.95717e+007
MBB,7/31/2024 00:00:00,15.9652,16.2258,15.7697,15.9,2.03963e+007
MBB,8/1/2024 00:00:00,15.9,15.9977,15.1506,15.2484,3.23412e+007
MBB,8/2/2024 00:00:00,14.9877,15.509,14.9877,15.509,2.3767e+007
MBB,8/5/2024 00:00:00,15.0203,15.3461,14.8574,14.9551,3.12218e+007
MBB,8/6/2024 00:00:00,15.118,15.3135,14.9877,15.2484,1.69638e+007
MBB,8/7/2024 00:00:00,15.2484,15.3135,15.118,15.2158,1.02076e+007
MBB,8/8/2024 00:00:00,15.1832,15.3135,14.9877,15.0203,1.02044e+007
MBB,8/9/2024 00:00:00,15.118,15.3135,15.118,15.2809,8.4704e+006
MBB,8/12/2024 00:00:00,15.3135,15.4439,15.2158,15.4439,1.02317e+007
MBB,8/13/2024 00:00:00,15.4113,15.4764,15.2484,15.3787,6.7212e+006
MBB,8/14/2024 00:00:00,15.4764,15.4764,15.2484,15.2484,6.5746e+006
MBB,8/15/2024 00:00:00,15.2484,15.3461,15.1506,15.1506,7.8838e+006
MBB,8/16/2024 00:00:00,15.2484,15.7045,15.2158,15.6719,2.10059e+007
MBB,8/19/2024 00:00:00,15.7045,15.8023,15.6068,15.6719,8.9404e+006
MBB,8/20/2024 00:00:00,15.7045,15.9652,15.6719,15.8023,1.63781e+007
MBB,8/21/2024 00:00:00,15.8023,16.1607,15.6719,16.1281,2.15253e+007
MBB,8/22/2024 00:00:00,16.1932,16.2258,15.9,15.9,1.30703e+007
MBB,8/23/2024 00:00:00,15.9,16.0629,15.8348,15.9977,9.5737e+006
MBB,8/26/2024 00:00:00,16.0955,16.1607,15.8348,15.9326,1.0218e+007
MBB,8/27/2024 00:00:00,15.8674,15.9652,15.8348,15.9,1.0098e+007
MBB,8/28/2024 00:00:00,15.9326,16.0955,15.8674,16.0629,1.2094e+007
MBB,8/29/2024 00:00:00,16.0629,16.4213,16.0629,16.1932,2.26179e+007
MBB,8/30/2024 00:00:00,16.1932,16.291,16.1607,16.1932,8.8693e+006
MBB,9/4/2024 00:00:00,15.9326,16.0303,15.8674,15.9,1.51492e+007
MBB,9/5/2024 00:00:00,15.9,16.0955,15.5742,15.6068,1.64581e+007
MBB,9/6/2024 00:00:00,15.5742,15.6719,15.4764,15.6393,1.46811e+007
MBB,9/9/2024 00:00:00,15.5742,15.6068,15.4764,15.6068,7.7672e+006
MBB,9/10/2024 00:00:00,15.6719,15.7697,15.4113,15.4764,1.23813e+007
MBB,9/11/2024 00:00:00,15.4764,15.6719,15.3135,15.5742,9.689e+006
MBB,9/12/2024 00:00:00,15.6393,15.7371,15.6068,15.6393,5.629e+006
MBB,9/13/2024 00:00:00,15.6719,15.6719,15.5416,15.5742,4.3974e+006
MBB,9/16/2024 00:00:00,15.5742,15.8023,15.5416,15.5742,8.4183e+006
MBB,9/17/2024 00:00:00,15.6393,15.8023,15.509,15.8023,8.2799e+006
MBB,9/18/2024 00:00:00,15.8348,16.0303,15.7371,15.9,1.35545e+007
MBB,9/19/2024 00:00:00,15.9326,15.9977,15.8674,15.9,6.7202e+006
MBB,9/20/2024 00:00:00,15.9977,16.291,15.9977,16.1281,2.63236e+007
MBB,9/23/2024 00:00:00,16.1607,16.5516,16.1607,16.1607,1.88414e+007
MBB,9/24/2024 00:00:00,16.2258,16.4865,16.1607,16.4539,1.75799e+007
MBB,9/25/2024 00:00:00,16.5516,16.8775,16.5191,16.7797,3.20461e+007
MBB,9/26/2024 00:00:00,16.7797,16.91,16.6168,16.7471,2.64754e+007
MBB,9/27/2024 00:00:00,16.7471,17.0404,16.682,16.7471,1.81364e+007
MBB,9/30/2024 00:00:00,16.5842,16.8123,16.5842,16.7471,1.44016e+007
MBB,10/1/2024 00:00:00,16.7797,17.0404,16.7146,16.7146,1.87683e+007
MBB,10/2/2024 00:00:00,16.6494,16.8449,16.6168,16.7471,1.28171e+007
MBB,10/3/2024 00:00:00,16.7146,17.0078,16.5516,16.6168,2.09956e+007
MBB,10/4/2024 00:00:00,16.6168,16.6168,16.3561,16.3561,1.86013e+007
MBB,10/7/2024 00:00:00,16.4865,16.5516,16.291,16.4213,1.01862e+007
MBB,10/8/2024 00:00:00,16.4213,16.6168,16.3561,16.4213,1.19684e+007
MBB,10/9/2024 00:00:00,16.4865,16.7146,16.4539,16.682,1.43369e+007
MBB,10/10/2024 00:00:00,16.7471,16.91,16.6168,16.6168,1.23273e+007
MBB,10/11/2024 00:00:00,16.6168,16.682,16.5191,16.6494,6.485e+006
MBB,10/14/2024 00:00:00,16.7146,17.0078,16.6168,16.8449,1.55728e+007
MBB,10/15/2024 00:00:00,16.91,17.0078,16.7146,16.7146,1.54134e+007
MBB,10/16/2024 00:00:00,16.7146,16.7146,16.5516,16.6168,1.08294e+007
MBB,10/17/2024 00:00:00,16.6494,16.8775,16.5191,16.8775,1.1681e+007
MBB,10/18/2024 00:00:00,16.9426,17.073,16.7471,16.7797,1.8478e+007
MBB,10/21/2024 00:00:00,16.7797,16.8775,16.6494,16.6494,9.4105e+006
MBB,10/22/2024 00:00:00,16.6168,16.7146,16.3887,16.4539,2.03272e+007
MBB,10/23/2024 00:00:00,16.4539,16.5191,16.3887,16.4539,1.16345e+007
MBB,10/24/2024 00:00:00,16.4539,16.5516,16.0955,16.0955,1.62467e+007
MBB,10/25/2024 00:00:00,16.1607,16.1607,15.9977,16.0629,1.06063e+007
MBB,10/28/2024 00:00:00,16.1281,16.1932,16.0629,16.1607,3.8729e+006
MBB,10/29/2024 00:00:00,16.2258,16.3561,16.1932,16.291,5.3422e+006
MBB,10/30/2024 00:00:00,16.291,16.3887,16.0955,16.291,6.32e+006
MBB,10/31/2024 00:00:00,16.291,16.4213,16.1607,16.3236,6.6622e+006
MBB,11/1/2024 00:00:00,16.2584,16.3236,16.0303,16.0303,9.3173e+006
MBB,11/4/2024 00:00:00,16.0955,16.1281,15.9,15.9326,1.19015e+007
MBB,11/5/2024 00:00:00,15.9977,16.0303,15.9,15.9326,6.4964e+006
MBB,11/6/2024 00:00:00,16.0629,16.2258,15.9652,16.1932,6.5614e+006
MBB,11/7/2024 00:00:00,16.291,16.291,16.1607,16.1607,4.7217e+006
MBB,11/8/2024 00:00:00,16.1932,16.2258,15.9,15.9977,7.6813e+006
MBB,11/11/2024 00:00:00,15.9977,16.0303,15.6068,15.8348,1.7138e+007
MBB,11/12/2024 00:00:00,15.8348,15.8674,15.7045,15.7045,8.8108e+006
MBB,11/13/2024 00:00:00,15.7045,15.8023,15.5416,15.7371,1.06589e+007
MBB,11/14/2024 00:00:00,15.7045,15.7045,15.509,15.509,8.4298e+006
MBB,11/15/2024 00:00:00,15.4439,15.509,15.3135,15.3135,1.17852e+007
MBB,11/18/2024 00:00:00,15.3135,15.4113,15.0529,15.2484,1.50276e+007
MBB,11/19/2024 00:00:00,15.3135,15.3787,15.0855,15.0855,7.5819e+006
MBB,11/20/2024 00:00:00,15.0855,15.4439,15.0855,15.3461,9.7135e+006
MBB,11/21/2024 00:00:00,15.3787,15.6393,15.2484,15.6393,6.5802e+006
MBB,11/22/2024 00:00:00,15.6068,15.7697,15.5742,15.6393,7.3455e+006
MBB,11/25/2024 00:00:00,15.6393,15.6719,15.5742,15.6068,4.8088e+006
MBB,11/26/2024 00:00:00,15.6719,15.7697,15.6393,15.7045,4.4363e+006
MBB,11/27/2024 00:00:00,15.6393,15.8023,15.5742,15.7045,4.0736e+006
MBB,11/28/2024 00:00:00,15.7697,15.8023,15.6393,15.6393,6.5872e+006
MBB,11/29/2024 00:00:00,15.6719,15.7371,15.6068,15.7371,4.3381e+006
MBB,12/2/2024 00:00:00,15.7697,15.8348,15.6719,15.7371,4.1103e+006
MBB,12/3/2024 00:00:00,15.7371,15.7697,15.6068,15.6068,6.5766e+006
MBB,12/4/2024 00:00:00,15.5742,15.6393,15.509,15.5416,6.1357e+006
MBB,12/5/2024 00:00:00,15.5416,16.0303,15.509,15.9977,1.05598e+007
MBB,12/6/2024 00:00:00,16.0303,16.0303,15.8674,15.8674,6.119e+006
MBB,12/9/2024 00:00:00,15.9,15.9977,15.8023,15.9,5.8486e+006
MBB,12/10/2024 00:00:00,15.9,15.9652,15.8023,15.8023,5.0097e+006
MBB,12/11/2024 00:00:00,15.8023,15.9,15.7045,15.8348,5.623e+006
MBB,12/12/2024 00:00:00,15.9,15.9977,15.8348,15.8348,5.7485e+006
MBB,12/13/2024 00:00:00,15.8023,15.8674,15.7697,15.8023,4.3963e+006
MBB,12/16/2024 00:00:00,15.8023,15.8674,15.6393,15.7045,5.6916e+006
MBB,12/17/2024 00:00:00,15.6719,15.7697,15.6719,15.7371,3.8679e+006
MBB,12/18/2024 00:00:00,15.7371,15.7697,15.6719,15.7697,3.7787e+006
MBB,12/19/2024 00:00:00,15.509,15.6719,15.509,15.5416,1.04563e+007
MBB,12/20/2024 00:00:00,15.5416,15.6393,15.509,15.6393,4.1234e+006
MBB,12/23/2024 00:00:00,15.6393,15.7371,15.6393,15.6719,3.2906e+006
MBB,12/24/2024 00:00:00,15.6719,15.6719,15.5416,15.5742,3.4798e+006
MBB,12/25/2024 00:00:00,15.6068,16.1607,15.6068,15.9326,1.48199e+007
MBB,12/26/2024 00:00:00,15.9652,16.2258,15.9326,16.2258,1.99046e+007
MBB,12/27/2024 00:00:00,16.3236,16.4865,16.291,16.3236,1.67019e+007
MBB,12/30/2024 00:00:00,16.3887,16.3887,16.1607,16.1607,1.10649e+007
MBB,12/31/2024 00:00:00,16.1607,16.3561,16.1607,16.3561,1.12413e+007
MBB,1/2/2025 00:00:00,16.3887,16.5842,16.3236,16.4213,1.24358e+007
MBB,1/3/2025 00:00:00,16.4213,16.4213,16.0955,16.0955,1.10356e+007
MBB,1/6/2025 00:00:00,16.0955,16.2258,15.9,15.9,1.45558e+007
MBB,1/7/2025 00:00:00,16.275,16.275,15.9,16.2375,1.18013e+007
MBB,1/8/2025 00:00:00,16.0875,16.275,16.0875,16.2,6.5361e+006
MBB,1/9/2025 00:00:00,16.2,16.275,16.0875,16.125,4.3675e+006
MBB,1/10/2025 00:00:00,16.0875,16.125,15.8625,15.8625,8.6817e+006
MBB,1/13/2025 00:00:00,15.8625,16.125,15.7125,16.125,7.8716e+006
MBB,1/14/2025 00:00:00,16.05,16.125,15.8625,15.975,5.736e+006
MBB,1/15/2025 00:00:00,16.0875,16.125,15.975,16.0125,4.7262e+006
MBB,1/16/2025 00:00:00,16.125,16.2,16.0125,16.05,7.3291e+006
MBB,1/17/2025 00:00:00,16.125,16.125,16.0125,16.125,4.4837e+006
MBB,1/20/2025 00:00:00,16.125,16.4625,16.125,16.3875,8.2388e+006
MBB,1/21/2025 00:00:00,16.4625,16.5375,16.3125,16.3875,6.7702e+006
MBB,1/22/2025 00:00:00,16.4625,16.4625,16.3125,16.35,5.9618e+006
MBB,1/23/2025 00:00:00,16.425,16.6875,16.35,16.65,1.37351e+007
MBB,1/24/2025 00:00:00,16.5375,16.8375,16.5375,16.8,9.7983e+006
MBB,2/3/2025 00:00:00,16.5375,16.6875,16.4625,16.5375,9.0879e+006
MBB,2/4/2025 00:00:00,16.65,16.95,16.575,16.8375,1.10573e+007
MBB,2/5/2025 00:00:00,16.875,16.9125,16.725,16.875,7.2295e+006
MBB,2/6/2025 00:00:00,16.9125,17.2125,16.9125,16.95,1.07562e+007
MBB,2/7/2025 00:00:00,17.025,17.25,16.8,17.0625,1.41929e+007
MBB,2/10/2025 00:00:00,17.025,17.4375,16.8375,17.175,1.93362e+007
MBB,2/11/2025 00:00:00,17.25,17.25,17.1375,17.25,7.7393e+006
MBB,2/12/2025 00:00:00,17.25,17.2875,17.025,17.025,7.1857e+006
MBB,2/13/2025 00:00:00,17.1375,17.175,16.95,17.175,7.4581e+006
MBB,2/14/2025 00:00:00,17.25,17.25,17.1,17.1375,8.1601e+006
MBB,2/17/2025 00:00:00,17.175,17.175,16.95,16.9875,8.679e+006
MBB,2/18/2025 00:00:00,16.9875,17.2125,16.95,17.025,1.00825e+007
MBB,2/19/2025 00:00:00,17.1,17.2125,17.025,17.1375,9.1665e+006
MBB,2/20/2025 00:00:00,17.25,17.25,17.1375,17.1375,1.08318e+007
MBB,2/21/2025 00:00:00,17.175,17.3625,17.1,17.175,2.05139e+007
MBB,2/24/2025 00:00:00,17.1,17.2875,17.1,17.25,1.34602e+007
MBB,2/25/2025 00:00:00,17.2875,17.6625,17.2875,17.55,3.76962e+007
MBB,2/26/2025 00:00:00,17.625,17.6625,17.4,17.4,8.3768e+006
MBB,2/27/2025 00:00:00,17.4,17.4375,17.2125,17.4,1.27666e+007
MBB,2/28/2025 00:00:00,17.325,17.3625,17.2125,17.25,1.10528e+007
MBB,3/3/2025 00:00:00,17.25,17.325,17.2125,17.325,9.1956e+006
MBB,3/4/2025 00:00:00,17.2875,17.7,17.1375,17.55,2.1367e+007
MBB,3/5/2025 00:00:00,17.55,18.075,17.475,17.6625,3.03557e+007
MBB,3/6/2025 00:00:00,17.775,18.075,17.625,18.075,2.59191e+007
MBB,3/7/2025 00:00:00,18.1875,18.675,18.075,18.375,4.74161e+007
MBB,3/10/2025 00:00:00,18.5625,18.675,18.3375,18.375,1.94196e+007
MBB,3/11/2025 00:00:00,18.15,18.6,18.1125,18.6,2.65193e+007
MBB,3/12/2025 00:00:00,18.675,18.75,18.45,18.45,3.09576e+007
MBB,3/13/2025 00:00:00,18.4875,18.525,18.15,18.225,2.30641e+007
MBB,3/14/2025 00:00:00,18.1875,18.3375,18.1125,18.225,1.9724e+007
MBB,3/17/2025 00:00:00,18.3,18.3375,18.075,18.225,2.56019e+007
MBB,3/18/2025 00:00:00,18.3,18.3,17.925,17.925,2.6614e+007
MBB,3/19/2025 00:00:00,17.925,18,17.775,17.8875,2.0386e+007
MBB,3/20/2025 00:00:00,18,18.2625,17.925,18.1875,2.11426e+007
MBB,3/21/2025 00:00:00,18.225,18.375,18.15,18.225,1.55675e+007
MBB,3/24/2025 00:00:00,18.225,18.3,17.9625,18.3,1.55714e+007
MBB,3/25/2025 00:00:00,18.375,18.4125,18.1125,18.15,1.27394e+007
MBB,3/26/2025 00:00:00,18.1125,18.3,18,18,1.82773e+007
MBB,3/27/2025 00:00:00,18,18.075,17.925,17.925,1.24258e+007
MBB,3/28/2025 00:00:00,18,18.075,17.85,17.925,1.30371e+007
MBB,3/31/2025 00:00:00,17.8875,18.075,17.85,18.075,1.86992e+007
MBB,4/1/2025 00:00:00,18.1125,18.45,18,18.45,1.39195e+007
MBB,4/2/2025 00:00:00,18.45,18.4875,18.2625,18.2625,9.7879e+006
MBB,4/3/2025 00:00:00,17.7,17.775,16.9875,16.9875,8.62681e+007
MBB,4/4/2025 00:00:00,15.825,16.8375,15.825,16.8375,7.31169e+007
MBB,4/8/2025 00:00:00,15.8625,16.425,15.675,15.675,6.45197e+007
MBB,4/9/2025 00:00:00,14.5875,16.05,14.5875,15.4875,6.12245e+007
MBB,4/10/2025 00:00:00,16.5375,16.5375,16.5375,16.5375,1.6872e+006
MBB,4/11/2025 00:00:00,16.875,17.625,16.8,17.5875,7.89514e+007
MBB,4/14/2025 00:00:00,17.625,17.6625,17.3625,17.5875,3.16821e+007
MBB,4/15/2025 00:00:00,17.25,17.55,17.175,17.25,2.95123e+007
MBB,4/16/2025 00:00:00,17.25,17.4375,17.0625,17.175,2.1897e+007
MBB,4/17/2025 00:00:00,17.025,17.25,16.95,17.25,2.15735e+007
MBB,4/18/2025 00:00:00,17.325,17.5875,17.2875,17.4375,3.15629e+007
MBB,4/21/2025 00:00:00,17.625,17.625,17.1,17.2125,3.71438e+007
MBB,4/22/2025 00:00:00,17.1375,17.3625,16.1625,17.325,4.5375e+007
MBB,4/23/2025 00:00:00,17.5875,17.775,17.325,17.55,3.38606e+007
MBB,4/24/2025 00:00:00,17.55,17.55,17.2875,17.4375,1.80991e+007
MBB,4/25/2025 00:00:00,17.625,17.8125,17.475,17.6625,4.07112e+007
MBB,4/28/2025 00:00:00,17.85,17.8875,17.6625,17.775,2.30705e+007
MBB,4/29/2025 00:00:00,17.775,17.8125,17.6625,17.6625,1.31788e+007
MBB,5/5/2025 00:00:00,17.775,17.8125,17.5875,17.6625,1.88572e+007
MBB,5/6/2025 00:00:00,17.7,17.775,17.625,17.6625,2.27936e+007
MBB,5/7/2025 00:00:00,17.6625,17.7,17.4,17.4375,2.18934e+007
MBB,5/8/2025 00:00:00,17.475,17.7,17.4,17.6625,2.10164e+007
MBB,5/9/2025 00:00:00,17.775,17.775,17.55,17.625,1.50348e+007
MBB,5/12/2025 00:00:00,17.55,17.925,17.5125,17.85,3.46966e+007
MBB,5/13/2025 00:00:00,18.0375,18.375,18,18.375,4.00931e+007
MBB,5/14/2025 00:00:00,18.375,18.525,18.2625,18.375,2.96693e+007
MBB,5/15/2025 00:00:00,18.45,19.0875,18.45,18.7875,6.90831e+007
MBB,5/16/2025 00:00:00,18.8625,18.8625,18.4875,18.4875,2.89845e+007
MBB,5/19/2025 00:00:00,18.375,18.675,18.2625,18.45,2.52915e+007
MBB,5/20/2025 00:00:00,18.525,18.825,18.375,18.6375,3.13836e+007
MBB,5/21/2025 00:00:00,18.9,19.1625,18.6375,18.7875,3.03673e+007
MBB,5/22/2025 00:00:00,19.0125,19.0125,18.375,18.4875,2.57608e+007
MBB,5/23/2025 00:00:00,18.675,18.675,18.4125,18.4875,1.44952e+007
MBB,5/26/2025 00:00:00,18.525,18.6,18,18.6,1.825e+007
MBB,5/27/2025 00:00:00,18.75,18.75,18.4875,18.5625,1.79468e+007
MBB,5/28/2025 00:00:00,18.6375,18.6375,18.4125,18.45,1.43518e+007
MBB,5/29/2025 00:00:00,18.5625,18.5625,18.3375,18.375,1.27666e+007
MBB,5/30/2025 00:00:00,18.4875,18.4875,18.2625,18.2625,1.76098e+007
MBB,6/2/2025 00:00:00,18.3375,18.525,18.1125,18.45,1.91843e+007
MBB,6/3/2025 00:00:00,18.4875,18.6,18.4875,18.525,1.92464e+007
MBB,6/4/2025 00:00:00,18.5625,18.6,18.375,18.4125,1.34827e+007
MBB,6/5/2025 00:00:00,18.4125,18.4875,18.3,18.3,9.9968e+006
MBB,6/6/2025 00:00:00,18.2625,18.3,18.1125,18.1125,1.79608e+007
MBB,6/9/2025 00:00:00,18.1125,18.225,18.075,18.1875,1.30404e+007
MBB,6/10/2025 00:00:00,18.225,18.4125,18.075,18.15,1.29382e+007
MBB,6/11/2025 00:00:00,18.15,18.225,18.1125,18.1875,6.1689e+006
MBB,6/12/2025 00:00:00,18.225,18.525,18.225,18.525,2.25429e+007
MBB,6/13/2025 00:00:00,18.3375,18.75,18.3,18.6375,4.22997e+007
MBB,6/16/2025 00:00:00,18.6375,18.9,18.6,18.825,2.11193e+007
MBB,6/17/2025 00:00:00,18.9375,19.05,18.6375,18.75,2.19751e+007
MBB,6/18/2025 00:00:00,18.825,18.975,18.675,18.7875,2.61898e+007
MBB,6/19/2025 00:00:00,18.9,18.9,18.7125,18.825,1.51846e+007
MBB,6/20/2025 00:00:00,18.9,19.6125,18.8625,19.35,5.11511e+007
MBB,6/23/2025 00:00:00,19.1625,19.575,19.125,19.425,2.3682e+007
MBB,6/24/2025 00:00:00,19.575,19.8,19.425,19.425,2.59842e+007
MBB,6/25/2025 00:00:00,19.5,19.5375,19.2,19.2,2.0995e+007
MBB,6/26/2025 00:00:00,19.275,19.425,19.125,19.425,1.94444e+007
MBB,6/27/2025 00:00:00,19.425,19.575,19.275,19.275,1.27861e+007
MBB,6/30/2025 00:00:00,19.3125,19.425,19.275,19.35,1.07238e+007
MBB,7/1/2025 00:00:00,19.425,19.6125,19.35,19.5,2.23441e+007
MBB,7/2/2025 00:00:00,19.5375,19.725,19.5,19.5375,1.39957e+007
MBB,7/3/2025 00:00:00,19.6125,19.7625,19.4625,19.4625,2.55675e+007
MBB,7/4/2025 00:00:00,19.5,19.5375,19.3875,19.5,1.49762e+007
MBB,7/7/2025 00:00:00,19.575,19.875,19.575,19.8,1.85859e+007
MBB,7/8/2025 00:00:00,19.875,20.025,19.7625,19.8,1.61094e+007
MBB,7/9/2025 00:00:00,19.9125,20.1,19.8,19.95,2.52805e+007
MBB,7/10/2025 00:00:00,20.025,20.025,19.8,19.8375,1.44123e+007
MBB,7/11/2025 00:00:00,19.875,20.175,19.8375,20.025,2.14249e+007
MBB,7/14/2025 00:00:00,20.0625,20.175,19.8,20.1,1.50493e+007
MBB,7/15/2025 00:00:00,20.1,20.325,19.95,19.95,1.9323e+007
MBB,7/16/2025 00:00:00,19.875,20.0625,19.8375,20.025,1.76177e+007
MBB,7/17/2025 00:00:00,20.0625,20.175,19.9125,20.0625,1.73409e+007
MBB,7/18/2025 00:00:00,20.1,20.4375,19.95,20.4,2.51677e+007
MBB,7/21/2025 00:00:00,20.475,20.7375,20.175,20.2125,1.79494e+007
MBB,7/22/2025 00:00:00,20.175,20.3625,19.9875,20.3625,1.54646e+007
MBB,7/23/2025 00:00:00,20.4,20.7,20.325,20.55,2.71913e+007
MBB,7/24/2025 00:00:00,20.6625,21.3375,20.6625,21.3,4.0005e+007
MBB,7/25/2025 00:00:00,21.375,21.6375,21.3,21.3375,1.81058e+007
MBB,7/28/2025 00:00:00,21.3375,21.5625,21.2625,21.5625,2.49002e+007
MBB,7/29/2025 00:00:00,21.6,21.6375,20.1375,20.1375,4.89889e+007
MBB,7/30/2025 00:00:00,20.4,20.8875,20.1375,20.55,3.21048e+007
MBB,7/31/2025 00:00:00,20.7375,20.85,20.2125,20.5875,2.49708e+007
MBB,8/1/2025 00:00:00,20.5875,20.7375,20.2875,20.3625,1.78907e+007
MBB,8/4/2025 00:00:00,20.325,20.85,20.2875,20.85,2.12432e+007
MBB,8/5/2025 00:00:00,21.675,22.275,20.7375,22.275,7.11039e+007
MBB,8/6/2025 00:00:00,22.875,23.2125,22.65,22.95,3.03851e+007
MBB,8/7/2025 00:00:00,23.175,23.2125,22.7625,23.0625,2.69807e+007
MBB,8/8/2025 00:00:00,23.2125,23.25,22.7625,22.9125,2.55929e+007
MBB,8/11/2025 00:00:00,23.1,24.3375,23.025,23.85,4.86697e+007
MBB,8/12/2025 00:00:00,24.225,24.3,23.7375,24.3,5.66234e+007
MBB,8/13/2025 00:00:00,25.4,25.8,24.7,25.8,7.96099e+007
MBB,8/14/2025 00:00:00,27.6,27.6,27.6,27.6,4.03209e+007
MBB,8/15/2025 00:00:00,29.5,29.5,27.7,28.25,1.17471e+008
MBB,8/18/2025 00:00:00,28.55,28.6,27.65,27.8,5.10317e+007
MBB,8/19/2025 00:00:00,28.35,29.4,27.9,28.2,5.40119e+007
MBB,8/20/2025 00:00:00,28.2,28.3,26.85,27.8,7.73932e+007
MBB,8/21/2025 00:00:00,28.05,28.7,27.75,28.2,5.71503e+007
MBB,8/22/2025 00:00:00,27.75,28,26.9,26.9,7.28997e+007
