Ticker,Date,Open,High,Low,Close,Volume
MBS,3/29/2016 00:00:00,2.3877,2.41871,2.26367,2.26367,182400
MBS,3/30/2016 00:00:00,2.32568,2.32568,2.20165,2.26367,46470
MBS,3/31/2016 00:00:00,2.23266,2.26367,2.10862,2.10862,317900
MBS,4/1/2016 00:00:00,2.10862,2.13963,2.01559,2.01559,195200
MBS,4/4/2016 00:00:00,1.98458,2.07761,1.98458,2.01559,85100
MBS,4/5/2016 00:00:00,1.98458,2.10862,1.95357,2.10862,118200
MBS,4/6/2016 00:00:00,2.10862,2.10862,2.01559,2.01559,22600
MBS,4/7/2016 00:00:00,2.07761,2.07761,2.01559,2.01559,47330
MBS,4/8/2016 00:00:00,2.01559,2.01559,1.98458,1.98458,36230
MBS,4/11/2016 00:00:00,1.98458,2.07761,1.98458,2.07761,77100
MBS,4/12/2016 00:00:00,2.01559,2.07761,2.01559,2.07761,12300
MBS,4/13/2016 00:00:00,2.01559,2.0466,1.98458,2.01559,31552
MBS,4/14/2016 00:00:00,2.01559,2.01559,1.95357,1.98458,81300
MBS,4/15/2016 00:00:00,1.98458,2.0466,1.98458,1.98458,123385
MBS,4/19/2016 00:00:00,2.01559,2.01559,1.92257,1.92257,37537
MBS,4/20/2016 00:00:00,1.95357,1.98458,1.92257,1.98458,124015
MBS,4/21/2016 00:00:00,1.95357,1.95357,1.89156,1.92257,99925
MBS,4/22/2016 00:00:00,1.89156,1.92257,1.86055,1.92257,167737
MBS,4/25/2016 00:00:00,1.95357,1.98458,1.95357,1.98458,68000
MBS,4/26/2016 00:00:00,1.92257,1.92257,1.89156,1.92257,57620
MBS,4/27/2016 00:00:00,1.92257,1.95357,1.89156,1.92257,24210
MBS,4/28/2016 00:00:00,1.92257,1.95357,1.86055,1.86055,104740
MBS,4/29/2016 00:00:00,1.89156,1.89156,1.86055,1.89156,55940
MBS,5/4/2016 00:00:00,1.7055,1.89156,1.7055,1.86055,36075
MBS,5/5/2016 00:00:00,1.82954,1.86055,1.82954,1.86055,79800
MBS,5/6/2016 00:00:00,1.86055,1.86055,1.82954,1.86055,33018
MBS,5/9/2016 00:00:00,1.82954,1.86055,1.79853,1.79853,33150
MBS,5/10/2016 00:00:00,1.79853,1.86055,1.79853,1.86055,24710
MBS,5/11/2016 00:00:00,1.82954,1.86055,1.82954,1.86055,16144
MBS,5/12/2016 00:00:00,1.86055,1.86055,1.82954,1.86055,8702
MBS,5/13/2016 00:00:00,1.86055,1.86055,1.79853,1.82954,41610
MBS,5/16/2016 00:00:00,1.82954,1.89156,1.82954,1.86055,50700
MBS,5/17/2016 00:00:00,1.86055,1.89156,1.86055,1.89156,59910
MBS,5/18/2016 00:00:00,1.86055,1.89156,1.86055,1.86055,17200
MBS,5/19/2016 00:00:00,1.86055,1.86055,1.86055,1.86055,16100
MBS,5/20/2016 00:00:00,1.86055,1.86055,1.82954,1.86055,43810
MBS,5/23/2016 00:00:00,1.86055,1.86055,1.82954,1.82954,8300
MBS,5/24/2016 00:00:00,1.82954,1.86055,1.82954,1.86055,5700
MBS,5/25/2016 00:00:00,1.82954,1.86055,1.79853,1.82954,60200
MBS,5/26/2016 00:00:00,1.82954,1.82954,1.79853,1.82954,8098
MBS,5/27/2016 00:00:00,1.82954,1.86055,1.79853,1.82954,57525
MBS,5/30/2016 00:00:00,1.82954,1.82954,1.79853,1.82954,13200
MBS,5/31/2016 00:00:00,1.82954,1.82954,1.79853,1.82954,22600
MBS,6/1/2016 00:00:00,1.82954,1.86055,1.82954,1.86055,5200
MBS,6/2/2016 00:00:00,1.79853,1.86055,1.79853,1.86055,9200
MBS,6/3/2016 00:00:00,1.79853,1.82954,1.79853,1.82954,12500
MBS,6/6/2016 00:00:00,1.82954,1.82954,1.82954,1.82954,35500
MBS,6/7/2016 00:00:00,1.86055,1.86055,1.82954,1.82954,8500
MBS,6/8/2016 00:00:00,1.82954,1.82954,1.82954,1.82954,4700
MBS,6/9/2016 00:00:00,1.79853,1.86055,1.79853,1.82954,19900
MBS,6/10/2016 00:00:00,1.82954,1.86055,1.82954,1.86055,23300
MBS,6/13/2016 00:00:00,1.82954,1.82954,1.79853,1.82954,28000
MBS,6/14/2016 00:00:00,1.79853,1.82954,1.79853,1.79853,16100
MBS,6/15/2016 00:00:00,1.79853,1.82954,1.79853,1.82954,18914
MBS,6/16/2016 00:00:00,1.79853,1.82954,1.79853,1.82954,21800
MBS,6/17/2016 00:00:00,1.79853,1.86055,1.79853,1.82954,79400
MBS,6/20/2016 00:00:00,1.82954,1.89156,1.82954,1.82954,57276
MBS,6/21/2016 00:00:00,1.82954,1.82954,1.82954,1.82954,18678
MBS,6/22/2016 00:00:00,1.82954,1.86055,1.82954,1.82954,447112
MBS,6/23/2016 00:00:00,1.79853,1.82954,1.79853,1.82954,1500
MBS,6/24/2016 00:00:00,1.79853,1.79853,1.73651,1.79853,123900
MBS,6/27/2016 00:00:00,1.76752,1.79853,1.73651,1.76752,10030
MBS,6/28/2016 00:00:00,1.76752,1.76752,1.73651,1.76752,7703
MBS,6/29/2016 00:00:00,1.73651,1.82954,1.73651,1.82954,31300
MBS,6/30/2016 00:00:00,1.82954,1.82954,1.73651,1.82954,78218
MBS,7/1/2016 00:00:00,1.82954,1.82954,1.76752,1.79853,12300
MBS,7/4/2016 00:00:00,1.79853,1.82954,1.79853,1.82954,56333
MBS,7/5/2016 00:00:00,1.86055,1.92257,1.86055,1.86055,94000
MBS,7/6/2016 00:00:00,1.86055,1.86055,1.82954,1.86055,29700
MBS,7/7/2016 00:00:00,1.82954,1.82954,1.79853,1.79853,72047
MBS,7/8/2016 00:00:00,1.79853,1.79853,1.76752,1.79853,35199
MBS,7/11/2016 00:00:00,1.79853,1.86055,1.76752,1.86055,53500
MBS,7/12/2016 00:00:00,1.79853,1.82954,1.79853,1.79853,17690
MBS,7/13/2016 00:00:00,1.79853,1.82954,1.79853,1.79853,44420
MBS,7/14/2016 00:00:00,1.79853,1.82954,1.76752,1.76752,48200
MBS,7/15/2016 00:00:00,1.76752,1.79853,1.76752,1.79853,9300
MBS,7/18/2016 00:00:00,1.76752,1.79853,1.76752,1.79853,816
MBS,7/19/2016 00:00:00,1.76752,1.79853,1.73651,1.79853,9624
MBS,7/20/2016 00:00:00,1.76752,1.76752,1.73651,1.76752,6400
MBS,7/21/2016 00:00:00,1.73651,1.76752,1.7055,1.76752,80806
MBS,7/22/2016 00:00:00,1.73651,1.73651,1.64348,1.73651,24700
MBS,7/25/2016 00:00:00,1.67449,1.73651,1.67449,1.73651,18530
MBS,7/26/2016 00:00:00,1.7055,1.73651,1.67449,1.73651,40135
MBS,7/27/2016 00:00:00,1.67449,1.73651,1.67449,1.73651,10600
MBS,7/28/2016 00:00:00,1.7055,1.73651,1.67449,1.7055,26100
MBS,7/29/2016 00:00:00,1.73651,1.73651,1.67449,1.7055,22400
MBS,8/1/2016 00:00:00,1.67449,1.7055,1.64348,1.7055,27100
MBS,8/2/2016 00:00:00,1.67449,1.7055,1.64348,1.67449,5566
MBS,8/3/2016 00:00:00,1.55046,1.67449,1.55046,1.64348,5300
MBS,8/4/2016 00:00:00,1.64348,1.67449,1.64348,1.67449,38400
MBS,8/5/2016 00:00:00,1.64348,1.67449,1.64348,1.67449,19900
MBS,8/8/2016 00:00:00,1.64348,1.64348,1.64348,1.64348,8700
MBS,8/9/2016 00:00:00,1.61247,1.67449,1.58147,1.67449,22600
MBS,8/10/2016 00:00:00,1.64348,1.67449,1.61247,1.64348,71600
MBS,8/11/2016 00:00:00,1.64348,1.67449,1.64348,1.67449,35600
MBS,8/12/2016 00:00:00,1.67449,1.67449,1.67449,1.67449,100
MBS,8/15/2016 00:00:00,1.64348,1.64348,1.61247,1.64348,7710
MBS,8/16/2016 00:00:00,1.64348,1.64348,1.64348,1.64348,8850
MBS,8/17/2016 00:00:00,1.64348,1.67449,1.61247,1.67449,5700
MBS,8/18/2016 00:00:00,1.64348,1.67449,1.61247,1.67449,40750
MBS,8/19/2016 00:00:00,1.67449,1.67449,1.58147,1.64348,37000
MBS,8/22/2016 00:00:00,1.61247,1.64348,1.61247,1.64348,1100
MBS,8/23/2016 00:00:00,1.58147,1.64348,1.55046,1.64348,15600
MBS,8/24/2016 00:00:00,1.58147,1.64348,1.58147,1.64348,55200
MBS,8/25/2016 00:00:00,1.58147,1.64348,1.55046,1.64348,78358
MBS,8/26/2016 00:00:00,1.61247,1.64348,1.61247,1.64348,19800
MBS,8/29/2016 00:00:00,1.64348,1.64348,1.55046,1.55046,88817
MBS,8/30/2016 00:00:00,1.58147,1.58147,1.58147,1.58147,11200
MBS,8/31/2016 00:00:00,1.58147,1.61247,1.55046,1.58147,8545
MBS,9/1/2016 00:00:00,1.58147,1.61247,1.55046,1.61247,17300
MBS,9/5/2016 00:00:00,1.61247,1.61247,1.58147,1.61247,26290
MBS,9/6/2016 00:00:00,1.58147,1.61247,1.58147,1.61247,70600
MBS,9/7/2016 00:00:00,1.58147,1.61247,1.58147,1.61247,10100
MBS,9/8/2016 00:00:00,1.58147,1.61247,1.58147,1.61247,50100
MBS,9/9/2016 00:00:00,1.58147,1.61247,1.58147,1.61247,46500
MBS,9/12/2016 00:00:00,1.58147,1.61247,1.58147,1.58147,22000
MBS,9/13/2016 00:00:00,1.61247,1.61247,1.61247,1.61247,327
MBS,9/14/2016 00:00:00,1.61247,1.61247,1.61247,1.61247,1700
MBS,9/15/2016 00:00:00,1.58147,1.61247,1.58147,1.61247,14800
MBS,9/16/2016 00:00:00,1.58147,1.61247,1.55046,1.58147,75545
MBS,9/19/2016 00:00:00,1.58147,1.61247,1.58147,1.58147,11500
MBS,9/20/2016 00:00:00,1.58147,1.61247,1.58147,1.61247,15000
MBS,9/21/2016 00:00:00,1.58147,1.61247,1.58147,1.61247,17700
MBS,9/22/2016 00:00:00,1.58147,1.61247,1.58147,1.61247,10400
MBS,9/23/2016 00:00:00,1.58147,1.61247,1.55046,1.61247,21100
MBS,9/26/2016 00:00:00,1.55046,1.61247,1.55046,1.61247,25800
MBS,9/27/2016 00:00:00,1.58147,1.61247,1.58147,1.61247,5212
MBS,9/28/2016 00:00:00,1.55046,1.61247,1.55046,1.61247,5400
MBS,9/29/2016 00:00:00,1.61247,1.61247,1.58147,1.61247,20300
MBS,9/30/2016 00:00:00,1.61247,1.61247,1.61247,1.61247,2000
MBS,10/3/2016 00:00:00,1.58147,1.61247,1.55046,1.61247,19500
MBS,10/4/2016 00:00:00,1.58147,1.61247,1.58147,1.61247,14200
MBS,10/5/2016 00:00:00,1.55046,1.58147,1.55046,1.58147,18200
MBS,10/6/2016 00:00:00,1.61247,1.61247,1.58147,1.58147,21700
MBS,10/7/2016 00:00:00,1.58147,1.58147,1.55046,1.58147,29800
MBS,10/10/2016 00:00:00,1.58147,1.61247,1.58147,1.61247,17210
MBS,10/11/2016 00:00:00,1.61247,1.64348,1.58147,1.58147,27700
MBS,10/12/2016 00:00:00,1.58147,1.64348,1.58147,1.64348,21700
MBS,10/13/2016 00:00:00,1.61247,1.7055,1.61247,1.7055,55400
MBS,10/14/2016 00:00:00,1.7055,1.73651,1.67449,1.73651,12200
MBS,10/17/2016 00:00:00,1.7055,1.73651,1.67449,1.73651,26600
MBS,10/18/2016 00:00:00,1.7055,1.73651,1.67449,1.7055,30371
MBS,10/19/2016 00:00:00,1.67449,1.67449,1.61247,1.61247,12500
MBS,10/20/2016 00:00:00,1.61247,1.67449,1.58147,1.58147,5300
MBS,10/21/2016 00:00:00,1.64348,1.64348,1.61247,1.64348,6400
MBS,10/24/2016 00:00:00,1.61247,1.64348,1.61247,1.64348,9300
MBS,10/25/2016 00:00:00,1.61247,1.61247,1.55046,1.61247,68200
MBS,10/26/2016 00:00:00,1.61247,1.64348,1.61247,1.64348,11900
MBS,10/27/2016 00:00:00,1.64348,1.64348,1.64348,1.64348,2610
MBS,10/28/2016 00:00:00,1.61247,1.64348,1.58147,1.61247,22300
MBS,10/31/2016 00:00:00,1.64348,1.67449,1.61247,1.64348,16800
MBS,11/1/2016 00:00:00,1.61247,1.64348,1.55046,1.64348,24618
MBS,11/2/2016 00:00:00,1.61247,1.64348,1.55046,1.55046,26108
MBS,11/3/2016 00:00:00,1.55046,1.61247,1.55046,1.61247,16500
MBS,11/4/2016 00:00:00,1.58147,1.61247,1.55046,1.61247,31818
MBS,11/7/2016 00:00:00,1.61247,1.61247,1.61247,1.61247,1000
MBS,11/8/2016 00:00:00,1.58147,1.61247,1.58147,1.61247,14810
MBS,11/9/2016 00:00:00,1.61247,1.61247,1.55046,1.61247,37700
MBS,11/10/2016 00:00:00,1.61247,1.61247,1.61247,1.61247,3000
MBS,11/11/2016 00:00:00,1.61247,1.61247,1.58147,1.58147,1200
MBS,11/14/2016 00:00:00,1.58147,1.61247,1.58147,1.58147,2400
MBS,11/15/2016 00:00:00,1.55046,1.58147,1.55046,1.58147,9900
MBS,11/16/2016 00:00:00,1.55046,1.58147,1.55046,1.58147,36690
MBS,11/17/2016 00:00:00,1.55046,1.58147,1.48844,1.58147,27400
MBS,11/18/2016 00:00:00,1.55046,1.58147,1.55046,1.58147,35500
MBS,11/21/2016 00:00:00,1.61247,1.61247,1.61247,1.61247,2318
MBS,11/22/2016 00:00:00,1.55046,1.58147,1.48844,1.55046,22600
MBS,11/24/2016 00:00:00,1.55046,1.58147,1.55046,1.58147,3400
MBS,11/28/2016 00:00:00,1.55046,1.58147,1.55046,1.58147,8500
MBS,11/29/2016 00:00:00,1.55046,1.55046,1.51945,1.55046,14500
MBS,11/30/2016 00:00:00,1.58147,1.58147,1.58147,1.58147,3700
MBS,12/1/2016 00:00:00,1.51945,1.58147,1.51945,1.58147,29000
MBS,12/2/2016 00:00:00,1.55046,1.58147,1.55046,1.58147,6200
MBS,12/5/2016 00:00:00,1.55046,1.58147,1.55046,1.58147,12100
MBS,12/6/2016 00:00:00,1.55046,1.58147,1.55046,1.58147,50900
MBS,12/7/2016 00:00:00,1.55046,1.58147,1.51945,1.58147,16800
MBS,12/8/2016 00:00:00,1.55046,1.58147,1.55046,1.58147,32400
MBS,12/9/2016 00:00:00,1.51945,1.58147,1.48844,1.58147,20371
MBS,12/12/2016 00:00:00,1.51945,1.58147,1.51945,1.58147,19700
MBS,12/13/2016 00:00:00,1.55046,1.58147,1.51945,1.58147,23200
MBS,12/14/2016 00:00:00,1.58147,1.58147,1.51945,1.58147,22100
MBS,12/15/2016 00:00:00,1.58147,1.58147,1.55046,1.55046,70200
MBS,12/16/2016 00:00:00,1.55046,1.58147,1.55046,1.58147,18300
MBS,12/19/2016 00:00:00,1.58147,1.58147,1.55046,1.58147,24662
MBS,12/20/2016 00:00:00,1.58147,1.58147,1.55046,1.55046,25720
MBS,12/21/2016 00:00:00,1.55046,1.58147,1.51945,1.51945,61400
MBS,12/22/2016 00:00:00,1.55046,1.55046,1.51945,1.55046,24500
MBS,12/23/2016 00:00:00,1.55046,1.55046,1.51945,1.55046,24100
MBS,12/26/2016 00:00:00,1.55046,1.55046,1.51945,1.55046,36420
MBS,12/27/2016 00:00:00,1.51945,1.55046,1.51945,1.55046,5800
MBS,12/28/2016 00:00:00,1.55046,1.55046,1.51945,1.55046,42200
MBS,12/29/2016 00:00:00,1.51945,1.55046,1.51945,1.55046,20011
MBS,12/30/2016 00:00:00,1.48844,1.55046,1.48844,1.55046,10500
MBS,1/3/2017 00:00:00,1.51945,1.55046,1.51945,1.55046,46500
MBS,1/4/2017 00:00:00,1.55046,1.55046,1.51945,1.55046,22900
MBS,1/5/2017 00:00:00,1.55046,1.55046,1.51945,1.55046,11700
MBS,1/6/2017 00:00:00,1.51945,1.55046,1.51945,1.55046,44600
MBS,1/9/2017 00:00:00,1.51945,1.55046,1.48844,1.55046,55900
MBS,1/10/2017 00:00:00,1.51945,1.55046,1.51945,1.55046,18100
MBS,1/11/2017 00:00:00,1.51945,1.55046,1.51945,1.55046,12300
MBS,1/12/2017 00:00:00,1.51945,1.55046,1.51945,1.55046,19800
MBS,1/13/2017 00:00:00,1.51945,1.55046,1.51945,1.55046,36000
MBS,1/16/2017 00:00:00,1.51945,1.55046,1.51945,1.55046,26100
MBS,1/17/2017 00:00:00,1.51945,1.55046,1.51945,1.55046,36300
MBS,1/18/2017 00:00:00,1.51945,1.55046,1.51945,1.51945,18800
MBS,1/19/2017 00:00:00,1.51945,1.55046,1.51945,1.55046,8100
MBS,1/20/2017 00:00:00,1.55046,1.55046,1.55046,1.55046,1800
MBS,1/23/2017 00:00:00,1.51945,1.55046,1.51945,1.55046,11200
MBS,1/24/2017 00:00:00,1.55046,1.55046,1.51945,1.55046,1611
MBS,1/25/2017 00:00:00,1.51945,1.55046,1.51945,1.55046,3300
MBS,2/2/2017 00:00:00,1.51945,1.61247,1.51945,1.55046,35800
MBS,2/3/2017 00:00:00,1.55046,1.58147,1.51945,1.58147,11500
MBS,2/6/2017 00:00:00,1.55046,1.55046,1.51945,1.51945,9800
MBS,2/7/2017 00:00:00,1.51945,1.55046,1.51945,1.55046,30800
MBS,2/8/2017 00:00:00,1.51945,1.55046,1.45743,1.55046,28808
MBS,2/9/2017 00:00:00,1.55046,1.58147,1.55046,1.58147,3200
MBS,2/10/2017 00:00:00,1.58147,1.58147,1.51945,1.55046,2600
MBS,2/13/2017 00:00:00,1.55046,1.58147,1.51945,1.55046,6600
MBS,2/14/2017 00:00:00,1.51945,1.55046,1.48844,1.55046,11500
MBS,2/15/2017 00:00:00,1.55046,1.55046,1.51945,1.55046,13900
MBS,2/16/2017 00:00:00,1.55046,1.55046,1.51945,1.55046,18400
MBS,2/17/2017 00:00:00,1.55046,1.55046,1.48844,1.51945,54400
MBS,2/20/2017 00:00:00,1.48844,1.51945,1.48844,1.48844,23100
MBS,2/21/2017 00:00:00,1.51945,1.55046,1.48844,1.55046,38527
MBS,2/22/2017 00:00:00,1.55046,1.61247,1.55046,1.58147,62610
MBS,2/23/2017 00:00:00,1.58147,1.61247,1.51945,1.51945,41200
MBS,2/24/2017 00:00:00,1.55046,1.55046,1.51945,1.55046,7200
MBS,2/27/2017 00:00:00,1.55046,1.55046,1.51945,1.55046,21200
MBS,2/28/2017 00:00:00,1.55046,1.61247,1.55046,1.58147,61000
MBS,3/1/2017 00:00:00,1.55046,1.55046,1.55046,1.55046,19000
MBS,3/2/2017 00:00:00,1.55046,1.58147,1.55046,1.55046,44800
MBS,3/3/2017 00:00:00,1.55046,1.7055,1.55046,1.7055,266610
MBS,3/6/2017 00:00:00,1.73651,1.86055,1.73651,1.86055,225427
MBS,3/7/2017 00:00:00,1.89156,1.92257,1.76752,1.79853,105100
MBS,3/8/2017 00:00:00,1.79853,1.79853,1.76752,1.76752,108250
MBS,3/9/2017 00:00:00,1.79853,1.92257,1.79853,1.92257,243337
MBS,3/10/2017 00:00:00,1.92257,1.98458,1.89156,1.98458,147613
MBS,3/13/2017 00:00:00,1.98458,1.98458,1.92257,1.95357,76700
MBS,3/14/2017 00:00:00,1.92257,2.10862,1.92257,2.10862,236708
MBS,3/15/2017 00:00:00,2.0466,2.17064,2.0466,2.07761,323305
MBS,3/16/2017 00:00:00,2.07761,2.07761,2.01559,2.07761,146847
MBS,3/17/2017 00:00:00,2.10862,2.13963,2.07761,2.07761,113600
MBS,3/20/2017 00:00:00,2.10862,2.13963,2.07761,2.13963,87920
MBS,3/21/2017 00:00:00,2.13963,2.13963,2.0466,2.07761,127800
MBS,3/22/2017 00:00:00,2.07761,2.10862,2.0466,2.07761,69000
MBS,3/23/2017 00:00:00,2.0466,2.07761,1.92257,2.01559,122865
MBS,3/24/2017 00:00:00,1.98458,2.0466,1.98458,2.0466,41300
MBS,3/27/2017 00:00:00,1.98458,2.0466,1.98458,2.0466,51300
MBS,3/28/2017 00:00:00,2.0466,2.0466,2.01559,2.01559,33800
MBS,3/29/2017 00:00:00,2.0466,2.0466,1.98458,2.01559,37500
MBS,3/30/2017 00:00:00,2.01559,2.0466,1.98458,1.98458,34910
MBS,3/31/2017 00:00:00,1.98458,2.01559,1.89156,1.89156,133600
MBS,4/3/2017 00:00:00,1.89156,1.89156,1.79853,1.79853,212121
MBS,4/4/2017 00:00:00,1.79853,1.82954,1.76752,1.82954,174935
MBS,4/5/2017 00:00:00,1.82954,1.98458,1.82954,1.98458,164900
MBS,4/7/2017 00:00:00,1.95357,1.98458,1.95357,1.98458,44020
MBS,4/10/2017 00:00:00,1.95357,1.98458,1.95357,1.95357,65000
MBS,4/11/2017 00:00:00,1.95357,2.01559,1.95357,1.98458,117940
MBS,4/12/2017 00:00:00,2.01559,2.01559,1.95357,1.98458,80801
MBS,4/13/2017 00:00:00,2.01559,2.01559,1.98458,2.01559,71200
MBS,4/14/2017 00:00:00,2.01559,2.01559,1.98458,2.01559,70000
MBS,4/17/2017 00:00:00,1.95357,1.98458,1.89156,1.89156,425410
MBS,4/18/2017 00:00:00,1.89156,1.92257,1.82954,1.82954,235620
MBS,4/19/2017 00:00:00,1.82954,1.82954,1.82954,1.82954,203000
MBS,4/20/2017 00:00:00,1.95357,1.95357,1.82954,1.82954,492800
MBS,4/21/2017 00:00:00,1.86055,1.92257,1.79853,1.79853,447700
MBS,4/24/2017 00:00:00,1.86055,1.89156,1.82954,1.86055,83300
MBS,4/25/2017 00:00:00,1.86055,1.92257,1.86055,1.89156,191637
MBS,4/26/2017 00:00:00,1.89156,1.92257,1.86055,1.92257,103600
MBS,4/27/2017 00:00:00,1.92257,2.01559,1.86055,1.98458,615721
MBS,4/28/2017 00:00:00,2.01559,2.17064,2.01559,2.17064,799975
MBS,5/3/2017 00:00:00,2.26367,2.3877,2.26367,2.3877,447540
MBS,5/4/2017 00:00:00,2.32568,2.41871,2.26367,2.41871,726010
MBS,5/5/2017 00:00:00,2.3877,2.51174,2.35669,2.51174,482255
MBS,5/8/2017 00:00:00,2.48073,2.48073,2.3877,2.3877,381870
MBS,5/9/2017 00:00:00,2.3877,2.54275,2.3877,2.54275,277880
MBS,5/10/2017 00:00:00,2.51174,2.57376,2.51174,2.57376,400410
MBS,5/11/2017 00:00:00,2.57376,2.57376,2.51174,2.51174,388300
MBS,5/12/2017 00:00:00,2.51174,2.54275,2.44972,2.44972,262710
MBS,5/15/2017 00:00:00,2.44972,2.48073,2.44972,2.48073,97910
MBS,5/16/2017 00:00:00,2.48073,2.51174,2.48073,2.51174,287875
MBS,5/17/2017 00:00:00,2.54275,2.54275,2.48073,2.51174,81000
MBS,5/18/2017 00:00:00,2.48073,2.54275,2.48073,2.51174,134860
MBS,5/19/2017 00:00:00,2.51174,2.69779,2.48073,2.63578,708120
MBS,5/22/2017 00:00:00,2.66678,2.66678,2.60477,2.63578,195395
MBS,5/23/2017 00:00:00,2.63578,2.66678,2.60477,2.63578,57937
MBS,5/24/2017 00:00:00,2.63578,2.7288,2.48073,2.7288,442530
MBS,5/25/2017 00:00:00,2.7288,2.75981,2.63578,2.63578,349531
MBS,5/26/2017 00:00:00,2.66678,2.75981,2.63578,2.75981,382903
MBS,5/29/2017 00:00:00,2.79082,3.00788,2.79082,3.00788,792765
MBS,5/30/2017 00:00:00,3.03889,3.22495,2.91486,3.00788,497500
MBS,5/31/2017 00:00:00,3.03889,3.03889,2.88385,2.91486,357413
MBS,6/1/2017 00:00:00,2.91486,2.97688,2.88385,2.91486,132200
MBS,6/2/2017 00:00:00,2.88385,3.0699,2.85284,3.00788,394100
MBS,6/5/2017 00:00:00,3.00788,3.19394,3.00788,3.03889,181100
MBS,6/6/2017 00:00:00,3.0699,3.25596,3.03889,3.25596,490150
MBS,6/7/2017 00:00:00,3.25596,3.28697,3.19394,3.19394,491666
MBS,6/8/2017 00:00:00,3.50403,3.50403,3.16293,3.22495,267295
MBS,6/9/2017 00:00:00,3.19394,3.22495,3.19394,3.22495,213503
MBS,6/12/2017 00:00:00,3.19394,3.25596,3.16293,3.19394,111265
MBS,6/13/2017 00:00:00,3.16293,3.16293,3.0699,3.16293,164600
MBS,6/14/2017 00:00:00,3.10091,3.19394,3.10091,3.13192,180300
MBS,6/15/2017 00:00:00,3.19394,3.22495,3.10091,3.13192,192020
MBS,6/16/2017 00:00:00,3.10091,3.13192,3.0699,3.0699,165654
MBS,6/19/2017 00:00:00,3.19394,3.19394,3.0699,3.10091,376961
MBS,6/20/2017 00:00:00,3.13192,3.13192,3.03889,3.03889,282488
MBS,6/21/2017 00:00:00,3.03889,3.0699,2.91486,2.94587,129051
MBS,6/22/2017 00:00:00,2.94587,3.10091,2.94587,3.03889,203454
MBS,6/23/2017 00:00:00,3.03889,3.0699,3.00788,3.0699,137655
MBS,6/26/2017 00:00:00,3.10091,3.10091,3.03889,3.03889,88800
MBS,6/27/2017 00:00:00,3.0699,3.10091,2.97688,3.00788,139904
MBS,6/28/2017 00:00:00,2.97688,3.00788,2.97688,3.00788,27916
MBS,6/29/2017 00:00:00,3.00788,3.0699,2.94587,3.00788,82000
MBS,6/30/2017 00:00:00,3.00788,3.10091,2.97688,3.10091,211409
MBS,7/3/2017 00:00:00,3.10091,3.22495,3.10091,3.16293,651456
MBS,7/4/2017 00:00:00,3.19394,3.22495,3.16293,3.19394,439700
MBS,7/5/2017 00:00:00,3.16293,3.19394,3.13192,3.19394,256100
MBS,7/6/2017 00:00:00,3.22495,3.50403,3.22495,3.50403,1.12164e+006
MBS,7/7/2017 00:00:00,3.65908,3.78311,3.31798,3.31798,1.28318e+006
MBS,7/10/2017 00:00:00,3.37999,3.44201,3.25596,3.31798,466330
MBS,7/11/2017 00:00:00,3.31798,3.37999,3.25596,3.37999,385700
MBS,7/12/2017 00:00:00,3.37999,3.411,3.31798,3.37999,186439
MBS,7/13/2017 00:00:00,3.44201,3.44201,3.34898,3.34898,188800
MBS,7/14/2017 00:00:00,3.411,3.50403,3.411,3.47302,623882
MBS,7/17/2017 00:00:00,3.47302,3.50403,3.28697,3.31798,288500
MBS,7/18/2017 00:00:00,3.31798,3.34898,3.25596,3.25596,284200
MBS,7/19/2017 00:00:00,3.34898,3.34898,3.25596,3.25596,106935
MBS,7/20/2017 00:00:00,3.25596,3.25596,3.16293,3.22495,180518
MBS,7/21/2017 00:00:00,3.28697,3.31798,3.25596,3.25596,258715
MBS,7/24/2017 00:00:00,3.25596,3.25596,3.19394,3.19394,155001
MBS,7/25/2017 00:00:00,3.22495,3.34898,3.22495,3.34898,100300
MBS,7/26/2017 00:00:00,3.411,3.47302,3.34898,3.47302,285000
MBS,7/27/2017 00:00:00,3.44201,3.47302,3.411,3.44201,186413
MBS,7/28/2017 00:00:00,3.44201,3.47302,3.411,3.44201,317200
MBS,7/31/2017 00:00:00,3.44201,3.78311,3.44201,3.7521,472700
MBS,8/1/2017 00:00:00,3.72109,3.84513,3.72109,3.84513,445030
MBS,8/2/2017 00:00:00,3.81412,4.06219,3.69009,4.00018,521164
MBS,8/3/2017 00:00:00,4.06219,4.06219,3.90715,3.90715,425536
MBS,8/4/2017 00:00:00,3.90715,4.27926,3.90715,4.21724,666860
MBS,8/7/2017 00:00:00,4.31027,4.4033,4.24825,4.31027,422951
MBS,8/8/2017 00:00:00,4.34128,4.34128,4.18623,4.24825,273900
MBS,8/9/2017 00:00:00,4.21724,4.21724,3.84513,4.03119,903943
MBS,8/10/2017 00:00:00,4.06219,4.12421,3.93816,3.96917,221500
MBS,8/11/2017 00:00:00,3.96917,4.03119,3.87614,3.87614,337570
MBS,8/14/2017 00:00:00,3.87614,4.03119,3.87614,4.03119,386300
MBS,8/15/2017 00:00:00,4.03119,4.06219,3.93816,4.00018,192610
MBS,8/16/2017 00:00:00,4.06219,4.06219,3.93816,3.96917,64895
MBS,8/17/2017 00:00:00,3.96917,3.96917,3.81412,3.84513,187353
MBS,8/18/2017 00:00:00,3.84513,3.87614,3.7521,3.87614,240000
MBS,8/21/2017 00:00:00,3.87614,3.90715,3.78311,3.90715,112262
MBS,8/22/2017 00:00:00,3.90715,3.93816,3.84513,3.84513,140500
MBS,8/23/2017 00:00:00,3.84513,3.87614,3.84513,3.84513,69808
MBS,8/24/2017 00:00:00,3.97438,4.00669,3.87744,3.97438,271070
MBS,8/25/2017 00:00:00,3.97438,3.97438,3.87744,3.94207,183000
MBS,8/28/2017 00:00:00,3.94207,4.00669,3.90975,4.00669,190600
MBS,8/29/2017 00:00:00,4.00669,4.039,3.90975,3.90975,207810
MBS,8/30/2017 00:00:00,3.94207,3.94207,3.81282,3.81282,125900
MBS,8/31/2017 00:00:00,3.81282,3.87744,3.78051,3.87744,235610
MBS,9/1/2017 00:00:00,3.90975,3.90975,3.87744,3.87744,91200
MBS,9/5/2017 00:00:00,3.84513,3.87744,3.81282,3.84513,90000
MBS,9/6/2017 00:00:00,3.84513,3.84513,3.71588,3.71588,213600
MBS,9/7/2017 00:00:00,3.71588,3.94207,3.71588,3.87744,348870
MBS,9/8/2017 00:00:00,3.87744,3.87744,3.81282,3.87744,144200
MBS,9/11/2017 00:00:00,3.4897,3.84513,3.4897,3.78051,145000
MBS,9/12/2017 00:00:00,3.78051,3.81282,3.74819,3.78051,132710
MBS,9/13/2017 00:00:00,3.81282,3.90975,3.81282,3.84513,242900
MBS,9/14/2017 00:00:00,3.87744,4.039,3.87744,3.97438,373033
MBS,9/15/2017 00:00:00,3.94207,4.13594,3.94207,4.07131,392420
MBS,9/18/2017 00:00:00,4.10363,4.10363,4.00669,4.039,197422
MBS,9/19/2017 00:00:00,4.039,4.039,3.97438,3.97438,182950
MBS,9/20/2017 00:00:00,3.94207,4.00669,3.94207,4.00669,118430
MBS,9/21/2017 00:00:00,4.00669,4.00669,3.97438,4.00669,63055
MBS,9/22/2017 00:00:00,4.00669,4.00669,3.94207,3.94207,82500
MBS,9/25/2017 00:00:00,3.97438,3.97438,3.90975,3.90975,58878
MBS,9/26/2017 00:00:00,3.90975,3.94207,3.87744,3.94207,87572
MBS,9/27/2017 00:00:00,3.87744,3.87744,3.78051,3.84513,142100
MBS,9/28/2017 00:00:00,3.84513,3.84513,3.74819,3.74819,174300
MBS,9/29/2017 00:00:00,3.74819,3.84513,3.74819,3.81282,86500
MBS,10/2/2017 00:00:00,3.84513,3.84513,3.74819,3.74819,81000
MBS,10/3/2017 00:00:00,3.74819,3.81282,3.71588,3.78051,146600
MBS,10/4/2017 00:00:00,3.78051,3.84513,3.78051,3.84513,69500
MBS,10/5/2017 00:00:00,3.84513,3.84513,3.78051,3.78051,75290
MBS,10/6/2017 00:00:00,3.81282,3.94207,3.81282,3.87744,254115
MBS,10/9/2017 00:00:00,3.90975,4.07131,3.90975,4.07131,412740
MBS,10/10/2017 00:00:00,4.07131,4.16825,4.07131,4.16825,438827
MBS,10/11/2017 00:00:00,4.16825,4.26519,4.13594,4.20056,474028
MBS,10/12/2017 00:00:00,4.26519,4.32981,4.20056,4.26519,507663
MBS,10/13/2017 00:00:00,4.26519,4.26519,4.20056,4.20056,312473
MBS,10/16/2017 00:00:00,4.16825,4.20056,4.00669,4.13594,284906
MBS,10/17/2017 00:00:00,4.13594,4.23288,4.13594,4.23288,167381
MBS,10/18/2017 00:00:00,4.26519,4.2975,4.23288,4.23288,187575
MBS,10/19/2017 00:00:00,4.23288,4.23288,4.16825,4.16825,124900
MBS,10/20/2017 00:00:00,4.13594,4.20056,4.10363,4.16825,144010
MBS,10/23/2017 00:00:00,4.16825,4.16825,4.039,4.039,240900
MBS,10/24/2017 00:00:00,4.00669,4.10363,4.00669,4.10363,338800
MBS,10/25/2017 00:00:00,4.10363,4.10363,4.00669,4.00669,105900
MBS,10/26/2017 00:00:00,4.039,4.039,3.97438,4.00669,69400
MBS,10/27/2017 00:00:00,4.00669,4.00669,3.97438,4.00669,16600
MBS,10/30/2017 00:00:00,4.039,4.07131,3.90975,3.97438,164410
MBS,10/31/2017 00:00:00,3.94207,3.94207,3.71588,3.84513,186932
MBS,11/1/2017 00:00:00,3.84513,3.97438,3.81282,3.94207,218449
MBS,11/2/2017 00:00:00,3.94207,4.10363,3.94207,4.00669,188919
MBS,11/3/2017 00:00:00,4.00669,4.10363,4.00669,4.10363,211496
MBS,11/6/2017 00:00:00,4.10363,4.16825,4.07131,4.10363,102472
MBS,11/7/2017 00:00:00,4.07131,4.20056,4.039,4.16825,203500
MBS,11/8/2017 00:00:00,4.20056,4.26519,4.16825,4.26519,402450
MBS,11/9/2017 00:00:00,4.26519,4.26519,4.20056,4.26519,208358
MBS,11/10/2017 00:00:00,4.16825,4.26519,4.16825,4.23288,165089
MBS,11/13/2017 00:00:00,4.23288,4.26519,4.20056,4.26519,39728
MBS,11/14/2017 00:00:00,4.26519,4.36212,4.13594,4.23288,246451
MBS,11/15/2017 00:00:00,4.20056,4.23288,4.10363,4.20056,131156
MBS,11/16/2017 00:00:00,4.16825,4.20056,4.10363,4.20056,103303
MBS,11/17/2017 00:00:00,4.13594,4.23288,4.13594,4.13594,87300
MBS,11/20/2017 00:00:00,4.13594,4.20056,4.13594,4.16825,53650
MBS,11/21/2017 00:00:00,4.16825,4.20056,4.13594,4.20056,79500
MBS,11/22/2017 00:00:00,4.20056,4.32981,4.20056,4.2975,483432
MBS,11/23/2017 00:00:00,4.36212,4.39444,4.2975,4.2975,300650
MBS,11/24/2017 00:00:00,4.2975,4.36212,4.26519,4.36212,195660
MBS,11/27/2017 00:00:00,4.36212,4.62062,4.36212,4.556,631936
MBS,11/28/2017 00:00:00,4.556,4.556,4.36212,4.36212,247488
MBS,11/29/2017 00:00:00,4.36212,4.49137,4.36212,4.45906,242632
MBS,11/30/2017 00:00:00,4.52368,4.52368,4.42675,4.42675,189800
MBS,12/1/2017 00:00:00,4.45906,4.58831,4.42675,4.49137,191336
MBS,12/4/2017 00:00:00,4.49137,4.65293,4.49137,4.62062,307110
MBS,12/5/2017 00:00:00,4.65293,4.71756,4.52368,4.52368,396572
MBS,12/6/2017 00:00:00,4.49137,4.49137,4.39444,4.45906,201500
MBS,12/7/2017 00:00:00,4.49137,4.49137,4.39444,4.39444,148900
MBS,12/8/2017 00:00:00,4.39444,4.42675,4.36212,4.36212,133742
MBS,12/11/2017 00:00:00,4.36212,4.36212,4.26519,4.26519,267430
MBS,12/12/2017 00:00:00,4.26519,4.32981,4.20056,4.2975,333519
MBS,12/13/2017 00:00:00,4.32981,4.36212,4.32981,4.36212,22510
MBS,12/14/2017 00:00:00,4.39444,4.39444,4.32981,4.39444,25900
MBS,12/15/2017 00:00:00,4.39444,4.39444,4.36212,4.39444,64830
MBS,12/18/2017 00:00:00,4.42675,4.49137,4.36212,4.36212,98300
MBS,12/19/2017 00:00:00,4.36212,4.68524,4.36212,4.68524,282400
MBS,12/20/2017 00:00:00,4.68524,4.71756,4.556,4.556,190313
MBS,12/21/2017 00:00:00,4.556,4.62062,4.52368,4.556,358800
MBS,12/22/2017 00:00:00,4.556,4.65293,4.52368,4.65293,148140
MBS,12/25/2017 00:00:00,4.68524,4.68524,4.65293,4.65293,172000
MBS,12/26/2017 00:00:00,4.68524,4.68524,4.62062,4.68524,236823
MBS,12/27/2017 00:00:00,4.68524,4.68524,4.556,4.556,199900
MBS,12/28/2017 00:00:00,4.556,4.65293,4.556,4.65293,177588
MBS,12/29/2017 00:00:00,4.65293,4.65293,4.58831,4.65293,213853
MBS,1/2/2018 00:00:00,4.65293,4.68524,4.58831,4.58831,357018
MBS,1/3/2018 00:00:00,4.62062,4.68524,4.58831,4.62062,167812
MBS,1/4/2018 00:00:00,4.62062,4.62062,4.58831,4.62062,131500
MBS,1/5/2018 00:00:00,4.62062,4.62062,4.556,4.556,60700
MBS,1/8/2018 00:00:00,4.58831,4.58831,4.52368,4.58831,115340
MBS,1/9/2018 00:00:00,4.58831,5.04068,4.556,5.00836,1.07637e+006
MBS,1/10/2018 00:00:00,4.97605,5.26686,4.97605,5.04068,566943
MBS,1/11/2018 00:00:00,5.04068,5.20224,5.04068,5.07299,261170
MBS,1/12/2018 00:00:00,5.07299,5.1053,4.81449,5.00836,514328
MBS,1/15/2018 00:00:00,4.91143,5.04068,4.87912,5.04068,204400
MBS,1/16/2018 00:00:00,5.04068,5.04068,4.91143,5.00836,237250
MBS,1/17/2018 00:00:00,4.97605,5.1053,4.94374,4.94374,429110
MBS,1/18/2018 00:00:00,4.94374,4.94374,4.81449,4.91143,267112
MBS,1/19/2018 00:00:00,4.91143,4.97605,4.87912,4.91143,200900
MBS,1/22/2018 00:00:00,4.87912,5.07299,4.87912,5.00836,267090
MBS,1/23/2018 00:00:00,5.04068,5.29917,5.00836,5.23455,897522
MBS,1/24/2018 00:00:00,5.26686,5.29917,5.13761,5.13761,192557
MBS,1/25/2018 00:00:00,5.13761,5.26686,5.13761,5.13761,345111
MBS,1/26/2018 00:00:00,5.16992,5.16992,5.00836,5.13761,268420
MBS,1/29/2018 00:00:00,5.00836,5.23455,5.00836,5.16992,151940
MBS,1/30/2018 00:00:00,5.07299,5.23455,5.04068,5.23455,166941
MBS,1/31/2018 00:00:00,5.23455,5.29917,5.07299,5.16992,489941
MBS,2/1/2018 00:00:00,5.16992,5.16992,5.04068,5.04068,298210
MBS,2/2/2018 00:00:00,5.04068,5.16992,4.94374,5.04068,201499
MBS,2/5/2018 00:00:00,4.97605,5.00836,4.556,4.556,342324
MBS,2/6/2018 00:00:00,4.42675,4.42675,4.10363,4.36212,427670
MBS,2/7/2018 00:00:00,4.49137,4.78218,4.49137,4.78218,104618
MBS,2/8/2018 00:00:00,4.78218,4.78218,4.58831,4.78218,72604
MBS,2/9/2018 00:00:00,4.58831,5.00836,4.32981,5.00836,59549
MBS,2/12/2018 00:00:00,4.94374,4.97605,4.74987,4.94374,60050
MBS,2/13/2018 00:00:00,4.87912,4.94374,4.78218,4.94374,186860
MBS,2/21/2018 00:00:00,4.94374,4.94374,4.81449,4.87912,39752
MBS,2/22/2018 00:00:00,4.81449,4.81449,4.68524,4.74987,40920
MBS,2/23/2018 00:00:00,4.78218,5.1053,4.68524,4.87912,312812
MBS,2/26/2018 00:00:00,4.91143,5.00836,4.87912,4.87912,192310
MBS,2/27/2018 00:00:00,4.94374,5.16992,4.87912,4.97605,253300
MBS,2/28/2018 00:00:00,4.97605,5.04068,4.91143,5.04068,148900
MBS,3/1/2018 00:00:00,5.04068,5.1053,4.97605,5.04068,219240
MBS,3/2/2018 00:00:00,5.04068,5.1053,4.97605,5.1053,148918
MBS,3/5/2018 00:00:00,5.1053,5.16992,5.00836,5.07299,156190
MBS,3/6/2018 00:00:00,5.04068,5.07299,4.8468,4.8468,324260
MBS,3/7/2018 00:00:00,4.97605,5.20224,4.97605,5.16992,973300
MBS,3/8/2018 00:00:00,5.16992,5.68692,4.71756,5.68692,9.45099e+006
MBS,3/9/2018 00:00:00,5.68692,6.23622,5.68692,5.84848,608176
MBS,3/12/2018 00:00:00,5.84848,5.84848,5.39611,5.39611,586494
MBS,3/13/2018 00:00:00,5.33148,5.84848,5.16992,5.84848,2.74956e+006
MBS,3/14/2018 00:00:00,5.84848,6.04235,5.84848,5.94541,1.62748e+006
MBS,3/15/2018 00:00:00,6.04235,6.10697,5.81616,5.97772,734473
MBS,3/16/2018 00:00:00,5.97772,6.04235,5.88079,5.88079,816644
MBS,3/19/2018 00:00:00,5.97772,6.23622,5.9131,6.10697,1.58056e+006
MBS,3/20/2018 00:00:00,6.13928,6.1716,5.97772,6.01004,1.31342e+006
MBS,3/21/2018 00:00:00,6.01004,6.07466,5.9131,5.94541,657280
MBS,3/22/2018 00:00:00,6.01004,6.01004,5.84848,5.84848,783158
MBS,3/23/2018 00:00:00,5.81616,5.81616,5.49304,5.55767,1.57401e+006
MBS,3/26/2018 00:00:00,5.58998,5.78385,5.55767,5.75154,339340
MBS,3/27/2018 00:00:00,5.81616,5.94541,5.78385,5.84848,688350
MBS,3/28/2018 00:00:00,5.84848,5.84848,5.75154,5.81616,214157
MBS,3/29/2018 00:00:00,5.81616,5.84848,5.75154,5.78385,351040
MBS,3/30/2018 00:00:00,5.81616,6.01004,5.81616,6.01004,717700
MBS,4/2/2018 00:00:00,6.04235,6.30084,5.97772,6.20391,1.0098e+006
MBS,4/3/2018 00:00:00,6.23622,6.4624,6.13928,6.43009,1.1532e+006
MBS,4/4/2018 00:00:00,6.4624,6.75321,6.4624,6.65628,1.5127e+006
MBS,4/5/2018 00:00:00,6.75321,6.75321,6.52703,6.59165,977000
MBS,4/6/2018 00:00:00,6.59165,6.94709,6.55934,6.94709,1.3839e+006
MBS,4/9/2018 00:00:00,7.01171,7.33483,6.88246,7.30252,1.3655e+006
MBS,4/10/2018 00:00:00,7.43177,7.43177,7.01171,7.10865,1.7858e+006
MBS,4/11/2018 00:00:00,7.10865,7.10865,6.39778,6.39778,4.208e+006
MBS,4/12/2018 00:00:00,6.36547,6.62396,6.04235,6.59165,822600
MBS,4/13/2018 00:00:00,6.59165,6.78552,6.33316,6.4624,708200
MBS,4/16/2018 00:00:00,6.4624,6.4624,6.1716,6.30084,556800
MBS,4/17/2018 00:00:00,6.33316,6.43009,6.30084,6.33316,352700
MBS,4/18/2018 00:00:00,6.33316,6.55934,6.33316,6.36547,520200
MBS,4/19/2018 00:00:00,6.36547,6.43009,6.26853,6.33316,756100
MBS,4/20/2018 00:00:00,6.39778,6.39778,6.26853,6.39778,349300
MBS,4/23/2018 00:00:00,6.43009,6.43009,5.81616,5.81616,699000
MBS,4/24/2018 00:00:00,5.78385,5.84848,5.6546,5.68692,598600
MBS,4/26/2018 00:00:00,5.68692,5.68692,5.16992,5.3638,836600
MBS,4/27/2018 00:00:00,5.33148,5.68692,5.23455,5.6546,362200
MBS,5/2/2018 00:00:00,5.68692,5.68692,5.33148,5.3638,177000
MBS,5/3/2018 00:00:00,5.3638,5.42842,5.20224,5.42842,282500
MBS,5/4/2018 00:00:00,5.58998,5.62229,5.39611,5.49304,450400
MBS,5/7/2018 00:00:00,5.55767,5.9131,5.49304,5.9131,373400
MBS,5/8/2018 00:00:00,5.9131,5.9131,5.75154,5.88079,210200
MBS,5/9/2018 00:00:00,5.75154,5.84848,5.68692,5.84848,302600
MBS,5/10/2018 00:00:00,5.75154,5.75154,5.49304,5.49304,274200
MBS,5/11/2018 00:00:00,5.39611,5.58998,5.39611,5.55767,153200
MBS,5/14/2018 00:00:00,5.55767,5.58998,5.49304,5.49304,206400
MBS,5/15/2018 00:00:00,5.49304,5.58998,5.46073,5.49304,214500
MBS,5/16/2018 00:00:00,5.52536,5.52536,5.39611,5.39611,151800
MBS,5/17/2018 00:00:00,5.3638,5.49304,5.3638,5.39611,118800
MBS,5/18/2018 00:00:00,5.3638,5.46073,5.26686,5.39611,161900
MBS,5/21/2018 00:00:00,5.39611,5.52536,5.39611,5.39611,166900
MBS,5/22/2018 00:00:00,5.42842,5.42842,5.00836,5.29917,350400
MBS,5/23/2018 00:00:00,5.23455,5.33148,5.13761,5.33148,136800
MBS,5/24/2018 00:00:00,5.3638,5.3638,5.16992,5.33148,68900
MBS,5/25/2018 00:00:00,5.33148,5.33148,5.16992,5.16992,97900
MBS,5/28/2018 00:00:00,5.16992,5.16992,4.65293,4.65293,617900
MBS,5/29/2018 00:00:00,4.62062,5.1053,4.62062,5.04068,266200
MBS,5/30/2018 00:00:00,4.97605,5.00836,4.8468,4.87912,217000
MBS,5/31/2018 00:00:00,4.87912,5.13761,4.87912,5.13761,138800
MBS,6/1/2018 00:00:00,5.13761,5.26686,5.1053,5.16992,218700
MBS,6/4/2018 00:00:00,5.16992,5.26686,5.04068,5.16992,212400
MBS,6/5/2018 00:00:00,5.16992,5.33148,5.13761,5.33148,295300
MBS,6/6/2018 00:00:00,5.33148,5.58998,5.26686,5.58998,299700
MBS,6/7/2018 00:00:00,5.62229,5.75154,5.49304,5.62229,480800
MBS,6/8/2018 00:00:00,5.62229,5.62229,5.49304,5.62229,171600
MBS,6/11/2018 00:00:00,5.49304,5.6546,5.46073,5.58998,339900
MBS,6/12/2018 00:00:00,5.52536,5.52536,5.29917,5.3638,335600
MBS,6/13/2018 00:00:00,5.3638,5.42842,5.33148,5.39611,85700
MBS,6/14/2018 00:00:00,5.33148,5.46073,5.33148,5.39611,231000
MBS,6/15/2018 00:00:00,5.46073,5.46073,5.29917,5.3638,81500
MBS,6/18/2018 00:00:00,5.29917,5.39611,5.00836,5.00836,236100
MBS,6/19/2018 00:00:00,5.00836,5.00836,4.52368,4.68524,660800
MBS,6/20/2018 00:00:00,4.74987,4.8468,4.62062,4.8468,226600
MBS,6/21/2018 00:00:00,4.81449,5.04068,4.81449,5.00836,327400
MBS,6/22/2018 00:00:00,4.94374,5.00836,4.91143,5.00836,123600
MBS,6/25/2018 00:00:00,5.00836,5.1053,4.97605,5.1053,162700
MBS,6/26/2018 00:00:00,5.07299,5.07299,4.8468,5.07299,303300
MBS,6/27/2018 00:00:00,5.07299,5.07299,4.91143,5.04068,191300
MBS,6/28/2018 00:00:00,5.04068,5.04068,4.78218,5.00836,216300
MBS,6/29/2018 00:00:00,4.94374,4.97605,4.81449,4.91143,173300
MBS,7/2/2018 00:00:00,4.87912,4.87912,4.68524,4.8468,213900
MBS,7/3/2018 00:00:00,4.8468,4.87912,4.52368,4.68524,395700
MBS,7/4/2018 00:00:00,4.556,5.00836,4.556,5.00836,138000
MBS,7/5/2018 00:00:00,4.8468,4.8468,4.556,4.71756,265000
MBS,7/6/2018 00:00:00,4.78218,5.1053,4.52368,5.1053,363300
MBS,7/9/2018 00:00:00,4.94374,5.13761,4.94374,5.00836,92100
MBS,7/10/2018 00:00:00,4.8468,5.04068,4.8468,5.04068,116700
MBS,7/11/2018 00:00:00,4.91143,4.91143,4.71756,4.91143,186000
MBS,7/12/2018 00:00:00,4.81449,4.91143,4.78218,4.91143,63200
MBS,7/13/2018 00:00:00,4.94374,5.00836,4.8468,4.97605,86800
MBS,7/16/2018 00:00:00,5.00836,5.00836,4.91143,4.97605,37300
MBS,7/17/2018 00:00:00,4.8468,4.97605,4.8468,4.97605,73300
MBS,7/18/2018 00:00:00,4.97605,5.29917,4.97605,5.29917,305100
MBS,7/19/2018 00:00:00,5.33148,5.49304,5.20224,5.26686,91800
MBS,7/20/2018 00:00:00,5.26686,5.62229,5.26686,5.49304,525400
MBS,7/23/2018 00:00:00,5.3638,5.52536,5.33148,5.3638,264800
MBS,7/24/2018 00:00:00,5.39611,5.39611,5.20224,5.23455,124200
MBS,7/25/2018 00:00:00,5.20224,5.33148,5.13761,5.16992,199700
MBS,7/26/2018 00:00:00,5.16992,5.16992,5.04068,5.16992,70700
MBS,7/27/2018 00:00:00,5.16992,5.29917,5.13761,5.29917,279200
MBS,7/30/2018 00:00:00,5.29917,5.3638,5.26686,5.29917,179600
MBS,7/31/2018 00:00:00,5.29917,5.42842,5.26686,5.33148,174600
MBS,8/1/2018 00:00:00,5.33148,5.39611,5.20224,5.20224,69500
MBS,8/2/2018 00:00:00,5.20224,5.29917,5.13761,5.29917,60200
MBS,8/3/2018 00:00:00,5.33148,5.3638,5.16992,5.16992,95000
MBS,8/6/2018 00:00:00,5.23455,5.26686,5.16992,5.26686,56500
MBS,8/7/2018 00:00:00,5.13761,5.23455,5.13761,5.23455,21500
MBS,8/8/2018 00:00:00,5.16992,5.33148,5.16992,5.20224,193200
MBS,8/9/2018 00:00:00,5.20224,5.39611,5.20224,5.33148,193100
MBS,8/10/2018 00:00:00,5.33148,5.3638,5.16992,5.33148,170300
MBS,8/13/2018 00:00:00,5.33148,5.46073,5.23455,5.42842,289600
MBS,8/14/2018 00:00:00,5.46073,5.46073,5.29917,5.3638,83300
MBS,8/15/2018 00:00:00,5.39611,5.39611,5.23455,5.23455,85800
MBS,8/16/2018 00:00:00,5.16992,5.23455,5.13761,5.16992,94200
MBS,8/17/2018 00:00:00,5.29917,5.29917,5.07299,5.07299,136400
MBS,8/20/2018 00:00:00,5.07299,5.16992,5.07299,5.13761,36300
MBS,8/21/2018 00:00:00,5.13761,5.20224,5.1053,5.16992,45900
MBS,8/22/2018 00:00:00,5.23455,5.3638,5.20224,5.23455,196600
MBS,8/23/2018 00:00:00,5.26686,5.26686,5.20224,5.26686,53100
MBS,8/24/2018 00:00:00,5.23455,5.29917,5.20224,5.26686,134200
MBS,8/27/2018 00:00:00,5.26686,5.29917,5.23455,5.23455,170700
MBS,8/28/2018 00:00:00,5.29917,5.3638,5.23455,5.3638,312000
MBS,8/29/2018 00:00:00,5.3638,5.39611,5.29917,5.3638,409700
MBS,8/30/2018 00:00:00,5.3638,5.39611,5.29917,5.33148,107000
MBS,8/31/2018 00:00:00,5.33148,5.3638,5.20224,5.20224,62900
MBS,9/4/2018 00:00:00,5.20224,5.20224,5.1053,5.1053,146400
MBS,9/5/2018 00:00:00,5.1053,5.13761,5.04068,5.1053,204300
MBS,9/6/2018 00:00:00,5.1053,5.1053,4.8468,4.8468,90400
MBS,9/7/2018 00:00:00,5.00836,5.33148,4.91143,5.26686,596700
MBS,9/10/2018 00:00:00,5.26686,5.26686,5.13761,5.16992,242400
MBS,9/11/2018 00:00:00,5.16992,5.23455,5.13761,5.20224,230200
MBS,9/12/2018 00:00:00,5.23455,5.23455,5.13761,5.20224,228800
MBS,9/13/2018 00:00:00,5.20224,5.26686,5.16992,5.23455,194200
MBS,9/14/2018 00:00:00,5.23455,5.71923,5.23455,5.58998,1.1145e+006
MBS,9/17/2018 00:00:00,5.58998,5.75154,5.58998,5.68692,626000
MBS,9/18/2018 00:00:00,5.62229,5.68692,5.55767,5.68692,372400
MBS,9/19/2018 00:00:00,5.68692,5.84848,5.6546,5.78385,598400
MBS,9/20/2018 00:00:00,5.81616,5.97772,5.81616,5.9131,465600
MBS,9/21/2018 00:00:00,5.9131,6.01004,5.75154,5.94541,512200
MBS,9/24/2018 00:00:00,6.04235,6.04235,5.84848,5.9131,301400
MBS,9/25/2018 00:00:00,5.9131,5.97772,5.84848,5.9131,420000
MBS,9/26/2018 00:00:00,5.9131,6.07466,5.9131,5.97772,518300
MBS,9/27/2018 00:00:00,5.97772,6.04235,5.9131,5.97772,360800
MBS,9/28/2018 00:00:00,6.01004,6.01004,5.88079,5.97772,243500
MBS,10/1/2018 00:00:00,5.97772,5.97772,5.88079,5.9131,244000
MBS,10/2/2018 00:00:00,5.9131,6.1716,5.88079,6.1716,832700
MBS,10/3/2018 00:00:00,6.26853,6.26853,6.07466,6.1716,329500
MBS,10/4/2018 00:00:00,6.10697,6.20391,6.10697,6.20391,296800
MBS,10/5/2018 00:00:00,6.13928,6.20391,5.9131,5.97772,746400
MBS,10/8/2018 00:00:00,5.9131,5.97772,5.88079,5.97772,213400
MBS,10/9/2018 00:00:00,5.97772,5.97772,5.88079,5.94541,179100
MBS,10/10/2018 00:00:00,5.9131,5.9131,5.71923,5.75154,433700
MBS,10/11/2018 00:00:00,5.6546,5.6546,5.26686,5.26686,693800
MBS,10/12/2018 00:00:00,5.26686,5.49304,5.04068,5.49304,721500
MBS,10/15/2018 00:00:00,5.49304,5.49304,5.16992,5.29917,146900
MBS,10/16/2018 00:00:00,5.33148,5.49304,5.23455,5.42842,81000
MBS,10/17/2018 00:00:00,5.46073,5.55767,5.39611,5.39611,197000
MBS,10/18/2018 00:00:00,5.39611,5.49304,5.3638,5.3638,105200
MBS,10/19/2018 00:00:00,5.26686,5.46073,5.16992,5.46073,58700
MBS,10/22/2018 00:00:00,5.49304,5.49304,5.26686,5.26686,148100
MBS,10/23/2018 00:00:00,5.29917,5.29917,5.00836,5.16992,258500
MBS,10/24/2018 00:00:00,5.16992,5.20224,5.00836,5.07299,92000
MBS,10/25/2018 00:00:00,5.04068,5.04068,4.71756,4.94374,325800
MBS,10/26/2018 00:00:00,5.00836,5.04068,4.74987,4.87912,250100
MBS,10/29/2018 00:00:00,4.97605,4.97605,4.68524,4.87912,191300
MBS,10/30/2018 00:00:00,4.81449,4.87912,4.81449,4.8468,116100
MBS,10/31/2018 00:00:00,4.8468,5.07299,4.8468,5.00836,332000
MBS,11/1/2018 00:00:00,5.00836,5.04068,4.94374,4.97605,132600
MBS,11/2/2018 00:00:00,5.00836,5.07299,4.91143,5.04068,169000
MBS,11/5/2018 00:00:00,5.00836,5.04068,4.94374,5.04068,64700
MBS,11/6/2018 00:00:00,5.04068,5.07299,4.97605,5.00836,114600
MBS,11/7/2018 00:00:00,5.00836,5.04068,4.91143,4.97605,90900
MBS,11/8/2018 00:00:00,5.04068,5.1053,4.94374,4.94374,84100
MBS,11/9/2018 00:00:00,5.04068,5.04068,4.87912,4.94374,115700
MBS,11/12/2018 00:00:00,4.87912,4.91143,4.8468,4.91143,63400
MBS,11/13/2018 00:00:00,4.8468,4.91143,4.81449,4.91143,105300
MBS,11/14/2018 00:00:00,4.91143,4.91143,4.78218,4.8468,53800
MBS,11/15/2018 00:00:00,4.81449,4.81449,4.71756,4.71756,157200
MBS,11/16/2018 00:00:00,4.81449,4.8468,4.71756,4.81449,139200
MBS,11/19/2018 00:00:00,4.8468,4.8468,4.74987,4.81449,134200
MBS,11/20/2018 00:00:00,4.81449,4.8468,4.78218,4.78218,110600
MBS,11/21/2018 00:00:00,4.78218,4.81449,4.74987,4.81449,86200
MBS,11/22/2018 00:00:00,4.87912,4.87912,4.81449,4.81449,124000
MBS,11/23/2018 00:00:00,4.78218,4.8468,4.74987,4.8468,64200
MBS,11/26/2018 00:00:00,4.36212,4.87912,4.36212,4.81449,84900
MBS,11/27/2018 00:00:00,4.81449,4.81449,4.71756,4.78218,98600
MBS,11/28/2018 00:00:00,4.74987,4.78218,4.71756,4.71756,97200
MBS,11/29/2018 00:00:00,4.78218,4.81449,4.71756,4.71756,93900
MBS,11/30/2018 00:00:00,4.71756,4.74987,4.68524,4.74987,108000
MBS,12/3/2018 00:00:00,4.81449,4.97605,4.78218,4.97605,250000
MBS,12/4/2018 00:00:00,4.97605,5.00836,4.91143,4.91143,105200
MBS,12/5/2018 00:00:00,4.8468,4.87912,4.8468,4.87912,140200
MBS,12/6/2018 00:00:00,4.87912,4.87912,4.81449,4.8468,73200
MBS,12/7/2018 00:00:00,4.8468,4.94374,4.8468,4.87912,151600
MBS,12/10/2018 00:00:00,4.8468,4.87912,4.8468,4.87912,37100
MBS,12/11/2018 00:00:00,4.87912,4.91143,4.8468,4.8468,97200
MBS,12/12/2018 00:00:00,4.8468,4.87912,4.8468,4.8468,116600
MBS,12/13/2018 00:00:00,4.87912,4.87912,4.81449,4.8468,121300
MBS,12/14/2018 00:00:00,4.8468,4.8468,4.81449,4.81449,37000
MBS,12/17/2018 00:00:00,4.81449,4.81449,4.74987,4.74987,110300
MBS,12/18/2018 00:00:00,4.74987,4.74987,4.58831,4.71756,248500
MBS,12/19/2018 00:00:00,4.65293,4.68524,4.62062,4.65293,64100
MBS,12/20/2018 00:00:00,4.65293,4.65293,4.58831,4.65293,103700
MBS,12/21/2018 00:00:00,4.62062,4.62062,4.556,4.62062,114900
MBS,12/24/2018 00:00:00,4.62062,4.65293,4.58831,4.58831,229400
MBS,12/25/2018 00:00:00,4.556,4.556,4.2975,4.52368,202100
MBS,12/26/2018 00:00:00,4.52368,4.52368,4.32981,4.49137,43900
MBS,12/27/2018 00:00:00,4.52368,4.58831,4.39444,4.45906,193700
MBS,12/28/2018 00:00:00,4.45906,4.45906,4.2975,4.45906,214800
MBS,1/2/2019 00:00:00,4.42675,4.45906,4.2975,4.45906,152100
MBS,1/3/2019 00:00:00,4.39444,4.45906,4.26519,4.45906,138900
MBS,1/4/2019 00:00:00,4.36212,4.45906,4.2975,4.45906,87300
MBS,1/7/2019 00:00:00,4.45906,4.49137,4.39444,4.42675,229600
MBS,1/8/2019 00:00:00,4.39444,4.52368,4.36212,4.52368,214500
MBS,1/9/2019 00:00:00,4.52368,4.556,4.49137,4.556,52400
MBS,1/10/2019 00:00:00,4.556,4.58831,4.49137,4.58831,113400
MBS,1/11/2019 00:00:00,4.58831,4.74987,4.52368,4.71756,113300
MBS,1/14/2019 00:00:00,4.71756,4.71756,4.62062,4.68524,62500
MBS,1/15/2019 00:00:00,4.65293,4.68524,4.62062,4.68524,240000
MBS,1/16/2019 00:00:00,4.68524,4.74987,4.58831,4.68524,71500
MBS,1/17/2019 00:00:00,4.65293,4.65293,4.62062,4.62062,10700
MBS,1/18/2019 00:00:00,4.65293,4.65293,4.52368,4.65293,34500
MBS,1/21/2019 00:00:00,4.52368,4.8468,4.52368,4.81449,256800
MBS,1/22/2019 00:00:00,4.81449,4.81449,4.68524,4.74987,49500
MBS,1/23/2019 00:00:00,4.68524,4.78218,4.68524,4.78218,150300
MBS,1/24/2019 00:00:00,4.78218,4.81449,4.71756,4.81449,136900
MBS,1/25/2019 00:00:00,4.81449,4.81449,4.74987,4.74987,11400
MBS,1/28/2019 00:00:00,4.78218,4.81449,4.68524,4.68524,48400
MBS,1/29/2019 00:00:00,4.68524,4.81449,4.65293,4.81449,110700
MBS,1/30/2019 00:00:00,4.81449,4.8468,4.78218,4.8468,48500
MBS,1/31/2019 00:00:00,4.8468,4.8468,4.78218,4.8468,17800
MBS,2/1/2019 00:00:00,4.74987,4.8468,4.71756,4.8468,36400
MBS,2/11/2019 00:00:00,4.8468,5.00836,4.8468,5.00836,93100
MBS,2/12/2019 00:00:00,5.00836,5.00836,4.91143,4.94374,80300
MBS,2/13/2019 00:00:00,4.94374,4.94374,4.87912,4.94374,177500
MBS,2/14/2019 00:00:00,4.87912,4.87912,4.8468,4.8468,83800
MBS,2/15/2019 00:00:00,4.8468,4.94374,4.81449,4.91143,83900
MBS,2/18/2019 00:00:00,4.87912,4.87912,4.81449,4.87912,29700
MBS,2/19/2019 00:00:00,4.8468,4.8468,4.74987,4.74987,103700
MBS,2/20/2019 00:00:00,4.81449,4.81449,4.74987,4.74987,31700
MBS,2/21/2019 00:00:00,4.71756,5.20224,4.68524,5.07299,1.0242e+006
MBS,2/22/2019 00:00:00,5.1053,5.1053,4.94374,4.97605,89700
MBS,2/25/2019 00:00:00,5.07299,5.07299,4.97605,4.97605,106900
MBS,2/26/2019 00:00:00,4.97605,5.00836,4.91143,4.97605,180700
MBS,2/27/2019 00:00:00,4.97605,5.04068,4.94374,4.97605,69500
MBS,2/28/2019 00:00:00,4.97605,5.00836,4.87912,4.87912,76500
MBS,3/1/2019 00:00:00,4.87912,4.94374,4.87912,4.91143,40500
MBS,3/4/2019 00:00:00,4.97605,5.1053,4.91143,5.04068,216400
MBS,3/5/2019 00:00:00,5.04068,5.07299,4.94374,4.97605,291800
MBS,3/6/2019 00:00:00,4.97605,4.97605,4.91143,4.94374,127800
MBS,3/7/2019 00:00:00,4.94374,4.97605,4.91143,4.94374,168500
MBS,3/8/2019 00:00:00,4.91143,4.91143,4.8468,4.8468,109000
MBS,3/11/2019 00:00:00,4.8468,4.8468,4.8468,4.8468,54700
MBS,3/12/2019 00:00:00,4.8468,4.91143,4.8468,4.91143,107600
MBS,3/13/2019 00:00:00,4.94374,5.23455,4.91143,5.23455,876300
MBS,3/14/2019 00:00:00,5.20224,5.20224,5.07299,5.07299,256600
MBS,3/15/2019 00:00:00,5.07299,5.20224,5.07299,5.16992,262300
MBS,3/18/2019 00:00:00,5.20224,5.29917,5.16992,5.26686,286200
MBS,3/19/2019 00:00:00,5.33148,5.46073,5.26686,5.26686,851700
MBS,3/20/2019 00:00:00,5.20224,5.39611,5.16992,5.3638,289000
MBS,3/21/2019 00:00:00,5.42842,5.52536,5.3638,5.3638,455500
MBS,3/22/2019 00:00:00,5.3638,5.39611,5.29917,5.3638,353700
MBS,3/25/2019 00:00:00,5.16992,5.26686,5.13761,5.13761,473100
MBS,3/26/2019 00:00:00,5.29917,5.33148,5.13761,5.20224,165100
MBS,3/27/2019 00:00:00,5.26686,5.33148,5.20224,5.20224,182700
MBS,3/28/2019 00:00:00,5.20224,5.23455,5.16992,5.16992,92100
MBS,3/29/2019 00:00:00,5.16992,5.23455,5.16992,5.20224,158300
MBS,4/1/2019 00:00:00,5.20224,5.26686,5.16992,5.16992,818600
MBS,4/2/2019 00:00:00,5.20224,5.23455,5.1053,5.1053,245500
MBS,4/3/2019 00:00:00,5.13761,5.13761,5.00836,5.00836,239900
MBS,4/4/2019 00:00:00,4.97605,5.1053,4.97605,5.04068,174700
MBS,4/5/2019 00:00:00,5.04068,5.1053,4.94374,5.1053,258800
MBS,4/8/2019 00:00:00,5.13761,5.16992,5.04068,5.07299,142200
MBS,4/9/2019 00:00:00,5.07299,5.1053,5.00836,5.00836,92700
MBS,4/10/2019 00:00:00,5.00836,5.00836,4.91143,4.91143,103400
MBS,4/11/2019 00:00:00,4.91143,5.00836,4.91143,5.00836,208100
MBS,4/12/2019 00:00:00,4.91143,4.94374,4.87912,4.91143,97100
MBS,4/16/2019 00:00:00,4.91143,4.91143,4.78218,4.78218,195400
MBS,4/17/2019 00:00:00,4.8468,4.8468,4.74987,4.8468,236400
MBS,4/18/2019 00:00:00,4.8468,4.8468,4.74987,4.8468,213800
MBS,4/19/2019 00:00:00,4.81449,4.8468,4.81449,4.8468,134100
MBS,4/22/2019 00:00:00,4.74987,4.8468,4.74987,4.8468,245600
MBS,4/23/2019 00:00:00,4.8468,5.33148,4.81449,5.1053,639700
MBS,4/24/2019 00:00:00,5.1053,5.13761,4.97605,5.13761,274100
MBS,4/25/2019 00:00:00,5.07299,5.13761,5.00836,5.13761,249300
MBS,4/26/2019 00:00:00,5.04068,5.33148,5.04068,5.33148,315900
MBS,5/2/2019 00:00:00,5.29917,5.33148,5.16992,5.23455,390900
MBS,5/3/2019 00:00:00,5.23455,5.23455,5.13761,5.20224,187800
MBS,5/6/2019 00:00:00,5.1053,5.20224,5.04068,5.16992,173200
MBS,5/7/2019 00:00:00,5.13761,5.26686,5.13761,5.20224,199700
MBS,5/8/2019 00:00:00,5.29917,5.29917,5.1053,5.16992,162800
MBS,5/9/2019 00:00:00,5.16992,5.20224,5.1053,5.20224,188900
MBS,5/10/2019 00:00:00,5.20224,5.20224,5.16992,5.20224,175500
MBS,5/13/2019 00:00:00,5.16992,5.20224,5.13761,5.20224,43800
MBS,5/14/2019 00:00:00,5.13761,5.26686,5.13761,5.26686,136800
MBS,5/15/2019 00:00:00,5.26686,5.29917,5.16992,5.23455,191900
MBS,5/16/2019 00:00:00,5.20224,5.26686,5.16992,5.20224,106300
MBS,5/17/2019 00:00:00,5.23455,5.23455,5.16992,5.16992,138800
MBS,5/20/2019 00:00:00,5.16992,5.26686,5.16992,5.16992,132300
MBS,5/21/2019 00:00:00,5.16992,5.23455,5.16992,5.20224,87000
MBS,5/22/2019 00:00:00,5.20224,5.20224,5.13761,5.16992,32700
MBS,5/23/2019 00:00:00,5.16992,5.16992,5.1053,5.16992,72400
MBS,5/24/2019 00:00:00,5.13761,5.13761,5.04068,5.13761,97500
MBS,5/27/2019 00:00:00,5.1053,5.13761,5.07299,5.13761,53300
MBS,5/28/2019 00:00:00,5.1053,5.1053,5.00836,5.1053,104900
MBS,5/29/2019 00:00:00,5.1053,5.1053,5.04068,5.1053,39600
MBS,5/30/2019 00:00:00,5.04068,5.1053,5.00836,5.1053,45400
MBS,5/31/2019 00:00:00,5.04068,5.07299,5.00836,5.04068,77300
MBS,6/3/2019 00:00:00,5.00836,5.16992,4.87912,5.16992,112100
MBS,6/4/2019 00:00:00,5.1053,5.16992,4.94374,5.1053,104000
MBS,6/5/2019 00:00:00,5.1053,5.13761,5.00836,5.1053,33700
MBS,6/6/2019 00:00:00,5.00836,5.1053,4.97605,5.1053,53700
MBS,6/7/2019 00:00:00,5.1053,5.1053,5.04068,5.1053,74800
MBS,6/10/2019 00:00:00,5.1053,5.1053,5.04068,5.1053,30400
MBS,6/11/2019 00:00:00,5.1053,5.1053,5.04068,5.1053,67900
MBS,6/12/2019 00:00:00,5.04068,5.07299,5.04068,5.07299,31100
MBS,6/13/2019 00:00:00,5.04068,5.1053,5.00836,5.04068,28700
MBS,6/14/2019 00:00:00,5.04068,5.04068,5.00836,5.00836,23800
MBS,6/17/2019 00:00:00,4.97605,5.00836,4.91143,5.00836,57300
MBS,6/18/2019 00:00:00,4.91143,4.97605,4.8468,4.97605,57600
MBS,6/19/2019 00:00:00,4.97605,5.00836,4.91143,4.94374,37400
MBS,6/20/2019 00:00:00,4.94374,4.97605,4.91143,4.94374,32300
MBS,6/21/2019 00:00:00,4.97605,4.97605,4.91143,4.94374,124000
MBS,6/24/2019 00:00:00,5.00836,5.00836,4.87912,4.87912,9800
MBS,6/25/2019 00:00:00,4.94374,4.94374,4.81449,4.94374,88700
MBS,6/26/2019 00:00:00,4.97605,4.97605,4.87912,4.94374,192800
MBS,6/27/2019 00:00:00,4.94374,4.94374,4.62062,4.62062,72900
MBS,6/28/2019 00:00:00,4.71756,4.78218,4.65293,4.78218,40300
MBS,7/1/2019 00:00:00,4.8468,4.8468,4.78218,4.78218,32000
MBS,7/2/2019 00:00:00,4.78218,4.78218,4.71756,4.78218,41000
MBS,7/3/2019 00:00:00,4.78218,4.78218,4.71756,4.78218,41000
MBS,7/4/2019 00:00:00,4.78218,4.78218,4.71756,4.78218,24600
MBS,7/5/2019 00:00:00,4.78218,4.78218,4.68524,4.68524,58600
MBS,7/8/2019 00:00:00,4.68524,4.71756,4.62062,4.68524,21500
MBS,7/9/2019 00:00:00,4.65293,4.68524,4.62062,4.68524,59700
MBS,7/10/2019 00:00:00,4.71756,4.71756,4.62062,4.68524,57100
MBS,7/11/2019 00:00:00,4.62062,4.65293,4.62062,4.62062,41700
MBS,7/12/2019 00:00:00,4.65293,4.65293,4.58831,4.65293,26300
MBS,7/15/2019 00:00:00,4.65293,4.65293,4.62062,4.65293,21100
MBS,7/16/2019 00:00:00,4.68524,4.71756,4.68524,4.71756,316900
MBS,7/17/2019 00:00:00,4.71756,4.71756,4.62062,4.62062,84500
MBS,7/18/2019 00:00:00,4.65293,4.65293,4.58831,4.65293,44900
MBS,7/19/2019 00:00:00,4.65293,4.65293,4.62062,4.65293,73600
MBS,7/22/2019 00:00:00,4.65293,4.78218,4.62062,4.65293,199000
MBS,7/23/2019 00:00:00,4.68524,4.8468,4.68524,4.78218,290000
MBS,7/24/2019 00:00:00,4.78218,4.8468,4.74987,4.74987,103600
MBS,7/25/2019 00:00:00,4.2975,5.20224,4.2975,5.20224,1.5928e+006
MBS,7/26/2019 00:00:00,5.71923,5.71923,5.07299,5.16992,186700
MBS,7/29/2019 00:00:00,5.68692,5.68692,5.00836,5.1053,106800
MBS,7/30/2019 00:00:00,5.1053,5.1053,5.00836,5.1053,127100
MBS,7/31/2019 00:00:00,5.1053,5.1053,5.00836,5.07299,56700
MBS,8/1/2019 00:00:00,5.07299,5.07299,5.00836,5.07299,31900
MBS,8/2/2019 00:00:00,5.00836,5.1053,5.00836,5.07299,114200
MBS,8/5/2019 00:00:00,5.1053,5.13761,5.00836,5.07299,26800
MBS,8/6/2019 00:00:00,4.97605,4.97605,4.91143,4.91143,90700
MBS,8/7/2019 00:00:00,4.94374,5.04068,4.87912,4.87912,30100
MBS,8/8/2019 00:00:00,5.04068,5.04068,4.91143,4.97605,1800
MBS,8/9/2019 00:00:00,5.04068,5.04068,4.97605,4.97605,4200
MBS,8/12/2019 00:00:00,4.94374,5.13761,4.91143,5.07299,91900
MBS,8/13/2019 00:00:00,5.04068,5.04068,4.97605,4.97605,33200
MBS,8/14/2019 00:00:00,5.04068,5.04068,4.94374,4.97605,30700
MBS,8/15/2019 00:00:00,4.94374,5.00836,4.87912,5.00836,23600
MBS,8/16/2019 00:00:00,4.97605,5.16992,4.97605,5.04068,146700
MBS,8/19/2019 00:00:00,5.00836,5.04068,5.00836,5.00836,74600
MBS,8/20/2019 00:00:00,5.00836,5.00836,4.97605,5.00836,60400
MBS,8/21/2019 00:00:00,5.00836,5.00836,4.94374,5.00836,69500
MBS,8/22/2019 00:00:00,4.97605,5.00836,4.91143,5.00836,68700
MBS,8/23/2019 00:00:00,4.97605,4.97605,4.8468,4.97605,25000
MBS,8/26/2019 00:00:00,4.87912,4.97605,4.8468,4.97605,64100
MBS,8/27/2019 00:00:00,4.97605,5.04068,4.81449,4.97605,95300
MBS,8/28/2019 00:00:00,4.87912,4.91143,4.8468,4.8468,69200
MBS,8/29/2019 00:00:00,5.16992,5.16992,4.8468,4.91143,19200
MBS,8/30/2019 00:00:00,4.91143,4.91143,4.8468,4.91143,23500
MBS,9/3/2019 00:00:00,4.91143,4.91143,4.8468,4.91143,348300
MBS,9/4/2019 00:00:00,4.91143,5.04068,4.81449,4.91143,53500
MBS,9/5/2019 00:00:00,4.91143,4.91143,4.8468,4.91143,11900
MBS,9/6/2019 00:00:00,4.8468,4.91143,4.81449,4.91143,29000
MBS,9/9/2019 00:00:00,4.8468,4.87912,4.81449,4.87912,37500
MBS,9/10/2019 00:00:00,4.87912,4.87912,4.78218,4.8468,46000
MBS,9/11/2019 00:00:00,4.8468,4.94374,4.8468,4.91143,326300
MBS,9/12/2019 00:00:00,4.87912,4.87912,4.8468,4.87912,64000
MBS,9/13/2019 00:00:00,4.87912,4.87912,4.81449,4.87912,41000
MBS,9/16/2019 00:00:00,4.94374,4.97605,4.8468,4.91143,22700
MBS,9/17/2019 00:00:00,4.8468,4.87912,4.8468,4.87912,22200
MBS,9/18/2019 00:00:00,4.87912,4.87912,4.81449,4.8468,627700
MBS,9/19/2019 00:00:00,4.81449,4.94374,4.78218,4.94374,1.1675e+006
MBS,9/20/2019 00:00:00,4.87912,4.91143,4.8468,4.91143,980400
MBS,9/23/2019 00:00:00,4.8468,4.91143,4.8468,4.91143,231400
MBS,9/24/2019 00:00:00,4.8468,4.87912,4.81449,4.87912,182400
MBS,9/25/2019 00:00:00,4.81449,4.87912,4.78218,4.87912,12400
MBS,9/26/2019 00:00:00,4.81449,5.3638,4.81449,5.07299,254100
MBS,9/27/2019 00:00:00,4.91143,5.00836,4.87912,5.00836,63400
MBS,9/30/2019 00:00:00,4.94374,4.97605,4.81449,4.91143,670300
MBS,10/1/2019 00:00:00,5.00836,5.00836,4.78218,4.8468,241200
MBS,10/2/2019 00:00:00,4.81449,4.87912,4.71756,4.74987,102800
MBS,10/3/2019 00:00:00,4.74987,4.81449,4.71756,4.81449,29200
MBS,10/4/2019 00:00:00,4.87912,4.87912,4.71756,4.78218,68600
MBS,10/7/2019 00:00:00,4.74987,4.74987,4.68524,4.74987,71200
MBS,10/8/2019 00:00:00,4.74987,4.74987,4.68524,4.74987,80800
MBS,10/9/2019 00:00:00,4.68524,4.71756,4.68524,4.71756,72600
MBS,10/10/2019 00:00:00,4.71756,4.71756,4.65293,4.68524,110700
MBS,10/11/2019 00:00:00,4.71756,4.71756,4.58831,4.58831,198900
MBS,10/14/2019 00:00:00,5.04068,5.04068,4.62062,4.65293,153400
MBS,10/15/2019 00:00:00,5.1053,5.1053,4.52368,4.65293,259000
MBS,10/16/2019 00:00:00,5.1053,5.1053,4.49137,4.58831,226900
MBS,10/17/2019 00:00:00,5.04068,5.04068,4.49137,4.58831,131200
MBS,10/18/2019 00:00:00,4.58831,4.58831,4.52368,4.58831,53700
MBS,10/21/2019 00:00:00,4.556,4.58831,4.52368,4.58831,45500
MBS,10/22/2019 00:00:00,4.556,4.58831,4.49137,4.58831,140900
MBS,10/23/2019 00:00:00,4.52368,4.58831,4.52368,4.58831,32400
MBS,10/24/2019 00:00:00,4.58831,4.62062,4.52368,4.62062,61300
MBS,10/25/2019 00:00:00,4.52368,4.58831,4.52368,4.58831,53400
MBS,10/28/2019 00:00:00,4.62062,4.62062,4.52368,4.556,47400
MBS,10/29/2019 00:00:00,4.556,4.58831,4.52368,4.556,54400
MBS,10/30/2019 00:00:00,4.52368,4.556,4.52368,4.556,43800
MBS,10/31/2019 00:00:00,4.556,4.58831,4.52368,4.58831,26500
MBS,11/1/2019 00:00:00,4.58831,4.62062,4.52368,4.62062,49700
MBS,11/4/2019 00:00:00,4.62062,4.65293,4.58831,4.65293,31600
MBS,11/5/2019 00:00:00,4.65293,4.65293,4.58831,4.65293,37300
MBS,11/6/2019 00:00:00,4.62062,4.62062,4.58831,4.62062,29600
MBS,11/7/2019 00:00:00,4.556,4.65293,4.52368,4.65293,53300
MBS,11/8/2019 00:00:00,4.62062,4.65293,4.58831,4.62062,35700
MBS,11/11/2019 00:00:00,4.62062,4.62062,4.52368,4.62062,66700
MBS,11/12/2019 00:00:00,4.556,4.62062,4.52368,4.58831,91700
MBS,11/13/2019 00:00:00,4.52368,4.556,4.49137,4.556,78300
MBS,11/14/2019 00:00:00,4.52368,4.556,4.49137,4.556,95400
MBS,11/15/2019 00:00:00,4.49137,4.556,4.45906,4.556,84200
MBS,11/18/2019 00:00:00,4.52368,4.556,4.49137,4.556,55700
MBS,11/19/2019 00:00:00,4.556,4.556,4.49137,4.556,158700
MBS,11/20/2019 00:00:00,4.52368,4.556,4.52368,4.556,41300
MBS,11/21/2019 00:00:00,4.556,4.68524,4.49137,4.556,311300
MBS,11/22/2019 00:00:00,4.10363,4.87912,4.10363,4.74987,316800
MBS,11/25/2019 00:00:00,4.71756,5.04068,4.71756,5.04068,379700
MBS,11/26/2019 00:00:00,4.78218,5.16992,4.78218,5.07299,747200
MBS,11/27/2019 00:00:00,4.58831,5.1053,4.58831,5.1053,93800
MBS,11/28/2019 00:00:00,4.62062,5.04068,4.62062,4.91143,37900
MBS,11/29/2019 00:00:00,4.78218,4.94374,4.62062,4.94374,167300
MBS,12/2/2019 00:00:00,4.74987,5.04068,4.74987,4.94374,303300
MBS,12/3/2019 00:00:00,4.45906,5.04068,4.45906,4.94374,221000
MBS,12/4/2019 00:00:00,4.45906,4.97605,4.45906,4.97605,6300
MBS,12/5/2019 00:00:00,4.97605,5.1053,4.87912,5.04068,168700
MBS,12/6/2019 00:00:00,5.04068,5.04068,4.87912,4.97605,103600
MBS,12/9/2019 00:00:00,5.46073,5.46073,4.87912,4.97605,6100
MBS,12/10/2019 00:00:00,5.04068,5.04068,4.8468,4.8468,21500
MBS,12/11/2019 00:00:00,4.81449,5.04068,4.81449,4.94374,28000
MBS,12/12/2019 00:00:00,4.81449,4.94374,4.81449,4.94374,29200
MBS,12/13/2019 00:00:00,4.91143,4.94374,4.81449,4.94374,61500
MBS,12/16/2019 00:00:00,4.8468,4.97605,4.78218,4.8468,77200
MBS,12/17/2019 00:00:00,4.8468,4.8468,4.8468,4.8468,19400
MBS,12/18/2019 00:00:00,4.78218,4.87912,4.58831,4.58831,32300
MBS,12/19/2019 00:00:00,4.71756,4.91143,4.58831,4.91143,48900
MBS,12/20/2019 00:00:00,4.81449,4.87912,4.81449,4.87912,6000
MBS,12/23/2019 00:00:00,4.81449,4.81449,4.52368,4.78218,42600
MBS,12/24/2019 00:00:00,4.62062,4.78218,4.58831,4.78218,15200
MBS,12/25/2019 00:00:00,4.62062,4.62062,4.58831,4.58831,8400
MBS,12/26/2019 00:00:00,4.58831,4.74987,4.58831,4.74987,38200
MBS,12/27/2019 00:00:00,4.62062,4.91143,4.62062,4.91143,30000
MBS,12/30/2019 00:00:00,4.68524,4.81449,4.65293,4.81449,18500
MBS,12/31/2019 00:00:00,4.78218,4.78218,4.62062,4.65293,76400
MBS,1/2/2020 00:00:00,4.74987,4.74987,4.65293,4.74987,121700
MBS,1/3/2020 00:00:00,4.65293,4.74987,4.62062,4.74987,53800
MBS,1/6/2020 00:00:00,4.62062,4.74987,4.62062,4.74987,117700
MBS,1/7/2020 00:00:00,4.62062,4.74987,4.52368,4.68524,197700
MBS,1/8/2020 00:00:00,4.52368,4.68524,4.49137,4.68524,89000
MBS,1/9/2020 00:00:00,4.52368,4.68524,4.49137,4.68524,303500
MBS,1/10/2020 00:00:00,4.52368,4.78218,4.42675,4.78218,122300
MBS,1/13/2020 00:00:00,4.62062,4.68524,4.52368,4.68524,52400
MBS,1/14/2020 00:00:00,4.556,4.62062,4.52368,4.62062,83800
MBS,1/15/2020 00:00:00,4.52368,4.62062,4.42675,4.62062,367600
MBS,1/16/2020 00:00:00,4.556,4.65293,4.556,4.65293,66300
MBS,1/17/2020 00:00:00,4.556,4.65293,4.45906,4.58831,225000
MBS,1/20/2020 00:00:00,4.52368,4.58831,4.49137,4.58831,529700
MBS,1/21/2020 00:00:00,4.52368,4.58831,4.52368,4.58831,75200
MBS,1/22/2020 00:00:00,4.58831,4.62062,4.52368,4.62062,97600
MBS,1/30/2020 00:00:00,4.556,4.556,4.52368,4.556,128300
MBS,1/31/2020 00:00:00,4.556,4.58831,4.45906,4.556,176000
MBS,2/3/2020 00:00:00,4.45906,4.556,4.36212,4.556,126400
MBS,2/4/2020 00:00:00,4.45906,4.556,4.39444,4.556,229400
MBS,2/5/2020 00:00:00,4.49137,4.556,4.39444,4.556,217400
MBS,2/6/2020 00:00:00,4.45906,4.556,4.45906,4.556,145900
MBS,2/7/2020 00:00:00,4.52368,4.52368,4.45906,4.49137,212500
MBS,2/10/2020 00:00:00,4.52368,4.52368,4.07131,4.07131,268900
MBS,2/11/2020 00:00:00,4.28942,4.28942,4.14402,4.25307,55400
MBS,2/12/2020 00:00:00,4.36212,4.50753,4.28942,4.39847,38400
MBS,2/13/2020 00:00:00,4.47118,4.47118,4.32577,4.32577,12400
MBS,2/14/2020 00:00:00,4.32577,4.32577,4.25307,4.32577,19800
MBS,2/17/2020 00:00:00,4.32577,4.32577,4.21672,4.21672,29600
MBS,2/18/2020 00:00:00,4.25307,4.28942,4.14402,4.28942,53800
MBS,2/19/2020 00:00:00,4.25307,4.25307,4.21672,4.25307,13800
MBS,2/20/2020 00:00:00,4.25307,4.25307,4.21672,4.21672,42600
MBS,2/21/2020 00:00:00,4.18037,4.21672,4.18037,4.21672,24000
MBS,2/24/2020 00:00:00,4.18037,4.18037,4.07131,4.18037,34200
MBS,2/25/2020 00:00:00,4.18037,4.18037,4.03496,4.10767,48900
MBS,2/26/2020 00:00:00,3.99861,4.03496,3.99861,4.03496,14200
MBS,2/27/2020 00:00:00,3.99861,3.99861,3.92591,3.96226,26500
MBS,2/28/2020 00:00:00,4.07131,4.18037,3.74416,4.18037,86300
MBS,3/2/2020 00:00:00,4.03496,4.14402,3.99861,4.03496,16900
MBS,3/3/2020 00:00:00,4.10767,4.10767,3.99861,3.99861,48500
MBS,3/4/2020 00:00:00,3.99861,3.99861,3.92591,3.96226,76900
MBS,3/5/2020 00:00:00,3.85321,4.18037,3.81686,3.96226,141200
MBS,3/6/2020 00:00:00,3.96226,3.96226,3.85321,3.92591,116900
MBS,3/9/2020 00:00:00,3.67145,3.85321,3.5624,3.5624,302700
MBS,3/10/2020 00:00:00,3.5624,3.5624,3.45335,3.5624,216100
MBS,3/11/2020 00:00:00,3.6351,3.6351,3.38065,3.45335,88900
MBS,3/12/2020 00:00:00,3.45335,3.45335,3.12619,3.27159,56200
MBS,3/13/2020 00:00:00,3.08984,3.417,2.94443,3.417,107100
MBS,3/16/2020 00:00:00,3.30794,3.417,3.27159,3.417,33000
MBS,3/17/2020 00:00:00,3.12619,3.34429,3.12619,3.34429,38000
MBS,3/18/2020 00:00:00,3.27159,3.27159,3.12619,3.12619,14300
MBS,3/19/2020 00:00:00,3.05349,3.27159,2.94443,3.27159,81700
MBS,3/20/2020 00:00:00,3.23524,3.30794,3.23524,3.30794,20000
MBS,3/23/2020 00:00:00,3.19889,3.27159,2.98078,3.23524,82800
MBS,3/24/2020 00:00:00,3.19889,3.19889,2.94443,3.12619,85200
MBS,3/25/2020 00:00:00,3.12619,3.19889,3.05349,3.19889,21000
MBS,3/26/2020 00:00:00,3.19889,3.19889,3.05349,3.05349,22700
MBS,3/27/2020 00:00:00,2.98078,3.05349,2.98078,3.05349,32200
MBS,3/30/2020 00:00:00,2.94443,3.05349,2.87173,3.05349,42800
MBS,3/31/2020 00:00:00,3.05349,3.05349,2.90808,3.05349,71700
MBS,4/1/2020 00:00:00,3.05349,3.27159,3.05349,3.27159,46800
MBS,4/3/2020 00:00:00,3.27159,3.34429,3.08984,3.34429,87300
MBS,4/6/2020 00:00:00,3.45335,3.59875,3.30794,3.59875,120700
MBS,4/7/2020 00:00:00,3.59875,3.6351,3.45335,3.52605,110200
MBS,4/8/2020 00:00:00,3.4897,3.4897,3.417,3.45335,41500
MBS,4/9/2020 00:00:00,3.45335,3.52605,3.417,3.45335,100500
MBS,4/10/2020 00:00:00,3.45335,3.4897,3.417,3.45335,30300
MBS,4/13/2020 00:00:00,3.38065,3.45335,3.34429,3.38065,123600
MBS,4/14/2020 00:00:00,3.38065,3.417,3.34429,3.38065,44300
MBS,4/15/2020 00:00:00,3.38065,3.417,3.34429,3.38065,53500
MBS,4/16/2020 00:00:00,3.38065,3.38065,3.34429,3.38065,14600
MBS,4/17/2020 00:00:00,3.38065,3.417,3.34429,3.38065,84500
MBS,4/20/2020 00:00:00,3.38065,3.417,3.30794,3.417,69800
MBS,4/21/2020 00:00:00,3.34429,3.38065,3.27159,3.27159,103600
MBS,4/22/2020 00:00:00,3.23524,3.30794,3.19889,3.30794,57500
MBS,4/23/2020 00:00:00,3.27159,3.30794,3.23524,3.30794,132000
MBS,4/24/2020 00:00:00,3.27159,3.30794,3.27159,3.30794,66600
MBS,4/27/2020 00:00:00,3.30794,3.30794,3.27159,3.30794,35200
MBS,4/28/2020 00:00:00,3.30794,3.30794,3.23524,3.30794,51500
MBS,4/29/2020 00:00:00,3.23524,3.30794,3.23524,3.30794,50100
MBS,5/4/2020 00:00:00,3.30794,3.30794,3.27159,3.30794,9200
MBS,5/5/2020 00:00:00,3.27159,3.30794,3.27159,3.30794,21600
MBS,5/6/2020 00:00:00,3.27159,3.30794,3.19889,3.27159,30100
MBS,5/7/2020 00:00:00,3.27159,3.30794,3.23524,3.30794,41900
MBS,5/8/2020 00:00:00,3.30794,3.34429,3.27159,3.30794,160900
MBS,5/11/2020 00:00:00,3.30794,3.4897,3.30794,3.38065,94300
MBS,5/12/2020 00:00:00,3.417,3.6351,3.417,3.59875,248900
MBS,5/13/2020 00:00:00,3.59875,3.59875,3.4897,3.52605,86500
MBS,5/14/2020 00:00:00,3.52605,3.5624,3.45335,3.4897,146200
MBS,5/15/2020 00:00:00,3.45335,3.52605,3.417,3.45335,112200
MBS,5/18/2020 00:00:00,3.45335,3.4897,3.417,3.417,35900
MBS,5/19/2020 00:00:00,3.45335,3.52605,3.45335,3.4897,145000
MBS,5/20/2020 00:00:00,3.4897,3.4897,3.45335,3.4897,74900
MBS,5/21/2020 00:00:00,3.4897,3.4897,3.45335,3.45335,143800
MBS,5/22/2020 00:00:00,3.45335,3.4897,3.45335,3.4897,22500
MBS,5/25/2020 00:00:00,3.4897,3.52605,3.45335,3.4897,119100
MBS,5/26/2020 00:00:00,3.52605,3.6351,3.4897,3.59875,131100
MBS,5/27/2020 00:00:00,3.59875,3.78051,3.59875,3.78051,3.0047e+006
MBS,5/28/2020 00:00:00,3.78051,3.81686,3.7078,3.78051,285500
MBS,5/29/2020 00:00:00,3.78051,3.78051,3.7078,3.7078,124000
MBS,6/1/2020 00:00:00,3.7078,3.96226,3.67145,3.92591,284900
MBS,6/2/2020 00:00:00,3.96226,3.99861,3.81686,3.81686,234400
MBS,6/3/2020 00:00:00,3.81686,3.85321,3.78051,3.81686,171300
MBS,6/4/2020 00:00:00,3.81686,3.99861,3.81686,3.88956,600000
MBS,6/5/2020 00:00:00,3.96226,3.99861,3.85321,3.88956,233200
MBS,6/8/2020 00:00:00,3.99861,4.14402,3.96226,4.14402,663600
MBS,6/9/2020 00:00:00,4.14402,4.14402,4.03496,4.10767,308500
MBS,6/10/2020 00:00:00,4.18037,4.32577,4.03496,4.25307,313900
MBS,6/11/2020 00:00:00,4.18037,4.32577,3.92591,4.03496,409000
MBS,6/12/2020 00:00:00,3.96226,4.18037,3.81686,4.18037,237300
MBS,6/15/2020 00:00:00,4.33962,4.33962,3.90168,3.9813,233500
MBS,6/16/2020 00:00:00,4.02112,4.02112,3.82205,3.9813,194800
MBS,6/17/2020 00:00:00,3.9813,4.02112,3.86186,3.90168,74700
MBS,6/18/2020 00:00:00,3.90168,3.9813,3.86186,3.90168,28800
MBS,6/19/2020 00:00:00,3.90168,3.9813,3.86186,3.94149,112800
MBS,6/22/2020 00:00:00,4.02112,4.06093,3.9813,4.02112,259100
MBS,6/23/2020 00:00:00,4.06093,4.29981,4.06093,4.25999,286400
MBS,6/24/2020 00:00:00,4.25999,4.25999,4.06093,4.22018,162100
MBS,6/25/2020 00:00:00,4.18037,4.18037,4.02112,4.02112,149400
MBS,6/26/2020 00:00:00,4.02112,4.10074,4.02112,4.06093,66300
MBS,6/29/2020 00:00:00,4.06093,4.06093,3.86186,3.9813,96300
MBS,6/30/2020 00:00:00,3.9813,3.9813,3.78224,3.78224,98900
MBS,7/1/2020 00:00:00,3.90168,3.94149,3.82205,3.94149,36700
MBS,7/2/2020 00:00:00,3.94149,3.94149,3.86186,3.90168,34500
MBS,7/3/2020 00:00:00,3.86186,3.94149,3.86186,3.90168,34800
MBS,7/6/2020 00:00:00,3.94149,3.94149,3.90168,3.90168,84700
MBS,7/7/2020 00:00:00,3.9813,3.9813,3.90168,3.9813,61200
MBS,7/8/2020 00:00:00,3.90168,3.9813,3.90168,3.9813,24200
MBS,7/9/2020 00:00:00,3.9813,4.02112,3.90168,4.02112,51000
MBS,7/10/2020 00:00:00,3.9813,3.9813,3.94149,3.94149,35000
MBS,7/13/2020 00:00:00,3.94149,3.9813,3.90168,3.94149,68100
MBS,7/14/2020 00:00:00,3.90168,3.9813,3.90168,3.9813,59900
MBS,7/15/2020 00:00:00,3.9813,4.02112,3.94149,3.9813,53200
MBS,7/16/2020 00:00:00,3.9813,3.9813,3.90168,3.90168,28900
MBS,7/17/2020 00:00:00,3.94149,3.9813,3.90168,3.94149,54900
MBS,7/20/2020 00:00:00,3.94149,3.94149,3.86186,3.86186,88000
MBS,7/21/2020 00:00:00,3.86186,3.94149,3.86186,3.94149,2600
MBS,7/22/2020 00:00:00,3.94149,3.94149,3.86186,3.90168,44800
MBS,7/23/2020 00:00:00,3.86186,3.90168,3.86186,3.86186,46800
MBS,7/24/2020 00:00:00,3.86186,3.86186,3.54336,3.70261,214100
MBS,7/27/2020 00:00:00,3.42392,3.58317,3.34429,3.34429,158100
MBS,7/28/2020 00:00:00,3.18504,3.50355,3.18504,3.50355,171600
MBS,7/29/2020 00:00:00,3.38411,3.46373,3.22486,3.38411,74000
MBS,7/30/2020 00:00:00,3.38411,3.42392,3.38411,3.42392,37800
MBS,7/31/2020 00:00:00,3.30448,3.42392,3.30448,3.38411,34300
MBS,8/3/2020 00:00:00,3.38411,3.50355,3.34429,3.50355,641500
MBS,8/4/2020 00:00:00,3.46373,3.54336,3.46373,3.54336,60000
MBS,8/5/2020 00:00:00,3.58317,3.58317,3.50355,3.58317,70800
MBS,8/6/2020 00:00:00,3.58317,3.58317,3.50355,3.54336,50600
MBS,8/7/2020 00:00:00,3.50355,3.54336,3.50355,3.50355,37500
MBS,8/10/2020 00:00:00,3.54336,3.58317,3.50355,3.54336,57900
MBS,8/11/2020 00:00:00,3.58317,3.58317,3.54336,3.54336,70300
MBS,8/12/2020 00:00:00,3.54336,3.58317,3.54336,3.58317,98200
MBS,8/13/2020 00:00:00,3.54336,3.58317,3.54336,3.58317,47300
MBS,8/14/2020 00:00:00,3.58317,3.82205,3.54336,3.62299,109800
MBS,8/17/2020 00:00:00,3.62299,3.6628,3.62299,3.6628,94900
MBS,8/18/2020 00:00:00,3.6628,3.70261,3.6628,3.70261,83900
MBS,8/19/2020 00:00:00,3.6628,3.70261,3.6628,3.70261,89700
MBS,8/20/2020 00:00:00,3.70261,3.70261,3.62299,3.62299,74300
MBS,8/21/2020 00:00:00,3.6628,3.70261,3.62299,3.70261,152400
MBS,8/24/2020 00:00:00,3.70261,3.74242,3.70261,3.74242,120100
MBS,8/25/2020 00:00:00,3.74242,3.74242,3.6628,3.70261,152600
MBS,8/26/2020 00:00:00,3.6628,3.94149,3.6628,3.78224,269300
MBS,8/27/2020 00:00:00,3.78224,3.82205,3.74242,3.82205,101400
MBS,8/28/2020 00:00:00,3.82205,3.86186,3.82205,3.82205,105400
MBS,8/31/2020 00:00:00,3.82205,3.86186,3.74242,3.78224,229000
MBS,9/1/2020 00:00:00,3.78224,3.82205,3.74242,3.78224,38500
MBS,9/3/2020 00:00:00,3.78224,3.82205,3.78224,3.82205,36300
MBS,9/4/2020 00:00:00,3.82205,3.86186,3.78224,3.86186,128200
MBS,9/7/2020 00:00:00,3.86186,3.90168,3.78224,3.78224,244600
MBS,9/8/2020 00:00:00,3.82205,3.82205,3.70261,3.82205,86100
MBS,9/9/2020 00:00:00,3.78224,3.90168,3.74242,3.82205,316300
MBS,9/10/2020 00:00:00,3.82205,3.86186,3.82205,3.82205,42300
MBS,9/11/2020 00:00:00,3.78224,3.82205,3.78224,3.82205,55500
MBS,9/14/2020 00:00:00,3.82205,3.86186,3.82205,3.86186,43700
MBS,9/15/2020 00:00:00,3.90168,3.9813,3.86186,3.9813,277000
MBS,9/16/2020 00:00:00,3.94149,3.9813,3.90168,3.94149,127500
MBS,9/17/2020 00:00:00,3.90168,3.9813,3.86186,3.9813,120700
MBS,9/18/2020 00:00:00,3.90168,4.02112,3.90168,3.9813,119900
MBS,9/21/2020 00:00:00,4.02112,4.02112,3.94149,3.9813,113100
MBS,9/22/2020 00:00:00,3.90168,4.02112,3.90168,3.9813,147000
MBS,9/23/2020 00:00:00,3.9813,4.02112,3.9813,4.02112,75400
MBS,9/24/2020 00:00:00,3.9813,4.02112,3.9813,4.02112,51400
MBS,9/25/2020 00:00:00,3.9813,3.9813,3.94149,3.9813,85800
MBS,9/28/2020 00:00:00,3.9813,4.02112,3.94149,4.02112,151300
MBS,9/29/2020 00:00:00,4.02112,4.06093,3.9813,4.02112,75400
MBS,9/30/2020 00:00:00,4.02112,4.10074,3.94149,4.10074,141200
MBS,10/1/2020 00:00:00,4.10074,4.33962,4.10074,4.25999,498700
MBS,10/2/2020 00:00:00,4.25999,4.29981,4.10074,4.25999,186700
MBS,10/5/2020 00:00:00,4.25999,4.37943,4.25999,4.37943,220900
MBS,10/6/2020 00:00:00,4.37943,4.49887,4.29981,4.33962,264300
MBS,10/7/2020 00:00:00,4.33962,4.37943,4.29981,4.37943,213400
MBS,10/8/2020 00:00:00,4.37943,4.41925,4.29981,4.37943,109300
MBS,10/9/2020 00:00:00,4.37943,4.41925,4.29981,4.37943,105100
MBS,10/12/2020 00:00:00,4.33962,4.41925,4.25999,4.29981,118400
MBS,10/13/2020 00:00:00,4.33962,4.33962,4.25999,4.33962,117100
MBS,10/14/2020 00:00:00,4.33962,4.37943,4.25999,4.29981,74300
MBS,10/15/2020 00:00:00,4.25999,4.33962,4.25999,4.33962,84500
MBS,10/16/2020 00:00:00,4.25999,4.33962,4.25999,4.33962,140100
MBS,10/19/2020 00:00:00,4.33962,4.5785,4.29981,4.53869,484300
MBS,10/20/2020 00:00:00,4.53869,4.5785,4.49887,4.5785,83000
MBS,10/21/2020 00:00:00,4.5785,4.5785,4.45906,4.49887,134600
MBS,10/22/2020 00:00:00,4.45906,4.45906,4.37943,4.45906,163600
MBS,10/23/2020 00:00:00,4.45906,4.53869,4.41925,4.41925,96500
MBS,10/26/2020 00:00:00,4.53869,4.53869,4.29981,4.29981,129700
MBS,10/27/2020 00:00:00,4.29981,4.37943,4.22018,4.29981,159100
MBS,10/28/2020 00:00:00,4.25999,4.25999,4.14055,4.18037,239300
MBS,10/29/2020 00:00:00,4.10074,4.18037,4.06093,4.14055,116800
MBS,10/30/2020 00:00:00,4.18037,4.22018,4.10074,4.18037,133400
MBS,11/2/2020 00:00:00,4.18037,4.18037,4.14055,4.18037,13900
MBS,11/3/2020 00:00:00,4.22018,4.22018,4.18037,4.22018,8000
MBS,11/4/2020 00:00:00,4.18037,4.29981,4.18037,4.22018,203800
MBS,11/5/2020 00:00:00,4.22018,4.29981,4.22018,4.25999,79600
MBS,11/6/2020 00:00:00,4.22018,4.29981,4.18037,4.29981,43500
MBS,11/9/2020 00:00:00,4.29981,4.29981,4.18037,4.29981,64200
MBS,11/10/2020 00:00:00,4.29981,4.37943,4.29981,4.29981,211970
MBS,11/11/2020 00:00:00,4.29981,4.33962,4.25999,4.29981,73900
MBS,11/12/2020 00:00:00,4.29981,4.33962,4.25999,4.33962,60900
MBS,11/13/2020 00:00:00,4.33962,4.37943,4.29981,4.37943,60800
MBS,11/16/2020 00:00:00,4.37943,4.45906,4.29981,4.37943,158000
MBS,11/17/2020 00:00:00,4.37943,4.37943,4.33962,4.37943,35200
MBS,11/18/2020 00:00:00,4.37943,4.5785,4.37943,4.5785,369900
MBS,11/19/2020 00:00:00,4.5785,4.5785,4.49887,4.5785,94000
MBS,11/20/2020 00:00:00,4.5785,4.5785,4.49887,4.49887,68400
MBS,11/23/2020 00:00:00,4.49887,4.49887,4.37943,4.49887,139600
MBS,11/24/2020 00:00:00,4.45906,4.49887,4.37943,4.49887,87400
MBS,11/25/2020 00:00:00,4.49887,4.49887,4.37943,4.45906,96700
MBS,11/26/2020 00:00:00,4.45906,4.45906,4.41925,4.41925,51400
MBS,11/27/2020 00:00:00,4.45906,4.45906,4.41925,4.45906,81200
MBS,11/30/2020 00:00:00,4.45906,4.49887,4.45906,4.49887,131700
MBS,12/1/2020 00:00:00,4.49887,4.65812,4.10074,4.65812,454600
MBS,12/2/2020 00:00:00,4.69794,4.897,4.61831,4.85719,511800
MBS,12/3/2020 00:00:00,4.85719,5.01644,4.81738,5.01644,404300
MBS,12/4/2020 00:00:00,4.97663,5.09607,4.897,5.01644,335700
MBS,12/7/2020 00:00:00,4.93682,5.17569,4.85719,5.05625,348500
MBS,12/8/2020 00:00:00,5.05625,5.37476,5.05625,5.33495,387600
MBS,12/9/2020 00:00:00,5.37476,5.57382,5.33495,5.4942,493300
MBS,12/10/2020 00:00:00,5.4942,5.57382,5.25532,5.25532,307000
MBS,12/11/2020 00:00:00,5.29513,5.45439,5.17569,5.37476,253400
MBS,12/14/2020 00:00:00,5.41457,5.69326,5.41457,5.65345,814400
MBS,12/15/2020 00:00:00,5.69326,5.69326,5.53401,5.53401,352600
MBS,12/16/2020 00:00:00,5.53401,5.65345,5.4942,5.4942,481400
MBS,12/17/2020 00:00:00,5.4942,5.4942,5.25532,5.41457,445500
MBS,12/18/2020 00:00:00,5.41457,5.69326,5.37476,5.57382,595900
MBS,12/21/2020 00:00:00,5.61364,6.09139,5.57382,6.09139,1.0311e+006
MBS,12/22/2020 00:00:00,6.09139,6.4099,6.05158,6.37008,1.0778e+006
MBS,12/23/2020 00:00:00,6.4099,6.52934,6.09139,6.21083,689600
MBS,12/24/2020 00:00:00,6.21083,6.29046,5.73308,6.13121,654900
MBS,12/25/2020 00:00:00,6.17102,6.56915,6.01177,6.52934,653800
MBS,12/28/2020 00:00:00,6.48952,6.80803,6.44971,6.64878,751900
MBS,12/29/2020 00:00:00,6.64878,6.84784,6.56915,6.64878,728400
MBS,12/30/2020 00:00:00,6.64878,6.68859,6.48952,6.52934,630300
MBS,12/31/2020 00:00:00,6.64878,6.76822,6.52934,6.56915,1.3076e+006
MBS,1/4/2021 00:00:00,6.64878,6.96728,6.64878,6.84784,4.2568e+006
MBS,1/5/2021 00:00:00,6.92747,7.08672,6.80803,6.88765,3.3905e+006
MBS,1/6/2021 00:00:00,6.88765,7.56448,6.88765,7.56448,1.6617e+006
MBS,1/7/2021 00:00:00,7.96261,8.32092,7.96261,8.32092,3.1237e+006
MBS,1/8/2021 00:00:00,8.5598,8.75887,8.12186,8.36074,3.1565e+006
MBS,1/11/2021 00:00:00,8.36074,8.5598,7.92279,7.96261,2.9864e+006
MBS,1/12/2021 00:00:00,7.96261,8.20148,7.56448,8.12186,2.2837e+006
MBS,1/13/2021 00:00:00,8.16167,8.44036,8.04223,8.12186,1.5566e+006
MBS,1/14/2021 00:00:00,8.20148,8.91812,7.84317,8.91812,3.2468e+006
MBS,1/15/2021 00:00:00,8.91812,9.67457,8.91812,9.43569,2.3299e+006
MBS,1/18/2021 00:00:00,9.39587,9.71438,9.35606,9.39587,1.9973e+006
MBS,1/19/2021 00:00:00,9.39587,9.55513,8.48018,8.51999,4.2159e+006
MBS,1/20/2021 00:00:00,8.59961,8.99774,7.76354,8.99774,2.8007e+006
MBS,1/21/2021 00:00:00,9.157,9.55513,8.95793,9.19681,1.8318e+006
MBS,1/22/2021 00:00:00,9.19681,9.19681,8.79868,8.95793,1.7444e+006
MBS,1/25/2021 00:00:00,8.91812,9.03756,8.36074,8.79868,2.3757e+006
MBS,1/26/2021 00:00:00,8.75887,8.79868,7.92279,8.04223,1.6847e+006
MBS,1/27/2021 00:00:00,8.04223,8.04223,7.24597,7.24597,1.646e+006
MBS,1/28/2021 00:00:00,6.96728,6.96728,6.52934,6.52934,949600
MBS,1/29/2021 00:00:00,5.89233,7.00709,5.89233,6.92747,2.084e+006
MBS,2/1/2021 00:00:00,6.92747,7.08672,6.25065,6.25065,1.3096e+006
MBS,2/2/2021 00:00:00,6.17102,6.56915,6.01177,6.44971,845800
MBS,2/3/2021 00:00:00,6.48952,7.08672,6.48952,7.08672,1.6935e+006
MBS,2/4/2021 00:00:00,7.3256,7.76354,7.12653,7.36541,1.4754e+006
MBS,2/5/2021 00:00:00,7.36541,7.76354,7.36541,7.60429,1.1395e+006
MBS,2/8/2021 00:00:00,7.60429,7.92279,6.96728,7.28578,1.6828e+006
MBS,2/9/2021 00:00:00,7.20616,7.6441,7.12653,7.56448,844100
MBS,2/17/2021 00:00:00,7.3256,8.08204,6.80803,8.08204,1.2329e+006
MBS,2/18/2021 00:00:00,8.08204,8.16167,7.84317,7.92279,1.0775e+006
MBS,2/19/2021 00:00:00,7.92279,8.04223,7.60429,7.92279,1.0371e+006
MBS,2/22/2021 00:00:00,7.92279,8.04223,7.76354,7.76354,794300
MBS,2/23/2021 00:00:00,7.76354,8.20148,7.68391,8.12186,1.6692e+006
MBS,2/24/2021 00:00:00,8.16167,8.91812,8.12186,8.75887,4.5729e+006
MBS,2/25/2021 00:00:00,8.75887,9.157,8.67924,8.99774,1.9222e+006
MBS,2/26/2021 00:00:00,8.99774,8.99774,8.16167,8.83849,1.3608e+006
MBS,3/1/2021 00:00:00,8.75887,9.157,8.75887,9.03756,1.914e+006
MBS,3/2/2021 00:00:00,9.11718,9.35606,8.91812,9.03756,1.6081e+006
MBS,3/3/2021 00:00:00,8.95793,9.31625,8.91812,9.19681,2.2996e+006
MBS,3/4/2021 00:00:00,9.19681,9.27644,8.71905,8.95793,2.7768e+006
MBS,3/5/2021 00:00:00,8.87831,9.55513,8.67924,9.4755,3.8902e+006
MBS,3/8/2021 00:00:00,9.51531,9.95326,9.35606,9.71438,2.8523e+006
MBS,3/9/2021 00:00:00,9.71438,9.75419,9.31625,9.43569,1.8981e+006
MBS,3/10/2021 00:00:00,9.43569,9.4755,9.23662,9.39587,2.0202e+006
MBS,3/11/2021 00:00:00,9.39587,9.71438,9.39587,9.4755,2.15e+006
MBS,3/12/2021 00:00:00,9.51531,9.59494,9.31625,9.43569,1.2933e+006
MBS,3/15/2021 00:00:00,9.4755,9.4755,9.23662,9.23662,1.5449e+006
MBS,3/16/2021 00:00:00,9.27644,9.27644,8.91812,9.07737,2.3237e+006
MBS,3/17/2021 00:00:00,9.03756,9.19681,8.95793,9.03756,1.2985e+006
MBS,3/18/2021 00:00:00,9.157,9.51531,9.07737,9.19681,1.3327e+006
MBS,3/19/2021 00:00:00,9.19681,9.4755,9.11718,9.27644,1.4259e+006
MBS,3/22/2021 00:00:00,9.27644,9.39587,9.19681,9.23662,1.1819e+006
MBS,3/23/2021 00:00:00,9.23662,9.31625,8.95793,9.07737,1.2864e+006
MBS,3/24/2021 00:00:00,9.03756,9.11718,8.36074,8.87831,2.2649e+006
MBS,3/25/2021 00:00:00,8.83849,8.91812,8.5598,8.63943,1.2866e+006
MBS,3/26/2021 00:00:00,8.63943,8.87831,8.04223,8.83849,1.6058e+006
MBS,3/29/2021 00:00:00,8.91812,8.91812,8.71905,8.91812,815000
MBS,3/30/2021 00:00:00,8.91812,8.99774,8.75887,8.99774,1.4543e+006
MBS,3/31/2021 00:00:00,8.99774,9.07737,8.87831,8.95793,845600
MBS,4/1/2021 00:00:00,8.99774,9.83382,8.95793,9.83382,5.3478e+006
MBS,4/2/2021 00:00:00,9.79401,10.3514,9.79401,9.95326,3.5587e+006
MBS,4/5/2021 00:00:00,9.95326,10.3116,9.95326,10.2319,2.8852e+006
MBS,4/6/2021 00:00:00,10.2319,10.2718,9.95326,10.0329,2.9638e+006
MBS,4/7/2021 00:00:00,10.1125,10.7495,9.95326,10.5505,2.9156e+006
MBS,4/8/2021 00:00:00,10.5505,10.7495,10.3912,10.3912,1.7346e+006
MBS,4/9/2021 00:00:00,10.3912,10.5106,10.2718,10.4708,1.3266e+006
MBS,4/12/2021 00:00:00,10.4708,10.7495,10.3514,10.7097,2.808e+006
MBS,4/13/2021 00:00:00,10.7097,10.869,10.2319,10.2718,2.2826e+006
MBS,4/14/2021 00:00:00,10.1921,10.431,10.0727,10.3514,1.4825e+006
MBS,4/15/2021 00:00:00,10.4708,10.4708,9.99307,10.0727,1.949e+006
MBS,4/16/2021 00:00:00,10.0727,10.1523,9.31625,10.0727,2.2501e+006
MBS,4/19/2021 00:00:00,10.0727,10.1921,9.79401,10.1523,1.1195e+006
MBS,4/20/2021 00:00:00,10.1921,10.3912,9.87363,9.95326,1.5616e+006
MBS,4/22/2021 00:00:00,9.95326,10.1125,8.95793,8.95793,1.5408e+006
MBS,4/23/2021 00:00:00,8.95793,9.75419,8.12186,9.75419,1.8153e+006
MBS,4/26/2021 00:00:00,9.75419,9.75419,9.157,9.19681,1.1716e+006
MBS,4/27/2021 00:00:00,9.19681,9.35606,8.91812,9.07737,641600
MBS,4/28/2021 00:00:00,9.07737,9.31625,9.07737,9.157,608900
MBS,4/29/2021 00:00:00,9.157,9.31625,9.11718,9.31625,856200
MBS,5/4/2021 00:00:00,9.27644,9.39587,8.99774,9.39587,957500
MBS,5/5/2021 00:00:00,9.39587,9.83382,9.27644,9.67457,1.6916e+006
MBS,5/6/2021 00:00:00,9.71438,9.75419,9.43569,9.4755,785000
MBS,5/7/2021 00:00:00,9.4755,9.55513,9.157,9.23662,1.214e+006
MBS,5/10/2021 00:00:00,9.35606,10.1523,9.27644,10.1523,4.4326e+006
MBS,5/11/2021 00:00:00,10.3514,10.7495,10.1523,10.2319,2.4564e+006
MBS,5/12/2021 00:00:00,10.3514,10.5505,10.0329,10.5505,2.6547e+006
MBS,5/13/2021 00:00:00,10.5505,10.9486,10.4708,10.7495,3.7432e+006
MBS,5/14/2021 00:00:00,10.7893,10.9486,10.3912,10.6699,3.4968e+006
MBS,5/17/2021 00:00:00,10.6699,11.699,11.1032,11.699,436300
MBS,5/18/2021 00:00:00,12.8364,12.8364,12.2406,12.5656,4.2666e+006
MBS,5/19/2021 00:00:00,12.4031,12.4572,12.0781,12.4572,2.3179e+006
MBS,5/20/2021 00:00:00,12.4572,13.6488,12.2406,13.2697,2.5194e+006
MBS,5/21/2021 00:00:00,13.2697,13.4863,12.7822,12.8905,2.3213e+006
MBS,5/24/2021 00:00:00,12.8364,12.9447,12.5656,12.728,1.7867e+006
MBS,5/25/2021 00:00:00,12.728,13.053,12.5656,12.9989,2.3674e+006
MBS,5/26/2021 00:00:00,12.9989,13.4321,12.7822,13.378,2.1063e+006
MBS,5/27/2021 00:00:00,13.378,13.5405,12.728,13.053,1.9581e+006
MBS,5/28/2021 00:00:00,13.053,13.4321,12.8905,13.378,2.6118e+006
MBS,5/31/2021 00:00:00,13.5405,14.6779,13.378,14.6779,3.5762e+006
MBS,6/1/2021 00:00:00,14.7862,15.7069,14.732,15.1653,3.2768e+006
MBS,6/2/2021 00:00:00,15.1653,15.8694,14.6237,15.8694,3.798e+006
MBS,6/3/2021 00:00:00,15.8694,17.4401,15.8153,17.061,2.8827e+006
MBS,6/4/2021 00:00:00,17.061,17.3318,16.5194,16.7902,2.5972e+006
MBS,6/7/2021 00:00:00,16.7902,16.7902,15.1112,15.2737,4.2643e+006
MBS,6/8/2021 00:00:00,15.2737,15.7069,13.7571,13.8113,3.7704e+006
MBS,6/9/2021 00:00:00,13.8113,15.1653,13.378,15.1112,2.9787e+006
MBS,6/10/2021 00:00:00,15.2195,15.2737,14.5695,14.732,1.4541e+006
MBS,6/11/2021 00:00:00,14.732,15.5986,14.4612,15.1653,2.167e+006
MBS,6/14/2021 00:00:00,15.1112,16.5194,14.9487,16.1944,5.0687e+006
MBS,6/15/2021 00:00:00,16.1944,16.7902,15.9778,16.3569,2.9649e+006
MBS,6/16/2021 00:00:00,16.3569,16.6819,15.6528,15.7611,2.6704e+006
MBS,6/17/2021 00:00:00,15.6528,15.9778,14.2446,15.8694,3.1213e+006
MBS,6/18/2021 00:00:00,15.8694,16.1944,15.8153,15.9778,1.961e+006
MBS,6/21/2021 00:00:00,15.8694,16.0861,15.4903,15.4903,1.5741e+006
MBS,6/22/2021 00:00:00,15.5445,15.8153,15.4361,15.5445,1.5844e+006
MBS,6/23/2021 00:00:00,15.6528,16.1402,15.5445,15.7611,2.0061e+006
MBS,6/24/2021 00:00:00,15.8153,16.0319,15.5986,15.8153,1.9341e+006
MBS,6/25/2021 00:00:00,15.8153,16.7902,15.7611,16.736,3.7432e+006
MBS,6/28/2021 00:00:00,16.7902,17.3318,16.736,16.8443,1.9334e+006
MBS,6/29/2021 00:00:00,16.8443,17.3318,16.5194,16.7902,2.6609e+006
MBS,6/30/2021 00:00:00,16.7902,17.061,16.6277,17.0068,2.1643e+006
MBS,7/1/2021 00:00:00,17.061,18.6859,17.0068,18.6859,5.454e+006
MBS,7/2/2021 00:00:00,18.6859,19.7691,18.6859,19.3358,3.1392e+006
MBS,7/5/2021 00:00:00,19.3358,19.39,18.1442,18.8483,2.9087e+006
MBS,7/6/2021 00:00:00,18.8483,19.6066,17.0068,17.0068,4.4584e+006
MBS,7/7/2021 00:00:00,17.0068,17.8734,15.7069,17.8734,3.2014e+006
MBS,7/8/2021 00:00:00,17.8734,18.3609,17.8193,18.3609,2.0634e+006
MBS,7/9/2021 00:00:00,18.3609,18.6859,16.5735,17.3318,3.3392e+006
MBS,7/12/2021 00:00:00,17.3318,17.3318,15.5986,15.7069,4.6371e+006
MBS,7/13/2021 00:00:00,15.7069,16.2486,15.5986,16.2486,2.136e+006
MBS,7/14/2021 00:00:00,16.2486,16.3027,15.1653,15.4361,1.6042e+006
MBS,7/15/2021 00:00:00,15.4361,16.3027,15.1653,16.2486,1.5777e+006
MBS,7/16/2021 00:00:00,16.3569,16.5194,15.9236,15.9778,1.3865e+006
MBS,7/19/2021 00:00:00,15.8153,15.8153,14.4071,14.4071,2.7001e+006
MBS,7/20/2021 00:00:00,14.3529,15.6528,13.9738,15.6528,2.1558e+006
MBS,7/21/2021 00:00:00,15.8153,16.2486,15.382,15.5445,1.207e+006
MBS,7/22/2021 00:00:00,15.4903,15.9236,15.2195,15.8153,1.6736e+006
MBS,7/23/2021 00:00:00,15.8694,15.8694,15.3278,15.3278,1.9641e+006
MBS,7/26/2021 00:00:00,15.057,15.057,14.3529,14.732,3.8238e+006
MBS,7/27/2021 00:00:00,14.732,15.4361,14.732,15.0028,2.6354e+006
MBS,7/28/2021 00:00:00,15.1653,15.1653,14.732,14.7862,1.4403e+006
MBS,7/29/2021 00:00:00,14.7862,15.1653,14.7862,15.1653,2.7909e+006
MBS,7/30/2021 00:00:00,15.1653,16.0319,15.1653,15.7611,3.8735e+006
MBS,8/2/2021 00:00:00,15.7611,16.0319,15.5445,15.7069,2.791e+006
MBS,8/3/2021 00:00:00,15.7069,16.2486,15.4361,16.1944,4.6424e+006
MBS,8/4/2021 00:00:00,16.5194,16.9527,16.2486,16.7902,5.0097e+006
MBS,8/5/2021 00:00:00,16.7902,17.061,16.5735,17.061,2.725e+006
MBS,8/6/2021 00:00:00,17.061,17.1152,16.5194,16.5735,4.0583e+006
MBS,8/9/2021 00:00:00,16.5194,17.6026,15.9236,17.4943,5.2726e+006
MBS,8/10/2021 00:00:00,17.5485,17.7651,17.1693,17.4943,3.3966e+006
MBS,8/11/2021 00:00:00,17.4943,17.8193,17.3318,17.3318,3.9109e+006
MBS,8/12/2021 00:00:00,17.3318,17.6026,17.1152,17.1152,3.4902e+006
MBS,8/13/2021 00:00:00,17.061,17.6026,16.8443,17.6026,3.9371e+006
MBS,8/16/2021 00:00:00,17.7651,19.2816,17.6026,19.2816,5.8578e+006
MBS,8/17/2021 00:00:00,19.2816,19.6066,18.74,19.0108,4.0573e+006
MBS,8/18/2021 00:00:00,19.2275,20.0399,18.6859,19.6608,5.0798e+006
MBS,8/19/2021 00:00:00,19.4983,20.0941,19.3358,20.0399,3.2053e+006
MBS,8/20/2021 00:00:00,20.0399,20.3107,18.5234,19.39,7.7712e+006
MBS,8/23/2021 00:00:00,19.39,20.3107,18.8483,19.7149,6.015e+006
MBS,8/24/2021 00:00:00,19.7149,20.0399,17.8734,18.1442,5.6114e+006
MBS,8/25/2021 00:00:00,18.1442,18.74,17.8734,18.74,2.3965e+006
MBS,8/26/2021 00:00:00,18.74,18.9567,18.1442,18.4692,2.2267e+006
MBS,8/27/2021 00:00:00,18.4692,18.74,17.3318,18.74,2.9177e+006
MBS,8/30/2021 00:00:00,18.74,19.2275,18.5234,19.2275,2.6291e+006
MBS,8/31/2021 00:00:00,19.2275,19.5524,18.9025,19.065,2.4255e+006
MBS,9/1/2021 00:00:00,19.065,19.4441,18.7942,19.2275,2.5256e+006
MBS,9/6/2021 00:00:00,19.2275,19.8774,19.2275,19.7691,3.6278e+006
MBS,9/7/2021 00:00:00,19.7691,20.5815,19.7691,20.1482,4.911e+006
MBS,9/8/2021 00:00:00,20.1482,20.419,19.4983,19.6608,2.4786e+006
MBS,9/9/2021 00:00:00,19.6608,19.8233,19.39,19.7691,1.9264e+006
MBS,9/10/2021 00:00:00,19.7691,20.0399,19.6066,19.6066,2.1625e+006
MBS,9/13/2021 00:00:00,19.39,19.6608,18.74,18.9567,4.1639e+006
MBS,9/14/2021 00:00:00,18.9567,18.9567,18.3067,18.3067,3.2019e+006
MBS,9/15/2021 00:00:00,18.3067,18.9567,17.9276,18.8483,1.8886e+006
MBS,9/16/2021 00:00:00,18.7942,18.9567,18.4692,18.5775,1.1325e+006
MBS,9/17/2021 00:00:00,18.5775,19.2275,18.5234,19.065,1.9036e+006
MBS,9/20/2021 00:00:00,19.065,19.2275,17.1693,18.6859,1.889e+006
MBS,9/21/2021 00:00:00,18.6859,18.6859,17.9276,18.3609,1.8938e+006
MBS,9/22/2021 00:00:00,18.415,18.5775,18.0359,18.4692,1.0964e+006
MBS,9/23/2021 00:00:00,18.4692,18.9567,18.1984,18.5234,1.5558e+006
MBS,9/24/2021 00:00:00,18.5234,18.6859,18.3067,18.3067,774500
MBS,9/27/2021 00:00:00,18.3067,18.415,17.4401,17.4401,1.8969e+006
MBS,9/28/2021 00:00:00,17.4401,17.8193,17.061,17.8193,1.4035e+006
MBS,9/29/2021 00:00:00,17.8734,17.8734,17.4401,17.6568,810200
MBS,9/30/2021 00:00:00,17.6026,17.8734,17.6026,17.6026,668200
MBS,10/1/2021 00:00:00,17.6026,17.7651,17.1693,17.2235,1.2892e+006
MBS,10/4/2021 00:00:00,17.2235,17.3318,16.4111,16.4652,2.6037e+006
MBS,10/5/2021 00:00:00,16.4652,17.8734,16.4111,17.7109,1.8376e+006
MBS,10/6/2021 00:00:00,17.7651,18.0901,17.4943,17.6026,809800
MBS,10/7/2021 00:00:00,17.4943,17.9817,17.4401,17.8193,1.3209e+006
MBS,10/8/2021 00:00:00,17.8734,18.1984,17.7651,17.9276,1.1662e+006
MBS,10/11/2021 00:00:00,17.9276,18.415,17.9276,18.3067,991200
MBS,10/12/2021 00:00:00,18.415,18.5775,18.1442,18.1442,1.7493e+006
MBS,10/13/2021 00:00:00,18.1442,18.3067,17.8193,17.8734,1.0688e+006
MBS,10/14/2021 00:00:00,17.9276,18.3067,17.8734,18.1442,1.1702e+006
MBS,10/15/2021 00:00:00,18.1442,18.415,17.9276,18.1442,1.0603e+006
MBS,10/18/2021 00:00:00,18.2526,18.6859,18.0359,18.3609,1.8544e+006
MBS,10/19/2021 00:00:00,18.5234,18.74,18.0901,18.5234,1.4932e+006
MBS,10/20/2021 00:00:00,18.5234,18.6859,17.9817,18.3067,1.1165e+006
MBS,10/21/2021 00:00:00,18.3609,18.5775,17.9817,18.1984,1.2177e+006
MBS,10/22/2021 00:00:00,18.0901,18.2526,17.8734,17.9817,1.3646e+006
MBS,10/25/2021 00:00:00,18.0359,18.1442,17.386,17.5485,1.5171e+006
MBS,10/26/2021 00:00:00,17.5485,18.0901,17.1152,17.8734,862400
MBS,10/27/2021 00:00:00,17.9276,18.5775,17.7651,18.5234,2.2624e+006
MBS,10/28/2021 00:00:00,18.5234,19.2275,18.5234,18.9567,3.2202e+006
MBS,10/29/2021 00:00:00,18.9567,19.1191,18.5234,18.9025,1.8146e+006
MBS,11/1/2021 00:00:00,18.9025,20.0399,18.9025,19.8233,4.8693e+006
MBS,11/2/2021 00:00:00,19.9316,20.8523,19.8774,20.6898,3.9233e+006
MBS,11/3/2021 00:00:00,20.6898,21.1231,19.6608,20.0941,3.8011e+006
MBS,11/4/2021 00:00:00,20.1482,21.7731,20.0399,21.2856,4.3212e+006
MBS,11/8/2021 00:00:00,21.2315,21.8272,21.1231,21.6648,3.3592e+006
MBS,11/9/2021 00:00:00,21.6648,21.8272,21.2315,21.7731,2.7515e+006
MBS,11/10/2021 00:00:00,21.8814,22.423,21.6106,21.7731,1.8049e+006
MBS,11/11/2021 00:00:00,21.7731,22.1522,20.6357,21.3398,3.6507e+006
MBS,11/12/2021 00:00:00,21.3398,21.9356,21.1773,21.8814,2.1265e+006
MBS,11/15/2021 00:00:00,21.8814,23.6687,21.8814,22.748,2.8334e+006
MBS,11/16/2021 00:00:00,22.8563,23.5063,22.0981,23.0188,1.9951e+006
MBS,11/17/2021 00:00:00,23.0188,23.8312,22.748,23.1271,2.4727e+006
MBS,11/18/2021 00:00:00,23.1271,24.9145,23.1271,24.3729,3.0362e+006
MBS,11/19/2021 00:00:00,24.427,24.6437,21.9356,23.0188,4.0704e+006
MBS,11/22/2021 00:00:00,23.0188,23.6687,22.2605,22.6938,2.6782e+006
MBS,11/23/2021 00:00:00,22.6938,23.8312,21.6648,23.7229,1.9643e+006
MBS,11/24/2021 00:00:00,24.102,24.752,23.7771,24.2104,2.094e+006
MBS,11/25/2021 00:00:00,24.2645,25.1853,23.8312,24.8061,2.3953e+006
MBS,11/26/2021 00:00:00,24.752,25.0228,23.7771,23.8312,2.2802e+006
MBS,11/29/2021 00:00:00,22.2064,24.3729,22.2064,24.102,1.7083e+006
MBS,11/30/2021 00:00:00,24.427,24.6978,23.5063,23.5063,2.608e+006
MBS,12/1/2021 00:00:00,23.5063,23.6146,22.5313,22.9646,2.0975e+006
MBS,12/2/2021 00:00:00,23.073,23.5604,22.6397,22.748,1.4357e+006
MBS,12/3/2021 00:00:00,22.748,23.0188,20.8523,20.8523,3.2441e+006
MBS,12/6/2021 00:00:00,20.8523,21.3398,19.1733,19.9857,3.1971e+006
MBS,12/7/2021 00:00:00,20.3107,20.8523,19.8233,20.5815,1.815e+006
MBS,12/8/2021 00:00:00,20.8523,21.0148,20.5274,20.744,1.3461e+006
MBS,12/9/2021 00:00:00,20.744,21.3398,20.5274,21.2856,1.5569e+006
MBS,12/10/2021 00:00:00,21.2856,21.8272,21.1773,21.4481,1.5546e+006
MBS,12/13/2021 00:00:00,21.3939,22.0981,21.3398,21.9897,1.3726e+006
MBS,12/14/2021 00:00:00,21.9897,22.3689,21.6648,21.8814,1.3008e+006
MBS,12/15/2021 00:00:00,21.8814,21.9356,21.3939,21.3939,1.2576e+006
MBS,12/16/2021 00:00:00,21.3939,21.6106,20.8523,20.9065,1.6113e+006
MBS,12/17/2021 00:00:00,20.7982,21.6648,20.7982,21.6648,1.5974e+006
MBS,12/20/2021 00:00:00,21.6648,22.3689,21.6648,21.9897,1.7015e+006
MBS,12/21/2021 00:00:00,21.9897,22.0439,21.3939,21.4481,1.2194e+006
MBS,12/22/2021 00:00:00,21.5023,21.6106,20.9607,20.9607,1.5594e+006
MBS,12/23/2021 00:00:00,20.9607,21.0148,19.4983,20.0399,2.4728e+006
MBS,12/24/2021 00:00:00,20.0399,20.6357,20.0399,20.3649,913900
MBS,12/27/2021 00:00:00,20.3649,20.9065,20.3107,20.744,714900
MBS,12/28/2021 00:00:00,20.744,20.7982,20.3107,20.419,1.2216e+006
MBS,12/29/2021 00:00:00,20.5274,20.8523,20.2565,20.5815,933300
MBS,12/30/2021 00:00:00,20.5274,22.3147,20.5274,22.2064,2.4475e+006
MBS,12/31/2021 00:00:00,22.2064,22.748,21.8272,21.8814,1.1472e+006
MBS,1/4/2022 00:00:00,21.8814,22.2064,21.6648,22.0981,1.192e+006
MBS,1/5/2022 00:00:00,22.1522,22.8563,22.0981,22.2064,2.659e+006
MBS,1/6/2022 00:00:00,22.2064,22.3147,21.7731,21.7731,1.2311e+006
MBS,1/7/2022 00:00:00,21.8272,22.1522,21.3398,21.7731,1.5625e+006
MBS,1/10/2022 00:00:00,21.7731,22.2064,20.7982,20.7982,2.57321e+006
MBS,1/11/2022 00:00:00,20.7982,21.0148,19.9316,20.2565,1.604e+006
MBS,1/12/2022 00:00:00,20.1482,20.9607,19.8774,20.8523,1.7235e+006
MBS,1/13/2022 00:00:00,20.8523,21.5564,20.4732,20.4732,991800
MBS,1/14/2022 00:00:00,20.4732,20.6898,20.0399,20.0941,833600
MBS,1/17/2022 00:00:00,20.0941,20.3107,18.0901,18.0901,3.5806e+006
MBS,1/18/2022 00:00:00,18.1442,18.1442,16.4111,17.1693,1.3813e+006
MBS,1/19/2022 00:00:00,17.1693,18.1984,17.1693,18.0901,721900
MBS,1/20/2022 00:00:00,18.0901,18.5775,17.8193,18.4692,794100
MBS,1/21/2022 00:00:00,18.4692,18.5234,18.0359,18.0359,793900
MBS,1/24/2022 00:00:00,17.9276,18.0359,16.3027,16.4111,1.3358e+006
MBS,1/25/2022 00:00:00,16.4652,16.8985,15.4361,16.6819,858800
MBS,1/26/2022 00:00:00,16.7902,17.2235,16.6819,16.8443,667300
MBS,1/27/2022 00:00:00,16.6819,17.4943,16.4652,17.1693,549600
MBS,1/28/2022 00:00:00,17.6026,17.8193,17.1693,17.7651,532900
MBS,2/7/2022 00:00:00,17.7651,18.8483,17.7109,18.3067,707900
MBS,2/8/2022 00:00:00,18.2526,18.6317,17.9817,18.3609,621100
MBS,2/9/2022 00:00:00,18.3609,18.7942,18.3609,18.5234,683200
MBS,2/10/2022 00:00:00,18.6859,18.6859,18.2526,18.415,551900
MBS,2/11/2022 00:00:00,18.415,18.5775,18.1984,18.3609,708500
MBS,2/14/2022 00:00:00,18.2526,18.2526,17.7651,17.7651,972800
MBS,2/15/2022 00:00:00,17.7651,17.9817,17.6026,17.9276,500400
MBS,2/16/2022 00:00:00,17.9276,18.3609,17.9276,18.2526,553600
MBS,2/17/2022 00:00:00,18.0359,18.4692,17.9276,18.415,779400
MBS,2/18/2022 00:00:00,18.3609,19.2275,18.0359,19.1191,1.5155e+006
MBS,2/21/2022 00:00:00,19.1191,19.9857,19.065,19.9857,1.7702e+006
MBS,2/22/2022 00:00:00,19.9857,19.9857,19.2816,19.8774,1.8001e+006
MBS,2/23/2022 00:00:00,19.8774,20.2024,19.7691,19.8774,921200
MBS,2/24/2022 00:00:00,19.8774,20.3107,18.9567,19.7149,2.0895e+006
MBS,2/25/2022 00:00:00,19.7691,20.5274,19.6608,20.2565,1.7784e+006
MBS,2/28/2022 00:00:00,20.2565,20.5274,20.1482,20.3107,867800
MBS,3/1/2022 00:00:00,20.3107,20.4732,20.1482,20.419,969400
MBS,3/2/2022 00:00:00,20.419,20.419,19.7149,20.2024,1.4526e+006
MBS,3/3/2022 00:00:00,20.2024,20.419,20.0399,20.3107,971000
MBS,3/4/2022 00:00:00,20.5274,21.1231,20.3107,20.8523,1.8976e+006
MBS,3/7/2022 00:00:00,20.8523,20.9065,20.419,20.5274,1.058e+006
MBS,3/8/2022 00:00:00,20.5274,21.0148,20.0399,20.3649,1.6374e+006
MBS,3/9/2022 00:00:00,20.3107,20.5815,19.6608,19.8233,1.5211e+006
MBS,3/10/2022 00:00:00,20.5815,20.5815,19.9857,20.0941,540200
MBS,3/11/2022 00:00:00,20.1482,20.2024,19.3358,19.39,1.2918e+006
MBS,3/14/2022 00:00:00,19.39,19.39,18.1442,18.6859,1.6878e+006
MBS,3/15/2022 00:00:00,18.5775,19.1733,18.5234,18.7942,485000
MBS,3/16/2022 00:00:00,18.8483,19.1733,18.8483,19.065,433400
MBS,3/17/2022 00:00:00,19.39,19.4441,19.065,19.2275,411100
MBS,3/18/2022 00:00:00,19.2816,19.3358,19.065,19.1191,389800
MBS,3/21/2022 00:00:00,19.2275,19.4441,19.065,19.4441,563500
MBS,3/22/2022 00:00:00,19.4983,19.7691,19.4441,19.6608,621300
MBS,3/23/2022 00:00:00,19.8233,19.8774,19.6066,19.7149,567300
MBS,3/24/2022 00:00:00,19.7149,19.7149,19.3358,19.3358,692700
MBS,3/25/2022 00:00:00,19.3358,19.4441,19.1191,19.1191,509200
MBS,3/28/2022 00:00:00,18.8483,19.1191,18.3067,18.4692,961600
MBS,3/29/2022 00:00:00,19.2275,19.2275,18.4692,18.74,513500
MBS,3/30/2022 00:00:00,18.415,19.0108,18.3609,18.4692,705700
MBS,3/31/2022 00:00:00,18.4692,18.9025,18.3609,18.3609,543100
MBS,4/1/2022 00:00:00,18.3609,18.9567,18.1984,18.9567,652800
MBS,4/4/2022 00:00:00,19.065,20.4732,19.065,20.3107,2.0499e+006
MBS,4/5/2022 00:00:00,20.3107,20.6898,19.9316,19.9857,1.29e+006
MBS,4/6/2022 00:00:00,20.0399,20.5815,19.7149,20.2565,1.1351e+006
MBS,4/7/2022 00:00:00,20.3107,20.744,20.0941,20.0941,2.1081e+006
MBS,4/8/2022 00:00:00,20.0941,20.5815,19.7691,19.7691,1.0831e+006
MBS,4/12/2022 00:00:00,19.7691,19.9316,18.6859,18.6859,877500
MBS,4/13/2022 00:00:00,18.6317,19.4983,18.1984,19.4983,923600
MBS,4/14/2022 00:00:00,19.5524,19.8233,19.0108,19.2816,373700
MBS,4/15/2022 00:00:00,19.39,19.39,18.415,18.5775,758200
MBS,4/18/2022 00:00:00,18.5234,18.5775,16.736,17.2235,2.0455e+006
MBS,4/19/2022 00:00:00,17.2776,17.6026,16.1402,16.3569,1.048e+006
MBS,4/20/2022 00:00:00,16.5194,16.8985,15.8153,16.3027,795000
MBS,4/21/2022 00:00:00,14.732,17.5485,14.6779,17.061,774800
MBS,4/22/2022 00:00:00,16.5194,17.4943,16.4652,17.1693,629200
MBS,4/25/2022 00:00:00,17.2235,17.3318,15.4903,15.4903,960600
MBS,4/26/2022 00:00:00,15.4903,16.4652,14.0821,16.3569,684400
MBS,4/27/2022 00:00:00,16.4652,16.6819,14.8945,16.6277,366500
MBS,4/28/2022 00:00:00,16.6277,16.8985,16.4111,16.5194,389800
MBS,4/29/2022 00:00:00,16.5194,16.7902,16.1402,16.4111,615000
MBS,5/4/2022 00:00:00,16.5194,16.5194,15.8153,15.9236,388800
MBS,5/5/2022 00:00:00,15.9236,16.4111,15.4903,16.4111,487300
MBS,5/6/2022 00:00:00,16.2486,16.2486,14.9487,14.9487,459600
MBS,5/9/2022 00:00:00,14.6237,14.9487,13.4863,13.4863,819100
MBS,5/10/2022 00:00:00,12.1864,13.7571,12.1864,13.4321,694300
MBS,5/11/2022 00:00:00,13.8113,13.8113,13.3238,13.4321,191500
MBS,5/12/2022 00:00:00,13.4321,13.4321,12.1323,12.1323,858900
MBS,5/13/2022 00:00:00,10.9407,12.0239,10.9407,10.9407,1.6269e+006
MBS,5/16/2022 00:00:00,9.85746,11.9156,9.85746,11.2115,628600
MBS,5/17/2022 00:00:00,10.1283,12.2947,10.1283,12.2947,751400
MBS,5/18/2022 00:00:00,12.4572,13.1072,12.1864,12.2406,893400
MBS,5/19/2022 00:00:00,12.1864,12.728,11.4282,12.5114,819700
MBS,5/20/2022 00:00:00,12.5114,13.053,12.1864,12.4572,620000
MBS,5/23/2022 00:00:00,12.4572,12.5656,11.374,11.5906,653300
MBS,5/24/2022 00:00:00,11.5906,12.1323,11.2115,12.1323,553600
MBS,5/25/2022 00:00:00,12.1864,12.9989,11.9698,12.8364,745300
MBS,5/26/2022 00:00:00,12.8364,13.378,12.8364,12.9989,595600
MBS,5/27/2022 00:00:00,12.9989,13.2697,12.6739,12.8905,577300
MBS,5/30/2022 00:00:00,12.8905,13.2155,12.8905,12.9447,609600
MBS,5/31/2022 00:00:00,12.9447,13.053,12.1864,12.728,491600
MBS,6/1/2022 00:00:00,12.6739,12.8905,12.4031,12.6739,467100
MBS,6/2/2022 00:00:00,12.728,12.9989,12.2947,12.2947,726200
MBS,6/3/2022 00:00:00,12.2947,12.6197,12.0239,12.0239,582600
MBS,6/6/2022 00:00:00,12.0781,12.728,12.0239,12.1864,528300
MBS,6/7/2022 00:00:00,12.1864,12.2406,11.4282,12.0781,534300
MBS,6/8/2022 00:00:00,12.1864,12.728,12.1323,12.4031,764400
MBS,6/9/2022 00:00:00,12.4572,12.9447,12.4572,12.7822,717300
MBS,6/10/2022 00:00:00,12.7822,12.9447,12.3489,12.4031,698700
MBS,6/13/2022 00:00:00,11.374,12.0781,11.2115,11.2115,951700
MBS,6/14/2022 00:00:00,11.1573,11.374,10.7241,11.049,515300
MBS,6/15/2022 00:00:00,11.049,11.1032,9.96579,10.0741,1.0793e+006
MBS,6/16/2022 00:00:00,10.0741,10.5616,9.53249,9.74914,666400
MBS,6/17/2022 00:00:00,9.74914,9.74914,8.77423,8.77423,1.3988e+006
MBS,6/20/2022 00:00:00,7.90764,9.04504,7.90764,7.90764,945400
MBS,6/21/2022 00:00:00,7.36602,8.61174,7.14937,8.39509,2.3829e+006
MBS,6/22/2022 00:00:00,7.58266,9.20752,7.58266,9.0992,1.0358e+006
MBS,6/23/2022 00:00:00,9.04504,9.20752,8.39509,9.0992,673000
MBS,6/24/2022 00:00:00,8.99087,9.31584,8.88255,8.99087,1.1636e+006
MBS,6/27/2022 00:00:00,9.15336,9.69498,8.99087,9.69498,1.0945e+006
MBS,6/28/2022 00:00:00,9.69498,9.8033,9.47833,9.47833,1.0174e+006
MBS,6/29/2022 00:00:00,9.74914,9.85746,9.37001,9.53249,1.0982e+006
MBS,6/30/2022 00:00:00,9.53249,10.0741,8.99087,8.99087,1.5086e+006
MBS,7/1/2022 00:00:00,8.99087,9.85746,8.72006,9.58665,1.2154e+006
MBS,7/4/2022 00:00:00,9.58665,10.2366,9.58665,10.0741,1.4444e+006
MBS,7/5/2022 00:00:00,10.0741,10.1824,9.74914,9.85746,1.1461e+006
MBS,7/6/2022 00:00:00,9.74914,9.85746,9.20752,9.31584,1.0448e+006
MBS,7/7/2022 00:00:00,9.26168,9.53249,9.0992,9.42417,722300
MBS,7/8/2022 00:00:00,9.42417,10.0741,9.42417,9.96579,1.1485e+006
MBS,7/11/2022 00:00:00,9.96579,10.1824,9.47833,9.69498,1.0691e+006
MBS,7/12/2022 00:00:00,9.69498,9.96579,9.58665,9.96579,746700
MBS,7/13/2022 00:00:00,9.96579,10.1824,9.74914,9.85746,856300
MBS,7/14/2022 00:00:00,9.74914,10.8324,9.69498,10.8324,2.3979e+006
MBS,7/15/2022 00:00:00,10.8324,11.1032,10.5074,10.5074,1.2006e+006
MBS,7/18/2022 00:00:00,10.5616,10.8324,10.4532,10.5074,1.2735e+006
MBS,7/19/2022 00:00:00,10.5074,10.9949,10.2908,10.8865,2.3416e+006
MBS,7/20/2022 00:00:00,10.9407,11.8073,10.9407,11.5365,2.2409e+006
MBS,7/21/2022 00:00:00,11.6448,11.6448,11.2115,11.2657,1.0586e+006
MBS,7/22/2022 00:00:00,11.374,11.5365,10.9949,10.9949,1.6171e+006
MBS,7/25/2022 00:00:00,10.9949,11.5906,10.7782,11.374,1.5576e+006
MBS,7/26/2022 00:00:00,11.374,11.5906,11.1573,11.2657,848300
MBS,7/27/2022 00:00:00,11.374,11.7531,11.049,11.6448,1.8721e+006
MBS,7/28/2022 00:00:00,11.699,12.7822,11.699,12.0239,1.9141e+006
MBS,7/29/2022 00:00:00,12.0781,12.4031,11.9156,12.0781,1.5253e+006
MBS,8/1/2022 00:00:00,12.0781,12.9989,12.0239,12.8364,2.379e+006
MBS,8/2/2022 00:00:00,12.8364,12.9447,12.4572,12.6197,1.92e+006
MBS,8/3/2022 00:00:00,12.4572,12.9989,12.3489,12.9447,2.1e+006
MBS,8/4/2022 00:00:00,12.9447,13.1613,12.6197,12.7822,1.9301e+006
MBS,8/5/2022 00:00:00,12.8905,13.5405,12.6739,13.5405,3.1652e+006
MBS,8/8/2022 00:00:00,13.4863,13.8113,13.4863,13.5946,2.4656e+006
MBS,8/9/2022 00:00:00,13.703,13.7571,13.378,13.5946,1.9627e+006
MBS,8/10/2022 00:00:00,13.5946,13.6488,13.378,13.378,2.3902e+006
MBS,8/11/2022 00:00:00,13.5946,13.703,13.053,13.2155,3.8253e+006
MBS,8/12/2022 00:00:00,13.7102,14.4876,13.4275,14.4876,2.3231e+006
MBS,8/15/2022 00:00:00,14.4876,14.9823,14.3462,14.4169,1.6022e+006
MBS,8/16/2022 00:00:00,14.4169,14.4876,14.1342,14.2756,1.2478e+006
MBS,8/17/2022 00:00:00,14.1342,14.4169,13.9929,14.0636,2.004e+006
MBS,8/18/2022 00:00:00,14.0636,14.4876,13.8515,14.3462,1.9306e+006
MBS,8/19/2022 00:00:00,14.2049,14.5583,13.9929,14.1342,1.554e+006
MBS,8/22/2022 00:00:00,14.1342,14.2756,13.7102,13.7809,1.7346e+006
MBS,8/23/2022 00:00:00,13.8515,14.5583,13.2862,14.5583,3.7476e+006
MBS,8/24/2022 00:00:00,13.1448,14.6996,13.1448,14.4169,1.795e+006
MBS,8/25/2022 00:00:00,14.4169,14.6996,14.3462,14.4169,1.8561e+006
MBS,8/26/2022 00:00:00,14.4169,14.4876,13.8515,13.9929,2.1919e+006
MBS,8/29/2022 00:00:00,13.9222,13.9222,13.0742,13.7809,2.8887e+006
MBS,8/30/2022 00:00:00,13.8515,14.2049,13.6395,13.6395,1.3199e+006
MBS,8/31/2022 00:00:00,13.6395,13.8515,13.3568,13.7102,969800
MBS,9/5/2022 00:00:00,13.7102,13.9222,13.4275,13.5689,855000
MBS,9/6/2022 00:00:00,13.6395,13.8515,13.5689,13.6395,1.2972e+006
MBS,9/7/2022 00:00:00,13.5689,13.7809,13.0742,13.0742,1.7183e+006
MBS,9/8/2022 00:00:00,11.8021,13.3568,11.8021,12.5795,1.6885e+006
MBS,9/9/2022 00:00:00,11.3781,13.0742,11.3781,12.7208,1.4638e+006
MBS,9/12/2022 00:00:00,12.9328,13.0742,12.5795,12.5795,618400
MBS,9/13/2022 00:00:00,12.7208,12.7208,12.4381,12.6501,700500
MBS,9/14/2022 00:00:00,12.4381,13.0035,12.0141,12.9328,1.6446e+006
MBS,9/15/2022 00:00:00,13.0035,13.1448,12.7208,12.8621,685100
MBS,9/16/2022 00:00:00,12.8621,12.8621,12.1554,12.1554,892900
MBS,9/19/2022 00:00:00,12.1554,12.2261,11.166,11.3074,1.7107e+006
MBS,9/20/2022 00:00:00,11.3074,12.0848,11.2367,12.0141,1.4351e+006
MBS,9/21/2022 00:00:00,12.0141,12.0848,11.6607,11.9434,607900
MBS,9/22/2022 00:00:00,10.8127,12.5795,10.8127,12.5088,1.3858e+006
MBS,9/23/2022 00:00:00,12.5795,12.5795,12.0141,12.1554,925200
MBS,9/26/2022 00:00:00,11.8021,12.0141,11.0954,11.5901,1.6389e+006
MBS,9/27/2022 00:00:00,11.3781,11.9434,11.3781,11.8021,739100
MBS,9/28/2022 00:00:00,11.6607,12.3674,11.5901,12.0141,2.1741e+006
MBS,9/29/2022 00:00:00,12.2261,12.5088,11.8727,11.8727,1.4411e+006
MBS,9/30/2022 00:00:00,11.6607,12.3674,11.2367,12.3674,2.74e+006
MBS,10/3/2022 00:00:00,12.3674,12.3674,11.166,11.166,1.6784e+006
MBS,10/4/2022 00:00:00,11.3781,11.7314,11.166,11.166,1.7997e+006
MBS,10/5/2022 00:00:00,11.2367,12.1554,11.2367,11.9434,1.424e+006
MBS,10/6/2022 00:00:00,11.9434,12.0848,11.2367,11.3074,1.6122e+006
MBS,10/7/2022 00:00:00,11.6607,11.6607,10.2473,10.6713,2.5649e+006
MBS,10/10/2022 00:00:00,10.742,11.4487,9.89396,11.3074,1.2217e+006
MBS,10/11/2022 00:00:00,10.1766,11.4487,10.1766,10.1766,1.5632e+006
MBS,10/12/2022 00:00:00,9.18725,10.954,9.18725,10.53,1.1811e+006
MBS,10/13/2022 00:00:00,10.6007,10.6713,10.1766,10.318,1.0602e+006
MBS,10/14/2022 00:00:00,10.3887,11.0954,10.3887,10.6007,1.7178e+006
MBS,10/17/2022 00:00:00,10.6007,10.6007,10.2473,10.53,688700
MBS,10/18/2022 00:00:00,10.8127,10.954,10.4593,10.4593,958400
MBS,10/19/2022 00:00:00,10.53,10.742,10.4593,10.6713,773600
MBS,10/20/2022 00:00:00,10.6007,10.6713,10.4593,10.4593,452100
MBS,10/21/2022 00:00:00,10.4593,10.4593,9.46993,9.46993,2.2203e+006
MBS,10/24/2022 00:00:00,9.5406,9.75262,8.55121,8.55121,2.0249e+006
MBS,10/25/2022 00:00:00,8.55121,9.18725,7.8445,8.55121,1.4748e+006
MBS,10/26/2022 00:00:00,7.70315,8.83389,7.70315,8.26852,626800
MBS,10/27/2022 00:00:00,7.49114,9.0459,7.49114,9.0459,1.4751e+006
MBS,10/28/2022 00:00:00,9.18725,9.5406,9.0459,9.11658,1.0653e+006
MBS,10/31/2022 00:00:00,9.18725,9.5406,8.76322,9.39926,1.2073e+006
MBS,11/1/2022 00:00:00,9.5406,9.96463,9.5406,9.61127,1.0222e+006
MBS,11/2/2022 00:00:00,8.69255,9.75262,8.69255,9.46993,720400
MBS,11/3/2022 00:00:00,9.32859,9.61127,9.11658,9.32859,894900
MBS,11/4/2022 00:00:00,8.40986,9.32859,8.40986,8.76322,1.0549e+006
MBS,11/7/2022 00:00:00,7.91517,8.90456,7.91517,7.91517,1.5072e+006
MBS,11/8/2022 00:00:00,7.8445,8.33919,7.3498,8.33919,756500
MBS,11/9/2022 00:00:00,7.56181,8.69255,7.56181,8.33919,597200
MBS,11/10/2022 00:00:00,7.63248,8.19785,7.56181,7.56181,1.6001e+006
MBS,11/11/2022 00:00:00,6.99644,8.12718,6.8551,7.3498,1.1731e+006
MBS,11/14/2022 00:00:00,6.64309,7.56181,6.64309,7.06711,1.8823e+006
MBS,11/15/2022 00:00:00,6.43107,7.06711,6.3604,6.3604,1.7341e+006
MBS,11/16/2022 00:00:00,5.72436,6.99644,5.72436,6.99644,2.2973e+006
MBS,11/17/2022 00:00:00,7.06711,7.56181,7.06711,7.49114,1.1522e+006
MBS,11/18/2022 00:00:00,6.78443,8.19785,6.78443,7.91517,2.0944e+006
MBS,11/21/2022 00:00:00,7.13778,8.12718,7.13778,8.05651,1.0113e+006
MBS,11/22/2022 00:00:00,7.70315,8.83389,7.49114,8.19785,1.8776e+006
MBS,11/23/2022 00:00:00,8.19785,8.33919,7.70315,7.70315,890000
MBS,11/24/2022 00:00:00,7.70315,8.05651,7.42047,7.91517,1.2552e+006
MBS,11/25/2022 00:00:00,7.70315,8.69255,7.70315,8.69255,1.6819e+006
MBS,11/28/2022 00:00:00,8.97523,9.5406,8.90456,9.5406,2.365e+006
MBS,11/29/2022 00:00:00,9.39926,10.0353,9.0459,9.75262,4.1349e+006
MBS,11/30/2022 00:00:00,8.83389,10.0353,8.83389,9.82329,2.7855e+006
MBS,12/1/2022 00:00:00,9.89396,10.1766,9.32859,9.39926,4.32e+006
MBS,12/2/2022 00:00:00,9.39926,10.318,9.0459,10.318,4.6348e+006
MBS,12/5/2022 00:00:00,10.53,10.8834,10.318,10.742,3.9272e+006
MBS,12/6/2022 00:00:00,9.68194,11.3074,9.68194,9.68194,4.979e+006
MBS,12/7/2022 00:00:00,9.18725,9.89396,9.11658,9.18725,4.2923e+006
MBS,12/8/2022 00:00:00,8.69255,10.106,8.62188,10.106,3.6758e+006
MBS,12/9/2022 00:00:00,10.318,10.3887,9.68194,9.89396,2.6442e+006
MBS,12/12/2022 00:00:00,9.89396,10.3887,9.18725,9.18725,3.4177e+006
MBS,12/13/2022 00:00:00,8.26852,10.0353,8.26852,10.0353,3.158e+006
MBS,12/14/2022 00:00:00,10.106,10.4593,9.82329,9.89396,2.8421e+006
MBS,12/15/2022 00:00:00,9.82329,10.106,9.18725,9.96463,1.7642e+006
MBS,12/16/2022 00:00:00,9.25792,10.1766,9.25792,9.89396,2.6572e+006
MBS,12/19/2022 00:00:00,9.82329,10.4593,9.75262,9.75262,4.2624e+006
MBS,12/20/2022 00:00:00,9.46993,9.89396,9.25792,9.46993,3.4102e+006
MBS,12/21/2022 00:00:00,8.55121,9.82329,8.55121,9.18725,3.2357e+006
MBS,12/22/2022 00:00:00,8.26852,9.5406,8.26852,9.32859,1.1847e+006
MBS,12/23/2022 00:00:00,9.32859,9.32859,8.90456,9.0459,1.1777e+006
MBS,12/26/2022 00:00:00,8.48054,9.0459,8.19785,8.26852,2.3096e+006
MBS,12/27/2022 00:00:00,7.49114,9.0459,7.49114,9.0459,1.4723e+006
MBS,12/28/2022 00:00:00,9.11658,9.25792,8.83389,9.0459,1.3756e+006
MBS,12/29/2022 00:00:00,9.0459,9.11658,8.55121,8.69255,889900
MBS,12/30/2022 00:00:00,8.69255,8.97523,8.69255,8.69255,1.2488e+006
MBS,1/3/2023 00:00:00,8.12718,9.5406,8.12718,9.5406,3.0784e+006
MBS,1/4/2023 00:00:00,9.0459,9.82329,8.97523,9.39926,1.8824e+006
MBS,1/5/2023 00:00:00,9.11658,9.61127,8.90456,9.46993,1.6735e+006
MBS,1/6/2023 00:00:00,8.62188,10.106,8.62188,9.68194,4.3434e+006
MBS,1/9/2023 00:00:00,9.89396,10.0353,9.61127,9.61127,1.4245e+006
MBS,1/10/2023 00:00:00,9.32859,9.96463,8.83389,9.82329,2.0729e+006
MBS,1/11/2023 00:00:00,9.46993,10.318,9.46993,10.0353,2.8686e+006
MBS,1/12/2023 00:00:00,10.106,10.1766,9.82329,10.0353,1.6176e+006
MBS,1/13/2023 00:00:00,10.106,10.4593,9.89396,9.96463,2.734e+006
MBS,1/16/2023 00:00:00,9.96463,10.318,9.89396,10.106,1.7661e+006
MBS,1/17/2023 00:00:00,10.2473,10.6713,10.2473,10.6713,2.5454e+006
MBS,1/18/2023 00:00:00,10.742,10.742,10.4593,10.6007,2.2058e+006
MBS,1/19/2023 00:00:00,10.53,10.954,10.3887,10.8127,2.7513e+006
MBS,1/27/2023 00:00:00,10.8127,11.3074,10.6007,10.6007,1.8825e+006
MBS,1/30/2023 00:00:00,10.6713,10.8834,10.1766,10.53,2.9767e+006
MBS,1/31/2023 00:00:00,10.53,10.742,10.2473,10.742,2.4767e+006
MBS,2/1/2023 00:00:00,10.8127,10.954,9.82329,9.89396,4.1677e+006
MBS,2/2/2023 00:00:00,9.96463,10.106,9.82329,9.96463,2.4642e+006
MBS,2/3/2023 00:00:00,10.106,10.1766,9.89396,9.96463,1.2013e+006
MBS,2/6/2023 00:00:00,10.1766,10.1766,9.75262,9.96463,1.3812e+006
MBS,2/7/2023 00:00:00,9.96463,10.1766,9.5406,9.61127,3.0163e+006
MBS,2/8/2023 00:00:00,9.61127,9.96463,9.5406,9.89396,1.8425e+006
MBS,2/9/2023 00:00:00,9.89396,9.96463,9.68194,9.68194,719800
MBS,2/10/2023 00:00:00,9.68194,9.75262,9.46993,9.46993,1.2826e+006
MBS,2/13/2023 00:00:00,9.46993,9.5406,8.83389,9.0459,2.8004e+006
MBS,2/14/2023 00:00:00,9.11658,9.32859,9.0459,9.11658,653800
MBS,2/15/2023 00:00:00,9.11658,9.61127,9.11658,9.46993,1.162e+006
MBS,2/16/2023 00:00:00,9.5406,9.75262,9.5406,9.75262,1.2829e+006
MBS,2/17/2023 00:00:00,9.75262,9.82329,9.5406,9.61127,968800
MBS,2/20/2023 00:00:00,9.68194,10.4593,9.61127,10.4593,3.1547e+006
MBS,2/21/2023 00:00:00,10.4593,10.53,10.2473,10.318,2.29e+006
MBS,2/22/2023 00:00:00,10.1766,10.2473,9.75262,9.75262,3.7292e+006
MBS,2/23/2023 00:00:00,9.75262,9.82329,9.39926,9.82329,1.9788e+006
MBS,2/24/2023 00:00:00,9.82329,9.89396,9.5406,9.5406,1.3598e+006
MBS,2/27/2023 00:00:00,9.5406,9.5406,9.0459,9.0459,2.2272e+006
MBS,2/28/2023 00:00:00,9.0459,9.32859,9.0459,9.11658,1.0309e+006
MBS,3/1/2023 00:00:00,9.11658,9.5406,9.0459,9.5406,1.2173e+006
MBS,3/2/2023 00:00:00,9.5406,9.61127,9.39926,9.46993,811900
MBS,3/3/2023 00:00:00,9.5406,9.68194,9.18725,9.18725,1.3444e+006
MBS,3/6/2023 00:00:00,9.18725,9.61127,9.18725,9.25792,1.251e+006
MBS,3/7/2023 00:00:00,9.18725,9.61127,9.18725,9.5406,1.704e+006
MBS,3/8/2023 00:00:00,9.39926,9.82329,9.32859,9.82329,2.2036e+006
MBS,3/9/2023 00:00:00,9.82329,9.89396,9.68194,9.82329,1.4924e+006
MBS,3/10/2023 00:00:00,9.82329,9.82329,9.46993,9.5406,2.3069e+006
MBS,3/13/2023 00:00:00,9.46993,9.61127,9.39926,9.61127,1.604e+006
MBS,3/14/2023 00:00:00,8.69255,9.61127,8.69255,9.18725,1.8572e+006
MBS,3/15/2023 00:00:00,9.39926,10.0353,9.39926,10.0353,3.5705e+006
MBS,3/16/2023 00:00:00,9.89396,10.0353,9.68194,9.68194,2.0495e+006
MBS,3/17/2023 00:00:00,9.68194,9.96463,9.68194,9.68194,1.5897e+006
MBS,3/20/2023 00:00:00,9.68194,9.75262,9.32859,9.39926,1.817e+006
MBS,3/21/2023 00:00:00,9.39926,9.68194,9.32859,9.61127,1.4956e+006
MBS,3/22/2023 00:00:00,9.61127,9.89396,9.61127,9.68194,1.675e+006
MBS,3/23/2023 00:00:00,9.61127,9.96463,9.5406,9.89396,2.3636e+006
MBS,3/24/2023 00:00:00,9.96463,10.318,9.96463,10.106,3.8927e+006
MBS,3/27/2023 00:00:00,10.318,10.4593,10.106,10.2473,3.1099e+006
MBS,3/28/2023 00:00:00,10.3887,10.53,10.1766,10.1766,2.7004e+006
MBS,3/29/2023 00:00:00,10.1766,10.3887,10.106,10.318,2.5836e+006
MBS,3/30/2023 00:00:00,10.3887,10.954,10.318,10.4593,4.8988e+006
MBS,3/31/2023 00:00:00,10.4593,11.166,10.3887,11.166,7.8202e+006
MBS,4/3/2023 00:00:00,11.3781,11.8021,11.3074,11.6607,4.0353e+006
MBS,4/4/2023 00:00:00,11.6607,12.0141,11.4487,11.9434,4.4633e+006
MBS,4/5/2023 00:00:00,11.8727,12.0141,11.6607,11.8727,4.2887e+006
MBS,4/6/2023 00:00:00,11.8727,12.1554,11.2367,11.3074,6.0014e+006
MBS,4/7/2023 00:00:00,11.3074,12.0848,11.3074,11.9434,6.048e+006
MBS,4/10/2023 00:00:00,12.0141,12.3674,11.5194,11.8021,4.6379e+006
MBS,4/11/2023 00:00:00,11.8021,12.2261,11.5901,12.1554,4.4277e+006
MBS,4/12/2023 00:00:00,12.1554,12.2968,11.7314,11.8021,2.2253e+006
MBS,4/13/2023 00:00:00,11.9434,11.9434,11.5194,11.5194,3.1222e+006
MBS,4/14/2023 00:00:00,11.6607,11.8021,11.166,11.3074,5.1142e+006
MBS,4/17/2023 00:00:00,11.3781,11.4487,11.166,11.4487,1.5828e+006
MBS,4/18/2023 00:00:00,11.4487,11.9434,11.3074,11.8727,3.9396e+006
MBS,4/19/2023 00:00:00,11.8727,12.2261,11.5901,11.5901,5.0098e+006
MBS,4/20/2023 00:00:00,11.5194,11.8021,11.5194,11.8021,1.5695e+006
MBS,4/21/2023 00:00:00,11.8021,12.6501,11.8021,12.4381,7.9833e+006
MBS,4/24/2023 00:00:00,12.3674,12.6501,12.2261,12.2968,3.9611e+006
MBS,4/25/2023 00:00:00,12.2968,12.3674,11.3074,11.5194,6.2444e+006
MBS,4/26/2023 00:00:00,11.5194,11.8727,11.3074,11.8021,1.7814e+006
MBS,4/27/2023 00:00:00,11.8727,11.8727,11.5901,11.7314,1.952e+006
MBS,4/28/2023 00:00:00,10.6007,12.0141,10.6007,11.8727,2.822e+006
MBS,5/4/2023 00:00:00,11.9434,12.2968,11.7314,12.1554,3.845e+006
MBS,5/5/2023 00:00:00,12.1554,12.5795,12.0848,12.3674,4.0599e+006
MBS,5/8/2023 00:00:00,12.5088,12.7208,12.2968,12.4381,2.8046e+006
MBS,5/9/2023 00:00:00,12.2968,12.5795,12.1554,12.4381,2.1758e+006
MBS,5/10/2023 00:00:00,12.4381,12.7915,12.3674,12.3674,3.6226e+006
MBS,5/11/2023 00:00:00,12.2968,12.5088,12.1554,12.2261,3.4646e+006
MBS,5/12/2023 00:00:00,12.2261,12.5088,12.0848,12.5088,3.7688e+006
MBS,5/15/2023 00:00:00,12.5088,12.9328,12.2968,12.2968,3.3483e+006
MBS,5/16/2023 00:00:00,12.2968,12.4381,12.1554,12.2968,2.0414e+006
MBS,5/17/2023 00:00:00,12.2968,12.3674,11.7314,11.8727,5.0754e+006
MBS,5/18/2023 00:00:00,11.9434,12.3674,11.8727,12.0848,2.9208e+006
MBS,5/19/2023 00:00:00,12.1554,12.3674,11.9434,12.0848,1.9945e+006
MBS,5/22/2023 00:00:00,12.1554,12.3674,12.0848,12.2968,2.0947e+006
MBS,5/23/2023 00:00:00,12.2968,12.5795,12.2968,12.3674,4.8566e+006
MBS,5/24/2023 00:00:00,12.6501,12.6501,12.4381,12.4381,3.5336e+006
MBS,5/25/2023 00:00:00,12.4381,12.5088,12.1554,12.2968,2.5524e+006
MBS,5/26/2023 00:00:00,12.2968,12.4381,12.2261,12.3674,2.016e+006
MBS,5/29/2023 00:00:00,12.4381,13.0035,12.4381,13.0035,5.7325e+006
MBS,5/30/2023 00:00:00,13.0742,13.2155,12.7915,13.0742,3.6808e+006
MBS,5/31/2023 00:00:00,13.0742,13.1448,12.7915,12.9328,3.3561e+006
MBS,6/1/2023 00:00:00,12.9328,13.1448,12.7208,13.0035,3.1776e+006
MBS,6/2/2023 00:00:00,13.1448,13.2862,13.0035,13.0742,2.936e+006
MBS,6/5/2023 00:00:00,13.0742,13.3568,12.7915,12.8621,3.3606e+006
MBS,6/6/2023 00:00:00,12.8621,13.2862,12.6501,13.2862,6.6541e+006
MBS,6/7/2023 00:00:00,13.3568,13.4275,13.0742,13.2155,3.1168e+006
MBS,6/8/2023 00:00:00,13.2155,13.2862,12.7208,12.7208,4.0111e+006
MBS,6/9/2023 00:00:00,12.7208,12.9328,12.5088,12.9328,3.3159e+006
MBS,6/12/2023 00:00:00,13.0035,13.1448,12.7208,13.0035,2.5808e+006
MBS,6/13/2023 00:00:00,13.0035,13.2155,12.8621,13.0742,3.4438e+006
MBS,6/14/2023 00:00:00,13.0742,13.5689,13.0742,13.1448,7.244e+006
MBS,6/15/2023 00:00:00,13.1448,13.2862,13.0742,13.2155,2.0617e+006
MBS,6/16/2023 00:00:00,13.2155,13.9929,13.2155,13.3568,6.0821e+006
MBS,6/19/2023 00:00:00,13.3568,13.4982,13.2155,13.3568,2.4249e+006
MBS,6/20/2023 00:00:00,13.3568,13.6395,13.2862,13.5689,1.8221e+006
MBS,6/21/2023 00:00:00,13.7809,13.9929,13.5689,13.7102,2.8055e+006
MBS,6/22/2023 00:00:00,13.7102,13.8515,13.5689,13.6395,2.7029e+006
MBS,6/23/2023 00:00:00,13.7102,13.8515,13.5689,13.7809,3.203e+006
MBS,6/26/2023 00:00:00,13.7809,13.7809,12.7915,13.6395,3.8253e+006
MBS,6/27/2023 00:00:00,13.6395,13.7102,13.4275,13.4982,2.1654e+006
MBS,6/28/2023 00:00:00,13.6395,13.7809,13.4275,13.4982,1.8846e+006
MBS,6/29/2023 00:00:00,13.4982,13.5689,13.0035,13.0035,3.278e+006
MBS,6/30/2023 00:00:00,13.0035,13.2155,13.0035,13.0742,1.9507e+006
MBS,7/3/2023 00:00:00,13.1448,13.2155,13.0035,13.0035,1.4934e+006
MBS,7/4/2023 00:00:00,13.0742,13.4275,13.0035,13.3568,2.0987e+006
MBS,7/5/2023 00:00:00,13.4982,14.4169,13.3568,13.7102,7.4805e+006
MBS,7/6/2023 00:00:00,13.7809,14.1342,13.5689,13.9222,4.9555e+006
MBS,7/7/2023 00:00:00,13.9222,14.1342,13.4982,13.9929,2.8248e+006
MBS,7/10/2023 00:00:00,14.0636,14.6996,13.9929,14.5583,4.3954e+006
MBS,7/11/2023 00:00:00,14.4169,14.6996,14.3462,14.3462,3.0687e+006
MBS,7/12/2023 00:00:00,14.4169,14.6996,14.0636,14.2756,4.8653e+006
MBS,7/13/2023 00:00:00,14.3462,14.4876,14.0636,14.4169,2.7226e+006
MBS,7/14/2023 00:00:00,14.4876,14.5583,14.1342,14.4169,3.5112e+006
MBS,7/17/2023 00:00:00,14.4169,14.5583,14.2756,14.4169,3.7934e+006
MBS,7/18/2023 00:00:00,14.4169,14.4876,14.2049,14.2756,1.8851e+006
MBS,7/19/2023 00:00:00,14.2756,14.3462,14.0636,14.0636,3.7442e+006
MBS,7/20/2023 00:00:00,14.0636,14.1342,13.7809,13.9222,3.3189e+006
MBS,7/21/2023 00:00:00,13.9929,14.3462,13.9222,14.3462,2.517e+006
MBS,7/24/2023 00:00:00,14.3462,14.5583,14.1342,14.2756,4.1046e+006
MBS,7/25/2023 00:00:00,14.4169,14.4876,14.2049,14.2756,3.0975e+006
MBS,7/26/2023 00:00:00,14.2049,14.3462,14.1342,14.3462,2.0454e+006
MBS,7/27/2023 00:00:00,14.2756,14.6996,14.2756,14.5583,5.0095e+006
MBS,7/28/2023 00:00:00,14.5583,14.9823,14.4876,14.9116,5.1794e+006
MBS,7/31/2023 00:00:00,14.9116,15.1943,14.7703,14.9823,2.6447e+006
MBS,8/1/2023 00:00:00,14.9823,15.0529,14.4876,14.4876,3.7178e+006
MBS,8/2/2023 00:00:00,14.4876,14.7703,14.4169,14.6996,2.5337e+006
MBS,8/3/2023 00:00:00,14.6996,14.7703,14.3462,14.3462,2.7564e+006
MBS,8/4/2023 00:00:00,14.3462,14.6996,14.3462,14.6289,2.3408e+006
MBS,8/7/2023 00:00:00,14.6996,15.1943,14.6996,14.9823,3.7631e+006
MBS,8/8/2023 00:00:00,15.0529,15.265,14.9116,14.9823,4.0534e+006
MBS,8/9/2023 00:00:00,15.0529,15.1236,14.6289,14.6996,4.8834e+006
MBS,8/10/2023 00:00:00,14.6184,15.3493,14.6184,14.6996,2.8786e+006
MBS,8/11/2023 00:00:00,14.6184,14.862,14.3747,14.862,2.0061e+006
MBS,8/14/2023 00:00:00,14.9432,15.9178,14.862,15.5117,4.5198e+006
MBS,8/15/2023 00:00:00,15.5117,15.6742,15.2681,15.3493,1.9028e+006
MBS,8/16/2023 00:00:00,15.3493,15.4305,15.1057,15.3493,2.008e+006
MBS,8/17/2023 00:00:00,15.3493,15.8366,15.3493,15.4305,4.3491e+006
MBS,8/18/2023 00:00:00,15.4305,15.5117,13.8875,13.8875,5.9915e+006
MBS,8/21/2023 00:00:00,13.4002,14.456,13.4002,14.1311,3.4312e+006
MBS,8/22/2023 00:00:00,14.1311,14.9432,13.4002,14.6996,4.134e+006
MBS,8/23/2023 00:00:00,14.6996,15.1057,14.5372,14.6184,1.7015e+006
MBS,8/24/2023 00:00:00,14.6996,15.0244,14.456,15.0244,2.9123e+006
MBS,8/25/2023 00:00:00,15.0244,15.3493,14.862,15.1057,3.4639e+006
MBS,8/28/2023 00:00:00,15.1057,15.3493,15.0244,15.2681,2.8563e+006
MBS,8/29/2023 00:00:00,15.4305,15.5929,15.1869,15.5117,3.2641e+006
MBS,8/30/2023 00:00:00,15.5929,16.4051,15.3493,16.3239,6.8705e+006
MBS,8/31/2023 00:00:00,16.3239,16.7299,16.3239,16.5675,3.4956e+006
MBS,9/5/2023 00:00:00,16.5675,16.8924,16.4051,16.5675,3.6533e+006
MBS,9/6/2023 00:00:00,16.5675,17.5421,16.3239,17.136,3.9691e+006
MBS,9/7/2023 00:00:00,17.136,17.2984,16.8111,16.9736,3.2213e+006
MBS,9/8/2023 00:00:00,17.0548,17.2172,16.8111,17.0548,2.4446e+006
MBS,9/11/2023 00:00:00,17.136,17.5421,16.8924,17.0548,4.2916e+006
MBS,9/12/2023 00:00:00,16.9736,18.7603,16.8924,18.7603,6.0238e+006
MBS,9/13/2023 00:00:00,18.7603,19.3287,18.1918,18.679,4.9774e+006
MBS,9/14/2023 00:00:00,18.679,19.7348,18.5166,19.1663,6.0745e+006
MBS,9/15/2023 00:00:00,19.2475,19.41,18.4354,19.0039,3.5144e+006
MBS,9/18/2023 00:00:00,19.0039,19.3287,18.5978,19.0851,3.4359e+006
MBS,9/19/2023 00:00:00,18.9227,19.5724,18.679,19.5724,3.2837e+006
MBS,9/20/2023 00:00:00,19.5724,20.3033,19.5724,19.8972,3.2114e+006
MBS,9/21/2023 00:00:00,19.8972,19.9785,18.9227,19.0039,5.1024e+006
MBS,9/22/2023 00:00:00,18.679,18.679,17.2172,17.7045,7.5735e+006
MBS,9/25/2023 00:00:00,17.7045,18.1105,15.999,15.999,5.7821e+006
MBS,9/26/2023 00:00:00,15.999,17.5421,15.5929,16.8111,6.4272e+006
MBS,9/27/2023 00:00:00,16.8111,18.4354,16.8111,18.4354,6.2988e+006
MBS,9/28/2023 00:00:00,17.8669,19.0039,17.8669,18.5978,6.0297e+006
MBS,9/29/2023 00:00:00,19.0039,19.0039,18.0293,18.5166,4.8888e+006
MBS,10/2/2023 00:00:00,18.5166,18.5978,17.7857,17.8669,5.0805e+006
MBS,10/3/2023 00:00:00,17.7857,17.8669,16.2426,16.7299,8.0901e+006
MBS,10/4/2023 00:00:00,16.7299,18.273,15.999,17.6233,4.8488e+006
MBS,10/5/2023 00:00:00,17.7857,17.8669,16.7299,16.9736,4.4045e+006
MBS,10/6/2023 00:00:00,16.8111,17.9481,16.7299,17.8669,4.1984e+006
MBS,10/9/2023 00:00:00,17.8669,18.3542,17.6233,18.1918,4.5214e+006
MBS,10/10/2023 00:00:00,18.273,19.2475,18.1918,18.273,7.4072e+006
MBS,10/11/2023 00:00:00,18.3542,19.0851,17.9481,19.0851,5.7195e+006
MBS,10/12/2023 00:00:00,19.0851,19.3287,18.5166,18.8415,5.3877e+006
MBS,10/13/2023 00:00:00,18.8415,19.0039,18.1918,18.5978,5.7373e+006
MBS,10/16/2023 00:00:00,18.5166,18.8415,17.8669,17.8669,4.619e+006
MBS,10/17/2023 00:00:00,17.8669,18.273,16.5675,16.5675,5.0279e+006
MBS,10/18/2023 00:00:00,16.5675,17.2984,15.5117,16.8924,8.501e+006
MBS,10/19/2023 00:00:00,16.9736,17.0548,16.0802,16.0802,3.9165e+006
MBS,10/20/2023 00:00:00,16.0802,16.8924,15.1869,16.8111,6.713e+006
MBS,10/23/2023 00:00:00,16.8111,16.8924,16.0802,16.4051,2.3744e+006
MBS,10/24/2023 00:00:00,16.4863,16.8111,16.1614,16.5675,2.3404e+006
MBS,10/25/2023 00:00:00,16.6487,16.8924,16.0802,16.1614,3.3453e+006
MBS,10/26/2023 00:00:00,15.999,16.1614,14.6184,14.6996,8.9888e+006
MBS,10/27/2023 00:00:00,14.6184,15.1869,13.4814,15.0244,3.3504e+006
MBS,10/30/2023 00:00:00,15.1057,15.1057,13.9687,13.9687,2.4567e+006
MBS,10/31/2023 00:00:00,13.8062,14.2935,12.8317,12.9941,5.5568e+006
MBS,11/1/2023 00:00:00,12.9129,14.1311,11.6947,14.0499,4.4529e+006
MBS,11/2/2023 00:00:00,14.2123,15.2681,14.2123,15.1057,5.4961e+006
MBS,11/3/2023 00:00:00,15.3493,15.4305,14.6996,14.9432,3.4816e+006
MBS,11/6/2023 00:00:00,15.1869,15.3493,14.9432,15.1869,3.2432e+006
MBS,11/7/2023 00:00:00,15.1869,15.5929,14.862,15.1869,4.0129e+006
MBS,11/8/2023 00:00:00,15.1869,16.6487,14.9432,16.6487,6.923e+006
MBS,11/9/2023 00:00:00,16.7299,17.4608,16.5675,16.5675,7.049e+006
MBS,11/10/2023 00:00:00,16.5675,17.2172,16.3239,16.5675,5.8051e+006
MBS,11/13/2023 00:00:00,16.5675,16.9736,16.1614,16.7299,3.7578e+006
MBS,11/14/2023 00:00:00,16.8111,17.2984,16.6487,16.9736,3.7087e+006
MBS,11/15/2023 00:00:00,17.0548,18.0293,16.9736,17.136,5.6132e+006
MBS,11/16/2023 00:00:00,17.136,17.4608,16.8924,17.4608,3.0599e+006
MBS,11/17/2023 00:00:00,17.5421,17.7045,16.6487,16.7299,7.1723e+006
MBS,11/20/2023 00:00:00,16.6487,17.6233,16.1614,17.3796,5.99e+006
MBS,11/21/2023 00:00:00,17.4608,17.7045,17.2984,17.5421,4.0428e+006
MBS,11/22/2023 00:00:00,17.6233,17.8669,17.4608,17.8669,5.8657e+006
MBS,11/23/2023 00:00:00,17.8669,18.1105,16.1614,16.1614,4.877e+006
MBS,11/24/2023 00:00:00,16.2426,17.4608,16.1614,17.4608,7.0767e+006
MBS,11/27/2023 00:00:00,17.4608,17.5421,16.8924,16.9736,2.8976e+006
MBS,11/28/2023 00:00:00,16.9736,17.4608,16.4863,17.3796,4.6915e+006
MBS,11/29/2023 00:00:00,17.4608,17.7857,17.2984,17.5421,4.6122e+006
MBS,11/30/2023 00:00:00,17.2984,17.7857,17.2984,17.3796,4.2733e+006
MBS,12/1/2023 00:00:00,17.4608,17.7857,17.2172,17.6233,3.9692e+006
MBS,12/4/2023 00:00:00,17.7045,19.0851,17.6233,18.679,8.2413e+006
MBS,12/5/2023 00:00:00,18.7603,19.0851,18.5166,18.8415,5.2493e+006
MBS,12/6/2023 00:00:00,18.8415,19.0851,18.679,19.0039,4.0181e+006
MBS,12/7/2023 00:00:00,19.0039,19.0851,17.9481,18.3542,1.03863e+007
MBS,12/8/2023 00:00:00,18.3542,18.4354,17.5421,17.8669,3.9392e+006
MBS,12/11/2023 00:00:00,17.8669,18.3542,17.6233,18.273,3.4075e+006
MBS,12/12/2023 00:00:00,16.4863,18.3542,16.4863,18.1918,2.0974e+006
MBS,12/13/2023 00:00:00,18.1918,18.5166,17.7045,17.7857,4.1921e+006
MBS,12/14/2023 00:00:00,18.1105,18.4354,17.7857,17.8669,3.2419e+006
MBS,12/15/2023 00:00:00,17.8669,18.679,17.8669,18.3542,5.1239e+006
MBS,12/18/2023 00:00:00,18.3542,18.5166,17.9481,18.273,2.9555e+006
MBS,12/19/2023 00:00:00,18.0293,18.7603,16.4863,18.7603,4.5212e+006
MBS,12/20/2023 00:00:00,18.7603,18.9227,18.5978,18.679,3.4019e+006
MBS,12/21/2023 00:00:00,17.2984,18.7603,17.2984,18.5978,1.9556e+006
MBS,12/22/2023 00:00:00,18.679,18.9227,18.1105,18.3542,3.859e+006
MBS,12/25/2023 00:00:00,18.3542,18.5978,18.1918,18.4354,3.0145e+006
MBS,12/26/2023 00:00:00,16.6487,18.5978,16.6487,18.4354,2.7682e+006
MBS,12/27/2023 00:00:00,18.5166,18.8415,18.5166,18.5166,3.0978e+006
MBS,12/28/2023 00:00:00,16.7299,18.679,16.7299,18.5166,2.036e+006
MBS,12/29/2023 00:00:00,18.5166,18.5978,18.3542,18.4354,2.7549e+006
MBS,1/2/2024 00:00:00,18.5978,18.679,18.273,18.273,3.228e+006
MBS,1/3/2024 00:00:00,18.3542,18.4354,18.1918,18.4354,2.4642e+006
MBS,1/4/2024 00:00:00,18.4354,19.0039,18.4354,18.4354,7.277e+006
MBS,1/5/2024 00:00:00,18.4354,18.679,18.3542,18.5978,2.2411e+006
MBS,1/8/2024 00:00:00,18.8415,19.0039,18.5978,18.8415,4.0654e+006
MBS,1/9/2024 00:00:00,18.3542,19.0039,18.3542,18.5978,3.2795e+006
MBS,1/10/2024 00:00:00,18.5978,18.7603,18.273,18.4354,4.6824e+006
MBS,1/11/2024 00:00:00,18.679,19.3287,18.5978,19.0039,7.6552e+006
MBS,1/12/2024 00:00:00,19.1663,19.3287,18.679,18.8415,5.1717e+006
MBS,1/15/2024 00:00:00,18.9227,19.1663,18.4354,18.4354,3.5796e+006
MBS,1/16/2024 00:00:00,18.4354,18.9227,18.273,18.9227,3.5186e+006
MBS,1/17/2024 00:00:00,18.9227,19.8972,18.7603,19.2475,8.4382e+006
MBS,1/18/2024 00:00:00,17.3796,19.6536,17.3796,19.1663,2.523e+006
MBS,1/19/2024 00:00:00,19.1663,19.4912,18.9227,19.0039,4.1741e+006
MBS,1/22/2024 00:00:00,19.0039,19.5724,18.8415,19.5724,4.8735e+006
MBS,1/23/2024 00:00:00,19.4912,19.7348,19.3287,19.6536,3.7606e+006
MBS,1/24/2024 00:00:00,19.6536,20.2221,19.5724,19.816,7.95e+006
MBS,1/25/2024 00:00:00,19.816,20.1409,19.7348,20.0597,3.2942e+006
MBS,1/26/2024 00:00:00,20.0597,20.2221,19.8972,19.9785,3.7239e+006
MBS,1/29/2024 00:00:00,19.9785,20.1409,19.816,19.9785,2.3286e+006
MBS,1/30/2024 00:00:00,19.9785,20.2221,19.6536,20.2221,3.1494e+006
MBS,1/31/2024 00:00:00,20.2221,21.2779,20.2221,20.8718,8.8799e+006
MBS,2/1/2024 00:00:00,20.8718,21.0342,20.7094,21.0342,2.7267e+006
MBS,2/2/2024 00:00:00,21.0342,22.3336,21.0342,21.6027,4.7128e+006
MBS,2/5/2024 00:00:00,21.6839,22.2524,21.3591,22.0088,3.3287e+006
MBS,2/6/2024 00:00:00,22.1712,22.2524,21.6027,21.6839,4.5383e+006
MBS,2/7/2024 00:00:00,21.7651,22.1712,21.6027,21.9276,2.5763e+006
MBS,2/15/2024 00:00:00,22.0088,22.09,21.6839,22.0088,2.7848e+006
MBS,2/16/2024 00:00:00,22.0088,22.4961,21.8464,22.09,2.4182e+006
MBS,2/19/2024 00:00:00,22.09,22.2524,21.4403,22.0088,5.817e+006
MBS,2/20/2024 00:00:00,22.1712,22.5773,22.0088,22.1712,4.0434e+006
MBS,2/21/2024 00:00:00,22.1712,22.1712,21.6839,21.9276,3.3683e+006
MBS,2/22/2024 00:00:00,21.9276,22.0088,21.3591,21.5215,4.4944e+006
MBS,2/23/2024 00:00:00,21.5215,21.9276,21.1154,21.2779,6.0796e+006
MBS,2/26/2024 00:00:00,21.3591,22.8209,21.1967,22.7397,8.1681e+006
MBS,2/27/2024 00:00:00,22.7397,23.0646,22.5773,22.6585,4.4284e+006
MBS,2/28/2024 00:00:00,22.7397,22.8209,22.2524,22.6585,4.6184e+006
MBS,2/29/2024 00:00:00,22.6585,23.1458,22.4149,22.6585,4.2394e+006
MBS,3/1/2024 00:00:00,22.7397,23.7955,22.7397,23.0646,4.9395e+006
MBS,3/4/2024 00:00:00,23.1458,23.633,22.9833,22.9833,4.8957e+006
MBS,3/5/2024 00:00:00,22.9833,23.8767,22.8209,23.7143,5.4711e+006
MBS,3/6/2024 00:00:00,23.633,23.9579,22.9833,23.5518,4.7167e+006
MBS,3/7/2024 00:00:00,23.633,24.2015,23.3894,23.7143,5.455e+006
MBS,3/8/2024 00:00:00,23.7143,23.8767,23.1458,23.227,7.1346e+006
MBS,3/11/2024 00:00:00,23.227,23.3894,22.3336,22.6585,4.5874e+006
MBS,3/12/2024 00:00:00,22.7397,22.9833,22.2524,22.6585,5.3688e+006
MBS,3/13/2024 00:00:00,22.6585,24.0391,22.5773,23.8767,6.7099e+006
MBS,3/14/2024 00:00:00,23.8767,24.6076,23.633,24.2015,6.4975e+006
MBS,3/15/2024 00:00:00,24.2015,24.2828,23.4706,24.1203,4.6529e+006
MBS,3/18/2024 00:00:00,24.1203,24.2015,21.9276,23.1458,9.6508e+006
MBS,3/19/2024 00:00:00,23.1458,23.227,22.7397,22.9021,1.8911e+006
MBS,3/20/2024 00:00:00,22.9833,23.3082,22.8209,23.3082,3.1729e+006
MBS,3/21/2024 00:00:00,23.3894,24.0391,23.3894,23.8767,5.6052e+006
MBS,3/22/2024 00:00:00,24.364,24.364,23.7955,24.1203,5.357e+006
MBS,3/25/2024 00:00:00,24.1203,24.2828,23.3082,23.5518,5.8974e+006
MBS,3/26/2024 00:00:00,23.3894,23.7955,23.227,23.7955,3.403e+006
MBS,3/27/2024 00:00:00,23.8767,24.2015,23.7955,23.9579,2.2861e+006
MBS,3/28/2024 00:00:00,23.9579,25.0137,23.9579,25.0137,6.5578e+006
MBS,3/29/2024 00:00:00,25.1761,25.1761,24.6076,24.6076,2.7863e+006
MBS,4/1/2024 00:00:00,24.6076,24.77,24.0391,24.364,4.751e+006
MBS,4/2/2024 00:00:00,24.4452,24.6888,23.7955,24.6888,4.6592e+006
MBS,4/3/2024 00:00:00,25.0137,25.0949,24.1203,24.1203,6.2126e+006
MBS,4/4/2024 00:00:00,24.2015,24.2015,23.7955,23.8767,3.894e+006
MBS,4/5/2024 00:00:00,23.7143,23.8767,22.9833,22.9833,4.6571e+006
MBS,4/8/2024 00:00:00,22.9833,23.3082,22.7397,22.9833,3.0466e+006
MBS,4/9/2024 00:00:00,22.9833,23.7955,22.9833,23.7143,2.5337e+006
MBS,4/10/2024 00:00:00,23.8767,23.8767,23.3894,23.3894,1.6427e+006
MBS,4/11/2024 00:00:00,23.4706,23.633,22.5773,23.5518,3.0106e+006
MBS,4/12/2024 00:00:00,23.5518,24.1203,23.3894,24.0391,3.5426e+006
MBS,4/15/2024 00:00:00,24.2828,24.6076,22.3336,22.6585,8.197e+006
MBS,4/16/2024 00:00:00,22.7397,23.1458,21.9276,23.1458,5.2423e+006
MBS,4/17/2024 00:00:00,23.227,23.3082,21.9276,21.9276,4.8287e+006
MBS,4/19/2024 00:00:00,21.9276,22.0088,20.3845,20.7906,8.2925e+006
MBS,4/22/2024 00:00:00,21.0342,22.4961,21.0342,22.1712,3.8139e+006
MBS,4/23/2024 00:00:00,22.3336,22.4961,21.1154,21.6839,4.1839e+006
MBS,4/24/2024 00:00:00,19.5724,22.6585,19.5724,22.6585,3.782e+006
MBS,4/25/2024 00:00:00,22.6585,22.6585,22.0088,22.4149,2.2059e+006
MBS,4/26/2024 00:00:00,22.2524,22.2524,21.7651,21.9276,2.6952e+006
MBS,5/2/2024 00:00:00,21.9276,21.9276,21.1967,21.7651,1.727e+006
MBS,5/3/2024 00:00:00,21.7651,22.2524,21.6027,21.6839,2.7218e+006
MBS,5/6/2024 00:00:00,21.6839,22.7397,21.6839,22.4961,4.6531e+006
MBS,5/7/2024 00:00:00,22.5773,22.6585,22.3336,22.5773,2.1917e+006
MBS,5/8/2024 00:00:00,22.5773,23.3082,22.2524,23.1458,5.7429e+006
MBS,5/9/2024 00:00:00,23.1458,23.3894,22.7397,22.9833,2.6767e+006
MBS,5/10/2024 00:00:00,22.9833,23.227,22.5773,23.227,2.7861e+006
MBS,5/13/2024 00:00:00,23.3082,23.7955,22.9833,23.5518,5.2169e+006
MBS,5/14/2024 00:00:00,23.633,23.7143,23.3082,23.4706,1.8614e+006
MBS,5/15/2024 00:00:00,23.5518,24.6888,23.3894,24.2828,7.8185e+006
MBS,5/16/2024 00:00:00,24.364,24.77,24.1203,24.364,3.8614e+006
MBS,5/17/2024 00:00:00,24.364,26.2319,24.364,25.8258,8.2567e+006
MBS,5/20/2024 00:00:00,25.8258,26.3131,25.5822,25.9882,4.1922e+006
MBS,5/21/2024 00:00:00,25.907,26.6379,25.5822,26.6379,6.5928e+006
MBS,5/22/2024 00:00:00,26.6379,27.1252,25.8258,26.5567,4.6867e+006
MBS,5/23/2024 00:00:00,25.3385,26.9628,25.3385,26.9628,5.0164e+006
MBS,5/24/2024 00:00:00,26.8004,26.9628,25.1761,25.9882,7.274e+006
MBS,5/27/2024 00:00:00,26.2319,26.8004,25.7446,26.4755,3.4651e+006
MBS,5/28/2024 00:00:00,26.4755,27.9374,26.4755,27.7749,7.5965e+006
MBS,5/29/2024 00:00:00,27.8561,27.8561,26.9628,27.2064,3.6003e+006
MBS,5/30/2024 00:00:00,27.2064,27.5313,26.2319,27.2876,7.0652e+006
MBS,5/31/2024 00:00:00,26.7192,27.4501,26.7192,26.8004,2.6113e+006
MBS,6/3/2024 00:00:00,26.8816,27.4501,26.8816,26.9628,3.6468e+006
MBS,6/4/2024 00:00:00,26.6379,27.6937,26.6379,27.2064,2.8051e+006
MBS,6/5/2024 00:00:00,27.2876,28.0186,27.1252,27.4501,4.6452e+006
MBS,6/6/2024 00:00:00,27.6125,27.7749,27.1252,27.2064,2.2716e+006
MBS,6/7/2024 00:00:00,27.4501,27.5313,26.7192,26.9628,3.5091e+006
MBS,6/10/2024 00:00:00,27.1252,27.6125,26.8004,27.2876,3.284e+006
MBS,6/11/2024 00:00:00,27.2876,28.181,27.2876,27.8561,4.659e+006
MBS,6/12/2024 00:00:00,27.6125,28.4246,27.6125,28.3434,3.4932e+006
MBS,6/13/2024 00:00:00,28.3434,28.6683,28.181,28.5058,2.4143e+006
MBS,6/14/2024 00:00:00,28.6683,28.9119,27.5313,27.5313,5.3785e+006
MBS,6/17/2024 00:00:00,27.6125,27.6125,26.8816,27.2876,4.1955e+006
MBS,6/18/2024 00:00:00,27.2876,27.8561,27.2064,27.7749,3.7274e+006
MBS,6/19/2024 00:00:00,27.7749,27.9374,27.3689,27.8561,2.9033e+006
MBS,6/20/2024 00:00:00,27.8561,28.0998,27.2876,27.7749,3.5132e+006
MBS,6/21/2024 00:00:00,27.7749,28.4246,27.4501,28.181,3.2092e+006
MBS,6/24/2024 00:00:00,28.181,28.181,25.6634,25.7446,8.7906e+006
MBS,6/25/2024 00:00:00,25.7446,26.2319,25.6634,26.0694,2.4976e+006
MBS,6/26/2024 00:00:00,26.1507,26.2319,25.3385,25.9882,2.872e+006
MBS,6/27/2024 00:00:00,25.9882,25.9882,25.4197,25.4197,2.0119e+006
MBS,6/28/2024 00:00:00,25.3385,25.9882,24.77,25.2573,3.9518e+006
MBS,7/1/2024 00:00:00,25.2573,25.8258,25.2573,25.8258,1.9013e+006
MBS,7/2/2024 00:00:00,25.8258,26.1507,25.7446,26.1507,2.1898e+006
MBS,7/3/2024 00:00:00,26.3131,26.3943,25.907,26.0694,1.5172e+006
MBS,7/4/2024 00:00:00,26.0694,26.5567,25.907,26.0694,1.9587e+006
MBS,7/5/2024 00:00:00,26.0694,26.7192,25.7446,26.6379,3.4719e+006
MBS,7/8/2024 00:00:00,26.6379,27.6125,26.6379,27.5313,3.7304e+006
MBS,7/9/2024 00:00:00,27.6937,28.0186,27.2876,27.6125,3.4973e+006
MBS,7/10/2024 00:00:00,27.6125,27.7749,27.2876,27.2876,2.772e+006
MBS,7/11/2024 00:00:00,27.2876,28.5058,27.2876,28.3434,6.1711e+006
MBS,7/12/2024 00:00:00,28.3434,28.8307,28.2622,28.5058,4.3057e+006
MBS,7/15/2024 00:00:00,28.5871,29.1555,28.3434,28.5871,2.846e+006
MBS,7/16/2024 00:00:00,28.5871,28.9931,27.8561,28.0186,3.6042e+006
MBS,7/17/2024 00:00:00,28.0998,28.9931,27.044,27.8561,7.241e+006
MBS,7/18/2024 00:00:00,27.8561,28.4246,27.8561,28.4246,2.8006e+006
MBS,7/19/2024 00:00:00,28.6683,29.0743,28.3434,28.7495,5.0358e+006
MBS,7/22/2024 00:00:00,28.7495,28.8307,26.5567,26.8004,7.0779e+006
MBS,7/23/2024 00:00:00,26.8004,27.2876,25.1761,25.3385,6.1468e+006
MBS,7/24/2024 00:00:00,25.7608,26.3521,24.4939,25.8453,4.5471e+006
MBS,7/25/2024 00:00:00,25.8453,25.8453,25.2541,25.7608,1.8848e+006
MBS,7/26/2024 00:00:00,25.7608,26.1831,25.5075,26.1831,1.8678e+006
MBS,7/29/2024 00:00:00,26.1831,26.6055,26.0987,26.2676,2.2441e+006
MBS,7/30/2024 00:00:00,26.2676,26.3521,25.3385,25.6764,3.048e+006
MBS,7/31/2024 00:00:00,25.7608,26.0987,25.423,25.6764,2.8897e+006
MBS,8/1/2024 00:00:00,25.7608,25.9298,23.3959,23.5648,7.2395e+006
MBS,8/2/2024 00:00:00,21.2844,25.2541,21.2844,25.0007,3.9751e+006
MBS,8/5/2024 00:00:00,25.0007,25.0007,23.0581,23.7338,3.9858e+006
MBS,8/6/2024 00:00:00,23.7338,25.1696,23.7338,24.8318,3.85e+006
MBS,8/7/2024 00:00:00,24.8318,25.0007,24.2405,24.5784,1.7662e+006
MBS,8/8/2024 00:00:00,24.6628,24.8318,23.4804,23.8182,2.9834e+006
MBS,8/9/2024 00:00:00,24.2405,25.0851,23.9871,24.8318,4.565e+006
MBS,8/12/2024 00:00:00,24.9162,25.0007,24.4939,25.0007,4.3039e+006
MBS,8/13/2024 00:00:00,26.6544,26.6544,25.2925,25.5844,3.6176e+006
MBS,8/14/2024 00:00:00,25.7789,26.0707,25.098,25.1952,1.9242e+006
MBS,8/15/2024 00:00:00,25.1952,25.3898,24.7088,24.7088,1.8943e+006
MBS,8/16/2024 00:00:00,22.2769,26.7517,22.2769,26.7517,6.2711e+006
MBS,8/19/2024 00:00:00,27.3354,27.3354,26.4599,26.7517,2.3476e+006
MBS,8/20/2024 00:00:00,26.9463,27.7245,26.5571,27.2381,3.6166e+006
MBS,8/21/2024 00:00:00,27.2381,27.4327,26.849,27.4327,2.8211e+006
MBS,8/22/2024 00:00:00,27.4327,27.919,27.3354,27.7245,3.1765e+006
MBS,8/23/2024 00:00:00,27.6272,28.2109,27.3354,27.919,3.1264e+006
MBS,8/26/2024 00:00:00,28.2109,28.4054,27.8218,27.8218,2.8906e+006
MBS,8/27/2024 00:00:00,27.8218,27.919,27.1408,27.7245,2.2964e+006
MBS,8/28/2024 00:00:00,27.7245,27.919,27.1408,27.4327,2.9974e+006
MBS,8/29/2024 00:00:00,27.4327,27.7245,27.3354,27.3354,1.8241e+006
MBS,8/30/2024 00:00:00,27.3354,27.4327,27.1408,27.2381,2.0674e+006
MBS,9/4/2024 00:00:00,27.2381,27.2381,26.7517,26.7517,3.0234e+006
MBS,9/5/2024 00:00:00,27.0435,27.2381,26.5571,26.7517,1.9837e+006
MBS,9/6/2024 00:00:00,26.7517,26.849,26.168,26.3626,2.5102e+006
MBS,9/9/2024 00:00:00,26.0707,26.4599,25.9735,25.9735,1.9415e+006
MBS,9/10/2024 00:00:00,26.168,26.3626,25.3898,25.4871,2.6929e+006
MBS,9/11/2024 00:00:00,25.4871,26.5571,25.3898,26.4599,4.1526e+006
MBS,9/12/2024 00:00:00,26.6544,26.6544,26.0707,26.0707,1.867e+006
MBS,9/13/2024 00:00:00,26.168,26.849,26.0707,26.5571,2.7318e+006
MBS,9/16/2024 00:00:00,26.5571,26.6544,25.8762,25.8762,1.8492e+006
MBS,9/17/2024 00:00:00,25.9735,26.7517,25.8762,26.7517,2.5915e+006
MBS,9/18/2024 00:00:00,26.849,27.8218,26.6544,27.4327,5.7867e+006
MBS,9/19/2024 00:00:00,27.4327,27.8218,27.3354,27.4327,2.2302e+006
MBS,9/20/2024 00:00:00,27.7245,28.1136,27.4327,27.6272,3.6909e+006
MBS,9/23/2024 00:00:00,27.6272,28.6,27.4327,28.1136,6.2723e+006
MBS,9/24/2024 00:00:00,28.1136,28.7946,28.1136,28.6973,3.3593e+006
MBS,9/25/2024 00:00:00,28.7946,30.6429,28.6973,30.351,7.5743e+006
MBS,9/26/2024 00:00:00,30.4483,31.032,30.1565,30.5456,4.5e+006
MBS,9/27/2024 00:00:00,30.5456,31.4211,30.351,31.032,5.1602e+006
MBS,9/30/2024 00:00:00,31.032,31.1293,30.4483,31.032,3.1991e+006
MBS,10/1/2024 00:00:00,31.032,31.6156,30.5456,30.7401,4.6818e+006
MBS,10/2/2024 00:00:00,30.7401,31.2265,30.351,31.2265,5.7955e+006
MBS,10/3/2024 00:00:00,31.1293,31.4211,30.4483,30.8374,5.0928e+006
MBS,10/4/2024 00:00:00,30.8374,30.9347,30.4483,30.4483,3.6034e+006
MBS,10/7/2024 00:00:00,30.4483,30.8374,30.2537,30.8374,3.571e+006
MBS,10/8/2024 00:00:00,30.9347,30.9347,29.1837,29.1837,1.40274e+007
MBS,10/9/2024 00:00:00,28.9891,29.6701,28.6973,29.281,4.0577e+006
MBS,10/10/2024 00:00:00,26.3626,29.5728,26.3626,28.6973,5.9225e+006
MBS,10/11/2024 00:00:00,28.6973,29.1837,28.6,28.8918,3.0063e+006
MBS,10/14/2024 00:00:00,28.8918,29.281,28.7946,29.0864,2.3103e+006
MBS,10/15/2024 00:00:00,28.9891,29.1837,28.4054,28.4054,4.0982e+006
MBS,10/16/2024 00:00:00,28.4054,28.6973,28.2109,28.5027,1.6023e+006
MBS,10/17/2024 00:00:00,28.5027,28.8918,27.8218,28.8918,3.8311e+006
MBS,10/18/2024 00:00:00,28.8918,29.3782,28.8918,28.9891,3.2705e+006
MBS,10/21/2024 00:00:00,28.9891,28.9891,28.4054,28.4054,1.7994e+006
MBS,10/22/2024 00:00:00,28.4054,28.6,27.5299,28.0163,2.8528e+006
MBS,10/23/2024 00:00:00,28.2109,28.3082,27.8218,28.3082,1.4351e+006
MBS,10/24/2024 00:00:00,28.3082,28.4054,27.6272,27.6272,1.7927e+006
MBS,10/25/2024 00:00:00,27.6272,27.919,27.4327,27.6272,1.4364e+006
MBS,10/28/2024 00:00:00,27.5299,28.0163,27.5299,27.8218,1.5786e+006
MBS,10/29/2024 00:00:00,28.1136,28.1136,27.8218,27.919,980000
MBS,10/30/2024 00:00:00,27.919,28.0163,27.3354,27.5299,1.8042e+006
MBS,10/31/2024 00:00:00,27.5299,27.7245,27.1408,27.3354,1.6393e+006
MBS,11/1/2024 00:00:00,27.3354,27.4327,26.849,26.849,2.0539e+006
MBS,11/4/2024 00:00:00,26.849,27.919,26.6544,27.4327,2.9415e+006
MBS,11/5/2024 00:00:00,27.4327,27.7245,27.4327,27.4327,1.1701e+006
MBS,11/6/2024 00:00:00,27.6272,28.5027,27.6272,28.5027,3.3147e+006
MBS,11/7/2024 00:00:00,28.6,28.7946,28.3082,28.3082,2.1015e+006
MBS,11/8/2024 00:00:00,28.3082,28.6,28.0163,28.4054,2.5863e+006
MBS,11/11/2024 00:00:00,28.1136,28.4054,26.7517,27.919,2.7654e+006
MBS,11/12/2024 00:00:00,27.919,28.5027,27.8218,27.8218,2.2775e+006
MBS,11/13/2024 00:00:00,27.8218,27.8218,27.1408,27.5299,2.2077e+006
MBS,11/14/2024 00:00:00,27.7245,27.7245,26.3626,26.5571,2.7031e+006
MBS,11/15/2024 00:00:00,26.3626,26.5571,25.3898,25.7789,4.4221e+006
MBS,11/18/2024 00:00:00,25.7789,27.0435,25.4871,26.7517,3.4299e+006
MBS,11/19/2024 00:00:00,26.7517,26.7517,25.9735,25.9735,1.7248e+006
MBS,11/20/2024 00:00:00,24.3197,27.0435,24.3197,26.4599,2.8826e+006
MBS,11/21/2024 00:00:00,26.4599,26.7517,26.2653,26.4599,1.4427e+006
MBS,11/22/2024 00:00:00,26.3626,26.6544,26.168,26.2653,2.2713e+006
MBS,11/25/2024 00:00:00,24.8061,26.6544,24.8061,26.4599,1.4925e+006
MBS,11/26/2024 00:00:00,26.0707,27.0435,25.5844,26.7517,2.3754e+006
MBS,11/27/2024 00:00:00,25.5844,26.9463,24.1252,26.7517,1.284e+006
MBS,11/28/2024 00:00:00,26.7517,27.2381,26.5571,26.6544,1.8721e+006
MBS,11/29/2024 00:00:00,26.6544,27.3354,26.5571,27.2381,3.8676e+006
MBS,12/2/2024 00:00:00,27.4327,27.7245,27.1408,27.5299,1.8847e+006
MBS,12/3/2024 00:00:00,27.5299,27.5299,27.0435,27.1408,2.17e+006
MBS,12/4/2024 00:00:00,27.1408,27.1408,26.4599,26.6544,3.3113e+006
MBS,12/5/2024 00:00:00,26.6544,29.281,26.168,29.1837,1.01909e+007
MBS,12/6/2024 00:00:00,29.4755,29.4755,28.7946,28.9891,3.2445e+006
MBS,12/9/2024 00:00:00,28.9891,29.1837,28.6,28.8918,4.2077e+006
MBS,12/10/2024 00:00:00,28.8918,28.9891,28.5027,28.7946,2.9703e+006
MBS,12/11/2024 00:00:00,26.7517,28.9891,26.7517,28.5027,3.5333e+006
MBS,12/12/2024 00:00:00,28.5027,28.8918,28.3082,28.3082,2.8782e+006
MBS,12/13/2024 00:00:00,28.1136,28.3082,27.8218,28.0163,3.6834e+006
MBS,12/16/2024 00:00:00,27.2381,28.2109,26.0707,28.2109,1.524e+006
MBS,12/17/2024 00:00:00,28.2109,28.3082,27.919,28.1136,1.3887e+006
MBS,12/18/2024 00:00:00,28.1136,28.2109,27.919,28.2109,1.7779e+006
MBS,12/19/2024 00:00:00,28.1136,28.2109,27.4327,28.2109,3.424e+006
MBS,12/20/2024 00:00:00,28.0163,28.0163,27.8218,27.919,1.4957e+006
MBS,12/23/2024 00:00:00,28.0163,28.3082,27.919,27.919,1.1728e+006
MBS,12/24/2024 00:00:00,27.919,28.0163,27.3354,27.5299,2.7552e+006
MBS,12/25/2024 00:00:00,27.8218,28.9891,27.5299,28.2109,4.0183e+006
MBS,12/26/2024 00:00:00,28.2109,28.4054,28.0163,28.0163,1.0224e+006
MBS,12/27/2024 00:00:00,28.0163,28.4054,27.919,28.3082,2.9851e+006
MBS,12/30/2024 00:00:00,27.919,28.6973,26.0707,28.2109,1.5558e+006
MBS,12/31/2024 00:00:00,28.2109,28.2109,27.8218,27.8218,2.0333e+006
MBS,1/2/2025 00:00:00,27.8218,28.0163,27.6272,27.7245,1.4003e+006
MBS,1/3/2025 00:00:00,25.0007,27.7245,25.0007,26.7517,3.7075e+006
MBS,1/6/2025 00:00:00,26.7517,26.9463,26.168,26.168,2.8336e+006
MBS,1/7/2025 00:00:00,26.168,26.4599,25.8762,26.0707,1.9227e+006
MBS,1/8/2025 00:00:00,26.0707,26.6544,25.8762,26.3626,2.2867e+006
MBS,1/9/2025 00:00:00,23.7361,26.3626,23.7361,25.9735,1.01e+006
MBS,1/10/2025 00:00:00,25.4871,26.2653,25.2925,25.2925,2.2293e+006
MBS,1/13/2025 00:00:00,25.2925,26.0707,23.1524,25.7789,2.2198e+006
MBS,1/14/2025 00:00:00,25.7789,26.0707,25.5844,25.8762,1.523e+006
MBS,1/15/2025 00:00:00,25.7789,26.2653,25.5844,26.2653,1.3922e+006
MBS,1/16/2025 00:00:00,26.2653,27.4327,26.2653,26.5571,2.5869e+006
MBS,1/17/2025 00:00:00,26.5571,26.7517,26.3626,26.5571,1.2577e+006
MBS,1/20/2025 00:00:00,25.5844,26.6544,25.5844,26.2653,1.6889e+006
MBS,1/21/2025 00:00:00,25.2925,26.6544,25.2925,26.2653,1.1935e+006
MBS,1/22/2025 00:00:00,26.2653,26.5571,23.9306,26.0707,1.5849e+006
MBS,1/23/2025 00:00:00,26.0707,26.9463,26.0707,26.6544,2.1339e+006
MBS,1/24/2025 00:00:00,26.0707,26.849,26.0707,26.7517,1.0522e+006
MBS,2/3/2025 00:00:00,26.2653,26.7517,26.2653,26.4599,1.5661e+006
MBS,2/4/2025 00:00:00,25.2925,27.1408,25.2925,27.0435,2.6577e+006
MBS,2/5/2025 00:00:00,25.4871,27.2381,24.417,26.9463,890200
MBS,2/6/2025 00:00:00,26.9463,27.5299,26.9463,27.0435,1.8161e+006
MBS,2/7/2025 00:00:00,27.0435,27.0435,26.7517,26.849,1.3205e+006
MBS,2/10/2025 00:00:00,26.849,27.2381,26.3626,26.9463,2.9615e+006
MBS,2/11/2025 00:00:00,26.3626,27.1408,26.2653,26.9463,1.0887e+006
MBS,2/12/2025 00:00:00,24.3197,27.3354,24.3197,26.7517,1.9088e+006
MBS,2/13/2025 00:00:00,26.2653,26.7517,26.2653,26.6544,2.0319e+006
MBS,2/14/2025 00:00:00,26.7517,27.3354,26.7517,26.7517,2.9479e+006
MBS,2/17/2025 00:00:00,26.849,27.5299,26.5571,26.9463,3.4327e+006
MBS,2/18/2025 00:00:00,27.2381,27.2381,26.9463,27.0435,1.6426e+006
MBS,2/19/2025 00:00:00,27.2381,27.6272,26.9463,27.5299,3.5853e+006
MBS,2/20/2025 00:00:00,27.6272,28.4054,27.5299,28.0163,5.8375e+006
MBS,2/21/2025 00:00:00,28.0163,28.1136,27.5299,27.7245,2.7136e+006
MBS,2/24/2025 00:00:00,27.7245,28.5027,27.5299,28.5027,4.8503e+006
MBS,2/25/2025 00:00:00,28.6,29.0864,28.4054,28.8918,7.0591e+006
MBS,2/26/2025 00:00:00,28.7946,29.5728,28.6,28.8918,6.0317e+006
MBS,2/27/2025 00:00:00,28.9891,29.0864,28.5027,29.0864,3.9929e+006
MBS,2/28/2025 00:00:00,29.0864,29.4755,28.6973,28.8918,4.6551e+006
MBS,3/3/2025 00:00:00,28.8918,29.8646,28.5027,29.3782,6.8113e+006
MBS,3/4/2025 00:00:00,28.8918,29.7673,28.7946,29.5728,5.1424e+006
MBS,3/5/2025 00:00:00,26.6544,30.0592,26.6544,28.9891,4.167e+006
MBS,3/6/2025 00:00:00,28.9891,30.4483,28.8918,30.1565,7.668e+006
MBS,3/7/2025 00:00:00,30.351,30.7401,30.1565,30.351,5.2647e+006
MBS,3/10/2025 00:00:00,30.1565,30.8374,29.7673,30.1565,4.4224e+006
MBS,3/11/2025 00:00:00,29.9619,30.4483,29.5728,30.2537,4.9959e+006
MBS,3/12/2025 00:00:00,30.2537,30.6429,30.0592,30.0592,3.2525e+006
MBS,3/13/2025 00:00:00,30.0592,30.4483,29.5728,29.7673,5.5745e+006
MBS,3/14/2025 00:00:00,26.849,29.9619,26.849,29.6701,3.0258e+006
MBS,3/17/2025 00:00:00,29.7673,29.9619,29.4755,29.8646,2.2573e+006
MBS,3/18/2025 00:00:00,29.9619,30.1565,29.5728,29.5728,2.1717e+006
MBS,3/19/2025 00:00:00,29.5728,29.9619,29.3782,29.7673,3.5217e+006
MBS,3/20/2025 00:00:00,29.5728,30.6429,29.3782,30.0592,4.3355e+006
MBS,3/21/2025 00:00:00,29.6701,30.351,29.4755,30.0592,1.9191e+006
MBS,3/24/2025 00:00:00,29.6701,30.5456,29.5728,30.5456,3.5487e+006
MBS,3/25/2025 00:00:00,30.5456,31.032,29.9619,30.2537,4.7947e+006
MBS,3/26/2025 00:00:00,30.2537,30.2537,29.4755,29.5728,3.6378e+006
MBS,3/27/2025 00:00:00,29.5728,29.6701,29.0864,29.1837,3.6058e+006
MBS,3/28/2025 00:00:00,29.1837,29.6701,28.7946,29.1837,3.5672e+006
MBS,3/31/2025 00:00:00,29.281,29.4755,28.8918,29.0864,2.7169e+006
MBS,4/1/2025 00:00:00,29.4755,29.4755,28.8918,29.281,1.6627e+006
MBS,4/2/2025 00:00:00,29.281,29.5728,29.1837,29.281,2.5251e+006
MBS,4/3/2025 00:00:00,28.7946,29.0864,26.3626,26.3626,1.16185e+007
MBS,4/4/2025 00:00:00,25.098,26.2653,23.7361,26.2653,9.4556e+006
MBS,4/8/2025 00:00:00,26.2653,26.2653,23.6388,23.6388,8.2102e+006
MBS,4/9/2025 00:00:00,21.3041,24.3197,21.3041,21.6932,8.2784e+006
MBS,4/10/2025 00:00:00,23.8333,23.8333,23.8333,23.8333,558200
MBS,4/11/2025 00:00:00,26.168,26.168,24.3197,25.5844,9.2822e+006
MBS,4/14/2025 00:00:00,25.9735,26.4599,25.3898,26.4599,6.5246e+006
MBS,4/15/2025 00:00:00,26.168,26.4599,25.1952,25.7789,4.8503e+006
MBS,4/16/2025 00:00:00,25.7789,26.5571,25.5844,25.8762,4.6748e+006
MBS,4/17/2025 00:00:00,25.8762,26.0707,25.4871,26.0707,2.2177e+006
MBS,4/18/2025 00:00:00,26.0707,27.1408,26.0707,26.2653,8.0473e+006
MBS,4/21/2025 00:00:00,26.3626,26.4599,25.4871,25.5844,4.3562e+006
MBS,4/22/2025 00:00:00,25.5844,25.9735,23.0551,25.2925,9.0183e+006
MBS,4/23/2025 00:00:00,25.2925,26.2653,25.2925,25.8762,3.5352e+006
MBS,4/24/2025 00:00:00,26.0707,26.2653,25.3898,25.8762,3.5524e+006
MBS,4/25/2025 00:00:00,25.9735,26.168,25.7789,25.8762,3.0537e+006
MBS,4/28/2025 00:00:00,25.8762,26.3626,25.7789,26.2653,2.1507e+006
MBS,4/29/2025 00:00:00,26.2653,26.3626,25.9735,26.0707,2.1517e+006
MBS,5/5/2025 00:00:00,26.0707,26.5571,25.8762,26.168,2.1579e+006
MBS,5/6/2025 00:00:00,26.2653,26.7517,25.9735,26.0707,3.4616e+006
MBS,5/7/2025 00:00:00,26.0707,26.0707,25.5844,25.8762,2.7489e+006
MBS,5/8/2025 00:00:00,25.8762,26.3626,25.6816,26.168,3.5696e+006
MBS,5/9/2025 00:00:00,26.2653,26.3626,25.7789,25.8762,2.0571e+006
MBS,5/12/2025 00:00:00,25.9735,26.168,25.6816,26.0707,2.7932e+006
MBS,5/13/2025 00:00:00,26.2653,26.849,26.168,26.3626,4.4572e+006
MBS,5/14/2025 00:00:00,26.3626,26.9463,26.0707,26.849,7.0345e+006
MBS,5/15/2025 00:00:00,26.849,27.3354,26.849,27.0435,4.5895e+006
MBS,5/16/2025 00:00:00,27.0435,27.4327,26.6544,26.7517,4.8616e+006
MBS,5/19/2025 00:00:00,27.0435,27.0435,26.2653,26.5571,3.296e+006
MBS,5/20/2025 00:00:00,26.4599,26.9463,26.3626,26.7517,3.6339e+006
MBS,5/21/2025 00:00:00,26.7517,27.0435,26.168,26.3626,3.6096e+006
MBS,5/22/2025 00:00:00,26.5571,26.7517,25.9735,26.168,5.7847e+006
MBS,5/23/2025 00:00:00,26.0707,26.2653,25.6816,25.6816,3.7314e+006
MBS,5/26/2025 00:00:00,25.6816,26.168,25.1952,26.168,3.6235e+006
MBS,5/27/2025 00:00:00,23.6388,26.4599,23.6388,26.2653,4.4926e+006
MBS,5/28/2025 00:00:00,26.3626,26.849,26.2653,26.2653,4.7e+006
MBS,5/29/2025 00:00:00,26.3626,26.5571,25.9735,26.0707,2.779e+006
MBS,5/30/2025 00:00:00,26.2653,26.849,25.8762,25.9735,4.3398e+006
MBS,6/2/2025 00:00:00,25.7789,26.3626,25.6816,26.3626,2.5336e+006
MBS,6/3/2025 00:00:00,26.6544,28.1136,26.4599,27.7245,1.46347e+007
MBS,6/4/2025 00:00:00,27.919,27.919,27.4327,27.5299,3.3327e+006
MBS,6/5/2025 00:00:00,27.6272,27.7245,27.2381,27.3354,4.3026e+006
MBS,6/6/2025 00:00:00,27.5299,27.5299,26.3626,26.3626,7.7212e+006
MBS,6/9/2025 00:00:00,26.4599,26.4599,25.8762,25.9735,3.8677e+006
MBS,6/10/2025 00:00:00,25.6816,26.2653,25.6816,25.9735,2.86971e+006
MBS,6/11/2025 00:00:00,25.6816,26.168,25.3898,25.9735,1.6264e+006
MBS,6/12/2025 00:00:00,25.9735,26.3626,25.9735,26.2653,2.4866e+006
MBS,6/13/2025 00:00:00,26.4599,26.4599,25.3898,25.6816,6.782e+006
MBS,6/16/2025 00:00:00,25.3898,26.3626,24.3197,26.3626,2.2465e+006
MBS,6/17/2025 00:00:00,26.3626,26.5571,26.0707,26.2653,2.5215e+006
MBS,6/18/2025 00:00:00,25.9735,26.4599,25.9735,26.2653,2.2789e+006
MBS,6/19/2025 00:00:00,26.2653,26.2653,25.9735,26.168,1.5235e+006
MBS,6/20/2025 00:00:00,26.168,26.5571,26.0707,26.168,1.9408e+006
MBS,6/23/2025 00:00:00,26.168,26.168,25.6816,25.9735,2.3978e+006
MBS,6/24/2025 00:00:00,26.168,26.9463,26.0707,26.5571,6.5136e+006
MBS,6/25/2025 00:00:00,26.5571,26.6544,26.2653,26.3626,3.9121e+006
MBS,6/26/2025 00:00:00,26.2653,26.3626,25.8762,26.2653,3.0454e+006
MBS,6/27/2025 00:00:00,26.2653,26.4599,25.9735,26.2653,2.6996e+006
MBS,6/30/2025 00:00:00,26.2653,26.6544,26.168,26.2653,3.2725e+006
MBS,7/1/2025 00:00:00,26.2653,26.4599,25.9735,25.9735,3.0179e+006
MBS,7/2/2025 00:00:00,26.0707,27.4327,25.8762,26.7517,7.8708e+006
MBS,7/3/2025 00:00:00,26.6544,27.3354,26.3626,26.5571,8.3095e+006
MBS,7/4/2025 00:00:00,26.5571,27.1408,26.4599,26.6544,3.8384e+006
MBS,7/7/2025 00:00:00,26.7517,27.4327,26.6544,27.2381,6.7431e+006
MBS,7/8/2025 00:00:00,27.2381,27.6272,27.0435,27.4327,6.8626e+006
MBS,7/9/2025 00:00:00,27.4327,28.6,27.4327,28.0163,1.30169e+007
MBS,7/10/2025 00:00:00,28.1136,28.3082,27.5299,27.6272,5.97e+006
MBS,7/11/2025 00:00:00,27.6272,29.1837,27.3354,28.5027,1.29482e+007
MBS,7/14/2025 00:00:00,28.6,29.4755,27.919,28.6973,8.3687e+006
MBS,7/15/2025 00:00:00,28.7946,29.7673,28.2109,28.3082,1.1334e+007
MBS,7/16/2025 00:00:00,28.3082,28.7946,28.0163,28.4054,7.0359e+006
MBS,7/17/2025 00:00:00,28.4054,28.9891,28.2109,28.4054,7.104e+006
MBS,7/18/2025 00:00:00,28.6,30.351,28.4054,29.281,1.34084e+007
MBS,7/21/2025 00:00:00,29.281,29.9619,28.6973,28.7946,5.5815e+006
MBS,7/22/2025 00:00:00,28.7946,29.5728,28.4054,29.3782,7.6572e+006
MBS,7/23/2025 00:00:00,29.3782,30.5456,29.1837,29.3782,1.04463e+007
MBS,7/24/2025 00:00:00,29.4755,29.5728,28.7946,29.1837,5.7701e+006
MBS,7/25/2025 00:00:00,29.3782,31.1293,29.0864,31.1293,1.38234e+007
MBS,7/28/2025 00:00:00,31.1293,34.2422,31.1293,34.2422,1.09262e+007
MBS,7/29/2025 00:00:00,35.215,36.5769,32.5884,32.8803,1.83704e+007
MBS,7/30/2025 00:00:00,32.6857,35.7986,32.5884,35.5068,1.12212e+007
MBS,7/31/2025 00:00:00,35.5068,36.3823,34.3395,35.4095,8.2708e+006
MBS,8/1/2025 00:00:00,35.5068,36.1878,34.0476,34.2422,1.02497e+007
MBS,8/4/2025 00:00:00,34.2422,35.1177,32.2966,34.9231,6.0204e+006
MBS,8/5/2025 00:00:00,35.215,36.966,33.0748,35.0204,1.40275e+007
MBS,8/6/2025 00:00:00,35.0204,35.6041,34.7286,35.4095,5.1714e+006
MBS,8/7/2025 00:00:00,35.7014,36.1878,35.0204,35.7986,5.5549e+006
MBS,8/8/2025 00:00:00,35.9932,36.8687,34.7286,35.1177,1.10761e+007
MBS,8/11/2025 00:00:00,35.3122,35.9932,34.6313,35.5068,7.3364e+006
MBS,8/12/2025 00:00:00,35.7014,35.9932,34.9231,35.5068,5.4006e+006
MBS,8/13/2025 00:00:00,35.5068,39.0088,35.5068,39.0088,1.82703e+007
MBS,8/14/2025 00:00:00,40.8571,42.9,39.3007,42.9,1.17277e+007
MBS,8/15/2025 00:00:00,43.4837,45.7211,40.3707,42.9,1.22012e+007
MBS,8/18/2025 00:00:00,42.9,43.581,41.3435,42.9,7.6074e+006
MBS,8/19/2025 00:00:00,45,45.9,42.3,42.6,6.8552e+006
MBS,8/20/2025 00:00:00,43.4,43.4,38.4,40.9,1.31682e+007
MBS,8/21/2025 00:00:00,40.9,42.9,40.6,40.7,5.6e+006
MBS,8/22/2025 00:00:00,41,41.5,37.7,38.1,9.9341e+006
