Ticker,Date,Open,High,Low,Close,Volume
MCH,1/6/2017 00:00:00,24.0722,24.0722,22.5827,23.9392,53837
MCH,1/9/2017 00:00:00,22.6093,23.0083,22.3433,22.8753,22410
MCH,1/10/2017 00:00:00,22.4763,22.4763,21.0133,21.6517,56670
MCH,1/11/2017 00:00:00,21.2793,21.5453,20.2154,21.2793,49520
MCH,1/12/2017 00:00:00,21.2793,22.3433,21.2793,22.3167,15987
MCH,1/13/2017 00:00:00,21.9709,22.5827,21.5985,21.5985,12333
MCH,1/16/2017 00:00:00,21.2793,21.5187,20.4813,21.2793,5400
MCH,1/17/2017 00:00:00,21.0133,21.2793,20.6143,21.0399,15250
MCH,1/18/2017 00:00:00,21.2261,21.2261,20.8803,21.1463,11137
MCH,1/19/2017 00:00:00,21.0133,21.2527,20.4813,21.2527,26545
MCH,1/20/2017 00:00:00,21.1463,21.2793,20.7473,21.2793,11300
MCH,1/23/2017 00:00:00,20.7739,21.2793,20.5877,21.2793,39100
MCH,1/24/2017 00:00:00,20.7473,21.1463,20.7473,21.1463,4000
MCH,1/25/2017 00:00:00,21.0133,21.2793,20.7473,21.2793,9700
MCH,2/2/2017 00:00:00,21.4123,22.0773,21.4123,21.8113,5208
MCH,2/3/2017 00:00:00,21.6783,21.7315,21.0665,21.2527,12617
MCH,2/6/2017 00:00:00,20.8803,21.2793,20.7473,20.8271,3010
MCH,2/7/2017 00:00:00,21.2793,21.2793,20.1622,21.0665,68435
MCH,2/8/2017 00:00:00,20.6143,20.7473,20.6143,20.7473,400
MCH,2/9/2017 00:00:00,20.4813,21.1463,20.4813,20.5877,13900
MCH,2/10/2017 00:00:00,20.4813,20.6143,20.2154,20.2154,13920
MCH,2/13/2017 00:00:00,19.976,20.0824,19.8164,19.8164,25000
MCH,2/14/2017 00:00:00,19.5504,19.9494,19.5504,19.9494,18191
MCH,2/15/2017 00:00:00,19.8164,19.8164,19.1514,19.8164,34609
MCH,2/16/2017 00:00:00,19.1514,19.6834,19.1514,19.6568,4830
MCH,2/17/2017 00:00:00,19.4706,19.6568,19.178,19.178,6958
MCH,2/20/2017 00:00:00,19.1514,19.1514,17.2894,18.6194,14495
MCH,2/21/2017 00:00:00,19.1248,19.1248,18.513,18.5396,7960
MCH,2/22/2017 00:00:00,18.6194,18.8588,18.4864,18.8322,22730
MCH,2/23/2017 00:00:00,18.8056,19.4706,18.6194,19.4174,19200
MCH,2/24/2017 00:00:00,19.3642,19.3642,18.8056,19.2844,6900
MCH,2/27/2017 00:00:00,18.7524,19.311,18.7524,19.1514,10346
MCH,2/28/2017 00:00:00,19.2844,19.3908,18.5928,18.6194,8627
MCH,3/1/2017 00:00:00,19.1514,19.2844,18.513,18.912,8740
MCH,3/2/2017 00:00:00,18.9918,19.0716,18.5662,18.5662,20921
MCH,3/3/2017 00:00:00,18.6194,18.6194,18.4864,18.4864,14742
MCH,3/6/2017 00:00:00,18.8588,18.8588,18.0874,18.0874,10240
MCH,3/7/2017 00:00:00,18.5396,18.5928,18.5396,18.5928,11100
MCH,3/8/2017 00:00:00,18.5928,18.6726,18.3534,18.6726,24130
MCH,3/9/2017 00:00:00,18.6726,18.7524,18.38,18.38,2158
MCH,3/10/2017 00:00:00,18.5396,18.5396,18.5396,18.5396,106
MCH,3/13/2017 00:00:00,18.6194,18.6194,17.9544,17.9544,13540
MCH,3/14/2017 00:00:00,18.5396,18.8854,18.1406,18.1406,12000
MCH,3/15/2017 00:00:00,18.2204,18.5662,17.8746,18.5662,15658
MCH,3/16/2017 00:00:00,18.5662,18.5662,17.7948,18.1938,23500
MCH,3/17/2017 00:00:00,18.2204,18.3534,18.0874,18.0874,5618
MCH,3/20/2017 00:00:00,18.4864,18.4864,17.9544,17.9544,30600
MCH,3/21/2017 00:00:00,18.2736,18.779,17.9278,17.9544,44150
MCH,3/22/2017 00:00:00,18.4598,18.4598,17.9544,17.9544,25300
MCH,3/23/2017 00:00:00,18.3534,18.38,17.8214,17.848,6720
MCH,3/24/2017 00:00:00,17.8214,18.2204,17.715,17.9544,13975
MCH,3/27/2017 00:00:00,17.9278,17.9278,17.0235,17.0235,34718
MCH,3/28/2017 00:00:00,17.0235,17.5288,16.4915,16.4915,60170
MCH,3/29/2017 00:00:00,16.7575,16.7575,16.3585,16.3585,14100
MCH,3/30/2017 00:00:00,16.8905,17.2894,16.7575,17.2894,82700
MCH,3/31/2017 00:00:00,17.0235,17.715,17.0235,17.715,25360
MCH,4/3/2017 00:00:00,17.9544,18.0874,17.8214,18.0874,47740
MCH,4/4/2017 00:00:00,18.0874,18.0874,17.9544,17.981,20344
MCH,4/5/2017 00:00:00,17.9544,18.0874,17.2894,17.2894,11300
MCH,4/7/2017 00:00:00,17.6884,17.6884,17.1033,17.1033,608
MCH,4/10/2017 00:00:00,16.8373,17.2628,16.8373,16.8373,7444
MCH,4/11/2017 00:00:00,17.2894,17.2894,17.0235,17.2894,54854
MCH,4/12/2017 00:00:00,17.5288,17.5554,17.0235,17.2894,41900
MCH,4/13/2017 00:00:00,17.2894,17.2894,17.1831,17.2362,10200
MCH,4/14/2017 00:00:00,17.0501,17.5288,17.0235,17.5288,17000
MCH,4/17/2017 00:00:00,17.2894,17.2894,17.0767,17.1565,6000
MCH,4/18/2017 00:00:00,17.1299,17.2628,16.7575,17.1565,9620
MCH,4/19/2017 00:00:00,16.8107,17.1565,16.7575,16.7575,14420
MCH,4/20/2017 00:00:00,16.8905,16.8905,16.7575,16.7575,5420
MCH,4/21/2017 00:00:00,16.7575,16.9969,16.6245,16.9969,6900
MCH,4/24/2017 00:00:00,16.6245,16.7575,16.6245,16.7575,3740
MCH,4/25/2017 00:00:00,16.5181,17.0501,16.5181,16.9969,2110
MCH,4/26/2017 00:00:00,16.6245,16.7841,16.6245,16.7575,7720
MCH,4/27/2017 00:00:00,16.7309,16.8905,16.7309,16.7575,15200
MCH,4/28/2017 00:00:00,16.7575,16.7575,16.5181,16.6245,6030
MCH,5/3/2017 00:00:00,16.4915,16.6511,16.3851,16.3851,7600
MCH,5/4/2017 00:00:00,16.2787,16.4649,16.2255,16.2255,8700
MCH,5/5/2017 00:00:00,16.2521,16.2521,16.2255,16.2255,5250
MCH,5/8/2017 00:00:00,16.3585,16.3585,15.9861,15.9861,1550
MCH,5/9/2017 00:00:00,16.0925,16.0925,15.8531,15.9063,13800
MCH,5/10/2017 00:00:00,15.9595,16.0659,15.8265,15.9595,5127
MCH,5/11/2017 00:00:00,15.9861,15.9861,15.7999,15.8265,4380
MCH,5/12/2017 00:00:00,16.2255,16.3319,15.8265,16.2255,26721
MCH,5/15/2017 00:00:00,16.3585,16.3585,15.9595,15.9595,6420
MCH,5/16/2017 00:00:00,16.1191,16.1191,15.7467,15.7467,700
MCH,5/17/2017 00:00:00,15.9595,15.9595,15.9595,15.9595,1430
MCH,5/18/2017 00:00:00,15.9595,16.1989,15.9595,15.9861,20503
MCH,5/19/2017 00:00:00,18.38,18.38,16.4915,16.7575,34730
MCH,5/22/2017 00:00:00,16.7575,16.8905,16.7309,16.8905,28602
MCH,5/23/2017 00:00:00,16.7841,16.9969,16.7841,16.8905,27034
MCH,5/24/2017 00:00:00,16.8373,17.2097,16.8373,17.0501,26753
MCH,5/25/2017 00:00:00,17.2628,17.5554,17.1565,17.5288,33660
MCH,5/26/2017 00:00:00,17.5554,18.2204,17.5288,18.0874,79283
MCH,5/29/2017 00:00:00,18.0874,18.1406,17.8214,17.8214,88499
MCH,5/30/2017 00:00:00,18.0608,18.1463,18.0608,18.0893,59800
MCH,5/31/2017 00:00:00,18.0893,18.0893,18.0608,18.0893,39300
MCH,6/1/2017 00:00:00,18.1178,18.2317,18.0893,18.0893,20467
MCH,6/2/2017 00:00:00,18.0893,18.1178,18.0893,18.0893,39910
MCH,6/5/2017 00:00:00,18.2317,18.2317,18.0893,18.1178,29421
MCH,6/6/2017 00:00:00,17.9469,18.3742,17.9469,18.3742,75720
MCH,6/7/2017 00:00:00,18.2317,18.5166,18.1748,18.2317,27174
MCH,6/8/2017 00:00:00,18.3742,18.3742,17.9184,17.9184,7300
MCH,6/9/2017 00:00:00,18.2317,18.2317,17.662,17.8044,15800
MCH,6/12/2017 00:00:00,17.662,17.662,17.5481,17.5481,19850
MCH,6/13/2017 00:00:00,17.5481,17.5481,17.0923,17.1492,14650
MCH,6/14/2017 00:00:00,17.0923,17.3771,17.0353,17.0353,17700
MCH,6/15/2017 00:00:00,17.0353,17.0353,16.8929,16.8929,10150
MCH,6/16/2017 00:00:00,17.0638,17.0638,17.0638,17.0638,3250
MCH,6/19/2017 00:00:00,16.8074,16.8644,16.8074,16.8074,3414
MCH,6/20/2017 00:00:00,17.0638,17.0923,16.8074,16.8074,3100
MCH,6/21/2017 00:00:00,16.7504,16.7504,16.7504,16.7504,1243
MCH,6/22/2017 00:00:00,16.6934,16.7504,16.6934,16.7504,2802
MCH,6/23/2017 00:00:00,16.608,16.608,16.2376,16.2376,12850
MCH,6/26/2017 00:00:00,16.2376,16.2376,15.9528,15.9528,4521
MCH,6/27/2017 00:00:00,15.9528,16.0952,15.6679,15.8958,16020
MCH,6/28/2017 00:00:00,16.4655,16.4655,16.2376,16.2376,8984
MCH,6/29/2017 00:00:00,16.3801,16.8074,16.3801,16.5225,7000
MCH,6/30/2017 00:00:00,16.8074,17.0923,16.665,16.665,13650
MCH,7/3/2017 00:00:00,16.551,17.1777,16.5225,17.1777,14550
MCH,7/4/2017 00:00:00,17.0923,17.2347,16.7504,16.9783,9780
MCH,7/5/2017 00:00:00,16.551,17.0923,16.551,17.0923,650
MCH,7/6/2017 00:00:00,16.665,17.0923,16.665,17.0353,28800
MCH,7/7/2017 00:00:00,17.0068,17.0068,17.0068,17.0068,6050
MCH,7/10/2017 00:00:00,16.8929,16.8929,16.551,16.551,3650
MCH,7/11/2017 00:00:00,16.7504,16.7504,16.5225,16.5225,900
MCH,7/13/2017 00:00:00,16.7219,16.7219,15.9528,15.9528,300
MCH,7/14/2017 00:00:00,16.2376,16.2376,15.9813,15.9813,5800
MCH,7/17/2017 00:00:00,16.0952,16.0952,15.8958,15.8958,8920
MCH,7/18/2017 00:00:00,16.2376,16.2376,15.9528,15.9528,3700
MCH,7/19/2017 00:00:00,15.8388,16.3801,15.6679,16.3801,32562
MCH,7/20/2017 00:00:00,15.6679,15.9528,15.6679,15.8103,15050
MCH,7/21/2017 00:00:00,15.7534,15.7534,15.6679,15.6679,2605
MCH,7/24/2017 00:00:00,15.5255,15.5255,14.9557,15.0127,6500
MCH,7/25/2017 00:00:00,15.0982,15.1551,15.0982,15.1551,1500
MCH,7/26/2017 00:00:00,15.1836,15.1836,15.1551,15.1836,3220
MCH,7/27/2017 00:00:00,15.8958,17.0923,15.8958,17.0923,16100
MCH,7/28/2017 00:00:00,17.0353,17.0923,16.9783,16.9783,3800
MCH,7/31/2017 00:00:00,16.2376,16.9213,15.9528,16.9213,3900
MCH,8/1/2017 00:00:00,16.2376,16.9498,16.2376,16.8074,8800
MCH,8/2/2017 00:00:00,16.4371,16.4371,16.4371,16.4371,3000
MCH,8/3/2017 00:00:00,16.0952,16.2376,16.0952,16.2376,450
MCH,8/4/2017 00:00:00,16.1237,16.1522,16.0952,16.0952,1900
MCH,8/7/2017 00:00:00,16.0667,16.5225,15.9528,16.5225,18210
MCH,8/8/2017 00:00:00,16.0952,16.0952,16.0952,16.0952,1800
MCH,8/9/2017 00:00:00,16.1237,16.2946,16.1237,16.2946,720
MCH,8/10/2017 00:00:00,16.2376,16.2376,15.9528,15.9528,6100
MCH,8/11/2017 00:00:00,15.9528,15.9528,15.9528,15.9528,1200
MCH,8/14/2017 00:00:00,15.9243,15.9243,15.4685,15.5255,2515
MCH,8/15/2017 00:00:00,15.6109,15.6109,15.383,15.5255,700
MCH,8/16/2017 00:00:00,15.44,15.6679,15.44,15.6679,3853
MCH,8/17/2017 00:00:00,15.6679,15.9243,15.6679,15.9243,6679
MCH,8/18/2017 00:00:00,15.6679,15.9813,15.6679,15.8103,5710
MCH,8/21/2017 00:00:00,15.6679,15.6679,15.497,15.6679,10375
MCH,8/22/2017 00:00:00,15.6394,15.6679,15.6109,15.6109,3033
MCH,8/23/2017 00:00:00,15.5824,15.5824,15.383,15.383,3110
MCH,8/24/2017 00:00:00,15.383,15.497,15.2691,15.3545,8683
MCH,8/25/2017 00:00:00,15.3261,15.3261,15.2406,15.2406,4337
MCH,8/28/2017 00:00:00,15.2691,15.2976,14.9557,14.9557,11373
MCH,8/29/2017 00:00:00,14.8988,15.1836,14.8418,14.8418,5730
MCH,8/30/2017 00:00:00,14.9272,15.0982,14.9272,15.0412,2312
MCH,8/31/2017 00:00:00,15.0982,16.9498,14.9842,16.5225,20441
MCH,9/1/2017 00:00:00,15.8673,16.0952,15.8673,15.9528,1910
MCH,9/5/2017 00:00:00,15.9813,15.9813,15.9813,15.9813,25
MCH,9/6/2017 00:00:00,14.9842,15.383,14.9842,15.383,490
MCH,9/7/2017 00:00:00,15.0982,15.383,15.0412,15.2691,6680
MCH,9/8/2017 00:00:00,15.2691,15.3261,15.1836,15.2691,5681
MCH,9/11/2017 00:00:00,15.1551,15.383,15.1551,15.2976,8199
MCH,9/12/2017 00:00:00,15.383,15.44,15.2691,15.383,11000
MCH,9/13/2017 00:00:00,15.2691,15.383,15.2406,15.383,16442
MCH,9/14/2017 00:00:00,15.2976,15.5824,15.2976,15.383,10040
MCH,9/15/2017 00:00:00,15.4115,15.4115,15.4115,15.4115,1170
MCH,9/18/2017 00:00:00,15.2976,15.2976,15.0982,15.2406,8453
MCH,9/19/2017 00:00:00,15.0982,15.0982,15.0127,15.0982,3067
MCH,9/20/2017 00:00:00,15.0697,15.0982,15.0412,15.0982,8341
MCH,9/21/2017 00:00:00,15.0697,15.0697,15.0127,15.0697,4700
MCH,9/22/2017 00:00:00,15.383,15.383,15.0982,15.0982,8676
MCH,9/25/2017 00:00:00,15.0982,15.0982,15.0697,15.0982,11150
MCH,9/26/2017 00:00:00,15.1836,15.1836,14.8133,14.8703,8673
MCH,9/27/2017 00:00:00,15.0697,15.0697,14.8703,14.8703,7680
MCH,9/28/2017 00:00:00,15.0697,15.0697,14.8418,14.9842,8610
MCH,9/29/2017 00:00:00,15.0697,15.0982,15.0697,15.0982,13700
MCH,10/2/2017 00:00:00,15.0982,15.5255,14.9557,15.383,24342
MCH,10/3/2017 00:00:00,15.0982,15.0982,15.0412,15.0697,6470
MCH,10/4/2017 00:00:00,15.0982,15.383,15.0982,15.383,20350
MCH,10/5/2017 00:00:00,15.383,15.6679,15.383,15.6394,41456
MCH,10/6/2017 00:00:00,15.2691,15.6964,15.2691,15.6679,10881
MCH,10/9/2017 00:00:00,15.6394,15.6394,15.383,15.4115,2455
MCH,10/10/2017 00:00:00,15.2406,15.4115,15.2406,15.4115,2800
MCH,10/11/2017 00:00:00,15.4115,15.5255,15.3261,15.44,6565
MCH,10/12/2017 00:00:00,15.4115,15.9528,15.0982,15.9528,26990
MCH,10/13/2017 00:00:00,15.6679,15.9528,15.6679,15.9528,12370
MCH,10/16/2017 00:00:00,15.9528,15.9528,15.6679,15.9528,7533
MCH,10/17/2017 00:00:00,15.6679,15.9528,15.6679,15.8103,9074
MCH,10/18/2017 00:00:00,15.8103,15.9528,15.8103,15.8103,8357
MCH,10/19/2017 00:00:00,15.497,15.8103,15.497,15.8103,301
MCH,10/20/2017 00:00:00,15.383,15.7819,15.383,15.6679,610
MCH,10/23/2017 00:00:00,15.6109,15.9528,15.4685,15.8958,26121
MCH,10/24/2017 00:00:00,15.554,15.554,15.5255,15.5255,1891
MCH,10/25/2017 00:00:00,15.5255,15.5255,15.4115,15.4115,3770
MCH,10/26/2017 00:00:00,15.6679,15.6679,15.383,15.44,5503
MCH,10/27/2017 00:00:00,15.44,15.44,15.2406,15.2406,24766
MCH,10/30/2017 00:00:00,15.4115,15.9528,15.383,15.6679,26554
MCH,10/31/2017 00:00:00,15.5824,15.6964,15.5824,15.6679,28640
MCH,11/1/2017 00:00:00,15.5255,16.0098,15.5255,15.9528,54063
MCH,11/2/2017 00:00:00,16.0952,17.0923,15.9528,16.8074,271120
MCH,11/3/2017 00:00:00,16.8074,16.8074,16.4371,16.8074,42170
MCH,11/6/2017 00:00:00,16.5795,16.665,16.494,16.494,13600
MCH,11/7/2017 00:00:00,16.4371,16.5225,16.4371,16.5225,18050
MCH,11/8/2017 00:00:00,16.4655,17.1492,16.4655,16.8074,38930
MCH,11/9/2017 00:00:00,16.8074,16.9213,16.665,16.9213,6717
MCH,11/10/2017 00:00:00,16.5225,16.551,16.494,16.494,9101
MCH,11/13/2017 00:00:00,16.5225,16.7219,16.4371,16.6934,370112
MCH,11/14/2017 00:00:00,16.551,17.0923,16.551,16.9498,436911
MCH,11/15/2017 00:00:00,16.9498,17.0638,16.8359,16.8359,26640
MCH,11/16/2017 00:00:00,16.8074,16.9498,16.5225,16.5225,22880
MCH,11/17/2017 00:00:00,16.6934,16.9213,16.551,16.665,27700
MCH,11/20/2017 00:00:00,16.665,16.665,16.5795,16.5795,26272
MCH,11/21/2017 00:00:00,16.5795,16.9498,16.5795,16.9213,11240
MCH,11/22/2017 00:00:00,16.5795,16.8074,16.5795,16.5795,12556
MCH,11/23/2017 00:00:00,16.9498,16.9498,16.7219,16.7219,10020
MCH,11/24/2017 00:00:00,16.6365,16.6365,16.5795,16.5795,14200
MCH,11/27/2017 00:00:00,16.608,17.662,16.608,17.3771,131327
MCH,11/28/2017 00:00:00,17.3771,17.4341,17.1777,17.1777,29321
MCH,11/29/2017 00:00:00,17.3202,17.3771,17.2347,17.2347,18362
MCH,11/30/2017 00:00:00,17.3486,18.5166,17.3486,18.5166,88965
MCH,12/1/2017 00:00:00,18.5166,18.5451,18.2317,18.4027,27821
MCH,12/4/2017 00:00:00,18.2317,18.5166,18.0893,18.2317,20397
MCH,12/5/2017 00:00:00,18.2317,18.3742,18.1463,18.2317,42742
MCH,12/6/2017 00:00:00,18.0893,18.5166,18.0893,18.2317,37395
MCH,12/7/2017 00:00:00,18.2602,19.0579,18.2602,18.9724,131617
MCH,12/8/2017 00:00:00,18.6875,19.7985,18.6875,19.7985,44574
MCH,12/11/2017 00:00:00,19.6561,19.7416,19.3427,19.6561,41638
MCH,12/12/2017 00:00:00,19.6561,19.9979,19.5991,19.8555,111286
MCH,12/13/2017 00:00:00,19.9125,20.4822,19.9125,20.3968,29862
MCH,12/14/2017 00:00:00,20.3113,21.2229,20.2258,20.938,79772
MCH,12/15/2017 00:00:00,21.3653,21.6502,20.938,21.0805,62617
MCH,12/18/2017 00:00:00,21.1374,21.1659,20.5107,20.5677,35007
MCH,12/19/2017 00:00:00,20.4822,20.7956,20.3968,20.5107,24157
MCH,12/20/2017 00:00:00,20.5107,20.5107,20.3968,20.3968,19473
MCH,12/21/2017 00:00:00,20.5107,20.6532,20.5107,20.5107,12636
MCH,12/22/2017 00:00:00,20.5677,20.938,20.5392,20.5392,13152
MCH,12/25/2017 00:00:00,20.7386,20.7386,19.7985,20.2258,7643
MCH,12/26/2017 00:00:00,20.5107,20.7956,20.2258,20.2258,10705
MCH,12/27/2017 00:00:00,20.5107,20.5107,19.7985,19.7985,39930
MCH,12/28/2017 00:00:00,19.9979,19.9979,19.7131,19.7131,16988
MCH,12/29/2017 00:00:00,19.6561,19.6561,19.5706,19.5706,30948
MCH,1/2/2018 00:00:00,19.6561,20.2258,19.5706,19.941,19225
MCH,1/3/2018 00:00:00,19.941,20.5107,19.941,20.5107,34810
MCH,1/4/2018 00:00:00,20.2258,21.3653,20.2258,21.1659,72890
MCH,1/5/2018 00:00:00,21.0805,21.992,20.938,21.6502,92966
MCH,1/8/2018 00:00:00,21.6502,22.5333,21.6502,22.5048,45998
MCH,1/9/2018 00:00:00,22.5048,22.5048,22.0775,22.2199,34100
MCH,1/10/2018 00:00:00,22.2199,22.3624,19.941,21.6502,55041
MCH,1/11/2018 00:00:00,21.3653,21.9351,21.3653,21.7926,51566
MCH,1/12/2018 00:00:00,21.6502,22.0775,21.6502,21.9351,37203
MCH,1/15/2018 00:00:00,21.9351,22.3624,21.8496,22.2769,50803
MCH,1/16/2018 00:00:00,22.2199,22.4763,22.106,22.2769,74092
MCH,1/17/2018 00:00:00,22.3624,22.6757,22.0775,22.2199,106627
MCH,1/18/2018 00:00:00,22.2199,22.3624,22.106,22.3624,51492
MCH,1/19/2018 00:00:00,22.3624,22.5048,22.2199,22.3624,23737
MCH,1/22/2018 00:00:00,22.0775,22.3339,21.3653,21.4508,27870
MCH,1/23/2018 00:00:00,21.992,22.5048,21.4508,22.2199,54242
MCH,1/24/2018 00:00:00,22.4763,23.6443,22.2199,23.16,116787
MCH,1/25/2018 00:00:00,22.7897,23.0746,22.3054,22.3054,38291
MCH,1/26/2018 00:00:00,22.3624,22.7897,22.3054,22.3909,21803
MCH,1/29/2018 00:00:00,22.3909,22.5048,21.6502,22.2199,82719
MCH,1/30/2018 00:00:00,22.5048,22.5048,22.2199,22.2484,45648
MCH,1/31/2018 00:00:00,22.5048,22.5903,22.2769,22.2769,57133
MCH,2/1/2018 00:00:00,22.2769,22.4763,21.9636,22.3339,10696
MCH,2/2/2018 00:00:00,22.2199,22.2199,21.6502,21.9351,74308
MCH,2/5/2018 00:00:00,21.7357,22.0775,20.7956,20.7956,90344
MCH,2/6/2018 00:00:00,19.941,22.7897,18.3172,22.7897,106523
MCH,2/7/2018 00:00:00,22.2199,22.2199,21.7926,21.7926,23281
MCH,2/8/2018 00:00:00,21.7926,21.9351,21.7926,21.7926,16469
MCH,2/9/2018 00:00:00,21.3653,21.7926,20.3968,21.3653,124020
MCH,2/12/2018 00:00:00,21.3653,21.6502,21.3653,21.3653,8703
MCH,2/13/2018 00:00:00,21.3938,22.0775,21.3938,22.0775,5260
MCH,2/21/2018 00:00:00,21.6502,22.5618,21.5932,22.3909,48803
MCH,2/22/2018 00:00:00,22.2199,22.3909,22.2199,22.3909,21510
MCH,2/23/2018 00:00:00,22.2199,22.3624,22.2199,22.3054,12300
MCH,2/26/2018 00:00:00,22.3339,22.9891,22.3339,22.7897,66464
MCH,2/27/2018 00:00:00,22.2199,22.8467,22.2199,22.8467,17353
MCH,2/28/2018 00:00:00,22.6472,22.7897,22.6472,22.7897,31182
MCH,3/1/2018 00:00:00,22.7897,23.0746,22.7327,23.0746,26523
MCH,3/2/2018 00:00:00,22.6472,23.3309,22.6472,23.0746,28729
MCH,3/5/2018 00:00:00,22.6472,23.217,22.6472,23.217,14751
MCH,3/6/2018 00:00:00,22.7897,23.3309,22.7897,23.217,18946
MCH,3/7/2018 00:00:00,22.9606,23.3594,22.9606,23.0176,8247
MCH,3/8/2018 00:00:00,22.7897,23.8722,22.7897,23.8722,22891
MCH,3/9/2018 00:00:00,23.9292,24.7268,23.6443,24.7268,50410
MCH,3/12/2018 00:00:00,24.4989,25.496,24.4989,25.4105,72076
MCH,3/13/2018 00:00:00,25.1541,25.3535,25.0687,25.2965,31672
MCH,3/14/2018 00:00:00,25.1256,25.6384,25.0971,25.6384,58540
MCH,3/15/2018 00:00:00,25.2111,25.6384,25.2111,25.496,47605
MCH,3/16/2018 00:00:00,26.1227,26.3506,26.1227,26.1227,107903
MCH,3/19/2018 00:00:00,26.2081,27.0627,26.2081,26.9203,43067
MCH,3/20/2018 00:00:00,26.7209,28.2022,26.7209,28.2022,47528
MCH,3/21/2018 00:00:00,28.0598,28.0598,27.3476,27.3476,19024
MCH,3/22/2018 00:00:00,27.0912,27.0912,26.493,26.7779,36587
MCH,3/23/2018 00:00:00,26.7779,26.9488,26.2366,26.9488,55354
MCH,3/26/2018 00:00:00,26.7209,27.9174,26.7209,27.9174,38641
MCH,3/27/2018 00:00:00,27.6325,27.9174,27.6325,27.8889,21532
MCH,3/28/2018 00:00:00,27.9174,27.9174,27.6325,27.8604,9842
MCH,3/29/2018 00:00:00,27.3476,27.3476,27.3476,27.3476,8241
MCH,3/30/2018 00:00:00,27.3476,27.547,27.3476,27.4046,15300
MCH,4/2/2018 00:00:00,26.4075,27.3476,26.4075,27.3476,17900
MCH,4/3/2018 00:00:00,27.0627,27.3476,26.9203,27.3191,18000
MCH,4/4/2018 00:00:00,27.0627,27.3476,27.0627,27.0627,7900
MCH,4/5/2018 00:00:00,27.0627,27.661,26.3791,27.3476,37500
MCH,4/6/2018 00:00:00,27.3761,27.6325,27.3476,27.5755,15400
MCH,4/9/2018 00:00:00,27.3476,27.3761,27.3476,27.3476,24000
MCH,4/10/2018 00:00:00,27.0343,27.3476,27.0343,27.3476,39600
MCH,4/11/2018 00:00:00,27.0627,27.3476,27.0627,27.3476,27500
MCH,4/12/2018 00:00:00,26.5785,27.3476,26.5785,27.3476,21200
MCH,4/13/2018 00:00:00,27.3476,27.4046,27.3476,27.4046,57100
MCH,4/16/2018 00:00:00,27.4331,29.0568,27.3476,28.772,73700
MCH,4/17/2018 00:00:00,28.4871,29.826,28.4871,29.4842,40000
MCH,4/18/2018 00:00:00,29.9115,29.9115,29.2278,29.6266,100800
MCH,4/19/2018 00:00:00,29.0568,29.0568,27.9174,29.0568,128500
MCH,4/20/2018 00:00:00,29.0568,29.6266,28.772,29.5411,71300
MCH,4/23/2018 00:00:00,28.772,30.1678,28.772,30.1678,115700
MCH,4/24/2018 00:00:00,29.6266,30.3388,29.6266,30.3388,93600
MCH,4/26/2018 00:00:00,30.1963,30.3388,29.2847,29.9115,52500
MCH,4/27/2018 00:00:00,29.769,32.048,29.5696,32.048,50700
MCH,5/2/2018 00:00:00,31.1649,31.1649,29.3417,30.7661,11000
MCH,5/3/2018 00:00:00,29.3417,31.8771,28.1168,31.8771,105400
MCH,5/4/2018 00:00:00,30.4812,32.7602,30.1963,31.7916,171700
MCH,5/7/2018 00:00:00,31.9056,31.9056,30.7661,30.7661,3500
MCH,5/8/2018 00:00:00,29.9115,32.7602,29.9115,31.9056,116300
MCH,5/9/2018 00:00:00,32.1619,32.1619,31.3358,32.048,10300
MCH,5/10/2018 00:00:00,31.934,31.934,31.0794,31.0794,800
MCH,5/11/2018 00:00:00,30.7661,31.0509,30.4812,30.4812,5200
MCH,5/14/2018 00:00:00,29.0568,29.9115,28.4871,29.9115,14200
MCH,5/15/2018 00:00:00,31.9056,31.9056,29.0568,29.0568,7200
MCH,5/16/2018 00:00:00,29.3702,29.3702,29.3702,29.3702,100
MCH,5/17/2018 00:00:00,27.3476,28.772,27.3476,28.772,1100
MCH,5/18/2018 00:00:00,30.1963,30.1963,27.4901,27.4901,5100
MCH,5/21/2018 00:00:00,27.4901,27.4901,26.493,26.7779,6800
MCH,5/22/2018 00:00:00,27.3476,28.4871,27.1197,27.9174,26200
MCH,5/23/2018 00:00:00,27.8034,28.2022,27.4901,28.1737,2300
MCH,5/24/2018 00:00:00,27.9174,28.4871,26.2081,28.4871,300
MCH,5/25/2018 00:00:00,27.3476,27.3476,27.0627,27.0912,600
MCH,5/28/2018 00:00:00,27.0627,27.0627,25.0687,25.0687,1800
MCH,5/29/2018 00:00:00,26.2081,26.2081,25.6384,26.2081,4700
MCH,5/30/2018 00:00:00,25.6384,28.2022,25.1541,28.0598,6400
MCH,5/31/2018 00:00:00,29.0568,29.0568,29.0284,29.0284,600
MCH,6/1/2018 00:00:00,27.0627,28.4871,27.0627,28.4871,1100
MCH,6/4/2018 00:00:00,29.0568,29.0568,28.2022,28.2022,700
MCH,6/5/2018 00:00:00,25.6384,27.6325,25.6384,27.6325,5300
MCH,6/6/2018 00:00:00,27.3761,27.7749,26.5215,27.7749,9300
MCH,6/7/2018 00:00:00,28.0598,28.0598,27.0912,27.0912,7100
MCH,6/8/2018 00:00:00,28.4871,29.3417,27.1482,28.1168,5200
MCH,6/11/2018 00:00:00,29.3417,29.3417,27.6325,27.6325,3800
MCH,6/12/2018 00:00:00,28.4871,28.4871,27.0627,28.4871,9200
MCH,6/13/2018 00:00:00,28.4586,28.4586,27.3761,28.2022,2700
MCH,6/14/2018 00:00:00,28.1737,28.1737,27.3476,27.3476,5800
MCH,6/15/2018 00:00:00,29.5817,29.5817,29.5817,29.5817,100
MCH,6/18/2018 00:00:00,29.5817,29.5817,28.9841,28.9841,5700
MCH,6/19/2018 00:00:00,30.7769,30.7769,25.996,29.7311,8800
MCH,6/20/2018 00:00:00,28.3865,29.5817,28.3865,29.5817,200
MCH,6/21/2018 00:00:00,28.3865,28.4164,26.8924,28.3865,6000
MCH,6/25/2018 00:00:00,26.9522,27.0418,26.9522,26.9522,8700
MCH,6/26/2018 00:00:00,28.506,28.506,27.1614,27.1614,7100
MCH,6/27/2018 00:00:00,27.1614,28.0877,27.1614,27.1614,24000
MCH,6/28/2018 00:00:00,28.3865,28.3865,27.1614,27.1614,27600
MCH,6/29/2018 00:00:00,28.2371,28.2371,26.8924,26.8924,112200
MCH,7/2/2018 00:00:00,27.759,27.759,26.2948,26.8924,50000
MCH,7/3/2018 00:00:00,26.8924,26.8924,26.8924,26.8924,157500
MCH,7/4/2018 00:00:00,26.6833,27.3108,26.6833,26.8924,180000
MCH,7/5/2018 00:00:00,26.8924,26.8924,26.6833,26.6833,76800
MCH,7/6/2018 00:00:00,26.3247,26.8626,26.2351,26.8626,82500
MCH,7/9/2018 00:00:00,26.3247,26.3247,26.3247,26.3247,300
MCH,7/10/2018 00:00:00,26.3247,26.3845,26.3247,26.3845,300
MCH,7/11/2018 00:00:00,26.3546,26.3546,26.2948,26.2948,150000
MCH,7/12/2018 00:00:00,26.8924,26.8924,26.3247,26.3247,86100
MCH,7/13/2018 00:00:00,27.5797,27.5797,26.3247,26.3247,55000
MCH,7/16/2018 00:00:00,26.3546,26.3845,26.3546,26.3845,5600
MCH,7/17/2018 00:00:00,26.2948,26.8924,26.2948,26.8924,3200
MCH,7/18/2018 00:00:00,26.8924,26.8924,26.3247,26.3546,9700
MCH,7/20/2018 00:00:00,27.1614,27.1912,27.1614,27.1912,1000
MCH,7/23/2018 00:00:00,27.1614,27.251,27.1614,27.1912,21900
MCH,7/24/2018 00:00:00,27.1912,27.4901,27.1912,27.4901,5200
MCH,7/25/2018 00:00:00,27.4901,27.7889,27.3705,27.7889,16800
MCH,7/26/2018 00:00:00,27.4901,27.4901,27.4004,27.4004,1900
MCH,7/27/2018 00:00:00,27.4901,27.4901,27.4901,27.4901,11000
MCH,7/30/2018 00:00:00,27.7889,27.7889,27.7889,27.7889,20600
MCH,8/1/2018 00:00:00,27.8187,27.8187,27.7889,27.7889,1400
MCH,8/2/2018 00:00:00,27.4901,27.7889,27.4901,27.7889,1800
MCH,8/3/2018 00:00:00,27.5199,28.3865,27.5199,28.3865,18100
MCH,8/7/2018 00:00:00,27.8187,28.2371,27.8187,28.2371,2700
MCH,8/8/2018 00:00:00,28.3865,28.6853,28.3865,28.6853,4600
MCH,8/9/2018 00:00:00,29.253,29.5817,29.253,29.2829,20400
MCH,8/10/2018 00:00:00,29.2829,29.2829,29.2829,29.2829,1900
MCH,8/13/2018 00:00:00,29.2829,33.4662,29.2829,30.7769,3300
MCH,8/14/2018 00:00:00,30.4781,30.4781,29.5518,29.5817,14900
MCH,8/15/2018 00:00:00,29.5817,29.6116,29.5817,29.6116,34400
MCH,8/16/2018 00:00:00,29.5817,29.5817,29.2829,29.4323,13400
MCH,8/17/2018 00:00:00,29.2829,29.3725,29.2829,29.2829,4900
MCH,8/20/2018 00:00:00,28.9542,28.9841,28.9542,28.9542,17900
MCH,8/21/2018 00:00:00,28.8347,28.9841,28.8347,28.9542,3700
MCH,8/22/2018 00:00:00,28.8347,29.3128,28.8347,29.3128,13200
MCH,8/23/2018 00:00:00,29.2829,29.2829,28.9841,29.1335,43100
MCH,8/24/2018 00:00:00,28.9841,29.5817,28.9841,29.5817,52700
MCH,8/27/2018 00:00:00,33.1823,33.3197,30.8809,30.9152,5300
MCH,8/28/2018 00:00:00,32.5297,32.5297,28.7855,29.5412,3700
MCH,8/29/2018 00:00:00,29.8847,30.2282,29.5412,29.8847,8300
MCH,8/30/2018 00:00:00,29.8847,30.4,29.5412,30.2969,16200
MCH,8/31/2018 00:00:00,30.2282,30.9152,30.2282,30.3313,3000
MCH,9/4/2018 00:00:00,30.2969,30.8465,30.2969,30.4,7300
MCH,9/5/2018 00:00:00,30.4,30.4,30.3656,30.4,8800
MCH,9/6/2018 00:00:00,30.2282,30.4687,30.2282,30.4343,10000
MCH,9/7/2018 00:00:00,30.4343,30.503,30.4343,30.4343,6000
MCH,9/10/2018 00:00:00,30.4343,30.4343,30.4,30.4,18000
MCH,9/11/2018 00:00:00,30.2282,30.4,30.2282,30.4,8100
MCH,9/12/2018 00:00:00,30.2282,30.4,30.2282,30.4,6300
MCH,9/13/2018 00:00:00,30.2282,30.4343,30.2282,30.4343,1700
MCH,9/14/2018 00:00:00,30.4,30.4,30.4,30.4,7600
MCH,9/17/2018 00:00:00,29.8847,30.2282,29.8847,30.2282,600
MCH,9/18/2018 00:00:00,30.1595,30.2282,30.1595,30.2282,3800
MCH,9/19/2018 00:00:00,30.2282,30.2282,30.2282,30.2282,5900
MCH,9/20/2018 00:00:00,30.2282,30.5717,30.2282,30.2282,5700
MCH,9/21/2018 00:00:00,30.2282,30.4,30.2282,30.4,10600
MCH,9/24/2018 00:00:00,30.5374,30.5374,30.4,30.4,4600
MCH,9/25/2018 00:00:00,30.4,30.5717,30.4,30.5717,5800
MCH,9/26/2018 00:00:00,30.2282,30.9152,30.2282,30.9152,21300
MCH,9/27/2018 00:00:00,30.4,30.7435,30.4,30.4343,7500
MCH,9/28/2018 00:00:00,30.9152,30.9152,30.8465,30.9152,7600
MCH,10/1/2018 00:00:00,30.4343,31.087,30.4343,30.9496,24300
MCH,10/2/2018 00:00:00,31.087,31.087,30.9496,30.9496,400
MCH,10/3/2018 00:00:00,30.9152,31.087,30.9152,31.087,5500
MCH,10/4/2018 00:00:00,31.087,31.087,30.9152,30.9496,21100
MCH,10/5/2018 00:00:00,30.9839,31.087,30.9152,30.9152,8900
MCH,10/8/2018 00:00:00,30.9152,30.9152,29.8847,30.9152,6900
MCH,10/9/2018 00:00:00,30.6748,30.6748,30.6748,30.6748,100
MCH,10/10/2018 00:00:00,30.9152,30.9152,30.2969,30.3313,7900
MCH,10/11/2018 00:00:00,30.7778,30.7778,30.6748,30.6748,3300
MCH,10/12/2018 00:00:00,29.5412,29.5412,29.5412,29.5412,100
MCH,10/15/2018 00:00:00,29.5412,29.8847,29.5412,29.5412,7400
MCH,10/16/2018 00:00:00,29.5756,29.5756,29.5412,29.5756,2400
MCH,10/17/2018 00:00:00,29.6443,29.6443,29.5756,29.5756,1100
MCH,10/18/2018 00:00:00,29.8504,29.8504,29.8504,29.8504,400
MCH,10/19/2018 00:00:00,29.1977,29.1977,29.1977,29.1977,10000
MCH,10/22/2018 00:00:00,29.1977,29.2321,29.1977,29.2321,1100
MCH,10/23/2018 00:00:00,28.1672,29.5412,28.1672,28.1672,2800
MCH,10/24/2018 00:00:00,29.1977,29.1977,28.5107,29.1977,3100
MCH,10/25/2018 00:00:00,29.129,29.129,27.5146,28.8542,700
MCH,10/26/2018 00:00:00,28.7855,29.026,28.5451,28.6481,2000
MCH,10/29/2018 00:00:00,28.5107,28.8199,28.5107,28.5107,1700
MCH,10/30/2018 00:00:00,28.5451,29.5412,28.5451,29.5412,18000
MCH,10/31/2018 00:00:00,25.7627,29.8847,25.7627,29.026,4000
MCH,11/1/2018 00:00:00,28.8542,29.1977,28.8542,28.8542,4100
MCH,11/2/2018 00:00:00,29.1977,29.1977,29.1977,29.1977,100
MCH,11/5/2018 00:00:00,30.5717,30.5717,29.1977,29.1977,11300
MCH,11/6/2018 00:00:00,29.2664,29.713,29.2664,29.5412,13600
MCH,11/7/2018 00:00:00,29.026,29.6443,29.026,29.5412,6200
MCH,11/8/2018 00:00:00,29.5412,29.8847,29.5412,29.8847,2800
MCH,11/9/2018 00:00:00,29.5412,29.5412,29.5412,29.5412,2000
MCH,11/12/2018 00:00:00,29.5412,30.2282,29.5412,30.2282,26400
MCH,11/13/2018 00:00:00,30.4,30.9152,29.8847,30.9152,14500
MCH,11/14/2018 00:00:00,30.7435,30.9152,30.7435,30.9152,43600
MCH,11/15/2018 00:00:00,30.5717,31.6022,30.5717,31.2587,20700
MCH,11/16/2018 00:00:00,31.1557,32.1175,31.1557,32.0144,40100
MCH,11/19/2018 00:00:00,31.6022,32.1175,31.6022,32.1175,43600
MCH,11/20/2018 00:00:00,31.9457,31.9457,31.774,31.9457,44400
MCH,11/21/2018 00:00:00,31.877,32.2549,31.877,32.2549,7600
MCH,11/22/2018 00:00:00,31.9457,31.9457,31.8083,31.8083,28600
MCH,11/23/2018 00:00:00,32.2549,32.2549,30.9496,30.9839,2900
MCH,11/26/2018 00:00:00,31.877,31.877,31.877,31.877,100
MCH,11/27/2018 00:00:00,30.6404,31.6022,30.6404,31.6022,5000
MCH,11/28/2018 00:00:00,31.2587,31.3961,31.2587,31.3961,4500
MCH,11/29/2018 00:00:00,31.3618,32.1175,31.087,32.1175,30600
MCH,11/30/2018 00:00:00,31.6022,31.6022,31.6022,31.6022,9100
MCH,12/3/2018 00:00:00,31.5335,32.1175,31.4992,32.1175,15600
MCH,12/4/2018 00:00:00,31.9457,32.9762,31.9457,32.9762,48100
MCH,12/5/2018 00:00:00,32.1175,32.2892,32.1175,32.2892,5900
MCH,12/6/2018 00:00:00,32.1175,32.6327,32.1175,32.5984,75400
MCH,12/7/2018 00:00:00,32.461,34.1785,32.461,34.1785,75600
MCH,12/10/2018 00:00:00,33.835,34.1785,33.835,34.1441,19000
MCH,12/11/2018 00:00:00,34.0067,34.522,34.0067,34.3503,180100
MCH,12/12/2018 00:00:00,34.3503,34.3503,34.3503,34.3503,5600
MCH,12/13/2018 00:00:00,34.3503,34.6938,34.3503,34.6938,13400
MCH,12/14/2018 00:00:00,34.0067,34.6938,34.0067,34.6938,51100
MCH,12/17/2018 00:00:00,34.1785,34.3503,34.1785,34.3503,38900
MCH,12/18/2018 00:00:00,34.1441,34.6938,34.1441,34.6938,32900
MCH,12/19/2018 00:00:00,33.4571,34.6938,33.4571,34.6938,9000
MCH,12/20/2018 00:00:00,34.6251,34.6938,34.3503,34.6938,60800
MCH,12/21/2018 00:00:00,35.0373,35.106,34.0067,35.106,60200
MCH,12/24/2018 00:00:00,34.3503,34.6938,34.3503,34.6938,1300
MCH,12/25/2018 00:00:00,32.9762,34.6251,32.9762,34.6251,400
MCH,12/26/2018 00:00:00,34.1785,34.6938,34.1785,34.6938,36800
MCH,12/27/2018 00:00:00,34.3503,34.3503,34.0067,34.0067,1500
MCH,12/28/2018 00:00:00,34.3159,35.0373,32.9762,35.0373,38700
MCH,1/2/2019 00:00:00,34.0067,34.3503,34.0067,34.3503,4000
MCH,1/3/2019 00:00:00,34.0067,34.522,33.0793,34.522,800
MCH,1/4/2019 00:00:00,33.9037,34.6938,33.9037,34.3503,37300
MCH,1/7/2019 00:00:00,34.3503,34.3503,33.3541,34.3503,1400
MCH,1/8/2019 00:00:00,34.0067,34.6938,34.0067,34.6938,66600
MCH,1/9/2019 00:00:00,34.3503,34.6938,34.3503,34.3846,21800
MCH,1/10/2019 00:00:00,34.3503,34.6251,34.2816,34.6251,11600
MCH,1/11/2019 00:00:00,34.2128,34.6938,34.2128,34.6938,5100
MCH,1/14/2019 00:00:00,34.3503,35.3808,34.3503,35.0373,53200
MCH,1/15/2019 00:00:00,35.0373,35.3808,35.0373,35.106,16600
MCH,1/16/2019 00:00:00,35.3808,35.4495,35.3464,35.4495,9500
MCH,1/17/2019 00:00:00,35.3808,36.4113,35.3808,36.4113,51500
MCH,1/18/2019 00:00:00,35.896,36.3769,35.7243,36.3769,36200
MCH,1/21/2019 00:00:00,36.0678,36.583,36.0678,36.583,19400
MCH,1/22/2019 00:00:00,36.9265,37.0983,36.2739,37.0983,43300
MCH,1/23/2019 00:00:00,36.4113,37.7853,36.4113,37.7853,59300
MCH,1/24/2019 00:00:00,36.1365,37.7853,36.0678,37.0983,11000
MCH,1/25/2019 00:00:00,36.9265,37.0983,36.7204,37.0983,6500
MCH,1/28/2019 00:00:00,36.9952,37.0983,36.9952,37.0983,5300
MCH,1/29/2019 00:00:00,36.4113,37.27,36.4113,37.0983,20700
MCH,1/30/2019 00:00:00,36.7548,37.27,36.7548,37.0983,6100
MCH,1/31/2019 00:00:00,37.0983,37.0983,37.0639,37.0983,600
MCH,2/1/2019 00:00:00,34.3503,37.0983,34.3503,37.0983,3100
MCH,2/11/2019 00:00:00,37.0983,37.4418,37.0983,37.4418,15300
MCH,2/12/2019 00:00:00,37.1326,37.4418,37.1326,37.3044,4700
MCH,2/13/2019 00:00:00,37.0983,37.4074,37.0983,37.3044,41300
MCH,2/14/2019 00:00:00,37.4418,37.4418,37.4418,37.4418,3200
MCH,2/15/2019 00:00:00,37.4418,37.7853,37.4418,37.7853,20500
MCH,2/18/2019 00:00:00,37.7853,37.7853,37.7166,37.7166,13400
MCH,2/19/2019 00:00:00,37.6135,37.7509,37.6135,37.7509,11800
MCH,2/20/2019 00:00:00,37.6822,37.7853,37.6822,37.7853,5300
MCH,2/21/2019 00:00:00,37.7509,37.7853,37.4418,37.7509,2300
MCH,2/22/2019 00:00:00,37.7166,37.7166,37.4418,37.7166,700
MCH,2/25/2019 00:00:00,37.4418,37.7853,35.209,37.7853,7600
MCH,2/26/2019 00:00:00,37.7853,37.7853,37.7853,37.7853,500
MCH,2/27/2019 00:00:00,36.0678,36.7548,36.0678,36.583,3500
MCH,3/1/2019 00:00:00,37.0983,37.3387,37.0983,37.3387,200
MCH,3/4/2019 00:00:00,35.6212,35.793,35.6212,35.7586,3100
MCH,3/5/2019 00:00:00,36.0678,36.0678,35.7586,35.7586,1800
MCH,3/6/2019 00:00:00,35.5525,35.7243,35.4838,35.4838,1100
MCH,3/7/2019 00:00:00,36.2395,36.2395,35.3808,35.3808,2800
MCH,3/11/2019 00:00:00,35.0373,35.0373,34.8999,35.0373,2600
MCH,3/12/2019 00:00:00,34.4533,34.6938,34.3503,34.6938,1800
MCH,3/13/2019 00:00:00,34.3503,34.3846,34.0067,34.0067,3900
MCH,3/14/2019 00:00:00,33.7663,34.3159,33.7663,33.7663,13500
MCH,3/15/2019 00:00:00,33.6632,33.6632,33.6632,33.6632,600
MCH,3/18/2019 00:00:00,34.0067,34.0067,33.4228,33.6289,10500
MCH,3/19/2019 00:00:00,33.6632,33.6632,33.3197,33.3197,500
MCH,3/20/2019 00:00:00,33.4915,33.6632,33.4571,33.4915,11300
MCH,3/21/2019 00:00:00,33.6632,33.835,33.6632,33.6632,6100
MCH,3/22/2019 00:00:00,33.2167,33.6632,33.148,33.6632,12100
MCH,3/25/2019 00:00:00,33.6632,33.6632,33.6632,33.6632,1800
MCH,3/26/2019 00:00:00,33.6632,33.9724,33.6632,33.9037,13000
MCH,3/27/2019 00:00:00,33.9037,33.938,33.6632,33.938,57700
MCH,3/28/2019 00:00:00,33.4228,34.0067,32.6671,33.938,15600
MCH,4/1/2019 00:00:00,33.8006,34.0067,33.6632,34.0067,11300
MCH,4/2/2019 00:00:00,33.9724,34.0067,33.938,34.0067,10200
MCH,4/3/2019 00:00:00,33.2167,33.2167,33.2167,33.2167,200
MCH,4/4/2019 00:00:00,34.0067,34.0067,33.3197,33.6632,16100
MCH,4/5/2019 00:00:00,33.938,34.0067,33.3197,33.3197,19300
MCH,4/8/2019 00:00:00,33.3197,33.4915,33.3197,33.4915,11700
MCH,4/9/2019 00:00:00,33.2854,33.6632,33.2854,33.6632,8500
MCH,4/10/2019 00:00:00,33.6632,33.7663,33.2854,33.6632,4600
MCH,4/11/2019 00:00:00,33.835,34.0067,33.835,33.9037,12500
MCH,4/12/2019 00:00:00,34.1785,34.1785,33.6976,33.6976,34600
MCH,4/16/2019 00:00:00,33.6632,33.8006,33.6632,33.6976,18200
MCH,4/17/2019 00:00:00,33.0106,33.6976,33.0106,33.6976,8400
MCH,4/18/2019 00:00:00,33.4915,33.6976,33.4915,33.6632,41000
MCH,4/19/2019 00:00:00,34.0067,34.0067,34.0067,34.0067,100
MCH,4/22/2019 00:00:00,34.0067,34.3159,34.0067,34.3159,6200
MCH,4/23/2019 00:00:00,34.3503,34.3503,34.0411,34.0411,3200
MCH,4/24/2019 00:00:00,33.835,34.3503,33.3197,33.3197,35700
MCH,4/25/2019 00:00:00,33.3884,34.0067,33.3884,33.6632,4200
MCH,4/26/2019 00:00:00,34.0067,34.3159,33.4915,33.4915,22000
MCH,5/2/2019 00:00:00,34.0067,34.0067,33.4915,34.0067,15500
MCH,5/3/2019 00:00:00,34.0067,34.0067,34.0067,34.0067,100
MCH,5/7/2019 00:00:00,34.0067,34.0067,34.0067,34.0067,6300
MCH,5/9/2019 00:00:00,33.4915,33.4915,33.4915,33.4915,100
MCH,5/10/2019 00:00:00,33.6632,33.8693,33.6632,33.8693,5000
MCH,5/13/2019 00:00:00,33.5258,33.5258,33.4915,33.4915,2200
MCH,5/14/2019 00:00:00,33.3197,33.6632,33.3197,33.4915,4600
MCH,5/15/2019 00:00:00,33.4915,33.4915,33.3541,33.4915,8300
MCH,5/16/2019 00:00:00,33.835,33.8693,33.835,33.8693,6700
MCH,5/17/2019 00:00:00,33.938,33.938,33.6632,33.938,10000
MCH,5/20/2019 00:00:00,34.0067,34.0067,34.0067,34.0067,100
MCH,5/21/2019 00:00:00,33.0449,33.0449,33.0106,33.0106,200
MCH,5/22/2019 00:00:00,33.3197,33.3197,33.3197,33.3197,2000
MCH,5/23/2019 00:00:00,33.9037,33.938,33.9037,33.938,5100
MCH,5/24/2019 00:00:00,33.6632,33.6632,33.6632,33.6632,1400
MCH,5/28/2019 00:00:00,33.3197,33.3197,32.461,32.461,300
MCH,5/29/2019 00:00:00,32.8045,32.8045,32.7358,32.8045,3300
MCH,5/30/2019 00:00:00,33.5602,33.5602,33.0793,33.0793,600
MCH,5/31/2019 00:00:00,33.835,33.835,32.8388,33.2854,2700
MCH,6/3/2019 00:00:00,33.7663,33.835,33.7663,33.835,2000
MCH,6/4/2019 00:00:00,33.9724,33.9724,33.8006,33.9724,3900
MCH,6/5/2019 00:00:00,33.9724,34.0067,33.835,34.0067,5700
MCH,6/6/2019 00:00:00,34.3159,34.3159,34.3159,34.3159,100
MCH,6/7/2019 00:00:00,35.9346,36.0425,33.8123,33.8123,2600
MCH,6/10/2019 00:00:00,34.5317,35.9346,34.5317,35.9346,19200
MCH,6/11/2019 00:00:00,35.8986,35.9346,35.8986,35.9346,400
MCH,6/13/2019 00:00:00,34.3878,35.2511,33.8123,35.2511,4400
MCH,6/14/2019 00:00:00,34.5317,35.2511,34.5317,35.2511,600
MCH,6/20/2019 00:00:00,34.0641,35.2511,34.0641,35.2511,2600
MCH,6/21/2019 00:00:00,34.5317,34.5317,34.5317,34.5317,100
MCH,6/24/2019 00:00:00,34.5317,35.6108,34.5317,35.6108,23800
MCH,6/27/2019 00:00:00,34.244,34.244,34.208,34.208,2300
MCH,6/28/2019 00:00:00,34.5317,34.5317,34.5317,34.5317,1400
MCH,7/2/2019 00:00:00,34.5317,34.5317,34.5317,34.5317,600
MCH,7/3/2019 00:00:00,34.5317,34.5317,34.5317,34.5317,200
MCH,7/4/2019 00:00:00,34.5317,34.5317,34.5317,34.5317,200
MCH,7/5/2019 00:00:00,35.2511,35.2511,34.5317,34.5317,2200
MCH,7/9/2019 00:00:00,34.7116,34.7116,34.7116,34.7116,1300
MCH,7/10/2019 00:00:00,34.3519,34.3519,34.2799,34.2799,1600
MCH,7/11/2019 00:00:00,34.3519,39.4597,34.3519,35.2511,2300
MCH,7/15/2019 00:00:00,34.208,34.244,34.172,34.172,3000
MCH,7/16/2019 00:00:00,35.1792,35.1792,35.0713,35.0713,500
MCH,7/17/2019 00:00:00,34.172,34.172,34.172,34.172,1000
MCH,7/18/2019 00:00:00,34.172,34.172,34.172,34.172,1300
MCH,7/19/2019 00:00:00,34.172,34.172,33.9922,33.9922,1200
MCH,7/22/2019 00:00:00,33.9202,33.9202,33.9202,33.9202,100
MCH,7/23/2019 00:00:00,33.9202,33.9202,33.9202,33.9202,1000
MCH,7/24/2019 00:00:00,33.9202,33.9202,33.9202,33.9202,600
MCH,7/25/2019 00:00:00,33.6325,33.6325,33.6325,33.6325,300
MCH,7/26/2019 00:00:00,33.8123,33.8123,33.6325,33.6325,600
MCH,7/29/2019 00:00:00,33.6325,33.6325,32.913,33.6325,5800
MCH,7/31/2019 00:00:00,33.1289,33.6325,33.1289,33.1289,3200
MCH,8/1/2019 00:00:00,33.5965,33.5965,32.949,32.949,7100
MCH,8/2/2019 00:00:00,33.2368,33.2728,32.913,33.2728,40600
MCH,8/5/2019 00:00:00,33.2728,33.3807,32.913,33.2728,31800
MCH,8/6/2019 00:00:00,33.0929,33.2728,32.5893,32.7332,28500
MCH,8/7/2019 00:00:00,33.1289,33.1289,33.1289,33.1289,100
MCH,8/8/2019 00:00:00,32.4095,32.7332,32.3735,32.7332,27800
MCH,8/9/2019 00:00:00,32.6972,32.6972,32.2296,32.2296,2300
MCH,8/12/2019 00:00:00,32.3735,32.3735,31.6181,31.6541,9700
MCH,8/13/2019 00:00:00,31.5102,31.5821,31.2944,31.2944,28600
MCH,8/14/2019 00:00:00,31.1145,31.1145,30.575,30.575,6800
MCH,8/15/2019 00:00:00,29.8556,29.8556,29.4958,29.8556,6000
MCH,8/16/2019 00:00:00,29.4958,30.0354,29.4958,29.9994,10800
MCH,8/19/2019 00:00:00,30.2153,31.6541,30.2153,30.9347,11000
MCH,8/20/2019 00:00:00,30.7548,30.7548,30.3951,30.3951,33400
MCH,8/21/2019 00:00:00,30.7548,30.7548,30.2153,30.2153,9700
MCH,8/22/2019 00:00:00,30.539,30.539,29.6757,30.2153,8400
MCH,8/23/2019 00:00:00,30.1793,30.5927,30.1793,30.5927,16000
MCH,8/26/2019 00:00:00,30.1793,30.1793,29.9726,29.9726,15100
MCH,8/27/2019 00:00:00,30.1379,30.5514,30.1379,30.1793,11900
MCH,8/28/2019 00:00:00,30.5514,30.5514,30.1793,30.1793,7200
MCH,8/29/2019 00:00:00,30.262,30.386,30.1793,30.262,5600
MCH,8/30/2019 00:00:00,30.386,30.7994,30.3033,30.3033,8100
MCH,9/3/2019 00:00:00,30.5927,30.5927,30.2206,30.386,16900
MCH,9/4/2019 00:00:00,30.386,30.4273,30.1793,30.1793,2300
MCH,9/5/2019 00:00:00,30.1793,30.1793,29.8486,29.8486,5900
MCH,9/6/2019 00:00:00,30.0553,30.1793,29.7659,29.9312,6800
MCH,9/9/2019 00:00:00,29.9312,30.1793,29.7659,29.8899,24400
MCH,9/10/2019 00:00:00,29.9726,30.1793,29.7659,29.7659,5200
MCH,9/11/2019 00:00:00,29.9726,29.9726,29.8486,29.8899,5100
MCH,9/12/2019 00:00:00,29.9726,29.9726,29.8486,29.8899,2400
MCH,9/13/2019 00:00:00,29.9726,30.1379,29.8899,30.1379,52200
MCH,9/16/2019 00:00:00,30.1793,30.1793,29.8486,29.8486,72200
MCH,9/17/2019 00:00:00,29.3525,29.9312,29.3525,29.9312,57900
MCH,9/18/2019 00:00:00,29.8486,31.0061,29.8486,30.1793,34200
MCH,9/19/2019 00:00:00,30.4273,30.5927,30.386,30.5927,28900
MCH,9/20/2019 00:00:00,30.5514,30.6754,30.2206,30.5927,25700
MCH,9/23/2019 00:00:00,30.5927,30.634,30.386,30.634,29600
MCH,9/24/2019 00:00:00,30.5927,30.5927,30.4273,30.5927,14600
MCH,9/25/2019 00:00:00,30.634,30.634,30.51,30.5927,13900
MCH,9/26/2019 00:00:00,30.5927,30.5927,30.4273,30.5927,28700
MCH,9/27/2019 00:00:00,30.5927,30.634,30.5514,30.5927,5300
MCH,9/30/2019 00:00:00,30.5927,30.634,30.1793,30.5927,8800
MCH,10/1/2019 00:00:00,30.51,30.6754,30.51,30.5927,9500
MCH,10/2/2019 00:00:00,30.7167,30.7167,30.51,30.5927,36200
MCH,10/3/2019 00:00:00,30.386,30.5927,30.3447,30.5927,23900
MCH,10/4/2019 00:00:00,30.634,30.634,30.51,30.51,20900
MCH,10/7/2019 00:00:00,30.5927,30.5927,30.262,30.5927,14000
MCH,10/8/2019 00:00:00,30.51,30.5927,30.51,30.5927,17900
MCH,10/9/2019 00:00:00,30.5927,30.7167,30.51,30.5927,21400
MCH,10/10/2019 00:00:00,30.51,30.5927,30.4687,30.5927,10900
MCH,10/11/2019 00:00:00,30.5927,30.5927,30.51,30.5927,13500
MCH,10/14/2019 00:00:00,30.5927,30.5927,30.3033,30.5927,16500
MCH,10/15/2019 00:00:00,30.5927,30.5927,30.5927,30.5927,5700
MCH,10/16/2019 00:00:00,30.5927,30.5927,30.4687,30.5514,21100
MCH,10/17/2019 00:00:00,30.5927,30.5927,30.51,30.5927,4000
MCH,10/18/2019 00:00:00,30.5927,30.5927,30.5927,30.5927,3700
MCH,10/21/2019 00:00:00,30.5927,30.634,30.51,30.5927,21300
MCH,10/22/2019 00:00:00,30.5927,30.634,30.5927,30.5927,10400
MCH,10/23/2019 00:00:00,30.5927,30.5927,30.5927,30.5927,15300
MCH,10/24/2019 00:00:00,30.5927,30.5927,30.5927,30.5927,3300
MCH,10/25/2019 00:00:00,30.5927,30.6754,30.5927,30.6754,71600
MCH,10/28/2019 00:00:00,30.5927,30.7581,30.5927,30.634,7600
MCH,10/29/2019 00:00:00,30.6754,30.6754,30.5927,30.5927,17100
MCH,10/30/2019 00:00:00,30.634,30.634,30.5514,30.5927,26700
MCH,10/31/2019 00:00:00,30.5927,30.8821,30.5514,30.5514,10900
MCH,11/1/2019 00:00:00,30.5514,30.6754,30.5514,30.6754,3800
MCH,11/4/2019 00:00:00,30.5927,30.6754,30.5514,30.5927,17700
MCH,11/5/2019 00:00:00,30.5514,30.634,30.51,30.5927,14300
MCH,11/6/2019 00:00:00,30.51,30.51,30.386,30.386,8500
MCH,11/7/2019 00:00:00,30.386,30.5927,30.2206,30.262,35600
MCH,11/8/2019 00:00:00,30.262,30.386,30.2206,30.386,7200
MCH,11/11/2019 00:00:00,30.386,30.51,30.1793,30.386,3300
MCH,11/12/2019 00:00:00,30.386,30.386,30.386,30.386,1100
MCH,11/13/2019 00:00:00,30.1793,30.1793,29.7659,29.9726,10800
MCH,11/14/2019 00:00:00,30.0553,34.6028,30.0553,30.3447,37800
MCH,11/15/2019 00:00:00,30.5927,30.5927,30.5927,30.5927,400
MCH,11/18/2019 00:00:00,30.5927,30.5927,30.386,30.386,6700
MCH,11/19/2019 00:00:00,30.386,31.0061,28.3189,31.0061,49000
MCH,11/20/2019 00:00:00,29.1458,30.7994,29.1458,30.7994,41600
MCH,11/21/2019 00:00:00,30.5927,30.5927,30.5927,30.5927,10300
MCH,11/22/2019 00:00:00,30.5927,30.5927,30.1793,30.1793,2000
MCH,11/25/2019 00:00:00,30.0553,30.2206,25.9625,30.1793,23500
MCH,11/26/2019 00:00:00,29.6418,30.0139,29.6418,29.7659,13600
MCH,11/27/2019 00:00:00,29.7659,29.7659,29.5592,29.5592,7300
MCH,11/28/2019 00:00:00,29.3525,29.7659,28.939,28.939,12500
MCH,11/29/2019 00:00:00,28.7323,29.1871,28.7323,29.1871,3300
MCH,12/2/2019 00:00:00,29.1458,31.4195,29.1458,31.2128,163500
MCH,12/3/2019 00:00:00,31.4195,34.6442,31.4195,31.8329,165700
MCH,12/4/2019 00:00:00,32.2464,37.2073,32.2464,33.9827,249300
MCH,12/5/2019 00:00:00,33.9,34.1067,32.4531,32.6598,30500
MCH,12/6/2019 00:00:00,32.6184,32.6598,31.2542,31.2542,22800
MCH,12/9/2019 00:00:00,31.2542,31.7503,30.386,30.5927,51100
MCH,12/10/2019 00:00:00,30.5927,31.0061,30.1793,30.2206,10300
MCH,12/11/2019 00:00:00,29.8072,30.3033,29.7659,30.2206,12700
MCH,12/12/2019 00:00:00,29.7659,29.9726,29.7659,29.8072,27200
MCH,12/13/2019 00:00:00,29.7659,29.9726,29.7659,29.7659,20300
MCH,12/16/2019 00:00:00,29.7659,30.5927,29.7659,30.1793,18300
MCH,12/17/2019 00:00:00,30.0966,30.1793,29.5592,29.7659,14900
MCH,12/18/2019 00:00:00,29.9726,30.1793,29.6832,29.7659,6900
MCH,12/19/2019 00:00:00,29.6832,29.9726,29.6832,29.7659,1900
MCH,12/20/2019 00:00:00,29.7659,29.7659,29.7659,29.7659,10900
MCH,12/23/2019 00:00:00,29.7245,29.7659,29.5592,29.5592,14200
MCH,12/24/2019 00:00:00,29.7659,29.7659,29.5592,29.7659,36300
MCH,12/25/2019 00:00:00,29.7245,29.7659,29.7245,29.7245,7800
MCH,12/26/2019 00:00:00,29.7659,29.7659,29.7659,29.7659,9600
MCH,12/27/2019 00:00:00,29.7659,30.3033,29.7659,29.9726,19000
MCH,12/30/2019 00:00:00,30.1379,30.1379,29.6832,29.9726,32400
MCH,12/31/2019 00:00:00,29.7659,29.7659,29.7245,29.7659,3300
MCH,1/2/2020 00:00:00,29.9726,30.0966,29.7659,29.7659,23000
MCH,1/3/2020 00:00:00,29.9312,29.9312,29.6005,29.7659,6100
MCH,1/6/2020 00:00:00,29.7659,29.7659,29.4351,29.4351,17500
MCH,1/7/2020 00:00:00,29.4351,29.5178,29.4351,29.5178,11400
MCH,1/8/2020 00:00:00,29.4351,29.4351,28.939,28.939,6900
MCH,1/9/2020 00:00:00,28.939,29.5592,28.939,29.5592,2600
MCH,1/10/2020 00:00:00,29.3525,29.3525,29.3525,29.3525,4800
MCH,1/13/2020 00:00:00,29.3525,29.3525,28.8977,28.8977,4500
MCH,1/14/2020 00:00:00,28.9804,28.9804,28.5256,28.5256,4200
MCH,1/15/2020 00:00:00,28.7323,28.7323,27.2854,27.2854,14300
MCH,1/16/2020 00:00:00,27.8642,27.9055,27.4921,27.4921,9800
MCH,1/17/2020 00:00:00,28.8564,28.8564,27.9055,28.4843,3600
MCH,1/20/2020 00:00:00,28.8977,28.939,28.4843,28.6083,10000
MCH,1/21/2020 00:00:00,28.7323,28.7323,28.7323,28.7323,800
MCH,1/22/2020 00:00:00,28.691,28.691,27.9055,28.1122,16400
MCH,1/30/2020 00:00:00,28.1122,28.1122,27.6988,27.6988,4500
MCH,1/31/2020 00:00:00,27.6988,27.8642,27.4508,27.4921,10400
MCH,2/3/2020 00:00:00,27.4921,27.4921,26.1278,26.872,17900
MCH,2/4/2020 00:00:00,26.872,26.872,26.4586,26.8306,21500
MCH,2/5/2020 00:00:00,26.872,28.5256,26.7066,27.2854,37600
MCH,2/6/2020 00:00:00,27.2027,28.3189,27.2027,28.2362,6100
MCH,2/7/2020 00:00:00,28.3189,28.7323,28.2362,28.7323,11200
MCH,2/10/2020 00:00:00,27.7815,28.4429,27.7815,28.0295,7400
MCH,2/11/2020 00:00:00,28.3189,28.4429,28.1122,28.3189,4800
MCH,2/12/2020 00:00:00,28.5256,28.5256,28.5256,28.5256,6700
MCH,2/13/2020 00:00:00,28.6083,28.6083,27.9468,27.9468,12200
MCH,2/14/2020 00:00:00,28.3189,28.3189,27.9882,27.9882,9000
MCH,2/17/2020 00:00:00,27.6988,27.9882,27.6988,27.7401,7900
MCH,2/18/2020 00:00:00,27.7815,27.8228,27.7815,27.7815,3500
MCH,2/19/2020 00:00:00,27.6988,28.1122,27.6988,27.7401,3400
MCH,2/20/2020 00:00:00,27.6988,28.1122,27.6988,27.8228,7500
MCH,2/21/2020 00:00:00,28.1122,28.3189,27.9055,28.0295,9300
MCH,2/24/2020 00:00:00,27.9055,28.0709,27.9055,27.9055,8500
MCH,2/25/2020 00:00:00,25.6731,28.2362,25.6731,28.2362,24200
MCH,2/26/2020 00:00:00,28.1122,28.1122,28.0709,28.0709,4100
MCH,2/27/2020 00:00:00,27.7815,28.0709,27.7815,28.0709,8600
MCH,2/28/2020 00:00:00,27.6988,27.6988,27.6988,27.6988,8400
MCH,3/2/2020 00:00:00,27.6988,27.9055,27.6988,27.6988,2200
MCH,3/3/2020 00:00:00,27.6988,27.7815,27.6988,27.7815,11900
MCH,3/4/2020 00:00:00,27.6988,27.6988,27.6988,27.6988,8200
MCH,3/5/2020 00:00:00,27.7401,27.9055,27.6988,27.6988,15600
MCH,3/6/2020 00:00:00,27.6988,27.6988,27.5748,27.6988,4800
MCH,3/9/2020 00:00:00,27.6988,27.6988,26.2518,26.4999,27400
MCH,3/10/2020 00:00:00,27.3681,27.4921,27.3681,27.3681,6500
MCH,3/11/2020 00:00:00,27.4094,27.4094,26.7066,27.0787,3000
MCH,3/12/2020 00:00:00,26.4586,26.4586,23.1512,23.606,30300
MCH,3/13/2020 00:00:00,22.3657,24.3915,22.3657,23.9781,8100
MCH,3/16/2020 00:00:00,23.9781,24.1848,23.5646,24.0194,21000
MCH,3/17/2020 00:00:00,24.3501,24.3915,23.9781,24.3915,10900
MCH,3/18/2020 00:00:00,24.2261,24.3915,23.1512,23.1512,17600
MCH,3/19/2020 00:00:00,23.9367,23.9367,23.8127,23.8954,4500
MCH,3/20/2020 00:00:00,23.8127,23.8127,23.0686,23.0686,18600
MCH,3/23/2020 00:00:00,22.7792,22.7792,21.0842,22.3244,33700
MCH,3/24/2020 00:00:00,22.035,24.8049,21.911,24.8049,34800
MCH,3/25/2020 00:00:00,23.5646,24.3915,23.5646,23.6887,3800
MCH,3/26/2020 00:00:00,23.6887,23.6887,23.5233,23.5646,17600
MCH,3/27/2020 00:00:00,23.9781,23.9781,23.1512,23.5646,22500
MCH,3/30/2020 00:00:00,23.9781,23.9781,23.1099,23.3579,7900
MCH,3/31/2020 00:00:00,23.3166,23.5646,23.1512,23.5646,12700
MCH,4/1/2020 00:00:00,23.9781,24.1848,23.9781,24.1848,21000
MCH,4/3/2020 00:00:00,24.3915,26.0865,24.3915,25.9211,38600
MCH,4/6/2020 00:00:00,25.9625,28.5256,25.9211,28.5256,66800
MCH,4/7/2020 00:00:00,28.5256,29.0217,28.1122,28.9804,96200
MCH,4/8/2020 00:00:00,28.8564,28.8564,27.6988,28.3189,38200
MCH,4/9/2020 00:00:00,28.3189,28.3189,27.7815,27.7815,37200
MCH,4/10/2020 00:00:00,27.6988,27.6988,27.2027,27.2027,27600
MCH,4/13/2020 00:00:00,27.2854,27.2854,26.4586,26.9133,24100
MCH,4/14/2020 00:00:00,26.872,27.0787,26.872,27.0787,11300
MCH,4/15/2020 00:00:00,27.12,28.1122,27.12,27.12,25600
MCH,4/16/2020 00:00:00,27.4921,27.6988,27.4921,27.5334,7300
MCH,4/17/2020 00:00:00,28.1122,28.691,28.1122,28.1122,46600
MCH,4/20/2020 00:00:00,28.2362,28.2776,27.9055,28.2776,25600
MCH,4/21/2020 00:00:00,28.0709,28.0709,26.872,27.2854,29700
MCH,4/22/2020 00:00:00,26.872,27.6161,26.4586,27.6161,13600
MCH,4/23/2020 00:00:00,27.2854,27.6988,26.872,27.6988,15000
MCH,4/24/2020 00:00:00,27.6988,27.9055,27.4921,27.9055,19500
MCH,4/27/2020 00:00:00,28.0295,28.0295,27.6988,27.7401,9200
MCH,4/28/2020 00:00:00,27.9055,27.9468,27.2854,27.9468,13100
MCH,4/29/2020 00:00:00,28.1122,28.1122,27.7401,27.9055,10700
MCH,5/4/2020 00:00:00,27.9468,27.9468,27.5748,27.6988,5700
MCH,5/5/2020 00:00:00,27.4921,27.6575,27.3681,27.4921,6400
MCH,5/6/2020 00:00:00,27.6988,27.8228,27.4094,27.8228,20000
MCH,5/7/2020 00:00:00,27.6988,28.1122,27.6988,28.0295,2100
MCH,5/8/2020 00:00:00,27.9468,28.1122,27.7815,27.7815,23400
MCH,5/11/2020 00:00:00,28.0295,28.0709,27.4921,28.0295,20800
MCH,5/12/2020 00:00:00,27.8642,28.0295,27.7815,27.7815,7400
MCH,5/13/2020 00:00:00,27.8228,27.9882,27.4921,27.7815,9000
MCH,5/14/2020 00:00:00,27.7815,28.3189,27.7815,28.2362,50500
MCH,5/15/2020 00:00:00,28.0295,28.0709,27.9055,27.9055,15000
MCH,5/18/2020 00:00:00,28.0295,28.4429,27.8228,27.9055,9200
MCH,5/19/2020 00:00:00,27.9055,28.1122,27.6988,27.7401,24700
MCH,5/20/2020 00:00:00,27.8642,28.1122,27.7401,28.1122,8900
MCH,5/21/2020 00:00:00,28.0709,28.1122,27.8642,27.8642,17200
MCH,5/22/2020 00:00:00,28.0295,28.0295,27.8642,27.8642,9200
MCH,5/25/2020 00:00:00,28.1949,28.1949,27.7815,28.0295,5600
MCH,5/26/2020 00:00:00,28.1122,28.1122,27.9055,28.0295,36000
MCH,5/27/2020 00:00:00,27.9055,28.0295,27.9055,27.9882,17100
MCH,5/28/2020 00:00:00,27.9882,28.1122,27.9055,27.9882,27300
MCH,5/29/2020 00:00:00,27.9882,29.7659,27.9882,28.8977,40700
MCH,6/1/2020 00:00:00,28.939,30.1793,28.939,29.7659,53600
MCH,6/2/2020 00:00:00,29.6832,30.1793,29.6832,29.9726,27500
MCH,6/3/2020 00:00:00,29.7659,29.8486,29.7245,29.7659,14800
MCH,6/4/2020 00:00:00,29.7659,29.7659,29.6005,29.7659,16200
MCH,6/5/2020 00:00:00,29.7245,29.9726,29.7245,29.7659,25400
MCH,6/8/2020 00:00:00,29.7659,30.1379,29.7245,29.8072,23800
MCH,6/9/2020 00:00:00,29.8072,29.8486,29.4765,29.7659,23600
MCH,6/10/2020 00:00:00,29.7659,29.8486,29.7659,29.8072,37100
MCH,6/11/2020 00:00:00,29.7659,29.8486,29.3525,29.6005,64400
MCH,6/12/2020 00:00:00,28.939,29.5592,28.5256,29.5592,21700
MCH,6/15/2020 00:00:00,28.8564,29.3525,28.5256,28.5256,4400
MCH,6/16/2020 00:00:00,28.9804,29.5592,28.3189,29.3525,26300
MCH,6/17/2020 00:00:00,28.815,29.3111,28.5256,28.8564,13000
MCH,6/18/2020 00:00:00,28.3189,28.8977,27.7815,28.5256,33500
MCH,6/19/2020 00:00:00,28.3189,28.815,28.3189,28.5256,27200
MCH,6/22/2020 00:00:00,28.6083,28.9804,28.6083,28.939,22300
MCH,6/23/2020 00:00:00,29.1458,29.1871,28.939,29.1044,26200
MCH,6/24/2020 00:00:00,29.7659,29.8486,29.3525,29.8072,112000
MCH,6/25/2020 00:00:00,29.7659,29.7659,28.939,29.6832,24200
MCH,6/26/2020 00:00:00,29.5592,29.6418,29.3525,29.3525,20000
MCH,6/29/2020 00:00:00,29.3938,29.3938,28.7323,29.1044,3900
MCH,6/30/2020 00:00:00,29.1458,29.1458,28.5256,28.6497,17200
MCH,7/1/2020 00:00:00,28.8977,29.0631,28.815,28.939,19600
MCH,7/2/2020 00:00:00,28.939,29.1458,28.5256,28.939,24200
MCH,7/3/2020 00:00:00,28.939,29.0631,28.5256,28.8977,11200
MCH,7/6/2020 00:00:00,28.567,29.3938,28.567,29.3525,34100
MCH,7/7/2020 00:00:00,29.0631,29.7659,29.0631,29.7659,62200
MCH,7/8/2020 00:00:00,29.7659,29.7659,28.6497,29.7245,22700
MCH,7/9/2020 00:00:00,29.7659,29.7659,29.6832,29.7245,23500
MCH,7/10/2020 00:00:00,29.5592,29.8486,29.4351,29.7659,52100
MCH,7/13/2020 00:00:00,29.7659,29.7659,29.5592,29.7245,18400
MCH,7/14/2020 00:00:00,29.7245,29.7245,29.6832,29.7245,41900
MCH,7/15/2020 00:00:00,29.7245,29.7659,29.5592,29.7245,19300
MCH,7/16/2020 00:00:00,29.5178,29.7659,29.5178,29.7659,27000
MCH,7/17/2020 00:00:00,29.7659,29.7659,29.6005,29.7659,15700
MCH,7/20/2020 00:00:00,29.7659,29.7659,29.5178,29.5178,13400
MCH,7/21/2020 00:00:00,29.7245,29.7659,29.7245,29.7659,12700
MCH,7/22/2020 00:00:00,29.7659,29.7659,29.7245,29.7659,28000
MCH,7/23/2020 00:00:00,29.5592,29.6832,29.4765,29.4765,11400
MCH,7/24/2020 00:00:00,29.3525,29.6418,28.939,29.6418,130400
MCH,7/27/2020 00:00:00,28.5256,29.4351,28.5256,28.8564,94400
MCH,7/28/2020 00:00:00,28.9804,29.4351,28.939,29.3525,60500
MCH,7/29/2020 00:00:00,29.3525,29.7245,29.3525,29.5592,66900
MCH,7/30/2020 00:00:00,29.5178,31.8329,29.5178,30.386,67600
MCH,7/31/2020 00:00:00,30.7994,31.0061,30.262,30.4687,57400
MCH,8/3/2020 00:00:00,30.4687,30.4687,29.9726,30.3447,66000
MCH,8/4/2020 00:00:00,30.3447,31.2128,30.3447,31.2128,276900
MCH,8/5/2020 00:00:00,31.0061,31.8743,31.0061,31.5436,153700
MCH,8/6/2020 00:00:00,31.5849,31.8329,31.5022,31.5436,132000
MCH,8/7/2020 00:00:00,31.5022,31.5022,31.1301,31.1301,141400
MCH,8/10/2020 00:00:00,33.1024,33.1024,31.344,31.6077,64800
MCH,8/11/2020 00:00:00,31.6077,31.6077,31.2121,31.4319,79800
MCH,8/12/2020 00:00:00,31.344,31.4319,31.256,31.344,44900
MCH,8/13/2020 00:00:00,31.344,31.6517,31.344,31.6077,38800
MCH,8/14/2020 00:00:00,31.6077,31.6077,31.2121,31.344,46400
MCH,8/17/2020 00:00:00,31.344,31.344,31.0802,31.256,47700
MCH,8/18/2020 00:00:00,31.256,31.4319,31.2121,31.3,53000
MCH,8/19/2020 00:00:00,31.3,31.4319,31.3,31.3879,15500
MCH,8/20/2020 00:00:00,31.3879,31.4758,31.3,31.344,34500
MCH,8/21/2020 00:00:00,31.344,32.0913,31.344,31.6517,57600
MCH,8/24/2020 00:00:00,32.0913,32.0913,31.4319,31.6517,95400
MCH,8/25/2020 00:00:00,31.6517,31.8715,31.5638,31.6517,145400
MCH,8/26/2020 00:00:00,31.6517,31.8275,31.5638,31.6517,73600
MCH,8/27/2020 00:00:00,31.6956,32.3111,31.6956,32.0913,83900
MCH,8/28/2020 00:00:00,32.1353,32.443,32.1353,32.2671,42100
MCH,8/31/2020 00:00:00,32.2232,32.5309,32.1792,32.3111,20900
MCH,9/1/2020 00:00:00,32.3111,32.7507,32.2232,32.5309,50300
MCH,9/3/2020 00:00:00,32.399,32.9705,32.399,32.9705,78500
MCH,9/4/2020 00:00:00,32.5309,33.1903,32.3551,32.9705,30200
MCH,9/7/2020 00:00:00,33.0145,33.4101,32.0473,32.4869,56700
MCH,9/8/2020 00:00:00,32.6628,32.6628,32.1353,32.3551,69000
MCH,9/9/2020 00:00:00,31.8715,33.4101,31.8715,33.1903,31900
MCH,9/10/2020 00:00:00,32.7507,32.9705,32.5309,32.9705,22400
MCH,9/11/2020 00:00:00,32.7507,32.7507,32.5309,32.5749,13100
MCH,9/14/2020 00:00:00,32.5749,33.1903,32.5309,32.5309,52600
MCH,9/15/2020 00:00:00,32.9705,32.9705,32.7507,32.7507,51300
MCH,9/16/2020 00:00:00,32.8826,32.9705,32.7507,32.9265,6800
MCH,9/17/2020 00:00:00,32.9705,32.9705,32.7067,32.7067,25300
MCH,9/18/2020 00:00:00,32.7067,32.9265,32.6188,32.8826,30800
MCH,9/21/2020 00:00:00,32.9265,32.9265,32.6188,32.6188,34700
MCH,9/22/2020 00:00:00,32.5749,32.7067,32.5309,32.7067,30700
MCH,9/23/2020 00:00:00,32.5749,32.6188,32.3551,32.4869,31400
MCH,9/24/2020 00:00:00,32.4869,32.7507,32.443,32.7067,22700
MCH,9/25/2020 00:00:00,32.4869,32.4869,32.3551,32.3551,8900
MCH,9/28/2020 00:00:00,32.3551,32.5309,32.3551,32.399,8200
MCH,9/29/2020 00:00:00,32.443,32.5749,32.443,32.5309,44200
MCH,9/30/2020 00:00:00,32.4869,32.4869,32.443,32.4869,2000
MCH,10/1/2020 00:00:00,32.4869,32.4869,32.0913,32.3111,38800
MCH,10/2/2020 00:00:00,32.2232,32.2232,31.7836,31.8275,32700
MCH,10/5/2020 00:00:00,32.0473,32.8386,32.0473,32.5309,84400
MCH,10/6/2020 00:00:00,32.5309,32.7507,32.2232,32.7507,114300
MCH,10/7/2020 00:00:00,32.7507,32.7947,32.5309,32.7507,131700
MCH,10/8/2020 00:00:00,32.5309,32.7507,32.5309,32.5309,131500
MCH,10/9/2020 00:00:00,32.7507,33.6299,32.5749,32.9705,104400
MCH,10/12/2020 00:00:00,32.9705,33.8497,32.9705,33.4101,38500
MCH,10/13/2020 00:00:00,33.4101,33.586,33.1903,33.4101,59200
MCH,10/14/2020 00:00:00,33.498,34.2893,32.9705,33.586,43000
MCH,10/15/2020 00:00:00,33.6299,34.0695,33.3661,33.586,71000
MCH,10/16/2020 00:00:00,33.4101,34.0256,33.4101,33.8497,119300
MCH,10/19/2020 00:00:00,34.2454,34.3772,34.0695,34.0695,17000
MCH,10/20/2020 00:00:00,33.3222,33.8497,33.3222,33.8497,9000
MCH,10/21/2020 00:00:00,34.5091,34.5091,33.8497,33.8497,28300
MCH,10/22/2020 00:00:00,34.0695,34.0695,33.8937,34.0695,14600
MCH,10/23/2020 00:00:00,34.0695,34.2893,33.8497,34.2893,45200
MCH,10/26/2020 00:00:00,34.2454,34.2893,34.0695,34.2454,17800
MCH,10/27/2020 00:00:00,34.2454,34.2454,33.4541,33.6299,25600
MCH,10/28/2020 00:00:00,33.9376,33.9376,30.7725,31.8715,164800
MCH,10/29/2020 00:00:00,31.6517,31.9154,31.6517,31.7396,89100
MCH,10/30/2020 00:00:00,32.0913,32.3111,31.8715,32.0913,45600
MCH,11/2/2020 00:00:00,32.0473,32.9705,32.0473,32.443,75300
MCH,11/3/2020 00:00:00,32.6188,32.7507,32.443,32.5309,36700
MCH,11/4/2020 00:00:00,32.6628,33.4101,32.4869,33.1463,98400
MCH,11/5/2020 00:00:00,33.1463,33.2343,32.9705,33.1463,42500
MCH,11/6/2020 00:00:00,33.2343,33.586,33.1463,33.542,75500
MCH,11/9/2020 00:00:00,33.4101,34.7289,33.4101,34.685,129600
MCH,11/10/2020 00:00:00,34.685,35.6081,34.685,35.2565,123600
MCH,11/11/2020 00:00:00,34.2893,35.6081,34.2893,35.3004,58500
MCH,11/12/2020 00:00:00,35.3444,35.3883,34.9487,35.2565,43100
MCH,11/13/2020 00:00:00,35.3883,35.3883,34.7729,34.9487,36600
MCH,11/16/2020 00:00:00,35.0367,35.1685,34.5091,34.8169,55300
MCH,11/17/2020 00:00:00,34.641,36.0038,34.641,35.8279,173600
MCH,11/18/2020 00:00:00,35.74,37.5864,35.6081,37.3666,190100
MCH,11/19/2020 00:00:00,37.3226,38.6854,36.927,38.4216,122400
MCH,11/20/2020 00:00:00,37.8501,39.3008,37.8062,39.081,94000
MCH,11/23/2020 00:00:00,38.9052,39.125,38.2458,39.081,92400
MCH,11/24/2020 00:00:00,39.0371,39.6086,38.9052,39.5646,108800
MCH,11/25/2020 00:00:00,39.5646,39.6086,39.125,39.5646,59700
MCH,11/26/2020 00:00:00,39.5646,40.5757,39.4327,40.4878,110500
MCH,11/27/2020 00:00:00,40.6636,41.5428,40.6636,41.1032,158700
MCH,11/30/2020 00:00:00,41.1032,41.1032,39.8284,40.0482,101300
MCH,12/1/2020 00:00:00,39.5646,40.8834,39.5646,40.6636,104200
MCH,12/2/2020 00:00:00,40.8834,40.9713,40.7076,40.9713,98400
MCH,12/3/2020 00:00:00,40.8834,40.9713,40.8834,40.8834,53700
MCH,12/4/2020 00:00:00,40.8834,41.323,40.8834,41.323,52000
MCH,12/7/2020 00:00:00,40.9274,41.323,40.9274,41.1032,32600
MCH,12/8/2020 00:00:00,41.1912,41.323,41.1032,41.2351,47600
MCH,12/9/2020 00:00:00,41.2791,41.4549,41.2791,41.367,99600
MCH,12/10/2020 00:00:00,41.323,41.323,41.1032,41.1032,46200
MCH,12/11/2020 00:00:00,41.1912,41.1912,40.9713,41.0153,20300
MCH,12/14/2020 00:00:00,41.1912,41.323,40.8834,41.0153,21700
MCH,12/15/2020 00:00:00,41.1032,41.1032,40.8834,40.9274,35600
MCH,12/16/2020 00:00:00,40.7955,40.9713,40.4438,40.8834,25100
MCH,12/17/2020 00:00:00,40.4438,40.7955,40.0482,40.7955,48100
MCH,12/18/2020 00:00:00,41.1032,41.1032,40.0042,40.3559,68700
MCH,12/21/2020 00:00:00,40.8834,40.8834,40.0042,40.1801,17300
MCH,12/22/2020 00:00:00,40.3559,40.4438,40.0482,40.4438,57800
MCH,12/23/2020 00:00:00,40.224,40.3559,40.224,40.224,30500
MCH,12/24/2020 00:00:00,40.8395,40.8395,40.0482,40.4438,13100
MCH,12/25/2020 00:00:00,40.268,40.4438,40.1801,40.1801,8400
MCH,12/28/2020 00:00:00,40.224,41.0593,40.1801,40.224,62300
MCH,12/29/2020 00:00:00,40.4438,40.4438,40.0921,40.4438,34700
MCH,12/30/2020 00:00:00,40.4438,40.7955,40.224,40.224,23700
MCH,12/31/2020 00:00:00,40.6636,40.9713,40.4438,40.8834,69700
MCH,1/4/2021 00:00:00,41.5428,41.7626,41.4549,41.5428,18700
MCH,1/5/2021 00:00:00,41.5428,41.7626,41.323,41.323,61100
MCH,1/6/2021 00:00:00,41.323,41.7626,40.8395,41.5428,55900
MCH,1/7/2021 00:00:00,41.0593,41.7626,41.0593,41.1032,8700
MCH,1/8/2021 00:00:00,41.323,42.8177,41.323,42.6419,165000
MCH,1/11/2021 00:00:00,42.6419,43.7409,42.6419,43.565,78600
MCH,1/12/2021 00:00:00,43.7409,43.7409,43.4331,43.5211,44800
MCH,1/13/2021 00:00:00,43.5211,43.9607,43.5211,43.6969,63900
MCH,1/14/2021 00:00:00,43.7409,43.7409,43.5211,43.5211,33000
MCH,1/15/2021 00:00:00,43.5211,43.6529,42.6858,43.0815,34900
MCH,1/18/2021 00:00:00,43.2573,43.3013,42.7298,43.0815,39300
MCH,1/19/2021 00:00:00,43.0815,43.0815,37.3666,41.1032,32400
MCH,1/20/2021 00:00:00,41.4549,41.5428,40.8834,41.4549,25200
MCH,1/21/2021 00:00:00,43.0815,43.0815,41.6747,42.6419,25000
MCH,1/22/2021 00:00:00,42.3341,42.8177,41.323,42.4221,36300
MCH,1/25/2021 00:00:00,42.6419,42.6419,41.7626,42.1583,22500
MCH,1/26/2021 00:00:00,41.7626,41.9824,40.8834,41.7626,39200
MCH,1/27/2021 00:00:00,41.4989,41.4989,40.6636,40.6636,31000
MCH,1/28/2021 00:00:00,39.7844,39.8284,38.6414,38.6414,78300
MCH,1/29/2021 00:00:00,38.6414,41.0593,38.6414,41.0593,19600
MCH,2/1/2021 00:00:00,41.7626,41.7626,39.6086,40.224,32000
MCH,2/2/2021 00:00:00,40.3559,40.8395,39.0371,40.6636,16000
MCH,2/3/2021 00:00:00,40.8834,41.323,40.6636,41.1032,23800
MCH,2/4/2021 00:00:00,41.323,41.411,40.8395,40.8395,19200
MCH,2/5/2021 00:00:00,41.1032,41.1032,40.8395,40.9713,21500
MCH,2/8/2021 00:00:00,41.7187,41.7187,40.4438,40.8834,55800
MCH,2/9/2021 00:00:00,40.8834,41.2351,40.8834,40.8834,18300
MCH,2/17/2021 00:00:00,41.0593,41.4989,40.9713,41.4989,15500
MCH,2/18/2021 00:00:00,41.5428,42.1583,41.5428,41.7626,28100
MCH,2/19/2021 00:00:00,41.7626,41.9385,41.6747,41.7626,20800
MCH,2/22/2021 00:00:00,41.7626,41.9824,41.5428,41.7626,15800
MCH,2/23/2021 00:00:00,41.7626,41.8506,41.4989,41.4989,22600
MCH,2/24/2021 00:00:00,41.7626,41.7626,41.411,41.5868,24600
MCH,2/25/2021 00:00:00,42.2022,42.2022,41.5428,41.6308,17900
MCH,2/26/2021 00:00:00,41.6747,41.6747,41.5428,41.6308,19500
MCH,3/1/2021 00:00:00,41.5868,41.9385,41.5868,41.8506,16400
MCH,3/2/2021 00:00:00,41.8066,41.8066,41.323,41.323,25000
MCH,3/3/2021 00:00:00,41.7626,46.1587,41.7626,42.1143,23300
MCH,3/4/2021 00:00:00,41.8506,41.8506,41.6308,41.7187,22700
MCH,3/5/2021 00:00:00,43.0815,43.0815,41.323,41.6308,49100
MCH,3/8/2021 00:00:00,42.2022,45.7191,42.2022,43.0815,59100
MCH,3/9/2021 00:00:00,43.0815,43.3013,42.7737,43.0815,75200
MCH,3/10/2021 00:00:00,42.8177,43.0375,42.8177,42.9056,16000
MCH,3/11/2021 00:00:00,42.9056,42.9496,42.7298,42.7298,29300
MCH,3/12/2021 00:00:00,42.8177,43.5211,42.8177,43.1254,44100
MCH,3/15/2021 00:00:00,43.0815,43.5211,42.6419,43.3013,24700
MCH,3/16/2021 00:00:00,43.0815,43.5211,43.0815,43.4771,33300
MCH,3/17/2021 00:00:00,43.3892,43.4331,43.3013,43.4331,14500
MCH,3/18/2021 00:00:00,43.5211,43.7409,43.4331,43.609,34200
MCH,3/19/2021 00:00:00,43.9167,44.4003,43.5211,44.1805,51300
MCH,3/22/2021 00:00:00,44.1365,45.2795,44.1365,44.5761,19400
MCH,3/23/2021 00:00:00,45.2795,45.7191,44.5761,45.1476,31500
MCH,3/24/2021 00:00:00,44.4003,46.1587,44.4003,46.1587,87700
MCH,3/25/2021 00:00:00,46.5983,49.4118,46.5983,47.4775,97100
MCH,3/26/2021 00:00:00,46.5983,47.5215,43.9607,45.9389,41800
MCH,3/29/2021 00:00:00,45.2795,48.3567,43.9607,45.0597,27100
MCH,3/30/2021 00:00:00,44.0486,45.0157,43.9607,44.0486,60700
MCH,3/31/2021 00:00:00,44.0486,45.7191,43.9607,44.4003,33500
MCH,4/1/2021 00:00:00,46.1147,46.1147,44.1805,45.1916,14700
MCH,4/2/2021 00:00:00,45.7191,48.3567,44.5761,44.8399,15800
MCH,4/5/2021 00:00:00,45.2795,46.5983,44.4882,44.8399,16600
MCH,4/6/2021 00:00:00,44.752,45.4553,44.708,44.752,15400
MCH,4/7/2021 00:00:00,45.4993,45.4993,44.4003,44.8399,14000
MCH,4/8/2021 00:00:00,44.752,45.2795,44.4003,44.7959,18300
MCH,4/9/2021 00:00:00,44.4003,45.2795,44.0046,44.5322,26000
MCH,4/12/2021 00:00:00,45.1036,45.7191,44.9278,45.7191,34700
MCH,4/13/2021 00:00:00,45.2795,45.5433,45.0157,45.2355,20300
MCH,4/14/2021 00:00:00,46.5104,46.5104,44.4882,45.807,84500
MCH,4/15/2021 00:00:00,46.1587,47.3017,46.1587,46.3785,69400
MCH,4/16/2021 00:00:00,47.0379,47.0379,46.1587,46.5983,24700
MCH,4/19/2021 00:00:00,46.6423,47.9611,46.1587,47.6973,47100
MCH,4/20/2021 00:00:00,47.6973,47.6973,46.8181,47.0379,11900
MCH,4/22/2021 00:00:00,46.3785,46.3785,44.9278,46.1587,61200
MCH,4/23/2021 00:00:00,46.1587,47.0379,46.1587,46.5983,27400
MCH,4/26/2021 00:00:00,48.3567,48.3567,45.807,46.5983,23600
MCH,4/27/2021 00:00:00,46.5983,46.5983,46.1587,46.1587,15500
MCH,4/28/2021 00:00:00,46.1587,46.3785,46.1587,46.3785,9200
MCH,4/29/2021 00:00:00,48.3128,48.3128,46.2027,47.4775,3200
MCH,5/4/2021 00:00:00,47.6534,47.6534,45.807,47.4775,4500
MCH,5/5/2021 00:00:00,47.4775,47.5654,47.0379,47.3896,30400
MCH,5/6/2021 00:00:00,47.6534,47.9171,47.4775,47.6534,30200
MCH,5/7/2021 00:00:00,47.5215,48.3567,47.4775,47.9171,14200
MCH,5/10/2021 00:00:00,47.9171,47.9171,47.9171,47.9171,400
MCH,5/11/2021 00:00:00,47.9171,48.7963,47.9171,48.093,3800
MCH,5/12/2021 00:00:00,48.7963,48.7963,47.6973,47.9171,22400
MCH,5/13/2021 00:00:00,47.9171,48.7524,47.6973,48.3567,37200
MCH,5/14/2021 00:00:00,49.6756,49.6756,48.3128,48.8403,6500
MCH,5/17/2021 00:00:00,49.6756,50.1152,49.236,49.6756,48300
MCH,5/18/2021 00:00:00,49.6756,50.1152,48.7963,49.8954,8200
MCH,5/19/2021 00:00:00,52.3132,52.3132,50.1152,51.0823,35700
MCH,5/20/2021 00:00:00,51.434,51.434,51.0823,51.39,5100
MCH,5/21/2021 00:00:00,51.39,52.3132,51.39,51.9176,20000
MCH,5/24/2021 00:00:00,51.8736,59.3469,51.8736,52.2253,36000
MCH,5/25/2021 00:00:00,52.7528,52.7528,51.6538,51.6538,49900
MCH,5/26/2021 00:00:00,52.3132,52.3132,51.2142,51.2142,11600
MCH,5/27/2021 00:00:00,51.8736,51.8736,50.5548,50.9944,18000
MCH,5/28/2021 00:00:00,51.434,51.434,50.5548,51.1702,7900
MCH,5/31/2021 00:00:00,51.8736,52.4451,51.2581,51.8736,40000
MCH,6/1/2021 00:00:00,54.1656,54.1656,52.5658,52.5658,35500
MCH,6/2/2021 00:00:00,53.48,53.48,52.5658,53.48,7200
MCH,6/3/2021 00:00:00,52.5658,53.2515,52.1087,53.2515,42500
MCH,6/4/2021 00:00:00,52.7944,52.7944,52.5658,52.5658,24500
MCH,6/7/2021 00:00:00,52.6115,52.6115,52.5201,52.5201,26300
MCH,6/8/2021 00:00:00,53.0229,53.0229,50.646,52.4744,1600
MCH,6/9/2021 00:00:00,52.383,52.383,50.3261,50.966,2000
MCH,6/10/2021 00:00:00,50.966,52.4287,50.966,51.1945,1400
MCH,6/11/2021 00:00:00,51.1945,52.1087,51.1945,51.3317,2500
MCH,6/14/2021 00:00:00,51.3317,52.4744,51.3317,52.1087,17600
MCH,6/15/2021 00:00:00,52.5658,52.6115,52.1087,52.6115,31100
MCH,6/16/2021 00:00:00,52.6115,52.7944,52.5658,52.7944,8800
MCH,6/17/2021 00:00:00,52.4744,52.9772,52.4744,52.5658,11400
MCH,6/18/2021 00:00:00,52.7944,52.7944,52.4287,52.4287,42700
MCH,6/21/2021 00:00:00,51.1945,52.4744,51.1945,52.1087,2400
MCH,6/22/2021 00:00:00,51.9259,51.9259,51.4231,51.4231,7200
MCH,6/23/2021 00:00:00,51.4688,52.1087,51.4688,51.6516,2000
MCH,6/24/2021 00:00:00,51.6516,52.5658,51.6516,51.6973,1900
MCH,6/25/2021 00:00:00,52.3373,52.3373,51.743,51.743,5400
MCH,6/28/2021 00:00:00,51.6516,52.7944,51.6516,52.3373,3500
MCH,6/29/2021 00:00:00,59.6508,59.6508,52.1087,52.2001,8300
MCH,6/30/2021 00:00:00,52.5658,52.5658,51.6516,52.5201,14900
MCH,7/1/2021 00:00:00,52.5658,52.5658,52.1087,52.1087,9000
MCH,7/2/2021 00:00:00,52.1087,52.1544,51.6516,51.6516,58200
MCH,7/5/2021 00:00:00,52.2001,52.2001,51.6059,51.6059,36700
MCH,7/6/2021 00:00:00,51.8802,51.8802,51.6516,51.6516,36600
MCH,7/7/2021 00:00:00,51.5602,52.1087,51.5602,51.6516,29300
MCH,7/8/2021 00:00:00,52.1087,52.9772,52.1087,52.7944,10700
MCH,7/9/2021 00:00:00,54.8056,54.8056,52.6115,53.48,3400
MCH,7/12/2021 00:00:00,54.8513,54.8513,51.1945,53.2057,16000
MCH,7/13/2021 00:00:00,60.1079,60.1079,52.2916,53.8914,4500
MCH,7/14/2021 00:00:00,53.8457,53.8914,51.8802,52.1087,7900
MCH,7/15/2021 00:00:00,54.5313,54.5313,52.5658,53.0229,800
MCH,7/16/2021 00:00:00,54.0285,54.0285,52.7944,52.8858,1700
MCH,7/19/2021 00:00:00,52.1087,52.5658,51.6973,52.1087,29000
MCH,7/20/2021 00:00:00,54.3942,54.3942,53.48,53.7543,1600
MCH,7/21/2021 00:00:00,53.0229,53.7086,52.1087,53.0229,8800
MCH,7/22/2021 00:00:00,53.0229,53.0229,52.9772,53.0229,16100
MCH,7/23/2021 00:00:00,53.0229,53.0229,52.5658,53.0229,7200
MCH,7/26/2021 00:00:00,51.6973,53.8914,51.6973,53.3886,14900
MCH,7/27/2021 00:00:00,53.48,54.0742,52.5658,54.0742,39900
MCH,7/28/2021 00:00:00,53.9371,54.8513,53.9371,54.8056,10800
MCH,7/29/2021 00:00:00,54.8513,58.7366,54.8056,57.3196,17000
MCH,7/30/2021 00:00:00,55.3998,58.9651,55.3998,57.5939,26000
MCH,8/2/2021 00:00:00,58.7366,58.7366,58.0052,58.0052,7100
MCH,8/3/2021 00:00:00,57.8224,58.0509,56.6797,57.5481,6400
MCH,8/4/2021 00:00:00,57.5481,58.4623,57.1368,57.5939,62900
MCH,8/5/2021 00:00:00,58.9194,58.9194,57.1368,57.1368,29900
MCH,8/6/2021 00:00:00,58.9651,58.9651,57.5939,57.5939,35600
MCH,8/9/2021 00:00:00,57.5939,58.4166,57.1368,58.4166,7800
MCH,8/10/2021 00:00:00,58.9651,58.9651,58.0509,58.2795,29700
MCH,8/11/2021 00:00:00,58.9651,58.9651,58.508,58.7366,7300
MCH,8/12/2021 00:00:00,57.6396,58.6452,57.6396,58.5538,500
MCH,8/13/2021 00:00:00,58.5538,58.5538,54.8513,57.1368,47700
MCH,8/16/2021 00:00:00,57.2282,58.508,57.1368,58.2795,68700
MCH,8/17/2021 00:00:00,57.7767,58.0509,57.1368,57.9595,3700
MCH,8/18/2021 00:00:00,57.3653,59.4222,57.2739,58.7366,43500
MCH,8/19/2021 00:00:00,58.7366,58.7366,58.6452,58.7366,3100
MCH,8/20/2021 00:00:00,58.6452,58.7366,57.1825,58.7366,17500
MCH,8/23/2021 00:00:00,57.1825,58.7823,57.1825,57.411,2500
MCH,8/24/2021 00:00:00,57.1368,58.7823,57.091,58.7823,75900
MCH,8/25/2021 00:00:00,60.3821,60.4735,58.0509,58.0967,27000
MCH,8/26/2021 00:00:00,59.9707,59.9707,58.1424,59.4222,2400
MCH,8/27/2021 00:00:00,59.148,59.4222,58.6452,59.4222,4800
MCH,8/30/2021 00:00:00,59.4222,60.4735,58.508,58.508,33800
MCH,8/31/2021 00:00:00,59.8336,59.8336,57.1368,59.3765,37300
MCH,9/1/2021 00:00:00,57.091,59.1023,57.091,57.9595,16300
MCH,9/6/2021 00:00:00,60.2907,60.2907,57.1368,57.1368,34000
MCH,9/7/2021 00:00:00,57.1825,58.4623,57.1368,57.3196,7500
MCH,9/8/2021 00:00:00,58.3252,58.3252,57.1825,57.5939,5800
MCH,9/9/2021 00:00:00,58.3252,58.3252,56.7711,57.3653,3000
MCH,9/10/2021 00:00:00,57.411,57.5481,56.6797,57.3653,11500
MCH,9/13/2021 00:00:00,56.4968,59.0566,56.4968,58.0052,1100
MCH,9/14/2021 00:00:00,57.9595,58.0509,57.1368,57.1825,7600
MCH,9/15/2021 00:00:00,57.5939,57.5939,57.3653,57.5939,14000
MCH,9/16/2021 00:00:00,58.3709,58.3709,57.1368,57.1368,9000
MCH,9/17/2021 00:00:00,57.9595,57.9595,57.1368,57.1368,12600
MCH,9/20/2021 00:00:00,58.0509,58.0509,56.6797,57.1368,5500
MCH,9/21/2021 00:00:00,54.9427,57.091,54.9427,56.4511,5200
MCH,9/22/2021 00:00:00,56.6797,57.1368,56.2226,56.4511,4500
MCH,9/23/2021 00:00:00,56.2226,56.4511,56.2226,56.4054,4400
MCH,9/24/2021 00:00:00,57.3653,57.3653,56.6797,57.0453,8500
MCH,9/27/2021 00:00:00,57.8224,57.8224,56.4511,56.4511,2800
MCH,9/28/2021 00:00:00,57.1368,57.1368,56.6797,56.8168,2100
MCH,9/29/2021 00:00:00,55.3541,56.9539,55.3541,56.4511,4000
MCH,9/30/2021 00:00:00,57.0453,57.0453,55.3541,56.634,4600
MCH,10/1/2021 00:00:00,56.1312,56.1312,55.7655,55.7655,3000
MCH,10/4/2021 00:00:00,55.8569,55.9483,55.8569,55.9483,3500
MCH,10/5/2021 00:00:00,55.9026,56.2683,55.6741,56.2683,6500
MCH,10/6/2021 00:00:00,55.8569,56.3597,55.7655,55.8112,6400
MCH,10/7/2021 00:00:00,63.9018,63.9018,55.9026,55.9026,9100
MCH,10/8/2021 00:00:00,56.8625,57.3653,56.5882,57.3653,13300
MCH,10/11/2021 00:00:00,57.4567,57.4567,55.8112,56.9996,8700
MCH,10/12/2021 00:00:00,55.9026,57.3653,55.7655,57.1368,9900
MCH,10/13/2021 00:00:00,56.1312,56.1312,55.7655,55.7655,5400
MCH,10/14/2021 00:00:00,55.7655,55.994,55.7655,55.7655,4500
MCH,10/15/2021 00:00:00,55.7655,55.7655,55.3084,55.3084,2100
MCH,10/18/2021 00:00:00,55.5369,55.5369,55.5369,55.5369,4200
MCH,10/19/2021 00:00:00,55.5369,56.4511,55.5369,56.1312,2700
MCH,10/20/2021 00:00:00,57.091,57.091,55.7198,55.7655,1800
MCH,10/21/2021 00:00:00,55.9483,55.9483,53.48,55.2627,4700
MCH,10/22/2021 00:00:00,56.7711,56.7711,55.3541,55.3541,600
MCH,10/25/2021 00:00:00,55.3084,56.5425,55.3084,56.2226,1400
MCH,10/26/2021 00:00:00,56.6797,56.6797,54.8513,56.2226,2400
MCH,10/27/2021 00:00:00,56.2226,56.2226,55.7655,55.7655,3200
MCH,10/28/2021 00:00:00,55.8569,56.4511,55.7655,56.4511,13700
MCH,10/29/2021 00:00:00,56.6797,57.091,55.8569,56.8625,6000
MCH,11/1/2021 00:00:00,57.3196,57.3196,55.5826,55.7198,16700
MCH,11/2/2021 00:00:00,57.2282,57.2282,55.5826,55.7655,11200
MCH,11/3/2021 00:00:00,55.7655,55.994,55.3541,55.3541,16800
MCH,11/4/2021 00:00:00,55.5369,55.7655,55.3084,55.7655,6400
MCH,11/5/2021 00:00:00,55.7655,55.7655,55.5369,55.6741,5200
MCH,11/8/2021 00:00:00,55.3084,55.994,55.3084,55.994,45400
MCH,11/9/2021 00:00:00,55.994,56.4511,55.994,56.2226,46800
MCH,11/10/2021 00:00:00,56.634,56.6797,55.9026,55.9483,2600
MCH,11/11/2021 00:00:00,55.3541,56.0854,55.3084,55.3084,4300
MCH,11/12/2021 00:00:00,55.1255,55.6741,54.8513,55.6741,5900
MCH,11/15/2021 00:00:00,54.8513,55.7655,54.8513,55.4912,16400
MCH,11/16/2021 00:00:00,55.3084,55.3084,54.3028,54.3485,10200
MCH,11/17/2021 00:00:00,55.3084,55.3084,53.9371,54.1656,9400
MCH,11/18/2021 00:00:00,54.1656,54.8513,53.9371,53.9371,3100
MCH,11/19/2021 00:00:00,54.1656,54.1656,53.2515,53.2515,11100
MCH,11/22/2021 00:00:00,53.9371,53.9371,51.7888,51.8802,10800
MCH,11/23/2021 00:00:00,51.8802,54.3485,51.3317,54.3028,11900
MCH,11/24/2021 00:00:00,54.1656,54.1656,53.0229,53.0229,6300
MCH,11/25/2021 00:00:00,54.1656,54.1656,53.48,53.8914,4200
MCH,11/26/2021 00:00:00,53.0229,53.5714,53.0229,53.5714,500
MCH,11/29/2021 00:00:00,53.6171,60.7935,53.5714,53.9371,32200
MCH,11/30/2021 00:00:00,55.7198,55.7198,53.0686,53.8914,18000
MCH,12/1/2021 00:00:00,54.8056,54.8056,53.48,53.7086,5100
MCH,12/2/2021 00:00:00,52.5658,54.8513,52.2916,52.5658,22800
MCH,12/3/2021 00:00:00,54.8056,54.8056,51.6516,52.5658,6900
MCH,12/6/2021 00:00:00,54.7599,54.7599,51.4231,53.4343,10300
MCH,12/7/2021 00:00:00,53.3429,53.4343,51.6516,51.6516,4200
MCH,12/8/2021 00:00:00,51.6516,52.5658,51.6516,52.5658,4400
MCH,12/9/2021 00:00:00,53.2515,53.2515,51.6516,52.4744,9100
MCH,12/10/2021 00:00:00,52.3373,52.3373,51.6973,51.6973,3300
MCH,12/13/2021 00:00:00,51.6973,52.1087,51.6516,51.6973,7900
MCH,12/14/2021 00:00:00,51.6516,52.7944,51.6516,51.6516,3400
MCH,12/15/2021 00:00:00,51.743,52.3373,51.743,52.3373,800
MCH,12/16/2021 00:00:00,52.1087,52.1087,51.6516,51.6516,4800
MCH,12/17/2021 00:00:00,52.1087,52.1087,51.4231,51.7888,3200
MCH,12/20/2021 00:00:00,51.6516,51.7888,51.4231,51.7888,5400
MCH,12/21/2021 00:00:00,51.6059,53.2515,51.5602,52.9315,26600
MCH,12/22/2021 00:00:00,52.1087,52.5658,52.1087,52.5658,500
MCH,12/23/2021 00:00:00,53.8457,53.8457,51.6516,52.1087,3300
MCH,12/24/2021 00:00:00,51.6516,52.4744,51.5602,52.063,5900
MCH,12/27/2021 00:00:00,52.5658,52.5658,52.063,52.1087,4500
MCH,12/28/2021 00:00:00,53.2515,54.8056,51.4231,51.4688,6200
MCH,12/29/2021 00:00:00,53.8457,54.3942,51.7888,52.1087,10200
MCH,12/30/2021 00:00:00,54.3485,54.3485,51.6059,51.6059,4500
MCH,12/31/2021 00:00:00,52.1087,53.48,52.1087,53.2515,21500
MCH,1/4/2022 00:00:00,53.2515,53.8,53.16,53.8,31600
MCH,1/5/2022 00:00:00,53.9371,54.8513,53.48,54.8513,23500
MCH,1/6/2022 00:00:00,54.3485,54.8056,53.2515,53.48,1400
MCH,1/7/2022 00:00:00,53.5714,53.5714,53.48,53.5714,1100
MCH,1/10/2022 00:00:00,53.5714,53.5714,52.5658,52.5658,3602
MCH,1/11/2022 00:00:00,53.0229,53.0229,51.6059,51.6516,15400
MCH,1/12/2022 00:00:00,53.6171,53.6171,52.4287,52.5201,1600
MCH,1/13/2022 00:00:00,51.6516,53.0229,51.6516,52.8401,4900
MCH,1/14/2022 00:00:00,51.6516,51.6516,51.5602,51.6516,5800
MCH,1/17/2022 00:00:00,52.5658,52.5658,51.3774,51.3774,2900
MCH,1/18/2022 00:00:00,51.4231,52.1087,51.4231,51.6516,2900
MCH,1/19/2022 00:00:00,51.4231,51.6516,51.4231,51.6516,4900
MCH,1/20/2022 00:00:00,51.6516,51.9716,51.6059,51.8802,6100
MCH,1/21/2022 00:00:00,51.8802,51.8802,51.6973,51.8802,6600
MCH,1/24/2022 00:00:00,51.6516,51.8345,50.2803,51.1945,10600
MCH,1/25/2022 00:00:00,51.4231,51.4231,50.5089,50.646,13700
MCH,1/26/2022 00:00:00,50.9203,50.9203,50.2803,50.2803,19600
MCH,1/27/2022 00:00:00,50.5546,50.5546,49.8233,50.2346,12600
MCH,1/28/2022 00:00:00,50.3718,50.966,50.2803,50.3261,19300
MCH,2/7/2022 00:00:00,54.6227,54.6227,50.7832,50.7832,11600
MCH,2/8/2022 00:00:00,50.2803,54.7142,50.2803,53.48,18000
MCH,2/9/2022 00:00:00,52.9315,52.9315,51.1031,52.5658,15800
MCH,2/10/2022 00:00:00,51.7888,52.1087,51.1031,52.1087,23000
MCH,2/11/2022 00:00:00,53.3886,53.3886,51.1945,51.1945,4200
MCH,2/14/2022 00:00:00,51.1945,51.3774,51.0574,51.3774,3100
MCH,2/15/2022 00:00:00,52.5201,52.5201,50.2803,50.2803,20000
MCH,2/16/2022 00:00:00,52.0173,52.1087,50.8289,52.063,9500
MCH,2/17/2022 00:00:00,52.7487,52.7487,50.8289,51.8802,5300
MCH,2/18/2022 00:00:00,51.1945,52.0173,51.1945,52.0173,2600
MCH,2/21/2022 00:00:00,52.1087,52.1087,51.1945,51.1945,5900
MCH,2/22/2022 00:00:00,51.1945,51.2402,50.3718,51.1945,3500
MCH,2/23/2022 00:00:00,50.9203,50.9203,50.8289,50.8746,900
MCH,2/24/2022 00:00:00,51.0117,51.4231,50.2803,51.4231,8900
MCH,2/25/2022 00:00:00,51.6059,51.6059,51.1031,51.1945,3200
MCH,2/28/2022 00:00:00,52.1087,52.1087,50.646,51.2402,2800
MCH,3/1/2022 00:00:00,51.1945,51.1945,51.1031,51.1031,1200
MCH,3/2/2022 00:00:00,51.0117,51.1945,50.2803,50.4632,9500
MCH,3/3/2022 00:00:00,51.1031,51.1031,50.8289,50.8746,2600
MCH,3/4/2022 00:00:00,50.966,50.966,50.8289,50.8289,10700
MCH,3/7/2022 00:00:00,50.5089,50.966,50.5089,50.9203,9100
MCH,3/8/2022 00:00:00,50.5546,50.8746,50.0518,50.0518,12900
MCH,3/9/2022 00:00:00,50.0518,50.7374,49.8233,50.2803,9600
MCH,3/10/2022 00:00:00,50.2803,50.7374,50.1889,50.7374,10500
MCH,3/11/2022 00:00:00,52.1087,52.1087,50.2803,50.7374,6700
MCH,3/14/2022 00:00:00,50.5089,50.7374,49.6404,50.6917,7400
MCH,3/15/2022 00:00:00,49.8233,50.2803,49.6404,50.1889,1700
MCH,3/16/2022 00:00:00,49.9147,50.1432,49.6404,50.1432,11200
MCH,3/17/2022 00:00:00,50.0518,50.0518,49.8233,49.8233,2300
MCH,3/18/2022 00:00:00,50.2803,50.2803,49.8233,50.2803,4400
MCH,3/21/2022 00:00:00,50.7374,50.7374,49.869,49.869,1800
MCH,3/22/2022 00:00:00,50.7374,50.7374,49.8233,50.2803,17500
MCH,3/23/2022 00:00:00,50.0975,53.48,50.0975,53.48,101400
MCH,3/24/2022 00:00:00,53.48,53.48,51.0574,52.4744,17500
MCH,3/25/2022 00:00:00,51.1945,51.1945,51.1945,51.1945,3100
MCH,3/28/2022 00:00:00,51.2402,51.2402,51.0574,51.1945,10300
MCH,3/29/2022 00:00:00,51.1945,52.5201,50.7374,51.6973,32600
MCH,3/30/2022 00:00:00,53.48,53.48,51.6516,51.8802,12400
MCH,3/31/2022 00:00:00,52.0173,52.9772,50.7374,52.8858,6600
MCH,4/1/2022 00:00:00,50.7832,52.5658,50.7832,52.5201,3900
MCH,4/4/2022 00:00:00,52.5201,52.5658,51.8802,52.5658,76000
MCH,4/5/2022 00:00:00,52.5201,52.9315,51.8802,52.7487,68200
MCH,4/6/2022 00:00:00,53.0229,53.0229,51.1945,52.4744,1800
MCH,4/7/2022 00:00:00,51.9259,52.1087,51.6516,52.1087,11000
MCH,4/8/2022 00:00:00,52.1087,52.1087,51.2402,51.286,3700
MCH,4/12/2022 00:00:00,51.286,51.6516,50.8289,51.3317,11500
MCH,4/13/2022 00:00:00,52.063,52.063,51.1945,51.1945,11900
MCH,4/14/2022 00:00:00,51.6516,52.1087,51.1945,52.063,6100
MCH,4/15/2022 00:00:00,52.1087,52.1544,51.1945,51.1945,6000
MCH,4/18/2022 00:00:00,52.1087,52.9772,51.6516,51.6516,12400
MCH,4/19/2022 00:00:00,52.5658,54.7599,51.6516,51.6973,4000
MCH,4/20/2022 00:00:00,53.9371,53.9371,50.7374,50.7374,62400
MCH,4/21/2022 00:00:00,52.5201,52.5201,50.5089,50.966,84700
MCH,4/22/2022 00:00:00,52.1087,52.1087,50.2803,50.7374,64500
MCH,4/25/2022 00:00:00,52.0173,52.0173,48.9091,50.7374,33400
MCH,4/26/2022 00:00:00,48.452,50.1889,48.4063,50.1889,1700
MCH,4/27/2022 00:00:00,51.1031,51.1031,48.452,48.452,1800
MCH,4/28/2022 00:00:00,51.1031,51.1031,48.7719,50.0518,3000
MCH,4/29/2022 00:00:00,50.966,50.966,49.1833,50.0518,2400
MCH,5/4/2022 00:00:00,50.2803,50.2803,49.7318,49.8233,6200
MCH,5/5/2022 00:00:00,50.2803,50.2803,49.3662,49.3662,1700
MCH,5/6/2022 00:00:00,49.3662,50.5089,47.6292,49.3662,3200
MCH,5/9/2022 00:00:00,49.3662,49.3662,49.2747,49.2747,400
MCH,5/10/2022 00:00:00,48.8634,48.8634,48.2234,48.2234,1400
MCH,5/11/2022 00:00:00,50.966,50.966,48.9091,49.3662,15500
MCH,5/12/2022 00:00:00,50.9203,50.9203,49.3662,50.2346,600
MCH,5/13/2022 00:00:00,45.7094,47.9949,45.7094,47.9492,2200
MCH,5/16/2022 00:00:00,47.9949,49.3662,46.6236,46.6236,3700
MCH,5/17/2022 00:00:00,48.9091,48.9091,46.1665,47.5378,3200
MCH,5/18/2022 00:00:00,47.9949,47.9949,46.1665,46.8521,2000
MCH,5/19/2022 00:00:00,47.9492,47.9492,46.6236,46.8521,900
MCH,5/20/2022 00:00:00,47.9492,47.9949,46.9436,46.9436,1700
MCH,5/23/2022 00:00:00,47.5378,47.5378,46.6236,47.3092,2400
MCH,5/24/2022 00:00:00,47.9492,47.9492,46.1665,46.3036,1600
MCH,5/25/2022 00:00:00,47.9492,47.9492,46.1665,46.3036,1300
MCH,5/26/2022 00:00:00,52.1087,52.1087,46.6693,46.8521,900
MCH,5/27/2022 00:00:00,47.3092,47.3092,46.1665,46.8521,12400
MCH,5/30/2022 00:00:00,46.6236,46.8521,45.7551,45.938,5600
MCH,5/31/2022 00:00:00,51.6516,51.6516,45.8465,47.035,4700
MCH,6/1/2022 00:00:00,45.8465,46.1665,45.7094,46.1208,8600
MCH,6/2/2022 00:00:00,47.0807,47.0807,45.7094,45.7094,10700
MCH,6/3/2022 00:00:00,45.7094,45.7094,45.7094,45.7094,4000
MCH,6/6/2022 00:00:00,45.7094,45.7094,45.2523,45.7094,6200
MCH,6/7/2022 00:00:00,45.2523,45.7094,44.2924,45.2523,6000
MCH,6/8/2022 00:00:00,46.1665,46.2122,46.1665,46.1665,25200
MCH,6/9/2022 00:00:00,46.5779,46.5779,45.7094,45.7094,1700
MCH,6/10/2022 00:00:00,45.7094,46.2579,45.7094,45.7094,1500
MCH,6/13/2022 00:00:00,45.4809,45.7094,45.0238,45.0238,7400
MCH,6/14/2022 00:00:00,45.2523,46.6236,45.2523,45.2523,26100
MCH,6/15/2022 00:00:00,49.7775,49.7775,44.3381,45.2523,3400
MCH,6/16/2022 00:00:00,45.1152,46.6236,45.1152,45.6637,25200
MCH,6/17/2022 00:00:00,45.6637,45.6637,44.3381,44.7952,1200
MCH,6/20/2022 00:00:00,45.7094,46.1665,44.1096,45.0695,1800
MCH,6/21/2022 00:00:00,44.4295,45.6637,44.3838,45.1152,5400
MCH,6/22/2022 00:00:00,44.7952,44.7952,44.5667,44.5667,28000
MCH,6/23/2022 00:00:00,43.4696,44.3381,43.4239,44.3381,1400
MCH,6/24/2022 00:00:00,42.784,44.7495,41.1385,44.7495,3200
MCH,6/27/2022 00:00:00,47.9035,47.9035,43.5154,44.7952,9300
MCH,6/28/2022 00:00:00,47.035,47.035,44.3381,44.4295,5800
MCH,6/29/2022 00:00:00,44.7952,44.7952,44.5667,44.5667,10300
MCH,6/30/2022 00:00:00,44.3381,44.5667,44.3381,44.5667,4400
MCH,7/1/2022 00:00:00,43.4239,43.4239,43.4239,43.4239,600
MCH,7/4/2022 00:00:00,43.4239,43.881,43.4239,43.6525,3100
MCH,7/5/2022 00:00:00,43.4696,43.5611,43.4239,43.4239,2400
MCH,7/6/2022 00:00:00,43.4239,43.4239,42.7383,43.2411,600
MCH,7/7/2022 00:00:00,43.4239,43.4239,42.5098,43.0583,700
MCH,7/8/2022 00:00:00,43.0583,43.3782,42.5098,42.5098,11900
MCH,7/11/2022 00:00:00,42.5098,43.1497,42.3269,42.5098,26100
MCH,7/12/2022 00:00:00,42.5098,42.5098,42.2812,42.2812,3600
MCH,7/13/2022 00:00:00,42.5098,42.5555,42.2812,42.2812,3600
MCH,7/14/2022 00:00:00,41.047,42.0527,38.6245,38.6245,32100
MCH,7/15/2022 00:00:00,41.1385,41.2299,38.853,39.4015,15800
MCH,7/18/2022 00:00:00,38.853,39.3101,38.853,39.173,6500
MCH,7/19/2022 00:00:00,39.2644,40.6357,39.2644,40.59,4000
MCH,7/20/2022 00:00:00,40.2243,41.1385,40.2243,41.047,5800
MCH,7/21/2022 00:00:00,41.1385,42.1898,41.0013,42.1898,22700
MCH,7/22/2022 00:00:00,42.1441,43.3782,41.5956,42.0527,4600
MCH,7/25/2022 00:00:00,43.5154,43.5154,41.1385,41.1385,17900
MCH,7/26/2022 00:00:00,42.2355,43.4239,41.1385,43.1954,13500
MCH,7/27/2022 00:00:00,43.4239,43.4239,41.5956,43.2411,2000
MCH,7/28/2022 00:00:00,42.0984,42.9668,42.0527,42.0527,3900
MCH,7/29/2022 00:00:00,43.1954,43.1954,40.7271,42.9668,5900
MCH,8/1/2022 00:00:00,43.3782,43.3782,41.1842,42.464,8100
MCH,8/2/2022 00:00:00,42.464,43.3782,42.2812,43.3782,36800
MCH,8/3/2022 00:00:00,42.9668,45.2066,42.9668,43.0126,7900
MCH,8/4/2022 00:00:00,43.5154,44.7952,43.0126,43.881,9000
MCH,8/5/2022 00:00:00,44.7038,44.7038,43.4696,44.6581,1900
MCH,8/8/2022 00:00:00,43.4239,48.2234,43.4239,48.2234,53200
MCH,8/9/2022 00:00:00,45.2523,47.4921,45.2523,47.4921,28200
MCH,8/10/2022 00:00:00,44.6581,47.9492,44.6581,46.6236,23300
MCH,8/11/2022 00:00:00,44.8409,47.5378,44.8409,47.5378,11100
MCH,8/12/2022 00:00:00,47.0807,47.3092,47.0807,47.3092,1400
MCH,8/15/2022 00:00:00,47.0807,47.0807,44.8866,45.7094,1300
MCH,8/16/2022 00:00:00,45.7551,46.6236,45.7094,45.7551,2500
MCH,8/17/2022 00:00:00,46.6236,46.6236,45.7551,45.7551,2000
MCH,8/18/2022 00:00:00,45.7094,45.7551,45.7094,45.7094,3300
MCH,8/19/2022 00:00:00,46.6236,46.6236,45.5266,46.1665,4300
MCH,8/22/2022 00:00:00,46.3036,46.3036,45.2523,45.2523,3800
MCH,8/23/2022 00:00:00,44.6581,44.7952,44.3381,44.7952,2000
MCH,8/24/2022 00:00:00,44.5667,45.4352,44.5667,45.0238,2200
MCH,8/25/2022 00:00:00,47.2178,47.2178,44.5667,44.5667,14300
MCH,8/26/2022 00:00:00,44.4295,44.4295,43.4239,43.4696,17500
MCH,8/29/2022 00:00:00,43.9725,44.7952,43.4239,44.7952,5100
MCH,8/30/2022 00:00:00,45.7094,45.7094,44.7952,45.7094,25600
MCH,8/31/2022 00:00:00,45.2523,45.2523,45.2523,45.2523,600
MCH,9/5/2022 00:00:00,43.881,43.9725,43.881,43.881,8100
MCH,9/6/2022 00:00:00,43.9267,43.9725,43.9267,43.9725,2700
MCH,9/7/2022 00:00:00,43.9267,43.9267,43.881,43.881,3400
MCH,9/8/2022 00:00:00,43.9267,45.6637,43.9267,45.2523,800
MCH,9/9/2022 00:00:00,44.5667,45.2066,44.3381,44.4295,1700
MCH,9/12/2022 00:00:00,44.8866,44.8866,44.3381,44.3381,600
MCH,9/13/2022 00:00:00,45.1609,45.3437,43.9725,45.2523,49100
MCH,9/14/2022 00:00:00,43.6982,45.6637,43.6525,45.6637,8000
MCH,9/15/2022 00:00:00,45.7094,45.7094,45.2523,45.2523,12500
MCH,9/16/2022 00:00:00,45.5723,45.5723,44.7952,44.7952,4100
MCH,9/19/2022 00:00:00,43.881,44.9323,43.881,43.9725,2800
MCH,9/20/2022 00:00:00,43.881,43.881,43.4696,43.6982,2300
MCH,9/21/2022 00:00:00,43.6982,43.7439,43.6982,43.7439,400
MCH,9/22/2022 00:00:00,43.7439,43.7439,43.4239,43.7439,10900
MCH,9/23/2022 00:00:00,43.7439,43.7439,43.6525,43.7439,2700
MCH,9/26/2022 00:00:00,43.6525,43.6525,43.0126,43.0126,8300
MCH,9/27/2022 00:00:00,44.3381,44.3381,43.0126,43.0583,2100
MCH,9/28/2022 00:00:00,43.5611,43.5611,43.4239,43.4239,600
MCH,9/29/2022 00:00:00,43.8353,43.8353,43.0126,43.0126,1700
MCH,9/30/2022 00:00:00,42.9668,42.9668,42.5098,42.7383,7900
MCH,10/3/2022 00:00:00,42.0527,42.2812,41.1385,42.2812,10400
MCH,10/4/2022 00:00:00,41.8241,42.0527,40.9099,40.9099,6300
MCH,10/6/2022 00:00:00,41.1385,41.1385,40.8185,40.8185,3500
MCH,10/7/2022 00:00:00,40.4528,40.4528,35.6076,36.5675,37400
MCH,10/10/2022 00:00:00,37.0246,37.0246,33.5964,36.5675,39700
MCH,10/11/2022 00:00:00,36.5675,36.5675,33.3679,34.2821,36700
MCH,10/12/2022 00:00:00,33.7793,33.825,29.6654,32.4537,94000
MCH,10/13/2022 00:00:00,31.9966,32.7279,31.9966,32.4537,51900
MCH,10/14/2022 00:00:00,32.4537,33.1393,31.9966,32.4537,89400
MCH,10/17/2022 00:00:00,32.2251,32.9108,31.5395,31.9966,111900
MCH,10/18/2022 00:00:00,31.9966,33.1393,31.9966,33.1393,38300
MCH,10/19/2022 00:00:00,32.9108,35.1048,32.9108,34.7392,17900
MCH,10/20/2022 00:00:00,34.2821,34.3278,33.5964,34.1449,10500
MCH,10/21/2022 00:00:00,33.5964,33.7335,32.8194,33.2307,38600
MCH,10/24/2022 00:00:00,33.185,33.185,31.9966,31.9966,15200
MCH,10/25/2022 00:00:00,31.9966,33.3679,30.1682,32.9108,26600
MCH,10/26/2022 00:00:00,33.3679,34.2821,32.9108,32.9108,11900
MCH,10/27/2022 00:00:00,32.9108,33.7335,32.9108,33.3679,20300
MCH,10/28/2022 00:00:00,33.5964,33.7335,32.4994,32.4994,15200
MCH,10/31/2022 00:00:00,33.2307,33.3679,31.9966,33.3679,11100
MCH,11/1/2022 00:00:00,32.0423,33.0479,31.9966,32.1794,1800
MCH,11/2/2022 00:00:00,33.3222,33.3222,32.088,32.1337,2000
MCH,11/3/2022 00:00:00,32.3623,32.7736,32.2251,32.2251,1800
MCH,11/4/2022 00:00:00,32.0423,32.4537,32.0423,32.408,8200
MCH,11/7/2022 00:00:00,32.0423,32.0423,31.9966,31.9966,10100
MCH,11/8/2022 00:00:00,31.768,32.0423,31.768,31.9966,28400
MCH,11/9/2022 00:00:00,32.9108,32.9108,31.9966,31.9966,4000
MCH,11/10/2022 00:00:00,31.9966,32.1337,31.5395,32.1337,17000
MCH,11/11/2022 00:00:00,31.9966,32.4537,31.5395,31.7223,31000
MCH,11/14/2022 00:00:00,31.9052,32.1337,31.768,31.9966,32800
MCH,11/15/2022 00:00:00,31.9509,31.9966,31.7223,31.9966,38100
MCH,11/16/2022 00:00:00,31.5395,32.6365,31.0824,31.9966,54900
MCH,11/17/2022 00:00:00,32.2251,32.4537,31.4938,31.9966,15400
MCH,11/18/2022 00:00:00,31.5395,31.9966,31.5395,31.9509,7100
MCH,11/21/2022 00:00:00,31.8595,32.2251,31.7223,31.9966,7800
MCH,11/22/2022 00:00:00,31.9052,32.2251,31.768,31.9966,37200
MCH,11/23/2022 00:00:00,31.9966,31.9966,31.8595,31.9966,3700
MCH,11/24/2022 00:00:00,31.9966,31.9966,31.9052,31.9966,18200
MCH,11/25/2022 00:00:00,31.9966,32.2251,31.8595,31.9966,5300
MCH,11/28/2022 00:00:00,32.0423,32.2251,31.9966,32.1337,22000
MCH,11/29/2022 00:00:00,32.1794,32.4537,32.0423,32.0423,13200
MCH,11/30/2022 00:00:00,32.4537,33.1393,32.2251,32.9108,33000
MCH,12/1/2022 00:00:00,33.3222,33.825,32.6822,33.825,61800
MCH,12/2/2022 00:00:00,34.2821,36.5218,33.825,34.3278,14200
MCH,12/5/2022 00:00:00,34.1906,34.9677,34.1906,34.922,16400
MCH,12/6/2022 00:00:00,34.922,34.9677,34.1449,34.7392,35000
MCH,12/7/2022 00:00:00,34.6934,34.7392,33.9164,34.7392,20700
MCH,12/8/2022 00:00:00,34.0535,34.7392,34.0535,34.7392,50900
MCH,12/9/2022 00:00:00,34.1906,34.922,34.1906,34.922,48700
MCH,12/12/2022 00:00:00,34.7392,34.7392,34.2821,34.7392,53000
MCH,12/13/2022 00:00:00,34.2821,34.7392,34.2821,34.7392,56500
MCH,12/14/2022 00:00:00,34.7392,34.7392,34.2821,34.7392,53300
MCH,12/15/2022 00:00:00,34.7392,35.1505,34.3735,35.1505,21000
MCH,12/16/2022 00:00:00,34.9677,34.9677,34.7392,34.7849,25000
MCH,12/19/2022 00:00:00,34.7849,35.1962,34.4649,35.1962,21600
MCH,12/20/2022 00:00:00,34.5563,35.1962,34.5563,35.1962,48700
MCH,12/21/2022 00:00:00,35.1962,35.1962,34.7392,34.9677,24000
MCH,12/22/2022 00:00:00,34.7849,35.1962,34.7849,35.1962,6200
MCH,12/23/2022 00:00:00,34.8306,35.1962,34.8306,35.1962,50400
MCH,12/26/2022 00:00:00,35.0591,35.1962,34.7392,35.1962,52600
MCH,12/27/2022 00:00:00,34.9677,34.9677,34.5106,34.6477,7300
MCH,12/28/2022 00:00:00,34.2821,34.7392,31.9966,34.0992,12700
MCH,12/29/2022 00:00:00,34.0992,34.7849,34.0992,34.7392,7100
MCH,12/30/2022 00:00:00,34.4649,34.4649,34.1906,34.1906,1000
MCH,1/3/2023 00:00:00,34.1906,34.1906,33.825,34.0535,7100
MCH,1/4/2023 00:00:00,34.0078,34.1449,34.0078,34.0992,7000
MCH,1/5/2023 00:00:00,34.0535,34.0535,33.5964,33.5964,7700
MCH,1/6/2023 00:00:00,33.8707,33.8707,31.9966,33.3679,23000
MCH,1/9/2023 00:00:00,32.8651,32.9108,32.8194,32.8194,20700
MCH,1/10/2023 00:00:00,32.9108,32.9108,32.6822,32.6822,10700
MCH,1/11/2023 00:00:00,32.4994,32.8651,32.4994,32.7736,4700
MCH,1/12/2023 00:00:00,32.6822,32.6822,32.4537,32.4537,10900
MCH,1/13/2023 00:00:00,32.4537,32.9108,32.0423,32.4537,54700
MCH,1/16/2023 00:00:00,32.5908,33.3222,32.5908,32.9108,162100
MCH,1/17/2023 00:00:00,32.9108,33.3679,32.9108,33.2764,22200
MCH,1/18/2023 00:00:00,33.2307,34.0535,33.1393,33.185,28700
MCH,1/19/2023 00:00:00,33.4136,34.0535,33.3679,33.7793,4500
MCH,1/27/2023 00:00:00,33.5507,35.6533,33.5507,33.9164,6200
MCH,1/30/2023 00:00:00,34.0535,34.5106,34.0535,34.5106,29400
MCH,1/31/2023 00:00:00,34.2821,34.3278,33.825,33.825,45800
MCH,2/1/2023 00:00:00,33.825,34.1449,33.3679,33.3679,51800
MCH,2/2/2023 00:00:00,33.3679,33.5507,32.6822,32.6822,68500
MCH,2/3/2023 00:00:00,32.9108,33.3222,32.9108,33.2764,16400
MCH,2/6/2023 00:00:00,32.9565,33.3222,32.9565,33.0022,15500
MCH,2/7/2023 00:00:00,33.0022,33.0022,32.9108,32.9108,15700
MCH,2/8/2023 00:00:00,32.9108,33.0022,32.7736,33.0022,8600
MCH,2/9/2023 00:00:00,33.0022,33.3679,33.0022,33.3679,8200
MCH,2/10/2023 00:00:00,33.4593,33.5507,33.1393,33.3679,10200
MCH,2/13/2023 00:00:00,33.3222,33.4593,33.1393,33.1393,8000
MCH,2/14/2023 00:00:00,33.3222,33.3222,32.6822,32.6822,3800
MCH,2/15/2023 00:00:00,32.9565,33.825,32.9565,33.0479,10100
MCH,2/16/2023 00:00:00,33.3679,33.5964,33.3222,33.3222,9800
MCH,2/17/2023 00:00:00,33.505,33.505,33.3679,33.3679,13000
MCH,2/20/2023 00:00:00,33.4136,33.5964,33.1393,33.5964,14800
MCH,2/21/2023 00:00:00,33.7793,33.825,33.505,33.825,28800
MCH,2/22/2023 00:00:00,33.3679,33.825,33.3222,33.825,12000
MCH,2/23/2023 00:00:00,33.5507,33.825,33.185,33.505,7700
MCH,2/24/2023 00:00:00,33.4593,33.7793,33.3679,33.7793,24900
MCH,2/27/2023 00:00:00,33.1393,33.6878,29.2083,32.7736,41500
MCH,2/28/2023 00:00:00,33.505,33.5964,32.9108,32.9108,20100
MCH,3/1/2023 00:00:00,33.3679,33.3679,32.6822,33.1393,23300
MCH,3/2/2023 00:00:00,33.1393,33.1393,32.9108,32.9108,39200
MCH,3/3/2023 00:00:00,32.9108,32.9565,31.5395,31.5395,98800
MCH,3/6/2023 00:00:00,31.9966,32.408,31.5395,31.9966,108300
MCH,3/7/2023 00:00:00,31.9966,31.9966,31.5395,31.5395,18700
MCH,3/8/2023 00:00:00,31.7223,31.8137,31.5395,31.5395,13800
MCH,3/9/2023 00:00:00,31.5395,31.6309,31.5395,31.5395,7200
MCH,3/10/2023 00:00:00,31.6309,31.6309,31.1281,31.1281,15700
MCH,3/13/2023 00:00:00,31.1738,31.3567,31.0824,31.0824,12600
MCH,3/14/2023 00:00:00,31.1281,31.1281,30.4425,30.671,8900
MCH,3/15/2023 00:00:00,30.6253,31.1738,30.6253,31.1281,5800
MCH,3/16/2023 00:00:00,30.671,30.8538,30.5796,30.6253,9200
MCH,3/17/2023 00:00:00,30.6253,31.0824,30.6253,30.9453,2100
MCH,3/20/2023 00:00:00,30.6253,30.6253,30.5796,30.5796,5900
MCH,3/21/2023 00:00:00,30.6253,30.6253,30.1682,30.4425,10900
MCH,3/22/2023 00:00:00,30.4425,31.9966,30.4425,30.4425,13300
MCH,3/23/2023 00:00:00,30.3053,30.3053,30.1682,30.1682,5300
MCH,3/24/2023 00:00:00,30.2596,30.2596,29.9397,29.9397,15500
MCH,3/27/2023 00:00:00,30.0768,30.0768,29.7111,29.7111,32200
MCH,3/28/2023 00:00:00,29.8025,29.9397,29.7111,29.7111,12600
MCH,3/29/2023 00:00:00,29.7111,29.7111,29.574,29.574,9100
MCH,3/30/2023 00:00:00,29.7111,30.6253,29.7111,29.9397,24800
MCH,3/31/2023 00:00:00,30.0768,30.1682,29.9854,30.0311,4400
MCH,4/3/2023 00:00:00,31.4938,31.4938,30.1225,30.4425,9200
MCH,4/4/2023 00:00:00,30.3968,30.3968,29.9397,30.1682,10800
MCH,4/5/2023 00:00:00,30.4425,30.8538,30.4425,30.4882,7100
MCH,4/6/2023 00:00:00,30.5339,30.6253,30.2139,30.2139,15000
MCH,4/7/2023 00:00:00,30.1682,30.2596,29.9854,30.0768,9600
MCH,4/10/2023 00:00:00,29.9397,30.1225,29.7111,29.7568,17000
MCH,4/11/2023 00:00:00,29.7568,30.1682,29.7111,29.7111,6700
MCH,4/12/2023 00:00:00,30.0311,30.5796,30.0311,30.5796,18400
MCH,4/13/2023 00:00:00,29.7111,30.3968,29.7111,30.3968,8000
MCH,4/14/2023 00:00:00,29.9397,30.2139,29.8482,29.8482,4500
MCH,4/17/2023 00:00:00,29.8482,29.894,29.6654,29.894,5700
MCH,4/18/2023 00:00:00,29.7568,29.8482,29.6654,29.7111,10800
MCH,4/19/2023 00:00:00,29.6197,29.7111,29.3454,29.3454,41100
MCH,4/20/2023 00:00:00,29.5283,29.574,29.3454,29.3911,28400
MCH,4/21/2023 00:00:00,29.4826,29.5283,29.4369,29.4826,92500
MCH,4/24/2023 00:00:00,29.4826,29.6654,29.4826,29.4826,71600
MCH,4/25/2023 00:00:00,29.4826,29.4826,29.254,29.4369,22000
MCH,4/26/2023 00:00:00,29.3911,29.3911,28.7969,28.8426,22000
MCH,4/27/2023 00:00:00,28.7969,29.254,27.9284,27.9284,30500
MCH,4/28/2023 00:00:00,29.2083,29.7111,28.0656,28.0656,25700
MCH,5/4/2023 00:00:00,29.7111,29.7111,27.8827,28.1113,139400
MCH,5/5/2023 00:00:00,27.9742,29.254,27.9742,29.2083,69500
MCH,5/8/2023 00:00:00,29.3911,29.9397,29.3454,29.9397,54200
MCH,5/9/2023 00:00:00,29.8025,30.8996,29.8025,30.8996,40500
MCH,5/10/2023 00:00:00,30.5339,31.6766,30.3053,31.0824,144800
MCH,5/11/2023 00:00:00,31.0824,32.6822,31.0824,32.088,125600
MCH,5/12/2023 00:00:00,32.9108,33.4593,31.9966,33.3222,113100
MCH,5/15/2023 00:00:00,33.3679,33.3679,32.4994,33.1393,30700
MCH,5/16/2023 00:00:00,33.3679,33.3679,32.6822,33.185,46400
MCH,5/17/2023 00:00:00,32.7736,33.185,32.4537,33.1393,82200
MCH,5/18/2023 00:00:00,33.185,33.185,32.7736,33.1393,13900
MCH,5/19/2023 00:00:00,32.8194,33.1393,32.7279,33.1393,50100
MCH,5/22/2023 00:00:00,33.1393,33.825,33.0936,33.0936,132500
MCH,5/23/2023 00:00:00,33.1393,33.3679,32.4994,33.3679,24600
MCH,5/24/2023 00:00:00,32.9108,33.3679,32.7279,33.3679,22100
MCH,5/25/2023 00:00:00,32.7279,33.7793,32.7279,33.7793,18400
MCH,5/26/2023 00:00:00,33.185,33.6878,33.185,33.3222,2800
MCH,5/29/2023 00:00:00,33.3679,33.7793,33.185,33.7335,28300
MCH,5/30/2023 00:00:00,33.3679,33.9621,33.3679,33.9621,23300
MCH,5/31/2023 00:00:00,33.7793,34.0535,33.5964,33.7793,16000
MCH,6/1/2023 00:00:00,32.9565,34.2821,32.9565,34.2821,34700
MCH,6/2/2023 00:00:00,33.185,33.8707,33.185,33.8707,18700
MCH,6/5/2023 00:00:00,33.7335,34.0535,33.5964,33.825,11300
MCH,6/6/2023 00:00:00,33.5964,34.2821,33.5964,34.0535,30000
MCH,6/7/2023 00:00:00,33.9164,34.0535,33.825,34.0078,5800
MCH,6/8/2023 00:00:00,34.0535,34.0535,33.825,33.9164,5800
MCH,6/9/2023 00:00:00,33.4593,33.9164,33.4593,33.5964,27100
MCH,6/12/2023 00:00:00,33.825,33.825,32.3166,32.3166,27800
MCH,6/13/2023 00:00:00,33.3222,33.6878,32.8194,33.3679,6800
MCH,6/14/2023 00:00:00,33.3679,34.0535,33.1393,33.825,40400
MCH,6/15/2023 00:00:00,33.5964,33.5964,33.505,33.5964,11500
MCH,6/16/2023 00:00:00,33.5964,33.5964,33.3679,33.3679,32800
MCH,6/19/2023 00:00:00,33.5507,33.5507,33.0936,33.0936,59100
MCH,6/20/2023 00:00:00,33.5507,33.825,33.2307,33.2307,6700
MCH,6/21/2023 00:00:00,33.3679,33.3679,32.9565,33.3679,5100
MCH,6/22/2023 00:00:00,33.2764,33.3679,33.2307,33.3222,9400
MCH,6/23/2023 00:00:00,33.3679,33.3679,33.2764,33.2764,11700
MCH,6/26/2023 00:00:00,33.3222,33.3222,31.3109,33.2764,27500
MCH,6/27/2023 00:00:00,33.3679,33.3679,33.0936,33.2307,42600
MCH,6/28/2023 00:00:00,33.1393,33.185,33.0936,33.185,14500
MCH,6/29/2023 00:00:00,33.1393,33.1393,32.9108,33.0022,25600
MCH,6/30/2023 00:00:00,32.9108,32.9565,32.9108,32.9108,11000
MCH,7/3/2023 00:00:00,32.6822,32.8194,32.4537,32.7279,8200
MCH,7/4/2023 00:00:00,32.7736,32.7736,32.7279,32.7279,3700
MCH,7/5/2023 00:00:00,32.7736,32.8194,32.7736,32.8194,5700
MCH,7/6/2023 00:00:00,32.6822,32.6822,31.9966,32.4994,16400
MCH,7/7/2023 00:00:00,32.4994,32.4994,31.9966,32.3623,13400
MCH,7/10/2023 00:00:00,32.3623,33.7335,32.3623,33.3679,66300
MCH,7/11/2023 00:00:00,34.2821,34.7392,34.2821,34.4649,44100
MCH,7/12/2023 00:00:00,34.9677,34.9677,34.5106,34.602,34700
MCH,7/13/2023 00:00:00,34.6934,35.4248,34.5563,35.4248,49600
MCH,7/14/2023 00:00:00,35.4248,35.5162,35.1962,35.5162,30800
MCH,7/17/2023 00:00:00,35.5162,36.6132,35.5162,36.5675,87100
MCH,7/18/2023 00:00:00,36.4761,36.8636,36.4761,36.6699,19600
MCH,7/19/2023 00:00:00,36.8152,37.784,36.8152,36.8152,19700
MCH,7/20/2023 00:00:00,36.6699,36.7668,35.7979,36.4277,23000
MCH,7/21/2023 00:00:00,36.4277,36.8152,36.0886,36.4277,21400
MCH,7/24/2023 00:00:00,36.4277,36.573,36.3308,36.4277,38400
MCH,7/25/2023 00:00:00,36.3792,36.4277,36.2339,36.2339,17800
MCH,7/26/2023 00:00:00,36.2823,36.3792,35.8464,36.3792,26400
MCH,7/27/2023 00:00:00,36.3792,36.8152,36.0401,36.573,10700
MCH,7/28/2023 00:00:00,36.3308,36.4277,36.2823,36.3308,7000
MCH,7/31/2023 00:00:00,36.8152,38.2684,36.3308,36.8152,28500
MCH,8/1/2023 00:00:00,36.8636,37.7356,36.8636,37.7356,32900
MCH,8/2/2023 00:00:00,37.5903,37.5903,37.4449,37.4449,2500
MCH,8/3/2023 00:00:00,37.7356,37.8809,37.4449,37.8809,52700
MCH,8/4/2023 00:00:00,37.8809,38.5591,37.8809,38.5591,32200
MCH,8/7/2023 00:00:00,38.2684,38.6075,38.1715,38.6075,13400
MCH,8/8/2023 00:00:00,38.5591,39.6732,38.5591,39.6732,25400
MCH,8/9/2023 00:00:00,39.2372,39.9639,39.2372,39.9639,36200
MCH,8/10/2023 00:00:00,39.9639,40.2061,39.7701,40.2061,34400
MCH,8/11/2023 00:00:00,40.2061,40.2061,39.7217,39.9639,30800
MCH,8/14/2023 00:00:00,39.7217,40.3998,39.7217,40.2061,29300
MCH,8/15/2023 00:00:00,40.1092,40.3514,39.9639,40.2061,6800
MCH,8/16/2023 00:00:00,39.7217,40.1092,39.7217,40.1092,15700
MCH,8/17/2023 00:00:00,39.867,40.1576,39.7217,39.7217,18800
MCH,8/18/2023 00:00:00,39.4795,39.5279,37.5418,38.0747,36500
MCH,8/21/2023 00:00:00,38.1715,38.7528,37.8325,38.0262,48500
MCH,8/22/2023 00:00:00,38.0262,38.7528,37.8325,38.7528,56200
MCH,8/23/2023 00:00:00,38.3653,38.4137,38.2684,38.3169,9900
MCH,8/24/2023 00:00:00,38.22,38.5106,38.22,38.5106,3300
MCH,8/25/2023 00:00:00,38.5106,39.2372,38.5106,38.9466,4300
MCH,8/28/2023 00:00:00,38.8982,38.995,38.8982,38.995,10900
MCH,8/29/2023 00:00:00,38.9466,39.2857,38.9466,39.2372,12300
MCH,8/30/2023 00:00:00,39.2372,39.7217,39.2372,39.5763,17400
MCH,8/31/2023 00:00:00,39.5279,39.5279,39.1888,39.431,9800
MCH,9/5/2023 00:00:00,39.3341,39.6732,39.3341,39.4795,72000
MCH,9/6/2023 00:00:00,39.3826,39.5279,39.3341,39.4795,18300
MCH,9/7/2023 00:00:00,39.4795,39.4795,38.22,38.22,31700
MCH,9/8/2023 00:00:00,38.656,39.2857,38.656,39.0435,8200
MCH,9/11/2023 00:00:00,38.995,39.0435,38.7044,38.7044,3200
MCH,9/12/2023 00:00:00,38.7044,38.8013,38.5106,38.7044,9800
MCH,9/13/2023 00:00:00,38.6075,38.6075,38.3169,38.5106,17000
MCH,9/14/2023 00:00:00,38.4622,38.6075,38.4622,38.5591,35500
MCH,9/15/2023 00:00:00,38.5106,38.7528,38.5106,38.7528,4500
MCH,9/18/2023 00:00:00,38.5106,38.656,38.5106,38.5591,10700
MCH,9/19/2023 00:00:00,38.5106,38.5591,38.3653,38.5591,18200
MCH,9/20/2023 00:00:00,38.3169,38.4622,38.3169,38.4622,6200
MCH,9/21/2023 00:00:00,38.4137,38.4137,38.4137,38.4137,4900
MCH,9/22/2023 00:00:00,38.3653,38.3653,38.1231,38.22,6100
MCH,9/25/2023 00:00:00,38.0262,38.22,34.0056,37.5418,9400
MCH,9/26/2023 00:00:00,37.1543,37.1543,35.8464,36.7668,15800
MCH,9/27/2023 00:00:00,36.3792,37.2996,36.3792,37.2996,4700
MCH,9/28/2023 00:00:00,36.8152,36.9121,36.8152,36.8152,24200
MCH,9/29/2023 00:00:00,36.9121,37.0574,36.7183,36.8152,7800
MCH,10/2/2023 00:00:00,36.8152,36.8636,36.8152,36.8636,9000
MCH,10/3/2023 00:00:00,36.8636,36.8636,36.6214,36.8152,46700
MCH,10/4/2023 00:00:00,36.7668,36.7668,36.573,36.573,1900
MCH,10/5/2023 00:00:00,36.6699,36.8152,36.6699,36.7668,47400
MCH,10/6/2023 00:00:00,36.8152,36.8152,36.573,36.7668,5600
MCH,10/9/2023 00:00:00,36.7668,37.7356,36.7668,37.0574,10200
MCH,10/10/2023 00:00:00,37.9778,37.9778,37.784,37.784,400
MCH,10/11/2023 00:00:00,37.8809,37.8809,36.8152,36.8636,5800
MCH,10/12/2023 00:00:00,37.0574,37.6871,36.9121,36.9605,1900
MCH,10/13/2023 00:00:00,37.1543,37.5418,36.9605,37.5418,2600
MCH,10/16/2023 00:00:00,37.2027,37.2996,37.009,37.2027,9500
MCH,10/17/2023 00:00:00,37.0574,37.348,37.0574,37.2996,13700
MCH,10/18/2023 00:00:00,37.4449,37.8809,37.0574,37.6387,38800
MCH,10/19/2023 00:00:00,37.5903,37.5903,37.2996,37.2996,16700
MCH,10/20/2023 00:00:00,37.2996,37.784,37.2996,37.2996,18100
MCH,10/23/2023 00:00:00,37.5903,37.5903,37.2996,37.2996,37400
MCH,10/24/2023 00:00:00,36.8152,37.4449,36.8152,37.2996,40800
MCH,10/25/2023 00:00:00,37.2996,37.3965,37.2996,37.2996,37700
MCH,10/26/2023 00:00:00,37.2996,37.348,36.0886,36.573,30600
MCH,10/27/2023 00:00:00,36.573,36.7183,36.2339,36.3308,87900
MCH,10/30/2023 00:00:00,36.4277,37.0574,36.137,36.8152,38500
MCH,10/31/2023 00:00:00,37.784,37.784,36.3308,36.4761,64500
MCH,11/1/2023 00:00:00,36.7668,36.8152,35.1198,35.8464,97700
MCH,11/2/2023 00:00:00,36.1855,36.3308,35.7979,35.8464,42500
MCH,11/3/2023 00:00:00,35.8948,35.8948,35.1198,35.2651,42500
MCH,11/6/2023 00:00:00,35.4104,35.8464,35.4104,35.8464,39500
MCH,11/7/2023 00:00:00,35.8464,37.3965,35.6526,36.4761,72400
MCH,11/8/2023 00:00:00,36.3308,36.8152,36.3308,36.8152,12400
MCH,11/9/2023 00:00:00,36.7668,37.5418,36.7668,37.5418,36300
MCH,11/10/2023 00:00:00,37.5418,38.7528,37.2512,38.22,47400
MCH,11/13/2023 00:00:00,37.784,38.2684,37.6387,37.6387,12800
MCH,11/14/2023 00:00:00,37.784,37.784,37.0574,37.2996,22900
MCH,11/15/2023 00:00:00,37.7356,38.995,37.7356,38.8982,57700
MCH,11/16/2023 00:00:00,38.9466,39.2372,38.7528,39.2372,25400
MCH,11/17/2023 00:00:00,38.7528,38.8013,37.784,38.7528,10100
MCH,11/20/2023 00:00:00,38.7528,39.1888,38.7044,38.7528,21600
MCH,11/21/2023 00:00:00,38.5106,38.8982,38.5106,38.8982,10300
MCH,11/22/2023 00:00:00,39.2372,39.2857,38.2684,38.5106,38700
MCH,11/23/2023 00:00:00,38.995,38.995,38.3169,38.3169,15200
MCH,11/24/2023 00:00:00,37.8809,38.2684,37.2996,37.2996,108700
MCH,11/27/2023 00:00:00,37.5903,38.7528,37.2996,37.784,17700
MCH,11/28/2023 00:00:00,37.6871,38.2684,37.5903,38.0747,106000
MCH,11/29/2023 00:00:00,38.2684,38.8982,37.8325,38.8982,28100
MCH,11/30/2023 00:00:00,38.2684,39.4795,38.2684,39.4795,108400
MCH,12/1/2023 00:00:00,39.2372,41.2233,39.2372,40.9327,168200
MCH,12/4/2023 00:00:00,40.9327,41.9015,40.9327,41.6593,69500
MCH,12/5/2023 00:00:00,41.1749,42.3859,41.1749,42.3375,82900
MCH,12/6/2023 00:00:00,42.0468,42.3859,41.9499,42.1437,9500
MCH,12/7/2023 00:00:00,42.2406,42.3375,41.8531,42.1437,29300
MCH,12/8/2023 00:00:00,42.1437,42.1437,41.6593,41.6593,33600
MCH,12/11/2023 00:00:00,41.9499,41.9499,41.7562,41.7562,11300
MCH,12/12/2023 00:00:00,41.7562,41.9984,41.7562,41.9015,24900
MCH,12/13/2023 00:00:00,41.8531,41.9499,35.701,41.6593,20500
MCH,12/14/2023 00:00:00,41.6593,41.6593,41.1749,41.514,8600
MCH,12/15/2023 00:00:00,40.2061,42.1922,40.2061,41.514,27200
MCH,12/18/2023 00:00:00,40.2061,42.1437,37.2512,41.4171,38100
MCH,12/19/2023 00:00:00,40.9327,42.0953,40.9327,42.0953,15300
MCH,12/20/2023 00:00:00,41.9015,42.3859,41.8531,41.8531,20600
MCH,12/21/2023 00:00:00,41.8531,42.1437,41.6593,41.9015,8600
MCH,12/22/2023 00:00:00,41.3202,42.3859,41.3202,42.1922,12300
MCH,12/25/2023 00:00:00,42.0953,42.1437,41.9499,42.1437,24600
MCH,12/26/2023 00:00:00,41.8046,42.0953,41.8046,41.8046,54200
MCH,12/27/2023 00:00:00,41.9015,42.1437,41.8531,41.9015,44900
MCH,12/28/2023 00:00:00,41.9984,42.1922,41.9015,42.1437,15800
MCH,12/29/2023 00:00:00,42.2406,42.2406,42.2406,42.2406,4500
MCH,1/2/2024 00:00:00,42.2406,43.3063,42.2406,43.2094,24600
MCH,1/3/2024 00:00:00,43.1125,44.3236,43.1125,44.3236,49200
MCH,1/4/2024 00:00:00,44.3236,44.3236,43.8391,43.8391,38400
MCH,1/5/2024 00:00:00,43.8876,43.8876,43.5969,43.8876,24500
MCH,1/8/2024 00:00:00,44.0814,44.5173,44.0329,44.0814,14800
MCH,1/9/2024 00:00:00,42.6281,44.3236,42.6281,44.2267,21800
MCH,1/10/2024 00:00:00,44.0814,44.2267,43.9845,44.0329,13200
MCH,1/11/2024 00:00:00,43.5969,44.0814,43.5969,43.5969,4000
MCH,1/12/2024 00:00:00,43.6454,43.8391,43.5969,43.8391,27200
MCH,1/15/2024 00:00:00,43.5969,43.7423,43.5969,43.7423,8000
MCH,1/16/2024 00:00:00,43.6454,43.8391,43.5969,43.8391,56800
MCH,1/17/2024 00:00:00,43.8391,44.2267,43.8391,43.936,12300
MCH,1/18/2024 00:00:00,44.0814,44.1298,43.7423,44.0814,31000
MCH,1/19/2024 00:00:00,44.1298,44.2751,44.0814,44.0814,12200
MCH,1/22/2024 00:00:00,44.1298,44.372,44.1298,44.372,20000
MCH,1/23/2024 00:00:00,44.1298,44.372,44.1298,44.372,30700
MCH,1/24/2024 00:00:00,44.3236,44.372,44.3236,44.3236,27200
MCH,1/25/2024 00:00:00,44.5658,44.808,44.5173,44.808,40900
MCH,1/26/2024 00:00:00,44.7111,44.8564,44.7111,44.8564,20400
MCH,1/29/2024 00:00:00,44.9533,45.1471,44.8564,45.0502,112400
MCH,1/30/2024 00:00:00,38.3169,46.5518,38.3169,46.5034,70900
MCH,1/31/2024 00:00:00,46.5034,47.9566,46.455,47.9566,203600
MCH,2/1/2024 00:00:00,47.9566,50.3302,47.9566,49.8458,112200
MCH,2/2/2024 00:00:00,49.8458,50.3787,49.6521,50.1365,129100
MCH,2/5/2024 00:00:00,50.1365,51.3475,50.0396,51.2991,141900
MCH,2/6/2024 00:00:00,50.96,52.3163,50.96,52.3163,67700
MCH,2/7/2024 00:00:00,52.3163,53.2367,51.9288,52.2679,54200
MCH,2/15/2024 00:00:00,53.2851,53.2851,51.8319,52.2679,92500
MCH,2/16/2024 00:00:00,52.2679,52.8007,47.0847,52.5585,71100
MCH,2/19/2024 00:00:00,51.8319,55.7072,51.8319,54.2055,105900
MCH,2/20/2024 00:00:00,54.2055,54.254,53.7696,54.254,115400
MCH,2/21/2024 00:00:00,53.7696,55.2228,53.7696,55.1744,78500
MCH,2/22/2024 00:00:00,54.254,55.1744,54.254,54.7384,19000
MCH,2/23/2024 00:00:00,54.7384,56.1916,54.3993,55.2228,130600
MCH,2/26/2024 00:00:00,55.2228,56.0463,55.1744,55.7556,78000
MCH,2/27/2024 00:00:00,55.5134,56.1916,55.5134,56.1916,47800
MCH,2/28/2024 00:00:00,56.1916,58.5652,56.1916,58.5652,115600
MCH,2/29/2024 00:00:00,58.6137,58.7105,57.8386,58.6137,52500
MCH,3/1/2024 00:00:00,58.6137,59.8247,58.2746,59.5825,41800
MCH,3/4/2024 00:00:00,59.5825,60.7935,59.5825,60.5513,69200
MCH,3/5/2024 00:00:00,61.2779,65.3954,61.2779,65.3954,119200
MCH,3/6/2024 00:00:00,65.3954,67.2362,63.8937,65.8798,129100
MCH,3/7/2024 00:00:00,65.8798,67.3331,65.3954,67.3331,95800
MCH,3/8/2024 00:00:00,67.0909,70.2395,67.0909,69.9973,246000
MCH,3/11/2024 00:00:00,70.2395,72.4194,69.6098,70.2395,146500
MCH,3/12/2024 00:00:00,70.2395,71.0146,68.3019,68.3503,139300
MCH,3/13/2024 00:00:00,68.3988,70.2395,65.9283,67.3331,101000
MCH,3/14/2024 00:00:00,67.3331,67.3331,65.9283,65.9767,68400
MCH,3/15/2024 00:00:00,66.122,66.3642,62.0045,63.4578,147800
MCH,3/18/2024 00:00:00,62.9734,62.9734,57.8871,60.5513,157100
MCH,3/19/2024 00:00:00,60.7935,64.0391,60.7935,63.2156,78200
MCH,3/20/2024 00:00:00,63.2156,63.9422,63.0702,63.7,49400
MCH,3/21/2024 00:00:00,63.7,63.7969,62.4889,63.5062,33300
MCH,3/22/2024 00:00:00,63.4578,63.5547,61.9077,61.9077,32100
MCH,3/25/2024 00:00:00,61.9561,61.9561,60.7935,61.0357,25700
MCH,3/26/2024 00:00:00,61.0357,61.0842,60.4544,60.9388,22600
MCH,3/27/2024 00:00:00,60.842,61.4717,60.842,60.8904,6500
MCH,3/28/2024 00:00:00,61.5201,63.9422,60.8904,63.2156,56600
MCH,3/29/2024 00:00:00,63.7969,66.2673,63.7969,64.5235,42900
MCH,4/1/2024 00:00:00,64.5235,66.558,64.475,66.3642,34400
MCH,4/2/2024 00:00:00,66.3642,66.8486,65.5892,66.8002,16700
MCH,4/3/2024 00:00:00,66.4127,66.8971,65.6376,65.8798,33900
MCH,4/4/2024 00:00:00,65.5407,66.6064,64.7172,66.6064,31000
MCH,4/5/2024 00:00:00,65.3954,66.3642,65.2985,65.9283,23500
MCH,4/8/2024 00:00:00,66.6064,67.2362,66.3642,66.8486,43000
MCH,4/9/2024 00:00:00,66.8486,66.8486,63.4578,64.911,59400
MCH,4/10/2024 00:00:00,63.9422,66.3642,60.5997,60.5997,121900
MCH,4/11/2024 00:00:00,61.5201,66.3642,61.0357,64.475,49100
MCH,4/12/2024 00:00:00,64.4266,65.7345,62.9734,63.5547,59900
MCH,4/15/2024 00:00:00,63.0218,63.9422,62.0045,62.0045,12200
MCH,4/16/2024 00:00:00,62.0045,66.8486,61.5201,66.8486,105200
MCH,4/17/2024 00:00:00,66.8486,67.4299,65.8798,67.2846,78100
MCH,4/19/2024 00:00:00,67.3815,71.3052,66.0736,67.5753,56700
MCH,4/22/2024 00:00:00,69.7551,69.7551,67.3331,69.2707,67600
MCH,4/23/2024 00:00:00,69.1254,69.1254,67.3331,67.3331,25300
MCH,4/24/2024 00:00:00,67.8175,68.2534,66.3642,67.3331,33600
MCH,4/25/2024 00:00:00,67.7206,69.5129,67.2846,67.769,51700
MCH,4/26/2024 00:00:00,67.3815,67.8175,67.3331,67.8175,41200
MCH,5/2/2024 00:00:00,67.8175,70.9661,67.5753,70.9661,165800
MCH,5/3/2024 00:00:00,70.6755,74.2117,70.2395,70.288,282100
MCH,5/6/2024 00:00:00,72.2256,73.0491,70.9661,72.0803,150700
MCH,5/7/2024 00:00:00,72.0803,72.1287,69.7551,69.8035,169600
MCH,5/8/2024 00:00:00,70.1911,72.1287,69.4645,71.6927,130000
MCH,5/9/2024 00:00:00,71.6927,72.0803,71.3537,71.499,107100
MCH,5/10/2024 00:00:00,70.7724,71.6927,70.7724,71.2083,71000
MCH,5/13/2024 00:00:00,71.499,71.499,69.8035,70.4333,88000
MCH,5/14/2024 00:00:00,70.4333,70.5302,69.852,70.0458,69200
MCH,5/15/2024 00:00:00,70.7239,75.0836,70.7239,73.6304,371000
MCH,5/16/2024 00:00:00,74.5992,79.4433,74.5992,78.9589,497600
MCH,5/17/2024 00:00:00,78.9589,85.5469,78.9589,84.5296,257500
MCH,5/20/2024 00:00:00,87.1939,87.1939,83.803,86.3704,449100
MCH,5/21/2024 00:00:00,84.7718,86.661,83.803,84.7718,374500
MCH,5/22/2024 00:00:00,84.7718,86.7095,84.0452,86.2251,331600
MCH,5/23/2024 00:00:00,85.7407,88.1627,85.2562,87.6783,248500
MCH,5/24/2024 00:00:00,87.6299,89.6159,87.1939,89.5675,402900
MCH,5/27/2024 00:00:00,88.6956,89.5675,84.7718,86.7095,195500
MCH,5/28/2024 00:00:00,87.1939,89.8097,87.1939,89.6644,246600
MCH,5/29/2024 00:00:00,90.0519,90.0519,88.1627,88.6471,141900
MCH,5/30/2024 00:00:00,86.7095,89.8581,86.7095,89.8581,132700
MCH,5/31/2024 00:00:00,88.8893,94.9445,88.8893,94.9445,740500
MCH,6/3/2024 00:00:00,95.1867,103.664,94.9445,98.5775,154500
MCH,6/4/2024 00:00:00,98.8197,99.3041,96.3977,99.3041,339500
MCH,6/5/2024 00:00:00,99.3041,100.273,98.0447,100.225,237100
MCH,6/6/2024 00:00:00,99.3041,106.086,99.3041,105.601,386900
MCH,6/7/2024 00:00:00,105.601,107.055,104.633,105.844,185500
MCH,6/10/2024 00:00:00,105.844,107.927,105.844,107.927,403100
MCH,6/11/2024 00:00:00,107.975,107.975,105.601,107.927,174500
MCH,6/12/2024 00:00:00,96.8821,108.266,96.8821,107.055,130300
MCH,6/13/2024 00:00:00,107.297,107.297,105.166,105.844,167600
MCH,6/14/2024 00:00:00,105.844,106.764,104.39,105.844,306700
MCH,6/17/2024 00:00:00,105.117,106.377,104.148,106.037,272500
MCH,6/18/2024 00:00:00,106.328,106.328,102.986,105.359,117200
MCH,6/19/2024 00:00:00,105.117,106.086,102.695,105.892,241200
MCH,6/20/2024 00:00:00,106.086,107.297,104.972,106.861,348000
MCH,6/21/2024 00:00:00,106.377,106.861,106.086,106.813,219400
MCH,6/24/2024 00:00:00,107.345,108.363,105.117,106.716,535800
MCH,6/25/2024 00:00:00,106.716,107.152,105.601,106.522,86300
MCH,6/26/2024 00:00:00,106.231,107.055,104.633,107.055,153400
MCH,6/27/2024 00:00:00,107.055,109.186,106.086,108.024,502400
MCH,6/28/2024 00:00:00,107.636,108.024,105.941,107.539,227700
MCH,7/1/2024 00:00:00,107.539,107.539,106.086,107.539,194900
MCH,7/2/2024 00:00:00,110.29,110.29,108.303,108.899,369300
MCH,7/3/2024 00:00:00,108.849,108.949,107.359,108.949,248500
MCH,7/4/2024 00:00:00,108.949,108.949,107.607,108.601,107600
MCH,7/5/2024 00:00:00,107.905,108.8,107.558,108.204,141400
MCH,7/8/2024 00:00:00,107.756,108.949,105.819,108.551,276400
MCH,7/9/2024 00:00:00,108.551,108.551,107.558,108.502,86300
MCH,7/10/2024 00:00:00,108.303,108.303,106.365,106.365,67000
MCH,7/11/2024 00:00:00,106.365,107.359,101.348,101.844,289800
MCH,7/12/2024 00:00:00,101.844,102.292,94.9389,96.2306,254700
MCH,7/15/2024 00:00:00,95.8829,97.9694,95.8829,97.3733,60700
MCH,7/16/2024 00:00:00,97.8701,97.8701,95.8829,97.3236,113800
MCH,7/17/2024 00:00:00,95.9325,98.2675,95.8829,98.2675,180100
MCH,7/18/2024 00:00:00,97.1249,97.8701,92.0575,97.8701,134600
MCH,7/19/2024 00:00:00,97.8701,97.8701,96.6777,97.8701,55900
MCH,7/22/2024 00:00:00,97.4229,97.6217,94.3924,97.6217,99700
MCH,7/23/2024 00:00:00,96.3797,97.572,95.4357,97.5223,58800
MCH,7/24/2024 00:00:00,96.8765,97.3733,95.5351,97.3236,33200
MCH,7/25/2024 00:00:00,96.8765,97.3733,96.479,97.3733,11300
MCH,7/26/2024 00:00:00,96.8765,101.844,96.8765,101.844,99300
MCH,7/29/2024 00:00:00,101.844,102.093,100.602,100.602,52500
MCH,7/30/2024 00:00:00,100.851,100.851,98.1681,99.7579,96300
MCH,7/31/2024 00:00:00,98.1681,100.801,97.3733,100.354,145300
MCH,8/1/2024 00:00:00,99.3605,100.354,98.1681,100.354,65600
MCH,8/2/2024 00:00:00,99.1618,102.292,99.1618,102.292,62100
MCH,8/5/2024 00:00:00,99.3605,100.851,99.2611,100.851,50200
MCH,8/6/2024 00:00:00,99.8573,109.992,99.4101,107.309,116200
MCH,8/7/2024 00:00:00,107.26,107.26,104.328,104.428,104900
MCH,8/8/2024 00:00:00,104.328,106.266,104.328,106.266,20300
MCH,8/9/2024 00:00:00,106.316,106.316,104.627,106.316,21400
MCH,8/12/2024 00:00:00,106.266,106.316,104.577,106.316,24900
MCH,8/13/2024 00:00:00,105.471,106.316,105.471,105.819,50600
MCH,8/14/2024 00:00:00,106.316,106.316,103.832,105.819,162600
MCH,8/15/2024 00:00:00,105.322,105.819,104.875,105.819,47500
MCH,8/16/2024 00:00:00,104.875,106.067,104.875,105.769,174700
MCH,8/19/2024 00:00:00,105.769,105.769,104.328,105.769,48200
MCH,8/20/2024 00:00:00,105.67,105.769,104.726,105.769,40800
MCH,8/21/2024 00:00:00,105.223,105.223,104.179,105.074,77500
MCH,8/22/2024 00:00:00,102.143,105.819,102.093,103.434,26600
MCH,8/23/2024 00:00:00,103.484,104.328,103.335,104.328,19700
MCH,8/26/2024 00:00:00,103.484,103.583,102.341,102.788,66900
MCH,8/27/2024 00:00:00,100.354,102.341,100.354,102.341,38300
MCH,8/28/2024 00:00:00,101.348,101.844,101.099,101.795,63300
MCH,8/29/2024 00:00:00,101.348,101.745,100.155,101.745,38800
MCH,8/30/2024 00:00:00,100.851,104.925,100.851,104.925,145800
MCH,9/4/2024 00:00:00,106.018,106.018,103.981,104.776,60700
MCH,9/5/2024 00:00:00,104.925,105.074,102.441,103.136,36800
MCH,9/6/2024 00:00:00,102.341,104.08,101.894,104.08,34500
MCH,9/9/2024 00:00:00,103.136,103.832,103.086,103.832,15300
MCH,9/10/2024 00:00:00,103.832,103.832,102.441,103.285,46600
MCH,9/11/2024 00:00:00,103.086,103.086,101,103.086,39900
MCH,9/12/2024 00:00:00,102.838,102.838,95.8829,101.298,109300
MCH,9/13/2024 00:00:00,101.596,101.844,100.851,101.844,60400
MCH,9/16/2024 00:00:00,101.397,101.844,101.199,101.497,55800
MCH,9/17/2024 00:00:00,101.844,103.583,101.447,102.838,110200
MCH,9/18/2024 00:00:00,103.832,103.881,103.186,103.782,136900
MCH,9/19/2024 00:00:00,103.683,103.683,88.4308,103.236,105300
MCH,9/20/2024 00:00:00,106.614,106.614,103.136,104.229,88200
MCH,9/23/2024 00:00:00,103.832,105.968,103.832,105.869,336400
MCH,9/24/2024 00:00:00,105.72,111.085,105.72,109.297,241600
MCH,9/25/2024 00:00:00,118.337,118.337,107.579,109.139,103000
MCH,9/26/2024 00:00:00,108.655,108.655,105.697,107.579,132400
MCH,9/27/2024 00:00:00,107.687,107.741,105.966,107.579,47500
MCH,9/30/2024 00:00:00,107.633,107.633,105.428,107.041,46600
MCH,10/1/2024 00:00:00,106.557,106.557,105.213,105.32,29300
MCH,10/2/2024 00:00:00,105.32,106.504,100.479,105.966,115600
MCH,10/3/2024 00:00:00,106.181,107.579,105.858,105.858,328900
MCH,10/4/2024 00:00:00,105.858,107.579,105.858,107.31,139400
MCH,10/7/2024 00:00:00,106.504,107.579,105.858,106.181,16900
MCH,10/8/2024 00:00:00,107.041,107.203,106.235,107.149,70300
MCH,10/9/2024 00:00:00,106.288,107.526,103.868,107.526,32100
MCH,10/10/2024 00:00:00,106.773,107.579,106.504,107.579,49600
MCH,10/11/2024 00:00:00,106.557,107.633,106.504,107.418,40000
MCH,10/14/2024 00:00:00,106.019,106.988,106.019,106.826,18400
MCH,10/15/2024 00:00:00,106.504,107.041,106.073,107.041,25300
MCH,10/16/2024 00:00:00,107.31,114.303,106.773,113.496,154000
MCH,10/17/2024 00:00:00,113.765,114.518,112.42,112.689,35900
MCH,10/18/2024 00:00:00,112.905,112.958,112.098,112.098,18100
MCH,10/21/2024 00:00:00,112.098,112.098,110.269,111.345,20500
MCH,10/22/2024 00:00:00,110.807,110.914,109.731,109.731,16900
MCH,10/23/2024 00:00:00,110.538,111.614,109.193,111.614,23400
MCH,10/24/2024 00:00:00,111.614,114.034,111.614,113.389,61500
MCH,10/25/2024 00:00:00,111.936,112.958,111.883,112.689,9000
MCH,10/28/2024 00:00:00,112.958,113.496,111.99,112.689,14200
MCH,10/29/2024 00:00:00,112.958,113.765,112.367,112.689,21700
MCH,10/30/2024 00:00:00,112.958,114.034,111.345,114.034,54600
MCH,10/31/2024 00:00:00,113.658,113.98,112.367,112.797,43000
MCH,11/1/2024 00:00:00,112.851,114.034,111.883,114.034,38700
MCH,11/4/2024 00:00:00,112.958,115.648,112.958,114.733,67500
MCH,11/5/2024 00:00:00,114.733,115.486,114.303,115.486,13400
MCH,11/6/2024 00:00:00,115.379,118.068,115.379,117.799,83900
MCH,11/7/2024 00:00:00,117.799,117.799,116.186,116.993,26000
MCH,11/8/2024 00:00:00,116.993,116.993,115.217,116.078,31700
MCH,11/11/2024 00:00:00,115.54,118.337,115.379,118.337,31200
MCH,11/12/2024 00:00:00,118.337,120.865,118.23,118.391,28500
MCH,11/13/2024 00:00:00,119.306,119.306,117.261,119.09,15600
MCH,11/14/2024 00:00:00,119.09,121.296,119.037,120.005,23400
MCH,11/15/2024 00:00:00,118.337,120.112,117.477,118.337,25900
MCH,11/18/2024 00:00:00,117.746,119.951,115.648,119.951,43700
MCH,11/19/2024 00:00:00,119.682,120.489,117.799,118.337,8500
MCH,11/20/2024 00:00:00,118.337,119.897,116.777,119.897,17600
MCH,11/21/2024 00:00:00,119.09,119.09,116.724,116.724,32600
MCH,11/22/2024 00:00:00,118.015,118.284,116.508,118.068,42200
MCH,11/25/2024 00:00:00,118.068,118.068,116.67,117.746,12700
MCH,11/26/2024 00:00:00,116.724,117.853,116.724,117.799,141200
MCH,11/27/2024 00:00:00,117.746,117.853,117.746,117.799,6300
MCH,11/28/2024 00:00:00,117.799,117.853,117.477,117.746,20300
MCH,11/29/2024 00:00:00,117.799,123.716,117.638,123.609,65600
MCH,12/2/2024 00:00:00,119.951,123.178,119.951,120.919,20100
MCH,12/3/2024 00:00:00,121.027,123.178,121.027,121.027,20900
MCH,12/4/2024 00:00:00,121.027,121.027,119.413,119.413,15300
MCH,12/5/2024 00:00:00,119.413,122.64,119.413,122.64,16100
MCH,12/6/2024 00:00:00,122.64,122.64,118.875,121.027,43800
MCH,12/9/2024 00:00:00,119.467,121.457,118.875,121.296,26800
MCH,12/10/2024 00:00:00,121.296,121.296,118.337,118.821,23300
MCH,12/11/2024 00:00:00,121.027,124.792,118.875,120.489,147100
MCH,12/12/2024 00:00:00,122.103,122.103,120.166,121.027,68800
MCH,12/13/2024 00:00:00,121.027,122.103,120.489,121.887,51600
MCH,12/16/2024 00:00:00,121.941,126.083,121.887,125.222,97600
MCH,12/17/2024 00:00:00,125.115,125.222,122.372,124.738,66400
MCH,12/18/2024 00:00:00,124.738,124.738,123.071,123.178,44500
MCH,12/19/2024 00:00:00,128.38,128.38,121.759,123.162,47100
MCH,12/20/2024 00:00:00,123.274,126.08,123.274,125.799,44700
MCH,12/23/2024 00:00:00,125.407,127.931,125.407,127.931,50200
MCH,12/24/2024 00:00:00,127.875,131.242,127.258,130.737,105600
MCH,12/25/2024 00:00:00,129.054,130.737,128.212,130.008,63000
MCH,12/26/2024 00:00:00,129.11,130.737,128.661,130.569,151900
MCH,12/27/2024 00:00:00,130.176,132.701,129.054,132.701,240400
MCH,12/30/2024 00:00:00,132.701,145.887,131.635,145.887,114200
MCH,12/31/2024 00:00:00,137.47,145.887,137.47,143.081,163000
MCH,1/2/2025 00:00:00,145.831,145.887,136.348,138.592,76400
MCH,1/3/2025 00:00:00,138.592,138.592,130.176,133.262,116200
MCH,1/6/2025 00:00:00,133.991,134.609,131.859,133.823,35600
MCH,1/7/2025 00:00:00,133.543,133.543,130.737,132.476,30200
MCH,1/8/2025 00:00:00,131.859,131.859,129.39,131.523,22600
MCH,1/9/2025 00:00:00,131.018,131.018,128.493,129.166,23500
MCH,1/10/2025 00:00:00,129.166,130.12,123.723,130.12,34200
MCH,1/13/2025 00:00:00,129.054,130.737,127.931,129.054,17000
MCH,1/14/2025 00:00:00,130.456,130.456,124.958,127.931,55800
MCH,1/15/2025 00:00:00,126.304,127.37,123.555,126.809,40600
MCH,1/16/2025 00:00:00,126.248,127.651,124.565,124.565,24100
MCH,1/17/2025 00:00:00,124.565,126.697,124.565,126.697,17600
MCH,1/20/2025 00:00:00,125.968,126.304,121.759,122.433,90500
MCH,1/21/2025 00:00:00,122.32,122.32,118.393,119.459,233900
MCH,1/22/2025 00:00:00,120.076,121.198,118.954,119.964,146700
MCH,1/23/2025 00:00:00,119.964,120.974,118.673,120.244,73700
MCH,1/24/2025 00:00:00,120.357,122.882,119.964,121.591,62900
MCH,2/3/2025 00:00:00,121.423,122.32,120.357,120.525,37800
MCH,2/4/2025 00:00:00,120.918,124.509,120.918,122.825,111800
MCH,2/5/2025 00:00:00,124.565,125.07,123.162,123.387,102300
MCH,2/6/2025 00:00:00,124.06,125.182,122.882,124.565,139300
MCH,2/7/2025 00:00:00,124.004,124.228,122.377,123.443,92700
MCH,2/10/2025 00:00:00,123.106,124.004,122.882,123.05,200500
MCH,2/11/2025 00:00:00,127.273,127.273,123.363,123.443,208000
MCH,2/12/2025 00:00:00,124.48,124.48,122.326,123.044,41700
MCH,2/13/2025 00:00:00,123.044,123.443,120.809,122.804,97700
MCH,2/14/2025 00:00:00,121.288,121.767,120.49,120.65,43000
MCH,2/17/2025 00:00:00,120.889,120.969,117.857,118.575,67500
MCH,2/18/2025 00:00:00,119.214,119.293,117.857,118.894,26100
MCH,2/19/2025 00:00:00,117.697,121.767,117.697,121.288,79500
MCH,2/20/2025 00:00:00,121.767,121.767,121.208,121.288,53300
MCH,2/21/2025 00:00:00,121.288,121.288,118.894,120.65,36200
MCH,2/24/2025 00:00:00,120.65,120.65,118.894,119.214,42800
MCH,2/25/2025 00:00:00,119.293,119.692,118.894,119.134,52000
MCH,2/26/2025 00:00:00,119.293,119.613,118.735,118.735,29700
MCH,2/27/2025 00:00:00,118.735,119.692,118.735,119.293,28200
MCH,2/28/2025 00:00:00,119.293,119.293,118.815,118.894,25300
MCH,3/3/2025 00:00:00,118.974,119.373,118.336,118.894,36300
MCH,3/4/2025 00:00:00,119.134,119.134,118.416,118.735,27800
MCH,3/5/2025 00:00:00,118.655,119.293,118.096,118.336,41500
MCH,3/6/2025 00:00:00,118.894,120.091,118.096,118.495,113000
MCH,3/7/2025 00:00:00,118.495,119.692,118.495,118.815,32200
MCH,3/10/2025 00:00:00,118.495,119.214,117.777,117.937,52400
MCH,3/11/2025 00:00:00,118.096,118.096,116.82,117.219,47600
MCH,3/12/2025 00:00:00,117.298,119.692,116.501,119.692,56000
MCH,3/13/2025 00:00:00,118.176,119.453,117.697,118.336,74500
MCH,3/14/2025 00:00:00,118.894,118.894,116.421,116.421,103300
MCH,3/17/2025 00:00:00,117.298,117.298,113.309,113.628,72300
MCH,3/18/2025 00:00:00,114.107,114.665,111.713,111.793,62900
MCH,3/19/2025 00:00:00,113.389,113.389,110.117,110.117,66900
MCH,3/20/2025 00:00:00,109.957,112.032,109.957,111.074,24700
MCH,3/21/2025 00:00:00,111.713,112.112,111.553,112.112,20800
MCH,3/24/2025 00:00:00,112.112,112.192,110.675,110.755,23800
MCH,3/25/2025 00:00:00,111.713,111.713,110.915,110.915,36400
MCH,3/26/2025 00:00:00,111.234,111.713,111.074,111.074,11300
MCH,3/27/2025 00:00:00,111.234,116.501,111.234,114.905,43800
MCH,3/28/2025 00:00:00,115.304,117.298,114.905,115.144,102100
MCH,3/31/2025 00:00:00,116.66,116.66,111.793,114.905,98500
MCH,4/1/2025 00:00:00,112.91,114.107,112.91,113.309,69500
MCH,4/2/2025 00:00:00,113.867,114.107,111.713,111.713,45600
MCH,4/3/2025 00:00:00,110.995,111.713,96.1528,98.1477,230700
MCH,4/4/2025 00:00:00,98.1477,103.733,86.1785,102.137,115800
MCH,4/8/2025 00:00:00,97.5093,98.3073,85.3805,87.6946,218500
MCH,4/9/2025 00:00:00,86.9764,92.5621,85.1411,90.9662,149200
MCH,4/10/2025 00:00:00,102.935,104.451,99.7436,102.935,1.4688e+006
MCH,4/11/2025 00:00:00,106.127,106.127,98.9456,102.137,168700
MCH,4/14/2025 00:00:00,102.137,102.935,95.5145,96.9508,208000
MCH,4/15/2025 00:00:00,100.542,102.536,94.158,94.158,120900
MCH,4/16/2025 00:00:00,94.9559,95.5145,93.1206,93.1206,123900
MCH,4/17/2025 00:00:00,92.5621,93.36,89.5298,91.046,110700
MCH,4/18/2025 00:00:00,91.3651,95.4347,91.3651,94.158,55200
MCH,4/21/2025 00:00:00,94.158,94.2377,91.6843,91.7641,46400
MCH,4/22/2025 00:00:00,91.7641,91.7641,82.1887,88.5723,230600
MCH,4/23/2025 00:00:00,91.7641,91.7641,83.8644,90.0884,100900
MCH,4/24/2025 00:00:00,91.7641,91.7641,89.2905,91.2853,85800
MCH,4/25/2025 00:00:00,91.3651,96.5518,91.2853,94.158,239700
MCH,4/28/2025 00:00:00,98.1477,98.9456,93.2004,95.9134,167100
MCH,4/29/2025 00:00:00,95.7539,96.472,94.3175,95.4347,135000
MCH,5/5/2025 00:00:00,95.4347,95.7539,93.36,95.3549,68200
MCH,5/6/2025 00:00:00,95.3549,95.3549,93.8388,94.158,71400
MCH,5/7/2025 00:00:00,93.0408,94.8761,93.0408,94.158,56900
MCH,5/8/2025 00:00:00,93.759,95.1155,93.0408,94.2377,83500
MCH,5/9/2025 00:00:00,94.158,96.1528,93.5994,95.9134,163300
MCH,5/12/2025 00:00:00,95.9932,100.143,95.7539,99.584,149100
MCH,5/13/2025 00:00:00,100.143,102.856,99.6638,102.137,143300
MCH,5/14/2025 00:00:00,102.137,105.489,102.137,105.01,282500
MCH,5/15/2025 00:00:00,105.01,109.159,105.01,106.606,250300
MCH,5/16/2025 00:00:00,107.005,107.005,102.776,103.095,162000
MCH,5/19/2025 00:00:00,102.137,102.616,100.542,101.659,85700
MCH,5/20/2025 00:00:00,101.818,101.818,100.063,101.339,83000
MCH,5/21/2025 00:00:00,100.542,105.09,100.542,103.733,109300
MCH,5/22/2025 00:00:00,103.733,104.132,102.137,102.776,70800
MCH,5/23/2025 00:00:00,101.818,102.457,101.499,101.579,37600
MCH,5/26/2025 00:00:00,101.659,103.494,100.382,103.494,101700
MCH,5/27/2025 00:00:00,102.536,104.132,102.297,102.536,128700
MCH,5/28/2025 00:00:00,103.175,103.733,102.536,102.935,79900
MCH,5/29/2025 00:00:00,103.095,103.095,101.898,102.297,40200
MCH,5/30/2025 00:00:00,102.377,102.377,100.941,101.738,95300
MCH,6/2/2025 00:00:00,101.419,101.579,100.941,101.339,65200
MCH,6/3/2025 00:00:00,101.738,103.654,101.738,102.536,101200
MCH,6/4/2025 00:00:00,101.738,102.935,101.738,102.377,57700
MCH,6/5/2025 00:00:00,102.536,102.536,101.659,102.137,67200
MCH,6/6/2025 00:00:00,102.058,104.372,102.058,102.696,130100
MCH,6/9/2025 00:00:00,102.696,102.935,101.738,101.818,61100
MCH,6/10/2025 00:00:00,101.339,102.856,101.339,102.058,69038
MCH,6/11/2025 00:00:00,102.377,102.377,101.339,101.499,32400
MCH,6/12/2025 00:00:00,101.659,102.536,101.659,102.137,38000
MCH,6/13/2025 00:00:00,101.978,102.935,100.542,101.26,83700
MCH,6/16/2025 00:00:00,101.1,101.26,100.542,101.26,38000
MCH,6/17/2025 00:00:00,101.339,101.898,100.941,101.339,47200
MCH,6/18/2025 00:00:00,101.26,101.339,99.3446,99.6638,131100
MCH,6/19/2025 00:00:00,99.6638,99.6638,97.27,98.7063,187700
MCH,6/20/2025 00:00:00,98.7063,100.462,98.3073,98.7861,55400
MCH,6/23/2025 00:00:00,98.7861,99.6638,95.7539,98.7063,152200
MCH,6/24/2025 00:00:00,98.7063,99.2648,98.4669,98.4669,146800
MCH,6/25/2025 00:00:00,98.6265,99.2648,98.4669,99.0254,95200
MCH,6/26/2025 00:00:00,98.9456,102.137,98.9456,100.701,215800
MCH,6/27/2025 00:00:00,101.339,102.137,100.542,101.419,248500
MCH,6/30/2025 00:00:00,101.738,103.733,100.861,101.1,190500
MCH,7/1/2025 00:00:00,101.499,101.738,99.4244,99.983,173000
MCH,7/2/2025 00:00:00,99.983,100.063,99.3446,100.063,136100
MCH,7/3/2025 00:00:00,100.063,102.536,100.063,102.058,212900
MCH,7/4/2025 00:00:00,101.978,102.536,100.621,102.297,248700
MCH,7/7/2025 00:00:00,102.546,102.546,99.3719,100.267,340600
MCH,7/8/2025 00:00:00,100.918,100.918,97.907,98.7208,424800
MCH,7/9/2025 00:00:00,99.5347,100.023,97.6628,97.7442,327200
MCH,7/10/2025 00:00:00,98.0697,100.104,97.5,97.6628,408400
MCH,7/11/2025 00:00:00,98.0697,98.3139,96.7676,97.2559,276200
MCH,7/14/2025 00:00:00,97.2559,98.8022,96.9303,98.2325,207100
MCH,7/15/2025 00:00:00,98.4767,98.4767,97.2559,97.3373,288500
MCH,7/16/2025 00:00:00,97.5,98.8022,97.2559,98.1511,194200
MCH,7/17/2025 00:00:00,97.9884,98.3953,96.6048,96.7676,373600
MCH,7/18/2025 00:00:00,97.0931,98.4767,95.7096,96.0351,656300
MCH,7/21/2025 00:00:00,96.0351,96.7676,93.5935,94.2446,543200
MCH,7/22/2025 00:00:00,94.326,94.4074,93.0238,93.5935,335100
MCH,7/23/2025 00:00:00,93.5935,95.5468,93.5121,94.9771,496100
MCH,7/24/2025 00:00:00,94.8957,96.1165,93.5935,94.2446,811100
MCH,7/25/2025 00:00:00,94.2446,95.2212,93.5935,94.4888,354500
MCH,7/28/2025 00:00:00,94.4888,95.0585,93.3494,94.0005,762400
MCH,7/29/2025 00:00:00,94.0005,94.0005,87.0827,88.7104,1.3501e+006
MCH,7/30/2025 00:00:00,88.7104,90.1753,86.9199,88.1407,589400
MCH,7/31/2025 00:00:00,88.1407,88.629,82.8506,85.5364,972600
MCH,8/1/2025 00:00:00,85.048,85.6991,83.6645,85.455,502500
MCH,8/4/2025 00:00:00,85.5364,88.2221,84.8853,87.0827,336400
MCH,8/5/2025 00:00:00,87.4896,88.7104,86.8385,87.7338,596000
MCH,8/6/2025 00:00:00,87.8965,90.6637,87.1641,89.6056,495900
MCH,8/7/2025 00:00:00,90.9078,91.2333,89.687,90.5009,339200
MCH,8/8/2025 00:00:00,90.745,90.745,89.1987,90.3381,361900
MCH,8/11/2025 00:00:00,91.152,94.1632,90.3381,93.5935,564000
MCH,8/12/2025 00:00:00,93.9191,94.5702,92.7797,93.1866,253600
MCH,8/13/2025 00:00:00,93.3494,94.326,91.6403,92.9425,412100
MCH,8/14/2025 00:00:00,92.7797,93.268,91.5589,92.4541,402100
MCH,8/15/2025 00:00:00,92.3727,93.1866,91.5589,92.0472,239700
MCH,8/18/2025 00:00:00,92.0472,95.2212,90.3381,91.9658,700200
MCH,8/19/2025 00:00:00,91.9658,93.5935,89.5242,93.0238,735800
MCH,8/20/2025 00:00:00,93.0238,94.4074,92.0472,93.1866,703600
MCH,8/21/2025 00:00:00,93.1866,94.5702,93.1866,94.5702,749700
MCH,8/22/2025 00:00:00,94.5702,97.5,94.2446,96.0351,492300
MCH,8/25/2025 00:00:00,96.0351,96.849,95.1399,96.5234,328600
MCH,8/26/2025 00:00:00,96.442,97.0931,95.2212,96.849,355000
MCH,8/27/2025 00:00:00,97.2559,99.3719,97.2559,99.2905,474900
MCH,8/28/2025 00:00:00,99.2905,104.662,99.2905,104.174,713100
MCH,8/29/2025 00:00:00,104.581,107.022,104.581,105.964,639200
MCH,9/3/2025 00:00:00,105.964,107.592,104.988,106.046,430200
MCH,9/4/2025 00:00:00,106.046,107.429,106.046,107.185,278500
MCH,9/5/2025 00:00:00,107.348,107.592,106.046,106.208,478600
MCH,9/8/2025 00:00:00,106.127,107.022,104.174,104.988,379600
MCH,9/9/2025 00:00:00,104.988,105.394,104.174,105.069,331900
MCH,9/10/2025 00:00:00,105.394,105.557,104.174,105.394,243000
MCH,9/11/2025 00:00:00,105.394,105.394,102.546,103.523,391000
MCH,9/12/2025 00:00:00,104.174,104.825,103.523,104.825,186800
MCH,9/15/2025 00:00:00,104.499,105.232,104.499,104.743,190400
MCH,9/16/2025 00:00:00,104.906,105.394,103.36,104.906,458900
MCH,9/17/2025 00:00:00,104.906,104.906,103.523,104.255,211700
MCH,9/18/2025 00:00:00,104.174,104.499,103.441,104.174,168100
MCH,9/19/2025 00:00:00,104.174,106.208,103.685,105.394,246600
MCH,9/22/2025 00:00:00,105.639,105.639,103.685,104.174,127800
MCH,9/23/2025 00:00:00,104.336,104.988,104.011,104.174,173300
MCH,9/24/2025 00:00:00,104.499,105.557,103.848,105.394,152800
MCH,9/25/2025 00:00:00,104.581,105.394,103.93,105.394,181000
MCH,9/26/2025 00:00:00,104.988,106.615,104.988,105.883,204500
MCH,9/29/2025 00:00:00,105.883,106.615,105.883,106.127,162300
MCH,9/30/2025 00:00:00,105.964,105.964,103.848,105.15,188400
MCH,10/1/2025 00:00:00,104.988,105.476,104.418,104.825,49400
MCH,10/2/2025 00:00:00,104.174,104.988,104.174,104.255,171500
MCH,10/3/2025 00:00:00,104.174,104.581,102.953,104.174,194500
MCH,10/6/2025 00:00:00,104.743,105.801,104.011,105.557,148600
MCH,10/7/2025 00:00:00,105.557,109.871,105.313,107.836,248300
MCH,10/8/2025 00:00:00,108.65,109.057,106.941,107.266,65900
MCH,10/9/2025 00:00:00,107.836,109.22,107.836,109.22,265200
MCH,10/10/2025 00:00:00,109.22,118.823,109.057,117.277,885100
MCH,10/13/2025 00:00:00,117.277,124.52,114.754,123.543,713200
MCH,10/14/2025 00:00:00,123.543,125.334,119.637,121.346,498600
MCH,10/15/2025 00:00:00,121.753,121.997,118.904,121.183,412600
MCH,10/16/2025 00:00:00,121.183,122.811,119.637,120.288,662500
MCH,10/17/2025 00:00:00,121.102,121.509,116.788,118.498,229200
MCH,10/20/2025 00:00:00,117.684,117.684,112.312,112.719,645200
MCH,10/21/2025 00:00:00,101.732,115.161,101.732,114.51,316400
MCH,10/22/2025 00:00:00,113.696,117.846,113.696,116.382,186200
MCH,10/23/2025 00:00:00,116.951,117.602,116.382,116.788,201200
MCH,10/24/2025 00:00:00,117.195,118.742,116.382,118.009,354000
MCH,10/27/2025 00:00:00,105.801,122.079,105.801,121.183,451700
MCH,10/28/2025 00:00:00,120.858,122.892,120.858,121.997,485900
MCH,10/29/2025 00:00:00,121.916,126.962,121.916,126.066,593500
MCH,10/30/2025 00:00:00,125.659,132.659,125.659,129.729,726000
MCH,10/31/2025 00:00:00,131.845,132.659,128.589,129.81,343700
MCH,11/3/2025 00:00:00,129.729,143.727,129.729,142.344,1.311e+006
MCH,11/4/2025 00:00:00,139.576,151.377,139.576,148.61,1.7999e+006
MCH,11/5/2025 00:00:00,148.936,158.702,148.122,152.11,1.2392e+006
MCH,11/6/2025 00:00:00,154.551,161.144,142.425,147.796,1.2162e+006
MCH,11/7/2025 00:00:00,151.377,160.33,147.796,158.539,1.7308e+006
MCH,11/10/2025 00:00:00,158.539,166.841,157.888,162.771,1.1738e+006
MCH,11/11/2025 00:00:00,163.585,169.282,161.958,167.655,877900
MCH,11/12/2025 00:00:00,168.468,175.712,168.468,175.712,766700
MCH,11/13/2025 00:00:00,174.979,179.455,174.979,176.281,1.2176e+006
MCH,11/14/2025 00:00:00,177.421,180.513,176.607,177.339,723100
MCH,11/17/2025 00:00:00,176.607,179.862,176.607,178.235,499500
MCH,11/18/2025 00:00:00,179.048,179.048,174.165,174.979,457700
MCH,11/19/2025 00:00:00,170.91,178.153,170.91,173.514,633000
MCH,11/20/2025 00:00:00,173.352,175.793,173.352,174.816,334800
MCH,11/21/2025 00:00:00,174.898,175.061,171.154,171.398,780000
MCH,11/24/2025 00:00:00,171.398,174.979,170.747,174.165,389100
MCH,11/25/2025 00:00:00,174.979,175.142,174.165,174.247,351300
MCH,11/26/2025 00:00:00,174.735,179.048,174.735,175.549,228000
MCH,11/27/2025 00:00:00,176.607,176.607,175.549,176.119,82100
MCH,11/28/2025 00:00:00,176.526,177.014,174.654,175.874,211700
MCH,12/1/2025 00:00:00,175.793,176.607,175.793,176.119,270300
MCH,12/2/2025 00:00:00,176.119,187.187,176.119,178.804,773400
MCH,12/3/2025 00:00:00,180.676,181.246,179.048,179.293,471700
MCH,12/4/2025 00:00:00,179.293,181.083,178.642,179.7,262100
MCH,12/5/2025 00:00:00,180.839,182.304,171.724,176.688,230600
MCH,12/8/2025 00:00:00,174.979,175.793,174.165,174.735,112400
MCH,12/9/2025 00:00:00,174.572,175.793,174.165,174.735,115700
MCH,12/10/2025 00:00:00,174.816,174.816,174.084,174.572,135500
MCH,12/11/2025 00:00:00,172.538,177.421,172.538,176.444,179400
MCH,12/12/2025 00:00:00,176.2,177.421,173.352,173.352,304300
MCH,12/15/2025 00:00:00,173.433,175.386,171.724,172.375,330100
MCH,12/16/2025 00:00:00,171.724,174.898,171.724,174.003,418200
MCH,12/17/2025 00:00:00,174.165,174.247,172.619,172.945,153600
MCH,12/25/2025 00:00:00,179.048,181.897,173.189,181.897,1.009e+006
MCH,12/26/2025 00:00:00,175.793,180.269,175.793,179.048,295000
MCH,12/29/2025 00:00:00,179.048,179.13,174.165,179.13,643900
MCH,12/30/2025 00:00:00,178.967,180.025,178.235,180.025,382800
MCH,12/31/2025 00:00:00,180.025,183.118,180.025,180.676,142000
MCH,1/5/2026 00:00:00,182.223,182.223,175.63,180.025,458700
MCH,1/6/2026 00:00:00,179.537,179.537,178.072,179.048,148900
MCH,1/7/2026 00:00:00,177.665,179.048,176.363,179.048,403200
MCH,1/8/2026 00:00:00,177.584,177.584,175.305,176.2,494300
MCH,1/9/2026 00:00:00,175,179.1,170,176,189200
MCH,1/12/2026 00:00:00,172.5,173.1,170,172.8,110800
MCH,1/13/2026 00:00:00,171.5,172.8,164,169.9,321200
MCH,1/14/2026 00:00:00,165.2,169.7,165.2,168,96300
MCH,1/15/2026 00:00:00,165.5,167.9,163.9,165,373200
MCH,1/16/2026 00:00:00,165,165,156,160,488100
MCH,1/19/2026 00:00:00,160,160,155,160,306300
MCH,1/20/2026 00:00:00,160,165,160,161.8,244400
MCH,1/21/2026 00:00:00,161.8,162,158,159.8,188700
MCH,1/22/2026 00:00:00,160.5,160.5,156,158.8,214200
MCH,1/23/2026 00:00:00,158.9,160,157.5,158.8,166700
MCH,1/26/2026 00:00:00,160.7,160.8,157,158.5,130600
MCH,1/27/2026 00:00:00,158.5,158.9,156,158.5,148900
MCH,1/28/2026 00:00:00,158.5,159.1,156.5,157.1,200500
MCH,1/29/2026 00:00:00,156.5,162,156.5,158.1,471000
MCH,1/30/2026 00:00:00,161.9,161.9,158.2,159.1,203900
MCH,2/2/2026 00:00:00,159,159.2,152.9,153.9,195300
MCH,2/3/2026 00:00:00,153.9,156.9,152.1,155.6,220900
MCH,2/4/2026 00:00:00,155.6,158.2,155,156.9,118900
MCH,2/5/2026 00:00:00,157.2,158,154.6,154.6,114100
MCH,2/6/2026 00:00:00,154.6,154.6,151.8,152.3,113500
MCH,2/9/2026 00:00:00,152.3,152.4,151.2,152.3,122300
MCH,2/10/2026 00:00:00,152.2,152.2,141.7,150,349800
MCH,2/11/2026 00:00:00,150,150,143.1,150,107200
MCH,2/12/2026 00:00:00,145.7,150,144.7,149,225300
MCH,2/13/2026 00:00:00,145,149,145,149,70200
MCH,2/23/2026 00:00:00,149,149,145.6,149,84400
MCH,2/24/2026 00:00:00,147,149,145.8,149,52500
MCH,2/25/2026 00:00:00,146.8,148.5,138.6,147,216100
MCH,2/26/2026 00:00:00,146,146,145.1,145.1,1300
MCH,2/27/2026 00:00:00,144.1,144.5,139,141,325500
MCH,3/2/2026 00:00:00,135,141,134.8,141,259700
