Ticker,Date,Open,High,Low,Close,Volume
MWG,7/15/2014 00:00:00,4.63782,4.63782,4.63782,4.63782,13480
MWG,7/16/2014 00:00:00,4.95767,4.95767,4.95767,4.95767,17290
MWG,7/17/2014 00:00:00,5.30417,5.30417,5.30417,5.30417,95120
MWG,7/18/2014 00:00:00,5.65068,5.65068,5.65068,5.65068,134460
MWG,7/21/2014 00:00:00,6.02384,6.02384,5.38414,5.65068,311030
MWG,7/22/2014 00:00:00,5.54406,5.8106,5.54406,5.8106,568890
MWG,7/23/2014 00:00:00,5.86391,5.86391,5.75729,5.8106,23330
MWG,7/24/2014 00:00:00,5.75729,5.8106,5.75729,5.75729,33590
MWG,7/25/2014 00:00:00,5.75729,5.8106,5.75729,5.75729,79630
MWG,7/28/2014 00:00:00,5.75729,5.8106,5.75729,5.75729,93810
MWG,7/29/2014 00:00:00,5.75729,5.75729,5.59737,5.65068,25300
MWG,7/30/2014 00:00:00,5.70399,5.70399,5.59737,5.65068,16160
MWG,7/31/2014 00:00:00,5.59737,5.59737,5.38414,5.49075,37400
MWG,8/1/2014 00:00:00,5.59737,5.59737,5.43744,5.49075,28290
MWG,8/4/2014 00:00:00,5.49075,5.49075,5.49075,5.49075,13350
MWG,8/5/2014 00:00:00,5.54406,5.59737,5.54406,5.54406,21340
MWG,8/6/2014 00:00:00,5.54406,5.70399,5.54406,5.70399,20800
MWG,8/7/2014 00:00:00,5.70399,5.70399,5.65068,5.70399,17250
MWG,8/8/2014 00:00:00,5.65068,5.70399,5.65068,5.70399,9190
MWG,8/11/2014 00:00:00,6.07714,6.07714,5.91722,6.07714,179250
MWG,8/12/2014 00:00:00,6.13045,6.29038,6.13045,6.29038,64140
MWG,8/13/2014 00:00:00,6.34369,6.66353,6.23707,6.61023,147010
MWG,8/14/2014 00:00:00,6.61023,7.03669,6.61023,7.03669,149800
MWG,8/15/2014 00:00:00,7.46316,7.51647,7.24993,7.51647,100130
MWG,8/18/2014 00:00:00,7.78301,7.94293,7.67639,7.94293,29910
MWG,8/19/2014 00:00:00,7.7297,7.88963,7.40985,7.40985,39150
MWG,8/20/2014 00:00:00,6.98338,7.46316,6.98338,7.40985,46550
MWG,8/21/2014 00:00:00,7.30323,7.40985,7.19662,7.19662,58570
MWG,8/22/2014 00:00:00,7.19662,7.51647,7.19662,7.51647,45860
MWG,8/25/2014 00:00:00,7.7297,7.78301,7.51647,7.67639,61190
MWG,8/26/2014 00:00:00,7.67639,7.67639,7.14331,7.14331,29880
MWG,8/27/2014 00:00:00,7.35654,7.46316,7.19662,7.30323,11450
MWG,8/28/2014 00:00:00,7.30323,7.30323,7.19662,7.30323,5070
MWG,8/29/2014 00:00:00,7.30323,7.30323,6.93008,7.19662,15750
MWG,9/3/2014 00:00:00,7.24993,7.24993,7.09,7.19662,25120
MWG,9/4/2014 00:00:00,7.14331,7.14331,6.93008,7.03669,37750
MWG,9/5/2014 00:00:00,7.09,7.24993,7.09,7.24993,44760
MWG,9/8/2014 00:00:00,7.35654,7.7297,7.24993,7.7297,171700
MWG,9/9/2014 00:00:00,8.26278,8.26278,7.83632,7.94293,88810
MWG,9/10/2014 00:00:00,8.15617,8.15617,7.78301,8.10286,23640
MWG,9/11/2014 00:00:00,8.04955,8.20947,7.99624,8.10286,25860
MWG,9/12/2014 00:00:00,8.10286,8.15617,7.94293,8.04955,44670
MWG,9/15/2014 00:00:00,8.04955,8.15617,8.04955,8.10286,14500
MWG,9/16/2014 00:00:00,8.04955,8.10286,7.99624,8.10286,65900
MWG,9/17/2014 00:00:00,8.20947,8.20947,7.99624,8.10286,6430
MWG,9/18/2014 00:00:00,7.99624,8.20947,7.99624,8.20947,13030
MWG,9/19/2014 00:00:00,8.3694,8.74256,8.3694,8.74256,20120
MWG,9/22/2014 00:00:00,9.32895,9.32895,8.95579,9.32895,28590
MWG,9/23/2014 00:00:00,9.59549,9.75541,9.27564,9.27564,13620
MWG,9/24/2014 00:00:00,9.48887,9.48887,9.22233,9.22233,5790
MWG,9/25/2014 00:00:00,9.06241,9.06241,8.58263,8.58263,30100
MWG,9/26/2014 00:00:00,9.06241,9.06241,8.68925,8.90248,26080
MWG,9/29/2014 00:00:00,9.06241,9.06241,8.95579,8.95579,11420
MWG,9/30/2014 00:00:00,8.79587,9.0091,8.79587,9.0091,12510
MWG,10/1/2014 00:00:00,9.0091,9.16902,9.0091,9.06241,24590
MWG,10/2/2014 00:00:00,9.0091,9.22233,9.0091,9.16902,51070
MWG,10/3/2014 00:00:00,9.32895,9.43556,9.27564,9.32895,22400
MWG,10/6/2014 00:00:00,9.38226,9.38226,9.27564,9.32895,19250
MWG,10/7/2014 00:00:00,9.27564,9.38226,9.27564,9.32895,37960
MWG,10/8/2014 00:00:00,9.96865,9.96865,9.7874,9.96865,138900
MWG,10/9/2014 00:00:00,10.5124,10.603,10.5124,10.603,271340
MWG,10/10/2014 00:00:00,10.5124,10.6936,10.4218,10.603,63600
MWG,10/13/2014 00:00:00,10.4218,10.4218,10.0593,10.1499,17150
MWG,10/14/2014 00:00:00,10.2405,10.2405,10.0593,10.1499,34880
MWG,10/15/2014 00:00:00,10.1499,10.2405,10.0593,10.2405,94190
MWG,10/16/2014 00:00:00,10.1499,10.2405,9.60615,9.69678,37680
MWG,10/17/2014 00:00:00,9.96865,9.96865,9.60615,9.87802,59410
MWG,10/20/2014 00:00:00,10.0593,10.0593,9.7874,9.7874,7760
MWG,10/21/2014 00:00:00,9.7874,9.87802,9.60615,9.7874,14260
MWG,10/22/2014 00:00:00,9.87802,9.87802,9.69678,9.69678,15150
MWG,10/23/2014 00:00:00,9.69678,9.69678,9.4249,9.51553,21100
MWG,10/24/2014 00:00:00,9.51553,9.7874,9.51553,9.7874,17040
MWG,10/27/2014 00:00:00,9.96865,10.2405,9.87802,9.87802,26890
MWG,10/28/2014 00:00:00,9.7874,9.87802,9.60615,9.60615,28140
MWG,10/29/2014 00:00:00,9.69678,9.69678,9.51553,9.51553,21320
MWG,10/30/2014 00:00:00,9.51553,9.69678,9.51553,9.69678,65350
MWG,10/31/2014 00:00:00,9.69678,9.69678,9.51553,9.60615,26930
MWG,11/3/2014 00:00:00,9.51553,9.51553,9.15303,9.33428,51330
MWG,11/4/2014 00:00:00,9.06241,9.4249,9.06241,9.33428,84960
MWG,11/5/2014 00:00:00,9.33428,9.33428,9.06241,9.06241,33320
MWG,11/6/2014 00:00:00,8.97178,9.33428,8.69991,8.79053,176730
MWG,11/7/2014 00:00:00,8.79053,9.33428,8.79053,9.33428,161420
MWG,11/10/2014 00:00:00,9.33428,9.33428,9.15303,9.24366,67980
MWG,11/11/2014 00:00:00,9.15303,9.24366,9.06241,9.24366,78920
MWG,11/12/2014 00:00:00,9.15303,9.24366,9.15303,9.15303,64490
MWG,11/13/2014 00:00:00,9.15303,9.24366,9.15303,9.15303,48060
MWG,11/14/2014 00:00:00,9.15303,9.33428,9.15303,9.24366,95160
MWG,11/17/2014 00:00:00,9.15303,9.15303,9.0171,9.15303,18180
MWG,11/18/2014 00:00:00,9.06241,9.06241,8.97178,8.97178,21310
MWG,11/19/2014 00:00:00,8.97178,8.97178,8.83585,8.88116,15200
MWG,11/20/2014 00:00:00,8.97178,8.97178,8.74522,8.88116,25260
MWG,11/21/2014 00:00:00,8.97178,8.97178,8.74522,8.88116,14000
MWG,11/24/2014 00:00:00,8.74522,8.79053,8.60929,8.60929,57490
MWG,11/25/2014 00:00:00,8.60929,8.69991,8.42804,8.42804,48550
MWG,11/26/2014 00:00:00,8.51866,8.51866,8.2921,8.33741,39470
MWG,11/27/2014 00:00:00,8.33741,8.33741,8.15617,8.24679,22250
MWG,11/28/2014 00:00:00,8.33741,8.33741,8.06554,8.06554,38090
MWG,12/1/2014 00:00:00,8.06554,8.06554,7.5218,7.70305,61960
MWG,12/2/2014 00:00:00,7.70305,8.20148,7.70305,8.20148,39090
MWG,12/3/2014 00:00:00,8.69991,8.74522,8.6546,8.74522,142170
MWG,12/4/2014 00:00:00,8.74522,9.33428,8.74522,9.06241,257870
MWG,12/5/2014 00:00:00,9.06241,9.06241,8.79053,9.0171,64980
MWG,12/8/2014 00:00:00,8.88116,9.06241,8.88116,9.0171,132160
MWG,12/9/2014 00:00:00,9.0171,9.06241,8.97178,8.97178,180930
MWG,12/10/2014 00:00:00,8.51866,8.92647,8.51866,8.92647,16940
MWG,12/11/2014 00:00:00,8.69991,9.0171,8.69991,9.0171,173360
MWG,12/12/2014 00:00:00,9.0171,9.15303,8.97178,9.06241,162660
MWG,12/15/2014 00:00:00,9.0171,9.24366,9.0171,9.06241,155470
MWG,12/16/2014 00:00:00,9.15303,9.15303,9.06241,9.06241,35520
MWG,12/17/2014 00:00:00,9.06241,9.15303,9.06241,9.06241,61200
MWG,12/18/2014 00:00:00,8.97178,8.97178,8.88116,8.97178,20140
MWG,12/19/2014 00:00:00,8.97178,9.24366,8.97178,9.24366,105970
MWG,12/22/2014 00:00:00,9.24366,9.33428,9.15303,9.24366,45070
MWG,12/23/2014 00:00:00,9.24366,9.4249,9.24366,9.4249,88810
MWG,12/24/2014 00:00:00,9.4249,10.0593,9.4249,9.87802,372830
MWG,12/25/2014 00:00:00,9.60615,9.60615,9.51553,9.51553,14960
MWG,12/26/2014 00:00:00,9.51553,9.69678,9.51553,9.60615,36810
MWG,12/29/2014 00:00:00,9.60615,9.60615,9.51553,9.60615,27440
MWG,12/30/2014 00:00:00,9.60615,9.7874,9.51553,9.7874,42760
MWG,12/31/2014 00:00:00,9.7874,9.96865,9.7874,9.87802,57150
MWG,1/5/2015 00:00:00,9.96865,9.96865,9.69678,9.7874,18030
MWG,1/6/2015 00:00:00,9.7874,9.7874,9.60615,9.7874,37970
MWG,1/7/2015 00:00:00,9.69678,9.7874,9.60615,9.60615,10590
MWG,1/8/2015 00:00:00,9.69678,9.7874,9.60615,9.69678,47040
MWG,1/9/2015 00:00:00,9.60615,9.87802,9.60615,9.87802,46170
MWG,1/12/2015 00:00:00,9.7874,10.0593,9.7874,9.96865,104230
MWG,1/13/2015 00:00:00,9.96865,10.4218,9.96865,10.4218,290500
MWG,1/14/2015 00:00:00,10.3311,10.7843,10.3311,10.7843,244240
MWG,1/15/2015 00:00:00,10.8749,10.9655,10.7843,10.8749,76470
MWG,1/16/2015 00:00:00,10.8749,10.8749,10.5124,10.5124,116950
MWG,1/19/2015 00:00:00,10.6936,10.6936,10.4218,10.6936,155000
MWG,1/20/2015 00:00:00,10.6936,10.9655,10.6936,10.8749,170300
MWG,1/21/2015 00:00:00,10.8749,10.9655,10.7843,10.8749,132190
MWG,1/22/2015 00:00:00,10.8749,10.8749,10.7843,10.7843,48110
MWG,1/23/2015 00:00:00,10.6936,10.8749,10.6936,10.8749,83030
MWG,1/26/2015 00:00:00,10.8749,10.8749,10.6936,10.6936,69470
MWG,1/27/2015 00:00:00,10.6936,10.8749,10.6936,10.7843,74430
MWG,1/28/2015 00:00:00,10.7843,11.0561,10.6936,11.0561,153520
MWG,1/29/2015 00:00:00,11.0561,11.328,10.9655,11.328,189640
MWG,1/30/2015 00:00:00,11.328,11.4186,11.1468,11.2374,106070
MWG,2/2/2015 00:00:00,11.2374,11.2374,10.8749,10.8749,63650
MWG,2/3/2015 00:00:00,10.7843,10.9655,10.7843,10.8749,24450
MWG,2/4/2015 00:00:00,10.7843,11.2374,10.7843,11.1468,95510
MWG,2/5/2015 00:00:00,11.1468,11.4186,11.1468,11.4186,157180
MWG,2/6/2015 00:00:00,11.4186,11.5999,11.4186,11.5093,90910
MWG,2/9/2015 00:00:00,11.5999,11.7811,11.5999,11.6905,153370
MWG,2/10/2015 00:00:00,11.5999,11.7811,11.5999,11.5999,117430
MWG,2/11/2015 00:00:00,11.5999,11.7811,11.5093,11.7811,256600
MWG,2/12/2015 00:00:00,11.6905,11.7811,11.6905,11.7811,59110
MWG,2/13/2015 00:00:00,11.7811,11.7811,11.5999,11.7811,15410
MWG,2/24/2015 00:00:00,11.9624,12.5967,11.8718,12.5967,312160
MWG,2/25/2015 00:00:00,12.6874,13.4124,12.6874,12.778,121560
MWG,2/26/2015 00:00:00,12.778,12.9592,12.6874,12.8686,98800
MWG,2/27/2015 00:00:00,12.9592,12.9592,12.1436,12.1436,90050
MWG,3/2/2015 00:00:00,11.7811,11.8718,11.328,11.5999,101370
MWG,3/3/2015 00:00:00,11.4186,11.8718,11.4186,11.5999,153750
MWG,3/4/2015 00:00:00,11.6905,11.7811,11.5093,11.6905,108250
MWG,3/5/2015 00:00:00,11.6905,11.6905,11.328,11.4186,144100
MWG,3/6/2015 00:00:00,11.328,11.328,11.0561,11.1468,71020
MWG,3/9/2015 00:00:00,11.1468,11.7811,10.9655,11.1468,42500
MWG,3/10/2015 00:00:00,10.9655,11.1468,10.603,10.603,58060
MWG,3/11/2015 00:00:00,10.603,10.603,9.96865,10.3311,78590
MWG,3/12/2015 00:00:00,10.2405,10.8749,10.2405,10.7843,33340
MWG,3/13/2015 00:00:00,11.2374,11.4186,10.7843,10.7843,55520
MWG,3/16/2015 00:00:00,10.8749,10.8749,10.603,10.603,18510
MWG,3/17/2015 00:00:00,10.7843,10.8749,10.603,10.6936,60710
MWG,3/18/2015 00:00:00,10.6936,10.7843,10.603,10.6936,860
MWG,3/19/2015 00:00:00,10.6936,10.6936,10.5124,10.603,13300
MWG,3/20/2015 00:00:00,10.7843,10.7843,10.5124,10.603,17360
MWG,3/23/2015 00:00:00,10.603,10.603,10.3311,10.4218,21570
MWG,3/24/2015 00:00:00,10.603,10.603,10.1499,10.3311,30000
MWG,3/25/2015 00:00:00,10.5124,10.5124,10.1499,10.2405,11140
MWG,3/26/2015 00:00:00,10.2405,10.2405,9.96865,9.96865,21600
MWG,3/27/2015 00:00:00,9.96865,9.96865,9.69678,9.69678,32530
MWG,3/30/2015 00:00:00,9.69678,9.96865,9.69678,9.69678,22330
MWG,3/31/2015 00:00:00,9.7874,9.87802,9.69678,9.69678,19830
MWG,4/1/2015 00:00:00,9.87802,9.87802,9.60615,9.7874,16950
MWG,4/2/2015 00:00:00,9.69678,9.7874,9.69678,9.69678,15600
MWG,4/3/2015 00:00:00,9.69678,9.7874,9.60615,9.69678,6960
MWG,4/6/2015 00:00:00,9.69678,9.69678,9.51553,9.51553,5750
MWG,4/7/2015 00:00:00,9.51553,9.87802,9.51553,9.7874,17110
MWG,4/8/2015 00:00:00,9.69678,9.96865,9.69678,9.7874,28090
MWG,4/9/2015 00:00:00,9.7874,9.87802,9.69678,9.69678,12240
MWG,4/10/2015 00:00:00,9.96865,9.96865,9.69678,9.69678,15410
MWG,4/13/2015 00:00:00,9.7874,9.7874,9.69678,9.7874,18220
MWG,4/14/2015 00:00:00,9.60615,9.7874,9.60615,9.7874,7010
MWG,4/15/2015 00:00:00,9.69678,9.69678,9.69678,9.69678,5810
MWG,4/16/2015 00:00:00,9.7874,9.7874,9.60615,9.69678,9680
MWG,4/17/2015 00:00:00,9.69678,9.69678,9.60615,9.69678,8490
MWG,4/20/2015 00:00:00,9.69678,9.69678,9.51553,9.51553,39410
MWG,4/21/2015 00:00:00,9.51553,9.60615,9.51553,9.51553,8400
MWG,4/22/2015 00:00:00,9.51553,9.51553,9.4249,9.4249,25120
MWG,4/23/2015 00:00:00,9.4249,9.60615,9.4249,9.4249,20810
MWG,4/24/2015 00:00:00,9.60615,10.0593,9.51553,9.87802,73060
MWG,4/27/2015 00:00:00,10.1499,10.4218,9.87802,9.87802,60120
MWG,5/4/2015 00:00:00,9.96865,9.96865,9.69678,9.7874,28400
MWG,5/5/2015 00:00:00,9.60615,9.69678,9.4249,9.69678,14490
MWG,5/6/2015 00:00:00,9.69678,9.69678,9.51553,9.51553,12450
MWG,5/7/2015 00:00:00,9.51553,9.69678,9.4249,9.60615,15350
MWG,5/8/2015 00:00:00,9.60615,9.69678,9.51553,9.69678,11670
MWG,5/11/2015 00:00:00,9.69678,9.7874,9.51553,9.51553,34870
MWG,5/12/2015 00:00:00,9.4249,9.4249,8.88116,9.24366,80020
MWG,5/13/2015 00:00:00,9.28897,9.74209,9.06241,9.17569,80660
MWG,5/14/2015 00:00:00,9.17569,9.28897,8.55265,8.55265,87470
MWG,5/15/2015 00:00:00,8.26945,8.26945,7.98625,7.98625,48430
MWG,5/18/2015 00:00:00,7.98625,8.49601,7.98625,8.49601,88500
MWG,5/19/2015 00:00:00,8.83585,9.06241,8.83585,9.06241,54280
MWG,5/20/2015 00:00:00,9.62881,9.68545,9.45889,9.57217,203290
MWG,5/21/2015 00:00:00,9.17569,9.51553,8.94913,9.11905,28050
MWG,5/22/2015 00:00:00,9.11905,9.11905,8.66593,9.06241,48530
MWG,5/25/2015 00:00:00,9.06241,9.06241,8.72257,8.77921,40120
MWG,5/26/2015 00:00:00,8.89249,9.28897,8.89249,9.06241,39350
MWG,5/27/2015 00:00:00,9.06241,9.06241,8.89249,9.00577,13100
MWG,5/28/2015 00:00:00,9.11905,9.11905,8.94913,8.94913,33840
MWG,5/29/2015 00:00:00,8.94913,8.94913,8.60929,8.83585,44560
MWG,6/1/2015 00:00:00,8.83585,8.89249,8.72257,8.72257,14950
MWG,6/2/2015 00:00:00,8.66593,8.72257,8.43937,8.60929,37200
MWG,6/3/2015 00:00:00,8.66593,8.66593,8.38273,8.43937,19990
MWG,6/4/2015 00:00:00,8.43937,8.55265,8.43937,8.49601,12250
MWG,6/5/2015 00:00:00,8.43937,8.72257,8.43937,8.72257,29500
MWG,6/8/2015 00:00:00,8.83585,8.83585,8.66593,8.66593,21110
MWG,6/9/2015 00:00:00,8.77921,8.77921,8.49601,8.66593,34680
MWG,6/10/2015 00:00:00,8.66593,8.89249,8.49601,8.49601,26060
MWG,6/11/2015 00:00:00,8.43937,8.55265,8.43937,8.49601,8910
MWG,6/12/2015 00:00:00,8.55265,8.55265,8.43937,8.49601,25770
MWG,6/15/2015 00:00:00,8.43937,8.55265,8.38273,8.38273,34330
MWG,6/16/2015 00:00:00,8.38273,8.43937,8.32609,8.38273,16820
MWG,6/17/2015 00:00:00,8.32609,8.38273,8.26945,8.26945,11460
MWG,6/18/2015 00:00:00,8.26945,8.32609,8.21281,8.26945,5590
MWG,6/19/2015 00:00:00,8.21281,8.32609,8.21281,8.21281,12680
MWG,6/22/2015 00:00:00,8.15617,8.21281,8.09953,8.15617,48910
MWG,6/23/2015 00:00:00,8.09953,8.09953,7.92961,7.92961,56380
MWG,6/24/2015 00:00:00,7.92961,8.43937,7.92961,8.43937,121970
MWG,6/25/2015 00:00:00,8.43937,8.55265,8.32609,8.32609,30790
MWG,6/26/2015 00:00:00,8.32609,8.66593,8.26945,8.49601,92010
MWG,6/29/2015 00:00:00,8.38273,8.38273,8.26945,8.32609,46030
MWG,6/30/2015 00:00:00,8.32609,8.43937,8.32609,8.32609,48540
MWG,7/1/2015 00:00:00,8.32609,8.38273,8.26945,8.32609,34230
MWG,7/2/2015 00:00:00,8.38273,8.38273,8.32609,8.32609,32680
MWG,7/3/2015 00:00:00,8.32609,8.49601,8.32609,8.38273,73910
MWG,7/6/2015 00:00:00,8.38273,8.43937,8.38273,8.38273,94930
MWG,7/7/2015 00:00:00,8.43937,8.49601,8.38273,8.38273,92510
MWG,7/8/2015 00:00:00,8.38273,8.43937,8.32609,8.43937,39430
MWG,7/9/2015 00:00:00,8.38273,8.43937,8.32609,8.43937,32370
MWG,7/10/2015 00:00:00,8.32609,8.43937,8.32609,8.43937,25440
MWG,7/13/2015 00:00:00,8.43937,8.43937,8.26945,8.26945,30630
MWG,7/14/2015 00:00:00,8.26945,8.32609,8.26945,8.32609,35180
MWG,7/15/2015 00:00:00,8.32609,8.32609,8.15617,8.26945,24970
MWG,7/16/2015 00:00:00,8.32609,8.32609,8.26945,8.32609,9980
MWG,7/17/2015 00:00:00,8.32609,8.32609,8.21281,8.26945,17560
MWG,7/20/2015 00:00:00,8.15617,8.26945,8.15617,8.26945,23330
MWG,7/21/2015 00:00:00,8.15617,8.15617,8.04289,8.09953,40090
MWG,7/22/2015 00:00:00,8.09953,8.15617,8.04289,8.04289,40710
MWG,7/23/2015 00:00:00,8.04289,8.09953,7.98625,8.04289,40140
MWG,7/24/2015 00:00:00,8.21281,8.55265,8.09953,8.49601,227840
MWG,7/27/2015 00:00:00,8.49601,8.49601,8.26945,8.38273,42600
MWG,7/28/2015 00:00:00,8.49601,8.49601,8.32609,8.32609,34250
MWG,7/29/2015 00:00:00,8.26945,8.32609,8.21281,8.21281,49360
MWG,7/30/2015 00:00:00,8.21281,8.26945,8.15617,8.21281,29900
MWG,7/31/2015 00:00:00,8.15617,8.26945,8.09953,8.09953,74200
MWG,8/3/2015 00:00:00,8.21281,8.21281,8.04289,8.09953,71520
MWG,8/4/2015 00:00:00,8.15617,8.15617,8.04289,8.04289,51930
MWG,8/5/2015 00:00:00,8.04289,8.15617,8.04289,8.15617,9750
MWG,8/6/2015 00:00:00,8.09953,8.09953,8.04289,8.09953,27680
MWG,8/7/2015 00:00:00,8.04289,8.09953,8.04289,8.04289,36940
MWG,8/10/2015 00:00:00,8.09953,8.21281,8.04289,8.15617,82730
MWG,8/11/2015 00:00:00,8.15617,8.15617,8.09953,8.15617,26040
MWG,8/12/2015 00:00:00,8.15617,8.15617,7.98625,8.04289,52570
MWG,8/13/2015 00:00:00,7.98625,8.09953,7.98625,8.04289,29990
MWG,8/14/2015 00:00:00,8.04289,8.09953,7.98625,8.04289,42450
MWG,8/17/2015 00:00:00,8.04289,8.09953,7.92961,7.98625,20860
MWG,8/18/2015 00:00:00,8.04289,8.04289,7.87297,7.92961,21390
MWG,8/19/2015 00:00:00,7.92961,7.92961,7.64641,7.75969,51420
MWG,8/20/2015 00:00:00,7.70305,7.70305,7.41985,7.41985,67300
MWG,8/21/2015 00:00:00,7.41985,7.41985,7.02337,7.30657,89090
MWG,8/24/2015 00:00:00,7.08001,7.08001,6.79681,6.85345,145040
MWG,8/25/2015 00:00:00,6.85345,7.19329,6.68353,7.08001,93890
MWG,8/26/2015 00:00:00,7.08001,7.19329,7.08001,7.08001,43160
MWG,8/27/2015 00:00:00,7.30657,7.36321,7.13665,7.19329,139070
MWG,8/28/2015 00:00:00,7.19329,7.41985,7.19329,7.30657,112350
MWG,8/31/2015 00:00:00,7.53313,7.70305,7.36321,7.47649,88610
MWG,9/1/2015 00:00:00,7.58977,7.58977,7.30657,7.30657,31320
MWG,9/3/2015 00:00:00,7.19329,7.19329,7.08001,7.19329,32900
MWG,9/4/2015 00:00:00,7.19329,7.19329,7.08001,7.13665,23030
MWG,9/7/2015 00:00:00,7.13665,7.13665,6.91009,6.91009,40620
MWG,9/8/2015 00:00:00,6.91009,7.13665,6.91009,7.02337,12500
MWG,9/9/2015 00:00:00,7.13665,7.13665,6.91009,6.96673,19790
MWG,9/10/2015 00:00:00,6.91009,7.02337,6.85345,6.96673,25500
MWG,9/11/2015 00:00:00,6.96673,6.96673,6.91009,6.91009,25830
MWG,9/14/2015 00:00:00,6.96673,6.96673,6.79681,6.85345,18880
MWG,9/15/2015 00:00:00,6.85345,6.85345,6.68353,6.68353,51120
MWG,9/16/2015 00:00:00,6.68353,6.74017,6.62689,6.68353,47720
MWG,9/17/2015 00:00:00,6.91009,6.91009,6.74017,6.79681,17070
MWG,9/18/2015 00:00:00,6.91009,6.91009,6.85345,6.85345,37310
MWG,9/21/2015 00:00:00,6.85345,7.19329,6.85345,7.19329,77340
MWG,9/22/2015 00:00:00,7.30657,7.30657,7.08001,7.13665,43100
MWG,9/23/2015 00:00:00,7.13665,7.13665,7.02337,7.08001,18580
MWG,9/24/2015 00:00:00,7.08001,7.08001,6.96673,6.96673,14000
MWG,9/25/2015 00:00:00,7.02337,7.02337,6.96673,7.02337,34470
MWG,9/28/2015 00:00:00,6.96673,7.02337,6.91009,6.96673,25880
MWG,9/29/2015 00:00:00,6.85345,6.91009,6.85345,6.85345,12490
MWG,9/30/2015 00:00:00,6.91009,7.02337,6.85345,6.91009,35050
MWG,10/1/2015 00:00:00,6.91009,6.96673,6.85345,6.96673,18210
MWG,10/2/2015 00:00:00,6.96673,7.02337,6.91009,7.02337,25160
MWG,10/5/2015 00:00:00,7.02337,7.08001,6.91009,7.08001,56170
MWG,10/6/2015 00:00:00,7.13665,7.47649,7.13665,7.36321,132300
MWG,10/7/2015 00:00:00,7.47649,7.64641,7.41985,7.47649,132400
MWG,10/8/2015 00:00:00,7.58977,7.98625,7.58977,7.92961,180880
MWG,10/9/2015 00:00:00,7.92961,7.92961,7.58977,7.70305,100870
MWG,10/12/2015 00:00:00,7.70305,7.75969,7.47649,7.53313,115070
MWG,10/13/2015 00:00:00,7.47649,7.87297,7.41985,7.58977,137020
MWG,10/14/2015 00:00:00,7.58977,7.81633,7.58977,7.64641,65500
MWG,10/15/2015 00:00:00,7.64641,7.81633,7.64641,7.75969,154090
MWG,10/16/2015 00:00:00,7.75969,8.09953,7.70305,7.92961,283290
MWG,10/19/2015 00:00:00,8.04289,8.04289,7.87297,7.98625,86440
MWG,10/20/2015 00:00:00,7.98625,7.98625,7.75969,7.81633,111340
MWG,10/21/2015 00:00:00,7.81633,7.81633,7.58977,7.58977,122980
MWG,10/22/2015 00:00:00,7.53313,7.75969,7.53313,7.70305,83430
MWG,10/23/2015 00:00:00,7.64641,7.81633,7.64641,7.70305,57590
MWG,10/26/2015 00:00:00,7.75969,7.81633,7.64641,7.70305,72600
MWG,10/27/2015 00:00:00,7.64641,7.70305,7.58977,7.64641,53190
MWG,10/28/2015 00:00:00,7.58977,7.70305,7.58977,7.70305,58040
MWG,10/29/2015 00:00:00,7.75969,8.21281,7.75969,8.21281,581760
MWG,10/30/2015 00:00:00,8.26945,8.49601,8.26945,8.38273,359290
MWG,11/2/2015 00:00:00,8.38273,8.38273,8.15617,8.26945,203870
MWG,11/3/2015 00:00:00,8.21281,8.32609,8.04289,8.32609,244920
MWG,11/4/2015 00:00:00,8.32609,8.38273,8.26945,8.26945,134640
MWG,11/5/2015 00:00:00,8.26945,8.60929,8.15617,8.49601,207670
MWG,11/6/2015 00:00:00,8.43937,8.43937,8.21281,8.26945,121410
MWG,11/9/2015 00:00:00,8.32609,8.49601,8.15617,8.38273,205020
MWG,11/10/2015 00:00:00,8.32609,8.38273,8.21281,8.32609,174100
MWG,11/11/2015 00:00:00,8.32609,8.38273,8.26945,8.38273,69900
MWG,11/12/2015 00:00:00,8.38273,8.60929,8.38273,8.60929,459340
MWG,11/13/2015 00:00:00,8.60929,8.94913,8.60929,8.83585,290520
MWG,11/16/2015 00:00:00,8.77921,9.06241,8.72257,9.00577,340740
MWG,11/17/2015 00:00:00,9.00577,9.06241,8.77921,8.83585,310040
MWG,11/18/2015 00:00:00,8.77921,8.89249,8.72257,8.89249,70270
MWG,11/19/2015 00:00:00,8.89249,8.89249,8.77921,8.83585,113010
MWG,11/20/2015 00:00:00,8.83585,9.00577,8.83585,8.94913,211960
MWG,11/23/2015 00:00:00,9.11905,9.23233,9.06241,9.17569,224070
MWG,11/24/2015 00:00:00,9.17569,9.40225,9.11905,9.28897,264330
MWG,11/25/2015 00:00:00,9.28897,9.40225,9.06241,9.34561,163740
MWG,11/26/2015 00:00:00,9.40225,9.40225,9.17569,9.17569,199810
MWG,11/27/2015 00:00:00,9.17569,9.23233,8.72257,8.77921,383380
MWG,11/30/2015 00:00:00,8.72257,8.77921,8.43937,8.49601,198970
MWG,12/1/2015 00:00:00,8.49601,8.72257,8.43937,8.55265,57370
MWG,12/2/2015 00:00:00,8.49601,8.72257,8.49601,8.66593,42420
MWG,12/3/2015 00:00:00,8.60929,8.72257,8.55265,8.60929,35740
MWG,12/4/2015 00:00:00,8.49601,8.66593,8.38273,8.60929,125740
MWG,12/7/2015 00:00:00,8.60929,8.60929,8.49601,8.55265,48280
MWG,12/8/2015 00:00:00,8.49601,8.83585,8.38273,8.72257,111010
MWG,12/9/2015 00:00:00,8.60929,8.72257,8.43937,8.49601,99560
MWG,12/10/2015 00:00:00,8.55265,8.60929,8.38273,8.38273,51590
MWG,12/11/2015 00:00:00,8.38273,8.55265,8.32609,8.55265,45980
MWG,12/14/2015 00:00:00,8.49601,8.60929,8.43937,8.60929,53090
MWG,12/15/2015 00:00:00,8.60929,8.66593,8.55265,8.66593,100200
MWG,12/16/2015 00:00:00,8.72257,9.00577,8.66593,8.89249,304540
MWG,12/17/2015 00:00:00,8.89249,8.94913,8.83585,8.94913,305780
MWG,12/18/2015 00:00:00,8.89249,8.94913,8.89249,8.89249,86030
MWG,12/21/2015 00:00:00,8.83585,8.94913,8.77921,8.94913,93740
MWG,12/22/2015 00:00:00,8.89249,8.94913,8.72257,8.83585,236520
MWG,12/23/2015 00:00:00,8.77921,8.94913,8.77921,8.89249,182850
MWG,12/24/2015 00:00:00,8.89249,8.94913,8.83585,8.94913,57330
MWG,12/25/2015 00:00:00,8.94913,8.94913,8.77921,8.77921,51660
MWG,12/28/2015 00:00:00,8.77921,9.06241,8.72257,9.00577,316120
MWG,12/29/2015 00:00:00,8.94913,9.06241,8.94913,9.00577,109910
MWG,12/30/2015 00:00:00,9.00577,9.17569,9.00577,9.17569,264060
MWG,12/31/2015 00:00:00,9.00577,9.11905,8.83585,8.89249,398870
MWG,1/4/2016 00:00:00,8.89249,9.11905,8.83585,8.94913,396020
MWG,1/5/2016 00:00:00,8.94913,8.94913,8.77921,8.94913,98210
MWG,1/6/2016 00:00:00,8.89249,8.94913,8.83585,8.89249,76610
MWG,1/7/2016 00:00:00,8.83585,8.83585,8.49601,8.60929,222750
MWG,1/8/2016 00:00:00,8.55265,8.60929,8.26945,8.49601,97350
MWG,1/11/2016 00:00:00,8.43937,8.49601,8.26945,8.38273,96610
MWG,1/12/2016 00:00:00,8.26945,8.49601,8.26945,8.49601,72520
MWG,1/13/2016 00:00:00,8.55265,8.55265,8.43937,8.43937,58300
MWG,1/14/2016 00:00:00,8.32609,8.38273,8.21281,8.32609,177250
MWG,1/15/2016 00:00:00,8.32609,8.32609,8.21281,8.21281,103340
MWG,1/18/2016 00:00:00,8.15617,8.15617,7.64641,7.81633,222550
MWG,1/19/2016 00:00:00,7.81633,8.04289,7.75969,8.04289,86980
MWG,1/20/2016 00:00:00,8.04289,8.04289,7.87297,7.92961,49190
MWG,1/21/2016 00:00:00,7.92961,7.92961,7.75969,7.81633,65230
MWG,1/22/2016 00:00:00,7.81633,7.92961,7.58977,7.70305,94540
MWG,1/25/2016 00:00:00,8.04289,8.15617,7.87297,8.15617,175000
MWG,1/26/2016 00:00:00,8.04289,8.09953,7.92961,8.04289,59150
MWG,1/27/2016 00:00:00,8.04289,8.09953,7.98625,8.09953,55080
MWG,1/28/2016 00:00:00,8.09953,8.09953,7.92961,7.92961,32570
MWG,1/29/2016 00:00:00,7.92961,8.15617,7.92961,8.15617,149010
MWG,2/1/2016 00:00:00,8.04289,8.21281,8.04289,8.15617,105090
MWG,2/2/2016 00:00:00,8.09953,8.21281,8.09953,8.15617,51310
MWG,2/3/2016 00:00:00,8.15617,8.15617,8.04289,8.15617,38030
MWG,2/4/2016 00:00:00,8.15617,8.26945,8.15617,8.15617,46320
MWG,2/5/2016 00:00:00,8.15617,8.32609,8.15617,8.32609,41110
MWG,2/15/2016 00:00:00,8.15617,8.26945,8.09953,8.21281,41340
MWG,2/16/2016 00:00:00,8.21281,8.21281,8.09953,8.21281,79510
MWG,2/17/2016 00:00:00,8.21281,8.26945,8.15617,8.15617,91360
MWG,2/18/2016 00:00:00,8.15617,8.49601,8.15617,8.43937,133790
MWG,2/19/2016 00:00:00,8.49601,8.49601,8.38273,8.38273,52460
MWG,2/22/2016 00:00:00,8.43937,8.60929,8.43937,8.60929,132720
MWG,2/23/2016 00:00:00,8.72257,8.83585,8.66593,8.72257,265520
MWG,2/24/2016 00:00:00,8.72257,8.83585,8.60929,8.77921,61870
MWG,2/25/2016 00:00:00,8.77921,8.83585,8.60929,8.60929,197130
MWG,2/26/2016 00:00:00,8.60929,8.72257,8.55265,8.55265,137910
MWG,2/29/2016 00:00:00,8.66593,8.66593,8.49601,8.49601,140520
MWG,3/1/2016 00:00:00,8.49601,8.60929,8.49601,8.55265,109110
MWG,3/2/2016 00:00:00,8.55265,8.94913,8.55265,8.94913,393160
MWG,3/3/2016 00:00:00,8.94913,8.94913,8.89249,8.94913,86750
MWG,3/4/2016 00:00:00,8.89249,9.17569,8.83585,9.00577,339340
MWG,3/7/2016 00:00:00,9.00577,9.06241,8.89249,8.94913,132110
MWG,3/8/2016 00:00:00,8.94913,9.00577,8.83585,8.89249,107410
MWG,3/9/2016 00:00:00,8.83585,8.94913,8.83585,8.83585,109120
MWG,3/10/2016 00:00:00,8.83585,8.94913,8.83585,8.94913,105310
MWG,3/11/2016 00:00:00,8.94913,9.06241,8.89249,9.00577,210430
MWG,3/14/2016 00:00:00,9.06241,9.11905,8.94913,9.00577,90150
MWG,3/15/2016 00:00:00,9.00577,9.00577,8.89249,9.00577,113840
MWG,3/16/2016 00:00:00,8.94913,8.94913,8.72257,8.72257,298870
MWG,3/17/2016 00:00:00,8.77921,8.83585,8.60929,8.72257,195920
MWG,3/18/2016 00:00:00,8.72257,8.77921,8.66593,8.72257,79290
MWG,3/21/2016 00:00:00,8.83585,8.94913,8.77921,8.83585,177050
MWG,3/22/2016 00:00:00,8.83585,8.89249,8.72257,8.72257,73360
MWG,3/23/2016 00:00:00,8.77921,8.83585,8.72257,8.83585,81460
MWG,3/24/2016 00:00:00,8.89249,8.94913,8.77921,8.89249,166690
MWG,3/25/2016 00:00:00,8.89249,8.94913,8.83585,8.89249,93810
MWG,3/28/2016 00:00:00,8.94913,8.94913,8.83585,8.83585,85470
MWG,3/29/2016 00:00:00,8.77921,8.89249,8.72257,8.77921,101140
MWG,3/30/2016 00:00:00,8.66593,8.77921,8.66593,8.72257,30870
MWG,3/31/2016 00:00:00,8.72257,8.77921,8.55265,8.55265,59990
MWG,4/1/2016 00:00:00,8.60929,8.60929,8.49601,8.55265,76360
MWG,4/4/2016 00:00:00,8.55265,8.60929,8.49601,8.49601,34900
MWG,4/5/2016 00:00:00,8.49601,8.60929,8.49601,8.60929,35210
MWG,4/6/2016 00:00:00,8.60929,8.66593,8.49601,8.55265,33560
MWG,4/7/2016 00:00:00,8.60929,8.66593,8.55265,8.60929,44780
MWG,4/8/2016 00:00:00,8.60929,8.72257,8.55265,8.66593,101900
MWG,4/11/2016 00:00:00,8.66593,8.77921,8.66593,8.72257,96990
MWG,4/12/2016 00:00:00,8.72257,8.77921,8.60929,8.66593,41990
MWG,4/13/2016 00:00:00,8.60929,8.72257,8.55265,8.60929,32250
MWG,4/14/2016 00:00:00,8.55265,8.60929,8.49601,8.55265,65170
MWG,4/15/2016 00:00:00,8.43937,8.66593,8.43937,8.60929,82180
MWG,4/19/2016 00:00:00,8.60929,8.60929,8.38273,8.38273,56650
MWG,4/20/2016 00:00:00,8.32609,8.38273,8.26945,8.38273,49000
MWG,4/21/2016 00:00:00,8.38273,8.38273,8.26945,8.38273,27270
MWG,4/22/2016 00:00:00,8.26945,8.43937,8.26945,8.38273,29540
MWG,4/25/2016 00:00:00,8.72257,8.72257,8.55265,8.72257,135550
MWG,4/26/2016 00:00:00,8.72257,8.77921,8.66593,8.66593,110320
MWG,4/27/2016 00:00:00,8.60929,8.72257,8.55265,8.60929,49610
MWG,4/28/2016 00:00:00,8.60929,8.60929,8.49601,8.60929,40980
MWG,4/29/2016 00:00:00,8.49601,8.60929,8.49601,8.49601,37930
MWG,5/4/2016 00:00:00,8.49601,8.94913,8.49601,8.77921,322850
MWG,5/5/2016 00:00:00,8.83585,8.89249,8.72257,8.89249,341280
MWG,5/6/2016 00:00:00,9.00797,9.12346,9.00797,9.06572,225130
MWG,5/9/2016 00:00:00,9.06572,9.1812,8.95023,9.06572,243600
MWG,5/10/2016 00:00:00,9.06572,9.06572,8.95023,9.00797,125390
MWG,5/11/2016 00:00:00,9.06572,9.06572,8.95023,9.06572,128100
MWG,5/12/2016 00:00:00,9.00797,9.06572,8.89249,8.95023,73160
MWG,5/13/2016 00:00:00,9.00797,9.00797,8.777,8.777,113660
MWG,5/16/2016 00:00:00,8.777,8.89249,8.71926,8.777,42770
MWG,5/17/2016 00:00:00,8.71926,8.89249,8.71926,8.89249,103450
MWG,5/18/2016 00:00:00,8.89249,9.00797,8.83474,8.89249,41930
MWG,5/19/2016 00:00:00,8.89249,8.95023,8.83474,8.83474,57210
MWG,5/20/2016 00:00:00,8.777,8.95023,8.777,8.89249,42320
MWG,5/23/2016 00:00:00,9.00797,9.23895,8.95023,9.23895,803880
MWG,5/24/2016 00:00:00,9.41218,9.7009,9.41218,9.64315,588980
MWG,5/25/2016 00:00:00,9.64315,9.7009,9.58541,9.7009,184200
MWG,5/26/2016 00:00:00,9.7009,9.75864,9.52766,9.52766,279620
MWG,5/27/2016 00:00:00,9.52766,9.81638,9.46992,9.75864,428880
MWG,5/30/2016 00:00:00,9.81638,9.87413,9.75864,9.87413,185160
MWG,5/31/2016 00:00:00,9.93187,9.98961,9.87413,9.93187,156180
MWG,6/1/2016 00:00:00,9.93187,9.93187,9.81638,9.87413,89680
MWG,6/2/2016 00:00:00,9.87413,9.87413,9.81638,9.87413,120220
MWG,6/3/2016 00:00:00,9.87413,10.2206,9.87413,10.1628,303770
MWG,6/6/2016 00:00:00,10.2206,10.6825,10.2206,10.6248,555590
MWG,6/7/2016 00:00:00,10.798,11.0867,10.7403,11.029,365940
MWG,6/8/2016 00:00:00,11.0867,11.0867,10.8558,10.9135,283670
MWG,6/9/2016 00:00:00,10.798,10.8558,10.567,10.6825,304660
MWG,6/10/2016 00:00:00,10.7403,10.8558,10.6248,10.8558,125150
MWG,6/13/2016 00:00:00,10.8558,10.8558,10.7403,10.8558,123360
MWG,6/14/2016 00:00:00,10.8558,11.5487,10.7403,11.5487,313590
MWG,6/15/2016 00:00:00,11.6642,11.6642,11.4332,11.4909,164120
MWG,6/16/2016 00:00:00,11.5487,11.8951,11.4909,11.7797,118040
MWG,6/17/2016 00:00:00,11.6642,11.8951,11.3177,11.5487,154070
MWG,6/20/2016 00:00:00,12.0106,12.3571,12.0106,12.3571,288080
MWG,6/21/2016 00:00:00,12.7036,12.7036,12.2416,12.4726,264300
MWG,6/22/2016 00:00:00,12.4726,12.5881,12.2416,12.4726,99510
MWG,6/23/2016 00:00:00,12.3571,13.281,12.3571,13.281,448580
MWG,6/24/2016 00:00:00,13.281,14.2049,12.3571,14.0894,877910
MWG,6/27/2016 00:00:00,13.8584,14.0894,13.281,14.0894,201010
MWG,6/28/2016 00:00:00,13.7429,13.9739,13.6274,13.7429,135670
MWG,6/29/2016 00:00:00,13.6274,14.4359,13.6274,14.4359,299110
MWG,6/30/2016 00:00:00,14.4359,14.6668,14.2049,14.2049,136970
MWG,7/1/2016 00:00:00,14.2049,14.4359,14.0894,14.2049,254340
MWG,7/4/2016 00:00:00,14.4359,14.4359,14.0894,14.3204,204000
MWG,7/5/2016 00:00:00,14.4359,14.4359,14.2049,14.2049,170630
MWG,7/6/2016 00:00:00,14.0894,14.2049,13.8584,14.2049,189000
MWG,7/7/2016 00:00:00,14.4359,15.1288,14.2049,15.1288,452050
MWG,7/8/2016 00:00:00,15.1288,15.3597,14.8978,15.0133,121180
MWG,7/11/2016 00:00:00,14.8978,15.7062,14.8978,15.2443,222850
MWG,7/12/2016 00:00:00,15.2443,15.5907,14.8978,15.5907,183060
MWG,7/13/2016 00:00:00,15.9372,16.2836,15.7062,16.1682,207820
MWG,7/14/2016 00:00:00,16.1682,16.6301,16.0527,16.1682,233920
MWG,7/15/2016 00:00:00,16.1682,16.2836,15.3597,15.8217,278440
MWG,7/18/2016 00:00:00,15.9372,16.1682,15.8217,16.0527,224360
MWG,7/19/2016 00:00:00,16.1682,16.1682,15.7062,16.1682,255690
MWG,7/20/2016 00:00:00,16.0527,16.0527,15.3597,15.3597,280260
MWG,7/21/2016 00:00:00,15.3597,15.5907,14.6668,14.8978,266080
MWG,7/22/2016 00:00:00,14.7823,15.5907,14.3204,15.5907,384670
MWG,7/25/2016 00:00:00,15.5907,15.5907,15.0133,15.3597,67230
MWG,7/26/2016 00:00:00,15.3597,15.3597,15.0133,15.0133,56150
MWG,7/27/2016 00:00:00,15.0133,15.1288,14.8978,15.0133,57150
MWG,7/28/2016 00:00:00,15.0133,15.5907,14.8978,15.3597,120870
MWG,7/29/2016 00:00:00,15.3597,15.7062,15.3597,15.4752,102870
MWG,8/1/2016 00:00:00,15.4752,15.5907,15.0133,15.0133,202820
MWG,8/2/2016 00:00:00,14.8978,14.8978,14.3204,14.3204,160680
MWG,8/3/2016 00:00:00,14.0894,14.4359,14.0894,14.3204,175840
MWG,8/4/2016 00:00:00,14.8978,15.0133,14.6668,14.8978,149850
MWG,8/5/2016 00:00:00,14.8978,15.3597,14.8978,15.2443,156700
MWG,8/8/2016 00:00:00,15.4752,15.4752,15.2443,15.2443,81890
MWG,8/9/2016 00:00:00,15.2443,15.4752,15.1288,15.1288,99040
MWG,8/10/2016 00:00:00,15.1288,15.4752,15.0133,15.2443,154070
MWG,8/11/2016 00:00:00,15.2443,16.0527,15.1288,16.0527,366120
MWG,8/12/2016 00:00:00,16.5146,16.5146,15.8217,15.8217,128800
MWG,8/15/2016 00:00:00,15.8217,16.5146,15.7062,16.2836,293800
MWG,8/16/2016 00:00:00,16.3991,17.323,16.3991,16.7456,423840
MWG,8/17/2016 00:00:00,17.2075,17.9005,16.9766,17.785,298740
MWG,8/18/2016 00:00:00,17.6695,17.6695,17.323,17.4385,173180
MWG,8/19/2016 00:00:00,17.323,18.1314,16.9766,17.554,312270
MWG,8/22/2016 00:00:00,17.554,17.9005,17.323,17.4385,222720
MWG,8/23/2016 00:00:00,17.323,17.6695,17.0921,17.6695,208990
MWG,8/24/2016 00:00:00,17.6695,18.1314,16.8611,16.8611,1.01577e+006
MWG,8/25/2016 00:00:00,16.7456,16.8611,16.2836,16.3991,480970
MWG,8/26/2016 00:00:00,16.3991,16.8611,16.3991,16.5146,319450
MWG,8/29/2016 00:00:00,16.5146,16.7456,15.8217,15.8217,474240
MWG,8/30/2016 00:00:00,15.9372,16.6301,15.9372,16.6301,240460
MWG,8/31/2016 00:00:00,16.9766,16.9766,16.3991,16.6301,267210
MWG,9/1/2016 00:00:00,16.7456,16.7456,16.3991,16.5146,217600
MWG,9/5/2016 00:00:00,16.6301,16.7456,16.3991,16.7456,150500
MWG,9/6/2016 00:00:00,16.7456,16.9766,16.6301,16.8611,135710
MWG,9/7/2016 00:00:00,16.7456,16.8611,16.1682,16.6301,148920
MWG,9/8/2016 00:00:00,16.7456,16.7456,16.5146,16.6301,144480
MWG,9/9/2016 00:00:00,16.6301,16.6301,15.9372,16.1682,377010
MWG,9/12/2016 00:00:00,16.1682,16.1682,15.4983,15.5907,246870
MWG,9/13/2016 00:00:00,15.5907,16.0527,15.5907,15.9949,93000
MWG,9/14/2016 00:00:00,16.0411,16.0411,15.6831,15.6831,73620
MWG,9/15/2016 00:00:00,15.66,15.66,15.2905,15.2905,172940
MWG,9/16/2016 00:00:00,15.4752,15.66,15.3597,15.4868,151300
MWG,9/19/2016 00:00:00,15.4868,15.4983,15.0133,15.1288,264460
MWG,9/20/2016 00:00:00,15.1288,15.4752,15.1288,15.4175,106800
MWG,9/21/2016 00:00:00,15.3597,15.764,15.3597,15.5907,130260
MWG,9/22/2016 00:00:00,15.5907,16.0296,15.5907,15.9256,127670
MWG,9/23/2016 00:00:00,15.9372,16.0527,15.66,15.8217,155140
MWG,9/26/2016 00:00:00,15.8217,15.8217,15.5445,15.5907,160460
MWG,9/27/2016 00:00:00,15.5792,15.7178,15.533,15.6947,116840
MWG,9/28/2016 00:00:00,15.6947,15.9372,15.5907,15.8794,143310
MWG,9/29/2016 00:00:00,15.8794,16.2836,15.8217,16.0065,231710
MWG,9/30/2016 00:00:00,16.1566,16.2028,16.018,16.0758,96750
MWG,10/3/2016 00:00:00,16.249,16.249,16.0065,16.0411,146180
MWG,10/4/2016 00:00:00,16.0411,16.0411,15.6947,15.7062,193350
MWG,10/5/2016 00:00:00,15.9256,15.9256,15.5907,15.5907,119470
MWG,10/6/2016 00:00:00,15.5792,15.9372,15.5676,15.6831,105360
MWG,10/7/2016 00:00:00,15.6831,15.7986,15.4868,15.533,105310
MWG,10/10/2016 00:00:00,15.4868,15.6369,15.4868,15.4983,71260
MWG,10/11/2016 00:00:00,15.6369,15.6369,15.3597,15.6369,114380
MWG,10/12/2016 00:00:00,15.6138,16.0411,15.6138,15.9372,123500
MWG,10/13/2016 00:00:00,15.9372,17.0459,15.9372,17.0459,739640
MWG,10/14/2016 00:00:00,17.1382,17.554,17.0459,17.0921,145960
MWG,10/17/2016 00:00:00,16.8611,16.9535,16.5262,16.5493,210270
MWG,10/18/2016 00:00:00,16.3991,17.5425,16.3991,17.323,268420
MWG,10/19/2016 00:00:00,17.5309,17.6579,17.3346,17.3577,103920
MWG,10/20/2016 00:00:00,17.3577,17.3808,17.0921,17.323,143530
MWG,10/21/2016 00:00:00,17.4385,17.9005,17.2306,17.4385,172440
MWG,10/24/2016 00:00:00,17.5425,17.5425,16.8033,16.8033,229130
MWG,10/25/2016 00:00:00,16.8149,16.8495,16.5146,16.6301,159550
MWG,10/26/2016 00:00:00,16.5493,16.9188,16.5493,16.6301,203050
MWG,10/27/2016 00:00:00,16.734,16.9188,16.734,16.9188,137950
MWG,10/28/2016 00:00:00,16.9188,17.1498,16.9188,17.1498,118150
MWG,10/31/2016 00:00:00,17.1498,17.1498,16.7456,16.7456,118380
MWG,11/1/2016 00:00:00,16.5146,16.9997,16.5146,16.9766,105610
MWG,11/2/2016 00:00:00,16.9766,17.2422,16.8611,16.9535,104410
MWG,11/3/2016 00:00:00,16.8611,17.6695,16.8611,17.6695,627210
MWG,11/4/2016 00:00:00,17.6695,17.9582,17.4385,17.4963,338550
MWG,11/7/2016 00:00:00,17.554,17.7734,17.5078,17.6117,34680
MWG,11/8/2016 00:00:00,17.7272,18.1314,17.6695,17.8081,136330
MWG,11/9/2016 00:00:00,17.5886,17.9005,16.9766,17.9005,319730
MWG,11/10/2016 00:00:00,18.3624,18.5934,18.0737,18.1892,233850
MWG,11/11/2016 00:00:00,18.1892,18.4779,18.0159,18.27,105990
MWG,11/14/2016 00:00:00,18.1314,18.5818,18.1314,18.1314,198830
MWG,11/15/2016 00:00:00,18.1892,18.2469,17.8543,17.9236,162860
MWG,11/16/2016 00:00:00,17.912,17.9351,17.6579,17.6695,160290
MWG,11/17/2016 00:00:00,17.785,18.2123,17.6695,17.9582,150580
MWG,11/18/2016 00:00:00,17.7965,18.1892,17.7965,18.0159,69310
MWG,11/21/2016 00:00:00,18.0621,18.2354,18.0159,18.0737,47690
MWG,11/22/2016 00:00:00,18.0275,18.986,18.0275,18.986,273000
MWG,11/23/2016 00:00:00,18.9398,19.0553,18.4779,18.7089,241160
MWG,11/24/2016 00:00:00,18.7089,18.9398,18.7089,18.7204,68530
MWG,11/25/2016 00:00:00,18.732,18.9398,18.4779,18.8244,107770
MWG,11/28/2016 00:00:00,18.7666,19.1131,18.7666,18.7666,286650
MWG,11/29/2016 00:00:00,18.9398,18.9398,18.7666,18.8244,112320
MWG,11/30/2016 00:00:00,18.8244,19.0553,18.7089,19.0553,196420
MWG,12/1/2016 00:00:00,19.0553,19.344,19.0553,19.1131,249290
MWG,12/2/2016 00:00:00,19.2517,19.2517,19.0553,19.0553,167130
MWG,12/5/2016 00:00:00,18.9398,18.9398,18.1314,18.1314,249980
MWG,12/6/2016 00:00:00,18.1314,18.4663,17.7272,17.785,298940
MWG,12/7/2016 00:00:00,17.7272,17.8889,17.3346,17.8081,180290
MWG,12/8/2016 00:00:00,18.1199,18.1199,17.7272,17.9005,97210
MWG,12/9/2016 00:00:00,17.9005,18.0159,17.785,17.9005,81800
MWG,12/12/2016 00:00:00,17.9582,17.9582,17.6233,17.6233,84390
MWG,12/13/2016 00:00:00,17.5771,17.7272,17.4501,17.6233,84180
MWG,12/14/2016 00:00:00,17.554,17.9005,17.554,17.9005,71500
MWG,12/15/2016 00:00:00,17.9929,17.9929,17.7619,17.7619,110950
MWG,12/16/2016 00:00:00,17.6695,17.8196,17.6117,17.7157,52320
MWG,12/19/2016 00:00:00,18.0159,18.3047,17.0921,17.4385,1.39491e+006
MWG,12/20/2016 00:00:00,17.323,17.8543,17.2191,17.8543,292650
MWG,12/21/2016 00:00:00,17.8543,18.0044,17.785,17.9813,156770
MWG,12/22/2016 00:00:00,17.9005,17.9813,17.7388,17.9005,249980
MWG,12/23/2016 00:00:00,17.912,17.9929,17.8427,17.8774,198200
MWG,12/26/2016 00:00:00,17.9005,18.3509,17.9005,18.3509,280350
MWG,12/27/2016 00:00:00,18.3509,18.5934,18.2585,18.4202,252970
MWG,12/28/2016 00:00:00,18.4202,18.4202,18.2585,18.3855,141150
MWG,12/29/2016 00:00:00,18.3624,18.4779,18.1892,18.3624,319690
MWG,12/30/2016 00:00:00,18.1199,18.2469,17.9582,18.0159,739330
MWG,1/3/2017 00:00:00,18.0159,18.1314,17.9005,18.0968,127640
MWG,1/4/2017 00:00:00,18.0968,18.2238,18.0275,18.1661,75090
MWG,1/5/2017 00:00:00,18.1661,18.2238,18.1314,18.2238,116930
MWG,1/6/2017 00:00:00,18.2123,18.3509,18.1314,18.2238,210050
MWG,1/9/2017 00:00:00,18.2469,18.2469,18.0737,18.0968,126740
MWG,1/10/2017 00:00:00,18.039,18.2931,17.912,18.1545,180070
MWG,1/11/2017 00:00:00,18.1892,18.4779,18.1892,18.4779,348450
MWG,1/12/2017 00:00:00,18.4779,18.7551,18.4779,18.4779,205680
MWG,1/13/2017 00:00:00,18.4779,18.5125,18.374,18.4202,84390
MWG,1/16/2017 00:00:00,18.3624,18.4779,18.3047,18.3047,83590
MWG,1/17/2017 00:00:00,18.2469,18.3047,18.1892,18.2469,106820
MWG,1/18/2017 00:00:00,18.2585,18.3162,18.2469,18.2469,82110
MWG,1/19/2017 00:00:00,18.3624,18.3624,18.1892,18.1892,37760
MWG,1/20/2017 00:00:00,18.143,18.4779,18.143,18.4202,74860
MWG,1/23/2017 00:00:00,18.4663,18.4663,18.1892,18.2816,62600
MWG,1/24/2017 00:00:00,18.2816,18.3624,18.2469,18.3624,120870
MWG,1/25/2017 00:00:00,18.3624,18.4779,18.3047,18.4779,82160
MWG,2/2/2017 00:00:00,18.5934,19.5173,18.4894,19.5173,422570
MWG,2/3/2017 00:00:00,19.5173,19.7367,19.2979,19.4018,122970
MWG,2/6/2017 00:00:00,19.4018,19.7367,19.2401,19.6905,249400
MWG,2/7/2017 00:00:00,19.6328,19.7367,19.575,19.679,200400
MWG,2/8/2017 00:00:00,19.6328,19.679,19.2863,19.4942,204010
MWG,2/9/2017 00:00:00,19.4942,19.5057,19.09,19.2863,249940
MWG,2/10/2017 00:00:00,19.2863,19.575,19.2863,19.4364,131350
MWG,2/13/2017 00:00:00,19.5173,20.0832,19.5173,20.0023,399340
MWG,2/14/2017 00:00:00,20.0716,20.0832,19.8637,19.8637,113620
MWG,2/15/2017 00:00:00,19.8637,20.0716,19.7483,19.9792,112270
MWG,2/16/2017 00:00:00,19.9446,20.5567,19.9446,19.9792,224120
MWG,2/17/2017 00:00:00,19.9792,20.2679,19.7136,19.8637,438000
MWG,2/20/2017 00:00:00,19.8637,19.8637,19.4018,19.4018,213330
MWG,2/21/2017 00:00:00,19.4018,19.6328,19.4018,19.4595,114080
MWG,2/22/2017 00:00:00,19.5173,19.575,19.1131,19.1824,203790
MWG,2/23/2017 00:00:00,19.1824,19.2863,18.8821,19.09,242260
MWG,2/24/2017 00:00:00,18.8359,19.1708,18.7089,19.1708,189820
MWG,2/27/2017 00:00:00,19.5635,19.9792,19.4018,19.4711,338060
MWG,2/28/2017 00:00:00,19.4018,19.5173,19.2979,19.2979,115880
MWG,3/1/2017 00:00:00,19.2863,19.2863,19.1593,19.2286,104490
MWG,3/2/2017 00:00:00,19.1824,19.5173,19.1708,19.2863,100290
MWG,3/3/2017 00:00:00,19.2863,19.3094,19.1708,19.2055,106870
MWG,3/6/2017 00:00:00,19.2863,19.344,19.1708,19.2055,95580
MWG,3/7/2017 00:00:00,19.2055,19.4364,19.0553,19.3902,116510
MWG,3/8/2017 00:00:00,19.5057,19.9099,19.4018,19.6097,278100
MWG,3/9/2017 00:00:00,19.6097,19.6328,19.4826,19.5173,41170
MWG,3/10/2017 00:00:00,19.5173,19.6097,19.4711,19.5173,54480
MWG,3/13/2017 00:00:00,19.6905,19.8406,19.575,19.6097,223660
MWG,3/14/2017 00:00:00,19.6328,19.8637,19.6328,19.8637,242660
MWG,3/15/2017 00:00:00,20.0947,20.1986,19.933,20.0947,357810
MWG,3/16/2017 00:00:00,20.3834,20.4065,19.6905,19.7483,349140
MWG,3/17/2017 00:00:00,19.7483,19.9099,19.5173,19.8291,236840
MWG,3/20/2017 00:00:00,19.9792,19.9792,19.7598,19.8406,91340
MWG,3/21/2017 00:00:00,19.8175,19.9561,19.8175,19.9099,141970
MWG,3/22/2017 00:00:00,19.8291,19.8637,19.5173,19.5404,254390
MWG,3/23/2017 00:00:00,19.5404,19.6212,19.3787,19.4595,175150
MWG,3/24/2017 00:00:00,19.575,19.6097,19.4595,19.4826,105010
MWG,3/27/2017 00:00:00,19.4826,19.6328,19.1477,19.1708,356790
MWG,3/28/2017 00:00:00,19.1708,19.3787,19.0553,19.1708,131620
MWG,3/29/2017 00:00:00,19.1708,19.4249,18.9976,19.344,309790
MWG,3/30/2017 00:00:00,19.1939,19.4826,19.1939,19.4595,142470
MWG,3/31/2017 00:00:00,19.2979,19.5519,19.2979,19.4364,62910
MWG,4/3/2017 00:00:00,19.5173,19.5173,19.2401,19.344,155160
MWG,4/4/2017 00:00:00,19.344,19.344,19.1824,19.2286,98080
MWG,4/5/2017 00:00:00,19.2286,19.3325,19.2286,19.2863,57020
MWG,4/7/2017 00:00:00,19.2863,19.3209,19.1708,19.2863,54260
MWG,4/10/2017 00:00:00,19.2863,19.2863,19.1708,19.1824,69450
MWG,4/11/2017 00:00:00,19.1939,19.4711,19.1939,19.4711,88220
MWG,4/12/2017 00:00:00,19.4364,19.7367,19.4133,19.5173,160680
MWG,4/13/2017 00:00:00,19.575,19.7136,19.575,19.6328,86350
MWG,4/14/2017 00:00:00,19.6328,19.6443,19.3094,19.3094,126310
MWG,4/17/2017 00:00:00,19.2863,19.4018,19.0553,19.0553,206180
MWG,4/18/2017 00:00:00,19.0553,19.0553,18.6165,18.8244,177340
MWG,4/19/2017 00:00:00,18.8244,19.2863,18.8244,19.2863,98260
MWG,4/20/2017 00:00:00,19.2863,19.2863,19.1708,19.1708,40210
MWG,4/21/2017 00:00:00,19.1708,19.3325,19.1708,19.2286,55150
MWG,4/24/2017 00:00:00,19.2748,19.4018,19.1708,19.1708,150250
MWG,4/25/2017 00:00:00,19.0669,19.1708,18.7897,18.8821,73220
MWG,4/26/2017 00:00:00,18.8821,19.2055,18.8821,18.9514,145010
MWG,4/27/2017 00:00:00,19.0553,19.2748,18.9514,19.2632,76780
MWG,4/28/2017 00:00:00,19.2748,19.2863,19.1708,19.2863,102600
MWG,5/3/2017 00:00:00,19.1708,19.575,19.1708,19.4711,73610
MWG,5/4/2017 00:00:00,19.5173,19.8637,19.5173,19.8406,225890
MWG,5/5/2017 00:00:00,19.8637,19.9792,19.7483,19.8637,142540
MWG,5/8/2017 00:00:00,19.8637,19.8984,19.6212,19.7367,67420
MWG,5/9/2017 00:00:00,19.6443,19.9215,19.6443,19.9215,199170
MWG,5/10/2017 00:00:00,20.0947,20.2217,19.933,19.933,260390
MWG,5/11/2017 00:00:00,19.9792,20.1525,19.8637,19.9792,121850
MWG,5/12/2017 00:00:00,20.037,20.1178,19.8637,20.0947,183350
MWG,5/15/2017 00:00:00,20.1409,21.2496,20.1409,21.1803,448540
MWG,5/16/2017 00:00:00,21.1918,21.1918,20.7992,20.8685,261360
MWG,5/17/2017 00:00:00,20.9031,21.0879,20.6375,20.7876,185390
MWG,5/18/2017 00:00:00,20.7876,21.0186,20.6721,20.8223,201390
MWG,5/19/2017 00:00:00,20.8454,20.984,20.8223,20.9609,303350
MWG,5/22/2017 00:00:00,22.1254,22.1254,21.1938,21.2403,695190
MWG,5/23/2017 00:00:00,21.3102,22.1254,21.2403,22.0089,418500
MWG,5/24/2017 00:00:00,22.1254,23.546,22.1254,23.0337,844050
MWG,5/25/2017 00:00:00,23.0569,23.5227,22.8008,22.8939,419610
MWG,5/26/2017 00:00:00,22.7076,22.8241,22.5446,22.5912,244610
MWG,5/29/2017 00:00:00,22.5912,22.7775,21.939,21.939,399320
MWG,5/30/2017 00:00:00,21.776,22.0089,21.5431,21.7294,358640
MWG,5/31/2017 00:00:00,21.613,22.2418,21.613,21.776,185320
MWG,6/1/2017 00:00:00,21.776,22.3117,21.776,22.3117,215340
MWG,6/2/2017 00:00:00,22.5912,22.5912,22.0788,22.2418,124580
MWG,6/5/2017 00:00:00,22.1254,22.2884,21.9856,22.1254,146690
MWG,6/6/2017 00:00:00,22.1254,22.4747,22.0089,22.4048,258430
MWG,6/7/2017 00:00:00,22.4048,22.6377,22.2418,22.5912,359430
MWG,6/8/2017 00:00:00,22.7076,22.9405,22.5446,22.8241,290590
MWG,6/9/2017 00:00:00,22.8241,22.9871,22.5912,22.661,139610
MWG,6/12/2017 00:00:00,22.661,22.7542,22.4281,22.4747,120460
MWG,6/13/2017 00:00:00,22.3583,22.5213,22.0788,22.1254,228320
MWG,6/14/2017 00:00:00,22.1254,22.2418,22.0089,22.2418,215100
MWG,6/15/2017 00:00:00,22.2418,22.4281,22.2185,22.2884,166790
MWG,6/16/2017 00:00:00,22.3583,22.3583,22.1254,22.1719,176730
MWG,6/19/2017 00:00:00,22.1254,22.2185,22.0788,22.1486,171770
MWG,6/20/2017 00:00:00,22.1719,22.8241,22.1486,22.5912,420950
MWG,6/21/2017 00:00:00,22.7076,22.8008,22.498,22.7542,314390
MWG,6/22/2017 00:00:00,22.7542,23.5227,22.7542,23.5227,398150
MWG,6/23/2017 00:00:00,23.9885,24.5475,23.5693,23.9653,596460
MWG,6/26/2017 00:00:00,24.2214,24.2214,23.7324,23.9885,321990
MWG,6/27/2017 00:00:00,23.9885,23.9885,23.5227,23.5926,272110
MWG,6/28/2017 00:00:00,23.2898,23.5227,23.0569,23.4063,1.11106e+006
MWG,6/29/2017 00:00:00,23.4063,23.7556,23.3131,23.5227,404540
MWG,6/30/2017 00:00:00,23.7324,24.2214,23.7091,23.9653,519720
MWG,7/3/2017 00:00:00,23.9653,24.2913,23.8721,23.942,554410
MWG,7/4/2017 00:00:00,23.8255,24.3379,23.8022,24.105,333370
MWG,7/5/2017 00:00:00,24.105,24.2214,23.9187,23.9187,247230
MWG,7/6/2017 00:00:00,23.9187,23.9885,23.7556,23.9187,357610
MWG,7/7/2017 00:00:00,23.8954,24.0817,23.8954,23.9885,352070
MWG,7/10/2017 00:00:00,23.9885,23.9885,23.2898,23.6392,317010
MWG,7/11/2017 00:00:00,23.6159,23.7556,23.4063,23.6392,282370
MWG,7/12/2017 00:00:00,23.6392,23.8954,23.5227,23.8721,201330
MWG,7/13/2017 00:00:00,23.9653,23.9653,23.6625,23.8954,162470
MWG,7/14/2017 00:00:00,23.8721,23.8954,23.7556,23.7556,150230
MWG,7/17/2017 00:00:00,23.7556,24.431,23.7556,24.0351,566470
MWG,7/18/2017 00:00:00,23.8721,23.942,23.6392,23.8022,156360
MWG,7/19/2017 00:00:00,23.8022,23.8488,23.6392,23.7789,195430
MWG,7/20/2017 00:00:00,23.7556,23.7556,23.2898,23.4063,421830
MWG,7/21/2017 00:00:00,23.4063,23.5227,22.4747,22.5912,744800
MWG,7/24/2017 00:00:00,22.5912,22.9871,22.5912,22.7309,334540
MWG,7/25/2017 00:00:00,22.8241,23.0104,22.7775,22.9638,219850
MWG,7/26/2017 00:00:00,22.9638,23.5227,22.9638,23.2898,218910
MWG,7/27/2017 00:00:00,23.2898,23.4063,23.0802,23.1734,207900
MWG,7/28/2017 00:00:00,23.1734,23.5227,23.1734,23.5227,256490
MWG,7/31/2017 00:00:00,23.5227,23.5926,23.2898,23.4063,230400
MWG,8/1/2017 00:00:00,23.4063,23.5227,23.0802,23.1734,187240
MWG,8/2/2017 00:00:00,23.1035,23.4063,23.0802,23.1734,183370
MWG,8/3/2017 00:00:00,23.0802,23.4995,23.0802,23.3131,327450
MWG,8/4/2017 00:00:00,23.7556,24.8037,23.6392,24.8037,975130
MWG,8/7/2017 00:00:00,25.153,25.5955,24.9434,25.4325,992150
MWG,8/8/2017 00:00:00,25.3859,25.4092,24.8503,24.9201,401650
MWG,8/9/2017 00:00:00,24.6872,24.7105,24.2214,24.2913,642160
MWG,8/10/2017 00:00:00,23.9885,24.5941,23.9885,24.5009,314170
MWG,8/11/2017 00:00:00,24.4543,24.8037,24.3845,24.6407,357440
MWG,8/14/2017 00:00:00,24.6872,24.9667,24.5708,24.8037,229930
MWG,8/15/2017 00:00:00,24.8037,25.2695,24.8037,24.99,384890
MWG,8/16/2017 00:00:00,25.0366,25.2695,24.9667,25.0133,266480
MWG,8/17/2017 00:00:00,24.9201,25.0133,24.5941,24.5941,434080
MWG,8/18/2017 00:00:00,24.5941,24.8736,24.3379,24.5941,319960
MWG,8/21/2017 00:00:00,24.5941,24.7338,24.5009,24.6872,278040
MWG,8/22/2017 00:00:00,24.7338,24.8503,24.4776,24.4776,199310
MWG,8/23/2017 00:00:00,24.4776,24.5708,24.1982,24.2214,452770
MWG,8/24/2017 00:00:00,24.2214,24.5941,24.1982,24.5475,444160
MWG,8/25/2017 00:00:00,24.5708,24.6639,24.3612,24.5941,275330
MWG,8/28/2017 00:00:00,24.6407,24.6639,24.4776,24.6639,385200
MWG,8/29/2017 00:00:00,24.7571,25.153,24.7338,24.9434,509890
MWG,8/30/2017 00:00:00,24.9201,25.6188,24.8968,25.5024,1.15881e+006
MWG,8/31/2017 00:00:00,25.5024,25.5955,25.4325,25.4791,361660
MWG,9/1/2017 00:00:00,25.5024,25.5723,25.3859,25.4791,492190
MWG,9/5/2017 00:00:00,25.4791,25.5024,25.153,25.153,418240
MWG,9/6/2017 00:00:00,25.1297,25.3859,25.1065,25.153,268760
MWG,9/7/2017 00:00:00,25.2695,25.4558,25.2229,25.2462,254140
MWG,9/8/2017 00:00:00,25.2695,25.5723,25.2695,25.5024,317800
MWG,9/11/2017 00:00:00,25.5955,26.2011,25.5955,25.7353,829940
MWG,9/12/2017 00:00:00,25.7586,26.0846,25.7353,26.0846,307880
MWG,9/13/2017 00:00:00,26.2942,26.8532,26.2942,26.6669,873330
MWG,9/14/2017 00:00:00,26.7833,26.9929,26.5737,26.6669,383810
MWG,9/15/2017 00:00:00,26.5737,26.7367,26.3641,26.5038,299400
MWG,9/18/2017 00:00:00,26.434,26.76,26.3175,26.597,365170
MWG,9/19/2017 00:00:00,26.597,26.7367,26.3874,26.4806,384620
MWG,9/20/2017 00:00:00,26.5504,26.6203,26.4573,26.5504,234100
MWG,9/21/2017 00:00:00,26.5504,26.76,26.5504,26.5737,221340
MWG,9/22/2017 00:00:00,26.5737,27.2258,26.5737,27.2258,879430
MWG,9/25/2017 00:00:00,27.2491,27.8081,27.2491,27.482,552100
MWG,9/26/2017 00:00:00,27.482,27.6916,27.2491,27.2724,412600
MWG,9/27/2017 00:00:00,27.2491,27.3656,26.7833,26.7833,465320
MWG,9/28/2017 00:00:00,26.8998,27.2491,26.76,26.8532,606770
MWG,9/29/2017 00:00:00,27.0162,27.1793,26.9696,27.0861,190250
MWG,10/2/2017 00:00:00,27.0861,27.4587,27.0861,27.319,300420
MWG,10/3/2017 00:00:00,27.319,27.645,27.2724,27.482,552510
MWG,10/4/2017 00:00:00,27.482,27.7848,27.4121,27.482,316560
MWG,10/5/2017 00:00:00,27.6916,27.6916,27.2491,27.2491,339310
MWG,10/6/2017 00:00:00,27.319,27.4354,27.2258,27.3656,276260
MWG,10/9/2017 00:00:00,27.3889,27.7149,27.3889,27.7149,391870
MWG,10/10/2017 00:00:00,27.7149,28.763,27.7149,28.763,847320
MWG,10/11/2017 00:00:00,28.763,28.926,28.4602,28.4602,516070
MWG,10/12/2017 00:00:00,28.6232,28.763,28.5068,28.6465,522850
MWG,10/13/2017 00:00:00,28.6465,29.1123,28.6465,29.1123,539360
MWG,10/16/2017 00:00:00,29.2288,29.6946,29.2288,29.6946,468240
MWG,10/17/2017 00:00:00,29.5781,29.811,29.4617,29.7178,438880
MWG,10/18/2017 00:00:00,29.7178,30.3234,29.6014,29.9275,789940
MWG,10/19/2017 00:00:00,29.9275,30.7426,29.9275,30.7426,643740
MWG,10/20/2017 00:00:00,31.0454,31.3947,29.648,29.6946,1.75964e+006
MWG,10/23/2017 00:00:00,29.5781,29.6713,29.2288,29.2288,886300
MWG,10/24/2017 00:00:00,29.089,29.811,29.089,29.811,806950
MWG,10/25/2017 00:00:00,29.9275,30.5796,29.9275,30.5796,586890
MWG,10/26/2017 00:00:00,30.9755,30.9755,29.9275,30.3467,906180
MWG,10/27/2017 00:00:00,30.3001,30.5097,30.1138,30.5097,498290
MWG,10/30/2017 00:00:00,30.8358,30.8358,30.0439,30.2302,586820
MWG,10/31/2017 00:00:00,30.1604,30.2302,29.9275,29.9275,380140
MWG,11/1/2017 00:00:00,30.0206,30.0206,29.4617,29.5548,613970
MWG,11/2/2017 00:00:00,29.4617,29.5548,27.7382,27.9478,1.82352e+006
MWG,11/3/2017 00:00:00,27.9478,29.2288,27.9478,29.2288,596960
MWG,11/6/2017 00:00:00,29.4151,29.9042,29.3452,29.5781,407030
MWG,11/7/2017 00:00:00,29.6014,29.6713,29.3219,29.4151,404420
MWG,11/8/2017 00:00:00,29.4151,29.811,29.4151,29.811,500630
MWG,11/9/2017 00:00:00,29.811,30.3932,29.811,30.0439,963520
MWG,11/10/2017 00:00:00,30.0439,30.3467,29.7178,30.0206,595520
MWG,11/13/2017 00:00:00,30.0206,30.0206,29.648,29.811,543700
MWG,11/14/2017 00:00:00,30.0439,31.4413,29.9275,31.3248,2.0577e+006
MWG,11/15/2017 00:00:00,31.3248,31.8139,31.0919,31.0919,715210
MWG,11/16/2017 00:00:00,31.0919,31.5112,30.9755,31.3248,589230
MWG,11/17/2017 00:00:00,31.4413,31.5577,30.9988,31.2084,682340
MWG,11/20/2017 00:00:00,31.2084,31.7906,31.0687,31.7906,767100
MWG,11/21/2017 00:00:00,31.7906,32.2797,31.7906,31.7906,965780
MWG,11/22/2017 00:00:00,31.7906,32.1866,31.5345,32.0235,813520
MWG,11/23/2017 00:00:00,32.14,32.2797,31.6742,31.8605,680450
MWG,11/24/2017 00:00:00,31.7441,31.9071,31.581,31.8139,540170
MWG,11/27/2017 00:00:00,31.8372,31.977,30.6261,30.9755,1.43002e+006
MWG,11/28/2017 00:00:00,30.9289,31.2783,30.5796,30.8823,493330
MWG,11/29/2017 00:00:00,30.9755,31.3714,30.9056,31.3248,380520
MWG,11/30/2017 00:00:00,31.5345,31.5577,31.2317,31.4413,453750
MWG,12/1/2017 00:00:00,31.3481,31.6742,31.2084,31.6509,437480
MWG,12/4/2017 00:00:00,31.5577,31.8838,31.4646,31.7208,552520
MWG,12/5/2017 00:00:00,31.7208,31.7906,30.9056,30.9056,481740
MWG,12/6/2017 00:00:00,30.8823,30.9522,30.0672,30.2069,1.04166e+006
MWG,12/7/2017 00:00:00,30.5097,30.5796,29.974,29.974,529330
MWG,12/8/2017 00:00:00,29.974,30.3234,29.8576,30.0439,370230
MWG,12/11/2017 00:00:00,29.5781,29.9973,29.4151,29.6247,565050
MWG,12/12/2017 00:00:00,29.648,30.0206,28.6465,29.4617,788930
MWG,12/13/2017 00:00:00,29.4617,29.6713,28.9027,28.9027,425000
MWG,12/14/2017 00:00:00,28.8794,30.1604,28.8794,30.1604,512900
MWG,12/15/2017 00:00:00,30.2768,30.859,30.0905,30.7426,410030
MWG,12/18/2017 00:00:00,30.7426,31.0687,30.6494,30.7426,386750
MWG,12/19/2017 00:00:00,30.7426,31.2783,30.533,31.2084,710570
MWG,12/20/2017 00:00:00,31.2084,31.2084,30.7426,30.9755,607890
MWG,12/21/2017 00:00:00,30.2768,30.7426,30.1604,30.1604,891390
MWG,12/22/2017 00:00:00,30.0672,30.859,30.0672,30.7426,462180
MWG,12/25/2017 00:00:00,30.6727,30.7426,30.3467,30.5097,422830
MWG,12/26/2017 00:00:00,30.5097,30.9056,30.5097,30.7426,314940
MWG,12/27/2017 00:00:00,30.7426,30.8125,30.1604,30.2768,601920
MWG,12/28/2017 00:00:00,30.2768,30.6261,30.2768,30.4631,843070
MWG,12/29/2017 00:00:00,30.4864,31.0221,30.4631,30.5097,2.55683e+006
MWG,1/2/2018 00:00:00,30.5097,30.859,30.5097,30.7426,566400
MWG,1/3/2018 00:00:00,30.7892,31.4879,30.7426,31.3481,1.13251e+006
MWG,1/4/2018 00:00:00,31.2317,31.5345,31.2084,31.418,678710
MWG,1/5/2018 00:00:00,31.4413,31.4413,30.9289,31.0687,733030
MWG,1/8/2018 00:00:00,30.859,30.9755,30.5097,30.5796,752020
MWG,1/9/2018 00:00:00,30.5796,30.7426,30.2535,30.6261,854350
MWG,1/10/2018 00:00:00,30.6261,30.9755,30.5097,30.9056,726350
MWG,1/11/2018 00:00:00,30.6261,30.859,30.6261,30.7193,432890
MWG,1/12/2018 00:00:00,30.7193,30.7193,30.3001,30.3234,761010
MWG,1/15/2018 00:00:00,30.3234,30.4165,30.2768,30.3932,426390
MWG,1/16/2018 00:00:00,30.4165,30.6261,30.2768,30.4864,502050
MWG,1/17/2018 00:00:00,30.4165,30.4864,29.811,29.811,699560
MWG,1/18/2018 00:00:00,29.6946,30.1604,29.3452,30.1604,472240
MWG,1/19/2018 00:00:00,30.1604,30.1604,29.5548,29.6946,374620
MWG,1/22/2018 00:00:00,29.7178,30.6261,29.648,29.9275,328910
MWG,1/25/2018 00:00:00,30.0439,30.3932,29.6014,30.0439,735390
MWG,1/26/2018 00:00:00,30.1604,30.2302,29.6247,29.6247,282470
MWG,1/29/2018 00:00:00,29.6247,29.6247,28.2506,28.8328,1.01958e+006
MWG,1/30/2018 00:00:00,29.1123,29.5548,28.8095,29.3219,429120
MWG,1/31/2018 00:00:00,29.3219,29.3219,28.8794,29.2288,418280
MWG,2/1/2018 00:00:00,29.1123,31.255,28.8095,31.255,467000
MWG,2/2/2018 00:00:00,30.2768,30.2768,29.4849,29.4849,852600
MWG,2/5/2018 00:00:00,29.3452,29.3452,28.4136,28.763,695700
MWG,2/6/2018 00:00:00,27.9478,28.0643,26.8998,27.7149,1.00678e+006
MWG,2/7/2018 00:00:00,28.3903,28.6232,28.0643,28.0643,458750
MWG,2/8/2018 00:00:00,28.2972,28.2972,27.3656,27.645,331600
MWG,2/9/2018 00:00:00,26.7833,26.7833,25.8517,26.0846,895800
MWG,2/12/2018 00:00:00,26.7833,26.7833,25.9682,26.5271,570900
MWG,2/13/2018 00:00:00,26.7833,28.0643,26.5504,27.9478,192920
MWG,2/21/2018 00:00:00,28.1807,28.7164,28.1807,28.6465,200190
MWG,2/22/2018 00:00:00,28.4136,28.6232,27.7149,27.7149,303130
MWG,2/23/2018 00:00:00,27.8314,27.9711,27.7382,27.9012,207380
MWG,2/26/2018 00:00:00,27.9478,28.5301,27.9012,28.1807,478400
MWG,2/27/2018 00:00:00,28.4136,29.3452,27.9478,29.3452,746580
MWG,2/28/2018 00:00:00,29.1123,29.2288,28.763,28.8794,351460
MWG,3/1/2018 00:00:00,28.6465,28.8794,28.2972,28.5301,277590
MWG,3/2/2018 00:00:00,28.1807,28.367,27.8779,28.2972,690310
MWG,3/5/2018 00:00:00,28.3903,28.5068,27.7848,27.8314,768540
MWG,3/6/2018 00:00:00,27.8314,27.8547,26.7833,27.2491,609300
MWG,3/7/2018 00:00:00,27.0162,27.0162,26.4806,26.5737,619200
MWG,3/8/2018 00:00:00,26.597,27.0162,26.597,26.8066,243880
MWG,3/9/2018 00:00:00,27.0162,27.1327,26.7833,27.0395,244020
MWG,3/12/2018 00:00:00,27.0395,27.4354,27.0395,27.2491,192120
MWG,3/13/2018 00:00:00,27.2491,27.2724,26.8998,27.0162,219390
MWG,3/14/2018 00:00:00,27.2491,27.4121,26.7833,26.7833,250220
MWG,3/15/2018 00:00:00,26.7833,26.7833,26.434,26.434,349720
MWG,3/16/2018 00:00:00,27.0162,27.0162,25.8517,26.4107,481790
MWG,3/19/2018 00:00:00,27.0162,27.482,27.0162,27.2491,527170
MWG,3/20/2018 00:00:00,27.4121,28.1807,27.2724,27.9478,673160
MWG,3/21/2018 00:00:00,28.4136,28.5766,27.9478,27.9478,433980
MWG,3/22/2018 00:00:00,27.9478,28.3205,27.482,27.5053,293790
MWG,3/23/2018 00:00:00,26.7833,27.482,26.5737,27.0628,278400
MWG,3/26/2018 00:00:00,26.7833,27.5752,26.7833,26.7833,224100
MWG,3/27/2018 00:00:00,26.7833,27.1094,26.5504,26.5504,341730
MWG,3/28/2018 00:00:00,26.5504,26.76,26.3641,26.3641,314920
MWG,3/29/2018 00:00:00,26.5504,26.6669,26.038,26.3408,351580
MWG,3/30/2018 00:00:00,26.3175,26.5271,26.2709,26.2709,183280
MWG,4/2/2018 00:00:00,26.2709,26.3408,25.6188,25.6421,767210
MWG,4/3/2018 00:00:00,25.6421,25.6421,23.9885,23.9885,1.076e+006
MWG,4/4/2018 00:00:00,23.9885,24.8503,23.9885,24.431,511510
MWG,4/5/2018 00:00:00,24.5708,25.1065,24.5475,24.5475,215460
MWG,4/6/2018 00:00:00,24.5475,25.0366,24.4078,24.5242,265350
MWG,4/9/2018 00:00:00,24.6407,24.6872,24.0584,24.0817,306530
MWG,4/10/2018 00:00:00,24.0817,24.105,23.5227,23.5227,506380
MWG,4/11/2018 00:00:00,23.5227,23.8721,23.2433,23.2433,525250
MWG,4/12/2018 00:00:00,23.2898,24.105,23.2433,24.105,495810
MWG,4/13/2018 00:00:00,24.4543,24.5475,24.2214,24.5475,542420
MWG,4/16/2018 00:00:00,24.6872,24.8037,24.4543,24.6872,343280
MWG,4/17/2018 00:00:00,24.7338,24.8037,24.4543,24.5009,244320
MWG,4/18/2018 00:00:00,24.4543,24.5009,23.9885,23.9885,206100
MWG,4/19/2018 00:00:00,24.0817,24.0817,22.8241,22.8241,314620
MWG,4/20/2018 00:00:00,23.2898,23.7789,23.0569,23.7789,338220
MWG,4/23/2018 00:00:00,24.4543,25.3394,24.431,24.9201,685820
MWG,4/24/2018 00:00:00,24.9201,25.2508,24.802,24.9674,220980
MWG,4/26/2018 00:00:00,24.9201,25.0382,23.7627,23.8099,338620
MWG,4/27/2018 00:00:00,23.8572,24.3296,23.3848,24.0934,330400
MWG,5/2/2018 00:00:00,24.0934,25.0382,23.9753,23.9753,254610
MWG,5/3/2018 00:00:00,24.0934,24.0934,23.6682,23.9989,258960
MWG,5/4/2018 00:00:00,24.0934,24.3296,23.9281,23.9753,184450
MWG,5/7/2018 00:00:00,23.9753,25.5343,23.9753,25.5107,597020
MWG,5/8/2018 00:00:00,25.6996,25.6996,24.8493,24.9438,297750
MWG,5/9/2018 00:00:00,24.802,25.2745,24.7548,25.0146,262950
MWG,5/10/2018 00:00:00,24.9201,25.0146,23.621,23.621,530300
MWG,5/11/2018 00:00:00,23.5974,24.3296,23.5974,24.3296,310160
MWG,5/14/2018 00:00:00,24.5658,24.9201,24.2351,24.802,273900
MWG,5/15/2018 00:00:00,24.802,25.3926,24.6839,25.2272,474040
MWG,5/16/2018 00:00:00,25.0382,25.2272,24.7075,24.802,201990
MWG,5/17/2018 00:00:00,24.6839,24.8965,24.3769,24.3769,309370
MWG,5/18/2018 00:00:00,24.3296,25.0382,24.117,25.0382,301160
MWG,5/21/2018 00:00:00,25.7469,26.4555,25.5107,26.0539,1.18846e+006
MWG,5/22/2018 00:00:00,26.0067,26.0776,25.2036,25.7469,423890
MWG,5/23/2018 00:00:00,25.7469,26.6917,25.4398,26.6917,872610
MWG,5/24/2018 00:00:00,26.9043,27.1169,26.5027,26.8571,681070
MWG,5/25/2018 00:00:00,26.8334,26.9279,25.9831,25.9831,611380
MWG,5/28/2018 00:00:00,25.5107,25.7469,24.1643,24.1643,1.15593e+006
MWG,5/29/2018 00:00:00,24.1643,25.2745,23.8572,24.802,551780
MWG,5/30/2018 00:00:00,24.802,25.0382,24.1643,24.3296,440950
MWG,5/31/2018 00:00:00,24.3296,25.0855,24.1643,25.0855,340200
MWG,6/1/2018 00:00:00,25.0382,25.7469,24.7075,25.7469,607160
MWG,6/4/2018 00:00:00,25.7469,26.3374,25.5107,25.7469,528750
MWG,6/5/2018 00:00:00,25.7469,26.2665,25.6288,26.1957,550980
MWG,6/6/2018 00:00:00,26.2193,27.9909,26.1957,27.9909,1.62225e+006
MWG,6/7/2018 00:00:00,27.9672,28.0617,27.424,27.4948,586210
MWG,6/8/2018 00:00:00,27.4003,28.794,27.2822,28.5814,1.05063e+006
MWG,6/11/2018 00:00:00,28.2271,29.29,28.0617,28.9829,863640
MWG,6/12/2018 00:00:00,28.416,28.6995,27.5421,28.3688,1.00844e+006
MWG,6/13/2018 00:00:00,28.5814,29.0066,28.3688,28.9593,697380
MWG,6/14/2018 00:00:00,28.8176,29.7624,28.8176,29.0538,790730
MWG,6/15/2018 00:00:00,29.0538,29.4554,28.6286,29.2428,481440
MWG,6/18/2018 00:00:00,29.2664,29.6443,27.8728,27.8728,1.07059e+006
MWG,6/19/2018 00:00:00,27.2822,27.731,25.9358,27.1641,1.91121e+006
MWG,6/20/2018 00:00:00,27.1877,27.6129,26.9279,27.3531,411110
MWG,6/21/2018 00:00:00,27.5657,27.7547,26.9279,26.9279,516060
MWG,6/22/2018 00:00:00,26.9279,27.6129,26.5264,27.6129,476580
MWG,6/25/2018 00:00:00,28.3452,29.0302,28.3452,28.5578,705100
MWG,6/26/2018 00:00:00,28.1798,28.5341,27.8255,28.3452,441230
MWG,6/27/2018 00:00:00,28.3452,28.8648,27.8728,27.8728,817170
MWG,6/28/2018 00:00:00,27.5421,27.8491,26.9515,27.0933,638030
MWG,6/29/2018 00:00:00,27.1641,27.5184,26.9279,26.9279,491140
MWG,7/2/2018 00:00:00,26.6917,26.6917,25.2745,25.2745,1.02659e+006
MWG,7/3/2018 00:00:00,25.2981,25.6288,23.6446,23.6446,1.07528e+006
MWG,7/4/2018 00:00:00,24.0462,24.6839,23.5265,24.6839,779570
MWG,7/5/2018 00:00:00,24.6839,24.802,23.621,24.0225,558520
MWG,7/6/2018 00:00:00,24.0934,25.5107,23.6918,25.1563,567910
MWG,7/9/2018 00:00:00,25.2745,25.6288,24.5658,24.802,328540
MWG,7/10/2018 00:00:00,24.7075,25.1563,24.5658,24.7784,301970
MWG,7/11/2018 00:00:00,24.0934,24.5658,23.621,23.8572,488530
MWG,7/12/2018 00:00:00,23.6682,24.802,23.6682,24.0934,286890
MWG,7/13/2018 00:00:00,24.6603,25.0146,24.3532,24.802,325760
MWG,7/16/2018 00:00:00,25.1327,25.6996,25.0382,25.3217,401950
MWG,7/17/2018 00:00:00,25.2745,26.4555,24.9674,26.4555,824160
MWG,7/18/2018 00:00:00,26.4555,26.8807,26.3138,26.6917,460950
MWG,7/19/2018 00:00:00,26.8807,27.4003,26.4555,27.235,862370
MWG,7/20/2018 00:00:00,26.9279,26.9279,26.2429,26.8098,928360
MWG,7/23/2018 00:00:00,26.6917,27.5184,26.6681,26.9043,763720
MWG,7/24/2018 00:00:00,26.7626,27.0933,26.2429,26.55,511920
MWG,7/25/2018 00:00:00,26.55,26.8334,26.1012,26.1012,499320
MWG,7/26/2018 00:00:00,26.1012,26.4319,25.5107,25.9831,435230
MWG,7/27/2018 00:00:00,25.9831,26.9279,25.9831,26.8807,701950
MWG,7/30/2018 00:00:00,26.9043,27.4003,26.9043,27.4003,596030
MWG,7/31/2018 00:00:00,27.5184,27.7547,27.2822,27.5893,568610
MWG,8/1/2018 00:00:00,27.7547,27.7783,26.8098,26.8334,627780
MWG,8/2/2018 00:00:00,26.6681,26.8807,26.361,26.8807,613430
MWG,8/3/2018 00:00:00,26.9279,27.2114,26.5736,26.5736,447190
MWG,8/6/2018 00:00:00,26.5736,26.6917,26.2193,26.2193,363260
MWG,8/7/2018 00:00:00,26.2193,26.4791,25.9831,26.2193,435930
MWG,8/8/2018 00:00:00,26.2193,27.0224,26.2193,26.9043,340650
MWG,8/9/2018 00:00:00,26.9279,27.2114,26.8334,27.0224,431240
MWG,8/10/2018 00:00:00,27.0224,27.3767,26.9043,27.2586,684860
MWG,8/13/2018 00:00:00,27.1641,27.1641,26.8571,26.9752,422090
MWG,8/14/2018 00:00:00,27.1641,27.8491,27.1641,27.8019,1.0341e+006
MWG,8/15/2018 00:00:00,27.8728,28.2507,27.3531,27.4003,785450
MWG,8/16/2018 00:00:00,27.2114,28.0853,27.1877,28.0853,801100
MWG,8/17/2018 00:00:00,28.2271,28.4633,27.8964,27.8964,647260
MWG,8/20/2018 00:00:00,27.9909,28.6523,27.8964,28.5814,812330
MWG,8/21/2018 00:00:00,28.5814,28.9357,28.5341,28.8176,612430
MWG,8/22/2018 00:00:00,28.9357,28.9357,28.5105,28.7467,423640
MWG,8/23/2018 00:00:00,28.7467,28.8176,28.5341,28.794,461070
MWG,8/24/2018 00:00:00,28.6759,28.7704,28.3452,28.5814,569900
MWG,8/27/2018 00:00:00,28.6523,29.3136,28.5341,29.1483,709210
MWG,8/28/2018 00:00:00,29.29,29.29,28.8885,29.0538,628850
MWG,8/29/2018 00:00:00,29.0538,29.1719,28.8412,28.8885,241030
MWG,8/30/2018 00:00:00,28.8885,29.1483,28.8176,29.0538,459170
MWG,8/31/2018 00:00:00,29.2192,29.2192,28.3452,28.3452,722760
MWG,9/4/2018 00:00:00,28.3452,28.5578,27.9672,27.9672,698900
MWG,9/5/2018 00:00:00,27.9672,28.109,27.4003,27.4712,749310
MWG,9/6/2018 00:00:00,27.731,27.8019,27.4712,27.4948,535920
MWG,9/7/2018 00:00:00,27.424,27.8491,27.424,27.7074,285090
MWG,9/10/2018 00:00:00,27.7074,27.9672,27.6365,27.731,364420
MWG,9/11/2018 00:00:00,27.92,28.4633,27.731,28.4633,688570
MWG,9/12/2018 00:00:00,28.5814,28.8885,28.5341,28.5578,699630
MWG,9/13/2018 00:00:00,28.5814,29.0538,28.5341,28.6995,662640
MWG,9/14/2018 00:00:00,28.8176,29.0066,28.7231,28.8176,261860
MWG,9/17/2018 00:00:00,28.6995,28.8176,28.3452,28.4633,409860
MWG,9/18/2018 00:00:00,28.3216,28.8176,28.109,28.8176,327290
MWG,9/19/2018 00:00:00,29.0538,29.0538,28.5341,28.794,368460
MWG,9/20/2018 00:00:00,28.794,28.9357,28.605,28.6995,323370
MWG,9/21/2018 00:00:00,28.794,29.7624,28.6995,29.7624,1.25767e+006
MWG,9/24/2018 00:00:00,29.7624,30.1168,29.7624,29.9278,572820
MWG,9/25/2018 00:00:00,29.9278,29.9278,29.6443,29.8333,498320
MWG,9/26/2018 00:00:00,29.7624,29.9514,29.5262,29.5262,650080
MWG,9/27/2018 00:00:00,29.5971,30.2349,29.3373,30.2349,770310
MWG,9/28/2018 00:00:00,30.353,30.6837,30.0459,30.0459,642710
MWG,10/1/2018 00:00:00,29.9986,30.2112,29.9042,29.9986,489970
MWG,10/2/2018 00:00:00,29.9986,30.3057,29.9278,29.9986,486880
MWG,10/3/2018 00:00:00,29.975,30.2585,29.9278,30.2585,473490
MWG,10/4/2018 00:00:00,30.3057,30.7073,30.3057,30.4474,467720
MWG,10/5/2018 00:00:00,30.4711,30.7073,29.8805,29.8805,605250
MWG,10/8/2018 00:00:00,29.8805,30.4711,29.8333,30.2349,660700
MWG,10/9/2018 00:00:00,30.2585,30.849,30.2585,30.5892,823360
MWG,10/10/2018 00:00:00,30.7073,30.9435,30.5419,30.9435,576480
MWG,10/11/2018 00:00:00,30.4711,30.4711,29.4081,29.4081,1.57964e+006
MWG,10/12/2018 00:00:00,29.3136,30.1168,29.3136,30.1168,617790
MWG,10/15/2018 00:00:00,30.1404,30.1404,29.5262,29.6443,803450
MWG,10/16/2018 00:00:00,29.5262,30.0931,29.5262,30.0931,298340
MWG,10/17/2018 00:00:00,30.2349,30.5892,30.1404,30.2349,360430
MWG,10/18/2018 00:00:00,30.3057,30.353,29.8333,29.8805,389170
MWG,10/19/2018 00:00:00,29.6443,29.8333,29.3845,29.5498,467910
MWG,10/22/2018 00:00:00,29.7624,29.8569,29.4554,29.4554,271340
MWG,10/23/2018 00:00:00,29.29,29.29,27.8728,28.2271,832020
MWG,10/24/2018 00:00:00,28.2271,28.605,27.5184,27.5184,508800
MWG,10/25/2018 00:00:00,26.1012,27.2822,26.1012,26.6917,590330
MWG,10/26/2018 00:00:00,27.1641,27.2114,25.5107,25.5107,849040
MWG,10/29/2018 00:00:00,25.5107,25.8414,24.7075,24.7312,941930
MWG,10/30/2018 00:00:00,24.802,25.6524,24.7312,25.2981,580920
MWG,10/31/2018 00:00:00,25.5343,26.6445,25.5343,26.6445,383980
MWG,11/1/2018 00:00:00,26.6917,26.8098,25.9831,26.1012,499610
MWG,11/2/2018 00:00:00,26.6681,26.8098,26.2193,26.5736,504810
MWG,11/5/2018 00:00:00,26.3138,26.4319,25.865,26.3138,293080
MWG,11/6/2018 00:00:00,26.5736,26.5736,26.1012,26.3138,218730
MWG,11/7/2018 00:00:00,26.5736,26.7862,26.2193,26.4555,643430
MWG,11/8/2018 00:00:00,26.2193,26.4555,25.5815,25.9831,604530
MWG,11/9/2018 00:00:00,25.9831,26.4555,25.0382,25.0382,477280
MWG,11/12/2018 00:00:00,25.0382,26.1012,25.0382,25.9831,304040
MWG,11/13/2018 00:00:00,25.5579,25.7469,25.3926,25.4398,317270
MWG,11/14/2018 00:00:00,25.487,25.7941,25.3453,25.3453,158520
MWG,11/15/2018 00:00:00,25.5107,25.8177,25.2745,25.2745,292820
MWG,11/16/2018 00:00:00,25.5107,25.9831,25.2745,25.3217,631250
MWG,11/19/2018 00:00:00,25.8886,26.676,25.8886,26.676,674870
MWG,11/20/2018 00:00:00,26.676,26.676,26.3925,26.55,205300
MWG,11/21/2018 00:00:00,26.2035,26.7704,26.2035,26.7075,342490
MWG,11/22/2018 00:00:00,27.0224,27.2114,26.9594,27.0224,284960
MWG,11/23/2018 00:00:00,27.0224,27.0854,26.4555,26.4555,275770
MWG,11/26/2018 00:00:00,26.4555,26.9594,26.4555,26.7704,243680
MWG,11/27/2018 00:00:00,26.9279,26.9909,26.55,26.5815,170510
MWG,11/28/2018 00:00:00,26.613,26.739,26.5185,26.6445,177110
MWG,11/29/2018 00:00:00,26.7704,26.9279,26.613,26.7704,301730
MWG,11/30/2018 00:00:00,26.6445,26.8019,26.4555,26.613,319650
MWG,12/3/2018 00:00:00,26.9279,27.7153,26.7704,27.7153,881770
MWG,12/4/2018 00:00:00,27.8728,27.9357,27.6208,27.7153,350360
MWG,12/5/2018 00:00:00,27.4948,28.1247,27.3688,27.9672,391320
MWG,12/6/2018 00:00:00,27.7153,28.1877,27.5578,27.6838,485380
MWG,12/7/2018 00:00:00,27.6838,28.0302,27.6838,27.9043,498460
MWG,12/10/2018 00:00:00,27.9043,27.9043,27.6208,27.7153,381370
MWG,12/11/2018 00:00:00,27.7153,27.8413,27.5578,27.6523,362460
MWG,12/12/2018 00:00:00,27.7153,28.4712,27.7153,28.1877,483230
MWG,12/13/2018 00:00:00,28.3767,28.3767,27.9672,28.0302,442940
MWG,12/14/2018 00:00:00,27.9672,27.9672,27.6523,27.6838,666410
MWG,12/17/2018 00:00:00,27.4003,27.5578,26.7704,26.7704,944150
MWG,12/18/2018 00:00:00,26.1406,26.8649,26.1406,26.8649,771090
MWG,12/19/2018 00:00:00,26.9279,27.0539,26.6445,27.0224,370690
MWG,12/20/2018 00:00:00,26.7704,27.0224,26.676,26.9279,342770
MWG,12/21/2018 00:00:00,26.7704,27.5263,26.424,27.4003,926110
MWG,12/24/2018 00:00:00,27.4003,27.5578,27.2429,27.2429,318090
MWG,12/25/2018 00:00:00,26.7704,27.1799,26.487,26.8964,554610
MWG,12/26/2018 00:00:00,27.0224,27.1799,26.8334,26.8964,342390
MWG,12/27/2018 00:00:00,27.3688,27.4003,26.9909,27.2114,662910
MWG,12/28/2018 00:00:00,27.2114,27.4003,26.6445,27.4003,1.05136e+006
MWG,1/2/2019 00:00:00,27.4003,27.4003,26.9279,26.9279,351730
MWG,1/3/2019 00:00:00,26.9279,26.9909,26.1406,26.1406,703060
MWG,1/4/2019 00:00:00,26.1406,26.361,25.8256,26.3295,432170
MWG,1/7/2019 00:00:00,26.4555,26.9279,26.3925,26.7704,398000
MWG,1/8/2019 00:00:00,26.7704,26.7704,26.4555,26.4555,172180
MWG,1/9/2019 00:00:00,26.4555,26.9909,26.4555,26.8964,440950
MWG,1/10/2019 00:00:00,26.8964,27.0854,26.676,27.0854,285290
MWG,1/11/2019 00:00:00,27.0854,27.0854,26.7704,26.7704,360780
MWG,1/14/2019 00:00:00,26.7704,26.7704,26.4555,26.7704,454580
MWG,1/15/2019 00:00:00,26.7704,26.9909,26.55,26.9909,871010
MWG,1/16/2019 00:00:00,26.9279,27.3374,26.8649,26.8649,1.76133e+006
MWG,1/17/2019 00:00:00,27.0854,27.0854,26.8334,26.8649,457130
MWG,1/18/2019 00:00:00,26.8334,26.9279,26.5815,26.5815,195210
MWG,1/21/2019 00:00:00,26.5815,26.6445,26.298,26.361,440920
MWG,1/22/2019 00:00:00,26.3925,26.613,26.361,26.3925,141590
MWG,1/23/2019 00:00:00,26.3925,26.4555,26.298,26.3295,176570
MWG,1/24/2019 00:00:00,26.3295,26.424,26.235,26.3295,147770
MWG,1/25/2019 00:00:00,26.3295,26.424,26.2035,26.2035,223510
MWG,1/28/2019 00:00:00,26.2035,26.5185,26.2035,26.3295,270250
MWG,1/29/2019 00:00:00,26.3295,26.9279,26.1091,26.9279,461840
MWG,1/30/2019 00:00:00,26.613,26.7075,26.3295,26.3295,263110
MWG,1/31/2019 00:00:00,26.4555,26.613,26.1406,26.1406,206030
MWG,2/1/2019 00:00:00,26.361,26.5185,26.1091,26.1406,420360
MWG,2/11/2019 00:00:00,26.298,26.6445,26.298,26.6445,355460
MWG,2/12/2019 00:00:00,26.6445,26.8649,26.6445,26.6445,343450
MWG,2/13/2019 00:00:00,26.6445,27.1484,26.6445,27.1484,1.21254e+006
MWG,2/14/2019 00:00:00,27.1484,27.2114,26.9279,26.9909,668840
MWG,2/15/2019 00:00:00,26.9909,27.1799,26.8649,27.1169,717740
MWG,2/18/2019 00:00:00,27.2429,27.2744,27.0539,27.1169,455150
MWG,2/19/2019 00:00:00,27.1169,27.6208,27.1169,27.4003,1.91125e+006
MWG,2/20/2019 00:00:00,27.4003,27.5893,27.3688,27.4318,592890
MWG,2/21/2019 00:00:00,27.4318,27.6838,27.4318,27.6838,781820
MWG,2/22/2019 00:00:00,27.6208,28.2507,27.4318,28.0302,1.19003e+006
MWG,2/25/2019 00:00:00,28.3452,28.7231,28.1877,28.2192,1.27386e+006
MWG,2/26/2019 00:00:00,28.2822,28.2822,27.7783,27.8728,797730
MWG,2/27/2019 00:00:00,27.9987,28.1562,27.6523,27.7783,575710
MWG,2/28/2019 00:00:00,27.7783,27.9357,27.3374,27.3374,1.16045e+006
MWG,3/1/2019 00:00:00,27.5893,27.6838,27.4003,27.5578,431190
MWG,3/4/2019 00:00:00,27.8728,28.1562,27.4948,28.0302,769420
MWG,3/5/2019 00:00:00,28.0302,28.3452,27.6523,27.6523,706580
MWG,3/6/2019 00:00:00,27.7153,27.8098,27.4948,27.7468,536430
MWG,3/7/2019 00:00:00,27.8728,27.8728,27.5893,27.6208,458460
MWG,3/8/2019 00:00:00,27.4003,27.5263,27.2114,27.2744,830580
MWG,3/11/2019 00:00:00,27.4948,27.6838,27.3688,27.5263,358070
MWG,3/12/2019 00:00:00,27.7153,27.8728,27.6523,27.8728,667370
MWG,3/13/2019 00:00:00,27.8728,28.3452,27.8728,28.1562,1.07912e+006
MWG,3/14/2019 00:00:00,28.1877,28.1877,27.8728,28.0302,530270
MWG,3/15/2019 00:00:00,28.0302,28.1247,27.8098,27.9043,456820
MWG,3/18/2019 00:00:00,27.9043,28.1247,27.8728,28.0932,722860
MWG,3/19/2019 00:00:00,28.1247,28.6601,27.9987,28.0617,1.16149e+006
MWG,3/20/2019 00:00:00,27.8728,28.1247,27.7153,27.8728,431600
MWG,3/21/2019 00:00:00,27.8728,28.0617,27.6838,27.6838,706020
MWG,3/22/2019 00:00:00,27.6838,27.7468,27.4003,27.4633,671770
MWG,3/25/2019 00:00:00,27.2429,27.2429,26.3925,26.3925,1.1634e+006
MWG,3/26/2019 00:00:00,26.7704,26.8334,26.424,26.487,588520
MWG,3/27/2019 00:00:00,26.613,26.739,26.5815,26.5815,207810
MWG,3/28/2019 00:00:00,26.613,26.676,26.487,26.5815,352840
MWG,3/29/2019 00:00:00,26.6445,26.8334,26.613,26.7075,285550
MWG,4/1/2019 00:00:00,26.7075,26.8019,26.4555,26.487,484640
MWG,4/2/2019 00:00:00,26.739,26.8019,26.487,26.487,287660
MWG,4/3/2019 00:00:00,26.613,26.613,26.361,26.3925,235540
MWG,4/4/2019 00:00:00,26.3925,26.55,26.2665,26.298,317500
MWG,4/5/2019 00:00:00,26.0146,26.55,26.0146,26.487,354560
MWG,4/8/2019 00:00:00,26.613,26.613,26.298,26.4555,186580
MWG,4/9/2019 00:00:00,26.4555,26.487,26.2035,26.361,275970
MWG,4/10/2019 00:00:00,26.2665,26.3295,25.8886,26.0776,401860
MWG,4/11/2019 00:00:00,25.9831,26.172,25.8886,25.9831,222580
MWG,4/12/2019 00:00:00,25.9831,26.0776,25.7941,25.9831,349720
MWG,4/16/2019 00:00:00,25.7626,25.8886,25.6366,25.7311,454000
MWG,4/17/2019 00:00:00,25.7311,25.8571,25.6366,25.7626,343330
MWG,4/18/2019 00:00:00,25.7626,25.8256,25.3847,25.6366,378380
MWG,4/19/2019 00:00:00,25.6681,25.9201,25.6366,25.8886,242750
MWG,4/22/2019 00:00:00,26.0146,26.2665,25.9831,26.1406,359660
MWG,4/23/2019 00:00:00,26.1406,26.2035,25.9516,26.0776,205300
MWG,4/24/2019 00:00:00,26.0776,26.2665,26.0461,26.1406,318360
MWG,4/25/2019 00:00:00,26.235,26.4555,26.1406,26.298,273010
MWG,4/26/2019 00:00:00,26.298,26.7704,26.235,26.739,729640
MWG,5/2/2019 00:00:00,26.8649,27.2114,26.8649,27.0854,558270
MWG,5/3/2019 00:00:00,27.0854,27.0854,26.8019,27.0539,383610
MWG,5/6/2019 00:00:00,26.7704,26.7704,26.298,26.3925,406200
MWG,5/7/2019 00:00:00,26.487,26.613,26.298,26.424,292510
MWG,5/8/2019 00:00:00,26.1406,26.424,25.9831,26.298,339560
MWG,5/9/2019 00:00:00,26.2665,26.613,26.235,26.487,381100
MWG,5/10/2019 00:00:00,26.487,26.8019,26.4555,26.7704,343700
MWG,5/13/2019 00:00:00,26.739,26.8964,26.4555,26.8334,266140
MWG,5/14/2019 00:00:00,26.7704,26.9909,26.6445,26.9279,511320
MWG,5/15/2019 00:00:00,27.0539,27.4948,27.0224,27.4003,772070
MWG,5/16/2019 00:00:00,27.4003,27.5263,27.0854,27.0854,341020
MWG,5/17/2019 00:00:00,27.0854,27.4003,27.0854,27.2429,298530
MWG,5/20/2019 00:00:00,27.3059,27.9043,27.3059,27.8098,899010
MWG,5/21/2019 00:00:00,27.8413,28.0617,27.6838,27.7783,943500
MWG,5/22/2019 00:00:00,27.8728,28.1877,27.7783,27.8728,673140
MWG,5/23/2019 00:00:00,28.1931,28.1931,27.8728,28.065,575790
MWG,5/24/2019 00:00:00,27.9368,28.6096,27.8407,28.4174,1.17358e+006
MWG,5/27/2019 00:00:00,28.3533,28.4494,27.9689,28.097,539410
MWG,5/28/2019 00:00:00,28.0329,28.3213,28.0329,28.2572,511870
MWG,5/29/2019 00:00:00,28.2572,28.3533,28.0009,28.0329,910660
MWG,5/30/2019 00:00:00,28.0329,28.1931,27.9048,28.065,394320
MWG,5/31/2019 00:00:00,28.065,28.097,27.5524,27.5844,626570
MWG,6/3/2019 00:00:00,27.5524,27.5524,26.9437,27.232,549540
MWG,6/4/2019 00:00:00,27.3602,27.5524,27.1039,27.5524,224080
MWG,6/5/2019 00:00:00,27.7446,27.9689,27.7126,27.7446,290690
MWG,6/6/2019 00:00:00,27.8728,27.8728,27.5524,27.7126,383430
MWG,6/7/2019 00:00:00,27.7766,28.2892,27.7766,28.2892,656210
MWG,6/10/2019 00:00:00,28.3213,28.6737,28.2892,28.3854,726010
MWG,6/11/2019 00:00:00,28.5135,28.9941,28.4815,28.7057,1.05058e+006
MWG,6/12/2019 00:00:00,28.8339,29.1543,28.6737,29.0582,948660
MWG,6/13/2019 00:00:00,29.0902,29.0902,28.5776,28.6417,762860
MWG,6/14/2019 00:00:00,28.7698,28.7698,28.4815,28.5455,645930
MWG,6/17/2019 00:00:00,28.5135,28.5776,28.0329,28.1291,767010
MWG,6/18/2019 00:00:00,28.1611,28.3213,28.097,28.2892,409820
MWG,6/19/2019 00:00:00,28.5135,28.6737,28.3213,28.3854,378510
MWG,6/20/2019 00:00:00,28.5135,29.3465,28.4494,29.0582,1.14692e+006
MWG,6/21/2019 00:00:00,29.0902,29.4426,29.0902,29.1543,516880
MWG,6/24/2019 00:00:00,29.4426,29.6348,29.0582,29.2824,774060
MWG,6/25/2019 00:00:00,29.2824,29.4106,29.0261,29.4106,489060
MWG,6/26/2019 00:00:00,29.4106,29.8911,29.2183,29.7309,761460
MWG,6/27/2019 00:00:00,29.5067,29.7309,29.0902,29.1543,761170
MWG,6/28/2019 00:00:00,29.2183,29.7309,29.0902,29.7309,714920
MWG,7/1/2019 00:00:00,29.9552,30.3717,29.8911,30.3397,938140
MWG,7/2/2019 00:00:00,30.4037,30.6921,30.2435,30.596,1.12901e+006
MWG,7/3/2019 00:00:00,30.4678,30.7561,30.4358,30.628,855880
MWG,7/4/2019 00:00:00,30.7561,30.9484,30.5639,30.596,648430
MWG,7/5/2019 00:00:00,30.4998,30.66,30.4037,30.5639,618980
MWG,7/8/2019 00:00:00,30.4358,30.5319,30.1474,30.2115,716580
MWG,7/9/2019 00:00:00,30.3076,31.0765,30.0834,31.0765,962970
MWG,7/10/2019 00:00:00,31.1726,31.8775,31.1726,31.5251,1.04615e+006
MWG,7/11/2019 00:00:00,31.5571,31.8134,31.3969,31.3969,703060
MWG,7/12/2019 00:00:00,31.3969,31.7814,31.1086,31.4289,708120
MWG,7/15/2019 00:00:00,31.6532,32.6784,31.4289,32.4221,1.5581e+006
MWG,7/16/2019 00:00:00,32.4221,32.9027,32.358,32.7425,716650
MWG,7/17/2019 00:00:00,32.7425,32.8706,32.5182,32.5503,598590
MWG,7/18/2019 00:00:00,32.5182,33.2871,32.326,33.2871,1.10973e+006
MWG,7/19/2019 00:00:00,33.4793,33.9599,33.3192,33.9279,1.09752e+006
MWG,7/22/2019 00:00:00,33.9599,34.4405,33.7036,34.1201,859840
MWG,7/23/2019 00:00:00,34.1201,34.889,34.056,34.889,897670
MWG,7/24/2019 00:00:00,34.921,35.1453,34.4084,34.4084,778010
MWG,7/25/2019 00:00:00,34.4084,34.7609,34.1201,34.5686,918260
MWG,7/26/2019 00:00:00,34.6007,34.7609,33.8958,34.1842,1.17445e+006
MWG,7/29/2019 00:00:00,34.3444,34.3444,33.2871,33.9599,1.91913e+006
MWG,7/30/2019 00:00:00,33.7997,34.2803,33.223,33.223,1.01425e+006
MWG,7/31/2019 00:00:00,33.0629,34.2803,33.0629,34.2162,684050
MWG,8/1/2019 00:00:00,34.056,34.7609,33.8318,34.7609,875760
MWG,8/2/2019 00:00:00,34.4405,34.7609,34.2803,34.6007,799720
MWG,8/5/2019 00:00:00,34.6007,35.6899,34.5046,35.0812,1.30922e+006
MWG,8/6/2019 00:00:00,34.2483,35.4977,34.2483,35.2414,990630
MWG,8/7/2019 00:00:00,35.2414,36.587,35.2414,36.5229,1.28073e+006
MWG,8/8/2019 00:00:00,36.6831,36.8433,36.1064,36.2025,862840
MWG,8/9/2019 00:00:00,36.3307,37.1316,36.1705,37.1316,673570
MWG,8/12/2019 00:00:00,37.1316,37.8044,36.7152,37.4841,714330
MWG,8/13/2019 00:00:00,37.3239,37.9326,36.8433,37.7404,911770
MWG,8/14/2019 00:00:00,37.9967,38.285,37.8685,38.0928,726650
MWG,8/15/2019 00:00:00,37.7404,38.4452,37.42,38.4452,926680
MWG,8/16/2019 00:00:00,38.7015,39.2141,37.5802,37.5802,1.46919e+006
MWG,8/19/2019 00:00:00,37.7404,38.0607,36.9394,37.7724,1.14793e+006
MWG,8/20/2019 00:00:00,37.8685,38.4452,37.8044,38.4452,539450
MWG,8/21/2019 00:00:00,38.4452,39.0539,38.2209,38.5413,817580
MWG,8/22/2019 00:00:00,38.6054,38.6054,37.6442,37.6442,1.03633e+006
MWG,8/23/2019 00:00:00,37.6442,37.8044,36.8433,37.3239,1.03304e+006
MWG,8/26/2019 00:00:00,36.9074,37.7724,36.9074,37.2918,1.03559e+006
MWG,8/27/2019 00:00:00,37.5802,37.6442,35.722,36.5229,1.89444e+006
MWG,8/28/2019 00:00:00,36.5229,36.5229,35.9783,36.4589,598140
MWG,8/29/2019 00:00:00,36.4589,36.8433,36.2346,36.8433,339460
MWG,8/30/2019 00:00:00,36.8433,37.5481,36.8433,37.452,646070
MWG,9/3/2019 00:00:00,37.5802,37.9005,37.4841,37.6763,672220
MWG,9/4/2019 00:00:00,37.6763,37.9326,37.5481,37.7724,478350
MWG,9/5/2019 00:00:00,37.8044,37.8044,36.8433,37.2278,873420
MWG,9/6/2019 00:00:00,37.2278,37.6122,36.9074,37.4841,446190
MWG,9/9/2019 00:00:00,37.3239,37.6442,37.1957,37.1957,268270
MWG,9/10/2019 00:00:00,37.4841,37.4841,36.6831,36.8113,526620
MWG,9/11/2019 00:00:00,36.7792,36.8753,36.1064,36.8753,699470
MWG,9/12/2019 00:00:00,37.1316,37.5481,36.7792,37.42,849030
MWG,9/13/2019 00:00:00,37.6442,39.2141,37.6442,39.2141,2.60462e+006
MWG,9/16/2019 00:00:00,39.3102,39.983,39.2782,39.5665,1.10563e+006
MWG,9/17/2019 00:00:00,39.5345,39.5665,39.0859,39.5345,433580
MWG,9/18/2019 00:00:00,39.4384,39.8869,38.9578,39.0859,837380
MWG,9/19/2019 00:00:00,39.2461,40.1111,38.9898,40.1111,535580
MWG,9/20/2019 00:00:00,40.3354,40.9441,39.7267,40.5276,626230
MWG,9/23/2019 00:00:00,40.3674,40.6878,39.5665,39.7267,706560
MWG,9/24/2019 00:00:00,39.3102,39.9189,39.0859,39.0859,796020
MWG,9/25/2019 00:00:00,39.118,40.2073,38.9258,40.2073,640200
MWG,9/26/2019 00:00:00,40.3354,40.5276,39.8869,40.3674,454270
MWG,9/27/2019 00:00:00,40.5276,41.2645,40.3674,41.0082,1.28333e+006
MWG,9/30/2019 00:00:00,41.3286,41.4888,40.3674,40.3995,678780
MWG,10/1/2019 00:00:00,40.3995,40.9441,40.3995,40.848,581240
MWG,10/2/2019 00:00:00,40.848,40.9121,40.1111,40.1111,697640
MWG,10/3/2019 00:00:00,39.7587,40.1111,39.7267,40.0791,905190
MWG,10/4/2019 00:00:00,40.3034,40.3034,39.4063,39.4063,612110
MWG,10/7/2019 00:00:00,39.4063,39.6306,38.7656,38.7656,868850
MWG,10/8/2019 00:00:00,38.7656,39.4063,38.6374,39.4063,617490
MWG,10/9/2019 00:00:00,39.5345,39.6947,39.2782,39.5985,258380
MWG,10/10/2019 00:00:00,39.5985,39.8228,39.3102,39.5985,309090
MWG,10/11/2019 00:00:00,39.6306,39.6626,39.3102,39.5345,226390
MWG,10/14/2019 00:00:00,39.5665,40.2073,39.4063,39.951,557790
MWG,10/15/2019 00:00:00,39.951,40.3354,39.8869,40.2073,330130
MWG,10/16/2019 00:00:00,40.3674,40.5276,40.0471,40.0791,332150
MWG,10/17/2019 00:00:00,40.0471,40.0471,39.3102,39.3743,752150
MWG,10/18/2019 00:00:00,39.5024,39.5985,39.1821,39.3743,340930
MWG,10/21/2019 00:00:00,39.5665,39.6947,39.0859,39.3743,420540
MWG,10/22/2019 00:00:00,39.4063,39.4384,39.0219,39.4384,283110
MWG,10/23/2019 00:00:00,39.2461,39.8548,39.118,39.4704,267910
MWG,10/24/2019 00:00:00,39.4704,40.848,39.4704,40.848,1.55129e+006
MWG,10/25/2019 00:00:00,40.9441,41.0082,40.6237,40.9762,619560
MWG,10/28/2019 00:00:00,41.0082,41.3606,40.816,40.88,791430
MWG,10/29/2019 00:00:00,40.88,41.1363,40.6878,40.6878,451930
MWG,10/30/2019 00:00:00,40.4636,40.5917,39.9189,40.015,1.27388e+006
MWG,10/31/2019 00:00:00,40.015,40.3674,39.9189,39.9189,547280
MWG,11/1/2019 00:00:00,39.9189,40.3034,39.3422,40.1111,804110
MWG,11/4/2019 00:00:00,40.1752,40.5597,39.5985,40.3995,1.41959e+006
MWG,11/5/2019 00:00:00,40.5597,40.6237,40.2073,40.2393,694310
MWG,11/6/2019 00:00:00,40.2393,40.2713,39.7908,39.9189,675510
MWG,11/7/2019 00:00:00,40.1432,40.3354,39.951,40.1432,454070
MWG,11/8/2019 00:00:00,40.1752,40.1752,39.5345,39.9189,791810
MWG,11/11/2019 00:00:00,39.983,39.983,39.0539,39.0539,1.07471e+006
MWG,11/12/2019 00:00:00,39.0539,39.3422,38.8937,39.1821,535490
MWG,11/13/2019 00:00:00,39.1821,39.3102,38.1248,38.4131,1.48718e+006
MWG,11/14/2019 00:00:00,38.4131,38.6694,37.1637,37.42,1.56449e+006
MWG,11/15/2019 00:00:00,37.4841,37.9646,37.42,37.9646,477380
MWG,11/18/2019 00:00:00,37.9967,38.285,37.6442,37.7404,342430
MWG,11/19/2019 00:00:00,37.8044,38.1248,37.7083,38.1248,297210
MWG,11/20/2019 00:00:00,38.1248,38.1248,37.3879,37.5161,352350
MWG,11/21/2019 00:00:00,37.4841,37.4841,36.3627,36.3627,1.21457e+006
MWG,11/22/2019 00:00:00,36.8433,36.8433,35.4977,35.8822,871800
MWG,11/25/2019 00:00:00,36.1064,36.1385,34.6327,35.8822,619110
MWG,11/26/2019 00:00:00,36.3307,36.5229,36.1064,36.3627,587670
MWG,11/27/2019 00:00:00,36.4268,36.587,36.1705,36.2666,255150
MWG,11/28/2019 00:00:00,35.6259,35.9462,34.889,34.921,1.28049e+006
MWG,11/29/2019 00:00:00,34.921,34.921,34.1521,34.921,913420
MWG,12/2/2019 00:00:00,35.0492,35.1773,34.7288,34.7288,642170
MWG,12/3/2019 00:00:00,34.6007,35.0492,34.2162,34.9851,593720
MWG,12/4/2019 00:00:00,34.921,36.2025,34.7929,36.2025,574630
MWG,12/5/2019 00:00:00,36.2666,36.3627,35.4336,35.4336,544700
MWG,12/6/2019 00:00:00,35.4336,35.5618,35.2414,35.4977,468980
MWG,12/9/2019 00:00:00,35.4977,35.754,35.2414,35.5298,526010
MWG,12/10/2019 00:00:00,35.5298,35.6899,35.2414,35.5618,412000
MWG,12/11/2019 00:00:00,35.4016,36.2025,35.3375,36.2025,314710
MWG,12/12/2019 00:00:00,36.2025,36.3627,36.1064,36.3307,366190
MWG,12/13/2019 00:00:00,36.3627,36.7472,35.9783,36.2025,467610
MWG,12/16/2019 00:00:00,35.8822,36.2666,35.722,36.2666,444410
MWG,12/17/2019 00:00:00,36.4589,36.6831,36.2346,36.2987,448230
MWG,12/18/2019 00:00:00,36.2346,36.3948,35.1453,35.2414,1.14813e+006
MWG,12/19/2019 00:00:00,35.1773,35.4977,34.7609,35.2414,379310
MWG,12/20/2019 00:00:00,35.4977,35.8181,35.3055,35.4657,356760
MWG,12/23/2019 00:00:00,35.7861,35.9462,35.5618,35.5618,425780
MWG,12/24/2019 00:00:00,35.6259,35.8181,35.4336,35.6579,374750
MWG,12/25/2019 00:00:00,35.754,36.4909,35.6579,36.4909,547470
MWG,12/26/2019 00:00:00,36.4909,36.4909,35.9142,36.2987,615240
MWG,12/27/2019 00:00:00,36.2025,36.3627,36.0424,36.3627,488240
MWG,12/30/2019 00:00:00,36.3627,36.6831,36.2666,36.5229,616460
MWG,12/31/2019 00:00:00,36.5229,36.8113,36.5229,36.5229,604050
MWG,1/2/2020 00:00:00,36.5229,37.4841,36.4268,37.4841,716290
MWG,1/3/2020 00:00:00,37.4841,37.7083,36.9074,36.9394,791020
MWG,1/6/2020 00:00:00,36.7792,36.9715,36.5229,36.7472,389250
MWG,1/7/2020 00:00:00,36.7472,37.0355,36.2987,37.0355,648230
MWG,1/8/2020 00:00:00,36.5229,36.8433,36.1385,36.1385,742390
MWG,1/9/2020 00:00:00,36.4909,36.8433,36.3307,36.6831,318070
MWG,1/10/2020 00:00:00,36.7152,37.0355,36.619,36.8753,412180
MWG,1/13/2020 00:00:00,36.6831,36.9394,36.555,36.6831,288240
MWG,1/14/2020 00:00:00,36.7792,36.7792,36.4589,36.4909,320810
MWG,1/15/2020 00:00:00,36.4909,36.587,36.4268,36.5229,293160
MWG,1/16/2020 00:00:00,36.5229,37.1637,36.4909,36.9715,521080
MWG,1/17/2020 00:00:00,36.9715,37.2278,36.9715,37.1957,435030
MWG,1/20/2020 00:00:00,37.0035,37.9967,37.0035,37.9967,1.46394e+006
MWG,1/21/2020 00:00:00,37.9967,38.6054,37.9326,38.4452,692200
MWG,1/22/2020 00:00:00,38.317,38.4772,37.9646,38.1889,460240
MWG,1/30/2020 00:00:00,37.1637,37.5161,36.2025,36.5229,1.31571e+006
MWG,1/31/2020 00:00:00,36.2025,36.7152,35.4016,35.4977,1.43475e+006
MWG,2/3/2020 00:00:00,34.6647,35.2094,33.3192,34.857,1.94993e+006
MWG,2/4/2020 00:00:00,34.921,35.4016,34.0881,34.5686,905300
MWG,2/5/2020 00:00:00,34.6007,35.1453,34.6007,34.6007,805800
MWG,2/6/2020 00:00:00,34.6007,35.3375,34.6007,35.0812,785620
MWG,2/7/2020 00:00:00,35.0172,35.0172,34.5366,34.8249,628350
MWG,2/10/2020 00:00:00,34.1201,34.4405,33.8958,33.8958,702790
MWG,2/11/2020 00:00:00,33.9599,34.2162,33.9599,34.1201,396130
MWG,2/12/2020 00:00:00,34.1842,35.0492,34.1842,34.921,569230
MWG,2/13/2020 00:00:00,34.5686,34.921,34.5686,34.6007,412040
MWG,2/14/2020 00:00:00,34.2803,34.5046,33.9279,34.3123,415290
MWG,2/17/2020 00:00:00,34.3444,34.4405,34.024,34.4405,384490
MWG,2/18/2020 00:00:00,34.4405,34.9531,34.2803,34.889,568750
MWG,2/19/2020 00:00:00,35.0492,35.4016,34.889,35.4016,672440
MWG,2/20/2020 00:00:00,35.5618,35.6899,35.3055,35.4336,451760
MWG,2/21/2020 00:00:00,35.4336,35.8822,35.1773,35.4336,901890
MWG,2/24/2020 00:00:00,34.6007,34.889,33.8638,34.024,1.55612e+006
MWG,2/25/2020 00:00:00,33.7036,34.2803,33.7036,34.2803,692650
MWG,2/26/2020 00:00:00,33.9599,34.5686,33.7997,34.024,1.08303e+006
MWG,2/27/2020 00:00:00,34.024,34.7288,34.024,34.7288,2.14424e+006
MWG,2/28/2020 00:00:00,33.9599,34.3444,33.4793,34.1201,1.29525e+006
MWG,3/2/2020 00:00:00,34.1201,34.3444,33.9279,34.1201,474160
MWG,3/3/2020 00:00:00,34.5366,34.5366,34.056,34.0881,679500
MWG,3/4/2020 00:00:00,33.9279,33.9599,33.5114,33.9599,680740
MWG,3/5/2020 00:00:00,33.9599,34.1521,33.4793,33.7997,673150
MWG,3/6/2020 00:00:00,33.4473,33.5755,32.4862,33.0308,827890
MWG,3/9/2020 00:00:00,30.7241,31.5571,30.7241,30.7241,1.05119e+006
MWG,3/10/2020 00:00:00,29.1222,30.4358,28.898,30.0834,1.42966e+006
MWG,3/11/2020 00:00:00,30.1154,30.2756,28.0009,28.0009,1.58473e+006
MWG,3/12/2020 00:00:00,26.0466,26.0466,26.0466,26.0466,527930
MWG,3/13/2020 00:00:00,24.2525,27.5524,24.2525,25.3097,3.6107e+006
MWG,3/16/2020 00:00:00,24.669,25.3738,23.7079,24.3486,1.52681e+006
MWG,3/17/2020 00:00:00,23.2273,24.9894,22.939,24.7651,1.25201e+006
MWG,3/18/2020 00:00:00,24.9253,25.7903,24.669,25.2457,1.40663e+006
MWG,3/19/2020 00:00:00,24.669,24.8933,23.9001,24.2205,1.13232e+006
MWG,3/20/2020 00:00:00,24.2845,24.7331,23.9962,24.7331,1.09533e+006
MWG,3/23/2020 00:00:00,23.4516,24.0282,23.003,23.003,1.36156e+006
MWG,3/24/2020 00:00:00,23.003,23.003,21.4012,22.0419,1.56759e+006
MWG,3/25/2020 00:00:00,22.4264,23.3875,22.106,23.3875,1.41773e+006
MWG,3/26/2020 00:00:00,23.1632,23.1632,21.7856,21.7856,2.12385e+006
MWG,3/27/2020 00:00:00,20.9206,21.1449,20.2798,20.2798,2.49889e+006
MWG,3/30/2020 00:00:00,18.8702,20.8245,18.8702,19.0624,1.8612e+006
MWG,3/31/2020 00:00:00,19.543,20.0876,18.0372,18.8702,1.86828e+006
MWG,4/1/2020 00:00:00,18.8061,19.9274,18.71,19.607,1.6047e+006
MWG,4/3/2020 00:00:00,20.1517,20.9526,19.9595,20.9526,1.65303e+006
MWG,4/6/2020 00:00:00,22.3943,22.3943,22.3943,22.3943,486160
MWG,4/7/2020 00:00:00,23.9321,23.9321,22.7147,23.9001,5.81879e+006
MWG,4/8/2020 00:00:00,23.3234,23.9001,22.9069,23.7079,2.04414e+006
MWG,4/9/2020 00:00:00,24.0282,24.1244,23.3875,23.3875,1.61008e+006
MWG,4/10/2020 00:00:00,22.939,23.3554,22.6186,22.971,1.23534e+006
MWG,4/13/2020 00:00:00,23.0671,24.5729,23.0671,24.0282,2.20659e+006
MWG,4/14/2020 00:00:00,24.0923,24.2845,23.5156,23.9642,1.03561e+006
MWG,4/15/2020 00:00:00,24.3486,25.0534,24.2205,24.6049,1.5557e+006
MWG,4/16/2020 00:00:00,24.3486,24.669,24.1564,24.637,1.46013e+006
MWG,4/17/2020 00:00:00,24.9573,26.2709,24.8292,26.2709,2.47436e+006
MWG,4/20/2020 00:00:00,26.9116,27.264,26.367,27.0077,2.18187e+006
MWG,4/21/2020 00:00:00,26.3029,26.7194,25.1816,25.4379,2.58397e+006
MWG,4/22/2020 00:00:00,24.701,26.5913,24.701,26.2709,1.7961e+006
MWG,4/23/2020 00:00:00,27.232,27.232,26.2709,26.7514,1.34523e+006
MWG,4/24/2020 00:00:00,26.7514,26.7514,26.0146,26.5913,1.02808e+006
MWG,4/27/2020 00:00:00,26.8796,26.8796,26.0146,26.335,1.1207e+006
MWG,4/28/2020 00:00:00,26.1107,26.2388,25.7583,25.9185,899940
MWG,4/29/2020 00:00:00,25.9185,26.367,25.3097,26.1748,1.17543e+006
MWG,5/4/2020 00:00:00,26.1107,26.1107,25.4379,25.4379,917320
MWG,5/5/2020 00:00:00,25.566,25.8223,25.2457,25.4059,522280
MWG,5/6/2020 00:00:00,25.6301,26.0146,25.3097,26.0146,846520
MWG,5/7/2020 00:00:00,26.2068,26.4631,26.1107,26.4631,1.20727e+006
MWG,5/8/2020 00:00:00,26.5913,27.5203,26.5913,26.8476,2.36184e+006
MWG,5/11/2020 00:00:00,26.9116,27.4242,26.8476,27.232,1.25703e+006
MWG,5/12/2020 00:00:00,27.1679,27.1679,26.4311,26.6874,1.93808e+006
MWG,5/13/2020 00:00:00,26.2709,26.9437,25.9825,26.8796,1.67392e+006
MWG,5/14/2020 00:00:00,26.2709,26.8476,26.2709,26.5913,1.04046e+006
MWG,5/15/2020 00:00:00,26.6553,26.8476,26.2709,26.3029,1.10633e+006
MWG,5/18/2020 00:00:00,26.2709,27.4242,26.2709,27.3922,2.18374e+006
MWG,5/19/2020 00:00:00,28.0329,28.097,27.7126,27.9368,1.67481e+006
MWG,5/20/2020 00:00:00,27.5844,27.7766,27.4563,27.7126,1.10105e+006
MWG,5/21/2020 00:00:00,27.7446,28.2892,27.6165,27.8728,1.53961e+006
MWG,5/22/2020 00:00:00,27.8728,27.9048,27.232,27.232,1.47582e+006
MWG,5/25/2020 00:00:00,27.232,27.8728,26.9757,27.5844,1.13552e+006
MWG,5/26/2020 00:00:00,27.6165,27.8087,27.4242,27.7126,1.17544e+006
MWG,5/27/2020 00:00:00,27.8407,28.0009,27.1679,27.1679,1.3209e+006
MWG,5/28/2020 00:00:00,27.232,27.4563,27.0718,27.1359,950520
MWG,5/29/2020 00:00:00,27.1039,27.232,26.9437,27.1039,849500
MWG,6/1/2020 00:00:00,27.1039,27.5844,27.1039,27.5524,819630
MWG,6/2/2020 00:00:00,27.5844,27.8087,27.3281,27.3281,1.11035e+006
MWG,6/3/2020 00:00:00,27.3922,27.4883,27.2961,27.3602,861720
MWG,6/4/2020 00:00:00,27.4242,27.8728,27.3281,27.3922,1.0141e+006
MWG,6/5/2020 00:00:00,27.3922,27.6165,27.264,27.5844,744280
MWG,6/8/2020 00:00:00,28.0329,29.2504,27.8087,28.8659,3.69112e+006
MWG,6/9/2020 00:00:00,29.0902,29.0902,28.3854,28.4174,1.11518e+006
MWG,6/10/2020 00:00:00,28.3533,28.8339,27.9048,28.6417,1.00989e+006
MWG,6/11/2020 00:00:00,28.6737,28.6737,26.6553,26.6553,2.77566e+006
MWG,6/12/2020 00:00:00,26.335,27.5524,25.9505,27.5524,2.5153e+006
MWG,6/15/2020 00:00:00,27.4883,27.4883,26.2388,26.4311,1.1324e+006
MWG,6/16/2020 00:00:00,26.9116,27.1039,26.6553,27.0398,704020
MWG,6/17/2020 00:00:00,27.2,27.2,26.5913,26.8476,770150
MWG,6/18/2020 00:00:00,26.5913,26.8476,26.5592,26.8476,360010
MWG,6/19/2020 00:00:00,26.9116,27.3922,26.8155,27.0718,859830
MWG,6/22/2020 00:00:00,27.2961,27.8087,27.1039,27.5203,941430
MWG,6/23/2020 00:00:00,27.5203,27.6805,27.3281,27.3281,801600
MWG,6/24/2020 00:00:00,27.3922,27.6485,26.9116,27.232,715470
MWG,6/25/2020 00:00:00,26.9116,27.0718,26.7514,26.7835,783410
MWG,6/26/2020 00:00:00,26.9116,27.1359,26.7194,26.9757,449460
MWG,6/29/2020 00:00:00,26.6233,26.7514,25.9185,26.1107,1.09659e+006
MWG,6/30/2020 00:00:00,26.367,26.4311,25.6301,25.8864,744080
MWG,7/1/2020 00:00:00,25.8864,26.2709,25.8864,26.2709,311490
MWG,7/2/2020 00:00:00,26.1427,26.367,25.9505,26.2068,327720
MWG,7/3/2020 00:00:00,26.2068,26.2388,26.0786,26.1748,356420
MWG,7/6/2020 00:00:00,26.2388,26.8476,26.2068,26.7514,620180
MWG,7/7/2020 00:00:00,26.8796,27.1359,26.8155,26.8155,621630
MWG,7/8/2020 00:00:00,26.8155,26.9116,26.5592,26.7835,285150
MWG,7/9/2020 00:00:00,26.7835,27.0077,26.7514,26.9116,521490
MWG,7/10/2020 00:00:00,26.8796,26.9116,26.5272,26.5592,564660
MWG,7/13/2020 00:00:00,26.6553,26.8155,26.399,26.5272,403750
MWG,7/14/2020 00:00:00,26.5272,26.5592,26.335,26.5592,365780
MWG,7/15/2020 00:00:00,26.7194,27.2,26.6233,27.1039,1.04982e+006
MWG,7/16/2020 00:00:00,27.0718,27.1679,26.9116,27.1679,495500
MWG,7/17/2020 00:00:00,27.1359,27.1679,26.9116,26.9116,379820
MWG,7/20/2020 00:00:00,26.8796,26.9116,26.6553,26.6874,253640
MWG,7/21/2020 00:00:00,26.6874,26.8476,26.5913,26.8155,413460
MWG,7/22/2020 00:00:00,26.8796,26.9116,26.4951,26.6553,363710
MWG,7/23/2020 00:00:00,26.6553,26.7514,26.4951,26.5913,420560
MWG,7/24/2020 00:00:00,26.4951,26.5592,24.7331,25.3738,1.7963e+006
MWG,7/27/2020 00:00:00,23.7079,24.3807,23.6118,23.6118,2.98118e+006
MWG,7/28/2020 00:00:00,24.1244,24.4127,23.6118,24.3486,1.2809e+006
MWG,7/29/2020 00:00:00,23.7079,23.836,22.8428,23.3875,1.43662e+006
MWG,7/30/2020 00:00:00,23.4195,23.804,23.3234,23.804,603300
MWG,7/31/2020 00:00:00,23.2273,23.9321,23.2273,23.8681,799400
MWG,8/3/2020 00:00:00,23.7719,24.4768,23.5477,24.3486,655840
MWG,8/4/2020 00:00:00,24.637,25.0855,24.5088,24.669,841660
MWG,8/5/2020 00:00:00,24.669,25.4379,24.5088,25.3738,734940
MWG,8/6/2020 00:00:00,25.4699,25.566,25.0855,25.4059,554590
MWG,8/7/2020 00:00:00,25.3418,25.4379,24.9894,25.1816,607040
MWG,8/10/2020 00:00:00,25.3097,25.7262,25.3097,25.3097,629890
MWG,8/11/2020 00:00:00,25.566,25.566,25.2457,25.4699,394720
MWG,8/12/2020 00:00:00,25.502,25.5981,25.3097,25.566,451860
MWG,8/13/2020 00:00:00,25.6622,26.367,25.6301,26.335,915350
MWG,8/14/2020 00:00:00,26.399,26.8476,26.3029,26.6233,992180
MWG,8/17/2020 00:00:00,26.6233,26.6233,25.9185,26.335,824290
MWG,8/18/2020 00:00:00,26.2709,26.3029,25.8864,26.0786,554060
MWG,8/19/2020 00:00:00,26.0466,26.2709,26.0466,26.2068,382850
MWG,8/20/2020 00:00:00,26.2068,26.3029,25.8864,26.1748,1.01842e+006
MWG,8/21/2020 00:00:00,26.2068,26.4311,26.1107,26.2709,690220
MWG,8/24/2020 00:00:00,26.6553,27.1679,26.5592,26.9437,1.06473e+006
MWG,8/25/2020 00:00:00,27.0718,28.2572,27.0718,28.065,2.24712e+006
MWG,8/26/2020 00:00:00,27.9689,28.4494,27.8728,27.9689,883390
MWG,8/27/2020 00:00:00,27.9689,28.4815,27.9689,28.4815,955520
MWG,8/28/2020 00:00:00,28.8659,30.1154,28.8339,29.7309,1.99464e+006
MWG,8/31/2020 00:00:00,29.7309,30.2115,29.4746,29.9232,954930
MWG,9/1/2020 00:00:00,29.9232,30.4358,29.8271,30.0513,996140
MWG,9/3/2020 00:00:00,30.0513,30.596,29.795,30.3717,1.06024e+006
MWG,9/4/2020 00:00:00,29.8271,30.1795,29.763,30.1474,1.01572e+006
MWG,9/7/2020 00:00:00,30.1154,30.1795,28.93,28.93,1.49104e+006
MWG,9/8/2020 00:00:00,29.1543,29.8591,28.9941,29.8271,1.00002e+006
MWG,9/9/2020 00:00:00,29.4746,30.0513,29.3145,29.9232,631980
MWG,9/10/2020 00:00:00,30.1154,30.2115,29.9232,30.0834,744120
MWG,9/11/2020 00:00:00,30.0834,30.0834,29.7309,29.9232,436320
MWG,9/14/2020 00:00:00,30.0513,30.0834,29.6989,29.795,546560
MWG,9/15/2020 00:00:00,29.795,29.9552,29.6348,29.763,786060
MWG,9/16/2020 00:00:00,29.763,30.596,29.6028,30.3076,1.10086e+006
MWG,9/17/2020 00:00:00,30.3076,30.4037,29.8591,30.1795,592380
MWG,9/18/2020 00:00:00,30.1795,30.3717,30.1154,30.2756,615740
MWG,9/21/2020 00:00:00,30.596,31.6212,30.3397,31.5251,2.15228e+006
MWG,9/22/2020 00:00:00,31.5251,31.9736,31.1086,31.9095,1.503e+006
MWG,9/23/2020 00:00:00,32.0056,32.9988,31.9736,32.6464,1.05398e+006
MWG,9/24/2020 00:00:00,32.326,32.6143,32.0377,32.4221,1.23099e+006
MWG,9/25/2020 00:00:00,32.3901,32.4221,31.9095,32.1978,1.03836e+006
MWG,9/28/2020 00:00:00,32.5503,32.9988,32.1978,32.9988,634880
MWG,9/29/2020 00:00:00,33.5755,34.056,33.159,33.159,1.23099e+006
MWG,9/30/2020 00:00:00,33.4793,33.6395,32.8706,33.4153,1.08845e+006
MWG,10/1/2020 00:00:00,33.4153,33.6716,33.4153,33.6395,779470
MWG,10/2/2020 00:00:00,33.6395,33.7677,31.9736,33.3192,1.32608e+006
MWG,10/5/2020 00:00:00,33.3192,33.7356,33.159,33.3192,588560
MWG,10/6/2020 00:00:00,33.6395,33.9279,33.4793,33.7036,1.07576e+006
MWG,10/7/2020 00:00:00,33.7036,34.5686,33.3192,34.4725,959640
MWG,10/8/2020 00:00:00,34.6007,35.0812,34.5046,35.0812,871660
MWG,10/9/2020 00:00:00,35.2414,35.4016,34.7609,34.921,575370
MWG,10/12/2020 00:00:00,34.921,35.0172,34.1201,34.4405,941210
MWG,10/13/2020 00:00:00,34.4405,34.4405,33.8958,34.024,815720
MWG,10/14/2020 00:00:00,33.992,34.921,33.5114,34.921,1.08133e+006
MWG,10/15/2020 00:00:00,34.921,35.0812,34.2803,35.0492,880570
MWG,10/16/2020 00:00:00,35.0812,35.0812,34.4405,34.7288,546060
MWG,10/19/2020 00:00:00,34.8913,34.8913,34.4364,34.6963,480220
MWG,10/20/2020 00:00:00,34.4364,34.6963,34.0141,34.6963,977350
MWG,10/21/2020 00:00:00,34.7613,35.2486,34.274,34.3715,766740
MWG,10/22/2020 00:00:00,34.1765,35.2486,34.1765,35.2486,607760
MWG,10/23/2020 00:00:00,35.411,35.8984,35.0537,35.7359,1.21832e+006
MWG,10/26/2020 00:00:00,35.7359,36.5481,35.5735,35.7359,1.0546e+006
MWG,10/27/2020 00:00:00,35.7359,36.2882,35.7034,35.7359,606700
MWG,10/28/2020 00:00:00,35.4435,35.6709,34.1116,34.1116,1.45275e+006
MWG,10/29/2020 00:00:00,33.3319,34.0466,33.072,33.2344,1.56415e+006
MWG,10/30/2020 00:00:00,33.5268,34.4039,33.072,34.0141,1.42648e+006
MWG,11/2/2020 00:00:00,34.0141,34.7613,34.0141,34.5664,439540
MWG,11/3/2020 00:00:00,35.0862,35.0862,34.5014,34.8263,486030
MWG,11/4/2020 00:00:00,34.8263,34.8588,34.4364,34.6963,531610
MWG,11/5/2020 00:00:00,34.6963,35.2486,34.6638,34.6963,671040
MWG,11/6/2020 00:00:00,34.7613,34.7613,33.1369,34.1116,805140
MWG,11/9/2020 00:00:00,34.4364,34.5989,34.209,34.339,886500
MWG,11/10/2020 00:00:00,35.0212,35.0212,34.339,34.4364,902230
MWG,11/11/2020 00:00:00,34.5014,35.3786,34.4689,35.0862,1.5149e+006
MWG,11/12/2020 00:00:00,35.411,36.0933,35.1511,36.0933,1.68256e+006
MWG,11/13/2020 00:00:00,36.0608,36.4506,35.8984,36.0933,678270
MWG,11/16/2020 00:00:00,36.3207,36.7755,35.3461,35.6385,1.69254e+006
MWG,11/17/2020 00:00:00,35.6385,36.3857,35.541,36.3857,966390
MWG,11/18/2020 00:00:00,36.2882,36.5156,35.8659,35.9308,778050
MWG,11/19/2020 00:00:00,36.2232,36.3857,35.606,36.3857,1.43463e+006
MWG,11/20/2020 00:00:00,36.4182,36.4831,35.9958,35.9958,599730
MWG,11/23/2020 00:00:00,35.9958,37.0354,35.9308,36.7755,1.50616e+006
MWG,11/24/2020 00:00:00,37.0029,37.0029,36.0608,36.3857,1.30345e+006
MWG,11/25/2020 00:00:00,36.9055,36.9055,36.1258,36.3857,824020
MWG,11/26/2020 00:00:00,36.3857,36.7755,36.3857,36.6456,826280
MWG,11/27/2020 00:00:00,36.7105,37.6202,36.6456,37.5227,1.68014e+006
MWG,11/30/2020 00:00:00,38.1725,38.1725,37.5877,37.6852,1.42712e+006
MWG,12/1/2020 00:00:00,36.7755,37.6852,36.7755,37.6852,1.35843e+006
MWG,12/2/2020 00:00:00,37.3928,37.3928,36.808,37.0354,1.70705e+006
MWG,12/3/2020 00:00:00,37.0029,37.2628,36.6456,37.2628,1.22408e+006
MWG,12/4/2020 00:00:00,37.1654,37.2953,36.873,37.0029,768070
MWG,12/7/2020 00:00:00,36.8405,37.4902,36.8405,37.1329,671610
MWG,12/8/2020 00:00:00,37.0679,37.5552,36.9704,37.1978,959210
MWG,12/9/2020 00:00:00,37.1004,37.3928,37.0029,37.3603,984430
MWG,12/10/2020 00:00:00,37.3603,37.5227,36.9704,36.9704,1.12202e+006
MWG,12/11/2020 00:00:00,36.9704,37.2303,36.7105,37.1329,813340
MWG,12/14/2020 00:00:00,37.4577,37.6527,37.2628,37.5877,989600
MWG,12/15/2020 00:00:00,37.4253,38.1075,37.3603,37.4577,1.45557e+006
MWG,12/16/2020 00:00:00,37.6852,37.6852,37.4253,37.5227,910670
MWG,12/17/2020 00:00:00,37.5227,37.5552,36.873,36.873,1.4964e+006
MWG,12/18/2020 00:00:00,36.873,37.3603,36.7105,37.3603,1.08681e+006
MWG,12/21/2020 00:00:00,37.3603,37.945,37.2628,37.7501,1.15801e+006
MWG,12/22/2020 00:00:00,37.7501,38.9846,37.4902,38.9522,2.23643e+006
MWG,12/23/2020 00:00:00,39.0171,39.407,38.3674,38.3674,995990
MWG,12/24/2020 00:00:00,38.3674,38.8222,37.3603,37.9126,1.13296e+006
MWG,12/25/2020 00:00:00,37.6852,38.6598,37.6202,38.4973,1.00879e+006
MWG,12/28/2020 00:00:00,38.5298,38.8547,38.01,38.1075,933380
MWG,12/29/2020 00:00:00,38.1075,38.3349,38.0425,38.075,702300
MWG,12/30/2020 00:00:00,38.075,38.6273,38.01,38.1075,860030
MWG,12/31/2020 00:00:00,38.1075,38.8222,38.1075,38.6273,891550
MWG,1/4/2021 00:00:00,38.8222,39.1796,38.7572,39.1796,1.1474e+006
MWG,1/5/2021 00:00:00,38.9846,39.8293,38.8547,39.6019,967500
MWG,1/6/2021 00:00:00,39.9593,39.9593,39.2121,39.407,995500
MWG,1/7/2021 00:00:00,39.1471,39.3745,38.8872,39.2445,1.1181e+006
MWG,1/8/2021 00:00:00,39.2445,39.9268,39.2445,39.5694,1.2776e+006
MWG,1/11/2021 00:00:00,39.6344,41.0638,39.6344,40.9988,1.5045e+006
MWG,1/12/2021 00:00:00,40.9988,41.0638,40.5765,40.9988,1.3526e+006
MWG,1/13/2021 00:00:00,40.9988,41.4537,40.9664,40.9988,1.1013e+006
MWG,1/14/2021 00:00:00,40.9988,41.6811,40.9339,41.5511,1.433e+006
MWG,1/15/2021 00:00:00,41.5836,41.6811,41.3562,41.5186,845000
MWG,1/18/2021 00:00:00,41.5186,41.5836,40.9988,41.0638,768800
MWG,1/19/2021 00:00:00,40.8364,41.0638,38.3349,38.9846,1.6599e+006
MWG,1/20/2021 00:00:00,39.3095,39.8943,37.6852,39.8943,1.6829e+006
MWG,1/21/2021 00:00:00,40.4466,40.9014,39.8943,40.609,1.034e+006
MWG,1/22/2021 00:00:00,40.609,41.3887,40.544,41.3237,1.4227e+006
MWG,1/25/2021 00:00:00,41.3562,43.0131,41.3237,42.8831,2.1341e+006
MWG,1/26/2021 00:00:00,43.1755,43.3704,42.2658,42.8831,1.3562e+006
MWG,1/27/2021 00:00:00,42.7207,43.8252,42.5907,43.3704,2.1069e+006
MWG,1/28/2021 00:00:00,40.7714,42.2983,40.3491,40.3491,1.8433e+006
MWG,1/29/2021 00:00:00,40.1217,43.1105,38.6598,43.1105,2.8124e+006
MWG,2/1/2021 00:00:00,42.2334,42.5257,40.1217,40.1867,2.5082e+006
MWG,2/2/2021 00:00:00,39.9593,41.6811,39.1471,41.5836,1.4007e+006
MWG,2/3/2021 00:00:00,41.5836,42.006,40.3166,41.4212,1.7988e+006
MWG,2/4/2021 00:00:00,41.4212,42.5257,40.7714,41.7461,1.5978e+006
MWG,2/5/2021 00:00:00,41.7461,42.6557,41.5836,42.3958,1.4797e+006
MWG,2/8/2021 00:00:00,42.2334,42.3308,40.8689,41.7461,1.9525e+006
MWG,2/9/2021 00:00:00,41.5836,42.2334,40.9339,42.0709,1.3268e+006
MWG,2/17/2021 00:00:00,42.3958,44.8323,42.3958,44.8323,2.1214e+006
MWG,2/18/2021 00:00:00,44.8323,45.4496,44.2151,45.3196,1.5506e+006
MWG,2/19/2021 00:00:00,44.8648,45.1572,44.5075,44.7024,727200
MWG,2/22/2021 00:00:00,44.5075,44.7999,43.9227,44.5075,996100
MWG,2/23/2021 00:00:00,44.345,45.0922,43.208,44.2476,1.8678e+006
MWG,2/24/2021 00:00:00,44.5075,44.6699,43.3704,43.4679,1.0092e+006
MWG,2/25/2021 00:00:00,43.8577,44.1176,43.2405,44.0851,659600
MWG,2/26/2021 00:00:00,43.3704,44.0851,43.2405,43.8577,1.1633e+006
MWG,3/1/2021 00:00:00,44.5075,44.5075,43.5328,43.7927,1.2002e+006
MWG,3/2/2021 00:00:00,44.0202,44.2476,43.6953,44.1176,571000
MWG,3/3/2021 00:00:00,44.4425,44.5075,44.1176,44.2476,755600
MWG,3/4/2021 00:00:00,44.3125,44.41,42.2334,43.143,893000
MWG,3/5/2021 00:00:00,42.9806,43.0131,42.3633,42.9481,844200
MWG,3/8/2021 00:00:00,42.9481,43.3054,42.4608,42.4933,750000
MWG,3/9/2021 00:00:00,42.2334,42.2334,41.5511,41.6161,1.4856e+006
MWG,3/10/2021 00:00:00,41.9085,42.4608,41.2587,42.3958,724600
MWG,3/11/2021 00:00:00,42.9481,43.1755,42.7207,43.0455,513500
MWG,3/12/2021 00:00:00,43.208,43.208,42.3958,42.5907,414300
MWG,3/15/2021 00:00:00,42.5907,43.5004,42.4283,43.1105,766800
MWG,3/16/2021 00:00:00,43.1105,43.3704,42.7532,43.2729,605800
MWG,3/17/2021 00:00:00,43.3704,43.3704,43.143,43.143,521000
MWG,3/18/2021 00:00:00,43.3704,43.4679,40.609,43.4029,914000
MWG,3/19/2021 00:00:00,43.208,43.3704,42.8831,43.208,376700
MWG,3/22/2021 00:00:00,43.143,43.208,42.7207,42.8506,377300
MWG,3/23/2021 00:00:00,42.5582,42.8831,42.2334,42.5582,625000
MWG,3/24/2021 00:00:00,42.0709,42.5257,41.6161,42.2009,528300
MWG,3/25/2021 00:00:00,42.0709,42.4933,41.811,41.8435,506500
MWG,3/26/2021 00:00:00,41.7461,42.2334,40.609,42.2334,585900
MWG,3/29/2021 00:00:00,42.3633,42.8506,41.9735,42.2658,870000
MWG,3/30/2021 00:00:00,42.2658,42.5257,41.9085,42.0384,318600
MWG,3/31/2021 00:00:00,42.0384,42.3958,41.7785,42.1359,326800
MWG,4/1/2021 00:00:00,42.2334,43.6953,41.7461,43.6303,1.239e+006
MWG,4/2/2021 00:00:00,44.1501,44.1826,43.6303,43.7927,796700
MWG,4/5/2021 00:00:00,44.1826,44.1826,43.4354,43.5653,364100
MWG,4/6/2021 00:00:00,43.3704,44.0202,43.1755,43.3054,1.0352e+006
MWG,4/7/2021 00:00:00,43.078,43.6953,42.9156,43.6953,327200
MWG,4/8/2021 00:00:00,43.6953,43.6953,43.3704,43.5328,310500
MWG,4/9/2021 00:00:00,43.5328,43.5328,43.143,43.3054,464700
MWG,4/12/2021 00:00:00,43.3054,43.8577,43.208,43.8252,852600
MWG,4/13/2021 00:00:00,43.9227,44.7024,43.5978,43.8252,1.2327e+006
MWG,4/14/2021 00:00:00,43.3704,43.9877,43.3704,43.9877,472400
MWG,4/15/2021 00:00:00,44.0526,44.475,43.4354,43.4354,1.0367e+006
MWG,4/16/2021 00:00:00,42.8831,43.9227,42.8831,43.5328,781400
MWG,4/19/2021 00:00:00,43.8577,44.6374,43.0455,44.6374,1.2038e+006
MWG,4/20/2021 00:00:00,45.1572,46.7816,44.9948,46.2943,2.1848e+006
MWG,4/22/2021 00:00:00,46.2943,48.0811,45.5146,46.2943,2.5361e+006
MWG,4/23/2021 00:00:00,46.1318,47.9186,45.6445,47.9186,2.1985e+006
MWG,4/26/2021 00:00:00,47.8861,47.8861,46.2943,46.2943,1.2713e+006
MWG,4/27/2021 00:00:00,46.2943,46.7816,45.6445,46.0993,818300
MWG,4/28/2021 00:00:00,45.4821,45.9694,45.1572,45.4821,994100
MWG,4/29/2021 00:00:00,45.3196,45.8719,44.8648,45.7745,662300
MWG,5/4/2021 00:00:00,44.9948,45.4496,44.8323,45.2872,730900
MWG,5/5/2021 00:00:00,45.2872,46.4892,45.2222,45.7745,1.1249e+006
MWG,5/6/2021 00:00:00,45.7745,46.4567,45.612,46.1318,923300
MWG,5/7/2021 00:00:00,45.807,46.3917,45.4496,45.5471,923400
MWG,5/10/2021 00:00:00,45.4821,45.4821,44.6699,44.8648,1.7449e+006
MWG,5/11/2021 00:00:00,44.6699,45.4821,44.6374,44.6699,1.3829e+006
MWG,5/12/2021 00:00:00,44.6699,45.3196,44.6374,45.3196,830000
MWG,5/13/2021 00:00:00,44.9948,45.6445,44.9948,45.4821,986800
MWG,5/14/2021 00:00:00,45.6445,46.6191,45.5471,46.2943,818500
MWG,5/17/2021 00:00:00,46.6191,46.7816,45.7745,45.9694,535700
MWG,5/18/2021 00:00:00,45.9694,46.1318,45.7095,46.0344,594800
MWG,5/19/2021 00:00:00,45.807,46.1318,45.6445,46.0344,599700
MWG,5/20/2021 00:00:00,45.7095,48.7308,45.7095,48.7308,1.4098e+006
MWG,5/21/2021 00:00:00,47.7237,48.0811,47.1064,47.2364,979600
MWG,5/24/2021 00:00:00,47.1064,47.5938,46.8141,47.4313,539500
MWG,5/25/2021 00:00:00,47.4313,47.5938,47.1064,47.4313,789800
MWG,5/26/2021 00:00:00,47.4313,47.4963,46.944,47.074,781800
MWG,5/27/2021 00:00:00,47.074,47.1064,46.1318,46.2618,848200
MWG,5/28/2021 00:00:00,46.2618,46.5217,46.0019,46.3592,743300
MWG,5/31/2021 00:00:00,45.4821,45.9694,44.9948,44.9948,1.2698e+006
MWG,6/1/2021 00:00:00,44.6699,44.8323,43.8577,44.345,1.074e+006
MWG,6/2/2021 00:00:00,44.1826,45.4821,44.1501,45.0922,579400
MWG,6/3/2021 00:00:00,45.4171,45.4171,44.5075,45.1572,593700
MWG,6/4/2021 00:00:00,45.1572,45.1572,44.5075,44.6699,617400
MWG,6/7/2021 00:00:00,44.6699,44.7024,43.9552,44.2151,684700
MWG,6/8/2021 00:00:00,44.1826,44.8323,44.0851,44.1826,715300
MWG,6/9/2021 00:00:00,44.1826,44.6699,43.8577,44.3125,739900
MWG,6/10/2021 00:00:00,43.8577,44.5075,43.8577,43.9552,679100
MWG,6/11/2021 00:00:00,43.9227,44.5075,43.8902,44.5075,830800
MWG,6/14/2021 00:00:00,44.8323,45.0922,44.4425,44.8648,740900
MWG,6/15/2021 00:00:00,44.8648,45.1572,44.6699,44.7999,437500
MWG,6/16/2021 00:00:00,44.7674,44.7674,44.345,44.5075,499600
MWG,6/17/2021 00:00:00,44.345,46.7491,44.1826,45.1572,1.2845e+006
MWG,6/18/2021 00:00:00,45.6445,45.9694,45.4821,45.807,384900
MWG,6/21/2021 00:00:00,45.677,47.3988,45.677,47.3663,1.1799e+006
MWG,6/22/2021 00:00:00,47.4313,47.4963,45.3196,47.4313,736900
MWG,6/23/2021 00:00:00,47.1714,47.2689,46.7816,46.7816,443700
MWG,6/24/2021 00:00:00,46.7491,47.4313,46.7166,46.7816,394400
MWG,6/25/2021 00:00:00,46.7816,47.1064,46.6191,46.6841,717200
MWG,6/28/2021 00:00:00,46.944,47.4313,46.6841,47.2689,669700
MWG,6/29/2021 00:00:00,47.2689,47.9186,47.1064,47.7562,556700
MWG,6/30/2021 00:00:00,47.7562,49.9978,47.7562,49.3805,1.2215e+006
MWG,7/1/2021 00:00:00,49.3805,49.543,48.8932,49.0882,727200
MWG,7/2/2021 00:00:00,49.0557,51.0049,49.0557,50.9399,964000
MWG,7/5/2021 00:00:00,52.3044,54.2536,52.3044,54.0912,1.3554e+006
MWG,7/6/2021 00:00:00,54.7409,55.4557,50.3552,50.3552,956200
MWG,7/7/2021 00:00:00,51.947,53.8638,50.3552,53.8638,1.4577e+006
MWG,7/8/2021 00:00:00,55.878,56.9176,54.4161,56.0404,1.5857e+006
MWG,7/9/2021 00:00:00,55.9105,58.4445,55.813,57.3399,1.0122e+006
MWG,7/12/2021 00:00:00,57.1775,58.1196,53.6039,57.3724,1.907e+006
MWG,7/13/2021 00:00:00,57.9247,57.9247,55.878,56.8526,651400
MWG,7/14/2021 00:00:00,56.2029,56.4952,53.409,54.0912,1.3847e+006
MWG,7/15/2021 00:00:00,53.5714,55.5531,52.9541,54.2861,1.1041e+006
MWG,7/16/2021 00:00:00,54.611,54.7409,53.9288,54.611,679400
MWG,7/19/2021 00:00:00,52.4019,52.9541,50.8425,50.8425,1.868e+006
MWG,7/20/2021 00:00:00,51.3298,53.4739,50.8425,53.4739,1.0532e+006
MWG,7/21/2021 00:00:00,53.9288,54.1237,52.6618,53.0841,520200
MWG,7/22/2021 00:00:00,52.7917,54.7084,52.5643,53.6689,982100
MWG,7/23/2021 00:00:00,52.9866,53.6689,52.3044,52.5318,1.2239e+006
MWG,7/26/2021 00:00:00,52.1095,52.3044,51.2973,52.077,1.1398e+006
MWG,7/27/2021 00:00:00,52.6293,52.6293,51.0049,51.3298,1.4774e+006
MWG,7/28/2021 00:00:00,51.2648,52.142,50.7125,51.0374,455700
MWG,7/29/2021 00:00:00,51.9145,52.8892,50.68,52.8892,1.3178e+006
MWG,7/30/2021 00:00:00,52.4668,53.5714,51.8171,53.3115,1.7792e+006
MWG,8/2/2021 00:00:00,53.279,56.0404,53.1166,55.1958,1.6328e+006
MWG,8/3/2021 00:00:00,55.1958,55.2282,54.5785,55.1958,868900
MWG,8/4/2021 00:00:00,55.2607,55.5206,54.7409,55.2282,829400
MWG,8/5/2021 00:00:00,55.0983,56.6252,54.9034,56.2029,989800
MWG,8/6/2021 00:00:00,56.2029,57.015,55.7155,55.7155,1.0327e+006
MWG,8/9/2021 00:00:00,55.5531,56.5927,55.0658,56.4628,638000
MWG,8/10/2021 00:00:00,56.5277,56.5927,55.748,56.4952,882000
MWG,8/11/2021 00:00:00,56.5277,58.2495,56.0729,56.8526,1.6708e+006
MWG,8/12/2021 00:00:00,56.3653,56.8526,55.2282,55.2282,1.1721e+006
MWG,8/13/2021 00:00:00,55.0658,55.5531,54.3836,55.5531,1.1168e+006
MWG,8/16/2021 00:00:00,55.7155,55.878,54.5785,55.2607,1.0298e+006
MWG,8/17/2021 00:00:00,55.1958,55.2607,54.546,55.1958,1.1043e+006
MWG,8/18/2021 00:00:00,54.9034,56.3653,54.7734,56.0404,864600
MWG,8/19/2021 00:00:00,56.0404,56.0404,55.0658,56.0404,785700
MWG,8/20/2021 00:00:00,55.878,55.878,53.279,53.279,2.0373e+006
MWG,8/23/2021 00:00:00,52.9541,53.279,51.3298,51.3623,1.6193e+006
MWG,8/24/2021 00:00:00,51.5897,52.7592,51.3623,52.142,1.0609e+006
MWG,8/25/2021 00:00:00,52.3044,53.279,52.012,52.4668,600100
MWG,8/26/2021 00:00:00,53.2465,53.409,52.4993,52.6293,616200
MWG,8/27/2021 00:00:00,52.6942,53.5714,52.6942,53.4414,1.3362e+006
MWG,8/30/2021 00:00:00,54.2719,54.8581,54.0276,54.0276,1.2669e+006
MWG,8/31/2021 00:00:00,54.223,54.223,53.7345,54.223,629100
MWG,9/1/2021 00:00:00,53.8811,54.223,53.1972,53.8322,670400
MWG,9/6/2021 00:00:00,54.223,54.2719,53.9788,54.223,1.1217e+006
MWG,9/7/2021 00:00:00,54.4184,54.4673,53.7345,53.8811,894000
MWG,9/8/2021 00:00:00,53.8811,54.4184,53.7345,54.4184,684800
MWG,9/9/2021 00:00:00,54.6138,58.0822,54.4184,58.0822,2.5448e+006
MWG,9/10/2021 00:00:00,58.131,58.2776,57.2029,58.0822,922100
MWG,9/13/2021 00:00:00,58.0822,61.062,58.0333,61.062,2.2676e+006
MWG,9/14/2021 00:00:00,60.5735,60.9643,59.6453,60.8177,1.0731e+006
MWG,9/15/2021 00:00:00,60.3292,61.062,59.9873,60.8666,728800
MWG,9/16/2021 00:00:00,60.8177,60.8177,59.9873,60.3781,778300
MWG,9/17/2021 00:00:00,60.3781,60.5735,59.6942,60.085,919200
MWG,9/20/2021 00:00:00,61.0131,62.039,59.3034,60.085,1.3703e+006
MWG,9/21/2021 00:00:00,59.1568,61.3062,59.1568,60.4758,1.3284e+006
MWG,9/22/2021 00:00:00,60.5735,61.7459,60.5246,61.4039,1.293e+006
MWG,9/23/2021 00:00:00,61.7947,65.1653,61.7947,64.4815,2.5916e+006
MWG,9/24/2021 00:00:00,64.5791,65.4584,63.5533,63.7487,1.3188e+006
MWG,9/27/2021 00:00:00,63.016,63.016,61.5505,61.5505,3.7382e+006
MWG,9/28/2021 00:00:00,60.8666,62.039,60.5246,61.8924,1.3447e+006
MWG,9/29/2021 00:00:00,61.9413,62.7717,61.9413,62.4298,1.2088e+006
MWG,9/30/2021 00:00:00,62.4298,63.016,61.8924,62.4298,1.0444e+006
MWG,10/1/2021 00:00:00,62.039,62.4298,61.5505,61.6482,1.0866e+006
MWG,10/4/2021 00:00:00,61.062,61.6482,60.2315,61.6482,2.19e+006
MWG,10/5/2021 00:00:00,61.5505,61.9413,61.1108,61.9413,939300
MWG,10/6/2021 00:00:00,61.8924,63.5045,61.7459,62.674,1.6924e+006
MWG,10/7/2021 00:00:00,62.1855,62.674,62.1855,62.5275,966000
MWG,10/8/2021 00:00:00,62.2832,63.2602,62.1855,62.9183,1.5037e+006
MWG,10/11/2021 00:00:00,62.9671,63.3579,62.2832,63.2602,1.7497e+006
MWG,10/12/2021 00:00:00,63.2602,64.8722,63.2602,64.5303,2.282e+006
MWG,10/13/2021 00:00:00,64.628,65.5561,64.5303,65.4096,1.8926e+006
MWG,10/14/2021 00:00:00,65.4584,65.8492,64.4815,65.2142,1.9257e+006
MWG,10/15/2021 00:00:00,65.2142,65.3119,64.4815,64.6768,827400
MWG,10/18/2021 00:00:00,64.5791,64.9211,63.8464,63.8464,1.4672e+006
MWG,10/19/2021 00:00:00,63.4556,63.993,63.0648,63.3579,1.151e+006
MWG,10/20/2021 00:00:00,63.4556,63.993,62.5275,63.1137,1.3339e+006
MWG,10/21/2021 00:00:00,63.1137,63.5045,62.039,62.039,1.4717e+006
MWG,10/22/2021 00:00:00,62.674,62.7229,62.0878,62.3321,925700
MWG,10/25/2021 00:00:00,62.5275,63.4068,62.5275,62.7229,926200
MWG,10/26/2021 00:00:00,62.5275,62.5275,61.9901,62.5275,992900
MWG,10/27/2021 00:00:00,62.5275,64.9211,62.5275,64.4815,2.0634e+006
MWG,10/28/2021 00:00:00,64.1395,64.7257,62.7717,64.4815,1.1894e+006
MWG,10/29/2021 00:00:00,64.2372,64.4326,63.9441,64.1884,1.3444e+006
MWG,11/1/2021 00:00:00,64.2372,64.3838,63.016,63.5045,1.1402e+006
MWG,11/2/2021 00:00:00,62.7717,63.4556,62.7717,62.9671,866800
MWG,11/3/2021 00:00:00,62.9671,63.5045,62.2832,62.9183,1.405e+006
MWG,11/4/2021 00:00:00,62.7717,63.7976,62.5275,63.4556,950100
MWG,11/5/2021 00:00:00,64.9699,64.9699,63.993,64.4815,1.6358e+006
MWG,11/8/2021 00:00:00,64.4815,64.9699,64.286,64.286,1.1263e+006
MWG,11/9/2021 00:00:00,64.3838,64.4815,63.5045,63.5045,1.0489e+006
MWG,11/10/2021 00:00:00,63.5045,64.2372,63.2602,64.2372,765400
MWG,11/11/2021 00:00:00,64.2372,66.4354,63.7487,65.9469,4.4414e+006
MWG,11/12/2021 00:00:00,66.4354,66.4354,65.4096,66.4354,1.1848e+006
MWG,11/15/2021 00:00:00,66.582,68.3406,66.582,68.0963,2.6315e+006
MWG,11/16/2021 00:00:00,67.4124,67.9009,66.4354,67.3636,1.4906e+006
MWG,11/17/2021 00:00:00,67.2659,67.4124,66.5331,67.3636,862200
MWG,11/18/2021 00:00:00,67.559,69.1222,66.8262,67.9009,2.1224e+006
MWG,11/19/2021 00:00:00,68.3894,68.8779,66.4354,67.9009,1.378e+006
MWG,11/22/2021 00:00:00,68.3894,68.5848,67.4124,67.7055,1.1151e+006
MWG,11/23/2021 00:00:00,67.7055,70.3434,67.4613,69.8549,1.9262e+006
MWG,11/24/2021 00:00:00,69.8549,70.3434,69.0245,70.3434,1.4875e+006
MWG,11/25/2021 00:00:00,70.3923,70.8319,69.6107,70.8319,845700
MWG,11/26/2021 00:00:00,70.7342,71.0761,69.1222,69.1222,1.2624e+006
MWG,11/29/2021 00:00:00,67.8521,68.7314,67.1193,67.1682,2.37e+006
MWG,11/30/2021 00:00:00,67.6567,68.3406,66.8751,67.8521,1.0891e+006
MWG,12/1/2021 00:00:00,66.6797,68.3894,66.4843,67.8521,1.4964e+006
MWG,12/2/2021 00:00:00,67.8032,67.8032,66.8262,66.9239,615900
MWG,12/3/2021 00:00:00,66.582,66.9239,65.2142,65.2142,1.0521e+006
MWG,12/6/2021 00:00:00,65.2142,65.2142,61.9901,64.1884,1.6732e+006
MWG,12/7/2021 00:00:00,64.1884,65.2142,64.1884,65.2142,663600
MWG,12/8/2021 00:00:00,65.263,65.9469,64.9699,65.4096,688700
MWG,12/9/2021 00:00:00,65.4096,65.9469,65.2142,65.4584,692300
MWG,12/10/2021 00:00:00,65.0188,65.8981,64.9699,65.5073,707100
MWG,12/13/2021 00:00:00,65.6538,65.8981,65.4584,65.8981,645900
MWG,12/14/2021 00:00:00,65.8004,66.4354,65.2142,66.1423,664800
MWG,12/15/2021 00:00:00,66.1423,66.4354,65.4584,66.3866,601100
MWG,12/16/2021 00:00:00,66.4354,66.4354,65.263,65.263,809500
MWG,12/17/2021 00:00:00,65.263,65.9469,65.0188,65.7027,735100
MWG,12/20/2021 00:00:00,65.2142,65.7515,64.7257,64.9699,792900
MWG,12/21/2021 00:00:00,64.9699,64.9699,64.5303,64.9699,473600
MWG,12/22/2021 00:00:00,65.263,66.9239,65.1653,65.8492,1.3002e+006
MWG,12/23/2021 00:00:00,65.8492,66.3377,64.3838,65.263,933200
MWG,12/24/2021 00:00:00,65.263,65.7515,64.7257,65.7515,560900
MWG,12/27/2021 00:00:00,65.8004,66.1423,64.9699,65.8981,723100
MWG,12/28/2021 00:00:00,66.1912,66.3377,65.0188,66.3377,745000
MWG,12/29/2021 00:00:00,65.7515,66.4354,65.5073,65.6538,637000
MWG,12/30/2021 00:00:00,65.7027,66.1423,65.4584,65.605,832700
MWG,12/31/2021 00:00:00,65.605,66.3866,65.1653,66.3866,1.1289e+006
MWG,1/4/2022 00:00:00,66.3866,67.9986,65.8981,67.3147,1.3279e+006
MWG,1/5/2022 00:00:00,67.3147,68.0475,66.9728,66.9728,1.1787e+006
MWG,1/6/2022 00:00:00,66.9728,67.8032,66.6797,67.1682,770900
MWG,1/7/2022 00:00:00,67.1682,67.1682,66.1912,66.1912,921200
MWG,1/10/2022 00:00:00,66.1912,66.1912,64.9699,64.9699,927000
MWG,1/11/2022 00:00:00,64.9699,65.7027,64.3349,64.3838,773400
MWG,1/12/2022 00:00:00,64.3838,66.4354,63.5045,66.4354,928600
MWG,1/13/2022 00:00:00,66.6797,66.6797,64.4815,66.1912,925000
MWG,1/14/2022 00:00:00,65.9469,65.9469,65.0676,65.4584,468400
MWG,1/17/2022 00:00:00,64.9699,65.4096,63.5045,63.5045,817400
MWG,1/18/2022 00:00:00,63.016,64.4815,62.8206,63.5533,816200
MWG,1/19/2022 00:00:00,63.6022,65.4584,63.5045,65.2142,954800
MWG,1/20/2022 00:00:00,64.9699,65.4584,64.5303,65.4584,896900
MWG,1/21/2022 00:00:00,65.4584,65.4584,64.1395,65.0676,655100
MWG,1/24/2022 00:00:00,64.5791,65.0676,63.4556,63.4556,867600
MWG,1/25/2022 00:00:00,63.4068,63.993,62.3321,63.993,802500
MWG,1/26/2022 00:00:00,63.993,64.4326,63.016,64.4326,954300
MWG,1/27/2022 00:00:00,63.9441,64.628,63.1137,64.2372,530600
MWG,1/28/2022 00:00:00,64.1395,64.7257,63.3579,64.7257,716300
MWG,2/7/2022 00:00:00,64.9699,66.2889,64.9699,65.4096,932400
MWG,2/8/2022 00:00:00,65.4096,66.8262,65.4096,66.582,1.45e+006
MWG,2/9/2022 00:00:00,66.582,67.1682,66.4354,66.9239,1.207e+006
MWG,2/10/2022 00:00:00,66.9239,67.0216,65.7027,66.582,902700
MWG,2/11/2022 00:00:00,65.9469,66.4354,65.9469,66.0935,541500
MWG,2/14/2022 00:00:00,65.4096,65.9469,64.4815,64.4815,957300
MWG,2/15/2022 00:00:00,64.8234,65.4096,64.2372,65.1165,572400
MWG,2/16/2022 00:00:00,65.5561,65.5561,64.286,64.9211,562000
MWG,2/17/2022 00:00:00,64.4815,65.7027,64.4326,65.7027,1.0314e+006
MWG,2/18/2022 00:00:00,64.5303,65.4584,64.5303,65.4584,467800
MWG,2/21/2022 00:00:00,64.7257,65.8981,64.7257,65.4096,612100
MWG,2/22/2022 00:00:00,64.9699,67.9986,64.6768,67.2659,3.2726e+006
MWG,2/23/2022 00:00:00,67.2659,68.6825,66.8751,67.3147,1.6096e+006
MWG,2/24/2022 00:00:00,66.9239,67.2659,66.1912,66.8262,1.1742e+006
MWG,2/25/2022 00:00:00,66.8751,68.2917,66.4354,67.217,2.6903e+006
MWG,2/28/2022 00:00:00,66.6797,67.4124,66.1912,66.4354,1.802e+006
MWG,3/1/2022 00:00:00,66.8751,66.9239,65.9958,66.4354,1.2102e+006
MWG,3/2/2022 00:00:00,66.3377,66.3377,65.4584,65.7027,1.6702e+006
MWG,3/3/2022 00:00:00,65.9469,66.6797,65.263,66.6797,1.0578e+006
MWG,3/4/2022 00:00:00,66.6797,66.7285,65.7515,66.3377,1.0732e+006
MWG,3/7/2022 00:00:00,65.7027,65.9469,65.4584,65.5561,1.1445e+006
MWG,3/8/2022 00:00:00,65.4584,65.7027,64.6768,65.5561,1.9969e+006
MWG,3/9/2022 00:00:00,65.5073,65.5073,64.7257,65.3607,1.1489e+006
MWG,3/10/2022 00:00:00,65.4584,65.4584,64.7745,65.2142,883000
MWG,3/11/2022 00:00:00,65.1653,65.1653,64.4815,64.9699,653000
MWG,3/14/2022 00:00:00,64.5303,64.8722,63.2602,64.3349,1.2267e+006
MWG,3/15/2022 00:00:00,63.8464,64.1884,63.016,64.1884,1.0053e+006
MWG,3/16/2022 00:00:00,64.0907,64.4815,63.5045,64.1884,1.0546e+006
MWG,3/17/2022 00:00:00,64.3838,64.4815,63.8953,63.8953,691400
MWG,3/18/2022 00:00:00,63.8953,64.3838,63.8953,64.286,791100
MWG,3/21/2022 00:00:00,64.4815,65.8981,64.2372,65.8981,921700
MWG,3/22/2022 00:00:00,65.9469,66.4354,65.263,66.0446,1.046e+006
MWG,3/23/2022 00:00:00,65.8004,66.6308,65.7515,65.9469,794300
MWG,3/24/2022 00:00:00,65.9469,65.9469,64.9699,65.4584,913200
MWG,3/25/2022 00:00:00,65.8004,68.5848,65.3119,67.8521,3.7827e+006
MWG,3/28/2022 00:00:00,67.9986,70.3923,67.8521,70.3434,3.8331e+006
MWG,3/29/2022 00:00:00,71.0761,72.9324,70.3434,71.5646,2.2879e+006
MWG,3/30/2022 00:00:00,71.0761,71.76,68.4383,70.5388,1.6926e+006
MWG,3/31/2022 00:00:00,70.3434,72.5416,69.6107,71.2227,1.7987e+006
MWG,4/1/2022 00:00:00,72.0531,76.2054,71.8577,76.2054,4.1304e+006
MWG,4/4/2022 00:00:00,77.4266,77.5243,75.7169,75.7169,1.4019e+006
MWG,4/5/2022 00:00:00,74.9841,76.4985,74.7399,75.8146,1.2601e+006
MWG,4/6/2022 00:00:00,75.2284,79.1363,74.9353,77.5731,2.9809e+006
MWG,4/7/2022 00:00:00,78.0616,78.2082,75.033,75.7169,3.1009e+006
MWG,4/8/2022 00:00:00,75.7169,75.7169,73.2744,73.2744,2.2071e+006
MWG,4/12/2022 00:00:00,73.2744,74.5933,71.3204,74.5933,2.6445e+006
MWG,4/13/2022 00:00:00,73.7629,76.6938,73.5186,76.303,3.406e+006
MWG,4/14/2022 00:00:00,76.303,79.5271,75.7169,77.9151,2.9259e+006
MWG,4/15/2022 00:00:00,76.9381,79.0875,76.7915,78.257,2.3398e+006
MWG,4/18/2022 00:00:00,78.6478,79.1363,77.7197,78.257,2.6169e+006
MWG,4/19/2022 00:00:00,78.0128,78.6967,75.7169,76.2054,3.285e+006
MWG,4/20/2022 00:00:00,75.7657,77.8662,75.1307,76.2054,1.9007e+006
MWG,4/21/2022 00:00:00,75.3261,76.9381,75.0818,75.9611,2.3045e+006
MWG,4/22/2022 00:00:00,76.4985,76.6938,70.8807,76.1077,4.0493e+006
MWG,4/25/2022 00:00:00,75.2284,75.8634,70.783,70.783,3.7111e+006
MWG,4/26/2022 00:00:00,68.8779,73.714,67.9009,72.6882,2.7189e+006
MWG,4/27/2022 00:00:00,71.3204,72.0531,69.8549,71.9066,1.7186e+006
MWG,4/28/2022 00:00:00,72.0531,72.7859,70.7342,70.8319,1.5261e+006
MWG,4/29/2022 00:00:00,70.9296,73.2744,70.9296,72.8836,1.7398e+006
MWG,5/4/2022 00:00:00,73.2744,74.0071,72.5416,73.0301,1.1511e+006
MWG,5/5/2022 00:00:00,73.5186,73.5186,70.8807,72.9813,1.1687e+006
MWG,5/6/2022 00:00:00,71.5646,72.737,71.3692,71.6135,1.0855e+006
MWG,5/9/2022 00:00:00,70.4411,70.49,66.6308,66.6308,2.6938e+006
MWG,5/10/2022 00:00:00,65.9469,68.4383,64.9699,68.4383,1.8188e+006
MWG,5/11/2022 00:00:00,68.4871,68.8779,67.0216,68.8779,1.167e+006
MWG,5/12/2022 00:00:00,68.3406,68.3406,65.6538,65.6538,1.7056e+006
MWG,5/13/2022 00:00:00,65.6538,65.9958,61.1108,61.1108,2.7468e+006
MWG,5/16/2022 00:00:00,64.7257,64.7257,59.2057,60.085,1.3345e+006
MWG,5/17/2022 00:00:00,61.0131,64.286,59.5965,64.286,1.0558e+006
MWG,5/18/2022 00:00:00,64.3349,65.3119,63.4068,65.2142,805600
MWG,5/19/2022 00:00:00,63.5045,65.2142,63.1625,64.9699,839200
MWG,5/20/2022 00:00:00,64.7257,66.3377,64.4815,65.4584,869200
MWG,5/23/2022 00:00:00,65.9469,65.9469,63.5045,63.8953,542100
MWG,5/24/2022 00:00:00,63.9441,64.9699,63.4068,64.9699,577700
MWG,5/25/2022 00:00:00,65.6538,69.1222,65.4584,67.9009,1.558e+006
MWG,5/26/2022 00:00:00,68.3894,68.6337,66.4354,67.9009,716100
MWG,5/27/2022 00:00:00,67.9986,71.76,67.9986,71.6623,2.5507e+006
MWG,5/30/2022 00:00:00,71.6623,72.0531,70.0503,70.9296,1.2622e+006
MWG,5/31/2022 00:00:00,70.9296,70.9296,69.8549,70.783,739500
MWG,6/1/2022 00:00:00,70.783,71.8089,70.3434,71.0761,1.0587e+006
MWG,6/2/2022 00:00:00,71.5646,73.5186,71.0761,72.1508,1.806e+006
MWG,6/3/2022 00:00:00,72.1508,75.3749,72.1508,74.8376,1.6681e+006
MWG,6/6/2022 00:00:00,75.2284,76.4496,75.2284,75.5703,1.8879e+006
MWG,6/7/2022 00:00:00,75.7178,75.7178,73.2594,75.2261,1.8451e+006
MWG,6/8/2022 00:00:00,75.8653,77.6353,75.4228,75.4228,2.0768e+006
MWG,6/9/2022 00:00:00,75.4228,76.2095,74.3903,75.1278,1.1311e+006
MWG,6/10/2022 00:00:00,75.7178,76.2095,73.7511,73.7511,1.9405e+006
MWG,6/13/2022 00:00:00,71.2927,72.5219,68.8344,68.8344,3.229e+006
MWG,6/14/2022 00:00:00,68.0969,70.9486,67.851,70.5552,1.6061e+006
MWG,6/15/2022 00:00:00,71.2927,72.6203,70.8011,72.6203,2.5602e+006
MWG,6/16/2022 00:00:00,77.6319,77.6319,76.2562,77.6319,6.0389e+006
MWG,6/17/2022 00:00:00,77.6319,77.6319,74.9787,76.3545,3.5005e+006
MWG,6/20/2022 00:00:00,76.6493,76.6493,72.3255,72.6203,4.4834e+006
MWG,6/21/2022 00:00:00,73.7012,74.4874,69.7705,72.2272,3.3683e+006
MWG,6/22/2022 00:00:00,74.2908,74.2908,68.0016,68.5913,3.8158e+006
MWG,6/23/2022 00:00:00,68.7878,72.2272,68.5913,71.2445,4.908e+006
MWG,6/24/2022 00:00:00,72.2272,72.2272,70.1636,70.6549,2.7164e+006
MWG,6/27/2022 00:00:00,70.4584,71.2445,69.8688,70.2618,3.1602e+006
MWG,6/28/2022 00:00:00,69.7705,71.6376,69.7705,71.5393,4.1214e+006
MWG,6/29/2022 00:00:00,71.5393,72.7185,69.8688,71.7358,3.1542e+006
MWG,6/30/2022 00:00:00,71.8341,71.8341,69.967,70.2618,2.4011e+006
MWG,7/1/2022 00:00:00,70.3601,70.3601,67.6086,69.0826,3.2852e+006
MWG,7/4/2022 00:00:00,68.7878,68.8861,65.4467,66.6259,5.1815e+006
MWG,7/5/2022 00:00:00,66.6259,66.6259,62.8917,64.3657,3.9834e+006
MWG,7/6/2022 00:00:00,64.3657,65.1519,62.8917,62.8917,2.398e+006
MWG,7/7/2022 00:00:00,62.99,63.8744,62.7934,62.8917,1.59e+006
MWG,7/8/2022 00:00:00,63.5796,65.3484,63.2848,63.8744,2.5868e+006
MWG,7/11/2022 00:00:00,63.6778,63.7761,62.8917,63.383,1.3701e+006
MWG,7/12/2022 00:00:00,63.6778,63.6778,62.8917,63.2848,1.6063e+006
MWG,7/13/2022 00:00:00,62.8917,63.0882,60.8281,62.4986,3.099e+006
MWG,7/14/2022 00:00:00,61.8107,62.8917,61.2211,61.5159,2.1347e+006
MWG,7/15/2022 00:00:00,61.7125,62.1056,60.435,60.435,3.0803e+006
MWG,7/18/2022 00:00:00,60.435,61.8107,59.1575,59.9437,2.5408e+006
MWG,7/19/2022 00:00:00,60.1402,60.1402,58.4696,58.961,2.118e+006
MWG,7/20/2022 00:00:00,58.1748,61.909,57.1921,60.1402,7.3778e+006
MWG,7/21/2022 00:00:00,60.1402,63.383,60.1402,62.99,5.0043e+006
MWG,7/22/2022 00:00:00,63.7761,65.6432,63.0882,63.383,5.4547e+006
MWG,7/25/2022 00:00:00,63.6778,64.6605,61.6142,62.2038,4.0192e+006
MWG,7/26/2022 00:00:00,62.7934,62.7934,61.7125,61.909,1.8088e+006
MWG,7/27/2022 00:00:00,59.0592,61.909,59.0592,61.0246,1.8663e+006
MWG,7/28/2022 00:00:00,61.909,61.909,60.9263,60.9263,1.9505e+006
MWG,7/29/2022 00:00:00,61.3194,61.3194,59.9437,59.9437,3.375e+006
MWG,8/1/2022 00:00:00,59.9437,60.8281,58.961,60.2385,3.2561e+006
MWG,8/2/2022 00:00:00,60.7298,61.4177,60.2385,60.9263,2.1215e+006
MWG,8/3/2022 00:00:00,60.9263,61.1229,60.2385,60.7298,2.6603e+006
MWG,8/4/2022 00:00:00,61.1229,61.909,61.0246,61.6142,4.344e+006
MWG,8/5/2022 00:00:00,61.8107,62.4004,61.5159,61.6142,2.712e+006
MWG,8/8/2022 00:00:00,61.6142,61.8107,61.2211,61.8107,2.4901e+006
MWG,8/9/2022 00:00:00,62.0073,62.4986,61.8107,62.2038,2.8061e+006
MWG,8/10/2022 00:00:00,62.2038,63.1865,61.909,62.4986,1.9749e+006
MWG,8/11/2022 00:00:00,62.8917,63.0882,61.4177,61.909,2.7191e+006
MWG,8/12/2022 00:00:00,61.8107,62.5969,61.1229,61.909,2.4193e+006
MWG,8/15/2022 00:00:00,62.2038,63.8744,61.909,63.8744,4.4336e+006
MWG,8/16/2022 00:00:00,63.8744,65.8398,63.8744,64.8571,3.9107e+006
MWG,8/17/2022 00:00:00,64.8571,65.2501,63.8744,63.8744,2.5188e+006
MWG,8/18/2022 00:00:00,63.8744,64.6605,62.7934,63.383,4.0738e+006
MWG,8/19/2022 00:00:00,63.383,64.2675,62.0073,62.99,2.2764e+006
MWG,8/22/2022 00:00:00,63.4813,65.7415,63.383,65.3484,5.8556e+006
MWG,8/23/2022 00:00:00,64.7588,66.6259,64.7588,65.7415,4.0145e+006
MWG,8/24/2022 00:00:00,65.7415,66.0363,65.1519,65.6432,2.2193e+006
MWG,8/25/2022 00:00:00,66.5276,67.5103,66.1346,67.2155,5.1532e+006
MWG,8/26/2022 00:00:00,67.5103,71.8341,67.5103,70.9497,1.08475e+007
MWG,8/29/2022 00:00:00,70.5566,72.7185,69.4757,72.7185,7.6896e+006
MWG,8/30/2022 00:00:00,73.2099,73.7012,71.6376,72.0307,4.2272e+006
MWG,8/31/2022 00:00:00,71.2445,72.7185,71.2445,72.7185,4.62e+006
MWG,9/5/2022 00:00:00,72.6203,72.6203,71.2445,71.2445,2.6942e+006
MWG,9/6/2022 00:00:00,71.3428,72.0307,71.1462,71.6376,2.5993e+006
MWG,9/7/2022 00:00:00,71.3428,71.5393,69.3774,69.4757,5.6721e+006
MWG,9/8/2022 00:00:00,70.2618,71.048,69.2791,70.2618,3.7483e+006
MWG,9/9/2022 00:00:00,70.7532,71.1462,69.5739,70.7532,2.7848e+006
MWG,9/12/2022 00:00:00,70.9497,74.0943,70.8514,72.7185,7.3471e+006
MWG,9/13/2022 00:00:00,72.7185,73.1116,72.0307,72.8168,1.9579e+006
MWG,9/14/2022 00:00:00,71.441,72.6203,71.3428,72.4237,3.7045e+006
MWG,9/15/2022 00:00:00,72.4237,73.5047,72.1289,72.6203,3.1825e+006
MWG,9/16/2022 00:00:00,72.1289,72.4237,70.1636,70.7532,4.2797e+006
MWG,9/19/2022 00:00:00,70.7532,71.5393,67.9034,69.2791,4.1716e+006
MWG,9/20/2022 00:00:00,69.6722,70.7532,68.0016,70.4584,3.3809e+006
MWG,9/21/2022 00:00:00,69.7705,69.7705,68.7878,68.7878,3.1062e+006
MWG,9/22/2022 00:00:00,67.9034,69.5739,67.1172,68.8861,4.2542e+006
MWG,9/23/2022 00:00:00,68.8861,68.8861,67.412,68.1982,2.7176e+006
MWG,9/26/2022 00:00:00,66.6259,67.019,64.464,66.8224,5.2402e+006
MWG,9/27/2022 00:00:00,66.2328,66.8224,65.6432,65.938,1.5363e+006
MWG,9/28/2022 00:00:00,64.9553,65.8398,63.8744,63.8744,2.7245e+006
MWG,9/29/2022 00:00:00,65.3484,65.3484,62.5969,62.8917,2.5452e+006
MWG,9/30/2022 00:00:00,62.5969,63.0882,60.6315,62.8917,4.3711e+006
MWG,10/3/2022 00:00:00,61.8107,61.8107,58.5679,58.5679,4.0261e+006
MWG,10/4/2022 00:00:00,60.1402,60.2385,59.0592,59.9437,4.0245e+006
MWG,10/5/2022 00:00:00,59.9437,62.0073,59.9437,61.1229,2.1242e+006
MWG,10/6/2022 00:00:00,61.1229,61.2211,56.9956,56.9956,3.1703e+006
MWG,10/7/2022 00:00:00,55.5216,56.8973,53.0649,53.0649,5.5737e+006
MWG,10/10/2022 00:00:00,52.1805,56.3077,52.0822,56.1112,3.9116e+006
MWG,10/11/2022 00:00:00,56.1112,56.6025,53.1631,54.4406,2.3335e+006
MWG,10/12/2022 00:00:00,54.5389,57.7817,54.5389,56.5043,2.8861e+006
MWG,10/13/2022 00:00:00,56.0129,57.1921,55.5216,56.6025,1.5311e+006
MWG,10/14/2022 00:00:00,56.9956,59.2558,56.9956,58.8627,2.9899e+006
MWG,10/17/2022 00:00:00,58.5679,58.5679,56.7991,57.88,2.6748e+006
MWG,10/18/2022 00:00:00,58.8627,59.4523,57.5852,57.9783,2.0543e+006
MWG,10/19/2022 00:00:00,58.1748,58.4696,57.2904,57.9783,1.4074e+006
MWG,10/20/2022 00:00:00,57.1921,57.9783,56.8973,57.3887,1.8112e+006
MWG,10/21/2022 00:00:00,57.2904,57.2904,53.4579,53.4579,4.2382e+006
MWG,10/24/2022 00:00:00,53.5562,54.0476,49.7238,49.7238,4.828e+006
MWG,10/25/2022 00:00:00,49.822,53.0649,48.1515,51.0995,4.4007e+006
MWG,10/26/2022 00:00:00,51.1978,51.5908,49.7238,51.0012,1.5282e+006
MWG,10/27/2022 00:00:00,50.4116,52.9666,50.4116,52.377,2.9904e+006
MWG,10/28/2022 00:00:00,52.5735,53.4579,51.8857,52.2787,1.802e+006
MWG,10/31/2022 00:00:00,51.4926,51.9839,48.6428,50.7064,3.9039e+006
MWG,11/1/2022 00:00:00,51.0995,51.5908,49.2324,49.2324,1.9992e+006
MWG,11/2/2022 00:00:00,49.1341,49.4289,45.9896,47.1688,4.317e+006
MWG,11/3/2022 00:00:00,48.1515,49.4289,47.267,48.6428,2.6e+006
MWG,11/4/2022 00:00:00,46.7266,47.1688,45.2525,45.2525,5.7429e+006
MWG,11/7/2022 00:00:00,45.2034,45.7439,42.108,42.108,5.3442e+006
MWG,11/8/2022 00:00:00,42.108,44.8103,40.5848,43.8277,4.117e+006
MWG,11/9/2022 00:00:00,44.2207,45.6456,43.7785,44.7121,2.1569e+006
MWG,11/10/2022 00:00:00,44.1716,44.1716,41.6166,41.6166,3.6706e+006
MWG,11/11/2022 00:00:00,42.6484,43.6311,42.2554,42.2554,3.5651e+006
MWG,11/14/2022 00:00:00,41.2727,42.0097,39.7004,39.9461,3.5143e+006
MWG,11/15/2022 00:00:00,37.5385,38.816,37.1945,37.1945,2.9836e+006
MWG,11/16/2022 00:00:00,34.6396,39.7495,34.6396,39.7495,8.5552e+006
MWG,11/17/2022 00:00:00,41.027,42.1571,40.0935,41.0761,2.8577e+006
MWG,11/18/2022 00:00:00,40.29,41.5183,39.209,41.4201,4.3677e+006
MWG,11/21/2022 00:00:00,41.2235,41.2235,39.9461,39.9461,1.7628e+006
MWG,11/22/2022 00:00:00,39.5038,40.8796,39.1599,39.5038,3.7079e+006
MWG,11/23/2022 00:00:00,39.6021,40.1917,39.4056,39.7987,1.5102e+006
MWG,11/24/2022 00:00:00,38.5212,38.5212,37.0471,37.0471,7.8626e+006
MWG,11/25/2022 00:00:00,36.8997,37.6368,35.8679,37.1454,2.5953e+006
MWG,11/28/2022 00:00:00,37.6368,39.7004,37.6368,39.4547,4.322e+006
MWG,11/29/2022 00:00:00,39.7987,42.0588,39.7987,42.0588,5.2686e+006
MWG,11/30/2022 00:00:00,42.845,44.2207,42.2554,43.3363,3.7777e+006
MWG,12/1/2022 00:00:00,44.2207,44.8103,42.0097,43.2872,5.8558e+006
MWG,12/2/2022 00:00:00,42.6484,46.1861,42.6484,46.1861,6.4648e+006
MWG,12/5/2022 00:00:00,46.2352,48.0041,46.2352,46.7757,4.146e+006
MWG,12/6/2022 00:00:00,46.3826,46.3826,43.582,43.582,4.0939e+006
MWG,12/7/2022 00:00:00,43.582,44.2207,42.7467,44.0733,2.9301e+006
MWG,12/8/2022 00:00:00,45.0069,46.1861,44.4173,45.2034,2.6265e+006
MWG,12/9/2022 00:00:00,45.2034,45.793,44.5647,45.3999,1.6753e+006
MWG,12/12/2022 00:00:00,45.3999,46.4809,44.2207,45.1051,3.4744e+006
MWG,12/13/2022 00:00:00,44.9577,45.5965,43.6311,45.5965,1.9562e+006
MWG,12/14/2022 00:00:00,46.4809,46.4809,45.0069,45.6456,2.1878e+006
MWG,12/15/2022 00:00:00,45.6456,46.6774,45.3508,46.1861,2.5394e+006
MWG,12/16/2022 00:00:00,45.9404,47.1196,45.1051,47.0214,3.0034e+006
MWG,12/19/2022 00:00:00,46.7757,47.9549,46.3335,46.3335,3.7828e+006
MWG,12/20/2022 00:00:00,45.793,46.0387,43.4346,45.6948,3.3525e+006
MWG,12/21/2022 00:00:00,45.6948,45.9404,43.582,45.5965,2.0523e+006
MWG,12/22/2022 00:00:00,45.5473,45.8913,44.5155,45.6948,1.5198e+006
MWG,12/23/2022 00:00:00,45.6948,45.6948,44.7612,45.0069,1.5844e+006
MWG,12/26/2022 00:00:00,44.7121,44.9577,41.8623,41.8623,2.5595e+006
MWG,12/27/2022 00:00:00,40.7813,43.0415,40.7813,43.0415,2.3247e+006
MWG,12/28/2022 00:00:00,42.2554,42.4519,41.1744,42.2554,1.3896e+006
MWG,12/29/2022 00:00:00,41.764,42.1571,41.3709,42.1571,1.2121e+006
MWG,12/30/2022 00:00:00,42.0588,42.2554,41.3218,42.1571,1.6524e+006
MWG,1/3/2023 00:00:00,42.0588,43.238,41.764,43.1889,1.9989e+006
MWG,1/4/2023 00:00:00,42.3536,43.5328,42.3536,42.7467,1.8727e+006
MWG,1/5/2023 00:00:00,43.1398,43.238,42.5502,42.845,1.1028e+006
MWG,1/6/2023 00:00:00,42.845,43.0906,42.4028,42.4028,1.5075e+006
MWG,1/9/2023 00:00:00,42.4028,42.5502,41.2727,41.2727,2.6635e+006
MWG,1/10/2023 00:00:00,41.2727,41.8623,41.1744,41.4692,1.4243e+006
MWG,1/11/2023 00:00:00,41.5675,42.4519,41.5675,41.8132,1.4612e+006
MWG,1/12/2023 00:00:00,41.8132,42.2554,41.3218,41.3709,986100
MWG,1/13/2023 00:00:00,41.6658,41.9114,41.3218,41.3218,1.0875e+006
MWG,1/16/2023 00:00:00,41.3218,41.5675,40.9779,41.1744,1.4089e+006
MWG,1/17/2023 00:00:00,41.6658,42.6484,41.4692,42.3045,2.7606e+006
MWG,1/18/2023 00:00:00,42.7467,44.4173,42.501,44.1716,3.6869e+006
MWG,1/19/2023 00:00:00,44.1716,45.3017,43.9751,44.8103,3.4939e+006
MWG,1/27/2023 00:00:00,45.5965,46.0878,45.1051,45.1051,2.4798e+006
MWG,1/30/2023 00:00:00,45.1051,45.9896,44.6138,45.3999,3.2067e+006
MWG,1/31/2023 00:00:00,45.1051,45.6948,44.5647,45.6948,2.7238e+006
MWG,2/1/2023 00:00:00,45.3999,46.3335,44.9086,46.2844,7.8355e+006
MWG,2/2/2023 00:00:00,46.137,49.0359,45.4982,49.0359,4.8608e+006
MWG,2/3/2023 00:00:00,47.2179,47.7584,46.9722,46.9722,6.2196e+006
MWG,2/6/2023 00:00:00,46.1861,46.3826,44.9086,46.3335,2.653e+006
MWG,2/7/2023 00:00:00,45.8422,47.1688,44.9086,44.9086,2.0189e+006
MWG,2/8/2023 00:00:00,44.9086,45.2034,43.7294,43.7294,1.647e+006
MWG,2/9/2023 00:00:00,43.6311,44.6629,43.238,43.238,1.4728e+006
MWG,2/10/2023 00:00:00,43.238,43.6803,41.3709,41.3709,2.0325e+006
MWG,2/13/2023 00:00:00,41.3709,41.764,40.7813,41.764,1.726e+006
MWG,2/14/2023 00:00:00,42.0588,42.2554,41.6658,41.764,803200
MWG,2/15/2023 00:00:00,41.764,42.7467,41.764,42.0097,1.0847e+006
MWG,2/16/2023 00:00:00,42.4519,42.7467,42.0588,42.5502,944200
MWG,2/17/2023 00:00:00,42.5502,42.5502,42.108,42.501,959100
MWG,2/20/2023 00:00:00,42.4519,43.5328,42.0097,43.5328,1.8747e+006
MWG,2/21/2023 00:00:00,43.6311,44.4664,43.6311,43.7294,1.4056e+006
MWG,2/22/2023 00:00:00,43.238,43.7294,42.2554,42.2554,1.6445e+006
MWG,2/23/2023 00:00:00,42.0588,42.2554,41.2727,42.2554,1.3139e+006
MWG,2/24/2023 00:00:00,41.764,42.2062,40.8796,41.3709,1.6256e+006
MWG,2/27/2023 00:00:00,40.29,41.1744,39.7987,39.7987,1.9747e+006
MWG,2/28/2023 00:00:00,39.7987,40.4865,39.1599,39.3073,1.5679e+006
MWG,3/1/2023 00:00:00,39.3073,40.29,38.5703,40.0935,1.5205e+006
MWG,3/2/2023 00:00:00,40.0935,40.29,39.3073,39.6021,868900
MWG,3/3/2023 00:00:00,39.6021,39.8969,38.7177,38.7177,1.8575e+006
MWG,3/6/2023 00:00:00,39.2582,39.7987,38.7177,38.7177,1.4742e+006
MWG,3/7/2023 00:00:00,39.3073,39.5038,38.5212,39.0125,1.5857e+006
MWG,3/8/2023 00:00:00,38.3246,38.8651,37.9807,38.7177,2.0291e+006
MWG,3/9/2023 00:00:00,38.9142,39.8478,38.8651,39.3073,2.116e+006
MWG,3/10/2023 00:00:00,39.209,39.4056,38.7177,39.0616,1.573e+006
MWG,3/13/2023 00:00:00,39.0616,39.3073,38.7177,38.7177,1.3491e+006
MWG,3/14/2023 00:00:00,38.6194,38.9142,37.6368,37.9316,1.6116e+006
MWG,3/15/2023 00:00:00,38.9142,39.4056,38.7177,39.3073,1.8992e+006
MWG,3/16/2023 00:00:00,39.3073,39.3073,38.1281,38.7177,1.665e+006
MWG,3/17/2023 00:00:00,39.209,39.209,38.1772,38.7177,953800
MWG,3/20/2023 00:00:00,38.3246,38.7177,37.3911,37.4402,2.2986e+006
MWG,3/21/2023 00:00:00,38.1281,38.1281,36.8506,37.8333,1.4113e+006
MWG,3/22/2023 00:00:00,37.9807,37.9807,37.2928,37.2928,1.507e+006
MWG,3/23/2023 00:00:00,36.9489,37.2928,36.8506,37.1454,1.2386e+006
MWG,3/24/2023 00:00:00,36.9489,37.5385,36.9489,37.2928,1.7295e+006
MWG,3/27/2023 00:00:00,37.3419,37.7842,37.1945,37.4402,2.4651e+006
MWG,3/28/2023 00:00:00,37.5385,38.6194,37.4402,38.4229,4.1984e+006
MWG,3/29/2023 00:00:00,38.5703,38.6686,38.0298,38.0298,1.8302e+006
MWG,3/30/2023 00:00:00,38.1281,38.5212,37.4893,37.9316,2.6658e+006
MWG,3/31/2023 00:00:00,37.8824,38.2755,37.5876,37.8824,1.8155e+006
MWG,4/3/2023 00:00:00,38.3246,38.5212,38.0298,38.3246,2.1121e+006
MWG,4/4/2023 00:00:00,38.4229,39.2582,38.3738,39.1108,3.1333e+006
MWG,4/5/2023 00:00:00,39.1108,39.1599,38.816,39.0616,1.7359e+006
MWG,4/6/2023 00:00:00,39.3073,39.3073,38.3738,38.4229,1.9713e+006
MWG,4/7/2023 00:00:00,38.1772,38.3738,37.8333,38.3246,2.0319e+006
MWG,4/10/2023 00:00:00,38.5212,40.4374,38.5212,40.29,5.8294e+006
MWG,4/11/2023 00:00:00,40.29,40.29,39.5038,39.9952,2.8523e+006
MWG,4/12/2023 00:00:00,39.7987,40.9779,39.7987,40.0443,3.9708e+006
MWG,4/13/2023 00:00:00,40.29,40.5848,39.9461,40.3391,3.135e+006
MWG,4/14/2023 00:00:00,40.5357,40.6831,39.3073,39.3073,2.6793e+006
MWG,4/17/2023 00:00:00,39.1599,39.3073,38.8651,39.1599,1.4069e+006
MWG,4/18/2023 00:00:00,39.8478,40.0443,39.2582,39.2582,2.7557e+006
MWG,4/19/2023 00:00:00,39.3564,40.5848,39.3073,39.7987,2.9494e+006
MWG,4/20/2023 00:00:00,39.7987,39.7987,39.209,39.7004,1.4162e+006
MWG,4/21/2023 00:00:00,39.7004,39.7004,38.6194,38.6194,2.8111e+006
MWG,4/24/2023 00:00:00,38.5212,38.6194,37.5876,37.735,3.2111e+006
MWG,4/25/2023 00:00:00,37.9316,38.1281,36.8506,37.0471,2.7353e+006
MWG,4/26/2023 00:00:00,37.0471,37.735,36.998,37.735,1.8356e+006
MWG,4/27/2023 00:00:00,37.8333,37.9807,37.4893,37.9807,1.2864e+006
MWG,4/28/2023 00:00:00,37.9807,38.5212,37.9316,38.5212,2.5173e+006
MWG,5/4/2023 00:00:00,37.4402,38.2264,37.2437,37.2437,2.4625e+006
MWG,5/5/2023 00:00:00,37.2437,37.4402,36.998,37.1454,1.1732e+006
MWG,5/8/2023 00:00:00,37.1454,37.5876,37.1454,37.1945,1.2731e+006
MWG,5/9/2023 00:00:00,37.1945,37.6859,37.1945,37.2928,931100
MWG,5/10/2023 00:00:00,37.3911,38.3246,37.2437,38.3246,2.3549e+006
MWG,5/11/2023 00:00:00,38.472,38.6686,37.8824,38.0298,1.6599e+006
MWG,5/12/2023 00:00:00,38.079,38.4229,37.5385,38.3246,2.0338e+006
MWG,5/15/2023 00:00:00,38.472,38.7177,38.1772,38.2264,2.7824e+006
MWG,5/16/2023 00:00:00,38.2264,38.2755,37.5385,37.7842,2.1297e+006
MWG,5/17/2023 00:00:00,37.7842,37.9807,37.2928,37.4893,1.3269e+006
MWG,5/18/2023 00:00:00,37.8824,38.0298,37.4402,37.4402,1.7476e+006
MWG,5/19/2023 00:00:00,37.4402,37.6368,37.1454,37.6368,1.6431e+006
MWG,5/22/2023 00:00:00,37.6859,37.9807,37.3911,37.8824,1.5185e+006
MWG,5/23/2023 00:00:00,37.9807,38.1281,37.5385,37.5876,1.4677e+006
MWG,5/24/2023 00:00:00,37.735,37.7842,37.2437,37.2928,1.2463e+006
MWG,5/25/2023 00:00:00,37.2928,37.735,37.1454,37.3419,1.4775e+006
MWG,5/26/2023 00:00:00,37.3911,37.735,37.3419,37.5385,882500
MWG,5/29/2023 00:00:00,37.7842,38.0298,37.4893,38.0298,2.2635e+006
MWG,5/30/2023 00:00:00,38.1772,39.1108,38.1772,38.7177,4.8184e+006
MWG,5/31/2023 00:00:00,38.6194,38.7668,38.2755,38.5212,1.9751e+006
MWG,6/1/2023 00:00:00,38.6686,38.816,38.0298,38.6194,2.9075e+006
MWG,6/2/2023 00:00:00,38.7668,40.1426,38.5212,40.0935,5.7079e+006
MWG,6/5/2023 00:00:00,40.29,40.8796,40.0935,40.4865,6.6178e+006
MWG,6/6/2023 00:00:00,40.4865,41.3218,40.3391,41.0761,4.6652e+006
MWG,6/7/2023 00:00:00,41.0761,41.2235,40.3391,41.0761,4.7451e+006
MWG,6/8/2023 00:00:00,41.2727,41.2727,39.8969,39.9461,4.5139e+006
MWG,6/9/2023 00:00:00,40.29,40.6831,39.7987,40.6831,4.124e+006
MWG,6/12/2023 00:00:00,40.9287,42.2554,40.7813,42.2554,7.2481e+006
MWG,6/13/2023 00:00:00,42.6484,42.6484,41.8623,42.2554,3.3991e+006
MWG,6/14/2023 00:00:00,42.2554,42.2554,41.3218,41.3218,3.3214e+006
MWG,6/15/2023 00:00:00,41.3218,41.6658,40.7322,40.9779,2.8103e+006
MWG,6/16/2023 00:00:00,41.2235,41.5675,40.4374,40.6339,4.41e+006
MWG,6/19/2023 00:00:00,40.6339,40.9779,40.3883,40.7813,2.0631e+006
MWG,6/20/2023 00:00:00,40.8796,41.764,40.8796,41.764,2.4765e+006
MWG,6/21/2023 00:00:00,41.764,41.9606,41.4692,41.9606,2.5659e+006
MWG,6/22/2023 00:00:00,42.108,42.8941,41.6166,42.3045,4.1055e+006
MWG,6/23/2023 00:00:00,42.3045,42.4519,41.9606,42.1571,2.1581e+006
MWG,6/26/2023 00:00:00,42.7958,43.7294,41.8623,43.582,5.4575e+006
MWG,6/27/2023 00:00:00,43.582,44.1225,42.9924,43.4346,2.478e+006
MWG,6/28/2023 00:00:00,43.4346,43.6803,42.4519,43.1398,3.9897e+006
MWG,6/29/2023 00:00:00,42.7467,43.1398,41.9606,41.9606,3.2895e+006
MWG,6/30/2023 00:00:00,41.9606,43.1398,41.764,42.5502,3.5054e+006
MWG,7/3/2023 00:00:00,42.6976,42.8941,42.0588,42.2554,1.7995e+006
MWG,7/4/2023 00:00:00,42.1571,42.8941,41.9114,42.501,4.4373e+006
MWG,7/5/2023 00:00:00,42.6976,43.6803,42.5993,42.5993,7.263e+006
MWG,7/6/2023 00:00:00,42.6484,42.9924,42.108,42.4519,4.5417e+006
MWG,7/7/2023 00:00:00,42.3045,44.7121,42.3045,44.7121,7.4015e+006
MWG,7/10/2023 00:00:00,45.2525,46.9231,45.0069,46.9231,1.02329e+007
MWG,7/11/2023 00:00:00,46.7757,47.9549,46.53,47.9549,8.1771e+006
MWG,7/12/2023 00:00:00,47.5127,48.4463,47.3653,48.2989,4.7914e+006
MWG,7/13/2023 00:00:00,48.348,49.0359,48.2989,48.4954,4.8135e+006
MWG,7/14/2023 00:00:00,48.4954,48.5937,47.6601,48.5937,5.9047e+006
MWG,7/17/2023 00:00:00,48.6428,48.9867,47.8075,47.8075,2.7853e+006
MWG,7/18/2023 00:00:00,47.5618,47.7584,46.9231,47.2179,4.613e+006
MWG,7/19/2023 00:00:00,47.5618,48.1023,47.1196,47.6601,3.4839e+006
MWG,7/20/2023 00:00:00,47.5618,48.6428,47.5618,48.2497,5.4543e+006
MWG,7/21/2023 00:00:00,48.2497,51.5908,48.1023,51.5908,1.17317e+007
MWG,7/24/2023 00:00:00,52.0822,53.5562,51.0995,53.5562,4.0724e+006
MWG,7/25/2023 00:00:00,53.5562,53.5562,51.9839,52.6718,4.4294e+006
MWG,7/26/2023 00:00:00,52.6718,53.2614,51.0995,51.6891,5.4469e+006
MWG,7/27/2023 00:00:00,51.9868,54.0702,51.7883,53.6733,5.8231e+006
MWG,7/28/2023 00:00:00,53.4749,54.467,52.7804,54.0702,3.8717e+006
MWG,7/31/2023 00:00:00,53.5741,53.7726,52.1852,53.2765,7.8646e+006
MWG,8/1/2023 00:00:00,53.6733,53.6733,51.2923,51.2923,7.5318e+006
MWG,8/2/2023 00:00:00,51.2923,52.086,51.1931,51.2923,5.3183e+006
MWG,8/3/2023 00:00:00,51.3915,53.2765,50.9946,52.2844,7.997e+006
MWG,8/4/2023 00:00:00,52.582,52.7804,51.8875,52.582,7.5294e+006
MWG,8/7/2023 00:00:00,53.2765,54.467,52.8797,53.3757,6.4944e+006
MWG,8/8/2023 00:00:00,53.5741,53.8718,52.9789,53.1773,5.735e+006
MWG,8/9/2023 00:00:00,52.9789,52.9789,51.5899,52.1852,8.966e+006
MWG,8/10/2023 00:00:00,52.582,52.582,51.2923,51.5899,4.9799e+006
MWG,8/11/2023 00:00:00,51.7883,52.8797,50.5978,52.8797,6.3188e+006
MWG,8/14/2023 00:00:00,53.4749,53.8718,52.1852,53.7726,9.6159e+006
MWG,8/15/2023 00:00:00,54.1694,55.4591,53.5741,53.5741,8.3797e+006
MWG,8/16/2023 00:00:00,53.5741,53.8718,52.582,53.3757,5.1411e+006
MWG,8/17/2023 00:00:00,53.6733,54.7647,52.9789,53.4749,7.2269e+006
MWG,8/18/2023 00:00:00,53.4749,53.4749,49.8041,49.8041,1.42626e+007
MWG,8/21/2023 00:00:00,49.6057,50.1017,48.3655,48.6136,7.0648e+006
MWG,8/22/2023 00:00:00,48.7128,49.8041,46.9766,49.6057,1.01458e+007
MWG,8/23/2023 00:00:00,50.3002,50.3002,48.812,49.308,4.9579e+006
MWG,8/24/2023 00:00:00,49.308,50.3994,49.308,49.9033,5.7276e+006
MWG,8/25/2023 00:00:00,49.9033,50.9946,49.6057,50.1017,7.139e+006
MWG,8/28/2023 00:00:00,50.4986,51.4907,50.0025,51.2923,8.4955e+006
MWG,8/29/2023 00:00:00,51.3915,52.7804,51.0938,52.4828,8.3039e+006
MWG,8/30/2023 00:00:00,52.582,54.0702,52.4828,53.3757,7.3125e+006
MWG,8/31/2023 00:00:00,53.5741,53.971,53.0781,53.3757,5.2061e+006
MWG,9/5/2023 00:00:00,53.3757,55.0623,52.9789,53.8718,8.3535e+006
MWG,9/6/2023 00:00:00,53.8718,55.1615,53.3757,54.5662,5.1213e+006
MWG,9/7/2023 00:00:00,54.7647,55.3599,53.8718,54.5662,5.9933e+006
MWG,9/8/2023 00:00:00,54.0702,56.0544,54.0702,55.0623,7.8058e+006
MWG,9/11/2023 00:00:00,55.3599,55.7568,53.3757,54.0702,8.4576e+006
MWG,9/12/2023 00:00:00,54.0702,55.3599,53.5741,55.3599,4.7943e+006
MWG,9/13/2023 00:00:00,55.6576,58.8323,55.0623,57.0465,1.6051e+007
MWG,9/14/2023 00:00:00,57.245,58.0386,56.6497,56.8481,8.439e+006
MWG,9/15/2023 00:00:00,57.0465,57.0465,54.9631,55.4591,7.8389e+006
MWG,9/18/2023 00:00:00,55.1615,55.1615,53.6733,54.5662,6.6102e+006
MWG,9/19/2023 00:00:00,54.6655,55.0623,52.582,55.0623,8.8359e+006
MWG,9/20/2023 00:00:00,54.6655,55.7568,54.1694,55.3599,6.8348e+006
MWG,9/21/2023 00:00:00,55.3599,55.3599,53.7726,53.7726,9.5009e+006
MWG,9/22/2023 00:00:00,52.6812,52.9789,50.8954,51.6891,1.18048e+007
MWG,9/25/2023 00:00:00,51.1931,52.582,49.5065,50.5978,7.6934e+006
MWG,9/26/2023 00:00:00,50.697,51.2923,50.1017,51.0938,8.2714e+006
MWG,9/27/2023 00:00:00,50.697,51.5899,49.8041,51.5899,4.9044e+006
MWG,9/28/2023 00:00:00,52.4828,54.2686,52.086,52.582,8.9093e+006
MWG,9/29/2023 00:00:00,53.3757,53.3757,52.1852,52.1852,4.9459e+006
MWG,10/2/2023 00:00:00,52.1852,52.582,51.3915,51.4907,4.2076e+006
MWG,10/3/2023 00:00:00,51.0938,51.0938,47.9191,48.6136,8.9762e+006
MWG,10/4/2023 00:00:00,47.6215,49.6057,47.6215,48.812,4.8268e+006
MWG,10/5/2023 00:00:00,49.5065,49.5065,46.6293,46.6293,6.3482e+006
MWG,10/6/2023 00:00:00,46.5301,48.1175,45.9349,47.9191,5.1881e+006
MWG,10/9/2023 00:00:00,47.9687,48.5144,47.2742,47.5718,6.4578e+006
MWG,10/10/2023 00:00:00,48.0183,49.06,48.0183,48.4647,4.8213e+006
MWG,10/11/2023 00:00:00,48.6136,48.9112,48.2167,48.9112,3.4783e+006
MWG,10/12/2023 00:00:00,48.9112,49.1096,47.8199,48.0183,1.37007e+007
MWG,10/13/2023 00:00:00,48.1175,49.1096,48.0679,49.1096,9.8454e+006
MWG,10/16/2023 00:00:00,49.1096,50.3002,48.2167,48.2167,8.5027e+006
MWG,10/17/2023 00:00:00,48.5144,48.5144,45.9349,45.9349,7.8879e+006
MWG,10/18/2023 00:00:00,46.4309,46.6293,43.3058,44.3475,1.14146e+007
MWG,10/19/2023 00:00:00,43.8514,44.3475,42.6609,42.6609,8.0723e+006
MWG,10/20/2023 00:00:00,42.6609,44.6451,42.6609,44.3475,7.0225e+006
MWG,10/23/2023 00:00:00,44.3475,44.4963,42.264,42.6609,8.5756e+006
MWG,10/24/2023 00:00:00,42.7601,43.2562,41.4207,42.6609,8.2185e+006
MWG,10/25/2023 00:00:00,42.6609,43.8514,42.6609,43.1569,4.7694e+006
MWG,10/26/2023 00:00:00,41.8672,42.0656,40.1806,41.6688,1.505e+007
MWG,10/27/2023 00:00:00,41.9664,42.1648,41.0735,41.6688,4.6911e+006
MWG,10/30/2023 00:00:00,40.7759,41.4207,40.1806,40.1806,4.251e+006
MWG,10/31/2023 00:00:00,40.0814,40.379,37.4027,37.4027,1.32101e+007
MWG,11/1/2023 00:00:00,36.7082,37.4027,34.8232,34.8232,2.10928e+007
MWG,11/2/2023 00:00:00,35.6169,37.105,33.335,36.7082,2.11817e+007
MWG,11/3/2023 00:00:00,37.2043,38.8909,36.7082,38.6428,1.24097e+007
MWG,11/6/2023 00:00:00,38.6924,38.6924,37.3035,37.7499,1.26398e+007
MWG,11/7/2023 00:00:00,37.6011,39.1389,37.2043,37.8987,1.04232e+007
MWG,11/8/2023 00:00:00,37.6011,39.2877,36.4106,39.2877,1.9608e+007
MWG,11/9/2023 00:00:00,40.1806,41.0239,39.5853,39.9822,1.21433e+007
MWG,11/10/2023 00:00:00,39.4365,39.9822,38.6924,39.0893,1.10536e+007
MWG,11/13/2023 00:00:00,39.2381,39.9822,38.742,39.6845,9.1923e+006
MWG,11/14/2023 00:00:00,40.6767,41.768,40.4782,41.1727,1.52355e+007
MWG,11/15/2023 00:00:00,42.0656,42.1648,41.0239,41.5696,1.03383e+007
MWG,11/16/2023 00:00:00,41.1727,41.2719,40.379,41.1727,1.05342e+007
MWG,11/17/2023 00:00:00,41.1727,42.1648,40.3294,41.0735,1.09969e+007
MWG,11/20/2023 00:00:00,39.8334,41.3215,39.8334,40.2302,7.5585e+006
MWG,11/21/2023 00:00:00,41.1727,41.1727,40.2798,40.5774,5.7787e+006
MWG,11/22/2023 00:00:00,40.4782,40.5278,38.9901,39.4861,1.45035e+007
MWG,11/23/2023 00:00:00,39.6845,39.9822,37.0058,37.0058,8.0736e+006
MWG,11/24/2023 00:00:00,37.6011,38.246,36.857,38.246,1.1181e+007
MWG,11/27/2023 00:00:00,38.1964,38.246,37.7003,37.7003,5.2699e+006
MWG,11/28/2023 00:00:00,37.7499,37.8491,37.0554,37.7003,6.1316e+006
MWG,11/29/2023 00:00:00,37.8491,39.1389,37.8491,38.494,8.5182e+006
MWG,11/30/2023 00:00:00,38.5436,38.7916,38.1964,38.1964,4.0309e+006
MWG,12/1/2023 00:00:00,38.4444,38.6924,37.7499,38.4444,4.1611e+006
MWG,12/4/2023 00:00:00,38.5932,40.131,38.494,39.6349,1.05974e+007
MWG,12/5/2023 00:00:00,39.6349,39.7838,39.3869,39.6845,6.1976e+006
MWG,12/6/2023 00:00:00,39.6845,40.7263,39.6349,40.6271,9.0538e+006
MWG,12/7/2023 00:00:00,40.7263,40.7759,39.1885,40.5278,1.0595e+007
MWG,12/8/2023 00:00:00,40.4782,42.6609,40.0814,42.264,1.6804e+007
MWG,12/11/2023 00:00:00,42.264,42.3136,41.5696,42.1648,6.2075e+006
MWG,12/12/2023 00:00:00,42.1648,42.264,41.768,42.1648,5.9565e+006
MWG,12/13/2023 00:00:00,42.4625,43.2562,41.2223,41.3711,1.08636e+007
MWG,12/14/2023 00:00:00,41.768,41.9664,41.0735,41.2719,6.5444e+006
MWG,12/15/2023 00:00:00,41.2719,41.2719,40.1806,40.4286,9.3502e+006
MWG,12/18/2023 00:00:00,40.6271,40.6271,39.1885,39.2877,8.6996e+006
MWG,12/19/2023 00:00:00,39.1885,40.5774,38.8909,40.3294,5.7389e+006
MWG,12/20/2023 00:00:00,40.3294,42.0656,40.1806,42.0656,1.24518e+007
MWG,12/21/2023 00:00:00,41.8672,42.3633,41.52,42.3136,7.2057e+006
MWG,12/22/2023 00:00:00,42.1152,42.3136,41.6688,42.016,6.0746e+006
MWG,12/25/2023 00:00:00,42.016,43.3554,42.016,42.3136,8.4779e+006
MWG,12/26/2023 00:00:00,42.2144,42.8097,42.016,42.3633,6.7684e+006
MWG,12/27/2023 00:00:00,42.3633,42.7105,42.2144,42.5121,5.243e+006
MWG,12/28/2023 00:00:00,42.5121,42.9089,42.4625,42.7105,6.3715e+006
MWG,12/29/2023 00:00:00,42.8593,42.9585,42.3136,42.4625,4.1811e+006
MWG,1/2/2024 00:00:00,42.7601,42.9585,41.8176,42.1152,7.1404e+006
MWG,1/3/2024 00:00:00,42.0656,43.1073,41.6688,42.8593,6.0839e+006
MWG,1/4/2024 00:00:00,42.8593,43.4546,42.6609,42.8593,8.5161e+006
MWG,1/5/2024 00:00:00,42.8593,43.7522,42.6609,43.5042,9.0421e+006
MWG,1/8/2024 00:00:00,43.9506,43.9506,42.8593,42.8593,6.2132e+006
MWG,1/9/2024 00:00:00,42.8097,42.8593,42.0656,42.3633,9.0171e+006
MWG,1/10/2024 00:00:00,42.3633,42.5617,41.5696,41.9168,6.7707e+006
MWG,1/11/2024 00:00:00,41.9168,42.8097,41.8672,42.1152,4.9929e+006
MWG,1/12/2024 00:00:00,41.52,42.264,41.4703,41.5696,7.1397e+006
MWG,1/15/2024 00:00:00,42.2144,42.9585,41.9168,42.5617,8.9861e+006
MWG,1/16/2024 00:00:00,42.5617,44.0498,42.4625,43.9506,1.74191e+007
MWG,1/17/2024 00:00:00,43.9506,45.2404,43.9506,44.5459,1.2486e+007
MWG,1/18/2024 00:00:00,44.5459,45.4884,44.2483,45.4884,8.902e+006
MWG,1/19/2024 00:00:00,45.6372,46.3317,44.9427,45.6868,1.07178e+007
MWG,1/22/2024 00:00:00,45.7364,45.9349,44.7939,45.786,7.2359e+006
MWG,1/23/2024 00:00:00,45.786,45.786,44.8931,45.042,6.1006e+006
MWG,1/24/2024 00:00:00,44.8435,45.0916,44.0002,44.0498,9.6834e+006
MWG,1/25/2024 00:00:00,43.901,44.8435,43.7522,44.8435,7.5301e+006
MWG,1/26/2024 00:00:00,44.6451,45.1412,44.3971,44.5459,3.7819e+006
MWG,1/29/2024 00:00:00,44.5955,44.7939,44.1491,44.2483,4.1283e+006
MWG,1/30/2024 00:00:00,44.2483,45.0916,44.1491,45.042,7.1382e+006
MWG,1/31/2024 00:00:00,45.3396,45.538,44.2979,44.6451,8.7436e+006
MWG,2/1/2024 00:00:00,44.6451,46.3317,44.6451,45.8356,1.13031e+007
MWG,2/2/2024 00:00:00,46.1333,47.0262,45.7364,47.0262,1.19468e+007
MWG,2/5/2024 00:00:00,47.1254,47.2246,46.4309,47.0262,7.5369e+006
MWG,2/6/2024 00:00:00,47.1254,47.1254,46.4309,46.6293,5.404e+006
MWG,2/7/2024 00:00:00,46.5797,46.6789,46.0837,46.2325,5.7071e+006
MWG,2/15/2024 00:00:00,46.5797,46.6293,45.4884,45.4884,9.3401e+006
MWG,2/16/2024 00:00:00,46.0341,46.2325,45.4388,45.9349,5.0015e+006
MWG,2/19/2024 00:00:00,46.1333,46.8278,45.786,46.4309,7.5047e+006
MWG,2/20/2024 00:00:00,46.5797,46.5797,45.6372,46.4309,7.8704e+006
MWG,2/21/2024 00:00:00,46.3317,46.3317,45.6372,45.7364,6.4798e+006
MWG,2/22/2024 00:00:00,45.9349,45.9349,44.8435,44.9427,1.12027e+007
MWG,2/23/2024 00:00:00,44.9427,45.1908,43.6034,43.653,1.76376e+007
MWG,2/26/2024 00:00:00,43.653,44.1491,42.7105,44.0002,1.35309e+007
MWG,2/27/2024 00:00:00,44.3475,44.8435,44.0498,44.3971,9.6362e+006
MWG,2/28/2024 00:00:00,44.6451,45.4884,44.3971,44.9427,1.37909e+007
MWG,2/29/2024 00:00:00,46.0341,46.6293,45.6372,45.8356,1.38919e+007
MWG,3/1/2024 00:00:00,46.1829,46.927,45.7364,46.2325,1.53625e+007
MWG,3/4/2024 00:00:00,46.2325,47.5718,46.2325,47.0262,1.65939e+007
MWG,3/5/2024 00:00:00,47.2246,49.6057,47.1254,49.6057,2.23803e+007
MWG,3/6/2024 00:00:00,49.6057,49.9033,47.9191,48.3159,1.50826e+007
MWG,3/7/2024 00:00:00,48.3159,48.8616,47.7207,48.6136,9.4399e+006
MWG,3/8/2024 00:00:00,48.8616,48.8616,46.6293,47.3734,2.05997e+007
MWG,3/11/2024 00:00:00,47.1254,47.9191,45.8853,46.0341,1.38045e+007
MWG,3/12/2024 00:00:00,45.786,47.5222,45.6868,46.3813,1.66501e+007
MWG,3/13/2024 00:00:00,46.4309,48.3159,46.4309,48.1671,8.934e+006
MWG,3/14/2024 00:00:00,48.4151,48.6136,46.7285,46.8774,1.33041e+007
MWG,3/15/2024 00:00:00,46.8774,47.3238,46.1829,46.9766,8.8657e+006
MWG,3/18/2024 00:00:00,46.8278,47.5718,45.29,45.538,1.21532e+007
MWG,3/19/2024 00:00:00,45.6372,46.0341,44.9924,45.1412,8.0638e+006
MWG,3/20/2024 00:00:00,45.2404,48.2663,45.2404,47.6215,2.06399e+007
MWG,3/21/2024 00:00:00,48.1175,48.564,47.6215,48.1175,9.0966e+006
MWG,3/22/2024 00:00:00,48.3159,49.0104,47.6215,48.7128,1.20808e+007
MWG,3/25/2024 00:00:00,48.6136,49.9033,47.9191,47.9191,1.03664e+007
MWG,3/26/2024 00:00:00,47.9191,48.5144,47.423,48.2663,7.5232e+006
MWG,3/27/2024 00:00:00,48.4151,50.9946,48.1671,50.3002,1.27373e+007
MWG,3/28/2024 00:00:00,50.3994,51.7883,50.0025,50.5978,1.16517e+007
MWG,3/29/2024 00:00:00,50.5978,51.5899,50.3994,50.697,1.1812e+007
MWG,4/1/2024 00:00:00,50.3994,52.1852,50.3002,50.9946,1.36991e+007
MWG,4/2/2024 00:00:00,50.5978,51.1931,49.5561,51.1931,1.23115e+007
MWG,4/3/2024 00:00:00,50.5978,50.7962,49.5065,49.8041,1.43843e+007
MWG,4/4/2024 00:00:00,49.6057,50.3002,48.6136,50.3002,1.30485e+007
MWG,4/5/2024 00:00:00,49.6057,51.0938,49.06,50.5978,8.1453e+006
MWG,4/8/2024 00:00:00,50.5978,50.5978,49.4073,49.6057,6.085e+006
MWG,4/9/2024 00:00:00,49.6057,52.6812,49.4073,52.3836,1.94871e+007
MWG,4/10/2024 00:00:00,52.4828,52.7804,51.2923,51.5899,1.01599e+007
MWG,4/11/2024 00:00:00,50.7962,52.3836,50.7962,51.8875,6.9689e+006
MWG,4/12/2024 00:00:00,51.8875,52.1852,51.1931,51.5899,6.6656e+006
MWG,4/15/2024 00:00:00,51.2923,51.5899,49.1096,49.5065,1.65052e+007
MWG,4/16/2024 00:00:00,49.1096,49.6057,48.3159,49.5065,1.16163e+007
MWG,4/17/2024 00:00:00,50.0025,50.0025,48.564,49.0104,6.9512e+006
MWG,4/19/2024 00:00:00,48.8616,48.9112,47.6711,47.8199,9.4731e+006
MWG,4/22/2024 00:00:00,48.812,49.0104,47.7703,48.2167,1.22923e+007
MWG,4/23/2024 00:00:00,48.7128,49.9033,48.2663,49.4073,1.8043e+007
MWG,4/24/2024 00:00:00,49.8041,51.8875,49.4569,51.8875,1.15308e+007
MWG,4/25/2024 00:00:00,51.6891,53.3757,50.9946,53.3757,1.93174e+007
MWG,4/26/2024 00:00:00,53.0781,54.5662,52.582,54.467,1.18647e+007
MWG,5/2/2024 00:00:00,55.5584,56.3521,54.2686,55.1615,2.19549e+007
MWG,5/3/2024 00:00:00,55.2607,56.7489,54.5662,55.2607,2.96167e+007
MWG,5/6/2024 00:00:00,55.6576,58.3363,55.3599,57.8402,1.12572e+007
MWG,5/7/2024 00:00:00,58.3363,59.0308,57.0465,58.8323,9.46e+006
MWG,5/8/2024 00:00:00,58.1379,58.8323,57.741,58.6339,8.1265e+006
MWG,5/9/2024 00:00:00,58.5347,58.7331,57.9394,58.4355,1.04754e+007
MWG,5/10/2024 00:00:00,58.3363,58.5347,56.9473,58.4355,9.7507e+006
MWG,5/13/2024 00:00:00,58.4355,58.4355,57.5426,57.8402,7.2419e+006
MWG,5/14/2024 00:00:00,58.0386,60.5189,57.5426,59.626,1.6222e+007
MWG,5/15/2024 00:00:00,60.1221,61.6103,59.5268,60.3205,1.30696e+007
MWG,5/16/2024 00:00:00,60.4197,60.6181,59.2292,59.4276,1.29421e+007
MWG,5/17/2024 00:00:00,59.3284,59.8244,58.5347,59.13,8.9628e+006
MWG,5/20/2024 00:00:00,59.5268,61.1142,59.0308,59.5268,9.2022e+006
MWG,5/21/2024 00:00:00,60.1221,60.8166,59.5268,60.0229,4.7308e+006
MWG,5/22/2024 00:00:00,60.1221,61.1142,59.13,60.5189,8.9453e+006
MWG,5/23/2024 00:00:00,60.2213,61.511,59.5268,61.511,8.8599e+006
MWG,5/24/2024 00:00:00,60.7174,61.2134,58.4355,60.0229,1.36462e+007
MWG,5/27/2024 00:00:00,59.626,60.0229,58.7331,59.5268,6.3678e+006
MWG,5/28/2024 00:00:00,59.9237,62.3047,59.626,61.015,9.931e+006
MWG,5/29/2024 00:00:00,61.1142,61.511,60.0229,60.0229,6.8832e+006
MWG,5/30/2024 00:00:00,59.4276,62.3047,58.7331,62.3047,1.47611e+007
MWG,5/31/2024 00:00:00,62.3047,63.8921,61.9079,63.0984,1.02602e+007
MWG,6/3/2024 00:00:00,63.3961,63.5945,62.7016,63.4953,8.2578e+006
MWG,6/4/2024 00:00:00,63.4953,63.6937,62.6024,63.2968,6.5695e+006
MWG,6/5/2024 00:00:00,62.5032,62.8008,61.1142,61.511,1.37782e+007
MWG,6/6/2024 00:00:00,61.511,62.0071,61.1142,61.4118,7.0718e+006
MWG,6/7/2024 00:00:00,61.8087,62.3047,61.3126,61.6103,4.2982e+006
MWG,6/10/2024 00:00:00,61.7095,62.8008,61.511,62.5032,4.849e+006
MWG,6/11/2024 00:00:00,62.8008,62.9,61.3126,61.8087,6.4386e+006
MWG,6/12/2024 00:00:00,62.1063,63.3961,61.511,62.9,5.0248e+006
MWG,6/13/2024 00:00:00,63.1976,63.8921,62.6024,63.4953,7.8623e+006
MWG,6/14/2024 00:00:00,63.4953,63.6937,62.5032,62.5032,8.1198e+006
MWG,6/17/2024 00:00:00,62.3047,62.3047,60.5189,61.511,9.5036e+006
MWG,6/18/2024 00:00:00,61.6103,62.0071,60.6181,61.7095,7.1747e+006
MWG,6/19/2024 00:00:00,61.4118,63.1976,61.1142,62.8008,7.6861e+006
MWG,6/20/2024 00:00:00,62.7016,62.9992,62.0071,62.9992,5.6382e+006
MWG,6/21/2024 00:00:00,62.5032,64.1898,61.9079,62.9992,7.1352e+006
MWG,6/24/2024 00:00:00,62.9992,62.9992,61.015,61.511,1.13792e+007
MWG,6/25/2024 00:00:00,61.511,62.2055,61.1142,61.511,6.381e+006
MWG,6/26/2024 00:00:00,62.0071,62.7016,60.8166,62.1063,8.1856e+006
MWG,6/27/2024 00:00:00,61.511,63.0984,61.511,62.9,8.2976e+006
MWG,6/28/2024 00:00:00,63.1,63.1,61.6,62.4,6.1872e+006
MWG,7/1/2024 00:00:00,62.6,65.8,62,65.8,2.17858e+007
MWG,7/2/2024 00:00:00,65.8,66,64.7,66,9.2455e+006
MWG,7/3/2024 00:00:00,65.9,66.4,65.1,65.5,7.436e+006
MWG,7/4/2024 00:00:00,65.7,66.3,64.9,65.1,5.8615e+006
MWG,7/5/2024 00:00:00,65.2,65.8,65,65.6,7.9394e+006
MWG,7/8/2024 00:00:00,65.6,67.4,65.6,67,1.04487e+007
MWG,7/9/2024 00:00:00,67.2,67.2,66.3,66.8,7.9778e+006
MWG,7/10/2024 00:00:00,66.7,66.8,65.2,65.2,1.09071e+007
MWG,7/11/2024 00:00:00,65.4,65.7,64.6,64.8,8.302e+006
MWG,7/12/2024 00:00:00,64.8,65.4,64.1,64.8,8.7366e+006
MWG,7/15/2024 00:00:00,64.9,65,64.1,64.3,3.6948e+006
MWG,7/16/2024 00:00:00,64.6,65.3,64.1,64.1,7.6807e+006
MWG,7/17/2024 00:00:00,64.7,64.7,62.2,63.5,1.6982e+007
MWG,7/18/2024 00:00:00,63.5,65,63.4,65,7.9381e+006
MWG,7/19/2024 00:00:00,65,66.3,64.7,65.6,1.20072e+007
MWG,7/22/2024 00:00:00,65.2,65.4,63.8,65.3,5.8834e+006
MWG,7/23/2024 00:00:00,65,65,62,62.5,9.198e+006
MWG,7/24/2024 00:00:00,61.6,62,58.6,61.4,1.50625e+007
MWG,7/25/2024 00:00:00,60,61,59.7,61,4.9033e+006
MWG,7/26/2024 00:00:00,60.5,61,60.4,61,4.384e+006
MWG,7/29/2024 00:00:00,61.4,62.4,61.1,62,5.3402e+006
MWG,7/30/2024 00:00:00,62,63.2,61.9,63,5.4703e+006
MWG,7/31/2024 00:00:00,63.9,64.5,63.5,63.8,1.03331e+007
MWG,8/1/2024 00:00:00,63.8,63.8,61.5,62.1,1.06059e+007
MWG,8/2/2024 00:00:00,61,62.9,60.7,62.9,7.6052e+006
MWG,8/5/2024 00:00:00,61.5,62.3,60.3,61.6,1.15777e+007
MWG,8/6/2024 00:00:00,61.8,62.3,60.6,62.3,6.4197e+006
MWG,8/7/2024 00:00:00,62.3,62.5,61.5,62.3,4.7949e+006
MWG,8/8/2024 00:00:00,62,62.9,61.9,62.4,5.7916e+006
MWG,8/9/2024 00:00:00,62.7,65.8,62.5,65.6,1.75181e+007
MWG,8/12/2024 00:00:00,65.9,66.8,65.6,66.6,1.10112e+007
MWG,8/13/2024 00:00:00,66.8,67.2,65.5,66.7,9.391e+006
MWG,8/14/2024 00:00:00,66.8,67,65.8,66.6,6.293e+006
MWG,8/15/2024 00:00:00,66.3,66.4,65.3,65.9,7.1469e+006
MWG,8/16/2024 00:00:00,66,69.5,65.9,69,1.85185e+007
MWG,8/19/2024 00:00:00,69,69.7,68.6,69,6.4189e+006
MWG,8/20/2024 00:00:00,69,69.5,68.3,69.5,8.1372e+006
MWG,8/21/2024 00:00:00,69.4,70.2,68.9,69.8,8.9477e+006
MWG,8/22/2024 00:00:00,69.7,70.2,69.1,70,5.2814e+006
MWG,8/23/2024 00:00:00,70,70.2,69.3,70,4.4257e+006
MWG,8/26/2024 00:00:00,70,70.8,69.6,69.8,5.961e+006
MWG,8/27/2024 00:00:00,69.4,69.8,67.8,69.8,1.44751e+007
MWG,8/28/2024 00:00:00,69.7,69.7,68.7,69.4,6.602e+006
MWG,8/29/2024 00:00:00,68.9,69.4,68.6,69.1,4.226e+006
MWG,8/30/2024 00:00:00,69.1,69.8,68.7,69.8,5.2951e+006
MWG,9/4/2024 00:00:00,68.7,69.7,68.2,69.1,4.4624e+006
MWG,9/5/2024 00:00:00,68.8,68.9,67.6,67.9,8.4783e+006
MWG,9/6/2024 00:00:00,67.6,68,66.8,68,8.3455e+006
MWG,9/9/2024 00:00:00,67.7,68,67.2,67.5,3.677e+006
MWG,9/10/2024 00:00:00,67.5,68.7,67.5,67.8,6.4562e+006
MWG,9/11/2024 00:00:00,67.8,67.9,67.1,67.8,6.804e+006
MWG,9/12/2024 00:00:00,68,68,67.2,67.5,3.8725e+006
MWG,9/13/2024 00:00:00,67.2,67.5,66.5,67.2,7.1265e+006
MWG,9/16/2024 00:00:00,66.9,67,66,66.1,5.2955e+006
MWG,9/17/2024 00:00:00,66.2,66.8,65.5,66.8,8.7612e+006
MWG,9/18/2024 00:00:00,66.9,68.6,66.8,68.2,1.06767e+007
MWG,9/19/2024 00:00:00,68.5,68.5,67.7,68.2,5.2806e+006
MWG,9/20/2024 00:00:00,68.6,68.7,68,68,5.0166e+006
MWG,9/23/2024 00:00:00,68,68,66.8,67.3,5.0477e+006
MWG,9/24/2024 00:00:00,67.5,68.8,67.5,68.1,6.6405e+006
MWG,9/25/2024 00:00:00,68.5,68.7,68,68.7,5.4463e+006
MWG,9/26/2024 00:00:00,68.8,69.5,68.3,68.3,7.1826e+006
MWG,9/27/2024 00:00:00,68.6,68.6,66.8,67.5,1.31315e+007
MWG,9/30/2024 00:00:00,67.5,68.1,66.9,68.1,5.9271e+006
MWG,10/1/2024 00:00:00,68.3,68.7,67.8,67.8,9.9957e+006
MWG,10/2/2024 00:00:00,67.5,67.9,67,67.4,7.1574e+006
MWG,10/3/2024 00:00:00,67.4,67.4,65.8,66.3,1.4743e+007
MWG,10/4/2024 00:00:00,66.5,66.8,66.2,66.4,5.2723e+006
MWG,10/7/2024 00:00:00,66.7,67.1,65.9,66.3,5.5482e+006
MWG,10/8/2024 00:00:00,66.7,66.7,65,65.2,1.10081e+007
MWG,10/9/2024 00:00:00,65,65.3,63.6,64.2,2.0847e+007
MWG,10/10/2024 00:00:00,64.5,65.4,64.1,65,8.6686e+006
MWG,10/11/2024 00:00:00,65,65.3,63.5,64.5,1.00091e+007
MWG,10/14/2024 00:00:00,64.9,65,63.6,63.6,8.4054e+006
MWG,10/15/2024 00:00:00,63.9,64.8,63.7,64.4,1.24698e+007
MWG,10/16/2024 00:00:00,64.4,65.7,64.3,65.5,1.37102e+007
MWG,10/17/2024 00:00:00,65.8,65.8,65.2,65.8,6.6283e+006
MWG,10/18/2024 00:00:00,65.9,66.1,65.2,65.7,6.1622e+006
MWG,10/21/2024 00:00:00,65.3,66,64.9,65.8,4.333e+006
MWG,10/22/2024 00:00:00,66.3,66.8,65.5,66.3,9.7811e+006
MWG,10/23/2024 00:00:00,66.1,66.3,65.1,65.7,6.1003e+006
MWG,10/24/2024 00:00:00,65.4,66,64.9,65.4,4.6417e+006
MWG,10/25/2024 00:00:00,65.4,66,65,65.5,4.9513e+006
MWG,10/28/2024 00:00:00,65.5,65.6,64.9,65.5,3.9587e+006
MWG,10/29/2024 00:00:00,65.6,66.5,65.4,66.5,9.5385e+006
MWG,10/30/2024 00:00:00,66.5,66.5,65.7,66,8.9274e+006
MWG,10/31/2024 00:00:00,66,66.5,65.6,66.5,6.1462e+006
MWG,11/1/2024 00:00:00,65.9,66.1,65.5,66,2.13329e+007
MWG,11/4/2024 00:00:00,65.9,65.9,64.7,65.1,9.3634e+006
MWG,11/5/2024 00:00:00,64.9,65.6,64.8,65.6,5.2723e+006
MWG,11/6/2024 00:00:00,65.7,65.7,65,65.6,5.4159e+006
MWG,11/7/2024 00:00:00,65.8,65.8,64.8,65.4,5.2442e+006
MWG,11/8/2024 00:00:00,65.4,65.4,64.5,65,4.6986e+006
MWG,11/11/2024 00:00:00,64.5,65,62.9,63,9.3905e+006
MWG,11/12/2024 00:00:00,63.1,63.2,60.8,60.8,1.06007e+007
MWG,11/13/2024 00:00:00,60.8,62.3,60.3,61.9,7.2325e+006
MWG,11/14/2024 00:00:00,61.5,61.6,60.7,61.3,4.4814e+006
MWG,11/15/2024 00:00:00,60.8,61.1,59.8,59.9,6.6486e+006
MWG,11/18/2024 00:00:00,59.9,59.9,57.1,58.9,1.20801e+007
MWG,11/19/2024 00:00:00,59,59,57.5,57.5,5.3385e+006
MWG,11/20/2024 00:00:00,57.2,58.1,56,56.8,9.7529e+006
MWG,11/21/2024 00:00:00,57,58.9,56.5,58.7,8.1668e+006
MWG,11/22/2024 00:00:00,58.7,59.4,58.4,59,5.8047e+006
MWG,11/25/2024 00:00:00,58.8,59.3,58.6,59,4.5685e+006
MWG,11/26/2024 00:00:00,59.3,60.1,59,60,4.3704e+006
MWG,11/27/2024 00:00:00,59.9,60.9,59.5,60.2,4.9374e+006
MWG,11/28/2024 00:00:00,60.3,60.6,59.7,60,3.7745e+006
MWG,11/29/2024 00:00:00,60,60.5,58.9,60.5,5.5874e+006
MWG,12/2/2024 00:00:00,60.7,60.7,59.9,60.4,2.7899e+006
MWG,12/3/2024 00:00:00,60.1,60.3,59.6,59.8,4.0196e+006
MWG,12/4/2024 00:00:00,59.4,59.8,58,58.1,8.8572e+006
MWG,12/5/2024 00:00:00,58.4,61.2,58.1,61,8.6153e+006
MWG,12/6/2024 00:00:00,60.8,61.9,60.5,61.1,7.8253e+006
MWG,12/9/2024 00:00:00,61.6,61.6,60.8,61.1,4.4103e+006
MWG,12/10/2024 00:00:00,61.1,61.2,60.5,60.8,4.2268e+006
MWG,12/11/2024 00:00:00,60.7,60.8,59.9,60,4.8214e+006
MWG,12/12/2024 00:00:00,60.3,60.5,59.9,60,3.7729e+006
MWG,12/13/2024 00:00:00,59.8,61.3,59.6,61,5.5968e+006
MWG,12/16/2024 00:00:00,61,61.4,60.2,61,3.6213e+006
MWG,12/17/2024 00:00:00,61,61,60.2,60.3,3.6762e+006
MWG,12/18/2024 00:00:00,60.2,60.5,59.9,60.2,4.0762e+006
MWG,12/19/2024 00:00:00,59.8,59.9,59.4,59.8,7.1031e+006
MWG,12/20/2024 00:00:00,60,60.8,59.6,60.6,3.7514e+006
MWG,12/23/2024 00:00:00,60.6,61.1,60.5,61,5.5386e+006
MWG,12/24/2024 00:00:00,61.2,61.3,60.7,61.3,3.0626e+006
MWG,12/25/2024 00:00:00,61.3,62.3,61.3,62.2,6.3005e+006
MWG,12/26/2024 00:00:00,62.4,62.4,60.5,61.5,6.5547e+006
MWG,12/27/2024 00:00:00,60.6,61.6,60.4,61.4,6.9472e+006
MWG,12/30/2024 00:00:00,60.5,61.2,60.5,61,4.1781e+006
MWG,12/31/2024 00:00:00,60.9,61,60.5,61,4.5203e+006
MWG,1/2/2025 00:00:00,60.9,61.2,60.3,60.6,3.9694e+006
MWG,1/3/2025 00:00:00,60.6,60.7,58.6,58.6,6.6044e+006
MWG,1/6/2025 00:00:00,58.4,59.3,57,57,5.4099e+006
MWG,1/7/2025 00:00:00,57.3,57.8,56.4,57.1,5.5329e+006
MWG,1/8/2025 00:00:00,57.1,58.1,56.5,58.1,3.0682e+006
MWG,1/9/2025 00:00:00,58,58,57.5,57.7,1.7383e+006
MWG,1/10/2025 00:00:00,57.5,58,56.9,57.5,3.5941e+006
MWG,1/13/2025 00:00:00,56.6,57.7,56.5,57.3,3.7919e+006
MWG,1/14/2025 00:00:00,57.3,57.5,56.6,57.2,2.9176e+006
MWG,1/15/2025 00:00:00,57.4,57.9,56.8,57.3,3.2423e+006
MWG,1/16/2025 00:00:00,57.2,58,57,57.8,3.7943e+006
MWG,1/17/2025 00:00:00,57.3,57.8,57.2,57.7,2.6978e+006
MWG,1/20/2025 00:00:00,57.7,57.9,57.3,57.5,2.2162e+006
MWG,1/21/2025 00:00:00,57.7,58.2,57.2,57.7,3.4196e+006
MWG,1/22/2025 00:00:00,57.9,58,57.4,57.4,3.103e+006
MWG,1/23/2025 00:00:00,57.3,59.5,57.3,59.2,5.6575e+006
MWG,1/24/2025 00:00:00,59.2,60.1,58.6,60.1,6.7573e+006
MWG,2/3/2025 00:00:00,59,59.6,58.5,59.6,5.1575e+006
MWG,2/4/2025 00:00:00,59.9,59.9,59,59.6,3.6381e+006
MWG,2/5/2025 00:00:00,59.6,59.8,59.1,59.4,2.7801e+006
MWG,2/6/2025 00:00:00,59.5,59.6,58.7,59.1,4.1488e+006
MWG,2/7/2025 00:00:00,58.9,59,57.8,58.9,6.9559e+006
MWG,2/10/2025 00:00:00,58.3,58.3,57.4,57.4,5.9274e+006
MWG,2/11/2025 00:00:00,57.4,57.4,56.4,56.4,5.986e+006
MWG,2/12/2025 00:00:00,56.8,57.3,56.4,56.4,4.8484e+006
MWG,2/13/2025 00:00:00,56,56,54.8,54.8,1.13537e+007
MWG,2/14/2025 00:00:00,55.1,55.3,53.8,55.2,1.1169e+007
MWG,2/17/2025 00:00:00,55.2,55.2,54.1,54.1,5.9332e+006
MWG,2/18/2025 00:00:00,54,55,53.8,54.5,4.4976e+006
MWG,2/19/2025 00:00:00,54.7,56.1,54.4,55.8,7.5475e+006
MWG,2/20/2025 00:00:00,55.9,56.7,55.7,56.7,6.1945e+006
MWG,2/21/2025 00:00:00,56.8,58.3,56.6,58.1,1.01236e+007
MWG,2/24/2025 00:00:00,58.1,58.5,57.3,58.4,6.2432e+006
MWG,2/25/2025 00:00:00,58.1,58.4,57.4,58.3,7.9292e+006
MWG,2/26/2025 00:00:00,58.3,59.1,57.8,58.7,4.9776e+006
MWG,2/27/2025 00:00:00,58.7,58.8,58.2,58.6,3.2229e+006
MWG,2/28/2025 00:00:00,58,58.7,57.8,58.3,5.2832e+006
MWG,3/3/2025 00:00:00,58.2,59.1,57.8,58.8,5.938e+006
MWG,3/4/2025 00:00:00,58.7,59.9,58.4,59.5,6.4141e+006
MWG,3/5/2025 00:00:00,59.8,60.2,59.3,59.6,7.1888e+006
MWG,3/6/2025 00:00:00,59.8,61.9,59.6,61.9,1.34519e+007
MWG,3/7/2025 00:00:00,61.8,62,61.3,61.9,5.4041e+006
MWG,3/10/2025 00:00:00,62,62.3,61.4,62.2,8.1252e+006
MWG,3/11/2025 00:00:00,61.4,63.2,61.4,63,9.5769e+006
MWG,3/12/2025 00:00:00,63,63,61.9,62.7,8.8176e+006
MWG,3/13/2025 00:00:00,62.7,62.8,61.2,61.5,7.3278e+006
MWG,3/14/2025 00:00:00,61.5,62.3,61.2,61.5,8.7598e+006
MWG,3/17/2025 00:00:00,61.7,62,61.4,62,3.5419e+006
MWG,3/18/2025 00:00:00,62.2,62.5,61.4,61.8,5.3491e+006
MWG,3/19/2025 00:00:00,61.2,61.4,59,59.5,1.34164e+007
MWG,3/20/2025 00:00:00,59.8,60,59,60,4.0635e+006
MWG,3/21/2025 00:00:00,60,60.3,59.4,60.3,3.1295e+006
MWG,3/24/2025 00:00:00,59.8,60.3,59.5,60.3,2.8552e+006
MWG,3/25/2025 00:00:00,60.4,61.3,59.9,60.5,5.5137e+006
MWG,3/26/2025 00:00:00,60.6,61.2,60.5,60.8,2.4161e+006
MWG,3/27/2025 00:00:00,60.8,60.8,60,60.4,3.19e+006
MWG,3/28/2025 00:00:00,60.1,60.7,58.9,59.8,7.2289e+006
MWG,3/31/2025 00:00:00,59,59.2,58.1,59,6.5348e+006
MWG,4/1/2025 00:00:00,58.6,58.9,57.7,58.6,5.6409e+006
MWG,4/2/2025 00:00:00,58.6,59.7,58,58.6,4.5053e+006
