Ticker,Date,Open,High,Low,Close,Volume
NKG,1/17/2011 00:00:00,4.17904,4.57357,4.17904,4.57357,1.2829e+006
NKG,1/18/2011 00:00:00,4.57357,4.79275,4.38361,4.79275,1.24492e+006
NKG,1/19/2011 00:00:00,4.60279,5.02654,4.60279,5.02654,1.07057e+006
NKG,1/20/2011 00:00:00,4.79275,5.27494,4.79275,5.23111,1.15084e+006
NKG,1/21/2011 00:00:00,5.01193,5.23111,4.9827,4.9827,907920
NKG,1/24/2011 00:00:00,4.74891,4.77813,4.7343,4.7343,155800
NKG,1/25/2011 00:00:00,4.50051,4.52973,4.50051,4.50051,633610
NKG,1/26/2011 00:00:00,4.50051,4.50051,4.29594,4.32516,403060
NKG,1/27/2011 00:00:00,4.32516,4.38361,4.17904,4.38361,525180
NKG,1/28/2011 00:00:00,4.2521,4.39822,4.23749,4.28132,313890
NKG,2/8/2011 00:00:00,4.28132,4.38361,4.28132,4.29594,130100
NKG,2/9/2011 00:00:00,4.23749,4.31055,4.17904,4.17904,250030
NKG,2/10/2011 00:00:00,4.17904,4.19365,4.12059,4.19365,235720
NKG,2/11/2011 00:00:00,4.17904,4.19365,4.01831,4.01831,309650
NKG,2/14/2011 00:00:00,4.0037,4.06214,4.0037,4.0037,151730
NKG,2/15/2011 00:00:00,3.94525,4.01831,3.90141,3.95986,146650
NKG,2/16/2011 00:00:00,3.91602,3.95986,3.91602,3.94525,74800
NKG,2/17/2011 00:00:00,3.90141,3.90141,3.7699,3.85758,46720
NKG,2/18/2011 00:00:00,3.8868,3.8868,3.79913,3.79913,207480
NKG,2/21/2011 00:00:00,3.66762,3.66762,3.60917,3.60917,345160
NKG,2/22/2011 00:00:00,3.46305,3.78452,3.46305,3.60917,166260
NKG,2/23/2011 00:00:00,3.75529,3.78452,3.65301,3.65301,75210
NKG,2/24/2011 00:00:00,3.57995,3.72607,3.53611,3.72607,82130
NKG,2/25/2011 00:00:00,3.62378,3.7699,3.62378,3.7699,73270
NKG,2/28/2011 00:00:00,3.84296,3.84296,3.62378,3.65301,142270
NKG,3/1/2011 00:00:00,3.60917,3.65301,3.57995,3.65301,31410
NKG,3/2/2011 00:00:00,3.65301,3.65301,3.47766,3.49228,151410
NKG,3/3/2011 00:00:00,3.34615,3.49228,3.34615,3.41921,186200
NKG,3/4/2011 00:00:00,3.43383,3.43383,3.34615,3.34615,52020
NKG,3/7/2011 00:00:00,3.22926,3.50689,3.22926,3.50689,34800
NKG,3/8/2011 00:00:00,3.50689,3.57995,3.41921,3.41921,39460
NKG,3/9/2011 00:00:00,3.41921,3.41921,3.33154,3.33154,59020
NKG,3/10/2011 00:00:00,3.36077,3.43383,3.36077,3.36077,142370
NKG,3/11/2011 00:00:00,3.50689,3.5215,3.50689,3.5215,315760
NKG,3/14/2011 00:00:00,3.60917,3.60917,3.50689,3.53611,399140
NKG,3/15/2011 00:00:00,3.53611,3.57995,3.5215,3.5215,233050
NKG,3/16/2011 00:00:00,3.5215,3.53611,3.36077,3.36077,43510
NKG,3/17/2011 00:00:00,3.36077,3.47766,3.36077,3.37538,222500
NKG,3/18/2011 00:00:00,3.37538,3.44844,3.36077,3.36077,163070
NKG,3/21/2011 00:00:00,3.5215,3.5215,3.44844,3.5215,370300
NKG,3/22/2011 00:00:00,3.69684,3.69684,3.62378,3.69684,454400
NKG,3/23/2011 00:00:00,3.69684,3.79913,3.60917,3.68223,264520
NKG,3/24/2011 00:00:00,3.71146,3.72607,3.65301,3.69684,213280
NKG,3/25/2011 00:00:00,3.6384,3.68223,3.56534,3.57995,172720
NKG,3/28/2011 00:00:00,3.65301,3.69684,3.59456,3.66762,220320
NKG,3/29/2011 00:00:00,3.6384,3.7699,3.6384,3.72607,436650
NKG,3/30/2011 00:00:00,3.66762,3.74068,3.66762,3.71146,136990
NKG,3/31/2011 00:00:00,3.71146,3.74068,3.68223,3.68223,240830
NKG,4/1/2011 00:00:00,3.62378,3.68223,3.62378,3.65301,119120
NKG,4/4/2011 00:00:00,3.62378,3.66762,3.53611,3.6384,352370
NKG,4/5/2011 00:00:00,3.57995,3.6384,3.57995,3.57995,132930
NKG,4/6/2011 00:00:00,3.6384,3.75529,3.55072,3.75529,402640
NKG,4/7/2011 00:00:00,3.75529,3.87219,3.65301,3.82835,318850
NKG,4/8/2011 00:00:00,3.79913,3.93064,3.72607,3.93064,379990
NKG,4/13/2011 00:00:00,3.93064,4.0037,3.87219,3.93064,285080
NKG,4/14/2011 00:00:00,3.90141,3.93064,3.7699,3.7699,140800
NKG,4/15/2011 00:00:00,3.79913,3.79913,3.72607,3.75529,130050
NKG,4/18/2011 00:00:00,3.7699,3.7699,3.71146,3.71146,123670
NKG,4/19/2011 00:00:00,3.65301,3.75529,3.6384,3.69684,90230
NKG,4/20/2011 00:00:00,3.68223,3.74068,3.68223,3.69684,44000
NKG,4/21/2011 00:00:00,3.69684,3.69684,3.6384,3.6384,46480
NKG,4/22/2011 00:00:00,3.62378,3.62378,3.46305,3.46305,108660
NKG,4/25/2011 00:00:00,3.49228,3.62378,3.46305,3.62378,220080
NKG,4/26/2011 00:00:00,3.57995,3.66762,3.57995,3.62378,68170
NKG,4/27/2011 00:00:00,3.62378,3.65301,3.62378,3.65301,63300
NKG,4/28/2011 00:00:00,3.62378,3.72607,3.62378,3.72607,94870
NKG,4/29/2011 00:00:00,3.59456,3.71146,3.59456,3.65301,132640
NKG,5/4/2011 00:00:00,3.59456,3.68223,3.59456,3.59456,100500
NKG,5/5/2011 00:00:00,3.56534,3.59456,3.53611,3.53611,22100
NKG,5/6/2011 00:00:00,3.49228,3.59456,3.49228,3.53611,90800
NKG,5/9/2011 00:00:00,3.57995,3.71146,3.53611,3.57995,103490
NKG,5/10/2011 00:00:00,3.56534,3.75529,3.56534,3.60917,66420
NKG,5/11/2011 00:00:00,3.57995,3.62378,3.55072,3.55072,28940
NKG,5/12/2011 00:00:00,3.50689,3.53611,3.47766,3.47766,19800
NKG,5/13/2011 00:00:00,3.49228,3.55072,3.47766,3.47766,34890
NKG,5/16/2011 00:00:00,3.44844,3.49228,3.43383,3.49228,25200
NKG,5/17/2011 00:00:00,3.44844,3.44844,3.43383,3.44844,33700
NKG,5/18/2011 00:00:00,3.43383,3.47766,3.4046,3.47766,22700
NKG,5/19/2011 00:00:00,3.47766,3.47766,3.44844,3.44844,10280
NKG,5/20/2011 00:00:00,3.44844,3.44844,3.4046,3.4046,22920
NKG,5/23/2011 00:00:00,3.4046,3.43383,3.33154,3.43383,54700
NKG,5/24/2011 00:00:00,3.43383,3.43383,3.34615,3.34615,19540
NKG,5/25/2011 00:00:00,3.33154,3.33154,3.31693,3.31693,15760
NKG,5/26/2011 00:00:00,3.30232,3.47766,3.28771,3.47766,34100
NKG,5/27/2011 00:00:00,3.41921,3.50689,3.41921,3.50689,14500
NKG,5/30/2011 00:00:00,3.46305,3.49228,3.38999,3.38999,23940
NKG,5/31/2011 00:00:00,3.38999,3.41921,3.38999,3.41921,5400
NKG,6/1/2011 00:00:00,3.41921,3.57995,3.41921,3.57995,20130
NKG,6/2/2011 00:00:00,3.55072,3.75529,3.55072,3.75529,29340
NKG,6/3/2011 00:00:00,3.75529,3.75529,3.57995,3.60917,101300
NKG,6/6/2011 00:00:00,3.57995,3.60917,3.50689,3.50689,116000
NKG,6/7/2011 00:00:00,3.5215,3.68223,3.50689,3.68223,104630
NKG,6/8/2011 00:00:00,3.72607,3.85758,3.62378,3.71146,75100
NKG,6/9/2011 00:00:00,3.71146,3.75529,3.62378,3.75529,62900
NKG,6/10/2011 00:00:00,3.72607,3.93064,3.72607,3.93064,99050
NKG,6/13/2011 00:00:00,3.93064,4.12059,3.85758,4.06214,88100
NKG,6/14/2011 00:00:00,4.04753,4.16443,3.90141,3.90141,92930
NKG,6/15/2011 00:00:00,3.90141,3.90141,3.71146,3.74068,49470
NKG,6/16/2011 00:00:00,3.6384,3.65301,3.60917,3.65301,36320
NKG,6/17/2011 00:00:00,3.50689,3.5215,3.47766,3.47766,27300
NKG,6/20/2011 00:00:00,3.37538,3.37538,3.36077,3.36077,16000
NKG,6/21/2011 00:00:00,3.28771,3.5215,3.28771,3.5215,31340
NKG,6/22/2011 00:00:00,3.46305,3.56534,3.44844,3.47766,28200
NKG,6/23/2011 00:00:00,3.43383,3.50689,3.43383,3.47766,11000
NKG,6/24/2011 00:00:00,3.47766,3.47766,3.41921,3.43383,18400
NKG,6/27/2011 00:00:00,3.43383,3.47766,3.36077,3.47766,109810
NKG,6/28/2011 00:00:00,3.43383,3.53611,3.43383,3.53611,85400
NKG,6/29/2011 00:00:00,3.53611,3.53611,3.38999,3.47766,59900
NKG,6/30/2011 00:00:00,3.46305,3.47766,3.37538,3.37538,55410
NKG,7/1/2011 00:00:00,3.36077,3.36077,3.30232,3.30232,24010
NKG,7/4/2011 00:00:00,3.27309,3.27309,3.22926,3.22926,29700
NKG,7/5/2011 00:00:00,3.22926,3.38999,3.22926,3.38999,70000
NKG,7/6/2011 00:00:00,3.31693,3.36077,3.27309,3.27309,55000
NKG,7/7/2011 00:00:00,3.21465,3.30232,3.21465,3.27309,48890
NKG,7/8/2011 00:00:00,3.21465,3.27309,3.21465,3.21465,58500
NKG,7/11/2011 00:00:00,3.20003,3.21465,3.18542,3.18542,23500
NKG,7/12/2011 00:00:00,3.14159,3.17081,3.14159,3.17081,52000
NKG,7/13/2011 00:00:00,3.1562,3.18542,3.1562,3.18542,22660
NKG,7/14/2011 00:00:00,3.12697,3.20003,3.12697,3.17081,25500
NKG,7/15/2011 00:00:00,3.14159,3.17081,3.12697,3.17081,30900
NKG,7/18/2011 00:00:00,3.14159,3.17081,3.14159,3.17081,19690
NKG,7/19/2011 00:00:00,3.05391,3.14159,3.05391,3.11236,26260
NKG,7/20/2011 00:00:00,3.02469,3.1562,3.02469,3.1562,30950
NKG,7/21/2011 00:00:00,3.11236,3.11236,3.01008,3.01008,39900
NKG,7/22/2011 00:00:00,3.01008,3.01008,2.96624,3.01008,14000
NKG,7/25/2011 00:00:00,3.05391,3.05391,3.01008,3.02469,38620
NKG,7/26/2011 00:00:00,3.02469,3.02469,2.87857,2.87857,83240
NKG,7/27/2011 00:00:00,2.84935,2.95163,2.80551,2.95163,47140
NKG,7/28/2011 00:00:00,2.95163,2.98085,2.84935,2.84935,76600
NKG,7/29/2011 00:00:00,2.87857,2.98085,2.87857,2.98085,24330
NKG,8/1/2011 00:00:00,2.98085,2.98085,2.90779,2.96624,53140
NKG,8/2/2011 00:00:00,2.96624,2.96624,2.92241,2.96624,41100
NKG,8/3/2011 00:00:00,2.95163,2.95163,2.90779,2.95163,5300
NKG,8/4/2011 00:00:00,2.90779,3.01008,2.90779,3.01008,24800
NKG,8/5/2011 00:00:00,2.95163,2.98085,2.92241,2.95163,21400
NKG,8/8/2011 00:00:00,2.96624,2.96624,2.90779,2.90779,4000
NKG,8/9/2011 00:00:00,2.89318,2.89318,2.84935,2.87857,18920
NKG,8/10/2011 00:00:00,2.87857,2.90779,2.87857,2.90779,38700
NKG,8/11/2011 00:00:00,2.87857,2.90779,2.86396,2.90779,37900
NKG,8/12/2011 00:00:00,2.90779,2.92241,2.89318,2.92241,11900
NKG,8/15/2011 00:00:00,2.90779,2.92241,2.89318,2.92241,60860
NKG,8/16/2011 00:00:00,2.92241,2.93702,2.89318,2.92241,45900
NKG,8/17/2011 00:00:00,2.92241,2.95163,2.92241,2.95163,29620
NKG,8/18/2011 00:00:00,2.95163,2.96624,2.89318,2.89318,46510
NKG,8/19/2011 00:00:00,2.87857,2.90779,2.87857,2.89318,26500
NKG,8/22/2011 00:00:00,2.89318,2.90779,2.87857,2.90779,30810
NKG,8/23/2011 00:00:00,2.89318,2.90779,2.86396,2.89318,22420
NKG,8/24/2011 00:00:00,2.87857,2.90779,2.86396,2.89318,20160
NKG,8/25/2011 00:00:00,2.89318,2.90779,2.86396,2.87857,52850
NKG,8/26/2011 00:00:00,2.87857,2.89318,2.86396,2.89318,53250
NKG,8/29/2011 00:00:00,2.87857,2.90779,2.87857,2.90779,24570
NKG,8/30/2011 00:00:00,2.89318,2.92241,2.87857,2.90779,42810
NKG,8/31/2011 00:00:00,2.87857,2.92241,2.87857,2.92241,31630
NKG,9/1/2011 00:00:00,2.90779,2.95163,2.90779,2.95163,37000
NKG,9/5/2011 00:00:00,2.93702,2.95163,2.87857,2.95163,30020
NKG,9/6/2011 00:00:00,2.93702,2.93702,2.92241,2.93702,19500
NKG,9/7/2011 00:00:00,2.93702,2.95163,2.90779,2.95163,15910
NKG,9/8/2011 00:00:00,2.95163,2.96624,2.95163,2.95163,22450
NKG,9/9/2011 00:00:00,2.92241,2.95163,2.92241,2.95163,15500
NKG,9/12/2011 00:00:00,2.95163,2.98085,2.92241,2.95163,48820
NKG,9/13/2011 00:00:00,2.96505,3.06194,2.96505,3.06194,59510
NKG,9/14/2011 00:00:00,3.06194,3.1007,2.94567,2.94567,119340
NKG,9/15/2011 00:00:00,2.96505,3.04256,2.96505,3.04256,30020
NKG,9/16/2011 00:00:00,3.02318,3.02318,3.00381,3.00381,17040
NKG,9/19/2011 00:00:00,2.94567,3.02318,2.94567,3.02318,13000
NKG,9/20/2011 00:00:00,2.98443,3.02318,2.98443,3.02318,7150
NKG,9/21/2011 00:00:00,2.98443,3.02318,2.98443,3.02318,3950
NKG,9/22/2011 00:00:00,3.00381,3.00381,2.94567,3.00381,8600
NKG,9/23/2011 00:00:00,2.98443,2.98443,2.94567,2.94567,15510
NKG,9/26/2011 00:00:00,2.94567,2.94567,2.88753,2.94567,13010
NKG,9/27/2011 00:00:00,2.94567,2.96505,2.92629,2.96505,5560
NKG,9/28/2011 00:00:00,2.94567,2.96505,2.94567,2.96505,21520
NKG,9/29/2011 00:00:00,2.96505,2.96505,2.94567,2.96505,21720
NKG,9/30/2011 00:00:00,2.96505,3.00381,2.96505,3.00381,31000
NKG,10/3/2011 00:00:00,2.98443,3.00381,2.96505,3.00381,5950
NKG,10/4/2011 00:00:00,3.00381,3.00381,2.92629,2.92629,27100
NKG,10/5/2011 00:00:00,2.94567,2.94567,2.94567,2.94567,1510
NKG,10/6/2011 00:00:00,2.94567,2.98443,2.94567,2.98443,5280
NKG,10/7/2011 00:00:00,2.94567,2.96505,2.94567,2.96505,10170
NKG,10/10/2011 00:00:00,2.96505,2.96505,2.94567,2.94567,6600
NKG,10/11/2011 00:00:00,2.94567,2.94567,2.92629,2.94567,6010
NKG,10/12/2011 00:00:00,2.92629,2.92629,2.88753,2.88753,6000
NKG,10/13/2011 00:00:00,2.90691,2.92629,2.90691,2.92629,14730
NKG,10/14/2011 00:00:00,2.92629,2.96505,2.92629,2.96505,61930
NKG,10/17/2011 00:00:00,2.96505,2.96505,2.96505,2.96505,7510
NKG,10/18/2011 00:00:00,2.96505,2.96505,2.84877,2.96505,22110
NKG,10/19/2011 00:00:00,2.94567,2.96505,2.90691,2.96505,56630
NKG,10/20/2011 00:00:00,2.96505,2.96505,2.86815,2.96505,15010
NKG,10/21/2011 00:00:00,2.96505,2.96505,2.92629,2.96505,8870
NKG,10/24/2011 00:00:00,2.94567,2.98443,2.90691,2.98443,22500
NKG,10/25/2011 00:00:00,2.98443,2.98443,2.86815,2.98443,164650
NKG,10/26/2011 00:00:00,2.92629,3.02318,2.92629,3.02318,43700
NKG,10/27/2011 00:00:00,2.94567,3.00381,2.94567,3.00381,32250
NKG,10/28/2011 00:00:00,2.98443,3.08132,2.98443,3.08132,42680
NKG,10/31/2011 00:00:00,3.00381,3.02318,2.94567,2.94567,79100
NKG,11/1/2011 00:00:00,2.96505,2.98443,2.90691,2.94567,30000
NKG,11/2/2011 00:00:00,2.92629,2.94567,2.84877,2.94567,135960
NKG,11/3/2011 00:00:00,2.92629,2.92629,2.88753,2.92629,17500
NKG,11/4/2011 00:00:00,2.90691,2.92629,2.88753,2.90691,48040
NKG,11/7/2011 00:00:00,2.90691,2.92629,2.86815,2.90691,144910
NKG,11/8/2011 00:00:00,2.90691,2.90691,2.77125,2.90691,47880
NKG,11/9/2011 00:00:00,2.88753,2.88753,2.82939,2.88753,11310
NKG,11/10/2011 00:00:00,3.02318,3.02318,2.84877,2.84877,157400
NKG,11/11/2011 00:00:00,2.79063,2.88753,2.71311,2.71311,40860
NKG,11/14/2011 00:00:00,2.57746,2.75187,2.57746,2.75187,153260
NKG,11/15/2011 00:00:00,2.6356,2.6356,2.6356,2.6356,1270
NKG,11/16/2011 00:00:00,2.51932,2.73249,2.51932,2.71311,158320
NKG,11/17/2011 00:00:00,2.67436,2.71311,2.65498,2.71311,20430
NKG,11/18/2011 00:00:00,2.65498,2.84877,2.65498,2.84877,17420
NKG,11/21/2011 00:00:00,2.81001,2.98443,2.81001,2.98443,22630
NKG,11/22/2011 00:00:00,2.96505,3.12008,2.94567,3.04256,231010
NKG,11/23/2011 00:00:00,2.96505,2.98443,2.96505,2.98443,15090
NKG,11/24/2011 00:00:00,2.90691,2.94567,2.90691,2.94567,10600
NKG,11/25/2011 00:00:00,2.90691,2.90691,2.81001,2.90691,36370
NKG,11/28/2011 00:00:00,2.84877,2.90691,2.77125,2.77125,30380
NKG,11/29/2011 00:00:00,2.6356,2.88753,2.6356,2.88753,230030
NKG,11/30/2011 00:00:00,2.84877,2.84877,2.84877,2.84877,490
NKG,12/1/2011 00:00:00,2.71311,2.84877,2.71311,2.82939,125520
NKG,12/2/2011 00:00:00,2.81001,2.90691,2.71311,2.71311,123790
NKG,12/5/2011 00:00:00,2.73249,2.84877,2.73249,2.84877,76980
NKG,12/6/2011 00:00:00,2.82939,2.84877,2.81001,2.84877,69360
NKG,12/7/2011 00:00:00,2.82939,2.82939,2.82939,2.82939,8000
NKG,12/8/2011 00:00:00,2.81001,2.82939,2.81001,2.82939,12570
NKG,12/9/2011 00:00:00,2.81001,2.82939,2.79063,2.82939,10770
NKG,12/12/2011 00:00:00,2.79063,2.84877,2.69374,2.84877,24610
NKG,12/13/2011 00:00:00,2.82939,2.84877,2.71311,2.84877,23230
NKG,12/14/2011 00:00:00,2.81001,2.84877,2.71311,2.84877,15610
NKG,12/15/2011 00:00:00,2.82939,2.82939,2.82939,2.82939,220
NKG,12/16/2011 00:00:00,2.81001,2.82939,2.69374,2.69374,11000
NKG,12/19/2011 00:00:00,2.75187,2.75187,2.67436,2.67436,22540
NKG,12/20/2011 00:00:00,2.65498,2.65498,2.55808,2.55808,12870
NKG,12/21/2011 00:00:00,2.4418,2.67436,2.4418,2.67436,33420
NKG,12/22/2011 00:00:00,2.65498,2.65498,2.6356,2.6356,3200
NKG,12/23/2011 00:00:00,2.6356,2.65498,2.51932,2.65498,16350
NKG,12/26/2011 00:00:00,2.65498,2.65498,2.59684,2.61622,77970
NKG,12/27/2011 00:00:00,2.6356,2.69374,2.57746,2.69374,151160
NKG,12/28/2011 00:00:00,2.65498,2.65498,2.59684,2.59684,57980
NKG,12/29/2011 00:00:00,2.65498,2.65498,2.6356,2.6356,600
NKG,12/30/2011 00:00:00,2.65498,2.65498,2.61622,2.65498,90340
NKG,1/3/2012 00:00:00,2.6356,2.65498,2.6356,2.65498,6890
NKG,1/4/2012 00:00:00,2.6356,2.6356,2.5387,2.5387,5100
NKG,1/5/2012 00:00:00,2.51932,2.55808,2.51932,2.55808,4060
NKG,1/6/2012 00:00:00,2.55808,2.57746,2.4418,2.57746,120860
NKG,1/9/2012 00:00:00,2.55808,2.59684,2.55808,2.57746,22430
NKG,1/10/2012 00:00:00,2.55808,2.61622,2.55808,2.57746,71320
NKG,1/11/2012 00:00:00,2.55808,2.57746,2.46118,2.57746,116820
NKG,1/12/2012 00:00:00,2.55808,2.55808,2.46118,2.46118,29120
NKG,1/13/2012 00:00:00,2.49994,2.57746,2.34491,2.57746,57090
NKG,1/16/2012 00:00:00,2.55808,2.61622,2.51932,2.57746,99030
NKG,1/17/2012 00:00:00,2.55808,2.55808,2.5387,2.55808,6570
NKG,1/18/2012 00:00:00,2.4418,2.55808,2.4418,2.55808,7570
NKG,1/19/2012 00:00:00,2.55808,2.57746,2.5387,2.57746,8550
NKG,1/20/2012 00:00:00,2.5387,2.57746,2.5387,2.57746,7520
NKG,1/30/2012 00:00:00,2.55808,2.61622,2.55808,2.61622,11590
NKG,1/31/2012 00:00:00,2.57746,2.59684,2.49994,2.49994,61250
NKG,2/1/2012 00:00:00,2.51932,2.51932,2.38366,2.38366,58210
NKG,2/2/2012 00:00:00,2.38366,2.49994,2.26739,2.49994,53520
NKG,2/3/2012 00:00:00,2.48056,2.49994,2.38366,2.38366,32500
NKG,2/6/2012 00:00:00,2.40304,2.40304,2.26739,2.26739,17110
NKG,2/7/2012 00:00:00,2.17049,2.26739,2.17049,2.26739,41660
NKG,2/8/2012 00:00:00,2.22863,2.22863,2.17049,2.17049,22950
NKG,2/9/2012 00:00:00,2.07359,2.26739,2.07359,2.26739,40200
NKG,2/10/2012 00:00:00,2.22863,2.26739,2.22863,2.26739,14790
NKG,2/13/2012 00:00:00,2.24801,2.26739,2.17049,2.26739,17720
NKG,2/14/2012 00:00:00,2.17049,2.17049,2.17049,2.17049,12740
NKG,2/15/2012 00:00:00,2.07359,2.22863,2.07359,2.22863,42920
NKG,2/16/2012 00:00:00,2.20925,2.26739,2.18987,2.26739,18330
NKG,2/17/2012 00:00:00,2.24801,2.30615,2.24801,2.30615,13560
NKG,2/20/2012 00:00:00,2.30615,2.36429,2.28677,2.28677,29690
NKG,2/21/2012 00:00:00,2.30615,2.30615,2.18987,2.28677,40170
NKG,2/22/2012 00:00:00,2.26739,2.30615,2.24801,2.24801,17330
NKG,2/23/2012 00:00:00,2.28677,2.34491,2.28677,2.34491,123560
NKG,2/24/2012 00:00:00,2.34491,2.38366,2.32553,2.38366,32170
NKG,2/27/2012 00:00:00,2.32553,2.40304,2.32553,2.40304,25230
NKG,2/28/2012 00:00:00,2.38366,2.40304,2.38366,2.40304,3520
NKG,2/29/2012 00:00:00,2.40304,2.40304,2.28677,2.28677,10000
NKG,3/1/2012 00:00:00,2.34491,2.34491,2.18987,2.18987,37010
NKG,3/2/2012 00:00:00,2.22863,2.28677,2.22863,2.28677,25110
NKG,3/5/2012 00:00:00,2.30615,2.38366,2.30615,2.32553,45300
NKG,3/6/2012 00:00:00,2.32553,2.34491,2.20925,2.32553,117830
NKG,3/7/2012 00:00:00,2.32553,2.34491,2.28677,2.32553,20350
NKG,3/8/2012 00:00:00,2.28677,2.32553,2.28677,2.32553,10300
NKG,3/9/2012 00:00:00,2.28677,2.32553,2.26739,2.26739,9810
NKG,3/12/2012 00:00:00,2.24801,2.30615,2.24801,2.30615,12740
NKG,3/13/2012 00:00:00,2.28677,2.30615,2.28677,2.30615,6540
NKG,3/14/2012 00:00:00,2.28677,2.30615,2.20925,2.20925,20340
NKG,3/15/2012 00:00:00,2.22863,2.26739,2.20925,2.26739,14900
NKG,3/16/2012 00:00:00,2.18987,2.28677,2.18987,2.26739,20000
NKG,3/19/2012 00:00:00,2.24801,2.24801,2.24801,2.24801,1930
NKG,3/20/2012 00:00:00,2.24801,2.24801,2.22863,2.24801,7220
NKG,3/21/2012 00:00:00,2.22863,2.26739,2.22863,2.26739,12670
NKG,3/22/2012 00:00:00,2.26739,2.26739,2.26739,2.26739,5580
NKG,3/23/2012 00:00:00,2.24801,2.26739,2.24801,2.24801,8180
NKG,3/26/2012 00:00:00,2.24801,2.26739,2.17049,2.26739,9690
NKG,3/27/2012 00:00:00,2.26739,2.28677,2.26739,2.26739,12680
NKG,3/28/2012 00:00:00,2.26739,2.26739,2.18987,2.26739,9300
NKG,3/29/2012 00:00:00,2.24801,2.24801,2.24801,2.24801,4500
NKG,3/30/2012 00:00:00,2.22863,2.24801,2.22863,2.24801,3210
NKG,4/3/2012 00:00:00,2.26739,2.30615,2.26739,2.30615,14000
NKG,4/4/2012 00:00:00,2.30615,2.30615,2.30615,2.30615,5040
NKG,4/5/2012 00:00:00,2.26739,2.30615,2.26739,2.30615,13330
NKG,4/6/2012 00:00:00,2.28677,2.30615,2.28677,2.30615,3650
NKG,4/9/2012 00:00:00,2.28677,2.30615,2.28677,2.30615,7620
NKG,4/10/2012 00:00:00,2.28677,2.30615,2.26739,2.30615,5160
NKG,4/11/2012 00:00:00,2.28677,2.34491,2.28677,2.34491,8500
NKG,4/12/2012 00:00:00,2.36429,2.40304,2.36429,2.40304,15510
NKG,4/13/2012 00:00:00,2.40304,2.40304,2.40304,2.40304,3180
NKG,4/16/2012 00:00:00,2.40304,2.4418,2.40304,2.4418,5120
NKG,4/17/2012 00:00:00,2.42242,2.48056,2.42242,2.48056,5970
NKG,4/18/2012 00:00:00,2.38366,2.4418,2.36429,2.36429,15300
NKG,4/19/2012 00:00:00,2.36429,2.42242,2.36429,2.42242,12970
NKG,4/20/2012 00:00:00,2.4418,2.4418,2.42242,2.4418,9340
NKG,4/23/2012 00:00:00,2.42242,2.4418,2.42242,2.4418,4680
NKG,4/24/2012 00:00:00,2.42242,2.42242,2.42242,2.42242,1710
NKG,4/25/2012 00:00:00,2.4418,2.48056,2.4418,2.48056,6410
NKG,4/26/2012 00:00:00,2.46118,2.46118,2.46118,2.46118,3460
NKG,4/27/2012 00:00:00,2.46118,2.5387,2.46118,2.5387,6690
NKG,5/2/2012 00:00:00,2.51932,2.55808,2.51932,2.55808,6050
NKG,5/3/2012 00:00:00,2.51932,2.55808,2.51932,2.51932,6930
NKG,5/4/2012 00:00:00,2.49994,2.61622,2.49994,2.61622,13880
NKG,5/7/2012 00:00:00,2.59684,2.61622,2.59684,2.61622,4770
NKG,5/8/2012 00:00:00,2.59684,2.61622,2.59684,2.59684,3610
NKG,5/9/2012 00:00:00,2.59684,2.59684,2.55808,2.55808,1580
NKG,5/10/2012 00:00:00,2.55808,2.61622,2.55808,2.61622,12730
NKG,5/11/2012 00:00:00,2.61622,2.61622,2.59684,2.59684,7800
NKG,5/14/2012 00:00:00,2.59684,2.59684,2.57746,2.57746,2510
NKG,5/15/2012 00:00:00,2.59684,2.59684,2.57746,2.57746,840
NKG,5/16/2012 00:00:00,2.59684,2.59684,2.57746,2.57746,870
NKG,5/17/2012 00:00:00,2.59684,2.59684,2.57746,2.57746,990
NKG,5/18/2012 00:00:00,2.57746,2.57746,2.5387,2.5387,1880
NKG,5/21/2012 00:00:00,2.5387,2.55808,2.51932,2.55808,3350
NKG,5/22/2012 00:00:00,2.55808,2.55808,2.4418,2.4418,22820
NKG,5/23/2012 00:00:00,2.46118,2.46118,2.32553,2.32553,39880
NKG,5/24/2012 00:00:00,2.34491,2.4418,2.34491,2.4418,155050
NKG,5/25/2012 00:00:00,2.48056,2.55808,2.48056,2.55808,168150
NKG,5/28/2012 00:00:00,2.55808,2.67436,2.55808,2.65498,197270
NKG,5/29/2012 00:00:00,2.71311,2.77125,2.59684,2.77125,70580
NKG,5/30/2012 00:00:00,2.81001,2.90691,2.77125,2.90691,127570
NKG,5/31/2012 00:00:00,2.90691,3.04256,2.88753,2.94567,175160
NKG,6/1/2012 00:00:00,3.00381,3.04256,2.92629,3.00381,58220
NKG,6/4/2012 00:00:00,2.98443,2.98443,2.92629,2.96505,42900
NKG,6/5/2012 00:00:00,2.92629,3.02318,2.84877,2.98443,82980
NKG,6/6/2012 00:00:00,2.96505,3.06194,2.96505,3.06194,130150
NKG,6/7/2012 00:00:00,3.1007,3.1976,3.08132,3.1976,290690
NKG,6/8/2012 00:00:00,3.21698,3.35263,3.1976,3.23636,319190
NKG,6/11/2012 00:00:00,3.21698,3.27512,3.21698,3.25574,157800
NKG,6/12/2012 00:00:00,3.23636,3.27512,3.13946,3.1976,200000
NKG,6/13/2012 00:00:00,3.21698,3.21698,3.06194,3.1007,220300
NKG,6/14/2012 00:00:00,3.1007,3.17822,3.08132,3.1007,82180
NKG,6/15/2012 00:00:00,3.12008,3.25574,3.12008,3.25574,186630
NKG,6/18/2012 00:00:00,3.25574,3.35263,3.25574,3.2945,118180
NKG,6/19/2012 00:00:00,3.27512,3.27512,3.13946,3.23636,155600
NKG,6/20/2012 00:00:00,3.1976,3.27512,3.1976,3.25574,179650
NKG,6/21/2012 00:00:00,3.1976,3.33326,3.17822,3.23636,115870
NKG,6/22/2012 00:00:00,3.23636,3.23636,3.08132,3.1007,81850
NKG,6/25/2012 00:00:00,3.1007,3.12008,2.96505,3.00381,53750
NKG,6/26/2012 00:00:00,3.00381,3.00381,2.90691,2.90691,59850
NKG,6/27/2012 00:00:00,2.92629,3.04256,2.86815,2.86815,71350
NKG,6/28/2012 00:00:00,2.86815,2.90691,2.75187,2.81001,49700
NKG,6/29/2012 00:00:00,2.84877,2.86815,2.82939,2.82939,56850
NKG,7/2/2012 00:00:00,2.82939,2.84877,2.69374,2.77125,75500
NKG,7/3/2012 00:00:00,2.79063,2.79063,2.6356,2.6356,56810
NKG,7/4/2012 00:00:00,2.6356,2.65498,2.55808,2.59684,20900
NKG,7/5/2012 00:00:00,2.61622,2.65498,2.57746,2.65498,24030
NKG,7/6/2012 00:00:00,2.67436,2.71311,2.65498,2.71311,63160
NKG,7/9/2012 00:00:00,2.75187,2.75187,2.57746,2.57746,46250
NKG,7/10/2012 00:00:00,2.57746,2.61622,2.57746,2.59684,12700
NKG,7/11/2012 00:00:00,2.61622,2.67436,2.61622,2.67436,14270
NKG,7/12/2012 00:00:00,2.71311,2.75187,2.71311,2.75187,13230
NKG,7/13/2012 00:00:00,2.77125,2.81001,2.77125,2.79063,52870
NKG,7/16/2012 00:00:00,2.81001,2.82939,2.73249,2.75187,43270
NKG,7/17/2012 00:00:00,2.75187,2.88753,2.73249,2.88753,37500
NKG,7/18/2012 00:00:00,2.88753,2.92629,2.75187,2.81001,60220
NKG,7/19/2012 00:00:00,2.81001,2.88753,2.79063,2.88753,22400
NKG,7/20/2012 00:00:00,2.88753,2.96505,2.88753,2.90691,18400
NKG,7/23/2012 00:00:00,2.92629,2.92629,2.82939,2.82939,15920
NKG,7/24/2012 00:00:00,2.82939,2.82939,2.73249,2.73249,10100
NKG,7/25/2012 00:00:00,2.73249,2.73249,2.61622,2.61622,50090
NKG,7/26/2012 00:00:00,2.61622,2.67436,2.57746,2.6356,19610
NKG,7/27/2012 00:00:00,2.65498,2.65498,2.55808,2.57746,35320
NKG,7/30/2012 00:00:00,2.55808,2.59684,2.5387,2.55808,10550
NKG,7/31/2012 00:00:00,2.5387,2.57746,2.51932,2.51932,17860
NKG,8/1/2012 00:00:00,2.49994,2.51932,2.48056,2.51932,7500
NKG,8/2/2012 00:00:00,2.51932,2.57746,2.51932,2.5387,13000
NKG,8/3/2012 00:00:00,2.5387,2.5387,2.48056,2.51932,8400
NKG,8/6/2012 00:00:00,2.51932,2.5387,2.51932,2.5387,5810
NKG,8/7/2012 00:00:00,2.5387,2.5387,2.48056,2.51932,7500
NKG,8/8/2012 00:00:00,2.51932,2.51932,2.46118,2.49994,7390
NKG,8/9/2012 00:00:00,2.49994,2.5387,2.49994,2.5387,9450
NKG,8/10/2012 00:00:00,2.5387,2.5387,2.48056,2.51932,9200
NKG,8/13/2012 00:00:00,2.5387,2.5387,2.48056,2.49994,9500
NKG,8/14/2012 00:00:00,2.49994,2.55808,2.48056,2.55808,10940
NKG,8/15/2012 00:00:00,2.55808,2.59684,2.55808,2.57746,6000
NKG,8/16/2012 00:00:00,2.55808,2.57746,2.51932,2.5387,7260
NKG,8/17/2012 00:00:00,2.51932,2.5387,2.51932,2.5387,5700
NKG,8/20/2012 00:00:00,2.5387,2.57746,2.49994,2.51932,8500
NKG,8/21/2012 00:00:00,2.51932,2.51932,2.40304,2.40304,19290
NKG,8/22/2012 00:00:00,2.28677,2.32553,2.28677,2.28677,6590
NKG,8/23/2012 00:00:00,2.18987,2.18987,2.18987,2.18987,4200
NKG,8/24/2012 00:00:00,2.09297,2.13173,2.09297,2.13173,5630
NKG,8/27/2012 00:00:00,2.09297,2.09297,2.03484,2.03484,7880
NKG,8/28/2012 00:00:00,1.99608,2.01546,1.9767,2.01546,6600
NKG,8/29/2012 00:00:00,2.01546,2.11235,2.01546,2.11235,9520
NKG,8/30/2012 00:00:00,2.11235,2.20925,2.11235,2.20925,21880
NKG,8/31/2012 00:00:00,2.20925,2.26739,2.17049,2.26739,26240
NKG,9/4/2012 00:00:00,2.26739,2.34491,2.26739,2.34491,12600
NKG,9/5/2012 00:00:00,2.34491,2.36429,2.26739,2.34491,12100
NKG,9/6/2012 00:00:00,2.30615,2.34491,2.28677,2.28677,7410
NKG,9/7/2012 00:00:00,2.28677,2.30615,2.24801,2.26739,10820
NKG,9/10/2012 00:00:00,2.24801,2.24801,2.17049,2.17049,8370
NKG,9/11/2012 00:00:00,2.15111,2.17049,2.11235,2.17049,10500
NKG,9/12/2012 00:00:00,2.07359,2.07359,2.07359,2.07359,7690
NKG,9/13/2012 00:00:00,2.11235,2.13173,1.9767,2.13173,27820
NKG,9/14/2012 00:00:00,2.13173,2.22863,2.09297,2.22863,18720
NKG,9/17/2012 00:00:00,2.22863,2.22863,2.17049,2.18987,2610
NKG,9/18/2012 00:00:00,2.18987,2.18987,2.13173,2.13173,4320
NKG,9/19/2012 00:00:00,2.13173,2.13173,2.11235,2.13173,5600
NKG,9/20/2012 00:00:00,2.11235,2.11235,2.03484,2.05422,6700
NKG,9/21/2012 00:00:00,1.95732,2.01546,1.95732,1.95732,18120
NKG,9/24/2012 00:00:00,1.86042,1.86042,1.86042,1.86042,22500
NKG,9/25/2012 00:00:00,1.8798,1.93794,1.8798,1.93794,4200
NKG,9/26/2012 00:00:00,1.93794,1.99608,1.93794,1.99608,2950
NKG,9/27/2012 00:00:00,1.99608,2.05422,1.99608,2.05422,6620
NKG,9/28/2012 00:00:00,2.05422,2.07359,1.99608,1.99608,4660
NKG,10/1/2012 00:00:00,1.99608,1.99608,1.89918,1.99608,4300
NKG,10/2/2012 00:00:00,1.99608,2.01546,1.93794,2.01546,3110
NKG,10/3/2012 00:00:00,2.01546,2.07359,2.01546,2.07359,4230
NKG,10/4/2012 00:00:00,2.07359,2.07359,1.99608,2.07359,3580
NKG,10/5/2012 00:00:00,2.07359,2.13173,2.03484,2.13173,3420
NKG,10/8/2012 00:00:00,2.13173,2.18987,2.13173,2.18987,9280
NKG,10/9/2012 00:00:00,2.18987,2.24801,2.18987,2.24801,3060
NKG,10/10/2012 00:00:00,2.22863,2.26739,2.22863,2.24801,2000
NKG,10/11/2012 00:00:00,2.24801,2.26739,2.24801,2.26739,1700
NKG,10/12/2012 00:00:00,2.26739,2.26739,2.18987,2.22863,2740
NKG,10/15/2012 00:00:00,2.22863,2.22863,2.17049,2.17049,830
NKG,10/16/2012 00:00:00,2.13173,2.17049,2.07359,2.17049,1300
NKG,10/17/2012 00:00:00,2.17049,2.17049,2.17049,2.17049,100
NKG,10/18/2012 00:00:00,2.17049,2.17049,2.17049,2.17049,60
NKG,10/19/2012 00:00:00,2.17049,2.17049,2.17049,2.17049,10
NKG,10/22/2012 00:00:00,2.17049,2.17049,2.17049,2.17049,510
NKG,10/23/2012 00:00:00,2.17049,2.17049,2.11235,2.11235,140
NKG,10/24/2012 00:00:00,2.11235,2.11235,2.09297,2.09297,40
NKG,10/25/2012 00:00:00,2.09297,2.09297,2.09297,2.09297,20
NKG,10/26/2012 00:00:00,2.09297,2.09297,2.09297,2.09297,20
NKG,10/29/2012 00:00:00,2.09297,2.09297,2.09297,2.09297,330
NKG,10/30/2012 00:00:00,2.09297,2.09297,2.05422,2.05422,90
NKG,10/31/2012 00:00:00,2.05422,2.05422,2.03484,2.03484,40
NKG,11/1/2012 00:00:00,2.03484,2.05422,2.03484,2.05422,30
NKG,11/2/2012 00:00:00,2.05422,2.05422,1.99608,1.99608,90
NKG,11/5/2012 00:00:00,2.01546,2.01546,2.01546,2.01546,10
NKG,11/6/2012 00:00:00,2.01546,2.05422,2.01546,2.05422,40
NKG,11/7/2012 00:00:00,2.09297,2.09297,2.09297,2.09297,10
NKG,11/8/2012 00:00:00,2.07359,2.11235,2.07359,2.11235,40
NKG,11/9/2012 00:00:00,2.13173,2.13173,2.13173,2.13173,10
NKG,11/12/2012 00:00:00,2.13173,2.13173,2.13173,2.13173,20
NKG,11/13/2012 00:00:00,2.15111,2.15111,2.15111,2.15111,20
NKG,11/14/2012 00:00:00,2.15111,2.15111,2.15111,2.15111,20
NKG,11/15/2012 00:00:00,2.13173,2.13173,2.13173,2.13173,10
NKG,11/16/2012 00:00:00,2.13173,2.13173,2.13173,2.13173,20
NKG,11/19/2012 00:00:00,2.15111,2.15111,2.15111,2.15111,10
NKG,11/20/2012 00:00:00,2.07359,2.07359,2.07359,2.07359,40
NKG,11/21/2012 00:00:00,2.01546,2.01546,2.01546,2.01546,30
NKG,11/22/2012 00:00:00,2.01546,2.01546,1.91856,1.91856,30
NKG,11/23/2012 00:00:00,1.91856,1.91856,1.84104,1.84104,3990
NKG,11/26/2012 00:00:00,1.76352,1.89918,1.76352,1.76352,820
NKG,11/27/2012 00:00:00,1.80228,1.84104,1.80228,1.84104,320
NKG,11/28/2012 00:00:00,1.8798,1.91856,1.8798,1.91856,30
NKG,11/29/2012 00:00:00,1.95732,1.9767,1.95732,1.9767,20
NKG,11/30/2012 00:00:00,2.03484,2.03484,2.03484,2.03484,10
NKG,12/3/2012 00:00:00,2.07359,2.11235,2.07359,2.11235,30
NKG,12/4/2012 00:00:00,2.15111,2.15111,2.15111,2.15111,20
NKG,12/5/2012 00:00:00,2.15111,2.15111,2.15111,2.15111,20
NKG,12/6/2012 00:00:00,2.18987,2.22863,2.18987,2.22863,40
NKG,12/7/2012 00:00:00,2.22863,2.22863,2.22863,2.22863,10
NKG,12/10/2012 00:00:00,2.26739,2.26739,2.26739,2.26739,20
NKG,12/11/2012 00:00:00,2.17049,2.17049,2.17049,2.17049,10
NKG,12/12/2012 00:00:00,2.07359,2.20925,2.07359,2.20925,50
NKG,12/13/2012 00:00:00,2.24801,2.24801,2.11235,2.11235,90
NKG,12/14/2012 00:00:00,2.01546,2.01546,2.01546,2.01546,30
NKG,12/17/2012 00:00:00,2.05422,2.05422,2.05422,2.05422,90
NKG,12/18/2012 00:00:00,2.03484,2.03484,2.03484,2.03484,10
NKG,12/19/2012 00:00:00,2.03484,2.03484,2.03484,2.03484,10
NKG,12/20/2012 00:00:00,2.05422,2.05422,2.05422,2.05422,10
NKG,12/21/2012 00:00:00,2.05422,2.05422,2.05422,2.05422,10
NKG,12/24/2012 00:00:00,2.05422,2.05422,1.95732,1.95732,10110
NKG,12/25/2012 00:00:00,1.95732,1.99608,1.86042,1.93794,7510
NKG,12/26/2012 00:00:00,1.93794,1.95732,1.8798,1.91856,9730
NKG,12/27/2012 00:00:00,1.91856,1.95732,1.91856,1.91856,10300
NKG,12/28/2012 00:00:00,1.95732,1.95732,1.84104,1.86042,54850
NKG,1/2/2013 00:00:00,1.80228,1.80228,1.7829,1.7829,9810
NKG,1/3/2013 00:00:00,1.70539,1.70539,1.70539,1.70539,2170
NKG,1/4/2013 00:00:00,1.62787,1.62787,1.62787,1.62787,7290
NKG,1/7/2013 00:00:00,1.55035,1.68601,1.55035,1.68601,50670
NKG,1/8/2013 00:00:00,1.60849,1.76352,1.60849,1.60849,60160
NKG,1/9/2013 00:00:00,1.53097,1.66663,1.53097,1.53097,58260
NKG,1/10/2013 00:00:00,1.55035,1.58911,1.47283,1.58911,13280
NKG,1/11/2013 00:00:00,1.60849,1.62787,1.51159,1.62787,8710
NKG,1/14/2013 00:00:00,1.60849,1.60849,1.55035,1.56973,1240
NKG,1/15/2013 00:00:00,1.53097,1.55035,1.53097,1.55035,3270
NKG,1/16/2013 00:00:00,1.55035,1.64725,1.45345,1.58911,10890
NKG,1/17/2013 00:00:00,1.58911,1.58911,1.56973,1.56973,4610
NKG,1/18/2013 00:00:00,1.60849,1.60849,1.58911,1.58911,610
NKG,1/21/2013 00:00:00,1.58911,1.58911,1.49221,1.49221,1100
NKG,1/22/2013 00:00:00,1.49221,1.49221,1.45345,1.45345,4380
NKG,1/23/2013 00:00:00,1.49221,1.55035,1.47283,1.47283,5090
NKG,1/24/2013 00:00:00,1.47283,1.56973,1.47283,1.56973,1630
NKG,1/25/2013 00:00:00,1.56973,1.66663,1.55035,1.62787,13220
NKG,1/28/2013 00:00:00,1.66663,1.66663,1.62787,1.66663,1640
NKG,1/29/2013 00:00:00,1.66663,1.74415,1.66663,1.66663,2610
NKG,1/30/2013 00:00:00,1.68601,1.68601,1.68601,1.68601,10
NKG,1/31/2013 00:00:00,1.68601,1.68601,1.68601,1.68601,550
NKG,2/1/2013 00:00:00,1.72477,1.72477,1.64725,1.72477,1010
NKG,2/4/2013 00:00:00,1.84104,1.84104,1.84104,1.84104,10
NKG,2/5/2013 00:00:00,1.86042,1.86042,1.74415,1.80228,180
NKG,2/6/2013 00:00:00,1.80228,1.84104,1.80228,1.84104,110
NKG,2/7/2013 00:00:00,1.89918,1.89918,1.89918,1.89918,10
NKG,2/8/2013 00:00:00,1.99608,2.01546,1.7829,2.01546,4150
NKG,2/18/2013 00:00:00,2.05422,2.15111,1.9767,1.9767,330
NKG,2/19/2013 00:00:00,2.11235,2.11235,1.93794,1.93794,110
NKG,2/20/2013 00:00:00,2.07359,2.07359,1.84104,2.05422,1270
NKG,2/21/2013 00:00:00,2.18987,2.18987,1.93794,2.18987,1110
NKG,2/22/2013 00:00:00,2.18987,2.22863,2.18987,2.22863,180
NKG,2/25/2013 00:00:00,2.38366,2.38366,2.09297,2.13173,940
NKG,2/26/2013 00:00:00,2.26739,2.26739,2.26739,2.26739,10
NKG,2/27/2013 00:00:00,2.40304,2.40304,2.40304,2.40304,20
NKG,2/28/2013 00:00:00,2.49994,2.49994,2.49994,2.49994,20
NKG,3/1/2013 00:00:00,2.49994,2.49994,2.49994,2.49994,10
NKG,3/4/2013 00:00:00,2.49994,2.49994,2.32553,2.32553,30
NKG,3/5/2013 00:00:00,2.32553,2.32553,2.17049,2.17049,20
NKG,3/6/2013 00:00:00,2.13173,2.13173,2.03484,2.03484,30
NKG,3/7/2013 00:00:00,1.93794,1.93794,1.93794,1.93794,10
NKG,3/8/2013 00:00:00,1.80228,1.82166,1.80228,1.82166,8500
NKG,3/11/2013 00:00:00,1.82166,1.82166,1.70539,1.72477,18680
NKG,3/12/2013 00:00:00,1.72477,1.72477,1.60849,1.60849,11350
NKG,3/13/2013 00:00:00,1.51159,1.55035,1.51159,1.55035,41160
NKG,3/14/2013 00:00:00,1.45345,1.60849,1.45345,1.60849,132360
NKG,3/15/2013 00:00:00,1.56973,1.58911,1.51159,1.51159,112710
NKG,3/18/2013 00:00:00,1.51159,1.60849,1.4147,1.60849,108980
NKG,3/19/2013 00:00:00,1.51159,1.56973,1.51159,1.56973,22990
NKG,3/20/2013 00:00:00,1.47283,1.47283,1.47283,1.47283,6330
NKG,3/21/2013 00:00:00,1.37594,1.49221,1.37594,1.37594,64980
NKG,3/22/2013 00:00:00,1.37594,1.37594,1.29842,1.3178,33380
NKG,3/25/2013 00:00:00,1.3178,1.37594,1.3178,1.3178,13740
NKG,3/26/2013 00:00:00,1.39532,1.39532,1.39532,1.39532,8200
NKG,3/27/2013 00:00:00,1.45345,1.45345,1.45345,1.45345,50
NKG,3/28/2013 00:00:00,1.45345,1.45345,1.45345,1.45345,60
NKG,3/29/2013 00:00:00,1.43407,1.43407,1.35656,1.35656,250
NKG,4/1/2013 00:00:00,1.29842,1.43407,1.27904,1.35656,54270
NKG,4/2/2013 00:00:00,1.37594,1.4147,1.37594,1.37594,12110
NKG,4/3/2013 00:00:00,1.35656,1.39532,1.33718,1.37594,9470
NKG,4/4/2013 00:00:00,1.37594,1.37594,1.33718,1.35656,8520
NKG,4/5/2013 00:00:00,1.37594,1.37594,1.35656,1.37594,6310
NKG,4/8/2013 00:00:00,1.3178,1.35656,1.29842,1.35656,13360
NKG,4/9/2013 00:00:00,1.33718,1.37594,1.33718,1.35656,7610
NKG,4/10/2013 00:00:00,1.37594,1.37594,1.35656,1.35656,1510
NKG,4/11/2013 00:00:00,1.37594,1.37594,1.3178,1.3178,4300
NKG,4/12/2013 00:00:00,1.35656,1.35656,1.29842,1.33718,1600
NKG,4/15/2013 00:00:00,1.33718,1.35656,1.25966,1.33718,11880
NKG,4/16/2013 00:00:00,1.33718,1.33718,1.25966,1.33718,320
NKG,4/17/2013 00:00:00,1.33718,1.33718,1.25966,1.33718,1020
NKG,4/18/2013 00:00:00,1.33718,1.33718,1.25966,1.3178,320
NKG,4/22/2013 00:00:00,1.33718,1.33718,1.24028,1.25966,2890
NKG,4/23/2013 00:00:00,1.27904,1.27904,1.27904,1.27904,20
NKG,4/24/2013 00:00:00,1.29842,1.33718,1.29842,1.33718,990
NKG,4/25/2013 00:00:00,1.33718,1.33718,1.25966,1.29842,3630
NKG,4/26/2013 00:00:00,1.29842,1.33718,1.25966,1.29842,3510
NKG,5/2/2013 00:00:00,1.2209,1.3178,1.2209,1.25966,29150
NKG,5/3/2013 00:00:00,1.25966,1.27904,1.18214,1.25966,15780
NKG,5/6/2013 00:00:00,1.24028,1.29842,1.18214,1.24028,10910
NKG,5/7/2013 00:00:00,1.24028,1.24028,1.24028,1.24028,10
NKG,5/8/2013 00:00:00,1.24028,1.3178,1.18214,1.3178,21770
NKG,5/9/2013 00:00:00,1.39532,1.39532,1.3178,1.39532,15370
NKG,5/10/2013 00:00:00,1.43407,1.45345,1.39532,1.43407,76690
NKG,5/13/2013 00:00:00,1.39532,1.45345,1.39532,1.43407,76700
NKG,5/14/2013 00:00:00,1.43407,1.45345,1.35656,1.43407,45640
NKG,5/15/2013 00:00:00,1.43407,1.45345,1.35656,1.45345,35810
NKG,5/16/2013 00:00:00,1.43407,1.55035,1.43407,1.55035,45870
NKG,5/17/2013 00:00:00,1.64725,1.64725,1.45345,1.64725,86790
NKG,5/20/2013 00:00:00,1.74415,1.74415,1.55035,1.74415,153270
NKG,5/21/2013 00:00:00,1.76352,1.86042,1.76352,1.86042,36530
NKG,5/22/2013 00:00:00,1.9767,1.9767,1.74415,1.9767,100860
NKG,5/23/2013 00:00:00,2.11235,2.11235,2.09297,2.11235,86070
NKG,5/24/2013 00:00:00,2.24801,2.24801,1.9767,2.24801,83920
NKG,5/27/2013 00:00:00,2.36429,2.40304,2.11235,2.36429,200380
NKG,5/28/2013 00:00:00,2.49994,2.51932,2.20925,2.51932,102050
NKG,5/29/2013 00:00:00,2.69374,2.69374,2.67436,2.69374,92910
NKG,5/30/2013 00:00:00,2.84877,2.84877,2.69374,2.69374,214010
NKG,5/31/2013 00:00:00,2.75187,2.86815,2.71311,2.82939,113180
NKG,6/3/2013 00:00:00,2.86815,2.94567,2.77125,2.79063,117960
NKG,6/4/2013 00:00:00,2.96505,2.98443,2.86815,2.98443,272210
NKG,6/5/2013 00:00:00,2.98443,3.04256,2.88753,2.94567,97030
NKG,6/6/2013 00:00:00,2.96505,3.06194,2.86815,3.00381,44370
NKG,6/7/2013 00:00:00,3.00381,3.00381,2.81001,2.81001,126190
NKG,6/10/2013 00:00:00,2.61622,2.88753,2.61622,2.71311,199340
NKG,6/11/2013 00:00:00,2.77125,2.77125,2.59684,2.61622,50490
NKG,6/12/2013 00:00:00,2.61622,2.6356,2.51932,2.51932,88910
NKG,6/13/2013 00:00:00,2.4418,2.69374,2.4418,2.57746,76310
NKG,6/14/2013 00:00:00,2.69374,2.69374,2.59684,2.59684,34170
NKG,6/17/2013 00:00:00,2.69374,2.69374,2.42242,2.51932,53940
NKG,6/18/2013 00:00:00,2.51932,2.69374,2.48056,2.69374,99630
NKG,6/19/2013 00:00:00,2.86815,2.86815,2.73249,2.79063,105000
NKG,6/20/2013 00:00:00,2.77125,2.82939,2.69374,2.69374,47200
NKG,6/21/2013 00:00:00,2.73249,2.79063,2.67436,2.77125,46690
NKG,6/24/2013 00:00:00,2.77125,2.81001,2.69374,2.75187,52980
NKG,6/25/2013 00:00:00,2.75187,2.75187,2.57746,2.57746,120020
NKG,6/26/2013 00:00:00,2.57746,2.69374,2.57746,2.67436,60860
NKG,6/27/2013 00:00:00,2.84877,2.84877,2.6356,2.69374,84620
NKG,6/28/2013 00:00:00,2.69374,2.69374,2.61622,2.61622,64920
NKG,7/1/2013 00:00:00,2.61622,2.61622,2.4418,2.4418,204750
NKG,7/2/2013 00:00:00,2.4418,2.59684,2.42242,2.4418,145510
NKG,7/3/2013 00:00:00,2.4418,2.51932,2.34491,2.4418,23690
NKG,7/4/2013 00:00:00,2.48056,2.48056,2.28677,2.28677,130110
NKG,7/5/2013 00:00:00,2.28677,2.30615,2.13173,2.13173,148850
NKG,7/8/2013 00:00:00,2.20925,2.20925,2.01546,2.01546,28070
NKG,7/9/2013 00:00:00,2.01546,2.11235,1.99608,2.11235,45210
NKG,7/10/2013 00:00:00,2.11235,2.13173,1.9767,1.9767,28480
NKG,7/11/2013 00:00:00,1.95732,2.05422,1.91856,1.95732,59150
NKG,7/12/2013 00:00:00,2.07359,2.09297,2.03484,2.03484,57680
NKG,7/15/2013 00:00:00,2.11235,2.17049,2.09297,2.17049,132850
NKG,7/16/2013 00:00:00,2.18987,2.30615,2.18987,2.30615,106250
NKG,7/17/2013 00:00:00,2.30615,2.30615,2.17049,2.24801,55230
NKG,7/18/2013 00:00:00,2.24801,2.28677,2.15111,2.18987,47820
NKG,7/19/2013 00:00:00,2.26739,2.26739,2.11235,2.11235,32420
NKG,7/22/2013 00:00:00,2.20925,2.20925,1.9767,2.03484,86700
NKG,7/23/2013 00:00:00,1.93794,2.09297,1.93794,2.01546,11510
NKG,7/24/2013 00:00:00,1.93794,2.03484,1.89918,1.89918,46150
NKG,7/25/2013 00:00:00,1.99608,1.99608,1.7829,1.7829,39650
NKG,7/26/2013 00:00:00,1.8798,1.8798,1.72477,1.86042,34890
NKG,7/29/2013 00:00:00,1.8798,1.8798,1.74415,1.74415,28550
NKG,7/30/2013 00:00:00,1.84104,1.86042,1.74415,1.86042,70930
NKG,7/31/2013 00:00:00,1.9767,1.9767,1.91856,1.9767,148850
NKG,8/1/2013 00:00:00,2.01546,2.11235,1.91856,2.07359,49600
NKG,8/2/2013 00:00:00,1.99608,2.07359,1.9767,1.9767,41830
NKG,8/5/2013 00:00:00,2.01546,2.01546,1.89918,1.89918,57950
NKG,8/6/2013 00:00:00,1.89918,1.9767,1.84104,1.89918,56610
NKG,8/7/2013 00:00:00,1.8798,1.91856,1.86042,1.86042,73390
NKG,8/8/2013 00:00:00,1.91856,1.93794,1.86042,1.89918,35820
NKG,8/9/2013 00:00:00,1.91856,1.93794,1.86042,1.89918,14840
NKG,8/12/2013 00:00:00,1.89918,1.91856,1.86042,1.89918,11130
NKG,8/13/2013 00:00:00,1.91856,1.91856,1.86042,1.89918,13440
NKG,8/14/2013 00:00:00,1.89918,1.89918,1.82166,1.86042,29570
NKG,8/15/2013 00:00:00,1.8798,1.8798,1.76352,1.86042,108770
NKG,8/16/2013 00:00:00,1.86042,1.8798,1.7829,1.84104,13040
NKG,8/19/2013 00:00:00,1.84104,1.91856,1.82166,1.8798,20640
NKG,8/20/2013 00:00:00,1.86042,1.86042,1.80228,1.84104,18090
NKG,8/21/2013 00:00:00,1.7829,1.86042,1.7829,1.86042,53160
NKG,8/22/2013 00:00:00,1.86042,1.8798,1.84104,1.86042,34770
NKG,8/23/2013 00:00:00,1.89918,1.93794,1.86042,1.8798,57390
NKG,8/26/2013 00:00:00,1.84104,1.86042,1.80228,1.86042,18630
NKG,8/27/2013 00:00:00,1.84104,1.84104,1.80228,1.84104,10580
NKG,8/28/2013 00:00:00,1.84104,1.84104,1.72477,1.72477,84690
NKG,8/29/2013 00:00:00,1.66663,1.72477,1.64725,1.72477,53890
NKG,8/30/2013 00:00:00,1.72477,1.72477,1.64725,1.70539,6590
NKG,9/3/2013 00:00:00,1.7829,1.7829,1.64725,1.66663,17700
NKG,9/4/2013 00:00:00,1.66663,1.66663,1.58911,1.64725,6290
NKG,9/5/2013 00:00:00,1.64725,1.68601,1.64725,1.66663,43580
NKG,9/6/2013 00:00:00,1.66663,1.68601,1.60849,1.66663,8840
NKG,9/9/2013 00:00:00,1.66663,1.66663,1.56973,1.56973,28230
NKG,9/10/2013 00:00:00,1.55035,1.64725,1.55035,1.58911,8830
NKG,9/11/2013 00:00:00,1.60849,1.62787,1.58911,1.60849,5670
NKG,9/12/2013 00:00:00,1.60849,1.60849,1.56973,1.56973,6650
NKG,9/13/2013 00:00:00,1.58911,1.60849,1.55035,1.58911,12520
NKG,9/16/2013 00:00:00,1.58911,1.68601,1.58911,1.68601,46610
NKG,9/17/2013 00:00:00,1.64725,1.68601,1.62787,1.68601,5840
NKG,9/18/2013 00:00:00,1.60849,1.68601,1.60849,1.64725,7210
NKG,9/19/2013 00:00:00,1.64725,1.66663,1.64725,1.64725,17390
NKG,9/20/2013 00:00:00,1.64725,1.64725,1.60849,1.64725,9650
NKG,9/23/2013 00:00:00,1.64725,1.64725,1.62787,1.64725,17600
NKG,9/24/2013 00:00:00,1.68601,1.68601,1.64725,1.68601,18410
NKG,9/25/2013 00:00:00,1.62787,1.70539,1.62787,1.68601,32560
NKG,9/26/2013 00:00:00,1.68601,1.70539,1.66663,1.70539,40340
NKG,9/27/2013 00:00:00,1.66663,1.70539,1.64725,1.64725,26550
NKG,9/30/2013 00:00:00,1.64725,1.70539,1.64725,1.70539,56250
NKG,10/1/2013 00:00:00,1.76352,1.82166,1.76352,1.82166,361580
NKG,10/2/2013 00:00:00,1.89918,1.93794,1.82166,1.91856,274260
NKG,10/3/2013 00:00:00,1.91856,1.91856,1.80228,1.84104,135120
NKG,10/4/2013 00:00:00,1.80228,1.8798,1.80228,1.84104,98550
NKG,10/7/2013 00:00:00,1.86042,1.93794,1.80228,1.93794,198190
NKG,10/8/2013 00:00:00,1.99608,1.99608,1.89918,1.95732,179330
NKG,10/9/2013 00:00:00,1.93794,1.95732,1.8798,1.8798,168680
NKG,10/10/2013 00:00:00,1.89918,1.89918,1.80228,1.80228,115600
NKG,10/11/2013 00:00:00,1.80228,1.86042,1.7829,1.7829,250660
NKG,10/14/2013 00:00:00,1.74415,1.80228,1.68601,1.72477,294820
NKG,10/15/2013 00:00:00,1.68601,1.76352,1.68601,1.76352,158370
NKG,10/16/2013 00:00:00,1.7829,1.7829,1.68601,1.72477,116490
NKG,10/17/2013 00:00:00,1.68601,1.76352,1.66663,1.70539,228130
NKG,10/18/2013 00:00:00,1.68601,1.70539,1.64725,1.66663,117400
NKG,10/21/2013 00:00:00,1.68601,1.72477,1.66663,1.70539,110830
NKG,10/22/2013 00:00:00,1.72477,1.72477,1.68601,1.70539,84740
NKG,10/23/2013 00:00:00,1.72477,1.76352,1.68601,1.70539,156290
NKG,10/24/2013 00:00:00,1.70539,1.72477,1.68601,1.70539,52810
NKG,10/25/2013 00:00:00,1.70539,1.74415,1.66663,1.74415,101380
NKG,10/28/2013 00:00:00,1.70539,1.72477,1.66663,1.68601,40520
NKG,10/29/2013 00:00:00,1.64725,1.70539,1.64725,1.66663,13910
NKG,10/30/2013 00:00:00,1.66663,1.68601,1.62787,1.64725,74460
NKG,10/31/2013 00:00:00,1.64725,1.66663,1.62787,1.64725,37150
NKG,11/1/2013 00:00:00,1.64725,1.64725,1.60849,1.60849,148990
NKG,11/4/2013 00:00:00,1.62787,1.70539,1.58911,1.66663,71470
NKG,11/5/2013 00:00:00,1.64725,1.70539,1.64725,1.66663,50400
NKG,11/6/2013 00:00:00,1.66663,1.68601,1.62787,1.68601,99570
NKG,11/7/2013 00:00:00,1.66663,1.68601,1.64725,1.66663,52750
NKG,11/8/2013 00:00:00,1.66663,1.66663,1.62787,1.64725,48730
NKG,11/11/2013 00:00:00,1.64725,1.70539,1.64725,1.70539,63740
NKG,11/12/2013 00:00:00,1.70539,1.70539,1.62787,1.68601,17950
NKG,11/13/2013 00:00:00,1.68601,1.68601,1.62787,1.66663,33490
NKG,11/14/2013 00:00:00,1.62787,1.66663,1.58911,1.64725,75350
NKG,11/15/2013 00:00:00,1.64725,1.64725,1.58911,1.60849,58560
NKG,11/18/2013 00:00:00,1.62787,1.64725,1.58911,1.62787,82030
NKG,11/19/2013 00:00:00,1.62787,1.62787,1.60849,1.62787,63120
NKG,11/20/2013 00:00:00,1.62787,1.62787,1.58911,1.60849,22270
NKG,11/21/2013 00:00:00,1.62787,1.70539,1.62787,1.70539,274380
NKG,11/22/2013 00:00:00,1.76352,1.82166,1.76352,1.82166,457080
NKG,11/25/2013 00:00:00,1.89918,1.93794,1.86042,1.8798,303720
NKG,11/26/2013 00:00:00,1.82166,1.8798,1.82166,1.8798,231850
NKG,11/27/2013 00:00:00,1.86042,1.8798,1.82166,1.84104,110750
NKG,11/28/2013 00:00:00,1.84104,1.8798,1.74415,1.80228,161430
NKG,11/29/2013 00:00:00,1.74415,1.80228,1.72477,1.74415,66070
NKG,12/2/2013 00:00:00,1.68601,1.7829,1.68601,1.74415,52290
NKG,12/3/2013 00:00:00,1.7829,1.7829,1.74415,1.74415,35620
NKG,12/4/2013 00:00:00,1.74415,1.74415,1.72477,1.74415,56440
NKG,12/5/2013 00:00:00,1.72477,1.74415,1.68601,1.68601,133440
NKG,12/6/2013 00:00:00,1.68601,1.74415,1.66663,1.70539,61050
NKG,12/9/2013 00:00:00,1.70539,1.70539,1.64725,1.70539,57190
NKG,12/10/2013 00:00:00,1.70539,1.72477,1.66663,1.70539,44940
NKG,12/11/2013 00:00:00,1.70539,1.70539,1.64725,1.68601,45060
NKG,12/12/2013 00:00:00,1.66663,1.68601,1.64725,1.68601,10370
NKG,12/13/2013 00:00:00,1.68601,1.68601,1.64725,1.64725,5450
NKG,12/16/2013 00:00:00,1.66663,1.68601,1.64725,1.68601,39440
NKG,12/17/2013 00:00:00,1.66663,1.68601,1.64725,1.64725,25570
NKG,12/18/2013 00:00:00,1.64725,1.68601,1.64725,1.66663,29280
NKG,12/19/2013 00:00:00,1.68601,1.70539,1.68601,1.70539,23430
NKG,12/20/2013 00:00:00,1.68601,1.72477,1.66663,1.72477,47290
NKG,12/23/2013 00:00:00,1.68601,1.72477,1.68601,1.72477,21830
NKG,12/24/2013 00:00:00,1.72477,1.72477,1.60849,1.64725,49390
NKG,12/25/2013 00:00:00,1.64725,1.74415,1.64725,1.74415,72810
NKG,12/26/2013 00:00:00,1.74415,1.74415,1.66663,1.70539,12170
NKG,12/27/2013 00:00:00,1.66663,1.70539,1.66663,1.70539,16910
NKG,12/30/2013 00:00:00,1.68601,1.68601,1.66663,1.68601,17720
NKG,12/31/2013 00:00:00,1.66663,1.70539,1.64725,1.70539,16850
NKG,1/2/2014 00:00:00,1.66663,1.70539,1.66663,1.70539,5110
NKG,1/3/2014 00:00:00,1.72477,1.72477,1.70539,1.70539,900
NKG,1/6/2014 00:00:00,1.66663,1.72477,1.66663,1.72477,55040
NKG,1/7/2014 00:00:00,1.72477,1.72477,1.66663,1.66663,16500
NKG,1/8/2014 00:00:00,1.66663,1.72477,1.66663,1.72477,6200
NKG,1/9/2014 00:00:00,1.68601,1.70539,1.62787,1.70539,32620
NKG,1/10/2014 00:00:00,1.70539,1.70539,1.64725,1.68601,12440
NKG,1/13/2014 00:00:00,1.68601,1.68601,1.64725,1.64725,13500
NKG,1/14/2014 00:00:00,1.70539,1.70539,1.64725,1.66663,18020
NKG,1/15/2014 00:00:00,1.68601,1.68601,1.64725,1.66663,20640
NKG,1/16/2014 00:00:00,1.7829,1.7829,1.76352,1.7829,356260
NKG,1/17/2014 00:00:00,1.8798,1.8798,1.76352,1.7829,242950
NKG,1/20/2014 00:00:00,1.7829,1.8798,1.72477,1.84104,92030
NKG,1/21/2014 00:00:00,1.82166,1.8798,1.7829,1.86042,202110
NKG,1/22/2014 00:00:00,1.9767,1.9767,1.8798,1.89918,246940
NKG,1/23/2014 00:00:00,1.91856,1.93794,1.89918,1.91856,144550
NKG,1/24/2014 00:00:00,1.93794,2.03484,1.91856,2.03484,373210
NKG,1/27/2014 00:00:00,2.05422,2.11235,2.01546,2.05422,137050
NKG,2/6/2014 00:00:00,2.05422,2.07359,1.9767,2.03484,193060
NKG,2/7/2014 00:00:00,2.01546,2.05422,1.95732,2.01546,141630
NKG,2/10/2014 00:00:00,1.99608,2.07359,1.99608,2.05422,59710
NKG,2/11/2014 00:00:00,2.11235,2.18987,2.05422,2.09297,304230
NKG,2/12/2014 00:00:00,2.18987,2.22863,2.17049,2.22863,513860
NKG,2/13/2014 00:00:00,2.38366,2.38366,2.30615,2.34491,509410
NKG,2/14/2014 00:00:00,2.34491,2.34491,2.28677,2.30615,189870
NKG,2/17/2014 00:00:00,2.24801,2.40304,2.22863,2.30615,341540
NKG,2/18/2014 00:00:00,2.30615,2.40304,2.28677,2.40304,216230
NKG,2/19/2014 00:00:00,2.40304,2.49994,2.36429,2.49994,192060
NKG,2/20/2014 00:00:00,2.46118,2.46118,2.32553,2.32553,319100
NKG,2/21/2014 00:00:00,2.22863,2.28677,2.17049,2.22863,236700
NKG,2/24/2014 00:00:00,2.24801,2.30615,2.22863,2.30615,124600
NKG,2/25/2014 00:00:00,2.30615,2.32553,2.26739,2.32553,131730
NKG,2/26/2014 00:00:00,2.32553,2.32553,2.24801,2.24801,149580
NKG,2/27/2014 00:00:00,2.24801,2.32553,2.22863,2.24801,180820
NKG,2/28/2014 00:00:00,2.28677,2.28677,2.22863,2.26739,59240
NKG,3/3/2014 00:00:00,2.26739,2.26739,2.18987,2.18987,130560
NKG,3/4/2014 00:00:00,2.15111,2.18987,2.13173,2.18987,53590
NKG,3/5/2014 00:00:00,2.18987,2.26739,2.18987,2.26739,69620
NKG,3/6/2014 00:00:00,2.22863,2.26739,2.18987,2.24801,89030
NKG,3/7/2014 00:00:00,2.28677,2.40304,2.24801,2.40304,557060
NKG,3/10/2014 00:00:00,2.42242,2.55808,2.42242,2.55808,586830
NKG,3/11/2014 00:00:00,2.61622,2.6356,2.55808,2.55808,112150
NKG,3/12/2014 00:00:00,2.55808,2.55808,2.49994,2.51932,203580
NKG,3/13/2014 00:00:00,2.51932,2.5387,2.48056,2.5387,198340
NKG,3/14/2014 00:00:00,2.65498,2.71311,2.61622,2.71311,654290
NKG,3/17/2014 00:00:00,2.86815,2.88753,2.79063,2.88753,339140
NKG,3/18/2014 00:00:00,3.00381,3.00381,2.86815,2.86815,100410
NKG,3/19/2014 00:00:00,2.86815,2.90691,2.84877,2.88753,139690
NKG,3/20/2014 00:00:00,2.96505,2.96505,2.71311,2.79063,309180
NKG,3/21/2014 00:00:00,2.81001,2.88753,2.79063,2.81001,66070
NKG,3/24/2014 00:00:00,2.84877,2.86815,2.81001,2.86815,134920
NKG,3/25/2014 00:00:00,2.86815,2.86815,2.71311,2.71311,170190
NKG,3/26/2014 00:00:00,2.71311,2.73249,2.59684,2.6356,197640
NKG,3/27/2014 00:00:00,2.59684,2.69374,2.57746,2.69374,107620
NKG,3/28/2014 00:00:00,2.69374,2.69374,2.6356,2.67436,23630
NKG,3/31/2014 00:00:00,2.67436,2.67436,2.59684,2.61622,52140
NKG,4/1/2014 00:00:00,2.59684,2.61622,2.55808,2.57746,71530
NKG,4/2/2014 00:00:00,2.59684,2.59684,2.46118,2.59684,132360
NKG,4/3/2014 00:00:00,2.61622,2.69374,2.61622,2.69374,29130
NKG,4/4/2014 00:00:00,2.69374,2.69374,2.65498,2.69374,46170
NKG,4/7/2014 00:00:00,2.69374,2.69374,2.61622,2.69374,51010
NKG,4/8/2014 00:00:00,2.71311,2.71311,2.67436,2.69374,68570
NKG,4/10/2014 00:00:00,2.67436,2.71311,2.67436,2.67436,29420
NKG,4/11/2014 00:00:00,2.67436,2.69374,2.65498,2.69374,34910
NKG,4/14/2014 00:00:00,2.69374,2.69374,2.61622,2.61622,42720
NKG,4/15/2014 00:00:00,2.65498,2.69374,2.59684,2.61622,42380
NKG,4/16/2014 00:00:00,2.57746,2.61622,2.49994,2.57746,22850
NKG,4/17/2014 00:00:00,2.55808,2.61622,2.55808,2.61622,66560
NKG,4/18/2014 00:00:00,2.46118,2.55808,2.4418,2.48056,31670
NKG,4/21/2014 00:00:00,2.42242,2.46118,2.34491,2.34491,54880
NKG,4/22/2014 00:00:00,2.20925,2.36429,2.18987,2.24801,42050
NKG,4/23/2014 00:00:00,2.30615,2.30615,2.24801,2.24801,4670
NKG,4/24/2014 00:00:00,2.26739,2.26739,2.11235,2.11235,45620
NKG,4/25/2014 00:00:00,2.15111,2.17049,2.11235,2.15111,24440
NKG,4/28/2014 00:00:00,2.15111,2.17049,2.15111,2.17049,15950
NKG,4/29/2014 00:00:00,2.15111,2.17049,2.15111,2.17049,4570
NKG,5/5/2014 00:00:00,2.17049,2.17049,2.07359,2.07359,13450
NKG,5/6/2014 00:00:00,2.03484,2.03484,2.03484,2.03484,11090
NKG,5/7/2014 00:00:00,1.95732,2.07359,1.95732,1.95732,60710
NKG,5/8/2014 00:00:00,1.99608,1.99608,1.82166,1.82166,24220
NKG,5/9/2014 00:00:00,1.84104,1.84104,1.76352,1.82166,10200
NKG,5/12/2014 00:00:00,1.80228,1.80228,1.70539,1.70539,30290
NKG,5/13/2014 00:00:00,1.58911,1.64725,1.58911,1.58911,238770
NKG,5/14/2014 00:00:00,1.53097,1.62787,1.53097,1.62787,30820
NKG,5/15/2014 00:00:00,1.64725,1.72477,1.53097,1.58911,27750
NKG,5/16/2014 00:00:00,1.60849,1.68601,1.58911,1.68601,24670
NKG,5/19/2014 00:00:00,1.70539,1.72477,1.70539,1.72477,4900
NKG,5/20/2014 00:00:00,1.64725,1.72477,1.62787,1.72477,13670
NKG,5/21/2014 00:00:00,1.62787,1.84104,1.62787,1.7829,28720
NKG,5/22/2014 00:00:00,1.82166,1.89918,1.76352,1.82166,38670
NKG,5/23/2014 00:00:00,1.80228,1.80228,1.74415,1.7829,24870
NKG,5/26/2014 00:00:00,1.74415,1.82166,1.74415,1.82166,18660
NKG,5/27/2014 00:00:00,1.76352,1.93794,1.74415,1.93794,66750
NKG,5/28/2014 00:00:00,1.95732,1.99608,1.86042,1.93794,59040
NKG,5/29/2014 00:00:00,1.91856,1.95732,1.86042,1.86042,35100
NKG,5/30/2014 00:00:00,1.84104,1.89918,1.84104,1.84104,11890
NKG,6/2/2014 00:00:00,1.84104,1.84104,1.80228,1.84104,17670
NKG,6/3/2014 00:00:00,1.84104,1.86042,1.84104,1.86042,5460
NKG,6/4/2014 00:00:00,1.86042,1.86042,1.76352,1.82166,8730
NKG,6/5/2014 00:00:00,1.7829,1.86042,1.7829,1.86042,6280
NKG,6/6/2014 00:00:00,1.82166,1.86042,1.82166,1.86042,10910
NKG,6/9/2014 00:00:00,1.84104,1.91856,1.84104,1.86042,12630
NKG,6/10/2014 00:00:00,1.86042,1.89918,1.82166,1.89918,9080
NKG,6/11/2014 00:00:00,1.84104,1.86042,1.82166,1.82166,5050
NKG,6/12/2014 00:00:00,1.86042,1.86042,1.7829,1.82166,23680
NKG,6/13/2014 00:00:00,1.80228,1.84104,1.76352,1.84104,31550
NKG,6/16/2014 00:00:00,1.82166,1.82166,1.76352,1.76352,10420
NKG,6/17/2014 00:00:00,1.7829,1.7829,1.74415,1.76352,54250
NKG,6/18/2014 00:00:00,1.7829,1.80228,1.76352,1.80228,27310
NKG,6/19/2014 00:00:00,1.80228,1.80228,1.74415,1.7829,24510
NKG,6/20/2014 00:00:00,1.7829,1.80228,1.7829,1.80228,23500
NKG,6/23/2014 00:00:00,1.7829,1.7829,1.7829,1.7829,28000
NKG,6/24/2014 00:00:00,1.7829,1.80228,1.76352,1.80228,20810
NKG,6/25/2014 00:00:00,1.80228,1.84104,1.76352,1.84104,41730
NKG,6/26/2014 00:00:00,1.80228,1.80228,1.76352,1.76352,47180
NKG,6/27/2014 00:00:00,1.7829,1.80228,1.76352,1.76352,30270
NKG,6/30/2014 00:00:00,1.76352,1.7829,1.76352,1.7829,51190
NKG,7/1/2014 00:00:00,1.7829,1.82166,1.7829,1.82166,19800
NKG,7/2/2014 00:00:00,1.80228,1.82166,1.7829,1.82166,17400
NKG,7/3/2014 00:00:00,1.82166,1.86042,1.7829,1.84104,61490
NKG,7/4/2014 00:00:00,1.86042,1.95732,1.86042,1.95732,219690
NKG,7/7/2014 00:00:00,2.05422,2.09297,1.99608,2.05422,171820
NKG,7/8/2014 00:00:00,2.05422,2.09297,2.01546,2.05422,63120
NKG,7/9/2014 00:00:00,2.05422,2.07359,1.99608,1.99608,98020
NKG,7/10/2014 00:00:00,1.93794,1.9767,1.91856,1.91856,84100
NKG,7/11/2014 00:00:00,1.9767,1.9767,1.91856,1.93794,96080
NKG,7/14/2014 00:00:00,1.93794,1.95732,1.91856,1.95732,1210
NKG,7/15/2014 00:00:00,1.95732,1.9767,1.89918,1.93794,41170
NKG,7/16/2014 00:00:00,1.95732,1.99608,1.8798,1.91856,72990
NKG,7/17/2014 00:00:00,1.91856,1.93794,1.86042,1.8798,52160
NKG,7/18/2014 00:00:00,1.89918,1.89918,1.8798,1.8798,13570
NKG,7/21/2014 00:00:00,1.89918,1.91856,1.86042,1.86042,34860
NKG,7/22/2014 00:00:00,1.9767,1.9767,1.9767,1.9767,117990
NKG,7/23/2014 00:00:00,2.07359,2.09297,2.01546,2.01546,196380
NKG,7/24/2014 00:00:00,2.01546,2.03484,1.93794,1.9767,127940
NKG,7/25/2014 00:00:00,1.99608,1.99608,1.93794,1.95732,44580
NKG,7/28/2014 00:00:00,1.93794,1.93794,1.86042,1.8798,73780
NKG,7/29/2014 00:00:00,1.86042,1.89918,1.86042,1.8798,37230
NKG,7/30/2014 00:00:00,1.86042,1.89918,1.86042,1.8798,3860
NKG,7/31/2014 00:00:00,1.86042,1.89918,1.86042,1.8798,27770
NKG,8/1/2014 00:00:00,1.8798,1.89918,1.84104,1.8798,28500
NKG,8/4/2014 00:00:00,1.89918,1.95732,1.86042,1.95732,47990
NKG,8/5/2014 00:00:00,1.95732,1.95732,1.89918,1.95732,19760
NKG,8/6/2014 00:00:00,1.95732,1.95732,1.91856,1.93794,57250
NKG,8/7/2014 00:00:00,1.95732,1.95732,1.91856,1.95732,40370
NKG,8/8/2014 00:00:00,1.95732,1.99608,1.95732,1.99608,117760
NKG,8/11/2014 00:00:00,1.99608,2.13173,1.99608,2.13173,566160
NKG,8/12/2014 00:00:00,2.18987,2.24801,2.17049,2.20925,200860
NKG,8/13/2014 00:00:00,2.18987,2.22863,2.17049,2.22863,103230
NKG,8/14/2014 00:00:00,2.18987,2.18987,2.09297,2.09297,147610
NKG,8/15/2014 00:00:00,2.09297,2.13173,2.03484,2.11235,226320
NKG,8/18/2014 00:00:00,2.05422,2.17049,2.05422,2.15111,63000
NKG,8/19/2014 00:00:00,2.18987,2.18987,2.13173,2.15111,100340
NKG,8/20/2014 00:00:00,2.13173,2.17049,2.09297,2.11235,81980
NKG,8/21/2014 00:00:00,2.15111,2.15111,2.09297,2.09297,108550
NKG,8/22/2014 00:00:00,2.09297,2.13173,2.07359,2.11235,28120
NKG,8/25/2014 00:00:00,2.09297,2.15111,2.09297,2.11235,106410
NKG,8/26/2014 00:00:00,2.11235,2.13173,2.07359,2.11235,69830
NKG,8/27/2014 00:00:00,2.13173,2.17049,2.11235,2.15111,81000
NKG,8/28/2014 00:00:00,2.15111,2.20925,2.13173,2.18987,88500
NKG,8/29/2014 00:00:00,2.17049,2.20925,2.11235,2.15111,90350
NKG,9/3/2014 00:00:00,2.17049,2.17049,2.09297,2.15111,125880
NKG,9/4/2014 00:00:00,2.15111,2.28677,2.15111,2.28677,261220
NKG,9/5/2014 00:00:00,2.28677,2.32553,2.28677,2.30615,115730
NKG,9/8/2014 00:00:00,2.28677,2.28677,2.24801,2.24801,85190
NKG,9/9/2014 00:00:00,2.22863,2.24801,2.09297,2.09297,216790
NKG,9/10/2014 00:00:00,2.09297,2.11235,2.03484,2.11235,96650
NKG,9/11/2014 00:00:00,2.09297,2.17049,2.05422,2.17049,69790
NKG,9/12/2014 00:00:00,2.13173,2.17049,2.11235,2.13173,83770
NKG,9/15/2014 00:00:00,2.13173,2.13173,2.05422,2.09297,153250
NKG,9/16/2014 00:00:00,2.07359,2.09297,2.03484,2.09297,75800
NKG,9/17/2014 00:00:00,2.07359,2.07359,2.03484,2.03484,86000
NKG,9/18/2014 00:00:00,2.03484,2.03484,1.99608,2.01546,35190
NKG,9/19/2014 00:00:00,1.99608,2.01546,1.99608,1.99608,31860
NKG,9/22/2014 00:00:00,2.01546,2.01546,1.95732,1.95732,61310
NKG,9/23/2014 00:00:00,1.93794,1.9767,1.93794,1.95732,20380
NKG,9/24/2014 00:00:00,1.93794,1.95732,1.89918,1.89918,70080
NKG,9/25/2014 00:00:00,1.89918,2.01546,1.89918,1.9767,138880
NKG,9/26/2014 00:00:00,1.9767,1.99608,1.91856,1.95732,51610
NKG,9/29/2014 00:00:00,1.93794,1.9767,1.93794,1.9767,41920
NKG,9/30/2014 00:00:00,1.9767,1.9767,1.93794,1.95732,43600
NKG,10/1/2014 00:00:00,1.95732,2.09297,1.95732,2.07359,143500
NKG,10/2/2014 00:00:00,2.07359,2.07359,1.99608,2.05422,63720
NKG,10/3/2014 00:00:00,2.03484,2.09297,2.03484,2.07359,95860
NKG,10/6/2014 00:00:00,2.07359,2.11235,2.07359,2.11235,61030
NKG,10/7/2014 00:00:00,2.11235,2.11235,2.05422,2.05422,47150
NKG,10/8/2014 00:00:00,2.03484,2.09297,2.03484,2.05422,112410
NKG,10/9/2014 00:00:00,2.09297,2.18987,2.09297,2.18987,260970
NKG,10/10/2014 00:00:00,2.18987,2.22863,2.15111,2.15111,297600
NKG,10/13/2014 00:00:00,2.13173,2.17049,2.07359,2.17049,122750
NKG,10/14/2014 00:00:00,2.17049,2.18987,2.11235,2.11235,100470
NKG,10/15/2014 00:00:00,2.15111,2.17049,2.09297,2.13173,216700
NKG,10/16/2014 00:00:00,2.13173,2.13173,2.05422,2.09297,170790
NKG,10/17/2014 00:00:00,2.07359,2.09297,2.05422,2.09297,79920
NKG,10/20/2014 00:00:00,2.11235,2.20925,2.09297,2.20925,88360
NKG,10/21/2014 00:00:00,2.32553,2.34491,2.28677,2.30615,417390
NKG,10/22/2014 00:00:00,2.40304,2.46118,2.40304,2.46118,207590
NKG,10/23/2014 00:00:00,2.51932,2.51932,2.38366,2.42242,265040
NKG,10/24/2014 00:00:00,2.38366,2.4418,2.34491,2.38366,210030
NKG,10/27/2014 00:00:00,2.36429,2.36429,2.24801,2.24801,219780
NKG,10/28/2014 00:00:00,2.22863,2.32553,2.22863,2.28677,89770
NKG,10/29/2014 00:00:00,2.30615,2.38366,2.28677,2.38366,119720
NKG,10/30/2014 00:00:00,2.38366,2.40304,2.34491,2.36429,132220
NKG,10/31/2014 00:00:00,2.34491,2.40304,2.34491,2.38366,66440
NKG,11/3/2014 00:00:00,2.38366,2.5387,2.38366,2.5387,763810
NKG,11/4/2014 00:00:00,2.59684,2.69374,2.55808,2.55808,852700
NKG,11/5/2014 00:00:00,2.55808,2.73249,2.5387,2.73249,720780
NKG,11/6/2014 00:00:00,2.75187,2.82939,2.73249,2.79063,366930
NKG,11/7/2014 00:00:00,2.77125,2.81001,2.73249,2.73249,423470
NKG,11/10/2014 00:00:00,2.77125,2.90691,2.75187,2.82939,525280
NKG,11/11/2014 00:00:00,2.84877,2.84877,2.77125,2.77125,356780
NKG,11/12/2014 00:00:00,2.81001,2.84877,2.77125,2.81001,214410
NKG,11/13/2014 00:00:00,2.81001,2.81001,2.77125,2.77125,194120
NKG,11/14/2014 00:00:00,2.77125,2.77125,2.61622,2.69374,472940
NKG,11/17/2014 00:00:00,2.71311,2.82939,2.71311,2.71311,263450
NKG,11/18/2014 00:00:00,2.71311,2.79063,2.65498,2.65498,276650
NKG,11/19/2014 00:00:00,2.61622,2.6356,2.51932,2.55808,435590
NKG,11/20/2014 00:00:00,2.55808,2.73249,2.55808,2.73249,475580
NKG,11/21/2014 00:00:00,2.79063,2.81001,2.65498,2.75187,279760
NKG,11/24/2014 00:00:00,2.67436,2.75187,2.6356,2.71311,125600
NKG,11/25/2014 00:00:00,2.71311,2.75187,2.67436,2.75187,196020
NKG,11/26/2014 00:00:00,2.75187,2.75187,2.57746,2.57746,287300
NKG,11/27/2014 00:00:00,2.61622,2.65498,2.59684,2.61622,100200
NKG,11/28/2014 00:00:00,2.57746,2.65498,2.57746,2.6356,113460
NKG,12/1/2014 00:00:00,2.6356,2.69374,2.6356,2.65498,218020
NKG,12/2/2014 00:00:00,2.67436,2.71311,2.65498,2.71311,117180
NKG,12/3/2014 00:00:00,2.75187,2.88753,2.71311,2.86815,401490
NKG,12/4/2014 00:00:00,2.88753,2.90691,2.82939,2.86815,426990
NKG,12/5/2014 00:00:00,2.82939,2.84877,2.79063,2.81001,197410
NKG,12/8/2014 00:00:00,2.84877,2.84877,2.81001,2.82939,364430
NKG,12/9/2014 00:00:00,2.81001,2.81001,2.73249,2.73249,345390
NKG,12/10/2014 00:00:00,2.69374,2.79063,2.69374,2.77125,177600
NKG,12/11/2014 00:00:00,2.75187,2.75187,2.67436,2.73249,108300
NKG,12/12/2014 00:00:00,2.69374,2.75187,2.69374,2.71311,135530
NKG,12/15/2014 00:00:00,2.71311,2.73249,2.69374,2.71311,115950
NKG,12/16/2014 00:00:00,2.71311,2.71311,2.61622,2.61622,106390
NKG,12/17/2014 00:00:00,2.61622,2.61622,2.4418,2.4418,216780
NKG,12/18/2014 00:00:00,2.46118,2.5387,2.46118,2.51932,88700
NKG,12/19/2014 00:00:00,2.59684,2.59684,2.4418,2.4418,72450
NKG,12/22/2014 00:00:00,2.49994,2.57746,2.49994,2.57746,82500
NKG,12/23/2014 00:00:00,2.57746,2.59684,2.51932,2.55808,46770
NKG,12/24/2014 00:00:00,2.55808,2.59684,2.55808,2.55808,31800
NKG,12/25/2014 00:00:00,2.5387,2.5387,2.49994,2.5387,121840
NKG,12/26/2014 00:00:00,2.5387,2.5387,2.48056,2.51932,33650
NKG,12/29/2014 00:00:00,2.49994,2.51932,2.4418,2.4418,23070
NKG,12/30/2014 00:00:00,2.4418,2.49994,2.4418,2.49994,106130
NKG,12/31/2014 00:00:00,2.57746,2.59684,2.51932,2.59684,52840
NKG,1/5/2015 00:00:00,2.61622,2.77125,2.57746,2.77125,171910
NKG,1/6/2015 00:00:00,2.69374,2.81001,2.69374,2.81001,83990
NKG,1/7/2015 00:00:00,2.81001,2.81001,2.71311,2.71311,77980
NKG,1/8/2015 00:00:00,2.71311,2.84877,2.71311,2.81001,340570
NKG,1/9/2015 00:00:00,2.81001,2.84877,2.81001,2.81001,96110
NKG,1/12/2015 00:00:00,2.90691,2.90691,2.77125,2.81001,154790
NKG,1/13/2015 00:00:00,2.81001,2.84877,2.79063,2.81001,212310
NKG,1/14/2015 00:00:00,2.82939,3.00381,2.82939,2.98443,738960
NKG,1/15/2015 00:00:00,3.04256,3.04256,2.94567,2.96505,315740
NKG,1/16/2015 00:00:00,2.96505,3.00381,2.94567,3.00381,188270
NKG,1/19/2015 00:00:00,2.98443,3.12008,2.98443,3.1007,605430
NKG,1/20/2015 00:00:00,3.13946,3.13946,3.06194,3.08132,177520
NKG,1/21/2015 00:00:00,3.08132,3.13946,3.08132,3.08132,222310
NKG,1/22/2015 00:00:00,3.08132,3.08132,2.96505,3.02318,249360
NKG,1/23/2015 00:00:00,3.02318,3.1007,3.02318,3.1007,283600
NKG,1/26/2015 00:00:00,3.1007,3.1007,3.04256,3.06194,169040
NKG,1/27/2015 00:00:00,3.02318,3.02318,2.84877,2.92629,225800
NKG,1/28/2015 00:00:00,2.92629,3.00381,2.86815,3.00381,135430
NKG,1/29/2015 00:00:00,2.98443,3.02318,2.96505,2.98443,135880
NKG,1/30/2015 00:00:00,2.94567,2.96505,2.90691,2.92629,81000
NKG,2/2/2015 00:00:00,2.92629,2.94567,2.84877,2.84877,116080
NKG,2/3/2015 00:00:00,2.84877,2.86815,2.75187,2.75187,234740
NKG,2/4/2015 00:00:00,2.71311,2.82939,2.71311,2.81001,107340
NKG,2/5/2015 00:00:00,2.82939,2.86815,2.81001,2.81001,40690
NKG,2/6/2015 00:00:00,2.86815,2.86815,2.81001,2.82939,66340
NKG,2/9/2015 00:00:00,2.86815,2.86815,2.82939,2.82939,56250
NKG,2/10/2015 00:00:00,2.77125,2.84877,2.77125,2.82939,12180
NKG,2/11/2015 00:00:00,2.82939,2.96505,2.82939,2.96505,53240
NKG,2/12/2015 00:00:00,2.98443,3.00381,2.92629,2.96505,50260
NKG,2/13/2015 00:00:00,2.96505,3.02318,2.96505,3.02318,141800
NKG,2/24/2015 00:00:00,3.06194,3.06194,3.02318,3.02318,41350
NKG,2/25/2015 00:00:00,3.04256,3.04256,2.94567,2.94567,94760
NKG,2/26/2015 00:00:00,2.92629,2.96505,2.92629,2.94567,40010
NKG,2/27/2015 00:00:00,2.92629,2.92629,2.90691,2.90691,36550
NKG,3/2/2015 00:00:00,2.92629,3.1007,2.90691,3.08132,124330
NKG,3/3/2015 00:00:00,3.08132,3.1007,3.00381,3.04256,103360
NKG,3/4/2015 00:00:00,3.06194,3.06194,3.00381,3.06194,133200
NKG,3/5/2015 00:00:00,3.04256,3.08132,3.04256,3.08132,86980
NKG,3/6/2015 00:00:00,3.06194,3.06194,3.00381,3.04256,36640
NKG,3/9/2015 00:00:00,3.04256,3.04256,2.94567,3.00381,30640
NKG,3/10/2015 00:00:00,3.00381,3.02318,2.98443,3.00381,41640
NKG,3/11/2015 00:00:00,3.00381,3.02318,2.96505,3.00381,40120
NKG,3/12/2015 00:00:00,2.98443,3.02318,2.92629,2.92629,39520
NKG,3/13/2015 00:00:00,2.98443,2.98443,2.92629,2.96505,34970
NKG,3/16/2015 00:00:00,2.96505,2.96505,2.90691,2.90691,21180
NKG,3/17/2015 00:00:00,2.90691,2.96505,2.88753,2.90691,48160
NKG,3/18/2015 00:00:00,2.90691,2.90691,2.84877,2.88753,31780
NKG,3/19/2015 00:00:00,2.88753,2.90691,2.82939,2.82939,37350
NKG,3/20/2015 00:00:00,2.82939,2.86815,2.82939,2.86815,22590
NKG,3/23/2015 00:00:00,2.90691,2.94567,2.86815,2.90691,51040
NKG,3/24/2015 00:00:00,2.86815,2.90691,2.82939,2.88753,41950
NKG,3/25/2015 00:00:00,2.84877,2.88753,2.84877,2.88753,13380
NKG,3/26/2015 00:00:00,2.90691,2.90691,2.86815,2.86815,8610
NKG,3/27/2015 00:00:00,2.88753,2.88753,2.82939,2.84877,49360
NKG,3/30/2015 00:00:00,2.82939,2.86815,2.67436,2.81001,31910
NKG,3/31/2015 00:00:00,2.81001,2.88753,2.81001,2.84877,12100
NKG,4/1/2015 00:00:00,2.81001,2.81001,2.71311,2.71311,38250
NKG,4/2/2015 00:00:00,2.71311,2.84877,2.71311,2.84877,18710
NKG,4/3/2015 00:00:00,2.81001,2.84877,2.81001,2.82939,25470
NKG,4/6/2015 00:00:00,2.82939,2.90691,2.82939,2.88753,130220
NKG,4/7/2015 00:00:00,2.88753,2.88753,2.84877,2.86815,29770
NKG,4/8/2015 00:00:00,2.86815,2.86815,2.81001,2.84877,21710
NKG,4/9/2015 00:00:00,2.79063,2.84877,2.79063,2.82939,9210
NKG,4/10/2015 00:00:00,2.84877,2.84877,2.77125,2.79063,48350
NKG,4/13/2015 00:00:00,2.81001,2.81001,2.75187,2.77125,27950
NKG,4/14/2015 00:00:00,2.79063,2.81001,2.75187,2.79063,21280
NKG,4/15/2015 00:00:00,2.67436,2.81001,2.67436,2.79063,6330
NKG,4/16/2015 00:00:00,2.79063,2.81001,2.75187,2.79063,37350
NKG,4/17/2015 00:00:00,2.75187,2.79063,2.73249,2.75187,25750
NKG,4/20/2015 00:00:00,2.75187,2.79063,2.75187,2.75187,41060
NKG,4/21/2015 00:00:00,2.77125,2.82939,2.77125,2.79063,106640
NKG,4/22/2015 00:00:00,2.81001,2.81001,2.75187,2.75187,58290
NKG,4/23/2015 00:00:00,2.75187,2.79063,2.75187,2.75187,23720
NKG,4/24/2015 00:00:00,2.73249,2.73249,2.69374,2.69374,21870
NKG,4/27/2015 00:00:00,2.61622,2.67436,2.59684,2.65498,9030
NKG,5/4/2015 00:00:00,2.57746,2.67436,2.48056,2.5387,61040
NKG,5/5/2015 00:00:00,2.4418,2.57746,2.4418,2.55808,40510
NKG,5/6/2015 00:00:00,2.51932,2.71311,2.51932,2.55808,43560
NKG,5/7/2015 00:00:00,2.55808,2.67436,2.55808,2.6356,66090
NKG,5/8/2015 00:00:00,2.6356,2.6356,2.57746,2.61622,48310
NKG,5/11/2015 00:00:00,2.61622,2.6356,2.59684,2.61622,50050
NKG,5/12/2015 00:00:00,2.59684,2.6356,2.55808,2.57746,10200
NKG,5/13/2015 00:00:00,2.5387,2.55808,2.40304,2.40304,99840
NKG,5/14/2015 00:00:00,2.4418,2.49994,2.28677,2.28677,23900
NKG,5/15/2015 00:00:00,2.38366,2.38366,2.26739,2.26739,53200
NKG,5/18/2015 00:00:00,2.26739,2.40304,2.20925,2.32553,96880
NKG,5/19/2015 00:00:00,2.22863,2.38366,2.22863,2.30615,40260
NKG,5/20/2015 00:00:00,2.30615,2.46118,2.30615,2.42242,42720
NKG,5/21/2015 00:00:00,2.36429,2.51932,2.34491,2.48056,42000
NKG,5/22/2015 00:00:00,2.51932,2.51932,2.42242,2.42242,3130
NKG,5/25/2015 00:00:00,2.42242,2.55808,2.42242,2.55808,60930
NKG,5/26/2015 00:00:00,2.46118,2.59684,2.46118,2.51932,4310
NKG,5/27/2015 00:00:00,2.4418,2.55808,2.4418,2.51932,69270
NKG,5/28/2015 00:00:00,2.46118,2.51932,2.46118,2.51932,10220
NKG,5/29/2015 00:00:00,2.49994,2.51932,2.34491,2.51932,6280
NKG,6/1/2015 00:00:00,2.48056,2.51932,2.40304,2.51932,29220
NKG,6/2/2015 00:00:00,2.48056,2.48056,2.42242,2.48056,55320
NKG,6/3/2015 00:00:00,2.51932,2.51932,2.48056,2.51932,52410
NKG,6/4/2015 00:00:00,2.69374,2.69374,2.51932,2.57746,21330
NKG,6/5/2015 00:00:00,2.51932,2.71311,2.51932,2.61622,57890
NKG,6/8/2015 00:00:00,2.61622,2.65498,2.57746,2.61622,68850
NKG,6/9/2015 00:00:00,2.61622,2.65498,2.51932,2.5387,166310
NKG,6/10/2015 00:00:00,2.5387,2.65498,2.51932,2.55808,75600
NKG,6/11/2015 00:00:00,2.57746,2.73249,2.55808,2.73249,189230
NKG,6/12/2015 00:00:00,2.73249,2.77125,2.61622,2.73249,38580
NKG,6/15/2015 00:00:00,2.73249,2.81001,2.65498,2.73249,64930
NKG,6/16/2015 00:00:00,2.79063,2.79063,2.71311,2.77125,81240
NKG,6/17/2015 00:00:00,2.75187,2.75187,2.67436,2.73249,66320
NKG,6/18/2015 00:00:00,2.79063,2.79063,2.65498,2.69374,39720
NKG,6/19/2015 00:00:00,2.69374,2.71311,2.65498,2.69374,69870
NKG,6/22/2015 00:00:00,2.69374,2.69374,2.67436,2.67436,14710
NKG,6/23/2015 00:00:00,2.69374,2.77125,2.69374,2.77125,66770
NKG,6/24/2015 00:00:00,2.79063,2.86815,2.79063,2.81001,59050
NKG,6/25/2015 00:00:00,2.90691,2.92629,2.84877,2.90691,207230
NKG,6/26/2015 00:00:00,2.90691,2.92629,2.86815,2.90691,76940
NKG,6/29/2015 00:00:00,2.86815,2.90691,2.84877,2.90691,99510
NKG,6/30/2015 00:00:00,2.88753,3.00381,2.88753,2.90691,198680
NKG,7/1/2015 00:00:00,2.92629,2.92629,2.90691,2.90691,52080
NKG,7/2/2015 00:00:00,2.90691,2.90691,2.86815,2.90691,75100
NKG,7/3/2015 00:00:00,3.07667,3.07667,2.93016,2.93016,56920
NKG,7/6/2015 00:00:00,2.93016,2.99295,2.93016,2.95109,49510
NKG,7/7/2015 00:00:00,2.97202,3.05574,2.97202,3.05574,114180
NKG,7/8/2015 00:00:00,3.05574,3.05574,2.95109,2.95109,64590
NKG,7/9/2015 00:00:00,2.95109,2.99295,2.95109,2.99295,77580
NKG,7/10/2015 00:00:00,3.03481,3.05574,2.99295,3.03481,34620
NKG,7/13/2015 00:00:00,3.03481,3.0976,3.03481,3.05574,28750
NKG,7/14/2015 00:00:00,3.01388,3.07667,2.99295,3.07667,23010
NKG,7/15/2015 00:00:00,3.11853,3.11853,3.01388,3.01388,11450
NKG,7/16/2015 00:00:00,3.01388,3.03481,2.99295,3.03481,43060
NKG,7/17/2015 00:00:00,3.03481,3.03481,3.01388,3.01388,20760
NKG,7/20/2015 00:00:00,2.99295,3.05574,2.95109,3.05574,103630
NKG,7/21/2015 00:00:00,3.11853,3.20225,3.11853,3.20225,144230
NKG,7/22/2015 00:00:00,3.20225,3.20225,3.11853,3.13946,79880
NKG,7/23/2015 00:00:00,3.0976,3.16039,3.07667,3.16039,5030
NKG,7/24/2015 00:00:00,3.16039,3.22318,3.05574,3.22318,42360
NKG,7/27/2015 00:00:00,3.22318,3.24411,3.16039,3.18132,52880
NKG,7/28/2015 00:00:00,3.20225,3.20225,3.11853,3.11853,35660
NKG,7/29/2015 00:00:00,3.05574,3.11853,2.99295,2.99295,28330
NKG,7/30/2015 00:00:00,2.95109,3.03481,2.95109,2.99295,5410
NKG,7/31/2015 00:00:00,3.07667,3.0976,3.03481,3.0976,16230
NKG,8/3/2015 00:00:00,3.03481,3.03481,2.97202,2.97202,64360
NKG,8/4/2015 00:00:00,2.93016,3.03481,2.86737,3.03481,17960
NKG,8/5/2015 00:00:00,2.99295,3.03481,2.93016,3.03481,19140
NKG,8/6/2015 00:00:00,3.03481,3.03481,3.01388,3.01388,10
NKG,8/7/2015 00:00:00,2.95109,2.99295,2.93016,2.99295,23350
NKG,8/10/2015 00:00:00,2.97202,2.97202,2.86737,2.86737,49290
NKG,8/11/2015 00:00:00,2.90923,2.93016,2.8883,2.8883,17550
NKG,8/12/2015 00:00:00,2.86737,3.03481,2.80459,2.8883,19560
NKG,8/13/2015 00:00:00,2.86737,2.86737,2.82552,2.82552,20760
NKG,8/14/2015 00:00:00,2.82552,2.99295,2.82552,2.86737,17510
NKG,8/17/2015 00:00:00,2.86737,2.90923,2.80459,2.86737,18340
NKG,8/18/2015 00:00:00,2.82552,2.93016,2.82552,2.8883,11030
NKG,8/19/2015 00:00:00,2.90923,2.90923,2.7418,2.84644,14310
NKG,8/20/2015 00:00:00,2.78366,2.80459,2.72087,2.80459,12820
NKG,8/21/2015 00:00:00,2.65808,2.76273,2.61622,2.65808,10170
NKG,8/24/2015 00:00:00,2.51157,2.61622,2.49064,2.49064,74560
NKG,8/25/2015 00:00:00,2.36506,2.61622,2.36506,2.51157,42350
NKG,8/26/2015 00:00:00,2.5325,2.65808,2.51157,2.51157,16340
NKG,8/27/2015 00:00:00,2.59529,2.65808,2.59529,2.65808,3460
NKG,8/28/2015 00:00:00,2.5325,2.65808,2.5325,2.65808,24080
NKG,8/31/2015 00:00:00,2.5325,2.5325,2.49064,2.49064,72610
NKG,9/1/2015 00:00:00,2.51157,2.61622,2.49064,2.51157,46290
NKG,9/3/2015 00:00:00,2.51157,2.5325,2.51157,2.51157,51040
NKG,9/4/2015 00:00:00,2.51157,2.5325,2.51157,2.5325,25260
NKG,9/7/2015 00:00:00,2.51157,2.51157,2.49064,2.51157,5600
NKG,9/8/2015 00:00:00,2.5325,2.57436,2.49064,2.57436,38300
NKG,9/9/2015 00:00:00,2.55343,2.59529,2.5325,2.5325,50780
NKG,9/10/2015 00:00:00,2.51157,2.69994,2.49064,2.69994,96250
NKG,9/11/2015 00:00:00,2.78366,2.82552,2.69994,2.82552,58840
NKG,9/14/2015 00:00:00,2.76273,2.78366,2.69994,2.78366,24470
NKG,9/15/2015 00:00:00,2.69994,2.72087,2.67901,2.67901,37190
NKG,9/16/2015 00:00:00,2.72087,2.72087,2.61622,2.67901,21190
NKG,9/17/2015 00:00:00,2.72087,2.76273,2.67901,2.67901,38230
NKG,9/18/2015 00:00:00,2.67901,2.7418,2.67901,2.7418,6500
NKG,9/21/2015 00:00:00,2.7418,2.93016,2.7418,2.90923,51680
NKG,9/22/2015 00:00:00,2.90923,2.93016,2.86737,2.8883,15590
NKG,9/23/2015 00:00:00,2.8883,2.8883,2.80459,2.86737,13610
NKG,9/24/2015 00:00:00,2.90923,2.90923,2.86737,2.8883,17950
NKG,9/25/2015 00:00:00,2.82552,2.8883,2.82552,2.8883,1910
NKG,9/28/2015 00:00:00,2.82552,2.8883,2.82552,2.8883,2790
NKG,9/29/2015 00:00:00,2.7418,2.86737,2.7418,2.86737,7500
NKG,9/30/2015 00:00:00,2.86737,2.8883,2.84644,2.84644,5300
NKG,10/1/2015 00:00:00,2.7418,2.82552,2.7418,2.82552,4520
NKG,10/2/2015 00:00:00,2.76273,2.82552,2.76273,2.82552,3470
NKG,10/5/2015 00:00:00,2.80459,2.84644,2.78366,2.82552,59440
NKG,10/6/2015 00:00:00,2.84644,2.84644,2.78366,2.78366,32440
NKG,10/7/2015 00:00:00,2.82552,2.82552,2.7418,2.78366,12470
NKG,10/8/2015 00:00:00,2.76273,2.97202,2.76273,2.97202,411550
NKG,10/9/2015 00:00:00,3.13946,3.13946,3.03481,3.05574,281310
NKG,10/12/2015 00:00:00,3.07667,3.24411,3.07667,3.20225,509080
NKG,10/13/2015 00:00:00,3.13946,3.28597,3.13946,3.24411,287530
NKG,10/14/2015 00:00:00,3.24411,3.26504,3.22318,3.24411,221890
NKG,10/15/2015 00:00:00,3.24411,3.39062,3.24411,3.32783,295380
NKG,10/16/2015 00:00:00,3.41155,3.41155,3.20225,3.26504,163460
NKG,10/19/2015 00:00:00,3.26504,3.3069,3.18132,3.18132,153870
NKG,10/20/2015 00:00:00,3.18132,3.24411,3.16039,3.24411,213920
NKG,10/21/2015 00:00:00,3.24411,3.26504,3.0976,3.13946,272980
NKG,10/22/2015 00:00:00,3.13946,3.13946,3.03481,3.0976,220520
NKG,10/23/2015 00:00:00,3.07667,3.18132,3.07667,3.0976,96870
NKG,10/26/2015 00:00:00,3.13946,3.3069,3.13946,3.28597,315300
NKG,10/27/2015 00:00:00,3.26504,3.32783,3.26504,3.3069,218300
NKG,10/28/2015 00:00:00,3.32783,3.49527,3.32783,3.39062,282080
NKG,10/29/2015 00:00:00,3.39062,3.43248,3.34876,3.41155,85660
NKG,10/30/2015 00:00:00,3.41155,3.41155,3.32783,3.34876,123030
NKG,11/2/2015 00:00:00,3.3069,3.34876,3.13946,3.13946,245850
NKG,11/3/2015 00:00:00,3.13946,3.20225,3.0976,3.13946,154260
NKG,11/4/2015 00:00:00,3.13946,3.3069,3.13946,3.18132,80470
NKG,11/5/2015 00:00:00,3.18132,3.20225,3.13946,3.20225,51410
NKG,11/6/2015 00:00:00,3.16039,3.16039,3.07667,3.13946,83830
NKG,11/9/2015 00:00:00,3.13946,3.13946,3.05574,3.13946,37940
NKG,11/10/2015 00:00:00,3.11853,3.11853,2.97202,3.03481,91400
NKG,11/11/2015 00:00:00,2.99295,3.05574,2.99295,3.01388,56410
NKG,11/12/2015 00:00:00,3.01388,3.03481,2.93016,2.93016,108200
NKG,11/13/2015 00:00:00,2.93016,3.01388,2.93016,3.01388,61890
NKG,11/16/2015 00:00:00,3.01388,3.03481,2.97202,3.03481,18650
NKG,11/17/2015 00:00:00,2.95109,3.01388,2.95109,3.01388,44910
NKG,11/18/2015 00:00:00,3.03481,3.03481,2.90923,2.90923,160340
NKG,11/19/2015 00:00:00,2.90923,2.90923,2.78366,2.78366,192210
NKG,11/20/2015 00:00:00,2.78366,2.8883,2.78366,2.82552,65770
NKG,11/23/2015 00:00:00,2.84644,2.93016,2.80459,2.8883,28480
NKG,11/24/2015 00:00:00,2.8883,2.8883,2.82552,2.86737,46960
NKG,11/25/2015 00:00:00,2.84644,2.84644,2.76273,2.80459,49100
NKG,11/26/2015 00:00:00,2.76273,2.80459,2.76273,2.76273,61640
NKG,11/27/2015 00:00:00,2.80459,2.82552,2.76273,2.80459,78220
NKG,11/30/2015 00:00:00,2.80459,2.84644,2.76273,2.82552,58720
NKG,12/1/2015 00:00:00,2.82552,2.97202,2.82552,2.93016,100280
NKG,12/2/2015 00:00:00,2.82552,2.99295,2.82552,2.93016,27220
NKG,12/3/2015 00:00:00,2.90923,2.90923,2.8883,2.8883,20690
NKG,12/4/2015 00:00:00,2.84644,2.86737,2.82552,2.82552,26560
NKG,12/7/2015 00:00:00,2.82552,2.8883,2.82552,2.8883,7730
NKG,12/8/2015 00:00:00,2.86737,2.86737,2.7418,2.86737,4080
NKG,12/9/2015 00:00:00,2.80459,2.84644,2.80459,2.80459,11940
NKG,12/10/2015 00:00:00,2.80459,2.80459,2.76273,2.80459,18710
NKG,12/11/2015 00:00:00,2.80459,2.80459,2.72087,2.80459,17850
NKG,12/14/2015 00:00:00,2.80459,2.80459,2.72087,2.78366,9520
NKG,12/15/2015 00:00:00,2.72087,2.76273,2.72087,2.76273,39680
NKG,12/16/2015 00:00:00,2.82552,2.82552,2.76273,2.76273,27010
NKG,12/17/2015 00:00:00,2.76273,2.76273,2.7418,2.7418,75190
NKG,12/18/2015 00:00:00,2.76273,2.76273,2.61622,2.72087,57300
NKG,12/21/2015 00:00:00,2.69994,2.72087,2.63715,2.72087,27860
NKG,12/22/2015 00:00:00,2.72087,2.90923,2.59529,2.90923,40210
NKG,12/23/2015 00:00:00,2.82552,2.82552,2.72087,2.78366,75000
NKG,12/24/2015 00:00:00,2.65808,2.78366,2.65808,2.78366,1610
NKG,12/25/2015 00:00:00,2.72087,2.72087,2.65808,2.65808,5710
NKG,12/28/2015 00:00:00,2.65808,2.65808,2.55343,2.61622,38960
NKG,12/29/2015 00:00:00,2.61622,2.61622,2.55343,2.61622,2680
NKG,12/30/2015 00:00:00,2.65808,2.67901,2.61622,2.65808,8430
NKG,12/31/2015 00:00:00,2.61622,2.65808,2.57436,2.63715,24770
NKG,1/4/2016 00:00:00,2.65808,2.69994,2.63715,2.67901,11110
NKG,1/5/2016 00:00:00,2.67901,2.69994,2.57436,2.63715,10610
NKG,1/6/2016 00:00:00,2.61622,2.67901,2.61622,2.67901,53320
NKG,1/7/2016 00:00:00,2.67901,2.67901,2.57436,2.57436,50210
NKG,1/8/2016 00:00:00,2.42785,2.59529,2.42785,2.51157,22750
NKG,1/11/2016 00:00:00,2.59529,2.59529,2.44878,2.57436,58110
NKG,1/12/2016 00:00:00,2.55343,2.55343,2.49064,2.55343,29870
NKG,1/13/2016 00:00:00,2.59529,2.59529,2.49064,2.51157,28870
NKG,1/14/2016 00:00:00,2.51157,2.61622,2.49064,2.61622,64360
NKG,1/15/2016 00:00:00,2.5325,2.55343,2.51157,2.51157,28580
NKG,1/18/2016 00:00:00,2.49064,2.51157,2.44878,2.44878,57100
NKG,1/19/2016 00:00:00,2.46971,2.51157,2.44878,2.51157,4470
NKG,1/20/2016 00:00:00,2.5325,2.67901,2.51157,2.51157,61690
NKG,1/21/2016 00:00:00,2.59529,2.63715,2.46971,2.46971,100330
NKG,1/22/2016 00:00:00,2.51157,2.61622,2.49064,2.59529,35090
NKG,1/25/2016 00:00:00,2.59529,2.69994,2.59529,2.69994,88130
NKG,1/26/2016 00:00:00,2.72087,2.72087,2.69994,2.72087,56150
NKG,1/27/2016 00:00:00,2.82552,2.82552,2.69994,2.69994,850
NKG,1/28/2016 00:00:00,2.72087,2.72087,2.59529,2.67901,61170
NKG,1/29/2016 00:00:00,2.83933,2.83933,2.64845,2.81547,50830
NKG,2/1/2016 00:00:00,2.79161,2.91091,2.76775,2.86319,12050
NKG,2/2/2016 00:00:00,2.81547,2.81547,2.81547,2.81547,8600
NKG,2/3/2016 00:00:00,2.76775,2.79161,2.72003,2.76775,1690
NKG,2/4/2016 00:00:00,2.62459,2.79161,2.62459,2.76775,36980
NKG,2/5/2016 00:00:00,2.72003,2.79161,2.72003,2.79161,5600
NKG,2/15/2016 00:00:00,2.76775,2.79161,2.76775,2.79161,22220
NKG,2/16/2016 00:00:00,2.76775,2.88705,2.76775,2.86319,21520
NKG,2/17/2016 00:00:00,2.81547,2.88705,2.81547,2.88705,780
NKG,2/18/2016 00:00:00,2.76775,2.91091,2.74389,2.91091,42670
NKG,2/19/2016 00:00:00,2.79161,2.83933,2.74389,2.83933,46870
NKG,2/22/2016 00:00:00,2.79161,2.79161,2.74389,2.79161,52950
NKG,2/23/2016 00:00:00,2.76775,2.83933,2.69617,2.72003,37080
NKG,2/24/2016 00:00:00,2.72003,2.74389,2.62459,2.69617,38650
NKG,2/25/2016 00:00:00,2.76775,2.76775,2.69617,2.69617,14270
NKG,2/26/2016 00:00:00,2.69617,2.79161,2.69617,2.76775,11160
NKG,2/29/2016 00:00:00,2.74389,2.81547,2.72003,2.79161,11320
NKG,3/1/2016 00:00:00,2.76775,2.76775,2.69617,2.74389,8640
NKG,3/2/2016 00:00:00,2.74389,2.79161,2.67231,2.67231,18660
NKG,3/3/2016 00:00:00,2.74389,2.74389,2.69617,2.74389,10740
NKG,3/4/2016 00:00:00,2.74389,2.74389,2.67231,2.72003,7240
NKG,3/7/2016 00:00:00,2.72003,2.72003,2.67231,2.69617,37980
NKG,3/8/2016 00:00:00,2.74389,2.86319,2.74389,2.86319,82440
NKG,3/9/2016 00:00:00,2.88705,2.91091,2.86319,2.86319,59280
NKG,3/10/2016 00:00:00,2.86319,2.95863,2.86319,2.95863,61560
NKG,3/11/2016 00:00:00,3.00635,3.07793,2.98249,3.05407,135580
NKG,3/14/2016 00:00:00,3.12565,3.12565,3.05407,3.07793,28090
NKG,3/15/2016 00:00:00,3.10179,3.17337,3.05407,3.17337,45170
NKG,3/16/2016 00:00:00,3.12565,3.17337,3.03021,3.05407,69910
NKG,3/17/2016 00:00:00,3.10179,3.10179,2.95863,3.07793,3470
NKG,3/18/2016 00:00:00,3.00635,3.05407,2.98249,3.00635,26200
NKG,3/21/2016 00:00:00,3.03021,3.05407,2.93477,2.93477,65870
NKG,3/22/2016 00:00:00,2.93477,3.00635,2.91091,3.00635,60270
NKG,3/23/2016 00:00:00,3.17337,3.17337,3.00635,3.00635,29130
NKG,3/24/2016 00:00:00,3.00635,3.05407,2.93477,2.95863,17680
NKG,3/25/2016 00:00:00,2.95863,3.10179,2.93477,3.10179,17270
NKG,3/28/2016 00:00:00,3.10179,3.17337,3.05407,3.17337,44700
NKG,3/29/2016 00:00:00,3.17337,3.17337,3.00635,3.10179,7290
NKG,3/30/2016 00:00:00,3.07793,3.10179,3.00635,3.07793,12000
NKG,3/31/2016 00:00:00,2.86319,3.07793,2.86319,3.07793,25750
NKG,4/1/2016 00:00:00,2.93477,3.05407,2.88705,3.05407,47660
NKG,4/4/2016 00:00:00,2.88705,3.05407,2.88705,2.93477,17040
NKG,4/5/2016 00:00:00,2.86319,2.98249,2.86319,2.98249,8070
NKG,4/6/2016 00:00:00,2.98249,2.98249,2.88705,2.98249,4770
NKG,4/7/2016 00:00:00,3.05407,3.17337,3.03021,3.17337,137870
NKG,4/8/2016 00:00:00,3.22109,3.38811,3.22109,3.38811,956880
NKG,4/11/2016 00:00:00,3.60285,3.60285,3.57899,3.60285,966730
NKG,4/12/2016 00:00:00,3.60285,3.62671,3.53127,3.53127,245850
NKG,4/13/2016 00:00:00,3.48355,3.60285,3.45969,3.53127,312870
NKG,4/14/2016 00:00:00,3.53127,3.69829,3.53127,3.65057,346160
NKG,4/15/2016 00:00:00,3.72215,3.72215,3.60285,3.62671,235770
NKG,4/19/2016 00:00:00,3.50741,3.57899,3.41197,3.43583,255980
NKG,4/20/2016 00:00:00,3.50741,3.60285,3.45969,3.57899,371110
NKG,4/21/2016 00:00:00,3.57899,3.81758,3.57899,3.81758,445100
NKG,4/22/2016 00:00:00,3.9846,4.05618,3.81758,3.96074,152070
NKG,4/25/2016 00:00:00,3.96074,4.12776,3.91302,4.00846,333340
NKG,4/26/2016 00:00:00,4.00846,4.00846,3.81758,3.93688,200300
NKG,4/27/2016 00:00:00,3.91302,4.00846,3.84144,3.84144,176290
NKG,4/28/2016 00:00:00,3.84144,3.93688,3.84144,3.91302,119850
NKG,4/29/2016 00:00:00,3.91302,4.17548,3.91302,4.17548,566700
NKG,5/4/2016 00:00:00,4.3425,4.41408,4.29478,4.39022,385090
NKG,5/5/2016 00:00:00,4.43794,4.50952,4.19934,4.2232,395600
NKG,5/6/2016 00:00:00,4.19934,4.2232,4.05618,4.05618,270620
NKG,5/9/2016 00:00:00,3.9846,4.2232,3.9846,4.05618,226550
NKG,5/10/2016 00:00:00,4.05618,4.15162,3.93688,4.00846,157750
NKG,5/11/2016 00:00:00,4.05618,4.15162,3.9846,4.15162,265160
NKG,5/12/2016 00:00:00,4.19934,4.19934,4.00846,4.05618,182340
NKG,5/13/2016 00:00:00,4.03232,4.05618,3.8653,3.93688,338380
NKG,5/16/2016 00:00:00,3.93688,3.93688,3.79372,3.79372,135800
NKG,5/17/2016 00:00:00,3.91302,4.03232,3.84144,4.03232,165910
NKG,5/18/2016 00:00:00,4.03232,4.03232,3.91302,3.96074,167110
NKG,5/19/2016 00:00:00,3.91302,4.00846,3.91302,3.9846,107230
NKG,5/20/2016 00:00:00,4.03232,4.03232,3.88916,3.88916,123260
NKG,5/23/2016 00:00:00,3.93688,4.03232,3.91302,3.9846,112810
NKG,5/24/2016 00:00:00,4.03232,4.12776,3.9846,4.12776,237210
NKG,5/25/2016 00:00:00,4.12776,4.17548,4.05618,4.08004,101670
NKG,5/26/2016 00:00:00,4.12776,4.12776,3.9846,3.9846,101660
NKG,5/27/2016 00:00:00,3.96074,4.08004,3.96074,4.03232,186270
NKG,5/30/2016 00:00:00,4.05618,4.15162,4.05618,4.15162,117510
NKG,5/31/2016 00:00:00,4.19934,4.19934,4.08004,4.17548,219410
NKG,6/1/2016 00:00:00,4.17548,4.29478,4.12776,4.27092,322770
NKG,6/2/2016 00:00:00,4.29478,4.48566,4.29478,4.39022,231690
NKG,6/3/2016 00:00:00,4.41408,4.48566,4.39022,4.39022,180520
NKG,6/6/2016 00:00:00,4.39022,4.41408,4.17548,4.17548,361580
NKG,6/7/2016 00:00:00,4.15162,4.41408,4.15162,4.41408,373310
NKG,6/8/2016 00:00:00,4.41408,4.67654,4.41408,4.60496,719750
NKG,6/9/2016 00:00:00,4.67654,4.67654,4.5811,4.60496,475380
NKG,6/10/2016 00:00:00,4.65268,4.91514,4.60496,4.79584,602070
NKG,6/13/2016 00:00:00,4.79584,4.98672,4.79584,4.89128,441920
NKG,6/14/2016 00:00:00,4.77198,4.91514,4.77198,4.89128,836450
NKG,6/15/2016 00:00:00,4.77198,5.0583,4.77198,5.0583,524410
NKG,6/16/2016 00:00:00,5.0583,5.0583,4.96286,5.01058,627640
NKG,6/17/2016 00:00:00,5.01058,5.12988,4.89128,4.91514,732780
NKG,6/20/2016 00:00:00,5.12988,5.12988,5.01058,5.0583,199540
NKG,6/21/2016 00:00:00,5.0583,5.15374,4.939,4.96286,219470
NKG,6/22/2016 00:00:00,5.03444,5.15374,5.03444,5.10602,252990
NKG,6/23/2016 00:00:00,5.24918,5.4162,5.22532,5.24918,422670
NKG,6/24/2016 00:00:00,5.36848,5.36848,4.89128,5.24918,641360
NKG,6/27/2016 00:00:00,5.39234,5.60708,5.27304,5.5355,460900
NKG,6/28/2016 00:00:00,5.72638,5.7741,5.60708,5.6548,405290
NKG,6/29/2016 00:00:00,5.6548,6.03656,5.58322,5.86954,398920
NKG,6/30/2016 00:00:00,5.86954,6.132,5.86954,5.96498,501240
NKG,7/1/2016 00:00:00,5.96498,6.10814,5.96498,5.96498,553210
NKG,7/4/2016 00:00:00,6.132,6.27516,6.06042,6.2513,942730
NKG,7/5/2016 00:00:00,6.68077,6.68077,6.29901,6.53761,510090
NKG,7/6/2016 00:00:00,6.44217,6.68077,6.39445,6.65691,419940
NKG,7/7/2016 00:00:00,6.80007,6.84779,6.44217,6.56147,584760
NKG,7/8/2016 00:00:00,6.72849,6.89551,6.53761,6.63305,919360
NKG,7/11/2016 00:00:00,6.72849,6.75235,6.44217,6.44217,598460
NKG,7/12/2016 00:00:00,6.44217,6.53761,6.22744,6.41831,501660
NKG,7/13/2016 00:00:00,6.39445,6.56147,6.39445,6.46603,462080
NKG,7/14/2016 00:00:00,6.46603,6.48989,6.03656,6.03656,396810
NKG,7/15/2016 00:00:00,5.91726,6.15586,5.84568,5.84568,482810
NKG,7/18/2016 00:00:00,6.03656,6.2513,5.94112,6.2513,633200
NKG,7/19/2016 00:00:00,6.56147,6.56147,6.10814,6.20358,645510
NKG,7/20/2016 00:00:00,6.20358,6.34673,6.15586,6.29901,336130
NKG,7/21/2016 00:00:00,6.72849,6.72849,6.63305,6.65691,1.87283e+006
NKG,7/22/2016 00:00:00,6.68077,6.68077,6.32287,6.56147,476910
NKG,7/25/2016 00:00:00,6.82393,6.82393,6.44217,6.65691,562950
NKG,7/26/2016 00:00:00,6.56147,6.65691,6.2513,6.34673,449070
NKG,7/27/2016 00:00:00,6.44217,6.44217,6.27516,6.39445,359370
NKG,7/28/2016 00:00:00,6.44217,6.48989,6.37059,6.39445,376910
NKG,7/29/2016 00:00:00,6.39445,6.39445,6.27516,6.29901,309660
NKG,8/1/2016 00:00:00,6.29901,6.29901,6.10814,6.15586,265550
NKG,8/2/2016 00:00:00,6.08428,6.08428,5.82182,5.84568,434670
NKG,8/3/2016 00:00:00,5.79796,6.0127,5.79796,5.98884,239240
NKG,8/4/2016 00:00:00,6.06042,6.20358,6.0127,6.03656,260820
NKG,8/5/2016 00:00:00,6.06042,6.41831,5.96498,6.39445,757400
NKG,8/8/2016 00:00:00,6.53761,6.53761,6.39445,6.46603,623070
NKG,8/9/2016 00:00:00,6.48989,6.53761,6.39445,6.46603,281690
NKG,8/10/2016 00:00:00,6.48989,6.58533,6.44217,6.53761,454760
NKG,8/11/2016 00:00:00,6.56147,6.99095,6.53761,6.99095,1.19704e+006
NKG,8/12/2016 00:00:00,7.32499,7.32499,6.99095,7.20569,1.00392e+006
NKG,8/15/2016 00:00:00,7.15797,7.58745,7.15797,7.46815,727460
NKG,8/16/2016 00:00:00,7.53973,7.68289,7.44429,7.63517,942130
NKG,8/17/2016 00:00:00,7.61131,7.87377,7.49201,7.77833,627750
NKG,8/18/2016 00:00:00,7.82605,7.96921,7.75447,7.87377,825760
NKG,8/19/2016 00:00:00,7.56359,7.92149,7.56359,7.56359,1.12085e+006
NKG,8/22/2016 00:00:00,7.44429,7.73061,7.44429,7.61131,556700
NKG,8/23/2016 00:00:00,7.61131,7.94535,7.51587,7.94535,475500
NKG,8/24/2016 00:00:00,8.11237,8.49413,8.08851,8.49413,1.2961e+006
NKG,8/25/2016 00:00:00,8.82817,9.06676,8.70887,8.99518,648610
NKG,8/26/2016 00:00:00,8.99518,9.06676,8.73273,8.87588,675460
NKG,8/29/2016 00:00:00,8.80431,9.1622,8.73273,8.80431,900630
NKG,8/30/2016 00:00:00,8.94746,9.4008,8.75659,9.4008,787160
NKG,8/31/2016 00:00:00,9.78256,9.85414,9.49624,9.80642,490980
NKG,9/1/2016 00:00:00,9.878,9.90186,9.59168,9.90186,487230
NKG,9/5/2016 00:00:00,10.1643,10.4745,10.0212,10.045,1.29722e+006
NKG,9/6/2016 00:00:00,9.94958,10.1882,9.35308,9.35308,824460
NKG,9/7/2016 00:00:00,8.94746,9.54396,8.82817,9.54396,1.34829e+006
NKG,9/8/2016 00:00:00,9.54396,9.73484,9.42466,9.71098,665880
NKG,9/9/2016 00:00:00,9.78256,9.78256,9.56782,9.59168,243560
NKG,9/12/2016 00:00:00,9.35308,9.54396,9.06676,9.06676,552510
NKG,9/13/2016 00:00:00,8.94746,9.2815,8.94746,9.06676,554100
NKG,9/14/2016 00:00:00,9.11448,9.18606,8.82817,8.89974,402690
NKG,9/15/2016 00:00:00,8.82817,8.82817,8.35097,8.51799,849300
NKG,9/16/2016 00:00:00,8.58957,8.78045,8.51799,8.68501,280820
NKG,9/19/2016 00:00:00,8.82817,9.20992,8.82817,9.18606,595130
NKG,9/20/2016 00:00:00,9.30536,9.37694,9.06676,9.29343,511220
NKG,9/21/2016 00:00:00,9.42466,9.54396,9.30536,9.37694,306670
NKG,9/22/2016 00:00:00,9.42466,9.49624,9.37694,9.44852,362180
NKG,9/23/2016 00:00:00,9.42466,9.49624,9.18606,9.37694,320440
NKG,9/26/2016 00:00:00,9.37694,9.42466,9.23378,9.42466,340350
NKG,9/27/2016 00:00:00,9.42466,10.0808,9.35308,10.0808,864480
NKG,9/28/2016 00:00:00,10.3194,10.3791,10.212,10.3075,421220
NKG,9/29/2016 00:00:00,10.212,10.3075,9.90186,9.9973,415590
NKG,9/30/2016 00:00:00,9.94958,10.212,9.85414,9.90186,885940
NKG,10/3/2016 00:00:00,9.78256,9.94958,9.47238,9.56782,1.02541e+006
NKG,10/4/2016 00:00:00,9.47238,9.54396,9.13834,9.18606,753370
NKG,10/5/2016 00:00:00,9.18606,9.47238,9.18606,9.32922,275580
NKG,10/6/2016 00:00:00,9.44852,9.54396,9.1622,9.1622,461370
NKG,10/7/2016 00:00:00,9.30536,9.30536,8.82817,9.25764,521280
NKG,10/10/2016 00:00:00,9.25764,9.25764,8.87588,8.87588,236990
NKG,10/11/2016 00:00:00,8.9236,9.18606,8.57764,9.1622,348960
NKG,10/12/2016 00:00:00,9.30536,9.30536,8.9236,8.94746,151270
NKG,10/13/2016 00:00:00,8.94746,9.06676,8.82817,8.94746,222400
NKG,10/14/2016 00:00:00,8.89974,9.06676,8.78045,8.87588,311880
NKG,10/17/2016 00:00:00,8.93553,8.93553,8.68501,8.73273,199430
NKG,10/18/2016 00:00:00,8.73273,8.73273,8.56571,8.58957,324090
NKG,10/19/2016 00:00:00,8.58957,8.97132,8.58957,8.86395,293880
NKG,10/20/2016 00:00:00,8.86395,9.05483,8.78045,8.91167,168240
NKG,10/21/2016 00:00:00,9.03097,9.11448,8.80431,9.11448,370930
NKG,10/24/2016 00:00:00,9.2815,9.42466,9.13834,9.20992,439500
NKG,10/25/2016 00:00:00,9.20992,9.23378,8.87588,8.9236,291410
NKG,10/26/2016 00:00:00,8.94746,8.97132,8.63729,8.82817,229850
NKG,10/27/2016 00:00:00,8.82817,8.82817,8.70887,8.70887,165870
NKG,10/28/2016 00:00:00,8.70887,8.89974,8.63729,8.89974,243680
NKG,10/31/2016 00:00:00,8.97132,8.97132,8.61343,8.63729,163640
NKG,11/1/2016 00:00:00,8.63729,8.80431,8.58957,8.70887,166390
NKG,11/2/2016 00:00:00,8.63729,8.78045,8.58957,8.61343,111710
NKG,11/3/2016 00:00:00,8.58957,8.62536,8.32711,8.62536,383340
NKG,11/4/2016 00:00:00,8.54185,8.70887,8.49413,8.58957,107270
NKG,11/7/2016 00:00:00,8.66115,8.9236,8.63729,8.85203,291080
NKG,11/8/2016 00:00:00,8.89974,8.89974,8.66115,8.67308,407920
NKG,11/9/2016 00:00:00,8.80431,8.80431,8.16009,8.73273,424140
NKG,11/10/2016 00:00:00,8.89974,9.34115,8.70887,9.32922,1.567e+006
NKG,11/11/2016 00:00:00,9.32922,9.35308,9.11448,9.30536,529340
NKG,11/14/2016 00:00:00,9.30536,9.5201,9.30536,9.5201,489620
NKG,11/15/2016 00:00:00,9.54396,9.6394,9.47238,9.54396,619880
NKG,11/16/2016 00:00:00,9.54396,9.59168,9.18606,9.18606,519820
NKG,11/17/2016 00:00:00,9.13834,9.25764,8.95939,8.97132,388780
NKG,11/18/2016 00:00:00,9.01904,9.0429,8.84009,9.0429,322360
NKG,11/21/2016 00:00:00,9.0429,9.18606,8.94746,9.06676,182090
NKG,11/22/2016 00:00:00,9.06676,9.2815,9.06676,9.06676,281730
NKG,11/23/2016 00:00:00,9.06676,9.15027,9.0429,9.06676,137020
NKG,11/24/2016 00:00:00,8.47027,9.18606,8.47027,9.03097,255040
NKG,11/25/2016 00:00:00,9.01904,9.11448,9.01904,9.09062,178730
NKG,11/28/2016 00:00:00,9.09062,9.09062,8.85203,8.87588,209690
NKG,11/29/2016 00:00:00,8.82817,9.01904,8.82817,8.89974,196580
NKG,11/30/2016 00:00:00,8.82817,8.99518,8.68501,8.82817,323040
NKG,12/1/2016 00:00:00,8.78045,9.06676,8.73273,8.94746,225530
NKG,12/2/2016 00:00:00,8.94746,9.01904,8.70887,8.76851,103900
NKG,12/5/2016 00:00:00,8.73273,8.82817,8.73273,8.75659,150500
NKG,12/6/2016 00:00:00,8.82817,8.82817,8.42255,8.44641,214860
NKG,12/7/2016 00:00:00,8.44641,8.54185,8.39869,8.39869,117260
NKG,12/8/2016 00:00:00,8.39869,8.58957,8.39869,8.41062,99840
NKG,12/9/2016 00:00:00,8.41062,8.54185,8.39869,8.43448,124670
NKG,12/12/2016 00:00:00,8.35097,8.44641,8.11237,8.11237,96190
NKG,12/13/2016 00:00:00,8.11237,8.49413,7.84991,8.49413,305540
NKG,12/14/2016 00:00:00,8.47027,8.68501,8.47027,8.68501,214670
NKG,12/15/2016 00:00:00,8.75659,8.75659,8.51799,8.56571,119470
NKG,12/16/2016 00:00:00,8.47027,8.58957,8.32711,8.47027,143990
NKG,12/19/2016 00:00:00,8.3629,8.47027,8.32711,8.35097,185190
NKG,12/20/2016 00:00:00,8.47027,8.47027,8.30325,8.39869,120060
NKG,12/21/2016 00:00:00,8.31518,8.57764,8.31518,8.49413,229620
NKG,12/22/2016 00:00:00,8.47027,8.63729,8.44641,8.44641,149690
NKG,12/23/2016 00:00:00,8.37483,8.58957,8.37483,8.37483,58760
NKG,12/26/2016 00:00:00,8.35097,8.44641,8.33904,8.33904,152530
NKG,12/27/2016 00:00:00,8.16009,8.35097,8.16009,8.32711,128860
NKG,12/28/2016 00:00:00,8.32711,8.42255,8.32711,8.37483,88220
NKG,12/29/2016 00:00:00,8.37483,8.47027,8.33904,8.33904,50940
NKG,12/30/2016 00:00:00,8.38676,8.38676,8.32711,8.35097,90220
NKG,1/3/2017 00:00:00,8.30325,8.51799,8.30325,8.51799,79460
NKG,1/4/2017 00:00:00,8.54185,8.82817,8.54185,8.70887,231890
NKG,1/5/2017 00:00:00,8.73273,8.87588,8.66115,8.78045,208840
NKG,1/6/2017 00:00:00,8.80431,8.9236,8.66115,8.66115,163300
NKG,1/9/2017 00:00:00,8.66115,8.82817,8.66115,8.80431,224430
NKG,1/10/2017 00:00:00,9.0429,9.0429,8.9236,8.94746,450720
NKG,1/11/2017 00:00:00,8.9236,9.06676,8.9236,8.98325,162020
NKG,1/12/2017 00:00:00,9.0429,9.0429,8.88781,8.89974,183470
NKG,1/13/2017 00:00:00,8.82817,8.99518,8.82817,8.84009,119760
NKG,1/16/2017 00:00:00,8.82817,8.94746,8.49413,8.51799,216790
NKG,1/17/2017 00:00:00,8.47027,8.70887,8.47027,8.58957,122740
NKG,1/18/2017 00:00:00,8.58957,8.68501,8.52992,8.52992,73270
NKG,1/19/2017 00:00:00,8.45834,8.63729,8.42255,8.42255,64680
NKG,1/20/2017 00:00:00,8.35097,8.61343,8.35097,8.41062,155300
NKG,1/23/2017 00:00:00,8.42255,8.54185,8.30325,8.35097,355190
NKG,1/24/2017 00:00:00,8.39869,8.39869,8.35097,8.35097,82850
NKG,1/25/2017 00:00:00,8.35097,8.42255,8.32711,8.42255,95800
NKG,2/2/2017 00:00:00,8.57764,8.57764,8.35097,8.3629,127060
NKG,2/3/2017 00:00:00,8.35097,8.50606,8.35097,8.39869,171610
NKG,2/6/2017 00:00:00,8.50606,8.51799,8.42255,8.50606,176950
NKG,2/7/2017 00:00:00,8.54185,8.61343,8.51799,8.54185,292190
NKG,2/8/2017 00:00:00,8.54185,8.79237,8.54185,8.79237,331660
NKG,2/9/2017 00:00:00,8.87588,9.09062,8.82817,9.00711,544250
NKG,2/10/2017 00:00:00,9.11448,9.18606,8.99518,9.03097,522140
NKG,2/13/2017 00:00:00,9.01904,9.1622,8.97132,9.01904,417080
NKG,2/14/2017 00:00:00,9.06676,9.25764,9.06676,9.20992,622330
NKG,2/15/2017 00:00:00,9.20992,9.25764,9.1622,9.18606,333080
NKG,2/16/2017 00:00:00,9.23378,9.25764,8.55378,8.99518,368620
NKG,2/17/2017 00:00:00,8.78045,8.94746,8.70887,8.87588,591770
NKG,2/20/2017 00:00:00,8.58957,8.9236,8.58957,8.89974,518600
NKG,2/21/2017 00:00:00,8.89974,9.0429,8.87588,8.99518,230500
NKG,2/22/2017 00:00:00,9.01904,9.01904,8.79237,8.85203,388630
NKG,2/23/2017 00:00:00,8.80431,8.94746,8.70887,8.82817,222330
NKG,2/24/2017 00:00:00,8.80431,8.82817,8.70887,8.74465,255480
NKG,2/27/2017 00:00:00,8.74465,8.97132,8.72079,8.97132,226310
NKG,2/28/2017 00:00:00,8.97132,9.06676,8.70887,8.70887,236810
NKG,3/1/2017 00:00:00,8.70887,8.70887,8.6015,8.66115,135620
NKG,3/2/2017 00:00:00,8.67308,8.80431,8.63729,8.76851,68930
NKG,3/3/2017 00:00:00,8.66115,8.80431,8.64922,8.66115,86510
NKG,3/6/2017 00:00:00,8.78045,8.78045,8.63729,8.69694,129990
NKG,3/7/2017 00:00:00,8.69694,8.79237,8.68501,8.75659,188710
NKG,3/8/2017 00:00:00,8.79237,8.93553,8.75659,8.85203,199350
NKG,3/9/2017 00:00:00,8.89974,8.9236,8.87588,8.91167,251520
NKG,3/10/2017 00:00:00,8.93553,8.93553,8.87588,8.87588,224090
NKG,3/13/2017 00:00:00,8.87588,8.89974,8.75659,8.75659,207390
NKG,3/14/2017 00:00:00,8.78045,8.78045,8.63729,8.63729,253330
NKG,3/15/2017 00:00:00,8.6015,8.6015,8.4822,8.4822,229730
NKG,3/16/2017 00:00:00,8.41062,8.70887,8.41062,8.63729,68440
NKG,3/17/2017 00:00:00,8.54185,8.70887,8.47027,8.55378,86640
NKG,3/20/2017 00:00:00,8.57764,8.70887,8.49413,8.70887,124930
NKG,3/21/2017 00:00:00,8.68501,8.81623,8.68501,8.80431,189860
NKG,3/22/2017 00:00:00,8.80431,8.81623,8.63729,8.63729,139800
NKG,3/23/2017 00:00:00,8.69694,8.69694,8.63729,8.66115,49060
NKG,3/24/2017 00:00:00,8.64922,8.72079,8.61343,8.61343,177500
NKG,3/27/2017 00:00:00,8.61343,8.66115,8.55378,8.55378,155510
NKG,3/28/2017 00:00:00,8.63729,8.74465,8.63729,8.73273,122130
NKG,3/29/2017 00:00:00,8.73273,8.91167,8.70887,8.87588,227170
NKG,3/30/2017 00:00:00,8.87588,9.42466,8.82817,9.36501,1.09845e+006
NKG,3/31/2017 00:00:00,9.66326,9.85414,9.59168,9.66326,784710
NKG,4/3/2017 00:00:00,9.78256,10.1405,9.73484,9.85414,665080
NKG,4/4/2017 00:00:00,9.78256,10.0212,9.68712,10.0092,728670
NKG,4/5/2017 00:00:00,10.0212,10.1405,9.92572,10.0212,570060
NKG,4/7/2017 00:00:00,10.0212,10.3075,9.92572,10.2598,872350
NKG,4/10/2017 00:00:00,10.3791,10.6177,10.3552,10.6177,988610
NKG,4/11/2017 00:00:00,10.737,10.737,10.5222,10.6177,576240
NKG,4/12/2017 00:00:00,10.6177,10.6177,10.212,10.2836,693320
NKG,4/13/2017 00:00:00,10.1405,10.3075,9.97344,9.97344,913230
NKG,4/14/2017 00:00:00,9.85414,10.0212,9.4008,9.80642,617180
NKG,4/17/2017 00:00:00,9.80642,9.94958,9.59168,9.59168,523620
NKG,4/18/2017 00:00:00,9.59168,9.80642,9.54396,9.78256,420870
NKG,4/19/2017 00:00:00,9.7587,9.97344,9.66326,9.88993,329650
NKG,4/20/2017 00:00:00,9.94958,9.94958,9.66326,9.78256,199080
NKG,4/21/2017 00:00:00,9.878,10.1882,9.878,10.1882,559180
NKG,4/24/2017 00:00:00,10.1882,10.3313,10.0689,10.1882,383250
NKG,4/25/2017 00:00:00,10.1882,10.3671,10.1882,10.3313,510880
NKG,4/26/2017 00:00:00,10.3313,10.4864,10.3313,10.4268,293180
NKG,4/27/2017 00:00:00,10.4506,10.4506,10.3313,10.4268,225850
NKG,4/28/2017 00:00:00,10.4268,10.4268,10.0212,10.1405,308060
NKG,5/3/2017 00:00:00,10.1882,10.558,10.1882,10.558,499710
NKG,5/4/2017 00:00:00,10.7131,10.7966,10.6415,10.7608,562420
NKG,5/5/2017 00:00:00,10.6177,10.8085,10.5461,10.5938,227740
NKG,5/8/2017 00:00:00,10.5938,10.7847,10.5938,10.7489,256450
NKG,5/9/2017 00:00:00,10.7489,10.7847,10.4268,10.6177,532630
NKG,5/10/2017 00:00:00,10.6177,10.7608,10.5461,10.6892,522440
NKG,5/11/2017 00:00:00,10.737,10.737,10.5938,10.6415,297800
NKG,5/12/2017 00:00:00,10.6415,10.7131,10.5819,10.6892,540710
NKG,5/15/2017 00:00:00,10.6892,10.7131,10.4984,10.4984,545980
NKG,5/16/2017 00:00:00,10.558,10.558,10.1405,10.1643,500490
NKG,5/17/2017 00:00:00,10.558,10.7906,10.4148,10.7012,621540
NKG,5/18/2017 00:00:00,10.7012,10.7012,10.2717,10.3791,382910
NKG,5/19/2017 00:00:00,10.2717,10.2896,9.94958,10.2717,317730
NKG,5/22/2017 00:00:00,10.0569,10.6654,10.0391,10.5401,557040
NKG,5/23/2017 00:00:00,10.7012,11.2738,10.7012,11.2022,1.34035e+006
NKG,5/24/2017 00:00:00,11.2738,11.4349,11.2738,11.3633,422650
NKG,5/25/2017 00:00:00,11.3812,11.3991,11.2022,11.2917,587790
NKG,5/26/2017 00:00:00,11.1843,11.3454,11.1843,11.3454,540620
NKG,5/29/2017 00:00:00,11.5959,11.9896,11.4528,11.8822,797180
NKG,5/30/2017 00:00:00,11.8822,11.8822,11.417,11.417,691340
NKG,5/31/2017 00:00:00,11.417,12.2043,11.1664,12.1686,1.53783e+006
NKG,6/1/2017 00:00:00,12.2401,12.2759,11.9538,11.9896,511420
NKG,6/2/2017 00:00:00,11.8822,12.097,11.8107,12.0254,549610
NKG,6/5/2017 00:00:00,12.097,12.097,11.8822,12.0254,506650
NKG,6/6/2017 00:00:00,12.0254,12.3475,11.8464,12.1507,685630
NKG,6/7/2017 00:00:00,12.1686,12.2759,11.9717,12.0254,700240
NKG,6/8/2017 00:00:00,12.097,12.1328,11.8464,12.1149,319220
NKG,6/9/2017 00:00:00,12.0433,12.2043,11.9896,11.9896,435680
NKG,6/12/2017 00:00:00,11.9359,11.9896,11.3454,11.3812,939610
NKG,6/13/2017 00:00:00,11.3812,11.6317,11.3812,11.6317,242380
NKG,6/14/2017 00:00:00,11.8107,11.8107,11.4528,11.5601,334820
NKG,6/15/2017 00:00:00,11.5601,11.6317,11.4528,11.5959,352270
NKG,6/16/2017 00:00:00,11.6317,11.6317,11.4349,11.4885,266500
NKG,6/19/2017 00:00:00,11.5959,11.5959,11.4349,11.5243,266770
NKG,6/20/2017 00:00:00,11.5243,11.6317,11.4885,11.5422,356520
NKG,6/21/2017 00:00:00,11.4528,11.6138,11.4528,11.5601,208230
NKG,6/22/2017 00:00:00,11.4885,11.9001,11.4706,11.9001,675890
NKG,6/23/2017 00:00:00,11.918,11.918,11.7212,11.8107,310800
NKG,6/26/2017 00:00:00,11.8822,11.8822,11.6317,11.6496,310870
NKG,6/27/2017 00:00:00,11.6496,11.757,11.5243,11.7033,390070
NKG,6/28/2017 00:00:00,11.7033,11.8107,11.5601,11.7928,380800
NKG,6/29/2017 00:00:00,11.7928,11.7928,11.5959,11.6675,187370
NKG,6/30/2017 00:00:00,11.6675,11.918,11.6317,11.8464,616780
NKG,7/3/2017 00:00:00,11.9896,12.4549,11.9717,12.3654,1.70309e+006
NKG,7/4/2017 00:00:00,12.4907,12.4907,12.2938,12.4012,725310
NKG,7/5/2017 00:00:00,12.4012,12.4191,12.2938,12.3833,403740
NKG,7/6/2017 00:00:00,12.3475,12.4191,12.3117,12.3296,643630
NKG,7/7/2017 00:00:00,12.4549,12.5086,12.3296,12.3296,1.12012e+006
NKG,7/10/2017 00:00:00,12.3833,12.7054,12.3654,12.4728,1.36464e+006
NKG,7/11/2017 00:00:00,12.3475,12.5265,11.8464,12.3117,883910
NKG,7/12/2017 00:00:00,12.2759,12.3475,11.9896,12.1686,493370
NKG,7/13/2017 00:00:00,12.1686,12.3117,12.0254,12.1864,375880
NKG,7/14/2017 00:00:00,12.1864,12.3654,12.1864,12.2759,729950
NKG,7/17/2017 00:00:00,12.2938,12.3654,11.8285,11.8464,743770
NKG,7/18/2017 00:00:00,11.5601,11.9538,11.4885,11.5422,811920
NKG,7/19/2017 00:00:00,11.5422,11.7928,11.5422,11.5422,467510
NKG,7/20/2017 00:00:00,11.5422,11.6496,11.4528,11.6496,364400
NKG,7/21/2017 00:00:00,11.7033,11.8107,10.9159,10.9159,844850
NKG,7/24/2017 00:00:00,10.737,11.0591,10.5222,10.9875,566010
NKG,7/25/2017 00:00:00,11.0054,11.4528,11.0054,11.2022,345890
NKG,7/26/2017 00:00:00,11.238,11.417,11.238,11.3991,431310
NKG,7/27/2017 00:00:00,11.3991,11.4349,11.238,11.4349,377600
NKG,7/28/2017 00:00:00,11.4528,11.5601,11.4349,11.5601,241070
NKG,7/31/2017 00:00:00,11.4885,11.4885,11.2738,11.3812,624540
NKG,8/1/2017 00:00:00,11.3096,11.4528,11.2559,11.3096,192080
NKG,8/2/2017 00:00:00,11.3275,11.3275,10.8622,10.9517,686960
NKG,8/3/2017 00:00:00,10.9875,11.0949,10.9696,11.0054,259160
NKG,8/4/2017 00:00:00,11.0949,11.0949,10.9159,10.9159,159370
NKG,8/7/2017 00:00:00,10.9159,11.0591,10.898,11.0591,218650
NKG,8/8/2017 00:00:00,11.0949,11.2022,11.0233,11.0233,167420
NKG,8/9/2017 00:00:00,10.9159,11.0949,10.737,10.7727,191750
NKG,8/10/2017 00:00:00,10.737,10.8801,10.737,10.7727,80850
NKG,8/11/2017 00:00:00,10.7727,10.8801,10.6654,10.8085,124250
NKG,8/14/2017 00:00:00,10.9159,11.1664,10.9159,11.1485,321410
NKG,8/15/2017 00:00:00,11.2738,11.3633,11.1664,11.2559,225600
NKG,8/16/2017 00:00:00,11.2559,11.417,11.0949,11.417,254970
NKG,8/17/2017 00:00:00,11.5243,11.5243,11.1306,11.1843,198030
NKG,8/18/2017 00:00:00,11.238,11.238,11.0949,11.2022,234320
NKG,8/21/2017 00:00:00,11.1306,11.3812,11.1306,11.2201,112900
NKG,8/22/2017 00:00:00,11.0949,11.2738,11.0949,11.2022,227390
NKG,8/23/2017 00:00:00,11.1306,11.238,11.0591,11.0949,81080
NKG,8/24/2017 00:00:00,10.9875,11.1664,10.9875,10.9875,127660
NKG,8/25/2017 00:00:00,10.9875,11.1664,10.9159,10.9696,168590
NKG,8/28/2017 00:00:00,10.9696,11.3454,10.9696,11.1843,262020
NKG,8/29/2017 00:00:00,11.4349,11.5422,11.3633,11.4885,682440
NKG,8/30/2017 00:00:00,11.5243,11.7391,11.4885,11.7212,514580
NKG,8/31/2017 00:00:00,11.7928,11.918,11.7749,11.8285,728940
NKG,9/1/2017 00:00:00,11.8643,11.8822,11.1485,11.8464,546830
NKG,9/5/2017 00:00:00,11.8464,11.9896,11.7033,11.8822,249840
NKG,9/6/2017 00:00:00,11.9001,11.9538,11.8107,11.8822,326850
NKG,9/7/2017 00:00:00,11.9896,11.9896,11.7391,11.8822,383350
NKG,9/8/2017 00:00:00,11.8643,11.8643,11.6675,11.8285,325290
NKG,9/11/2017 00:00:00,11.6496,11.8107,11.578,11.6675,212270
NKG,9/12/2017 00:00:00,11.6317,11.6675,11.5601,11.6675,213170
NKG,9/13/2017 00:00:00,11.7033,11.8464,11.6854,11.757,247850
NKG,9/14/2017 00:00:00,11.8107,11.9538,11.8107,11.8822,388670
NKG,9/15/2017 00:00:00,11.918,11.9538,11.7391,11.8822,150130
NKG,9/18/2017 00:00:00,11.918,11.9896,11.8107,11.8822,351040
NKG,9/19/2017 00:00:00,11.8464,12.7054,11.7749,12.4549,908900
NKG,9/20/2017 00:00:00,12.6696,12.6696,12.2938,12.3475,460240
NKG,9/21/2017 00:00:00,12.4549,12.5265,12.3833,12.5265,506340
NKG,9/22/2017 00:00:00,12.5265,12.6875,12.4549,12.6338,581180
NKG,9/25/2017 00:00:00,12.777,12.777,12.5622,12.6517,265460
NKG,9/26/2017 00:00:00,12.598,12.598,12.437,12.437,429220
NKG,9/27/2017 00:00:00,12.4549,12.598,12.3833,12.4549,436710
NKG,9/28/2017 00:00:00,12.4549,12.5622,12.4191,12.4907,228760
NKG,9/29/2017 00:00:00,12.5265,12.6338,12.3833,12.6159,456290
NKG,10/2/2017 00:00:00,12.6159,13.0633,12.6159,13.0633,1.12596e+006
NKG,10/3/2017 00:00:00,13.1886,13.2244,12.7233,13.0633,955210
NKG,10/4/2017 00:00:00,13.0633,13.0633,12.777,12.9917,624180
NKG,10/5/2017 00:00:00,12.9022,12.9559,12.6338,12.6338,762930
NKG,10/6/2017 00:00:00,12.6338,12.8307,12.5622,12.7233,458980
NKG,10/9/2017 00:00:00,12.8128,12.9201,12.7233,12.8665,458300
NKG,10/10/2017 00:00:00,12.8665,13.0454,12.8665,13.0275,572630
NKG,10/11/2017 00:00:00,13.1349,13.1349,12.9559,13.0275,596230
NKG,10/12/2017 00:00:00,13.0633,13.1349,12.8843,13.0633,549790
NKG,10/13/2017 00:00:00,12.9917,13.0633,12.8843,12.8843,597360
NKG,10/16/2017 00:00:00,12.9022,12.9022,12.6517,12.6696,645240
NKG,10/17/2017 00:00:00,12.6696,12.777,12.598,12.6875,354590
NKG,10/18/2017 00:00:00,12.7949,12.7949,12.4549,12.4549,842440
NKG,10/19/2017 00:00:00,12.4549,12.7054,12.4549,12.6696,275930
NKG,10/20/2017 00:00:00,12.7054,12.7054,12.3475,12.4907,499400
NKG,10/23/2017 00:00:00,12.3833,12.5622,12.2938,12.3833,328220
NKG,10/24/2017 00:00:00,12.2759,12.3833,12.097,12.3117,307210
NKG,10/25/2017 00:00:00,12.3117,12.4012,12.097,12.2759,182760
NKG,10/26/2017 00:00:00,12.4191,12.6696,12.258,12.4012,331740
NKG,10/27/2017 00:00:00,12.4012,12.598,12.4012,12.5265,201860
NKG,10/30/2017 00:00:00,12.5622,12.598,12.1686,12.3475,255040
NKG,10/31/2017 00:00:00,12.4191,12.4191,12.1686,12.4012,210800
NKG,11/1/2017 00:00:00,12.5265,12.5265,12.2401,12.3833,183220
NKG,11/2/2017 00:00:00,12.2043,12.5265,12.2043,12.437,478730
NKG,11/3/2017 00:00:00,12.437,12.5265,12.3475,12.437,393550
NKG,11/6/2017 00:00:00,12.598,12.6696,12.4907,12.6696,338430
NKG,11/7/2017 00:00:00,12.6696,13.0096,12.6696,13.0096,1.36155e+006
NKG,11/8/2017 00:00:00,13.0633,13.3854,13.0275,13.2959,1.84153e+006
NKG,11/9/2017 00:00:00,13.3854,13.4033,13.1707,13.2959,974500
NKG,11/10/2017 00:00:00,13.2244,13.3675,13.2065,13.2959,1.00685e+006
NKG,11/13/2017 00:00:00,13.3854,13.4212,13.1886,13.4033,972240
NKG,11/14/2017 00:00:00,13.4212,13.4391,13.2065,13.4391,521970
NKG,11/15/2017 00:00:00,13.4749,14.137,13.4212,14.137,1.15177e+006
NKG,11/16/2017 00:00:00,14.2839,14.2839,14.0268,14.137,1.15174e+006
NKG,11/17/2017 00:00:00,14.137,14.2472,13.8432,13.9534,815460
NKG,11/20/2017 00:00:00,13.9534,13.9534,13.5495,13.5678,2.19694e+006
NKG,11/21/2017 00:00:00,13.5862,13.7698,13.4393,13.5678,892030
NKG,11/22/2017 00:00:00,13.5862,13.8432,13.5678,13.8249,541960
NKG,11/23/2017 00:00:00,13.8432,13.8432,13.5862,13.6229,819860
NKG,11/24/2017 00:00:00,13.6229,13.9167,13.5495,13.8249,853160
NKG,11/27/2017 00:00:00,13.9167,14.1737,13.8065,14.1737,1.4177e+006
NKG,11/28/2017 00:00:00,14.1737,14.3206,14.0268,14.1186,631450
NKG,11/29/2017 00:00:00,14.1737,14.1737,13.9901,14.1003,619510
NKG,11/30/2017 00:00:00,14.1737,14.4307,14.1003,14.1554,1.35642e+006
NKG,12/1/2017 00:00:00,14.1003,14.2472,14.0636,14.1921,645210
NKG,12/4/2017 00:00:00,14.1921,14.4675,14.1921,14.4307,1.18944e+006
NKG,12/5/2017 00:00:00,14.4307,14.5042,14.137,14.137,1.20678e+006
NKG,12/6/2017 00:00:00,13.9901,14.1737,13.88,14.137,924130
NKG,12/7/2017 00:00:00,14.0268,14.1186,13.9901,14.0268,755130
NKG,12/8/2017 00:00:00,13.9901,14.1737,13.9901,14.1003,393840
NKG,12/11/2017 00:00:00,14.0268,14.0819,13.7698,13.7698,500480
NKG,12/12/2017 00:00:00,13.7698,13.9534,13.5495,13.7698,504210
NKG,12/13/2017 00:00:00,13.678,13.9534,13.6596,13.7147,200480
NKG,12/14/2017 00:00:00,13.6229,13.8432,13.6229,13.8432,266390
NKG,12/15/2017 00:00:00,14.1003,14.1003,13.8432,14.0268,219880
NKG,12/18/2017 00:00:00,14.0636,14.0636,13.8983,13.935,489850
NKG,12/19/2017 00:00:00,14.0268,14.4675,13.9534,14.394,994100
NKG,12/20/2017 00:00:00,14.394,14.5042,14.2472,14.3206,626090
NKG,12/21/2017 00:00:00,14.2472,14.394,14.1737,14.1737,540520
NKG,12/22/2017 00:00:00,14.0636,14.137,13.7882,14.137,636150
NKG,12/25/2017 00:00:00,14.137,14.137,13.8065,13.8432,316970
NKG,12/26/2017 00:00:00,13.8432,14.0268,13.8249,13.9167,254350
NKG,12/27/2017 00:00:00,13.9167,14.2839,13.88,14.137,774260
NKG,12/28/2017 00:00:00,14.137,14.2472,14.137,14.2104,512010
NKG,12/29/2017 00:00:00,14.2472,14.2839,14.1003,14.2472,830550
NKG,1/2/2018 00:00:00,14.2472,15.055,14.1554,15.055,1.65351e+006
NKG,1/3/2018 00:00:00,15.2019,15.2386,14.7979,15.2019,1.2963e+006
NKG,1/4/2018 00:00:00,15.2019,15.2386,15.1101,15.1284,689820
NKG,1/5/2018 00:00:00,15.055,15.7159,14.8347,15.7159,1.45987e+006
NKG,1/8/2018 00:00:00,15.6058,15.973,15.4222,15.8812,907850
NKG,1/9/2018 00:00:00,16.028,16.1749,15.7527,16.1382,1.12715e+006
NKG,1/10/2018 00:00:00,16.1382,16.5972,15.973,16.2667,1.4589e+006
NKG,1/11/2018 00:00:00,16.1566,16.2667,15.8628,15.8628,585860
NKG,1/12/2018 00:00:00,15.7894,16.1198,15.6976,15.6976,930910
NKG,1/15/2018 00:00:00,15.6058,15.6792,15.4589,15.6792,429180
NKG,1/16/2018 00:00:00,15.8628,16.0831,15.6425,15.7894,273290
NKG,1/17/2018 00:00:00,15.7894,15.8995,15.055,15.055,335990
NKG,1/18/2018 00:00:00,14.8714,15.2386,14.5042,15.055,709080
NKG,1/19/2018 00:00:00,15.055,15.8628,14.9815,15.6058,1.02761e+006
NKG,1/22/2018 00:00:00,15.7527,16.0464,15.4222,15.7159,1.14667e+006
NKG,1/25/2018 00:00:00,15.7159,15.7159,14.9448,15.0183,1.11005e+006
NKG,1/26/2018 00:00:00,14.7612,15.0183,14.5042,14.8347,1.10229e+006
NKG,1/29/2018 00:00:00,14.6878,14.8714,14.5225,14.6511,436800
NKG,1/30/2018 00:00:00,14.6511,14.6878,14.394,14.5776,719460
NKG,1/31/2018 00:00:00,14.5776,15.2019,14.5776,15.2019,834710
NKG,2/1/2018 00:00:00,15.1651,15.2019,14.5776,14.5776,282580
NKG,2/2/2018 00:00:00,14.5409,14.596,13.9534,14.5776,295310
NKG,2/5/2018 00:00:00,14.4307,14.5776,13.6596,13.6596,329680
NKG,2/6/2018 00:00:00,12.7049,13.5862,12.7049,12.7417,841400
NKG,2/7/2018 00:00:00,13.4026,13.5128,13.219,13.3292,263650
NKG,2/8/2018 00:00:00,13.3292,13.3292,12.8151,12.8518,262210
NKG,2/9/2018 00:00:00,11.9705,12.8518,11.9705,12.8518,201470
NKG,2/12/2018 00:00:00,12.8518,13.219,12.8518,13.1456,113990
NKG,2/13/2018 00:00:00,13.1823,13.219,13.0354,13.1456,316590
NKG,2/21/2018 00:00:00,13.5495,13.5495,13.1088,13.1823,269550
NKG,2/22/2018 00:00:00,13.1088,13.1456,12.9436,12.9987,161770
NKG,2/23/2018 00:00:00,12.9987,13.1088,12.8151,12.9987,338800
NKG,2/26/2018 00:00:00,13.0354,13.1088,12.6682,12.7417,700810
NKG,2/27/2018 00:00:00,12.7784,12.7784,12.301,12.3745,545720
NKG,2/28/2018 00:00:00,12.3745,12.4846,12.301,12.3377,979650
NKG,3/1/2018 00:00:00,12.2459,12.8151,12.2459,12.7049,796310
NKG,3/2/2018 00:00:00,12.4846,12.6315,12.3745,12.6315,499220
NKG,3/5/2018 00:00:00,12.4846,12.5948,11.9338,11.9338,914740
NKG,3/6/2018 00:00:00,12.301,12.301,11.6768,11.9338,891900
NKG,3/7/2018 00:00:00,11.7869,12.0073,11.7869,11.9155,374860
NKG,3/8/2018 00:00:00,11.9155,12.2276,11.9155,12.1174,356760
NKG,3/9/2018 00:00:00,12.1174,12.301,11.9705,11.9705,295400
NKG,3/12/2018 00:00:00,12.044,12.1174,11.7502,11.7502,263850
NKG,3/13/2018 00:00:00,11.7502,11.7502,11.4198,11.5299,446200
NKG,3/14/2018 00:00:00,11.5483,11.9338,11.5483,11.8971,490680
NKG,3/15/2018 00:00:00,11.8971,11.9155,11.7135,11.7502,180080
NKG,3/16/2018 00:00:00,11.6034,11.7135,11.4932,11.5299,298960
NKG,3/19/2018 00:00:00,11.4748,11.6401,11.3096,11.328,454400
NKG,3/20/2018 00:00:00,11.328,11.6768,11.3096,11.383,322320
NKG,3/21/2018 00:00:00,11.5299,11.5299,11.2729,11.383,139980
NKG,3/22/2018 00:00:00,11.4932,11.5116,11.2729,11.3463,100870
NKG,3/23/2018 00:00:00,10.9608,11.0526,10.8506,11.0526,362130
NKG,3/26/2018 00:00:00,11.0526,11.0526,10.7221,10.7588,187150
NKG,3/27/2018 00:00:00,10.6854,10.9424,10.6119,10.6119,253030
NKG,3/28/2018 00:00:00,10.4834,10.6119,10.2814,10.6119,383380
NKG,3/29/2018 00:00:00,10.6119,10.9608,10.5201,10.8873,338090
NKG,3/30/2018 00:00:00,11.0158,11.6401,10.9057,11.6401,696030
NKG,4/2/2018 00:00:00,11.9338,12.044,11.6951,11.9889,943510
NKG,4/3/2018 00:00:00,11.9889,11.9889,11.6401,11.7869,410230
NKG,4/4/2018 00:00:00,11.7502,11.7502,11.3096,11.3096,424130
NKG,4/5/2018 00:00:00,11.1811,11.2729,10.9057,10.924,365740
NKG,4/6/2018 00:00:00,10.7221,11.383,10.7221,11.0526,256090
NKG,4/9/2018 00:00:00,10.8322,10.9791,10.4283,10.465,728070
NKG,4/10/2018 00:00:00,10.5752,10.5752,10.2447,10.2631,521200
NKG,4/11/2018 00:00:00,10.3182,10.3182,10.0244,10.0244,318890
NKG,4/12/2018 00:00:00,9.98769,10.2631,9.69394,9.96933,192410
NKG,4/13/2018 00:00:00,10.0979,10.208,9.73066,9.78574,214160
NKG,4/16/2018 00:00:00,9.69394,9.73066,9.10643,9.2533,947480
NKG,4/17/2018 00:00:00,9.17987,9.40018,9.17987,9.40018,343570
NKG,4/18/2018 00:00:00,9.40018,9.40018,8.99627,8.99627,275980
NKG,4/19/2018 00:00:00,8.88611,8.95955,8.51892,8.59235,568230
NKG,4/20/2018 00:00:00,8.50056,9.14315,8.50056,9.01463,413550
NKG,4/23/2018 00:00:00,8.99627,9.12479,8.4822,8.4822,179340
NKG,4/24/2018 00:00:00,8.4822,8.50056,8.22516,8.33532,440540
NKG,4/26/2018 00:00:00,8.33532,8.44548,7.96812,7.96812,309970
NKG,4/27/2018 00:00:00,7.96812,8.44548,7.78453,8.44548,472070
NKG,5/2/2018 00:00:00,8.44548,8.44548,7.85796,7.85796,256070
NKG,5/3/2018 00:00:00,7.85796,7.85796,7.32553,7.56421,311480
NKG,5/4/2018 00:00:00,7.56421,7.56421,7.27045,7.41733,248350
NKG,5/7/2018 00:00:00,7.41733,7.41733,7.34389,7.41733,309320
NKG,5/8/2018 00:00:00,7.49077,7.85796,7.41733,7.82125,344810
NKG,5/9/2018 00:00:00,7.82125,8.35368,7.56421,8.33532,916200
NKG,5/10/2018 00:00:00,8.40876,8.40876,8.07828,8.22516,397540
NKG,5/11/2018 00:00:00,8.07828,8.22516,7.89468,8.07828,282260
NKG,5/14/2018 00:00:00,8.07828,8.17008,7.85796,7.96812,341440
NKG,5/15/2018 00:00:00,7.96812,7.98648,7.87633,7.9314,325540
NKG,5/16/2018 00:00:00,7.85796,8.15172,7.83961,8.07828,216520
NKG,5/17/2018 00:00:00,8.07828,8.44548,8.07828,8.115,250890
NKG,5/18/2018 00:00:00,8.26188,8.26188,7.82125,7.82125,158560
NKG,5/21/2018 00:00:00,8.04156,8.04156,7.78453,7.78453,239510
NKG,5/22/2018 00:00:00,7.85796,8.22516,7.71109,7.83961,536200
NKG,5/23/2018 00:00:00,7.82125,7.89468,7.78453,7.83961,207130
NKG,5/24/2018 00:00:00,7.9314,7.9314,7.78453,7.83961,100100
NKG,5/25/2018 00:00:00,7.82125,7.82125,7.45405,7.45405,188520
NKG,5/28/2018 00:00:00,7.52749,7.52749,6.93998,6.93998,516760
NKG,5/29/2018 00:00:00,7.19701,7.34389,6.9767,7.25209,181210
NKG,5/30/2018 00:00:00,7.30717,7.30717,7.1603,7.30717,129820
NKG,5/31/2018 00:00:00,7.30717,7.56421,7.30717,7.49077,167800
NKG,6/1/2018 00:00:00,7.54585,7.71109,7.52749,7.63765,245920
NKG,6/4/2018 00:00:00,7.85796,8.17008,7.78453,8.17008,390340
NKG,6/5/2018 00:00:00,8.73923,8.73923,8.66579,8.73923,1.2206e+006
NKG,6/6/2018 00:00:00,8.99627,9.29002,8.92283,9.14315,870140
NKG,6/7/2018 00:00:00,9.17987,9.23495,8.99627,9.10643,373960
NKG,6/8/2018 00:00:00,8.95955,9.05135,8.66579,9.01463,845790
NKG,6/11/2018 00:00:00,9.63886,9.63886,9.2533,9.2533,920110
NKG,6/12/2018 00:00:00,9.40753,9.45893,8.63642,9.35612,378200
NKG,6/13/2018 00:00:00,9.2533,9.33042,8.99627,9.2533,188470
NKG,6/14/2018 00:00:00,9.04768,9.30471,8.97056,9.2019,327190
NKG,6/15/2018 00:00:00,9.15049,9.15049,8.97056,8.99627,139540
NKG,6/18/2018 00:00:00,8.99627,9.2276,8.58501,8.58501,314810
NKG,6/19/2018 00:00:00,8.37938,8.43079,8.14805,8.17375,407460
NKG,6/20/2018 00:00:00,8.17375,8.73923,8.14805,8.73923,154730
NKG,6/21/2018 00:00:00,8.99627,8.99627,8.55931,8.71353,66670
NKG,6/22/2018 00:00:00,8.55931,8.73923,8.5336,8.73923,62310
NKG,6/25/2018 00:00:00,8.94486,8.94486,8.4822,8.63642,104900
NKG,6/26/2018 00:00:00,8.4822,8.63642,8.45649,8.5336,47030
NKG,6/27/2018 00:00:00,8.4822,8.71353,8.37938,8.37938,68740
NKG,6/28/2018 00:00:00,8.35368,8.45649,8.17375,8.22516,219290
NKG,6/29/2018 00:00:00,8.25086,8.37938,8.01953,8.01953,182090
NKG,7/2/2018 00:00:00,8.12234,8.12234,7.53116,7.73679,174650
NKG,7/3/2018 00:00:00,7.58257,7.7882,7.35124,7.35124,84730
NKG,7/4/2018 00:00:00,7.65968,7.65968,7.29983,7.40264,69140
NKG,7/5/2018 00:00:00,7.19701,7.42835,6.88857,6.88857,86430
NKG,7/6/2018 00:00:00,7.1199,7.17131,6.88857,7.0942,87150
NKG,7/9/2018 00:00:00,7.19701,7.27413,7.0942,7.14561,138200
NKG,7/10/2018 00:00:00,7.22272,7.22272,7.04279,7.04279,42390
NKG,7/11/2018 00:00:00,7.04279,7.14561,6.73435,6.76005,177760
NKG,7/12/2018 00:00:00,6.78576,6.88857,6.73435,6.81146,113860
NKG,7/13/2018 00:00:00,6.88857,7.0685,6.86287,7.0685,51870
NKG,7/16/2018 00:00:00,7.01709,7.14561,7.01709,7.14561,200150
NKG,7/17/2018 00:00:00,7.17131,7.17131,7.0685,7.1199,69110
NKG,7/18/2018 00:00:00,7.14561,7.60827,7.14561,7.60827,499340
NKG,7/19/2018 00:00:00,8.04523,8.04523,7.71109,7.76249,519130
NKG,7/20/2018 00:00:00,7.86531,7.86531,7.71109,7.76249,293070
NKG,7/23/2018 00:00:00,7.45405,7.71109,7.45405,7.50546,291280
NKG,7/24/2018 00:00:00,7.24842,7.50546,7.24842,7.35124,302470
NKG,7/25/2018 00:00:00,7.45405,7.55687,7.35124,7.37694,302160
NKG,7/26/2018 00:00:00,7.35124,7.40264,7.19701,7.19701,133050
NKG,7/27/2018 00:00:00,7.24842,7.42835,7.19701,7.35124,312460
NKG,7/30/2018 00:00:00,7.35124,7.71109,7.19701,7.50546,610920
NKG,7/31/2018 00:00:00,7.45405,7.50546,7.27413,7.29983,285470
NKG,8/1/2018 00:00:00,7.29983,7.29983,7.17131,7.19701,174730
NKG,8/2/2018 00:00:00,7.14561,7.14561,6.73435,7.0685,405060
NKG,8/3/2018 00:00:00,7.0942,7.17131,7.01709,7.01709,157200
NKG,8/6/2018 00:00:00,7.0942,7.0942,6.76005,6.78576,139860
NKG,8/7/2018 00:00:00,6.78576,6.81146,6.68294,6.76005,171520
NKG,8/8/2018 00:00:00,6.78576,6.88857,6.78576,6.83716,89840
NKG,8/9/2018 00:00:00,6.78576,7.0685,6.78576,6.93998,190540
NKG,8/10/2018 00:00:00,6.93998,6.99139,6.88857,6.93998,143240
NKG,8/13/2018 00:00:00,6.93998,7.19701,6.93998,7.19701,351840
NKG,8/14/2018 00:00:00,7.17131,7.24842,7.0942,7.19701,160850
NKG,8/15/2018 00:00:00,7.29983,7.29983,6.99139,6.99139,134200
NKG,8/16/2018 00:00:00,6.91428,7.01709,6.88857,6.93998,116170
NKG,8/17/2018 00:00:00,6.93998,6.99139,6.88857,6.88857,98100
NKG,8/20/2018 00:00:00,7.0942,7.0942,6.83716,6.88857,108630
NKG,8/21/2018 00:00:00,6.88857,6.99139,6.86287,6.86287,145230
NKG,8/22/2018 00:00:00,6.86287,6.99139,6.78576,6.81146,221300
NKG,8/23/2018 00:00:00,6.83716,6.93998,6.81146,6.83716,142920
NKG,8/24/2018 00:00:00,6.83716,6.93998,6.81146,6.91428,222190
NKG,8/27/2018 00:00:00,6.96568,6.99139,6.91428,6.91428,177580
NKG,8/28/2018 00:00:00,6.93998,6.93998,6.86287,6.88857,133520
NKG,8/29/2018 00:00:00,6.88857,6.88857,6.83716,6.83716,69490
NKG,8/30/2018 00:00:00,6.91428,6.91428,6.83716,6.86287,141770
NKG,8/31/2018 00:00:00,6.91428,7.01709,6.83716,6.86287,242260
NKG,9/4/2018 00:00:00,6.88857,6.91428,6.73435,6.73435,100280
NKG,9/5/2018 00:00:00,6.73435,6.78576,6.65724,6.65724,185280
NKG,9/6/2018 00:00:00,6.65724,6.70865,6.63154,6.63154,164180
NKG,9/7/2018 00:00:00,6.63154,6.78576,6.63154,6.65724,141580
NKG,9/10/2018 00:00:00,6.70865,6.70865,6.47731,6.47731,357580
NKG,9/11/2018 00:00:00,6.42591,6.52872,6.42591,6.47731,130200
NKG,9/12/2018 00:00:00,6.47731,6.60583,6.47731,6.52872,93310
NKG,9/13/2018 00:00:00,6.52872,6.52872,6.45161,6.52872,294410
NKG,9/14/2018 00:00:00,6.58013,6.78576,6.58013,6.73435,521270
NKG,9/17/2018 00:00:00,6.73435,6.76005,6.65724,6.68294,146480
NKG,9/18/2018 00:00:00,6.68294,7.0685,6.52872,7.04279,896020
NKG,9/19/2018 00:00:00,7.0942,7.40264,7.0942,7.29983,1.69773e+006
NKG,9/20/2018 00:00:00,7.32553,7.58257,7.19701,7.47975,913400
NKG,9/21/2018 00:00:00,7.53116,7.8139,7.47975,7.8139,2.1253e+006
NKG,9/24/2018 00:00:00,7.83961,7.86531,7.60827,7.63398,1.11e+006
NKG,9/25/2018 00:00:00,7.60827,7.65968,7.50546,7.63398,995630
NKG,9/26/2018 00:00:00,7.53116,7.8139,7.53116,7.65968,1.06212e+006
NKG,9/27/2018 00:00:00,7.71109,7.71109,7.53116,7.68538,768880
NKG,9/28/2018 00:00:00,7.63398,7.73679,7.60827,7.65968,1.15319e+006
NKG,10/1/2018 00:00:00,7.68538,8.17375,7.55687,8.01953,5.72359e+006
NKG,10/2/2018 00:00:00,7.99383,8.07094,7.76249,7.76249,1.37504e+006
NKG,10/3/2018 00:00:00,7.76249,7.91672,7.76249,7.83961,972230
NKG,10/4/2018 00:00:00,7.8139,7.89101,7.65968,7.7882,1.36975e+006
NKG,10/5/2018 00:00:00,7.83961,7.83961,7.55687,7.55687,1.83566e+006
NKG,10/8/2018 00:00:00,7.50546,7.8139,7.29983,7.71109,1.33236e+006
NKG,10/9/2018 00:00:00,7.71109,7.76249,7.45405,7.45405,950320
NKG,10/10/2018 00:00:00,7.47975,7.50546,6.93998,6.99139,3.32956e+006
NKG,10/11/2018 00:00:00,6.52872,6.73435,6.50302,6.65724,1.96674e+006
NKG,10/12/2018 00:00:00,6.47731,6.93998,6.47731,6.88857,1.3669e+006
NKG,10/15/2018 00:00:00,6.78576,6.83716,6.58013,6.83716,869880
NKG,10/16/2018 00:00:00,6.73435,7.01709,6.73435,6.81146,1.02918e+006
NKG,10/17/2018 00:00:00,6.99139,7.04279,6.81146,7.01709,1.15816e+006
NKG,10/18/2018 00:00:00,7.01709,7.0685,6.81146,6.81146,1.14736e+006
NKG,10/19/2018 00:00:00,6.73435,6.83716,6.58013,6.73435,458770
NKG,10/22/2018 00:00:00,6.83716,6.86287,6.68294,6.68294,729170
NKG,10/23/2018 00:00:00,6.68294,6.68294,6.22028,6.3488,858900
NKG,10/24/2018 00:00:00,6.3745,6.47731,5.96324,6.01465,622510
NKG,10/25/2018 00:00:00,5.73191,5.88613,5.7062,5.86043,609190
NKG,10/26/2018 00:00:00,6.06606,6.09176,5.7062,5.7062,347790
NKG,10/29/2018 00:00:00,5.75761,5.80902,5.55198,5.60339,286240
NKG,10/30/2018 00:00:00,5.7062,5.7062,5.50058,5.50058,672940
NKG,10/31/2018 00:00:00,5.12016,5.1253,5.12016,5.12016,1.58639e+006
NKG,11/1/2018 00:00:00,4.77059,4.90939,4.76545,4.76545,2.90244e+006
NKG,11/2/2018 00:00:00,4.62665,4.70376,4.43645,4.43645,3.41482e+006
NKG,11/5/2018 00:00:00,4.62665,4.70376,4.43645,4.6832,750660
NKG,11/6/2018 00:00:00,4.6832,4.7963,4.6575,4.77059,902360
NKG,11/7/2018 00:00:00,4.70376,4.72947,4.64207,4.69862,568670
NKG,11/8/2018 00:00:00,4.72947,4.78087,4.63693,4.63693,500720
NKG,11/9/2018 00:00:00,4.63693,4.67292,4.36962,4.44673,585480
NKG,11/12/2018 00:00:00,4.28222,4.36962,4.28222,4.31821,238780
NKG,11/13/2018 00:00:00,4.21539,4.29251,4.16399,4.21539,326260
NKG,11/14/2018 00:00:00,4.16399,4.26166,4.16399,4.19997,351690
NKG,11/15/2018 00:00:00,4.14342,4.19997,4.11258,4.11258,294930
NKG,11/16/2018 00:00:00,4.11258,4.22568,4.11258,4.21539,142540
NKG,11/19/2018 00:00:00,4.2668,4.28736,4.22054,4.27708,129870
NKG,11/20/2018 00:00:00,4.2668,4.28736,4.21539,4.2668,90740
NKG,11/21/2018 00:00:00,4.19997,4.26166,4.19483,4.2411,83350
NKG,11/22/2018 00:00:00,4.2411,4.27708,4.2411,4.24624,291330
NKG,11/23/2018 00:00:00,4.24624,4.27194,4.06117,4.06117,256110
NKG,11/26/2018 00:00:00,4.06117,4.11258,4.05603,4.08688,159340
NKG,11/27/2018 00:00:00,4.10744,4.10744,4.02005,4.02005,278520
NKG,11/28/2018 00:00:00,4.00977,4.06117,3.85554,3.99948,151880
NKG,11/29/2018 00:00:00,4.03547,4.03547,3.85554,3.85554,451460
NKG,11/30/2018 00:00:00,3.85554,3.90695,3.72188,3.90695,537960
NKG,12/3/2018 00:00:00,4.1023,4.17941,4.03547,4.17941,783030
NKG,12/4/2018 00:00:00,4.21539,4.35933,4.21539,4.2668,947020
NKG,12/5/2018 00:00:00,4.13828,4.26166,4.128,4.23596,283960
NKG,12/6/2018 00:00:00,4.16913,4.25652,4.16913,4.23596,420690
NKG,12/7/2018 00:00:00,4.20511,4.34905,4.20511,4.29765,804810
NKG,12/10/2018 00:00:00,4.31307,4.31307,4.21539,4.21539,466690
NKG,12/11/2018 00:00:00,4.16399,4.21025,4.12286,4.21025,444370
NKG,12/12/2018 00:00:00,4.21025,4.2668,4.15371,4.2668,441920
NKG,12/13/2018 00:00:00,4.2668,4.28222,4.22054,4.24624,336070
NKG,12/14/2018 00:00:00,4.2411,4.2411,4.16399,4.19997,168600
NKG,12/17/2018 00:00:00,4.19483,4.19483,4.09202,4.14856,216330
NKG,12/18/2018 00:00:00,3.98406,4.11258,3.98406,4.11258,298910
NKG,12/19/2018 00:00:00,4.11258,4.11258,3.99434,4.10744,94570
NKG,12/20/2018 00:00:00,3.97378,4.09202,3.97378,4.06117,115560
NKG,12/21/2018 00:00:00,3.99434,4.06117,3.97892,4.06117,138620
NKG,12/24/2018 00:00:00,3.97378,4.06117,3.9635,4.05603,199430
NKG,12/25/2018 00:00:00,4.00977,4.00977,3.86068,4.00977,205370
NKG,12/26/2018 00:00:00,4.00977,4.00977,3.92237,3.99434,153160
NKG,12/27/2018 00:00:00,4.00977,4.09202,4.00462,4.08174,267460
NKG,12/28/2018 00:00:00,4.07659,4.08688,3.86583,4.06631,299280
NKG,1/2/2019 00:00:00,4.05603,4.06631,3.91209,3.91209,37950
NKG,1/3/2019 00:00:00,3.91209,3.99434,3.72703,3.72703,323560
NKG,1/4/2019 00:00:00,3.72703,3.72703,3.50597,3.62421,67540
NKG,1/7/2019 00:00:00,3.62421,3.75273,3.62421,3.62421,76720
NKG,1/8/2019 00:00:00,3.62421,3.69104,3.60365,3.62421,79850
NKG,1/9/2019 00:00:00,3.62935,3.70132,3.62421,3.62935,302440
NKG,1/10/2019 00:00:00,3.64991,3.6859,3.59851,3.59851,113700
NKG,1/11/2019 00:00:00,3.59851,3.66534,3.57794,3.58823,303410
NKG,1/14/2019 00:00:00,3.59851,3.63963,3.55224,3.55224,245880
NKG,1/15/2019 00:00:00,3.5471,3.59851,3.5471,3.59851,237420
NKG,1/16/2019 00:00:00,3.59337,3.63963,3.52654,3.52654,84770
NKG,1/17/2019 00:00:00,3.52654,3.53168,3.39288,3.39288,226660
NKG,1/18/2019 00:00:00,3.39288,3.434,3.36717,3.36717,196690
NKG,1/21/2019 00:00:00,3.36717,3.37232,3.32091,3.34147,133270
NKG,1/22/2019 00:00:00,3.32605,3.36717,3.29006,3.30549,251230
NKG,1/23/2019 00:00:00,3.32091,3.33119,3.29006,3.30549,203620
NKG,1/24/2019 00:00:00,3.30035,3.33119,3.29006,3.29006,173370
NKG,1/25/2019 00:00:00,3.29006,3.31577,3.27464,3.29006,260720
NKG,1/28/2019 00:00:00,3.29006,3.31577,3.2695,3.27978,305740
NKG,1/29/2019 00:00:00,3.27978,3.29006,3.25408,3.26436,199610
NKG,1/30/2019 00:00:00,3.2695,3.2695,3.21295,3.23352,307930
NKG,1/31/2019 00:00:00,3.16155,3.23352,3.12556,3.14098,501950
NKG,2/1/2019 00:00:00,2.93021,3.18725,2.93021,3.08443,312810
NKG,2/11/2019 00:00:00,3.12556,3.16155,3.12042,3.16155,163770
NKG,2/12/2019 00:00:00,3.16155,3.3826,3.16155,3.3826,420480
NKG,2/13/2019 00:00:00,3.48541,3.61907,3.46999,3.61907,1.12402e+006
NKG,2/14/2019 00:00:00,3.69618,3.87097,3.69618,3.87097,1.92191e+006
NKG,2/15/2019 00:00:00,3.81956,3.95322,3.80414,3.91723,1.07982e+006
NKG,2/18/2019 00:00:00,3.90695,3.94808,3.82984,3.85554,493470
NKG,2/19/2019 00:00:00,3.85554,3.85554,3.75787,3.75787,487310
NKG,2/20/2019 00:00:00,3.73217,3.80414,3.70646,3.80414,514040
NKG,2/21/2019 00:00:00,3.80414,3.8247,3.77329,3.799,498740
NKG,2/22/2019 00:00:00,3.79385,4.05089,3.73731,3.95836,1.17931e+006
NKG,2/25/2019 00:00:00,4.06117,4.08688,3.9892,4.00977,1.85291e+006
NKG,2/26/2019 00:00:00,4.00977,4.11258,4.00977,4.02005,1.0976e+006
NKG,2/27/2019 00:00:00,4.03033,4.08688,4.00462,4.02005,1.10231e+006
NKG,2/28/2019 00:00:00,4.01491,4.05603,3.92237,3.95836,652800
NKG,3/1/2019 00:00:00,3.94808,4.00977,3.94294,3.95836,533120
NKG,3/4/2019 00:00:00,4.11258,4.13828,4.00977,4.08688,1.33313e+006
NKG,3/5/2019 00:00:00,4.16913,4.21539,4.08688,4.08688,1.7248e+006
NKG,3/6/2019 00:00:00,4.08688,4.11258,4.00462,4.00462,484710
NKG,3/7/2019 00:00:00,4.08174,4.08174,3.86068,3.86068,898500
NKG,3/8/2019 00:00:00,3.73731,3.8504,3.70646,3.72703,992340
NKG,3/11/2019 00:00:00,3.72703,3.8504,3.72703,3.78871,265270
NKG,3/12/2019 00:00:00,3.8504,3.8504,3.74245,3.74245,824150
NKG,3/13/2019 00:00:00,3.80414,3.80414,3.75273,3.75273,460020
NKG,3/14/2019 00:00:00,3.75273,3.77843,3.73217,3.75273,453770
NKG,3/15/2019 00:00:00,3.75273,3.75273,3.64991,3.68076,472200
NKG,3/18/2019 00:00:00,3.69104,3.78357,3.69104,3.76815,706390
NKG,3/19/2019 00:00:00,3.75273,3.75787,3.70132,3.72188,267110
NKG,3/20/2019 00:00:00,3.72188,3.79385,3.71674,3.75787,516770
NKG,3/21/2019 00:00:00,3.73731,3.77843,3.70132,3.70646,195100
NKG,3/22/2019 00:00:00,3.75273,3.75273,3.70646,3.72703,212390
NKG,3/25/2019 00:00:00,3.72703,3.72703,3.59851,3.61393,239350
NKG,3/26/2019 00:00:00,3.61393,3.66534,3.61393,3.66534,113130
NKG,3/27/2019 00:00:00,3.65506,3.7116,3.65506,3.69104,244870
NKG,3/28/2019 00:00:00,3.70132,3.77843,3.6859,3.75273,413200
NKG,3/29/2019 00:00:00,3.75273,3.75787,3.73731,3.75273,156910
NKG,4/1/2019 00:00:00,3.75273,3.77843,3.72188,3.77843,514230
NKG,4/2/2019 00:00:00,3.80414,3.88125,3.77329,3.77843,305310
NKG,4/3/2019 00:00:00,3.75787,4.00462,3.72703,4.00462,1.83911e+006
NKG,4/4/2019 00:00:00,4.13314,4.16399,4.05603,4.08688,1.42977e+006
NKG,4/5/2019 00:00:00,4.16399,4.16399,3.90695,3.90695,547430
NKG,4/8/2019 00:00:00,3.90695,4.03547,3.90695,3.91723,586590
NKG,4/9/2019 00:00:00,3.91723,3.95836,3.64991,3.75273,734210
NKG,4/10/2019 00:00:00,3.75273,3.79385,3.70132,3.75273,370010
NKG,4/11/2019 00:00:00,3.78871,3.82984,3.73731,3.82984,325450
NKG,4/12/2019 00:00:00,3.80414,3.82984,3.78357,3.799,223530
NKG,4/16/2019 00:00:00,3.80414,3.80414,3.69618,3.70646,262400
NKG,4/17/2019 00:00:00,3.70646,3.74759,3.49569,3.51112,526890
NKG,4/18/2019 00:00:00,3.42886,3.49569,3.35689,3.45457,608190
NKG,4/19/2019 00:00:00,3.48541,3.58823,3.44429,3.49569,451080
NKG,4/22/2019 00:00:00,3.49569,3.58823,3.41858,3.42372,271260
NKG,4/23/2019 00:00:00,3.41858,3.49569,3.41858,3.42372,210160
NKG,4/24/2019 00:00:00,3.44429,3.48027,3.42886,3.48027,188420
NKG,4/25/2019 00:00:00,3.49055,3.49055,3.44429,3.44429,114510
NKG,4/26/2019 00:00:00,3.44943,3.49055,3.41858,3.47513,236240
NKG,5/2/2019 00:00:00,3.2438,3.37232,3.2438,3.37232,859760
NKG,5/3/2019 00:00:00,3.30549,3.4083,3.30549,3.36717,186840
NKG,5/6/2019 00:00:00,3.25408,3.31577,3.21295,3.21295,285450
NKG,5/7/2019 00:00:00,3.23866,3.23866,3.13584,3.13584,243720
NKG,5/8/2019 00:00:00,3.13584,3.18211,3.105,3.15126,148080
NKG,5/9/2019 00:00:00,3.15126,3.17697,3.1307,3.16155,66970
NKG,5/10/2019 00:00:00,3.16155,3.17697,3.15126,3.17697,57500
NKG,5/13/2019 00:00:00,3.17697,3.22838,3.13584,3.19239,342020
NKG,5/14/2019 00:00:00,3.19239,3.2438,3.16669,3.23866,85460
NKG,5/15/2019 00:00:00,3.23866,3.24894,3.20781,3.23866,104080
NKG,5/16/2019 00:00:00,3.21809,3.31577,3.21809,3.2438,221310
NKG,5/17/2019 00:00:00,3.28492,3.29006,3.19239,3.24894,79350
NKG,5/20/2019 00:00:00,3.24894,3.24894,3.18725,3.2438,107110
NKG,5/21/2019 00:00:00,3.23866,3.23866,3.20267,3.21295,63120
NKG,5/22/2019 00:00:00,3.21809,3.33633,3.21809,3.29006,221500
NKG,5/23/2019 00:00:00,3.25408,3.2695,3.21295,3.23866,173260
NKG,5/24/2019 00:00:00,3.23866,3.25408,3.20267,3.2438,190510
NKG,5/27/2019 00:00:00,3.2438,3.28492,3.09986,3.09986,288600
NKG,5/28/2019 00:00:00,3.23866,3.23866,3.13584,3.17697,285680
NKG,5/29/2019 00:00:00,3.18725,3.23866,3.16155,3.23866,75640
NKG,5/30/2019 00:00:00,3.23866,3.2438,3.17697,3.21809,100610
NKG,5/31/2019 00:00:00,3.19753,3.22838,3.18211,3.18211,139520
NKG,6/3/2019 00:00:00,3.14098,3.22323,3.11014,3.11014,97250
NKG,6/4/2019 00:00:00,3.20267,3.20267,3.11014,3.11528,114780
NKG,6/5/2019 00:00:00,3.11528,3.20781,3.11528,3.1564,97560
NKG,6/6/2019 00:00:00,3.18725,3.18725,3.12556,3.15126,53930
NKG,6/7/2019 00:00:00,3.14612,3.16155,3.13584,3.14612,24140
NKG,6/10/2019 00:00:00,3.18211,3.21295,3.17183,3.19753,164680
NKG,6/11/2019 00:00:00,3.20781,3.23866,3.20781,3.22323,61760
NKG,6/12/2019 00:00:00,3.21295,3.21295,3.18725,3.21295,66320
NKG,6/13/2019 00:00:00,3.21809,3.21809,3.17697,3.17697,88700
NKG,6/14/2019 00:00:00,3.19239,3.19239,3.1564,3.1564,78880
NKG,6/17/2019 00:00:00,3.11014,3.16669,3.11014,3.14612,44790
NKG,6/18/2019 00:00:00,3.14612,3.14612,3.12556,3.13584,112140
NKG,6/19/2019 00:00:00,3.17183,3.34147,3.17183,3.29006,299810
NKG,6/20/2019 00:00:00,3.39288,3.4083,3.32605,3.32605,186970
NKG,6/21/2019 00:00:00,3.31577,3.32091,3.17183,3.22838,199800
NKG,6/24/2019 00:00:00,3.19753,3.25408,3.19753,3.20781,99520
NKG,6/25/2019 00:00:00,3.20781,3.30035,3.20781,3.2952,110880
NKG,6/26/2019 00:00:00,3.2952,3.2952,3.25922,3.29006,68780
NKG,6/27/2019 00:00:00,3.24894,3.27978,3.18725,3.18725,77090
NKG,6/28/2019 00:00:00,3.24894,3.28492,3.18725,3.2695,134630
NKG,7/1/2019 00:00:00,3.26436,3.27978,3.21295,3.21295,113290
NKG,7/2/2019 00:00:00,3.21295,3.22323,3.19753,3.21295,36580
NKG,7/3/2019 00:00:00,3.19239,3.21295,3.16155,3.16155,56840
NKG,7/4/2019 00:00:00,3.18725,3.28492,3.16155,3.17697,1.05762e+006
NKG,7/5/2019 00:00:00,3.21809,3.21809,3.17697,3.21809,618470
NKG,7/8/2019 00:00:00,3.33119,3.34147,3.21809,3.21809,1.40465e+006
NKG,7/9/2019 00:00:00,3.21809,3.33119,3.21809,3.25922,370840
NKG,7/10/2019 00:00:00,3.25922,3.31577,3.22323,3.25922,367820
NKG,7/11/2019 00:00:00,3.2438,3.29006,3.18725,3.23866,275570
NKG,7/12/2019 00:00:00,3.23866,3.2438,3.19753,3.19753,456250
NKG,7/15/2019 00:00:00,3.20267,3.21809,3.17697,3.19753,483530
NKG,7/16/2019 00:00:00,3.19753,3.22838,3.18725,3.18725,177240
NKG,7/17/2019 00:00:00,3.19239,3.21295,3.18211,3.18725,71750
NKG,7/18/2019 00:00:00,3.18725,3.21295,3.17697,3.18725,126230
NKG,7/19/2019 00:00:00,3.18725,3.21295,3.16155,3.17183,118130
NKG,7/22/2019 00:00:00,3.13584,3.18725,3.12556,3.12556,155070
NKG,7/23/2019 00:00:00,3.12556,3.16155,3.12556,3.14098,91890
NKG,7/24/2019 00:00:00,3.1564,3.1564,3.11528,3.11528,83440
NKG,7/25/2019 00:00:00,3.13584,3.23352,3.12556,3.12556,587990
NKG,7/26/2019 00:00:00,3.1564,3.17697,3.13584,3.13584,237600
NKG,7/29/2019 00:00:00,3.13584,3.17697,3.12556,3.13584,372580
NKG,7/30/2019 00:00:00,3.16669,3.16669,3.03817,3.11014,498050
NKG,7/31/2019 00:00:00,3.11014,3.15126,3.11014,3.12556,146350
NKG,8/1/2019 00:00:00,3.17183,3.18211,3.12042,3.1564,506750
NKG,8/2/2019 00:00:00,3.13584,3.1564,3.12556,3.13584,103290
NKG,8/5/2019 00:00:00,3.13584,3.1564,3.13584,3.13584,491370
NKG,8/6/2019 00:00:00,3.14612,3.14612,3.1307,3.14098,310520
NKG,8/7/2019 00:00:00,3.14098,3.17697,3.1307,3.13584,543850
NKG,8/8/2019 00:00:00,3.13584,3.1564,3.13584,3.14098,209200
NKG,8/9/2019 00:00:00,3.13584,3.31577,3.13584,3.18725,202010
NKG,8/12/2019 00:00:00,3.28492,3.29006,3.21295,3.26436,156440
NKG,8/13/2019 00:00:00,3.26436,3.31577,3.26436,3.30035,556020
NKG,8/14/2019 00:00:00,3.30035,3.46999,3.30035,3.34147,728260
NKG,8/15/2019 00:00:00,3.39288,3.39288,3.32605,3.32605,243550
NKG,8/16/2019 00:00:00,3.35175,3.35175,3.2695,3.2695,248030
NKG,8/19/2019 00:00:00,3.2695,3.31577,3.21809,3.22323,424850
NKG,8/20/2019 00:00:00,3.22323,3.28492,3.22323,3.23866,199230
NKG,8/21/2019 00:00:00,3.23866,3.31577,3.23866,3.30549,122370
NKG,8/22/2019 00:00:00,3.29006,3.46485,3.29006,3.41858,647920
NKG,8/23/2019 00:00:00,3.46485,3.46485,3.34147,3.34147,159600
NKG,8/26/2019 00:00:00,3.29006,3.32091,3.27978,3.29006,174480
NKG,8/27/2019 00:00:00,3.33633,3.33633,3.27464,3.2952,111440
NKG,8/28/2019 00:00:00,3.30549,3.30549,3.21809,3.21809,385000
NKG,8/29/2019 00:00:00,3.28492,3.28492,3.20267,3.21809,330230
NKG,8/30/2019 00:00:00,3.21809,3.24894,3.21295,3.22838,169970
NKG,9/3/2019 00:00:00,3.19753,3.23866,3.16155,3.16155,185390
NKG,9/4/2019 00:00:00,3.16155,3.17183,3.11014,3.11528,523670
NKG,9/5/2019 00:00:00,3.13584,3.14612,3.09986,3.09986,291190
NKG,9/6/2019 00:00:00,3.1564,3.1564,3.09472,3.09986,20420
NKG,9/9/2019 00:00:00,3.09472,3.11528,3.06901,3.06901,177170
NKG,9/10/2019 00:00:00,3.05873,3.06901,2.93021,2.95592,248250
NKG,9/11/2019 00:00:00,3.02275,3.02275,2.93021,2.94564,368680
NKG,9/12/2019 00:00:00,2.95078,2.97648,2.94564,2.97648,179530
NKG,9/13/2019 00:00:00,2.97648,2.98162,2.93021,2.97648,142380
NKG,9/16/2019 00:00:00,3.00218,3.00218,2.93021,2.97134,163190
NKG,9/17/2019 00:00:00,2.93021,2.97134,2.92507,2.93021,174360
NKG,9/18/2019 00:00:00,2.95592,2.95592,2.92507,2.94564,388000
NKG,9/19/2019 00:00:00,2.95592,2.9662,2.93535,2.94564,157410
NKG,9/20/2019 00:00:00,2.94564,3.03303,2.94564,2.98162,328310
NKG,9/23/2019 00:00:00,2.97648,3.02789,2.96106,2.96106,139230
NKG,9/24/2019 00:00:00,2.98162,2.98162,2.95592,2.95592,105440
NKG,9/25/2019 00:00:00,2.97648,2.98162,2.90965,2.91479,167040
NKG,9/26/2019 00:00:00,2.91479,2.94564,2.87881,2.92507,114520
NKG,9/27/2019 00:00:00,2.92507,2.94049,2.87881,2.88909,323330
NKG,9/30/2019 00:00:00,2.88909,2.89937,2.8531,2.86852,316610
NKG,10/1/2019 00:00:00,2.89937,2.90451,2.86338,2.87367,118710
NKG,10/2/2019 00:00:00,2.89423,2.91993,2.87367,2.88909,114680
NKG,10/3/2019 00:00:00,2.91479,2.97134,2.88909,2.95592,806390
NKG,10/4/2019 00:00:00,2.98162,3.03303,2.95592,2.95592,469550
NKG,10/7/2019 00:00:00,3.00218,3.00218,2.95592,2.99704,465810
NKG,10/8/2019 00:00:00,2.96106,3.03303,2.96106,2.99704,480750
NKG,10/9/2019 00:00:00,3.01246,3.02789,2.98162,2.99704,455420
NKG,10/10/2019 00:00:00,3.02275,3.03303,2.9662,2.9919,250590
NKG,10/11/2019 00:00:00,2.9919,3.03303,2.97648,2.98162,512230
NKG,10/14/2019 00:00:00,3.01761,3.01761,2.9662,2.98162,146520
NKG,10/15/2019 00:00:00,2.98162,3.00732,2.97134,2.97648,89340
NKG,10/16/2019 00:00:00,2.9919,3.00218,2.97648,2.99704,314610
NKG,10/17/2019 00:00:00,3.00732,3.00732,2.97134,3.00218,239660
NKG,10/18/2019 00:00:00,3.02275,3.02275,2.99704,3.00218,169490
NKG,10/21/2019 00:00:00,3.00218,3.00218,2.90451,2.98162,169080
NKG,10/22/2019 00:00:00,2.98162,3.1307,2.98162,3.08443,75860
NKG,10/23/2019 00:00:00,3.08443,3.23866,3.08443,3.12042,133100
NKG,10/24/2019 00:00:00,3.16155,3.16155,3.12556,3.14612,203480
NKG,10/25/2019 00:00:00,3.14612,3.16155,3.13584,3.13584,52180
NKG,10/28/2019 00:00:00,3.18725,3.21295,3.14612,3.16669,121270
NKG,10/29/2019 00:00:00,3.16155,3.18725,3.12556,3.12556,175570
NKG,10/30/2019 00:00:00,3.08443,3.12556,3.08443,3.11528,214580
NKG,10/31/2019 00:00:00,3.12556,3.18211,3.11014,3.11014,426780
NKG,11/1/2019 00:00:00,3.11014,3.12556,3.09986,3.11528,144460
NKG,11/4/2019 00:00:00,3.1564,3.1564,3.11014,3.11528,152110
NKG,11/5/2019 00:00:00,3.11528,3.13584,3.11014,3.11528,663900
NKG,11/6/2019 00:00:00,3.11014,3.22838,3.11014,3.22323,232240
NKG,11/7/2019 00:00:00,3.23866,3.25922,3.22838,3.23866,290250
NKG,11/8/2019 00:00:00,3.25922,3.28492,3.23866,3.27464,301810
NKG,11/11/2019 00:00:00,3.28492,3.29006,3.23866,3.26436,207080
NKG,11/12/2019 00:00:00,3.26436,3.31063,3.26436,3.2952,564750
NKG,11/13/2019 00:00:00,3.31063,3.31063,3.20267,3.24894,390340
NKG,11/14/2019 00:00:00,3.27464,3.29006,3.23866,3.23866,357960
NKG,11/15/2019 00:00:00,3.16669,3.26436,3.16155,3.20267,456080
NKG,11/18/2019 00:00:00,3.18725,3.23352,3.18725,3.20781,750110
NKG,11/19/2019 00:00:00,3.20781,3.26436,3.19753,3.20781,515620
NKG,11/20/2019 00:00:00,3.20781,3.24894,3.18725,3.19239,616140
NKG,11/21/2019 00:00:00,3.20781,3.20781,3.17697,3.17697,538880
NKG,11/22/2019 00:00:00,3.17697,3.18725,3.1307,3.1307,880130
NKG,11/25/2019 00:00:00,3.11528,3.14098,3.11014,3.13584,385200
NKG,11/26/2019 00:00:00,3.1564,3.1564,3.08443,3.11528,322410
NKG,11/27/2019 00:00:00,3.12556,3.17697,3.12556,3.17697,410430
NKG,11/28/2019 00:00:00,3.18725,3.18725,3.12556,3.12556,218000
NKG,11/29/2019 00:00:00,3.09986,3.16669,3.09986,3.11528,41930
NKG,12/2/2019 00:00:00,3.11528,3.13584,3.11014,3.13584,283230
NKG,12/3/2019 00:00:00,3.16155,3.26436,3.14612,3.18725,163290
NKG,12/4/2019 00:00:00,3.18725,3.23866,3.18725,3.19753,188750
NKG,12/5/2019 00:00:00,3.26436,3.26436,3.17183,3.18725,63350
NKG,12/6/2019 00:00:00,3.14098,3.23866,3.14098,3.23352,90950
NKG,12/9/2019 00:00:00,3.27464,3.36717,3.23352,3.34147,609750
NKG,12/10/2019 00:00:00,3.39288,3.54196,3.37746,3.54196,1.10028e+006
NKG,12/11/2019 00:00:00,3.5728,3.62421,3.56252,3.59851,1.17572e+006
NKG,12/12/2019 00:00:00,3.55738,3.60879,3.55738,3.59337,514610
NKG,12/13/2019 00:00:00,3.59851,3.6602,3.59851,3.65506,1.21557e+006
NKG,12/16/2019 00:00:00,3.65506,3.65506,3.58309,3.59337,1.11427e+006
NKG,12/17/2019 00:00:00,3.59337,3.59337,3.44943,3.46999,1.46428e+006
NKG,12/18/2019 00:00:00,3.36717,3.54196,3.36717,3.46999,747970
NKG,12/19/2019 00:00:00,3.46999,3.51626,3.44943,3.48027,328150
NKG,12/20/2019 00:00:00,3.48027,3.59337,3.48027,3.49569,478280
NKG,12/23/2019 00:00:00,3.46999,3.5471,3.42886,3.42886,1.25151e+006
NKG,12/24/2019 00:00:00,3.39288,3.48027,3.37232,3.42372,635300
NKG,12/25/2019 00:00:00,3.42372,3.49055,3.42372,3.45457,153550
NKG,12/26/2019 00:00:00,3.59851,3.59851,3.42886,3.48541,322910
NKG,12/27/2019 00:00:00,3.49569,3.53682,3.49055,3.51626,280070
NKG,12/30/2019 00:00:00,3.5471,3.59851,3.49569,3.5471,372220
NKG,12/31/2019 00:00:00,3.5728,3.5728,3.53682,3.5471,388650
NKG,1/2/2020 00:00:00,3.49569,3.79385,3.49569,3.79385,1.04174e+006
NKG,1/3/2020 00:00:00,3.88125,3.9635,3.88125,3.90181,853560
NKG,1/6/2020 00:00:00,3.90181,4.00462,3.80928,3.97378,480230
NKG,1/7/2020 00:00:00,3.97378,3.99948,3.93265,3.97378,1.28204e+006
NKG,1/8/2020 00:00:00,3.97378,4.07659,3.83498,4.07145,1.10534e+006
NKG,1/9/2020 00:00:00,4.11258,4.34391,4.11258,4.34391,1.74626e+006
NKG,1/10/2020 00:00:00,4.54954,4.62665,4.42616,4.60095,1.19452e+006
NKG,1/13/2020 00:00:00,4.62665,4.65236,4.42102,4.49813,1.10616e+006
NKG,1/14/2020 00:00:00,4.47243,4.62665,4.4313,4.60095,1.21063e+006
NKG,1/15/2020 00:00:00,4.60095,4.88369,4.60095,4.88369,1.02324e+006
NKG,1/16/2020 00:00:00,4.88369,5.14072,4.88369,5.08932,553840
NKG,1/17/2020 00:00:00,5.08932,5.14072,4.97622,5.08932,719550
NKG,1/20/2020 00:00:00,5.02249,5.08418,4.73461,4.73461,2.00387e+006
NKG,1/21/2020 00:00:00,4.4056,4.73461,4.4056,4.72947,702530
NKG,1/22/2020 00:00:00,4.62665,4.88369,4.62665,4.88369,433340
NKG,1/30/2020 00:00:00,4.78087,5.03791,4.5444,4.5444,814540
NKG,1/31/2020 00:00:00,4.37476,4.50842,4.28736,4.28736,903540
NKG,2/3/2020 00:00:00,3.9892,4.2668,3.9892,4.07145,783170
NKG,2/4/2020 00:00:00,4.21025,4.21025,3.99948,4.06117,531330
NKG,2/5/2020 00:00:00,4.11258,4.21539,4.00977,4.00977,307880
NKG,2/6/2020 00:00:00,4.06117,4.2411,4.03033,4.19997,398370
NKG,2/7/2020 00:00:00,4.19997,4.25652,4.09716,4.128,224010
NKG,2/10/2020 00:00:00,4.11258,4.22568,4.06117,4.18969,608010
NKG,2/11/2020 00:00:00,4.18969,4.31821,4.128,4.128,204380
NKG,2/12/2020 00:00:00,4.128,4.24624,4.128,4.18455,228950
NKG,2/13/2020 00:00:00,4.2411,4.2411,4.128,4.19997,166210
NKG,2/14/2020 00:00:00,4.14856,4.23082,4.14856,4.19483,115390
NKG,2/17/2020 00:00:00,4.19483,4.2668,4.13828,4.17941,335680
NKG,2/18/2020 00:00:00,4.13314,4.21025,4.13314,4.17941,823150
NKG,2/19/2020 00:00:00,4.17427,4.2668,4.17427,4.17427,321650
NKG,2/20/2020 00:00:00,4.21539,4.46215,4.17427,4.46215,1.86143e+006
NKG,2/21/2020 00:00:00,4.62665,4.63693,4.46729,4.52384,407130
NKG,2/24/2020 00:00:00,4.29765,4.5187,4.29765,4.4056,541490
NKG,2/25/2020 00:00:00,4.29765,4.43645,4.29765,4.4056,652980
NKG,2/26/2020 00:00:00,4.4056,4.4056,4.29765,4.31307,382700
NKG,2/27/2020 00:00:00,4.27708,4.39018,4.24624,4.37476,1.20742e+006
NKG,2/28/2020 00:00:00,4.37476,4.37476,4.24624,4.26166,520540
NKG,3/2/2020 00:00:00,4.24624,4.29251,4.20511,4.26166,731490
NKG,3/3/2020 00:00:00,4.26166,4.34391,4.25652,4.26166,732870
NKG,3/4/2020 00:00:00,4.2411,4.2668,4.22568,4.22568,881410
NKG,3/5/2020 00:00:00,4.2411,4.29251,4.2411,4.2411,658190
NKG,3/6/2020 00:00:00,4.2411,4.2411,4.16399,4.16399,520560
NKG,3/9/2020 00:00:00,3.87611,3.93265,3.87611,3.87611,643140
NKG,3/10/2020 00:00:00,3.60879,3.85554,3.60879,3.79385,499100
NKG,3/11/2020 00:00:00,3.79385,3.82984,3.5471,3.57794,621580
NKG,3/12/2020 00:00:00,3.34661,3.41344,3.33119,3.33119,758250
NKG,3/13/2020 00:00:00,3.09986,3.32605,3.09986,3.17697,2.30365e+006
NKG,3/16/2020 00:00:00,3.08443,3.18211,3.08443,3.09986,654660
NKG,3/17/2020 00:00:00,2.90451,3.16155,2.90451,3.13584,156870
NKG,3/18/2020 00:00:00,3.34661,3.34661,3.08443,3.08443,1.86721e+006
NKG,3/19/2020 00:00:00,3.08443,3.08443,3.04845,3.08443,441830
NKG,3/20/2020 00:00:00,3.03303,3.07929,2.86852,2.86852,2.32787e+006
NKG,3/23/2020 00:00:00,2.68346,2.8274,2.66804,2.66804,1.15003e+006
NKG,3/24/2020 00:00:00,2.48297,2.51896,2.48297,2.48297,1.9003e+006
NKG,3/25/2020 00:00:00,2.48297,2.51896,2.33903,2.37501,2.14021e+006
NKG,3/26/2020 00:00:00,2.4367,2.53952,2.411,2.51896,1.25151e+006
NKG,3/27/2020 00:00:00,2.44699,2.67318,2.44699,2.51896,418220
NKG,3/30/2020 00:00:00,2.37501,2.51896,2.36473,2.41614,608850
NKG,3/31/2020 00:00:00,2.37501,2.50353,2.26192,2.26192,554980
NKG,4/1/2020 00:00:00,2.25164,2.41614,2.25164,2.37501,922390
NKG,4/3/2020 00:00:00,2.41614,2.51896,2.3853,2.48811,583700
NKG,4/6/2020 00:00:00,2.51896,2.65775,2.51896,2.65775,2.22977e+006
NKG,4/7/2020 00:00:00,2.67318,2.77599,2.63719,2.64233,539150
NKG,4/8/2020 00:00:00,2.63719,2.6629,2.54466,2.64747,956830
NKG,4/9/2020 00:00:00,2.62691,2.77599,2.62691,2.70916,545170
NKG,4/10/2020 00:00:00,2.75543,2.75543,2.57036,2.67318,498550
NKG,4/13/2020 00:00:00,2.58578,2.72458,2.58578,2.67318,444510
NKG,4/14/2020 00:00:00,2.69888,2.85824,2.64233,2.8274,1.15279e+006
NKG,4/15/2020 00:00:00,2.95592,2.95592,2.87881,2.88909,939290
NKG,4/16/2020 00:00:00,2.8531,3.00732,2.8274,2.94049,650390
NKG,4/17/2020 00:00:00,3.00218,3.00218,2.91993,2.95078,934470
NKG,4/20/2020 00:00:00,2.97648,2.99704,2.74515,2.91479,767020
NKG,4/21/2020 00:00:00,2.8274,2.8531,2.72972,2.73487,969690
NKG,4/22/2020 00:00:00,2.67832,2.92507,2.67832,2.90451,1.32009e+006
NKG,4/23/2020 00:00:00,3.09986,3.09986,2.97648,2.99704,769020
NKG,4/24/2020 00:00:00,3.07929,3.20267,3.00732,3.20267,3.02925e+006
NKG,4/27/2020 00:00:00,3.39288,3.42372,3.34147,3.42372,2.94318e+006
NKG,4/28/2020 00:00:00,3.49569,3.49569,3.29006,3.39288,1.26379e+006
NKG,4/29/2020 00:00:00,3.29006,3.34147,3.24894,3.32605,1.75734e+006
NKG,5/4/2020 00:00:00,3.32091,3.41344,3.29006,3.36717,2.34278e+006
NKG,5/5/2020 00:00:00,3.36717,3.5471,3.35689,3.36717,1.22655e+006
NKG,5/6/2020 00:00:00,3.36717,3.42886,3.35689,3.41858,1.64347e+006
NKG,5/7/2020 00:00:00,3.44429,3.51112,3.42372,3.48027,2.03501e+006
NKG,5/8/2020 00:00:00,3.49569,3.51112,3.42372,3.42372,2.00929e+006
NKG,5/11/2020 00:00:00,3.42372,3.5471,3.36717,3.41858,1.37679e+006
NKG,5/12/2020 00:00:00,3.41858,3.53682,3.35689,3.5214,3.06449e+006
NKG,5/13/2020 00:00:00,3.5214,3.76301,3.5214,3.73731,4.27073e+006
NKG,5/14/2020 00:00:00,3.73731,3.86068,3.67562,3.72703,1.52607e+006
NKG,5/15/2020 00:00:00,3.71674,3.73731,3.5471,3.59851,2.39107e+006
NKG,5/18/2020 00:00:00,3.61907,3.79385,3.5214,3.73217,2.88038e+006
NKG,5/19/2020 00:00:00,3.80414,3.86068,3.74245,3.74759,2.7036e+006
NKG,5/20/2020 00:00:00,3.74759,3.75273,3.59851,3.6859,1.15293e+006
NKG,5/21/2020 00:00:00,3.70132,3.72188,3.64991,3.67048,1.72889e+006
NKG,5/22/2020 00:00:00,3.77843,3.83498,3.72703,3.8247,5.50861e+006
NKG,5/25/2020 00:00:00,3.90695,4.06631,3.89153,3.95836,4.0256e+006
NKG,5/26/2020 00:00:00,4.06117,4.06117,3.9378,3.97378,2.69116e+006
NKG,5/27/2020 00:00:00,3.97892,4.02005,3.94808,3.96864,4.44562e+006
NKG,5/28/2020 00:00:00,3.95836,4.02005,3.95836,3.9635,2.4883e+006
NKG,5/29/2020 00:00:00,3.9635,4.00977,3.94808,3.94808,2.70417e+006
NKG,6/1/2020 00:00:00,3.95836,4.1023,3.95836,4.08688,3.76772e+006
NKG,6/2/2020 00:00:00,4.1023,4.1023,4.00462,4.04061,2.78719e+006
NKG,6/3/2020 00:00:00,4.04061,4.04575,3.96864,4.02519,2.34303e+006
NKG,6/4/2020 00:00:00,4.05603,4.05603,3.96864,3.96864,3.22132e+006
NKG,6/5/2020 00:00:00,3.95836,4.18455,3.9378,4.128,4.58817e+006
NKG,6/8/2020 00:00:00,4.21539,4.30279,4.21025,4.27194,4.26142e+006
NKG,6/9/2020 00:00:00,4.31821,4.36962,4.21025,4.31821,3.71254e+006
NKG,6/10/2020 00:00:00,4.28736,4.32335,4.2411,4.30793,3.62491e+006
NKG,6/11/2020 00:00:00,4.29765,4.42616,4.16399,4.16399,4.25672e+006
NKG,6/12/2020 00:00:00,3.93265,4.16913,3.91723,4.16913,4.07426e+006
NKG,6/15/2020 00:00:00,4.21539,4.21539,3.95836,3.95836,2.58687e+006
NKG,6/16/2020 00:00:00,4.04061,4.04061,3.94808,3.99434,1.62412e+006
NKG,6/17/2020 00:00:00,3.95836,4.11258,3.95836,3.99434,1.81595e+006
NKG,6/18/2020 00:00:00,3.99434,4.04061,3.96864,4.02519,1.23653e+006
NKG,6/19/2020 00:00:00,4.14856,4.14856,4.06117,4.10744,1.23377e+006
NKG,6/22/2020 00:00:00,4.10744,4.17427,4.06117,4.09202,1.85061e+006
NKG,6/23/2020 00:00:00,4.11258,4.11258,3.99948,4.00977,2.53935e+006
NKG,6/24/2020 00:00:00,4.08688,4.08688,3.99434,3.99434,1.44106e+006
NKG,6/25/2020 00:00:00,3.95836,4.11258,3.89667,4.07145,2.40759e+006
NKG,6/26/2020 00:00:00,4.07659,4.10744,4.03033,4.04061,2.07256e+006
NKG,6/29/2020 00:00:00,3.9635,3.98406,3.80414,3.89667,1.96794e+006
NKG,6/30/2020 00:00:00,3.99434,3.99434,3.64991,3.67048,1.67711e+006
NKG,7/1/2020 00:00:00,3.62421,3.75787,3.62421,3.72703,1.30181e+006
NKG,7/2/2020 00:00:00,3.72703,3.77843,3.70132,3.7116,873690
NKG,7/3/2020 00:00:00,3.72703,3.72703,3.69618,3.7116,706740
NKG,7/6/2020 00:00:00,3.77843,3.79385,3.72703,3.76301,885210
NKG,7/7/2020 00:00:00,3.80414,3.86583,3.80414,3.82984,1.8401e+006
NKG,7/8/2020 00:00:00,3.82984,3.83498,3.77843,3.77843,839650
NKG,7/9/2020 00:00:00,3.77843,3.82984,3.77329,3.77843,918170
NKG,7/10/2020 00:00:00,3.77329,3.79385,3.72188,3.73731,929920
NKG,7/13/2020 00:00:00,3.73731,3.78357,3.73217,3.76301,438300
NKG,7/14/2020 00:00:00,3.77843,3.77843,3.72703,3.73217,507560
NKG,7/15/2020 00:00:00,3.73217,3.77843,3.72188,3.72703,797790
NKG,7/16/2020 00:00:00,3.75273,3.75273,3.70132,3.70132,615540
NKG,7/17/2020 00:00:00,3.70132,3.72703,3.6859,3.70646,672910
NKG,7/20/2020 00:00:00,3.70646,3.72703,3.65506,3.65506,1.0683e+006
NKG,7/21/2020 00:00:00,3.65506,3.67562,3.5728,3.63449,862870
NKG,7/22/2020 00:00:00,3.63449,3.70132,3.63449,3.65506,365490
NKG,7/23/2020 00:00:00,3.65506,3.66534,3.59851,3.61907,587850
NKG,7/24/2020 00:00:00,3.62421,3.62421,3.36717,3.36717,2.64684e+006
NKG,7/27/2020 00:00:00,3.14098,3.26436,3.13584,3.13584,2.04849e+006
NKG,7/28/2020 00:00:00,2.95592,3.29006,2.95592,3.29006,1.15666e+006
NKG,7/29/2020 00:00:00,3.26436,3.26436,3.14098,3.20781,848200
NKG,7/30/2020 00:00:00,3.20781,3.29006,3.20781,3.23866,380310
NKG,7/31/2020 00:00:00,3.12042,3.22323,3.12042,3.18211,355600
NKG,8/3/2020 00:00:00,3.23866,3.36717,3.18725,3.34147,1.46915e+006
NKG,8/4/2020 00:00:00,3.34147,3.44429,3.33119,3.34147,1.08691e+006
NKG,8/5/2020 00:00:00,3.34147,3.53168,3.34147,3.53168,1.36021e+006
NKG,8/6/2020 00:00:00,3.53168,3.5471,3.46999,3.53168,768060
NKG,8/7/2020 00:00:00,3.5471,3.63449,3.49569,3.5728,992710
NKG,8/10/2020 00:00:00,3.5728,3.67562,3.5728,3.59851,1.04565e+006
NKG,8/11/2020 00:00:00,3.59851,3.64991,3.42372,3.49569,1.83481e+006
NKG,8/12/2020 00:00:00,3.49569,3.5728,3.48027,3.49569,569230
NKG,8/13/2020 00:00:00,3.51112,3.51112,3.46999,3.47513,1.00808e+006
NKG,8/14/2020 00:00:00,3.47513,3.49569,3.41344,3.42372,752470
NKG,8/17/2020 00:00:00,3.48541,3.49569,3.42372,3.49569,391150
NKG,8/18/2020 00:00:00,3.46999,3.58309,3.46999,3.55738,2.33207e+006
NKG,8/19/2020 00:00:00,3.55738,3.58823,3.54196,3.54196,948650
NKG,8/20/2020 00:00:00,3.5471,3.5471,3.50597,3.5214,683760
NKG,8/21/2020 00:00:00,3.49569,3.56252,3.49569,3.56252,919020
NKG,8/24/2020 00:00:00,3.59851,3.60879,3.56252,3.56252,1.81239e+006
NKG,8/25/2020 00:00:00,3.59851,3.60365,3.55738,3.56252,1.12941e+006
NKG,8/26/2020 00:00:00,3.55738,3.80928,3.55738,3.80414,3.38266e+006
NKG,8/27/2020 00:00:00,3.80414,3.80928,3.75273,3.77329,1.16399e+006
NKG,8/28/2020 00:00:00,3.77329,3.94808,3.76301,3.85554,2.02903e+006
NKG,8/31/2020 00:00:00,3.85554,3.92751,3.8247,3.84012,1.87022e+006
NKG,9/1/2020 00:00:00,3.84526,3.91723,3.80928,3.88125,2.12041e+006
NKG,9/3/2020 00:00:00,3.90695,3.93265,3.80928,3.85554,2.79314e+006
NKG,9/4/2020 00:00:00,3.80414,3.83498,3.76301,3.80414,1.33006e+006
NKG,9/7/2020 00:00:00,3.80414,4.03033,3.80414,3.87611,3.39784e+006
NKG,9/8/2020 00:00:00,3.88125,3.95322,3.87611,3.92237,1.461e+006
NKG,9/9/2020 00:00:00,3.90695,4.02005,3.85554,4.00462,1.4674e+006
NKG,9/10/2020 00:00:00,4.02519,4.03547,3.97378,3.97378,1.47274e+006
NKG,9/11/2020 00:00:00,3.9635,4.01491,3.92237,3.93265,1.51377e+006
NKG,9/14/2020 00:00:00,3.97892,4.08174,3.95836,4.06117,3.26804e+006
NKG,9/15/2020 00:00:00,4.11258,4.15371,4.06117,4.07659,2.93063e+006
NKG,9/16/2020 00:00:00,4.07659,4.1023,4.05089,4.07659,2.29917e+006
NKG,9/17/2020 00:00:00,4.08688,4.17427,4.03547,4.08688,3.64057e+006
NKG,9/18/2020 00:00:00,4.08688,4.13828,4.08174,4.11772,2.40436e+006
NKG,9/21/2020 00:00:00,4.15371,4.21539,4.11772,4.11772,2.53026e+006
NKG,9/22/2020 00:00:00,4.11258,4.14342,4.07659,4.08688,3.08222e+006
NKG,9/23/2020 00:00:00,4.08688,4.13828,4.08174,4.11258,1.774e+006
NKG,9/24/2020 00:00:00,4.12286,4.35419,4.08688,4.27194,4.71626e+006
NKG,9/25/2020 00:00:00,4.34391,4.34905,4.21539,4.31307,3.51261e+006
NKG,9/28/2020 00:00:00,4.34391,4.41074,4.31821,4.39532,3.17825e+006
NKG,9/29/2020 00:00:00,4.42102,4.4313,4.27708,4.28736,4.15054e+006
NKG,9/30/2020 00:00:00,4.2668,4.34391,4.12286,4.30279,2.72115e+006
NKG,10/1/2020 00:00:00,4.34391,4.34905,4.29765,4.30279,2.80952e+006
NKG,10/2/2020 00:00:00,4.31821,4.32849,4.10744,4.2411,3.11526e+006
NKG,10/5/2020 00:00:00,4.2411,4.31821,4.2411,4.25138,2.84737e+006
NKG,10/6/2020 00:00:00,4.25652,4.29251,4.23596,4.25138,2.34154e+006
NKG,10/7/2020 00:00:00,4.2411,4.4313,4.2411,4.32849,4.16153e+006
NKG,10/8/2020 00:00:00,4.32849,4.36962,4.30793,4.34391,2.32186e+006
NKG,10/9/2020 00:00:00,4.36962,4.52384,4.2668,4.44673,3.92698e+006
NKG,10/12/2020 00:00:00,4.49813,4.49813,4.36962,4.4056,2.60205e+006
NKG,10/13/2020 00:00:00,4.4056,4.41074,4.3799,4.40046,1.55265e+006
NKG,10/14/2020 00:00:00,4.40046,4.40046,4.31821,4.33877,1.97097e+006
NKG,10/15/2020 00:00:00,4.36962,4.41588,4.33877,4.34905,1.64498e+006
NKG,10/16/2020 00:00:00,4.36962,4.4313,4.35419,4.40046,2.12702e+006
NKG,10/19/2020 00:00:00,4.41588,4.45701,4.40046,4.45187,2.01472e+006
NKG,10/20/2020 00:00:00,4.47243,4.60095,4.45187,4.55468,3.53175e+006
NKG,10/21/2020 00:00:00,4.60609,4.60609,4.45187,4.46215,2.16743e+006
NKG,10/22/2020 00:00:00,4.44673,4.45701,4.36962,4.44159,1.23666e+006
NKG,10/23/2020 00:00:00,4.44673,4.53926,4.44159,4.46729,2.03112e+006
NKG,10/26/2020 00:00:00,4.46729,4.52384,4.46215,4.47243,2.79916e+006
NKG,10/27/2020 00:00:00,4.52384,4.61123,4.52384,4.53926,4.237e+006
NKG,10/28/2020 00:00:00,4.54954,4.54954,4.32849,4.35419,3.40521e+006
NKG,10/29/2020 00:00:00,4.31821,4.36962,4.11258,4.2668,2.28411e+006
NKG,10/30/2020 00:00:00,4.36962,4.36962,4.21539,4.21539,2.48337e+006
NKG,11/2/2020 00:00:00,4.21539,4.33877,4.21539,4.32849,973710
NKG,11/3/2020 00:00:00,4.36962,4.4056,4.31821,4.32849,1.51155e+006
NKG,11/4/2020 00:00:00,4.36962,4.39018,4.32335,4.34905,1.21751e+006
NKG,11/5/2020 00:00:00,4.34905,4.36962,4.2668,4.28736,1.70476e+006
NKG,11/6/2020 00:00:00,4.28736,4.29765,4.2411,4.28222,1.64225e+006
NKG,11/9/2020 00:00:00,4.29251,4.44159,4.28736,4.4313,2.63322e+006
NKG,11/10/2020 00:00:00,4.51356,4.51356,4.41588,4.42102,1.41187e+006
NKG,11/11/2020 00:00:00,4.42102,4.72947,4.4056,4.72947,8.54342e+006
NKG,11/12/2020 00:00:00,5.05333,5.05847,4.9865,5.05847,8.4702e+006
NKG,11/13/2020 00:00:00,5.11502,5.29495,5.08932,5.14072,3.94922e+006
NKG,11/16/2020 00:00:00,5.14072,5.50058,5.11502,5.50058,9.97808e+006
NKG,11/17/2020 00:00:00,5.62909,5.86043,5.62909,5.86043,8.49002e+006
NKG,11/18/2020 00:00:00,6.11746,6.24598,5.96324,6.24598,1.1282e+007
NKG,11/19/2020 00:00:00,6.14317,6.60583,5.91183,6.27168,6.92807e+006
NKG,11/20/2020 00:00:00,6.19457,6.19457,5.98894,6.04035,6.53986e+006
NKG,11/23/2020 00:00:00,5.80902,6.29739,5.80902,6.06606,7.12912e+006
NKG,11/24/2020 00:00:00,6.09176,6.22028,5.83472,6.01465,5.82561e+006
NKG,11/25/2020 00:00:00,6.06606,6.09176,5.83472,5.83472,4.07005e+006
NKG,11/26/2020 00:00:00,5.80902,6.22028,5.55198,6.22028,6.69289e+006
NKG,11/27/2020 00:00:00,6.52872,6.52872,6.24598,6.27168,6.93333e+006
NKG,11/30/2020 00:00:00,6.32309,6.3488,6.06606,6.09176,4.1124e+006
NKG,12/1/2020 00:00:00,5.91183,6.24598,5.88613,6.22028,4.69443e+006
NKG,12/2/2020 00:00:00,6.19457,6.27168,6.04035,6.09176,4.23394e+006
NKG,12/3/2020 00:00:00,6.16887,6.4002,6.04035,6.3488,5.75472e+006
NKG,12/4/2020 00:00:00,6.42591,6.78576,6.29739,6.70865,8.0001e+006
NKG,12/7/2020 00:00:00,6.76005,7.17131,6.73435,7.17131,7.58887e+006
NKG,12/8/2020 00:00:00,7.19701,7.35124,7.01709,7.27413,5.46867e+006
NKG,12/9/2020 00:00:00,7.24842,7.60827,7.14561,7.32553,6.0547e+006
NKG,12/10/2020 00:00:00,7.32553,7.35124,6.99139,7.04279,8.95046e+006
NKG,12/11/2020 00:00:00,7.1199,7.40264,7.01709,7.40264,5.39045e+006
NKG,12/14/2020 00:00:00,7.55687,7.60827,7.47975,7.47975,5.80122e+006
NKG,12/15/2020 00:00:00,7.40264,7.50546,7.27413,7.40264,5.8573e+006
NKG,12/16/2020 00:00:00,7.47975,7.58257,7.37694,7.58257,4.9755e+006
NKG,12/17/2020 00:00:00,7.71109,7.96812,7.55687,7.71109,5.96014e+006
NKG,12/18/2020 00:00:00,7.65968,7.83961,7.65968,7.7882,4.98209e+006
NKG,12/21/2020 00:00:00,7.97176,8.0242,7.68331,7.81442,5.2013e+006
NKG,12/22/2020 00:00:00,7.81442,8.07665,7.70953,7.97176,5.95644e+006
NKG,12/23/2020 00:00:00,8.20776,8.39132,7.91931,8.0242,5.24961e+006
NKG,12/24/2020 00:00:00,8.1291,8.1291,7.55219,7.97176,4.83779e+006
NKG,12/25/2020 00:00:00,7.91931,7.99798,7.65708,7.94554,5.80268e+006
NKG,12/28/2020 00:00:00,8.1291,8.18154,7.86687,7.97176,4.88388e+006
NKG,12/29/2020 00:00:00,7.97176,8.0242,7.89309,7.89309,3.69989e+006
NKG,12/30/2020 00:00:00,7.89309,7.91931,7.73575,7.76198,4.14059e+006
NKG,12/31/2020 00:00:00,7.81442,7.86687,7.68331,7.86687,2.92337e+006
NKG,1/4/2021 00:00:00,8.0242,8.41755,7.94554,8.39132,9.1079e+006
NKG,1/5/2021 00:00:00,8.39132,8.57488,8.26021,8.39132,4.6457e+006
NKG,1/6/2021 00:00:00,8.41755,8.46999,8.31266,8.33888,4.0722e+006
NKG,1/7/2021 00:00:00,8.23399,8.49622,8.18154,8.39132,4.623e+006
NKG,1/8/2021 00:00:00,8.49622,8.60111,8.33888,8.33888,4.3369e+006
NKG,1/11/2021 00:00:00,8.39132,8.39132,8.23399,8.31266,3.4087e+006
NKG,1/12/2021 00:00:00,8.39132,8.67978,8.28643,8.54866,6.8592e+006
NKG,1/13/2021 00:00:00,8.62733,8.62733,8.41755,8.44377,3.6966e+006
NKG,1/14/2021 00:00:00,8.44377,8.49622,8.3651,8.41755,2.2996e+006
NKG,1/15/2021 00:00:00,8.49622,8.62733,8.46999,8.49622,4.5958e+006
NKG,1/18/2021 00:00:00,8.65355,8.91578,8.54866,8.78467,6.3031e+006
NKG,1/19/2021 00:00:00,8.86334,8.91578,8.18154,8.28643,5.5523e+006
NKG,1/20/2021 00:00:00,8.28643,8.49622,7.73575,8.1291,3.3348e+006
NKG,1/21/2021 00:00:00,8.44377,8.60111,8.18154,8.54866,4.4987e+006
NKG,1/22/2021 00:00:00,8.54866,8.83711,8.54866,8.67978,5.2045e+006
NKG,1/25/2021 00:00:00,8.67978,9.2829,8.65355,9.23046,8.4464e+006
NKG,1/26/2021 00:00:00,9.33535,9.41402,8.706,8.91578,5.5051e+006
NKG,1/27/2021 00:00:00,8.65355,8.99445,8.39132,8.46999,5.0372e+006
NKG,1/28/2021 00:00:00,7.91931,8.18154,7.89309,7.89309,6.0694e+006
NKG,1/29/2021 00:00:00,7.39486,8.41755,7.36863,8.1291,5.1733e+006
NKG,2/1/2021 00:00:00,8.07665,8.39132,7.57841,7.57841,4.9312e+006
NKG,2/2/2021 00:00:00,7.34241,7.65708,7.26374,7.57841,5.1283e+006
NKG,2/3/2021 00:00:00,7.65708,7.99798,7.49975,7.99798,4.9199e+006
NKG,2/4/2021 00:00:00,8.0242,8.20776,7.84064,8.0242,3.0945e+006
NKG,2/5/2021 00:00:00,7.91931,8.1291,7.91931,8.07665,2.6364e+006
NKG,2/8/2021 00:00:00,7.99798,8.07665,7.52597,7.65708,3.6483e+006
NKG,2/9/2021 00:00:00,7.65708,7.91931,7.55219,7.86687,2.1102e+006
NKG,2/17/2021 00:00:00,7.97176,8.33888,7.97176,8.33888,2.9208e+006
NKG,2/18/2021 00:00:00,8.23399,8.41755,8.18154,8.23399,2.4545e+006
NKG,2/19/2021 00:00:00,8.1291,8.62733,8.07665,8.49622,5.5744e+006
NKG,2/22/2021 00:00:00,8.706,8.81089,8.46999,8.57488,4.2499e+006
NKG,2/23/2021 00:00:00,8.62733,8.73222,8.54866,8.65355,3.6488e+006
NKG,2/24/2021 00:00:00,8.75844,8.75844,8.39132,8.54866,4.4138e+006
NKG,2/25/2021 00:00:00,8.60111,8.67978,8.52244,8.65355,4.4209e+006
NKG,2/26/2021 00:00:00,8.60111,9.25668,8.52244,9.25668,1.56594e+007
NKG,3/1/2021 00:00:00,9.88603,9.88603,9.65002,9.88603,8.6078e+006
NKG,3/2/2021 00:00:00,10.122,10.2269,9.83358,10.0171,6.8509e+006
NKG,3/3/2021 00:00:00,9.85981,10.6989,9.78114,10.6203,1.02731e+007
NKG,3/4/2021 00:00:00,10.7514,10.7514,10.122,10.4367,7.6776e+006
NKG,3/5/2021 00:00:00,10.2794,10.6989,10.1745,10.6203,5.8193e+006
NKG,3/8/2021 00:00:00,10.8563,11.3545,10.6203,11.3545,1.08423e+007
NKG,3/9/2021 00:00:00,11.3545,11.9052,11.0661,11.2758,7.2567e+006
NKG,3/10/2021 00:00:00,11.3283,11.3807,11.0136,11.3021,7.158e+006
NKG,3/11/2021 00:00:00,11.2758,11.5643,11.171,11.5381,6.8893e+006
NKG,3/12/2021 00:00:00,11.6954,11.6954,11.2234,11.4332,5.3307e+006
NKG,3/15/2021 00:00:00,11.4332,11.4332,11.2234,11.3545,4.1135e+006
NKG,3/16/2021 00:00:00,11.3283,11.643,11.3283,11.5118,5.3062e+006
NKG,3/17/2021 00:00:00,11.5118,11.643,11.4332,11.5381,3.8609e+006
NKG,3/18/2021 00:00:00,11.643,11.9576,11.643,11.879,4.6193e+006
NKG,3/19/2021 00:00:00,11.8003,12.2461,11.8003,12.1412,3.7071e+006
NKG,3/22/2021 00:00:00,12.3248,12.3248,11.9576,12.1412,3.4935e+006
NKG,3/23/2021 00:00:00,12.0101,12.2461,11.4332,11.8265,6.7153e+006
NKG,3/24/2021 00:00:00,11.5381,11.7479,11.171,11.3807,4.523e+006
NKG,3/25/2021 00:00:00,11.4332,11.5381,11.2234,11.3807,2.6267e+006
NKG,3/26/2021 00:00:00,11.3807,11.5905,10.7514,11.4332,4.0836e+006
NKG,3/29/2021 00:00:00,11.5643,11.8003,11.4594,11.8003,3.9379e+006
NKG,3/30/2021 00:00:00,11.8527,12.2199,11.8003,12.1936,5.0303e+006
NKG,3/31/2021 00:00:00,12.4296,12.7968,12.2723,12.5345,6.4542e+006
NKG,4/1/2021 00:00:00,12.5608,12.6394,12.4821,12.587,4.0114e+006
NKG,4/2/2021 00:00:00,12.6919,12.7443,12.4821,12.4821,3.2165e+006
NKG,4/5/2021 00:00:00,12.587,12.6132,12.2461,12.6132,4.8174e+006
NKG,4/6/2021 00:00:00,12.6132,12.6132,12.2985,12.4296,3.6475e+006
NKG,4/7/2021 00:00:00,12.4821,12.7443,12.3772,12.7181,3.7688e+006
NKG,4/8/2021 00:00:00,12.9017,12.9017,12.6394,12.7705,2.5608e+006
NKG,4/9/2021 00:00:00,12.6919,13.0066,12.6919,12.9279,3.4856e+006
NKG,4/12/2021 00:00:00,13.059,13.059,12.9017,13.0328,4.2827e+006
NKG,4/13/2021 00:00:00,13.059,13.0852,12.7181,12.7443,5.1902e+006
NKG,4/14/2021 00:00:00,12.587,13.0066,12.5608,12.9541,4.5022e+006
NKG,4/15/2021 00:00:00,12.9803,13.3999,12.9017,13.295,6.1842e+006
NKG,4/16/2021 00:00:00,13.531,13.6097,13.059,13.3737,4.7443e+006
NKG,4/19/2021 00:00:00,13.6359,14.2128,13.3737,14.1604,5.6818e+006
NKG,4/20/2021 00:00:00,14.6324,14.6848,13.9506,14.1079,9.8124e+006
NKG,4/22/2021 00:00:00,13.9506,14.1079,13.1639,13.1639,6.6265e+006
NKG,4/23/2021 00:00:00,13.1114,13.6359,12.587,13.5572,3.3446e+006
NKG,4/26/2021 00:00:00,13.6359,13.7932,12.9541,12.9803,3.5151e+006
NKG,4/27/2021 00:00:00,12.9017,13.4786,12.4821,13.2426,3.234e+006
NKG,4/28/2021 00:00:00,13.3737,13.7408,13.2426,13.3737,2.4821e+006
NKG,4/29/2021 00:00:00,13.5835,13.7932,13.4523,13.6359,3.9969e+006
NKG,5/4/2021 00:00:00,13.3737,14.4226,13.1114,14.4226,6.7804e+006
NKG,5/5/2021 00:00:00,14.6586,14.8684,14.4226,14.475,5.3318e+006
NKG,5/6/2021 00:00:00,14.4226,14.947,14.239,14.7373,6.6405e+006
NKG,5/7/2021 00:00:00,14.5013,15.76,14.5013,15.7337,8.6953e+006
NKG,5/10/2021 00:00:00,15.7337,16.8351,15.7075,16.8351,1.03585e+007
NKG,5/11/2021 00:00:00,17.2284,17.2284,16.4155,16.5204,9.3721e+006
NKG,5/12/2021 00:00:00,16.3631,16.7826,16.2844,16.7302,7.2064e+006
NKG,5/13/2021 00:00:00,16.7826,17.0449,16.5729,16.6778,5.0357e+006
NKG,5/14/2021 00:00:00,16.6253,16.6515,15.8648,16.0222,9.0159e+006
NKG,5/17/2021 00:00:00,15.524,15.996,15.4191,15.8648,6.4959e+006
NKG,5/18/2021 00:00:00,15.996,16.5204,15.996,16.3369,4.4509e+006
NKG,5/19/2021 00:00:00,16.3369,16.7302,16.3369,16.4418,5.0274e+006
NKG,5/20/2021 00:00:00,16.1533,16.2582,15.996,16.2057,4.7365e+006
NKG,5/21/2021 00:00:00,15.8911,16.2057,15.7862,15.996,3.5219e+006
NKG,5/24/2021 00:00:00,15.996,16.2582,15.996,16.0484,3.2192e+006
NKG,5/25/2021 00:00:00,16.0484,16.7826,15.996,16.6515,6.1923e+006
NKG,5/26/2021 00:00:00,16.6515,16.7826,16.2844,16.5466,4.1422e+006
NKG,5/27/2021 00:00:00,16.4942,16.8351,16.3106,16.4155,4.3808e+006
NKG,5/28/2021 00:00:00,16.5729,16.7826,16.3893,16.6253,4.3021e+006
NKG,5/31/2021 00:00:00,17.2284,17.3071,16.7826,17.2809,5.8498e+006
NKG,6/1/2021 00:00:00,17.5693,17.9365,17.4644,17.5956,3.5077e+006
NKG,6/2/2021 00:00:00,17.3071,17.9365,16.9662,17.6742,4.9395e+006
NKG,6/3/2021 00:00:00,17.6742,17.9365,17.6742,17.8578,4.0576e+006
NKG,6/4/2021 00:00:00,18.0938,18.356,17.9365,18.3298,3.6398e+006
NKG,6/7/2021 00:00:00,18.356,18.5134,17.0711,17.7267,3.7824e+006
NKG,6/8/2021 00:00:00,17.3071,17.7005,16.4942,16.4942,5.4292e+006
NKG,6/9/2021 00:00:00,16.1795,16.7302,16.0484,16.5204,4.0522e+006
NKG,6/10/2021 00:00:00,16.5204,16.7302,15.7337,15.7862,3.4093e+006
NKG,6/11/2021 00:00:00,15.7862,16.7826,15.7862,16.7302,3.0814e+006
NKG,6/14/2021 00:00:00,17.0973,17.2547,16.7302,17.0711,3.2479e+006
NKG,6/15/2021 00:00:00,17.0711,17.1498,16.8875,17.1235,2.5332e+006
NKG,6/16/2021 00:00:00,17.0973,17.176,16.2582,16.6253,2.3666e+006
NKG,6/17/2021 00:00:00,16.0484,16.6253,16.0484,16.5729,2.0207e+006
NKG,6/18/2021 00:00:00,17.0449,17.5693,16.704,17.4382,4.4477e+006
NKG,6/21/2021 00:00:00,17.2022,17.7267,17.2022,17.2809,2.713e+006
NKG,6/22/2021 00:00:00,17.4644,17.5693,16.8351,16.8351,2.1977e+006
NKG,6/23/2021 00:00:00,17.2022,17.2022,16.8089,16.8089,2.8014e+006
NKG,6/24/2021 00:00:00,17.0449,17.0973,16.7302,16.8089,3.2868e+006
NKG,6/25/2021 00:00:00,16.94,17.412,16.8351,17.412,4.2423e+006
NKG,6/28/2021 00:00:00,18.0413,18.6183,17.884,18.6183,1.05735e+007
NKG,6/29/2021 00:00:00,18.6707,19.1427,18.2249,18.592,3.4683e+006
NKG,6/30/2021 00:00:00,18.6707,18.7756,18.4609,18.6183,2.7361e+006
NKG,7/1/2021 00:00:00,18.6707,19.5098,18.6183,19.0903,8.1345e+006
NKG,7/2/2021 00:00:00,19.3,19.3,18.9854,19.2738,4.9602e+006
NKG,7/5/2021 00:00:00,19.2738,19.6672,18.9854,19.3,3.6894e+006
NKG,7/6/2021 00:00:00,19.3,19.6409,17.9627,17.9627,7.202e+006
NKG,7/7/2021 00:00:00,18.2774,18.6183,17.412,18.3036,5.1829e+006
NKG,7/8/2021 00:00:00,18.5134,18.5134,17.5693,18.0413,3.7673e+006
NKG,7/9/2021 00:00:00,17.6742,18.0413,16.8351,17.2547,4.8299e+006
NKG,7/12/2021 00:00:00,16.7302,16.7302,16.0484,16.0484,5.199e+006
NKG,7/13/2021 00:00:00,16.2582,16.5204,15.7337,16.3893,4.0305e+006
NKG,7/14/2021 00:00:00,17.4644,17.4644,16.5204,16.8875,9.4044e+006
NKG,7/15/2021 00:00:00,16.8351,17.2809,16.8089,17.2022,3.4616e+006
NKG,7/16/2021 00:00:00,17.3071,17.4644,17.1498,17.2022,2.2911e+006
NKG,7/19/2021 00:00:00,16.2582,16.7564,16.0222,16.0222,6.0396e+006
NKG,7/20/2021 00:00:00,16.0484,16.9662,15.6813,16.6778,6.488e+006
NKG,7/21/2021 00:00:00,16.94,17.0187,16.2582,16.4418,3.6163e+006
NKG,7/22/2021 00:00:00,16.4155,16.8875,16.2057,16.7826,3.8612e+006
NKG,7/23/2021 00:00:00,16.6778,16.7826,16.3631,16.5204,6.5249e+006
NKG,7/26/2021 00:00:00,16.2057,16.468,15.7075,16.0746,5.4192e+006
NKG,7/27/2021 00:00:00,16.5204,16.9138,16.4155,16.6253,5.1015e+006
NKG,7/28/2021 00:00:00,16.6778,16.9138,16.5466,16.7826,3.8363e+006
NKG,7/29/2021 00:00:00,16.9138,17.412,16.7564,17.412,7.7444e+006
NKG,7/30/2021 00:00:00,17.5693,17.8316,17.5169,17.6742,6.6926e+006
NKG,8/2/2021 00:00:00,17.7005,18.3298,17.648,18.12,6.5514e+006
NKG,8/3/2021 00:00:00,18.12,18.3298,17.7791,18.1462,7.5095e+006
NKG,8/4/2021 00:00:00,18.2511,19.0903,18.1987,18.9854,1.09828e+007
NKG,8/5/2021 00:00:00,18.9591,19.8245,18.9329,19.8245,8.2696e+006
NKG,8/6/2021 00:00:00,19.8245,20.1916,19.6672,19.9294,7.467e+006
NKG,8/9/2021 00:00:00,19.9032,20.7685,19.7196,20.7685,9.4022e+006
NKG,8/10/2021 00:00:00,21.1881,21.2143,20.5063,20.8996,8.2175e+006
NKG,8/11/2021 00:00:00,20.9259,21.4503,20.6374,20.7423,6.8195e+006
NKG,8/12/2021 00:00:00,20.4539,20.821,20.1916,20.1916,9.355e+006
NKG,8/13/2021 00:00:00,20.0343,20.6374,19.7983,20.6374,8.2691e+006
NKG,8/16/2021 00:00:00,21.0832,21.1881,20.585,20.7161,6.4208e+006
NKG,8/17/2021 00:00:00,20.7161,21.765,20.5063,21.765,1.42669e+007
NKG,8/18/2021 00:00:00,21.765,22.5517,21.6077,22.0272,8.0215e+006
NKG,8/19/2021 00:00:00,22.1846,22.2632,21.8174,21.9748,5.0428e+006
NKG,8/20/2021 00:00:00,21.7912,21.8174,20.5063,20.7423,1.38505e+007
NKG,8/23/2021 00:00:00,20.7685,22.0272,20.7685,20.7685,7.1656e+006
NKG,8/24/2021 00:00:00,21.1147,21.3349,20.7685,21.0832,5.9649e+006
NKG,8/25/2021 00:00:00,21.3979,22.5307,21.0203,22.5307,1.1048e+007
NKG,8/26/2021 00:00:00,22.9713,23.3803,22.4992,22.7195,8.8855e+006
NKG,8/27/2021 00:00:00,22.3419,23.1286,22.3419,22.9398,6.4461e+006
NKG,8/30/2021 00:00:00,23.1601,24.0411,23.0971,24.0411,9.8923e+006
NKG,8/31/2021 00:00:00,24.2929,24.702,23.9153,24.1985,1.06674e+007
NKG,9/1/2021 00:00:00,24.2929,24.9537,24.2299,24.8278,1.01052e+007
NKG,9/6/2021 00:00:00,25.174,26.4327,24.9222,26.1809,8.7248e+006
NKG,9/7/2021 00:00:00,26.4327,26.4327,25.4886,25.5516,1.14976e+007
NKG,9/8/2021 00:00:00,25.4886,26.2753,25.174,26.1809,9.4071e+006
NKG,9/9/2021 00:00:00,26.4012,26.6215,25.9607,26.2124,6.0997e+006
NKG,9/10/2021 00:00:00,26.118,26.2439,25.646,26.0551,5.1271e+006
NKG,9/13/2021 00:00:00,25.9921,26.0236,25.3628,25.4886,8.6652e+006
NKG,9/14/2021 00:00:00,25.3319,26.147,25.2692,25.7081,6.578e+006
NKG,9/15/2021 00:00:00,25.7081,27.4951,25.4886,27.4951,1.28298e+007
NKG,9/16/2021 00:00:00,27.7773,28.0281,26.9935,27.3697,6.9762e+006
NKG,9/17/2021 00:00:00,27.3697,29.0314,27.3384,28.2789,8.8145e+006
NKG,9/20/2021 00:00:00,27.9654,28.3416,27.213,27.307,1.1461e+007
NKG,9/21/2021 00:00:00,26.7114,28.5297,26.7114,28.5297,9.1574e+006
NKG,9/22/2021 00:00:00,28.8432,29.1254,28.2789,28.7178,4.3745e+006
NKG,9/23/2021 00:00:00,28.6551,29.3762,27.9654,28.2162,7.9343e+006
NKG,9/24/2021 00:00:00,28.0595,28.1535,27.4638,27.84,7.41e+006
NKG,9/27/2021 00:00:00,27.6519,28.2789,26.3351,26.3351,8.8497e+006
NKG,9/28/2021 00:00:00,26.3351,27.7146,25.8335,27.5265,7.4679e+006
NKG,9/29/2021 00:00:00,27.307,27.7146,27.0876,27.5578,5.4418e+006
NKG,9/30/2021 00:00:00,27.6519,28.1849,27.5265,27.7459,5.8946e+006
NKG,10/1/2021 00:00:00,27.3384,28.0908,27.2757,28.0908,9.9454e+006
NKG,10/4/2021 00:00:00,28.5297,30.0032,28.5297,29.9719,1.11995e+007
NKG,10/5/2021 00:00:00,30.0973,30.2227,29.6584,29.7211,6.893e+006
NKG,10/6/2021 00:00:00,29.9719,30.4735,29.8465,30.2854,6.9332e+006
NKG,10/7/2021 00:00:00,30.4735,30.5362,30.0346,30.2541,5.8438e+006
NKG,10/8/2021 00:00:00,30.16,30.5362,29.9092,30.2541,7.0274e+006
NKG,10/11/2021 00:00:00,30.4108,31.0378,30.0346,30.5989,7.0906e+006
NKG,10/12/2021 00:00:00,30.5989,30.787,30.3481,30.5989,7.3392e+006
NKG,10/13/2021 00:00:00,30.5989,30.8497,30.2854,30.4422,5.116e+006
NKG,10/14/2021 00:00:00,30.4735,31.1946,30.4108,30.9124,6.8696e+006
NKG,10/15/2021 00:00:00,31.1632,32.6054,31.1005,32.5427,9.5663e+006
NKG,10/18/2021 00:00:00,32.8562,34.173,32.5427,33.107,1.04507e+007
NKG,10/19/2021 00:00:00,33.1697,33.6714,32.5427,33.3578,5.9133e+006
NKG,10/20/2021 00:00:00,33.4832,34.9254,33.107,34.9254,7.3522e+006
NKG,10/21/2021 00:00:00,35.0508,35.1762,34.3611,35.0508,6.8823e+006
NKG,10/22/2021 00:00:00,35.1135,35.3643,34.4865,34.7373,5.6892e+006
NKG,10/25/2021 00:00:00,34.4865,34.7373,32.7308,32.7308,1.54809e+007
NKG,10/26/2021 00:00:00,32.6054,34.4865,31.9784,34.4865,1.01377e+007
NKG,10/27/2021 00:00:00,34.6746,35.1135,34.0476,34.6119,5.5395e+006
NKG,10/28/2021 00:00:00,34.4865,35.427,34.173,34.8627,6.0051e+006
NKG,10/29/2021 00:00:00,34.4865,34.8,33.5459,34.1103,1.93134e+007
NKG,11/1/2021 00:00:00,33.8595,33.9849,33.0443,33.4205,1.3646e+007
NKG,11/2/2021 00:00:00,33.107,34.2984,32.9816,33.2324,1.09128e+007
NKG,11/3/2021 00:00:00,33.2324,33.6087,31.6649,31.6649,1.83054e+007
NKG,11/4/2021 00:00:00,31.6649,32.6054,30.7243,32.1038,1.21902e+007
NKG,11/5/2021 00:00:00,32.5427,32.7935,31.4768,32.2919,8.049e+006
NKG,11/8/2021 00:00:00,32.3546,32.7308,31.9157,32.1038,6.4136e+006
NKG,11/9/2021 00:00:00,32.1038,32.48,31.7276,31.7903,6.7578e+006
NKG,11/10/2021 00:00:00,31.7276,31.7276,30.7243,30.7243,1.35202e+007
NKG,11/11/2021 00:00:00,30.4735,30.693,29.4703,29.6897,1.21363e+007
NKG,11/12/2021 00:00:00,29.6897,31.32,29.6897,31.2573,8.6115e+006
NKG,11/15/2021 00:00:00,30.7243,30.9751,30.16,30.3168,6.4814e+006
NKG,11/16/2021 00:00:00,30.0973,30.6616,29.8151,29.8465,5.213e+006
NKG,11/17/2021 00:00:00,29.4703,30.0973,28.8432,29.0314,9.5113e+006
NKG,11/18/2021 00:00:00,28.7805,28.8432,27.2757,27.5892,1.21327e+007
NKG,11/19/2021 00:00:00,27.0876,27.5265,26.0843,26.3351,9.7916e+006
NKG,11/22/2021 00:00:00,26.3351,27.1503,26.3351,26.6486,4.7163e+006
NKG,11/23/2021 00:00:00,26.6486,27.4011,26.6486,27.0562,4.4111e+006
NKG,11/24/2021 00:00:00,27.0876,27.0876,25.7081,25.7081,9.5034e+006
NKG,11/25/2021 00:00:00,25.6454,26.5859,25.6454,26.4605,6.6092e+006
NKG,11/26/2021 00:00:00,26.7741,27.5265,26.6173,27.213,7.4567e+006
NKG,11/29/2021 00:00:00,26.4605,27.1503,26.4605,26.6486,4.2909e+006
NKG,11/30/2021 00:00:00,26.9622,27.5892,26.4919,26.9622,7.5719e+006
NKG,12/1/2021 00:00:00,26.9622,27.5265,26.9622,27.1503,3.9789e+006
NKG,12/2/2021 00:00:00,27.3384,27.4011,26.8368,26.9622,3.7082e+006
NKG,12/3/2021 00:00:00,27.0249,27.1503,25.8335,25.8335,5.7803e+006
NKG,12/6/2021 00:00:00,25.5827,25.8962,24.0465,24.0465,8.1549e+006
NKG,12/7/2021 00:00:00,24.1405,24.6422,23.3881,24.3914,5.8703e+006
NKG,12/8/2021 00:00:00,24.8303,24.8303,23.6703,23.7643,4.0894e+006
NKG,12/9/2021 00:00:00,23.5762,24.3286,23.2627,23.827,3.3327e+006
NKG,12/10/2021 00:00:00,24.0465,24.0465,23.2314,23.2314,3.901e+006
NKG,12/13/2021 00:00:00,23.3254,23.7643,23.0746,23.7643,5.338e+006
NKG,12/14/2021 00:00:00,23.8897,25.4259,23.7643,25.4259,9.4197e+006
NKG,12/15/2021 00:00:00,25.7081,26.2411,25.52,25.52,4.7087e+006
NKG,12/16/2021 00:00:00,25.52,25.7708,25.0497,25.2065,4.4342e+006
NKG,12/17/2021 00:00:00,25.0811,25.0811,24.2659,24.4541,6.4791e+006
NKG,12/20/2021 00:00:00,24.3286,24.8303,23.8584,24.4854,3.2613e+006
NKG,12/21/2021 00:00:00,24.5168,24.5795,23.7643,23.7643,3.5724e+006
NKG,12/22/2021 00:00:00,23.9524,24.2659,23.0746,23.1373,4.6197e+006
NKG,12/23/2021 00:00:00,23.1373,23.2,21.5384,22.3222,7.5828e+006
NKG,12/24/2021 00:00:00,22.8865,23.5135,22.573,23.4195,3.0245e+006
NKG,12/27/2021 00:00:00,23.7016,23.7643,22.8865,23.0746,1.6387e+006
NKG,12/28/2021 00:00:00,22.9492,23.5762,22.6357,23.3254,3.8802e+006
NKG,12/29/2021 00:00:00,23.3254,24.6735,23.0119,24.2032,4.5997e+006
NKG,12/30/2021 00:00:00,24.3286,24.4541,23.6076,23.827,1.8471e+006
NKG,12/31/2021 00:00:00,23.9838,24.7049,23.733,24.2973,4.4592e+006
NKG,1/4/2022 00:00:00,24.3286,24.6735,24.2032,24.2346,3.3265e+006
NKG,1/5/2022 00:00:00,24.2973,24.6108,24.1719,24.1719,4.0394e+006
NKG,1/6/2022 00:00:00,23.9524,24.0151,22.9492,23.2,5.6099e+006
NKG,1/7/2022 00:00:00,22.9492,23.5449,22.9492,23.0119,2.8748e+006
NKG,1/10/2022 00:00:00,23.0746,23.6389,22.8238,22.8238,4.2965e+006
NKG,1/11/2022 00:00:00,22.8865,23.2941,22.1654,22.6984,3.3413e+006
NKG,1/12/2022 00:00:00,22.7297,23.2627,22.5103,23.2314,2.976e+006
NKG,1/13/2022 00:00:00,23.3881,24.4854,22.9492,23.7643,5.844e+006
NKG,1/14/2022 00:00:00,23.7016,24.2032,23.3881,23.3881,2.1769e+006
NKG,1/17/2022 00:00:00,23.3881,23.7643,22.1341,22.1341,4.7298e+006
NKG,1/18/2022 00:00:00,21.9459,22.3222,20.5978,20.88,5.6926e+006
NKG,1/19/2022 00:00:00,20.6919,21.2562,20.1276,20.88,4.0149e+006
NKG,1/20/2022 00:00:00,21.3189,21.3189,20.7546,21.1935,1.8807e+006
NKG,1/21/2022 00:00:00,21.0054,21.0054,20.4411,20.4411,3.3163e+006
NKG,1/24/2022 00:00:00,20.3784,20.4411,19.0303,19.0303,6.17e+006
NKG,1/25/2022 00:00:00,19.0303,19.7514,19.0303,19.5946,2.9953e+006
NKG,1/26/2022 00:00:00,19.8141,20.1903,19.6259,19.6259,2.4874e+006
NKG,1/27/2022 00:00:00,19.6259,19.8768,19.2811,19.6259,1.9171e+006
NKG,1/28/2022 00:00:00,19.9395,19.9395,19.3438,19.6886,1.5822e+006
NKG,2/7/2022 00:00:00,20.0335,20.8486,19.8454,20.5665,3.2481e+006
NKG,2/8/2022 00:00:00,20.5665,21.9773,20.4411,21.9773,6.2968e+006
NKG,2/9/2022 00:00:00,22.573,23.5135,22.2595,23.5135,5.7067e+006
NKG,2/10/2022 00:00:00,23.827,24.7049,23.5762,23.9838,7.6988e+006
NKG,2/11/2022 00:00:00,23.733,25.0811,23.733,24.5795,8.8801e+006
NKG,2/14/2022 00:00:00,24.1719,25.5514,24.1719,24.9557,8.2885e+006
NKG,2/15/2022 00:00:00,24.893,25.2065,24.1405,24.7676,6.4792e+006
NKG,2/16/2022 00:00:00,24.2659,25.0184,24.2032,24.7676,6.3508e+006
NKG,2/17/2022 00:00:00,24.8303,25.3319,24.5795,24.9557,6.4736e+006
NKG,2/18/2022 00:00:00,24.7676,26.2724,24.7049,25.9589,9.9503e+006
NKG,2/21/2022 00:00:00,26.2097,26.5859,25.5827,25.5827,7.652e+006
NKG,2/22/2022 00:00:00,25.0811,25.4573,24.6735,25.2692,9.4409e+006
NKG,2/23/2022 00:00:00,25.2692,26.0216,25.1124,25.7708,9.624e+006
NKG,2/24/2022 00:00:00,25.7708,26.2097,24.3286,25.2692,9.8949e+006
NKG,2/25/2022 00:00:00,25.7081,25.8962,25.2692,25.8962,8.4256e+006
NKG,2/28/2022 00:00:00,26.3351,27.6832,26.2724,27.6832,1.97841e+007
NKG,3/1/2022 00:00:00,29.1568,29.5957,28.2476,28.373,1.57419e+007
NKG,3/2/2022 00:00:00,28.373,29.4076,28.3103,29.4076,1.18656e+007
NKG,3/3/2022 00:00:00,29.9092,31.2259,29.533,31.2259,1.51727e+007
NKG,3/4/2022 00:00:00,31.3514,31.4768,30.4108,30.5676,9.6793e+006
NKG,3/7/2022 00:00:00,31.0378,32.6681,30.8184,31.6022,1.42407e+007
NKG,3/8/2022 00:00:00,31.0378,31.853,30.7243,30.787,1.50149e+007
NKG,3/9/2022 00:00:00,31.2886,32.2292,30.7243,32.1038,1.47227e+007
NKG,3/10/2022 00:00:00,31.9784,32.8562,30.7243,32.1038,9.2773e+006
NKG,3/11/2022 00:00:00,32.1665,32.5427,30.787,31.32,1.32839e+007
NKG,3/14/2022 00:00:00,31.3514,32.48,29.2822,29.2822,1.57688e+007
NKG,3/15/2022 00:00:00,28.7805,29.5957,27.6832,29.1568,1.59488e+007
NKG,3/16/2022 00:00:00,29.627,29.7524,29.1254,29.2195,5.1806e+006
NKG,3/17/2022 00:00:00,29.4076,29.5957,27.9027,28.373,1.22812e+007
NKG,3/18/2022 00:00:00,28.4984,29.4703,27.9654,28.9686,7.9092e+006
NKG,3/21/2022 00:00:00,29.9719,30.0346,29.4703,29.6584,6.9611e+006
NKG,3/22/2022 00:00:00,29.6584,30.9438,29.1568,30.9438,1.04599e+007
NKG,3/23/2022 00:00:00,31.3514,31.3514,30.5989,30.5989,8.3937e+006
NKG,3/24/2022 00:00:00,30.787,31.1632,30.5989,30.6616,6.5885e+006
NKG,3/25/2022 00:00:00,30.5989,31.6022,30.1914,31.32,1.38324e+007
NKG,3/28/2022 00:00:00,31.3514,32.6054,30.7243,32.48,1.77402e+007
NKG,3/29/2022 00:00:00,32.9189,32.9189,31.6649,31.9784,9.5707e+006
NKG,3/30/2022 00:00:00,31.6649,32.2919,30.5049,30.8497,1.4542e+007
NKG,3/31/2022 00:00:00,30.9438,31.2259,28.7805,29.5643,1.72181e+007
NKG,4/1/2022 00:00:00,28.9686,30.3795,28.8746,30.0973,7.3743e+006
NKG,4/4/2022 00:00:00,30.0973,30.3481,29.627,29.7838,4.6641e+006
NKG,4/5/2022 00:00:00,29.9092,30.3168,29.2195,29.4389,5.9206e+006
NKG,4/6/2022 00:00:00,29.1568,30.2227,29.1568,29.7838,5.9446e+006
NKG,4/7/2022 00:00:00,30.0032,30.0032,29,29.1254,4.2565e+006
NKG,4/8/2022 00:00:00,29.1568,29.2508,27.9027,28.1535,6.2731e+006
NKG,4/12/2022 00:00:00,28.2162,28.467,26.2097,26.2097,7.5539e+006
NKG,4/13/2022 00:00:00,26.2411,26.5859,25.2065,26.5859,6.5403e+006
NKG,4/14/2022 00:00:00,26.9622,27.7146,26.4605,27.2757,5.0508e+006
NKG,4/15/2022 00:00:00,27.2757,27.5892,26.9622,27.0249,2.924e+006
NKG,4/18/2022 00:00:00,26.9622,26.9622,25.2065,25.5827,5.2711e+006
NKG,4/19/2022 00:00:00,25.9903,26.3038,23.7957,23.7957,5.0981e+006
NKG,4/20/2022 00:00:00,23.827,24.5795,23.5135,23.827,5.6356e+006
NKG,4/21/2022 00:00:00,23.5762,24.2973,23.1686,24.0778,4.1614e+006
NKG,4/22/2022 00:00:00,24.4541,24.7362,22.573,23.7016,5.7219e+006
NKG,4/25/2022 00:00:00,23.7016,23.9211,22.0714,22.0714,5.9127e+006
NKG,4/26/2022 00:00:00,20.6919,22.0714,20.5978,22.0714,5.7753e+006
NKG,4/27/2022 00:00:00,22.0714,22.7924,21.6324,22.7611,4.6018e+006
NKG,4/28/2022 00:00:00,22.8865,23.3254,22.7611,22.8865,4.1425e+006
NKG,4/29/2022 00:00:00,22.8238,23.5135,22.573,23.4195,3.5418e+006
NKG,5/4/2022 00:00:00,23.0746,23.2,21.9773,22.3222,5.243e+006
NKG,5/5/2022 00:00:00,22.7297,22.7297,21.0995,21.8832,4.0835e+006
NKG,5/6/2022 00:00:00,20.7232,23.1373,20.7232,21.6324,5.6062e+006
NKG,5/9/2022 00:00:00,21.0681,21.5384,20.1276,20.1276,4.3377e+006
NKG,5/10/2022 00:00:00,18.8422,20.1276,18.8422,20.1276,4.7671e+006
NKG,5/11/2022 00:00:00,20.1903,20.347,19.4692,19.9708,4.2723e+006
NKG,5/12/2022 00:00:00,19.72,19.9081,18.5914,18.5914,4.7985e+006
NKG,5/13/2022 00:00:00,17.7449,18.5914,17.3059,17.3059,5.5515e+006
NKG,5/16/2022 00:00:00,17.3059,17.933,16.1146,16.1146,5.495e+006
NKG,5/17/2022 00:00:00,15.6757,17.2119,15.3622,17.2119,7.7729e+006
NKG,5/18/2022 00:00:00,18.1211,18.4032,17.5881,18.1838,6.7115e+006
NKG,5/19/2022 00:00:00,17.6822,18.2778,17.6822,17.9957,3.7949e+006
NKG,5/20/2022 00:00:00,17.8703,18.6854,17.8703,18.6227,6.5306e+006
NKG,5/23/2022 00:00:00,18.6854,19.2184,18.3719,18.8108,7.4722e+006
NKG,5/24/2022 00:00:00,18.9362,19.093,17.4941,17.7762,9.478e+006
NKG,5/25/2022 00:00:00,17.6195,18.8108,17.1805,18.6541,9.6777e+006
NKG,5/26/2022 00:00:00,18.8108,19.2497,18.7168,18.8735,4.9133e+006
NKG,5/27/2022 00:00:00,18.8108,20.0649,18.5286,19.4692,1.20352e+007
NKG,5/30/2022 00:00:00,19.6259,19.6259,19.2811,19.4378,5.6187e+006
NKG,5/31/2022 00:00:00,19.4378,19.4378,18.6854,18.7795,7.6404e+006
NKG,6/1/2022 00:00:00,18.7795,18.8108,17.8703,18.0584,1.05606e+007
NKG,6/2/2022 00:00:00,18.0584,18.4973,17.8703,18.0584,5.7605e+006
NKG,6/3/2022 00:00:00,18.6422,18.8368,18.3308,18.5254,5.558e+006
NKG,6/6/2022 00:00:00,18.5254,18.72,17.5135,17.6692,5.0125e+006
NKG,6/7/2022 00:00:00,17.3189,17.5135,16.5016,16.6573,5.9197e+006
NKG,6/8/2022 00:00:00,17.2022,17.3578,16.6573,17.3578,5.7462e+006
NKG,6/9/2022 00:00:00,17.5135,18.5643,17.3578,18.5643,1.35499e+007
NKG,6/10/2022 00:00:00,18.6811,19.3427,18.3308,18.3697,1.02202e+007
NKG,6/13/2022 00:00:00,17.5914,17.9027,17.0854,17.0854,8.1585e+006
NKG,6/14/2022 00:00:00,16.3459,16.9297,15.9178,16.1124,9.6654e+006
NKG,6/15/2022 00:00:00,15.7232,16.3459,15.0227,15.0227,9.9264e+006
NKG,6/16/2022 00:00:00,15.5286,15.6454,14.9449,14.9838,5.8956e+006
NKG,6/17/2022 00:00:00,14.1665,14.3222,13.9719,13.9719,6.2689e+006
NKG,6/20/2022 00:00:00,13.4659,14.2443,12.9989,12.9989,1.00978e+007
NKG,6/21/2022 00:00:00,12.2984,13.2324,12.1427,12.1816,7.0538e+006
NKG,6/22/2022 00:00:00,12.5708,12.9989,12.2595,12.8432,7.6326e+006
NKG,6/23/2022 00:00:00,12.8822,13.0768,12.6097,13.0378,2.8519e+006
NKG,6/24/2022 00:00:00,13.1157,13.933,13.0768,13.4659,7.8386e+006
NKG,6/27/2022 00:00:00,13.5438,14.3222,13.1546,14.3222,8.1439e+006
NKG,6/28/2022 00:00:00,14.3222,14.6335,13.9719,14.1665,5.2888e+006
NKG,6/29/2022 00:00:00,13.8551,14.9449,13.8551,14.7503,9.0171e+006
NKG,6/30/2022 00:00:00,14.7503,15.1395,13.8551,13.8551,8.2522e+006
NKG,7/1/2022 00:00:00,13.8551,14.5557,13.3103,14.5557,6.8983e+006
NKG,7/4/2022 00:00:00,14.7892,14.867,14.4,14.5557,6.4064e+006
NKG,7/5/2022 00:00:00,14.4389,15.1395,14.4,14.5557,1.23929e+007
NKG,7/6/2022 00:00:00,14.3222,14.9838,14.0886,14.4,9.7616e+006
NKG,7/7/2022 00:00:00,14.5557,14.6724,13.9719,14.3222,4.851e+006
NKG,7/8/2022 00:00:00,14.4778,14.9838,14.4389,14.7892,8.9988e+006
NKG,7/11/2022 00:00:00,14.6335,14.9838,14.2832,14.6335,6.8214e+006
NKG,7/12/2022 00:00:00,14.6335,15.4119,14.4,15.0227,8.6227e+006
NKG,7/13/2022 00:00:00,15.0227,15.5286,14.9059,15.1005,1.05626e+007
NKG,7/14/2022 00:00:00,14.9449,15.2562,14.7114,15.1784,6.9328e+006
NKG,7/15/2022 00:00:00,15.3341,16.0346,15.2951,15.4897,1.33502e+007
NKG,7/18/2022 00:00:00,15.6454,15.6454,14.867,15.0227,8.2082e+006
NKG,7/19/2022 00:00:00,14.867,14.9449,14.5168,14.5557,7.4744e+006
NKG,7/20/2022 00:00:00,14.7114,15.2173,14.6335,14.9838,1.12481e+007
NKG,7/21/2022 00:00:00,15.0227,15.4119,15.0227,15.1395,6.9384e+006
NKG,7/22/2022 00:00:00,15.0616,15.2562,14.9449,14.9838,6.9887e+006
NKG,7/25/2022 00:00:00,14.7892,14.867,14.4,14.4,7.4199e+006
NKG,7/26/2022 00:00:00,14.2832,14.5557,13.6216,13.6216,1.18305e+007
NKG,7/27/2022 00:00:00,13.3103,13.5827,13.2714,13.4659,6.7906e+006
NKG,7/28/2022 00:00:00,13.7773,14.0108,13.6605,13.7773,4.7907e+006
NKG,7/29/2022 00:00:00,14.0108,14.1276,13.8551,13.8551,5.5748e+006
NKG,8/1/2022 00:00:00,13.8551,14.7892,13.8551,14.7892,1.57905e+007
NKG,8/2/2022 00:00:00,14.867,15.2173,14.8281,15.0616,8.9457e+006
NKG,8/3/2022 00:00:00,14.867,16.1124,14.7892,16.1124,2.09315e+007
NKG,8/4/2022 00:00:00,16.2292,16.6184,16.0346,16.1124,1.40418e+007
NKG,8/5/2022 00:00:00,15.8789,16.3849,15.8011,16.2292,8.9379e+006
NKG,8/8/2022 00:00:00,16.307,16.8908,16.1903,16.8908,1.70548e+007
NKG,8/9/2022 00:00:00,17.1243,17.2022,16.7741,16.9686,1.14256e+007
NKG,8/10/2022 00:00:00,16.8908,17.1243,16.4627,16.7351,1.21381e+007
NKG,8/11/2022 00:00:00,16.9297,16.9686,15.9957,16.0346,1.68506e+007
NKG,8/12/2022 00:00:00,16.0346,17.1243,15.9957,16.9297,1.4262e+007
NKG,8/15/2022 00:00:00,16.9686,17.2411,16.813,16.9297,1.00849e+007
NKG,8/16/2022 00:00:00,16.9297,17.747,16.813,17.28,1.94748e+007
NKG,8/17/2022 00:00:00,17.28,17.3968,16.813,16.9297,1.41821e+007
NKG,8/18/2022 00:00:00,16.8908,17.2022,16.813,16.9686,8.3815e+006
NKG,8/19/2022 00:00:00,16.9686,17.1243,16.5405,16.6184,1.27534e+007
NKG,8/22/2022 00:00:00,16.5016,17.0465,16.3459,16.7351,8.8476e+006
NKG,8/23/2022 00:00:00,16.6573,17.1632,16.6184,17.1632,8.9091e+006
NKG,8/24/2022 00:00:00,17.3189,17.3578,17.0076,17.0854,1.13094e+007
NKG,8/25/2022 00:00:00,17.2411,17.747,17.0854,17.5135,1.69667e+007
NKG,8/26/2022 00:00:00,17.5524,17.5914,17.0076,17.0854,1e+007
NKG,8/29/2022 00:00:00,16.3459,16.7351,16.0735,16.6573,1.42384e+007
NKG,8/30/2022 00:00:00,16.7741,16.9686,16.3849,16.3849,8.0954e+006
NKG,8/31/2022 00:00:00,16.0346,16.813,16.0346,16.5016,6.1609e+006
NKG,9/5/2022 00:00:00,16.7741,17.6303,16.7351,17.6303,2.78277e+007
NKG,9/6/2022 00:00:00,18.0584,18.0584,17.5135,17.5524,1.49034e+007
NKG,9/7/2022 00:00:00,17.7859,18.0584,17.3968,17.5524,2.91283e+007
NKG,9/8/2022 00:00:00,17.8249,17.8638,16.9686,16.9686,1.32318e+007
NKG,9/9/2022 00:00:00,17.2022,17.9027,16.3459,17.9027,1.61718e+007
NKG,9/12/2022 00:00:00,18.1362,18.5643,17.9027,18.1362,1.79625e+007
NKG,9/13/2022 00:00:00,18.1362,18.2919,17.7081,18.2141,1.33404e+007
NKG,9/14/2022 00:00:00,17.9027,18.4865,17.747,18.4086,1.77354e+007
NKG,9/15/2022 00:00:00,18.5643,18.6422,18.0584,18.0584,1.04866e+007
NKG,9/16/2022 00:00:00,17.9027,17.9805,17.2022,17.28,1.59107e+007
NKG,9/19/2022 00:00:00,17.28,17.3968,16.0735,16.0735,2.1124e+007
NKG,9/20/2022 00:00:00,16.2681,16.4238,15.5676,16.1514,9.2629e+006
NKG,9/21/2022 00:00:00,16.0346,16.5795,15.8789,16.2292,6.707e+006
NKG,9/22/2022 00:00:00,15.9568,16.7741,15.9568,16.7351,8.5223e+006
NKG,9/23/2022 00:00:00,16.6962,16.9297,16.4238,16.4627,8.4031e+006
NKG,9/26/2022 00:00:00,15.9568,16.2681,15.3341,15.5286,1.34537e+007
NKG,9/27/2022 00:00:00,15.6843,15.7622,15.0227,15.0227,6.6807e+006
NKG,9/28/2022 00:00:00,14.8281,15.3341,14.6335,14.7892,9.3451e+006
NKG,9/29/2022 00:00:00,15.2562,15.2562,14.2443,14.2443,6.5059e+006
NKG,9/30/2022 00:00:00,14.1665,14.4,13.2714,14.2443,8.7622e+006
NKG,10/3/2022 00:00:00,14.2443,14.2443,13.2714,13.2714,7.2616e+006
NKG,10/4/2022 00:00:00,13.5049,13.5827,12.9211,12.9211,7.7774e+006
NKG,10/5/2022 00:00:00,13.3103,13.6216,13.0768,13.5438,3.6299e+006
NKG,10/6/2022 00:00:00,13.6216,13.6216,12.6097,12.6097,8.0569e+006
NKG,10/7/2022 00:00:00,11.9092,12.2984,11.7535,11.7535,8.1714e+006
NKG,10/10/2022 00:00:00,11.4811,12.5708,11.3643,12.5708,8.786e+006
NKG,10/11/2022 00:00:00,12.6097,13.0378,12.2205,12.5708,8.4353e+006
NKG,10/12/2022 00:00:00,12.7265,13.427,12.7265,13.3881,7.1607e+006
NKG,10/13/2022 00:00:00,13.2324,13.5827,13.1546,13.4659,5.1699e+006
NKG,10/14/2022 00:00:00,13.6995,13.7773,13.3881,13.5049,6.1576e+006
NKG,10/17/2022 00:00:00,13.2324,13.6216,13.0378,13.6216,5.4698e+006
NKG,10/18/2022 00:00:00,13.8551,13.933,13.4659,13.6605,5.8921e+006
NKG,10/19/2022 00:00:00,13.5827,13.6216,13.2324,13.2324,3.9433e+006
NKG,10/20/2022 00:00:00,13.2324,13.5049,13.0768,13.2324,4.8631e+006
NKG,10/21/2022 00:00:00,13.3103,13.3103,12.3373,12.3373,9.3391e+006
NKG,10/24/2022 00:00:00,12.1816,12.3373,11.4811,11.4811,6.9642e+006
NKG,10/25/2022 00:00:00,11.2865,12.2595,10.8973,11.8314,8.4009e+006
NKG,10/26/2022 00:00:00,12.0649,12.0649,11.3254,11.4811,2.9976e+006
NKG,10/27/2022 00:00:00,11.4811,12.2205,11.3254,12.1427,8.0582e+006
NKG,10/28/2022 00:00:00,12.3762,12.3762,11.3254,11.3254,1.18124e+007
NKG,10/31/2022 00:00:00,10.547,10.8584,10.547,10.547,1.06989e+007
NKG,11/1/2022 00:00:00,10.7805,10.9751,9.96324,10.0411,1.16479e+007
NKG,11/2/2022 00:00:00,10.0411,10.4692,10.0411,10.4692,6.2411e+006
NKG,11/3/2022 00:00:00,10.3135,10.4303,9.96324,10.0411,4.0351e+006
NKG,11/4/2022 00:00:00,9.96324,10.0411,9.34054,9.34054,8.1609e+006
NKG,11/7/2022 00:00:00,9.02919,9.34054,8.71784,8.71784,7.3107e+006
NKG,11/8/2022 00:00:00,8.13405,8.40649,8.13405,8.13405,7.0076e+006
NKG,11/9/2022 00:00:00,8.13405,8.32865,7.56584,7.56584,8.3872e+006
NKG,11/10/2022 00:00:00,7.16108,7.39459,7.03654,7.03654,4.192e+006
NKG,11/11/2022 00:00:00,6.624,7.04432,6.54616,6.54616,1.09549e+007
NKG,11/14/2022 00:00:00,6.12584,6.35157,6.0947,6.18811,9.0533e+006
NKG,11/15/2022 00:00:00,6.00908,6.36714,5.76,5.76,7.9944e+006
NKG,11/16/2022 00:00:00,5.43308,6.15697,5.36303,6.15697,8.0945e+006
NKG,11/17/2022 00:00:00,6.56951,6.58508,6.3827,6.58508,3.7208e+006
NKG,11/18/2022 00:00:00,6.84195,7.04432,6.53838,7.04432,1.72478e+007
NKG,11/21/2022 00:00:00,7.10659,7.51913,7.08324,7.51913,7.1806e+006
NKG,11/22/2022 00:00:00,7.51135,7.90054,7.08324,7.16108,1.26329e+007
NKG,11/23/2022 00:00:00,7.08324,7.31676,6.77189,6.77189,6.9593e+006
NKG,11/24/2022 00:00:00,6.61622,7.23114,6.55395,7.23114,6.6086e+006
NKG,11/25/2022 00:00:00,7.38681,7.70595,7.27784,7.70595,6.6553e+006
NKG,11/28/2022 00:00:00,8.0173,8.21189,7.86162,8.21189,1.21585e+007
NKG,11/29/2022 00:00:00,8.32865,8.71784,7.90054,8.44541,1.28364e+007
NKG,11/30/2022 00:00:00,8.48432,8.75676,8.21189,8.56216,1.00207e+007
NKG,12/1/2022 00:00:00,8.79568,9.14595,8.71784,9.14595,2.76106e+007
NKG,12/2/2022 00:00:00,9.10703,9.76865,9.06811,9.76865,1.26773e+007
NKG,12/5/2022 00:00:00,10.3524,10.4303,9.96324,10.4303,1.38635e+007
NKG,12/6/2022 00:00:00,10.3524,10.3914,9.72973,9.72973,2.2935e+007
NKG,12/7/2022 00:00:00,9.30162,9.65189,9.06811,9.2627,1.46517e+007
NKG,12/8/2022 00:00:00,9.41838,9.88541,9.37946,9.88541,1.23823e+007
NKG,12/9/2022 00:00:00,9.96324,10.4692,9.61297,10.3524,1.19876e+007
NKG,12/12/2022 00:00:00,10.5081,10.7416,9.65189,9.69081,1.24942e+007
NKG,12/13/2022 00:00:00,9.69081,10.1189,9.30162,10.1189,9.1493e+006
NKG,12/14/2022 00:00:00,10.3524,10.5081,10.0411,10.1189,1.03668e+007
NKG,12/15/2022 00:00:00,9.96324,10.4303,9.96324,10.2746,1.17051e+007
NKG,12/16/2022 00:00:00,10.1189,10.9751,10.1189,10.9751,1.5188e+007
NKG,12/19/2022 00:00:00,11.2865,11.7146,10.9751,10.9751,2.0966e+007
NKG,12/20/2022 00:00:00,10.9751,11.5978,10.3914,11.4032,2.58827e+007
NKG,12/21/2022 00:00:00,11.5978,11.6368,10.6249,10.7416,1.34026e+007
NKG,12/22/2022 00:00:00,10.8973,11.0141,10.0411,10.3524,1.09006e+007
NKG,12/23/2022 00:00:00,10.3135,10.3524,9.65189,9.65189,1.25123e+007
NKG,12/26/2022 00:00:00,9.37946,9.61297,8.99027,8.99027,1.20856e+007
NKG,12/27/2022 00:00:00,8.95135,9.61297,8.79568,9.61297,9.2079e+006
NKG,12/28/2022 00:00:00,9.80757,9.92432,9.61297,9.61297,5.8182e+006
NKG,12/29/2022 00:00:00,9.61297,9.80757,9.34054,9.53514,5.596e+006
NKG,12/30/2022 00:00:00,9.69081,9.72973,9.41838,9.53514,3.8983e+006
NKG,1/3/2023 00:00:00,9.61297,10.1968,9.61297,10.1968,8.7037e+006
NKG,1/4/2023 00:00:00,10.5859,10.7416,10.3135,10.3914,7.8945e+006
NKG,1/5/2023 00:00:00,10.4692,10.8584,10.1968,10.7805,9.7423e+006
NKG,1/6/2023 00:00:00,10.7416,10.8584,10.1968,10.3135,8.6503e+006
NKG,1/9/2023 00:00:00,10.6249,10.6249,10.1968,10.1968,7.6537e+006
NKG,1/10/2023 00:00:00,10.1968,10.6638,9.80757,10.5081,9.0137e+006
NKG,1/11/2023 00:00:00,10.6638,11.2086,10.5859,10.8195,1.34309e+007
NKG,1/12/2023 00:00:00,10.8973,11.1308,10.7416,11.0141,6.481e+006
NKG,1/13/2023 00:00:00,11.2476,11.4422,10.8195,10.9362,7.7937e+006
NKG,1/16/2023 00:00:00,11.0141,11.4422,10.8584,11.2865,9.3834e+006
NKG,1/17/2023 00:00:00,11.4811,12.0649,11.3643,12.0649,1.60643e+007
NKG,1/18/2023 00:00:00,12.2205,12.2984,11.9092,12.0259,8.3912e+006
NKG,1/19/2023 00:00:00,11.9481,12.1816,11.7535,12.0649,1.17599e+007
NKG,1/27/2023 00:00:00,12.0649,12.4541,11.7146,12.2595,1.33913e+007
NKG,1/30/2023 00:00:00,12.3373,12.7654,11.987,12.2595,1.21504e+007
NKG,1/31/2023 00:00:00,12.1427,12.3762,12.0259,12.3762,9.626e+006
NKG,2/1/2023 00:00:00,12.4151,12.6876,11.52,11.52,2.67728e+007
NKG,2/2/2023 00:00:00,11.52,11.6368,10.9362,10.9751,1.19908e+007
NKG,2/3/2023 00:00:00,11.053,11.3254,10.6638,10.9751,8.1932e+006
NKG,2/6/2023 00:00:00,10.8973,11.053,10.6638,10.9751,6.1323e+006
NKG,2/7/2023 00:00:00,10.9751,11.2086,10.2357,10.2357,1.33298e+007
NKG,2/8/2023 00:00:00,10.4303,10.9362,10.0022,10.8973,1.11113e+007
NKG,2/9/2023 00:00:00,10.8973,11.053,10.6249,10.6249,4.4296e+006
NKG,2/10/2023 00:00:00,10.6249,10.8195,10.3524,10.5081,6.5151e+006
NKG,2/13/2023 00:00:00,10.3914,10.6638,10.0411,10.5081,7.3336e+006
NKG,2/14/2023 00:00:00,10.6249,10.9362,10.5859,10.7416,6.1128e+006
NKG,2/15/2023 00:00:00,10.7416,11.2476,10.6638,10.9751,9.5354e+006
NKG,2/16/2023 00:00:00,11.1308,11.7146,10.9751,11.7146,1.39527e+007
NKG,2/17/2023 00:00:00,11.7535,11.9481,11.5978,11.8314,1.08628e+007
NKG,2/20/2023 00:00:00,11.9481,12.2984,11.9092,12.2595,1.3921e+007
NKG,2/21/2023 00:00:00,12.3762,12.4151,11.9092,11.9092,1.38959e+007
NKG,2/22/2023 00:00:00,11.5978,12.4541,11.5978,11.7924,2.05408e+007
NKG,2/23/2023 00:00:00,11.7146,12.1427,11.2865,12.1427,1.33899e+007
NKG,2/24/2023 00:00:00,12.2205,12.2595,11.5978,11.6757,7.6255e+006
NKG,2/27/2023 00:00:00,11.52,11.52,11.053,11.053,1.03297e+007
NKG,2/28/2023 00:00:00,11.2865,11.4032,10.8584,11.0141,6.4823e+006
NKG,3/1/2023 00:00:00,11.0141,11.7535,10.8584,11.7535,8.2153e+006
NKG,3/2/2023 00:00:00,11.9092,12.2205,11.7535,11.9481,1.00886e+007
NKG,3/3/2023 00:00:00,12.0649,12.5708,11.9481,11.9481,1.87526e+007
NKG,3/6/2023 00:00:00,12.2984,12.4541,11.6757,12.0649,8.1499e+006
NKG,3/7/2023 00:00:00,12.1427,12.8822,12.0649,12.8432,2.46012e+007
NKG,3/8/2023 00:00:00,12.7265,12.9989,12.6486,12.9989,1.33249e+007
NKG,3/9/2023 00:00:00,13.0768,13.3103,12.96,12.96,1.44535e+007
NKG,3/10/2023 00:00:00,12.7654,12.9989,12.5319,12.9989,1.49406e+007
NKG,3/13/2023 00:00:00,12.8432,13.0768,12.6097,12.7654,8.5431e+006
NKG,3/14/2023 00:00:00,12.7654,12.7654,11.9481,12.0259,2.1203e+007
NKG,3/15/2023 00:00:00,12.4151,12.7265,12.2984,12.7265,8.9191e+006
NKG,3/16/2023 00:00:00,12.4151,12.6486,12.1816,12.2595,9.0321e+006
NKG,3/17/2023 00:00:00,12.4541,12.5319,12.1427,12.2205,6.5867e+006
NKG,3/20/2023 00:00:00,12.1427,12.3762,11.7535,11.7924,9.6066e+006
NKG,3/21/2023 00:00:00,11.9481,12.2984,11.6757,12.2984,8.6508e+006
NKG,3/22/2023 00:00:00,12.4151,12.4151,12.1427,12.1427,4.7039e+006
NKG,3/23/2023 00:00:00,11.987,12.4541,11.9481,12.3762,7.3435e+006
NKG,3/24/2023 00:00:00,12.493,12.6097,12.2595,12.3762,7.8708e+006
NKG,3/27/2023 00:00:00,12.3762,12.7654,12.2595,12.6876,9.8635e+006
NKG,3/28/2023 00:00:00,12.8432,12.8432,12.493,12.493,8.4216e+006
NKG,3/29/2023 00:00:00,12.493,12.9211,12.493,12.7654,9.1025e+006
NKG,3/30/2023 00:00:00,12.8432,12.96,12.2205,12.2205,2.61057e+007
NKG,3/31/2023 00:00:00,12.1427,12.3762,11.6757,11.987,2.04478e+007
NKG,4/3/2023 00:00:00,12.0259,12.1816,11.7535,11.7924,1.4408e+007
NKG,4/4/2023 00:00:00,11.7146,12.0259,11.7146,11.9092,7.8331e+006
NKG,4/5/2023 00:00:00,11.9092,12.0649,11.8314,12.0259,9.1544e+006
NKG,4/6/2023 00:00:00,12.0649,12.1427,11.7924,11.7924,1.3641e+007
NKG,4/7/2023 00:00:00,11.7535,11.8703,11.4422,11.52,1.2315e+007
NKG,4/10/2023 00:00:00,11.4032,11.6368,11.2086,11.2476,1.28026e+007
NKG,4/11/2023 00:00:00,11.2086,11.5978,11.2086,11.5978,5.872e+006
NKG,4/12/2023 00:00:00,11.5978,11.6757,11.4422,11.4422,4.0717e+006
NKG,4/13/2023 00:00:00,11.4811,11.52,11.2865,11.3643,3.9952e+006
NKG,4/14/2023 00:00:00,11.4811,11.6368,11.3643,11.4032,6.8452e+006
NKG,4/17/2023 00:00:00,11.3643,11.5978,11.3643,11.52,2.5305e+006
NKG,4/18/2023 00:00:00,11.5978,11.6757,11.52,11.5978,3.2602e+006
NKG,4/19/2023 00:00:00,11.5978,11.6757,11.4032,11.4032,3.6841e+006
NKG,4/20/2023 00:00:00,11.4032,11.4422,11.2865,11.4032,3.0666e+006
NKG,4/21/2023 00:00:00,11.3643,11.3643,10.9362,11.0141,7.1634e+006
NKG,4/24/2023 00:00:00,11.0141,11.053,10.7416,10.7805,5.1805e+006
NKG,4/25/2023 00:00:00,10.8973,11.2865,10.8195,10.9751,3.8293e+006
NKG,4/26/2023 00:00:00,10.9751,11.52,10.8973,11.52,5.072e+006
NKG,4/27/2023 00:00:00,11.52,11.5589,11.2865,11.2865,2.5437e+006
NKG,4/28/2023 00:00:00,11.2865,11.4032,11.2476,11.3254,3.1194e+006
NKG,5/4/2023 00:00:00,11.2865,11.4422,11.1308,11.2086,3.3467e+006
NKG,5/5/2023 00:00:00,11.2086,11.4811,11.1308,11.2865,3.1825e+006
NKG,5/8/2023 00:00:00,11.4422,11.4422,11.2865,11.2865,2.758e+006
NKG,5/9/2023 00:00:00,11.4422,11.7535,11.3643,11.7146,1.18739e+007
NKG,5/10/2023 00:00:00,11.7146,11.8314,11.6368,11.7924,4.7248e+006
NKG,5/11/2023 00:00:00,11.8314,12.0649,11.7146,11.8314,8.5094e+006
NKG,5/12/2023 00:00:00,11.8314,12.1427,11.8314,11.987,7.823e+006
NKG,5/15/2023 00:00:00,12.1427,12.1427,11.6757,11.6757,8.9453e+006
NKG,5/16/2023 00:00:00,11.6757,11.7924,11.4422,11.52,5.6051e+006
NKG,5/17/2023 00:00:00,11.52,11.5978,11.2865,11.2865,7.6292e+006
NKG,5/18/2023 00:00:00,11.3254,11.4032,11.2086,11.3254,5.8936e+006
NKG,5/19/2023 00:00:00,11.3254,11.4811,11.2865,11.3643,3.7223e+006
NKG,5/22/2023 00:00:00,11.3643,11.9092,11.3643,11.8703,8.644e+006
NKG,5/23/2023 00:00:00,11.9092,11.987,11.6757,11.7535,5.2064e+006
NKG,5/24/2023 00:00:00,11.8314,11.8314,11.52,11.52,6.6974e+006
NKG,5/25/2023 00:00:00,11.4422,11.6368,11.3643,11.5589,4.0563e+006
NKG,5/26/2023 00:00:00,11.5978,11.5978,11.3643,11.4422,4.7475e+006
NKG,5/29/2023 00:00:00,11.52,11.8314,11.4032,11.7924,6.9822e+006
NKG,5/30/2023 00:00:00,11.8703,12.1427,11.7924,12.0649,1.6869e+007
NKG,5/31/2023 00:00:00,12.1427,12.2984,11.987,12.0649,1.25283e+007
NKG,6/1/2023 00:00:00,12.0649,12.1038,11.7146,11.9481,9.5269e+006
NKG,6/2/2023 00:00:00,12.0649,12.5319,11.9481,12.3373,1.52071e+007
NKG,6/5/2023 00:00:00,12.6876,12.96,12.4541,12.6486,1.397e+007
NKG,6/6/2023 00:00:00,12.6097,12.8822,12.493,12.7654,1.02994e+007
NKG,6/7/2023 00:00:00,13.0378,13.3492,12.96,12.9989,1.30887e+007
NKG,6/8/2023 00:00:00,12.9989,13.1157,12.6876,12.6876,1.62962e+007
NKG,6/9/2023 00:00:00,12.7654,12.9989,12.5708,12.9989,1.06733e+007
NKG,6/12/2023 00:00:00,13.0378,13.0768,12.5319,12.8432,1.07926e+007
NKG,6/13/2023 00:00:00,12.9211,13.6995,12.7654,13.5827,2.1309e+007
NKG,6/14/2023 00:00:00,13.6216,13.6216,13.2714,13.3103,8.9671e+006
NKG,6/15/2023 00:00:00,13.3103,13.3492,12.96,13.0378,1.34794e+007
NKG,6/16/2023 00:00:00,13.1546,13.3881,12.96,13.0768,1.57488e+007
NKG,6/19/2023 00:00:00,13.0768,13.0768,12.7654,12.7654,7.3176e+006
NKG,6/20/2023 00:00:00,12.7654,13.1935,12.7654,13.1935,5.8134e+006
NKG,6/21/2023 00:00:00,13.1546,13.8162,13.1157,13.7773,1.75378e+007
NKG,6/22/2023 00:00:00,13.8551,13.933,13.6995,13.7773,1.13696e+007
NKG,6/23/2023 00:00:00,13.8551,14.2054,13.7773,14.1665,1.60065e+007
NKG,6/26/2023 00:00:00,14.1665,14.3222,13.6216,14.0886,1.24532e+007
NKG,6/27/2023 00:00:00,14.2054,14.2054,13.8162,14.0497,7.4993e+006
NKG,6/28/2023 00:00:00,14.0497,14.2832,14.0108,14.1276,1.09283e+007
NKG,6/29/2023 00:00:00,14.1276,14.1665,13.427,13.427,1.48712e+007
NKG,6/30/2023 00:00:00,13.3492,13.5049,13.3103,13.427,5.6796e+006
NKG,7/3/2023 00:00:00,13.5438,13.5438,13.3881,13.3881,4.9382e+006
NKG,7/4/2023 00:00:00,13.427,13.6216,13.2714,13.6216,1.07005e+007
NKG,7/5/2023 00:00:00,13.7384,14.0886,13.5827,13.7773,1.80433e+007
NKG,7/6/2023 00:00:00,13.7773,13.933,13.3881,13.6216,8.693e+006
NKG,7/7/2023 00:00:00,13.5438,14.3611,13.3881,14.3222,1.53945e+007
NKG,7/10/2023 00:00:00,14.4389,14.7114,14.3222,14.6335,1.12399e+007
NKG,7/11/2023 00:00:00,14.5946,14.7503,14.4389,14.5168,1.1051e+007
NKG,7/12/2023 00:00:00,14.5946,14.6335,14.2054,14.4778,8.8575e+006
NKG,7/13/2023 00:00:00,14.7114,14.7503,14.4778,14.5168,5.1047e+006
NKG,7/14/2023 00:00:00,14.6724,15.0616,14.5557,15.0616,1.4633e+007
NKG,7/17/2023 00:00:00,15.2173,15.4119,15.0227,15.1395,6.9686e+006
NKG,7/18/2023 00:00:00,15.1005,15.1005,14.8281,14.867,8.9573e+006
NKG,7/19/2023 00:00:00,14.9449,15.0227,14.7114,14.8281,1.06219e+007
NKG,7/20/2023 00:00:00,14.7892,15.0227,14.6335,14.9449,8.8849e+006
NKG,7/21/2023 00:00:00,15.0227,15.4119,14.9449,15.3341,8.2403e+006
NKG,7/24/2023 00:00:00,15.373,15.4897,15.1395,15.2562,7.556e+006
NKG,7/25/2023 00:00:00,15.2562,15.373,15.1005,15.2562,7.8613e+006
NKG,7/26/2023 00:00:00,15.2562,15.6454,15.1784,15.2951,8.4046e+006
NKG,7/27/2023 00:00:00,15.2951,15.4119,14.9449,15.2951,7.4272e+006
NKG,7/28/2023 00:00:00,15.373,15.6843,15.1784,15.4119,8.5385e+006
NKG,7/31/2023 00:00:00,15.7622,15.7622,15.0227,15.3341,1.06972e+007
NKG,8/1/2023 00:00:00,15.3341,15.3341,14.8281,14.8281,1.21038e+007
NKG,8/2/2023 00:00:00,14.7892,15.1005,14.6335,14.9449,6.246e+006
NKG,8/3/2023 00:00:00,14.9449,14.9449,14.5168,14.6724,1.23738e+007
NKG,8/4/2023 00:00:00,14.6724,14.9838,14.6335,14.9838,6.2376e+006
NKG,8/7/2023 00:00:00,15.1005,15.1395,14.867,14.9838,7.5231e+006
NKG,8/8/2023 00:00:00,15.0616,15.2173,14.9449,14.9838,9.8945e+006
NKG,8/9/2023 00:00:00,14.9838,15.2562,14.7503,15.2173,1.04999e+007
NKG,8/10/2023 00:00:00,15.2562,15.2562,14.7892,14.7892,5.5319e+006
NKG,8/11/2023 00:00:00,14.867,15.3341,14.5168,15.1784,1.00589e+007
NKG,8/14/2023 00:00:00,15.3341,15.9568,15.2562,15.8011,1.77812e+007
NKG,8/15/2023 00:00:00,15.8789,15.9568,15.5676,15.8789,7.7368e+006
NKG,8/16/2023 00:00:00,15.8789,15.8789,15.5676,15.8011,6.0327e+006
NKG,8/17/2023 00:00:00,15.8789,16.0735,15.5676,15.5676,1.58766e+007
NKG,8/18/2023 00:00:00,15.373,15.4508,14.4778,14.4778,1.59886e+007
NKG,8/21/2023 00:00:00,14.3222,14.4778,13.7773,13.7773,1.0043e+007
NKG,8/22/2023 00:00:00,13.8551,14.0886,13.1546,13.933,9.7651e+006
NKG,8/23/2023 00:00:00,14.1665,14.1665,13.933,13.933,4.1392e+006
NKG,8/24/2023 00:00:00,13.933,14.3222,13.8162,14.3222,5.7476e+006
NKG,8/25/2023 00:00:00,14.3222,14.3611,14.0497,14.0886,6.894e+006
NKG,8/28/2023 00:00:00,14.1665,14.4778,14.1276,14.4778,6.3792e+006
NKG,8/29/2023 00:00:00,14.5557,14.5946,14.2443,14.3222,5.1958e+006
NKG,8/30/2023 00:00:00,14.3222,14.7114,14.2443,14.6335,7.1665e+006
NKG,8/31/2023 00:00:00,14.7892,15.1784,14.7892,15.0227,1.03723e+007
NKG,9/5/2023 00:00:00,15.2562,15.4897,15.1005,15.4119,1.2e+007
NKG,9/6/2023 00:00:00,15.4897,16.4627,15.2173,16.4627,2.10311e+007
NKG,9/7/2023 00:00:00,16.6184,16.6962,16.1903,16.2681,1.2059e+007
NKG,9/8/2023 00:00:00,16.2681,17.0854,16.1124,17.0076,1.60801e+007
NKG,9/11/2023 00:00:00,17.1243,17.1243,16.3459,16.3459,1.58506e+007
NKG,9/12/2023 00:00:00,16.3459,16.9686,16.1514,16.9297,1.25182e+007
NKG,9/13/2023 00:00:00,17.0076,17.747,16.5405,17.1632,1.69858e+007
NKG,9/14/2023 00:00:00,17.1632,17.2022,16.3459,16.5795,1.19547e+007
NKG,9/15/2023 00:00:00,16.6184,17.1243,16.2681,16.7351,1.02404e+007
NKG,9/18/2023 00:00:00,16.7351,17.28,16.6573,16.7741,1.15674e+007
NKG,9/19/2023 00:00:00,17.0076,17.6692,16.3459,17.6692,1.47311e+007
NKG,9/20/2023 00:00:00,17.6692,17.8638,17.5135,17.7859,8.0092e+006
NKG,9/21/2023 00:00:00,17.7859,18.4086,17.4357,17.4357,1.77711e+007
NKG,9/22/2023 00:00:00,16.7351,17.0076,16.2292,16.2292,2.74697e+007
NKG,9/25/2023 00:00:00,15.84,16.3459,15.1005,15.1005,1.35349e+007
NKG,9/26/2023 00:00:00,14.6335,15.4897,14.6335,14.6724,9.3868e+006
NKG,9/27/2023 00:00:00,14.7892,15.373,14.4778,15.373,6.8628e+006
NKG,9/28/2023 00:00:00,15.4897,15.5286,14.867,15.4897,6.7971e+006
NKG,9/29/2023 00:00:00,15.6454,15.7622,15.2562,15.373,4.9128e+006
NKG,10/2/2023 00:00:00,15.373,15.6843,15.2173,15.4897,4.3036e+006
NKG,10/3/2023 00:00:00,15.1784,15.2173,14.4389,14.4389,1.16625e+007
NKG,10/4/2023 00:00:00,13.8551,15.1005,13.8551,14.9449,7.7275e+006
NKG,10/5/2023 00:00:00,15.0616,15.1395,14.4389,14.4778,5.5958e+006
NKG,10/6/2023 00:00:00,14.4778,14.9059,14.2443,14.9059,5.0126e+006
NKG,10/9/2023 00:00:00,15.0227,15.5286,14.8281,15.5286,9.8359e+006
NKG,10/10/2023 00:00:00,15.7232,15.84,15.5286,15.5286,7.5999e+006
NKG,10/11/2023 00:00:00,15.5286,15.9568,15.4508,15.9568,7.1636e+006
NKG,10/12/2023 00:00:00,16.0346,16.2292,15.6454,15.8011,7.0962e+006
NKG,10/13/2023 00:00:00,15.5286,15.9957,15.4119,15.9957,7.2473e+006
NKG,10/16/2023 00:00:00,16.0346,16.1903,15.4897,15.4897,8.1942e+006
NKG,10/17/2023 00:00:00,15.6454,15.7622,14.4778,14.4778,7.3769e+006
NKG,10/18/2023 00:00:00,14.7892,14.7892,13.4659,14.0497,1.24395e+007
NKG,10/19/2023 00:00:00,13.8551,14.2054,13.427,13.8941,5.3444e+006
NKG,10/20/2023 00:00:00,13.8551,14.4,13.6216,14.3222,6.0995e+006
NKG,10/23/2023 00:00:00,14.4,14.5557,14.0497,14.4,5.4589e+006
NKG,10/24/2023 00:00:00,14.4389,14.5168,14.1276,14.5168,4.3155e+006
NKG,10/25/2023 00:00:00,14.5557,15.0227,14.3611,14.4778,5.0178e+006
NKG,10/26/2023 00:00:00,14.0886,14.4778,13.4659,13.4659,1.07104e+007
NKG,10/27/2023 00:00:00,13.7384,14.0497,13.3492,14.0108,4.8328e+006
NKG,10/30/2023 00:00:00,14.0108,14.5557,13.9719,14.0108,7.3026e+006
NKG,10/31/2023 00:00:00,14.0108,14.2054,13.5438,13.6216,6.8144e+006
NKG,11/1/2023 00:00:00,13.6995,13.933,13.427,13.933,5.6327e+006
NKG,11/2/2023 00:00:00,14.1276,14.9059,14.0886,14.867,1.04782e+007
NKG,11/3/2023 00:00:00,14.867,15.1395,14.5946,14.9838,9.8446e+006
NKG,11/6/2023 00:00:00,14.9838,15.1784,14.9059,15.1784,7.8272e+006
NKG,11/7/2023 00:00:00,15.0616,15.3341,14.8281,15.0227,7.8572e+006
NKG,11/8/2023 00:00:00,15.0227,16.0735,14.9838,16.0735,1.54285e+007
NKG,11/9/2023 00:00:00,16.3459,16.7351,16.1124,16.1514,1.48637e+007
NKG,11/10/2023 00:00:00,15.9568,16.6962,15.9178,15.9568,1.52827e+007
NKG,11/13/2023 00:00:00,16.0346,16.9297,15.9568,16.7351,1.97924e+007
NKG,11/14/2023 00:00:00,17.0465,17.0465,16.4238,16.813,1.36974e+007
NKG,11/15/2023 00:00:00,17.5524,17.5524,16.5795,16.6962,1.7054e+007
NKG,11/16/2023 00:00:00,16.5795,16.813,16.4238,16.813,9.1465e+006
NKG,11/17/2023 00:00:00,16.8908,17.3189,16.6184,17.0076,2.1622e+007
NKG,11/20/2023 00:00:00,16.6184,17.3578,16.6184,17.28,1.33028e+007
NKG,11/21/2023 00:00:00,17.5914,18.0973,17.28,17.28,1.75335e+007
NKG,11/22/2023 00:00:00,17.28,17.6692,17.0854,17.6692,1.17989e+007
NKG,11/23/2023 00:00:00,17.8249,17.9027,16.4627,16.4627,1.7641e+007
NKG,11/24/2023 00:00:00,16.6184,17.2022,16.1903,17.2022,1.76593e+007
NKG,11/27/2023 00:00:00,17.2022,17.4746,16.9297,16.9686,8.9331e+006
NKG,11/28/2023 00:00:00,17.0076,17.747,16.8519,17.747,1.73171e+007
NKG,11/29/2023 00:00:00,17.747,18.2141,17.5914,17.8249,1.6683e+007
NKG,11/30/2023 00:00:00,17.8638,18.253,17.6692,17.9027,1.26753e+007
NKG,12/1/2023 00:00:00,18.0973,18.0973,17.28,17.8249,1.58358e+007
NKG,12/4/2023 00:00:00,18.1751,18.8368,17.8638,18.5643,1.443e+007
NKG,12/5/2023 00:00:00,18.6422,18.6422,18.1751,18.3308,1.04695e+007
NKG,12/6/2023 00:00:00,18.2919,18.5254,18.0195,18.4476,1.22975e+007
NKG,12/7/2023 00:00:00,18.6032,18.6422,17.5914,18.1362,1.57192e+007
NKG,12/8/2023 00:00:00,18.2919,18.9924,18.0584,18.1362,1.30764e+007
NKG,12/11/2023 00:00:00,18.1362,18.2919,17.7859,18.0973,7.1152e+006
NKG,12/12/2023 00:00:00,18.253,18.5254,18.1362,18.1751,6.618e+006
NKG,12/13/2023 00:00:00,18.2919,18.4086,17.6692,17.6692,1.0489e+007
NKG,12/14/2023 00:00:00,17.9805,18.0195,17.5914,17.747,7.7069e+006
NKG,12/15/2023 00:00:00,17.7081,18.1751,17.6303,18.0973,7.2607e+006
NKG,12/18/2023 00:00:00,18.1362,18.2141,17.7081,17.7081,5.2173e+006
NKG,12/19/2023 00:00:00,17.747,18.6811,17.7081,18.6811,1.12036e+007
NKG,12/20/2023 00:00:00,18.6032,18.7589,18.4865,18.6811,6.5191e+006
NKG,12/21/2023 00:00:00,18.5254,19.187,18.4476,18.9146,1.25717e+007
NKG,12/22/2023 00:00:00,19.0314,19.2649,18.6811,18.9146,7.3956e+006
NKG,12/25/2023 00:00:00,18.9535,19.4595,18.7589,18.7589,1.12563e+007
NKG,12/26/2023 00:00:00,18.8368,18.9924,18.6032,18.8368,9.4835e+006
NKG,12/27/2023 00:00:00,19.0314,19.1092,18.7589,18.7589,6.7147e+006
NKG,12/28/2023 00:00:00,18.7589,19.2649,18.72,19.1092,9.2456e+006
NKG,12/29/2023 00:00:00,19.1481,19.187,19.0314,19.187,5.496e+006
NKG,1/2/2024 00:00:00,19.2259,19.3038,18.4865,18.4865,1.05206e+007
NKG,1/3/2024 00:00:00,18.4865,18.8368,18.3697,18.8368,6.1282e+006
NKG,1/4/2024 00:00:00,18.8368,19.0314,18.5254,18.7589,9.0471e+006
NKG,1/5/2024 00:00:00,18.6032,18.8368,18.5254,18.7589,7.5993e+006
NKG,1/8/2024 00:00:00,18.7978,18.9924,18.5643,18.5643,8.0185e+006
NKG,1/9/2024 00:00:00,18.6422,18.6422,18.0973,18.3697,1.24626e+007
NKG,1/10/2024 00:00:00,18.253,18.3697,17.8638,17.9805,1.11283e+007
NKG,1/11/2024 00:00:00,18.0973,18.2919,18.0973,18.2919,5.2858e+006
NKG,1/12/2024 00:00:00,18.0195,18.5254,17.9805,18.1751,7.293e+006
NKG,1/15/2024 00:00:00,18.3697,18.4086,17.9027,18.1362,3.85e+006
NKG,1/16/2024 00:00:00,18.0584,19.3816,18.0584,19.3816,2.02162e+007
NKG,1/17/2024 00:00:00,19.5373,19.6151,19.1481,19.3427,1.24522e+007
NKG,1/18/2024 00:00:00,19.4205,19.8486,19.2259,19.6151,1.12887e+007
NKG,1/19/2024 00:00:00,19.6151,19.7319,19.3038,19.4205,6.8711e+006
NKG,1/22/2024 00:00:00,19.5762,20.0822,19.4595,19.6151,1.30407e+007
NKG,1/23/2024 00:00:00,19.693,19.693,19.3816,19.5373,5.2404e+006
NKG,1/24/2024 00:00:00,19.4984,19.6541,19.3427,19.3427,5.5607e+006
NKG,1/25/2024 00:00:00,19.3427,19.8097,19.1481,19.6151,6.9901e+006
NKG,1/26/2024 00:00:00,19.693,19.8097,19.5373,19.7708,4.7722e+006
NKG,1/29/2024 00:00:00,19.7708,19.8486,19.2649,19.2649,9.1351e+006
NKG,1/30/2024 00:00:00,19.2259,19.4984,19.0703,19.4595,6.7738e+006
NKG,1/31/2024 00:00:00,19.3427,19.3427,18.8368,18.8368,1.95447e+007
NKG,2/1/2024 00:00:00,18.7978,18.9535,18.6032,18.6811,8.9162e+006
NKG,2/2/2024 00:00:00,18.5254,19.0703,18.5254,18.8757,7.903e+006
NKG,2/5/2024 00:00:00,18.9535,19.2259,18.8757,18.9146,1.04355e+007
NKG,2/6/2024 00:00:00,18.9924,19.1481,18.8757,18.8757,6.2169e+006
NKG,2/7/2024 00:00:00,18.9924,19.0703,18.8757,18.9535,4.3915e+006
NKG,2/15/2024 00:00:00,19.2259,19.5373,19.0703,19.2649,8.1885e+006
NKG,2/16/2024 00:00:00,19.2649,19.3816,19.1092,19.1481,5.6489e+006
NKG,2/19/2024 00:00:00,19.2259,19.4595,18.7978,19.0314,1.1084e+007
NKG,2/20/2024 00:00:00,19.1092,19.1092,18.8757,18.9146,6.1691e+006
NKG,2/21/2024 00:00:00,19.0314,19.0314,18.6811,18.72,8.4788e+006
NKG,2/22/2024 00:00:00,18.72,18.8368,18.5254,18.5254,7.7495e+006
NKG,2/23/2024 00:00:00,18.5643,18.7589,18.1751,18.1751,1.00989e+007
NKG,2/26/2024 00:00:00,18.1751,18.5643,18.0973,18.4476,7.5549e+006
NKG,2/27/2024 00:00:00,18.5643,19.1092,18.5254,18.7589,1.12184e+007
NKG,2/28/2024 00:00:00,18.7589,18.9146,18.6032,18.7978,6.5347e+006
NKG,2/29/2024 00:00:00,18.8757,18.8757,18.5254,18.6422,8.6664e+006
NKG,3/1/2024 00:00:00,18.6811,18.8368,18.5254,18.7978,5.9375e+006
NKG,3/4/2024 00:00:00,18.9924,19.4205,18.9146,19.0314,1.63004e+007
NKG,3/5/2024 00:00:00,19.0703,19.3816,18.9146,19.187,1.14323e+007
NKG,3/6/2024 00:00:00,19.187,19.2649,18.8368,19.1481,8.1048e+006
NKG,3/7/2024 00:00:00,19.1481,19.2649,18.9146,19.1092,7.8177e+006
NKG,3/8/2024 00:00:00,19.2259,19.2259,18.6422,18.6422,1.39158e+007
NKG,3/11/2024 00:00:00,18.6422,18.6422,18.253,18.3697,6.988e+006
NKG,3/12/2024 00:00:00,18.3697,18.4865,18.2919,18.2919,6.0138e+006
NKG,3/13/2024 00:00:00,18.2919,18.9924,18.253,18.8368,1.08266e+007
NKG,3/14/2024 00:00:00,18.9146,18.9535,18.6032,18.72,6.9741e+006
NKG,3/15/2024 00:00:00,18.6811,19.2259,18.4865,19.0314,1.06635e+007
NKG,3/18/2024 00:00:00,19.187,19.2259,17.8249,18.4476,1.07395e+007
NKG,3/19/2024 00:00:00,18.6422,19.7319,18.4086,19.6151,2.92159e+007
NKG,3/20/2024 00:00:00,19.6151,19.6151,19.3038,19.5762,7.7945e+006
NKG,3/21/2024 00:00:00,19.7319,20.3546,19.5373,19.7319,1.67148e+007
NKG,3/22/2024 00:00:00,19.9265,20.16,19.3427,19.8486,1.75015e+007
NKG,3/25/2024 00:00:00,19.9265,20.4714,19.5373,19.693,1.18222e+007
NKG,3/26/2024 00:00:00,19.693,20.2378,19.4595,20.2378,7.7865e+006
NKG,3/27/2024 00:00:00,20.5881,20.8216,20.16,20.2378,1.17244e+007
NKG,3/28/2024 00:00:00,20.3157,20.3935,20.0432,20.3157,6.8754e+006
NKG,3/29/2024 00:00:00,20.2768,20.3157,19.9265,19.9654,6.1936e+006
NKG,4/1/2024 00:00:00,19.8876,20.0432,19.693,20.0432,7.1763e+006
NKG,4/2/2024 00:00:00,19.8486,20.3935,19.6151,20.3546,1.05085e+007
NKG,4/3/2024 00:00:00,20.4324,20.4324,19.8486,19.8486,8.56e+006
NKG,4/4/2024 00:00:00,19.7319,19.9265,19.5762,19.5762,6.7789e+006
NKG,4/5/2024 00:00:00,19.3038,19.5762,19.0314,19.0314,1.03009e+007
NKG,4/8/2024 00:00:00,19.0703,19.4595,18.9535,19.1481,4.8892e+006
NKG,4/9/2024 00:00:00,19.1481,19.5373,19.1481,19.5373,3.8802e+006
NKG,4/10/2024 00:00:00,19.6151,19.6151,19.3038,19.3038,3.047e+006
NKG,4/11/2024 00:00:00,18.9924,20.1989,18.9924,20.0432,9.9328e+006
NKG,4/12/2024 00:00:00,20.16,20.1989,19.9265,20.1211,6.5612e+006
NKG,4/15/2024 00:00:00,20.0043,20.5103,18.72,18.72,1.92695e+007
NKG,4/16/2024 00:00:00,18.72,18.8757,17.8249,18.4086,1.03357e+007
NKG,4/17/2024 00:00:00,18.5254,18.7589,17.9027,17.9027,8.4571e+006
NKG,4/19/2024 00:00:00,17.5135,18.0584,17.0854,17.0854,1.21138e+007
NKG,4/22/2024 00:00:00,17.5135,17.8249,17.3189,17.7859,5.5797e+006
NKG,4/23/2024 00:00:00,17.8249,17.8249,16.5795,16.5795,8.107e+006
NKG,4/24/2024 00:00:00,16.9297,17.5135,16.8519,17.3968,6.4422e+006
NKG,4/25/2024 00:00:00,17.3968,17.4357,16.9686,17.1243,4.5717e+006
NKG,4/26/2024 00:00:00,16.9686,17.4357,16.7741,17.0465,4.5791e+006
NKG,5/2/2024 00:00:00,17.28,17.747,17.0076,17.6692,4.194e+006
NKG,5/3/2024 00:00:00,17.747,18.0584,17.5914,17.747,5.9244e+006
NKG,5/6/2024 00:00:00,18.0584,18.4865,17.8638,18.2141,7.3704e+006
NKG,5/7/2024 00:00:00,18.2141,18.5254,18.0584,18.3308,6.1712e+006
NKG,5/8/2024 00:00:00,18.2919,18.7978,17.8638,18.4865,8.6494e+006
NKG,5/9/2024 00:00:00,18.6811,18.72,18.3308,18.4865,4.5904e+006
NKG,5/10/2024 00:00:00,18.6032,18.6032,18.1751,18.6032,4.559e+006
NKG,5/13/2024 00:00:00,18.6811,19.0703,18.5254,18.6811,7.3643e+006
NKG,5/14/2024 00:00:00,18.7589,18.9146,18.6032,18.72,3.5174e+006
NKG,5/15/2024 00:00:00,18.72,19.2259,18.72,19.0703,7.6071e+006
NKG,5/16/2024 00:00:00,19.3038,19.4205,18.9924,19.1092,5.0548e+006
NKG,5/17/2024 00:00:00,19.1481,19.3038,18.8368,19.3038,6.1913e+006
NKG,5/20/2024 00:00:00,19.6151,20.0043,19.3816,19.6151,1.13958e+007
NKG,5/21/2024 00:00:00,19.4984,19.5762,19.2259,19.4595,7.0332e+006
NKG,5/22/2024 00:00:00,19.5373,19.7319,19.1092,19.3816,8.6177e+006
NKG,5/23/2024 00:00:00,19.3038,19.9265,19.2259,19.9265,8.4232e+006
NKG,5/24/2024 00:00:00,19.9265,20.0822,18.7978,19.3038,1.21133e+007
NKG,5/27/2024 00:00:00,19.1481,19.3816,19.1481,19.3816,4.3052e+006
NKG,5/28/2024 00:00:00,19.6541,19.6541,19.3427,19.4984,4.4309e+006
NKG,5/29/2024 00:00:00,19.6541,19.9265,19.2649,19.2649,8.0033e+006
NKG,5/30/2024 00:00:00,18.9924,19.187,18.7978,18.9535,6.9895e+006
NKG,5/31/2024 00:00:00,19.0703,19.2259,18.9146,18.9924,4.8929e+006
NKG,6/3/2024 00:00:00,19.2649,19.4595,19.1092,19.3427,4.3575e+006
NKG,6/4/2024 00:00:00,19.4595,20.3935,19.4205,19.8486,1.56932e+007
NKG,6/5/2024 00:00:00,20.0043,20.1989,19.7319,19.8486,6.1079e+006
NKG,6/6/2024 00:00:00,19.9265,20.4324,19.7708,20.0043,7.3635e+006
NKG,6/7/2024 00:00:00,20.0043,20.16,19.693,20.0043,5.0241e+006
NKG,6/10/2024 00:00:00,20.0822,20.627,19.8097,20.627,9.6218e+006
NKG,6/11/2024 00:00:00,20.7827,21.0941,20.3935,20.6659,1.11971e+007
NKG,6/12/2024 00:00:00,20.627,20.7827,20.3546,20.6659,7.4705e+006
NKG,6/13/2024 00:00:00,20.7049,20.8605,20.5492,20.7049,4.4122e+006
NKG,6/14/2024 00:00:00,20.7827,21.133,20.0043,20.0043,9.9391e+006
NKG,6/17/2024 00:00:00,20.0043,21.1719,19.8097,20.8605,1.58528e+007
NKG,6/18/2024 00:00:00,20.8605,21.0162,20.7049,20.7049,3.6859e+006
NKG,6/19/2024 00:00:00,20.7049,20.9773,20.5103,20.627,5.4667e+006
NKG,6/20/2024 00:00:00,20.627,20.6659,19.9654,20.3157,1.03112e+007
NKG,6/21/2024 00:00:00,20.3157,20.5103,19.7708,19.7708,9.2601e+006
NKG,6/24/2024 00:00:00,19.4595,19.7708,18.8368,18.8368,1.3102e+007
NKG,6/25/2024 00:00:00,18.9146,19.6151,18.8757,19.2259,5.7163e+006
NKG,6/26/2024 00:00:00,19.2259,19.5373,18.7978,19.3816,4.3574e+006
NKG,6/27/2024 00:00:00,19.4595,19.4595,18.9924,19.187,2.7539e+006
NKG,6/28/2024 00:00:00,19.0703,19.2259,18.2919,18.3308,7.1776e+006
NKG,7/1/2024 00:00:00,18.3697,18.7589,18.3308,18.6422,3.3065e+006
NKG,7/2/2024 00:00:00,18.6811,19.3038,18.6811,19.3038,4.6728e+006
NKG,7/3/2024 00:00:00,19.3427,19.5373,19.3038,19.3038,3.1776e+006
NKG,7/4/2024 00:00:00,19.3816,19.5373,19.0703,19.3038,3.0758e+006
NKG,7/5/2024 00:00:00,19.3427,19.3816,18.9924,19.1092,3.2328e+006
NKG,7/8/2024 00:00:00,19.2649,19.7319,19.1481,19.6541,5.8294e+006
NKG,7/9/2024 00:00:00,19.8486,19.9265,19.5373,19.7708,4.7885e+006
NKG,7/10/2024 00:00:00,20.0043,20.2768,19.693,19.7319,6.9531e+006
NKG,7/11/2024 00:00:00,19.8486,19.9265,19.4595,19.4595,4.5281e+006
NKG,7/12/2024 00:00:00,19.4984,20.1211,19.2259,20.0043,7.8126e+006
NKG,7/15/2024 00:00:00,20.16,20.16,19.693,20.0043,2.5583e+006
NKG,7/16/2024 00:00:00,19.8876,20.0822,19.6151,19.7708,3.7428e+006
NKG,7/17/2024 00:00:00,19.7708,19.8486,18.6032,19.3038,7.2488e+006
NKG,7/18/2024 00:00:00,19.3038,19.6151,18.8368,19.6151,4.7773e+006
NKG,7/19/2024 00:00:00,19.4595,19.4984,18.9146,18.9146,4.2131e+006
NKG,7/22/2024 00:00:00,18.9146,18.9146,17.9027,18.3308,7.2132e+006
NKG,7/23/2024 00:00:00,18.3308,18.5254,17.9027,17.9027,4.3111e+006
NKG,7/24/2024 00:00:00,17.8249,18.2919,17.3968,18.2141,3.8959e+006
NKG,7/25/2024 00:00:00,18.0195,18.2141,17.6692,18.0584,2.4634e+006
NKG,7/26/2024 00:00:00,18.253,18.253,17.9805,18.1751,1.5348e+006
NKG,7/29/2024 00:00:00,18.3697,18.6422,18.2919,18.3697,3.7901e+006
NKG,7/30/2024 00:00:00,18.6422,18.6422,18.0195,18.2919,3.5347e+006
NKG,7/31/2024 00:00:00,18.4476,18.4476,17.2411,17.5914,6.5047e+006
NKG,8/1/2024 00:00:00,17.6303,17.6692,16.3849,16.5016,9.7412e+006
NKG,8/2/2024 00:00:00,16.3459,17.2411,16.2681,16.9686,4.2476e+006
NKG,8/5/2024 00:00:00,16.3459,16.7351,15.8011,15.8011,9.0666e+006
NKG,8/6/2024 00:00:00,16.1124,16.307,15.8011,16.1514,3.4776e+006
NKG,8/7/2024 00:00:00,16.1514,16.2681,15.8789,16.2292,2.4875e+006
NKG,8/8/2024 00:00:00,15.9568,16.4238,15.7232,16.1903,3.1081e+006
NKG,8/9/2024 00:00:00,16.2681,16.5405,16.1903,16.5405,2.9535e+006
NKG,8/12/2024 00:00:00,16.4627,16.6573,16.1903,16.5016,1.8585e+006
NKG,8/13/2024 00:00:00,16.5016,16.5016,16.0346,16.1903,3.0519e+006
NKG,8/14/2024 00:00:00,16.307,16.3849,15.8789,15.8789,3.279e+006
NKG,8/15/2024 00:00:00,15.9568,15.9568,15.4508,15.4508,4.9815e+006
NKG,8/16/2024 00:00:00,15.4897,16.307,15.4119,16.0735,6.5775e+006
NKG,8/19/2024 00:00:00,16.1903,16.8908,16.1514,16.4627,6.2305e+006
NKG,8/20/2024 00:00:00,16.4627,16.8519,16.3459,16.6962,6.4741e+006
NKG,8/21/2024 00:00:00,16.9686,17.2022,16.7741,16.9686,5.3016e+006
NKG,8/22/2024 00:00:00,17.0854,17.0854,16.6184,16.7351,5.3967e+006
NKG,8/23/2024 00:00:00,16.6573,17.2411,16.4238,17.2411,7.3903e+006
NKG,8/26/2024 00:00:00,17.6692,17.6692,16.9686,17.0465,5.7233e+006
NKG,8/27/2024 00:00:00,17.1243,17.1243,16.7741,16.9686,3.6414e+006
NKG,8/28/2024 00:00:00,16.9686,17.4746,16.8908,17.2022,7.6327e+006
NKG,8/29/2024 00:00:00,17.1632,17.4357,17.0854,17.2022,2.3798e+006
NKG,8/30/2024 00:00:00,17.1243,17.2411,16.9686,16.9686,3.5527e+006
NKG,9/4/2024 00:00:00,16.5795,16.8519,16.5795,16.6184,4.4401e+006
NKG,9/5/2024 00:00:00,16.7351,16.7351,16.0735,16.1124,6.4964e+006
NKG,9/6/2024 00:00:00,16.1124,16.2681,15.9178,16.2292,3.9233e+006
NKG,9/9/2024 00:00:00,16.3849,16.8908,16.3849,16.6573,4.3796e+006
NKG,9/10/2024 00:00:00,16.7351,16.813,16.307,16.3849,2.3011e+006
NKG,9/11/2024 00:00:00,16.5016,16.7351,16.1903,16.6573,4.0598e+006
NKG,9/12/2024 00:00:00,16.7351,16.813,16.3849,16.5016,2.591e+006
NKG,9/13/2024 00:00:00,16.5795,16.5795,16.3459,16.3459,2.3344e+006
NKG,9/16/2024 00:00:00,16.1903,16.6573,16.0346,16.0346,2.9549e+006
NKG,9/17/2024 00:00:00,16.0346,16.4238,16.0346,16.4238,3.9158e+006
NKG,9/18/2024 00:00:00,16.5016,16.5795,16.3459,16.5016,2.7435e+006
NKG,9/19/2024 00:00:00,16.6573,16.9686,16.5795,16.7351,5.9802e+006
NKG,9/20/2024 00:00:00,16.9297,17.0465,16.6573,16.6962,5.5333e+006
NKG,9/23/2024 00:00:00,16.6962,16.8519,16.5016,16.5405,2.7451e+006
NKG,9/24/2024 00:00:00,16.5405,16.6573,16.4238,16.4238,3.9652e+006
NKG,9/25/2024 00:00:00,16.7351,17.0076,16.6573,16.8908,9.7504e+006
NKG,9/26/2024 00:00:00,16.9686,17.0854,16.7351,16.9686,6.0538e+006
NKG,9/27/2024 00:00:00,17.0076,17.2411,16.8519,17.0076,6.7328e+006
NKG,9/30/2024 00:00:00,17.1632,17.4357,17.0465,17.2022,7.4961e+006
NKG,10/1/2024 00:00:00,17.5135,17.5914,17.2022,17.2022,1.0814e+007
NKG,10/2/2024 00:00:00,17.1632,17.3968,17.0854,17.2022,4.9541e+006
NKG,10/3/2024 00:00:00,17.3968,17.3968,16.7351,16.813,7.1444e+006
NKG,10/4/2024 00:00:00,16.9686,17.0465,16.7741,16.8908,4.9921e+006
NKG,10/7/2024 00:00:00,16.9686,17.0465,16.813,16.9297,2.2759e+006
NKG,10/8/2024 00:00:00,16.9297,17.28,16.7351,17.1632,5.9151e+006
NKG,10/9/2024 00:00:00,17.28,17.4357,17.1632,17.1632,3.6751e+006
NKG,10/10/2024 00:00:00,17.3189,17.3578,16.8908,16.8908,5.0969e+006
NKG,10/11/2024 00:00:00,16.8908,17.0076,16.813,16.8908,1.9627e+006
NKG,10/14/2024 00:00:00,16.9297,17.0465,16.8519,16.8519,2.8245e+006
NKG,10/15/2024 00:00:00,17.0465,17.0465,16.7351,16.7351,3.2239e+006
NKG,10/16/2024 00:00:00,16.7351,16.8519,16.3849,16.3849,2.9623e+006
NKG,10/17/2024 00:00:00,16.4627,16.5016,15.9957,16.5016,4.8259e+006
NKG,10/18/2024 00:00:00,16.5795,16.7351,16.2681,16.2681,3.3302e+006
NKG,10/21/2024 00:00:00,16.2681,16.3459,15.9568,15.9568,4.1641e+006
NKG,10/22/2024 00:00:00,15.9568,16.1903,15.7232,15.8789,3.4972e+006
NKG,10/23/2024 00:00:00,15.8789,16.1124,15.8011,15.9178,3.5331e+006
NKG,10/24/2024 00:00:00,15.9957,16.1514,15.8789,15.9178,2.7272e+006
NKG,10/25/2024 00:00:00,15.9568,16.1124,15.9178,15.9178,2.0545e+006
NKG,10/28/2024 00:00:00,16.0346,16.4238,16.0346,16.1124,3.2334e+006
NKG,10/29/2024 00:00:00,16.2292,16.2292,16.0735,16.1514,1.2868e+006
NKG,10/30/2024 00:00:00,16.2292,16.2292,15.9957,16.0735,1.6481e+006
NKG,10/31/2024 00:00:00,16.0735,16.1514,15.9957,16.0735,2.9334e+006
NKG,11/1/2024 00:00:00,16.0735,16.4238,16.0346,16.307,4.3495e+006
NKG,11/4/2024 00:00:00,16.2292,16.307,16.0735,16.1124,2.2593e+006
NKG,11/5/2024 00:00:00,16.1124,16.3849,16.1124,16.2681,2.5594e+006
NKG,11/6/2024 00:00:00,16.3459,16.6573,16.307,16.6184,4.467e+006
NKG,11/7/2024 00:00:00,16.7741,16.813,16.5016,16.5016,2.6689e+006
NKG,11/8/2024 00:00:00,16.5795,16.813,16.3849,16.6962,4.8566e+006
NKG,11/11/2024 00:00:00,16.7351,16.9297,16.4238,16.813,6.6355e+006
NKG,11/12/2024 00:00:00,16.8908,16.9686,16.5016,16.5405,3.7619e+006
NKG,11/13/2024 00:00:00,16.4238,16.4627,15.9178,16.1514,6.2757e+006
NKG,11/14/2024 00:00:00,16.2292,16.2292,15.2562,15.4508,6.6541e+006
NKG,11/15/2024 00:00:00,15.4119,15.4508,14.8281,14.867,7.3897e+006
NKG,11/18/2024 00:00:00,14.867,15.0616,14.867,14.9059,3.4503e+006
NKG,11/19/2024 00:00:00,14.9449,15.1395,14.7114,14.7114,2.4397e+006
NKG,11/20/2024 00:00:00,14.7114,15.1784,14.6335,14.867,3.0993e+006
NKG,11/21/2024 00:00:00,14.867,15.0616,14.867,15.0227,1.4305e+006
NKG,11/22/2024 00:00:00,15.0227,15.1784,15.0227,15.0616,1.7503e+006
NKG,11/25/2024 00:00:00,15.1005,15.1395,14.9838,15.0616,1.491e+006
NKG,11/26/2024 00:00:00,15.0616,15.2562,15.0227,15.1395,2.4245e+006
NKG,11/27/2024 00:00:00,15.1784,15.2173,15.0227,15.1784,1.5614e+006
NKG,11/28/2024 00:00:00,15.1784,15.373,15.1005,15.1005,1.715e+006
NKG,11/29/2024 00:00:00,15.1005,15.1395,14.867,15.1005,1.7182e+006
NKG,12/2/2024 00:00:00,15.1784,15.2951,15.0616,15.1005,1.7872e+006
NKG,12/3/2024 00:00:00,15.1005,15.1005,14.9449,14.9449,1.8868e+006
NKG,12/4/2024 00:00:00,14.9449,14.9838,14.5557,14.5557,4.9896e+006
NKG,12/5/2024 00:00:00,14.5946,15.1784,13.8551,15.0227,9.9301e+006
NKG,12/6/2024 00:00:00,15.1005,15.1395,14.7503,14.7892,3.9015e+006
NKG,12/9/2024 00:00:00,14.9449,15.3341,14.9059,15.2951,6.5697e+006
NKG,12/10/2024 00:00:00,15.3341,15.6065,15.2562,15.2951,5.3692e+006
NKG,12/11/2024 00:00:00,15.4508,15.4508,15.0616,15.1784,3.2205e+006
NKG,12/12/2024 00:00:00,15.1784,15.2562,15.0616,15.1005,4.2219e+006
NKG,12/13/2024 00:00:00,15.1005,15.1005,14.7892,14.7892,4.5273e+006
NKG,12/16/2024 00:00:00,14.7892,14.8281,14.5168,14.5557,5.6104e+006
NKG,12/17/2024 00:00:00,14.4778,14.5168,14.1665,14.2443,7.209e+006
NKG,12/18/2024 00:00:00,14.2443,14.4778,14.1276,14.4,9.0285e+006
NKG,12/19/2024 00:00:00,14.85,14.95,14.65,14.75,8.7253e+006
NKG,12/20/2024 00:00:00,14.95,14.95,14.7,14.75,1.8805e+006
NKG,12/23/2024 00:00:00,14.8,14.95,14.7,14.7,1.8377e+006
NKG,12/24/2024 00:00:00,14.75,14.85,14.35,14.8,3.5648e+006
NKG,12/25/2024 00:00:00,14.8,15.1,14.6,14.95,5.2274e+006
NKG,12/26/2024 00:00:00,14.95,15,14.75,14.75,1.8119e+006
NKG,12/27/2024 00:00:00,14.7,14.8,14.6,14.6,2.614e+006
NKG,12/30/2024 00:00:00,14.6,14.75,14.5,14.65,1.3436e+006
NKG,12/31/2024 00:00:00,14.65,14.65,14.45,14.45,2.35e+006
NKG,1/2/2025 00:00:00,14.55,14.65,14.5,14.65,1.5387e+006
NKG,1/3/2025 00:00:00,14.55,14.6,14.35,14.35,2.2023e+006
NKG,1/6/2025 00:00:00,14.4,14.4,13.9,13.9,3.1721e+006
NKG,1/7/2025 00:00:00,14,14.1,13.45,13.55,2.6792e+006
NKG,1/8/2025 00:00:00,13.45,13.95,13.45,13.8,3.0118e+006
NKG,1/9/2025 00:00:00,13.8,13.9,13.55,13.75,1.4494e+006
NKG,1/10/2025 00:00:00,13.6,13.8,13.45,13.6,2.0503e+006
NKG,1/13/2025 00:00:00,13.3,13.65,13.3,13.55,2.1751e+006
NKG,1/14/2025 00:00:00,13.55,13.65,13.25,13.25,1.7576e+006
NKG,1/15/2025 00:00:00,13.25,14.05,13.25,13.9,4.6891e+006
NKG,1/16/2025 00:00:00,14,14,13.75,13.9,1.8204e+006
NKG,1/17/2025 00:00:00,13.95,14,13.75,13.95,2.5743e+006
NKG,1/20/2025 00:00:00,13.95,14,13.7,13.7,2.9933e+006
NKG,1/21/2025 00:00:00,13.7,13.8,13.45,13.5,3.1752e+006
NKG,1/22/2025 00:00:00,13.55,13.55,13.3,13.3,2.9184e+006
NKG,1/23/2025 00:00:00,13.4,13.6,13.25,13.5,4.4324e+006
NKG,1/24/2025 00:00:00,13.5,13.55,13.3,13.3,4.3376e+006
NKG,2/3/2025 00:00:00,13.4,13.8,13.3,13.6,3.8077e+006
NKG,2/4/2025 00:00:00,13.8,14.35,13.6,14.25,9.942e+006
NKG,2/5/2025 00:00:00,14.25,14.25,14.05,14.2,4.2706e+006
NKG,2/6/2025 00:00:00,14.25,14.25,14.05,14.15,3.5417e+006
NKG,2/7/2025 00:00:00,14.1,14.3,14,14,3.9399e+006
NKG,2/10/2025 00:00:00,13.85,13.85,13.4,13.5,1.02318e+007
NKG,2/11/2025 00:00:00,13.3,13.8,13.3,13.65,5.9529e+006
NKG,2/12/2025 00:00:00,13.65,13.75,13.45,13.45,2.1206e+006
NKG,2/13/2025 00:00:00,13.45,13.55,13.4,13.5,2.812e+006
NKG,2/14/2025 00:00:00,13.55,13.85,13.5,13.7,4.9777e+006
NKG,2/17/2025 00:00:00,13.8,13.8,13.6,13.7,3.3947e+006
NKG,2/18/2025 00:00:00,13.7,14,13.7,13.9,5.1605e+006
NKG,2/19/2025 00:00:00,13.95,14,13.8,14,5.6604e+006
NKG,2/20/2025 00:00:00,14.1,14.4,14.05,14.2,8.4655e+006
NKG,2/21/2025 00:00:00,14.15,14.2,14,14.05,5.1072e+006
NKG,2/24/2025 00:00:00,14.8,14.8,14.3,14.4,1.0876e+007
NKG,2/25/2025 00:00:00,14.4,14.45,14.1,14.2,6.3308e+006
NKG,2/26/2025 00:00:00,14.4,14.6,14.3,14.45,7.8451e+006
NKG,2/27/2025 00:00:00,14.5,15.45,14.45,15.45,2.80342e+007
NKG,2/28/2025 00:00:00,15.7,15.9,15.45,15.9,1.79988e+007
NKG,3/3/2025 00:00:00,15.95,16.15,15.65,15.95,1.14466e+007
NKG,3/4/2025 00:00:00,15.9,16.15,15.6,15.75,1.3116e+007
NKG,3/5/2025 00:00:00,15.8,15.9,15.5,15.5,9.1051e+006
NKG,3/6/2025 00:00:00,15.55,16.1,15.5,16.1,1.28858e+007
NKG,3/7/2025 00:00:00,16.05,16.3,15.9,16.1,9.6925e+006
NKG,3/10/2025 00:00:00,16.15,16.2,15.7,15.8,9.7952e+006
NKG,3/11/2025 00:00:00,15.5,16.1,15.4,16.1,1.45125e+007
NKG,3/12/2025 00:00:00,16.2,16.35,15.9,16.05,1.0585e+007
NKG,3/13/2025 00:00:00,16.1,16.5,15.9,16.1,1.44039e+007
NKG,3/14/2025 00:00:00,16.1,16.2,15.8,15.9,7.6636e+006
NKG,3/17/2025 00:00:00,16,16.15,15.8,16.15,7.8873e+006
NKG,3/18/2025 00:00:00,16.4,16.45,15.7,15.7,1.11163e+007
NKG,3/19/2025 00:00:00,15.6,15.7,15.15,15.15,1.53619e+007
NKG,3/20/2025 00:00:00,15.15,15.5,15,15.45,7.1941e+006
NKG,3/21/2025 00:00:00,15.4,15.5,15.25,15.45,3.4886e+006
NKG,3/24/2025 00:00:00,15.45,15.45,15.1,15.4,3.7599e+006
NKG,3/25/2025 00:00:00,15.5,15.7,15.25,15.5,6.9346e+006
NKG,3/26/2025 00:00:00,15.45,15.8,15.45,15.5,8.7327e+006
NKG,3/27/2025 00:00:00,15.5,15.6,15.2,15.25,4.6335e+006
NKG,3/28/2025 00:00:00,15.25,15.35,15,15.05,5.9624e+006
NKG,3/31/2025 00:00:00,15.05,15.2,14.9,15,4.6263e+006
NKG,4/1/2025 00:00:00,15,15.25,14.95,15.15,6.5922e+006
NKG,4/2/2025 00:00:00,15.6,15.7,15.2,15.2,1.00287e+007
NKG,4/3/2025 00:00:00,14.5,14.8,14.15,14.15,1.28818e+007
NKG,4/4/2025 00:00:00,13.2,13.55,13.2,13.2,1.57148e+007
NKG,4/8/2025 00:00:00,12.3,12.6,12.3,12.3,4.5486e+006
NKG,4/9/2025 00:00:00,11.45,11.7,11.45,11.45,8.6825e+006
NKG,4/10/2025 00:00:00,12.25,12.25,12.25,12.25,1.7783e+006
NKG,4/11/2025 00:00:00,12.2,12.7,11.8,12.45,1.92414e+007
NKG,4/14/2025 00:00:00,12.55,12.7,12.15,12.3,7.5942e+006
NKG,4/15/2025 00:00:00,12.15,12.35,11.8,11.8,8.5941e+006
NKG,4/16/2025 00:00:00,11.8,12.1,11.7,11.8,5.889e+006
NKG,4/17/2025 00:00:00,11.8,11.85,11.45,11.85,5.269e+006
NKG,4/18/2025 00:00:00,12,12.35,11.9,12.05,8.4138e+006
NKG,4/21/2025 00:00:00,12.1,12.15,11.85,11.85,3.8094e+006
NKG,4/22/2025 00:00:00,11.7,11.85,11.05,11.3,1.55931e+007
NKG,4/23/2025 00:00:00,11.65,12,11.35,12,9.1121e+006
NKG,4/24/2025 00:00:00,12.15,12.3,11.8,11.9,6.1426e+006
NKG,4/25/2025 00:00:00,12,12.05,11.75,11.95,4.535e+006
NKG,4/28/2025 00:00:00,11.95,12.25,11.9,12,5.6267e+006
NKG,4/29/2025 00:00:00,12,12.1,11.9,11.9,3.2208e+006
NKG,5/5/2025 00:00:00,12.15,12.5,11.9,12.35,7.6113e+006
NKG,5/6/2025 00:00:00,12.4,12.45,12.15,12.15,5.2111e+006
NKG,5/7/2025 00:00:00,12.1,12.3,12.05,12.3,5.4725e+006
NKG,5/8/2025 00:00:00,12.45,12.75,12.35,12.45,9.0881e+006
NKG,5/9/2025 00:00:00,12.6,12.6,12.35,12.35,4.6572e+006
NKG,5/12/2025 00:00:00,12.35,12.55,12.05,12.35,6.2575e+006
NKG,5/13/2025 00:00:00,12.5,12.7,12.45,12.55,8.8171e+006
NKG,5/14/2025 00:00:00,12.6,12.9,12.5,12.8,1.22367e+007
NKG,5/15/2025 00:00:00,12.9,13,12.55,12.85,7.3603e+006
NKG,5/16/2025 00:00:00,12.9,13.1,12.7,12.85,1.21664e+007
NKG,5/19/2025 00:00:00,12.7,12.85,12.6,12.6,6.5126e+006
NKG,5/20/2025 00:00:00,12.6,12.8,12.55,12.65,5.2948e+006
NKG,5/21/2025 00:00:00,12.7,12.8,12.45,12.6,6.265e+006
NKG,5/22/2025 00:00:00,12.5,13.1,12.5,12.7,9.9327e+006
NKG,5/23/2025 00:00:00,12.75,12.9,12.6,12.6,3.6148e+006
NKG,5/26/2025 00:00:00,12.7,12.9,12.2,12.85,7.8852e+006
NKG,5/27/2025 00:00:00,12.9,13.3,12.9,13.1,1.16615e+007
NKG,5/28/2025 00:00:00,13.2,13.35,12.95,13.05,7.4937e+006
NKG,5/29/2025 00:00:00,13.15,13.25,13,13.15,7.8326e+006
NKG,5/30/2025 00:00:00,13.25,13.8,13.2,13.35,1.66294e+007
NKG,6/2/2025 00:00:00,12.8,13.2,12.7,13.15,1.18686e+007
NKG,6/3/2025 00:00:00,13.35,13.5,13.05,13.35,1.25003e+007
NKG,6/4/2025 00:00:00,13.45,13.8,13.25,13.35,1.34396e+007
NKG,6/5/2025 00:00:00,13.35,13.6,13.2,13.4,8.2223e+006
NKG,6/6/2025 00:00:00,13.45,13.7,13.35,13.4,1.29508e+007
NKG,6/9/2025 00:00:00,13.5,13.5,13.1,13.1,7.9004e+006
NKG,6/10/2025 00:00:00,13.2,13.35,12.85,13,7.431e+006
NKG,6/11/2025 00:00:00,13.05,13.1,12.8,12.9,5.1783e+006
NKG,6/12/2025 00:00:00,13.05,13.55,13,13.3,9.1864e+006
NKG,6/13/2025 00:00:00,13.15,13.25,12.85,13,8.9731e+006
NKG,6/16/2025 00:00:00,13,13.25,12.95,13.15,4.8595e+006
NKG,6/17/2025 00:00:00,13.25,13.55,13.25,13.35,8.6416e+006
NKG,6/18/2025 00:00:00,13.35,13.45,13.25,13.3,5.3585e+006
NKG,6/19/2025 00:00:00,13.4,13.4,13.05,13.15,4.4201e+006
NKG,6/20/2025 00:00:00,13.2,13.3,13.05,13.1,4.7847e+006
NKG,6/23/2025 00:00:00,13,13.05,12.85,13,5.152e+006
NKG,6/24/2025 00:00:00,13.25,13.25,13.1,13.2,3.7972e+006
NKG,6/25/2025 00:00:00,13.3,13.5,13.25,13.4,1.04032e+007
NKG,6/26/2025 00:00:00,13.5,13.5,13.25,13.3,2.7752e+006
NKG,6/27/2025 00:00:00,13.35,13.4,13.2,13.25,3.8847e+006
NKG,6/30/2025 00:00:00,13.25,13.35,13.15,13.2,5.5923e+006
NKG,7/1/2025 00:00:00,13.25,13.55,13.2,13.25,8.9023e+006
NKG,7/2/2025 00:00:00,13.4,13.6,13.15,13.6,1.20005e+007
NKG,7/3/2025 00:00:00,13.8,14.1,13.4,13.65,2.18229e+007
NKG,7/4/2025 00:00:00,13.75,13.8,13.6,13.65,8.0537e+006
NKG,7/7/2025 00:00:00,13.95,14,13.6,13.7,1.15996e+007
NKG,7/8/2025 00:00:00,13.75,14.15,13.7,13.95,2.03577e+007
NKG,7/9/2025 00:00:00,14.05,14.15,13.85,13.95,1.51228e+007
NKG,7/10/2025 00:00:00,13.95,14.25,13.85,14,1.40092e+007
NKG,7/11/2025 00:00:00,14.05,14.2,13.75,13.95,1.94524e+007
NKG,7/14/2025 00:00:00,14.1,14.1,13.75,14.1,9.7954e+006
NKG,7/15/2025 00:00:00,14.2,14.6,14.15,14.15,2.37746e+007
NKG,7/16/2025 00:00:00,14.15,14.3,14.1,14.2,9.1e+006
NKG,7/17/2025 00:00:00,14.25,14.55,14.2,14.3,1.41079e+007
NKG,7/18/2025 00:00:00,14.5,14.5,14.2,14.3,1.41058e+007
NKG,7/21/2025 00:00:00,14.35,14.75,14.35,14.4,1.59809e+007
NKG,7/22/2025 00:00:00,14.4,14.5,14.25,14.45,8.7788e+006
NKG,7/23/2025 00:00:00,14.6,15.1,14.55,14.85,2.85817e+007
NKG,7/24/2025 00:00:00,15,15,14.55,14.75,1.30035e+007
NKG,7/25/2025 00:00:00,14.85,15.2,14.55,15.05,1.83281e+007
NKG,7/28/2025 00:00:00,15.25,16.1,15.15,16.1,3.6637e+007
NKG,7/29/2025 00:00:00,16.7,16.8,15.8,16.05,4.81927e+007
NKG,7/30/2025 00:00:00,16.45,16.75,16.1,16.5,2.63017e+007
NKG,7/31/2025 00:00:00,16.55,16.55,15.85,16.15,2.6579e+007
NKG,8/1/2025 00:00:00,16.2,16.35,15.5,15.5,2.03728e+007
NKG,8/4/2025 00:00:00,15.35,15.8,15.25,15.75,1.23079e+007
NKG,8/5/2025 00:00:00,15.9,16.75,15.6,16.05,4.2086e+007
NKG,8/6/2025 00:00:00,16.2,16.6,16,16.25,1.32257e+007
NKG,8/7/2025 00:00:00,16.4,16.9,16.1,16.85,2.89554e+007
NKG,8/8/2025 00:00:00,17.05,17.05,16.3,16.6,2.12394e+007
NKG,8/11/2025 00:00:00,16.8,16.9,16.55,16.75,1.69269e+007
NKG,8/12/2025 00:00:00,17,17.35,16.75,16.9,1.75321e+007
NKG,8/13/2025 00:00:00,17,17,16.25,16.6,2.31425e+007
NKG,8/14/2025 00:00:00,16.65,16.75,16.4,16.65,1.51704e+007
NKG,8/15/2025 00:00:00,16.85,17.45,16.45,16.8,2.59099e+007
NKG,8/18/2025 00:00:00,17.3,17.6,17.05,17.2,1.96854e+007
NKG,8/19/2025 00:00:00,17.3,17.35,16.9,16.95,1.81555e+007
NKG,8/20/2025 00:00:00,17,17.1,15.8,16.15,2.94508e+007
NKG,8/21/2025 00:00:00,16.2,16.35,15.9,16,1.34061e+007
NKG,8/22/2025 00:00:00,15.85,16,15.05,15.25,2.01002e+007
NKG,8/25/2025 00:00:00,15.65,15.65,15.2,15.3,7.8618e+006
NKG,8/26/2025 00:00:00,15.35,15.85,15.3,15.85,7.9675e+006
NKG,8/27/2025 00:00:00,16,16.1,15.7,15.7,7.382e+006
NKG,8/28/2025 00:00:00,15.7,16.1,15.7,15.8,5.9556e+006
NKG,9/3/2025 00:00:00,15.9,16.95,15.9,16.95,3.2451e+007
NKG,9/8/2025 00:00:00,17.9,18.95,17.75,18.15,4.33001e+007
NKG,9/9/2025 00:00:00,18.2,18.5,17.35,17.95,2.51844e+007
NKG,9/10/2025 00:00:00,18,18.4,17.5,17.9,1.97632e+007
NKG,9/11/2025 00:00:00,17.6,19.15,17.35,19.15,3.86976e+007
NKG,9/12/2025 00:00:00,19.75,20.4,19.45,19.6,2.33312e+007
NKG,9/15/2025 00:00:00,20,20.25,19.45,19.7,2.00796e+007
NKG,9/16/2025 00:00:00,19.75,20,19.4,19.5,2.21221e+007
NKG,9/17/2025 00:00:00,19.3,20.2,19.2,19.35,1.69122e+007
NKG,9/18/2025 00:00:00,19.4,20.25,18.9,19.9,2.20345e+007
NKG,9/19/2025 00:00:00,20.1,20.1,19.5,19.6,1.04645e+007
NKG,9/22/2025 00:00:00,19.5,19.6,18.25,18.25,4.40185e+007
NKG,9/23/2025 00:00:00,18.25,18.45,18,18.05,1.03716e+007
NKG,9/24/2025 00:00:00,18.2,18.5,18,18.45,1.03876e+007
NKG,9/25/2025 00:00:00,18.5,18.8,18.45,18.45,1.06891e+007
NKG,9/26/2025 00:00:00,18.5,19.05,18.2,18.3,1.66489e+007
NKG,9/29/2025 00:00:00,18.3,18.5,18.15,18.15,8.9202e+006
NKG,9/30/2025 00:00:00,18.15,18.25,17,17.6,2.10213e+007
NKG,10/1/2025 00:00:00,17.65,17.8,17.5,17.65,6.8936e+006
NKG,10/2/2025 00:00:00,17.8,17.9,17.1,17.1,8.8475e+006
NKG,10/3/2025 00:00:00,17.05,17.1,16.6,16.7,1.24841e+007
NKG,10/6/2025 00:00:00,16.9,17.8,16.85,17.65,7.4032e+006
NKG,10/7/2025 00:00:00,17.8,17.8,17.3,17.3,7.0892e+006
NKG,10/8/2025 00:00:00,17.6,17.75,17.2,17.7,1.05439e+007
NKG,10/9/2025 00:00:00,17.9,18,17.6,17.75,7.8609e+006
NKG,10/10/2025 00:00:00,17.9,18.2,17.8,17.9,9.9321e+006
NKG,10/13/2025 00:00:00,17.5,17.7,17.15,17.4,1.66897e+007
NKG,10/14/2025 00:00:00,17.5,17.7,16.95,17,1.68085e+007
NKG,10/15/2025 00:00:00,16.9,17.3,16.85,17,7.8855e+006
NKG,10/16/2025 00:00:00,17.15,17.5,16.85,17.45,1.0579e+007
NKG,10/17/2025 00:00:00,17.55,18.15,17.45,17.75,2.2547e+007
NKG,10/20/2025 00:00:00,17.8,17.9,16.55,16.55,1.43633e+007
NKG,10/21/2025 00:00:00,16.5,16.55,15.55,15.85,1.85606e+007
NKG,10/22/2025 00:00:00,16.2,16.2,15.4,16.1,9.1105e+006
NKG,10/23/2025 00:00:00,15.95,16.25,15.9,15.9,5.2692e+006
NKG,10/24/2025 00:00:00,15.75,15.95,15.5,15.5,6.5894e+006
NKG,10/27/2025 00:00:00,15.65,16.2,15.6,15.7,5.9126e+006
NKG,10/28/2025 00:00:00,15.65,16.2,15.65,16.2,5.471e+006
NKG,10/29/2025 00:00:00,16.3,16.55,16.1,16.25,5.613e+006
NKG,10/30/2025 00:00:00,16.25,16.35,15.9,15.95,4.2174e+006
NKG,10/31/2025 00:00:00,15.9,16.3,15.9,16,5.5434e+006
NKG,11/3/2025 00:00:00,16.05,16.9,15.9,16.2,1.29107e+007
NKG,11/4/2025 00:00:00,16.25,16.8,15.8,16.8,1.26135e+007
NKG,11/5/2025 00:00:00,16.75,17.15,16.65,16.95,1.09418e+007
NKG,11/6/2025 00:00:00,17.1,17.1,16.6,16.75,6.0737e+006
NKG,11/7/2025 00:00:00,16.75,17.3,16.5,16.7,1.37154e+007
NKG,11/10/2025 00:00:00,16.6,17.15,16.05,16.35,8.2789e+006
NKG,11/11/2025 00:00:00,16.6,16.75,16.3,16.45,4.3049e+006
NKG,11/12/2025 00:00:00,16.6,17.15,16.6,17.1,1.20503e+007
NKG,11/13/2025 00:00:00,17.1,17.1,16.85,16.95,5.9452e+006
NKG,11/14/2025 00:00:00,16.9,17.35,16.85,17.05,9.8881e+006
NKG,11/17/2025 00:00:00,17.1,17.3,16.95,17.25,7.4525e+006
NKG,11/18/2025 00:00:00,17.4,17.6,17.2,17.25,1.17333e+007
NKG,11/19/2025 00:00:00,17.25,17.65,16.8,17.2,1.06929e+007
NKG,11/20/2025 00:00:00,17.15,17.2,16.6,16.8,6.5942e+006
NKG,11/21/2025 00:00:00,16.7,16.75,16.2,16.5,9.9358e+006
NKG,11/24/2025 00:00:00,16.6,16.7,16.4,16.4,2.8589e+006
NKG,11/25/2025 00:00:00,16.35,16.65,16,16.1,5.4354e+006
NKG,11/26/2025 00:00:00,16.1,16.6,16.1,16.6,3.7032e+006
NKG,11/27/2025 00:00:00,16.65,16.65,16.35,16.35,3.24e+006
NKG,11/28/2025 00:00:00,16.35,16.45,16.1,16.2,3.6378e+006
NKG,12/1/2025 00:00:00,16.35,16.35,16,16,3.6434e+006
NKG,12/2/2025 00:00:00,16.2,16.2,15.6,15.95,5.2313e+006
NKG,12/3/2025 00:00:00,15.8,16.25,15.8,16.05,3.219e+006
NKG,12/4/2025 00:00:00,16.15,16.45,16.15,16.3,4.4504e+006
NKG,12/5/2025 00:00:00,16.35,16.4,16.1,16.1,2.9804e+006
NKG,12/8/2025 00:00:00,16.05,16.2,15.7,15.75,3.8164e+006
NKG,12/9/2025 00:00:00,15.8,15.85,15.2,15.65,7.1767e+006
NKG,12/10/2025 00:00:00,15.75,15.9,15.6,15.6,2.1795e+006
NKG,12/11/2025 00:00:00,15.6,15.8,15.5,15.6,2.0388e+006
NKG,12/12/2025 00:00:00,15.5,15.6,14.55,14.6,7.419e+006
NKG,12/15/2025 00:00:00,14.6,14.95,14.5,14.6,3.6574e+006
NKG,12/16/2025 00:00:00,14.75,15.25,14.3,15,4.3853e+006
NKG,12/17/2025 00:00:00,15,15.15,15,15,2.1944e+006
NKG,12/18/2025 00:00:00,15.1,15.1,14.9,14.95,1.4773e+006
NKG,12/19/2025 00:00:00,14.9,15.2,14.9,15,2.4871e+006
NKG,12/22/2025 00:00:00,15.25,15.3,15,15.3,3.4167e+006
NKG,12/23/2025 00:00:00,15.35,15.5,15.1,15.15,3.7789e+006
NKG,12/24/2025 00:00:00,15.15,15.25,15.1,15.2,1.9949e+006
NKG,12/25/2025 00:00:00,15.2,15.3,14.95,14.95,3.0868e+006
NKG,12/26/2025 00:00:00,15.3,15.65,15,15.3,6.4108e+006
NKG,12/29/2025 00:00:00,15.4,15.4,15.15,15.2,1.9356e+006
NKG,12/30/2025 00:00:00,15.1,15.3,15,15,2.4457e+006
NKG,12/31/2025 00:00:00,15,15.1,14.85,14.85,2.6878e+006
NKG,1/5/2026 00:00:00,14.85,15,14.4,14.55,3.6533e+006
NKG,1/6/2026 00:00:00,14.55,14.8,14.25,14.45,3.6062e+006
NKG,1/7/2026 00:00:00,14.5,15.1,14.5,15,3.3465e+006
NKG,1/8/2026 00:00:00,15.05,15.2,14.8,14.95,4.511e+006
NKG,1/9/2026 00:00:00,15,15.05,14.65,14.8,4.4976e+006
NKG,1/12/2026 00:00:00,14.7,15.65,14.65,15.55,1.02657e+007
NKG,1/13/2026 00:00:00,15.8,15.8,15.35,15.5,5.1321e+006
NKG,1/14/2026 00:00:00,15.55,15.95,15.35,15.6,7.4433e+006
NKG,1/15/2026 00:00:00,15.6,16.3,15.55,16.15,1.4197e+007
NKG,1/16/2026 00:00:00,16.3,16.5,15.9,16.15,7.2656e+006
NKG,1/19/2026 00:00:00,16.2,16.3,15.75,15.8,6.2037e+006
NKG,1/20/2026 00:00:00,15.9,15.9,15.45,15.5,6.466e+006
NKG,1/21/2026 00:00:00,15.4,15.6,15.1,15.2,5.6276e+006
NKG,1/22/2026 00:00:00,15.2,15.8,15.2,15.45,3.5538e+006
NKG,1/23/2026 00:00:00,15.55,15.75,15.25,15.35,2.5978e+006
NKG,1/26/2026 00:00:00,15.4,15.45,14.65,14.85,5.144e+006
NKG,1/27/2026 00:00:00,14.9,14.95,14.7,14.85,2.8412e+006
NKG,1/28/2026 00:00:00,14.85,15.2,14.85,15.15,3.1506e+006
NKG,1/29/2026 00:00:00,15.2,15.6,15.2,15.3,4.2248e+006
NKG,1/30/2026 00:00:00,15.45,15.7,15.2,15.2,3.5507e+006
NKG,2/2/2026 00:00:00,15.1,15.1,14.65,14.9,5.5404e+006
NKG,2/3/2026 00:00:00,14.85,15.15,14.85,14.95,3.8407e+006
NKG,2/4/2026 00:00:00,14.95,15.95,14.95,15.75,9.4362e+006
NKG,2/5/2026 00:00:00,15.65,15.7,15.3,15.3,3.2309e+006
NKG,2/6/2026 00:00:00,15.1,15.65,14.65,14.65,7.1412e+006
NKG,2/9/2026 00:00:00,14.8,14.9,14.7,14.75,3.2863e+006
NKG,2/10/2026 00:00:00,14.9,14.9,14.65,14.75,2.044e+006
NKG,2/11/2026 00:00:00,14.8,15.05,14.75,14.95,3.0743e+006
NKG,2/12/2026 00:00:00,15.15,15.15,14.95,14.95,1.8325e+006
NKG,2/13/2026 00:00:00,15,15.1,14.9,14.95,1.8347e+006
NKG,2/23/2026 00:00:00,15,15.45,15,15.35,4.0101e+006
NKG,2/24/2026 00:00:00,15.4,16.05,15.4,15.9,1.2434e+007
NKG,2/25/2026 00:00:00,15.95,16.5,15.9,16.15,1.17112e+007
NKG,2/26/2026 00:00:00,16.25,16.25,16,16.1,590300
NKG,2/27/2026 00:00:00,16.2,16.25,15.75,15.8,6.8671e+006
NKG,3/2/2026 00:00:00,15.25,16.15,15.2,15.6,1.27382e+007
