Ticker,Date,Open,High,Low,Close,Volume
PET,9/13/2007 00:00:00,6.97857,6.97857,6.97857,6.97857,132500
PET,9/14/2007 00:00:00,6.66422,7.29292,6.66422,7.04144,553000
PET,9/17/2007 00:00:00,7.04144,7.35579,6.9157,7.35579,240970
PET,9/18/2007 00:00:00,7.67014,7.67014,7.67014,7.67014,98150
PET,9/19/2007 00:00:00,8.04736,8.04736,8.04736,8.04736,105430
PET,9/20/2007 00:00:00,8.42458,8.42458,7.67014,8.42458,528880
PET,9/21/2007 00:00:00,8.8018,8.8018,8.48745,8.67606,527340
PET,9/24/2007 00:00:00,9.05328,9.05328,9.05328,9.05328,174860
PET,9/25/2007 00:00:00,9.49337,9.49337,9.49337,9.49337,37000
PET,9/26/2007 00:00:00,9.93346,9.93346,9.93346,9.93346,69310
PET,9/27/2007 00:00:00,10.3735,10.3735,9.99633,10.3735,501310
PET,9/28/2007 00:00:00,10.8765,10.8765,10.8136,10.8765,388840
PET,10/1/2007 00:00:00,11.3795,11.3795,11.3795,11.3795,65030
PET,10/2/2007 00:00:00,11.9453,11.9453,11.9453,11.9453,135070
PET,10/3/2007 00:00:00,12.5111,12.5111,12.4483,12.5111,546350
PET,10/4/2007 00:00:00,13.077,13.077,12.574,13.077,533540
PET,10/5/2007 00:00:00,12.574,12.6997,12.4483,12.4483,509350
PET,10/8/2007 00:00:00,11.8824,11.8824,11.8824,11.8824,214570
PET,10/9/2007 00:00:00,11.3166,11.3166,11.3166,11.3166,212720
PET,10/10/2007 00:00:00,11.8824,11.8824,11.8824,11.8824,574780
PET,10/11/2007 00:00:00,12.4483,12.4483,12.3225,12.4483,612830
PET,10/12/2007 00:00:00,12.4483,12.5111,12.1339,12.3225,400250
PET,10/15/2007 00:00:00,12.1339,12.3225,12.1339,12.1968,269350
PET,10/16/2007 00:00:00,12.071,12.1339,11.8824,11.8824,277150
PET,10/17/2007 00:00:00,11.8824,12.1968,11.8824,12.071,212740
PET,10/18/2007 00:00:00,12.071,12.1968,11.9453,12.071,259550
PET,10/19/2007 00:00:00,12.071,12.071,11.9453,12.0082,193120
PET,10/22/2007 00:00:00,11.9453,12.0082,11.8196,11.9453,236790
PET,10/23/2007 00:00:00,11.9453,11.9453,11.8196,11.9453,247940
PET,10/24/2007 00:00:00,12.071,12.4483,12.0082,12.4483,415990
PET,10/25/2007 00:00:00,12.4483,12.4483,12.071,12.071,293220
PET,10/26/2007 00:00:00,12.0082,12.071,11.9453,12.071,453200
PET,10/29/2007 00:00:00,12.6142,12.6142,12.6142,12.6142,125580
PET,10/30/2007 00:00:00,13.1579,13.1579,13.1579,13.1579,60430
PET,10/31/2007 00:00:00,13.8103,13.8103,13.8103,13.8103,43830
PET,11/1/2007 00:00:00,14.4628,14.4628,14.4628,14.4628,108260
PET,11/2/2007 00:00:00,15.1153,15.1153,14.4628,14.5716,1.05854e+006
PET,11/5/2007 00:00:00,13.9191,13.9191,13.9191,13.9191,220840
PET,11/6/2007 00:00:00,13.2666,13.2666,13.2666,13.2666,264220
PET,11/7/2007 00:00:00,13.4841,13.9191,13.4841,13.7016,277120
PET,11/8/2007 00:00:00,13.7016,13.8103,13.3754,13.3754,147460
PET,11/9/2007 00:00:00,13.3754,13.4841,13.2666,13.3754,200910
PET,11/12/2007 00:00:00,13.3754,13.3754,13.2666,13.2666,178940
PET,11/13/2007 00:00:00,13.0491,13.1579,12.7229,12.7229,260650
PET,11/14/2007 00:00:00,12.8317,13.2666,12.8317,13.2666,151230
PET,11/15/2007 00:00:00,13.3754,13.3754,13.2666,13.3754,287090
PET,11/16/2007 00:00:00,13.0491,13.2666,12.9404,13.0491,107130
PET,11/19/2007 00:00:00,13.0491,13.0491,12.8317,12.8317,84470
PET,11/20/2007 00:00:00,12.7229,12.8317,12.7229,12.7229,56680
PET,11/21/2007 00:00:00,12.2879,12.6142,12.2879,12.6142,67800
PET,11/22/2007 00:00:00,12.6142,12.8317,12.6142,12.7229,79040
PET,11/23/2007 00:00:00,12.7229,12.8317,12.6142,12.6142,70810
PET,11/26/2007 00:00:00,12.5054,12.7229,12.3967,12.3967,172120
PET,11/27/2007 00:00:00,12.8317,12.8317,12.3967,12.3967,101790
PET,11/28/2007 00:00:00,12.6142,12.6142,12.3967,12.5054,26490
PET,11/29/2007 00:00:00,12.3967,12.5054,12.2879,12.3967,102900
PET,11/30/2007 00:00:00,12.3967,12.3967,12.1792,12.1792,43860
PET,12/3/2007 00:00:00,12.0705,12.3967,12.0705,12.1792,75850
PET,12/4/2007 00:00:00,12.2879,12.3967,12.1792,12.1792,65630
PET,12/5/2007 00:00:00,12.1792,12.1792,12.0705,12.0705,42540
PET,12/6/2007 00:00:00,11.9617,12.0705,11.9617,11.9617,64950
PET,12/7/2007 00:00:00,11.7442,11.853,11.6355,11.7442,59100
PET,12/10/2007 00:00:00,11.6355,11.6355,11.3093,11.3093,47450
PET,12/11/2007 00:00:00,11.0918,11.0918,10.8743,10.983,60240
PET,12/12/2007 00:00:00,10.8743,11.0918,10.6568,11.0918,65370
PET,12/13/2007 00:00:00,11.0918,11.0918,10.8743,10.8743,37030
PET,12/14/2007 00:00:00,10.8743,10.8743,10.7655,10.8308,27100
PET,12/17/2007 00:00:00,10.983,10.983,10.6568,10.6568,51190
PET,12/18/2007 00:00:00,10.6568,11.0918,10.6568,11.0918,93230
PET,12/19/2007 00:00:00,11.6355,11.6355,11.3093,11.6355,68840
PET,12/20/2007 00:00:00,12.1792,12.1792,11.6355,11.7442,173970
PET,12/21/2007 00:00:00,11.7442,12.0705,11.5267,12.0705,108830
PET,12/24/2007 00:00:00,12.0705,12.2879,11.9617,12.1792,122980
PET,12/25/2007 00:00:00,12.1792,12.2879,12.0705,12.2879,119800
PET,12/26/2007 00:00:00,12.2879,12.3967,12.0705,12.2879,88500
PET,12/27/2007 00:00:00,12.1792,12.1792,12.0705,12.0705,44140
PET,12/28/2007 00:00:00,11.853,12.0705,11.853,11.9617,25760
PET,1/2/2008 00:00:00,12.0705,12.0705,11.7442,11.853,26870
PET,1/3/2008 00:00:00,11.6355,11.6355,11.418,11.418,34820
PET,1/4/2008 00:00:00,11.418,11.5267,11.3093,11.3093,48080
PET,1/7/2008 00:00:00,11.0918,11.0918,10.8743,10.8743,55460
PET,1/8/2008 00:00:00,10.8743,11.3093,10.8743,11.0918,69810
PET,1/9/2008 00:00:00,11.0918,11.3093,10.8743,10.8743,61300
PET,1/10/2008 00:00:00,10.4393,10.5481,10.3523,10.4393,87250
PET,1/11/2008 00:00:00,10.4393,10.7655,10.4393,10.6568,49080
PET,1/14/2008 00:00:00,10.5481,10.5481,10.1348,10.1348,49640
PET,1/15/2008 00:00:00,9.63462,9.67812,9.63462,9.63462,87280
PET,1/16/2008 00:00:00,10.1131,10.1131,10.0043,10.1131,55980
PET,1/17/2008 00:00:00,10.6133,10.6133,10.1131,10.2218,146560
PET,1/18/2008 00:00:00,10.3306,10.5481,10.2218,10.5481,63630
PET,1/21/2008 00:00:00,10.4393,10.4393,10.2218,10.4393,30670
PET,1/22/2008 00:00:00,10.0043,10.1131,9.96085,10.0043,60230
PET,1/23/2008 00:00:00,9.50413,9.56938,9.50413,9.50413,70580
PET,1/24/2008 00:00:00,9.56938,9.78686,9.06916,9.06916,80360
PET,1/25/2008 00:00:00,8.69943,9.02566,8.69943,8.91692,76600
PET,1/28/2008 00:00:00,8.48195,8.59069,8.48195,8.48195,178810
PET,1/29/2008 00:00:00,8.3732,8.89517,8.3732,8.89517,132740
PET,1/30/2008 00:00:00,9.33014,9.33014,9.33014,9.33014,35720
PET,1/31/2008 00:00:00,9.78686,9.78686,9.24315,9.78686,412800
PET,2/1/2008 00:00:00,10.2218,10.2653,10.0043,10.2653,241750
PET,2/12/2008 00:00:00,10.6568,10.6568,10.0043,10.4393,177260
PET,2/13/2008 00:00:00,10.2218,10.2218,9.91735,9.91735,149950
PET,2/14/2008 00:00:00,10.2218,10.2218,9.96085,9.96085,126030
PET,2/15/2008 00:00:00,9.78686,9.83036,9.63462,9.67812,99830
PET,2/18/2008 00:00:00,9.19965,9.35189,9.19965,9.19965,163280
PET,2/19/2008 00:00:00,9.02566,9.35189,8.93867,9.24315,145480
PET,2/20/2008 00:00:00,8.78643,9.24315,8.78643,8.78643,182100
PET,2/21/2008 00:00:00,8.35146,8.35146,8.35146,8.35146,62700
PET,2/22/2008 00:00:00,7.93823,7.93823,7.93823,7.93823,218930
PET,2/25/2008 00:00:00,8.32971,8.32971,8.32971,8.32971,116580
PET,2/26/2008 00:00:00,8.69943,8.69943,7.93823,7.93823,305410
PET,2/27/2008 00:00:00,7.95998,8.32971,7.93823,8.04698,193620
PET,2/28/2008 00:00:00,8.22096,8.22096,7.93823,7.93823,141500
PET,2/29/2008 00:00:00,7.72075,7.93823,7.72075,7.7425,135010
PET,3/3/2008 00:00:00,7.39452,7.45976,7.37277,7.37277,154590
PET,3/4/2008 00:00:00,7.02479,7.02479,7.02479,7.02479,20890
PET,3/5/2008 00:00:00,6.67681,6.67681,6.67681,6.67681,22010
PET,3/6/2008 00:00:00,7.00304,7.00304,7.00304,7.00304,73030
PET,3/7/2008 00:00:00,7.35102,7.35102,7.35102,7.35102,23130
PET,3/10/2008 00:00:00,7.699,7.699,7.39452,7.39452,345310
PET,3/11/2008 00:00:00,7.02479,7.15528,7.02479,7.02479,260050
PET,3/12/2008 00:00:00,7.02479,7.37277,7.02479,7.11179,132770
PET,3/13/2008 00:00:00,7.17703,7.17703,7.04654,7.11179,91510
PET,3/14/2008 00:00:00,6.95955,7.02479,6.91605,6.95955,125400
PET,3/17/2008 00:00:00,6.61157,6.63332,6.61157,6.61157,93480
PET,3/18/2008 00:00:00,6.28534,6.28534,6.28534,6.28534,66810
PET,3/19/2008 00:00:00,5.98086,6.52457,5.98086,5.98086,278230
PET,3/20/2008 00:00:00,5.98086,6.15485,5.69813,5.69813,153280
PET,3/21/2008 00:00:00,5.43715,5.54589,5.4154,5.4154,122500
PET,3/24/2008 00:00:00,5.15441,5.15441,5.15441,5.15441,16170
PET,3/25/2008 00:00:00,4.91518,4.91518,4.91518,4.91518,12550
PET,3/26/2008 00:00:00,4.67595,4.89343,4.67595,4.67595,266300
PET,3/27/2008 00:00:00,4.71944,4.71944,4.71944,4.71944,26940
PET,3/28/2008 00:00:00,4.76294,4.76294,4.76294,4.76294,19650
PET,3/31/2008 00:00:00,4.80644,4.80644,4.80644,4.80644,50140
PET,4/1/2008 00:00:00,4.84993,4.84993,4.84993,4.84993,8040
PET,4/2/2008 00:00:00,4.89343,4.89343,4.89343,4.89343,2190
PET,4/3/2008 00:00:00,4.93693,4.93693,4.93693,4.93693,2990
PET,4/4/2008 00:00:00,4.98043,4.98043,4.98043,4.98043,300
PET,4/7/2008 00:00:00,5.06742,5.06742,5.06742,5.06742,15100
PET,4/8/2008 00:00:00,5.15441,5.15441,4.98043,5.02392,340780
PET,4/9/2008 00:00:00,5.00217,5.02392,4.93693,4.93693,118860
PET,4/10/2008 00:00:00,4.84993,4.84993,4.84993,4.84993,13730
PET,4/11/2008 00:00:00,4.76294,4.76294,4.76294,4.76294,9190
PET,4/16/2008 00:00:00,4.67595,4.67595,4.67595,4.67595,10400
PET,4/17/2008 00:00:00,4.58895,4.76294,4.58895,4.76294,107380
PET,4/18/2008 00:00:00,4.67595,4.74119,4.67595,4.67595,88140
PET,4/21/2008 00:00:00,4.58895,4.6107,4.58895,4.58895,88830
PET,4/22/2008 00:00:00,4.50196,4.50196,4.50196,4.50196,11540
PET,4/23/2008 00:00:00,4.41496,4.41496,4.41496,4.41496,14760
PET,4/24/2008 00:00:00,4.32797,4.32797,4.32797,4.32797,62940
PET,4/25/2008 00:00:00,4.26272,4.26272,4.26272,4.26272,28490
PET,4/28/2008 00:00:00,4.19748,4.32797,4.19748,4.32797,163430
PET,4/29/2008 00:00:00,4.39321,4.39321,4.26272,4.26272,88070
PET,5/5/2008 00:00:00,4.19748,4.19748,4.19748,4.19748,18090
PET,5/6/2008 00:00:00,4.13223,4.13223,4.13223,4.13223,3900
PET,5/7/2008 00:00:00,4.06698,4.06698,4.06698,4.06698,35260
PET,5/8/2008 00:00:00,3.99958,3.99958,3.99958,3.99958,30190
PET,5/9/2008 00:00:00,3.93217,3.93217,3.93217,3.93217,2700
PET,5/12/2008 00:00:00,3.86476,3.86476,3.86476,3.86476,2110
PET,5/13/2008 00:00:00,3.79735,3.79735,3.79735,3.79735,1860
PET,5/14/2008 00:00:00,3.72994,3.72994,3.72994,3.72994,1150
PET,5/15/2008 00:00:00,3.66253,3.66253,3.66253,3.66253,4700
PET,5/16/2008 00:00:00,3.59512,3.59512,3.59512,3.59512,25670
PET,5/19/2008 00:00:00,3.52772,3.52772,3.52772,3.52772,39160
PET,5/20/2008 00:00:00,3.46031,3.46031,3.46031,3.46031,7530
PET,5/21/2008 00:00:00,3.3929,3.3929,3.3929,3.3929,39200
PET,5/22/2008 00:00:00,3.32549,3.32549,3.32549,3.32549,36770
PET,5/23/2008 00:00:00,3.28055,3.28055,3.28055,3.28055,13130
PET,5/26/2008 00:00:00,3.23561,3.23561,3.23561,3.23561,6300
PET,5/30/2008 00:00:00,3.19067,3.19067,3.19067,3.19067,49350
PET,6/2/2008 00:00:00,3.14573,3.14573,3.14573,3.14573,9970
PET,6/3/2008 00:00:00,3.1008,3.1008,3.1008,3.1008,30660
PET,6/4/2008 00:00:00,3.05586,3.05586,3.05586,3.05586,45490
PET,6/5/2008 00:00:00,3.01092,3.01092,3.01092,3.01092,44540
PET,6/6/2008 00:00:00,2.96598,2.96598,2.96598,2.96598,53330
PET,6/9/2008 00:00:00,2.92104,2.92104,2.92104,2.92104,40890
PET,6/10/2008 00:00:00,2.8761,2.8761,2.8761,2.8761,15120
PET,6/11/2008 00:00:00,2.83116,2.92104,2.83116,2.92104,161280
PET,6/12/2008 00:00:00,2.96598,2.96598,2.96598,2.96598,77570
PET,6/13/2008 00:00:00,3.01092,3.01092,3.01092,3.01092,9690
PET,6/16/2008 00:00:00,3.05586,3.05586,3.05586,3.05586,5220
PET,6/17/2008 00:00:00,3.1008,3.1008,3.1008,3.1008,6910
PET,6/18/2008 00:00:00,3.14573,3.14573,3.05586,3.14573,636160
PET,6/19/2008 00:00:00,3.05586,3.05586,3.05586,3.05586,63810
PET,6/20/2008 00:00:00,2.96598,2.96598,2.96598,2.96598,34580
PET,6/23/2008 00:00:00,3.03339,3.03339,2.98845,3.03339,181090
PET,6/24/2008 00:00:00,3.12326,3.12326,3.12326,3.12326,39880
PET,6/25/2008 00:00:00,3.21314,3.21314,3.21314,3.21314,18470
PET,6/26/2008 00:00:00,3.30302,3.30302,3.12326,3.30302,747880
PET,6/27/2008 00:00:00,3.25808,3.3929,3.25808,3.3929,240820
PET,6/30/2008 00:00:00,3.48278,3.48278,3.48278,3.48278,35640
PET,7/1/2008 00:00:00,3.57266,3.57266,3.57266,3.57266,11620
PET,7/2/2008 00:00:00,3.66253,3.66253,3.66253,3.66253,18700
PET,7/3/2008 00:00:00,3.75241,3.75241,3.75241,3.75241,4140
PET,7/4/2008 00:00:00,3.86476,3.86476,3.86476,3.86476,29070
PET,7/7/2008 00:00:00,3.97711,3.97711,3.75241,3.97711,563290
PET,7/8/2008 00:00:00,4.08945,4.08945,3.97711,4.08945,576790
PET,7/9/2008 00:00:00,4.2018,4.2018,4.2018,4.2018,12280
PET,7/10/2008 00:00:00,4.31415,4.31415,4.31415,4.31415,2520
PET,7/11/2008 00:00:00,4.4265,4.4265,4.4265,4.4265,5810
PET,7/14/2008 00:00:00,4.53885,4.53885,4.53885,4.53885,7170
PET,7/15/2008 00:00:00,4.67366,4.67366,4.67366,4.67366,13570
PET,7/16/2008 00:00:00,4.80848,4.80848,4.80848,4.80848,252050
PET,7/17/2008 00:00:00,4.9433,4.9433,4.9433,4.9433,211280
PET,7/18/2008 00:00:00,5.07811,5.07811,5.07811,5.07811,434130
PET,7/21/2008 00:00:00,5.21293,5.21293,4.9433,4.9433,799080
PET,7/22/2008 00:00:00,4.83095,4.83095,4.80848,4.80848,14820
PET,7/23/2008 00:00:00,4.67366,4.67366,4.67366,4.67366,3770
PET,7/24/2008 00:00:00,4.80848,4.80848,4.53885,4.7186,894740
PET,7/25/2008 00:00:00,4.85342,4.85342,4.76354,4.85342,375270
PET,7/28/2008 00:00:00,4.98824,4.98824,4.98824,4.98824,344550
PET,7/29/2008 00:00:00,5.12305,5.12305,5.12305,5.12305,500620
PET,7/30/2008 00:00:00,5.25787,5.25787,5.12305,5.25787,758460
PET,7/31/2008 00:00:00,5.41516,5.41516,5.19046,5.41516,699310
PET,8/1/2008 00:00:00,5.57244,5.57244,5.57244,5.57244,97010
PET,8/4/2008 00:00:00,5.41516,5.41516,5.41516,5.41516,652690
PET,8/5/2008 00:00:00,5.25787,5.25787,5.25787,5.25787,282170
PET,8/6/2008 00:00:00,5.10058,5.41516,5.10058,5.12305,919370
PET,8/7/2008 00:00:00,5.25787,5.25787,5.16799,5.25787,308570
PET,8/8/2008 00:00:00,5.28034,5.39269,5.21293,5.39269,234170
PET,8/11/2008 00:00:00,5.54997,5.54997,5.5275,5.54997,288890
PET,8/12/2008 00:00:00,5.70726,5.70726,5.39269,5.4601,433370
PET,8/13/2008 00:00:00,5.34775,5.61738,5.30281,5.61738,680960
PET,8/14/2008 00:00:00,5.77467,5.77467,5.72973,5.77467,417610
PET,8/15/2008 00:00:00,5.93196,5.93196,5.93196,5.93196,69840
PET,8/18/2008 00:00:00,6.22406,6.22406,6.22406,6.22406,110170
PET,8/19/2008 00:00:00,6.51616,6.51616,6.08924,6.40382,905410
PET,8/20/2008 00:00:00,6.08924,6.40382,6.08924,6.08924,466480
PET,8/21/2008 00:00:00,5.81961,6.38135,5.81961,6.38135,478380
PET,8/22/2008 00:00:00,6.69592,6.69592,6.44875,6.62851,350960
PET,8/25/2008 00:00:00,6.92062,6.94308,6.87568,6.94308,231470
PET,8/26/2008 00:00:00,7.28013,7.28013,7.28013,7.28013,41970
PET,8/27/2008 00:00:00,7.63964,7.63964,7.48235,7.63964,638240
PET,8/28/2008 00:00:00,7.25766,7.25766,7.25766,7.25766,96570
PET,8/29/2008 00:00:00,6.89815,6.89815,6.89815,6.89815,94130
PET,9/3/2008 00:00:00,7.23519,7.23519,7.23519,7.23519,118510
PET,9/4/2008 00:00:00,6.89815,7.19025,6.87568,7.0779,391830
PET,9/5/2008 00:00:00,7.10037,7.19025,6.74086,6.74086,411450
PET,9/8/2008 00:00:00,6.74086,7.0779,6.40382,7.0779,471710
PET,9/9/2008 00:00:00,7.41494,7.41494,7.0779,7.0779,318430
PET,9/10/2008 00:00:00,6.76333,7.0779,6.74086,6.74086,123040
PET,9/11/2008 00:00:00,6.40382,6.51616,6.40382,6.40382,175870
PET,9/12/2008 00:00:00,6.08924,6.08924,6.08924,6.08924,29120
PET,9/15/2008 00:00:00,5.79714,6.38135,5.79714,5.84208,349010
PET,9/16/2008 00:00:00,5.54997,5.54997,5.54997,5.54997,103760
PET,9/17/2008 00:00:00,5.28034,5.28034,5.28034,5.28034,36390
PET,9/18/2008 00:00:00,5.03317,5.03317,5.03317,5.03317,20160
PET,9/19/2008 00:00:00,5.03317,5.28034,5.03317,5.28034,231130
PET,9/22/2008 00:00:00,5.5275,5.5275,5.5275,5.5275,4120
PET,9/23/2008 00:00:00,5.28034,5.79714,5.28034,5.28034,394900
PET,9/24/2008 00:00:00,5.28034,5.50503,5.14552,5.50503,174560
PET,9/25/2008 00:00:00,5.50503,5.77467,5.39269,5.77467,174120
PET,9/26/2008 00:00:00,6.0443,6.0443,5.72973,6.02183,193760
PET,9/29/2008 00:00:00,5.77467,5.95443,5.72973,5.72973,219920
PET,9/30/2008 00:00:00,5.4601,5.4601,5.4601,5.4601,4390
PET,10/1/2008 00:00:00,5.70726,5.70726,5.21293,5.21293,249910
PET,10/2/2008 00:00:00,5.4601,5.4601,5.28034,5.4601,145080
PET,10/3/2008 00:00:00,5.4601,5.59491,5.4601,5.5275,66230
PET,10/6/2008 00:00:00,5.25787,5.30281,5.25787,5.25787,88190
PET,10/7/2008 00:00:00,5.0107,5.0107,5.0107,5.0107,8220
PET,10/8/2008 00:00:00,4.76354,4.76354,4.76354,4.76354,55610
PET,10/9/2008 00:00:00,4.53885,4.9433,4.53885,4.53885,249490
PET,10/10/2008 00:00:00,4.31415,4.31415,4.31415,4.31415,68460
PET,10/13/2008 00:00:00,4.31415,4.49391,4.11192,4.13439,118560
PET,10/14/2008 00:00:00,4.33662,4.33662,4.33662,4.33662,16010
PET,10/15/2008 00:00:00,4.53885,4.53885,4.33662,4.53885,267270
PET,10/16/2008 00:00:00,4.31415,4.53885,4.31415,4.38156,97910
PET,10/17/2008 00:00:00,4.49391,4.49391,4.38156,4.47144,79780
PET,10/20/2008 00:00:00,4.33662,4.38156,4.26921,4.26921,98410
PET,10/21/2008 00:00:00,4.47144,4.47144,4.35909,4.44897,84620
PET,10/22/2008 00:00:00,4.26921,4.4265,4.26921,4.38156,38290
PET,10/23/2008 00:00:00,4.17933,4.22427,4.17933,4.17933,100540
PET,10/24/2008 00:00:00,3.97711,4.04452,3.97711,3.97711,95000
PET,10/27/2008 00:00:00,3.79735,3.79735,3.79735,3.79735,15430
PET,10/28/2008 00:00:00,3.61759,3.61759,3.61759,3.61759,75620
PET,10/29/2008 00:00:00,3.79735,3.79735,3.59512,3.79735,171960
PET,10/30/2008 00:00:00,3.88723,3.93217,3.66253,3.93217,105730
PET,10/31/2008 00:00:00,4.04452,4.11192,3.97711,4.11192,100320
PET,11/3/2008 00:00:00,4.11192,4.17933,3.97711,4.11192,115570
PET,11/4/2008 00:00:00,4.11192,4.31415,4.04452,4.31415,114940
PET,11/5/2008 00:00:00,4.51638,4.51638,4.51638,4.51638,28220
PET,11/6/2008 00:00:00,4.29168,4.74107,4.29168,4.74107,424250
PET,11/7/2008 00:00:00,4.51638,4.7186,4.51638,4.51638,72920
PET,11/10/2008 00:00:00,4.51638,4.51638,4.31415,4.31415,101150
PET,11/11/2008 00:00:00,4.13439,4.17933,4.11192,4.11192,223760
PET,11/12/2008 00:00:00,3.9097,3.9097,3.9097,3.9097,83880
PET,11/13/2008 00:00:00,3.75241,4.04452,3.75241,3.9097,114080
PET,11/14/2008 00:00:00,4.02205,4.04452,3.93217,3.95464,133870
PET,11/17/2008 00:00:00,3.86476,3.93217,3.81982,3.86476,74550
PET,11/18/2008 00:00:00,3.70747,3.81982,3.70747,3.72994,82610
PET,11/19/2008 00:00:00,3.72994,3.79735,3.72994,3.75241,88130
PET,11/20/2008 00:00:00,3.66253,3.72994,3.59512,3.61759,74100
PET,11/21/2008 00:00:00,3.43784,3.52772,3.43784,3.43784,155910
PET,11/24/2008 00:00:00,3.28055,3.46031,3.28055,3.30302,291340
PET,11/25/2008 00:00:00,3.37043,3.37043,3.32549,3.37043,204690
PET,11/26/2008 00:00:00,3.32549,3.34796,3.21314,3.21314,133080
PET,11/27/2008 00:00:00,3.14573,3.19067,3.05586,3.05586,131140
PET,11/28/2008 00:00:00,3.19067,3.19067,3.14573,3.19067,325370
PET,12/1/2008 00:00:00,3.19067,3.23561,3.07833,3.14573,117450
PET,12/2/2008 00:00:00,3.01092,3.07833,2.98845,2.98845,128040
PET,12/3/2008 00:00:00,3.03339,3.1008,2.98845,3.1008,76070
PET,12/4/2008 00:00:00,3.19067,3.23561,3.14573,3.23561,206840
PET,12/5/2008 00:00:00,3.23561,3.23561,3.1008,3.12326,85630
PET,12/8/2008 00:00:00,3.01092,3.1008,2.98845,2.98845,85110
PET,12/9/2008 00:00:00,2.98845,3.12326,2.98845,3.12326,101560
PET,12/10/2008 00:00:00,3.12326,3.12326,3.01092,3.03339,49540
PET,12/11/2008 00:00:00,3.03339,3.1008,3.03339,3.07833,75340
PET,12/12/2008 00:00:00,3.21314,3.21314,3.1682,3.21314,128380
PET,12/15/2008 00:00:00,3.37043,3.37043,3.14573,3.37043,147710
PET,12/16/2008 00:00:00,3.25808,3.25808,3.21314,3.21314,55750
PET,12/17/2008 00:00:00,3.21314,3.30302,3.1008,3.21314,77980
PET,12/18/2008 00:00:00,3.14573,3.23561,3.1008,3.14573,82110
PET,12/19/2008 00:00:00,3.14573,3.30302,3.14573,3.30302,209690
PET,12/22/2008 00:00:00,3.46031,3.46031,3.37043,3.46031,258030
PET,12/23/2008 00:00:00,3.34796,3.34796,3.30302,3.32549,164430
PET,12/24/2008 00:00:00,3.32549,3.32549,3.23561,3.25808,47470
PET,12/25/2008 00:00:00,3.28055,3.32549,3.19067,3.21314,43500
PET,12/26/2008 00:00:00,3.1682,3.28055,3.1682,3.25808,54130
PET,12/29/2008 00:00:00,3.21314,3.28055,3.21314,3.21314,77820
PET,12/30/2008 00:00:00,3.21314,3.32549,3.21314,3.28055,105740
PET,12/31/2008 00:00:00,3.28055,3.28055,3.19067,3.19067,60460
PET,1/2/2009 00:00:00,3.19067,3.25808,3.19067,3.21314,45330
PET,1/5/2009 00:00:00,3.21314,3.21314,3.14573,3.21314,25160
PET,1/6/2009 00:00:00,3.21314,3.28055,3.21314,3.25808,79210
PET,1/7/2009 00:00:00,3.37043,3.37043,3.28055,3.32549,104010
PET,1/8/2009 00:00:00,3.28055,3.30302,3.23561,3.23561,33080
PET,1/9/2009 00:00:00,3.23561,3.25808,3.21314,3.21314,18740
PET,1/12/2009 00:00:00,3.1682,3.21314,3.1682,3.1682,36230
PET,1/13/2009 00:00:00,3.14573,3.19067,3.1008,3.12326,80890
PET,1/14/2009 00:00:00,3.12326,3.1682,3.12326,3.14573,51700
PET,1/15/2009 00:00:00,3.14573,3.14573,3.1008,3.1008,33470
PET,1/16/2009 00:00:00,3.1008,3.14573,3.1008,3.12326,52210
PET,1/19/2009 00:00:00,3.12326,3.12326,3.1008,3.1008,43110
PET,1/20/2009 00:00:00,3.1008,3.1008,3.05586,3.07833,34370
PET,1/21/2009 00:00:00,3.07833,3.07833,3.03339,3.03339,45330
PET,1/22/2009 00:00:00,3.1008,3.1008,3.05586,3.07833,37410
PET,1/23/2009 00:00:00,3.07833,3.14573,3.07833,3.1008,41210
PET,2/2/2009 00:00:00,3.03339,3.05586,3.01092,3.01092,33030
PET,2/3/2009 00:00:00,2.94351,2.98845,2.89857,2.92104,64420
PET,2/4/2009 00:00:00,2.8761,2.94351,2.8761,2.89857,44190
PET,2/5/2009 00:00:00,2.89857,2.89857,2.76375,2.76375,87430
PET,2/6/2009 00:00:00,2.76375,2.80869,2.76375,2.80869,57700
PET,2/9/2009 00:00:00,2.92104,2.94351,2.8761,2.94351,57970
PET,2/10/2009 00:00:00,2.8761,2.8761,2.80869,2.83116,42840
PET,2/11/2009 00:00:00,2.76375,2.78622,2.74128,2.76375,25150
PET,2/12/2009 00:00:00,2.74128,2.78622,2.69634,2.69634,125640
PET,2/13/2009 00:00:00,2.69634,2.76375,2.69634,2.76375,97790
PET,2/16/2009 00:00:00,2.76375,2.76375,2.69634,2.69634,32650
PET,2/17/2009 00:00:00,2.6514,2.67387,2.56153,2.56153,128670
PET,2/18/2009 00:00:00,2.44918,2.47165,2.44918,2.44918,175960
PET,2/19/2009 00:00:00,2.49412,2.53906,2.3593,2.44918,73490
PET,2/20/2009 00:00:00,2.47165,2.47165,2.38177,2.44918,38020
PET,2/23/2009 00:00:00,2.44918,2.44918,2.33683,2.33683,81140
PET,2/24/2009 00:00:00,2.24695,2.26942,2.22448,2.24695,161530
PET,2/25/2009 00:00:00,2.3593,2.3593,2.33683,2.3593,82530
PET,2/26/2009 00:00:00,2.40424,2.42671,2.31436,2.40424,162990
PET,2/27/2009 00:00:00,2.3593,2.49412,2.3593,2.47165,51850
PET,3/2/2009 00:00:00,2.40424,2.49412,2.40424,2.47165,33830
PET,3/3/2009 00:00:00,2.3593,2.42671,2.3593,2.40424,63090
PET,3/4/2009 00:00:00,2.40424,2.44918,2.40424,2.42671,18290
PET,3/5/2009 00:00:00,2.44918,2.49412,2.44918,2.47165,55060
PET,3/6/2009 00:00:00,2.40424,2.44918,2.38177,2.38177,38400
PET,3/9/2009 00:00:00,2.38177,2.44918,2.38177,2.42671,43970
PET,3/10/2009 00:00:00,2.47165,2.53906,2.44918,2.53906,140790
PET,3/11/2009 00:00:00,2.6514,2.6514,2.584,2.6514,100910
PET,3/12/2009 00:00:00,2.62893,2.76375,2.53906,2.69634,193150
PET,3/13/2009 00:00:00,2.74128,2.76375,2.67387,2.67387,95870
PET,3/16/2009 00:00:00,2.67387,2.71881,2.67387,2.71881,99160
PET,3/17/2009 00:00:00,2.76375,2.85363,2.76375,2.85363,165480
PET,3/18/2009 00:00:00,2.98845,2.98845,2.92104,2.98845,245800
PET,3/19/2009 00:00:00,2.89857,3.03339,2.85363,2.85363,176570
PET,3/20/2009 00:00:00,2.78622,2.98845,2.78622,2.98845,282500
PET,3/23/2009 00:00:00,3.12326,3.12326,2.98845,3.12326,537250
PET,3/24/2009 00:00:00,3.25808,3.25808,3.25808,3.25808,89560
PET,3/25/2009 00:00:00,3.1682,3.41537,3.1682,3.41537,532950
PET,3/26/2009 00:00:00,3.37043,3.48278,3.37043,3.37043,323250
PET,3/27/2009 00:00:00,3.43784,3.43784,3.23561,3.23561,421190
PET,3/30/2009 00:00:00,3.1682,3.25808,3.14573,3.1682,157400
PET,3/31/2009 00:00:00,3.1682,3.25808,3.1682,3.25808,169150
PET,4/1/2009 00:00:00,3.37043,3.41537,3.34796,3.3929,211810
PET,4/2/2009 00:00:00,3.48278,3.48278,3.3929,3.48278,324970
PET,4/3/2009 00:00:00,3.64006,3.64006,3.59512,3.64006,308080
PET,4/7/2009 00:00:00,3.685,3.81982,3.64006,3.81982,424280
PET,4/8/2009 00:00:00,3.75241,3.99958,3.685,3.72994,361500
PET,4/9/2009 00:00:00,3.77488,3.81982,3.70747,3.70747,261880
PET,4/10/2009 00:00:00,3.88723,3.88723,3.86476,3.88723,243820
PET,4/13/2009 00:00:00,4.06698,4.06698,4.06698,4.06698,79800
PET,4/14/2009 00:00:00,4.15686,4.26921,4.04452,4.26921,500020
PET,4/15/2009 00:00:00,4.13439,4.38156,4.06698,4.11192,376150
PET,4/16/2009 00:00:00,4.22427,4.22427,4.08945,4.15686,355950
PET,4/17/2009 00:00:00,3.99958,4.04452,3.95464,3.95464,276670
PET,4/20/2009 00:00:00,3.77488,3.77488,3.77488,3.77488,19870
PET,4/21/2009 00:00:00,3.59512,3.59512,3.59512,3.59512,59000
PET,4/22/2009 00:00:00,3.75241,3.75241,3.55019,3.70747,263590
PET,4/23/2009 00:00:00,3.70747,3.77488,3.59512,3.59512,170730
PET,4/24/2009 00:00:00,3.48278,3.57266,3.41537,3.41537,250840
PET,4/27/2009 00:00:00,3.57266,3.57266,3.57266,3.57266,18620
PET,4/28/2009 00:00:00,3.72994,3.72994,3.57266,3.72994,283740
PET,4/29/2009 00:00:00,3.72994,3.79735,3.66253,3.79735,160360
PET,5/4/2009 00:00:00,3.97711,3.97711,3.97711,3.97711,86140
PET,5/5/2009 00:00:00,4.15686,4.15686,4.15686,4.15686,343320
PET,5/6/2009 00:00:00,4.0381,4.15686,3.96684,4.06185,192070
PET,5/7/2009 00:00:00,4.15686,4.15686,4.0381,4.0381,326120
PET,5/8/2009 00:00:00,4.0381,4.18062,4.0381,4.0381,266340
PET,5/11/2009 00:00:00,4.15686,4.15686,4.0381,4.13311,372170
PET,5/12/2009 00:00:00,4.0381,4.32314,4.0381,4.32314,506410
PET,5/13/2009 00:00:00,4.32314,4.51317,4.18062,4.18062,417420
PET,5/14/2009 00:00:00,4.18062,4.27563,4.18062,4.27563,276100
PET,5/15/2009 00:00:00,4.34689,4.48941,4.32314,4.48941,587800
PET,5/18/2009 00:00:00,4.48941,4.70319,4.46566,4.70319,891730
PET,5/19/2009 00:00:00,4.91698,4.91698,4.91698,4.91698,388260
PET,5/20/2009 00:00:00,5.15451,5.15451,5.15451,5.15451,151240
PET,5/21/2009 00:00:00,5.39205,5.39205,5.34454,5.39205,556550
PET,5/22/2009 00:00:00,5.13076,5.22577,5.13076,5.13076,413440
PET,5/25/2009 00:00:00,5.20202,5.36829,5.107,5.34454,859400
PET,5/26/2009 00:00:00,5.53457,5.53457,5.107,5.24952,1.03504e+006
PET,5/27/2009 00:00:00,5.46331,5.46331,5.15451,5.20202,862260
PET,5/28/2009 00:00:00,4.96448,5.0595,4.96448,4.96448,341970
PET,5/29/2009 00:00:00,4.98824,4.98824,4.72695,4.82196,682420
PET,6/1/2009 00:00:00,5.03574,5.0595,4.98824,5.0595,260880
PET,6/2/2009 00:00:00,5.29703,5.29703,5.29703,5.29703,42730
PET,6/3/2009 00:00:00,5.55832,5.55832,5.55832,5.55832,408340
PET,6/4/2009 00:00:00,5.81961,5.81961,5.70084,5.81961,1.24196e+006
PET,6/5/2009 00:00:00,6.10465,6.10465,6.05714,6.10465,754830
PET,6/8/2009 00:00:00,6.38969,6.38969,6.29468,6.38969,762580
PET,6/9/2009 00:00:00,6.41345,6.46095,6.17591,6.38969,1.22483e+006
PET,6/10/2009 00:00:00,6.0809,6.0809,6.0809,6.0809,202700
PET,6/11/2009 00:00:00,5.79585,6.27092,5.79585,6.19966,1.20658e+006
PET,6/12/2009 00:00:00,6.24717,6.24717,5.89087,5.89087,792780
PET,6/15/2009 00:00:00,5.60583,5.60583,5.60583,5.60583,152940
PET,6/16/2009 00:00:00,5.34454,5.34454,5.34454,5.34454,57270
PET,6/17/2009 00:00:00,5.08325,5.08325,5.08325,5.08325,106020
PET,6/18/2009 00:00:00,5.20202,5.22577,4.98824,5.15451,639840
PET,6/19/2009 00:00:00,5.39205,5.39205,4.91698,5.29703,645180
PET,6/22/2009 00:00:00,5.03574,5.22577,5.03574,5.03574,190740
PET,6/23/2009 00:00:00,4.79821,4.79821,4.79821,4.79821,61540
PET,6/24/2009 00:00:00,4.7507,5.03574,4.7507,5.03574,495360
PET,6/25/2009 00:00:00,5.107,5.107,4.82196,4.89322,252620
PET,6/26/2009 00:00:00,4.77445,4.98824,4.77445,4.86947,143580
PET,6/29/2009 00:00:00,4.82196,4.86947,4.7507,4.7507,194920
PET,6/30/2009 00:00:00,4.72695,4.72695,4.51317,4.51317,335490
PET,7/1/2009 00:00:00,4.29938,4.29938,4.29938,4.29938,121270
PET,7/2/2009 00:00:00,4.29938,4.37064,4.0856,4.29938,320360
PET,7/3/2009 00:00:00,4.0856,4.29938,4.0856,4.27563,223060
PET,7/6/2009 00:00:00,4.48941,4.48941,4.48941,4.48941,39390
PET,7/7/2009 00:00:00,4.70319,4.70319,4.70319,4.70319,24850
PET,7/8/2009 00:00:00,4.91698,4.91698,4.84571,4.91698,654980
PET,7/9/2009 00:00:00,5.08325,5.08325,4.84571,4.91698,357300
PET,7/10/2009 00:00:00,4.86947,4.86947,4.67944,4.72695,238680
PET,7/13/2009 00:00:00,4.65569,4.70319,4.51317,4.51317,177420
PET,7/14/2009 00:00:00,4.46566,4.56067,4.29938,4.34689,293850
PET,7/15/2009 00:00:00,4.41815,4.56067,4.41815,4.51317,188090
PET,7/16/2009 00:00:00,4.72695,4.72695,4.51317,4.65569,180080
PET,7/17/2009 00:00:00,4.56067,4.60818,4.51317,4.56067,102520
PET,7/20/2009 00:00:00,4.3944,4.41815,4.34689,4.3944,191310
PET,7/21/2009 00:00:00,4.3944,4.58443,4.3944,4.44191,142870
PET,7/22/2009 00:00:00,4.56067,4.56067,4.46566,4.46566,124060
PET,7/23/2009 00:00:00,4.46566,4.67944,4.46566,4.67944,212240
PET,7/24/2009 00:00:00,4.89322,4.89322,4.89322,4.89322,181110
PET,7/27/2009 00:00:00,5.13076,5.13076,4.98824,5.13076,666660
PET,7/28/2009 00:00:00,5.15451,5.36829,5.03574,5.22577,1.15596e+006
PET,7/29/2009 00:00:00,5.43955,5.43955,5.13076,5.20202,428430
PET,7/30/2009 00:00:00,5.0595,5.20202,4.96448,5.20202,490900
PET,7/31/2009 00:00:00,5.22577,5.43955,5.22577,5.43955,635450
PET,8/3/2009 00:00:00,5.46331,5.67709,5.36829,5.51081,702280
PET,8/4/2009 00:00:00,5.65333,5.67709,5.53457,5.67709,465900
PET,8/5/2009 00:00:00,5.62958,5.65333,5.53457,5.58207,409180
PET,8/6/2009 00:00:00,5.55832,5.67709,5.53457,5.53457,539960
PET,8/7/2009 00:00:00,5.53457,5.67709,5.51081,5.58207,355000
PET,8/10/2009 00:00:00,5.67709,5.84336,5.60583,5.7721,689940
PET,8/11/2009 00:00:00,5.7721,5.79585,5.70084,5.7721,362810
PET,8/12/2009 00:00:00,5.93838,6.05714,5.89087,6.05714,1.24078e+006
PET,8/13/2009 00:00:00,6.34219,6.34219,6.29468,6.34219,1.27559e+006
PET,8/14/2009 00:00:00,6.29468,6.36594,6.10465,6.1284,870590
PET,8/17/2009 00:00:00,6.0809,6.29468,6.0809,6.22342,805550
PET,8/18/2009 00:00:00,6.34219,6.53221,6.24717,6.53221,1.49937e+006
PET,8/19/2009 00:00:00,6.84101,6.84101,6.84101,6.84101,292130
PET,8/20/2009 00:00:00,7.17356,7.17356,7.03104,7.17356,2.81714e+006
PET,8/21/2009 00:00:00,7.52986,7.52986,6.81726,7.12605,1.52663e+006
PET,8/24/2009 00:00:00,7.12605,7.12605,6.81726,6.86476,1.1322e+006
PET,8/25/2009 00:00:00,6.88852,7.00728,6.67473,6.7935,924880
PET,8/26/2009 00:00:00,6.74599,7.12605,6.74599,7.12605,1.40264e+006
PET,8/27/2009 00:00:00,7.22106,7.36359,7.12605,7.31608,1.26556e+006
PET,8/28/2009 00:00:00,7.33983,7.33983,7.12605,7.31608,889130
PET,8/31/2009 00:00:00,7.48235,7.48235,7.24482,7.36359,973140
PET,9/1/2009 00:00:00,7.12605,7.36359,7.05479,7.07854,680930
PET,9/3/2009 00:00:00,6.84101,7.05479,6.84101,6.86476,583830
PET,9/4/2009 00:00:00,7.00728,7.00728,6.60347,6.65098,884910
PET,9/7/2009 00:00:00,6.46095,6.62723,6.34219,6.46095,792280
PET,9/8/2009 00:00:00,6.69849,6.76975,6.53221,6.76975,654890
PET,9/9/2009 00:00:00,6.95978,7.00728,6.7935,6.7935,609470
PET,9/10/2009 00:00:00,6.7935,6.7935,6.57972,6.69849,389060
PET,9/11/2009 00:00:00,6.72224,6.74599,6.65098,6.65098,694380
PET,9/14/2009 00:00:00,6.65098,6.74599,6.60347,6.62723,473750
PET,9/15/2009 00:00:00,6.62723,6.65098,6.4372,6.53221,492260
PET,9/16/2009 00:00:00,6.53221,6.84101,6.48471,6.65098,923330
PET,9/17/2009 00:00:00,6.67473,6.72224,6.53221,6.62723,303730
PET,9/18/2009 00:00:00,6.60347,6.65098,6.53221,6.60347,394230
PET,9/21/2009 00:00:00,6.60347,6.74599,6.55597,6.55597,565190
PET,9/22/2009 00:00:00,6.48471,6.57972,6.46095,6.57972,703110
PET,9/23/2009 00:00:00,6.81726,6.88852,6.7935,6.88852,1.30031e+006
PET,9/24/2009 00:00:00,7.22106,7.22106,7.05479,7.22106,2.30912e+006
PET,9/25/2009 00:00:00,7.22106,7.48235,7.17356,7.38734,1.90727e+006
PET,9/28/2009 00:00:00,7.74364,7.74364,7.64863,7.74364,2.52739e+006
PET,9/29/2009 00:00:00,8.09994,8.1237,7.88616,8.1237,1.54784e+006
PET,9/30/2009 00:00:00,7.71989,8.05244,7.71989,7.71989,1.47386e+006
PET,10/1/2009 00:00:00,7.43485,7.60112,7.33983,7.33983,1.24244e+006
PET,10/2/2009 00:00:00,6.98353,7.05479,6.98353,6.98353,850650
PET,10/5/2009 00:00:00,7.07854,7.12605,6.65098,6.88852,873830
PET,10/6/2009 00:00:00,6.88852,7.03104,6.76975,7.00728,856390
PET,10/7/2009 00:00:00,7.1498,7.33983,7.07854,7.33983,637760
PET,10/8/2009 00:00:00,7.29233,7.4586,7.07854,7.31608,738510
PET,10/9/2009 00:00:00,7.36359,7.36359,7.17356,7.19731,848960
PET,10/12/2009 00:00:00,7.26857,7.55361,7.17356,7.52986,1.65571e+006
PET,10/13/2009 00:00:00,7.29233,7.52986,7.19731,7.19731,1.0278e+006
PET,10/14/2009 00:00:00,7.19731,7.36359,7.12605,7.36359,940840
PET,10/15/2009 00:00:00,7.71989,7.71989,7.57737,7.71989,1.42433e+006
PET,10/16/2009 00:00:00,7.60112,7.95742,7.55361,7.71989,1.73917e+006
PET,10/19/2009 00:00:00,7.60112,7.74364,7.55361,7.55361,603220
PET,10/20/2009 00:00:00,7.60112,7.7674,7.55361,7.74364,1.22449e+006
PET,10/21/2009 00:00:00,7.71989,7.90992,7.64863,7.88616,1.38623e+006
PET,10/22/2009 00:00:00,7.90992,7.90992,7.69614,7.7674,635550
PET,10/23/2009 00:00:00,7.8149,7.83866,7.57737,7.57737,1.23188e+006
PET,10/26/2009 00:00:00,7.55361,7.71989,7.36359,7.4586,938990
PET,10/27/2009 00:00:00,7.24482,7.29233,7.1023,7.1023,685800
PET,10/28/2009 00:00:00,7.1498,7.36359,7.1023,7.36359,506080
PET,10/29/2009 00:00:00,7.00728,7.12605,7.00728,7.00728,420500
PET,10/30/2009 00:00:00,7.12605,7.24482,6.98353,7.03104,303130
PET,11/2/2009 00:00:00,6.72224,6.76975,6.69849,6.69849,240660
PET,11/3/2009 00:00:00,6.69849,6.69849,6.36594,6.36594,301860
PET,11/4/2009 00:00:00,6.17591,6.53221,6.10465,6.17591,403290
PET,11/5/2009 00:00:00,6.22342,6.48471,6.17591,6.48471,367440
PET,11/6/2009 00:00:00,6.74599,6.74599,6.36594,6.36594,264660
PET,11/9/2009 00:00:00,6.22342,6.34219,6.05714,6.05714,342240
PET,11/10/2009 00:00:00,6.27092,6.27092,5.7721,5.89087,425120
PET,11/11/2009 00:00:00,5.89087,6.0809,5.86712,6.0809,343730
PET,11/12/2009 00:00:00,6.17591,6.36594,6.10465,6.31843,408610
PET,11/13/2009 00:00:00,6.17591,6.36594,6.1284,6.34219,211030
PET,11/16/2009 00:00:00,6.36594,6.53221,6.29468,6.29468,399050
PET,11/17/2009 00:00:00,6.36594,6.36594,6.19966,6.29468,327080
PET,11/18/2009 00:00:00,6.29468,6.31843,6.17591,6.31843,223020
PET,11/19/2009 00:00:00,6.19966,6.50846,6.19966,6.46095,333180
PET,11/20/2009 00:00:00,6.46095,6.76975,6.46095,6.65098,1.07353e+006
PET,11/23/2009 00:00:00,6.62723,6.65098,6.31843,6.31843,419670
PET,11/24/2009 00:00:00,6.31843,6.41345,6.15216,6.19966,389740
PET,11/25/2009 00:00:00,6.1284,6.1284,5.89087,5.89087,415940
PET,11/26/2009 00:00:00,5.60583,5.62958,5.60583,5.60583,192820
PET,11/27/2009 00:00:00,5.34454,5.86712,5.34454,5.58207,525530
PET,11/30/2009 00:00:00,5.58207,5.81961,5.58207,5.81961,245350
PET,12/1/2009 00:00:00,5.93838,6.0809,5.91462,5.93838,292220
PET,12/2/2009 00:00:00,5.72459,5.93838,5.65333,5.65333,252830
PET,12/3/2009 00:00:00,5.67709,5.70084,5.39205,5.55832,281960
PET,12/4/2009 00:00:00,5.58207,5.60583,5.46331,5.53457,142860
PET,12/7/2009 00:00:00,5.53457,5.58207,5.43955,5.53457,166520
PET,12/8/2009 00:00:00,5.53457,5.53457,5.34454,5.43955,161840
PET,12/9/2009 00:00:00,5.17826,5.22577,5.17826,5.17826,358670
PET,12/10/2009 00:00:00,5.29703,5.29703,4.94073,4.94073,297070
PET,12/11/2009 00:00:00,4.82196,4.84571,4.70319,4.70319,280990
PET,12/14/2009 00:00:00,4.67944,4.84571,4.51317,4.82196,636250
PET,12/15/2009 00:00:00,4.67944,4.82196,4.63193,4.70319,222570
PET,12/16/2009 00:00:00,4.48941,4.58443,4.48941,4.48941,372950
PET,12/17/2009 00:00:00,4.27563,4.51317,4.27563,4.32314,374890
PET,12/18/2009 00:00:00,4.3944,4.53692,4.3944,4.53692,872310
PET,12/21/2009 00:00:00,4.72695,4.7507,4.70319,4.7507,242660
PET,12/22/2009 00:00:00,4.96448,4.98824,4.77445,4.94073,705740
PET,12/23/2009 00:00:00,4.86947,5.107,4.86947,4.98824,299100
PET,12/24/2009 00:00:00,4.98824,5.22577,4.86947,5.22577,572590
PET,12/25/2009 00:00:00,5.48706,5.48706,5.48706,5.48706,132820
PET,12/28/2009 00:00:00,5.58207,5.72459,5.4158,5.46331,878220
PET,12/29/2009 00:00:00,5.4158,5.58207,5.39205,5.4158,401430
PET,12/30/2009 00:00:00,5.4158,5.62958,5.4158,5.51081,554540
PET,12/31/2009 00:00:00,5.62958,5.65333,5.46331,5.46331,653010
PET,1/4/2010 00:00:00,5.60583,5.72459,5.60583,5.72459,500820
PET,1/5/2010 00:00:00,6.00964,6.00964,5.74835,5.89087,669170
PET,1/6/2010 00:00:00,5.7721,5.96213,5.74835,5.79585,443740
PET,1/7/2010 00:00:00,5.7721,5.89087,5.70084,5.79585,714740
PET,1/8/2010 00:00:00,6.00964,6.00964,5.51081,5.51081,609540
PET,1/11/2010 00:00:00,5.65333,5.7721,5.62958,5.7721,1.15255e+006
PET,1/12/2010 00:00:00,5.7721,5.93838,5.58207,5.58207,633460
PET,1/13/2010 00:00:00,5.58207,5.7721,5.34454,5.7721,390420
PET,1/14/2010 00:00:00,5.84336,5.86712,5.70084,5.70084,260200
PET,1/15/2010 00:00:00,5.65333,5.67709,5.43955,5.46331,455950
PET,1/18/2010 00:00:00,5.36829,5.43955,5.20202,5.20202,613600
PET,1/19/2010 00:00:00,5.20202,5.29703,5.107,5.20202,397160
PET,1/20/2010 00:00:00,5.22577,5.27328,4.96448,4.98824,320370
PET,1/21/2010 00:00:00,4.89322,5.0595,4.7507,4.7507,446870
PET,1/22/2010 00:00:00,4.67944,4.91698,4.63193,4.79821,301200
PET,1/25/2010 00:00:00,4.86947,4.91698,4.7507,4.91698,175210
PET,1/26/2010 00:00:00,5.107,5.15451,4.98824,5.15451,279110
PET,1/27/2010 00:00:00,5.15451,5.22577,4.91698,4.98824,502180
PET,1/28/2010 00:00:00,4.89322,4.98824,4.86947,4.89322,177410
PET,1/29/2010 00:00:00,4.86947,4.98824,4.84571,4.91698,164070
PET,2/1/2010 00:00:00,4.98824,5.03574,4.86947,4.96448,140590
PET,2/2/2010 00:00:00,4.96448,5.01199,4.94073,4.94073,199230
PET,2/3/2010 00:00:00,4.94073,5.107,4.94073,5.0595,499840
PET,2/4/2010 00:00:00,5.08325,5.29703,5.08325,5.29703,555900
PET,2/5/2010 00:00:00,5.32078,5.55832,5.32078,5.48706,1.5694e+006
PET,2/8/2010 00:00:00,5.46331,5.51081,5.32078,5.48706,313700
PET,2/9/2010 00:00:00,5.39205,5.39205,5.24952,5.24952,316970
PET,2/10/2010 00:00:00,5.24952,5.34454,5.24952,5.32078,170740
PET,2/11/2010 00:00:00,5.32078,5.32078,5.32078,5.32078,261020
PET,2/12/2010 00:00:00,5.4158,5.60583,5.4158,5.46331,248910
PET,2/22/2010 00:00:00,5.55832,5.65333,5.48706,5.58207,237840
PET,2/23/2010 00:00:00,5.43955,5.46331,5.36829,5.4158,266940
PET,2/24/2010 00:00:00,5.32078,5.43955,5.29703,5.4158,200080
PET,2/25/2010 00:00:00,5.46331,5.55832,5.36829,5.36829,260600
PET,2/26/2010 00:00:00,5.36829,5.46331,5.34454,5.4158,230270
PET,3/1/2010 00:00:00,5.48706,5.53457,5.4158,5.46331,317830
PET,3/2/2010 00:00:00,5.48706,5.62958,5.4158,5.53457,465840
PET,3/3/2010 00:00:00,5.62958,5.79585,5.62958,5.79585,1.50329e+006
PET,3/4/2010 00:00:00,6.0809,6.0809,6.00964,6.0809,750600
PET,3/5/2010 00:00:00,6.0809,6.19966,5.96213,6.05714,1.17958e+006
PET,3/8/2010 00:00:00,6.15216,6.34219,6.10465,6.34219,1.85298e+006
PET,3/9/2010 00:00:00,6.29468,6.65098,6.29468,6.65098,1.6279e+006
PET,3/10/2010 00:00:00,6.65098,6.88852,6.48471,6.67473,1.05948e+006
PET,3/11/2010 00:00:00,6.62723,6.67473,6.41345,6.4372,891020
PET,3/12/2010 00:00:00,6.46095,6.50846,6.38969,6.41345,743630
PET,3/15/2010 00:00:00,6.53221,6.53221,6.36594,6.48471,1.04643e+006
PET,3/16/2010 00:00:00,6.36594,6.46095,6.17591,6.17591,1.10004e+006
PET,3/17/2010 00:00:00,6.38969,6.48471,6.22342,6.31843,1.34023e+006
PET,3/18/2010 00:00:00,6.53221,6.55597,6.34219,6.55597,874110
PET,3/19/2010 00:00:00,6.55597,6.55597,6.38969,6.41345,711150
PET,3/22/2010 00:00:00,6.38969,6.46095,6.29468,6.29468,477980
PET,3/23/2010 00:00:00,6.29468,6.38969,6.19966,6.19966,658250
PET,3/24/2010 00:00:00,6.38969,6.38969,6.19966,6.34219,787530
PET,3/25/2010 00:00:00,6.24717,6.31843,6.10465,6.1284,616780
PET,3/26/2010 00:00:00,6.1284,6.22342,5.98588,6.05714,520170
PET,3/29/2010 00:00:00,6.17591,6.24717,6.0809,6.17591,378220
PET,3/30/2010 00:00:00,6.17591,6.22342,6.00964,6.00964,301630
PET,3/31/2010 00:00:00,6.00964,6.0809,5.96213,5.98588,360150
PET,4/1/2010 00:00:00,5.98588,6.1284,5.86712,6.05714,381060
PET,4/2/2010 00:00:00,6.1284,6.34219,6.03339,6.34219,925860
PET,4/5/2010 00:00:00,6.41345,6.4372,6.34219,6.41345,597990
PET,4/6/2010 00:00:00,6.41345,6.48471,6.34219,6.34219,627900
PET,4/7/2010 00:00:00,6.36594,6.41345,6.24717,6.31843,337390
PET,4/8/2010 00:00:00,6.38969,6.53221,6.36594,6.53221,1.49611e+006
PET,4/9/2010 00:00:00,6.60347,6.62723,6.50846,6.53221,940130
PET,4/12/2010 00:00:00,6.41345,6.41345,6.41345,6.41345,532500
PET,4/13/2010 00:00:00,6.38969,6.50846,6.29468,6.29468,494760
PET,4/14/2010 00:00:00,6.29468,6.41345,6.22342,6.41345,647370
PET,4/15/2010 00:00:00,6.53221,6.72224,6.4372,6.72224,2.4905e+006
PET,4/16/2010 00:00:00,7.00728,7.05479,6.88852,7.05479,2.38308e+006
PET,4/19/2010 00:00:00,6.88852,7.00728,6.74599,6.76975,848220
PET,4/20/2010 00:00:00,6.76975,6.84101,6.65098,6.67473,914250
PET,4/21/2010 00:00:00,6.65098,6.69849,6.53221,6.65098,1.87809e+006
PET,4/22/2010 00:00:00,6.67473,6.88852,6.46095,6.46095,1.45111e+006
PET,4/26/2010 00:00:00,6.48471,6.62723,6.38969,6.41345,836710
PET,4/27/2010 00:00:00,6.41345,6.4372,6.31843,6.36594,716700
PET,4/28/2010 00:00:00,6.31843,6.38969,6.24717,6.34219,1.06422e+006
PET,4/29/2010 00:00:00,6.48471,6.55597,6.41345,6.50846,823340
PET,5/4/2010 00:00:00,6.50846,6.55597,6.46095,6.48471,987300
PET,5/5/2010 00:00:00,6.4372,6.46095,6.36594,6.41345,873340
PET,5/6/2010 00:00:00,6.46095,6.60347,6.46095,6.60347,1.61501e+006
PET,5/7/2010 00:00:00,6.57865,6.75242,6.47935,6.50417,960530
PET,5/10/2010 00:00:00,6.50417,6.50417,6.2311,6.2311,882840
PET,5/11/2010 00:00:00,6.40487,6.45452,6.25592,6.38005,685160
PET,5/12/2010 00:00:00,6.45452,6.67795,6.35522,6.47935,2.35107e+006
PET,5/13/2010 00:00:00,6.65312,6.65312,6.38005,6.38005,617850
PET,5/14/2010 00:00:00,6.45452,6.47935,6.38005,6.4297,395020
PET,5/17/2010 00:00:00,6.4297,6.45452,6.2311,6.2311,418160
PET,5/18/2010 00:00:00,6.20627,6.2311,6.00767,6.08215,607620
PET,5/19/2010 00:00:00,5.95802,6.0325,5.78425,5.78425,862670
PET,5/20/2010 00:00:00,5.536,6.0325,5.536,6.0325,605760
PET,5/21/2010 00:00:00,5.7346,5.78425,5.7346,5.7346,513260
PET,5/24/2010 00:00:00,5.7346,5.75942,5.61047,5.70977,378250
PET,5/25/2010 00:00:00,5.70977,5.78425,5.6353,5.68495,618430
PET,5/26/2010 00:00:00,5.70977,5.88355,5.68495,5.88355,506470
PET,5/27/2010 00:00:00,5.88355,5.88355,5.7346,5.88355,296140
PET,5/28/2010 00:00:00,6.0325,6.15662,5.95802,6.05732,634120
PET,5/31/2010 00:00:00,6.0325,6.0325,5.88355,5.88355,301410
PET,6/1/2010 00:00:00,5.8339,5.90837,5.80907,5.85872,237770
PET,6/2/2010 00:00:00,5.8339,5.95802,5.75942,5.9332,296950
PET,6/3/2010 00:00:00,6.00767,6.0325,5.9332,5.9332,368650
PET,6/4/2010 00:00:00,5.88355,5.90837,5.80907,5.8339,275900
PET,6/7/2010 00:00:00,5.66012,5.7346,5.56082,5.58565,427910
PET,6/8/2010 00:00:00,5.48634,5.68495,5.48634,5.6353,359440
PET,6/9/2010 00:00:00,5.70977,5.75942,5.61047,5.61047,216180
PET,6/10/2010 00:00:00,5.61047,5.6353,5.51117,5.58565,335680
PET,6/11/2010 00:00:00,5.70977,5.75942,5.66012,5.66012,278870
PET,6/14/2010 00:00:00,5.70977,5.9332,5.70977,5.9332,1.01419e+006
PET,6/15/2010 00:00:00,5.9332,5.9332,5.85872,5.88355,261840
PET,6/16/2010 00:00:00,5.95802,6.00767,5.9332,5.95802,403760
PET,6/17/2010 00:00:00,5.95802,5.95802,5.85872,5.85872,314090
PET,6/18/2010 00:00:00,5.85872,5.85872,5.85872,5.85872,387450
PET,6/21/2010 00:00:00,5.90837,6.15662,5.90837,6.15662,1.18227e+006
PET,6/22/2010 00:00:00,6.15662,6.3304,6.15662,6.15662,1.00378e+006
PET,6/23/2010 00:00:00,6.00767,6.3304,6.00767,6.3304,620890
PET,6/24/2010 00:00:00,6.38005,6.6283,6.3304,6.60347,2.51816e+006
PET,6/25/2010 00:00:00,6.45452,6.57865,6.28075,6.28075,901030
PET,6/28/2010 00:00:00,6.25592,6.3304,6.08215,6.3304,682870
PET,6/29/2010 00:00:00,6.40487,6.45452,6.28075,6.38005,479610
PET,6/30/2010 00:00:00,6.20627,6.35522,6.10697,6.35522,709670
PET,7/1/2010 00:00:00,6.2311,6.25592,6.1318,6.1318,262700
PET,7/2/2010 00:00:00,6.1318,6.18145,6.0325,6.08215,488970
PET,7/5/2010 00:00:00,6.20627,6.20627,6.05732,6.05732,216800
PET,7/6/2010 00:00:00,6.0325,6.0325,5.88355,5.88355,710020
PET,7/7/2010 00:00:00,5.95802,6.0325,5.85872,5.88355,337220
PET,7/8/2010 00:00:00,5.95802,6.05732,5.8339,5.88355,520940
PET,7/9/2010 00:00:00,5.95802,5.95802,5.88355,5.9332,379550
PET,7/12/2010 00:00:00,5.95802,6.05732,5.90837,6.0325,218380
PET,7/13/2010 00:00:00,6.18145,6.3304,6.08215,6.3304,1.30827e+006
PET,7/14/2010 00:00:00,6.45452,6.45452,6.20627,6.20627,508370
PET,7/15/2010 00:00:00,6.20627,6.28075,6.15662,6.15662,316870
PET,7/16/2010 00:00:00,6.18145,6.20627,6.1318,6.1318,310030
PET,7/19/2010 00:00:00,6.15662,6.2311,6.10697,6.18145,593260
PET,7/20/2010 00:00:00,6.20627,6.20627,6.10697,6.10697,576680
PET,7/21/2010 00:00:00,6.10697,6.15662,6.00767,6.00767,411180
PET,7/22/2010 00:00:00,5.98285,6.00767,5.90837,5.9332,562620
PET,7/23/2010 00:00:00,6.00767,6.0325,5.88355,5.88355,516720
PET,7/26/2010 00:00:00,5.95802,6.00767,5.90837,5.95802,622030
PET,7/27/2010 00:00:00,5.95802,6.00767,5.88355,5.90837,296160
PET,7/28/2010 00:00:00,5.90837,5.9332,5.6353,5.70977,413860
PET,7/29/2010 00:00:00,5.70977,5.8339,5.68495,5.7346,346570
PET,7/30/2010 00:00:00,5.7346,5.88355,5.7346,5.75942,230840
PET,8/2/2010 00:00:00,5.88355,5.88355,5.68495,5.70977,310050
PET,8/3/2010 00:00:00,5.75942,5.78425,5.68495,5.70977,271460
PET,8/4/2010 00:00:00,5.68495,5.68495,5.536,5.58565,431430
PET,8/5/2010 00:00:00,5.58565,5.6353,5.536,5.536,239740
PET,8/6/2010 00:00:00,5.536,5.58565,5.46152,5.46152,250920
PET,8/9/2010 00:00:00,5.36222,5.38704,5.18844,5.23809,514270
PET,8/10/2010 00:00:00,5.13879,5.21327,4.98984,5.06432,623340
PET,8/11/2010 00:00:00,5.16362,5.16362,5.01467,5.11397,301240
PET,8/12/2010 00:00:00,4.98984,5.01467,4.86572,4.86572,403730
PET,8/13/2010 00:00:00,4.71677,4.96502,4.71677,4.96502,371760
PET,8/16/2010 00:00:00,5.06432,5.21327,5.06432,5.21327,450640
PET,8/17/2010 00:00:00,4.98984,5.21327,4.98984,5.18844,194170
PET,8/18/2010 00:00:00,5.18844,5.18844,4.96502,4.96502,276420
PET,8/19/2010 00:00:00,4.91537,4.98984,4.86572,4.94019,306310
PET,8/20/2010 00:00:00,4.94019,4.96502,4.76642,4.96502,266720
PET,8/23/2010 00:00:00,4.91537,4.91537,4.79124,4.79124,146140
PET,8/24/2010 00:00:00,4.76642,4.76642,4.56782,4.56782,488170
PET,8/25/2010 00:00:00,4.44369,4.51817,4.34439,4.34439,557670
PET,8/26/2010 00:00:00,4.41887,4.46852,4.24509,4.41887,251360
PET,8/27/2010 00:00:00,4.34439,4.46852,4.26992,4.34439,177310
PET,8/30/2010 00:00:00,4.54299,4.54299,4.54299,4.54299,167990
PET,8/31/2010 00:00:00,4.54299,4.76642,4.54299,4.76642,441460
PET,9/1/2010 00:00:00,4.71677,4.81607,4.64229,4.76642,375530
PET,9/6/2010 00:00:00,4.89054,4.98984,4.89054,4.98984,547950
PET,9/7/2010 00:00:00,4.84089,5.03949,4.84089,4.91537,235130
PET,9/8/2010 00:00:00,4.79124,4.84089,4.71677,4.79124,270600
PET,9/9/2010 00:00:00,4.79124,4.91537,4.79124,4.89054,387350
PET,9/10/2010 00:00:00,4.89054,4.91537,4.66712,4.66712,330680
PET,9/13/2010 00:00:00,4.66712,4.71677,4.44369,4.51817,362250
PET,9/14/2010 00:00:00,4.59264,4.61747,4.51817,4.61747,164450
PET,9/15/2010 00:00:00,4.61747,4.61747,4.49334,4.61747,242890
PET,9/16/2010 00:00:00,4.51817,4.61747,4.51817,4.56782,125040
PET,9/17/2010 00:00:00,4.64229,4.79124,4.59264,4.79124,429200
PET,9/20/2010 00:00:00,4.94019,5.01467,4.84089,4.96502,636820
PET,9/21/2010 00:00:00,4.91537,4.96502,4.84089,4.86572,354530
PET,9/22/2010 00:00:00,4.86572,4.96502,4.81607,4.84089,218110
PET,9/23/2010 00:00:00,4.79124,4.81607,4.64229,4.71677,216420
PET,9/24/2010 00:00:00,4.69194,4.76642,4.66712,4.71677,246010
PET,9/27/2010 00:00:00,4.71677,4.76642,4.61747,4.61747,120660
PET,9/28/2010 00:00:00,4.71677,4.74159,4.64229,4.66712,233950
PET,9/29/2010 00:00:00,4.69194,4.69194,4.56782,4.59264,208600
PET,9/30/2010 00:00:00,4.61747,4.61747,4.51817,4.54299,247880
PET,10/1/2010 00:00:00,4.61747,4.61747,4.51817,4.54299,111990
PET,10/4/2010 00:00:00,4.54299,4.54299,4.36922,4.41887,396560
PET,10/5/2010 00:00:00,4.41887,4.61747,4.34439,4.61747,189820
PET,10/6/2010 00:00:00,4.64229,4.69194,4.54299,4.66712,197260
PET,10/7/2010 00:00:00,4.66712,4.69194,4.51817,4.51817,186540
PET,10/8/2010 00:00:00,4.51817,4.54299,4.46852,4.46852,302420
PET,10/11/2010 00:00:00,4.46852,4.46852,4.41887,4.44369,257170
PET,10/12/2010 00:00:00,4.36922,4.44369,4.31957,4.34439,281270
PET,10/13/2010 00:00:00,4.34439,4.39404,4.26992,4.31957,390870
PET,10/14/2010 00:00:00,4.31957,4.39404,4.31957,4.34439,291790
PET,10/15/2010 00:00:00,4.29474,4.39404,4.29474,4.39404,142100
PET,10/18/2010 00:00:00,4.44369,4.44369,4.36922,4.36922,96960
PET,10/19/2010 00:00:00,4.39404,4.39404,4.26992,4.34439,261850
PET,10/20/2010 00:00:00,4.24509,4.26992,4.14579,4.14579,310750
PET,10/21/2010 00:00:00,4.22027,4.22027,4.12097,4.14579,154770
PET,10/22/2010 00:00:00,4.24509,4.24509,4.12097,4.14579,86130
PET,10/25/2010 00:00:00,4.17062,4.22027,4.09614,4.19544,201140
PET,10/26/2010 00:00:00,4.34439,4.39404,4.24509,4.31957,200510
PET,10/27/2010 00:00:00,4.31957,4.34439,4.22027,4.22027,63670
PET,10/28/2010 00:00:00,4.22027,4.26992,4.17062,4.22027,162460
PET,10/29/2010 00:00:00,4.26992,4.34439,4.24509,4.31957,294460
PET,11/1/2010 00:00:00,4.31957,4.34439,4.26992,4.26992,198420
PET,11/2/2010 00:00:00,4.26992,4.26992,4.17062,4.22027,436670
PET,11/3/2010 00:00:00,4.17062,4.22027,4.14579,4.17062,215050
PET,11/4/2010 00:00:00,4.17062,4.19544,4.14579,4.17062,282790
PET,11/5/2010 00:00:00,4.31957,4.34439,4.22027,4.34439,381500
PET,11/8/2010 00:00:00,4.34439,4.34439,4.22027,4.22027,162390
PET,11/9/2010 00:00:00,4.22027,4.22027,4.12097,4.12097,232260
PET,11/10/2010 00:00:00,4.12097,4.17062,4.07131,4.12097,226200
PET,11/11/2010 00:00:00,4.17062,4.17062,4.04649,4.04649,170500
PET,11/12/2010 00:00:00,3.97201,4.02166,3.84789,3.89754,554280
PET,11/15/2010 00:00:00,3.87271,3.89754,3.74859,3.74859,105320
PET,11/16/2010 00:00:00,3.74859,3.74859,3.59964,3.62446,310140
PET,11/17/2010 00:00:00,3.67411,3.74859,3.64929,3.64929,188040
PET,11/18/2010 00:00:00,3.64929,3.82306,3.64929,3.82306,257430
PET,11/19/2010 00:00:00,3.79824,3.84789,3.74859,3.74859,106200
PET,11/22/2010 00:00:00,3.64929,3.74859,3.64929,3.74859,131550
PET,11/23/2010 00:00:00,3.79824,3.79824,3.69894,3.79824,163120
PET,11/24/2010 00:00:00,3.69894,3.84789,3.69894,3.79824,84470
PET,11/25/2010 00:00:00,3.84789,3.94719,3.82306,3.87271,264670
PET,11/26/2010 00:00:00,3.89754,3.92236,3.82306,3.84789,205180
PET,11/29/2010 00:00:00,3.79824,4.02166,3.79824,4.02166,170790
PET,11/30/2010 00:00:00,4.09614,4.22027,4.09614,4.22027,688230
PET,12/1/2010 00:00:00,4.14579,4.29474,4.04649,4.09614,232060
PET,12/2/2010 00:00:00,4.09614,4.26992,3.97201,4.22027,595810
PET,12/3/2010 00:00:00,4.39404,4.41887,4.34439,4.41887,1.12091e+006
PET,12/6/2010 00:00:00,4.49334,4.61747,4.31957,4.51817,656990
PET,12/7/2010 00:00:00,4.49334,4.71677,4.44369,4.51817,715550
PET,12/8/2010 00:00:00,4.46852,4.51817,4.29474,4.36922,611870
PET,12/9/2010 00:00:00,4.31957,4.51817,4.24509,4.39404,589530
PET,12/10/2010 00:00:00,4.41887,4.59264,4.36922,4.59264,586970
PET,12/13/2010 00:00:00,4.81607,4.81607,4.74159,4.79124,964970
PET,12/14/2010 00:00:00,4.61747,4.76642,4.56782,4.56782,768990
PET,12/15/2010 00:00:00,4.51817,4.59264,4.34439,4.34439,1.07647e+006
PET,12/16/2010 00:00:00,4.24509,4.34439,4.14579,4.34439,782500
PET,12/17/2010 00:00:00,4.31957,4.46852,4.26992,4.46852,615420
PET,12/20/2010 00:00:00,4.46852,4.51817,4.36922,4.46852,334470
PET,12/21/2010 00:00:00,4.36922,4.44369,4.24509,4.44369,395010
PET,12/22/2010 00:00:00,4.46852,4.46852,4.36922,4.41887,514910
PET,12/23/2010 00:00:00,4.29474,4.41887,4.24509,4.41887,618680
PET,12/24/2010 00:00:00,4.34439,4.39404,4.29474,4.39404,339320
PET,12/27/2010 00:00:00,4.34439,4.39404,4.29474,4.36922,210290
PET,12/28/2010 00:00:00,4.41887,4.44369,4.34439,4.36922,517520
PET,12/29/2010 00:00:00,4.41887,4.41887,4.31957,4.36922,255150
PET,12/30/2010 00:00:00,4.36922,4.39404,4.31957,4.34439,168730
PET,12/31/2010 00:00:00,4.26992,4.34439,4.26992,4.26992,270430
PET,1/4/2011 00:00:00,4.34439,4.39404,4.29474,4.29474,310580
PET,1/5/2011 00:00:00,4.29474,4.29474,4.22027,4.24509,198930
PET,1/6/2011 00:00:00,4.22027,4.26992,4.19544,4.22027,145680
PET,1/7/2011 00:00:00,4.22027,4.26992,4.19544,4.22027,168800
PET,1/10/2011 00:00:00,4.19544,4.22027,4.12097,4.12097,204050
PET,1/11/2011 00:00:00,4.09614,4.12097,3.97201,3.97201,204260
PET,1/12/2011 00:00:00,4.04649,4.04649,3.97201,3.99684,72880
PET,1/13/2011 00:00:00,3.99684,4.12097,3.99684,4.09614,146190
PET,1/14/2011 00:00:00,4.09614,4.19544,4.07131,4.19544,212040
PET,1/17/2011 00:00:00,4.17062,4.29474,4.14579,4.14579,256150
PET,1/18/2011 00:00:00,4.12097,4.19544,4.09614,4.12097,93060
PET,1/19/2011 00:00:00,4.17062,4.19544,4.12097,4.17062,178700
PET,1/20/2011 00:00:00,4.17062,4.22027,4.14579,4.19544,263310
PET,1/21/2011 00:00:00,4.19544,4.29474,4.19544,4.19544,236130
PET,1/24/2011 00:00:00,4.14579,4.19544,4.09614,4.09614,108040
PET,1/25/2011 00:00:00,4.09614,4.09614,4.04649,4.04649,206670
PET,1/26/2011 00:00:00,4.04649,4.14579,4.04649,4.07131,188770
PET,1/27/2011 00:00:00,4.14579,4.14579,4.07131,4.12097,146850
PET,1/28/2011 00:00:00,4.19544,4.19544,4.12097,4.14579,154060
PET,2/8/2011 00:00:00,4.22027,4.29474,4.17062,4.26992,170320
PET,2/9/2011 00:00:00,4.31957,4.31957,4.19544,4.19544,294530
PET,2/10/2011 00:00:00,4.19544,4.22027,4.17062,4.22027,130900
PET,2/11/2011 00:00:00,4.22027,4.22027,4.14579,4.17062,218840
PET,2/14/2011 00:00:00,4.17062,4.22027,4.14579,4.14579,103300
PET,2/15/2011 00:00:00,4.09614,4.14579,4.09614,4.12097,118940
PET,2/16/2011 00:00:00,4.14579,4.22027,4.14579,4.14579,301090
PET,2/17/2011 00:00:00,4.17062,4.17062,4.04649,4.07131,107970
PET,2/18/2011 00:00:00,4.07131,4.07131,3.99684,3.99684,185140
PET,2/21/2011 00:00:00,3.89754,3.94719,3.79824,3.79824,235380
PET,2/22/2011 00:00:00,3.67411,3.74859,3.62446,3.64929,502100
PET,2/23/2011 00:00:00,3.69894,3.74859,3.67411,3.69894,223480
PET,2/24/2011 00:00:00,3.59964,3.69894,3.54999,3.59964,387000
PET,2/25/2011 00:00:00,3.62446,3.67411,3.59964,3.67411,89520
PET,2/28/2011 00:00:00,3.67411,3.72376,3.57481,3.59964,143680
PET,3/1/2011 00:00:00,3.54999,3.59964,3.52516,3.54999,113840
PET,3/2/2011 00:00:00,3.57481,3.57481,3.37621,3.37621,277340
PET,3/3/2011 00:00:00,3.30174,3.40104,3.30174,3.32656,175080
PET,3/4/2011 00:00:00,3.35139,3.40104,3.30174,3.35139,147490
PET,3/7/2011 00:00:00,3.42586,3.42586,3.35139,3.37621,62070
PET,3/8/2011 00:00:00,3.35139,3.42586,3.35139,3.37621,103230
PET,3/9/2011 00:00:00,3.37621,3.37621,3.27691,3.35139,98190
PET,3/10/2011 00:00:00,3.35139,3.50034,3.35139,3.50034,148450
PET,3/11/2011 00:00:00,3.62446,3.67411,3.62446,3.67411,397280
PET,3/14/2011 00:00:00,3.67411,3.67411,3.50034,3.52516,263860
PET,3/15/2011 00:00:00,3.47551,3.59964,3.47551,3.52516,161290
PET,3/16/2011 00:00:00,3.47551,3.59964,3.47551,3.59964,265950
PET,3/17/2011 00:00:00,3.59964,3.69894,3.54999,3.59964,161020
PET,3/18/2011 00:00:00,3.62446,3.64929,3.57481,3.64929,165820
PET,3/21/2011 00:00:00,3.77341,3.77341,3.62446,3.64929,220960
PET,3/22/2011 00:00:00,3.64929,3.64929,3.57481,3.62446,97270
PET,3/23/2011 00:00:00,3.62446,3.64929,3.57481,3.62446,103360
PET,3/24/2011 00:00:00,3.62446,3.62446,3.59964,3.62446,82120
PET,3/25/2011 00:00:00,3.57481,3.62446,3.57481,3.59964,87140
PET,3/28/2011 00:00:00,3.64929,3.64929,3.54999,3.59964,115630
PET,3/29/2011 00:00:00,3.57481,3.59964,3.50034,3.59964,139770
PET,3/30/2011 00:00:00,3.50034,3.57481,3.50034,3.57481,165060
PET,3/31/2011 00:00:00,3.59964,3.59964,3.50034,3.54999,123060
PET,4/1/2011 00:00:00,3.50034,3.50034,3.45069,3.50034,143350
PET,4/4/2011 00:00:00,3.50034,3.50034,3.45069,3.47551,110710
PET,4/5/2011 00:00:00,3.42586,3.47551,3.42586,3.42586,106880
PET,4/6/2011 00:00:00,3.42586,3.47551,3.42586,3.45069,104550
PET,4/7/2011 00:00:00,3.45069,3.47551,3.37621,3.37621,176520
PET,4/8/2011 00:00:00,3.37621,3.45069,3.35139,3.42586,129420
PET,4/13/2011 00:00:00,3.40104,3.42586,3.40104,3.42586,105760
PET,4/14/2011 00:00:00,3.40104,3.42586,3.40104,3.40104,82030
PET,4/15/2011 00:00:00,3.37621,3.40104,3.37621,3.37621,85910
PET,4/18/2011 00:00:00,3.35139,3.37621,3.32656,3.32656,131740
PET,4/19/2011 00:00:00,3.27691,3.35139,3.27691,3.32656,40340
PET,4/20/2011 00:00:00,3.25209,3.32656,3.25209,3.27691,65430
PET,4/21/2011 00:00:00,3.27691,3.27691,3.17761,3.20244,132740
PET,4/22/2011 00:00:00,3.20244,3.22726,3.12796,3.17761,274520
PET,4/25/2011 00:00:00,3.17761,3.32656,3.17761,3.32656,188850
PET,4/26/2011 00:00:00,3.32656,3.32656,3.22726,3.22726,123520
PET,4/27/2011 00:00:00,3.25209,3.30174,3.20244,3.20244,129460
PET,4/28/2011 00:00:00,3.30174,3.35139,3.27691,3.35139,750940
PET,4/29/2011 00:00:00,3.47551,3.47551,3.40104,3.40104,150170
PET,5/4/2011 00:00:00,3.42586,3.42586,3.35139,3.40104,251040
PET,5/5/2011 00:00:00,3.42586,3.42586,3.32656,3.35139,97390
PET,5/6/2011 00:00:00,3.32656,3.35139,3.30174,3.35139,47460
PET,5/9/2011 00:00:00,3.47551,3.50034,3.45069,3.47551,331290
PET,5/10/2011 00:00:00,3.52516,3.52516,3.47551,3.47551,239570
PET,5/11/2011 00:00:00,3.47551,3.50034,3.42586,3.42586,363090
PET,5/12/2011 00:00:00,3.47551,3.47551,3.37621,3.37621,336230
PET,5/13/2011 00:00:00,3.42586,3.42586,3.37621,3.42586,156000
PET,5/16/2011 00:00:00,3.45069,3.45069,3.37621,3.42586,167120
PET,5/17/2011 00:00:00,3.42586,3.42586,3.37621,3.37621,255390
PET,5/18/2011 00:00:00,3.29181,3.34808,3.23554,3.29181,474550
PET,5/19/2011 00:00:00,3.29181,3.31994,3.26367,3.26367,112160
PET,5/20/2011 00:00:00,3.26367,3.29181,3.2074,3.2074,238990
PET,5/23/2011 00:00:00,3.23554,3.23554,3.06673,3.09486,265520
PET,5/24/2011 00:00:00,3.01046,3.03859,2.95419,2.95419,355600
PET,5/25/2011 00:00:00,2.86978,2.86978,2.81351,2.81351,314200
PET,5/26/2011 00:00:00,2.67283,2.95419,2.67283,2.95419,293870
PET,5/27/2011 00:00:00,3.06673,3.09486,2.98232,3.09486,157170
PET,5/30/2011 00:00:00,2.98232,3.03859,2.95419,2.95419,241610
PET,5/31/2011 00:00:00,2.84165,2.95419,2.84165,2.89792,57060
PET,6/1/2011 00:00:00,2.89792,3.03859,2.89792,3.03859,187160
PET,6/2/2011 00:00:00,3.15113,3.17927,3.09486,3.15113,675100
PET,6/3/2011 00:00:00,3.23554,3.26367,3.06673,3.06673,417430
PET,6/6/2011 00:00:00,3.09486,3.123,3.03859,3.123,75620
PET,6/7/2011 00:00:00,3.17927,3.26367,3.15113,3.26367,357570
PET,6/8/2011 00:00:00,3.26367,3.29181,3.15113,3.2074,355340
PET,6/9/2011 00:00:00,3.15113,3.26367,3.15113,3.23554,139140
PET,6/10/2011 00:00:00,3.31994,3.37621,3.29181,3.37621,517180
PET,6/13/2011 00:00:00,3.31994,3.46062,3.29181,3.37621,228850
PET,6/14/2011 00:00:00,3.37621,3.54502,3.34808,3.43248,427230
PET,6/15/2011 00:00:00,3.37621,3.40435,3.26367,3.34808,311030
PET,6/16/2011 00:00:00,3.26367,3.43248,3.26367,3.40435,229160
PET,6/17/2011 00:00:00,3.43248,3.43248,3.26367,3.29181,270080
PET,6/20/2011 00:00:00,3.2074,3.29181,3.15113,3.29181,427760
PET,6/21/2011 00:00:00,3.31994,3.40435,3.26367,3.37621,217140
PET,6/22/2011 00:00:00,3.37621,3.51689,3.34808,3.48875,851250
PET,6/23/2011 00:00:00,3.48875,3.62943,3.46062,3.62943,628300
PET,6/24/2011 00:00:00,3.54502,3.74197,3.51689,3.74197,583050
PET,6/27/2011 00:00:00,3.74197,3.74197,3.65756,3.74197,255410
PET,6/28/2011 00:00:00,3.71383,3.79824,3.60129,3.79824,499950
PET,6/29/2011 00:00:00,3.6857,3.85451,3.62943,3.85451,667520
PET,6/30/2011 00:00:00,3.74197,3.93891,3.74197,3.93891,1.11458e+006
PET,7/1/2011 00:00:00,3.93891,3.93891,3.74197,3.74197,313130
PET,7/4/2011 00:00:00,3.62943,3.65756,3.57316,3.57316,184220
PET,7/5/2011 00:00:00,3.65756,3.71383,3.54502,3.62943,123560
PET,7/6/2011 00:00:00,3.57316,3.62943,3.57316,3.57316,62810
PET,7/7/2011 00:00:00,3.51689,3.60129,3.51689,3.57316,44650
PET,7/8/2011 00:00:00,3.48875,3.54502,3.48875,3.48875,114120
PET,7/11/2011 00:00:00,3.46062,3.57316,3.43248,3.48875,123730
PET,7/12/2011 00:00:00,3.43248,3.48875,3.40435,3.48875,117300
PET,7/13/2011 00:00:00,3.48875,3.51689,3.40435,3.40435,143910
PET,7/14/2011 00:00:00,3.46062,3.46062,3.37621,3.40435,53420
PET,7/15/2011 00:00:00,3.43248,3.46062,3.40435,3.40435,88460
PET,7/18/2011 00:00:00,3.37621,3.37621,3.31994,3.37621,24040
PET,7/19/2011 00:00:00,3.40435,3.40435,3.29181,3.29181,90160
PET,7/20/2011 00:00:00,3.26367,3.37621,3.26367,3.37621,92880
PET,7/21/2011 00:00:00,3.37621,3.37621,3.31994,3.34808,76070
PET,7/22/2011 00:00:00,3.34808,3.34808,3.31994,3.31994,11770
PET,7/25/2011 00:00:00,3.26367,3.34808,3.26367,3.29181,18320
PET,7/26/2011 00:00:00,3.26367,3.37621,3.26367,3.31994,37200
PET,7/27/2011 00:00:00,3.31994,3.31994,3.26367,3.29181,59980
PET,7/28/2011 00:00:00,3.37621,3.43248,3.37621,3.43248,191240
PET,7/29/2011 00:00:00,3.54502,3.54502,3.43248,3.48875,109150
PET,8/1/2011 00:00:00,3.48875,3.48875,3.40435,3.40435,25740
PET,8/2/2011 00:00:00,3.40435,3.40435,3.31994,3.31994,91810
PET,8/3/2011 00:00:00,3.29181,3.37621,3.29181,3.31994,81220
PET,8/4/2011 00:00:00,3.37621,3.46062,3.34808,3.46062,156700
PET,8/5/2011 00:00:00,3.37621,3.46062,3.37621,3.40435,47460
PET,8/8/2011 00:00:00,3.31994,3.37621,3.29181,3.34808,52280
PET,8/9/2011 00:00:00,3.23554,3.26367,3.2074,3.2074,150220
PET,8/10/2011 00:00:00,3.29181,3.31994,3.23554,3.23554,101540
PET,8/11/2011 00:00:00,3.23554,3.26367,3.123,3.26367,44990
PET,8/12/2011 00:00:00,3.31994,3.31994,3.26367,3.29181,15920
PET,8/15/2011 00:00:00,3.29181,3.31994,3.23554,3.23554,105800
PET,8/16/2011 00:00:00,3.23554,3.31994,3.23554,3.29181,101010
PET,8/17/2011 00:00:00,3.23554,3.37621,3.23554,3.37621,134560
PET,8/18/2011 00:00:00,3.51689,3.54502,3.51689,3.54502,539950
PET,8/19/2011 00:00:00,3.46062,3.51689,3.43248,3.48875,129760
PET,8/22/2011 00:00:00,3.48875,3.65756,3.46062,3.65756,395260
PET,8/23/2011 00:00:00,3.65756,3.65756,3.54502,3.54502,190310
PET,8/24/2011 00:00:00,3.54502,3.62943,3.48875,3.48875,180930
PET,8/25/2011 00:00:00,3.51689,3.60129,3.48875,3.60129,117670
PET,8/26/2011 00:00:00,3.60129,3.6857,3.51689,3.51689,213160
PET,8/29/2011 00:00:00,3.57316,3.6857,3.51689,3.6857,383600
PET,8/30/2011 00:00:00,3.79824,3.79824,3.62943,3.6857,552180
PET,8/31/2011 00:00:00,3.6857,3.71383,3.60129,3.65756,220210
PET,9/1/2011 00:00:00,3.6857,3.79824,3.65756,3.7701,506410
PET,9/5/2011 00:00:00,3.79824,3.82637,3.6857,3.74197,401680
PET,9/6/2011 00:00:00,3.62943,3.65756,3.57316,3.60129,249040
PET,9/7/2011 00:00:00,3.71383,3.74197,3.65756,3.71383,234970
PET,9/8/2011 00:00:00,3.7701,3.88264,3.71383,3.7701,694660
PET,9/9/2011 00:00:00,3.6857,3.82637,3.6857,3.74197,320160
PET,9/12/2011 00:00:00,3.7701,3.79824,3.74197,3.79824,333740
PET,9/13/2011 00:00:00,3.85451,3.96705,3.82637,3.93891,1.06001e+006
PET,9/14/2011 00:00:00,3.93891,4.02332,3.82637,3.82637,407310
PET,9/15/2011 00:00:00,3.74197,3.79824,3.65756,3.7701,414440
PET,9/16/2011 00:00:00,3.79824,3.79824,3.62943,3.62943,469930
PET,9/19/2011 00:00:00,3.62943,3.74197,3.62943,3.74197,265400
PET,9/20/2011 00:00:00,3.6857,3.6857,3.60129,3.62943,236960
PET,9/21/2011 00:00:00,3.62943,3.6857,3.60129,3.62943,272210
PET,9/22/2011 00:00:00,3.65756,3.74197,3.65756,3.71383,124570
PET,9/23/2011 00:00:00,3.65756,3.6857,3.62943,3.62943,146160
PET,9/26/2011 00:00:00,3.62943,3.6857,3.62943,3.62943,83360
PET,9/27/2011 00:00:00,3.65756,3.6857,3.60129,3.60129,188320
PET,9/28/2011 00:00:00,3.6857,3.6857,3.60129,3.62943,370550
PET,9/29/2011 00:00:00,3.62943,3.62943,3.54502,3.57316,204950
PET,9/30/2011 00:00:00,3.51689,3.57316,3.51689,3.51689,179290
PET,10/3/2011 00:00:00,3.57316,3.57316,3.40435,3.40435,238660
PET,10/4/2011 00:00:00,3.40435,3.43248,3.34808,3.37621,157590
PET,10/5/2011 00:00:00,3.43248,3.43248,3.34808,3.40435,181720
PET,10/6/2011 00:00:00,3.48875,3.54502,3.46062,3.46062,175750
PET,10/7/2011 00:00:00,3.51689,3.51689,3.46062,3.46062,109390
PET,10/10/2011 00:00:00,3.46062,3.46062,3.37621,3.40435,159470
PET,10/11/2011 00:00:00,3.43248,3.46062,3.40435,3.40435,46800
PET,10/12/2011 00:00:00,3.40435,3.40435,3.31994,3.34808,175410
PET,10/13/2011 00:00:00,3.37621,3.37621,3.31994,3.37621,100160
PET,10/14/2011 00:00:00,3.37621,3.40435,3.34808,3.34808,77190
PET,10/17/2011 00:00:00,3.31994,3.37621,3.29181,3.31994,86040
PET,10/18/2011 00:00:00,3.31994,3.31994,3.26367,3.29181,104620
PET,10/19/2011 00:00:00,3.34808,3.34808,3.29181,3.29181,117900
PET,10/20/2011 00:00:00,3.26367,3.34808,3.26367,3.29181,74020
PET,10/21/2011 00:00:00,3.31994,3.43248,3.31994,3.43248,253270
PET,10/24/2011 00:00:00,3.46062,3.46062,3.40435,3.40435,119530
PET,10/25/2011 00:00:00,3.37621,3.43248,3.37621,3.37621,87630
PET,10/26/2011 00:00:00,3.40435,3.43248,3.37621,3.40435,148060
PET,10/27/2011 00:00:00,3.43248,3.43248,3.37621,3.40435,89440
PET,10/28/2011 00:00:00,3.43248,3.57316,3.43248,3.54502,310900
PET,10/31/2011 00:00:00,3.62943,3.62943,3.48875,3.48875,177070
PET,11/1/2011 00:00:00,3.48875,3.48875,3.43248,3.46062,42810
PET,11/2/2011 00:00:00,3.40435,3.43248,3.37621,3.37621,257690
PET,11/3/2011 00:00:00,3.40435,3.40435,3.34808,3.37621,197840
PET,11/4/2011 00:00:00,3.43248,3.54502,3.43248,3.51689,438770
PET,11/7/2011 00:00:00,3.51689,3.54502,3.46062,3.46062,142460
PET,11/8/2011 00:00:00,3.46062,3.48875,3.43248,3.48875,71540
PET,11/9/2011 00:00:00,3.46062,3.48875,3.46062,3.48875,57320
PET,11/10/2011 00:00:00,3.43248,3.43248,3.37621,3.43248,288020
PET,11/11/2011 00:00:00,3.40435,3.43248,3.37621,3.37621,131100
PET,11/14/2011 00:00:00,3.37621,3.37621,3.26367,3.31994,122630
PET,11/15/2011 00:00:00,3.31994,3.34808,3.31994,3.31994,139130
PET,11/16/2011 00:00:00,3.37621,3.40435,3.31994,3.40435,127730
PET,11/17/2011 00:00:00,3.40435,3.40435,3.34808,3.34808,92600
PET,11/18/2011 00:00:00,3.34808,3.34808,3.29181,3.31994,176120
PET,11/21/2011 00:00:00,3.31994,3.34808,3.29181,3.29181,8130
PET,11/22/2011 00:00:00,3.29181,3.29181,3.23554,3.26367,40500
PET,11/23/2011 00:00:00,3.37621,3.37621,3.26367,3.29181,51620
PET,11/24/2011 00:00:00,3.31994,3.31994,3.26367,3.26367,124800
PET,11/25/2011 00:00:00,3.26367,3.29181,3.26367,3.26367,91550
PET,11/28/2011 00:00:00,3.26367,3.34808,3.26367,3.31994,67100
PET,11/29/2011 00:00:00,3.29181,3.31994,3.29181,3.31994,42490
PET,11/30/2011 00:00:00,3.29181,3.34808,3.26367,3.34808,117940
PET,12/1/2011 00:00:00,3.34808,3.34808,3.29181,3.31994,26990
PET,12/2/2011 00:00:00,3.31994,3.31994,3.29181,3.31994,57740
PET,12/5/2011 00:00:00,3.34808,3.46062,3.34808,3.46062,306550
PET,12/6/2011 00:00:00,3.51689,3.54502,3.43248,3.48875,177120
PET,12/7/2011 00:00:00,3.40435,3.51689,3.40435,3.51689,100510
PET,12/8/2011 00:00:00,3.48875,3.51689,3.43248,3.51689,71640
PET,12/9/2011 00:00:00,3.43248,3.46062,3.40435,3.46062,154290
PET,12/12/2011 00:00:00,3.43248,3.43248,3.31994,3.31994,104710
PET,12/13/2011 00:00:00,3.29181,3.31994,3.26367,3.26367,156190
PET,12/14/2011 00:00:00,3.23554,3.26367,3.15113,3.17927,164870
PET,12/15/2011 00:00:00,3.123,3.123,3.03859,3.123,134490
PET,12/16/2011 00:00:00,3.15113,3.26367,3.15113,3.26367,98690
PET,12/19/2011 00:00:00,3.31994,3.31994,3.2074,3.2074,83990
PET,12/20/2011 00:00:00,3.2074,3.2074,3.123,3.123,96250
PET,12/21/2011 00:00:00,3.123,3.17927,3.123,3.15113,45800
PET,12/22/2011 00:00:00,3.15113,3.15113,3.01046,3.01046,252930
PET,12/23/2011 00:00:00,2.98232,2.98232,2.86978,2.89792,211280
PET,12/26/2011 00:00:00,2.89792,2.95419,2.86978,2.92605,50990
PET,12/27/2011 00:00:00,2.92605,3.03859,2.86978,3.03859,91300
PET,12/28/2011 00:00:00,2.92605,3.17927,2.92605,3.17927,170820
PET,12/29/2011 00:00:00,3.17927,3.26367,3.03859,3.26367,243680
PET,12/30/2011 00:00:00,3.26367,3.37621,3.26367,3.37621,412240
PET,1/3/2012 00:00:00,3.34808,3.37621,3.26367,3.29181,132040
PET,1/4/2012 00:00:00,3.26367,3.31994,3.23554,3.23554,79470
PET,1/5/2012 00:00:00,3.23554,3.23554,3.17927,3.17927,56230
PET,1/6/2012 00:00:00,3.17927,3.17927,3.123,3.15113,29010
PET,1/9/2012 00:00:00,3.15113,3.17927,3.15113,3.15113,173230
PET,1/10/2012 00:00:00,3.2074,3.29181,3.123,3.29181,276950
PET,1/11/2012 00:00:00,3.29181,3.29181,3.2074,3.2074,86720
PET,1/12/2012 00:00:00,3.23554,3.29181,3.17927,3.2074,145140
PET,1/13/2012 00:00:00,3.23554,3.23554,3.2074,3.2074,103720
PET,1/16/2012 00:00:00,3.2074,3.29181,3.2074,3.23554,238510
PET,1/17/2012 00:00:00,3.2074,3.23554,3.2074,3.2074,138640
PET,1/18/2012 00:00:00,3.26367,3.26367,3.15113,3.2074,115790
PET,1/19/2012 00:00:00,3.2074,3.31994,3.2074,3.31994,206190
PET,1/20/2012 00:00:00,3.23554,3.34808,3.23554,3.31994,349620
PET,1/30/2012 00:00:00,3.31994,3.34808,3.26367,3.34808,120940
PET,1/31/2012 00:00:00,3.37621,3.46062,3.34808,3.37621,425200
PET,2/1/2012 00:00:00,3.37621,3.40435,3.31994,3.37621,180220
PET,2/2/2012 00:00:00,3.43248,3.51689,3.40435,3.48875,361680
PET,2/3/2012 00:00:00,3.51689,3.54502,3.34808,3.34808,343580
PET,2/6/2012 00:00:00,3.34808,3.37621,3.29181,3.34808,216620
PET,2/7/2012 00:00:00,3.34808,3.40435,3.31994,3.34808,150100
PET,2/8/2012 00:00:00,3.37621,3.48875,3.37621,3.48875,1.09966e+006
PET,2/9/2012 00:00:00,3.46062,3.54502,3.46062,3.46062,362320
PET,2/10/2012 00:00:00,3.43248,3.48875,3.37621,3.37621,514310
PET,2/13/2012 00:00:00,3.34808,3.34808,3.29181,3.31994,178140
PET,2/14/2012 00:00:00,3.29181,3.37621,3.29181,3.37621,284970
PET,2/15/2012 00:00:00,3.34808,3.37621,3.29181,3.34808,238720
PET,2/16/2012 00:00:00,3.34808,3.37621,3.29181,3.31994,315840
PET,2/17/2012 00:00:00,3.34808,3.43248,3.34808,3.43248,198500
PET,2/20/2012 00:00:00,3.48875,3.57316,3.46062,3.54502,571410
PET,2/21/2012 00:00:00,3.60129,3.60129,3.43248,3.46062,437120
PET,2/22/2012 00:00:00,3.43248,3.54502,3.43248,3.54502,404690
PET,2/23/2012 00:00:00,3.57316,3.71383,3.51689,3.71383,1.23294e+006
PET,2/24/2012 00:00:00,3.79824,3.88264,3.7701,3.85451,1.70971e+006
PET,2/27/2012 00:00:00,3.88264,3.96705,3.82637,3.96705,551840
PET,2/28/2012 00:00:00,3.93891,3.93891,3.7701,3.7701,440490
PET,2/29/2012 00:00:00,3.7701,3.82637,3.65756,3.79824,769360
PET,3/1/2012 00:00:00,3.82637,3.85451,3.74197,3.7701,455310
PET,3/2/2012 00:00:00,3.7701,3.88264,3.7701,3.79824,933290
PET,3/5/2012 00:00:00,3.96705,3.96705,3.93891,3.96705,535600
PET,3/6/2012 00:00:00,4.10772,4.10772,3.79824,3.82637,841850
PET,3/7/2012 00:00:00,3.82637,3.85451,3.6857,3.85451,367280
PET,3/8/2012 00:00:00,3.7701,3.85451,3.6857,3.6857,602570
PET,3/9/2012 00:00:00,3.65756,3.7701,3.60129,3.74197,441280
PET,3/12/2012 00:00:00,3.71383,3.7701,3.60129,3.60129,466220
PET,3/13/2012 00:00:00,3.60129,3.7701,3.60129,3.6857,267840
PET,3/14/2012 00:00:00,3.6857,3.74197,3.60129,3.6857,202000
PET,3/15/2012 00:00:00,3.6857,3.85451,3.60129,3.85451,889500
PET,3/16/2012 00:00:00,3.88264,3.93891,3.74197,3.74197,839960
PET,3/19/2012 00:00:00,3.74197,3.88264,3.74197,3.79824,311060
PET,3/20/2012 00:00:00,3.79824,3.85451,3.79824,3.85451,180220
PET,3/21/2012 00:00:00,3.88264,3.96705,3.85451,3.85451,1.0088e+006
PET,3/22/2012 00:00:00,3.79824,3.93891,3.79824,3.85451,461280
PET,3/23/2012 00:00:00,3.91078,3.96705,3.88264,3.93891,963630
PET,3/26/2012 00:00:00,3.93891,4.13586,3.93891,4.13586,1.7165e+006
PET,3/27/2012 00:00:00,4.13586,4.27654,3.96705,3.96705,1.16381e+006
PET,3/28/2012 00:00:00,3.93891,4.05145,3.88264,4.02332,638040
PET,3/29/2012 00:00:00,4.02332,4.05145,3.91078,3.91078,568750
PET,3/30/2012 00:00:00,3.91078,3.93891,3.85451,3.88264,567360
PET,4/3/2012 00:00:00,3.88264,4.02332,3.88264,3.99518,469350
PET,4/4/2012 00:00:00,4.02332,4.13586,3.99518,4.05145,868170
PET,4/5/2012 00:00:00,4.05145,4.13586,4.02332,4.07959,514080
PET,4/6/2012 00:00:00,4.07959,4.16399,4.05145,4.07959,493930
PET,4/9/2012 00:00:00,4.10772,4.22027,4.07959,4.19213,786650
PET,4/10/2012 00:00:00,4.19213,4.33281,4.19213,4.22027,1.21533e+006
PET,4/11/2012 00:00:00,4.33281,4.33281,4.22027,4.30467,728070
PET,4/12/2012 00:00:00,4.33281,4.36094,4.22027,4.22027,1.0105e+006
PET,4/13/2012 00:00:00,4.19213,4.30467,4.16399,4.19213,761910
PET,4/16/2012 00:00:00,4.19213,4.38908,4.19213,4.38908,815300
PET,4/17/2012 00:00:00,4.38908,4.52975,4.38908,4.47348,696560
PET,4/18/2012 00:00:00,4.47348,4.50162,4.33281,4.33281,642680
PET,4/19/2012 00:00:00,4.27654,4.36094,4.19213,4.19213,886790
PET,4/20/2012 00:00:00,4.19213,4.27654,4.16399,4.22027,439580
PET,4/23/2012 00:00:00,4.27654,4.33281,4.22027,4.2484,200900
PET,4/24/2012 00:00:00,4.27654,4.27654,4.19213,4.2484,542740
PET,4/25/2012 00:00:00,4.33281,4.38908,4.27654,4.36094,699930
PET,4/26/2012 00:00:00,4.38908,4.38908,4.27654,4.36094,645060
PET,4/27/2012 00:00:00,4.41721,4.55789,4.33281,4.55789,1.88142e+006
PET,5/2/2012 00:00:00,4.61416,4.69856,4.55789,4.58602,1.17419e+006
PET,5/3/2012 00:00:00,4.55789,4.61416,4.50162,4.55789,742470
PET,5/4/2012 00:00:00,4.58602,4.67043,4.55789,4.61416,995230
PET,5/7/2012 00:00:00,4.69856,4.83924,4.67043,4.83924,1.91774e+006
PET,5/8/2012 00:00:00,4.96493,4.99636,4.80781,4.80781,898490
PET,5/9/2012 00:00:00,4.71354,4.87066,4.71354,4.83924,695820
PET,5/10/2012 00:00:00,4.90208,4.90208,4.71354,4.74497,743830
PET,5/11/2012 00:00:00,4.74497,4.74497,4.58785,4.58785,699130
PET,5/14/2012 00:00:00,4.61927,4.61927,4.36788,4.36788,1.09897e+006
PET,5/15/2012 00:00:00,4.36788,4.36788,4.17934,4.17934,874300
PET,5/16/2012 00:00:00,4.24219,4.30504,4.08507,4.24219,341850
PET,5/17/2012 00:00:00,4.21076,4.30504,4.08507,4.08507,217850
PET,5/18/2012 00:00:00,4.08507,4.08507,3.89653,3.89653,747710
PET,5/21/2012 00:00:00,3.89653,4.08507,3.89653,4.08507,271810
PET,5/22/2012 00:00:00,4.08507,4.21076,4.02222,4.08507,235920
PET,5/23/2012 00:00:00,4.08507,4.08507,3.89653,3.89653,335520
PET,5/24/2012 00:00:00,3.89653,3.95938,3.77083,3.80226,290200
PET,5/25/2012 00:00:00,3.92795,3.9908,3.89653,3.9908,174910
PET,5/28/2012 00:00:00,4.14792,4.14792,3.9908,4.05365,224970
PET,5/29/2012 00:00:00,3.9908,4.05365,3.95938,4.02222,242110
PET,5/30/2012 00:00:00,3.9908,4.08507,3.9908,4.02222,101830
PET,5/31/2012 00:00:00,3.9908,4.02222,3.92795,3.92795,249160
PET,6/1/2012 00:00:00,3.95938,3.9908,3.92795,3.92795,179570
PET,6/4/2012 00:00:00,3.80226,3.89653,3.77083,3.80226,588500
PET,6/5/2012 00:00:00,3.80226,3.89653,3.77083,3.89653,239190
PET,6/6/2012 00:00:00,3.89653,4.02222,3.89653,4.02222,222160
PET,6/7/2012 00:00:00,4.02222,4.14792,4.02222,4.08507,428730
PET,6/8/2012 00:00:00,4.14792,4.17934,3.9908,3.9908,404010
PET,6/11/2012 00:00:00,4.02222,4.08507,3.9908,4.05365,114720
PET,6/12/2012 00:00:00,4.02222,4.05365,3.95938,3.9908,297630
PET,6/13/2012 00:00:00,3.9908,4.02222,3.92795,3.95938,174160
PET,6/14/2012 00:00:00,3.92795,3.95938,3.86511,3.89653,582460
PET,6/15/2012 00:00:00,3.89653,3.9908,3.86511,3.86511,1.45846e+006
PET,6/18/2012 00:00:00,4.02222,4.05365,3.95938,4.02222,610890
PET,6/19/2012 00:00:00,4.02222,4.08507,3.89653,3.92795,164440
PET,6/20/2012 00:00:00,3.9908,3.9908,3.92795,3.95938,79130
PET,6/21/2012 00:00:00,3.92795,3.95938,3.92795,3.92795,363880
PET,6/22/2012 00:00:00,3.92795,3.92795,3.86511,3.92795,422020
PET,6/25/2012 00:00:00,3.86511,3.92795,3.80226,3.83368,309910
PET,6/26/2012 00:00:00,3.83368,3.83368,3.73941,3.80226,295710
PET,6/27/2012 00:00:00,3.80226,3.86511,3.77083,3.77083,141140
PET,6/28/2012 00:00:00,3.77083,3.80226,3.73941,3.77083,153470
PET,6/29/2012 00:00:00,3.80226,3.83368,3.77083,3.80226,123790
PET,7/2/2012 00:00:00,3.80226,3.86511,3.77083,3.77083,130920
PET,7/3/2012 00:00:00,3.58229,3.67656,3.58229,3.58229,1.65296e+006
PET,7/4/2012 00:00:00,3.58229,3.67656,3.58229,3.61372,410910
PET,7/5/2012 00:00:00,3.61372,3.67656,3.58229,3.67656,345520
PET,7/6/2012 00:00:00,3.67656,3.80226,3.67656,3.73941,189750
PET,7/9/2012 00:00:00,3.73941,3.73941,3.61372,3.61372,404390
PET,7/10/2012 00:00:00,3.61372,3.67656,3.61372,3.61372,120860
PET,7/11/2012 00:00:00,3.61372,3.67656,3.61372,3.67656,98080
PET,7/12/2012 00:00:00,3.73941,3.73941,3.64514,3.70799,125850
PET,7/13/2012 00:00:00,3.67656,3.83368,3.67656,3.83368,334980
PET,7/16/2012 00:00:00,3.77083,3.86511,3.73941,3.80226,207590
PET,7/17/2012 00:00:00,3.77083,3.92795,3.77083,3.86511,173210
PET,7/18/2012 00:00:00,3.86511,3.92795,3.80226,3.83368,189190
PET,7/19/2012 00:00:00,3.89653,3.9908,3.83368,3.9908,387340
PET,7/20/2012 00:00:00,4.05365,4.05365,3.9908,4.02222,405470
PET,7/23/2012 00:00:00,3.9908,4.05365,3.86511,3.86511,325960
PET,7/24/2012 00:00:00,3.80226,3.86511,3.77083,3.80226,168610
PET,7/25/2012 00:00:00,3.80226,3.83368,3.77083,3.80226,194000
PET,7/26/2012 00:00:00,3.86511,3.86511,3.80226,3.86511,67740
PET,7/27/2012 00:00:00,3.86511,3.89653,3.77083,3.80226,262000
PET,7/30/2012 00:00:00,3.80226,3.83368,3.77083,3.77083,73070
PET,7/31/2012 00:00:00,3.80226,3.80226,3.73941,3.73941,77100
PET,8/1/2012 00:00:00,3.73941,3.80226,3.70799,3.73941,106450
PET,8/2/2012 00:00:00,3.77083,3.80226,3.73941,3.77083,35610
PET,8/3/2012 00:00:00,3.73941,3.80226,3.70799,3.77083,37990
PET,8/6/2012 00:00:00,3.77083,3.89653,3.77083,3.83368,71710
PET,8/7/2012 00:00:00,3.83368,3.83368,3.80226,3.80226,18760
PET,8/8/2012 00:00:00,3.80226,3.89653,3.77083,3.89653,246470
PET,8/9/2012 00:00:00,3.89653,3.92795,3.83368,3.86511,119290
PET,8/10/2012 00:00:00,3.83368,3.86511,3.77083,3.80226,55810
PET,8/13/2012 00:00:00,3.80226,3.80226,3.73941,3.77083,80000
PET,8/14/2012 00:00:00,3.77083,3.80226,3.77083,3.80226,41990
PET,8/15/2012 00:00:00,3.80226,3.83368,3.73941,3.77083,91170
PET,8/16/2012 00:00:00,3.77083,3.83368,3.73941,3.77083,86700
PET,8/17/2012 00:00:00,3.73941,3.80226,3.73941,3.77083,71020
PET,8/20/2012 00:00:00,3.77083,3.83368,3.77083,3.83368,130960
PET,8/21/2012 00:00:00,3.80226,3.80226,3.64514,3.64514,239060
PET,8/22/2012 00:00:00,3.51945,3.70799,3.51945,3.64514,397430
PET,8/23/2012 00:00:00,3.55087,3.61372,3.48802,3.48802,179830
PET,8/24/2012 00:00:00,3.3309,3.64514,3.3309,3.61372,320940
PET,8/27/2012 00:00:00,3.51945,3.61372,3.4566,3.4566,291000
PET,8/28/2012 00:00:00,3.4566,3.51945,3.36233,3.51945,48750
PET,8/29/2012 00:00:00,3.58229,3.64514,3.51945,3.64514,107720
PET,8/30/2012 00:00:00,3.61372,3.64514,3.58229,3.58229,61990
PET,8/31/2012 00:00:00,3.61372,3.61372,3.55087,3.58229,33800
PET,9/4/2012 00:00:00,3.55087,3.61372,3.55087,3.58229,84680
PET,9/5/2012 00:00:00,3.58229,3.58229,3.48802,3.55087,150600
PET,9/6/2012 00:00:00,3.55087,3.55087,3.51945,3.55087,76340
PET,9/7/2012 00:00:00,3.51945,3.58229,3.48802,3.58229,113570
PET,9/10/2012 00:00:00,3.58229,3.58229,3.4566,3.48802,194830
PET,9/11/2012 00:00:00,3.4566,3.55087,3.4566,3.48802,124870
PET,9/12/2012 00:00:00,3.51945,3.55087,3.48802,3.48802,166390
PET,9/13/2012 00:00:00,3.48802,3.55087,3.42517,3.51945,67800
PET,9/14/2012 00:00:00,3.55087,3.58229,3.55087,3.58229,171230
PET,9/17/2012 00:00:00,3.58229,3.58229,3.51945,3.51945,42840
PET,9/18/2012 00:00:00,3.48802,3.55087,3.42517,3.42517,194560
PET,9/19/2012 00:00:00,3.42517,3.4566,3.36233,3.4566,42820
PET,9/20/2012 00:00:00,3.42517,3.42517,3.39375,3.42517,62790
PET,9/21/2012 00:00:00,3.39375,3.48802,3.39375,3.4566,86770
PET,9/24/2012 00:00:00,3.4566,3.4566,3.39375,3.39375,64930
PET,9/25/2012 00:00:00,3.39375,3.42517,3.36233,3.39375,31420
PET,9/26/2012 00:00:00,3.39375,3.4566,3.39375,3.42517,7770
PET,9/27/2012 00:00:00,3.42517,3.42517,3.39375,3.39375,23100
PET,9/28/2012 00:00:00,3.36233,3.39375,3.36233,3.36233,24880
PET,10/1/2012 00:00:00,3.36233,3.36233,3.26806,3.3309,65520
PET,10/2/2012 00:00:00,3.29948,3.4566,3.29948,3.42517,282460
PET,10/3/2012 00:00:00,3.42517,3.55087,3.42517,3.51945,124250
PET,10/4/2012 00:00:00,3.4566,3.48802,3.42517,3.42517,39040
PET,10/5/2012 00:00:00,3.4566,3.48802,3.4566,3.4566,41710
PET,10/8/2012 00:00:00,3.48802,3.58229,3.48802,3.58229,230180
PET,10/9/2012 00:00:00,3.61372,3.61372,3.51945,3.58229,46900
PET,10/10/2012 00:00:00,3.55087,3.67656,3.55087,3.64514,350250
PET,10/11/2012 00:00:00,3.67656,3.73941,3.64514,3.64514,121690
PET,10/12/2012 00:00:00,3.70799,3.70799,3.61372,3.64514,20160
PET,10/15/2012 00:00:00,3.64514,3.64514,3.51945,3.55087,36110
PET,10/16/2012 00:00:00,3.51945,3.61372,3.51945,3.61372,74450
PET,10/17/2012 00:00:00,3.55087,3.61372,3.55087,3.61372,60540
PET,10/18/2012 00:00:00,3.61372,3.61372,3.51945,3.58229,89520
PET,10/19/2012 00:00:00,3.61372,3.61372,3.51945,3.51945,89400
PET,10/22/2012 00:00:00,3.48802,3.55087,3.48802,3.55087,164800
PET,10/23/2012 00:00:00,3.55087,3.58229,3.55087,3.58229,69200
PET,10/24/2012 00:00:00,3.51945,3.58229,3.51945,3.51945,38870
PET,10/25/2012 00:00:00,3.55087,3.55087,3.48802,3.51945,7590
PET,10/26/2012 00:00:00,3.4566,3.51945,3.4566,3.51945,40200
PET,10/29/2012 00:00:00,3.48802,3.51945,3.4566,3.51945,32420
PET,10/30/2012 00:00:00,3.42517,3.4566,3.42517,3.42517,54150
PET,10/31/2012 00:00:00,3.42517,3.42517,3.39375,3.42517,74520
PET,11/1/2012 00:00:00,3.4566,3.48802,3.39375,3.42517,89010
PET,11/2/2012 00:00:00,3.42517,3.42517,3.29948,3.3309,150610
PET,11/5/2012 00:00:00,3.3309,3.36233,3.29948,3.36233,34590
PET,11/6/2012 00:00:00,3.3309,3.3309,3.29948,3.3309,76180
PET,11/7/2012 00:00:00,3.3309,3.4566,3.3309,3.42517,96740
PET,11/8/2012 00:00:00,3.39375,3.42517,3.39375,3.39375,67550
PET,11/9/2012 00:00:00,3.39375,3.42517,3.39375,3.42517,78520
PET,11/12/2012 00:00:00,3.42517,3.4566,3.39375,3.4566,119950
PET,11/13/2012 00:00:00,3.42517,3.4566,3.39375,3.39375,40770
PET,11/14/2012 00:00:00,3.51945,3.55087,3.51945,3.55087,116970
PET,11/15/2012 00:00:00,3.67656,3.70799,3.58229,3.61372,497190
PET,11/16/2012 00:00:00,3.61372,3.61372,3.55087,3.61372,143810
PET,11/19/2012 00:00:00,3.58229,3.64514,3.58229,3.58229,91780
PET,11/20/2012 00:00:00,3.58229,3.61372,3.51945,3.55087,157740
PET,11/21/2012 00:00:00,3.55087,3.55087,3.51945,3.51945,50050
PET,11/22/2012 00:00:00,3.55087,3.55087,3.51945,3.55087,38550
PET,11/23/2012 00:00:00,3.55087,3.67656,3.55087,3.61372,278370
PET,11/26/2012 00:00:00,3.58229,3.61372,3.58229,3.58229,163590
PET,11/27/2012 00:00:00,3.58229,3.61372,3.58229,3.58229,8000
PET,11/28/2012 00:00:00,3.58229,3.61372,3.58229,3.58229,198240
PET,11/29/2012 00:00:00,3.61372,3.61372,3.58229,3.58229,76930
PET,11/30/2012 00:00:00,3.58229,3.61372,3.58229,3.61372,165960
PET,12/3/2012 00:00:00,3.61372,3.61372,3.58229,3.61372,28050
PET,12/4/2012 00:00:00,3.61372,3.64514,3.61372,3.64514,22830
PET,12/5/2012 00:00:00,3.67656,3.73941,3.64514,3.64514,180120
PET,12/6/2012 00:00:00,3.64514,3.67656,3.61372,3.64514,55690
PET,12/7/2012 00:00:00,3.58229,3.67656,3.58229,3.64514,61290
PET,12/10/2012 00:00:00,3.61372,3.73941,3.61372,3.73941,189990
PET,12/11/2012 00:00:00,3.73941,3.86511,3.70799,3.83368,450330
PET,12/12/2012 00:00:00,3.86511,3.95938,3.86511,3.92795,545530
PET,12/13/2012 00:00:00,3.95938,4.05365,3.92795,4.02222,820980
PET,12/14/2012 00:00:00,4.02222,4.05365,3.9908,3.9908,474490
PET,12/17/2012 00:00:00,3.95938,4.02222,3.95938,4.02222,356190
PET,12/18/2012 00:00:00,4.02222,4.02222,3.95938,3.9908,133100
PET,12/19/2012 00:00:00,3.95938,4.02222,3.95938,3.9908,501140
PET,12/20/2012 00:00:00,3.9908,4.02222,3.95938,3.9908,129710
PET,12/21/2012 00:00:00,3.9908,3.9908,3.89653,3.95938,189320
PET,12/24/2012 00:00:00,3.89653,3.9908,3.89653,3.95938,161880
PET,12/25/2012 00:00:00,3.9908,3.9908,3.89653,3.89653,249350
PET,12/26/2012 00:00:00,3.86511,3.95938,3.86511,3.95938,102480
PET,12/27/2012 00:00:00,3.95938,3.9908,3.92795,3.92795,466480
PET,12/28/2012 00:00:00,3.95938,3.95938,3.92795,3.92795,158030
PET,1/2/2013 00:00:00,3.92795,4.08507,3.92795,4.08507,457400
PET,1/3/2013 00:00:00,4.05365,4.05365,3.9908,4.02222,250300
PET,1/4/2013 00:00:00,3.9908,4.08507,3.9908,4.05365,386770
PET,1/7/2013 00:00:00,4.08507,4.11649,4.05365,4.08507,1.07105e+006
PET,1/8/2013 00:00:00,4.05365,4.11649,4.05365,4.11649,669480
PET,1/9/2013 00:00:00,4.14792,4.30504,4.08507,4.11649,875570
PET,1/10/2013 00:00:00,4.11649,4.17934,4.08507,4.17934,291540
PET,1/11/2013 00:00:00,4.21076,4.21076,4.11649,4.14792,337600
PET,1/14/2013 00:00:00,4.11649,4.14792,4.05365,4.11649,157260
PET,1/15/2013 00:00:00,4.14792,4.21076,4.08507,4.17934,244320
PET,1/16/2013 00:00:00,4.24219,4.27361,4.17934,4.24219,582680
PET,1/17/2013 00:00:00,4.24219,4.27361,4.14792,4.14792,184190
PET,1/18/2013 00:00:00,4.11649,4.14792,4.08507,4.11649,224750
PET,1/21/2013 00:00:00,4.11649,4.14792,4.08507,4.11649,196180
PET,1/22/2013 00:00:00,4.11649,4.11649,4.02222,4.05365,253910
PET,1/23/2013 00:00:00,4.11649,4.11649,3.9908,4.02222,266610
PET,1/24/2013 00:00:00,4.02222,4.14792,4.02222,4.11649,394350
PET,1/25/2013 00:00:00,4.11649,4.17934,4.08507,4.14792,483990
PET,1/28/2013 00:00:00,4.14792,4.33646,4.14792,4.24219,1.03241e+006
PET,1/29/2013 00:00:00,4.21076,4.30504,4.21076,4.24219,244630
PET,1/30/2013 00:00:00,4.30504,4.30504,4.24219,4.27361,400020
PET,1/31/2013 00:00:00,4.30504,4.55642,4.30504,4.55642,1.94354e+006
PET,2/1/2013 00:00:00,4.46215,4.525,4.43073,4.49358,273750
PET,2/4/2013 00:00:00,4.525,4.525,4.46215,4.46215,432020
PET,2/5/2013 00:00:00,4.46215,4.61927,4.36788,4.525,632140
PET,2/6/2013 00:00:00,4.525,4.58785,4.525,4.55642,268320
PET,2/7/2013 00:00:00,4.58785,4.61927,4.525,4.55642,577900
PET,2/8/2013 00:00:00,4.58785,4.68212,4.58785,4.61927,455880
PET,2/18/2013 00:00:00,4.61927,4.80781,4.61927,4.80781,507940
PET,2/19/2013 00:00:00,4.80781,5.0592,4.77639,4.99636,998240
PET,2/20/2013 00:00:00,4.87066,5.27917,4.87066,5.12205,1.31073e+006
PET,2/21/2013 00:00:00,5.1849,5.21632,4.87066,4.90208,1.12294e+006
PET,2/22/2013 00:00:00,4.96493,5.09063,4.83924,4.99636,1.45027e+006
PET,2/25/2013 00:00:00,5.02778,5.12205,4.99636,5.09063,515280
PET,2/26/2013 00:00:00,5.0592,5.09063,4.83924,4.87066,823500
PET,2/27/2013 00:00:00,4.90208,4.90208,4.74497,4.87066,568280
PET,2/28/2013 00:00:00,4.96493,4.99636,4.87066,4.90208,352050
PET,3/1/2013 00:00:00,4.90208,4.93351,4.83924,4.90208,382580
PET,3/4/2013 00:00:00,4.73421,4.90208,4.66705,4.70063,315440
PET,3/5/2013 00:00:00,4.56633,4.63348,4.43202,4.49917,398410
PET,3/6/2013 00:00:00,4.56633,4.63348,4.43202,4.63348,312520
PET,3/7/2013 00:00:00,4.56633,4.66705,4.56633,4.66705,391000
PET,3/8/2013 00:00:00,4.66705,4.70063,4.66705,4.70063,137820
PET,3/11/2013 00:00:00,4.83493,4.93566,4.76778,4.93566,549340
PET,3/12/2013 00:00:00,5.03639,5.03639,4.96924,5.03639,336430
PET,3/13/2013 00:00:00,5.03639,5.03639,4.93566,4.93566,234340
PET,3/14/2013 00:00:00,4.96924,4.96924,4.86851,4.90208,231040
PET,3/15/2013 00:00:00,4.90208,4.90208,4.86851,4.90208,141850
PET,3/18/2013 00:00:00,4.90208,4.93566,4.90208,4.90208,119110
PET,3/19/2013 00:00:00,4.86851,4.90208,4.86851,4.86851,149270
PET,3/20/2013 00:00:00,4.86851,4.96924,4.86851,4.86851,294930
PET,3/21/2013 00:00:00,4.93566,4.96924,4.86851,4.93566,302180
PET,3/22/2013 00:00:00,4.93566,5.13712,4.93566,5.03639,845970
PET,3/25/2013 00:00:00,5.03639,5.03639,4.96924,5.03639,173130
PET,3/26/2013 00:00:00,5.03639,5.37215,5.03639,5.37215,1.77513e+006
PET,3/27/2013 00:00:00,5.4393,5.4393,5.27142,5.33857,1.10398e+006
PET,3/28/2013 00:00:00,5.33857,5.33857,5.17069,5.20427,213120
PET,3/29/2013 00:00:00,5.06996,5.23784,4.96924,5.20427,393800
PET,4/1/2013 00:00:00,5.23784,5.47288,5.03639,5.47288,768770
PET,4/2/2013 00:00:00,5.47288,5.70791,5.47288,5.60718,1.25278e+006
PET,4/3/2013 00:00:00,5.60718,5.84221,5.5736,5.84221,2.60386e+006
PET,4/4/2013 00:00:00,5.84221,6.11082,5.84221,6.11082,2.35635e+006
PET,4/5/2013 00:00:00,6.11082,6.17797,5.97651,6.04367,1.2624e+006
PET,4/8/2013 00:00:00,6.01009,6.07724,5.87579,5.97651,1.25671e+006
PET,4/9/2013 00:00:00,5.97651,6.37943,5.90936,6.37943,1.85724e+006
PET,4/10/2013 00:00:00,6.37943,6.44658,5.97651,5.97651,1.53358e+006
PET,4/11/2013 00:00:00,5.97651,6.01009,5.74148,5.87579,947360
PET,4/12/2013 00:00:00,5.84221,6.04367,5.64075,5.87579,1.01257e+006
PET,4/15/2013 00:00:00,5.87579,5.87579,5.47288,5.50645,1.37286e+006
PET,4/16/2013 00:00:00,5.60718,5.77506,5.37215,5.70791,868040
PET,4/17/2013 00:00:00,5.70791,5.77506,5.60718,5.70791,467980
PET,4/18/2013 00:00:00,5.70791,5.70791,5.5736,5.60718,355320
PET,4/22/2013 00:00:00,5.54003,5.60718,5.50645,5.60718,376030
PET,4/23/2013 00:00:00,5.60718,5.80863,5.60718,5.77506,439870
PET,4/24/2013 00:00:00,5.70791,5.84221,5.67433,5.74148,349050
PET,4/25/2013 00:00:00,5.84587,6.01986,5.84587,5.95026,532910
PET,4/26/2013 00:00:00,5.98506,5.98506,5.91547,5.91547,357060
PET,5/2/2013 00:00:00,5.91547,5.95026,5.88067,5.91547,230370
PET,5/3/2013 00:00:00,5.91547,6.12425,5.88067,6.12425,413440
PET,5/6/2013 00:00:00,6.26344,6.33303,6.19384,6.29823,359410
PET,5/7/2013 00:00:00,6.29823,6.43742,6.26344,6.33303,798850
PET,5/8/2013 00:00:00,6.33303,6.75059,6.29823,6.57661,1.42213e+006
PET,5/9/2013 00:00:00,6.6114,6.85498,6.57661,6.6462,527120
PET,5/10/2013 00:00:00,6.681,6.78539,6.6114,6.7158,905780
PET,5/13/2013 00:00:00,6.75059,6.75059,6.50701,6.57661,554530
PET,5/14/2013 00:00:00,6.47222,6.54181,6.19384,6.36783,767610
PET,5/15/2013 00:00:00,6.36783,6.54181,6.29823,6.43742,370010
PET,5/16/2013 00:00:00,6.43742,6.54181,6.40262,6.40262,452590
PET,5/17/2013 00:00:00,6.43742,6.6114,6.33303,6.57661,1.21807e+006
PET,5/20/2013 00:00:00,6.57661,7.02897,6.57661,7.02897,2.08441e+006
PET,5/21/2013 00:00:00,7.23775,7.37694,7.02897,7.13336,968740
PET,5/22/2013 00:00:00,7.13336,7.27254,6.95937,6.99417,764510
PET,5/23/2013 00:00:00,6.95937,7.27254,6.88978,7.09856,1.37935e+006
PET,5/24/2013 00:00:00,7.20295,7.44653,7.02897,7.30734,908960
PET,5/27/2013 00:00:00,7.30734,7.65531,7.30734,7.65531,1.71988e+006
PET,5/28/2013 00:00:00,7.7249,8.17726,7.65531,8.17726,2.54171e+006
PET,5/29/2013 00:00:00,8.49043,8.66442,8.21206,8.42084,2.23839e+006
PET,5/30/2013 00:00:00,8.35125,8.45564,8.24686,8.42084,1.49533e+006
PET,5/31/2013 00:00:00,8.49043,8.66442,8.28165,8.38604,1.37135e+006
PET,6/3/2013 00:00:00,8.28165,8.42084,8.10767,8.17726,1.11167e+006
PET,6/4/2013 00:00:00,8.17726,8.28165,7.96848,8.00328,1.27718e+006
PET,6/5/2013 00:00:00,8.00328,8.45564,8.00328,8.45564,1.29276e+006
PET,6/6/2013 00:00:00,8.45564,8.94279,8.38604,8.8732,1.49567e+006
PET,6/7/2013 00:00:00,8.73401,8.80361,8.31645,8.69922,2.65073e+006
PET,6/10/2013 00:00:00,8.80361,8.94279,8.52523,8.52523,2.23631e+006
PET,6/11/2013 00:00:00,8.42084,8.52523,8.24686,8.35125,1.04889e+006
PET,6/12/2013 00:00:00,8.35125,8.35125,8.14247,8.17726,2.11736e+006
PET,6/13/2013 00:00:00,8.14247,8.42084,8.07287,8.35125,1.47861e+006
PET,6/14/2013 00:00:00,8.56003,8.56003,8.35125,8.35125,602360
PET,6/17/2013 00:00:00,8.38604,8.38604,7.7945,7.7945,1.45181e+006
PET,6/18/2013 00:00:00,7.44653,7.65531,7.30734,7.37694,1.55191e+006
PET,6/19/2013 00:00:00,7.51612,7.86409,7.48133,7.86409,789090
PET,6/20/2013 00:00:00,7.93369,8.07287,7.7249,7.7249,594080
PET,6/21/2013 00:00:00,7.65531,7.96848,7.51612,7.96848,3.21124e+006
PET,6/24/2013 00:00:00,7.96848,7.96848,7.62051,7.65531,673430
PET,6/25/2013 00:00:00,7.65531,7.65531,7.13336,7.13336,1.42263e+006
PET,6/26/2013 00:00:00,7.06376,7.27254,6.75059,6.85498,917650
PET,6/27/2013 00:00:00,6.95937,7.30734,6.88978,7.30734,625710
PET,6/28/2013 00:00:00,7.41173,7.65531,7.37694,7.44653,948210
PET,7/1/2013 00:00:00,7.37694,7.37694,7.16815,7.27254,502490
PET,7/2/2013 00:00:00,7.27254,7.51612,7.27254,7.51612,684850
PET,7/3/2013 00:00:00,7.48133,7.55092,7.34214,7.34214,413040
PET,7/4/2013 00:00:00,7.37694,7.7249,7.34214,7.69011,934490
PET,7/5/2013 00:00:00,7.69011,8.03808,7.69011,7.7945,1.10629e+006
PET,7/8/2013 00:00:00,7.7597,7.7945,7.55092,7.65531,583850
PET,7/9/2013 00:00:00,7.62051,7.69011,7.55092,7.65531,451990
PET,7/10/2013 00:00:00,7.65531,7.7945,7.55092,7.55092,421370
PET,7/11/2013 00:00:00,7.55092,7.65531,7.48133,7.58572,350920
PET,7/12/2013 00:00:00,7.69011,7.93369,7.69011,7.93369,663800
PET,7/15/2013 00:00:00,7.93369,8.14247,7.93369,7.96848,919220
PET,7/16/2013 00:00:00,8.00328,8.24686,8.00328,8.14247,993800
PET,7/17/2013 00:00:00,8.03808,8.17726,7.96848,8.10767,839450
PET,7/18/2013 00:00:00,8.00328,8.14247,7.89889,7.89889,927630
PET,7/19/2013 00:00:00,7.89889,8.00328,7.86409,7.93369,525010
PET,7/22/2013 00:00:00,8.00328,8.00328,7.7597,7.7945,585020
PET,7/23/2013 00:00:00,7.7945,7.89889,7.7597,7.82929,271460
PET,7/24/2013 00:00:00,7.82929,7.82929,7.58572,7.69011,358910
PET,7/25/2013 00:00:00,7.65531,7.69011,7.30734,7.30734,713820
PET,7/26/2013 00:00:00,7.30734,7.44653,7.13336,7.30734,626460
PET,7/29/2013 00:00:00,7.30734,7.37694,7.02897,7.06376,517230
PET,7/30/2013 00:00:00,7.06376,7.48133,7.06376,7.37694,536210
PET,7/31/2013 00:00:00,7.41173,7.44653,7.23775,7.30734,270720
PET,8/1/2013 00:00:00,7.23775,7.41173,7.20295,7.30734,329870
PET,8/2/2013 00:00:00,7.34214,7.37694,7.27254,7.34214,285850
PET,8/5/2013 00:00:00,7.30734,7.41173,7.27254,7.30734,280810
PET,8/6/2013 00:00:00,7.30734,7.44653,7.30734,7.44653,454480
PET,8/7/2013 00:00:00,7.48133,7.7945,7.44653,7.69011,736210
PET,8/8/2013 00:00:00,7.7597,7.7597,7.51612,7.51612,350150
PET,8/9/2013 00:00:00,7.48133,7.62051,7.48133,7.51612,322050
PET,8/12/2013 00:00:00,7.51612,7.58572,7.41173,7.44653,211050
PET,8/13/2013 00:00:00,7.48133,7.48133,7.34214,7.34214,332130
PET,8/14/2013 00:00:00,7.34214,7.58572,7.30734,7.58572,361020
PET,8/15/2013 00:00:00,7.58572,7.82929,7.51612,7.7597,875640
PET,8/16/2013 00:00:00,7.7597,7.89889,7.69011,7.86409,847250
PET,8/19/2013 00:00:00,7.7945,8.00328,7.7945,7.89889,737800
PET,8/20/2013 00:00:00,7.86409,7.96848,7.7945,7.82929,712700
PET,8/21/2013 00:00:00,7.86409,7.86409,7.62051,7.69011,522770
PET,8/22/2013 00:00:00,7.65531,7.7597,7.51612,7.55092,380700
PET,8/23/2013 00:00:00,7.55092,7.62051,7.37694,7.48133,345820
PET,8/26/2013 00:00:00,7.48133,7.58572,7.34214,7.58572,261130
PET,8/27/2013 00:00:00,7.58572,7.58572,7.34214,7.34214,302450
PET,8/28/2013 00:00:00,7.30734,7.30734,7.02897,7.06376,923980
PET,8/29/2013 00:00:00,7.06376,7.23775,6.92458,6.92458,314460
PET,8/30/2013 00:00:00,6.99417,7.13336,6.95937,7.13336,430520
PET,9/3/2013 00:00:00,7.16815,7.23775,6.85498,6.85498,788500
PET,9/4/2013 00:00:00,6.99417,6.99417,6.75059,6.78539,464610
PET,9/5/2013 00:00:00,6.78539,6.95937,6.681,6.92458,482050
PET,9/6/2013 00:00:00,6.92458,7.06376,6.82019,7.06376,348880
PET,9/9/2013 00:00:00,6.99417,7.06376,6.88978,6.92458,401320
PET,9/10/2013 00:00:00,6.99417,7.16815,6.99417,7.13336,375500
PET,9/11/2013 00:00:00,7.16815,7.30734,7.13336,7.20295,404550
PET,9/12/2013 00:00:00,7.16815,7.23775,7.13336,7.16815,271800
PET,9/13/2013 00:00:00,7.16815,7.37694,7.13336,7.27254,675930
PET,9/16/2013 00:00:00,7.44653,7.44653,7.13336,7.13336,905920
PET,9/17/2013 00:00:00,7.09856,7.30734,7.09856,7.23775,691630
PET,9/18/2013 00:00:00,7.30734,7.41173,7.27254,7.34214,603530
PET,9/19/2013 00:00:00,7.41173,7.55092,7.37694,7.44653,536020
PET,9/20/2013 00:00:00,7.48133,7.51612,7.34214,7.37694,326630
PET,9/23/2013 00:00:00,7.30734,7.55092,7.30734,7.55092,447990
PET,9/24/2013 00:00:00,7.51612,7.7249,7.51612,7.7249,690710
PET,9/25/2013 00:00:00,7.7249,7.7945,7.65531,7.69011,582320
PET,9/26/2013 00:00:00,7.69011,7.7597,7.62051,7.7249,641560
PET,9/27/2013 00:00:00,7.94353,8.01641,7.83422,7.87066,1.0271e+006
PET,9/30/2013 00:00:00,7.97997,7.97997,7.87066,7.90709,258360
PET,10/1/2013 00:00:00,7.90709,8.01641,7.83422,7.87066,547290
PET,10/2/2013 00:00:00,7.87066,7.90709,7.76134,7.76134,660040
PET,10/3/2013 00:00:00,7.79778,7.79778,7.65203,7.79778,479700
PET,10/4/2013 00:00:00,7.76134,7.94353,7.7249,7.94353,541730
PET,10/7/2013 00:00:00,8.01641,8.01641,7.90709,7.94353,352370
PET,10/8/2013 00:00:00,7.97997,7.97997,7.79778,7.90709,228300
PET,10/9/2013 00:00:00,7.83422,7.87066,7.79778,7.83422,243590
PET,10/10/2013 00:00:00,7.79778,7.83422,7.65203,7.65203,580120
PET,10/11/2013 00:00:00,7.7249,7.83422,7.65203,7.65203,532700
PET,10/14/2013 00:00:00,7.65203,7.7249,7.57915,7.57915,183030
PET,10/15/2013 00:00:00,7.57915,7.76134,7.57915,7.68847,249110
PET,10/16/2013 00:00:00,7.68847,7.79778,7.65203,7.76134,395530
PET,10/17/2013 00:00:00,7.79778,7.90709,7.79778,7.87066,764960
PET,10/18/2013 00:00:00,7.87066,7.90709,7.79778,7.83422,257000
PET,10/21/2013 00:00:00,7.87066,8.05285,7.79778,7.87066,884000
PET,10/22/2013 00:00:00,7.87066,8.01641,7.87066,7.94353,457760
PET,10/23/2013 00:00:00,7.94353,8.1986,7.94353,8.08929,2.07277e+006
PET,10/24/2013 00:00:00,8.08929,8.12572,7.90709,7.90709,885750
PET,10/25/2013 00:00:00,7.90709,7.97997,7.83422,7.90709,341290
PET,10/28/2013 00:00:00,7.90709,7.90709,7.68847,7.68847,878510
PET,10/29/2013 00:00:00,7.61559,7.79778,7.61559,7.79778,559130
PET,10/30/2013 00:00:00,7.7249,7.83422,7.7249,7.76134,159770
PET,10/31/2013 00:00:00,7.79778,7.83422,7.68847,7.68847,179360
PET,11/1/2013 00:00:00,7.68847,7.76134,7.68847,7.7249,101310
PET,11/4/2013 00:00:00,7.7249,7.79778,7.7249,7.76134,344090
PET,11/5/2013 00:00:00,7.76134,7.87066,7.7249,7.87066,513420
PET,11/6/2013 00:00:00,7.87066,7.90709,7.79778,7.79778,725840
PET,11/7/2013 00:00:00,7.83422,7.97997,7.76134,7.83422,1.44044e+006
PET,11/8/2013 00:00:00,7.79778,7.83422,7.76134,7.79778,320160
PET,11/11/2013 00:00:00,7.76134,7.87066,7.76134,7.83422,640790
PET,11/12/2013 00:00:00,7.87066,7.94353,7.79778,7.79778,765510
PET,11/13/2013 00:00:00,7.76134,7.87066,7.76134,7.76134,372290
PET,11/14/2013 00:00:00,7.79778,7.87066,7.7249,7.76134,407370
PET,11/15/2013 00:00:00,7.79778,7.94353,7.79778,7.90709,737870
PET,11/18/2013 00:00:00,7.90709,8.12572,7.90709,7.97997,1.48536e+006
PET,11/19/2013 00:00:00,7.97997,8.05285,7.94353,7.94353,896040
PET,11/20/2013 00:00:00,7.90709,7.97997,7.87066,7.94353,935510
PET,11/21/2013 00:00:00,7.97997,8.23504,7.90709,7.90709,2.27065e+006
PET,11/22/2013 00:00:00,7.90709,7.94353,7.79778,7.94353,952140
PET,11/25/2013 00:00:00,7.94353,8.23504,7.90709,8.08929,2.8827e+006
PET,11/26/2013 00:00:00,8.08929,8.1986,8.05285,8.12572,873060
PET,11/27/2013 00:00:00,8.1986,8.1986,8.08929,8.12572,1.26228e+006
PET,11/28/2013 00:00:00,8.12572,8.1986,8.01641,8.05285,745250
PET,11/29/2013 00:00:00,8.05285,8.05285,7.94353,7.97997,712770
PET,12/2/2013 00:00:00,7.97997,8.16216,7.97997,8.05285,1.00081e+006
PET,12/3/2013 00:00:00,8.05285,8.16216,8.01641,8.01641,1.15829e+006
PET,12/4/2013 00:00:00,8.01641,8.12572,8.01641,8.05285,1.16151e+006
PET,12/5/2013 00:00:00,8.05285,8.16216,8.01641,8.05285,911140
PET,12/6/2013 00:00:00,8.05285,8.08929,7.97997,7.97997,644530
PET,12/9/2013 00:00:00,7.97997,8.05285,7.94353,7.94353,990450
PET,12/10/2013 00:00:00,7.94353,7.97997,7.87066,7.87066,635860
PET,12/11/2013 00:00:00,7.87066,7.90709,7.79778,7.79778,1.08626e+006
PET,12/12/2013 00:00:00,7.79778,7.83422,7.68847,7.76134,456970
PET,12/13/2013 00:00:00,7.76134,7.83422,7.76134,7.79778,250560
PET,12/16/2013 00:00:00,7.83422,7.83422,7.7249,7.79778,284180
PET,12/17/2013 00:00:00,7.79778,7.83422,7.76134,7.79778,370190
PET,12/18/2013 00:00:00,7.83422,7.83422,7.76134,7.76134,233310
PET,12/19/2013 00:00:00,7.76134,7.90709,7.76134,7.83422,842690
PET,12/20/2013 00:00:00,7.79778,7.87066,7.79778,7.83422,571460
PET,12/23/2013 00:00:00,7.83422,7.83422,7.76134,7.79778,444810
PET,12/24/2013 00:00:00,7.79778,7.87066,7.76134,7.83422,446960
PET,12/25/2013 00:00:00,7.87066,7.87066,7.76134,7.76134,240390
PET,12/26/2013 00:00:00,7.76134,7.79778,7.68847,7.68847,527460
PET,12/27/2013 00:00:00,7.7249,7.76134,7.65203,7.65203,312490
PET,12/30/2013 00:00:00,7.65203,7.65203,7.36052,7.39696,609990
PET,12/31/2013 00:00:00,7.39696,7.57915,7.39696,7.57915,292820
PET,1/2/2014 00:00:00,7.57915,7.65203,7.46984,7.50627,219120
PET,1/3/2014 00:00:00,7.46984,7.50627,7.4334,7.4334,123170
PET,1/6/2014 00:00:00,7.46984,7.65203,7.4334,7.65203,362520
PET,1/7/2014 00:00:00,7.65203,7.76134,7.57915,7.57915,398390
PET,1/8/2014 00:00:00,7.54271,7.83422,7.54271,7.83422,931080
PET,1/9/2014 00:00:00,7.87066,7.94353,7.87066,7.94353,951090
PET,1/10/2014 00:00:00,8.08929,8.27148,7.97997,7.97997,1.72747e+006
PET,1/13/2014 00:00:00,7.97997,8.12572,7.97997,7.97997,1.05072e+006
PET,1/14/2014 00:00:00,7.94353,8.05285,7.94353,7.97997,1.30264e+006
PET,1/15/2014 00:00:00,7.94353,8.01641,7.87066,7.87066,872750
PET,1/16/2014 00:00:00,7.87066,7.90709,7.7249,7.83422,869640
PET,1/17/2014 00:00:00,7.90709,7.97997,7.83422,7.87066,915980
PET,1/20/2014 00:00:00,7.94353,7.94353,7.76134,7.83422,514750
PET,1/21/2014 00:00:00,7.87066,7.87066,7.79778,7.83422,417020
PET,1/22/2014 00:00:00,7.87066,8.05285,7.83422,7.83422,729200
PET,1/23/2014 00:00:00,7.87066,7.94353,7.83422,7.90709,136290
PET,1/24/2014 00:00:00,7.97997,7.97997,7.87066,7.90709,372850
PET,1/27/2014 00:00:00,7.94353,7.94353,7.79778,7.90709,324390
PET,2/6/2014 00:00:00,7.83422,7.94353,7.83422,7.90709,240790
PET,2/7/2014 00:00:00,7.97997,8.01641,7.87066,7.90709,681620
PET,2/10/2014 00:00:00,7.94353,8.05285,7.87066,8.05285,849030
PET,2/11/2014 00:00:00,8.16216,8.59942,8.16216,8.30792,4.59291e+006
PET,2/12/2014 00:00:00,8.52654,8.70874,8.45367,8.56298,1.44205e+006
PET,2/13/2014 00:00:00,8.63586,8.63586,8.41723,8.49011,1.04104e+006
PET,2/14/2014 00:00:00,8.41723,8.49011,8.30792,8.41723,2.07074e+006
PET,2/17/2014 00:00:00,8.38079,8.38079,8.01641,8.1986,1.92676e+006
PET,2/18/2014 00:00:00,8.30792,8.34435,8.1986,8.27148,897810
PET,2/19/2014 00:00:00,8.34435,8.34435,8.1986,8.27148,876960
PET,2/20/2014 00:00:00,8.34435,8.41723,7.87066,8.01641,1.70736e+006
PET,2/21/2014 00:00:00,8.01641,8.12572,7.94353,8.05285,582900
PET,2/24/2014 00:00:00,8.12572,8.12572,7.94353,8.08929,394350
PET,2/25/2014 00:00:00,8.05285,8.23504,8.05285,8.23504,733330
PET,2/26/2014 00:00:00,8.27148,8.34435,8.16216,8.27148,804270
PET,2/27/2014 00:00:00,8.27148,8.27148,8.12572,8.12572,806110
PET,2/28/2014 00:00:00,8.12572,8.16216,7.97997,8.01641,712660
PET,3/3/2014 00:00:00,7.97997,8.01641,7.68847,7.68847,1.17095e+006
PET,3/4/2014 00:00:00,7.65203,7.68847,7.4334,7.61559,1.08285e+006
PET,3/5/2014 00:00:00,7.65203,7.7249,7.57915,7.65203,541470
PET,3/6/2014 00:00:00,7.97997,8.12572,7.90709,8.01641,2.08336e+006
PET,3/7/2014 00:00:00,8.01641,8.01641,7.87066,7.87066,505680
PET,3/10/2014 00:00:00,7.79778,8.12572,7.79778,8.12572,1.38991e+006
PET,3/11/2014 00:00:00,8.12572,8.16216,7.94353,7.94353,1.17541e+006
PET,3/12/2014 00:00:00,7.94353,8.01641,7.83422,7.87066,481770
PET,3/13/2014 00:00:00,7.97997,7.97997,7.87066,7.90709,477450
PET,3/14/2014 00:00:00,7.90709,7.94353,7.83422,7.83422,926090
PET,3/17/2014 00:00:00,7.90709,7.90709,7.76134,7.76134,1.01413e+006
PET,3/18/2014 00:00:00,7.76134,7.97997,7.7249,7.87066,1.23098e+006
PET,3/19/2014 00:00:00,7.90709,8.08929,7.83422,8.01641,1.84333e+006
PET,3/20/2014 00:00:00,8.08929,8.08929,7.83422,7.87066,1.33916e+006
PET,3/21/2014 00:00:00,7.87066,7.97997,7.83422,7.97997,744250
PET,3/24/2014 00:00:00,7.97997,8.45367,7.90709,8.30792,2.90044e+006
PET,3/25/2014 00:00:00,8.30792,8.30792,8.08929,8.12572,1.7274e+006
PET,3/26/2014 00:00:00,8.12572,8.12572,7.87066,7.90709,1.28743e+006
PET,3/27/2014 00:00:00,7.90709,7.90709,7.79778,7.90709,1.13034e+006
PET,3/28/2014 00:00:00,7.90709,7.97997,7.83422,7.90709,343800
PET,3/31/2014 00:00:00,7.87066,7.94353,7.83422,7.83422,540830
PET,4/1/2014 00:00:00,7.87066,7.87066,7.65203,7.68847,642790
PET,4/2/2014 00:00:00,7.68847,7.7249,7.4334,7.50627,763870
PET,4/3/2014 00:00:00,7.50627,7.65203,7.50627,7.61559,562510
PET,4/4/2014 00:00:00,7.65203,7.65203,7.50627,7.54271,324030
PET,4/7/2014 00:00:00,7.54271,7.65203,7.54271,7.57915,608880
PET,4/8/2014 00:00:00,7.57915,7.79778,7.57915,7.7249,455170
PET,4/10/2014 00:00:00,7.79778,7.79778,7.65203,7.68847,265090
PET,4/11/2014 00:00:00,7.68847,7.68847,7.54271,7.57915,491410
PET,4/14/2014 00:00:00,7.57915,7.61559,7.4334,7.4334,510690
PET,4/15/2014 00:00:00,7.46984,7.46984,7.28765,7.28765,582650
PET,4/16/2014 00:00:00,7.28765,7.32408,6.77751,6.77751,1.17038e+006
PET,4/17/2014 00:00:00,6.92326,6.99614,6.81395,6.81395,661130
PET,4/18/2014 00:00:00,6.70463,6.74107,6.55888,6.55888,1.23765e+006
PET,4/21/2014 00:00:00,6.41313,6.55888,6.34025,6.34025,583320
PET,4/22/2014 00:00:00,6.30381,6.52244,6.26737,6.486,298510
PET,4/23/2014 00:00:00,6.486,6.52244,6.37669,6.37669,210120
PET,4/24/2014 00:00:00,6.34025,6.52244,6.34025,6.52244,319170
PET,4/25/2014 00:00:00,6.52244,6.55888,6.52244,6.52244,324090
PET,4/28/2014 00:00:00,6.52244,6.52244,6.44957,6.486,345640
PET,4/29/2014 00:00:00,6.486,6.52244,6.41313,6.486,238220
PET,5/5/2014 00:00:00,6.52244,6.52244,6.23094,6.26737,407230
PET,5/6/2014 00:00:00,6.15806,6.1945,5.97587,6.08518,739870
PET,5/7/2014 00:00:00,5.97587,6.1945,5.93943,6.08518,245790
PET,5/8/2014 00:00:00,5.90299,5.90299,5.68436,5.68436,961400
PET,5/9/2014 00:00:00,5.50217,5.86655,5.50217,5.79368,452530
PET,5/12/2014 00:00:00,5.64792,5.64792,5.39286,5.39286,496450
PET,5/13/2014 00:00:00,5.28354,5.4293,5.17423,5.2471,672570
PET,5/14/2014 00:00:00,5.21067,5.61149,5.21067,5.57505,735580
PET,5/15/2014 00:00:00,5.61149,5.75724,5.35642,5.53861,571080
PET,5/16/2014 00:00:00,5.61149,5.75724,5.53861,5.68436,175240
PET,5/19/2014 00:00:00,5.7208,5.79368,5.61149,5.7208,305230
PET,5/20/2014 00:00:00,5.68436,5.79368,5.64792,5.79368,368780
PET,5/21/2014 00:00:00,5.79368,6.08518,5.75724,5.97587,534980
PET,5/22/2014 00:00:00,6.20425,6.20425,6.01393,6.05199,549940
PET,5/23/2014 00:00:00,6.05199,6.09006,5.93781,5.97587,139310
PET,5/26/2014 00:00:00,5.93781,6.05199,5.86168,6.01393,182410
PET,5/27/2014 00:00:00,5.97587,6.12812,5.97587,6.09006,619820
PET,5/28/2014 00:00:00,6.09006,6.24231,6.01393,6.09006,662710
PET,5/29/2014 00:00:00,6.09006,6.12812,6.01393,6.01393,434780
PET,5/30/2014 00:00:00,5.93781,6.01393,5.93781,5.93781,319540
PET,6/2/2014 00:00:00,5.93781,5.93781,5.74749,5.82362,483530
PET,6/3/2014 00:00:00,5.82362,5.89974,5.78555,5.78555,180940
PET,6/4/2014 00:00:00,5.82362,5.82362,5.59524,5.67137,217300
PET,6/5/2014 00:00:00,5.67137,5.70943,5.59524,5.59524,203260
PET,6/6/2014 00:00:00,5.59524,5.74749,5.59524,5.74749,82830
PET,6/9/2014 00:00:00,5.67137,5.78555,5.51911,5.70943,706220
PET,6/10/2014 00:00:00,5.67137,5.70943,5.6333,5.70943,326260
PET,6/11/2014 00:00:00,5.67137,5.86168,5.6333,5.82362,587360
PET,6/12/2014 00:00:00,5.82362,6.20425,5.82362,6.09006,1.98869e+006
PET,6/13/2014 00:00:00,6.09006,6.20425,6.05199,6.16618,697730
PET,6/16/2014 00:00:00,6.16618,6.16618,5.97587,6.05199,494220
PET,6/17/2014 00:00:00,6.05199,6.16618,5.97587,6.12812,800840
PET,6/18/2014 00:00:00,6.16618,6.16618,6.05199,6.05199,669960
PET,6/19/2014 00:00:00,6.01393,6.05199,5.89974,5.97587,732750
PET,6/20/2014 00:00:00,6.01393,6.05199,5.86168,5.93781,3.86426e+006
PET,6/23/2014 00:00:00,6.01393,6.20425,5.97587,6.09006,777360
PET,6/24/2014 00:00:00,6.09006,6.12812,6.05199,6.05199,348360
PET,6/25/2014 00:00:00,6.09006,6.47069,6.05199,6.47069,3.3599e+006
PET,6/26/2014 00:00:00,6.54681,6.77519,6.54681,6.58488,1.78432e+006
PET,6/27/2014 00:00:00,6.58488,6.62294,6.50875,6.50875,945630
PET,6/30/2014 00:00:00,6.54681,6.77519,6.54681,6.73713,2.20026e+006
PET,7/1/2014 00:00:00,6.69906,6.85132,6.69906,6.73713,1.10936e+006
PET,7/2/2014 00:00:00,6.73713,7.00357,6.69906,7.00357,1.68867e+006
PET,7/3/2014 00:00:00,7.04163,7.15582,6.88938,6.9655,1.4649e+006
PET,7/4/2014 00:00:00,7.00357,7.15582,6.92744,7.00357,1.34539e+006
PET,7/7/2014 00:00:00,7.00357,7.07969,6.88938,6.92744,1.39625e+006
PET,7/8/2014 00:00:00,6.88938,7.00357,6.85132,6.92744,1.37702e+006
PET,7/9/2014 00:00:00,6.92744,7.00357,6.88938,6.92744,1.39915e+006
PET,7/10/2014 00:00:00,6.92744,6.92744,6.661,6.73713,1.57498e+006
PET,7/11/2014 00:00:00,6.73713,6.77519,6.661,6.73713,706050
PET,7/14/2014 00:00:00,6.77519,7.04163,6.77519,6.9655,2.61437e+006
PET,7/15/2014 00:00:00,7.00357,7.23194,7.00357,7.11775,2.07515e+006
PET,7/16/2014 00:00:00,7.23194,7.27001,7.00357,7.00357,1.57783e+006
PET,7/17/2014 00:00:00,7.00357,7.04163,6.92744,7.04163,1.43641e+006
PET,7/18/2014 00:00:00,7.00357,7.04163,6.88938,6.92744,1.24624e+006
PET,7/21/2014 00:00:00,6.92744,7.00357,6.81325,6.81325,1.18792e+006
PET,7/22/2014 00:00:00,6.77519,6.81325,6.62294,6.69906,1.4916e+006
PET,7/23/2014 00:00:00,6.69906,6.88938,6.69906,6.85132,1.11036e+006
PET,7/24/2014 00:00:00,6.85132,7.11775,6.81325,7.07969,2.75915e+006
PET,7/25/2014 00:00:00,7.11775,7.11775,6.88938,6.88938,1.30681e+006
PET,7/28/2014 00:00:00,6.92744,6.92744,6.661,6.77519,1.49479e+006
PET,7/29/2014 00:00:00,6.77519,6.81325,6.69906,6.81325,563410
PET,7/30/2014 00:00:00,6.77519,6.85132,6.73713,6.73713,454300
PET,7/31/2014 00:00:00,6.73713,6.88938,6.73713,6.81325,516210
PET,8/1/2014 00:00:00,6.73713,6.81325,6.62294,6.69906,912710
PET,8/4/2014 00:00:00,6.62294,6.73713,6.62294,6.69906,614180
PET,8/5/2014 00:00:00,6.73713,6.85132,6.73713,6.81325,573590
PET,8/6/2014 00:00:00,6.85132,6.92744,6.81325,6.85132,1.13684e+006
PET,8/7/2014 00:00:00,6.85132,7.15582,6.85132,7.07969,2.55077e+006
PET,8/8/2014 00:00:00,7.07969,7.15582,6.9655,6.9655,1.61448e+006
PET,8/11/2014 00:00:00,7.04163,7.07969,7.00357,7.00357,1.81531e+006
PET,8/12/2014 00:00:00,7.00357,7.04163,6.88938,6.92744,800620
PET,8/13/2014 00:00:00,6.9655,7.34613,6.9655,7.27001,3.19922e+006
PET,8/14/2014 00:00:00,7.38419,7.49838,7.27001,7.38419,2.72954e+006
PET,8/15/2014 00:00:00,7.34613,7.80289,7.34613,7.6887,3.72405e+006
PET,8/18/2014 00:00:00,7.6887,8.10739,7.6887,8.06933,3.25423e+006
PET,8/19/2014 00:00:00,8.10739,8.10739,7.91708,7.9932,3.13172e+006
PET,8/20/2014 00:00:00,7.9932,8.33577,7.91708,8.06933,2.48503e+006
PET,8/21/2014 00:00:00,8.14545,8.33577,8.14545,8.14545,3.01255e+006
PET,8/22/2014 00:00:00,8.14545,8.2977,8.06933,8.06933,1.5527e+006
PET,8/25/2014 00:00:00,8.18351,8.25964,8.06933,8.06933,2.52753e+006
PET,8/26/2014 00:00:00,8.10739,8.2977,8.03126,8.18351,2.59607e+006
PET,8/27/2014 00:00:00,8.2977,8.75446,8.2977,8.75446,4.04648e+006
PET,8/28/2014 00:00:00,8.86865,9.17315,8.86865,9.0209,1.72743e+006
PET,8/29/2014 00:00:00,8.98283,9.28734,8.98283,9.05896,2.33704e+006
PET,9/3/2014 00:00:00,9.3254,9.40153,8.94477,8.98283,2.80693e+006
PET,9/4/2014 00:00:00,8.94477,9.0209,8.7164,8.90671,1.90424e+006
PET,9/5/2014 00:00:00,8.98283,9.3254,8.98283,9.21121,2.01988e+006
PET,9/8/2014 00:00:00,9.21121,9.70603,9.17315,9.70603,3.06442e+006
PET,9/9/2014 00:00:00,9.78216,10.0105,9.05896,9.05896,4.85284e+006
PET,9/10/2014 00:00:00,9.05896,9.51572,8.56414,9.51572,2.60637e+006
PET,9/11/2014 00:00:00,9.59184,9.70603,9.36346,9.36346,2.28363e+006
PET,9/12/2014 00:00:00,9.3254,9.78216,9.24928,9.66797,2.73513e+006
PET,9/15/2014 00:00:00,9.89634,10.2008,9.78216,9.82022,3.21878e+006
PET,9/16/2014 00:00:00,9.6299,9.89634,9.47765,9.89634,2.48038e+006
PET,9/17/2014 00:00:00,9.97247,10.0486,9.36346,9.36346,2.31322e+006
PET,9/18/2014 00:00:00,9.24928,9.36346,8.75446,8.75446,3.48852e+006
PET,9/19/2014 00:00:00,8.75446,9.0209,8.75446,8.86865,852730
PET,9/22/2014 00:00:00,8.98283,9.13509,8.86865,8.86865,698600
PET,9/23/2014 00:00:00,8.86865,9.0209,8.75446,8.75446,957970
PET,9/24/2014 00:00:00,8.75446,8.75446,8.33577,8.37383,2.04834e+006
PET,9/25/2014 00:00:00,8.56414,8.79252,8.33577,8.79252,1.39809e+006
PET,9/26/2014 00:00:00,8.83058,9.09702,8.83058,8.86865,1.85218e+006
PET,9/29/2014 00:00:00,8.90671,8.90671,8.67833,8.75446,1.16485e+006
PET,9/30/2014 00:00:00,8.75446,8.86865,8.67833,8.7164,1.14061e+006
PET,10/1/2014 00:00:00,8.94477,8.94477,8.79252,8.86865,1.2838e+006
PET,10/2/2014 00:00:00,8.98283,9.0209,8.86865,8.98283,1.17993e+006
PET,10/3/2014 00:00:00,9.0209,9.36346,9.0209,9.24928,2.41124e+006
PET,10/6/2014 00:00:00,9.24928,9.6299,9.24928,9.51572,1.95934e+006
PET,10/7/2014 00:00:00,9.6299,9.66797,9.51572,9.55378,1.60307e+006
PET,10/8/2014 00:00:00,9.51572,9.55378,9.3254,9.40153,2.24085e+006
PET,10/9/2014 00:00:00,9.47765,9.66797,9.43959,9.47765,2.11827e+006
PET,10/10/2014 00:00:00,9.43959,9.47765,9.24928,9.28734,1.75264e+006
PET,10/13/2014 00:00:00,9.24928,9.28734,9.13509,9.21121,815320
PET,10/14/2014 00:00:00,9.24928,9.3254,9.05896,9.05896,734400
PET,10/15/2014 00:00:00,8.98283,9.09702,8.86865,8.98283,1.37837e+006
PET,10/16/2014 00:00:00,8.94477,8.94477,8.44995,8.44995,1.55444e+006
PET,10/17/2014 00:00:00,8.48802,8.64027,8.2977,8.52608,1.73543e+006
PET,10/20/2014 00:00:00,8.56414,8.86865,8.56414,8.67833,840230
PET,10/21/2014 00:00:00,8.67833,8.86865,8.60221,8.75446,749880
PET,10/22/2014 00:00:00,8.75446,8.90671,8.75446,8.90671,698260
PET,10/23/2014 00:00:00,8.75446,8.98283,8.67833,8.67833,791290
PET,10/24/2014 00:00:00,8.67833,8.79252,8.52608,8.75446,909110
PET,10/27/2014 00:00:00,8.67833,8.7164,8.25964,8.25964,1.13822e+006
PET,10/28/2014 00:00:00,8.25964,8.56414,8.18351,8.44995,1.49782e+006
PET,10/29/2014 00:00:00,8.52608,8.75446,8.48802,8.75446,520750
PET,10/30/2014 00:00:00,8.75446,8.75446,8.56414,8.56414,509410
PET,10/31/2014 00:00:00,8.60221,8.7164,8.52608,8.67833,663740
PET,11/3/2014 00:00:00,8.83058,8.94477,8.75446,8.86865,1.26767e+006
PET,11/4/2014 00:00:00,8.83058,9.21121,8.79252,9.05896,1.97649e+006
PET,11/5/2014 00:00:00,8.98283,9.09702,8.7164,8.98283,1.10317e+006
PET,11/6/2014 00:00:00,9.0209,9.05896,8.86865,8.90671,531320
PET,11/7/2014 00:00:00,8.90671,9.05896,8.79252,8.98283,670630
PET,11/10/2014 00:00:00,9.0209,9.13509,8.98283,9.0209,1.12537e+006
PET,11/11/2014 00:00:00,8.98283,9.05896,8.90671,8.90671,1.01148e+006
PET,11/12/2014 00:00:00,8.90671,9.05896,8.90671,9.0209,1.25648e+006
PET,11/13/2014 00:00:00,9.0209,9.09702,8.94477,8.94477,741130
PET,11/14/2014 00:00:00,8.94477,8.94477,8.7164,8.90671,817230
PET,11/17/2014 00:00:00,8.86865,8.90671,8.7164,8.79252,773350
PET,11/18/2014 00:00:00,8.75446,9.05896,8.75446,8.94477,2.1672e+006
PET,11/19/2014 00:00:00,8.98283,9.40153,8.86865,9.28734,3.78294e+006
PET,11/20/2014 00:00:00,9.43959,9.89634,9.3254,9.89634,4.15878e+006
PET,11/21/2014 00:00:00,9.89634,10.0867,9.40153,9.40153,3.09377e+006
PET,11/24/2014 00:00:00,9.24928,9.36346,9.05896,9.21121,1.55451e+006
PET,11/25/2014 00:00:00,9.21121,9.43959,9.09702,9.17315,1.37438e+006
PET,11/26/2014 00:00:00,9.24928,9.24928,8.79252,8.90671,2.83591e+006
PET,11/27/2014 00:00:00,8.86865,8.94477,8.75446,8.90671,2.12712e+006
PET,11/28/2014 00:00:00,8.83058,9.21121,8.83058,8.98283,2.96001e+006
PET,12/1/2014 00:00:00,8.98283,9.21121,8.98283,9.0209,1.03688e+006
PET,12/2/2014 00:00:00,9.17315,9.24928,9.09702,9.13509,1.3689e+006
PET,12/3/2014 00:00:00,9.21121,9.28734,9.13509,9.28734,1.10202e+006
PET,12/4/2014 00:00:00,9.28734,9.3254,9.13509,9.21121,1.09252e+006
PET,12/5/2014 00:00:00,9.17315,9.17315,8.98283,9.0209,1.17046e+006
PET,12/8/2014 00:00:00,9.05896,9.21121,8.94477,8.94477,961490
PET,12/9/2014 00:00:00,8.90671,8.90671,8.33577,8.33577,3.18839e+006
PET,12/10/2014 00:00:00,8.33577,8.60221,8.10739,8.60221,1.01061e+006
PET,12/11/2014 00:00:00,8.52608,8.64027,8.37383,8.44995,613680
PET,12/12/2014 00:00:00,8.33577,8.48802,8.33577,8.37383,519150
PET,12/15/2014 00:00:00,8.33577,8.48802,8.33577,8.33577,399620
PET,12/16/2014 00:00:00,8.33577,8.33577,7.76482,7.76482,1.22065e+006
PET,12/17/2014 00:00:00,7.84095,7.91708,7.23194,7.23194,2.7356e+006
PET,12/18/2014 00:00:00,7.38419,7.72676,7.30807,7.72676,1.4906e+006
PET,12/19/2014 00:00:00,7.80289,7.9932,7.53645,7.61257,1.00462e+006
PET,12/22/2014 00:00:00,7.61257,8.10739,7.61257,8.10739,1.13227e+006
PET,12/23/2014 00:00:00,7.9932,8.22158,7.80289,7.95514,782990
PET,12/24/2014 00:00:00,8.06933,8.06933,7.95514,7.95514,389550
PET,12/25/2014 00:00:00,7.95514,7.95514,7.65063,7.72676,811690
PET,12/26/2014 00:00:00,7.76482,7.76482,7.49838,7.49838,419960
PET,12/29/2014 00:00:00,7.6887,7.6887,7.23194,7.23194,931550
PET,12/30/2014 00:00:00,7.23194,7.53645,7.15582,7.49838,624150
PET,12/31/2014 00:00:00,7.65063,7.95514,7.53645,7.87901,1.22876e+006
PET,1/5/2015 00:00:00,7.84095,8.03126,7.84095,7.87901,594550
PET,1/6/2015 00:00:00,7.65063,7.87901,7.65063,7.84095,446100
PET,1/7/2015 00:00:00,7.80289,7.91708,7.76482,7.76482,1.2996e+006
PET,1/8/2015 00:00:00,7.91708,7.91708,7.65063,7.6887,459630
PET,1/9/2015 00:00:00,7.65063,7.95514,7.65063,7.84095,896600
PET,1/12/2015 00:00:00,7.9932,8.22158,7.9932,8.06933,2.46053e+006
PET,1/13/2015 00:00:00,8.06933,8.14545,7.95514,8.03126,762730
PET,1/14/2015 00:00:00,8.06933,8.25964,7.95514,8.06933,1.22356e+006
PET,1/15/2015 00:00:00,8.10739,8.56414,8.10739,8.44995,2.37365e+006
PET,1/16/2015 00:00:00,8.48802,8.52608,8.2977,8.2977,648630
PET,1/19/2015 00:00:00,8.33577,8.41189,8.06933,8.14545,763720
PET,1/20/2015 00:00:00,8.06933,8.22158,8.06933,8.14545,446620
PET,1/21/2015 00:00:00,8.18351,8.18351,8.06933,8.10739,289740
PET,1/22/2015 00:00:00,8.06933,8.18351,7.9932,8.06933,561560
PET,1/23/2015 00:00:00,8.14545,8.22158,8.06933,8.10739,836870
PET,1/26/2015 00:00:00,8.14545,8.18351,8.06933,8.06933,363560
PET,1/27/2015 00:00:00,8.06933,8.14545,7.87901,7.95514,995660
PET,1/28/2015 00:00:00,7.95514,7.9932,7.84095,7.91708,497740
PET,1/29/2015 00:00:00,7.87901,7.91708,7.76482,7.80289,488060
PET,1/30/2015 00:00:00,7.80289,8.03126,7.80289,7.84095,1.1514e+006
PET,2/2/2015 00:00:00,7.95514,7.95514,7.76482,7.76482,123150
PET,2/3/2015 00:00:00,7.91708,7.95514,7.76482,7.76482,709580
PET,2/4/2015 00:00:00,7.76482,7.84095,7.72676,7.76482,909310
PET,2/5/2015 00:00:00,7.76482,7.87901,7.76482,7.76482,160750
PET,2/6/2015 00:00:00,7.84095,7.87901,7.76482,7.80289,427660
PET,2/9/2015 00:00:00,7.80289,7.87901,7.6887,7.6887,345360
PET,2/10/2015 00:00:00,7.6887,7.76482,7.6887,7.6887,330290
PET,2/11/2015 00:00:00,7.65063,7.84095,7.65063,7.84095,194110
PET,2/12/2015 00:00:00,7.87901,8.10739,7.87901,7.9932,970240
PET,2/13/2015 00:00:00,8.03126,8.06933,7.95514,8.06933,423380
PET,2/24/2015 00:00:00,8.18351,8.22158,8.06933,8.14545,258230
PET,2/25/2015 00:00:00,8.18351,8.22158,8.10739,8.18351,765680
PET,2/26/2015 00:00:00,8.14545,8.25964,8.14545,8.18351,479050
PET,2/27/2015 00:00:00,8.18351,8.22158,8.10739,8.10739,311390
PET,3/2/2015 00:00:00,8.06933,8.10739,7.9932,7.9932,409890
PET,3/3/2015 00:00:00,7.9932,8.18351,7.9932,8.18351,497270
PET,3/4/2015 00:00:00,8.14545,8.33577,8.14545,8.2977,462900
PET,3/5/2015 00:00:00,8.2977,8.52608,8.25964,8.33577,1.44102e+006
PET,3/6/2015 00:00:00,8.44995,8.44995,8.2977,8.37383,537760
PET,3/9/2015 00:00:00,8.37383,8.41189,8.22158,8.25964,413070
PET,3/10/2015 00:00:00,8.25964,8.2977,8.14545,8.22158,558250
PET,3/11/2015 00:00:00,8.18351,8.25964,8.14545,8.14545,269140
PET,3/12/2015 00:00:00,8.18351,8.25964,8.14545,8.14545,230460
PET,3/13/2015 00:00:00,8.18351,8.25964,8.18351,8.18351,286180
PET,3/16/2015 00:00:00,8.18351,8.18351,8.06933,8.06933,431900
PET,3/17/2015 00:00:00,8.06933,8.14545,7.9932,8.03126,539750
PET,3/18/2015 00:00:00,8.06933,8.06933,7.95514,8.06933,653970
PET,3/19/2015 00:00:00,8.10739,8.10739,7.9932,7.9932,297730
PET,3/20/2015 00:00:00,8.03126,8.06933,7.95514,8.06933,311980
PET,3/23/2015 00:00:00,8.03126,8.06933,7.87901,7.91708,548640
PET,3/24/2015 00:00:00,7.91708,7.91708,7.76482,7.80289,905130
PET,3/25/2015 00:00:00,7.84095,7.84095,7.61257,7.61257,512870
PET,3/26/2015 00:00:00,7.57451,7.6887,7.57451,7.61257,586550
PET,3/27/2015 00:00:00,7.6887,7.72676,7.53645,7.57451,436650
PET,3/30/2015 00:00:00,7.61257,7.65063,7.27001,7.49838,443060
PET,3/31/2015 00:00:00,7.49838,7.49838,7.42226,7.46032,511890
PET,4/1/2015 00:00:00,7.49838,7.53645,7.19388,7.23194,341790
PET,4/2/2015 00:00:00,7.23194,7.38419,7.04163,7.30807,386050
PET,4/3/2015 00:00:00,7.42226,7.42226,7.23194,7.30807,242230
PET,4/6/2015 00:00:00,7.38419,7.42226,7.27001,7.27001,396440
PET,4/7/2015 00:00:00,7.30807,7.38419,7.27001,7.38419,207610
PET,4/8/2015 00:00:00,7.38419,7.49838,7.38419,7.46032,192370
PET,4/9/2015 00:00:00,7.49838,7.6887,7.46032,7.65063,476260
PET,4/10/2015 00:00:00,7.6887,7.72676,7.53645,7.57451,514440
PET,4/13/2015 00:00:00,7.61257,7.72676,7.57451,7.57451,303560
PET,4/14/2015 00:00:00,7.61257,7.61257,7.46032,7.46032,141530
PET,4/15/2015 00:00:00,7.49838,7.65063,7.49838,7.61257,1.28549e+006
PET,4/16/2015 00:00:00,7.72676,7.91708,7.65063,7.6887,1.23741e+006
PET,4/17/2015 00:00:00,7.72676,7.76482,7.65063,7.65063,428140
PET,4/20/2015 00:00:00,7.6887,7.6887,7.61257,7.65063,434630
PET,4/21/2015 00:00:00,7.6887,7.84095,7.65063,7.72676,1.08443e+006
PET,4/22/2015 00:00:00,7.76482,7.84095,7.76482,7.80289,748430
PET,4/23/2015 00:00:00,7.80289,7.87901,7.6887,7.72676,440890
PET,4/24/2015 00:00:00,7.72676,7.80289,7.6887,7.6887,438200
PET,4/27/2015 00:00:00,7.76482,7.80289,7.72676,7.72676,272440
PET,5/4/2015 00:00:00,7.76482,7.76482,7.30807,7.30807,1.01093e+006
PET,5/5/2015 00:00:00,7.34613,7.38419,7.15582,7.34613,633290
PET,5/6/2015 00:00:00,7.34613,7.42226,7.19388,7.23194,679540
PET,5/7/2015 00:00:00,7.23194,7.30807,7.19388,7.30807,514850
PET,5/8/2015 00:00:00,7.30807,7.34613,7.30807,7.30807,618180
PET,5/11/2015 00:00:00,7.30807,7.53645,7.30807,7.42226,769380
PET,5/12/2015 00:00:00,7.46032,7.49838,7.34613,7.34613,299440
PET,5/13/2015 00:00:00,7.42226,7.42226,7.34613,7.38419,262000
PET,5/14/2015 00:00:00,7.34613,7.38419,7.27001,7.27001,818030
PET,5/15/2015 00:00:00,7.45063,7.45063,7.27001,7.31516,388080
PET,5/18/2015 00:00:00,7.22485,7.27001,7.13454,7.13454,490830
PET,5/19/2015 00:00:00,7.08939,7.31516,7.08939,7.27001,419660
PET,5/20/2015 00:00:00,7.27001,7.54094,7.27001,7.54094,247430
PET,5/21/2015 00:00:00,7.45063,7.49578,7.36032,7.45063,256910
PET,5/22/2015 00:00:00,7.45063,7.54094,7.36032,7.45063,429490
PET,5/25/2015 00:00:00,7.45063,7.54094,7.40547,7.45063,225670
PET,5/26/2015 00:00:00,7.58609,7.90218,7.58609,7.81187,827530
PET,5/27/2015 00:00:00,7.81187,7.85703,7.72156,7.72156,366500
PET,5/28/2015 00:00:00,7.6764,7.85703,7.6764,7.76672,400730
PET,5/29/2015 00:00:00,7.72156,7.81187,7.58609,7.6764,339400
PET,6/1/2015 00:00:00,7.6764,7.72156,7.58609,7.63125,254920
PET,6/2/2015 00:00:00,7.63125,7.6764,7.54094,7.54094,281100
PET,6/3/2015 00:00:00,7.6764,7.76672,7.58609,7.63125,282760
PET,6/4/2015 00:00:00,7.58609,7.6764,7.58609,7.63125,184660
PET,6/5/2015 00:00:00,7.58609,7.6764,7.54094,7.63125,277780
PET,6/8/2015 00:00:00,7.72156,8.0828,7.6764,7.85703,1.55739e+006
PET,6/9/2015 00:00:00,7.85703,7.94734,7.72156,7.76672,912700
PET,6/10/2015 00:00:00,7.76672,7.85703,7.6764,7.81187,447150
PET,6/11/2015 00:00:00,7.90218,8.21827,7.85703,8.21827,2.22039e+006
PET,6/12/2015 00:00:00,8.30858,8.44405,8.12796,8.35373,1.75574e+006
PET,6/15/2015 00:00:00,8.35373,8.44405,8.26342,8.26342,520890
PET,6/16/2015 00:00:00,8.21827,8.30858,7.94734,7.94734,839020
PET,6/17/2015 00:00:00,7.99249,8.03765,7.85703,7.85703,891300
PET,6/18/2015 00:00:00,8.03765,8.03765,7.94734,7.99249,299170
PET,6/19/2015 00:00:00,8.0828,8.0828,7.94734,7.94734,436590
PET,6/22/2015 00:00:00,7.94734,8.03765,7.90218,7.99249,263890
PET,6/23/2015 00:00:00,7.99249,8.0828,7.99249,8.03765,369920
PET,6/24/2015 00:00:00,8.0828,8.0828,7.99249,7.99249,585600
PET,6/25/2015 00:00:00,7.99249,8.03765,7.90218,7.94734,257060
PET,6/26/2015 00:00:00,7.85703,7.94734,7.81187,7.81187,471250
PET,6/29/2015 00:00:00,7.81187,7.85703,7.76672,7.76672,701350
PET,6/30/2015 00:00:00,7.76672,7.90218,7.72156,7.81187,428140
PET,7/1/2015 00:00:00,7.81187,7.90218,7.81187,7.90218,337700
PET,7/2/2015 00:00:00,7.99249,8.21827,7.90218,8.17311,836480
PET,7/3/2015 00:00:00,8.21827,8.21827,8.0828,8.0828,1.16143e+006
PET,7/6/2015 00:00:00,8.0828,8.35373,8.0828,8.26342,1.29987e+006
PET,7/7/2015 00:00:00,8.21827,8.57951,8.21827,8.35373,1.64211e+006
PET,7/8/2015 00:00:00,8.44405,8.4892,8.12796,8.17311,852950
PET,7/9/2015 00:00:00,8.21827,8.30858,8.17311,8.30858,905120
PET,7/10/2015 00:00:00,8.39889,8.44405,8.35373,8.35373,904420
PET,7/13/2015 00:00:00,8.39889,8.44405,8.26342,8.30858,455760
PET,7/14/2015 00:00:00,8.26342,8.44405,8.21827,8.30858,1.00073e+006
PET,7/15/2015 00:00:00,8.30858,8.53436,8.26342,8.35373,1.81508e+006
PET,7/16/2015 00:00:00,8.39889,8.44405,8.26342,8.35373,1.1845e+006
PET,7/17/2015 00:00:00,8.35373,8.39889,8.30858,8.30858,514110
PET,7/20/2015 00:00:00,8.21827,8.21827,7.94734,8.17311,1.0767e+006
PET,7/21/2015 00:00:00,8.12796,8.26342,8.0828,8.21827,1.30102e+006
PET,7/22/2015 00:00:00,8.17311,8.39889,8.17311,8.39889,673170
PET,7/23/2015 00:00:00,8.39889,8.44405,8.30858,8.35373,785380
PET,7/24/2015 00:00:00,8.35373,8.35373,8.26342,8.26342,546230
PET,7/27/2015 00:00:00,8.26342,8.39889,8.26342,8.39889,567010
PET,7/28/2015 00:00:00,8.35373,8.39889,8.26342,8.30858,619580
PET,7/29/2015 00:00:00,8.35373,8.35373,8.21827,8.21827,459390
PET,7/30/2015 00:00:00,8.21827,8.30858,8.21827,8.21827,338340
PET,7/31/2015 00:00:00,8.21827,8.26342,8.12796,8.21827,545710
PET,8/3/2015 00:00:00,8.31383,8.31383,8.02715,8.12271,680890
PET,8/4/2015 00:00:00,8.07493,8.21827,8.07493,8.21827,300500
PET,8/5/2015 00:00:00,8.21827,8.40939,8.17049,8.36161,483100
PET,8/6/2015 00:00:00,8.36161,8.36161,8.17049,8.17049,186590
PET,8/7/2015 00:00:00,8.17049,8.21827,8.12271,8.17049,184730
PET,8/10/2015 00:00:00,8.17049,8.21827,8.12271,8.21827,378970
PET,8/11/2015 00:00:00,8.17049,8.21827,8.12271,8.12271,198870
PET,8/12/2015 00:00:00,8.07493,8.12271,7.93158,7.97936,369510
PET,8/13/2015 00:00:00,7.97936,7.97936,7.78824,7.8838,359560
PET,8/14/2015 00:00:00,7.6449,7.8838,7.6449,7.78824,435130
PET,8/17/2015 00:00:00,7.74046,7.83602,7.54934,7.59712,377990
PET,8/18/2015 00:00:00,7.59712,7.8838,7.59712,7.83602,594260
PET,8/19/2015 00:00:00,7.83602,7.8838,7.74046,7.78824,536960
PET,8/20/2015 00:00:00,7.8838,7.8838,7.69268,7.74046,343440
PET,8/21/2015 00:00:00,7.6449,7.74046,7.45378,7.74046,798150
PET,8/24/2015 00:00:00,7.74046,7.74046,7.21487,7.21487,922390
PET,8/25/2015 00:00:00,6.97597,7.45378,6.97597,7.21487,614620
PET,8/26/2015 00:00:00,7.21487,7.59712,7.21487,7.50156,523200
PET,8/27/2015 00:00:00,7.50156,7.6449,7.50156,7.54934,232250
PET,8/28/2015 00:00:00,7.59712,7.69268,7.50156,7.59712,321360
PET,8/31/2015 00:00:00,7.54934,7.54934,7.45378,7.45378,152080
PET,9/1/2015 00:00:00,7.50156,7.54934,7.406,7.45378,146680
PET,9/3/2015 00:00:00,7.406,7.54934,7.35822,7.54934,378930
PET,9/4/2015 00:00:00,7.50156,7.59712,7.50156,7.54934,222980
PET,9/7/2015 00:00:00,7.45378,7.54934,7.406,7.50156,60460
PET,9/8/2015 00:00:00,7.50156,7.54934,7.45378,7.54934,125730
PET,9/9/2015 00:00:00,7.59712,7.6449,7.50156,7.54934,81030
PET,9/10/2015 00:00:00,7.50156,7.54934,7.45378,7.54934,59170
PET,9/11/2015 00:00:00,7.50156,7.54934,7.45378,7.50156,142910
PET,9/14/2015 00:00:00,7.406,7.50156,7.35822,7.45378,52340
PET,9/15/2015 00:00:00,7.406,7.45378,7.406,7.45378,107480
PET,9/16/2015 00:00:00,7.45378,7.45378,7.35822,7.45378,202780
PET,9/17/2015 00:00:00,7.45378,7.6449,7.45378,7.6449,506530
PET,9/18/2015 00:00:00,7.6449,7.74046,7.59712,7.6449,291740
PET,9/21/2015 00:00:00,7.6449,7.69268,7.59712,7.6449,50460
PET,9/22/2015 00:00:00,7.69268,7.69268,7.54934,7.6449,130660
PET,9/23/2015 00:00:00,7.59712,7.6449,7.54934,7.6449,120410
PET,9/24/2015 00:00:00,7.6449,7.69268,7.6449,7.6449,204040
PET,9/25/2015 00:00:00,7.59712,7.6449,7.54934,7.6449,81000
PET,9/28/2015 00:00:00,7.54934,7.59712,7.50156,7.59712,161570
PET,9/29/2015 00:00:00,7.50156,7.59712,7.45378,7.54934,140490
PET,9/30/2015 00:00:00,7.54934,7.54934,7.45378,7.45378,44470
PET,10/1/2015 00:00:00,7.45378,7.54934,7.45378,7.45378,79040
PET,10/2/2015 00:00:00,7.45378,7.6449,7.45378,7.59712,355470
PET,10/5/2015 00:00:00,7.59712,7.78824,7.59712,7.74046,542290
PET,10/6/2015 00:00:00,7.83602,7.8838,7.78824,7.83602,288860
PET,10/7/2015 00:00:00,7.93158,7.97936,7.78824,7.78824,249460
PET,10/8/2015 00:00:00,7.78824,7.83602,7.69268,7.69268,476460
PET,10/9/2015 00:00:00,7.74046,7.83602,7.69268,7.78824,268390
PET,10/12/2015 00:00:00,7.78824,7.78824,7.6449,7.74046,245860
PET,10/13/2015 00:00:00,7.74046,7.74046,7.6449,7.74046,359120
PET,10/14/2015 00:00:00,7.74046,7.74046,7.59712,7.6449,117630
PET,10/15/2015 00:00:00,7.69268,7.69268,7.59712,7.6449,106750
PET,10/16/2015 00:00:00,7.69268,7.69268,7.59712,7.6449,329590
PET,10/19/2015 00:00:00,7.6449,7.6449,7.54934,7.59712,268150
PET,10/20/2015 00:00:00,7.54934,7.59712,7.45378,7.45378,275070
PET,10/21/2015 00:00:00,7.45378,7.54934,7.45378,7.45378,144390
PET,10/22/2015 00:00:00,7.45378,7.54934,7.45378,7.54934,90900
PET,10/23/2015 00:00:00,7.54934,7.54934,7.45378,7.45378,283570
PET,10/26/2015 00:00:00,7.50156,7.59712,7.50156,7.50156,304690
PET,10/27/2015 00:00:00,7.50156,7.50156,7.45378,7.50156,65600
PET,10/28/2015 00:00:00,7.45378,7.50156,7.406,7.50156,112050
PET,10/29/2015 00:00:00,7.50156,7.50156,7.45378,7.50156,172710
PET,10/30/2015 00:00:00,7.50156,7.54934,7.45378,7.45378,161460
PET,11/2/2015 00:00:00,7.45378,7.50156,7.35822,7.406,137380
PET,11/3/2015 00:00:00,7.406,7.45378,7.35822,7.406,155940
PET,11/4/2015 00:00:00,7.45378,7.50156,7.35822,7.35822,225160
PET,11/5/2015 00:00:00,7.35822,7.35822,7.26266,7.31044,264430
PET,11/6/2015 00:00:00,7.35822,7.35822,7.21487,7.26266,245370
PET,11/9/2015 00:00:00,7.21487,7.26266,7.11931,7.11931,408590
PET,11/10/2015 00:00:00,7.16709,7.21487,7.16709,7.16709,122670
PET,11/11/2015 00:00:00,7.16709,7.21487,7.11931,7.21487,78320
PET,11/12/2015 00:00:00,7.21487,7.21487,7.07153,7.16709,194790
PET,11/13/2015 00:00:00,7.11931,7.16709,7.11931,7.16709,403000
PET,11/16/2015 00:00:00,7.11931,7.35822,7.11931,7.26266,428780
PET,11/17/2015 00:00:00,7.31044,7.35822,7.21487,7.26266,268060
PET,11/18/2015 00:00:00,7.26266,7.31044,7.16709,7.26266,236810
PET,11/19/2015 00:00:00,7.16709,7.21487,7.11931,7.11931,332930
PET,11/20/2015 00:00:00,7.11931,7.21487,7.11931,7.21487,129290
PET,11/23/2015 00:00:00,7.26266,7.26266,7.11931,7.21487,364360
PET,11/24/2015 00:00:00,7.16709,7.16709,7.11931,7.16709,116220
PET,11/25/2015 00:00:00,7.11931,7.16709,7.07153,7.07153,352230
PET,11/26/2015 00:00:00,7.07153,7.16709,7.07153,7.16709,265450
PET,11/27/2015 00:00:00,7.16709,7.21487,7.11931,7.16709,375840
PET,11/30/2015 00:00:00,7.16709,7.16709,7.07153,7.07153,117050
PET,12/1/2015 00:00:00,7.07153,7.16709,7.07153,7.07153,41130
PET,12/2/2015 00:00:00,7.07153,7.11931,7.02375,7.11931,53130
PET,12/3/2015 00:00:00,7.07153,7.11931,7.02375,7.11931,25410
PET,12/4/2015 00:00:00,7.07153,7.11931,7.02375,7.02375,77630
PET,12/7/2015 00:00:00,7.02375,7.02375,6.88041,6.88041,76590
PET,12/8/2015 00:00:00,6.88041,6.88041,6.68929,6.83263,73730
PET,12/9/2015 00:00:00,6.92819,6.92819,6.73707,6.73707,42800
PET,12/10/2015 00:00:00,6.73707,6.73707,6.59373,6.59373,106640
PET,12/11/2015 00:00:00,6.59373,6.59373,6.45038,6.54595,239780
PET,12/14/2015 00:00:00,6.54595,6.59373,6.4026,6.4026,110170
PET,12/15/2015 00:00:00,6.4026,6.49817,6.4026,6.45038,54450
PET,12/16/2015 00:00:00,6.45038,6.59373,6.45038,6.54595,84090
PET,12/17/2015 00:00:00,6.54595,6.54595,6.35482,6.4026,330320
PET,12/18/2015 00:00:00,6.4026,6.4026,6.35482,6.4026,129200
PET,12/21/2015 00:00:00,6.4026,6.4026,6.21148,6.30704,170110
PET,12/22/2015 00:00:00,6.30704,6.4026,6.25926,6.25926,144420
PET,12/23/2015 00:00:00,6.25926,6.30704,6.21148,6.30704,111520
PET,12/24/2015 00:00:00,6.30704,6.4026,6.25926,6.30704,84770
PET,12/25/2015 00:00:00,6.35482,6.35482,6.25926,6.35482,73550
PET,12/28/2015 00:00:00,6.30704,6.35482,6.21148,6.21148,161750
PET,12/29/2015 00:00:00,6.21148,6.30704,6.21148,6.30704,244250
PET,12/30/2015 00:00:00,6.25926,6.35482,6.25926,6.35482,167870
PET,12/31/2015 00:00:00,6.4026,6.45038,6.35482,6.35482,82560
PET,1/4/2016 00:00:00,6.35482,6.35482,6.25926,6.30704,69590
PET,1/5/2016 00:00:00,6.25926,6.30704,6.21148,6.21148,141810
PET,1/6/2016 00:00:00,6.21148,6.35482,6.21148,6.25926,73790
PET,1/7/2016 00:00:00,6.21148,6.21148,6.06814,6.21148,157410
PET,1/8/2016 00:00:00,6.1637,6.1637,6.02036,6.02036,389740
PET,1/11/2016 00:00:00,6.02036,6.06814,5.87702,5.87702,276560
PET,1/12/2016 00:00:00,5.97258,5.97258,5.78146,5.9248,152750
PET,1/13/2016 00:00:00,5.9248,6.06814,5.9248,6.06814,133300
PET,1/14/2016 00:00:00,6.02036,6.06814,5.9248,5.97258,122960
PET,1/15/2016 00:00:00,6.02036,6.02036,5.87702,5.97258,131460
PET,1/18/2016 00:00:00,5.82924,5.82924,5.59033,5.68589,493620
PET,1/19/2016 00:00:00,5.73368,5.73368,5.63811,5.73368,81560
PET,1/20/2016 00:00:00,5.68589,5.73368,5.63811,5.73368,160840
PET,1/21/2016 00:00:00,5.73368,5.73368,5.49477,5.59033,104250
PET,1/22/2016 00:00:00,5.63811,5.73368,5.49477,5.73368,312470
PET,1/25/2016 00:00:00,5.73368,6.11592,5.73368,6.06814,289770
PET,1/26/2016 00:00:00,5.82924,6.11592,5.78146,5.87702,66610
PET,1/27/2016 00:00:00,6.02036,6.06814,5.9248,5.9248,90410
PET,1/28/2016 00:00:00,6.02036,6.02036,5.82924,5.87702,135740
PET,1/29/2016 00:00:00,5.97258,6.06814,5.9248,6.02036,195840
PET,2/1/2016 00:00:00,6.06814,6.1637,6.02036,6.06814,290140
PET,2/2/2016 00:00:00,6.02036,6.02036,5.9248,6.02036,80060
PET,2/3/2016 00:00:00,5.87702,6.02036,5.82924,6.02036,79440
PET,2/4/2016 00:00:00,6.11592,6.11592,6.02036,6.02036,61080
PET,2/5/2016 00:00:00,6.06814,6.06814,6.02036,6.02036,35030
PET,2/15/2016 00:00:00,6.02036,6.02036,5.87702,6.02036,25120
PET,2/16/2016 00:00:00,6.02036,6.1637,5.97258,6.02036,143320
PET,2/17/2016 00:00:00,5.97258,6.02036,5.97258,6.02036,296260
PET,2/18/2016 00:00:00,6.02036,6.11592,6.02036,6.02036,85870
PET,2/19/2016 00:00:00,6.02036,6.06814,5.97258,6.06814,106420
PET,2/22/2016 00:00:00,6.06814,6.1637,6.06814,6.1637,261250
PET,2/23/2016 00:00:00,6.1637,6.4026,6.1637,6.35482,446200
PET,2/24/2016 00:00:00,6.30704,6.35482,6.21148,6.25926,113750
PET,2/25/2016 00:00:00,6.25926,6.35482,6.1637,6.1637,148300
PET,2/26/2016 00:00:00,6.21148,6.21148,6.11592,6.1637,125170
PET,2/29/2016 00:00:00,6.25926,6.25926,6.11592,6.21148,111910
PET,3/1/2016 00:00:00,6.1637,6.25926,6.1637,6.1637,112100
PET,3/2/2016 00:00:00,6.21148,6.25926,6.11592,6.1637,215880
PET,3/3/2016 00:00:00,6.1637,6.21148,6.11592,6.1637,72530
PET,3/4/2016 00:00:00,6.1637,6.1637,6.11592,6.1637,146270
PET,3/7/2016 00:00:00,6.21148,6.4026,6.1637,6.30704,617820
PET,3/8/2016 00:00:00,6.30704,6.35482,6.1637,6.21148,180120
PET,3/9/2016 00:00:00,6.21148,6.21148,6.11592,6.11592,82450
PET,3/10/2016 00:00:00,6.11592,6.21148,6.11592,6.1637,107220
PET,3/11/2016 00:00:00,6.21148,6.25926,6.1637,6.1637,141420
PET,3/14/2016 00:00:00,6.21148,6.25926,6.1637,6.21148,261440
PET,3/15/2016 00:00:00,6.21148,6.21148,6.11592,6.11592,147450
PET,3/16/2016 00:00:00,6.11592,6.1637,6.06814,6.11592,223190
PET,3/17/2016 00:00:00,6.21148,6.25926,6.11592,6.1637,270300
PET,3/18/2016 00:00:00,6.21148,6.21148,6.11592,6.1637,188780
PET,3/21/2016 00:00:00,6.1637,6.21148,6.11592,6.1637,280950
PET,3/22/2016 00:00:00,6.1637,6.4026,6.11592,6.30704,777030
PET,3/23/2016 00:00:00,6.35482,6.35482,6.21148,6.25926,204190
PET,3/24/2016 00:00:00,6.25926,6.35482,6.21148,6.30704,193960
PET,3/25/2016 00:00:00,6.30704,6.30704,6.1637,6.21148,200200
PET,3/28/2016 00:00:00,6.21148,6.25926,6.1637,6.21148,166780
PET,3/29/2016 00:00:00,6.21148,6.4026,6.11592,6.25926,569600
PET,3/30/2016 00:00:00,6.35482,6.35482,6.1637,6.1637,166010
PET,3/31/2016 00:00:00,6.21148,6.21148,6.1637,6.1637,262780
PET,4/1/2016 00:00:00,6.11592,6.11592,5.87702,5.87702,291410
PET,4/4/2016 00:00:00,5.87702,5.97258,5.82924,5.87702,214420
PET,4/5/2016 00:00:00,5.82924,5.97258,5.82924,5.87702,95340
PET,4/6/2016 00:00:00,5.9248,5.97258,5.87702,5.97258,49660
PET,4/7/2016 00:00:00,5.97258,6.11592,5.9248,5.9248,78110
PET,4/8/2016 00:00:00,5.9248,5.97258,5.87702,5.97258,108720
PET,4/11/2016 00:00:00,6.11592,6.11592,5.97258,5.97258,186860
PET,4/12/2016 00:00:00,6.02036,6.02036,5.97258,6.02036,120410
PET,4/13/2016 00:00:00,6.02036,6.11592,6.02036,6.02036,198190
PET,4/14/2016 00:00:00,6.11592,6.1637,6.02036,6.11592,172280
PET,4/15/2016 00:00:00,6.11592,6.11592,6.06814,6.06814,185960
PET,4/19/2016 00:00:00,6.02036,6.06814,5.9248,5.9248,131610
PET,4/20/2016 00:00:00,5.9248,6.02036,5.9248,5.97258,205090
PET,4/21/2016 00:00:00,6.02036,6.11592,6.02036,6.06814,131900
PET,4/22/2016 00:00:00,6.02036,6.11592,6.02036,6.06814,269490
PET,4/25/2016 00:00:00,6.06814,6.11592,6.02036,6.02036,228120
PET,4/26/2016 00:00:00,6.02036,6.02036,5.97258,5.97258,137210
PET,4/27/2016 00:00:00,6.06814,6.06814,5.97258,6.06814,104360
PET,4/28/2016 00:00:00,6.11592,6.1637,5.97258,6.02036,438080
PET,4/29/2016 00:00:00,6.06814,6.11592,6.02036,6.06814,166560
PET,5/4/2016 00:00:00,6.06814,6.21148,6.06814,6.1637,535510
PET,5/5/2016 00:00:00,6.21148,6.30704,6.21148,6.21148,471190
PET,5/6/2016 00:00:00,6.21148,6.25926,6.1637,6.21148,197070
PET,5/9/2016 00:00:00,6.1637,6.25926,6.1637,6.1637,302750
PET,5/10/2016 00:00:00,6.1637,6.1637,6.06814,6.11592,307650
PET,5/11/2016 00:00:00,6.11592,6.1637,6.06814,6.1637,463690
PET,5/12/2016 00:00:00,6.11592,6.1637,6.11592,6.1637,83140
PET,5/13/2016 00:00:00,6.1637,6.1637,6.06814,6.11592,128130
PET,5/16/2016 00:00:00,6.11592,6.1637,6.06814,6.1637,472930
PET,5/17/2016 00:00:00,6.21148,6.25926,6.1637,6.25926,496910
PET,5/18/2016 00:00:00,6.30704,6.30704,6.1637,6.25926,312910
PET,5/19/2016 00:00:00,6.25926,6.40948,6.20919,6.35941,403090
PET,5/20/2016 00:00:00,6.35941,6.35941,6.25926,6.25926,219070
PET,5/23/2016 00:00:00,6.25926,6.25926,6.20919,6.25926,85470
PET,5/24/2016 00:00:00,6.25926,6.35941,6.10904,6.30934,518200
PET,5/25/2016 00:00:00,6.30934,6.50963,6.30934,6.40948,774960
PET,5/26/2016 00:00:00,6.35941,6.45956,6.30934,6.30934,142240
PET,5/27/2016 00:00:00,6.25926,6.30934,6.20919,6.20919,457710
PET,5/30/2016 00:00:00,6.25926,6.25926,6.20919,6.25926,202810
PET,5/31/2016 00:00:00,6.30934,6.30934,6.20919,6.25926,133200
PET,6/1/2016 00:00:00,6.25926,6.25926,6.20919,6.25926,79330
PET,6/2/2016 00:00:00,6.20919,6.30934,6.20919,6.25926,177890
PET,6/3/2016 00:00:00,6.25926,6.35941,6.25926,6.30934,389150
PET,6/6/2016 00:00:00,6.30934,6.30934,6.25926,6.25926,107660
PET,6/7/2016 00:00:00,6.25926,6.35941,6.25926,6.35941,484370
PET,6/8/2016 00:00:00,6.45956,6.76,6.45956,6.76,1.88571e+006
PET,6/9/2016 00:00:00,6.76,6.86015,6.70993,6.86015,825260
PET,6/10/2016 00:00:00,6.81008,6.86015,6.76,6.81008,526210
PET,6/13/2016 00:00:00,6.65985,6.70993,6.45956,6.50963,1.02511e+006
PET,6/14/2016 00:00:00,6.45956,6.60978,6.45956,6.55971,442700
PET,6/15/2016 00:00:00,6.55971,6.55971,6.45956,6.50963,199610
PET,6/16/2016 00:00:00,6.50963,6.65985,6.50963,6.50963,416560
PET,6/17/2016 00:00:00,6.45956,6.50963,6.40948,6.45956,276830
PET,6/20/2016 00:00:00,6.55971,6.60978,6.50963,6.50963,268910
PET,6/21/2016 00:00:00,6.50963,6.81008,6.50963,6.70993,1.05268e+006
PET,6/22/2016 00:00:00,6.76,6.81008,6.65985,6.70993,504610
PET,6/23/2016 00:00:00,6.76,6.76,6.60978,6.60978,632520
PET,6/24/2016 00:00:00,6.55971,6.60978,6.15911,6.35941,1.29922e+006
PET,6/27/2016 00:00:00,6.25926,6.40948,6.25926,6.35941,454430
PET,6/28/2016 00:00:00,6.25926,6.40948,6.25926,6.40948,161290
PET,6/29/2016 00:00:00,6.40948,6.60978,6.35941,6.60978,560820
PET,6/30/2016 00:00:00,6.65985,6.65985,6.50963,6.50963,373440
PET,7/1/2016 00:00:00,6.60978,6.60978,6.50963,6.50963,255390
PET,7/4/2016 00:00:00,6.55971,6.60978,6.55971,6.60978,227110
PET,7/5/2016 00:00:00,6.65985,6.65985,6.55971,6.65985,411300
PET,7/6/2016 00:00:00,6.65985,6.65985,6.55971,6.60978,528900
PET,7/7/2016 00:00:00,6.60978,6.70993,6.60978,6.65985,834160
PET,7/8/2016 00:00:00,6.65985,6.76,6.55971,6.65985,554110
PET,7/11/2016 00:00:00,6.60978,6.70993,6.50963,6.50963,209410
PET,7/12/2016 00:00:00,6.50963,6.60978,6.45956,6.55971,169670
PET,7/13/2016 00:00:00,6.55971,6.65985,6.55971,6.65985,304550
PET,7/14/2016 00:00:00,6.65985,6.65985,6.55971,6.55971,445920
PET,7/15/2016 00:00:00,6.55971,6.60978,6.50963,6.55971,167880
PET,7/18/2016 00:00:00,6.55971,6.60978,6.50963,6.55971,110680
PET,7/19/2016 00:00:00,6.55971,6.60978,6.50963,6.55971,446590
PET,7/20/2016 00:00:00,6.60978,6.81008,6.55971,6.70993,1.37519e+006
PET,7/21/2016 00:00:00,6.70993,6.76,6.65985,6.65985,161920
PET,7/22/2016 00:00:00,6.60978,6.65985,6.50963,6.65985,516900
PET,7/25/2016 00:00:00,6.55971,6.60978,6.50963,6.55971,446810
PET,7/26/2016 00:00:00,6.55971,6.55971,6.50963,6.55971,359660
PET,7/27/2016 00:00:00,6.50963,6.55971,6.50963,6.55971,327280
PET,7/28/2016 00:00:00,6.60978,6.60978,6.50963,6.55971,202470
PET,7/29/2016 00:00:00,6.50963,6.55971,6.45956,6.50963,358850
PET,8/1/2016 00:00:00,6.45956,6.50963,6.40948,6.40948,224500
PET,8/2/2016 00:00:00,6.35941,6.35941,6.20919,6.25926,919930
PET,8/3/2016 00:00:00,6.30934,6.35941,6.20919,6.25926,196270
PET,8/4/2016 00:00:00,6.25926,6.30934,6.20919,6.20919,184940
PET,8/5/2016 00:00:00,6.15911,6.20919,6.15911,6.20919,329700
PET,8/8/2016 00:00:00,6.20919,6.25926,6.15911,6.15911,70270
PET,8/9/2016 00:00:00,6.20919,6.35941,6.20919,6.30934,398210
PET,8/10/2016 00:00:00,6.30934,6.30934,6.25926,6.30934,122600
PET,8/11/2016 00:00:00,6.30934,6.30934,6.25926,6.30934,151130
PET,8/12/2016 00:00:00,6.35941,6.40948,6.30934,6.35941,385130
PET,8/15/2016 00:00:00,6.35941,6.40948,6.35941,6.35941,201900
PET,8/16/2016 00:00:00,6.50963,6.65985,6.50963,6.65985,1.22093e+006
PET,8/17/2016 00:00:00,6.65985,6.76,6.55971,6.55971,441040
PET,8/18/2016 00:00:00,6.55971,6.55971,6.45956,6.50963,217710
PET,8/19/2016 00:00:00,6.55971,6.60978,6.40948,6.40948,385240
PET,8/22/2016 00:00:00,6.45956,6.45956,6.30934,6.35941,279020
PET,8/23/2016 00:00:00,6.35941,6.40948,6.25926,6.35941,372150
PET,8/24/2016 00:00:00,6.40948,6.45956,6.30934,6.35941,216600
PET,8/25/2016 00:00:00,6.35941,6.40948,6.30934,6.35941,130130
PET,8/26/2016 00:00:00,6.35941,6.40948,6.30934,6.40948,154730
PET,8/29/2016 00:00:00,6.40948,6.40948,6.30934,6.30934,288500
PET,8/30/2016 00:00:00,6.30934,6.35941,6.25926,6.30934,132550
PET,8/31/2016 00:00:00,6.30934,6.40948,6.30934,6.35941,141230
PET,9/1/2016 00:00:00,6.35941,6.35941,6.25926,6.35941,86850
PET,9/5/2016 00:00:00,6.35941,6.35941,6.30934,6.30934,167320
PET,9/6/2016 00:00:00,6.30934,6.35941,6.25926,6.30934,337390
PET,9/7/2016 00:00:00,6.30934,6.30934,6.25926,6.30934,153940
PET,9/8/2016 00:00:00,6.30934,6.35941,6.30934,6.30934,272620
PET,9/9/2016 00:00:00,6.30934,6.40948,6.25926,6.35941,316170
PET,9/12/2016 00:00:00,6.35941,6.38445,6.2843,6.33437,77310
PET,9/13/2016 00:00:00,6.30934,6.35941,6.25926,6.33437,114090
PET,9/14/2016 00:00:00,6.30934,6.33437,6.25926,6.25926,88700
PET,9/15/2016 00:00:00,6.25926,6.30934,6.20919,6.25926,140570
PET,9/16/2016 00:00:00,6.25926,6.2843,6.25926,6.25926,140950
PET,9/19/2016 00:00:00,6.2843,6.35941,6.25926,6.2843,228110
PET,9/20/2016 00:00:00,6.30934,6.30934,6.25926,6.30934,58570
PET,9/21/2016 00:00:00,6.30934,6.30934,6.25926,6.2843,131180
PET,9/22/2016 00:00:00,6.25926,6.30934,6.20919,6.20919,199200
PET,9/23/2016 00:00:00,6.25926,6.2843,6.20919,6.25926,328530
PET,9/26/2016 00:00:00,6.25926,6.2843,6.20919,6.25926,131150
PET,9/27/2016 00:00:00,6.18102,6.31142,6.15494,6.15494,218120
PET,9/28/2016 00:00:00,6.2071,6.2071,6.0767,6.0767,163130
PET,9/29/2016 00:00:00,6.10278,6.10278,6.05062,6.0767,440250
PET,9/30/2016 00:00:00,6.10278,6.12886,6.02454,6.02454,259920
PET,10/3/2016 00:00:00,6.02454,6.05062,5.92022,5.9463,227800
PET,10/4/2016 00:00:00,5.9463,5.9463,5.8159,5.8159,337910
PET,10/5/2016 00:00:00,5.8159,5.9463,5.78982,5.78982,333210
PET,10/6/2016 00:00:00,5.8159,5.86806,5.73766,5.8159,397530
PET,10/7/2016 00:00:00,5.8159,5.89414,5.8159,5.84198,303720
PET,10/10/2016 00:00:00,5.86806,5.89414,5.84198,5.86806,84970
PET,10/11/2016 00:00:00,5.86806,5.86806,5.78982,5.8159,126660
PET,10/12/2016 00:00:00,5.84198,5.86806,5.78982,5.78982,123100
PET,10/13/2016 00:00:00,5.84198,5.84198,5.76374,5.78982,254440
PET,10/14/2016 00:00:00,5.8159,5.86806,5.78982,5.78982,274300
PET,10/17/2016 00:00:00,5.78982,5.99846,5.78982,5.9463,597560
PET,10/18/2016 00:00:00,5.9463,5.9463,5.86806,5.9463,230260
PET,10/19/2016 00:00:00,5.97238,5.97238,5.89414,5.9463,80890
PET,10/20/2016 00:00:00,5.92022,6.0767,5.92022,5.99846,502430
PET,10/21/2016 00:00:00,5.99846,6.05062,5.99846,5.99846,246600
PET,10/24/2016 00:00:00,5.99846,5.99846,5.89414,5.89414,97230
PET,10/25/2016 00:00:00,5.86806,5.89414,5.8159,5.8159,119590
PET,10/26/2016 00:00:00,5.86806,5.86806,5.78982,5.8159,166760
PET,10/27/2016 00:00:00,5.84198,5.84198,5.78982,5.8159,45480
PET,10/28/2016 00:00:00,5.8159,5.84198,5.8159,5.8159,33710
PET,10/31/2016 00:00:00,5.78982,5.86806,5.78982,5.8159,142120
PET,11/1/2016 00:00:00,5.78982,5.84198,5.78982,5.8159,151690
PET,11/2/2016 00:00:00,5.78982,5.8159,5.71158,5.71158,195400
PET,11/3/2016 00:00:00,5.6855,5.6855,5.58118,5.63334,215860
PET,11/4/2016 00:00:00,5.63334,5.65942,5.58118,5.58118,49890
PET,11/7/2016 00:00:00,5.58118,5.6855,5.5551,5.63334,85270
PET,11/8/2016 00:00:00,5.63334,5.65942,5.63334,5.63334,75940
PET,11/9/2016 00:00:00,5.58118,5.78982,5.52902,5.60726,203070
PET,11/10/2016 00:00:00,5.65942,5.84198,5.60726,5.6855,286100
PET,11/11/2016 00:00:00,5.63334,5.78982,5.60726,5.60726,106760
PET,11/14/2016 00:00:00,5.65942,5.71158,5.63334,5.6855,115650
PET,11/15/2016 00:00:00,5.63334,5.76374,5.60726,5.73766,308350
PET,11/16/2016 00:00:00,5.73766,5.89414,5.71158,5.78982,213520
PET,11/17/2016 00:00:00,5.8159,5.8159,5.71158,5.73766,68370
PET,11/18/2016 00:00:00,5.73766,5.73766,5.65942,5.65942,48580
PET,11/21/2016 00:00:00,5.65942,5.65942,5.60726,5.63334,183320
PET,11/22/2016 00:00:00,5.65942,5.6855,5.60726,5.65942,159800
PET,11/23/2016 00:00:00,5.65942,5.6855,5.60726,5.60726,76700
PET,11/24/2016 00:00:00,5.60726,5.63334,5.60726,5.63334,78320
PET,11/25/2016 00:00:00,5.58118,5.63334,5.58118,5.58118,85680
PET,11/28/2016 00:00:00,5.58118,5.58118,5.50293,5.5551,76850
PET,11/29/2016 00:00:00,5.5551,5.5551,5.47685,5.50293,158200
PET,11/30/2016 00:00:00,5.52902,5.52902,5.42469,5.50293,109210
PET,12/1/2016 00:00:00,5.63334,5.71158,5.58118,5.60726,143590
PET,12/2/2016 00:00:00,5.6855,5.6855,5.5551,5.58118,16260
PET,12/5/2016 00:00:00,5.58118,5.60726,5.52902,5.52902,96350
PET,12/6/2016 00:00:00,5.50293,5.52902,5.47685,5.52902,100770
PET,12/7/2016 00:00:00,5.52902,5.52902,5.45077,5.52902,62380
PET,12/8/2016 00:00:00,5.52902,5.52902,5.47685,5.50293,24590
PET,12/9/2016 00:00:00,5.58118,5.58118,5.45077,5.45077,36970
PET,12/12/2016 00:00:00,5.52902,5.52902,5.34645,5.34645,126990
PET,12/13/2016 00:00:00,5.34645,5.37253,5.21605,5.32037,149770
PET,12/14/2016 00:00:00,5.21605,5.32037,5.21605,5.26821,147040
PET,12/15/2016 00:00:00,5.37253,5.47685,5.26821,5.26821,186070
PET,12/16/2016 00:00:00,5.39861,5.39861,5.29429,5.32037,120270
PET,12/19/2016 00:00:00,5.42469,5.42469,5.32037,5.34645,75050
PET,12/20/2016 00:00:00,5.34645,5.34645,5.32037,5.32037,87330
PET,12/21/2016 00:00:00,5.34645,5.39861,5.32037,5.34645,86220
PET,12/22/2016 00:00:00,5.34645,5.37253,5.34645,5.34645,37110
PET,12/23/2016 00:00:00,5.29429,5.37253,5.29429,5.32037,39520
PET,12/26/2016 00:00:00,5.32037,5.37253,5.32037,5.37253,50590
PET,12/27/2016 00:00:00,5.39861,5.39861,5.29429,5.34645,103370
PET,12/28/2016 00:00:00,5.32037,5.37253,5.32037,5.32037,50300
PET,12/29/2016 00:00:00,5.32037,5.37253,5.32037,5.37253,55740
PET,12/30/2016 00:00:00,5.37253,5.39861,5.32037,5.37253,25840
PET,1/3/2017 00:00:00,5.37253,5.42469,5.37253,5.39861,25030
PET,1/4/2017 00:00:00,5.39861,5.42469,5.37253,5.42469,232960
PET,1/5/2017 00:00:00,5.42469,5.47685,5.34645,5.34645,36420
PET,1/6/2017 00:00:00,5.39861,5.42469,5.34645,5.37253,82940
PET,1/9/2017 00:00:00,5.45077,5.45077,5.37253,5.39861,42980
PET,1/10/2017 00:00:00,5.42469,5.50293,5.39861,5.42469,158600
PET,1/11/2017 00:00:00,5.45077,5.73766,5.45077,5.58118,263980
PET,1/12/2017 00:00:00,5.63334,5.63334,5.52902,5.63334,285020
PET,1/13/2017 00:00:00,5.63334,5.6855,5.52902,5.58118,162690
PET,1/16/2017 00:00:00,5.52902,5.60726,5.42469,5.45077,175380
PET,1/17/2017 00:00:00,5.39861,5.45077,5.37253,5.37253,175920
PET,1/18/2017 00:00:00,5.37253,5.39861,5.34645,5.37253,76460
PET,1/19/2017 00:00:00,5.37253,5.39861,5.34645,5.34645,83510
PET,1/20/2017 00:00:00,5.37253,5.42469,5.34645,5.34645,571620
PET,1/23/2017 00:00:00,5.37253,5.37253,5.32037,5.32037,138150
PET,1/24/2017 00:00:00,5.34645,5.37253,5.32037,5.34645,263230
PET,1/25/2017 00:00:00,5.42469,5.42469,5.34645,5.37253,316360
PET,2/2/2017 00:00:00,5.37253,5.47685,5.37253,5.42469,79160
PET,2/3/2017 00:00:00,5.42469,5.47685,5.39861,5.42469,45220
PET,2/6/2017 00:00:00,5.42469,5.50293,5.42469,5.47685,126720
PET,2/7/2017 00:00:00,5.47685,5.50293,5.42469,5.47685,185950
PET,2/8/2017 00:00:00,5.47685,5.50293,5.45077,5.50293,73080
PET,2/9/2017 00:00:00,5.50293,5.52902,5.45077,5.45077,243190
PET,2/10/2017 00:00:00,5.45077,5.60726,5.45077,5.52902,371280
PET,2/13/2017 00:00:00,5.52902,5.5551,5.52902,5.5551,292200
PET,2/14/2017 00:00:00,5.5551,5.73766,5.5551,5.65942,640110
PET,2/15/2017 00:00:00,5.65942,5.71158,5.63334,5.63334,166490
PET,2/16/2017 00:00:00,5.63334,5.73766,5.60726,5.63334,279610
PET,2/17/2017 00:00:00,5.6855,5.6855,5.60726,5.63334,180460
PET,2/20/2017 00:00:00,5.60726,5.63334,5.5551,5.60726,229240
PET,2/21/2017 00:00:00,5.58118,5.71158,5.58118,5.65942,417130
PET,2/22/2017 00:00:00,5.71158,5.89414,5.71158,5.86806,809280
PET,2/23/2017 00:00:00,5.84198,5.89414,5.76374,5.78982,211740
PET,2/24/2017 00:00:00,5.78982,5.8159,5.71158,5.73766,228010
PET,2/27/2017 00:00:00,5.73766,5.8159,5.6855,5.73766,289500
PET,2/28/2017 00:00:00,5.71158,5.84198,5.65942,5.6855,135330
PET,3/1/2017 00:00:00,5.6855,5.71158,5.58118,5.65942,330430
PET,3/2/2017 00:00:00,5.71158,5.71158,5.60726,5.65942,170960
PET,3/3/2017 00:00:00,5.63334,5.6855,5.60726,5.63334,244470
PET,3/6/2017 00:00:00,5.63334,5.71158,5.63334,5.63334,142450
PET,3/7/2017 00:00:00,5.65942,5.6855,5.63334,5.65942,190650
PET,3/8/2017 00:00:00,5.6855,5.71158,5.6855,5.6855,187760
PET,3/9/2017 00:00:00,5.71158,5.71158,5.63334,5.6855,191550
PET,3/10/2017 00:00:00,5.6855,5.76374,5.63334,5.63334,228620
PET,3/13/2017 00:00:00,5.58118,5.63334,5.52902,5.52902,242070
PET,3/14/2017 00:00:00,5.5551,5.58118,5.52902,5.52902,230050
PET,3/15/2017 00:00:00,5.52902,5.60726,5.50293,5.52902,106140
PET,3/16/2017 00:00:00,5.52902,5.63334,5.52902,5.63334,82000
PET,3/17/2017 00:00:00,5.58118,5.63334,5.5551,5.58118,96000
PET,3/20/2017 00:00:00,5.58118,5.65942,5.58118,5.58118,176160
PET,3/21/2017 00:00:00,5.63334,5.63334,5.58118,5.60726,88460
PET,3/22/2017 00:00:00,5.63334,5.63334,5.58118,5.60726,231500
PET,3/23/2017 00:00:00,5.58118,5.60726,5.5551,5.58118,142770
PET,3/24/2017 00:00:00,5.58118,5.63334,5.52902,5.5551,99750
PET,3/27/2017 00:00:00,5.5551,5.63334,5.5551,5.58118,188760
PET,3/28/2017 00:00:00,5.58118,5.60726,5.5551,5.5551,131540
PET,3/29/2017 00:00:00,5.52902,5.60726,5.52902,5.58118,215980
PET,3/30/2017 00:00:00,5.58118,5.63334,5.5551,5.58118,67090
PET,3/31/2017 00:00:00,5.5551,5.63334,5.5551,5.63334,47890
PET,4/3/2017 00:00:00,5.60726,5.60726,5.5551,5.5551,47110
PET,4/4/2017 00:00:00,5.5551,5.58118,5.50293,5.5551,64640
PET,4/5/2017 00:00:00,5.5551,5.58118,5.52902,5.58118,55310
PET,4/7/2017 00:00:00,5.58118,5.60726,5.58118,5.60726,65220
PET,4/10/2017 00:00:00,5.60726,5.63334,5.58118,5.60726,67410
PET,4/11/2017 00:00:00,5.65942,5.65942,5.58118,5.63334,76030
PET,4/12/2017 00:00:00,5.58118,5.63334,5.5551,5.60726,28140
PET,4/13/2017 00:00:00,5.58118,5.63334,5.5551,5.5551,98450
PET,4/14/2017 00:00:00,5.58118,5.63334,5.50293,5.52902,179850
PET,4/17/2017 00:00:00,5.50293,5.58118,5.37253,5.39861,151420
PET,4/18/2017 00:00:00,5.39861,5.52902,5.39861,5.47685,176330
PET,4/19/2017 00:00:00,5.47685,5.52902,5.42469,5.52902,47230
PET,4/20/2017 00:00:00,5.47685,5.52902,5.42469,5.52902,27780
PET,4/21/2017 00:00:00,5.47685,5.50293,5.45077,5.47685,74910
PET,4/24/2017 00:00:00,5.45077,5.47685,5.42469,5.42469,50080
PET,4/25/2017 00:00:00,5.42469,5.50293,5.42469,5.42469,100750
PET,4/26/2017 00:00:00,5.42469,5.52902,5.42469,5.47685,139620
PET,4/27/2017 00:00:00,5.52902,5.5551,5.50293,5.52902,228750
PET,4/28/2017 00:00:00,5.5551,5.73766,5.52902,5.6855,429950
PET,5/3/2017 00:00:00,5.6855,5.71158,5.58118,5.63334,244680
PET,5/4/2017 00:00:00,5.63334,5.65942,5.52902,5.63334,142520
PET,5/5/2017 00:00:00,5.63334,5.63334,5.52902,5.58118,268040
PET,5/8/2017 00:00:00,5.58118,5.76374,5.58118,5.71158,499120
PET,5/9/2017 00:00:00,5.6855,5.78982,5.6855,5.78982,491100
PET,5/10/2017 00:00:00,5.84198,5.9463,5.78982,5.86806,620650
PET,5/11/2017 00:00:00,5.86806,5.97238,5.8159,5.89414,345430
PET,5/12/2017 00:00:00,5.92022,5.9463,5.86806,5.92022,407170
PET,5/15/2017 00:00:00,5.9463,6.10278,5.89414,6.05062,771800
PET,5/16/2017 00:00:00,6.10278,6.2071,6.0767,6.0767,392210
PET,5/17/2017 00:00:00,6.0767,6.0767,5.92022,5.9463,361210
PET,5/18/2017 00:00:00,5.89414,5.97238,5.89414,5.89414,225520
PET,5/19/2017 00:00:00,5.89414,5.97238,5.89414,5.97238,196480
PET,5/22/2017 00:00:00,5.97238,6.02454,5.84198,5.84198,352410
PET,5/23/2017 00:00:00,5.84198,5.9463,5.84198,5.86806,212360
PET,5/24/2017 00:00:00,5.9463,5.9463,5.8159,5.8159,219920
PET,5/25/2017 00:00:00,5.92022,5.92022,5.8159,5.86806,144700
PET,5/26/2017 00:00:00,5.9463,5.9463,5.8159,5.8159,105160
PET,5/29/2017 00:00:00,5.84198,5.89414,5.8159,5.84198,113930
PET,5/30/2017 00:00:00,5.89414,5.92022,5.84198,5.86806,141810
PET,5/31/2017 00:00:00,5.89414,5.89414,5.73766,5.84198,250840
PET,6/1/2017 00:00:00,5.86806,5.89414,5.8159,5.8159,124230
PET,6/2/2017 00:00:00,5.8159,5.86806,5.78982,5.84198,70510
PET,6/5/2017 00:00:00,5.78982,5.86806,5.76374,5.84198,123360
PET,6/6/2017 00:00:00,5.84198,5.92022,5.84198,5.92022,252490
PET,6/7/2017 00:00:00,5.86806,5.92022,5.84198,5.86806,103970
PET,6/8/2017 00:00:00,5.86806,5.86806,5.8159,5.86806,135940
PET,6/9/2017 00:00:00,5.84198,5.86806,5.8159,5.8159,139420
PET,6/12/2017 00:00:00,5.86806,5.89414,5.78982,5.84198,272770
PET,6/13/2017 00:00:00,5.86806,6.12886,5.84198,6.12886,642350
PET,6/14/2017 00:00:00,6.12886,6.12886,5.9463,6.0767,224440
PET,6/15/2017 00:00:00,5.99846,6.18102,5.9463,6.15494,490230
PET,6/16/2017 00:00:00,6.15494,6.15494,6.05062,6.10278,182680
PET,6/19/2017 00:00:00,6.15494,6.15494,6.02454,6.15494,252470
PET,6/20/2017 00:00:00,6.0767,6.12886,5.99846,5.99846,250780
PET,6/21/2017 00:00:00,5.97238,6.05062,5.9463,6.02454,275770
PET,6/22/2017 00:00:00,6.02454,6.02454,5.9463,5.9463,189360
PET,6/23/2017 00:00:00,5.92022,6.05062,5.92022,6.05062,355860
PET,6/26/2017 00:00:00,6.05062,6.2071,6.02454,6.2071,780890
PET,6/27/2017 00:00:00,6.2071,6.31142,6.15494,6.23318,250160
PET,6/28/2017 00:00:00,6.23318,6.28534,6.18102,6.28534,618220
PET,6/29/2017 00:00:00,6.28534,6.38966,6.23318,6.38966,276920
PET,6/30/2017 00:00:00,6.38966,6.41574,6.31142,6.38966,290400
PET,7/3/2017 00:00:00,6.36358,6.41574,6.3375,6.38966,423670
PET,7/4/2017 00:00:00,6.38966,6.41574,6.3375,6.36358,138780
PET,7/5/2017 00:00:00,6.3375,6.4679,6.31142,6.4679,318430
PET,7/6/2017 00:00:00,6.4679,6.49398,6.41574,6.4679,362280
PET,7/7/2017 00:00:00,6.52006,6.57223,6.41574,6.52006,558680
PET,7/10/2017 00:00:00,6.52006,6.54614,6.31142,6.4679,684590
PET,7/11/2017 00:00:00,6.44182,6.49398,6.36358,6.4679,379670
PET,7/12/2017 00:00:00,6.4679,6.54614,6.38966,6.49398,97410
PET,7/13/2017 00:00:00,6.49398,6.49398,6.36358,6.44182,273010
PET,7/14/2017 00:00:00,6.41574,6.44182,6.3375,6.36358,230900
PET,7/17/2017 00:00:00,6.36358,6.44182,6.2071,6.36358,466150
PET,7/18/2017 00:00:00,6.24995,6.47722,6.24995,6.4204,249790
PET,7/19/2017 00:00:00,6.24995,6.36358,6.24995,6.36358,129880
PET,7/20/2017 00:00:00,6.36358,6.36358,6.13631,6.33517,213900
PET,7/21/2017 00:00:00,6.24995,6.30677,6.1079,6.30677,522330
PET,7/24/2017 00:00:00,6.16472,6.30677,6.1079,6.16472,77930
PET,7/25/2017 00:00:00,6.16472,6.19313,6.1079,6.16472,134270
PET,7/26/2017 00:00:00,6.16472,6.24995,6.07949,6.24995,242300
PET,7/27/2017 00:00:00,6.24995,6.24995,6.07949,6.19313,170110
PET,7/28/2017 00:00:00,6.19313,6.19313,6.1079,6.19313,102590
PET,7/31/2017 00:00:00,6.1079,6.22154,6.1079,6.19313,72070
PET,8/1/2017 00:00:00,6.22154,6.24995,6.13631,6.24995,142550
PET,8/2/2017 00:00:00,6.24995,6.24995,6.13631,6.19313,128060
PET,8/3/2017 00:00:00,6.19313,6.22154,6.16472,6.19313,244310
PET,8/4/2017 00:00:00,6.16472,6.19313,6.07949,6.16472,315500
PET,8/7/2017 00:00:00,6.16472,6.19313,6.07949,6.16472,230210
PET,8/8/2017 00:00:00,6.16472,6.16472,6.07949,6.13631,212490
PET,8/9/2017 00:00:00,6.13631,6.13631,5.99427,6.02268,242640
PET,8/10/2017 00:00:00,6.02268,6.05109,5.90904,5.90904,162630
PET,8/11/2017 00:00:00,5.90904,6.02268,5.88063,5.90904,240090
PET,8/14/2017 00:00:00,5.96586,5.96586,5.85222,5.96586,162830
PET,8/15/2017 00:00:00,5.96586,5.99427,5.90904,5.90904,167020
PET,8/16/2017 00:00:00,5.90904,5.93745,5.85222,5.85222,105930
PET,8/17/2017 00:00:00,5.90904,5.90904,5.82382,5.82382,128930
PET,8/18/2017 00:00:00,5.82382,5.90904,5.82382,5.90904,25270
PET,8/21/2017 00:00:00,5.88063,5.93745,5.88063,5.90904,34660
PET,8/22/2017 00:00:00,5.90904,5.90904,5.82382,5.85222,65520
PET,8/23/2017 00:00:00,5.82382,5.85222,5.79541,5.79541,50120
PET,8/24/2017 00:00:00,5.79541,5.85222,5.68177,5.767,496460
PET,8/25/2017 00:00:00,5.79541,5.82382,5.71018,5.71018,124730
PET,8/28/2017 00:00:00,5.71018,5.82382,5.71018,5.767,121840
PET,8/29/2017 00:00:00,5.79541,5.79541,5.71018,5.79541,241640
PET,8/30/2017 00:00:00,5.79541,5.79541,5.73859,5.73859,48820
PET,8/31/2017 00:00:00,5.73859,5.82382,5.73859,5.79541,80570
PET,9/1/2017 00:00:00,5.79541,5.79541,5.73859,5.79541,38060
PET,9/5/2017 00:00:00,5.79541,5.82382,5.767,5.82382,146740
PET,9/6/2017 00:00:00,5.82382,5.99427,5.79541,5.93745,311020
PET,9/7/2017 00:00:00,5.93745,5.96586,5.90904,5.90904,67870
PET,9/8/2017 00:00:00,5.85222,5.90904,5.82382,5.82382,63030
PET,9/11/2017 00:00:00,5.82382,5.85222,5.79541,5.82382,125840
PET,9/12/2017 00:00:00,5.82382,5.82382,5.79541,5.79541,34460
PET,9/13/2017 00:00:00,5.85222,5.85222,5.73859,5.82382,168960
PET,9/14/2017 00:00:00,5.88063,5.88063,5.73859,5.79541,126720
PET,9/15/2017 00:00:00,5.79541,5.79541,5.73859,5.79541,77160
PET,9/18/2017 00:00:00,5.79541,5.85222,5.79541,5.82382,95780
PET,9/19/2017 00:00:00,5.82382,5.85222,5.79541,5.79541,84160
PET,9/20/2017 00:00:00,5.85222,5.85222,5.79541,5.79541,63530
PET,9/21/2017 00:00:00,5.85222,5.85222,5.79541,5.79541,133130
PET,9/22/2017 00:00:00,5.79541,5.82382,5.79541,5.79541,60150
PET,9/25/2017 00:00:00,5.79541,5.85222,5.79541,5.79541,66300
PET,9/26/2017 00:00:00,5.82382,5.88063,5.82382,5.85222,173170
PET,9/27/2017 00:00:00,5.85222,5.88063,5.82382,5.82382,106860
PET,9/28/2017 00:00:00,5.79541,5.88063,5.79541,5.88063,142900
PET,9/29/2017 00:00:00,5.88063,5.88063,5.79541,5.79541,214220
PET,10/2/2017 00:00:00,5.85222,5.88063,5.79541,5.82382,19900
PET,10/3/2017 00:00:00,5.85222,5.85222,5.79541,5.82382,124740
PET,10/4/2017 00:00:00,5.79541,5.85222,5.767,5.82382,82190
PET,10/5/2017 00:00:00,5.79541,5.82382,5.767,5.767,52060
PET,10/6/2017 00:00:00,5.79541,5.85222,5.79541,5.82382,55200
PET,10/9/2017 00:00:00,5.82382,5.82382,5.79541,5.79541,40730
PET,10/10/2017 00:00:00,5.767,5.82382,5.767,5.79541,13830
PET,10/11/2017 00:00:00,5.85222,5.85222,5.79541,5.79541,119450
PET,10/12/2017 00:00:00,5.79541,5.85222,5.79541,5.82382,12060
PET,10/13/2017 00:00:00,5.79541,5.85222,5.79541,5.85222,113380
PET,10/16/2017 00:00:00,5.79541,5.85222,5.767,5.767,126030
PET,10/17/2017 00:00:00,5.85222,5.85222,5.767,5.82382,25560
PET,10/18/2017 00:00:00,5.82382,5.85222,5.767,5.82382,122610
PET,10/19/2017 00:00:00,5.82382,5.85222,5.79541,5.85222,96420
PET,10/20/2017 00:00:00,5.79541,5.82382,5.79541,5.79541,54630
PET,10/23/2017 00:00:00,5.767,5.79541,5.71018,5.767,74420
PET,10/24/2017 00:00:00,5.767,5.767,5.71018,5.71018,394430
PET,10/25/2017 00:00:00,5.79541,5.79541,5.71018,5.73859,124800
PET,10/26/2017 00:00:00,5.73859,5.73859,5.68177,5.71018,284470
PET,10/27/2017 00:00:00,5.71018,5.79541,5.71018,5.71018,44810
PET,10/30/2017 00:00:00,5.82382,5.82382,5.68177,5.68177,87190
PET,10/31/2017 00:00:00,5.73859,5.73859,5.62495,5.68177,27320
PET,11/1/2017 00:00:00,5.62495,5.67041,5.62495,5.63063,100270
PET,11/2/2017 00:00:00,5.68177,5.68177,5.63632,5.67609,53300
PET,11/3/2017 00:00:00,5.62495,5.68177,5.59654,5.65336,41020
PET,11/6/2017 00:00:00,5.65336,5.68177,5.65336,5.67609,84390
PET,11/7/2017 00:00:00,5.68177,5.71018,5.66473,5.68177,145870
PET,11/8/2017 00:00:00,5.68177,5.68177,5.62495,5.62495,59660
PET,11/9/2017 00:00:00,5.58518,5.68177,5.58518,5.67041,50260
PET,11/10/2017 00:00:00,5.62495,5.67041,5.59654,5.59654,152360
PET,11/13/2017 00:00:00,5.59654,5.68177,5.58518,5.59654,101650
PET,11/14/2017 00:00:00,5.59654,5.59654,5.56814,5.57382,201490
PET,11/15/2017 00:00:00,5.55677,5.55677,5.52836,5.53404,234480
PET,11/16/2017 00:00:00,5.60791,5.63632,5.52836,5.58518,248520
PET,11/17/2017 00:00:00,5.58518,5.64768,5.58518,5.61927,341100
PET,11/20/2017 00:00:00,5.61927,5.66473,5.60791,5.61927,144630
PET,11/21/2017 00:00:00,5.61927,5.62495,5.58518,5.62495,137910
PET,11/22/2017 00:00:00,5.642,5.67609,5.57382,5.59654,221890
PET,11/23/2017 00:00:00,5.67041,5.67609,5.60223,5.62495,432170
PET,11/24/2017 00:00:00,5.67609,5.82382,5.62495,5.767,461090
PET,11/27/2017 00:00:00,5.90904,6.13631,5.82382,6.07949,840560
PET,11/28/2017 00:00:00,6.07949,6.1079,5.93745,5.93745,464400
PET,11/29/2017 00:00:00,5.93745,6.1079,5.90904,6.05109,609250
PET,11/30/2017 00:00:00,6.05109,6.13631,5.99427,6.02268,504160
PET,12/1/2017 00:00:00,6.02268,6.22154,6.02268,6.13631,717410
PET,12/4/2017 00:00:00,6.24995,6.27836,6.13631,6.19313,411320
PET,12/5/2017 00:00:00,6.16472,6.22154,5.90904,5.90904,514940
PET,12/6/2017 00:00:00,5.96586,6.02268,5.90904,5.96586,337960
PET,12/7/2017 00:00:00,5.93745,5.96586,5.90904,5.93745,130860
PET,12/8/2017 00:00:00,5.90904,5.93745,5.85222,5.85222,206840
PET,12/11/2017 00:00:00,5.79541,5.85222,5.73859,5.767,145760
PET,12/12/2017 00:00:00,5.767,5.82382,5.62495,5.68177,316010
PET,12/13/2017 00:00:00,5.68177,5.79541,5.68177,5.71018,282670
PET,12/14/2017 00:00:00,5.71018,5.79541,5.68177,5.79541,134450
PET,12/15/2017 00:00:00,5.79541,5.88063,5.79541,5.88063,113720
PET,12/18/2017 00:00:00,5.90904,6.07949,5.90904,6.02268,196430
PET,12/19/2017 00:00:00,6.02268,6.05109,5.93745,5.93745,218410
PET,12/20/2017 00:00:00,5.96586,6.33517,5.96586,6.33517,1.22935e+006
PET,12/21/2017 00:00:00,6.33517,6.47722,6.24995,6.24995,791710
PET,12/22/2017 00:00:00,6.22154,6.36358,6.13631,6.27836,193800
PET,12/25/2017 00:00:00,6.24995,6.30677,6.1079,6.16472,205190
PET,12/26/2017 00:00:00,6.16472,6.47722,6.13631,6.47722,684190
PET,12/27/2017 00:00:00,6.81813,6.90335,6.53404,6.56245,1.50006e+006
PET,12/28/2017 00:00:00,6.56245,6.7329,6.50563,6.64767,481070
PET,12/29/2017 00:00:00,6.81813,6.93176,6.70449,6.70449,1.1201e+006
PET,1/2/2018 00:00:00,6.81813,6.87494,6.56245,6.78972,436580
PET,1/3/2018 00:00:00,6.78972,6.81813,6.67608,6.7329,526190
PET,1/4/2018 00:00:00,6.90335,6.93176,6.78972,6.81813,826720
PET,1/5/2018 00:00:00,6.84653,6.84653,6.76131,6.78972,602550
PET,1/8/2018 00:00:00,6.81813,6.84653,6.76131,6.81813,384850
PET,1/9/2018 00:00:00,6.98858,6.98858,6.78972,6.81813,652730
PET,1/10/2018 00:00:00,6.90335,7.24426,6.81813,7.13062,1.25533e+006
PET,1/11/2018 00:00:00,7.35789,7.35789,7.13062,7.18744,740660
PET,1/12/2018 00:00:00,7.32948,7.32948,7.01699,7.01699,757400
PET,1/15/2018 00:00:00,6.98858,7.0738,6.93176,6.98858,768440
PET,1/16/2018 00:00:00,6.93176,6.98858,6.78972,6.90335,566890
PET,1/17/2018 00:00:00,6.78972,6.90335,6.53404,6.53404,540160
PET,1/18/2018 00:00:00,6.53404,6.84653,6.44881,6.76131,417740
PET,1/19/2018 00:00:00,6.81813,6.81813,6.64767,6.67608,275900
PET,1/22/2018 00:00:00,6.67608,6.76131,6.61926,6.70449,217060
PET,1/25/2018 00:00:00,6.81813,6.84653,6.59085,6.64767,495370
PET,1/26/2018 00:00:00,6.64767,6.7329,6.59085,6.64767,292410
PET,1/29/2018 00:00:00,6.64767,6.76131,6.59085,6.61926,179100
PET,1/30/2018 00:00:00,6.59085,6.59085,6.53404,6.56245,196160
PET,1/31/2018 00:00:00,6.53404,6.64767,6.36358,6.36358,306360
PET,2/1/2018 00:00:00,6.36358,6.53404,6.02268,6.22154,480070
PET,2/2/2018 00:00:00,6.24995,6.36358,5.96586,6.05109,608500
PET,2/5/2018 00:00:00,5.96586,5.96586,5.68177,5.73859,1.18181e+006
PET,2/6/2018 00:00:00,5.56814,5.68177,5.34086,5.68177,1.18574e+006
PET,2/7/2018 00:00:00,5.90904,5.90904,5.79541,5.82382,132850
PET,2/8/2018 00:00:00,5.73859,5.79541,5.51132,5.65336,332360
PET,2/9/2018 00:00:00,5.62495,5.82382,5.51132,5.82382,374500
PET,2/12/2018 00:00:00,5.93745,6.02268,5.73859,5.96586,86210
PET,2/13/2018 00:00:00,5.96586,6.13631,5.90904,6.13631,70000
PET,2/21/2018 00:00:00,6.07949,6.19313,6.02268,6.19313,42380
PET,2/22/2018 00:00:00,6.19313,6.19313,5.96586,6.02268,110150
PET,2/23/2018 00:00:00,6.07949,6.07949,5.96586,6.07949,54090
PET,2/26/2018 00:00:00,6.02268,6.1079,6.02268,6.07949,136990
PET,2/27/2018 00:00:00,6.07949,6.07949,5.93745,6.07949,32190
PET,2/28/2018 00:00:00,6.07949,6.1079,5.85222,6.02268,263390
PET,3/1/2018 00:00:00,5.96586,6.02268,5.93745,5.96586,211410
PET,3/2/2018 00:00:00,5.90904,6.02268,5.90904,6.02268,177230
PET,3/5/2018 00:00:00,5.96586,6.02268,5.93745,5.96586,153220
PET,3/6/2018 00:00:00,5.90904,6.02268,5.90904,6.02268,135580
PET,3/7/2018 00:00:00,6.02268,6.19313,5.96586,6.13631,158060
PET,3/8/2018 00:00:00,5.99427,6.13631,5.99427,6.13631,38220
PET,3/9/2018 00:00:00,6.1079,6.13631,5.99427,6.02268,88320
PET,3/12/2018 00:00:00,6.07949,6.07949,6.02268,6.07949,19420
PET,3/13/2018 00:00:00,6.07949,6.07949,5.90904,5.96586,257350
PET,3/14/2018 00:00:00,5.96586,5.99427,5.90904,5.96586,128420
PET,3/15/2018 00:00:00,5.96586,5.99427,5.88063,5.99427,103000
PET,3/16/2018 00:00:00,5.99427,6.05109,5.96586,6.02268,38060
PET,3/19/2018 00:00:00,5.99427,6.02268,5.93745,5.96586,133380
PET,3/20/2018 00:00:00,5.96586,6.07949,5.96586,6.07949,110050
PET,3/21/2018 00:00:00,6.1079,6.13631,5.96586,6.13631,184830
PET,3/22/2018 00:00:00,6.13631,6.13631,6.02268,6.07949,242880
PET,3/23/2018 00:00:00,6.07949,6.07949,5.90904,6.07949,245840
PET,3/26/2018 00:00:00,6.07949,6.07949,5.96586,5.96586,163080
PET,3/27/2018 00:00:00,6.07949,6.07949,5.99427,6.02268,7280
PET,3/28/2018 00:00:00,5.93745,6.02268,5.93745,6.02268,263370
PET,3/29/2018 00:00:00,6.02268,6.07949,5.93745,5.93745,99870
PET,3/30/2018 00:00:00,6.02268,6.05109,5.93745,6.02268,104520
PET,4/2/2018 00:00:00,5.99427,6.07949,5.96586,5.96586,174920
PET,4/3/2018 00:00:00,5.96586,6.07949,5.96586,6.02268,250970
PET,4/4/2018 00:00:00,6.1079,6.1079,5.99427,6.05109,158070
PET,4/5/2018 00:00:00,5.99427,6.07949,5.96586,6.05109,84140
PET,4/6/2018 00:00:00,6.02268,6.02268,5.96586,6.02268,89380
PET,4/9/2018 00:00:00,6.02268,6.02268,5.96586,5.99427,76520
PET,4/10/2018 00:00:00,5.99427,6.02268,5.99427,6.02268,215650
PET,4/11/2018 00:00:00,6.02268,6.30677,5.99427,6.24995,851370
PET,4/12/2018 00:00:00,6.27836,6.30677,6.13631,6.19313,198020
PET,4/13/2018 00:00:00,6.19313,6.24995,6.07949,6.13631,92860
PET,4/16/2018 00:00:00,6.07949,6.13631,5.96586,5.99427,285500
PET,4/17/2018 00:00:00,5.99427,6.05109,5.93745,5.96586,322380
PET,4/18/2018 00:00:00,5.93745,6.05109,5.93745,5.93745,340390
PET,4/19/2018 00:00:00,5.96586,6.05109,5.90904,5.93745,204890
PET,4/20/2018 00:00:00,5.88063,5.99427,5.88063,5.90904,356670
PET,4/23/2018 00:00:00,5.90904,5.99427,5.88063,5.88063,243940
PET,4/24/2018 00:00:00,5.79541,5.90904,5.79541,5.88063,212630
PET,4/26/2018 00:00:00,5.88063,5.93745,5.82382,5.85222,343180
PET,4/27/2018 00:00:00,5.85222,5.90904,5.82382,5.90904,142960
PET,5/2/2018 00:00:00,5.90904,5.90904,5.79541,5.82382,202990
PET,5/3/2018 00:00:00,5.767,5.85222,5.73859,5.82382,189850
PET,5/4/2018 00:00:00,5.767,5.85222,5.767,5.767,94850
PET,5/7/2018 00:00:00,5.79541,5.99427,5.79541,5.96586,175920
PET,5/8/2018 00:00:00,5.96586,6.02268,5.90904,5.93745,120540
PET,5/9/2018 00:00:00,5.93745,5.99427,5.93745,5.93745,82290
PET,5/10/2018 00:00:00,5.96586,6.07949,5.93745,5.93745,112500
PET,5/11/2018 00:00:00,5.96586,6.07949,5.96586,6.02268,182410
PET,5/14/2018 00:00:00,6.07949,6.24995,6.05109,6.24995,168440
PET,5/15/2018 00:00:00,6.24995,6.24995,6.13631,6.19313,74140
PET,5/16/2018 00:00:00,6.19313,6.19313,6.07949,6.16472,30260
PET,5/17/2018 00:00:00,6.22154,6.22154,6.13631,6.19313,209160
PET,5/18/2018 00:00:00,6.22154,6.30677,6.16472,6.22154,241410
PET,5/21/2018 00:00:00,6.24995,6.59085,6.24995,6.36358,482800
PET,5/22/2018 00:00:00,6.36358,6.4204,6.19313,6.30677,199160
PET,5/23/2018 00:00:00,6.24995,6.33517,6.19313,6.33517,77050
PET,5/24/2018 00:00:00,6.47722,6.47722,6.16472,6.19313,99370
PET,5/25/2018 00:00:00,6.19313,6.30677,6.02268,6.02268,287790
PET,5/28/2018 00:00:00,5.96586,6.07949,5.85222,5.85222,411760
PET,5/29/2018 00:00:00,5.85222,6.1079,5.85222,5.96586,193530
PET,5/30/2018 00:00:00,5.80549,6.09416,5.80549,5.99793,78320
PET,5/31/2018 00:00:00,5.99793,6.22246,5.99793,6.22246,83810
PET,6/1/2018 00:00:00,6.22246,6.25453,6.15831,6.15831,81750
PET,6/4/2018 00:00:00,6.15831,6.15831,5.90171,6.09416,181170
PET,6/5/2018 00:00:00,6.09416,6.09416,5.97227,6.08774,40590
PET,6/6/2018 00:00:00,6.08133,6.08133,6.03001,6.03642,62580
PET,6/7/2018 00:00:00,6.03001,6.09416,5.99793,6.08133,164930
PET,6/8/2018 00:00:00,6.08133,6.08133,5.96586,6.06208,39060
PET,6/11/2018 00:00:00,6.03001,6.03001,5.86964,5.97227,223060
PET,6/12/2018 00:00:00,5.96586,5.96586,5.86964,5.95303,61000
PET,6/13/2018 00:00:00,5.90813,6.02359,5.90171,6.00435,138730
PET,6/14/2018 00:00:00,6.06208,6.08774,5.99793,6.01076,76120
PET,6/15/2018 00:00:00,5.99793,6.03001,5.96586,5.97227,69340
PET,6/18/2018 00:00:00,6.15831,6.2866,6.03642,6.10699,279520
PET,6/19/2018 00:00:00,6.15189,6.15189,5.96586,6.03001,115440
PET,6/20/2018 00:00:00,6.10699,6.10699,5.99793,6.03642,539230
PET,6/21/2018 00:00:00,6.04284,6.06208,6.03001,6.06208,189840
PET,6/22/2018 00:00:00,6.00435,6.06208,6.00435,6.06208,204580
PET,6/25/2018 00:00:00,6.08774,6.08774,6.03001,6.04284,129320
PET,6/26/2018 00:00:00,6.08133,6.08133,6.01718,6.03001,58890
PET,6/27/2018 00:00:00,6.06208,6.06208,6.01076,6.03642,188920
PET,6/28/2018 00:00:00,6.03001,6.06208,5.96586,5.96586,45780
PET,6/29/2018 00:00:00,5.96586,6.02359,5.96586,5.99793,160670
PET,7/2/2018 00:00:00,5.99793,5.99793,5.91454,5.91454,103890
PET,7/3/2018 00:00:00,5.93378,5.9402,5.77341,5.88247,262950
PET,7/4/2018 00:00:00,5.88247,5.88247,5.8119,5.85039,151960
PET,7/5/2018 00:00:00,5.83756,5.90171,5.79907,5.8119,213420
PET,7/6/2018 00:00:00,5.8119,5.85681,5.70926,5.85681,222070
PET,7/9/2018 00:00:00,5.85681,5.85681,5.80549,5.83756,101420
PET,7/10/2018 00:00:00,5.77341,5.87605,5.77341,5.84398,41630
PET,7/11/2018 00:00:00,5.85681,5.85681,5.77341,5.83115,259490
PET,7/12/2018 00:00:00,5.83756,5.86322,5.79266,5.85681,108890
PET,7/13/2018 00:00:00,5.80549,5.93378,5.80549,5.85681,163490
PET,7/16/2018 00:00:00,5.85681,5.90171,5.85039,5.85681,300630
PET,7/17/2018 00:00:00,5.86322,5.86322,5.85039,5.85681,114190
PET,7/18/2018 00:00:00,5.85681,5.88888,5.85039,5.88888,74160
PET,7/19/2018 00:00:00,5.90171,5.90171,5.86322,5.88247,145800
PET,7/20/2018 00:00:00,5.88247,5.88247,5.84398,5.86322,127310
PET,7/23/2018 00:00:00,5.86322,5.88888,5.77341,5.86322,304480
PET,7/24/2018 00:00:00,5.86964,5.86964,5.8119,5.85681,257720
PET,7/25/2018 00:00:00,5.88247,5.88247,5.79266,5.83756,420520
PET,7/26/2018 00:00:00,5.83756,5.83756,5.76058,5.80549,286190
PET,7/27/2018 00:00:00,5.80549,5.80549,5.77341,5.80549,186730
PET,7/30/2018 00:00:00,5.83756,5.84398,5.79266,5.83756,54600
PET,7/31/2018 00:00:00,5.83756,5.83756,5.79907,5.80549,79720
PET,8/1/2018 00:00:00,5.77983,5.83115,5.70926,5.76058,751890
PET,8/2/2018 00:00:00,5.77341,5.80549,5.71568,5.80549,239890
PET,8/3/2018 00:00:00,5.83756,5.83756,5.74134,5.76058,247370
PET,8/6/2018 00:00:00,5.77341,5.81832,5.76058,5.767,156210
PET,8/7/2018 00:00:00,5.83115,5.83756,5.75417,5.76058,59160
PET,8/8/2018 00:00:00,5.77341,5.78624,5.77341,5.77341,38280
PET,8/9/2018 00:00:00,5.77341,5.83756,5.77341,5.78624,247110
PET,8/10/2018 00:00:00,5.83115,5.83115,5.767,5.79266,134290
PET,8/13/2018 00:00:00,5.77341,5.79266,5.77341,5.77983,93290
PET,8/14/2018 00:00:00,5.74134,5.77983,5.70926,5.767,119890
PET,8/15/2018 00:00:00,5.767,5.77341,5.72851,5.72851,104030
PET,8/16/2018 00:00:00,5.72209,5.72851,5.69643,5.72851,51250
PET,8/17/2018 00:00:00,5.72851,5.72851,5.64511,5.71568,98330
PET,8/20/2018 00:00:00,5.64511,5.72851,5.64511,5.69643,14780
PET,8/21/2018 00:00:00,5.70926,5.70926,5.64511,5.69643,72090
PET,8/22/2018 00:00:00,5.69643,5.69643,5.67719,5.69643,94600
PET,8/23/2018 00:00:00,5.72209,5.74775,5.69643,5.74775,116860
PET,8/24/2018 00:00:00,5.76058,5.80549,5.72209,5.77341,55840
PET,8/27/2018 00:00:00,5.77341,5.83115,5.77341,5.80549,41040
PET,8/28/2018 00:00:00,5.80549,5.80549,5.76058,5.79266,55120
PET,8/29/2018 00:00:00,5.77341,5.77341,5.74775,5.77341,60310
PET,8/30/2018 00:00:00,5.74134,5.77341,5.70926,5.74134,64900
PET,8/31/2018 00:00:00,5.76058,5.767,5.72851,5.72851,51450
PET,9/4/2018 00:00:00,5.72851,5.74775,5.71568,5.72851,57600
PET,9/5/2018 00:00:00,5.74134,5.74134,5.70926,5.70926,27860
PET,9/6/2018 00:00:00,5.70926,5.72209,5.6836,5.70285,54420
PET,9/7/2018 00:00:00,5.76058,5.76058,5.64511,5.74134,15910
PET,9/10/2018 00:00:00,5.75417,5.75417,5.42059,5.63228,65190
PET,9/11/2018 00:00:00,5.63228,5.70926,5.63228,5.63228,31940
PET,9/12/2018 00:00:00,5.69643,5.77341,5.6387,5.65794,99510
PET,9/13/2018 00:00:00,5.70285,5.767,5.66436,5.6836,10600
PET,9/14/2018 00:00:00,5.70926,5.74134,5.70285,5.74134,31570
PET,9/17/2018 00:00:00,5.70926,5.73492,5.64511,5.69002,21370
PET,9/18/2018 00:00:00,5.65153,5.76058,5.65153,5.70285,18700
PET,9/19/2018 00:00:00,5.76058,5.81832,5.67719,5.77983,216200
PET,9/20/2018 00:00:00,5.83115,6.03001,5.75417,5.95944,269200
PET,9/21/2018 00:00:00,6.01718,6.03001,5.83756,5.92737,153240
PET,9/24/2018 00:00:00,5.93378,5.93378,5.85681,5.92096,65880
PET,9/25/2018 00:00:00,5.93378,5.93378,5.84398,5.8953,104600
PET,9/26/2018 00:00:00,5.8953,5.99793,5.85039,5.96586,217700
PET,9/27/2018 00:00:00,5.96586,5.96586,5.90171,5.92096,75790
PET,9/28/2018 00:00:00,5.9851,5.9851,5.90171,5.90171,94660
PET,10/1/2018 00:00:00,5.91454,5.92096,5.83756,5.90171,150440
PET,10/2/2018 00:00:00,5.94661,5.94661,5.85681,5.87605,229940
PET,10/3/2018 00:00:00,5.90171,5.90171,5.85039,5.85039,75090
PET,10/4/2018 00:00:00,5.85681,5.88888,5.78624,5.83115,105660
PET,10/5/2018 00:00:00,5.88247,5.88247,5.79907,5.80549,50550
PET,10/8/2018 00:00:00,5.83756,5.83756,5.77341,5.77983,168630
PET,10/9/2018 00:00:00,5.83115,5.83115,5.77341,5.77341,68740
PET,10/10/2018 00:00:00,5.83756,5.83756,5.77341,5.77983,46980
PET,10/11/2018 00:00:00,5.77983,5.77983,5.58097,5.58097,224170
PET,10/12/2018 00:00:00,5.64511,5.70926,5.54889,5.70285,140080
PET,10/15/2018 00:00:00,5.70926,5.70926,5.59379,5.59379,21110
PET,10/16/2018 00:00:00,5.69643,5.77341,5.58097,5.67077,19760
PET,10/17/2018 00:00:00,5.77341,5.77341,5.64511,5.64511,37270
PET,10/18/2018 00:00:00,5.58738,5.64511,5.58097,5.61304,47020
PET,10/19/2018 00:00:00,5.58097,5.63228,5.58097,5.63228,60190
PET,10/22/2018 00:00:00,5.63228,5.75417,5.58097,5.65153,62470
PET,10/23/2018 00:00:00,5.58738,5.59379,5.51682,5.58097,73430
PET,10/24/2018 00:00:00,5.58097,5.58097,5.49757,5.50399,105270
PET,10/25/2018 00:00:00,5.49757,5.49757,5.42059,5.45267,159560
PET,10/26/2018 00:00:00,5.70285,5.70285,5.39493,5.39493,45470
PET,10/29/2018 00:00:00,5.45267,5.51682,5.44625,5.45267,32790
PET,10/30/2018 00:00:00,5.45267,5.45267,5.44625,5.44625,12600
PET,10/31/2018 00:00:00,5.38852,5.77341,5.38852,5.70285,126760
PET,11/1/2018 00:00:00,5.49116,5.70926,5.49116,5.58097,50330
PET,11/2/2018 00:00:00,5.6387,5.6387,5.48474,5.56172,17600
PET,11/5/2018 00:00:00,5.51682,5.51682,5.45267,5.4655,17020
PET,11/6/2018 00:00:00,5.48474,5.48474,5.13192,5.42059,67010
PET,11/7/2018 00:00:00,5.40776,5.50399,5.40776,5.43984,28750
PET,11/8/2018 00:00:00,5.44625,5.45267,5.38852,5.38852,70900
PET,11/9/2018 00:00:00,5.44625,5.44625,5.39493,5.39493,39890
PET,11/12/2018 00:00:00,5.39493,5.49116,5.38852,5.44625,46230
PET,11/13/2018 00:00:00,5.44625,5.44625,5.42701,5.42701,44200
PET,11/14/2018 00:00:00,5.42701,5.42701,5.39493,5.42701,20040
PET,11/15/2018 00:00:00,5.42059,5.42701,5.38852,5.38852,49210
PET,11/16/2018 00:00:00,5.45267,5.45267,5.38852,5.38852,155410
PET,11/19/2018 00:00:00,5.44625,5.45267,5.39493,5.45267,70540
PET,11/20/2018 00:00:00,5.47191,5.47191,5.45267,5.45267,38680
PET,11/21/2018 00:00:00,5.51682,5.51682,5.32437,5.45267,3280
PET,11/22/2018 00:00:00,5.42059,5.45267,5.39493,5.45267,64960
PET,11/23/2018 00:00:00,5.42059,5.45267,5.42059,5.45267,12600
PET,11/26/2018 00:00:00,5.45267,5.45267,5.42059,5.43984,2170
PET,11/27/2018 00:00:00,5.45267,5.45267,5.41418,5.41418,48820
PET,11/28/2018 00:00:00,5.39493,5.45267,5.39493,5.42059,29540
PET,11/29/2018 00:00:00,5.42059,5.42059,5.41418,5.42059,45490
PET,11/30/2018 00:00:00,5.42059,5.42059,5.39493,5.39493,20010
PET,12/3/2018 00:00:00,5.42059,5.43984,5.40135,5.40135,57000
PET,12/4/2018 00:00:00,5.42059,5.43984,5.40776,5.40776,61030
PET,12/5/2018 00:00:00,5.45267,5.45267,5.40776,5.42059,92210
PET,12/6/2018 00:00:00,5.50399,5.77341,5.49757,5.61945,249260
PET,12/7/2018 00:00:00,5.70926,5.90171,5.70285,5.83756,409870
PET,12/10/2018 00:00:00,5.83756,5.96586,5.77341,5.86964,156440
PET,12/11/2018 00:00:00,5.86964,5.86964,5.75417,5.77341,115080
PET,12/12/2018 00:00:00,5.70926,5.767,5.58097,5.67719,224280
PET,12/13/2018 00:00:00,5.64511,5.70926,5.60021,5.60021,80100
PET,12/14/2018 00:00:00,5.69002,5.69643,5.58097,5.60021,42350
PET,12/17/2018 00:00:00,5.58097,5.60021,5.42059,5.43984,157520
PET,12/18/2018 00:00:00,5.43984,5.43984,5.37569,5.42701,143510
PET,12/19/2018 00:00:00,5.42701,5.43984,5.42059,5.43342,31980
PET,12/20/2018 00:00:00,5.44625,5.44625,5.39493,5.44625,25580
PET,12/21/2018 00:00:00,5.44625,5.44625,5.38852,5.38852,42320
PET,12/24/2018 00:00:00,5.39493,5.44625,5.35644,5.37569,34550
PET,12/25/2018 00:00:00,5.35003,5.35003,5.17041,5.25381,137330
PET,12/26/2018 00:00:00,5.22815,5.29871,5.13192,5.24098,71070
PET,12/27/2018 00:00:00,5.35003,5.35003,5.19607,5.26022,62460
PET,12/28/2018 00:00:00,5.17041,5.24739,5.17041,5.19607,93750
PET,1/2/2019 00:00:00,5.19607,5.45267,5.19607,5.21532,20000
PET,1/3/2019 00:00:00,5.27946,5.27946,5.15117,5.21532,96040
PET,1/4/2019 00:00:00,5.21532,5.21532,5.06777,5.19607,96480
PET,1/7/2019 00:00:00,5.19607,5.22815,5.164,5.19607,34970
PET,1/8/2019 00:00:00,5.31154,5.31154,5.164,5.19607,5230
PET,1/9/2019 00:00:00,5.19607,5.25381,5.18324,5.19607,63570
PET,1/10/2019 00:00:00,5.19607,5.26022,5.13192,5.14475,80620
PET,1/11/2019 00:00:00,5.24739,5.24739,5.164,5.2089,24040
PET,1/14/2019 00:00:00,5.2089,5.2089,5.164,5.164,8520
PET,1/15/2019 00:00:00,5.164,5.20249,5.15758,5.164,12170
PET,1/16/2019 00:00:00,5.25381,5.26022,5.17041,5.17041,5790
PET,1/17/2019 00:00:00,5.25381,5.25381,5.164,5.17041,24460
PET,1/18/2019 00:00:00,5.21532,5.21532,5.13192,5.18324,36000
PET,1/21/2019 00:00:00,5.17683,5.26022,5.13834,5.15758,75250
PET,1/22/2019 00:00:00,5.15758,5.22173,5.15758,5.18324,79820
PET,1/23/2019 00:00:00,5.13834,5.2089,5.13834,5.2089,16880
PET,1/24/2019 00:00:00,5.15117,5.22173,5.14475,5.2089,37730
PET,1/25/2019 00:00:00,5.2089,5.2089,5.164,5.19607,32940
PET,1/28/2019 00:00:00,5.19607,5.19607,5.13192,5.18966,60460
PET,1/29/2019 00:00:00,5.15117,5.18324,5.13192,5.18324,81710
PET,1/30/2019 00:00:00,5.18324,5.18324,5.13834,5.18324,22150
PET,1/31/2019 00:00:00,5.2089,5.32437,5.18966,5.30512,94620
PET,2/1/2019 00:00:00,5.30512,5.38852,5.27305,5.38852,21940
PET,2/11/2019 00:00:00,5.38852,5.54248,5.38852,5.54248,72670
PET,2/12/2019 00:00:00,5.51682,5.58097,5.45267,5.58097,119300
PET,2/13/2019 00:00:00,5.57455,5.58097,5.47191,5.57455,89010
PET,2/14/2019 00:00:00,5.57455,5.57455,5.47191,5.51682,73940
PET,2/15/2019 00:00:00,5.54248,5.56814,5.48474,5.52965,104080
PET,2/18/2019 00:00:00,5.56814,5.64511,5.52965,5.61945,123040
PET,2/19/2019 00:00:00,5.62587,5.69643,5.61945,5.61945,189070
PET,2/20/2019 00:00:00,5.64511,5.70285,5.61945,5.64511,249570
PET,2/21/2019 00:00:00,5.66436,5.66436,5.63228,5.64511,24380
PET,2/22/2019 00:00:00,5.64511,5.69643,5.64511,5.65153,172000
PET,2/25/2019 00:00:00,5.69643,5.70926,5.65794,5.67719,22690
PET,2/26/2019 00:00:00,5.64511,5.69643,5.48474,5.67719,53490
PET,2/27/2019 00:00:00,5.64511,5.69643,5.54889,5.64511,282160
PET,2/28/2019 00:00:00,5.67719,5.67719,5.61304,5.61304,251720
PET,3/1/2019 00:00:00,5.64511,5.67719,5.62587,5.64511,90880
PET,3/4/2019 00:00:00,5.65153,5.79907,5.65153,5.77341,125690
PET,3/5/2019 00:00:00,5.77983,5.84398,5.77983,5.83115,116320
PET,3/6/2019 00:00:00,5.83756,5.83756,5.77341,5.79907,20450
PET,3/7/2019 00:00:00,5.83756,5.84398,5.65153,5.6836,31170
PET,3/8/2019 00:00:00,5.767,5.767,5.64511,5.65153,90150
PET,3/11/2019 00:00:00,5.65153,5.65153,5.64511,5.65153,20600
PET,3/12/2019 00:00:00,5.69643,5.74775,5.64511,5.70926,40670
PET,3/13/2019 00:00:00,5.71568,5.81832,5.70926,5.80549,160940
PET,3/14/2019 00:00:00,5.80549,5.80549,5.77341,5.79907,17920
PET,3/15/2019 00:00:00,5.83756,5.96586,5.83115,5.93378,186480
PET,3/18/2019 00:00:00,5.93378,5.99793,5.92737,5.99793,102470
PET,3/19/2019 00:00:00,6.03001,6.04284,5.99793,6.03001,171860
PET,3/20/2019 00:00:00,6.03001,6.03001,5.93378,5.96586,45710
PET,3/21/2019 00:00:00,5.96586,6.03001,5.86964,5.92737,74060
PET,3/22/2019 00:00:00,5.93378,5.95303,5.93378,5.93378,64790
PET,3/25/2019 00:00:00,5.93378,5.93378,5.77983,5.83756,62960
PET,3/26/2019 00:00:00,5.83756,5.83756,5.78624,5.83756,90250
PET,3/27/2019 00:00:00,5.83756,5.8953,5.83756,5.8953,38940
PET,3/28/2019 00:00:00,5.8953,5.93378,5.88888,5.8953,31760
PET,3/29/2019 00:00:00,5.92096,5.92096,5.84398,5.8953,5810
PET,4/1/2019 00:00:00,5.83756,5.86964,5.70926,5.77983,165460
PET,4/2/2019 00:00:00,5.83756,5.83756,5.78624,5.83756,20660
PET,4/3/2019 00:00:00,5.83756,5.86964,5.52323,5.83756,58280
PET,4/4/2019 00:00:00,5.83756,5.90171,5.80549,5.8953,59460
PET,4/5/2019 00:00:00,5.80549,5.8953,5.80549,5.87605,31250
PET,4/8/2019 00:00:00,5.86964,5.87605,5.83115,5.83756,87140
PET,4/9/2019 00:00:00,5.83756,5.83756,5.77983,5.79266,40830
PET,4/10/2019 00:00:00,5.79266,5.79266,5.70926,5.77341,56760
PET,4/11/2019 00:00:00,5.70285,5.77341,5.67719,5.77341,73980
PET,4/12/2019 00:00:00,5.67719,5.76058,5.67719,5.70926,35530
PET,4/16/2019 00:00:00,5.74134,5.74134,5.59379,5.69643,89330
PET,4/17/2019 00:00:00,5.70285,5.70926,5.64511,5.69643,23100
PET,4/18/2019 00:00:00,5.69643,5.69643,5.59379,5.61304,49530
PET,4/19/2019 00:00:00,5.69643,5.69643,5.58097,5.65794,73200
PET,4/22/2019 00:00:00,5.65794,5.66436,5.61945,5.66436,93460
PET,4/23/2019 00:00:00,5.66436,5.70926,5.66436,5.70926,20030
PET,4/24/2019 00:00:00,5.70285,5.77341,5.67719,5.70926,30390
PET,4/25/2019 00:00:00,5.77341,5.77341,5.65794,5.71568,52820
PET,4/26/2019 00:00:00,5.71568,5.767,5.67719,5.767,8150
PET,5/2/2019 00:00:00,5.767,5.83756,5.76058,5.80549,50420
PET,5/3/2019 00:00:00,5.77341,5.77341,5.75417,5.77341,39200
PET,5/6/2019 00:00:00,5.77341,5.77341,5.73492,5.74775,32680
PET,5/7/2019 00:00:00,5.767,5.767,5.70926,5.74775,88210
PET,5/8/2019 00:00:00,5.74134,5.74134,5.70926,5.74134,27850
PET,5/9/2019 00:00:00,5.74134,5.74134,5.64511,5.64511,50830
PET,5/10/2019 00:00:00,5.65794,5.70926,5.64511,5.70926,43190
PET,5/13/2019 00:00:00,5.69643,5.69643,5.69643,5.69643,3100
PET,5/14/2019 00:00:00,5.70926,5.76058,5.58097,5.76058,1.06044e+006
PET,5/15/2019 00:00:00,5.76058,5.76058,5.67077,5.75417,98880
PET,5/16/2019 00:00:00,5.767,6.08774,5.767,5.94661,149610
PET,5/17/2019 00:00:00,5.94661,5.96586,5.9402,5.94661,34120
PET,5/20/2019 00:00:00,5.91454,5.96586,5.88247,5.93378,73850
PET,5/21/2019 00:00:00,5.93378,5.9402,5.87605,5.93378,157050
PET,5/22/2019 00:00:00,5.93378,5.94661,5.88888,5.88888,203180
PET,5/23/2019 00:00:00,5.84398,5.90171,5.83756,5.90171,53160
PET,5/24/2019 00:00:00,5.90171,5.91454,5.8953,5.90813,138310
PET,5/27/2019 00:00:00,5.90813,5.90813,5.78624,5.81832,220230
PET,5/28/2019 00:00:00,5.81832,5.82473,5.75417,5.79266,291080
PET,5/29/2019 00:00:00,5.79266,5.96586,5.79266,5.90171,339140
PET,5/30/2019 00:00:00,5.75777,6.00967,5.75777,5.89451,69930
PET,5/31/2019 00:00:00,5.90171,5.90171,5.79375,5.80095,36130
PET,6/3/2019 00:00:00,5.79375,5.97368,5.68579,5.68579,77980
PET,6/4/2019 00:00:00,5.75777,5.75777,5.6714,5.6714,30610
PET,6/5/2019 00:00:00,5.64981,5.75057,5.61382,5.61382,106220
PET,6/6/2019 00:00:00,5.69299,5.69299,5.39791,5.60663,47100
PET,6/7/2019 00:00:00,5.60663,5.70739,5.56344,5.70739,80270
PET,6/10/2019 00:00:00,5.70739,5.70739,5.62102,5.62102,100180
PET,6/11/2019 00:00:00,5.62102,5.63541,5.59943,5.63541,19890
PET,6/12/2019 00:00:00,5.64261,5.64261,5.57784,5.59223,29860
PET,6/13/2019 00:00:00,5.61382,5.62822,5.54185,5.61382,20330
PET,6/14/2019 00:00:00,5.62102,5.62102,5.55624,5.56344,1520
PET,6/17/2019 00:00:00,5.61382,5.61382,5.54185,5.60663,25310
PET,6/18/2019 00:00:00,5.60663,5.60663,5.54905,5.54905,4870
PET,6/19/2019 00:00:00,5.54905,5.64981,5.54905,5.55624,76840
PET,6/20/2019 00:00:00,5.62822,5.62822,5.56344,5.57784,23320
PET,6/21/2019 00:00:00,5.57784,5.57784,5.56344,5.57784,45950
PET,6/24/2019 00:00:00,5.61382,5.61382,5.53465,5.57784,88160
PET,6/25/2019 00:00:00,5.53465,5.60663,5.53465,5.53465,41920
PET,6/26/2019 00:00:00,5.56344,5.56344,5.53465,5.54185,26190
PET,6/27/2019 00:00:00,5.54185,5.57064,5.51306,5.51306,124460
PET,6/28/2019 00:00:00,5.46988,5.52026,5.45548,5.52026,220080
PET,7/1/2019 00:00:00,5.52026,5.52026,5.49867,5.50586,392690
PET,7/2/2019 00:00:00,5.50586,5.54185,5.47708,5.50586,126230
PET,7/3/2019 00:00:00,5.50586,5.59223,5.50586,5.59223,79370
PET,7/4/2019 00:00:00,5.59223,5.61382,5.46988,5.60663,39350
PET,7/5/2019 00:00:00,5.61382,5.61382,5.54185,5.61382,8610
PET,7/8/2019 00:00:00,5.60663,5.60663,5.50586,5.60663,36470
PET,7/9/2019 00:00:00,5.54185,5.61382,5.51306,5.60663,28130
PET,7/10/2019 00:00:00,5.60663,5.61382,5.50586,5.59943,38550
PET,7/11/2019 00:00:00,5.61382,5.61382,5.51306,5.59943,36710
PET,7/12/2019 00:00:00,5.59943,5.61382,5.55624,5.57784,60860
PET,7/15/2019 00:00:00,5.54185,5.61382,5.54185,5.59943,46200
PET,7/16/2019 00:00:00,5.50586,5.59943,5.50586,5.57064,27400
PET,7/17/2019 00:00:00,5.57064,5.57784,5.55624,5.57784,45150
PET,7/18/2019 00:00:00,5.57064,5.57784,5.46988,5.53465,93430
PET,7/19/2019 00:00:00,5.54185,5.57784,5.54185,5.55624,76910
PET,7/22/2019 00:00:00,5.55624,5.60663,5.54185,5.57064,19040
PET,7/23/2019 00:00:00,5.57064,5.57064,5.50586,5.57064,30450
PET,7/24/2019 00:00:00,5.54185,5.54185,5.49867,5.49867,37140
PET,7/25/2019 00:00:00,5.57064,5.57064,5.46988,5.46988,47110
PET,7/26/2019 00:00:00,5.54905,5.54905,5.47708,5.54905,23450
PET,7/29/2019 00:00:00,5.48427,5.54905,5.46988,5.52746,38750
PET,7/30/2019 00:00:00,5.52746,5.52746,5.46268,5.49867,34150
PET,7/31/2019 00:00:00,5.46988,5.54185,5.45548,5.46988,22540
PET,8/1/2019 00:00:00,5.46988,5.55624,5.46988,5.47708,15380
PET,8/2/2019 00:00:00,5.49147,5.52746,5.46988,5.52746,16750
PET,8/5/2019 00:00:00,5.52746,5.52746,5.45548,5.46988,25550
PET,8/6/2019 00:00:00,5.44829,5.46988,5.39071,5.46988,87860
PET,8/7/2019 00:00:00,5.46988,5.46988,5.39791,5.45548,42390
PET,8/8/2019 00:00:00,5.43389,5.43389,5.36192,5.43389,107860
PET,8/9/2019 00:00:00,5.39791,5.6714,5.39791,5.46988,142690
PET,8/12/2019 00:00:00,5.49867,5.49867,5.39791,5.46988,26410
PET,8/13/2019 00:00:00,5.39791,5.46988,5.38351,5.44829,26970
PET,8/14/2019 00:00:00,5.44829,5.46988,5.39071,5.39071,38160
PET,8/15/2019 00:00:00,5.39791,5.46988,5.38351,5.39791,94760
PET,8/16/2019 00:00:00,5.38351,5.46988,5.38351,5.38351,66630
PET,8/19/2019 00:00:00,5.38351,5.46988,5.37631,5.39791,62400
PET,8/20/2019 00:00:00,5.39791,5.44109,5.38351,5.43389,29350
PET,8/21/2019 00:00:00,5.4051,5.43389,5.37631,5.39071,61010
PET,8/22/2019 00:00:00,5.39071,5.42669,5.37631,5.42669,26540
PET,8/23/2019 00:00:00,5.43389,5.44829,5.38351,5.39791,71450
PET,8/26/2019 00:00:00,5.43389,5.49867,5.38351,5.49867,50510
PET,8/27/2019 00:00:00,5.49867,5.51306,5.44109,5.49867,22250
PET,8/28/2019 00:00:00,5.48427,5.54185,5.48427,5.53465,12680
PET,8/29/2019 00:00:00,5.53465,5.54185,5.49147,5.54185,25780
PET,8/30/2019 00:00:00,5.54185,5.54185,5.51306,5.54185,24300
PET,9/3/2019 00:00:00,5.55624,5.55624,5.51306,5.54185,33840
PET,9/4/2019 00:00:00,5.47708,5.54185,5.47708,5.52746,39140
PET,9/5/2019 00:00:00,5.50586,5.54185,5.48427,5.53465,9390
PET,9/6/2019 00:00:00,5.49867,5.49867,5.49147,5.49147,22500
PET,9/9/2019 00:00:00,5.49147,5.52746,5.47708,5.49867,37130
PET,9/10/2019 00:00:00,5.48427,5.52026,5.45548,5.51306,23680
PET,9/11/2019 00:00:00,5.50586,5.50586,5.45548,5.49147,27840
PET,9/12/2019 00:00:00,5.47708,5.53465,5.47708,5.49147,5240
PET,9/13/2019 00:00:00,5.47708,5.52746,5.46988,5.47708,28150
PET,9/16/2019 00:00:00,5.49147,5.52026,5.44829,5.50586,46370
PET,9/17/2019 00:00:00,5.46988,5.46988,5.45548,5.45548,17630
PET,9/18/2019 00:00:00,5.46988,5.46988,5.44829,5.44829,26570
PET,9/19/2019 00:00:00,5.46988,5.51306,5.44829,5.45548,54810
PET,9/20/2019 00:00:00,5.45548,5.49867,5.44109,5.44109,33340
PET,9/23/2019 00:00:00,5.44109,5.44829,5.4051,5.43389,6880
PET,9/24/2019 00:00:00,5.4051,5.45548,5.39791,5.45548,48190
PET,9/25/2019 00:00:00,5.45548,5.45548,5.39791,5.45548,41930
PET,9/26/2019 00:00:00,5.44109,5.46988,5.4051,5.45548,33720
PET,9/27/2019 00:00:00,5.43389,5.46268,5.39791,5.46268,38350
PET,9/30/2019 00:00:00,5.46268,5.49867,5.46268,5.46268,55300
PET,10/1/2019 00:00:00,5.46268,5.49147,5.46268,5.46268,30650
PET,10/2/2019 00:00:00,5.46268,5.46268,5.43389,5.45548,5440
PET,10/3/2019 00:00:00,5.46268,5.46988,5.4195,5.46988,24560
PET,10/4/2019 00:00:00,5.44109,5.46988,5.44109,5.46988,12750
PET,10/7/2019 00:00:00,5.46988,5.49147,5.45548,5.46988,102890
PET,10/8/2019 00:00:00,5.46988,5.46988,5.4195,5.46268,29160
PET,10/9/2019 00:00:00,5.46268,5.46988,5.46268,5.46988,23200
PET,10/10/2019 00:00:00,5.46988,5.46988,5.45548,5.46268,7430
PET,10/11/2019 00:00:00,5.4051,5.46988,5.4051,5.45548,32870
PET,10/14/2019 00:00:00,5.46988,5.48427,5.32593,5.46988,124330
PET,10/15/2019 00:00:00,5.44109,5.46988,5.4051,5.4195,82780
PET,10/16/2019 00:00:00,5.45548,5.45548,5.39791,5.45548,74260
PET,10/17/2019 00:00:00,5.46268,5.46268,5.4123,5.42669,1320
PET,10/18/2019 00:00:00,5.42669,5.44829,5.4123,5.44829,6450
PET,10/21/2019 00:00:00,5.44829,5.44829,5.4195,5.43389,15700
PET,10/22/2019 00:00:00,5.43389,5.49147,5.43389,5.46268,110900
PET,10/23/2019 00:00:00,5.49147,5.54185,5.46268,5.46988,63470
PET,10/24/2019 00:00:00,5.46988,5.49147,5.45548,5.47708,29610
PET,10/25/2019 00:00:00,5.45548,5.50586,5.45548,5.49867,46560
PET,10/28/2019 00:00:00,5.49147,5.54185,5.47708,5.50586,49410
PET,10/29/2019 00:00:00,5.54185,5.54905,5.48427,5.54185,30130
PET,10/30/2019 00:00:00,5.54185,5.57784,5.51306,5.57064,32530
PET,10/31/2019 00:00:00,5.54905,5.59943,5.51306,5.57784,137460
PET,11/1/2019 00:00:00,5.59223,5.60663,5.43389,5.57784,37120
PET,11/4/2019 00:00:00,5.47708,5.61382,5.45548,5.61382,177750
PET,11/5/2019 00:00:00,5.61382,5.61382,5.54185,5.60663,23830
PET,11/6/2019 00:00:00,5.57784,5.61382,5.54905,5.59223,8480
PET,11/7/2019 00:00:00,5.59943,5.59943,5.54905,5.59223,34950
PET,11/8/2019 00:00:00,5.58503,5.6786,5.58503,5.61382,53200
PET,11/11/2019 00:00:00,5.61382,5.64261,5.59223,5.63541,25220
PET,11/12/2019 00:00:00,5.64981,5.6786,5.54185,5.61382,18770
PET,11/13/2019 00:00:00,5.61382,5.62102,5.61382,5.62102,15420
PET,11/14/2019 00:00:00,5.61382,5.62822,5.61382,5.61382,3240
PET,11/15/2019 00:00:00,5.61382,5.61382,5.57784,5.57784,14930
PET,11/18/2019 00:00:00,5.57784,5.57784,5.53465,5.54185,16830
PET,11/19/2019 00:00:00,5.54185,5.54905,5.51306,5.54185,21500
PET,11/20/2019 00:00:00,5.51306,5.54185,5.49867,5.52026,134790
PET,11/21/2019 00:00:00,5.49867,5.52026,5.46268,5.52026,87510
PET,11/22/2019 00:00:00,5.52026,5.52026,5.46268,5.51306,62850
PET,11/25/2019 00:00:00,5.51306,5.51306,5.44109,5.49867,116000
PET,11/26/2019 00:00:00,5.46988,5.53465,5.46988,5.53465,1380
PET,11/27/2019 00:00:00,5.52746,5.57064,5.52746,5.55624,5010
PET,11/28/2019 00:00:00,5.48427,5.52746,5.48427,5.52746,17530
PET,11/29/2019 00:00:00,5.51306,5.51306,5.49867,5.51306,650
PET,12/2/2019 00:00:00,5.47708,5.61382,5.47708,5.49867,10350
PET,12/3/2019 00:00:00,5.46988,5.54185,5.46988,5.54185,26910
PET,12/4/2019 00:00:00,5.54185,5.54185,5.53465,5.53465,38010
PET,12/5/2019 00:00:00,5.54185,5.54185,5.46988,5.47708,32680
PET,12/6/2019 00:00:00,5.53465,5.54185,5.48427,5.50586,111440
PET,12/9/2019 00:00:00,5.46988,5.53465,5.46988,5.49867,34040
PET,12/10/2019 00:00:00,5.50586,5.50586,5.46268,5.48427,44080
PET,12/11/2019 00:00:00,5.46988,5.50586,5.46268,5.46988,107340
PET,12/12/2019 00:00:00,5.46988,5.54185,5.46988,5.50586,22370
PET,12/13/2019 00:00:00,5.46988,5.51306,5.46988,5.47708,33390
PET,12/16/2019 00:00:00,5.47708,5.49147,5.47708,5.49147,2130
PET,12/17/2019 00:00:00,5.47708,5.52746,5.47708,5.50586,54710
PET,12/18/2019 00:00:00,5.53465,5.53465,5.50586,5.50586,1010
PET,12/19/2019 00:00:00,5.48427,5.52746,5.46268,5.46268,140980
PET,12/20/2019 00:00:00,5.54185,5.54185,5.46268,5.46988,21570
PET,12/23/2019 00:00:00,5.46988,5.50586,5.46988,5.46988,33650
PET,12/24/2019 00:00:00,5.46988,5.46988,5.44109,5.46988,42630
PET,12/25/2019 00:00:00,5.46988,5.47708,5.4123,5.46988,18120
PET,12/26/2019 00:00:00,5.50586,5.50586,5.45548,5.49867,6920
PET,12/27/2019 00:00:00,5.48427,5.49147,5.47708,5.49147,13570
PET,12/30/2019 00:00:00,5.46988,5.49147,5.46988,5.49147,35140
PET,12/31/2019 00:00:00,5.50586,5.50586,5.46988,5.46988,157120
PET,1/2/2020 00:00:00,5.49867,5.50586,5.46988,5.50586,43580
PET,1/3/2020 00:00:00,5.50586,5.50586,5.47708,5.49147,64880
PET,1/6/2020 00:00:00,5.49147,5.49147,5.46988,5.46988,51370
PET,1/7/2020 00:00:00,5.46988,5.49147,5.44829,5.45548,60250
PET,1/8/2020 00:00:00,5.44109,5.51306,5.44109,5.49867,137060
PET,1/9/2020 00:00:00,5.51306,5.54185,5.46988,5.50586,28120
PET,1/10/2020 00:00:00,5.54185,5.61382,5.46988,5.50586,29100
PET,1/13/2020 00:00:00,5.46988,5.53465,5.46988,5.52746,30070
PET,1/14/2020 00:00:00,5.57064,5.57064,5.53465,5.54185,18510
PET,1/15/2020 00:00:00,5.52746,5.56344,5.49147,5.52026,19630
PET,1/16/2020 00:00:00,5.48427,5.52746,5.48427,5.52746,55890
PET,1/17/2020 00:00:00,5.50586,5.54185,5.49147,5.53465,31930
PET,1/20/2020 00:00:00,5.46988,5.52746,5.46988,5.51306,29360
PET,1/21/2020 00:00:00,5.53465,5.53465,5.49147,5.51306,5580
PET,1/22/2020 00:00:00,5.51306,5.54185,5.50586,5.54185,31020
PET,1/30/2020 00:00:00,5.54185,5.57784,5.48427,5.56344,7560
PET,1/31/2020 00:00:00,5.57064,5.57064,5.49147,5.55624,67840
PET,2/3/2020 00:00:00,5.27555,5.39791,5.18919,5.28995,269100
PET,2/4/2020 00:00:00,5.28995,5.32593,5.25396,5.31154,37760
PET,2/5/2020 00:00:00,5.31154,5.46988,5.31154,5.46988,18810
PET,2/6/2020 00:00:00,5.33313,5.50586,5.33313,5.50586,36000
PET,2/7/2020 00:00:00,5.36192,5.50586,5.34753,5.50586,11670
PET,2/10/2020 00:00:00,5.50586,5.50586,5.36192,5.39791,35770
PET,2/11/2020 00:00:00,5.39791,5.46988,5.39791,5.46988,3900
PET,2/12/2020 00:00:00,5.49867,5.49867,5.4195,5.46988,57310
PET,2/13/2020 00:00:00,5.39791,5.46988,5.39791,5.46988,97440
PET,2/14/2020 00:00:00,5.46988,5.49147,5.39791,5.49147,28330
PET,2/17/2020 00:00:00,5.49147,5.49867,5.39791,5.44109,43210
PET,2/18/2020 00:00:00,5.46988,5.46988,5.44829,5.46268,460
PET,2/19/2020 00:00:00,5.46268,5.46988,5.43389,5.46268,35510
PET,2/20/2020 00:00:00,5.46268,5.52746,5.46268,5.49147,92820
PET,2/21/2020 00:00:00,5.46268,5.52026,5.46268,5.49147,54680
PET,2/24/2020 00:00:00,5.46988,5.46988,5.39791,5.46988,101190
PET,2/25/2020 00:00:00,5.37631,5.39791,5.32593,5.39791,83160
PET,2/26/2020 00:00:00,5.39791,5.46268,5.32593,5.39791,39630
PET,2/27/2020 00:00:00,5.39791,5.42669,5.32593,5.42669,65530
PET,2/28/2020 00:00:00,5.39791,5.39791,5.32593,5.32593,41730
PET,3/2/2020 00:00:00,5.45548,5.45548,5.32593,5.38351,46850
PET,3/3/2020 00:00:00,5.39071,5.39791,5.34033,5.34033,75190
PET,3/4/2020 00:00:00,5.38351,5.38351,5.34033,5.34033,64700
PET,3/5/2020 00:00:00,5.39791,5.54185,5.36192,5.39791,18840
PET,3/6/2020 00:00:00,5.4051,5.46988,5.36192,5.45548,77110
PET,3/9/2020 00:00:00,5.43389,5.43389,5.07403,5.07403,641420
PET,3/10/2020 00:00:00,5.07403,5.26116,5.03805,5.24676,349290
PET,3/11/2020 00:00:00,5.26836,5.30434,5.03805,5.1604,592070
PET,3/12/2020 00:00:00,4.96607,5.03805,4.85812,4.85812,377610
PET,3/13/2020 00:00:00,4.83652,5.11002,4.67818,5.11002,113450
PET,3/16/2020 00:00:00,5.11002,5.1676,4.8941,5.11002,133200
PET,3/17/2020 00:00:00,4.83652,5.146,4.83652,5.13881,238980
PET,3/18/2020 00:00:00,4.98767,5.35472,4.98767,5.25396,453500
PET,3/19/2020 00:00:00,5.07403,5.146,5.05964,5.146,15580
PET,3/20/2020 00:00:00,5.21078,5.21078,5.1676,5.17479,14000
PET,3/23/2020 00:00:00,5.03805,5.03805,4.81493,4.81493,151960
PET,3/24/2020 00:00:00,4.53424,4.81493,4.53424,4.78614,147110
PET,3/25/2020 00:00:00,4.82213,5.07403,4.82213,5.03805,10770
PET,3/26/2020 00:00:00,4.8941,5.02365,4.82933,5.00206,23670
PET,3/27/2020 00:00:00,5.00206,5.00206,4.83652,4.85812,70410
PET,3/30/2020 00:00:00,4.67818,4.82933,4.61341,4.6422,115910
PET,3/31/2020 00:00:00,4.78614,4.78614,4.60621,4.6422,31870
PET,4/1/2020 00:00:00,4.67818,4.8941,4.6422,4.78614,68010
PET,4/3/2020 00:00:00,4.82213,5.01645,4.82213,5.01645,34730
PET,4/6/2020 00:00:00,5.02365,5.03805,5.01645,5.03805,186420
PET,4/7/2020 00:00:00,5.03805,5.03805,4.93009,5.03085,36590
PET,4/8/2020 00:00:00,5.00206,5.00926,4.8941,4.95168,66680
PET,4/9/2020 00:00:00,4.95168,5.03085,4.9013,4.93009,80470
PET,4/10/2020 00:00:00,5.19638,5.19638,5.00206,5.00206,88340
PET,4/13/2020 00:00:00,5.03805,5.07403,4.97327,5.03805,122570
PET,4/14/2020 00:00:00,5.03805,5.03805,5.00206,5.00926,24110
PET,4/15/2020 00:00:00,5.00926,5.17479,5.00206,5.03805,42760
PET,4/16/2020 00:00:00,5.03805,5.06683,5.00926,5.03805,122000
PET,4/17/2020 00:00:00,5.07403,5.11002,5.03805,5.09562,186360
PET,4/20/2020 00:00:00,5.06683,5.17479,5.06683,5.10282,89830
PET,4/21/2020 00:00:00,5.03805,5.11002,4.96607,5.03085,258740
PET,4/22/2020 00:00:00,4.9013,5.00926,4.8941,4.97327,50660
PET,4/23/2020 00:00:00,5.00206,5.07403,5.00206,5.00206,114090
PET,4/24/2020 00:00:00,5.00206,5.03805,5.00206,5.03805,97310
PET,4/27/2020 00:00:00,5.11002,5.11002,5.03805,5.07403,39570
PET,4/28/2020 00:00:00,5.09562,5.12441,5.08843,5.11002,10650
PET,4/29/2020 00:00:00,5.11002,5.12441,5.04524,5.11002,25530
PET,5/4/2020 00:00:00,5.11002,5.13161,5.07403,5.07403,84270
PET,5/5/2020 00:00:00,5.11002,5.11002,5.03805,5.08123,26160
PET,5/6/2020 00:00:00,5.08123,5.13161,5.07403,5.08843,70470
PET,5/7/2020 00:00:00,5.11721,5.25396,5.09562,5.18199,110980
PET,5/8/2020 00:00:00,5.24676,5.24676,5.18199,5.18199,45760
PET,5/11/2020 00:00:00,5.18919,5.23957,5.18199,5.22517,42070
PET,5/12/2020 00:00:00,5.22517,5.28995,5.20358,5.24676,107010
PET,5/13/2020 00:00:00,5.25396,5.46268,5.25396,5.4195,119650
PET,5/14/2020 00:00:00,5.46268,5.48427,5.39791,5.48427,115540
PET,5/15/2020 00:00:00,5.54185,5.85853,5.54185,5.74337,185250
PET,5/18/2020 00:00:00,5.68579,5.72178,5.61382,5.6714,73010
PET,5/19/2020 00:00:00,5.75777,6.06725,5.75777,5.90171,370640
PET,5/20/2020 00:00:00,6.08164,6.26157,6.04565,6.24718,398240
PET,5/21/2020 00:00:00,6.24718,6.67901,6.24718,6.60704,612220
PET,5/22/2020 00:00:00,6.62143,6.75818,6.53506,6.55666,323230
PET,5/25/2020 00:00:00,6.47749,6.55666,6.33354,6.33354,633910
PET,5/26/2020 00:00:00,6.33354,6.48468,6.21839,6.42711,313820
PET,5/27/2020 00:00:00,6.47749,6.47749,6.26157,6.30475,288570
PET,5/28/2020 00:00:00,6.30475,6.30475,6.06005,6.08884,325020
PET,5/29/2020 00:00:00,6.08884,6.10323,5.9161,5.97368,262640
PET,6/1/2020 00:00:00,5.97368,6.11763,5.97368,6.03126,231770
PET,6/2/2020 00:00:00,6.03126,6.08884,5.97368,6.01687,302700
PET,6/3/2020 00:00:00,5.98088,6.03846,5.90171,5.90171,269410
PET,6/4/2020 00:00:00,6.04565,6.07444,5.9161,6.04565,190070
PET,6/5/2020 00:00:00,6.04565,6.1824,5.98088,6.15361,221280
PET,6/8/2020 00:00:00,6.23278,6.26157,6.11763,6.16801,307010
PET,6/9/2020 00:00:00,6.1896,6.21119,6.13922,6.16081,441190
PET,6/10/2020 00:00:00,6.1896,6.1896,6.11043,6.15361,254890
PET,6/11/2020 00:00:00,6.1824,6.1824,6.00967,6.03846,331970
PET,6/12/2020 00:00:00,5.85853,5.97368,5.85133,5.95209,147240
PET,6/15/2020 00:00:00,5.9377,5.97368,5.86572,5.88012,222250
PET,6/16/2020 00:00:00,5.90171,5.97368,5.87292,5.87292,99960
PET,6/17/2020 00:00:00,5.90171,5.90171,5.86572,5.88732,225810
PET,6/18/2020 00:00:00,5.9161,5.9161,5.86572,5.88732,48160
PET,6/19/2020 00:00:00,5.90171,5.97368,5.87292,5.96649,124020
PET,6/22/2020 00:00:00,6.07444,6.11763,6.03126,6.09604,1.09292e+006
PET,6/23/2020 00:00:00,6.23278,6.52067,6.13202,6.47749,3.02891e+006
PET,6/24/2020 00:00:00,6.61423,6.90932,6.58544,6.82295,840070
PET,6/25/2020 00:00:00,6.51347,6.76538,6.51347,6.60704,842060
PET,6/26/2020 00:00:00,6.61423,6.6934,6.29756,6.34074,1.43899e+006
PET,6/29/2020 00:00:00,6.34074,6.34074,5.97368,5.99527,721590
PET,6/30/2020 00:00:00,6.15361,6.15361,5.97368,5.99527,548900
PET,7/1/2020 00:00:00,5.99527,6.39112,5.99527,6.33354,590380
PET,7/2/2020 00:00:00,6.36953,6.39832,6.04565,6.1824,384850
PET,7/3/2020 00:00:00,6.1824,6.61423,6.1824,6.61423,1.67965e+006
PET,7/6/2020 00:00:00,6.83735,7.07486,6.83735,6.94531,2.01377e+006
PET,7/7/2020 00:00:00,6.94531,6.98129,6.83735,6.83735,939450
PET,7/8/2020 00:00:00,6.73659,7.05326,6.7078,6.83735,977510
PET,7/9/2020 00:00:00,6.76538,7.01728,6.76538,6.94531,1.21284e+006
PET,7/10/2020 00:00:00,6.90932,6.98129,6.87333,6.88773,557590
PET,7/13/2020 00:00:00,6.88773,6.94531,6.71499,6.72219,702520
PET,7/14/2020 00:00:00,6.72219,6.83015,6.50628,6.67901,843620
PET,7/15/2020 00:00:00,6.68621,6.72939,6.62143,6.62143,564750
PET,7/16/2020 00:00:00,6.62143,6.7006,6.50628,6.54946,490660
PET,7/17/2020 00:00:00,6.54946,6.65742,6.53506,6.62143,400850
PET,7/20/2020 00:00:00,6.64302,6.64302,6.49908,6.50628,619940
PET,7/21/2020 00:00:00,6.48468,6.54946,6.48468,6.54946,194170
PET,7/22/2020 00:00:00,6.62143,6.62143,6.26157,6.36953,372840
PET,7/23/2020 00:00:00,6.36953,6.60704,6.33354,6.57105,393260
PET,7/24/2020 00:00:00,6.51347,6.52787,6.11763,6.12482,1.00662e+006
PET,7/27/2020 00:00:00,5.82974,6.11763,5.75777,5.80095,877220
PET,7/28/2020 00:00:00,6.20399,6.20399,5.86572,6.1824,352850
PET,7/29/2020 00:00:00,6.11763,6.11763,5.82974,6.00967,345280
PET,7/30/2020 00:00:00,6.08164,6.16801,6.02406,6.11763,496340
PET,7/31/2020 00:00:00,6.03126,6.13202,6.03126,6.03126,585710
PET,8/3/2020 00:00:00,5.98088,6.1896,5.97368,6.15361,674520
PET,8/4/2020 00:00:00,6.40551,6.54946,6.36233,6.54946,1.14817e+006
PET,8/5/2020 00:00:00,6.59984,6.59984,6.4343,6.57825,1.09766e+006
PET,8/6/2020 00:00:00,6.54946,6.57825,6.48468,6.52787,830440
PET,8/7/2020 00:00:00,6.52787,6.61423,6.48468,6.59984,645930
PET,8/10/2020 00:00:00,6.72219,6.76538,6.57825,6.64302,892650
PET,8/11/2020 00:00:00,6.67901,6.67901,6.57105,6.61423,651530
PET,8/12/2020 00:00:00,6.62143,6.65742,6.58544,6.63583,697230
PET,8/13/2020 00:00:00,6.65742,6.66461,6.59264,6.64302,647790
PET,8/14/2020 00:00:00,6.62143,6.65022,6.58544,6.60704,847730
PET,8/17/2020 00:00:00,6.62319,6.76858,6.62319,6.66358,831920
PET,8/18/2020 00:00:00,6.66358,6.68781,6.56665,6.57473,326440
PET,8/19/2020 00:00:00,6.58281,6.59088,6.51011,6.51011,379150
PET,8/20/2020 00:00:00,6.50204,6.51819,6.4455,6.4455,738930
PET,8/21/2020 00:00:00,6.46165,6.53434,6.46165,6.51011,332270
PET,8/24/2020 00:00:00,6.51011,6.59896,6.51011,6.5505,418760
PET,8/25/2020 00:00:00,6.58281,6.58281,6.46165,6.49396,446120
PET,8/26/2020 00:00:00,6.50204,6.74435,6.49396,6.73627,1.48881e+006
PET,8/27/2020 00:00:00,6.74435,6.9382,6.74435,6.9382,1.0803e+006
PET,8/28/2020 00:00:00,7.35013,7.42282,7.22897,7.42282,1.5754e+006
PET,8/31/2020 00:00:00,7.7459,7.7459,7.26936,7.30166,2.03327e+006
PET,9/1/2020 00:00:00,7.26936,7.46321,7.18859,7.39859,1.39238e+006
PET,9/3/2020 00:00:00,7.39859,7.40667,7.26128,7.26936,1.06552e+006
PET,9/4/2020 00:00:00,6.98666,7.22897,6.98666,7.22897,725420
PET,9/7/2020 00:00:00,7.14012,7.2532,7.02704,7.02704,860340
PET,9/8/2020 00:00:00,7.02704,7.26936,6.98666,7.18859,566180
PET,9/9/2020 00:00:00,7.03512,7.22089,7.01089,7.13205,543710
PET,9/10/2020 00:00:00,7.19666,7.35013,7.19666,7.34205,1.2817e+006
PET,9/11/2020 00:00:00,7.34205,7.35013,7.27743,7.35013,424990
PET,9/14/2020 00:00:00,7.35013,7.35013,7.27743,7.30974,691870
PET,9/15/2020 00:00:00,7.30974,7.34205,7.26936,7.29359,600750
PET,9/16/2020 00:00:00,7.30166,7.67321,7.26936,7.67321,2.44594e+006
PET,9/17/2020 00:00:00,7.67321,7.67321,7.47128,7.63282,1.00709e+006
PET,9/18/2020 00:00:00,7.6409,7.66513,7.56821,7.56821,761840
PET,9/21/2020 00:00:00,7.59244,7.67321,7.56013,7.59244,1.70595e+006
PET,9/22/2020 00:00:00,7.51167,8.01245,7.51167,7.83475,1.59802e+006
PET,9/23/2020 00:00:00,7.95591,8.11745,7.91552,7.91552,1.24076e+006
PET,9/24/2020 00:00:00,7.83475,7.9236,7.75398,7.79436,762000
PET,9/25/2020 00:00:00,7.83475,7.87514,7.71359,7.81052,826870
PET,9/28/2020 00:00:00,7.91552,7.98014,7.84283,7.96398,738660
PET,9/29/2020 00:00:00,8.07706,8.07706,7.81052,7.83475,850560
PET,9/30/2020 00:00:00,7.83475,7.91552,7.78629,7.8509,662250
PET,10/1/2020 00:00:00,7.8509,7.98821,7.8509,7.96398,408330
PET,10/2/2020 00:00:00,7.96398,7.96398,7.4309,7.79436,1.09394e+006
PET,10/5/2020 00:00:00,7.78629,7.91552,7.78629,7.89937,390620
PET,10/6/2020 00:00:00,7.91552,7.95591,7.81052,7.89129,450430
PET,10/7/2020 00:00:00,7.96398,8.44053,7.94783,8.44053,1.64432e+006
PET,10/8/2020 00:00:00,8.60207,8.88477,8.44053,8.804,2.47928e+006
PET,10/9/2020 00:00:00,8.64246,8.804,8.60207,8.72323,926240
PET,10/12/2020 00:00:00,8.64246,8.72323,8.40014,8.44053,1.04921e+006
PET,10/13/2020 00:00:00,8.44053,8.804,8.31937,8.64246,1.08036e+006
PET,10/14/2020 00:00:00,8.72323,8.76361,8.48092,8.56169,446630
PET,10/15/2020 00:00:00,8.56169,8.56169,8.2386,8.27899,1.04414e+006
PET,10/16/2020 00:00:00,8.2386,8.48092,8.19822,8.40014,748320
PET,10/19/2020 00:00:00,8.40014,8.48092,8.31937,8.40014,630810
PET,10/20/2020 00:00:00,8.40014,8.44053,8.27899,8.40014,618120
PET,10/21/2020 00:00:00,8.40014,8.40014,8.06898,8.07706,1.21977e+006
PET,10/22/2020 00:00:00,8.07706,8.2386,7.93167,8.2386,845370
PET,10/23/2020 00:00:00,8.15783,8.2386,7.99629,8.11745,380820
PET,10/26/2020 00:00:00,8.11745,8.2386,7.98014,7.98014,377720
PET,10/27/2020 00:00:00,7.96398,8.06898,7.75398,7.75398,412630
PET,10/28/2020 00:00:00,7.75398,7.77821,7.47128,7.47128,808120
PET,10/29/2020 00:00:00,7.42282,7.66513,7.35013,7.58436,662390
PET,10/30/2020 00:00:00,7.71359,7.71359,7.47128,7.47128,326090
PET,11/2/2020 00:00:00,7.59244,7.91552,7.59244,7.79436,430530
PET,11/3/2020 00:00:00,7.79436,8.06898,7.79436,8.0286,428300
PET,11/4/2020 00:00:00,8.0286,8.2386,7.91552,8.15783,375130
PET,11/5/2020 00:00:00,8.15783,8.19822,8.0286,8.0286,259460
PET,11/6/2020 00:00:00,8.07706,8.48092,7.99629,8.48092,1.22215e+006
PET,11/9/2020 00:00:00,8.88477,9.04631,8.88477,9.04631,2.22114e+006
PET,11/10/2020 00:00:00,9.65209,9.65209,9.28862,9.32901,4.35754e+006
PET,11/11/2020 00:00:00,9.20785,9.97517,9.20785,9.97517,2.96059e+006
PET,11/12/2020 00:00:00,10.2579,10.6617,10.1367,10.6617,2.31411e+006
PET,11/13/2020 00:00:00,11.0656,11.3887,10.9444,11.3887,2.38405e+006
PET,11/16/2020 00:00:00,11.5502,12.0348,10.9444,11.7925,3.77324e+006
PET,11/17/2020 00:00:00,11.9541,12.0348,11.4694,11.5502,1.78635e+006
PET,11/18/2020 00:00:00,11.3483,11.9541,11.3483,11.631,1.56686e+006
PET,11/19/2020 00:00:00,11.3887,11.4694,10.8233,10.9848,3.41214e+006
PET,11/20/2020 00:00:00,11.1463,11.7521,11.0252,11.7521,3.53455e+006
PET,11/23/2020 00:00:00,11.9541,12.5598,11.9541,12.5598,2.15735e+006
PET,11/24/2020 00:00:00,12.9233,13.0848,12.3579,12.8021,2.54487e+006
PET,11/25/2020 00:00:00,12.6406,12.9233,12.2771,12.3983,2.13998e+006
PET,11/26/2020 00:00:00,12.4791,12.5598,12.1964,12.4387,1.18442e+006
PET,11/27/2020 00:00:00,12.3983,13.1656,12.3983,12.9233,3.28821e+006
PET,11/30/2020 00:00:00,13.206,13.2868,12.9637,13.0041,2.08779e+006
PET,12/1/2020 00:00:00,12.8425,13.1252,12.6002,12.7618,2.81691e+006
PET,12/2/2020 00:00:00,12.8829,13.0848,12.5194,12.5194,3.01789e+006
PET,12/3/2020 00:00:00,12.6002,12.9233,12.3983,12.7618,2.41725e+006
PET,12/4/2020 00:00:00,12.681,12.7618,12.4791,12.6002,1.58718e+006
PET,12/7/2020 00:00:00,12.4791,13.1656,12.4791,12.681,2.79603e+006
PET,12/8/2020 00:00:00,12.681,12.8829,12.4387,12.4387,2.283e+006
PET,12/9/2020 00:00:00,12.4387,12.681,12.3983,12.4387,2.021e+006
PET,12/10/2020 00:00:00,12.4791,12.5598,12.0348,12.0348,2.34207e+006
PET,12/11/2020 00:00:00,12.0348,12.2771,11.8733,12.156,1.73443e+006
PET,12/14/2020 00:00:00,12.3983,12.9233,12.2367,12.8021,3.52923e+006
PET,12/15/2020 00:00:00,12.681,13.6502,12.5194,13.4079,7.66428e+006
PET,12/16/2020 00:00:00,13.5695,13.8925,13.4079,13.4079,2.53074e+006
PET,12/17/2020 00:00:00,13.3272,13.6502,13.1252,13.4079,2.13962e+006
PET,12/18/2020 00:00:00,13.5291,13.5291,13.1656,13.3675,3.3142e+006
PET,12/21/2020 00:00:00,13.4887,13.8522,13.2868,13.3272,4.42436e+006
PET,12/22/2020 00:00:00,13.2868,13.2868,13.0041,13.0848,3.67237e+006
PET,12/23/2020 00:00:00,13.0445,13.3675,13.0041,13.0848,2.105e+006
PET,12/24/2020 00:00:00,13.0041,13.0848,12.1964,12.4387,2.54632e+006
PET,12/25/2020 00:00:00,12.4387,12.9233,12.1156,12.4791,1.98025e+006
PET,12/28/2020 00:00:00,12.5194,13.1656,12.3175,12.9233,2.71182e+006
PET,12/29/2020 00:00:00,12.9233,13.0445,12.7214,12.7214,1.30729e+006
PET,12/30/2020 00:00:00,12.7214,13.6098,12.6002,13.1252,3.48487e+006
PET,12/31/2020 00:00:00,13.2464,13.4079,13.0041,13.0445,1.8072e+006
PET,1/4/2021 00:00:00,13.0445,13.3272,13.0445,13.206,2.0142e+006
PET,1/5/2021 00:00:00,13.1656,13.9733,13.0041,13.8118,4.5847e+006
PET,1/6/2021 00:00:00,13.8118,14.3772,13.4887,13.731,2.6166e+006
PET,1/7/2021 00:00:00,13.8925,14.1349,13.731,14.0137,2.9477e+006
PET,1/8/2021 00:00:00,14.1349,14.2156,13.731,14.0541,3.3743e+006
PET,1/11/2021 00:00:00,14.0945,14.0945,13.731,13.8925,2.3389e+006
PET,1/12/2021 00:00:00,13.8925,13.8925,13.6502,13.8118,2.1778e+006
PET,1/13/2021 00:00:00,13.8522,14.3772,13.8522,14.0541,4.7568e+006
PET,1/14/2021 00:00:00,14.0541,15.0233,14.0541,15.0233,5.5437e+006
PET,1/15/2021 00:00:00,15.6695,15.9118,15.3464,15.508,2.4848e+006
PET,1/18/2021 00:00:00,15.508,15.508,14.9426,15.1041,2.6642e+006
PET,1/19/2021 00:00:00,14.9426,14.983,14.0541,14.0541,2.7469e+006
PET,1/20/2021 00:00:00,13.731,13.8118,13.0848,13.6098,3.9583e+006
PET,1/21/2021 00:00:00,13.8925,14.1349,13.5291,14.1349,2e+006
PET,1/22/2021 00:00:00,14.1349,14.8618,13.8925,14.3368,2.3988e+006
PET,1/25/2021 00:00:00,14.1349,14.4176,14.0541,14.0541,2.0475e+006
PET,1/26/2021 00:00:00,14.0541,14.0541,13.0848,13.1656,2.7885e+006
PET,1/27/2021 00:00:00,12.9637,13.4483,12.2771,12.3579,2.6006e+006
PET,1/28/2021 00:00:00,11.5502,11.7925,11.5098,11.5098,1.6101e+006
PET,1/29/2021 00:00:00,10.8233,12.0348,10.8233,11.9541,2.0667e+006
PET,2/1/2021 00:00:00,11.7521,12.3579,11.1463,11.2271,1.804e+006
PET,2/2/2021 00:00:00,11.2271,11.6714,10.904,11.6714,935700
PET,2/3/2021 00:00:00,11.9541,12.4791,11.7521,12.4791,1.8111e+006
PET,2/4/2021 00:00:00,12.4791,12.9233,12.3579,12.4791,1.1936e+006
PET,2/5/2021 00:00:00,12.7214,12.7618,12.4791,12.6406,660400
PET,2/8/2021 00:00:00,12.681,12.7214,11.9137,12.0348,1.5373e+006
PET,2/9/2021 00:00:00,12.0348,12.5194,11.7117,12.4387,930300
PET,2/17/2021 00:00:00,12.7618,13.2868,12.7618,13.2868,2.0883e+006
PET,2/18/2021 00:00:00,13.5695,14.0137,13.4887,13.8522,2.1865e+006
PET,2/19/2021 00:00:00,13.5291,14.1349,13.5291,13.7714,1.3755e+006
PET,2/22/2021 00:00:00,13.8522,13.8522,13.4079,13.5695,1.2695e+006
PET,2/23/2021 00:00:00,13.731,13.731,13.4079,13.6098,1.3472e+006
PET,2/24/2021 00:00:00,13.6098,13.8118,12.9637,13.3272,1.1214e+006
PET,2/25/2021 00:00:00,13.3272,13.5291,13.1656,13.4079,1.419e+006
PET,2/26/2021 00:00:00,13.0041,13.4079,13.0041,13.3675,1.1144e+006
PET,3/1/2021 00:00:00,13.4483,14.2964,13.4483,14.2964,3.1828e+006
PET,3/2/2021 00:00:00,14.8618,14.9426,14.2964,14.6195,3.738e+006
PET,3/3/2021 00:00:00,14.6195,15.5887,14.6195,15.3868,3.1358e+006
PET,3/4/2021 00:00:00,15.5483,15.5483,14.5387,14.9426,2.1688e+006
PET,3/5/2021 00:00:00,14.9426,15.9522,14.3772,15.9522,4.618e+006
PET,3/8/2021 00:00:00,16.8003,17.0426,16.4772,17.0426,2.6116e+006
PET,3/9/2021 00:00:00,17.083,18.2138,17.0426,17.3657,5.7203e+006
PET,3/10/2021 00:00:00,16.9618,17.7695,16.558,17.1234,3.5245e+006
PET,3/11/2021 00:00:00,17.2041,18.1734,17.1638,17.608,1.8086e+006
PET,3/12/2021 00:00:00,17.7695,18.4157,17.2849,17.9311,2.7907e+006
PET,3/15/2021 00:00:00,18.1734,18.9811,18.0118,18.6176,2.7443e+006
PET,3/16/2021 00:00:00,18.6984,19.8696,18.6984,19.7484,2.791e+006
PET,3/17/2021 00:00:00,19.3849,20.1927,19.1023,19.3849,2.8561e+006
PET,3/18/2021 00:00:00,19.4657,19.4657,18.2542,18.5772,4.4493e+006
PET,3/19/2021 00:00:00,18.2542,19.3849,18.0118,19.2234,3.2741e+006
PET,3/22/2021 00:00:00,19.3849,20.0311,19.3042,19.5869,2.2861e+006
PET,3/23/2021 00:00:00,19.3849,19.5869,18.7792,19.0619,2.3533e+006
PET,3/24/2021 00:00:00,18.5772,18.9003,18.1734,18.1734,2.4483e+006
PET,3/25/2021 00:00:00,18.3349,18.7792,17.3657,17.7695,2.6556e+006
PET,3/26/2021 00:00:00,17.7695,18.1734,16.5984,17.7695,2.7965e+006
PET,3/29/2021 00:00:00,18.0926,18.0926,17.4868,17.7695,2.2307e+006
PET,3/30/2021 00:00:00,17.7695,17.8907,17.3657,17.5272,1.8708e+006
PET,3/31/2021 00:00:00,17.608,18.5772,17.4465,18.4965,3.1587e+006
PET,4/1/2021 00:00:00,18.5772,18.9003,18.2542,18.6176,1.1342e+006
PET,4/2/2021 00:00:00,18.8599,18.8599,18.2542,18.3753,1.8298e+006
PET,4/5/2021 00:00:00,18.3753,18.658,17.8099,17.9311,1.8923e+006
PET,4/6/2021 00:00:00,17.8907,17.9311,17.6484,17.7695,1.7299e+006
PET,4/7/2021 00:00:00,17.9311,18.9811,17.9311,18.9811,4.3528e+006
PET,4/8/2021 00:00:00,19.3042,19.3042,18.7388,18.7388,1.6396e+006
PET,4/9/2021 00:00:00,18.7792,19.0619,18.6984,18.9811,2.5778e+006
PET,4/12/2021 00:00:00,18.9811,19.0619,18.5772,18.9003,2.2882e+006
PET,4/13/2021 00:00:00,18.9811,18.9811,17.8503,18.1734,2.8013e+006
PET,4/14/2021 00:00:00,17.8503,18.5772,17.8503,18.3753,1.2987e+006
PET,4/15/2021 00:00:00,18.5772,18.5772,17.7695,17.8099,1.6528e+006
PET,4/16/2021 00:00:00,17.7695,17.7695,16.6387,17.0426,2.6642e+006
PET,4/19/2021 00:00:00,17.3657,18.1734,16.8003,17.9311,1.3401e+006
PET,4/20/2021 00:00:00,18.1734,18.1734,17.2849,17.2849,1.5769e+006
PET,4/22/2021 00:00:00,16.9618,17.3657,16.1137,16.1137,1.7642e+006
PET,4/23/2021 00:00:00,16.0734,16.558,15.3868,16.558,1.6111e+006
PET,4/26/2021 00:00:00,16.558,16.558,15.7503,15.8714,975200
PET,4/27/2021 00:00:00,15.7503,16.3964,15.3464,16.033,1.0361e+006
PET,4/28/2021 00:00:00,15.9926,16.3964,15.7503,16.1541,1.0056e+006
PET,4/29/2021 00:00:00,16.4368,16.4772,16.0734,16.1541,1.0512e+006
PET,5/4/2021 00:00:00,15.4272,16.8003,15.4272,16.558,1.6404e+006
PET,5/5/2021 00:00:00,16.8003,17.6484,16.558,17.2849,2.668e+006
PET,5/6/2021 00:00:00,17.608,17.608,16.8407,17.0022,1.4075e+006
PET,5/7/2021 00:00:00,16.6387,17.1234,16.558,16.7195,1.5571e+006
PET,5/10/2021 00:00:00,16.5984,17.3657,16.558,17.1234,2.1403e+006
PET,5/11/2021 00:00:00,17.3657,18.0926,17.0426,17.6888,3.6243e+006
PET,5/12/2021 00:00:00,17.5272,18.4157,17.4465,18.1734,2.6158e+006
PET,5/13/2021 00:00:00,18.1734,18.4965,17.7695,17.7695,1.5462e+006
PET,5/14/2021 00:00:00,17.8503,17.8907,17.3657,17.4465,1.7149e+006
PET,5/17/2021 00:00:00,17.4465,17.608,16.3964,16.3964,3.0092e+006
PET,5/18/2021 00:00:00,16.3157,16.8003,16.1945,16.3157,1.9114e+006
PET,5/19/2021 00:00:00,16.558,16.558,15.9118,16.2349,2.2168e+006
PET,5/20/2021 00:00:00,16.2349,16.2349,15.7907,15.9926,1.7641e+006
PET,5/21/2021 00:00:00,15.831,16.558,15.7503,16.2753,1.3347e+006
PET,5/24/2021 00:00:00,16.558,16.9618,16.3157,16.9618,1.6861e+006
PET,5/25/2021 00:00:00,17.2445,17.4465,17.0022,17.3657,2.785e+006
PET,5/26/2021 00:00:00,17.4465,17.608,16.9618,17.1234,1.8563e+006
PET,5/27/2021 00:00:00,17.1234,17.2041,16.6387,16.7195,1.5169e+006
PET,5/28/2021 00:00:00,16.8003,17.3657,16.5984,17.2041,1.7084e+006
PET,5/31/2021 00:00:00,17.2041,18.3753,17.1234,18.3753,3.2478e+006
PET,6/1/2021 00:00:00,18.9407,18.9407,18.5772,18.5772,2.5565e+006
PET,6/2/2021 00:00:00,18.4965,19.0619,18.2542,18.6984,3.7301e+006
PET,6/3/2021 00:00:00,19.0215,19.5465,18.7388,19.2234,4.1596e+006
PET,6/4/2021 00:00:00,19.2234,20.3542,18.658,20.1927,5.0034e+006
PET,6/7/2021 00:00:00,21.034,21.1182,18.8465,20.8237,3.6931e+006
PET,6/8/2021 00:00:00,19.772,20.4871,19.3934,19.3934,2.1863e+006
PET,6/9/2021 00:00:00,18.6782,19.3513,18.0472,18.4258,3.6348e+006
PET,6/10/2021 00:00:00,17.7527,18.1734,17.332,17.5424,3.2623e+006
PET,6/11/2021 00:00:00,17.5844,18.3417,17.5844,18.0893,1.883e+006
PET,6/14/2021 00:00:00,18.2575,18.7203,17.8789,18.2155,2.6213e+006
PET,6/15/2021 00:00:00,18.3417,18.3417,17.7527,17.963,2.2875e+006
PET,6/16/2021 00:00:00,18.0893,18.3417,17.6686,17.8789,1.5576e+006
PET,6/17/2021 00:00:00,17.5003,18.1313,17.5003,17.963,1.9612e+006
PET,6/18/2021 00:00:00,18.0893,18.9306,17.963,18.7623,4.0153e+006
PET,6/21/2021 00:00:00,18.7623,19.3513,18.7623,18.9306,2.8124e+006
PET,6/22/2021 00:00:00,19.0989,19.5196,18.5099,18.7623,2.6667e+006
PET,6/23/2021 00:00:00,18.552,18.6782,18.0893,18.2575,2.2862e+006
PET,6/24/2021 00:00:00,18.2575,18.2575,17.921,18.0051,1.3779e+006
PET,6/25/2021 00:00:00,18.2575,18.2575,17.7106,18.0051,1.2267e+006
PET,6/28/2021 00:00:00,18.0051,18.8465,17.921,18.7203,2.8587e+006
PET,6/29/2021 00:00:00,18.7203,18.8465,18.2575,18.3417,2.1988e+006
PET,6/30/2021 00:00:00,18.3417,18.7623,18.1734,18.3837,1.373e+006
PET,7/1/2021 00:00:00,18.4258,18.7623,18.0051,18.6782,2.6947e+006
PET,7/2/2021 00:00:00,18.9306,19.6037,18.6782,19.4354,5.3187e+006
PET,7/5/2021 00:00:00,19.7299,20.0244,19.3513,19.6458,4.7789e+006
PET,7/6/2021 00:00:00,19.6878,20.1085,18.5099,18.5099,4.2284e+006
PET,7/7/2021 00:00:00,18.6782,19.183,17.8368,18.6361,2.5599e+006
PET,7/8/2021 00:00:00,18.4258,19.6037,18.4258,19.0568,3.3653e+006
PET,7/9/2021 00:00:00,19.0147,19.6878,18.5099,19.0147,3.2854e+006
PET,7/12/2021 00:00:00,18.8885,18.8885,17.7106,17.7106,2.7716e+006
PET,7/13/2021 00:00:00,17.921,17.963,16.4907,16.9955,5.3452e+006
PET,7/14/2021 00:00:00,16.8693,17.1217,15.8176,16.3224,2.8143e+006
PET,7/15/2021 00:00:00,15.7334,17.1217,15.7334,17.1217,1.6837e+006
PET,7/16/2021 00:00:00,17.0796,17.1638,16.701,17.0796,1.649e+006
PET,7/19/2021 00:00:00,16.4065,16.6589,15.9017,15.9017,2.5547e+006
PET,7/20/2021 00:00:00,15.9438,16.2803,15.3128,16.2803,1.5962e+006
PET,7/21/2021 00:00:00,16.3224,17.0796,16.1541,16.4065,1.3525e+006
PET,7/22/2021 00:00:00,16.5748,17.0796,16.5327,17.0376,1.9373e+006
PET,7/23/2021 00:00:00,16.7431,17.2479,16.5748,16.5748,1.6336e+006
PET,7/26/2021 00:00:00,16.5327,17.5003,16.1541,17.4162,2.4163e+006
PET,7/27/2021 00:00:00,17.8368,18.1734,17.5003,17.7948,2.5895e+006
PET,7/28/2021 00:00:00,17.332,17.963,17.332,17.5003,911400
PET,7/29/2021 00:00:00,17.5844,18.2575,17.4582,17.921,1.7566e+006
PET,7/30/2021 00:00:00,17.921,18.2996,17.7527,17.963,2.3251e+006
PET,8/2/2021 00:00:00,17.921,18.2996,17.7948,18.0472,2.0018e+006
PET,8/3/2021 00:00:00,18.0051,18.2155,17.8789,18.1313,1.6768e+006
PET,8/4/2021 00:00:00,18.2155,18.8885,18.0893,18.5099,3.1303e+006
PET,8/5/2021 00:00:00,18.5099,18.5941,18.2155,18.552,1.7194e+006
PET,8/6/2021 00:00:00,18.5099,19.3092,18.4679,18.8044,4.2961e+006
PET,8/9/2021 00:00:00,18.8044,19.183,18.8044,18.9306,2.2524e+006
PET,8/10/2021 00:00:00,19.0989,20.2347,18.9727,20.2347,5.4194e+006
PET,8/11/2021 00:00:00,20.9919,21.4547,20.1927,20.403,6.5731e+006
PET,8/12/2021 00:00:00,20.1927,21.7912,20.1927,21.7912,6.2624e+006
PET,8/13/2021 00:00:00,21.8754,22.7167,21.4547,22.2961,4.783e+006
PET,8/16/2021 00:00:00,22.4643,22.9271,22.0436,22.2119,3.5676e+006
PET,8/17/2021 00:00:00,21.8754,22.1278,21.2023,21.7912,5.029e+006
PET,8/18/2021 00:00:00,21.623,22.5485,21.5388,22.0436,2.9463e+006
PET,8/19/2021 00:00:00,22.0436,22.7167,21.8754,22.3381,2.8618e+006
PET,8/20/2021 00:00:00,22.7167,23.2216,20.7816,21.4547,7.293e+006
PET,8/23/2021 00:00:00,21.5388,21.8754,19.9823,19.9823,6.0669e+006
PET,8/24/2021 00:00:00,20.1927,20.9499,19.9823,20.5292,4.1069e+006
PET,8/25/2021 00:00:00,20.5292,20.9499,20.3609,20.5713,1.486e+006
PET,8/26/2021 00:00:00,20.8657,21.4126,20.4451,20.8657,2.3022e+006
PET,8/27/2021 00:00:00,20.4451,21.9595,20.4451,21.7071,3.5347e+006
PET,8/30/2021 00:00:00,22.254,23.1795,21.8754,23.1795,5.1778e+006
PET,8/31/2021 00:00:00,23.5581,23.8946,22.9271,23.1374,3.0693e+006
PET,9/1/2021 00:00:00,22.9271,23.516,22.885,23.3478,2.432e+006
PET,9/6/2021 00:00:00,23.6422,24.3995,23.5581,23.9367,2.6889e+006
PET,9/7/2021 00:00:00,23.9367,23.9367,22.2961,22.7167,4.2973e+006
PET,9/8/2021 00:00:00,22.3381,22.9691,22.2119,22.5485,1.9718e+006
PET,9/9/2021 00:00:00,22.7167,23.3057,22.4643,23.2636,1.7465e+006
PET,9/10/2021 00:00:00,23.2636,23.8105,23.0533,23.1374,1.5008e+006
PET,9/13/2021 00:00:00,23.1374,24.736,23.1374,24.6939,5.3012e+006
PET,9/14/2021 00:00:00,25.2408,25.4512,23.7264,23.9788,3.4112e+006
PET,9/15/2021 00:00:00,23.5581,24.5677,23.5581,24.1471,1.1091e+006
PET,9/16/2021 00:00:00,24.1471,24.6939,23.3898,24.0629,3.3974e+006
PET,9/17/2021 00:00:00,24.1471,24.3574,23.5581,23.7684,3.3057e+006
PET,9/20/2021 00:00:00,23.8105,24.1471,22.8429,23.1374,3.5539e+006
PET,9/21/2021 00:00:00,22.5485,23.0953,21.8754,22.7167,3.4582e+006
PET,9/22/2021 00:00:00,22.9271,23.4319,22.885,23.3057,1.8013e+006
PET,9/23/2021 00:00:00,23.5581,23.7264,22.7167,22.7167,1.7804e+006
PET,9/24/2021 00:00:00,22.7167,23.1374,22.0857,22.2961,1.5439e+006
PET,9/27/2021 00:00:00,22.2961,22.2961,20.7395,20.7395,3.7655e+006
PET,9/28/2021 00:00:00,20.7395,22.0857,20.7395,22.0436,1.5065e+006
PET,9/29/2021 00:00:00,21.4547,22.2119,21.3706,22.2119,834800
PET,9/30/2021 00:00:00,22.2119,23.3898,21.9595,22.5485,1.6349e+006
PET,10/1/2021 00:00:00,22.5485,23.1374,22.1278,22.6326,1.6996e+006
PET,10/4/2021 00:00:00,23.1374,23.2216,22.8009,23.0112,2.0034e+006
PET,10/5/2021 00:00:00,23.0533,23.8105,22.4643,23.3478,3.0351e+006
PET,10/6/2021 00:00:00,23.9788,24.105,23.516,23.5581,3.0051e+006
PET,10/7/2021 00:00:00,23.8526,24.8201,23.6422,24.736,5.8122e+006
PET,10/8/2021 00:00:00,24.9043,25.0305,24.1891,24.4415,2.7381e+006
PET,10/11/2021 00:00:00,24.8201,24.8201,24.3153,24.3574,2.2734e+006
PET,10/12/2021 00:00:00,24.3995,25.1567,24.1471,24.5677,3.2526e+006
PET,10/13/2021 00:00:00,24.6098,24.9884,24.4836,24.5257,1.468e+006
PET,10/14/2021 00:00:00,24.8201,25.8718,24.736,25.5774,2.4865e+006
PET,10/15/2021 00:00:00,25.6615,25.9139,25.2829,25.5353,2.1061e+006
PET,10/18/2021 00:00:00,25.7456,26.1663,25.4932,25.5353,1.9698e+006
PET,10/19/2021 00:00:00,25.5353,25.998,25.4091,25.5774,1.9705e+006
PET,10/20/2021 00:00:00,25.2408,26.7553,25.1146,26.3346,5.321e+006
PET,10/21/2021 00:00:00,26.3346,26.3346,25.7456,25.9139,1.3662e+006
PET,10/22/2021 00:00:00,25.6615,26.5029,25.4091,25.7456,2.4406e+006
PET,10/25/2021 00:00:00,25.7456,25.998,25.2408,25.2408,2.5156e+006
PET,10/26/2021 00:00:00,24.9463,25.2408,24.5257,24.9884,2.4153e+006
PET,10/27/2021 00:00:00,25.2408,26.2925,24.9043,26.0822,3.0843e+006
PET,10/28/2021 00:00:00,26.2505,26.4187,25.6615,25.8718,2.6426e+006
PET,10/29/2021 00:00:00,25.8718,26.2505,25.7036,26.0822,2.5268e+006
PET,11/1/2021 00:00:00,26.1663,26.8394,25.6615,25.7877,2.5002e+006
PET,11/2/2021 00:00:00,25.7877,26.5029,25.6615,26.5029,2.67e+006
PET,11/3/2021 00:00:00,27.1759,27.2601,25.6615,25.6615,3.2289e+006
PET,11/4/2021 00:00:00,25.8298,25.998,25.6194,25.8298,1.6489e+006
PET,11/5/2021 00:00:00,25.7456,26.5029,25.7456,26.1242,2.1166e+006
PET,11/8/2021 00:00:00,26.0822,27.3022,26.0822,26.9656,3.8626e+006
PET,11/9/2021 00:00:00,26.9656,27.1759,26.2505,26.7553,1.6696e+006
PET,11/10/2021 00:00:00,26.7553,27.9332,26.3346,27.3863,2.8928e+006
PET,11/11/2021 00:00:00,27.7649,27.7649,26.587,26.7553,2.1348e+006
PET,11/12/2021 00:00:00,26.7553,27.0077,25.8298,26.6711,1.797e+006
PET,11/15/2021 00:00:00,26.6291,27.6387,25.998,26.8815,3.4461e+006
PET,11/16/2021 00:00:00,27.1339,28.3959,26.587,27.9332,4.208e+006
PET,11/17/2021 00:00:00,27.7649,29.3635,27.4284,29.1111,3.7044e+006
PET,11/18/2021 00:00:00,29.1111,29.5318,28.6904,28.8587,2.3675e+006
PET,11/19/2021 00:00:00,28.8587,29.3214,26.8394,26.9235,3.7659e+006
PET,11/22/2021 00:00:00,26.5029,26.9235,25.0725,25.0725,4.1183e+006
PET,11/23/2021 00:00:00,24.5257,25.998,24.5257,25.8298,1.3201e+006
PET,11/24/2021 00:00:00,26.4187,26.4187,25.1567,25.1988,2.2448e+006
PET,11/25/2021 00:00:00,25.1988,25.998,25.1567,25.5353,1.2421e+006
PET,11/26/2021 00:00:00,25.7036,26.0822,25.0725,25.1988,1.7006e+006
PET,11/29/2021 00:00:00,24.5677,25.1567,24.4836,24.736,1.513e+006
PET,11/30/2021 00:00:00,25.1567,25.7456,24.9463,25.325,1.6564e+006
PET,12/1/2021 00:00:00,25.2408,26.7553,25.0725,26.0822,2.2493e+006
PET,12/2/2021 00:00:00,26.0822,26.5449,25.9139,25.9139,1.0377e+006
PET,12/3/2021 00:00:00,26.5449,26.5449,25.2408,25.2408,1.2861e+006
PET,12/6/2021 00:00:00,25.4932,25.7877,24.5257,24.8201,1.8074e+006
PET,12/7/2021 00:00:00,25.6615,25.6615,25.0725,25.2408,697300
PET,12/8/2021 00:00:00,25.6615,25.9139,25.2408,25.2408,801800
PET,12/9/2021 00:00:00,25.2408,26.6711,25.2408,26.2505,1.1517e+006
PET,12/10/2021 00:00:00,26.2505,27.0497,26.0822,26.2084,884700
PET,12/13/2021 00:00:00,26.2084,26.587,26.1663,26.4187,1.1374e+006
PET,12/14/2021 00:00:00,26.5029,28.1014,26.3767,27.5966,3.2329e+006
PET,12/15/2021 00:00:00,27.7649,27.7649,27.0497,27.0497,1.4169e+006
PET,12/16/2021 00:00:00,27.3022,27.7649,27.0497,27.3863,1.2652e+006
PET,12/17/2021 00:00:00,27.3442,28.1435,26.9235,26.9235,1.9915e+006
PET,12/20/2021 00:00:00,26.9235,27.6808,26.5029,27.0077,1.5442e+006
PET,12/21/2021 00:00:00,27.4284,28.8587,27.1339,28.8587,2.7806e+006
PET,12/22/2021 00:00:00,29.2794,30.7517,29.0269,29.9104,3.5364e+006
PET,12/23/2021 00:00:00,29.9945,30.7097,28.9007,29.4476,2.1932e+006
PET,12/24/2021 00:00:00,29.4476,30.9621,29.4476,29.9524,1.4887e+006
PET,12/27/2021 00:00:00,30.7938,31.3828,30.0366,31.1303,1.7445e+006
PET,12/28/2021 00:00:00,31.1303,31.1724,30.3731,30.7097,1.4577e+006
PET,12/29/2021 00:00:00,30.7097,31.9296,30.3731,30.7938,1.144e+006
PET,12/30/2021 00:00:00,30.7938,31.8876,30.7938,31.3828,1.4567e+006
PET,12/31/2021 00:00:00,31.509,31.7193,30.7517,30.7517,909100
PET,1/4/2022 00:00:00,30.8359,31.0462,30.289,30.5414,1.3079e+006
PET,1/5/2022 00:00:00,30.9621,31.4669,30.289,31.1724,2.0124e+006
PET,1/6/2022 00:00:00,31.2986,33.3179,31.2145,33.3179,1.8117e+006
PET,1/7/2022 00:00:00,33.9068,34.7482,33.0655,33.3179,1.1201e+006
PET,1/10/2022 00:00:00,32.8551,33.7386,31.2145,31.2145,1.4907e+006
PET,1/11/2022 00:00:00,31.2145,32.7289,31.2145,31.2565,1.4879e+006
PET,1/12/2022 00:00:00,31.2565,32.5607,29.069,30.92,2.0409e+006
PET,1/13/2022 00:00:00,31.4669,32.3924,30.2469,30.4573,1.3077e+006
PET,1/14/2022 00:00:00,30.7938,31.9717,30.5414,31.2145,841700
PET,1/17/2022 00:00:00,31.7614,31.7614,29.5318,29.5318,847500
PET,1/18/2022 00:00:00,28.9428,31.0462,28.7745,30.3731,1.1145e+006
PET,1/19/2022 00:00:00,31.0462,31.7193,30.0786,31.4669,621400
PET,1/20/2022 00:00:00,31.8455,32.2241,31.3828,31.4669,605900
PET,1/21/2022 00:00:00,31.4669,31.9717,31.3828,31.4669,557000
PET,1/24/2022 00:00:00,31.4669,31.551,29.6159,29.7421,635700
PET,1/25/2022 00:00:00,28.3539,30.3731,28.3539,30.2469,713600
PET,1/26/2022 00:00:00,30.2469,30.5835,29.7,29.9104,330500
PET,1/27/2022 00:00:00,29.5318,29.9524,29.069,29.4476,297900
PET,1/28/2022 00:00:00,29.1111,29.8683,29.1111,29.5318,376600
PET,2/7/2022 00:00:00,31.1303,31.5931,30.289,31.551,522800
PET,2/8/2022 00:00:00,31.9717,32.6448,31.551,32.0138,649000
PET,2/9/2022 00:00:00,32.14,32.14,31.551,31.8455,291000
PET,2/10/2022 00:00:00,31.8455,32.5607,31.5931,32.182,570400
PET,2/11/2022 00:00:00,32.2662,33.0655,32.182,32.8131,1.1568e+006
PET,2/14/2022 00:00:00,32.3924,35.0847,32.3924,35.0847,2.8785e+006
PET,2/15/2022 00:00:00,35.253,36.0944,34.4958,34.622,685900
PET,2/16/2022 00:00:00,34.7061,36.4309,34.3275,35.9682,977200
PET,2/17/2022 00:00:00,36.5151,38.4502,36.0102,38.4502,1.755e+006
PET,2/18/2022 00:00:00,38.366,40.806,38.366,39.0391,1.1241e+006
PET,2/21/2022 00:00:00,39.6281,39.7122,37.4405,37.8612,1.3289e+006
PET,2/22/2022 00:00:00,37.2302,40.5115,37.2302,40.5115,1.1968e+006
PET,2/23/2022 00:00:00,42.1522,43.3301,42.068,43.3301,825400
PET,2/24/2022 00:00:00,44.5921,46.0224,41.6474,44.1714,1.7561e+006
PET,2/25/2022 00:00:00,44.8445,46.2748,43.4142,44.1714,1.2371e+006
PET,2/28/2022 00:00:00,43.7508,47.2003,43.3301,47.2003,1.1903e+006
PET,3/1/2022 00:00:00,48.7989,49.1355,45.6859,46.2748,733700
PET,3/2/2022 00:00:00,46.5272,47.9576,45.77,46.4431,635900
PET,3/3/2022 00:00:00,46.5272,47.4527,44.1714,44.7604,1.216e+006
PET,3/4/2022 00:00:00,45.2652,47.5369,44.5921,45.4335,767000
PET,3/7/2022 00:00:00,46.6955,47.4527,45.4335,46.7797,1.1822e+006
PET,3/8/2022 00:00:00,45.6017,46.2748,43.5825,43.5825,1.1882e+006
PET,3/9/2022 00:00:00,42.7411,44.5921,41.0584,42.9094,1.9955e+006
PET,3/10/2022 00:00:00,42.9094,44.9287,41.6474,44.0873,1.0828e+006
PET,3/11/2022 00:00:00,43.7508,45.1811,43.7508,44.1714,1.0935e+006
PET,3/14/2022 00:00:00,43.3301,44.3397,41.6474,42.3204,985700
PET,3/15/2022 00:00:00,41.7315,42.3204,40.0488,40.9743,1.0177e+006
PET,3/16/2022 00:00:00,40.806,43.5825,40.806,42.8253,724200
PET,3/17/2022 00:00:00,43.5825,45.2652,43.5825,44.5921,934000
PET,3/18/2022 00:00:00,43.8349,45.1811,43.1618,43.3301,795400
PET,3/21/2022 00:00:00,42.9094,45.77,42.657,45.1811,1.0022e+006
PET,3/22/2022 00:00:00,45.0128,46.1907,44.5921,45.6017,673000
PET,3/23/2022 00:00:00,46.4431,48.7148,46.359,48.7148,1.2548e+006
PET,3/24/2022 00:00:00,51.1547,51.323,49.8927,50.061,1.017e+006
PET,3/25/2022 00:00:00,49.8085,53.5105,49.8085,53.0057,1.4302e+006
PET,3/28/2022 00:00:00,52.8374,55.5298,52.1644,55.5298,1.0529e+006
PET,3/29/2022 00:00:00,55.5298,56.5394,53.6788,54.3519,1.1147e+006
PET,3/30/2022 00:00:00,53.8471,55.1933,51.323,52.585,1.2604e+006
PET,3/31/2022 00:00:00,52.6692,54.0995,52.1644,52.9216,657400
PET,4/1/2022 00:00:00,52.9216,56.6236,52.7533,56.6236,886100
PET,4/4/2022 00:00:00,57.6332,58.8952,56.6236,57.0443,900900
PET,4/5/2022 00:00:00,56.7918,57.2125,53.4264,53.8471,958400
PET,4/6/2022 00:00:00,52.7533,54.1836,50.1451,50.1451,1.4708e+006
PET,4/7/2022 00:00:00,49.7244,53.5947,49.7244,53.5947,1.2466e+006
PET,4/8/2022 00:00:00,54.6043,54.6043,49.9768,49.9768,650800
PET,4/12/2022 00:00:00,49.9768,51.323,46.5272,46.5272,1.0871e+006
PET,4/13/2022 00:00:00,46.5272,49.5561,43.7508,49.5561,1.2185e+006
PET,4/14/2022 00:00:00,49.5561,53.0057,48.7989,50.4816,932500
PET,4/15/2022 00:00:00,50.3975,52.585,49.6403,50.9023,690500
PET,4/18/2022 00:00:00,50.4816,53.8471,49.2196,53.8471,1.7499e+006
PET,4/19/2022 00:00:00,54.2678,57.1284,52.7533,52.7533,1.2517e+006
PET,4/20/2022 00:00:00,52.8374,53.8471,49.1355,50.4816,643800
PET,4/21/2022 00:00:00,47.9576,51.323,46.9479,46.9479,1.1274e+006
PET,4/22/2022 00:00:00,44.5921,47.7893,43.6666,43.6666,1.8716e+006
PET,4/25/2022 00:00:00,42.1522,42.8253,40.6377,40.6377,577200
PET,4/26/2022 00:00:00,37.8192,40.5536,37.8192,38.7026,1.3206e+006
PET,4/27/2022 00:00:00,38.324,40.3853,37.6088,39.6281,595900
PET,4/28/2022 00:00:00,39.6281,41.3529,39.5439,39.8805,583000
PET,4/29/2022 00:00:00,39.7122,42.4046,39.1233,41.6474,768100
PET,5/4/2022 00:00:00,41.3108,42.4887,40.5536,41.2267,585600
PET,5/5/2022 00:00:00,41.7315,42.7411,38.6185,39.5439,772300
PET,5/6/2022 00:00:00,37.5247,38.6605,36.8095,36.8095,908100
PET,5/9/2022 00:00:00,35.253,35.253,34.2434,34.2434,422700
PET,5/10/2022 00:00:00,31.8876,33.2337,31.8876,33.1496,1.6717e+006
PET,5/11/2022 00:00:00,33.1917,33.6544,31.8034,32.0979,1.1209e+006
PET,5/12/2022 00:00:00,32.3924,33.6544,29.8683,29.8683,1.069e+006
PET,5/13/2022 00:00:00,29.1952,29.9524,27.807,27.807,925100
PET,5/16/2022 00:00:00,28.8587,29.2794,25.8718,25.8718,890700
PET,5/17/2022 00:00:00,25.7877,27.6808,24.1891,27.6808,886200
PET,5/18/2022 00:00:00,28.1856,29.3635,27.7649,27.849,582200
PET,5/19/2022 00:00:00,26.9235,28.1014,26.2505,27.849,648400
PET,5/20/2022 00:00:00,28.5221,29.7842,28.1856,29.7842,731800
PET,5/23/2022 00:00:00,31.8034,31.8034,28.6063,29.7842,1.5117e+006
PET,5/24/2022 00:00:00,30.1207,31.1303,29.1111,31.1303,881600
PET,5/25/2022 00:00:00,31.551,33.2758,31.1303,33.2758,973500
PET,5/26/2022 00:00:00,33.4862,34.2434,32.8131,33.2758,1.0807e+006
PET,5/27/2022 00:00:00,33.402,35.3371,33.2337,34.6641,1.1088e+006
PET,5/30/2022 00:00:00,34.4958,35.6316,34.4958,34.6641,867200
PET,5/31/2022 00:00:00,34.8323,35.3371,34.3275,34.4958,773500
PET,6/1/2022 00:00:00,34.4116,34.7482,32.8131,34.2434,1.2293e+006
PET,6/2/2022 00:00:00,34.2434,36.5992,34.1592,36.5992,2.0673e+006
PET,6/3/2022 00:00:00,36.9778,39.0391,36.5992,37.4405,1.0429e+006
PET,6/6/2022 00:00:00,37.0199,39.1233,37.0199,37.9454,1.0653e+006
PET,6/7/2022 00:00:00,37.4405,38.7026,35.5054,38.6185,1.7271e+006
PET,6/8/2022 00:00:00,39.3757,40.4694,38.6185,38.6185,1.3449e+006
PET,6/9/2022 00:00:00,38.5343,39.3336,37.6088,37.8612,824300
PET,6/10/2022 00:00:00,37.2723,38.2819,35.2109,35.2109,1.2417e+006
PET,6/13/2022 00:00:00,32.8131,33.2337,32.771,32.771,1.131e+006
PET,6/14/2022 00:00:00,30.4993,32.6448,30.4993,31.9717,1.2594e+006
PET,6/15/2022 00:00:00,31.8455,31.8455,29.7421,29.8683,1.0467e+006
PET,6/16/2022 00:00:00,31.1303,31.9296,30.7938,31.9296,578400
PET,6/17/2022 00:00:00,30.7938,34.1592,30.7938,34.1592,1.7731e+006
PET,6/20/2022 00:00:00,34.4537,35.5054,32.8131,33.0655,980400
PET,6/21/2022 00:00:00,32.3924,33.9068,30.7938,31.1724,706300
PET,6/22/2022 00:00:00,31.2565,32.3924,29.0269,29.0269,1.4091e+006
PET,6/23/2022 00:00:00,27.9332,31.0462,27.849,31.0462,579500
PET,6/24/2022 00:00:00,31.2986,32.3503,31.1303,31.1303,443700
PET,6/27/2022 00:00:00,31.6772,32.3924,31.0883,32.3082,539600
PET,6/28/2022 00:00:00,31.9717,33.3179,31.8876,31.8876,791400
PET,6/29/2022 00:00:00,31.1303,32.0558,30.3731,31.551,613500
PET,6/30/2022 00:00:00,31.551,32.0979,30.289,31.6352,571300
PET,7/1/2022 00:00:00,30.1207,31.0883,29.4476,30.1207,803700
PET,7/4/2022 00:00:00,30.1628,30.7097,29.4476,29.5318,391800
PET,7/5/2022 00:00:00,29.5318,29.7,27.5125,27.5546,728900
PET,7/6/2022 00:00:00,26.9235,27.3442,25.6615,25.6615,870500
PET,7/7/2022 00:00:00,25.325,26.8815,24.4836,26.2505,461100
PET,7/8/2022 00:00:00,26.8815,27.4284,26.587,26.7973,327900
PET,7/11/2022 00:00:00,26.5029,26.8394,25.1146,25.5353,437100
PET,7/12/2022 00:00:00,25.5353,27.3022,25.5353,27.3022,636500
PET,7/13/2022 00:00:00,27.3442,28.3118,27.3022,27.6387,409400
PET,7/14/2022 00:00:00,27.2601,28.0173,27.0918,27.6808,345200
PET,7/15/2022 00:00:00,27.7649,28.1856,27.1759,27.5125,455600
PET,7/18/2022 00:00:00,27.5966,28.7745,27.5125,28.0173,541700
PET,7/19/2022 00:00:00,28.0594,28.8166,28.0173,28.6063,439000
PET,7/20/2022 00:00:00,28.8587,30.5835,28.8587,30.0786,941900
PET,7/21/2022 00:00:00,30.1207,30.6255,29.4476,29.5318,403300
PET,7/22/2022 00:00:00,29.8683,30.5414,29.1952,29.1952,449100
PET,7/25/2022 00:00:00,29.0269,29.1111,28.1014,28.1014,470100
PET,7/26/2022 00:00:00,28.2276,28.9007,28.2276,28.4801,316500
PET,7/27/2022 00:00:00,28.1856,28.438,27.7649,28.2697,256100
PET,7/28/2022 00:00:00,28.9007,29.4476,28.6483,28.8587,545100
PET,7/29/2022 00:00:00,28.6904,29.4056,28.1856,28.438,379600
PET,8/1/2022 00:00:00,28.3539,29.2373,27.4284,29.2373,1.3478e+006
PET,8/2/2022 00:00:00,29.2794,30.2048,29.1952,29.2794,507100
PET,8/3/2022 00:00:00,29.2373,30.1628,28.6904,30.0366,923200
PET,8/4/2022 00:00:00,30.2048,30.92,29.9524,30.5835,1.2266e+006
PET,8/5/2022 00:00:00,30.289,31.0883,30.0786,30.8779,813000
PET,8/8/2022 00:00:00,30.8779,32.0138,30.8779,32.0138,965000
PET,8/9/2022 00:00:00,31.9296,31.9717,31.1724,31.1724,1.0111e+006
PET,8/10/2022 00:00:00,31.1303,31.8034,30.8779,31.3407,624700
PET,8/11/2022 00:00:00,31.8034,31.8034,30.1207,30.289,870300
PET,8/12/2022 00:00:00,30.289,32.14,30.289,31.9717,1.0813e+006
PET,8/15/2022 00:00:00,32.3924,33.2337,32.182,32.771,1.012e+006
PET,8/16/2022 00:00:00,32.9813,32.9813,32.3924,32.3924,605000
PET,8/17/2022 00:00:00,32.3924,32.8131,31.4248,31.6772,805400
PET,8/18/2022 00:00:00,31.551,32.0979,31.1303,31.6772,713200
PET,8/19/2022 00:00:00,31.6772,32.6448,31.4248,31.9717,854200
PET,8/22/2022 00:00:00,31.8034,33.5703,31.8034,33.402,2.0959e+006
PET,8/23/2022 00:00:00,33.1496,34.3275,32.9813,33.991,1.0018e+006
PET,8/24/2022 00:00:00,34.2854,35.253,33.7386,35.1689,1.1272e+006
PET,8/25/2022 00:00:00,35.0006,35.5896,34.622,34.7903,1.1703e+006
PET,8/26/2022 00:00:00,34.9165,36.0523,34.1172,34.4958,1.3613e+006
PET,8/29/2022 00:00:00,33.5703,36.5992,33.5703,36.5992,1.9762e+006
PET,8/30/2022 00:00:00,37.4826,37.4826,35.842,35.842,975500
PET,8/31/2022 00:00:00,35.7578,36.5992,35.4634,36.5992,932000
PET,9/5/2022 00:00:00,36.7675,37.4826,36.3468,36.5992,712100
PET,9/6/2022 00:00:00,36.8095,37.0199,35.9261,36.5571,1.0746e+006
PET,9/7/2022 00:00:00,36.5151,36.6413,34.033,34.033,1.3937e+006
PET,9/8/2022 00:00:00,34.0751,35.5475,33.7386,35.0427,1.1445e+006
PET,9/9/2022 00:00:00,35.5475,35.7578,34.0751,35.7578,799500
PET,9/12/2022 00:00:00,36.1785,37.7771,35.842,36.6833,1.5442e+006
PET,9/13/2022 00:00:00,36.9357,36.9357,36.0523,36.3888,712000
PET,9/14/2022 00:00:00,35.3792,36.5992,35.3792,36.3047,691500
PET,9/15/2022 00:00:00,36.5992,36.9778,36.2626,36.3468,736700
PET,9/16/2022 00:00:00,36.1785,36.3468,34.3275,34.9165,1.0984e+006
PET,9/19/2022 00:00:00,35.1268,35.1268,32.4765,32.4765,1.3323e+006
PET,9/20/2022 00:00:00,33.4862,33.4862,31.6352,33.2337,679700
PET,9/21/2022 00:00:00,33.2337,33.2758,32.14,32.14,372900
PET,9/22/2022 00:00:00,32.2241,33.6124,32.2241,33.6124,1.4402e+006
PET,9/23/2022 00:00:00,33.6124,34.0751,32.7289,32.8551,495400
PET,9/26/2022 00:00:00,31.7193,32.3924,30.5835,30.5835,982600
PET,9/27/2022 00:00:00,30.5835,30.7097,29.1952,29.1952,696100
PET,9/28/2022 00:00:00,29.1111,29.3635,27.2601,27.2601,953800
PET,9/29/2022 00:00:00,27.8911,28.1856,26.4187,26.4187,629300
PET,9/30/2022 00:00:00,26.0822,27.3442,25.0725,27.2601,1.8727e+006
PET,10/3/2022 00:00:00,27.2601,27.3022,25.367,25.367,2.0333e+006
PET,10/4/2022 00:00:00,25.8298,26.3346,24.5257,24.6519,536100
PET,10/5/2022 00:00:00,25.2408,26.2084,24.9463,26.1663,445300
PET,10/6/2022 00:00:00,26.0822,26.8394,24.6519,25.1567,625200
PET,10/7/2022 00:00:00,25.1146,25.1146,23.4319,23.4319,1.516e+006
PET,10/10/2022 00:00:00,22.1278,24.8201,22.1278,24.3153,584600
PET,10/11/2022 00:00:00,23.7684,24.6519,22.6326,22.6326,661600
PET,10/12/2022 00:00:00,21.9595,23.7264,21.9595,22.7167,622400
PET,10/13/2022 00:00:00,22.8429,23.3898,22.3802,22.5485,626400
PET,10/14/2022 00:00:00,23.1374,24.105,22.885,24.105,1.2314e+006
PET,10/17/2022 00:00:00,24.4836,25.5774,24.3574,25.1988,1.4676e+006
PET,10/18/2022 00:00:00,25.2408,26.1663,24.3153,24.8201,1.0453e+006
PET,10/19/2022 00:00:00,25.4932,25.6615,24.8201,25.1567,812800
PET,10/20/2022 00:00:00,25.1567,25.325,24.3153,24.4415,658900
PET,10/21/2022 00:00:00,24.3153,24.7781,22.7588,22.7588,966200
PET,10/24/2022 00:00:00,22.8009,22.8429,21.2023,21.2023,900100
PET,10/25/2022 00:00:00,21.1182,22.0436,19.7299,20.1927,1.1482e+006
PET,10/26/2022 00:00:00,20.1506,20.9078,18.8044,18.8044,678800
PET,10/27/2022 00:00:00,17.921,20.1085,17.921,20.1085,1.0566e+006
PET,10/28/2022 00:00:00,20.403,20.8657,19.8561,20.1927,748600
PET,10/31/2022 00:00:00,19.8982,20.4451,18.8044,18.8044,794800
PET,11/1/2022 00:00:00,19.183,19.5196,18.8885,18.8885,480700
PET,11/2/2022 00:00:00,18.9727,19.6878,18.9727,19.3092,520800
PET,11/3/2022 00:00:00,18.9727,20.1927,18.9727,20.0244,567400
PET,11/4/2022 00:00:00,19.7299,19.9823,18.6361,18.6361,844600
PET,11/7/2022 00:00:00,18.6361,18.6361,17.332,17.332,391200
PET,11/8/2022 00:00:00,16.1541,17.2479,16.1541,16.1541,1.2316e+006
PET,11/9/2022 00:00:00,16.6589,16.6589,15.0604,15.3969,842000
PET,11/10/2022 00:00:00,14.5135,14.6817,14.3452,14.3452,493800
PET,11/11/2022 00:00:00,13.5459,14.7238,13.3776,13.3776,1.3665e+006
PET,11/14/2022 00:00:00,12.4521,12.4521,12.4521,12.4521,183200
PET,11/15/2022 00:00:00,11.6108,11.6108,11.6108,11.6108,196800
PET,11/16/2022 00:00:00,10.8115,12.4101,10.8115,12.4101,2.3261e+006
PET,11/17/2022 00:00:00,12.8728,13.0832,11.6949,12.368,1.1081e+006
PET,11/18/2022 00:00:00,11.9473,13.1252,11.6108,13.1252,917000
PET,11/21/2022 00:00:00,13.4197,13.8404,13.0411,13.2094,720200
PET,11/22/2022 00:00:00,13.2935,14.0928,12.957,13.1252,1.2777e+006
PET,11/23/2022 00:00:00,13.1252,13.5459,12.9149,12.9149,700600
PET,11/24/2022 00:00:00,12.9149,13.0832,12.0315,12.0315,907700
PET,11/25/2022 00:00:00,12.2839,12.8728,11.5266,12.8728,880300
PET,11/28/2022 00:00:00,13.1252,13.7562,13.0832,13.7562,666500
PET,11/29/2022 00:00:00,14.3873,14.6817,14.0507,14.6817,2.4108e+006
PET,11/30/2022 00:00:00,15.6914,15.6914,15.1445,15.6914,665600
PET,12/1/2022 00:00:00,16.7851,16.7851,15.9859,16.7851,1.2614e+006
PET,12/2/2022 00:00:00,16.701,17.921,16.1541,17.921,1.7645e+006
PET,12/5/2022 00:00:00,18.4679,18.6782,17.2479,17.5844,1.8872e+006
PET,12/6/2022 00:00:00,17.5003,18.0472,16.3645,16.3645,2.3819e+006
PET,12/7/2022 00:00:00,16.4907,16.5748,15.5231,15.8176,1.1526e+006
PET,12/8/2022 00:00:00,16.2383,16.9113,16.2383,16.9113,1.0953e+006
PET,12/9/2022 00:00:00,17.1638,17.2479,16.5748,16.9955,947500
PET,12/12/2022 00:00:00,17.332,17.921,16.1541,16.3645,1.1222e+006
PET,12/13/2022 00:00:00,16.3224,17.5003,15.9017,17.5003,516200
PET,12/14/2022 00:00:00,17.7527,18.1734,17.5003,17.5424,925500
PET,12/15/2022 00:00:00,17.5844,18.0051,17.1217,17.6686,759700
PET,12/16/2022 00:00:00,17.0796,18.2575,17.0796,17.921,800100
PET,12/19/2022 00:00:00,18.0893,19.141,18.0051,18.3417,1.5272e+006
PET,12/20/2022 00:00:00,18.5099,19.0147,17.0796,17.7106,1.6869e+006
PET,12/21/2022 00:00:00,18.4258,18.4258,16.4907,16.8272,1.2119e+006
PET,12/22/2022 00:00:00,17.2479,17.2479,15.6493,16.07,975400
PET,12/23/2022 00:00:00,15.9859,16.4065,15.8176,15.9859,415800
PET,12/26/2022 00:00:00,16.07,16.3645,14.8921,14.8921,809700
PET,12/27/2022 00:00:00,14.7238,15.6072,14.4714,15.6072,418700
PET,12/28/2022 00:00:00,15.481,15.9017,15.481,15.6072,383500
PET,12/29/2022 00:00:00,15.1024,16.1541,15.1024,15.5652,440500
PET,12/30/2022 00:00:00,15.5652,15.8596,15.5231,15.5231,246000
PET,1/3/2023 00:00:00,15.481,16.5748,14.9762,16.5748,724900
PET,1/4/2023 00:00:00,16.9955,17.2479,16.5327,16.5748,431100
PET,1/5/2023 00:00:00,16.4486,16.7431,16.1541,16.5748,556900
PET,1/6/2023 00:00:00,16.4065,16.9955,16.4065,16.7431,825100
PET,1/9/2023 00:00:00,16.9113,16.9955,16.6169,16.6169,349200
PET,1/10/2023 00:00:00,16.6169,16.7851,15.9859,16.4907,455900
PET,1/11/2023 00:00:00,16.4486,17.5003,16.4486,17.1638,1.0511e+006
PET,1/12/2023 00:00:00,17.5003,17.5844,17.0796,17.4162,471700
PET,1/13/2023 00:00:00,17.5844,17.6265,16.8693,17.1638,576900
PET,1/16/2023 00:00:00,17.2479,17.2479,16.8272,17.0376,383000
PET,1/17/2023 00:00:00,17.1638,17.7948,16.9534,17.5844,865500
PET,1/18/2023 00:00:00,18.0472,18.7876,17.9546,18.7876,836500
PET,1/19/2023 00:00:00,19.2503,19.2503,18.5099,19.2503,840400
PET,1/27/2023 00:00:00,19.5743,19.7131,19.0652,19.2503,842400
PET,1/30/2023 00:00:00,19.2503,19.8982,18.8801,19.3429,1.1391e+006
PET,1/31/2023 00:00:00,19.3429,20.6849,19.1578,20.6849,1.264e+006
PET,2/1/2023 00:00:00,20.8237,21.5178,19.2503,19.3429,1.2857e+006
PET,2/2/2023 00:00:00,19.4354,19.8056,18.4637,19.3429,708000
PET,2/3/2023 00:00:00,19.528,19.7131,18.9264,19.2503,453100
PET,2/6/2023 00:00:00,19.2503,19.8519,18.8801,19.6205,358900
PET,2/7/2023 00:00:00,20.0833,20.6386,19.7131,19.8982,969600
PET,2/8/2023 00:00:00,19.8056,20.4535,19.4817,20.1758,536900
PET,2/9/2023 00:00:00,19.8982,21.1013,19.8982,20.6386,808500
PET,2/10/2023 00:00:00,20.7311,20.7311,19.6205,19.6205,625900
PET,2/13/2023 00:00:00,19.6205,19.6205,18.2786,18.3248,1.0795e+006
PET,2/14/2023 00:00:00,18.9727,18.9727,18.2323,18.4174,209000
PET,2/15/2023 00:00:00,18.4174,19.2041,18.0009,18.9727,280600
PET,2/16/2023 00:00:00,19.3429,19.7594,19.1578,19.6205,337500
PET,2/17/2023 00:00:00,19.6668,20.3609,19.6668,19.8982,521600
PET,2/20/2023 00:00:00,19.9907,20.8237,19.7594,20.7774,613900
PET,2/21/2023 00:00:00,21.1013,21.9343,21.0088,21.5178,1.1738e+006
PET,2/22/2023 00:00:00,21.1476,22.4433,20.3609,20.3609,1.2517e+006
PET,2/23/2023 00:00:00,20.1758,21.055,19.3429,20.8237,901400
PET,2/24/2023 00:00:00,20.3609,21.0088,19.8982,19.8982,360200
PET,2/27/2023 00:00:00,19.528,19.6205,18.7876,18.9727,671900
PET,2/28/2023 00:00:00,19.3429,19.3429,18.8801,19.1115,292900
PET,3/1/2023 00:00:00,18.7876,19.8982,18.695,19.8982,297200
PET,3/2/2023 00:00:00,19.8982,20.1758,19.7131,19.8056,205900
PET,3/3/2023 00:00:00,19.8056,20.2684,19.1578,19.1578,327300
PET,3/6/2023 00:00:00,19.3429,19.8056,18.9727,18.9727,372300
PET,3/7/2023 00:00:00,18.9727,19.3429,18.8801,19.2503,373200
PET,3/8/2023 00:00:00,19.1578,19.8982,18.9727,19.8982,465500
PET,3/9/2023 00:00:00,19.8982,20.7311,19.8982,20.4072,763200
PET,3/10/2023 00:00:00,20.037,20.3609,19.8056,20.0833,480000
PET,3/13/2023 00:00:00,19.4354,19.8982,19.4354,19.6205,365500
PET,3/14/2023 00:00:00,19.8982,19.8982,18.7876,18.7876,557600
PET,3/15/2023 00:00:00,19.4817,19.6668,19.2503,19.5743,279300
PET,3/16/2023 00:00:00,19.4354,19.4354,18.9264,18.9727,351100
PET,3/17/2023 00:00:00,19.2503,19.4354,18.8339,19.1578,255400
PET,3/20/2023 00:00:00,19.1115,19.2503,18.3248,18.3711,676200
PET,3/21/2023 00:00:00,18.5562,18.6025,18.0472,18.5099,263400
PET,3/22/2023 00:00:00,18.7876,18.9727,18.4174,18.5099,141700
PET,3/23/2023 00:00:00,18.4637,18.6488,18.1397,18.6025,258100
PET,3/24/2023 00:00:00,18.9264,18.9264,18.5099,18.695,275300
PET,3/27/2023 00:00:00,18.7413,19.1578,18.7413,18.9727,248300
PET,3/28/2023 00:00:00,19.3429,19.3429,19.0652,19.1578,407600
PET,3/29/2023 00:00:00,19.1578,19.2966,18.8801,19.1578,255100
PET,3/30/2023 00:00:00,19.2966,19.3892,18.695,18.695,380000
PET,3/31/2023 00:00:00,18.6025,19.019,18.6025,18.7876,415200
PET,4/3/2023 00:00:00,19.2503,19.3429,18.9727,19.3429,459400
PET,4/4/2023 00:00:00,19.6668,20.4535,19.4817,20.4535,1.4691e+006
PET,4/5/2023 00:00:00,20.546,21.1013,20.2221,20.8237,615600
PET,4/6/2023 00:00:00,20.8237,20.8237,19.8982,19.8982,689300
PET,4/7/2023 00:00:00,19.8982,20.3609,19.528,20.3609,359400
PET,4/10/2023 00:00:00,20.8237,21.7492,20.4535,21.7492,2.5467e+006
PET,4/11/2023 00:00:00,21.8417,22.6747,21.7492,22.397,1.086e+006
PET,4/12/2023 00:00:00,22.906,22.906,21.7492,22.1194,827300
PET,4/13/2023 00:00:00,22.397,22.5358,21.6566,22.3045,1.067e+006
PET,4/14/2023 00:00:00,22.3045,22.4896,21.5641,21.5641,754000
PET,4/17/2023 00:00:00,21.6103,21.888,21.055,21.1013,584700
PET,4/18/2023 00:00:00,21.5641,22.3045,21.5641,22.3045,784600
PET,4/19/2023 00:00:00,22.4896,23.8315,22.2582,23.6002,2.0626e+006
PET,4/20/2023 00:00:00,23.4151,23.4613,22.906,23.1374,780700
PET,4/21/2023 00:00:00,23.1374,23.8778,22.8598,23.23,725300
PET,4/24/2023 00:00:00,23.23,23.6002,22.7672,23.3225,820500
PET,4/25/2023 00:00:00,23.7853,23.7853,22.397,22.397,756100
PET,4/26/2023 00:00:00,22.397,22.5821,22.0731,22.4896,675400
PET,4/27/2023 00:00:00,22.5821,22.8598,22.4433,22.5821,497600
PET,4/28/2023 00:00:00,22.6747,23.4151,22.6284,22.9523,866100
PET,5/4/2023 00:00:00,22.9523,23.3225,22.2119,23.1374,650200
PET,5/5/2023 00:00:00,22.9523,24.2017,22.9523,23.6002,927300
PET,5/8/2023 00:00:00,23.8778,23.9241,22.5821,23.0911,1.7332e+006
PET,5/9/2023 00:00:00,23.1374,23.4151,22.7672,23.0449,612100
PET,5/10/2023 00:00:00,23.2762,23.6464,23.0449,23.4151,667600
PET,5/11/2023 00:00:00,23.6927,23.6927,23.23,23.4151,600300
PET,5/12/2023 00:00:00,23.1837,23.4151,22.7672,23.1374,984200
PET,5/15/2023 00:00:00,23.2762,23.3225,22.5821,22.5821,891100
PET,5/16/2023 00:00:00,22.4896,22.906,22.397,22.397,1.3759e+006
PET,5/17/2023 00:00:00,22.397,22.8598,22.3507,22.7209,611500
PET,5/18/2023 00:00:00,22.8598,22.8598,22.397,22.4896,308200
PET,5/19/2023 00:00:00,22.5821,22.7209,22.397,22.4433,442000
PET,5/22/2023 00:00:00,22.6747,23.6927,22.2119,22.2119,2.9403e+006
PET,5/23/2023 00:00:00,23.3225,23.3225,22.7209,22.8135,2.7884e+006
PET,5/24/2023 00:00:00,23.1374,23.1374,22.3507,22.4433,1.005e+006
PET,5/25/2023 00:00:00,22.397,22.7209,22.3045,22.6284,496600
PET,5/26/2023 00:00:00,22.6284,22.8135,22.4433,22.6284,371300
PET,5/29/2023 00:00:00,22.9523,23.3688,22.6284,23.3225,1.0966e+006
PET,5/30/2023 00:00:00,23.5076,24.3406,23.5076,24.1555,1.7991e+006
PET,5/31/2023 00:00:00,24.3868,24.3868,23.8315,23.8778,700300
PET,6/1/2023 00:00:00,23.9241,24.4794,23.9241,24.248,1.0008e+006
PET,6/2/2023 00:00:00,24.3406,25.3586,24.0629,24.9884,1.0973e+006
PET,6/5/2023 00:00:00,25.3586,25.3586,24.7108,24.7108,678500
PET,6/6/2023 00:00:00,24.757,24.9884,24.7108,24.7108,469000
PET,6/7/2023 00:00:00,24.8033,25.1735,24.757,25.1735,628500
PET,6/8/2023 00:00:00,25.2198,25.8676,24.1555,24.1555,941600
PET,6/9/2023 00:00:00,24.1555,24.8033,23.9704,24.8033,501700
PET,6/12/2023 00:00:00,24.8033,26.0527,24.7108,25.9602,1.5155e+006
PET,6/13/2023 00:00:00,26.2841,26.2841,25.5437,25.59,529600
PET,6/14/2023 00:00:00,25.59,25.7288,24.8033,24.8959,549900
PET,6/15/2023 00:00:00,25.0347,25.081,24.5257,24.5719,626600
PET,6/16/2023 00:00:00,24.757,25.2661,24.248,24.3406,560800
PET,6/19/2023 00:00:00,24.3868,24.9421,24.3406,24.4794,365600
PET,6/20/2023 00:00:00,24.4794,25.2661,24.4794,25.2661,427800
PET,6/21/2023 00:00:00,25.0347,25.2661,24.8496,25.2661,592100
PET,6/22/2023 00:00:00,25.4049,25.9139,25.2198,25.3123,929900
PET,6/23/2023 00:00:00,25.4512,25.5437,24.8033,24.9884,712900
PET,6/26/2023 00:00:00,25.1735,26.4692,24.8033,26.4692,1.4897e+006
PET,6/27/2023 00:00:00,26.7469,26.7469,26.0527,26.3767,1.001e+006
PET,6/28/2023 00:00:00,26.3767,26.3767,25.6363,25.9139,707600
PET,6/29/2023 00:00:00,26.0527,26.0527,24.9884,24.9884,767600
PET,6/30/2023 00:00:00,25.4974,26.099,24.8959,25.4512,736700
PET,7/3/2023 00:00:00,25.3123,25.9139,25.3123,25.6363,374300
PET,7/4/2023 00:00:00,25.6363,26.3767,25.4974,25.7751,689100
PET,7/5/2023 00:00:00,26.1916,26.6543,25.8214,25.8214,1.2966e+006
PET,7/6/2023 00:00:00,25.7288,26.1916,25.4974,25.9139,603600
PET,7/7/2023 00:00:00,25.9139,27.2559,25.9139,27.1633,1.1111e+006
PET,7/10/2023 00:00:00,27.2096,28.3202,27.1633,27.95,1.2098e+006
PET,7/11/2023 00:00:00,27.9037,27.9037,27.3947,27.7649,756700
PET,7/12/2023 00:00:00,27.7649,27.9963,27.2559,27.3484,820900
PET,7/13/2023 00:00:00,27.7649,27.9963,27.3022,27.5798,599600
PET,7/14/2023 00:00:00,28.0425,28.0425,27.0245,27.3022,862300
PET,7/17/2023 00:00:00,27.2096,27.6261,27.2096,27.3947,652700
PET,7/18/2023 00:00:00,27.3947,27.5335,26.8857,27.1633,739700
PET,7/19/2023 00:00:00,27.1633,27.2559,26.6543,26.7469,722500
PET,7/20/2023 00:00:00,26.6543,27.6261,26.6543,27.2559,659300
PET,7/21/2023 00:00:00,27.5798,28.1814,27.3022,28.0425,952700
PET,7/24/2023 00:00:00,28.3202,28.4127,27.441,28.0425,556400
PET,7/25/2023 00:00:00,27.8575,28.1351,27.4873,27.4873,604800
PET,7/26/2023 00:00:00,27.3022,27.7649,27.3022,27.4873,378900
PET,7/27/2023 00:00:00,27.4873,27.7649,27.0245,27.3947,585200
PET,7/28/2023 00:00:00,27.4873,27.9037,27.3484,27.7649,577300
PET,7/31/2023 00:00:00,27.8112,27.8112,27.3947,27.6261,575300
PET,8/1/2023 00:00:00,27.7649,27.7649,26.8857,26.8857,551300
PET,8/2/2023 00:00:00,26.8394,27.3022,26.6543,27.3022,427800
PET,8/3/2023 00:00:00,27.3947,29.1531,27.2096,28.4127,1.9797e+006
PET,8/4/2023 00:00:00,28.6441,28.6441,28.1814,28.2739,519100
PET,8/7/2023 00:00:00,28.3665,29.1531,28.2739,28.4127,965500
PET,8/8/2023 00:00:00,28.8755,28.8755,27.95,27.95,931000
PET,8/9/2023 00:00:00,28.9,28.95,28.25,28.3,543500
PET,8/10/2023 00:00:00,28.3,28.5,27.4,27.5,484500
PET,8/11/2023 00:00:00,27.5,27.7,26.15,27,661000
PET,8/14/2023 00:00:00,27,27.75,27,27.7,395800
PET,8/15/2023 00:00:00,27.7,28.2,27.7,27.9,404300
PET,8/16/2023 00:00:00,27.9,27.9,27.35,27.4,290000
PET,8/17/2023 00:00:00,27.4,27.8,27.05,27.5,490500
PET,8/18/2023 00:00:00,27.2,27.5,25.6,25.6,692700
PET,8/21/2023 00:00:00,24.45,25.6,24.45,25.2,388500
PET,8/22/2023 00:00:00,25.2,26,23.8,25.95,385500
PET,8/23/2023 00:00:00,25.95,26.15,25.5,25.5,251200
PET,8/24/2023 00:00:00,25.75,26.7,25.5,26.1,370300
PET,8/25/2023 00:00:00,26.4,26.55,25.8,25.8,488700
PET,8/28/2023 00:00:00,26.25,27.1,25.85,26.95,559900
PET,8/29/2023 00:00:00,27.6,27.85,26.95,27.2,2.1591e+006
PET,8/30/2023 00:00:00,27.35,28.5,27.35,28.45,1.4572e+006
PET,8/31/2023 00:00:00,29,29.2,28.55,29,947500
PET,9/5/2023 00:00:00,29.05,29.35,28.6,29,951800
PET,9/6/2023 00:00:00,29.05,30,28.6,29.5,877200
PET,9/7/2023 00:00:00,29.8,29.8,28.85,29.25,992700
PET,9/8/2023 00:00:00,29.25,30,29.1,29.8,688800
PET,9/11/2023 00:00:00,30.1,31.8,29.95,30.55,1.5173e+006
PET,9/12/2023 00:00:00,31,31.2,30.5,31.2,822400
PET,9/13/2023 00:00:00,30.9,32.55,30.55,31.3,1.6049e+006
PET,9/14/2023 00:00:00,31.3,31.3,30,30.4,760100
PET,9/15/2023 00:00:00,30.6,31.2,29.5,29.5,1.2182e+006
PET,9/18/2023 00:00:00,29.8,29.8,28.3,28.5,845900
PET,9/19/2023 00:00:00,28.5,29.4,28.35,29.35,696800
PET,9/20/2023 00:00:00,29.55,30.35,29,30.35,965600
PET,9/21/2023 00:00:00,30.4,30.4,29.45,29.5,804900
PET,9/22/2023 00:00:00,28.7,29.1,27.45,27.45,1.2513e+006
PET,9/25/2023 00:00:00,26.9,27.8,25.55,25.8,949800
PET,9/26/2023 00:00:00,25.3,27.5,25.3,26.05,621000
PET,9/27/2023 00:00:00,26,27.2,25.7,27.2,650300
PET,9/28/2023 00:00:00,27.5,27.6,26.7,27.2,814800
PET,9/29/2023 00:00:00,27.45,28.25,27.2,27.7,727700
PET,10/2/2023 00:00:00,27.7,28.2,27.6,27.6,325200
PET,10/3/2023 00:00:00,27.2,27.2,25.7,25.7,892600
PET,10/4/2023 00:00:00,24.1,26.5,24.1,25.7,542800
PET,10/5/2023 00:00:00,26,26.4,25.05,25.1,301500
PET,10/6/2023 00:00:00,24.85,26.2,24.85,25.9,319400
PET,10/9/2023 00:00:00,26.1,26.5,25.95,26.5,313100
PET,10/10/2023 00:00:00,26.55,27.1,26.5,26.5,546400
PET,10/11/2023 00:00:00,26.95,27,26.2,27,331600
PET,10/12/2023 00:00:00,27.3,28,27,27.5,664600
PET,10/13/2023 00:00:00,26.7,27.5,26.7,27.4,357700
PET,10/16/2023 00:00:00,27.9,27.9,26.5,26.5,451300
PET,10/17/2023 00:00:00,27,27.45,26.15,26.15,463900
PET,10/18/2023 00:00:00,26.2,26.25,24.35,25.65,891400
PET,10/19/2023 00:00:00,25.65,25.7,24.35,24.35,365400
PET,10/20/2023 00:00:00,24.35,25.5,23.9,25.5,422100
PET,10/23/2023 00:00:00,25.2,25.95,24.8,24.95,247400
PET,10/24/2023 00:00:00,25,25.4,24.8,25.05,238200
PET,10/25/2023 00:00:00,25.2,25.7,25.2,25.3,311600
PET,10/26/2023 00:00:00,24.35,25,23.55,23.55,970900
PET,10/27/2023 00:00:00,23.3,24,21.95,23.55,703800
PET,10/30/2023 00:00:00,23,23.4,22.5,22.6,88600
PET,10/31/2023 00:00:00,22.15,23,21.05,21.05,428300
PET,11/1/2023 00:00:00,20,21.6,20,21.4,277900
PET,11/2/2023 00:00:00,21.75,22.85,21.5,22.85,373900
PET,11/3/2023 00:00:00,23.25,23.25,22.15,22.8,247700
PET,11/6/2023 00:00:00,22.8,23.3,22.4,23.25,252900
PET,11/7/2023 00:00:00,22.9,23.9,22.9,23.3,371100
PET,11/8/2023 00:00:00,23.45,24.4,23,24.4,378300
PET,11/9/2023 00:00:00,24.5,25,24.35,24.6,589100
PET,11/10/2023 00:00:00,24.55,24.7,23.9,24.25,412800
PET,11/13/2023 00:00:00,24.5,24.7,23.95,24,365300
PET,11/14/2023 00:00:00,24.5,24.7,22.35,24,555000
PET,11/15/2023 00:00:00,24.7,25.4,24.4,25,854800
PET,11/16/2023 00:00:00,25,25,24.55,25,269000
PET,11/17/2023 00:00:00,25,25.5,24,24.5,741800
PET,11/20/2023 00:00:00,24.1,24.65,24,24.5,515600
PET,11/21/2023 00:00:00,25,25.5,24.7,25.35,737000
PET,11/22/2023 00:00:00,25.3,25.45,24.85,25.25,371500
PET,11/23/2023 00:00:00,25.5,25.7,24.2,24.2,436500
PET,11/24/2023 00:00:00,24.4,24.4,23.8,24.4,553200
PET,11/27/2023 00:00:00,24.4,24.4,23.8,23.85,202100
PET,11/28/2023 00:00:00,23.85,24.4,23.3,24.4,2.2536e+006
PET,11/29/2023 00:00:00,24.6,25.35,24.2,25,601500
PET,11/30/2023 00:00:00,25,25.3,24.2,24.2,397800
PET,12/1/2023 00:00:00,24.7,25.85,24.3,25.85,3.3258e+006
PET,12/4/2023 00:00:00,26.5,27.25,26.15,27,1.4078e+006
PET,12/5/2023 00:00:00,27,27.5,26.6,27,917800
PET,12/6/2023 00:00:00,27,27.5,26.85,27.35,735000
PET,12/7/2023 00:00:00,27,27.35,26.05,26.9,1.0283e+006
PET,12/8/2023 00:00:00,27.3,28,26.7,27.15,836800
PET,12/11/2023 00:00:00,27.25,27.65,27,27.5,651900
PET,12/12/2023 00:00:00,27.5,27.7,27.2,27.25,322600
PET,12/13/2023 00:00:00,27.35,27.5,26.35,27,567000
PET,12/14/2023 00:00:00,27,27.25,26.05,26.35,366200
PET,12/15/2023 00:00:00,26.35,26.6,26,26.2,326200
PET,12/18/2023 00:00:00,26,26.8,26,26.8,303000
PET,12/19/2023 00:00:00,26.3,26.8,26,26.75,295400
PET,12/20/2023 00:00:00,26.8,28,26.75,28,1.2123e+006
PET,12/21/2023 00:00:00,27.9,27.9,27.5,27.65,414400
PET,12/22/2023 00:00:00,27.65,27.9,27.25,27.35,541600
PET,12/25/2023 00:00:00,27.5,27.9,27.35,27.6,516900
PET,12/26/2023 00:00:00,27.75,27.8,27.4,27.5,366100
PET,12/27/2023 00:00:00,27.45,28.35,27.45,28.15,1.0364e+006
PET,12/28/2023 00:00:00,28.3,28.3,27.9,27.9,400900
PET,12/29/2023 00:00:00,28,28.1,27.6,27.6,380300
PET,1/2/2024 00:00:00,27.75,27.85,27,27.4,376800
PET,1/3/2024 00:00:00,26.95,28.3,26.95,28.3,868200
PET,1/4/2024 00:00:00,28.15,28.25,27.8,27.9,611900
PET,1/5/2024 00:00:00,27.8,28.25,27.75,27.8,449100
PET,1/8/2024 00:00:00,27.8,27.8,27.1,27.3,1.3232e+006
PET,1/9/2024 00:00:00,27.3,27.45,26.45,26.7,1.4398e+006
PET,1/10/2024 00:00:00,26.65,26.95,26.1,26.6,823300
PET,1/11/2024 00:00:00,26.6,26.9,26.5,26.7,358400
PET,1/12/2024 00:00:00,26.65,26.65,26.1,26.15,472800
PET,1/15/2024 00:00:00,26.05,26.4,26.05,26.15,240100
PET,1/16/2024 00:00:00,26.1,27.2,26.1,27.2,622500
PET,1/17/2024 00:00:00,27.2,27.2,26.75,27,322100
PET,1/18/2024 00:00:00,26.75,27.1,26.55,26.6,363200
PET,1/19/2024 00:00:00,26.65,27.45,26.6,26.65,609500
PET,1/22/2024 00:00:00,26.55,26.95,26.3,26.45,312900
PET,1/23/2024 00:00:00,26,26,25.4,25.5,1.651e+006
PET,1/24/2024 00:00:00,25.5,25.75,25.4,25.4,474000
PET,1/25/2024 00:00:00,25.4,25.85,25.3,25.85,416800
PET,1/26/2024 00:00:00,25.8,25.85,25.5,25.6,225700
PET,1/29/2024 00:00:00,25.5,25.8,25.5,25.5,227200
PET,1/30/2024 00:00:00,25.4,25.8,25.4,25.8,307000
PET,1/31/2024 00:00:00,25.9,25.95,25.4,25.4,411900
PET,2/1/2024 00:00:00,25.4,25.9,25.4,25.5,379400
PET,2/2/2024 00:00:00,25.6,25.85,25.4,25.4,520200
PET,2/5/2024 00:00:00,25.45,25.6,23.65,24.8,370500
PET,2/6/2024 00:00:00,24.8,25.2,24.8,24.8,289000
PET,2/7/2024 00:00:00,24.8,25.15,24.8,24.95,244300
PET,2/15/2024 00:00:00,25.3,25.4,25,25.2,290700
PET,2/16/2024 00:00:00,25.35,25.55,25.15,25.5,395600
PET,2/19/2024 00:00:00,25.9,25.9,25.55,25.7,434600
PET,2/20/2024 00:00:00,25.7,26,25.6,25.7,470200
PET,2/21/2024 00:00:00,25.75,25.9,25.5,25.6,424000
PET,2/22/2024 00:00:00,25.8,25.8,25.4,25.4,364300
PET,2/23/2024 00:00:00,25.5,25.5,24.5,24.5,561900
PET,2/26/2024 00:00:00,24.4,24.55,24.05,24.15,373500
PET,2/27/2024 00:00:00,24.15,24.7,24.15,24.4,278400
PET,2/28/2024 00:00:00,24.6,25.5,24.5,24.9,472900
PET,2/29/2024 00:00:00,24.95,25.4,24.7,25,209000
PET,3/1/2024 00:00:00,25,25.95,25,25.8,1.4168e+006
PET,3/4/2024 00:00:00,25.8,26,25.7,25.7,695700
PET,3/5/2024 00:00:00,25.7,26.1,25.6,25.85,665000
PET,3/6/2024 00:00:00,26,26.6,25.8,26.2,983500
PET,3/7/2024 00:00:00,26.15,26.2,25.8,25.9,488400
PET,3/8/2024 00:00:00,25.8,26.8,25.6,26.3,1.3784e+006
PET,3/11/2024 00:00:00,26.25,26.6,25.9,25.9,790400
PET,3/12/2024 00:00:00,25.9,27.45,25.85,26.95,2.0231e+006
PET,3/13/2024 00:00:00,27.05,27.9,27.05,27.6,1.7355e+006
PET,3/14/2024 00:00:00,27.8,28.5,27.45,28.3,2.2862e+006
PET,3/15/2024 00:00:00,28.3,29.6,27.85,29.4,1.7741e+006
PET,3/18/2024 00:00:00,29.15,30,27.5,28.2,1.5351e+006
PET,3/19/2024 00:00:00,28.5,28.5,27.55,28,574300
PET,3/20/2024 00:00:00,28.2,28.95,27.7,28.85,1.1941e+006
PET,3/21/2024 00:00:00,28.95,29.3,28.6,28.9,619900
PET,3/22/2024 00:00:00,28.9,29.05,28.6,28.85,682000
PET,3/25/2024 00:00:00,28.85,29,27.6,28.3,706100
PET,3/26/2024 00:00:00,28.3,28.55,28,28.4,320800
PET,3/27/2024 00:00:00,29,29.05,28.35,28.85,618400
PET,3/28/2024 00:00:00,29,29.1,28.65,28.9,382900
PET,3/29/2024 00:00:00,28.9,29.9,28.9,29,1.0817e+006
PET,4/1/2024 00:00:00,29,29,28.3,28.55,426300
PET,4/2/2024 00:00:00,28.15,28.8,28.1,28.7,404700
PET,4/3/2024 00:00:00,29,29.2,27.9,28.15,673500
PET,4/4/2024 00:00:00,27.5,27.9,26.9,27.2,1.1137e+006
PET,4/5/2024 00:00:00,26.8,27.85,26.8,27.2,471800
PET,4/8/2024 00:00:00,27.6,27.6,26.9,27.3,206100
PET,4/9/2024 00:00:00,27.3,28.25,27.05,28.1,476000
PET,4/10/2024 00:00:00,28.2,28.2,27.6,27.6,294900
PET,4/11/2024 00:00:00,27,27.75,27,27.4,184600
PET,4/12/2024 00:00:00,27.7,27.8,27.2,27.8,197300
PET,4/15/2024 00:00:00,27.95,27.95,25.9,25.9,611100
PET,4/16/2024 00:00:00,25.25,25.6,24.5,25.5,533500
PET,4/17/2024 00:00:00,25.5,25.5,24.5,24.5,325300
PET,4/19/2024 00:00:00,23.45,24.35,23.15,23.3,472000
PET,4/22/2024 00:00:00,24.3,24.3,23.5,23.85,249600
PET,4/23/2024 00:00:00,23.6,24,23,23,189900
PET,4/24/2024 00:00:00,24.15,24.15,23.2,24.15,288300
PET,4/25/2024 00:00:00,23.95,24.25,23.8,23.95,150800
PET,4/26/2024 00:00:00,23.5,24.75,23.5,24.4,290300
PET,5/2/2024 00:00:00,25,25,24.5,24.75,116600
PET,5/3/2024 00:00:00,24.7,25,24.35,24.35,202900
PET,5/6/2024 00:00:00,24.75,24.85,24,24.8,244600
PET,5/7/2024 00:00:00,24.95,25.3,24.8,25.1,336600
PET,5/8/2024 00:00:00,25.1,25.95,24.8,25.1,501200
PET,5/9/2024 00:00:00,25.3,25.4,24.7,24.7,315300
PET,5/10/2024 00:00:00,24.8,25.65,24.8,25.2,699400
PET,5/13/2024 00:00:00,25.7,25.7,25,25.05,197800
PET,5/14/2024 00:00:00,25.45,25.45,24.8,24.9,223000
PET,5/15/2024 00:00:00,25,25.4,24.9,25.05,695700
PET,5/16/2024 00:00:00,25.4,25.6,24.95,25.1,573900
PET,5/17/2024 00:00:00,25.15,25.7,25,25.5,877900
PET,5/20/2024 00:00:00,25.55,26,25.5,25.5,745500
PET,5/21/2024 00:00:00,25.6,26.45,25.5,25.6,1.1308e+006
PET,5/22/2024 00:00:00,26,26,25.55,25.6,739000
PET,5/23/2024 00:00:00,25.6,26.55,25.5,26.05,1.7149e+006
PET,5/24/2024 00:00:00,26.1,27.85,26.1,27.85,4.3893e+006
PET,5/27/2024 00:00:00,28.5,29.75,27.85,28.15,1.5257e+006
PET,5/28/2024 00:00:00,28.3,29.5,27.75,28.3,1.5013e+006
PET,5/29/2024 00:00:00,28.65,30.25,28.2,30.25,3.5215e+006
PET,5/30/2024 00:00:00,30.25,31.35,29.8,30.95,2.0791e+006
PET,5/31/2024 00:00:00,31.05,31.6,29.9,30.2,2.6325e+006
PET,6/3/2024 00:00:00,30.8,30.8,30,30.1,1.7155e+006
PET,6/4/2024 00:00:00,30.3,31.4,30.05,30.4,2.2114e+006
PET,6/5/2024 00:00:00,31.2,31.2,29.6,29.6,2.7837e+006
PET,6/6/2024 00:00:00,29.85,30.5,29.65,29.8,2.0208e+006
PET,6/7/2024 00:00:00,30.2,30.6,29.8,30.2,1.2721e+006
PET,6/10/2024 00:00:00,30.3,30.8,30,30.2,1.7864e+006
PET,6/11/2024 00:00:00,30.2,32.3,30.05,31,4.2515e+006
PET,6/12/2024 00:00:00,31,31.5,30.2,30.8,1.2643e+006
PET,6/13/2024 00:00:00,31.05,31.1,30.3,30.35,1.5773e+006
PET,6/14/2024 00:00:00,30.5,30.75,28.4,28.4,2.4126e+006
PET,6/17/2024 00:00:00,28.55,28.55,27.8,28,2.6338e+006
PET,6/18/2024 00:00:00,28.4,28.85,28.1,28.25,949700
PET,6/19/2024 00:00:00,28.25,29.2,28.15,28.6,1.0018e+006
PET,6/20/2024 00:00:00,28.6,29.1,28.25,28.65,655600
PET,6/21/2024 00:00:00,28.65,29.3,28.65,28.95,1.0545e+006
PET,6/24/2024 00:00:00,29.1,29.25,26.95,26.95,2.7651e+006
PET,6/25/2024 00:00:00,27.05,27.2,26.7,26.95,687900
PET,6/26/2024 00:00:00,26.95,27.45,26.65,27.3,791000
PET,6/27/2024 00:00:00,26.95,27.5,26.95,27.5,435000
PET,6/28/2024 00:00:00,27.5,27.55,25.8,27,891300
PET,7/1/2024 00:00:00,27,27.8,26.5,27.8,633200
PET,7/2/2024 00:00:00,27.75,28.05,27.55,27.75,593700
PET,7/3/2024 00:00:00,28.2,28.2,27.65,27.65,597900
PET,7/4/2024 00:00:00,27.65,28,27.55,27.65,510500
PET,7/5/2024 00:00:00,27.6,28.1,27.5,27.65,572300
PET,7/8/2024 00:00:00,27.6,28.65,27.6,28.25,1.7297e+006
PET,7/9/2024 00:00:00,28.5,29.3,28.4,29,2.4272e+006
PET,7/10/2024 00:00:00,29.3,29.3,28.55,28.55,1.1689e+006
PET,7/11/2024 00:00:00,28.8,28.85,28.15,28.25,997900
PET,7/12/2024 00:00:00,28.35,29,28.25,28.35,1.0424e+006
PET,7/15/2024 00:00:00,28.45,29.5,28.3,29.5,2.1769e+006
PET,7/16/2024 00:00:00,29.6,29.9,29,29.2,1.2141e+006
PET,7/17/2024 00:00:00,29.45,30,27.2,27.7,2.8462e+006
PET,7/18/2024 00:00:00,27.95,29,27.7,29,1.4233e+006
PET,7/19/2024 00:00:00,29.25,29.8,28.8,29.35,2.257e+006
PET,7/22/2024 00:00:00,29.15,29.15,27.4,27.9,1.5542e+006
PET,7/23/2024 00:00:00,28,28.5,25.95,25.95,1.8858e+006
PET,7/24/2024 00:00:00,25,26.4,25,26,1.1821e+006
PET,7/25/2024 00:00:00,25.6,26.4,25.6,25.65,634100
PET,7/26/2024 00:00:00,25.95,26.4,25.9,26.4,602900
PET,7/29/2024 00:00:00,26.45,26.9,26.45,26.6,749700
PET,7/30/2024 00:00:00,26.6,26.8,25.85,26.4,631000
PET,7/31/2024 00:00:00,26.45,26.8,26.2,26.25,712400
PET,8/1/2024 00:00:00,26.6,26.6,25,25,1.0875e+006
PET,8/2/2024 00:00:00,24.3,26.1,24.3,25.9,579000
PET,8/5/2024 00:00:00,24.6,25.45,24.1,24.15,830800
PET,8/6/2024 00:00:00,24.55,24.95,24.2,24.8,502300
PET,8/7/2024 00:00:00,24.95,25.8,24.6,25.5,1.0743e+006
PET,8/8/2024 00:00:00,25.1,25.8,25,25.8,372700
PET,8/9/2024 00:00:00,25.6,26.6,25.55,26.2,1.0719e+006
PET,8/12/2024 00:00:00,26.2,26.8,25.95,26.35,380500
PET,8/13/2024 00:00:00,26.3,26.3,25.65,26.3,458500
PET,8/14/2024 00:00:00,26.35,26.4,25.8,26.1,382000
PET,8/15/2024 00:00:00,26,26,25.5,25.65,295600
PET,8/16/2024 00:00:00,25.9,27.1,25.7,26.95,1.3196e+006
PET,8/19/2024 00:00:00,27.25,28,27.05,27.35,1.2299e+006
PET,8/20/2024 00:00:00,27.4,27.7,27.1,27.7,1.3146e+006
PET,8/21/2024 00:00:00,28,29.35,28,28.6,2.4997e+006
PET,8/22/2024 00:00:00,28.4,28.7,28,28.2,980200
PET,8/23/2024 00:00:00,28.4,28.4,27.8,28.35,885800
PET,8/26/2024 00:00:00,28.6,28.6,27.7,27.85,715300
PET,8/27/2024 00:00:00,28.2,28.2,27.45,27.85,1.0798e+006
PET,8/28/2024 00:00:00,27.85,28.1,27.6,28.1,1.1075e+006
PET,8/29/2024 00:00:00,28.2,28.3,27.6,28.2,629000
PET,8/30/2024 00:00:00,28.4,28.4,27.8,27.9,429000
PET,9/4/2024 00:00:00,27.4,27.8,27.3,27.6,528900
PET,9/5/2024 00:00:00,27.7,28.1,27.5,27.5,584200
PET,9/6/2024 00:00:00,27.5,28.2,27.4,28.05,656300
PET,9/9/2024 00:00:00,27.9,28.1,27.6,27.7,501200
PET,9/10/2024 00:00:00,27.9,28.45,27.6,27.6,1.0287e+006
PET,9/11/2024 00:00:00,27.6,27.6,26.95,27.1,526300
PET,9/12/2024 00:00:00,27.4,27.4,26.5,26.5,562300
PET,9/13/2024 00:00:00,26.4,26.7,26.1,26.5,724400
PET,9/16/2024 00:00:00,26.5,26.8,25.75,25.9,742600
PET,9/17/2024 00:00:00,25.9,26.15,25.6,26.05,527000
PET,9/18/2024 00:00:00,26.05,26.4,25.9,26.05,1.1011e+006
PET,9/19/2024 00:00:00,26.35,26.45,26.1,26.3,614400
PET,9/20/2024 00:00:00,26.5,26.6,26.25,26.45,871100
PET,9/23/2024 00:00:00,26.45,26.75,26.3,26.5,610600
PET,9/24/2024 00:00:00,26.5,26.6,26.4,26.5,368800
PET,9/25/2024 00:00:00,26.6,26.8,26.55,26.75,710300
PET,9/26/2024 00:00:00,26.85,27,26.4,26.65,874100
PET,9/27/2024 00:00:00,26.7,26.8,26.5,26.5,959300
PET,9/30/2024 00:00:00,26.6,26.95,26.3,26.95,680700
PET,10/1/2024 00:00:00,27.05,27.3,26.85,26.85,1.1513e+006
PET,10/2/2024 00:00:00,26.65,26.75,26.15,26.15,906100
PET,10/3/2024 00:00:00,26.2,26.35,25.75,25.85,1.1216e+006
PET,10/4/2024 00:00:00,25.75,26.15,25.75,25.95,300000
PET,10/7/2024 00:00:00,25.95,26.3,25.7,25.9,210800
PET,10/8/2024 00:00:00,25.9,26.2,25.75,26.1,366900
PET,10/9/2024 00:00:00,26,26.3,25.95,26.05,347000
PET,10/10/2024 00:00:00,26.2,26.6,26.1,26.25,678100
PET,10/11/2024 00:00:00,26.45,27.5,26,27.3,3.2625e+006
PET,10/14/2024 00:00:00,27.4,27.7,27.1,27.2,698800
PET,10/15/2024 00:00:00,27.2,27.4,26.45,26.45,1.181e+006
PET,10/16/2024 00:00:00,26.65,28.3,26.45,28.3,4.201e+006
PET,10/17/2024 00:00:00,28.5,28.85,27.9,28.1,1.4313e+006
PET,10/18/2024 00:00:00,28.3,28.4,27.7,27.75,1.5456e+006
PET,10/21/2024 00:00:00,27.9,28.9,27.7,27.8,1.7031e+006
PET,10/22/2024 00:00:00,27.9,28.3,25.9,27.5,1.5527e+006
PET,10/23/2024 00:00:00,27.2,27.7,26.9,27.5,975600
PET,10/24/2024 00:00:00,27.5,27.5,26.25,26.25,907900
PET,10/25/2024 00:00:00,26.3,27.05,26.2,26.35,3.0108e+006
PET,10/28/2024 00:00:00,26.8,26.8,26.4,26.45,260500
PET,10/29/2024 00:00:00,26.75,26.85,26.55,26.7,535000
PET,10/30/2024 00:00:00,26.7,26.75,26.4,26.7,391500
PET,10/31/2024 00:00:00,26.7,26.8,26.45,26.7,318700
PET,11/1/2024 00:00:00,26.65,26.65,26.1,26.15,610400
PET,11/4/2024 00:00:00,26.05,26.3,25.9,25.9,534500
PET,11/5/2024 00:00:00,26.15,26.15,25.8,26.05,572700
PET,11/6/2024 00:00:00,26.4,26.75,26.05,26.75,623200
PET,11/7/2024 00:00:00,26.8,26.8,26.2,26.3,413500
PET,11/8/2024 00:00:00,26.3,26.6,26.3,26.35,417000
PET,11/11/2024 00:00:00,26.35,27.5,26.15,27.5,1.2512e+006
PET,11/12/2024 00:00:00,27.7,27.7,26.95,26.95,755600
PET,11/13/2024 00:00:00,26.9,26.9,26.3,26.55,682600
PET,11/14/2024 00:00:00,26.6,27.35,26.4,26.5,1.2838e+006
PET,11/15/2024 00:00:00,26.2,26.4,25.4,25.5,1.0756e+006
PET,11/18/2024 00:00:00,25.6,25.7,24.5,25.15,818300
PET,11/19/2024 00:00:00,25.3,25.35,24.3,24.3,457000
PET,11/20/2024 00:00:00,24.9,25,24.2,24.6,511300
PET,11/21/2024 00:00:00,24.8,24.95,24.5,24.9,227900
PET,11/22/2024 00:00:00,25,25.25,24.65,24.75,330100
PET,11/25/2024 00:00:00,24.8,24.95,24.6,24.95,272100
PET,11/26/2024 00:00:00,25.15,25.25,24.95,25.25,441300
PET,11/27/2024 00:00:00,25.25,25.75,25.25,25.3,391000
PET,11/28/2024 00:00:00,25.65,25.65,25,25.05,269700
PET,11/29/2024 00:00:00,25.3,25.8,24.95,25.4,638400
PET,12/2/2024 00:00:00,25.45,25.8,25.35,25.4,260500
PET,12/3/2024 00:00:00,25.6,25.6,25.15,25.15,359400
PET,12/4/2024 00:00:00,25.2,25.4,24.7,24.9,386500
PET,12/5/2024 00:00:00,24.9,25.6,24.8,25.5,680500
PET,12/6/2024 00:00:00,25.8,25.8,25.5,25.6,555600
PET,12/9/2024 00:00:00,25.6,26.2,25.6,25.85,583900
PET,12/10/2024 00:00:00,25.9,25.95,25.55,25.55,453900
PET,12/11/2024 00:00:00,25.8,25.8,25.3,25.3,385700
PET,12/12/2024 00:00:00,25.3,25.6,25.2,25.2,256000
PET,12/13/2024 00:00:00,25.25,25.45,25.2,25.25,323000
PET,12/16/2024 00:00:00,25.4,25.4,24.9,25,236100
PET,12/17/2024 00:00:00,24.9,25.2,24.85,24.85,311700
PET,12/18/2024 00:00:00,24.8,25.4,24.8,25.3,194100
PET,12/19/2024 00:00:00,25.1,25.2,24.85,25,537700
PET,12/20/2024 00:00:00,25.25,25.35,25,25.05,254300
PET,12/23/2024 00:00:00,25.4,25.45,25.2,25.35,226400
PET,12/24/2024 00:00:00,25.45,25.45,25.1,25.1,298400
PET,12/25/2024 00:00:00,25.3,25.85,25.3,25.5,916900
PET,12/26/2024 00:00:00,25.5,26.3,25.5,26,743700
PET,12/27/2024 00:00:00,26,26.1,25.55,25.55,398900
PET,12/30/2024 00:00:00,25.45,25.75,25.35,25.7,255900
PET,12/31/2024 00:00:00,25.6,25.6,25.1,25.15,270800
PET,1/2/2025 00:00:00,25.2,25.45,25.15,25.3,222400
PET,1/3/2025 00:00:00,25.3,25.5,25.15,25.15,347200
PET,1/6/2025 00:00:00,25.2,25.4,24,24.35,508500
PET,1/7/2025 00:00:00,24.4,24.6,23.5,23.5,568000
PET,1/8/2025 00:00:00,23.5,23.95,23.5,23.85,227500
PET,1/9/2025 00:00:00,24,24.1,23.5,23.5,278200
PET,1/10/2025 00:00:00,23.85,23.85,22.9,23.05,498900
PET,1/13/2025 00:00:00,22.9,23.35,22.75,23.2,266300
PET,1/14/2025 00:00:00,23.2,23.2,22.85,22.9,185900
PET,1/15/2025 00:00:00,23.1,23.2,23,23.1,154300
PET,1/16/2025 00:00:00,23.5,23.65,23.25,23.3,164800
PET,1/17/2025 00:00:00,23.3,23.55,23.25,23.3,329000
PET,1/20/2025 00:00:00,23.35,23.65,23.05,23.05,311100
PET,1/21/2025 00:00:00,23.15,23.4,23,23,322600
PET,1/22/2025 00:00:00,23.3,23.3,22.8,22.8,222400
PET,1/23/2025 00:00:00,22.8,23.2,22.8,22.95,237200
PET,1/24/2025 00:00:00,23.2,23.2,22.85,22.95,281700
PET,2/3/2025 00:00:00,22.95,23.7,22.95,23.4,275400
PET,2/4/2025 00:00:00,23.55,23.7,23.4,23.6,326700
PET,2/5/2025 00:00:00,23.7,23.8,23.4,23.6,473000
PET,2/6/2025 00:00:00,23.7,23.7,23.4,23.45,327000
PET,2/7/2025 00:00:00,23.45,23.85,23.45,23.45,555400
PET,2/10/2025 00:00:00,23.6,23.6,23.05,23.1,461400
PET,2/11/2025 00:00:00,23.2,23.25,23,23.1,256600
PET,2/12/2025 00:00:00,23.1,23.25,23,23,320800
PET,2/13/2025 00:00:00,23.1,23.25,23,23.1,444200
PET,2/14/2025 00:00:00,23.15,23.75,23.15,23.4,715700
PET,2/17/2025 00:00:00,23.6,23.7,23.4,23.4,498200
PET,2/18/2025 00:00:00,23.45,23.85,23.4,23.85,860200
PET,2/19/2025 00:00:00,24,24.75,23.9,24.6,1.183e+006
PET,2/20/2025 00:00:00,24.6,24.7,24.2,24.3,670100
PET,2/21/2025 00:00:00,24.25,24.6,24.1,24.4,515700
PET,2/24/2025 00:00:00,24.4,25.1,24.05,24.85,1.0914e+006
PET,2/25/2025 00:00:00,25,25.2,24.15,24.55,643900
PET,2/26/2025 00:00:00,24.7,24.7,24.15,24.15,444600
PET,2/27/2025 00:00:00,24.2,24.6,24.2,24.5,364300
PET,2/28/2025 00:00:00,24.6,24.9,24.45,24.5,458200
PET,3/3/2025 00:00:00,24.55,24.7,24.4,24.5,413800
PET,3/4/2025 00:00:00,24.45,24.5,23.95,24.15,927100
PET,3/5/2025 00:00:00,24.15,24.15,23.6,23.6,683000
PET,3/6/2025 00:00:00,23.9,24.4,23.65,24.4,621200
PET,3/7/2025 00:00:00,24.25,24.5,24.05,24.1,376600
PET,3/10/2025 00:00:00,24.35,24.35,23.85,23.85,292400
PET,3/11/2025 00:00:00,23.8,24.25,23.6,24.25,409600
PET,3/12/2025 00:00:00,24.35,24.35,23.85,23.95,591700
PET,3/13/2025 00:00:00,24.15,24.15,23.5,23.5,510800
PET,3/14/2025 00:00:00,23.5,23.7,23.35,23.4,399300
PET,3/17/2025 00:00:00,23.5,23.65,23,23.15,781200
PET,3/18/2025 00:00:00,23.15,23.45,23.1,23.45,706200
PET,3/19/2025 00:00:00,23.55,23.55,23,23.1,483000
PET,3/20/2025 00:00:00,23.1,23.3,23,23,321700
PET,3/21/2025 00:00:00,23.2,23.3,23,23.1,263800
PET,3/24/2025 00:00:00,23.05,23.25,23.05,23.1,181400
PET,3/25/2025 00:00:00,23.1,23.2,22.65,22.65,962500
PET,3/26/2025 00:00:00,22.75,22.95,22.35,22.35,657600
PET,3/27/2025 00:00:00,22.35,22.45,21.7,21.7,714500
PET,3/28/2025 00:00:00,21.7,21.9,21.65,21.75,296900
PET,3/31/2025 00:00:00,21.7,22,21.05,21.7,412700
PET,4/1/2025 00:00:00,21.7,22.8,21.7,22.35,375900
PET,4/2/2025 00:00:00,22.5,22.55,22.2,22.2,359300
PET,4/3/2025 00:00:00,21.35,21.35,20.65,20.65,752100
PET,4/4/2025 00:00:00,19.25,19.65,19.25,19.25,940500
PET,4/8/2025 00:00:00,17.95,18.05,17.95,17.95,250900
PET,4/9/2025 00:00:00,16.7,16.8,16.7,16.7,663100
PET,4/10/2025 00:00:00,17.85,17.85,17.85,17.85,281000
PET,4/11/2025 00:00:00,17.85,18.95,17.85,18.6,709900
PET,4/14/2025 00:00:00,18.9,19.4,18.5,19.35,503400
PET,4/15/2025 00:00:00,19.25,19.75,18.8,19.35,695100
PET,4/16/2025 00:00:00,18.95,19.5,18.7,18.75,370400
PET,4/17/2025 00:00:00,18.75,19.15,18.65,19.1,175000
PET,4/18/2025 00:00:00,19.45,19.7,19.1,19.55,551600
PET,4/21/2025 00:00:00,19.55,19.6,18.9,18.9,294500
PET,4/22/2025 00:00:00,19.05,19.05,17.6,18,750200
PET,4/23/2025 00:00:00,18.5,18.7,18.1,18.5,162500
PET,4/24/2025 00:00:00,18.7,18.8,18.3,18.5,181100
PET,4/25/2025 00:00:00,18.5,18.6,18.3,18.4,182800
PET,4/28/2025 00:00:00,18.55,18.9,18.2,18.7,294900
PET,4/29/2025 00:00:00,18.7,18.9,18.55,18.6,115100
PET,5/5/2025 00:00:00,18.95,19,18.55,19,200500
PET,5/6/2025 00:00:00,19.1,19.4,19.1,19.25,565100
PET,5/7/2025 00:00:00,19.3,19.3,19.1,19.2,363100
PET,5/8/2025 00:00:00,19.3,20.5,19.25,20.5,1.1898e+006
PET,5/9/2025 00:00:00,21.9,21.9,21.8,21.9,1.4333e+006
PET,5/12/2025 00:00:00,22.8,22.8,21.9,22.4,1.1573e+006
PET,5/13/2025 00:00:00,22.5,22.5,22.1,22.3,726200
PET,5/14/2025 00:00:00,22.35,23.5,22.35,23,1.3804e+006
PET,5/15/2025 00:00:00,23.1,23.55,22.6,23.1,1.1857e+006
PET,5/16/2025 00:00:00,23.1,23.65,22.85,23,671900
PET,5/19/2025 00:00:00,22.4,22.95,22.4,22.7,674900
PET,5/20/2025 00:00:00,22.7,23.3,22.7,22.95,824300
PET,5/21/2025 00:00:00,23,23.15,22.6,22.9,808600
PET,5/22/2025 00:00:00,22.9,24.5,22.9,24.5,4.0819e+006
PET,5/23/2025 00:00:00,25,25.5,24.6,24.8,1.2358e+006
PET,5/26/2025 00:00:00,25,25.3,23.5,25.2,1.5369e+006
PET,5/27/2025 00:00:00,25.6,26.2,24.85,25,1.2157e+006
PET,5/28/2025 00:00:00,25.05,25.4,24.55,24.55,1.3466e+006
PET,5/29/2025 00:00:00,24.6,25.25,23.9,23.9,1.6594e+006
PET,5/30/2025 00:00:00,24,24.3,23.05,23.2,2.1409e+006
PET,6/2/2025 00:00:00,23.3,23.85,23.3,23.6,696900
PET,6/3/2025 00:00:00,23.6,24.1,23.6,23.85,895600
PET,6/4/2025 00:00:00,23.85,24.55,23.8,24.05,1.3084e+006
PET,6/5/2025 00:00:00,24.2,24.5,23.9,24.1,717700
PET,6/6/2025 00:00:00,24,24.15,23.1,23.15,1.241e+006
PET,6/9/2025 00:00:00,23.2,23.3,22.85,23,1.0882e+006
PET,6/10/2025 00:00:00,22.9,24.6,22.9,24.1,2.3891e+006
PET,6/11/2025 00:00:00,24.3,24.8,23.85,23.9,817900
PET,6/12/2025 00:00:00,24.3,24.3,23.55,23.6,1.0872e+006
PET,6/13/2025 00:00:00,23.75,24,22.85,23.25,1.2282e+006
PET,6/16/2025 00:00:00,23,24,23,23.8,691300
PET,6/17/2025 00:00:00,23.95,24.2,23.7,24,849400
PET,6/18/2025 00:00:00,24.2,24.85,24,24,1.0462e+006
PET,6/19/2025 00:00:00,24.25,25.55,23.4,24.55,1.4897e+006
PET,6/20/2025 00:00:00,24.1,25.3,24.05,24.05,607900
PET,6/23/2025 00:00:00,24.1,24.5,23.5,23.75,984100
PET,6/24/2025 00:00:00,23.75,23.95,23.5,23.5,683200
PET,6/25/2025 00:00:00,23.8,24.2,23.5,23.55,600200
PET,6/26/2025 00:00:00,23.7,24,23.45,24,609400
PET,6/27/2025 00:00:00,24.3,24.7,23.9,23.95,1.193e+006
PET,6/30/2025 00:00:00,24,24.3,24,24.1,463100
PET,7/1/2025 00:00:00,24.25,24.55,23.7,23.95,863700
PET,7/2/2025 00:00:00,24.35,24.35,23.95,24.25,588400
PET,7/3/2025 00:00:00,24.3,25,23.8,24.2,1.5127e+006
PET,7/4/2025 00:00:00,24.45,25.6,24.15,24.8,2.1639e+006
PET,7/7/2025 00:00:00,24.85,25.65,24.5,24.65,1.0925e+006
PET,7/8/2025 00:00:00,24.65,25.3,24.5,24.65,1.5107e+006
PET,7/9/2025 00:00:00,24.9,24.9,24.4,24.5,1.3313e+006
PET,7/10/2025 00:00:00,24.4,25.1,24.4,24.6,1.0164e+006
PET,7/11/2025 00:00:00,24.75,24.9,24.45,24.5,1.0862e+006
PET,7/14/2025 00:00:00,24.5,25.6,24.5,25.45,2.2106e+006
PET,7/15/2025 00:00:00,25.6,26.5,25.5,25.5,1.8078e+006
PET,7/16/2025 00:00:00,25.5,26,25.3,25.5,1.1221e+006
PET,7/17/2025 00:00:00,25.7,26.2,25.4,25.55,1.3209e+006
PET,7/18/2025 00:00:00,25.6,26.3,25.45,25.85,1.4853e+006
PET,7/21/2025 00:00:00,26,26.85,25.85,26.05,1.6023e+006
PET,7/22/2025 00:00:00,26.25,27.85,26.2,27.85,2.9598e+006
PET,7/23/2025 00:00:00,29.3,29.3,28.5,28.95,2.3086e+006
PET,7/24/2025 00:00:00,29,29.7,28.2,29.05,1.5552e+006
PET,7/25/2025 00:00:00,29.25,31.05,29.05,29.5,3.802e+006
PET,7/28/2025 00:00:00,30,31,29.9,30.75,2.6203e+006
PET,7/29/2025 00:00:00,32.9,32.9,32.6,32.9,4.9426e+006
PET,7/30/2025 00:00:00,34.6,35.2,33,35.2,2.5267e+006
PET,7/31/2025 00:00:00,37.65,37.65,37.65,37.65,711700
PET,8/1/2025 00:00:00,40.15,40.15,35.5,36,6.5196e+006
PET,8/4/2025 00:00:00,35.95,36.9,34.5,36.3,3.2665e+006
PET,8/5/2025 00:00:00,37.5,38.25,33.8,33.8,4.3546e+006
PET,8/6/2025 00:00:00,34.6,35.15,33.75,34.15,3.2869e+006
PET,8/7/2025 00:00:00,35,35.1,33.3,33.65,3.1366e+006
PET,8/8/2025 00:00:00,33.6,34.6,32.85,33.5,3.4872e+006
PET,8/11/2025 00:00:00,33.8,35.8,33.45,35.8,5.0355e+006
PET,8/12/2025 00:00:00,36,38.25,35.8,36.65,3.514e+006
PET,8/13/2025 00:00:00,37,37,34.15,35.6,4.0395e+006
PET,8/14/2025 00:00:00,36.1,36.1,34.7,34.9,2.6267e+006
PET,8/15/2025 00:00:00,35.45,36.9,34.8,36.1,4.6364e+006
PET,8/18/2025 00:00:00,37.85,38.6,37.35,38.6,2.4125e+006
PET,8/19/2025 00:00:00,41.3,41.3,40.4,41.3,4.336e+006
PET,8/20/2025 00:00:00,41,41,38.45,38.45,8.5444e+006
PET,8/21/2025 00:00:00,38.3,38.5,36,36,4.0111e+006
PET,8/22/2025 00:00:00,35,35.65,33.5,33.5,5.2319e+006
