Ticker,Date,Open,High,Low,Close,Volume
SHS,6/26/2009 00:00:00,7.84139,7.93587,7.52018,7.52018,1.1634e+006
SHS,6/29/2009 00:00:00,7.63355,7.91697,7.52018,7.61465,1.5343e+006
SHS,6/30/2009 00:00:00,7.65244,7.69023,7.12339,7.12339,867200
SHS,7/1/2009 00:00:00,6.89665,6.95333,6.89665,6.89665,1.4884e+006
SHS,7/2/2009 00:00:00,6.42427,6.99112,6.42427,6.61322,1.5812e+006
SHS,7/3/2009 00:00:00,6.42427,6.59433,6.14085,6.55654,901100
SHS,7/6/2009 00:00:00,6.49985,6.93444,6.49985,6.93444,1.2936e+006
SHS,7/7/2009 00:00:00,7.27455,7.27455,6.83996,6.99112,594100
SHS,7/8/2009 00:00:00,6.85886,6.99112,6.61322,6.76438,197000
SHS,7/9/2009 00:00:00,6.80217,6.85886,6.63212,6.63212,410500
SHS,7/10/2009 00:00:00,6.78328,7.25565,6.78328,7.25565,3.8451e+006
SHS,7/13/2009 00:00:00,7.18007,7.46349,6.89665,7.0856,591400
SHS,7/14/2009 00:00:00,7.27455,7.31234,6.6888,6.93444,557500
SHS,7/15/2009 00:00:00,7.27455,7.27455,6.72659,6.80217,605600
SHS,7/16/2009 00:00:00,7.25565,7.27455,6.72659,6.87775,392400
SHS,7/17/2009 00:00:00,6.76438,6.78328,6.49985,6.61322,140200
SHS,7/20/2009 00:00:00,6.23532,6.23532,6.17864,6.17864,49500
SHS,7/21/2009 00:00:00,6.23532,6.23532,5.76295,5.83853,227200
SHS,7/22/2009 00:00:00,6.00859,6.3298,5.85743,5.9519,474400
SHS,7/23/2009 00:00:00,6.23532,6.46206,5.9708,6.38648,953400
SHS,7/24/2009 00:00:00,6.74549,6.74549,6.74549,6.74549,539000
SHS,7/27/2009 00:00:00,7.18007,7.19897,6.99112,7.19897,1.0542e+006
SHS,7/28/2009 00:00:00,7.27455,7.46349,6.72659,6.80217,730800
SHS,7/29/2009 00:00:00,6.99112,6.99112,6.6888,6.7077,579200
SHS,7/30/2009 00:00:00,6.76438,6.85886,6.40538,6.42427,540800
SHS,7/31/2009 00:00:00,6.80217,6.95333,6.57543,6.63212,569600
SHS,8/3/2009 00:00:00,6.76438,6.76438,6.36759,6.42427,393300
SHS,8/4/2009 00:00:00,6.74549,6.74549,6.46206,6.51875,471700
SHS,8/5/2009 00:00:00,6.51875,6.65101,6.38648,6.53764,309600
SHS,8/6/2009 00:00:00,6.53764,6.59433,6.36759,6.42427,579100
SHS,8/7/2009 00:00:00,6.14085,6.55654,6.14085,6.29201,279000
SHS,8/10/2009 00:00:00,6.49985,6.57543,6.02748,6.48096,567800
SHS,8/11/2009 00:00:00,6.48096,6.48096,6.21643,6.25422,592500
SHS,8/12/2009 00:00:00,6.27311,6.36759,6.14085,6.21643,633500
SHS,8/13/2009 00:00:00,6.42427,6.51875,6.29201,6.3298,464800
SHS,8/14/2009 00:00:00,6.51875,6.61322,6.23532,6.23532,461700
SHS,8/17/2009 00:00:00,6.40538,6.40538,6.04638,6.21643,602400
SHS,8/18/2009 00:00:00,6.04638,6.14085,5.81964,6.08417,396500
SHS,8/19/2009 00:00:00,6.3109,6.3298,6.14085,6.19753,482200
SHS,8/20/2009 00:00:00,6.23532,6.23532,6.02748,6.08417,336100
SHS,8/21/2009 00:00:00,6.15974,6.40538,6.08417,6.34869,882800
SHS,8/24/2009 00:00:00,6.65101,6.7077,6.38648,6.40538,504300
SHS,8/25/2009 00:00:00,6.61322,6.63212,6.23532,6.49985,379800
SHS,8/26/2009 00:00:00,6.46206,6.48096,6.3109,6.38648,318600
SHS,8/27/2009 00:00:00,6.40538,6.40538,6.19753,6.29201,349800
SHS,8/28/2009 00:00:00,6.3298,6.44317,6.29201,6.38648,310700
SHS,8/31/2009 00:00:00,6.48096,6.61322,6.38648,6.42427,403600
SHS,9/1/2009 00:00:00,6.51875,6.53764,6.23532,6.34869,403200
SHS,9/3/2009 00:00:00,6.40538,6.40538,6.21643,6.23532,317400
SHS,9/4/2009 00:00:00,6.25422,6.29201,5.9519,6.04638,176700
SHS,9/7/2009 00:00:00,6.14085,6.23532,5.72516,5.85743,378300
SHS,9/8/2009 00:00:00,6.00859,6.02748,5.85743,5.9519,372100
SHS,9/9/2009 00:00:00,6.04638,6.10306,5.9519,5.98969,361100
SHS,9/10/2009 00:00:00,6.04638,6.10306,5.91411,6.10306,565600
SHS,9/11/2009 00:00:00,6.23532,6.40538,6.23532,6.40538,439000
SHS,9/14/2009 00:00:00,6.83996,6.83996,6.23532,6.80217,714400
SHS,9/15/2009 00:00:00,6.80217,6.82107,6.44317,6.80217,1.0102e+006
SHS,9/16/2009 00:00:00,6.99112,7.14228,6.89665,7.0667,1.1721e+006
SHS,9/17/2009 00:00:00,7.25565,7.29344,7.02891,7.12339,1.168e+006
SHS,9/18/2009 00:00:00,7.12339,7.46349,6.80217,7.4446,1.8896e+006
SHS,9/21/2009 00:00:00,7.84139,7.84139,7.52018,7.84139,1.5404e+006
SHS,9/22/2009 00:00:00,7.93587,8.33266,7.74692,8.33266,1.4228e+006
SHS,9/23/2009 00:00:00,8.76724,8.76724,7.74692,8.10592,1.5915e+006
SHS,9/24/2009 00:00:00,7.95476,8.12482,7.95476,7.95476,839700
SHS,9/25/2009 00:00:00,7.55797,8.52161,7.4257,8.03034,2.1324e+006
SHS,9/28/2009 00:00:00,8.50272,8.50272,7.93587,8.01145,1.026e+006
SHS,9/29/2009 00:00:00,8.27598,8.50272,7.74692,8.01145,648700
SHS,9/30/2009 00:00:00,8.12482,8.25708,7.55797,7.70913,708000
SHS,10/1/2009 00:00:00,7.74692,7.8225,7.27455,7.33123,608600
SHS,10/2/2009 00:00:00,7.27455,7.53907,6.97223,7.48239,1.6615e+006
SHS,10/5/2009 00:00:00,7.40681,7.55797,6.89665,7.02891,573000
SHS,10/6/2009 00:00:00,7.18007,7.65244,6.95333,7.01002,737500
SHS,10/7/2009 00:00:00,7.36902,7.4446,7.04781,7.4257,900500
SHS,10/8/2009 00:00:00,7.46349,7.46349,7.04781,7.33123,1.0446e+006
SHS,10/9/2009 00:00:00,7.35012,7.48239,7.21786,7.33123,1.2597e+006
SHS,10/12/2009 00:00:00,7.55797,7.78471,7.36902,7.78471,2.4289e+006
SHS,10/13/2009 00:00:00,7.93587,8.08703,7.65244,7.76581,1.7337e+006
SHS,10/14/2009 00:00:00,7.93587,8.01145,7.8036,7.93587,1.2549e+006
SHS,10/15/2009 00:00:00,8.12482,8.42714,7.91697,8.01145,1.526e+006
SHS,10/16/2009 00:00:00,8.03034,8.03034,7.48239,7.48239,1.2188e+006
SHS,10/19/2009 00:00:00,7.84139,7.93587,7.25565,7.27455,1.0686e+006
SHS,10/20/2009 00:00:00,7.74692,7.74692,7.18007,7.46349,1.0762e+006
SHS,10/21/2009 00:00:00,7.50128,7.50128,7.0856,7.27455,1.1157e+006
SHS,10/22/2009 00:00:00,7.27455,7.52018,7.16118,7.36902,1.5022e+006
SHS,10/23/2009 00:00:00,7.46349,7.46349,6.99112,7.12339,794700
SHS,10/26/2009 00:00:00,7.12339,7.33123,6.97223,7.02891,744300
SHS,10/27/2009 00:00:00,7.14228,7.35012,6.7077,6.95333,1.3928e+006
SHS,10/28/2009 00:00:00,7.14228,7.14228,6.80217,6.97223,1.0134e+006
SHS,10/29/2009 00:00:00,6.97223,7.12339,6.51875,6.65101,954600
SHS,10/30/2009 00:00:00,6.80217,7.21786,6.78328,6.80217,788700
SHS,11/2/2009 00:00:00,6.80217,6.95333,6.51875,6.51875,461400
SHS,11/3/2009 00:00:00,6.42427,6.65101,6.25422,6.27311,1.306e+006
SHS,11/4/2009 00:00:00,6.23532,6.72659,6.08417,6.72659,2.2356e+006
SHS,11/5/2009 00:00:00,6.85886,6.95333,6.6888,6.95333,1.2143e+006
SHS,11/6/2009 00:00:00,7.18007,7.35012,6.89665,6.97223,874700
SHS,11/9/2009 00:00:00,6.80217,6.95333,6.76438,6.76438,860100
SHS,11/10/2009 00:00:00,6.97223,6.97223,6.36759,6.61322,385300
SHS,11/11/2009 00:00:00,6.6888,7.19897,6.51875,7.01002,1.2749e+006
SHS,11/12/2009 00:00:00,7.18007,7.33123,6.97223,7.04781,671900
SHS,11/13/2009 00:00:00,7.10449,7.10449,6.80217,6.89665,553100
SHS,11/16/2009 00:00:00,7.0856,7.21786,6.97223,7.02891,601300
SHS,11/17/2009 00:00:00,7.18007,7.31234,6.89665,6.95333,427200
SHS,11/18/2009 00:00:00,7.19897,7.27455,6.87775,7.0667,565300
SHS,11/19/2009 00:00:00,6.91554,7.16118,6.91554,7.10449,600100
SHS,11/20/2009 00:00:00,7.16118,7.19897,6.99112,7.01002,356200
SHS,11/23/2009 00:00:00,7.12339,7.16118,6.76438,6.80217,306900
SHS,11/24/2009 00:00:00,6.80217,7.0856,6.72659,6.78328,163200
SHS,11/25/2009 00:00:00,6.66991,6.66991,6.48096,6.48096,33700
SHS,11/26/2009 00:00:00,6.23532,6.23532,6.06527,6.06527,95300
SHS,11/27/2009 00:00:00,5.64958,6.38648,5.64958,5.93301,893100
SHS,11/30/2009 00:00:00,6.15974,6.57543,6.04638,6.57543,791700
SHS,12/1/2009 00:00:00,6.59433,6.74549,6.42427,6.74549,491600
SHS,12/2/2009 00:00:00,6.93444,6.97223,6.27311,6.36759,159100
SHS,12/3/2009 00:00:00,6.66991,6.95333,6.3109,6.44317,194000
SHS,12/4/2009 00:00:00,6.57543,6.61322,6.36759,6.42427,89400
SHS,12/7/2009 00:00:00,6.61322,6.61322,6.23532,6.3109,30200
SHS,12/8/2009 00:00:00,6.23532,6.23532,5.81964,5.93301,106600
SHS,12/9/2009 00:00:00,5.66848,5.66848,5.46063,5.46063,117300
SHS,12/10/2009 00:00:00,5.29058,5.83853,5.215,5.29058,93500
SHS,12/11/2009 00:00:00,5.44174,5.574,5.02605,5.02605,283800
SHS,12/14/2009 00:00:00,4.95047,5.55511,4.95047,5.55511,183200
SHS,12/15/2009 00:00:00,5.66848,5.66848,5.32837,5.32837,39000
SHS,12/16/2009 00:00:00,5.32837,5.32837,5.04494,5.04494,51100
SHS,12/17/2009 00:00:00,4.72373,4.91268,4.72373,4.76152,137000
SHS,12/18/2009 00:00:00,4.72373,5.04494,4.72373,5.04494,312200
SHS,12/21/2009 00:00:00,5.32837,5.32837,5.13942,5.32837,238600
SHS,12/22/2009 00:00:00,5.574,5.574,5.17721,5.17721,59900
SHS,12/23/2009 00:00:00,5.00715,5.27168,4.96936,5.17721,255600
SHS,12/24/2009 00:00:00,5.10163,5.30947,4.93157,5.29058,288000
SHS,12/25/2009 00:00:00,5.44174,5.5929,5.30947,5.47953,491000
SHS,12/28/2009 00:00:00,5.47953,5.47953,5.17721,5.17721,84700
SHS,12/29/2009 00:00:00,5.27168,5.27168,4.95047,4.95047,104300
SHS,12/30/2009 00:00:00,4.91268,5.17721,4.91268,5.06384,222000
SHS,12/31/2009 00:00:00,5.13942,5.25279,4.95047,5.04494,221500
SHS,1/4/2010 00:00:00,5.27168,5.46063,5.27168,5.46063,231300
SHS,1/5/2010 00:00:00,5.81964,5.81964,5.74406,5.81964,478100
SHS,1/6/2010 00:00:00,5.9519,6.21643,5.85743,6.21643,751800
SHS,1/7/2010 00:00:00,6.55654,6.55654,6.23532,6.55654,483600
SHS,1/8/2010 00:00:00,6.80217,6.80217,6.08417,6.21643,331000
SHS,1/11/2010 00:00:00,6.29201,6.3298,5.85743,5.85743,274500
SHS,1/12/2010 00:00:00,5.74406,5.76295,5.49842,5.49842,348000
SHS,1/13/2010 00:00:00,5.29058,5.98969,5.23389,5.47953,366700
SHS,1/14/2010 00:00:00,5.72516,5.74406,5.61179,5.74406,193400
SHS,1/15/2010 00:00:00,5.9519,5.9519,5.42284,5.51732,101600
SHS,1/18/2010 00:00:00,5.47953,5.47953,5.1961,5.25279,130400
SHS,1/19/2010 00:00:00,5.04494,5.38505,5.04494,5.32837,125800
SHS,1/20/2010 00:00:00,5.38505,5.38505,5.12052,5.215,93900
SHS,1/21/2010 00:00:00,5.10163,5.1961,4.91268,5.02605,143700
SHS,1/22/2010 00:00:00,5.02605,5.1961,4.87489,5.10163,121200
SHS,1/25/2010 00:00:00,5.17721,5.36616,5.02605,5.36616,171000
SHS,1/26/2010 00:00:00,5.29058,5.5929,5.29058,5.5929,105700
SHS,1/27/2010 00:00:00,5.76295,5.85743,5.25279,5.25279,63500
SHS,1/28/2010 00:00:00,5.23389,5.36616,5.23389,5.32837,218300
SHS,1/29/2010 00:00:00,5.29058,5.36616,5.29058,5.34726,73800
SHS,2/1/2010 00:00:00,5.574,5.64958,5.44174,5.53621,206100
SHS,2/2/2010 00:00:00,5.66848,5.66848,5.47953,5.53621,186300
SHS,2/3/2010 00:00:00,5.66848,5.81964,5.55511,5.76295,329300
SHS,2/4/2010 00:00:00,5.85743,5.9519,5.76295,5.87632,168200
SHS,2/5/2010 00:00:00,5.89522,5.89522,5.63069,5.63069,286100
SHS,2/8/2010 00:00:00,5.68737,5.68737,5.55511,5.66848,328100
SHS,2/9/2010 00:00:00,5.47953,5.61179,5.23389,5.61179,264700
SHS,2/10/2010 00:00:00,3.79788,3.96793,3.79788,3.96793,96700
SHS,2/11/2010 00:00:00,4.23246,4.23246,4.1002,4.23246,305200
SHS,2/12/2010 00:00:00,4.34583,4.44031,4.30804,4.40252,172200
SHS,2/22/2010 00:00:00,4.38362,4.62926,4.38362,4.57257,268600
SHS,2/23/2010 00:00:00,4.53478,4.53478,4.25136,4.27025,149400
SHS,2/24/2010 00:00:00,4.27025,4.32694,4.15688,4.32694,150100
SHS,2/25/2010 00:00:00,4.42141,4.51589,4.27025,4.49699,177700
SHS,2/26/2010 00:00:00,4.49699,4.59147,4.36473,4.53478,401800
SHS,3/1/2010 00:00:00,4.51589,4.72373,4.4592,4.62926,287600
SHS,3/2/2010 00:00:00,4.68594,4.72373,4.4592,4.57257,276600
SHS,3/3/2010 00:00:00,4.61036,4.72373,4.59147,4.72373,489400
SHS,3/4/2010 00:00:00,4.68594,4.96936,4.64815,4.64815,390500
SHS,3/5/2010 00:00:00,4.76152,4.81821,4.68594,4.81821,384000
SHS,3/8/2010 00:00:00,4.856,5.08273,4.856,5.08273,536400
SHS,3/9/2010 00:00:00,5.27168,5.27168,5.00715,5.25279,604400
SHS,3/10/2010 00:00:00,5.25279,5.25279,4.91268,5.02605,215900
SHS,3/11/2010 00:00:00,5.08273,5.1961,4.89378,4.89378,223000
SHS,3/12/2010 00:00:00,4.95047,5.10163,4.8371,4.89378,212300
SHS,3/15/2010 00:00:00,5.00715,5.10163,4.76152,4.78042,157100
SHS,3/16/2010 00:00:00,4.87489,4.87489,4.57257,4.61036,166000
SHS,3/17/2010 00:00:00,4.66705,4.856,4.4592,4.51589,332300
SHS,3/18/2010 00:00:00,4.53478,4.68594,4.49699,4.68594,139200
SHS,3/19/2010 00:00:00,4.62926,4.72373,4.55368,4.59147,75600
SHS,3/22/2010 00:00:00,4.66705,4.66705,4.4592,4.57257,73400
SHS,3/23/2010 00:00:00,4.57257,4.57257,4.51589,4.55368,340700
SHS,3/24/2010 00:00:00,4.53478,4.72373,4.53478,4.61036,81000
SHS,3/25/2010 00:00:00,4.61036,4.61036,4.40252,4.40252,94300
SHS,3/26/2010 00:00:00,4.55368,4.61036,4.36473,4.4592,44900
SHS,3/29/2010 00:00:00,4.44031,4.44031,4.32694,4.34583,76200
SHS,3/30/2010 00:00:00,4.36473,4.44031,4.25136,4.27025,33400
SHS,3/31/2010 00:00:00,4.34583,4.42141,4.25136,4.25136,33000
SHS,4/1/2010 00:00:00,4.28915,4.57257,4.23246,4.49699,129700
SHS,4/2/2010 00:00:00,4.62926,4.70484,4.40252,4.4781,151400
SHS,4/5/2010 00:00:00,4.53478,4.53478,4.34583,4.4781,94800
SHS,4/6/2010 00:00:00,4.53478,4.53478,4.38362,4.40252,28000
SHS,4/7/2010 00:00:00,4.42141,4.44031,4.36473,4.40252,82600
SHS,4/8/2010 00:00:00,4.44031,4.4592,4.38362,4.40252,91100
SHS,4/9/2010 00:00:00,4.42141,4.51589,4.32694,4.34583,95400
SHS,4/12/2010 00:00:00,4.49699,4.53478,4.36473,4.36473,312500
SHS,4/13/2010 00:00:00,4.62926,4.64815,4.42141,4.53478,450100
SHS,4/14/2010 00:00:00,4.57257,4.62926,4.34583,4.57257,382100
SHS,4/15/2010 00:00:00,4.44031,4.4592,4.23246,4.38362,280200
SHS,4/16/2010 00:00:00,4.44031,4.44031,4.28915,4.30804,183800
SHS,4/19/2010 00:00:00,4.28915,4.28915,4.15688,4.17578,165900
SHS,4/20/2010 00:00:00,4.21357,4.23246,4.1002,4.13799,164900
SHS,4/21/2010 00:00:00,4.15688,4.25136,4.1002,4.25136,208500
SHS,4/22/2010 00:00:00,4.30804,4.44031,4.25136,4.44031,447100
SHS,4/26/2010 00:00:00,4.44031,4.53478,4.34583,4.34583,244100
SHS,4/27/2010 00:00:00,4.34583,4.44031,4.32694,4.34583,180400
SHS,4/28/2010 00:00:00,4.38362,4.53478,4.30804,4.30804,88800
SHS,4/29/2010 00:00:00,4.42141,4.42141,4.27025,4.32694,100100
SHS,5/4/2010 00:00:00,4.44031,4.44031,4.25136,4.34583,180800
SHS,5/5/2010 00:00:00,4.38362,4.38362,4.21357,4.28915,115700
SHS,5/6/2010 00:00:00,4.38362,4.38362,4.27025,4.32694,100700
SHS,5/7/2010 00:00:00,4.32694,4.32694,4.15688,4.19467,187000
SHS,5/10/2010 00:00:00,4.15688,4.17578,4.0813,4.11909,108600
SHS,5/11/2010 00:00:00,4.19467,4.38362,4.19467,4.23246,155300
SHS,5/12/2010 00:00:00,4.15688,4.21357,4.02462,4.04351,211200
SHS,5/13/2010 00:00:00,4.06241,4.15688,4.04351,4.04351,38200
SHS,5/14/2010 00:00:00,4.15688,4.15688,4.02462,4.0813,51700
SHS,5/17/2010 00:00:00,4.06241,4.06241,3.94904,3.94904,158600
SHS,5/18/2010 00:00:00,3.85456,3.93014,3.77898,3.81677,80200
SHS,5/19/2010 00:00:00,3.76009,3.76009,3.57114,3.60893,189700
SHS,5/20/2010 00:00:00,3.62783,3.83567,3.40109,3.83567,600900
SHS,5/21/2010 00:00:00,3.87346,3.87346,3.49556,3.59004,97800
SHS,5/24/2010 00:00:00,3.74119,3.83567,3.68451,3.83567,181300
SHS,5/25/2010 00:00:00,3.83567,3.94904,3.79788,3.85456,191400
SHS,5/26/2010 00:00:00,3.96793,4.11909,3.94904,4.00572,221100
SHS,5/27/2010 00:00:00,3.87346,4.00572,3.79788,3.96793,150400
SHS,5/28/2010 00:00:00,3.96793,4.15688,3.96793,4.0813,130500
SHS,5/31/2010 00:00:00,4.15688,4.15688,3.79788,3.85456,44400
SHS,6/1/2010 00:00:00,3.87346,3.91125,3.81677,3.81677,122700
SHS,6/2/2010 00:00:00,3.59004,3.68451,3.59004,3.66561,1.2328e+006
SHS,6/3/2010 00:00:00,3.59004,3.77898,3.59004,3.62783,479600
SHS,6/4/2010 00:00:00,3.66561,3.7034,3.55225,3.60893,352700
SHS,6/7/2010 00:00:00,3.45777,3.49556,3.38219,3.41998,346200
SHS,6/8/2010 00:00:00,3.40109,3.43888,3.24993,3.41998,338300
SHS,6/9/2010 00:00:00,3.47667,3.49556,3.3444,3.3633,237400
SHS,6/10/2010 00:00:00,3.40109,3.43888,3.32551,3.40109,265900
SHS,6/11/2010 00:00:00,3.43888,3.47667,3.38219,3.38219,188500
SHS,6/14/2010 00:00:00,3.40109,3.43888,3.3633,3.40109,321000
SHS,6/15/2010 00:00:00,3.40109,3.40109,3.3444,3.38219,254600
SHS,6/16/2010 00:00:00,3.40109,3.55225,3.3633,3.45777,977800
SHS,6/17/2010 00:00:00,3.47667,3.49556,3.40109,3.45777,597100
SHS,6/18/2010 00:00:00,3.45777,3.47667,3.43888,3.45777,249600
SHS,6/21/2010 00:00:00,3.45777,3.47667,3.41998,3.45777,219200
SHS,6/22/2010 00:00:00,3.41998,3.43888,3.3444,3.38219,274200
SHS,6/23/2010 00:00:00,3.40109,3.40109,3.30661,3.32551,349400
SHS,6/24/2010 00:00:00,3.38219,3.38219,3.26882,3.28772,232700
SHS,6/25/2010 00:00:00,3.28772,3.28772,3.19324,3.21214,330500
SHS,6/28/2010 00:00:00,3.26882,3.26882,3.19324,3.24993,193700
SHS,6/29/2010 00:00:00,3.23103,3.28772,3.21214,3.24993,192900
SHS,6/30/2010 00:00:00,3.21214,3.21214,3.11766,3.17435,197700
SHS,7/1/2010 00:00:00,3.11766,3.21214,3.11766,3.15545,232700
SHS,7/2/2010 00:00:00,3.15545,3.19324,3.13656,3.15545,197400
SHS,7/5/2010 00:00:00,3.13656,3.17435,3.09877,3.11766,109000
SHS,7/6/2010 00:00:00,3.13656,3.13656,2.9854,3.04208,159000
SHS,7/7/2010 00:00:00,3.11766,3.11766,2.9665,3.06098,257000
SHS,7/8/2010 00:00:00,3.13656,3.23103,3.13656,3.23103,170500
SHS,7/9/2010 00:00:00,3.43888,3.43888,3.3633,3.43888,2.0314e+006
SHS,7/12/2010 00:00:00,3.55225,3.59004,3.30661,3.53335,946000
SHS,7/13/2010 00:00:00,3.49556,3.68451,3.41998,3.68451,1.6212e+006
SHS,7/14/2010 00:00:00,3.77898,3.87346,3.59004,3.87346,1.8759e+006
SHS,7/15/2010 00:00:00,3.81677,4.00572,3.68451,3.79788,1.1832e+006
SHS,7/16/2010 00:00:00,3.68451,3.85456,3.57114,3.83567,1.4249e+006
SHS,7/19/2010 00:00:00,3.59004,3.7034,3.59004,3.64672,768000
SHS,7/20/2010 00:00:00,3.66561,3.68451,3.55225,3.59004,369000
SHS,7/21/2010 00:00:00,3.64672,3.66561,3.49556,3.64672,731800
SHS,7/22/2010 00:00:00,3.59004,3.66561,3.43888,3.60893,298100
SHS,7/23/2010 00:00:00,3.60893,3.68451,3.51446,3.55225,134700
SHS,7/26/2010 00:00:00,3.59004,3.62783,3.41998,3.47667,93200
SHS,7/27/2010 00:00:00,3.47667,3.57114,3.41998,3.41998,185500
SHS,7/28/2010 00:00:00,3.47667,3.47667,3.32551,3.41998,271700
SHS,7/29/2010 00:00:00,3.38219,3.47667,3.38219,3.47667,138500
SHS,7/30/2010 00:00:00,3.45777,3.45777,3.40109,3.40109,118200
SHS,8/2/2010 00:00:00,3.47667,3.47667,3.32551,3.3444,208600
SHS,8/3/2010 00:00:00,3.45777,3.45777,3.32551,3.32551,126200
SHS,8/4/2010 00:00:00,3.38219,3.38219,3.28772,3.28772,123900
SHS,8/5/2010 00:00:00,3.30661,3.3444,3.23103,3.26882,166800
SHS,8/6/2010 00:00:00,3.26882,3.26882,3.17435,3.21214,114400
SHS,8/9/2010 00:00:00,3.32551,3.38219,3.07987,3.15545,119700
SHS,8/10/2010 00:00:00,3.26882,3.40109,3.04208,3.15545,281900
SHS,8/11/2010 00:00:00,3.21214,3.30661,3.11766,3.11766,183500
SHS,8/12/2010 00:00:00,3.21214,3.24993,3.02319,3.02319,218700
SHS,8/13/2010 00:00:00,3.09877,3.21214,2.9665,3.11766,573400
SHS,8/16/2010 00:00:00,3.17435,3.3444,3.15545,3.3444,669100
SHS,8/17/2010 00:00:00,3.40109,3.40109,3.15545,3.21214,297000
SHS,8/18/2010 00:00:00,3.17435,3.21214,3.11766,3.13656,140400
SHS,8/19/2010 00:00:00,3.17435,3.17435,3.07987,3.11766,256600
SHS,8/20/2010 00:00:00,3.15545,3.21214,3.02319,3.07987,198100
SHS,8/23/2010 00:00:00,3.13656,3.19324,3.02319,3.02319,148100
SHS,8/24/2010 00:00:00,3.02319,3.02319,2.90982,2.90982,156000
SHS,8/25/2010 00:00:00,2.73976,3.09877,2.73976,2.83424,618700
SHS,8/26/2010 00:00:00,2.77755,3.04208,2.77755,2.9854,239100
SHS,8/27/2010 00:00:00,2.83424,3.00429,2.83424,2.83424,238500
SHS,8/30/2010 00:00:00,2.94761,3.15545,2.94761,3.15545,549200
SHS,8/31/2010 00:00:00,3.13656,3.24993,3.11766,3.17435,506700
SHS,9/1/2010 00:00:00,3.23103,3.24993,3.02319,3.19324,619300
SHS,9/6/2010 00:00:00,3.24993,3.40109,3.21214,3.3444,619600
SHS,9/7/2010 00:00:00,3.3633,3.40109,3.21214,3.21214,322500
SHS,9/8/2010 00:00:00,3.11766,3.28772,3.09877,3.17435,201300
SHS,9/9/2010 00:00:00,3.24993,3.30661,3.15545,3.23103,133800
SHS,9/10/2010 00:00:00,3.28772,3.28772,3.02319,3.04208,378600
SHS,9/13/2010 00:00:00,2.9665,3.09877,2.90982,2.92871,119700
SHS,9/14/2010 00:00:00,3.00429,3.02319,2.92871,2.9665,126500
SHS,9/15/2010 00:00:00,2.9854,3.00429,2.89092,2.90982,117000
SHS,9/16/2010 00:00:00,2.90982,3.00429,2.87203,2.94761,114700
SHS,9/17/2010 00:00:00,3.02319,3.13656,2.9854,3.07987,367300
SHS,9/20/2010 00:00:00,3.07987,3.21214,3.02319,3.02319,113700
SHS,9/21/2010 00:00:00,3.09877,3.13656,2.94761,2.9665,129300
SHS,9/22/2010 00:00:00,3.02319,3.06098,2.9665,2.9665,84700
SHS,9/23/2010 00:00:00,2.9665,2.9854,2.89092,2.9665,101400
SHS,9/24/2010 00:00:00,2.94761,3.00429,2.90982,2.92871,157400
SHS,9/27/2010 00:00:00,2.9854,3.06098,2.92871,2.94761,89400
SHS,9/28/2010 00:00:00,3.02319,3.04208,2.9854,3.00429,188100
SHS,9/29/2010 00:00:00,3.02319,3.02319,2.83424,2.85313,140500
SHS,9/30/2010 00:00:00,2.92871,3.00429,2.87203,2.90982,112100
SHS,10/1/2010 00:00:00,2.9854,2.9854,2.83424,2.83424,83300
SHS,10/4/2010 00:00:00,2.94761,2.9665,2.75866,2.75866,222900
SHS,10/5/2010 00:00:00,2.83424,2.87203,2.66418,2.83424,187800
SHS,10/6/2010 00:00:00,2.83424,2.9854,2.81534,2.90982,227700
SHS,10/7/2010 00:00:00,2.90982,2.90982,2.75866,2.75866,198800
SHS,10/8/2010 00:00:00,2.81534,2.83424,2.72087,2.75866,78000
SHS,10/11/2010 00:00:00,2.77755,2.81534,2.68308,2.79645,116100
SHS,10/12/2010 00:00:00,2.77755,2.77755,2.68308,2.70197,108200
SHS,10/13/2010 00:00:00,2.75866,2.77755,2.66418,2.70197,101800
SHS,10/14/2010 00:00:00,2.73976,2.75866,2.68308,2.72087,77200
SHS,10/15/2010 00:00:00,2.73976,2.75866,2.68308,2.73976,94100
SHS,10/18/2010 00:00:00,2.75866,2.75866,2.66418,2.68308,51000
SHS,10/19/2010 00:00:00,2.73976,2.73976,2.6075,2.6075,103700
SHS,10/20/2010 00:00:00,2.64529,2.66418,2.51302,2.51302,128900
SHS,10/21/2010 00:00:00,2.55081,2.64529,2.51302,2.55081,109400
SHS,10/22/2010 00:00:00,2.6075,2.64529,2.45634,2.56971,177200
SHS,10/25/2010 00:00:00,2.55081,2.56971,2.47523,2.55081,65800
SHS,10/26/2010 00:00:00,2.55081,2.72087,2.55081,2.6075,398300
SHS,10/27/2010 00:00:00,2.62639,2.64529,2.53192,2.53192,121300
SHS,10/28/2010 00:00:00,2.56971,2.56971,2.47523,2.47523,50000
SHS,10/29/2010 00:00:00,2.53192,2.56971,2.47523,2.55081,137000
SHS,11/1/2010 00:00:00,2.53192,2.55081,2.45634,2.45634,221500
SHS,11/2/2010 00:00:00,2.47523,2.55081,2.41855,2.45634,529500
SHS,11/3/2010 00:00:00,2.47523,2.55081,2.43744,2.51302,210700
SHS,11/4/2010 00:00:00,2.43744,2.55081,2.43744,2.45634,171700
SHS,11/5/2010 00:00:00,2.51302,2.62639,2.49413,2.53192,131900
SHS,11/8/2010 00:00:00,2.55081,2.56971,2.45634,2.45634,139700
SHS,11/9/2010 00:00:00,2.51302,2.55081,2.43744,2.45634,151500
SHS,11/10/2010 00:00:00,2.43744,2.49413,2.41855,2.45634,108100
SHS,11/11/2010 00:00:00,2.45634,2.53192,2.41855,2.43744,150200
SHS,11/12/2010 00:00:00,2.49413,2.51302,2.36187,2.36187,170000
SHS,11/15/2010 00:00:00,2.36187,2.49413,2.34297,2.36187,143000
SHS,11/16/2010 00:00:00,2.45634,2.49413,2.30518,2.34297,150200
SHS,11/17/2010 00:00:00,2.32408,2.41855,2.30518,2.30518,55100
SHS,11/18/2010 00:00:00,2.38076,2.39966,2.32408,2.34297,176600
SHS,11/19/2010 00:00:00,2.36187,2.39966,2.30518,2.34297,146100
SHS,11/22/2010 00:00:00,2.30518,2.34297,2.2485,2.26739,139600
SHS,11/23/2010 00:00:00,2.17292,2.32408,2.17292,2.28629,254500
SHS,11/24/2010 00:00:00,2.21071,2.26739,2.17292,2.2296,168300
SHS,11/25/2010 00:00:00,2.2296,2.30518,2.2296,2.2485,219200
SHS,11/26/2010 00:00:00,2.26739,2.28629,2.2296,2.2485,127200
SHS,11/29/2010 00:00:00,2.26739,2.41855,2.17292,2.39966,440400
SHS,11/30/2010 00:00:00,2.36187,2.45634,2.36187,2.45634,375800
SHS,12/1/2010 00:00:00,2.53192,2.53192,2.34297,2.39966,358200
SHS,12/2/2010 00:00:00,2.47523,2.6075,2.41855,2.5886,420000
SHS,12/3/2010 00:00:00,2.66418,2.70197,2.64529,2.70197,474000
SHS,12/6/2010 00:00:00,2.89092,2.89092,2.72087,2.81534,602600
SHS,12/7/2010 00:00:00,2.79645,2.79645,2.66418,2.66418,294400
SHS,12/8/2010 00:00:00,2.55081,2.64529,2.51302,2.51302,262000
SHS,12/9/2010 00:00:00,2.55081,2.64529,2.38076,2.5886,346600
SHS,12/10/2010 00:00:00,2.64529,2.68308,2.5886,2.68308,478700
SHS,12/13/2010 00:00:00,2.79645,2.83424,2.79645,2.83424,158500
SHS,12/14/2010 00:00:00,3.00429,3.02319,2.70197,2.81534,634800
SHS,12/15/2010 00:00:00,2.75866,2.94761,2.75866,2.75866,280000
SHS,12/16/2010 00:00:00,2.66418,2.72087,2.64529,2.64529,494600
SHS,12/17/2010 00:00:00,2.64529,2.81534,2.64529,2.81534,664400
SHS,12/20/2010 00:00:00,2.9854,2.9854,2.92871,2.9854,1.2088e+006
SHS,12/21/2010 00:00:00,2.9854,2.9854,2.79645,2.87203,286500
SHS,12/22/2010 00:00:00,2.92871,3.06098,2.85313,2.85313,90000
SHS,12/23/2010 00:00:00,2.81534,2.83424,2.75866,2.77755,114500
SHS,12/24/2010 00:00:00,2.75866,2.77755,2.62639,2.68308,170300
SHS,12/27/2010 00:00:00,2.72087,2.77755,2.66418,2.68308,190900
SHS,12/28/2010 00:00:00,2.77755,2.85313,2.68308,2.81534,201500
SHS,12/29/2010 00:00:00,2.83424,2.87203,2.72087,2.73976,115700
SHS,12/30/2010 00:00:00,2.77755,2.77755,2.64529,2.72087,137300
SHS,12/31/2010 00:00:00,2.72087,2.75866,2.62639,2.66418,109600
SHS,1/4/2011 00:00:00,2.73976,2.75866,2.66418,2.68308,63600
SHS,1/5/2011 00:00:00,2.70197,2.72087,2.5886,2.62639,175600
SHS,1/6/2011 00:00:00,2.64529,2.64529,2.56971,2.6075,101100
SHS,1/7/2011 00:00:00,2.62639,2.64529,2.55081,2.55081,140200
SHS,1/10/2011 00:00:00,2.56971,2.62639,2.43744,2.45634,164900
SHS,1/11/2011 00:00:00,2.45634,2.45634,2.30518,2.32408,157100
SHS,1/12/2011 00:00:00,2.41855,2.41855,2.30518,2.39966,59300
SHS,1/13/2011 00:00:00,2.45634,2.49413,2.38076,2.45634,86900
SHS,1/14/2011 00:00:00,2.45634,2.47523,2.41855,2.45634,126000
SHS,1/17/2011 00:00:00,2.47523,2.56971,2.43744,2.43744,146700
SHS,1/18/2011 00:00:00,2.47523,2.53192,2.41855,2.41855,78000
SHS,1/19/2011 00:00:00,2.45634,2.47523,2.36187,2.39966,96300
SHS,1/20/2011 00:00:00,2.41855,2.43744,2.38076,2.38076,106100
SHS,1/21/2011 00:00:00,2.41855,2.47523,2.38076,2.39966,129400
SHS,1/24/2011 00:00:00,2.38076,2.38076,2.26739,2.26739,154900
SHS,1/25/2011 00:00:00,2.34297,2.34297,2.21071,2.2485,98200
SHS,1/26/2011 00:00:00,2.26739,2.32408,2.2296,2.26739,95000
SHS,1/27/2011 00:00:00,2.28629,2.30518,2.2485,2.28629,39400
SHS,1/28/2011 00:00:00,2.30518,2.32408,2.26739,2.32408,98400
SHS,2/8/2011 00:00:00,2.32408,2.36187,2.26739,2.28629,40300
SHS,2/9/2011 00:00:00,2.36187,2.39966,2.30518,2.34297,63800
SHS,2/10/2011 00:00:00,2.26739,2.34297,2.26739,2.28629,13600
SHS,2/11/2011 00:00:00,2.26739,2.30518,2.26739,2.30518,27500
SHS,2/14/2011 00:00:00,2.38076,2.43744,2.26739,2.26739,21000
SHS,2/15/2011 00:00:00,2.26739,2.28629,2.2296,2.26739,47600
SHS,2/16/2011 00:00:00,2.28629,2.28629,2.17292,2.19181,116900
SHS,2/17/2011 00:00:00,2.2485,2.2485,2.15402,2.19181,39200
SHS,2/18/2011 00:00:00,2.19181,2.21071,2.15402,2.17292,146900
SHS,2/21/2011 00:00:00,2.11623,2.15402,2.04065,2.04065,339400
SHS,2/22/2011 00:00:00,2.21071,2.21071,1.96507,1.96507,1.1951e+006
SHS,2/23/2011 00:00:00,2.02176,2.17292,2.02176,2.07844,345900
SHS,2/24/2011 00:00:00,2.13513,2.15402,2.00286,2.05955,278200
SHS,2/25/2011 00:00:00,1.98397,2.15402,1.98397,2.13513,406700
SHS,2/28/2011 00:00:00,2.11623,2.13513,2.02176,2.02176,148900
SHS,3/1/2011 00:00:00,2.09734,2.09734,1.96507,1.96507,82400
SHS,3/2/2011 00:00:00,2.04065,2.05955,1.88949,1.88949,220000
SHS,3/3/2011 00:00:00,1.81391,1.96507,1.81391,1.81391,148000
SHS,3/4/2011 00:00:00,1.77612,1.88949,1.75723,1.88949,651800
SHS,3/7/2011 00:00:00,1.75723,1.8706,1.75723,1.79502,242200
SHS,3/8/2011 00:00:00,1.83281,1.88949,1.79502,1.79502,243400
SHS,3/9/2011 00:00:00,1.8706,1.90839,1.75723,1.79502,376900
SHS,3/10/2011 00:00:00,1.8517,2.02176,1.8517,2.00286,288500
SHS,3/11/2011 00:00:00,2.02176,2.07844,2.02176,2.07844,241500
SHS,3/14/2011 00:00:00,2.15402,2.15402,1.94618,1.94618,101400
SHS,3/15/2011 00:00:00,1.88949,1.92728,1.83281,1.83281,142300
SHS,3/16/2011 00:00:00,1.81391,1.8706,1.81391,1.8706,121900
SHS,3/17/2011 00:00:00,1.90839,1.90839,1.81391,1.8706,129300
SHS,3/18/2011 00:00:00,1.8517,1.96507,1.83281,1.90839,304800
SHS,3/21/2011 00:00:00,1.92728,1.96507,1.8706,1.88949,152300
SHS,3/22/2011 00:00:00,1.90839,1.92728,1.81391,1.81391,149500
SHS,3/23/2011 00:00:00,1.8706,1.8706,1.81391,1.8517,81400
SHS,3/24/2011 00:00:00,1.8706,1.90839,1.81391,1.8517,230100
SHS,3/25/2011 00:00:00,1.81391,1.8706,1.77612,1.83281,806600
SHS,3/28/2011 00:00:00,1.8517,1.8706,1.81391,1.81391,122300
SHS,3/29/2011 00:00:00,1.81391,1.8517,1.79502,1.81391,206600
SHS,3/30/2011 00:00:00,1.8517,1.8517,1.75723,1.81391,81300
SHS,3/31/2011 00:00:00,1.83281,1.8517,1.77612,1.79502,57500
SHS,4/1/2011 00:00:00,1.71944,1.81391,1.70054,1.75723,39100
SHS,4/4/2011 00:00:00,1.79502,1.83281,1.73833,1.73833,55300
SHS,4/5/2011 00:00:00,1.79502,1.81391,1.71944,1.73833,93500
SHS,4/6/2011 00:00:00,1.75723,1.79502,1.73833,1.79502,103300
SHS,4/7/2011 00:00:00,1.75723,1.77612,1.73833,1.73833,4200
SHS,4/8/2011 00:00:00,1.77612,1.79502,1.70054,1.71944,128100
SHS,4/13/2011 00:00:00,1.71944,1.75723,1.68165,1.73833,107200
SHS,4/14/2011 00:00:00,1.70054,1.73833,1.66275,1.73833,84700
SHS,4/15/2011 00:00:00,1.71944,1.77612,1.66275,1.68165,83000
SHS,4/18/2011 00:00:00,1.66275,1.71944,1.62496,1.68165,163700
SHS,4/19/2011 00:00:00,1.64386,1.68165,1.64386,1.64386,46000
SHS,4/20/2011 00:00:00,1.68165,1.68165,1.60607,1.68165,26900
SHS,4/21/2011 00:00:00,1.60607,1.64386,1.56828,1.56828,156100
SHS,4/22/2011 00:00:00,1.60607,1.66275,1.51159,1.51159,101100
SHS,4/25/2011 00:00:00,1.56828,1.68165,1.4927,1.60607,219900
SHS,4/26/2011 00:00:00,1.66275,1.68165,1.53049,1.53049,64900
SHS,4/27/2011 00:00:00,1.54938,1.62496,1.54938,1.54938,443900
SHS,4/28/2011 00:00:00,1.60607,1.64386,1.54938,1.62496,86600
SHS,4/29/2011 00:00:00,1.60607,1.62496,1.56828,1.56828,97000
SHS,5/4/2011 00:00:00,1.54938,1.60607,1.54938,1.54938,286500
SHS,5/5/2011 00:00:00,1.54938,1.54938,1.51159,1.51159,46900
SHS,5/6/2011 00:00:00,1.53049,1.56828,1.45491,1.51159,138200
SHS,5/9/2011 00:00:00,1.54938,1.58717,1.51159,1.51159,83300
SHS,5/10/2011 00:00:00,1.54938,1.58717,1.4738,1.4738,129100
SHS,5/11/2011 00:00:00,1.53049,1.54938,1.45491,1.53049,83700
SHS,5/12/2011 00:00:00,1.4738,1.53049,1.45491,1.4927,194800
SHS,5/13/2011 00:00:00,1.4927,1.51159,1.45491,1.45491,108900
SHS,5/16/2011 00:00:00,1.41712,1.53049,1.39822,1.39822,238300
SHS,5/17/2011 00:00:00,1.39822,1.4738,1.37933,1.39822,332400
SHS,5/18/2011 00:00:00,1.4738,1.4927,1.39822,1.43601,284200
SHS,5/19/2011 00:00:00,1.39822,1.4927,1.39822,1.41712,205300
SHS,5/20/2011 00:00:00,1.39822,1.41712,1.36043,1.36043,367900
SHS,5/23/2011 00:00:00,1.39822,1.41712,1.32264,1.37933,254200
SHS,5/24/2011 00:00:00,1.24706,1.32264,1.24706,1.24706,74200
SHS,5/25/2011 00:00:00,1.22817,1.22817,1.22817,1.22817,1500
SHS,5/26/2011 00:00:00,1.15259,1.20928,1.15259,1.20928,696500
SHS,5/27/2011 00:00:00,1.19038,1.19038,1.1148,1.1148,331100
SHS,5/30/2011 00:00:00,1.1148,1.1148,1.07701,1.07701,32700
SHS,5/31/2011 00:00:00,1.02033,1.1148,1.02033,1.02033,451300
SHS,6/1/2011 00:00:00,1.09591,1.17149,1.07701,1.17149,695800
SHS,6/2/2011 00:00:00,1.15259,1.22817,1.15259,1.22817,195200
SHS,6/3/2011 00:00:00,1.22817,1.28485,1.17149,1.20928,105900
SHS,6/6/2011 00:00:00,1.24706,1.28485,1.17149,1.20928,232300
SHS,6/7/2011 00:00:00,1.20928,1.26596,1.17149,1.24706,385200
SHS,6/8/2011 00:00:00,1.28485,1.28485,1.19038,1.20928,747400
SHS,6/9/2011 00:00:00,1.24706,1.26596,1.20928,1.20928,167100
SHS,6/10/2011 00:00:00,1.24706,1.30375,1.24706,1.30375,563400
SHS,6/13/2011 00:00:00,1.32264,1.36043,1.30375,1.34154,189200
SHS,6/14/2011 00:00:00,1.32264,1.37933,1.26596,1.26596,423700
SHS,6/15/2011 00:00:00,1.24706,1.28485,1.24706,1.24706,140300
SHS,6/16/2011 00:00:00,1.24706,1.26596,1.22817,1.24706,88100
SHS,6/17/2011 00:00:00,1.24706,1.24706,1.17149,1.17149,137500
SHS,6/20/2011 00:00:00,1.1337,1.17149,1.1148,1.1148,82300
SHS,6/21/2011 00:00:00,1.15259,1.20928,1.1337,1.17149,210800
SHS,6/22/2011 00:00:00,1.20928,1.20928,1.1337,1.15259,64800
SHS,6/23/2011 00:00:00,1.15259,1.15259,1.1148,1.1337,33600
SHS,6/24/2011 00:00:00,1.09591,1.1337,1.07701,1.1148,142200
SHS,6/27/2011 00:00:00,1.1337,1.17149,1.09591,1.1148,45900
SHS,6/28/2011 00:00:00,1.1148,1.1148,1.09591,1.09591,28700
SHS,6/29/2011 00:00:00,1.1337,1.1337,1.05812,1.1148,117700
SHS,6/30/2011 00:00:00,1.1337,1.15259,1.07701,1.1337,190900
SHS,7/1/2011 00:00:00,1.1148,1.1337,1.05812,1.09591,173500
SHS,7/4/2011 00:00:00,1.1148,1.1148,1.03922,1.1148,290700
SHS,7/5/2011 00:00:00,1.09591,1.1148,1.09591,1.09591,20000
SHS,7/6/2011 00:00:00,1.07701,1.09591,1.05812,1.09591,2600
SHS,7/7/2011 00:00:00,1.07701,1.07701,1.05812,1.05812,62900
SHS,7/8/2011 00:00:00,1.07701,1.09591,1.02033,1.03922,332000
SHS,7/11/2011 00:00:00,1.03922,1.03922,1.02033,1.03922,13900
SHS,7/12/2011 00:00:00,1.05812,1.07701,1.00143,1.03922,139700
SHS,7/13/2011 00:00:00,1.05812,1.09591,1.02033,1.03922,99600
SHS,7/14/2011 00:00:00,1.03922,1.05812,1.03922,1.03922,11100
SHS,7/15/2011 00:00:00,1.00143,1.05812,1.00143,1.03922,65700
SHS,7/18/2011 00:00:00,1.00143,1.03922,0.982536,0.982536,70900
SHS,7/19/2011 00:00:00,0.982536,0.982536,0.982536,0.982536,5500
SHS,7/20/2011 00:00:00,1.00143,1.00143,0.982536,1.00143,60400
SHS,7/21/2011 00:00:00,1.02033,1.02033,0.944746,0.944746,123900
SHS,7/22/2011 00:00:00,0.925851,0.925851,0.906956,0.906956,20000
SHS,7/25/2011 00:00:00,0.850272,0.850272,0.850272,0.850272,63400
SHS,7/26/2011 00:00:00,0.793587,0.812482,0.793587,0.793587,61700
SHS,7/27/2011 00:00:00,0.793587,0.793587,0.755797,0.793587,213800
SHS,7/28/2011 00:00:00,0.812482,0.812482,0.755797,0.793587,104300
SHS,7/29/2011 00:00:00,0.793587,0.793587,0.774692,0.793587,13100
SHS,8/1/2011 00:00:00,0.774692,0.774692,0.736902,0.736902,258500
SHS,8/2/2011 00:00:00,0.718007,0.718007,0.718007,0.718007,203300
SHS,8/3/2011 00:00:00,0.680217,0.755797,0.680217,0.755797,492800
SHS,8/4/2011 00:00:00,0.736902,0.755797,0.718007,0.755797,278200
SHS,8/5/2011 00:00:00,0.755797,0.755797,0.718007,0.755797,255900
SHS,8/8/2011 00:00:00,0.736902,0.736902,0.699112,0.699112,108500
SHS,8/9/2011 00:00:00,0.699112,0.699112,0.661322,0.661322,170400
SHS,8/10/2011 00:00:00,0.680217,0.699112,0.661322,0.680217,135900
SHS,8/11/2011 00:00:00,0.661322,0.661322,0.642427,0.642427,273500
SHS,8/12/2011 00:00:00,0.623532,0.642427,0.604638,0.604638,268600
SHS,8/15/2011 00:00:00,0.623532,0.623532,0.604638,0.604638,59500
SHS,8/16/2011 00:00:00,0.604638,0.642427,0.604638,0.623532,172600
SHS,8/17/2011 00:00:00,0.642427,0.661322,0.642427,0.661322,102400
SHS,8/18/2011 00:00:00,0.680217,0.699112,0.680217,0.699112,169300
SHS,8/19/2011 00:00:00,0.718007,0.718007,0.661322,0.680217,155200
SHS,8/22/2011 00:00:00,0.699112,0.718007,0.699112,0.718007,77000
SHS,8/23/2011 00:00:00,0.755797,0.755797,0.736902,0.755797,559100
SHS,8/24/2011 00:00:00,0.793587,0.793587,0.774692,0.793587,299400
SHS,8/25/2011 00:00:00,0.831377,0.831377,0.793587,0.831377,273900
SHS,8/26/2011 00:00:00,0.869166,0.869166,0.850272,0.869166,126100
SHS,8/29/2011 00:00:00,0.925851,0.925851,0.906956,0.925851,1.2259e+006
SHS,8/30/2011 00:00:00,0.982536,0.982536,0.944746,0.982536,307600
SHS,8/31/2011 00:00:00,1.03922,1.03922,1.00143,1.03922,97700
SHS,9/1/2011 00:00:00,1.09591,1.09591,1.09591,1.09591,26900
SHS,9/5/2011 00:00:00,1.15259,1.17149,1.1148,1.15259,918200
SHS,9/6/2011 00:00:00,1.22817,1.22817,1.09591,1.09591,587400
SHS,9/7/2011 00:00:00,1.09591,1.17149,1.05812,1.17149,1.0277e+006
SHS,9/8/2011 00:00:00,1.22817,1.22817,1.19038,1.22817,425000
SHS,9/9/2011 00:00:00,1.28485,1.30375,1.15259,1.30375,629300
SHS,9/12/2011 00:00:00,1.28485,1.36043,1.26596,1.36043,578800
SHS,9/13/2011 00:00:00,1.36043,1.41712,1.36043,1.41712,591500
SHS,9/14/2011 00:00:00,1.4738,1.4738,1.32264,1.32264,592900
SHS,9/15/2011 00:00:00,1.28485,1.32264,1.28485,1.28485,492800
SHS,9/16/2011 00:00:00,1.28485,1.28485,1.20928,1.20928,307500
SHS,9/19/2011 00:00:00,1.1337,1.20928,1.1337,1.17149,488400
SHS,9/20/2011 00:00:00,1.1337,1.22817,1.1148,1.1148,349200
SHS,9/21/2011 00:00:00,1.15259,1.17149,1.07701,1.07701,469200
SHS,9/22/2011 00:00:00,1.1337,1.17149,1.09591,1.17149,424300
SHS,9/23/2011 00:00:00,1.22817,1.24706,1.19038,1.24706,566900
SHS,9/26/2011 00:00:00,1.26596,1.32264,1.26596,1.30375,661900
SHS,9/27/2011 00:00:00,1.30375,1.30375,1.22817,1.22817,591300
SHS,9/28/2011 00:00:00,1.20928,1.26596,1.15259,1.15259,849300
SHS,9/29/2011 00:00:00,1.1337,1.17149,1.09591,1.09591,613600
SHS,9/30/2011 00:00:00,1.07701,1.1148,1.03922,1.03922,488700
SHS,10/3/2011 00:00:00,1.03922,1.07701,1.00143,1.00143,345900
SHS,10/4/2011 00:00:00,0.982536,1.05812,0.982536,1.05812,345000
SHS,10/5/2011 00:00:00,1.05812,1.07701,1.05812,1.05812,613000
SHS,10/6/2011 00:00:00,1.1148,1.1337,1.07701,1.1337,315500
SHS,10/7/2011 00:00:00,1.20928,1.20928,1.07701,1.09591,212400
SHS,10/10/2011 00:00:00,1.05812,1.09591,1.03922,1.03922,405500
SHS,10/11/2011 00:00:00,1.03922,1.07701,1.02033,1.03922,229000
SHS,10/12/2011 00:00:00,1.00143,1.00143,0.982536,0.982536,411300
SHS,10/13/2011 00:00:00,0.963641,0.982536,0.925851,0.944746,448200
SHS,10/14/2011 00:00:00,0.963641,0.982536,0.944746,0.944746,84100
SHS,10/17/2011 00:00:00,0.963641,0.963641,0.906956,0.925851,167700
SHS,10/18/2011 00:00:00,0.888061,0.906956,0.869166,0.869166,261600
SHS,10/19/2011 00:00:00,0.869166,0.906956,0.869166,0.888061,106100
SHS,10/20/2011 00:00:00,0.925851,0.925851,0.869166,0.888061,104100
SHS,10/21/2011 00:00:00,0.906956,0.944746,0.888061,0.944746,699500
SHS,10/24/2011 00:00:00,1.00143,1.00143,0.944746,0.944746,814900
SHS,10/25/2011 00:00:00,0.944746,0.963641,0.925851,0.925851,208800
SHS,10/26/2011 00:00:00,0.925851,0.944746,0.888061,0.925851,234900
SHS,10/27/2011 00:00:00,0.944746,0.944746,0.888061,0.888061,352800
SHS,10/28/2011 00:00:00,0.906956,0.944746,0.906956,0.944746,999700
SHS,10/31/2011 00:00:00,1.00143,1.00143,0.963641,1.00143,1.4848e+006
SHS,11/1/2011 00:00:00,1.00143,1.00143,0.944746,0.944746,448100
SHS,11/2/2011 00:00:00,0.925851,0.925851,0.906956,0.906956,484100
SHS,11/3/2011 00:00:00,0.869166,0.906956,0.869166,0.869166,471800
SHS,11/4/2011 00:00:00,0.906956,0.906956,0.831377,0.869166,427100
SHS,11/7/2011 00:00:00,0.869166,0.869166,0.793587,0.831377,303000
SHS,11/8/2011 00:00:00,0.793587,0.850272,0.793587,0.831377,657200
SHS,11/9/2011 00:00:00,0.831377,0.831377,0.774692,0.774692,449000
SHS,11/10/2011 00:00:00,0.793587,0.793587,0.755797,0.755797,648900
SHS,11/11/2011 00:00:00,0.755797,0.774692,0.736902,0.755797,246800
SHS,11/14/2011 00:00:00,0.755797,0.755797,0.718007,0.736902,382100
SHS,11/15/2011 00:00:00,0.718007,0.774692,0.718007,0.755797,905000
SHS,11/16/2011 00:00:00,0.736902,0.774692,0.736902,0.774692,652300
SHS,11/17/2011 00:00:00,0.774692,0.793587,0.736902,0.736902,606400
SHS,11/18/2011 00:00:00,0.736902,0.755797,0.718007,0.736902,756700
SHS,11/21/2011 00:00:00,0.718007,0.736902,0.699112,0.718007,203000
SHS,11/22/2011 00:00:00,0.718007,0.718007,0.680217,0.699112,759600
SHS,11/23/2011 00:00:00,0.736902,0.736902,0.736902,0.736902,97900
SHS,11/24/2011 00:00:00,0.755797,0.774692,0.736902,0.736902,743300
SHS,11/25/2011 00:00:00,0.736902,0.736902,0.718007,0.718007,317400
SHS,11/28/2011 00:00:00,0.736902,0.755797,0.718007,0.755797,320700
SHS,11/29/2011 00:00:00,0.774692,0.793587,0.736902,0.736902,397200
SHS,11/30/2011 00:00:00,0.736902,0.736902,0.718007,0.718007,265700
SHS,12/1/2011 00:00:00,0.736902,0.755797,0.718007,0.755797,742100
SHS,12/2/2011 00:00:00,0.755797,0.793587,0.755797,0.793587,623600
SHS,12/5/2011 00:00:00,0.812482,0.812482,0.793587,0.812482,157800
SHS,12/6/2011 00:00:00,0.869166,0.869166,0.831377,0.850272,1.0314e+006
SHS,12/7/2011 00:00:00,0.831377,0.869166,0.812482,0.812482,789500
SHS,12/8/2011 00:00:00,0.812482,0.850272,0.793587,0.812482,503100
SHS,12/9/2011 00:00:00,0.812482,0.831377,0.774692,0.774692,406400
SHS,12/12/2011 00:00:00,0.774692,0.774692,0.736902,0.755797,526400
SHS,12/13/2011 00:00:00,0.736902,0.774692,0.718007,0.736902,393000
SHS,12/14/2011 00:00:00,0.736902,0.736902,0.699112,0.718007,1.2123e+006
SHS,12/15/2011 00:00:00,0.699112,0.699112,0.680217,0.699112,663500
SHS,12/16/2011 00:00:00,0.699112,0.718007,0.680217,0.718007,219200
SHS,12/19/2011 00:00:00,0.736902,0.736902,0.699112,0.718007,271900
SHS,12/20/2011 00:00:00,0.680217,0.699112,0.680217,0.680217,287600
SHS,12/21/2011 00:00:00,0.680217,0.699112,0.642427,0.680217,537500
SHS,12/22/2011 00:00:00,0.661322,0.661322,0.642427,0.642427,845100
SHS,12/23/2011 00:00:00,0.642427,0.642427,0.604638,0.623532,1.1672e+006
SHS,12/26/2011 00:00:00,0.604638,0.623532,0.566848,0.566848,573200
SHS,12/27/2011 00:00:00,0.585743,0.585743,0.529058,0.529058,1.1275e+006
SHS,12/28/2011 00:00:00,0.529058,0.547953,0.510163,0.547953,367500
SHS,12/29/2011 00:00:00,0.585743,0.585743,0.547953,0.566848,441400
SHS,12/30/2011 00:00:00,0.566848,0.604638,0.566848,0.604638,606400
SHS,1/3/2012 00:00:00,0.623532,0.642427,0.585743,0.604638,516900
SHS,1/4/2012 00:00:00,0.585743,0.604638,0.566848,0.566848,458000
SHS,1/5/2012 00:00:00,0.566848,0.585743,0.547953,0.547953,367200
SHS,1/6/2012 00:00:00,0.547953,0.547953,0.510163,0.529058,409800
SHS,1/9/2012 00:00:00,0.529058,0.547953,0.529058,0.547953,397300
SHS,1/10/2012 00:00:00,0.566848,0.585743,0.566848,0.585743,316300
SHS,1/11/2012 00:00:00,0.623532,0.623532,0.585743,0.585743,450100
SHS,1/12/2012 00:00:00,0.566848,0.585743,0.566848,0.566848,214500
SHS,1/13/2012 00:00:00,0.547953,0.604638,0.547953,0.585743,457900
SHS,1/16/2012 00:00:00,0.566848,0.604638,0.566848,0.604638,450500
SHS,1/17/2012 00:00:00,0.604638,0.604638,0.566848,0.566848,194900
SHS,1/18/2012 00:00:00,0.566848,0.604638,0.566848,0.604638,135900
SHS,1/19/2012 00:00:00,0.585743,0.623532,0.585743,0.623532,624000
SHS,1/20/2012 00:00:00,0.623532,0.642427,0.585743,0.585743,1.0456e+006
SHS,1/30/2012 00:00:00,0.623532,0.623532,0.585743,0.604638,210600
SHS,1/31/2012 00:00:00,0.604638,0.642427,0.604638,0.623532,567100
SHS,2/1/2012 00:00:00,0.623532,0.623532,0.604638,0.604638,433300
SHS,2/2/2012 00:00:00,0.604638,0.642427,0.604638,0.642427,517000
SHS,2/3/2012 00:00:00,0.680217,0.680217,0.623532,0.642427,879700
SHS,2/6/2012 00:00:00,0.623532,0.642427,0.623532,0.623532,475900
SHS,2/7/2012 00:00:00,0.623532,0.661322,0.623532,0.642427,999300
SHS,2/8/2012 00:00:00,0.661322,0.680217,0.642427,0.680217,643600
SHS,2/9/2012 00:00:00,0.680217,0.699112,0.642427,0.680217,1.3597e+006
SHS,2/10/2012 00:00:00,0.680217,0.680217,0.661322,0.661322,514000
SHS,2/13/2012 00:00:00,0.642427,0.642427,0.623532,0.623532,425000
SHS,2/14/2012 00:00:00,0.623532,0.642427,0.623532,0.642427,465800
SHS,2/15/2012 00:00:00,0.642427,0.661322,0.604638,0.604638,465700
SHS,2/16/2012 00:00:00,0.585743,0.623532,0.585743,0.604638,277800
SHS,2/17/2012 00:00:00,0.604638,0.623532,0.604638,0.623532,173300
SHS,2/20/2012 00:00:00,0.661322,0.661322,0.642427,0.661322,850100
SHS,2/21/2012 00:00:00,0.699112,0.699112,0.661322,0.680217,1.7685e+006
SHS,2/22/2012 00:00:00,0.680217,0.736902,0.661322,0.718007,845000
SHS,2/23/2012 00:00:00,0.699112,0.736902,0.699112,0.736902,924300
SHS,2/24/2012 00:00:00,0.755797,0.774692,0.755797,0.755797,1.4306e+006
SHS,2/27/2012 00:00:00,0.755797,0.812482,0.755797,0.812482,1.3089e+006
SHS,2/28/2012 00:00:00,0.812482,0.869166,0.793587,0.793587,2.6187e+006
SHS,2/29/2012 00:00:00,0.869166,0.906956,0.793587,0.906956,2.0026e+006
SHS,3/1/2012 00:00:00,0.925851,0.925851,0.888061,0.925851,1.6806e+006
SHS,3/2/2012 00:00:00,0.982536,0.982536,0.963641,0.982536,1.2945e+006
SHS,3/5/2012 00:00:00,1.03922,1.03922,1.03922,1.03922,103300
SHS,3/6/2012 00:00:00,1.09591,1.09591,0.982536,1.07701,4.2393e+006
SHS,3/7/2012 00:00:00,1.1337,1.1337,1.02033,1.1148,3.024e+006
SHS,3/8/2012 00:00:00,1.00143,1.1148,1.00143,1.07701,2.6646e+006
SHS,3/9/2012 00:00:00,1.05812,1.1337,1.02033,1.03922,851700
SHS,3/12/2012 00:00:00,1.03922,1.03922,1.00143,1.00143,1.0774e+006
SHS,3/13/2012 00:00:00,0.963641,1.03922,0.944746,1.02033,1.2998e+006
SHS,3/14/2012 00:00:00,0.982536,1.03922,0.944746,0.944746,1.6498e+006
SHS,3/15/2012 00:00:00,0.925851,1.02033,0.906956,1.02033,1.9532e+006
SHS,3/16/2012 00:00:00,1.03922,1.03922,1.03922,1.03922,1.2174e+006
SHS,3/19/2012 00:00:00,1.03922,1.09591,1.00143,1.09591,3.8079e+006
SHS,3/20/2012 00:00:00,1.09591,1.1337,1.07701,1.1337,1.6392e+006
SHS,3/21/2012 00:00:00,1.19038,1.19038,1.17149,1.19038,596500
SHS,3/22/2012 00:00:00,1.26596,1.26596,1.20928,1.26596,2.876e+006
SHS,3/23/2012 00:00:00,1.30375,1.30375,1.19038,1.26596,3.1254e+006
SHS,3/26/2012 00:00:00,1.26596,1.32264,1.20928,1.28485,3.1223e+006
SHS,3/27/2012 00:00:00,1.26596,1.28485,1.20928,1.20928,1.483e+006
SHS,3/28/2012 00:00:00,1.1337,1.22817,1.1337,1.19038,2.1642e+006
SHS,3/29/2012 00:00:00,1.17149,1.22817,1.1148,1.1148,1.7055e+006
SHS,3/30/2012 00:00:00,1.1148,1.1148,1.03922,1.03922,2.5121e+006
SHS,4/3/2012 00:00:00,1.03922,1.09591,1.02033,1.09591,1.2129e+006
SHS,4/4/2012 00:00:00,1.15259,1.17149,1.1337,1.17149,3.2901e+006
SHS,4/5/2012 00:00:00,1.15259,1.22817,1.1148,1.22817,2.6376e+006
SHS,4/6/2012 00:00:00,1.28485,1.30375,1.22817,1.26596,2.639e+006
SHS,4/9/2012 00:00:00,1.28485,1.34154,1.24706,1.34154,2.4872e+006
SHS,4/10/2012 00:00:00,1.37933,1.41712,1.30375,1.34154,3.9232e+006
SHS,4/11/2012 00:00:00,1.37933,1.41712,1.30375,1.34154,2.1201e+006
SHS,4/12/2012 00:00:00,1.36043,1.37933,1.30375,1.32264,2.499e+006
SHS,4/13/2012 00:00:00,1.30375,1.39822,1.28485,1.39822,5.4587e+006
SHS,4/16/2012 00:00:00,1.4738,1.4927,1.41712,1.4927,1.755e+006
SHS,4/17/2012 00:00:00,1.56828,1.58717,1.51159,1.53049,3.4189e+006
SHS,4/18/2012 00:00:00,1.53049,1.56828,1.4738,1.51159,2.7947e+006
SHS,4/19/2012 00:00:00,1.4927,1.4927,1.39822,1.39822,2.714e+006
SHS,4/20/2012 00:00:00,1.34154,1.45491,1.34154,1.39822,2.8326e+006
SHS,4/23/2012 00:00:00,1.39822,1.4738,1.39822,1.43601,1.7371e+006
SHS,4/24/2012 00:00:00,1.41712,1.51159,1.39822,1.4927,1.5667e+006
SHS,4/25/2012 00:00:00,1.4738,1.54938,1.4738,1.51159,1.6166e+006
SHS,4/26/2012 00:00:00,1.53049,1.53049,1.43601,1.43601,1.8243e+006
SHS,4/27/2012 00:00:00,1.41712,1.4738,1.41712,1.45491,1.1615e+006
SHS,5/2/2012 00:00:00,1.45491,1.4738,1.37933,1.37933,1.5266e+006
SHS,5/3/2012 00:00:00,1.36043,1.4738,1.36043,1.4738,2.351e+006
SHS,5/4/2012 00:00:00,1.56828,1.56828,1.51159,1.56828,2.684e+006
SHS,5/7/2012 00:00:00,1.64386,1.66275,1.64386,1.66275,880300
SHS,5/8/2012 00:00:00,1.75723,1.77612,1.62496,1.64386,4.2845e+006
SHS,5/9/2012 00:00:00,1.62496,1.73833,1.60607,1.68165,2.0447e+006
SHS,5/10/2012 00:00:00,1.71944,1.73833,1.60607,1.64386,2.0799e+006
SHS,5/11/2012 00:00:00,1.62496,1.71944,1.62496,1.70054,2.4064e+006
SHS,5/14/2012 00:00:00,1.70054,1.70054,1.56828,1.56828,2.1064e+006
SHS,5/15/2012 00:00:00,1.56828,1.60607,1.4927,1.53049,1.8022e+006
SHS,5/16/2012 00:00:00,1.4927,1.56828,1.4738,1.56828,2.0123e+006
SHS,5/17/2012 00:00:00,1.58717,1.58717,1.4738,1.4738,804400
SHS,5/18/2012 00:00:00,1.43601,1.4738,1.37933,1.37933,2.1434e+006
SHS,5/21/2012 00:00:00,1.45491,1.4738,1.41712,1.4738,942900
SHS,5/22/2012 00:00:00,1.56828,1.56828,1.4927,1.56828,1.981e+006
SHS,5/23/2012 00:00:00,1.58717,1.58717,1.4738,1.4738,1.1059e+006
SHS,5/24/2012 00:00:00,1.4738,1.53049,1.39822,1.53049,1.7011e+006
SHS,5/25/2012 00:00:00,1.53049,1.58717,1.53049,1.58717,1.9245e+006
SHS,5/28/2012 00:00:00,1.66275,1.68165,1.54938,1.56828,2.0419e+006
SHS,5/29/2012 00:00:00,1.58717,1.62496,1.53049,1.56828,1.3374e+006
SHS,5/30/2012 00:00:00,1.56828,1.60607,1.54938,1.54938,1.124e+006
SHS,5/31/2012 00:00:00,1.56828,1.56828,1.4927,1.51159,1.7003e+006
SHS,6/1/2012 00:00:00,1.53049,1.54938,1.4738,1.51159,1.0946e+006
SHS,6/4/2012 00:00:00,1.51159,1.53049,1.43601,1.45491,1.4778e+006
SHS,6/5/2012 00:00:00,1.45491,1.54938,1.43601,1.51159,1.5122e+006
SHS,6/6/2012 00:00:00,1.51159,1.54938,1.4738,1.4927,2.1024e+006
SHS,6/7/2012 00:00:00,1.53049,1.58717,1.4927,1.53049,2.6951e+006
SHS,6/8/2012 00:00:00,1.56828,1.58717,1.4738,1.4927,2.0914e+006
SHS,6/11/2012 00:00:00,1.4927,1.54938,1.4738,1.51159,1.24e+006
SHS,6/12/2012 00:00:00,1.51159,1.51159,1.45491,1.45491,1.0651e+006
SHS,6/13/2012 00:00:00,1.4738,1.4927,1.45491,1.4738,475600
SHS,6/14/2012 00:00:00,1.4738,1.4738,1.43601,1.45491,893600
SHS,6/15/2012 00:00:00,1.45491,1.4927,1.45491,1.4738,755800
SHS,6/18/2012 00:00:00,1.4927,1.54938,1.4738,1.4738,1.3283e+006
SHS,6/19/2012 00:00:00,1.4927,1.4927,1.45491,1.45491,599400
SHS,6/20/2012 00:00:00,1.4738,1.4738,1.43601,1.45491,550600
SHS,6/21/2012 00:00:00,1.4738,1.4738,1.41712,1.41712,422400
SHS,6/22/2012 00:00:00,1.43601,1.43601,1.36043,1.37933,1.4981e+006
SHS,6/25/2012 00:00:00,1.37933,1.37933,1.28485,1.28485,1.6135e+006
SHS,6/26/2012 00:00:00,1.24706,1.26596,1.20928,1.20928,1.2006e+006
SHS,6/27/2012 00:00:00,1.19038,1.24706,1.1337,1.1337,1.6805e+006
SHS,6/28/2012 00:00:00,1.19038,1.20928,1.07701,1.20928,1.26e+006
SHS,6/29/2012 00:00:00,1.22817,1.22817,1.15259,1.17149,760000
SHS,7/2/2012 00:00:00,1.17149,1.19038,1.09591,1.1148,748600
SHS,7/3/2012 00:00:00,1.1337,1.15259,1.03922,1.1148,1.2148e+006
SHS,7/4/2012 00:00:00,1.1148,1.1337,1.05812,1.05812,687800
SHS,7/5/2012 00:00:00,1.07701,1.1337,1.07701,1.1337,1.3844e+006
SHS,7/6/2012 00:00:00,1.17149,1.20928,1.1337,1.15259,1.2807e+006
SHS,7/9/2012 00:00:00,1.15259,1.15259,1.07701,1.07701,594800
SHS,7/10/2012 00:00:00,1.07701,1.1337,1.05812,1.09591,845300
SHS,7/11/2012 00:00:00,1.09591,1.17149,1.09591,1.15259,1.2356e+006
SHS,7/12/2012 00:00:00,1.17149,1.22817,1.17149,1.22817,1.7629e+006
SHS,7/13/2012 00:00:00,1.26596,1.30375,1.22817,1.28485,2.5427e+006
SHS,7/16/2012 00:00:00,1.26596,1.32264,1.22817,1.24706,1.1928e+006
SHS,7/17/2012 00:00:00,1.24706,1.32264,1.24706,1.32264,2.0325e+006
SHS,7/18/2012 00:00:00,1.30375,1.32264,1.24706,1.28485,1.5647e+006
SHS,7/19/2012 00:00:00,1.26596,1.34154,1.24706,1.34154,2.0468e+006
SHS,7/20/2012 00:00:00,1.32264,1.39822,1.30375,1.32264,1.5514e+006
SHS,7/23/2012 00:00:00,1.30375,1.30375,1.24706,1.24706,1.8676e+006
SHS,7/24/2012 00:00:00,1.22817,1.22817,1.17149,1.17149,1.1784e+006
SHS,7/25/2012 00:00:00,1.15259,1.20928,1.15259,1.20928,1.369e+006
SHS,7/26/2012 00:00:00,1.20928,1.26596,1.20928,1.24706,971500
SHS,7/27/2012 00:00:00,1.26596,1.26596,1.19038,1.20928,1.2202e+006
SHS,7/30/2012 00:00:00,1.19038,1.20928,1.17149,1.19038,463600
SHS,7/31/2012 00:00:00,1.20928,1.22817,1.19038,1.19038,387200
SHS,8/1/2012 00:00:00,1.19038,1.22817,1.17149,1.20928,1.1141e+006
SHS,8/2/2012 00:00:00,1.22817,1.24706,1.20928,1.22817,1.0009e+006
SHS,8/3/2012 00:00:00,1.20928,1.26596,1.20928,1.26596,1.2335e+006
SHS,8/6/2012 00:00:00,1.28485,1.32264,1.26596,1.32264,1.7004e+006
SHS,8/7/2012 00:00:00,1.37933,1.37933,1.28485,1.28485,798400
SHS,8/8/2012 00:00:00,1.28485,1.36043,1.28485,1.36043,2.3631e+006
SHS,8/9/2012 00:00:00,1.37933,1.41712,1.32264,1.32264,2.488e+006
SHS,8/10/2012 00:00:00,1.32264,1.34154,1.28485,1.34154,1.2893e+006
SHS,8/13/2012 00:00:00,1.32264,1.34154,1.30375,1.30375,834000
SHS,8/14/2012 00:00:00,1.30375,1.36043,1.30375,1.32264,1.0446e+006
SHS,8/15/2012 00:00:00,1.32264,1.32264,1.28485,1.32264,1.2162e+006
SHS,8/17/2012 00:00:00,1.28485,1.30375,1.26596,1.28485,973800
SHS,8/20/2012 00:00:00,1.32264,1.34154,1.30375,1.30375,1.7885e+006
SHS,8/21/2012 00:00:00,1.30375,1.30375,1.22817,1.22817,2.0424e+006
SHS,8/22/2012 00:00:00,1.15259,1.20928,1.15259,1.15259,3.6741e+006
SHS,8/23/2012 00:00:00,1.1148,1.1337,1.07701,1.07701,759300
SHS,8/24/2012 00:00:00,1.03922,1.1337,1.02033,1.1148,4.3003e+006
SHS,8/27/2012 00:00:00,1.09591,1.09591,1.02033,1.02033,1.0421e+006
SHS,8/28/2012 00:00:00,0.963641,1.05812,0.963641,1.03922,1.1983e+006
SHS,8/29/2012 00:00:00,1.05812,1.09591,1.05812,1.09591,2.0591e+006
SHS,8/30/2012 00:00:00,1.09591,1.15259,1.09591,1.1337,1.5777e+006
SHS,8/31/2012 00:00:00,1.1148,1.1337,1.07701,1.09591,1.4246e+006
SHS,9/4/2012 00:00:00,1.1148,1.1337,1.09591,1.1148,930800
SHS,9/5/2012 00:00:00,1.1148,1.1148,1.05812,1.07701,1.4985e+006
SHS,9/6/2012 00:00:00,1.05812,1.09591,1.03922,1.05812,888900
SHS,9/7/2012 00:00:00,1.05812,1.09591,1.02033,1.07701,1.3727e+006
SHS,9/10/2012 00:00:00,1.07701,1.07701,1.02033,1.02033,1.7483e+006
SHS,9/11/2012 00:00:00,0.982536,1.02033,0.982536,1.00143,1.1442e+006
SHS,9/12/2012 00:00:00,1.00143,1.03922,0.982536,0.982536,809200
SHS,9/13/2012 00:00:00,0.982536,1.03922,0.963641,1.03922,1.2729e+006
SHS,9/14/2012 00:00:00,1.05812,1.07701,1.03922,1.07701,1.4394e+006
SHS,9/17/2012 00:00:00,1.07701,1.07701,1.02033,1.03922,746900
SHS,9/18/2012 00:00:00,1.02033,1.03922,0.963641,0.963641,1.7489e+006
SHS,9/19/2012 00:00:00,0.944746,1.00143,0.925851,1.00143,982500
SHS,9/20/2012 00:00:00,0.963641,1.00143,0.944746,0.982536,718800
SHS,9/21/2012 00:00:00,0.963641,1.00143,0.963641,0.982536,548500
SHS,9/24/2012 00:00:00,0.982536,0.982536,0.944746,0.944746,621700
SHS,9/25/2012 00:00:00,0.925851,0.963641,0.925851,0.963641,593100
SHS,9/26/2012 00:00:00,0.944746,0.982536,0.944746,0.963641,423000
SHS,9/27/2012 00:00:00,0.944746,0.963641,0.925851,0.925851,572900
SHS,9/28/2012 00:00:00,0.906956,0.925851,0.888061,0.906956,804800
SHS,10/1/2012 00:00:00,0.906956,0.906956,0.850272,0.850272,618200
SHS,10/2/2012 00:00:00,0.831377,0.850272,0.793587,0.793587,1.7909e+006
SHS,10/3/2012 00:00:00,0.812482,0.831377,0.774692,0.831377,1.1246e+006
SHS,10/4/2012 00:00:00,0.812482,0.831377,0.793587,0.812482,385000
SHS,10/5/2012 00:00:00,0.793587,0.831377,0.793587,0.812482,655700
SHS,10/8/2012 00:00:00,0.831377,0.869166,0.812482,0.869166,1.2988e+006
SHS,10/9/2012 00:00:00,0.888061,0.906956,0.869166,0.888061,1.452e+006
SHS,10/10/2012 00:00:00,0.869166,0.906956,0.850272,0.888061,1.4213e+006
SHS,10/11/2012 00:00:00,0.888061,0.944746,0.888061,0.906956,1.6176e+006
SHS,10/12/2012 00:00:00,0.888061,0.906956,0.869166,0.888061,1.1121e+006
SHS,10/15/2012 00:00:00,0.888061,0.888061,0.850272,0.869166,1.0131e+006
SHS,10/16/2012 00:00:00,0.869166,0.925851,0.869166,0.925851,1.6708e+006
SHS,10/17/2012 00:00:00,0.925851,0.925851,0.869166,0.869166,2.4297e+006
SHS,10/18/2012 00:00:00,0.831377,0.888061,0.831377,0.850272,1.2387e+006
SHS,10/19/2012 00:00:00,0.850272,0.850272,0.793587,0.793587,2.1886e+006
SHS,10/22/2012 00:00:00,0.793587,0.812482,0.755797,0.793587,594200
SHS,10/23/2012 00:00:00,0.774692,0.812482,0.774692,0.812482,726600
SHS,10/24/2012 00:00:00,0.793587,0.812482,0.774692,0.774692,512300
SHS,10/25/2012 00:00:00,0.774692,0.793587,0.755797,0.774692,492300
SHS,10/26/2012 00:00:00,0.774692,0.793587,0.755797,0.774692,652700
SHS,10/29/2012 00:00:00,0.774692,0.793587,0.736902,0.736902,901600
SHS,10/30/2012 00:00:00,0.755797,0.774692,0.736902,0.755797,399500
SHS,10/31/2012 00:00:00,0.755797,0.774692,0.736902,0.755797,698600
SHS,11/1/2012 00:00:00,0.755797,0.793587,0.755797,0.774692,419300
SHS,11/2/2012 00:00:00,0.755797,0.774692,0.736902,0.736902,628800
SHS,11/5/2012 00:00:00,0.699112,0.736902,0.699112,0.699112,1.1358e+006
SHS,11/6/2012 00:00:00,0.680217,0.699112,0.661322,0.699112,373100
SHS,11/7/2012 00:00:00,0.699112,0.718007,0.680217,0.718007,694000
SHS,11/8/2012 00:00:00,0.718007,0.718007,0.680217,0.718007,452700
SHS,11/9/2012 00:00:00,0.699112,0.736902,0.699112,0.736902,690600
SHS,11/12/2012 00:00:00,0.755797,0.774692,0.736902,0.774692,1.6509e+006
SHS,11/13/2012 00:00:00,0.774692,0.812482,0.774692,0.774692,1.3047e+006
SHS,11/14/2012 00:00:00,0.774692,0.812482,0.774692,0.793587,946600
SHS,11/15/2012 00:00:00,0.774692,0.793587,0.736902,0.755797,1.3992e+006
SHS,11/16/2012 00:00:00,0.755797,0.793587,0.755797,0.793587,784600
SHS,11/19/2012 00:00:00,0.774692,0.793587,0.755797,0.774692,409300
SHS,11/20/2012 00:00:00,0.774692,0.793587,0.774692,0.793587,499600
SHS,11/21/2012 00:00:00,0.774692,0.793587,0.755797,0.774692,393000
SHS,11/22/2012 00:00:00,0.774692,0.793587,0.755797,0.793587,339700
SHS,11/23/2012 00:00:00,0.774692,0.774692,0.755797,0.774692,294600
SHS,11/26/2012 00:00:00,0.755797,0.755797,0.736902,0.736902,288100
SHS,11/27/2012 00:00:00,0.736902,0.736902,0.718007,0.736902,283600
SHS,11/28/2012 00:00:00,0.718007,0.755797,0.718007,0.736902,114400
SHS,11/29/2012 00:00:00,0.755797,0.755797,0.718007,0.736902,251200
SHS,11/30/2012 00:00:00,0.736902,0.736902,0.718007,0.736902,258600
SHS,12/3/2012 00:00:00,0.736902,0.736902,0.718007,0.718007,294300
SHS,12/4/2012 00:00:00,0.736902,0.755797,0.736902,0.755797,914800
SHS,12/5/2012 00:00:00,0.774692,0.793587,0.774692,0.793587,1.1126e+006
SHS,12/6/2012 00:00:00,0.793587,0.812482,0.774692,0.812482,663900
SHS,12/7/2012 00:00:00,0.793587,0.831377,0.793587,0.812482,736200
SHS,12/10/2012 00:00:00,0.812482,0.831377,0.812482,0.831377,994500
SHS,12/11/2012 00:00:00,0.831377,0.869166,0.812482,0.831377,1.2098e+006
SHS,12/12/2012 00:00:00,0.831377,0.888061,0.831377,0.888061,1.213e+006
SHS,12/13/2012 00:00:00,0.888061,0.925851,0.869166,0.906956,2.0563e+006
SHS,12/14/2012 00:00:00,0.888061,0.906956,0.850272,0.850272,606200
SHS,12/17/2012 00:00:00,0.869166,0.906956,0.831377,0.888061,1.7326e+006
SHS,12/18/2012 00:00:00,0.888061,0.888061,0.850272,0.869166,1.3633e+006
SHS,12/19/2012 00:00:00,0.869166,0.906956,0.869166,0.888061,2.0673e+006
SHS,12/20/2012 00:00:00,0.888061,0.906956,0.831377,0.850272,2.1776e+006
SHS,12/21/2012 00:00:00,0.850272,0.869166,0.812482,0.850272,951300
SHS,12/24/2012 00:00:00,0.850272,0.888061,0.850272,0.888061,2.937e+006
SHS,12/25/2012 00:00:00,0.888061,0.906956,0.869166,0.888061,1.114e+006
SHS,12/26/2012 00:00:00,0.869166,0.944746,0.869166,0.944746,3.9587e+006
SHS,12/27/2012 00:00:00,0.944746,0.982536,0.925851,0.925851,2.9566e+006
SHS,12/28/2012 00:00:00,0.925851,0.982536,0.906956,0.963641,1.9473e+006
SHS,1/2/2013 00:00:00,0.963641,1.02033,0.963641,1.02033,2.5399e+006
SHS,1/3/2013 00:00:00,1.03922,1.03922,0.963641,0.982536,3.1281e+006
SHS,1/4/2013 00:00:00,0.963641,1.03922,0.944746,1.03922,3.4167e+006
SHS,1/7/2013 00:00:00,1.09591,1.09591,1.03922,1.03922,2.5756e+006
SHS,1/8/2013 00:00:00,1.02033,1.09591,1.00143,1.09591,2.5316e+006
SHS,1/9/2013 00:00:00,1.17149,1.17149,1.02033,1.03922,3.7396e+006
SHS,1/10/2013 00:00:00,1.03922,1.09591,1.02033,1.09591,2.1981e+006
SHS,1/11/2013 00:00:00,1.15259,1.17149,1.09591,1.09591,3.7363e+006
SHS,1/14/2013 00:00:00,1.09591,1.15259,1.05812,1.1337,2.6893e+006
SHS,1/15/2013 00:00:00,1.1337,1.24706,1.1148,1.22817,3.2446e+006
SHS,1/16/2013 00:00:00,1.24706,1.26596,1.15259,1.17149,2.9226e+006
SHS,1/17/2013 00:00:00,1.17149,1.19038,1.1148,1.1337,2.3972e+006
SHS,1/18/2013 00:00:00,1.09591,1.17149,1.09591,1.1337,1.9607e+006
SHS,1/21/2013 00:00:00,1.17149,1.22817,1.15259,1.17149,3.5614e+006
SHS,1/22/2013 00:00:00,1.19038,1.19038,1.09591,1.1148,1.8223e+006
SHS,1/23/2013 00:00:00,1.1337,1.15259,1.07701,1.1337,1.931e+006
SHS,1/24/2013 00:00:00,1.15259,1.20928,1.1148,1.20928,2.9015e+006
SHS,1/25/2013 00:00:00,1.20928,1.30375,1.20928,1.26596,4.4792e+006
SHS,1/28/2013 00:00:00,1.28485,1.37933,1.26596,1.34154,3.5265e+006
SHS,1/29/2013 00:00:00,1.34154,1.39822,1.30375,1.36043,2.1045e+006
SHS,1/30/2013 00:00:00,1.36043,1.37933,1.30375,1.32264,2.5578e+006
SHS,1/31/2013 00:00:00,1.32264,1.34154,1.28485,1.28485,2.2365e+006
SHS,2/1/2013 00:00:00,1.26596,1.32264,1.24706,1.32264,2.5129e+006
SHS,2/4/2013 00:00:00,1.34154,1.37933,1.32264,1.34154,2.0206e+006
SHS,2/5/2013 00:00:00,1.32264,1.36043,1.32264,1.32264,1.1655e+006
SHS,2/6/2013 00:00:00,1.32264,1.43601,1.32264,1.43601,2.3408e+006
SHS,2/7/2013 00:00:00,1.45491,1.4927,1.43601,1.4927,1.7529e+006
SHS,2/8/2013 00:00:00,1.4738,1.53049,1.43601,1.51159,1.3404e+006
SHS,2/18/2013 00:00:00,1.53049,1.58717,1.4927,1.54938,1.6312e+006
SHS,2/19/2013 00:00:00,1.53049,1.54938,1.4738,1.4738,3.0023e+006
SHS,2/20/2013 00:00:00,1.4738,1.56828,1.45491,1.54938,1.898e+006
SHS,2/21/2013 00:00:00,1.56828,1.56828,1.39822,1.39822,3.6123e+006
SHS,2/22/2013 00:00:00,1.39822,1.4927,1.30375,1.41712,3.5733e+006
SHS,2/25/2013 00:00:00,1.43601,1.4738,1.41712,1.43601,1.6463e+006
SHS,2/26/2013 00:00:00,1.43601,1.43601,1.30375,1.30375,2.7103e+006
SHS,2/27/2013 00:00:00,1.30375,1.34154,1.24706,1.32264,2.0837e+006
SHS,2/28/2013 00:00:00,1.36043,1.37933,1.32264,1.32264,1.6814e+006
SHS,3/1/2013 00:00:00,1.36043,1.36043,1.32264,1.34154,1.7121e+006
SHS,3/4/2013 00:00:00,1.32264,1.32264,1.19038,1.19038,2.2471e+006
SHS,3/5/2013 00:00:00,1.19038,1.20928,1.1148,1.1148,1.864e+006
SHS,3/6/2013 00:00:00,1.1337,1.20928,1.1148,1.20928,2.0658e+006
SHS,3/7/2013 00:00:00,1.22817,1.24706,1.15259,1.19038,1.6872e+006
SHS,3/8/2013 00:00:00,1.19038,1.26596,1.19038,1.24706,1.2842e+006
SHS,3/11/2013 00:00:00,1.26596,1.36043,1.22817,1.34154,2.4154e+006
SHS,3/12/2013 00:00:00,1.36043,1.36043,1.26596,1.34154,1.8928e+006
SHS,3/13/2013 00:00:00,1.34154,1.36043,1.26596,1.28485,1.9619e+006
SHS,3/14/2013 00:00:00,1.28485,1.30375,1.26596,1.28485,1.2751e+006
SHS,3/15/2013 00:00:00,1.30375,1.36043,1.30375,1.36043,2.1721e+006
SHS,3/18/2013 00:00:00,1.34154,1.34154,1.26596,1.28485,1.4531e+006
SHS,3/19/2013 00:00:00,1.28485,1.28485,1.24706,1.28485,832900
SHS,3/20/2013 00:00:00,1.28485,1.34154,1.26596,1.28485,1.5052e+006
SHS,3/21/2013 00:00:00,1.32264,1.32264,1.28485,1.30375,1.2859e+006
SHS,3/22/2013 00:00:00,1.28485,1.30375,1.22817,1.26596,1.5092e+006
SHS,3/25/2013 00:00:00,1.24706,1.26596,1.20928,1.26596,1.4328e+006
SHS,3/26/2013 00:00:00,1.26596,1.28485,1.22817,1.22817,1.2782e+006
SHS,3/27/2013 00:00:00,1.22817,1.24706,1.19038,1.22817,886700
SHS,3/28/2013 00:00:00,1.22817,1.22817,1.17149,1.19038,972900
SHS,3/29/2013 00:00:00,1.17149,1.19038,1.1148,1.17149,1.8706e+006
SHS,4/1/2013 00:00:00,1.17149,1.28485,1.17149,1.28485,2.2742e+006
SHS,4/2/2013 00:00:00,1.32264,1.36043,1.28485,1.28485,3.4057e+006
SHS,4/3/2013 00:00:00,1.28485,1.34154,1.28485,1.32264,2.6083e+006
SHS,4/4/2013 00:00:00,1.34154,1.34154,1.26596,1.28485,1.7456e+006
SHS,4/5/2013 00:00:00,1.26596,1.32264,1.26596,1.30375,1.6758e+006
SHS,4/8/2013 00:00:00,1.32264,1.39822,1.32264,1.36043,3.5324e+006
SHS,4/9/2013 00:00:00,1.37933,1.39822,1.34154,1.36043,1.5522e+006
SHS,4/10/2013 00:00:00,1.37933,1.37933,1.26596,1.28485,2.7851e+006
SHS,4/11/2013 00:00:00,1.28485,1.30375,1.24706,1.28485,1.7427e+006
SHS,4/12/2013 00:00:00,1.28485,1.30375,1.20928,1.22817,2.0897e+006
SHS,4/15/2013 00:00:00,1.22817,1.22817,1.17149,1.19038,1.7092e+006
SHS,4/16/2013 00:00:00,1.17149,1.20928,1.15259,1.20928,1.4966e+006
SHS,4/17/2013 00:00:00,1.19038,1.22817,1.17149,1.19038,1.0062e+006
SHS,4/18/2013 00:00:00,1.19038,1.20928,1.17149,1.19038,1.3794e+006
SHS,4/22/2013 00:00:00,1.19038,1.19038,1.1337,1.15259,1.6042e+006
SHS,4/23/2013 00:00:00,1.15259,1.19038,1.15259,1.17149,792400
SHS,4/24/2013 00:00:00,1.15259,1.19038,1.1337,1.17149,633200
SHS,4/25/2013 00:00:00,1.17149,1.20928,1.17149,1.19038,828900
SHS,4/26/2013 00:00:00,1.19038,1.19038,1.15259,1.17149,826600
SHS,5/2/2013 00:00:00,1.17149,1.17149,1.15259,1.15259,428000
SHS,5/3/2013 00:00:00,1.15259,1.19038,1.15259,1.19038,852100
SHS,5/6/2013 00:00:00,1.20928,1.30375,1.20928,1.30375,2.2956e+006
SHS,5/7/2013 00:00:00,1.30375,1.30375,1.22817,1.24706,1.6077e+006
SHS,5/8/2013 00:00:00,1.24706,1.26596,1.20928,1.20928,927100
SHS,5/9/2013 00:00:00,1.20928,1.24706,1.20928,1.24706,1.1331e+006
SHS,5/10/2013 00:00:00,1.24706,1.26596,1.22817,1.22817,1.2088e+006
SHS,5/13/2013 00:00:00,1.22817,1.24706,1.22817,1.22817,820800
SHS,5/14/2013 00:00:00,1.22817,1.22817,1.17149,1.20928,1.0818e+006
SHS,5/15/2013 00:00:00,1.19038,1.22817,1.19038,1.20928,599000
SHS,5/16/2013 00:00:00,1.20928,1.22817,1.20928,1.20928,519100
SHS,5/17/2013 00:00:00,1.20928,1.20928,1.19038,1.20928,782800
SHS,5/20/2013 00:00:00,1.19038,1.22817,1.19038,1.20928,835900
SHS,5/21/2013 00:00:00,1.22817,1.30375,1.22817,1.28485,4.1454e+006
SHS,5/22/2013 00:00:00,1.28485,1.32264,1.26596,1.28485,1.9533e+006
SHS,5/23/2013 00:00:00,1.26596,1.30375,1.24706,1.26596,2.6797e+006
SHS,5/24/2013 00:00:00,1.28485,1.30375,1.26596,1.28485,1.8054e+006
SHS,5/27/2013 00:00:00,1.30375,1.37933,1.30375,1.36043,2.719e+006
SHS,5/28/2013 00:00:00,1.36043,1.39822,1.32264,1.39822,2.7865e+006
SHS,5/29/2013 00:00:00,1.39822,1.43601,1.34154,1.36043,3.3128e+006
SHS,5/30/2013 00:00:00,1.36043,1.41712,1.34154,1.39822,1.3433e+006
SHS,5/31/2013 00:00:00,1.39822,1.43601,1.36043,1.36043,1.8868e+006
SHS,6/3/2013 00:00:00,1.36043,1.37933,1.34154,1.34154,1.4009e+006
SHS,6/4/2013 00:00:00,1.34154,1.36043,1.28485,1.30375,2.0721e+006
SHS,6/5/2013 00:00:00,1.32264,1.34154,1.30375,1.32264,1.1976e+006
SHS,6/6/2013 00:00:00,1.32264,1.34154,1.30375,1.34154,1.3897e+006
SHS,6/7/2013 00:00:00,1.36043,1.36043,1.32264,1.34154,860700
SHS,6/10/2013 00:00:00,1.36043,1.36043,1.30375,1.32264,1.2553e+006
SHS,6/11/2013 00:00:00,1.32264,1.34154,1.30375,1.32264,1.2687e+006
SHS,6/12/2013 00:00:00,1.30375,1.32264,1.30375,1.32264,787300
SHS,6/13/2013 00:00:00,1.32264,1.32264,1.28485,1.32264,645600
SHS,6/14/2013 00:00:00,1.32264,1.34154,1.30375,1.30375,869000
SHS,6/17/2013 00:00:00,1.30375,1.30375,1.22817,1.24706,1.3935e+006
SHS,6/18/2013 00:00:00,1.24706,1.26596,1.22817,1.24706,1.6526e+006
SHS,6/19/2013 00:00:00,1.24706,1.26596,1.22817,1.24706,696600
SHS,6/20/2013 00:00:00,1.24706,1.24706,1.20928,1.22817,674400
SHS,6/21/2013 00:00:00,1.22817,1.24706,1.20928,1.20928,971000
SHS,6/24/2013 00:00:00,1.22817,1.22817,1.19038,1.20928,679400
SHS,6/25/2013 00:00:00,1.20928,1.20928,1.15259,1.17149,1.559e+006
SHS,6/26/2013 00:00:00,1.19038,1.19038,1.17149,1.19038,629900
SHS,6/27/2013 00:00:00,1.20928,1.20928,1.19038,1.20928,451200
SHS,6/28/2013 00:00:00,1.20928,1.20928,1.17149,1.17149,751800
SHS,7/1/2013 00:00:00,1.17149,1.20928,1.17149,1.20928,944000
SHS,7/2/2013 00:00:00,1.19038,1.22817,1.19038,1.22817,429500
SHS,7/3/2013 00:00:00,1.20928,1.20928,1.19038,1.20928,789000
SHS,7/4/2013 00:00:00,1.20928,1.22817,1.19038,1.20928,640500
SHS,7/5/2013 00:00:00,1.20928,1.20928,1.17149,1.19038,660700
SHS,7/8/2013 00:00:00,1.19038,1.19038,1.17149,1.17149,499900
SHS,7/9/2013 00:00:00,1.19038,1.20928,1.17149,1.20928,222800
SHS,7/10/2013 00:00:00,1.19038,1.19038,1.17149,1.17149,440500
SHS,7/11/2013 00:00:00,1.19038,1.19038,1.17149,1.19038,395000
SHS,7/12/2013 00:00:00,1.19038,1.24706,1.19038,1.22817,782800
SHS,7/15/2013 00:00:00,1.22817,1.24706,1.20928,1.20928,463500
SHS,7/16/2013 00:00:00,1.20928,1.22817,1.20928,1.22817,306400
SHS,7/17/2013 00:00:00,1.22817,1.22817,1.19038,1.20928,644300
SHS,7/18/2013 00:00:00,1.20928,1.20928,1.19038,1.19038,385400
SHS,7/19/2013 00:00:00,1.19038,1.20928,1.17149,1.19038,400800
SHS,7/22/2013 00:00:00,1.19038,1.19038,1.15259,1.17149,648900
SHS,7/23/2013 00:00:00,1.19038,1.19038,1.15259,1.17149,574400
SHS,7/24/2013 00:00:00,1.17149,1.17149,1.1337,1.1337,866000
SHS,7/25/2013 00:00:00,1.1337,1.15259,1.1148,1.1148,319200
SHS,7/26/2013 00:00:00,1.1148,1.1337,1.09591,1.1337,381900
SHS,7/29/2013 00:00:00,1.1148,1.1148,1.05812,1.05812,458204
SHS,7/30/2013 00:00:00,1.07701,1.07701,1.05812,1.05812,279100
SHS,7/31/2013 00:00:00,1.05812,1.05812,1.02033,1.03922,297600
SHS,8/1/2013 00:00:00,1.03922,1.09591,1.02033,1.07701,535500
SHS,8/2/2013 00:00:00,1.09591,1.09591,1.05812,1.09591,288900
SHS,8/5/2013 00:00:00,1.07701,1.09591,1.05812,1.07701,131300
SHS,8/6/2013 00:00:00,1.05812,1.09591,1.03922,1.09591,333700
SHS,8/7/2013 00:00:00,1.07701,1.09591,1.07701,1.07701,449400
SHS,8/8/2013 00:00:00,1.07701,1.09591,1.03922,1.07701,272120
SHS,8/9/2013 00:00:00,1.05812,1.07701,1.03922,1.03922,319000
SHS,8/12/2013 00:00:00,1.03922,1.05812,1.02033,1.03922,393800
SHS,8/13/2013 00:00:00,1.03922,1.03922,1.00143,1.00143,306500
SHS,8/14/2013 00:00:00,0.982536,1.03922,0.982536,1.03922,547920
SHS,8/15/2013 00:00:00,1.03922,1.05812,1.02033,1.05812,519600
SHS,8/16/2013 00:00:00,1.05812,1.05812,1.03922,1.05812,411500
SHS,8/19/2013 00:00:00,1.03922,1.15259,1.03922,1.1337,1.6903e+006
SHS,8/20/2013 00:00:00,1.1337,1.1337,1.09591,1.1148,864700
SHS,8/21/2013 00:00:00,1.1148,1.1148,1.07701,1.09591,818300
SHS,8/22/2013 00:00:00,1.09591,1.09591,1.03922,1.05812,737800
SHS,8/23/2013 00:00:00,1.03922,1.05812,1.02033,1.03922,1.7871e+006
SHS,8/26/2013 00:00:00,1.03922,1.05812,1.02033,1.05812,590500
SHS,8/27/2013 00:00:00,1.05812,1.05812,1.02033,1.02033,454300
SHS,8/28/2013 00:00:00,1.02033,1.02033,0.963641,0.982536,1.2451e+006
SHS,8/29/2013 00:00:00,0.963641,1.07701,0.963641,0.982536,463600
SHS,8/30/2013 00:00:00,0.982536,1.00143,0.963641,1.00143,439000
SHS,9/3/2013 00:00:00,1.00143,1.00143,0.982536,0.982536,426700
SHS,9/4/2013 00:00:00,0.982536,1.03922,0.944746,0.963641,469600
SHS,9/5/2013 00:00:00,0.963641,1.00143,0.963641,1.00143,632200
SHS,9/6/2013 00:00:00,1.00143,1.05812,0.963641,0.963641,396800
SHS,9/9/2013 00:00:00,0.963641,0.963641,0.925851,0.925851,904400
SHS,9/10/2013 00:00:00,0.925851,0.963641,0.925851,0.944746,381100
SHS,9/11/2013 00:00:00,0.963641,0.982536,0.944746,0.963641,389400
SHS,9/12/2013 00:00:00,0.963641,1.05812,0.963641,0.963641,497200
SHS,9/13/2013 00:00:00,0.963641,0.982536,0.963641,0.982536,129300
SHS,9/16/2013 00:00:00,1.00143,1.07701,0.982536,0.982536,1.2058e+006
SHS,9/17/2013 00:00:00,0.982536,1.00143,0.944746,0.944746,972900
SHS,9/18/2013 00:00:00,0.963641,0.963641,0.925851,0.925851,592900
SHS,9/19/2013 00:00:00,0.944746,0.963641,0.925851,0.944746,437300
SHS,9/20/2013 00:00:00,0.944746,0.944746,0.925851,0.925851,364400
SHS,9/23/2013 00:00:00,0.925851,0.963641,0.925851,0.963641,671200
SHS,9/24/2013 00:00:00,0.925851,1.05812,0.869166,0.963641,795000
SHS,9/25/2013 00:00:00,0.963641,1.03922,0.963641,1.00143,1.2262e+006
SHS,9/26/2013 00:00:00,1.00143,1.09591,0.982536,1.00143,421700
SHS,9/27/2013 00:00:00,1.00143,1.02033,0.982536,0.982536,305400
SHS,9/30/2013 00:00:00,0.982536,1.03922,0.982536,1.03922,991500
SHS,10/1/2013 00:00:00,1.03922,1.05812,1.00143,1.02033,1.8493e+006
SHS,10/2/2013 00:00:00,0.925851,1.05812,0.925851,1.03922,914896
SHS,10/3/2013 00:00:00,1.03922,1.07701,1.03922,1.05812,1.9677e+006
SHS,10/4/2013 00:00:00,1.03922,1.05812,1.02033,1.03922,586300
SHS,10/7/2013 00:00:00,1.03922,1.07701,1.03922,1.05812,717300
SHS,10/8/2013 00:00:00,1.05812,1.07701,1.03922,1.05812,906800
SHS,10/9/2013 00:00:00,1.05812,1.07701,1.03922,1.03922,624300
SHS,10/10/2013 00:00:00,1.03922,1.07701,1.02033,1.02033,1.1478e+006
SHS,10/11/2013 00:00:00,1.03922,1.03922,1.00143,1.00143,986100
SHS,10/14/2013 00:00:00,1.00143,1.09591,0.982536,0.982536,304400
SHS,10/15/2013 00:00:00,0.963641,1.00143,0.963641,1.00143,1.5973e+006
SHS,10/16/2013 00:00:00,1.00143,1.03922,0.982536,1.00143,1.0284e+006
SHS,10/17/2013 00:00:00,1.02033,1.03922,1.02033,1.03922,1.2438e+006
SHS,10/18/2013 00:00:00,1.03922,1.03922,0.982536,1.03922,889000
SHS,10/21/2013 00:00:00,1.00143,1.03922,1.00143,1.02033,2.3062e+006
SHS,10/22/2013 00:00:00,1.00143,1.02033,0.982536,1.00143,505500
SHS,10/23/2013 00:00:00,1.00143,1.09591,0.982536,1.00143,647800
SHS,10/24/2013 00:00:00,1.00143,1.00143,0.963641,0.982536,1.3468e+006
SHS,10/25/2013 00:00:00,0.982536,0.982536,0.963641,0.963641,301600
SHS,10/28/2013 00:00:00,0.982536,1.00143,0.982536,0.982536,821100
SHS,10/29/2013 00:00:00,0.982536,0.982536,0.963641,0.982536,335900
SHS,10/30/2013 00:00:00,0.982536,0.982536,0.982536,0.982536,257400
SHS,10/31/2013 00:00:00,0.982536,0.982536,0.963641,0.982536,59672
SHS,11/1/2013 00:00:00,0.982536,0.982536,0.963641,0.963641,336600
SHS,11/4/2013 00:00:00,0.963641,1.00143,0.963641,1.00143,669100
SHS,11/5/2013 00:00:00,1.00143,1.02033,1.00143,1.02033,524410
SHS,11/6/2013 00:00:00,1.00143,1.07701,1.00143,1.07701,2.39258e+006
SHS,11/7/2013 00:00:00,1.07701,1.09591,1.03922,1.03922,2.47714e+006
SHS,11/8/2013 00:00:00,1.03922,1.05812,1.03922,1.05812,1.1198e+006
SHS,11/11/2013 00:00:00,1.05812,1.07701,1.03922,1.07701,977146
SHS,11/12/2013 00:00:00,1.07701,1.1148,1.05812,1.05812,1.89266e+006
SHS,11/13/2013 00:00:00,1.05812,1.07701,1.03922,1.05812,553200
SHS,11/14/2013 00:00:00,1.05812,1.05812,1.03922,1.03922,818700
SHS,11/15/2013 00:00:00,1.03922,1.09591,1.03922,1.07701,1.7737e+006
SHS,11/18/2013 00:00:00,1.09591,1.1148,1.09591,1.09591,1.34e+006
SHS,11/19/2013 00:00:00,1.09591,1.09591,1.07701,1.09591,1.02553e+006
SHS,11/20/2013 00:00:00,1.07701,1.09591,1.07701,1.09591,1.1032e+006
SHS,11/21/2013 00:00:00,1.1148,1.19038,1.1148,1.1337,5.3911e+006
SHS,11/22/2013 00:00:00,1.1337,1.17149,1.1337,1.17149,1.3058e+006
SHS,11/25/2013 00:00:00,1.15259,1.19038,1.1337,1.1337,922700
SHS,11/26/2013 00:00:00,1.1148,1.15259,1.1148,1.1337,1.1025e+006
SHS,11/27/2013 00:00:00,1.1337,1.15259,1.1148,1.1337,931100
SHS,11/28/2013 00:00:00,1.1337,1.15259,1.1148,1.1337,787825
SHS,11/29/2013 00:00:00,1.1337,1.1337,1.09591,1.09591,714400
SHS,12/2/2013 00:00:00,1.09591,1.1148,1.09591,1.1148,456400
SHS,12/3/2013 00:00:00,1.1148,1.15259,1.1148,1.1337,1.7549e+006
SHS,12/4/2013 00:00:00,1.1337,1.20928,1.1337,1.19038,2.88705e+006
SHS,12/5/2013 00:00:00,1.19038,1.20928,1.17149,1.19038,1.2921e+006
SHS,12/6/2013 00:00:00,1.17149,1.19038,1.17149,1.17149,1.0605e+006
SHS,12/9/2013 00:00:00,1.17149,1.19038,1.1337,1.15259,1.7814e+006
SHS,12/10/2013 00:00:00,1.15259,1.15259,1.1337,1.1337,584200
SHS,12/11/2013 00:00:00,1.1337,1.1337,1.07701,1.09591,1.2074e+006
SHS,12/12/2013 00:00:00,1.07701,1.1337,1.07701,1.1337,1.2045e+006
SHS,12/13/2013 00:00:00,1.1337,1.1337,1.1148,1.1337,506200
SHS,12/16/2013 00:00:00,1.1148,1.1337,1.1148,1.1148,247800
SHS,12/17/2013 00:00:00,1.1148,1.1337,1.1148,1.1337,703800
SHS,12/18/2013 00:00:00,1.15259,1.15259,1.09591,1.1148,881000
SHS,12/19/2013 00:00:00,1.1148,1.19038,1.1148,1.17149,1.76982e+006
SHS,12/20/2013 00:00:00,1.1337,1.19038,1.1337,1.15259,1.28173e+006
SHS,12/23/2013 00:00:00,1.15259,1.19038,1.15259,1.17149,1.7214e+006
SHS,12/24/2013 00:00:00,1.17149,1.19038,1.15259,1.17149,1.3212e+006
SHS,12/25/2013 00:00:00,1.17149,1.17149,1.15259,1.17149,660100
SHS,12/26/2013 00:00:00,1.15259,1.17149,1.1337,1.1337,855300
SHS,12/27/2013 00:00:00,1.24706,1.24706,1.1148,1.1148,758200
SHS,12/30/2013 00:00:00,1.1148,1.1337,1.09591,1.09591,1.34171e+006
SHS,12/31/2013 00:00:00,1.09591,1.1337,1.09591,1.1337,516300
SHS,1/2/2014 00:00:00,1.15259,1.15259,1.1148,1.1148,566000
SHS,1/3/2014 00:00:00,1.1148,1.1337,1.09591,1.1148,483410
SHS,1/6/2014 00:00:00,1.1148,1.15259,1.1148,1.15259,681000
SHS,1/7/2014 00:00:00,1.15259,1.19038,1.1337,1.1337,1.1079e+006
SHS,1/8/2014 00:00:00,1.1337,1.17149,1.1337,1.17149,2.0127e+006
SHS,1/9/2014 00:00:00,1.17149,1.20928,1.15259,1.15259,3.09489e+006
SHS,1/10/2014 00:00:00,1.15259,1.17149,1.1337,1.1337,1.2216e+006
SHS,1/13/2014 00:00:00,1.1337,1.15259,1.1148,1.1337,1.19237e+006
SHS,1/14/2014 00:00:00,1.1148,1.1148,1.09591,1.09591,2.5104e+006
SHS,1/15/2014 00:00:00,1.09591,1.15259,1.09591,1.1148,1.74405e+006
SHS,1/16/2014 00:00:00,1.09591,1.1148,1.09591,1.09591,385200
SHS,1/17/2014 00:00:00,1.1148,1.1337,1.09591,1.1148,1.1825e+006
SHS,1/20/2014 00:00:00,1.1148,1.1148,1.07701,1.07701,715400
SHS,1/21/2014 00:00:00,1.07701,1.09591,1.07701,1.09591,629800
SHS,1/22/2014 00:00:00,1.09591,1.09591,1.07701,1.07701,728700
SHS,1/23/2014 00:00:00,1.07701,1.1148,1.07701,1.1148,572200
SHS,1/24/2014 00:00:00,1.1148,1.1148,1.07701,1.09591,171000
SHS,1/27/2014 00:00:00,1.1148,1.1337,1.07701,1.1337,448800
SHS,2/6/2014 00:00:00,1.1337,1.15259,1.02033,1.1337,1.1432e+006
SHS,2/7/2014 00:00:00,1.1337,1.17149,1.1337,1.1337,1.2829e+006
SHS,2/10/2014 00:00:00,1.1337,1.17149,1.1337,1.17149,1.1759e+006
SHS,2/11/2014 00:00:00,1.17149,1.20928,1.15259,1.15259,2.91734e+006
SHS,2/12/2014 00:00:00,1.15259,1.19038,1.1337,1.17149,1.0703e+006
SHS,2/13/2014 00:00:00,1.17149,1.24706,1.17149,1.24706,5.11402e+006
SHS,2/14/2014 00:00:00,1.26596,1.30375,1.22817,1.26596,3.62851e+006
SHS,2/17/2014 00:00:00,1.26596,1.30375,1.24706,1.28485,2.0341e+006
SHS,2/18/2014 00:00:00,1.28485,1.36043,1.24706,1.36043,5.1986e+006
SHS,2/19/2014 00:00:00,1.36043,1.37933,1.30375,1.36043,3.43942e+006
SHS,2/20/2014 00:00:00,1.36043,1.36043,1.22817,1.26596,3.84041e+006
SHS,2/21/2014 00:00:00,1.24706,1.28485,1.22817,1.26596,1.8489e+006
SHS,2/24/2014 00:00:00,1.24706,1.30375,1.22817,1.30375,1.58291e+006
SHS,2/25/2014 00:00:00,1.28485,1.32264,1.26596,1.32264,1.5714e+006
SHS,2/26/2014 00:00:00,1.30375,1.34154,1.28485,1.32264,2.4041e+006
SHS,2/27/2014 00:00:00,1.32264,1.41712,1.32264,1.32264,5.57686e+006
SHS,2/28/2014 00:00:00,1.34154,1.39822,1.34154,1.39822,3.17244e+006
SHS,3/3/2014 00:00:00,1.39822,1.45491,1.36043,1.37933,3.8243e+006
SHS,3/4/2014 00:00:00,1.36043,1.37933,1.34154,1.37933,1.9193e+006
SHS,3/5/2014 00:00:00,1.37933,1.41712,1.36043,1.39822,1.85415e+006
SHS,3/6/2014 00:00:00,1.37933,1.43601,1.36043,1.41712,2.2181e+006
SHS,3/7/2014 00:00:00,1.41712,1.4738,1.39822,1.45491,4.04641e+006
SHS,3/10/2014 00:00:00,1.4738,1.54938,1.4738,1.53049,2.81816e+006
SHS,3/11/2014 00:00:00,1.53049,1.54938,1.4738,1.51159,2.65316e+006
SHS,3/12/2014 00:00:00,1.51159,1.53049,1.4738,1.51159,2.36588e+006
SHS,3/13/2014 00:00:00,1.4927,1.58717,1.4927,1.58717,3.33862e+006
SHS,3/14/2014 00:00:00,1.56828,1.62496,1.54938,1.60607,2.6881e+006
SHS,3/17/2014 00:00:00,1.62496,1.73833,1.62496,1.71944,2.2719e+006
SHS,3/18/2014 00:00:00,1.73833,1.75723,1.70054,1.70054,2.99843e+006
SHS,3/19/2014 00:00:00,1.70054,1.8517,1.68165,1.81391,3.70038e+006
SHS,3/20/2014 00:00:00,1.83281,1.8706,1.73833,1.81391,2.63921e+006
SHS,3/21/2014 00:00:00,1.81391,1.88949,1.79502,1.8706,2.7023e+006
SHS,3/24/2014 00:00:00,1.8706,1.98397,1.8706,1.98397,2.32155e+006
SHS,3/25/2014 00:00:00,1.98397,2.00286,1.88949,1.88949,3.496e+006
SHS,3/26/2014 00:00:00,1.88949,1.94618,1.75723,1.79502,5.12059e+006
SHS,3/27/2014 00:00:00,1.81391,1.8517,1.73833,1.83281,2.61302e+006
SHS,3/28/2014 00:00:00,1.83281,1.88949,1.83281,1.8706,2.64301e+006
SHS,3/31/2014 00:00:00,1.8706,1.96507,1.8706,1.92728,4.39221e+006
SHS,4/1/2014 00:00:00,1.92728,1.94618,1.81391,1.8517,3.26186e+006
SHS,4/2/2014 00:00:00,1.8517,1.8706,1.73833,1.81391,2.26826e+006
SHS,4/3/2014 00:00:00,1.81391,1.88949,1.79502,1.8706,1.46506e+006
SHS,4/4/2014 00:00:00,1.88949,1.88949,1.81391,1.81391,2.57071e+006
SHS,4/7/2014 00:00:00,1.83281,1.90839,1.81391,1.90839,3.24714e+006
SHS,4/8/2014 00:00:00,1.94618,2.09734,1.92728,2.09734,8.3997e+006
SHS,4/10/2014 00:00:00,2.13513,2.21071,2.09734,2.15402,3.38282e+006
SHS,4/11/2014 00:00:00,2.13513,2.34297,2.11623,2.30518,4.9218e+006
SHS,4/14/2014 00:00:00,2.32408,2.32408,2.2296,2.2296,5.01417e+006
SHS,4/15/2014 00:00:00,2.21071,2.26739,2.02176,2.02176,4.44232e+006
SHS,4/16/2014 00:00:00,2.02176,2.02176,1.8706,2.02176,3.22299e+006
SHS,4/17/2014 00:00:00,2.07844,2.15402,2.04065,2.09734,1.58448e+006
SHS,4/18/2014 00:00:00,2.07844,2.09734,1.88949,1.88949,1.9324e+006
SHS,4/21/2014 00:00:00,1.88949,1.92728,1.77612,1.77612,2.36142e+006
SHS,4/22/2014 00:00:00,1.77612,1.90839,1.75723,1.90839,3.07351e+006
SHS,4/23/2014 00:00:00,1.94618,1.94618,1.8517,1.8517,1.8896e+006
SHS,4/24/2014 00:00:00,1.83281,1.8706,1.83281,1.83281,878100
SHS,4/25/2014 00:00:00,1.90839,1.92728,1.8706,1.88949,2.79224e+006
SHS,4/28/2014 00:00:00,1.90839,1.92728,1.83281,1.8517,1.36707e+006
SHS,4/29/2014 00:00:00,1.83281,1.88949,1.81391,1.88949,1.1994e+006
SHS,5/5/2014 00:00:00,1.8706,1.8706,1.70054,1.70054,2.1002e+006
SHS,5/6/2014 00:00:00,1.56828,1.62496,1.53049,1.62496,4.0292e+006
SHS,5/7/2014 00:00:00,1.62496,1.64386,1.51159,1.56828,2.22904e+006
SHS,5/8/2014 00:00:00,1.54938,1.54938,1.41712,1.41712,2.09694e+006
SHS,5/9/2014 00:00:00,1.30375,1.43601,1.30375,1.39822,4.044e+006
SHS,5/12/2014 00:00:00,1.39822,1.39822,1.26596,1.26596,2.8314e+006
SHS,5/13/2014 00:00:00,1.15259,1.26596,1.15259,1.17149,3.3801e+006
SHS,5/14/2014 00:00:00,1.17149,1.28485,1.15259,1.28485,2.41061e+006
SHS,5/15/2014 00:00:00,1.30375,1.36043,1.19038,1.24706,5.43271e+006
SHS,5/16/2014 00:00:00,1.22817,1.36043,1.22817,1.36043,2.1714e+006
SHS,5/19/2014 00:00:00,1.36043,1.4738,1.32264,1.43601,1.99825e+006
SHS,5/20/2014 00:00:00,1.43601,1.51159,1.37933,1.4927,3.9316e+006
SHS,5/21/2014 00:00:00,1.4927,1.58717,1.45491,1.54938,3.2977e+006
SHS,5/22/2014 00:00:00,1.54938,1.58717,1.4927,1.4927,2.79661e+006
SHS,5/23/2014 00:00:00,1.4927,1.53049,1.4738,1.53049,2.35645e+006
SHS,5/26/2014 00:00:00,1.53049,1.56828,1.4927,1.53049,2.31884e+006
SHS,5/27/2014 00:00:00,1.53049,1.68165,1.53049,1.68165,5.19413e+006
SHS,5/28/2014 00:00:00,1.68165,1.77612,1.68165,1.71944,3.13645e+006
SHS,5/29/2014 00:00:00,1.68165,1.71944,1.60607,1.60607,4.3098e+006
SHS,5/30/2014 00:00:00,1.58717,1.64386,1.56828,1.56828,3.5022e+006
SHS,6/2/2014 00:00:00,1.56828,1.56828,1.4927,1.4927,2.30271e+006
SHS,6/3/2014 00:00:00,1.4738,1.54938,1.4738,1.51159,1.4578e+006
SHS,6/4/2014 00:00:00,1.53049,1.53049,1.43601,1.45491,2.27941e+006
SHS,6/5/2014 00:00:00,1.4738,1.54938,1.43601,1.53049,1.9223e+006
SHS,6/6/2014 00:00:00,1.53049,1.68165,1.53049,1.68165,2.9528e+006
SHS,6/9/2014 00:00:00,1.73833,1.77612,1.58717,1.60607,4.3044e+006
SHS,6/10/2014 00:00:00,1.60607,1.62496,1.56828,1.58717,2.48211e+006
SHS,6/11/2014 00:00:00,1.58717,1.66275,1.56828,1.62496,2.2799e+006
SHS,6/12/2014 00:00:00,1.62496,1.66275,1.60607,1.62496,1.5114e+006
SHS,6/13/2014 00:00:00,1.62496,1.62496,1.58717,1.58717,1.3531e+006
SHS,6/16/2014 00:00:00,1.60607,1.62496,1.58717,1.60607,1.1719e+006
SHS,6/17/2014 00:00:00,1.60607,1.68165,1.60607,1.66275,1.8346e+006
SHS,6/18/2014 00:00:00,1.66275,1.68165,1.64386,1.66275,1.2465e+006
SHS,6/19/2014 00:00:00,1.60607,1.64386,1.54938,1.60607,2.5822e+006
SHS,6/20/2014 00:00:00,1.60607,1.62496,1.58717,1.60607,701300
SHS,6/23/2014 00:00:00,1.58717,1.60607,1.56828,1.58717,587800
SHS,6/24/2014 00:00:00,1.56828,1.62496,1.56828,1.62496,926800
SHS,6/25/2014 00:00:00,1.62496,1.66275,1.60607,1.64386,1.60151e+006
SHS,6/26/2014 00:00:00,1.64386,1.71944,1.62496,1.66275,2.5138e+006
SHS,6/27/2014 00:00:00,1.64386,1.66275,1.64386,1.64386,943800
SHS,6/30/2014 00:00:00,1.66275,1.68165,1.66275,1.66275,1.73025e+006
SHS,7/1/2014 00:00:00,1.66275,1.70054,1.64386,1.68165,1.3861e+006
SHS,7/2/2014 00:00:00,1.68165,1.71944,1.68165,1.71944,3.51376e+006
SHS,7/3/2014 00:00:00,1.71944,1.77612,1.71944,1.77612,6.11043e+006
SHS,7/4/2014 00:00:00,1.77612,1.79502,1.75723,1.77612,2.9497e+006
SHS,7/7/2014 00:00:00,1.77612,1.81391,1.75723,1.75723,1.537e+006
SHS,7/8/2014 00:00:00,1.75723,1.81391,1.75723,1.81391,2.2542e+006
SHS,7/9/2014 00:00:00,1.83281,1.83281,1.77612,1.77612,1.4159e+006
SHS,7/10/2014 00:00:00,1.77612,1.77612,1.71944,1.71944,2.63411e+006
SHS,7/11/2014 00:00:00,1.71944,1.73833,1.70054,1.73833,1.7476e+006
SHS,7/14/2014 00:00:00,1.73833,1.75723,1.70054,1.75723,1.1436e+006
SHS,7/15/2014 00:00:00,1.58717,1.77612,1.58717,1.75723,1.19341e+006
SHS,7/16/2014 00:00:00,1.77612,1.81391,1.71944,1.71944,2.92752e+006
SHS,7/17/2014 00:00:00,1.71944,1.73833,1.70054,1.70054,1.6543e+006
SHS,7/18/2014 00:00:00,1.70054,1.71944,1.68165,1.71944,1.97959e+006
SHS,7/21/2014 00:00:00,1.73833,1.73833,1.68165,1.68165,1.49404e+006
SHS,7/22/2014 00:00:00,1.68165,1.70054,1.64386,1.64386,1.8544e+006
SHS,7/23/2014 00:00:00,1.64386,1.66275,1.60607,1.62496,1.0995e+006
SHS,7/24/2014 00:00:00,1.64386,1.66275,1.62496,1.64386,1.0476e+006
SHS,7/25/2014 00:00:00,1.66275,1.66275,1.60607,1.60607,1.2551e+006
SHS,7/28/2014 00:00:00,1.60607,1.60607,1.51159,1.53049,3.86311e+006
SHS,7/29/2014 00:00:00,1.54938,1.56828,1.53049,1.56828,1.4904e+006
SHS,7/30/2014 00:00:00,1.54938,1.58717,1.54938,1.56828,981150
SHS,7/31/2014 00:00:00,1.56828,1.62496,1.54938,1.62496,1.2619e+006
SHS,8/1/2014 00:00:00,1.56828,1.62496,1.56828,1.58717,877800
SHS,8/4/2014 00:00:00,1.58717,1.62496,1.56828,1.62496,858940
SHS,8/5/2014 00:00:00,1.62496,1.64386,1.60607,1.64386,1.13468e+006
SHS,8/6/2014 00:00:00,1.56828,1.66275,1.56828,1.62496,1.4051e+006
SHS,8/7/2014 00:00:00,1.62496,1.66275,1.62496,1.66275,941560
SHS,8/8/2014 00:00:00,1.66275,1.70054,1.64386,1.66275,2.54201e+006
SHS,8/11/2014 00:00:00,1.66275,1.66275,1.62496,1.62496,931700
SHS,8/12/2014 00:00:00,1.64386,1.64386,1.60607,1.62496,706130
SHS,8/13/2014 00:00:00,1.62496,1.68165,1.62496,1.68165,2.00881e+006
SHS,8/14/2014 00:00:00,1.68165,1.73833,1.66275,1.70054,3.50676e+006
SHS,8/15/2014 00:00:00,1.70054,1.70054,1.68165,1.70054,1.24195e+006
SHS,8/18/2014 00:00:00,1.71944,1.77612,1.70054,1.75723,4.56717e+006
SHS,8/19/2014 00:00:00,1.77612,1.77612,1.70054,1.71944,3.09857e+006
SHS,8/20/2014 00:00:00,1.71944,1.73833,1.70054,1.71944,1.3185e+006
SHS,8/21/2014 00:00:00,1.73833,1.77612,1.73833,1.73833,3.6527e+006
SHS,8/22/2014 00:00:00,1.75723,1.79502,1.75723,1.77612,2.94499e+006
SHS,8/25/2014 00:00:00,1.79502,1.8517,1.79502,1.81391,3.43066e+006
SHS,8/26/2014 00:00:00,1.81391,1.83281,1.77612,1.81391,3.06981e+006
SHS,8/27/2014 00:00:00,1.70054,1.8517,1.70054,1.79502,2.62664e+006
SHS,8/28/2014 00:00:00,1.81391,1.92728,1.79502,1.88949,5.06414e+006
SHS,8/29/2014 00:00:00,1.88949,1.94618,1.8706,1.94618,4.45363e+006
SHS,9/3/2014 00:00:00,1.96507,2.05955,1.96507,2.02176,4.1371e+006
SHS,9/4/2014 00:00:00,2.02176,2.04065,1.98397,2.00286,2.94695e+006
SHS,9/5/2014 00:00:00,2.00286,2.04065,1.98397,2.04065,2.75206e+006
SHS,9/8/2014 00:00:00,2.04065,2.11623,2.04065,2.07844,3.46143e+006
SHS,9/9/2014 00:00:00,2.09734,2.11623,1.90839,1.94618,7.37453e+006
SHS,9/10/2014 00:00:00,1.96507,2.07844,1.94618,2.07844,4.29439e+006
SHS,9/11/2014 00:00:00,2.09734,2.2485,2.09734,2.21071,5.37194e+006
SHS,9/12/2014 00:00:00,2.21071,2.26739,2.17292,2.2296,4.73273e+006
SHS,9/15/2014 00:00:00,2.2296,2.2485,2.15402,2.15402,5.79165e+006
SHS,9/16/2014 00:00:00,2.13513,2.36187,2.11623,2.36187,5.62557e+006
SHS,9/17/2014 00:00:00,2.43744,2.55081,2.39966,2.47523,6.95068e+006
SHS,9/18/2014 00:00:00,2.45634,2.45634,2.2296,2.2296,7.85704e+006
SHS,9/19/2014 00:00:00,2.17292,2.26739,2.13513,2.2296,3.8856e+006
SHS,9/22/2014 00:00:00,2.2296,2.30518,2.13513,2.13513,3.5555e+006
SHS,9/23/2014 00:00:00,2.13513,2.2296,2.13513,2.17292,2.82931e+006
SHS,9/24/2014 00:00:00,2.21071,2.26739,2.19181,2.2296,5.25939e+006
SHS,9/25/2014 00:00:00,2.26739,2.36187,2.17292,2.36187,2.92942e+006
SHS,9/26/2014 00:00:00,2.38076,2.39966,2.32408,2.32408,3.99784e+006
SHS,9/29/2014 00:00:00,2.36187,2.43744,2.32408,2.36187,3.01875e+006
SHS,9/30/2014 00:00:00,2.34297,2.41855,2.32408,2.39966,3.03005e+006
SHS,10/1/2014 00:00:00,2.41855,2.45634,2.39966,2.41855,2.32282e+006
SHS,10/2/2014 00:00:00,2.43744,2.51302,2.39966,2.47523,4.77651e+006
SHS,10/3/2014 00:00:00,2.49413,2.51302,2.41855,2.43744,2.93224e+006
SHS,10/6/2014 00:00:00,2.45634,2.56971,2.45634,2.51302,3.22464e+006
SHS,10/7/2014 00:00:00,2.51302,2.51302,2.45634,2.47523,3.06941e+006
SHS,10/8/2014 00:00:00,2.47523,2.51302,2.41855,2.47523,3.1182e+006
SHS,10/9/2014 00:00:00,2.47523,2.49413,2.41855,2.43744,1.9879e+006
SHS,10/10/2014 00:00:00,2.41855,2.43744,2.36187,2.36187,3.73233e+006
SHS,10/13/2014 00:00:00,2.36187,2.41855,2.32408,2.41855,2.97203e+006
SHS,10/14/2014 00:00:00,2.43744,2.45634,2.28629,2.28629,5.1845e+006
SHS,10/15/2014 00:00:00,2.28629,2.32408,2.2485,2.28629,4.08923e+006
SHS,10/16/2014 00:00:00,2.28629,2.28629,2.13513,2.13513,4.29261e+006
SHS,10/17/2014 00:00:00,2.13513,2.2296,2.13513,2.2296,4.14401e+006
SHS,10/20/2014 00:00:00,2.2296,2.26739,2.19181,2.19181,1.71742e+006
SHS,10/21/2014 00:00:00,2.19181,2.21071,2.15402,2.17292,1.5411e+006
SHS,10/22/2014 00:00:00,2.19181,2.26739,2.19181,2.2485,2.76124e+006
SHS,10/23/2014 00:00:00,2.2296,2.26739,2.17292,2.19181,2.84573e+006
SHS,10/24/2014 00:00:00,2.19181,2.21071,2.13513,2.13513,2.3178e+006
SHS,10/27/2014 00:00:00,2.13513,2.15402,2.02176,2.02176,3.01534e+006
SHS,10/28/2014 00:00:00,2.02176,2.11623,1.98397,2.11623,1.9211e+006
SHS,10/29/2014 00:00:00,2.05955,2.17292,1.98397,2.15402,1.81885e+006
SHS,10/30/2014 00:00:00,2.13513,2.15402,2.11623,2.13513,1.11308e+006
SHS,10/31/2014 00:00:00,2.13513,2.19181,2.11623,2.19181,2.04314e+006
SHS,11/3/2014 00:00:00,2.2296,2.2485,2.19181,2.2296,1.752e+006
SHS,11/4/2014 00:00:00,2.21071,2.2296,2.19181,2.21071,1.3341e+006
SHS,11/5/2014 00:00:00,2.21071,2.2296,2.15402,2.2296,2.2476e+006
SHS,11/6/2014 00:00:00,2.2296,2.2485,2.19181,2.19181,1.3295e+006
SHS,11/7/2014 00:00:00,2.19181,2.2296,2.17292,2.2296,1.5499e+006
SHS,11/10/2014 00:00:00,2.2485,2.32408,2.2485,2.30518,4.27438e+006
SHS,11/11/2014 00:00:00,2.30518,2.34297,2.26739,2.30518,2.19414e+006
SHS,11/12/2014 00:00:00,2.32408,2.39966,2.28629,2.36187,3.58321e+006
SHS,11/13/2014 00:00:00,2.36187,2.45634,2.34297,2.38076,4.54622e+006
SHS,11/14/2014 00:00:00,2.41855,2.41855,2.32408,2.36187,2.6118e+006
SHS,11/17/2014 00:00:00,2.34297,2.38076,2.34297,2.34297,1.3137e+006
SHS,11/18/2014 00:00:00,2.34297,2.34297,2.28629,2.28629,1.73605e+006
SHS,11/19/2014 00:00:00,2.28629,2.28629,2.21071,2.2485,2.76758e+006
SHS,11/20/2014 00:00:00,2.26739,2.32408,2.2485,2.30518,1.36767e+006
SHS,11/21/2014 00:00:00,2.30518,2.32408,2.2296,2.2296,2.5119e+006
SHS,11/24/2014 00:00:00,2.2296,2.2296,2.17292,2.17292,1.96411e+006
SHS,11/25/2014 00:00:00,2.17292,2.2485,2.17292,2.21071,1.28007e+006
SHS,11/26/2014 00:00:00,2.00286,2.2485,2.00286,2.17292,1.85645e+006
SHS,11/27/2014 00:00:00,1.96507,2.2296,1.96507,2.2296,1.24772e+006
SHS,11/28/2014 00:00:00,2.2296,2.28629,2.21071,2.28629,1.55056e+006
SHS,12/1/2014 00:00:00,2.26739,2.30518,2.2485,2.2485,1.1648e+006
SHS,12/2/2014 00:00:00,2.2485,2.28629,2.2485,2.28629,1.5793e+006
SHS,12/3/2014 00:00:00,2.28629,2.34297,2.28629,2.32408,1.9393e+006
SHS,12/4/2014 00:00:00,2.32408,2.36187,2.30518,2.30518,2.338e+006
SHS,12/5/2014 00:00:00,2.30518,2.34297,2.28629,2.34297,1.13639e+006
SHS,12/8/2014 00:00:00,2.34297,2.34297,2.28629,2.30518,1.7236e+006
SHS,12/9/2014 00:00:00,2.28629,2.28629,2.11623,2.11623,2.97844e+006
SHS,12/10/2014 00:00:00,2.09734,2.2296,2.09734,2.2296,1.27517e+006
SHS,12/11/2014 00:00:00,2.21071,2.21071,2.15402,2.17292,858500
SHS,12/12/2014 00:00:00,2.17292,2.2296,2.17292,2.21071,819056
SHS,12/15/2014 00:00:00,2.19181,2.2296,2.19181,2.19181,720740
SHS,12/16/2014 00:00:00,2.17292,2.19181,2.13513,2.15402,930500
SHS,12/17/2014 00:00:00,2.15402,2.15402,1.96507,2.05955,2.43585e+006
SHS,12/18/2014 00:00:00,2.09734,2.11623,2.07844,2.09734,1.21112e+006
SHS,12/19/2014 00:00:00,2.00286,2.11623,2.00286,2.02176,950000
SHS,12/22/2014 00:00:00,2.04065,2.11623,2.00286,2.09734,1.74674e+006
SHS,12/23/2014 00:00:00,2.11623,2.11623,2.04065,2.05955,643300
SHS,12/24/2014 00:00:00,2.07844,2.09734,2.04065,2.04065,487522
SHS,12/25/2014 00:00:00,2.04065,2.04065,1.98397,1.98397,730700
SHS,12/26/2014 00:00:00,1.98397,2.00286,1.8517,1.8706,1.3566e+006
SHS,12/29/2014 00:00:00,1.70054,1.92728,1.70054,1.75723,1.215e+006
SHS,12/30/2014 00:00:00,1.75723,1.8706,1.66275,1.8706,2.2258e+006
SHS,12/31/2014 00:00:00,1.88949,2.02176,1.8706,2.00286,1.33215e+006
SHS,1/5/2015 00:00:00,2.00286,2.02176,1.96507,1.98397,782600
SHS,1/6/2015 00:00:00,1.96507,2.02176,1.88949,2.02176,1.66371e+006
SHS,1/7/2015 00:00:00,2.02176,2.05955,2.00286,2.00286,912572
SHS,1/8/2015 00:00:00,2.02176,2.09734,2.02176,2.05955,2.81742e+006
SHS,1/9/2015 00:00:00,2.05955,2.11623,2.04065,2.09734,2.50265e+006
SHS,1/12/2015 00:00:00,1.88949,2.11623,1.88949,2.04065,1.03998e+006
SHS,1/13/2015 00:00:00,2.04065,2.05955,2.00286,2.02176,987100
SHS,1/14/2015 00:00:00,1.83281,2.07844,1.83281,2.02176,1.45802e+006
SHS,1/15/2015 00:00:00,2.05955,2.07844,2.04065,2.04065,1.1007e+006
SHS,1/16/2015 00:00:00,2.05955,2.13513,2.05955,2.05955,2.38071e+006
SHS,1/19/2015 00:00:00,2.05955,2.07844,2.04065,2.07844,1.75902e+006
SHS,1/20/2015 00:00:00,2.07844,2.09734,2.04065,2.07844,1.21902e+006
SHS,1/21/2015 00:00:00,2.07844,2.07844,1.96507,1.96507,5.35614e+006
SHS,1/22/2015 00:00:00,1.92728,2.02176,1.92728,1.98397,1.36031e+006
SHS,1/23/2015 00:00:00,2.00286,2.02176,1.98397,2.00286,1.21991e+006
SHS,1/26/2015 00:00:00,2.00286,2.02176,1.96507,1.96507,1.4176e+006
SHS,1/27/2015 00:00:00,1.96507,1.98397,1.90839,1.92728,1.5427e+006
SHS,1/28/2015 00:00:00,1.92728,1.96507,1.90839,1.94618,1.13461e+006
SHS,1/29/2015 00:00:00,1.96507,1.96507,1.94618,1.96507,531848
SHS,1/30/2015 00:00:00,1.96507,1.98397,1.88949,1.90839,904200
SHS,2/2/2015 00:00:00,1.88949,1.92728,1.8517,1.8517,351700
SHS,2/3/2015 00:00:00,1.8517,1.88949,1.81391,1.81391,980510
SHS,2/4/2015 00:00:00,1.81391,1.81391,1.77612,1.77612,583440
SHS,2/5/2015 00:00:00,1.77612,1.79502,1.75723,1.77612,446610
SHS,2/6/2015 00:00:00,1.77612,1.81391,1.77612,1.79502,785000
SHS,2/9/2015 00:00:00,1.79502,1.81391,1.77612,1.77612,454800
SHS,2/10/2015 00:00:00,1.77612,1.79502,1.75723,1.77612,218700
SHS,2/11/2015 00:00:00,1.79502,1.8517,1.77612,1.8517,526500
SHS,2/12/2015 00:00:00,1.8517,1.8706,1.83281,1.83281,627000
SHS,2/13/2015 00:00:00,1.8517,1.8706,1.83281,1.83281,467400
SHS,2/24/2015 00:00:00,1.8517,1.88949,1.83281,1.88949,488800
SHS,2/25/2015 00:00:00,1.88949,1.90839,1.8517,1.8517,892800
SHS,2/26/2015 00:00:00,1.8517,1.8706,1.83281,1.8517,178000
SHS,2/27/2015 00:00:00,1.8706,1.88949,1.8517,1.8517,536500
SHS,3/2/2015 00:00:00,1.8517,1.8517,1.81391,1.83281,407600
SHS,3/3/2015 00:00:00,1.83281,1.8706,1.83281,1.8517,525000
SHS,3/4/2015 00:00:00,1.8706,1.92728,1.8706,1.92728,1.9511e+006
SHS,3/5/2015 00:00:00,1.94618,1.94618,1.90839,1.90839,491860
SHS,3/6/2015 00:00:00,1.90839,1.90839,1.88949,1.88949,665750
SHS,3/9/2015 00:00:00,1.88949,1.88949,1.83281,1.8517,610500
SHS,3/10/2015 00:00:00,1.8517,1.8706,1.83281,1.8517,771530
SHS,3/11/2015 00:00:00,1.8517,1.8517,1.83281,1.83281,532600
SHS,3/12/2015 00:00:00,1.83281,1.8517,1.81391,1.8517,525800
SHS,3/13/2015 00:00:00,1.8517,1.8706,1.81391,1.81391,667700
SHS,3/16/2015 00:00:00,1.81391,1.81391,1.77612,1.77612,614300
SHS,3/17/2015 00:00:00,1.79502,1.81391,1.79502,1.81391,272400
SHS,3/18/2015 00:00:00,1.81391,1.81391,1.77612,1.79502,493610
SHS,3/19/2015 00:00:00,1.79502,1.79502,1.77612,1.77612,347800
SHS,3/20/2015 00:00:00,1.77612,1.81391,1.75723,1.81391,617900
SHS,3/23/2015 00:00:00,1.81391,1.81391,1.75723,1.75723,528200
SHS,3/24/2015 00:00:00,1.73833,1.75723,1.71944,1.73833,649300
SHS,3/25/2015 00:00:00,1.75723,1.75723,1.70054,1.70054,815600
SHS,3/26/2015 00:00:00,1.70054,1.73833,1.70054,1.70054,674000
SHS,3/27/2015 00:00:00,1.53049,1.71944,1.53049,1.68165,960608
SHS,3/30/2015 00:00:00,1.70054,1.70054,1.58717,1.58717,1.0201e+006
SHS,3/31/2015 00:00:00,1.60607,1.62496,1.58717,1.58717,1.43313e+006
SHS,4/1/2015 00:00:00,1.58717,1.60607,1.4927,1.4927,736600
SHS,4/2/2015 00:00:00,1.4927,1.54938,1.4738,1.54938,525790
SHS,4/3/2015 00:00:00,1.54938,1.54938,1.53049,1.54938,352610
SHS,4/6/2015 00:00:00,1.53049,1.54938,1.4927,1.4927,304800
SHS,4/7/2015 00:00:00,1.4927,1.53049,1.4927,1.53049,1.4257e+006
SHS,4/8/2015 00:00:00,1.54938,1.54938,1.4927,1.51159,398260
SHS,4/9/2015 00:00:00,1.51159,1.56828,1.51159,1.54938,800130
SHS,4/10/2015 00:00:00,1.39822,1.62496,1.39822,1.58717,1.43755e+006
SHS,4/13/2015 00:00:00,1.60607,1.62496,1.58717,1.60607,837748
SHS,4/14/2015 00:00:00,1.60607,1.60607,1.56828,1.56828,510800
SHS,4/15/2015 00:00:00,1.58717,1.60607,1.54938,1.56828,497800
SHS,4/16/2015 00:00:00,1.58717,1.62496,1.56828,1.58717,681050
SHS,4/17/2015 00:00:00,1.58717,1.60607,1.56828,1.58717,396610
SHS,4/20/2015 00:00:00,1.58717,1.58717,1.54938,1.56828,263700
SHS,4/21/2015 00:00:00,1.56828,1.58717,1.54938,1.54938,402228
SHS,4/22/2015 00:00:00,1.54938,1.56828,1.53049,1.53049,233400
SHS,4/23/2015 00:00:00,1.54938,1.54938,1.51159,1.53049,526570
SHS,4/24/2015 00:00:00,1.53049,1.53049,1.51159,1.53049,341100
SHS,4/27/2015 00:00:00,1.51159,1.51159,1.4738,1.4927,218200
SHS,5/4/2015 00:00:00,1.4738,1.4927,1.36043,1.36043,947810
SHS,5/5/2015 00:00:00,1.36043,1.41712,1.30375,1.41712,1.0475e+006
SHS,5/6/2015 00:00:00,1.36043,1.39822,1.34154,1.34154,318700
SHS,5/7/2015 00:00:00,1.32264,1.39822,1.32264,1.36043,442010
SHS,5/8/2015 00:00:00,1.34154,1.37933,1.34154,1.36043,274470
SHS,5/11/2015 00:00:00,1.37933,1.37933,1.34154,1.34154,521200
SHS,5/12/2015 00:00:00,1.32264,1.34154,1.22817,1.24706,1.3116e+006
SHS,5/13/2015 00:00:00,1.26596,1.26596,1.20928,1.22817,376978
SHS,5/14/2015 00:00:00,1.22817,1.28485,1.22817,1.26596,377900
SHS,5/15/2015 00:00:00,1.26596,1.28485,1.20928,1.20928,1.0452e+006
SHS,5/18/2015 00:00:00,1.20928,1.20928,1.17149,1.19038,568400
SHS,5/19/2015 00:00:00,1.20928,1.20928,1.17149,1.20928,530400
SHS,5/20/2015 00:00:00,1.20928,1.32264,1.20928,1.32264,1.066e+006
SHS,5/21/2015 00:00:00,1.36043,1.41712,1.36043,1.41712,1.87428e+006
SHS,5/22/2015 00:00:00,1.39822,1.41712,1.37933,1.41712,908500
SHS,5/25/2015 00:00:00,1.39822,1.45491,1.39822,1.45491,905300
SHS,5/26/2015 00:00:00,1.43601,1.4927,1.43601,1.45491,1.48993e+006
SHS,5/27/2015 00:00:00,1.45491,1.4927,1.41712,1.43601,1.12861e+006
SHS,5/28/2015 00:00:00,1.43601,1.56828,1.43601,1.56828,2.41253e+006
SHS,5/29/2015 00:00:00,1.60607,1.62496,1.51159,1.54938,1.4178e+006
SHS,6/1/2015 00:00:00,1.53049,1.56828,1.51159,1.53049,512540
SHS,6/2/2015 00:00:00,1.54938,1.60607,1.51159,1.54938,1.46973e+006
SHS,6/3/2015 00:00:00,1.53049,1.60607,1.53049,1.58717,1.44361e+006
SHS,6/4/2015 00:00:00,1.58717,1.66275,1.58717,1.58717,1.12728e+006
SHS,6/5/2015 00:00:00,1.60607,1.66275,1.58717,1.66275,1.39381e+006
SHS,6/8/2015 00:00:00,1.68165,1.71944,1.66275,1.66275,1.83091e+006
SHS,6/9/2015 00:00:00,1.66275,1.68165,1.60607,1.62496,1.59287e+006
SHS,6/10/2015 00:00:00,1.62496,1.64386,1.58717,1.62496,983800
SHS,6/11/2015 00:00:00,1.66275,1.66275,1.64386,1.66275,842100
SHS,6/12/2015 00:00:00,1.68165,1.75723,1.68165,1.75723,2.2484e+006
SHS,6/15/2015 00:00:00,1.75723,1.79502,1.73833,1.75723,1.6595e+006
SHS,6/16/2015 00:00:00,1.75723,1.75723,1.70054,1.70054,1.18184e+006
SHS,6/17/2015 00:00:00,1.70054,1.70054,1.64386,1.64386,1.67457e+006
SHS,6/18/2015 00:00:00,1.66275,1.68165,1.62496,1.64386,1.14947e+006
SHS,6/19/2015 00:00:00,1.66275,1.68165,1.60607,1.60607,830310
SHS,6/22/2015 00:00:00,1.62496,1.64386,1.60607,1.62496,860130
SHS,6/23/2015 00:00:00,1.60607,1.64386,1.60607,1.60607,634920
SHS,6/24/2015 00:00:00,1.60607,1.64386,1.60607,1.64386,525510
SHS,6/25/2015 00:00:00,1.64386,1.64386,1.60607,1.60607,618910
SHS,6/26/2015 00:00:00,1.60607,1.71944,1.60607,1.64386,3.06993e+006
SHS,6/29/2015 00:00:00,1.64386,1.68165,1.62496,1.62496,986200
SHS,6/30/2015 00:00:00,1.62496,1.62496,1.53049,1.53049,1.4819e+006
SHS,7/1/2015 00:00:00,1.53049,1.58717,1.51159,1.54938,1.23774e+006
SHS,7/2/2015 00:00:00,1.54938,1.56828,1.51159,1.51159,1.8012e+006
SHS,7/3/2015 00:00:00,1.54938,1.64386,1.54938,1.58717,1.9531e+006
SHS,7/6/2015 00:00:00,1.60607,1.64386,1.60607,1.60607,772500
SHS,7/7/2015 00:00:00,1.60607,1.64386,1.60607,1.62496,1.31128e+006
SHS,7/8/2015 00:00:00,1.60607,1.64386,1.54938,1.54938,1.80607e+006
SHS,7/9/2015 00:00:00,1.54938,1.60607,1.54938,1.60607,1.08675e+006
SHS,7/10/2015 00:00:00,1.60607,1.62496,1.60607,1.60607,695922
SHS,7/13/2015 00:00:00,1.60607,1.64386,1.58717,1.58717,872713
SHS,7/14/2015 00:00:00,1.58717,1.66275,1.58717,1.62496,1.47589e+006
SHS,7/15/2015 00:00:00,1.62496,1.64386,1.60607,1.60607,747901
SHS,7/16/2015 00:00:00,1.60607,1.60607,1.58717,1.58717,373860
SHS,7/17/2015 00:00:00,1.60607,1.60607,1.56828,1.56828,565208
SHS,7/20/2015 00:00:00,1.56828,1.56828,1.53049,1.54938,547700
SHS,7/21/2015 00:00:00,1.56828,1.60607,1.4927,1.51159,1.50541e+006
SHS,7/22/2015 00:00:00,1.51159,1.54938,1.51159,1.54938,838200
SHS,7/23/2015 00:00:00,1.56828,1.58717,1.51159,1.51159,506040
SHS,7/24/2015 00:00:00,1.51159,1.54938,1.51159,1.51159,634300
SHS,7/27/2015 00:00:00,1.51159,1.58717,1.51159,1.54938,766729
SHS,7/28/2015 00:00:00,1.54938,1.56828,1.51159,1.51159,581700
SHS,7/29/2015 00:00:00,1.53049,1.54938,1.51159,1.51159,473811
SHS,7/30/2015 00:00:00,1.51159,1.54938,1.51159,1.54938,444800
SHS,7/31/2015 00:00:00,1.54938,1.56828,1.51159,1.51159,365800
SHS,8/3/2015 00:00:00,1.36043,1.51159,1.36043,1.45491,735000
SHS,8/4/2015 00:00:00,1.51159,1.51159,1.4738,1.4738,645300
SHS,8/5/2015 00:00:00,1.60607,1.60607,1.4927,1.53049,924000
SHS,8/6/2015 00:00:00,1.68165,1.68165,1.51159,1.51159,422200
SHS,8/7/2015 00:00:00,1.66275,1.66275,1.4927,1.51159,583310
SHS,8/10/2015 00:00:00,1.51159,1.53049,1.51159,1.51159,481010
SHS,8/11/2015 00:00:00,1.53049,1.53049,1.4927,1.4927,554900
SHS,8/12/2015 00:00:00,1.4738,1.4927,1.45491,1.4738,666600
SHS,8/13/2015 00:00:00,1.4738,1.4738,1.39822,1.45491,646594
SHS,8/14/2015 00:00:00,1.45491,1.45491,1.39822,1.43601,393400
SHS,8/17/2015 00:00:00,1.43601,1.45491,1.39822,1.39822,439000
SHS,8/18/2015 00:00:00,1.53049,1.53049,1.36043,1.37933,1.1742e+006
SHS,8/19/2015 00:00:00,1.51159,1.51159,1.36043,1.45491,1.05371e+006
SHS,8/20/2015 00:00:00,1.58717,1.58717,1.39822,1.39822,327600
SHS,8/21/2015 00:00:00,1.53049,1.53049,1.28485,1.36043,1.1978e+006
SHS,8/24/2015 00:00:00,1.36043,1.36043,1.22817,1.22817,1.9519e+006
SHS,8/25/2015 00:00:00,1.20928,1.30375,1.19038,1.24706,1.2331e+006
SHS,8/26/2015 00:00:00,1.26596,1.32264,1.26596,1.32264,621700
SHS,8/27/2015 00:00:00,1.34154,1.34154,1.30375,1.30375,521500
SHS,8/28/2015 00:00:00,1.32264,1.39822,1.32264,1.37933,1.20895e+006
SHS,8/31/2015 00:00:00,1.37933,1.39822,1.34154,1.34154,513410
SHS,9/1/2015 00:00:00,1.34154,1.36043,1.32264,1.34154,191400
SHS,9/3/2015 00:00:00,1.32264,1.36043,1.30375,1.32264,533300
SHS,9/4/2015 00:00:00,1.28485,1.34154,1.28485,1.30375,115400
SHS,9/7/2015 00:00:00,1.30375,1.32264,1.28485,1.28485,173300
SHS,9/8/2015 00:00:00,1.28485,1.32264,1.26596,1.32264,320100
SHS,9/9/2015 00:00:00,1.32264,1.36043,1.30375,1.34154,234310
SHS,9/10/2015 00:00:00,1.32264,1.34154,1.30375,1.30375,129000
SHS,9/11/2015 00:00:00,1.30375,1.34154,1.28485,1.30375,370700
SHS,9/14/2015 00:00:00,1.28485,1.28485,1.26596,1.26596,297700
SHS,9/15/2015 00:00:00,1.26596,1.28485,1.26596,1.26596,115700
SHS,9/16/2015 00:00:00,1.26596,1.28485,1.26596,1.26596,118600
SHS,9/17/2015 00:00:00,1.28485,1.30375,1.26596,1.26596,163140
SHS,9/18/2015 00:00:00,1.28485,1.30375,1.26596,1.28485,863300
SHS,9/21/2015 00:00:00,1.28485,1.30375,1.28485,1.28485,216000
SHS,9/22/2015 00:00:00,1.30375,1.32264,1.28485,1.28485,144600
SHS,9/23/2015 00:00:00,1.28485,1.30375,1.26596,1.26596,121800
SHS,9/24/2015 00:00:00,1.26596,1.32264,1.26596,1.30375,557600
SHS,9/25/2015 00:00:00,1.30375,1.30375,1.28485,1.28485,200300
SHS,9/28/2015 00:00:00,1.28485,1.30375,1.26596,1.26596,115100
SHS,9/29/2015 00:00:00,1.26596,1.26596,1.24706,1.26596,212566
SHS,9/30/2015 00:00:00,1.26596,1.28485,1.26596,1.26596,136150
SHS,10/1/2015 00:00:00,1.28485,1.28485,1.24706,1.26596,102100
SHS,10/2/2015 00:00:00,1.26596,1.28485,1.24706,1.24706,105291
SHS,10/5/2015 00:00:00,1.26596,1.28485,1.24706,1.26596,186636
SHS,10/6/2015 00:00:00,1.28485,1.36043,1.28485,1.34154,1.06866e+006
SHS,10/7/2015 00:00:00,1.34154,1.36043,1.30375,1.30375,336900
SHS,10/8/2015 00:00:00,1.32264,1.34154,1.30375,1.32264,286500
SHS,10/9/2015 00:00:00,1.34154,1.36043,1.32264,1.32264,401525
SHS,10/12/2015 00:00:00,1.34154,1.36043,1.32264,1.36043,755609
SHS,10/13/2015 00:00:00,1.36043,1.36043,1.32264,1.34154,379304
SHS,10/14/2015 00:00:00,1.34154,1.36043,1.32264,1.32264,335200
SHS,10/15/2015 00:00:00,1.32264,1.34154,1.32264,1.32264,309006
SHS,10/16/2015 00:00:00,1.32264,1.34154,1.30375,1.32264,704772
SHS,10/19/2015 00:00:00,1.32264,1.32264,1.28485,1.30375,276100
SHS,10/20/2015 00:00:00,1.28485,1.30375,1.26596,1.28485,404144
SHS,10/21/2015 00:00:00,1.24706,1.32264,1.24706,1.30375,397100
SHS,10/22/2015 00:00:00,1.30375,1.32264,1.30375,1.30375,537700
SHS,10/23/2015 00:00:00,1.30375,1.34154,1.28485,1.28485,552300
SHS,10/26/2015 00:00:00,1.28485,1.32264,1.28485,1.28485,540898
SHS,10/27/2015 00:00:00,1.28485,1.32264,1.28485,1.28485,524600
SHS,10/28/2015 00:00:00,1.30375,1.34154,1.30375,1.30375,863800
SHS,10/29/2015 00:00:00,1.32264,1.34154,1.32264,1.32264,423600
SHS,10/30/2015 00:00:00,1.32264,1.34154,1.32264,1.34154,420400
SHS,11/2/2015 00:00:00,1.4738,1.4738,1.32264,1.32264,775600
SHS,11/3/2015 00:00:00,1.32264,1.36043,1.32264,1.32264,1.0317e+006
SHS,11/4/2015 00:00:00,1.34154,1.37933,1.34154,1.36043,1.27653e+006
SHS,11/5/2015 00:00:00,1.36043,1.39822,1.36043,1.37933,1.20812e+006
SHS,11/6/2015 00:00:00,1.39822,1.41712,1.37933,1.41712,1.2722e+006
SHS,11/9/2015 00:00:00,1.41712,1.43601,1.39822,1.41712,350230
SHS,11/10/2015 00:00:00,1.41712,1.43601,1.37933,1.37933,652200
SHS,11/11/2015 00:00:00,1.39822,1.41712,1.37933,1.37933,688000
SHS,11/12/2015 00:00:00,1.39822,1.39822,1.36043,1.37933,723900
SHS,11/13/2015 00:00:00,1.37933,1.41712,1.37933,1.39822,862230
SHS,11/16/2015 00:00:00,1.39822,1.41712,1.37933,1.39822,539600
SHS,11/17/2015 00:00:00,1.39822,1.41712,1.37933,1.39822,327510
SHS,11/18/2015 00:00:00,1.39822,1.41712,1.37933,1.39822,230830
SHS,11/19/2015 00:00:00,1.39822,1.41712,1.37933,1.39822,141270
SHS,11/20/2015 00:00:00,1.39822,1.41712,1.37933,1.39822,134800
SHS,11/23/2015 00:00:00,1.39822,1.4927,1.39822,1.4738,911600
SHS,11/24/2015 00:00:00,1.4927,1.51159,1.43601,1.4738,442570
SHS,11/25/2015 00:00:00,1.45491,1.4927,1.43601,1.4927,462100
SHS,11/26/2015 00:00:00,1.43601,1.56828,1.43601,1.51159,1.90333e+006
SHS,11/27/2015 00:00:00,1.51159,1.56828,1.4927,1.4927,840170
SHS,11/30/2015 00:00:00,1.4738,1.4927,1.43601,1.45491,491300
SHS,12/1/2015 00:00:00,1.45491,1.4738,1.43601,1.45491,410400
SHS,12/2/2015 00:00:00,1.4927,1.4927,1.43601,1.45491,674400
SHS,12/3/2015 00:00:00,1.43601,1.4738,1.43601,1.45491,218510
SHS,12/4/2015 00:00:00,1.45491,1.45491,1.43601,1.45491,282600
SHS,12/7/2015 00:00:00,1.45491,1.56828,1.41712,1.43601,294110
SHS,12/8/2015 00:00:00,1.39822,1.43601,1.39822,1.43601,688100
SHS,12/9/2015 00:00:00,1.43601,1.43601,1.39822,1.39822,205200
SHS,12/10/2015 00:00:00,1.39822,1.39822,1.36043,1.36043,640900
SHS,12/11/2015 00:00:00,1.32264,1.37933,1.32264,1.34154,294100
SHS,12/14/2015 00:00:00,1.22817,1.4738,1.22817,1.34154,408500
SHS,12/15/2015 00:00:00,1.20928,1.37933,1.20928,1.36043,149400
SHS,12/16/2015 00:00:00,1.37933,1.39822,1.36043,1.36043,481900
SHS,12/17/2015 00:00:00,1.39822,1.39822,1.36043,1.37933,270200
SHS,12/18/2015 00:00:00,1.24706,1.39822,1.24706,1.37933,486120
SHS,12/21/2015 00:00:00,1.37933,1.39822,1.36043,1.37933,149600
SHS,12/22/2015 00:00:00,1.36043,1.39822,1.36043,1.37933,183200
SHS,12/23/2015 00:00:00,1.39822,1.39822,1.36043,1.37933,139300
SHS,12/24/2015 00:00:00,1.37933,1.39822,1.36043,1.36043,223200
SHS,12/25/2015 00:00:00,1.36043,1.37933,1.34154,1.37933,162900
SHS,12/28/2015 00:00:00,1.37933,1.37933,1.34154,1.34154,151500
SHS,12/29/2015 00:00:00,1.34154,1.39822,1.32264,1.39822,354620
SHS,12/30/2015 00:00:00,1.4738,1.4738,1.37933,1.39822,1.05437e+006
SHS,12/31/2015 00:00:00,1.53049,1.53049,1.37933,1.37933,154300
SHS,1/4/2016 00:00:00,1.51159,1.51159,1.37933,1.39822,1.0191e+006
SHS,1/5/2016 00:00:00,1.39822,1.41712,1.36043,1.36043,240464
SHS,1/6/2016 00:00:00,1.36043,1.39822,1.36043,1.37933,382940
SHS,1/7/2016 00:00:00,1.37933,1.37933,1.32264,1.34154,671920
SHS,1/8/2016 00:00:00,1.4738,1.4738,1.30375,1.32264,682900
SHS,1/11/2016 00:00:00,1.32264,1.32264,1.30375,1.32264,425210
SHS,1/12/2016 00:00:00,1.32264,1.36043,1.30375,1.36043,240370
SHS,1/13/2016 00:00:00,1.36043,1.36043,1.32264,1.34154,319700
SHS,1/14/2016 00:00:00,1.32264,1.34154,1.30375,1.30375,185000
SHS,1/15/2016 00:00:00,1.34154,1.34154,1.28485,1.28485,272500
SHS,1/18/2016 00:00:00,1.28485,1.28485,1.17149,1.22817,1.8457e+006
SHS,1/19/2016 00:00:00,1.22817,1.26596,1.20928,1.26596,1.00993e+006
SHS,1/20/2016 00:00:00,1.24706,1.28485,1.22817,1.24706,386300
SHS,1/21/2016 00:00:00,1.24706,1.26596,1.17149,1.19038,961000
SHS,1/22/2016 00:00:00,1.20928,1.24706,1.17149,1.22817,810700
SHS,1/25/2016 00:00:00,1.24706,1.30375,1.24706,1.30375,543100
SHS,1/26/2016 00:00:00,1.28485,1.30375,1.22817,1.24706,470000
SHS,1/27/2016 00:00:00,1.24706,1.30375,1.24706,1.28485,567800
SHS,1/28/2016 00:00:00,1.28485,1.32264,1.26596,1.28485,417200
SHS,1/29/2016 00:00:00,1.28485,1.32264,1.28485,1.30375,565500
SHS,2/1/2016 00:00:00,1.32264,1.32264,1.30375,1.32264,446200
SHS,2/2/2016 00:00:00,1.32264,1.34154,1.28485,1.28485,571700
SHS,2/3/2016 00:00:00,1.28485,1.30375,1.26596,1.28485,285800
SHS,2/4/2016 00:00:00,1.30375,1.32264,1.28485,1.30375,67400
SHS,2/5/2016 00:00:00,1.26596,1.34154,1.26596,1.34154,200100
SHS,2/15/2016 00:00:00,1.30375,1.34154,1.30375,1.34154,285400
SHS,2/16/2016 00:00:00,1.32264,1.36043,1.32264,1.36043,341800
SHS,2/17/2016 00:00:00,1.36043,1.39822,1.36043,1.37933,259000
SHS,2/18/2016 00:00:00,1.36043,1.37933,1.36043,1.37933,150400
SHS,2/19/2016 00:00:00,1.37933,1.37933,1.36043,1.37933,195700
SHS,2/22/2016 00:00:00,1.37933,1.41712,1.36043,1.41712,845700
SHS,2/23/2016 00:00:00,1.43601,1.43601,1.37933,1.39822,451700
SHS,2/24/2016 00:00:00,1.39822,1.41712,1.37933,1.41712,333100
SHS,2/25/2016 00:00:00,1.41712,1.41712,1.36043,1.36043,405300
SHS,2/26/2016 00:00:00,1.37933,1.39822,1.36043,1.39822,117700
SHS,2/29/2016 00:00:00,1.37933,1.37933,1.34154,1.37933,276200
SHS,3/1/2016 00:00:00,1.37933,1.39822,1.37933,1.37933,217800
SHS,3/2/2016 00:00:00,1.41712,1.41712,1.37933,1.39822,190735
SHS,3/3/2016 00:00:00,1.39822,1.39822,1.36043,1.36043,163300
SHS,3/4/2016 00:00:00,1.36043,1.37933,1.36043,1.36043,140800
SHS,3/7/2016 00:00:00,1.36043,1.37933,1.34154,1.36043,408230
SHS,3/8/2016 00:00:00,1.36043,1.37933,1.34154,1.36043,111200
SHS,3/9/2016 00:00:00,1.36043,1.37933,1.36043,1.36043,87400
SHS,3/10/2016 00:00:00,1.36043,1.39822,1.36043,1.39822,425500
SHS,3/11/2016 00:00:00,1.39822,1.39822,1.36043,1.37933,155100
SHS,3/14/2016 00:00:00,1.39822,1.41712,1.39822,1.39822,709100
SHS,3/15/2016 00:00:00,1.39822,1.41712,1.37933,1.37933,224800
SHS,3/16/2016 00:00:00,1.36043,1.39822,1.36043,1.37933,673400
SHS,3/17/2016 00:00:00,1.37933,1.41712,1.37933,1.37933,510600
SHS,3/18/2016 00:00:00,1.37933,1.39822,1.36043,1.37933,810400
SHS,3/21/2016 00:00:00,1.37933,1.37933,1.34154,1.36043,922600
SHS,3/22/2016 00:00:00,1.34154,1.36043,1.32264,1.34154,497996
SHS,3/23/2016 00:00:00,1.36043,1.36043,1.34154,1.36043,317200
SHS,3/24/2016 00:00:00,1.34154,1.37933,1.32264,1.32264,824576
SHS,3/25/2016 00:00:00,1.32264,1.32264,1.30375,1.30375,402800
SHS,3/28/2016 00:00:00,1.30375,1.32264,1.30375,1.32264,104700
SHS,3/29/2016 00:00:00,1.30375,1.30375,1.28485,1.30375,427610
SHS,3/30/2016 00:00:00,1.28485,1.32264,1.28485,1.32264,322950
SHS,3/31/2016 00:00:00,1.32264,1.32264,1.26596,1.26596,94200
SHS,4/1/2016 00:00:00,1.26596,1.28485,1.24706,1.26596,335320
SHS,4/4/2016 00:00:00,1.28485,1.28485,1.26596,1.28485,140200
SHS,4/5/2016 00:00:00,1.28485,1.30375,1.26596,1.30375,295600
SHS,4/6/2016 00:00:00,1.30375,1.30375,1.28485,1.30375,273900
SHS,4/7/2016 00:00:00,1.30375,1.32264,1.28485,1.30375,230300
SHS,4/8/2016 00:00:00,1.28485,1.34154,1.28485,1.32264,453400
SHS,4/11/2016 00:00:00,1.34154,1.36043,1.32264,1.32264,511200
SHS,4/12/2016 00:00:00,1.32264,1.32264,1.30375,1.30375,196400
SHS,4/13/2016 00:00:00,1.32264,1.34154,1.30375,1.34154,647410
SHS,4/14/2016 00:00:00,1.34154,1.36043,1.32264,1.34154,970710
SHS,4/15/2016 00:00:00,1.32264,1.37933,1.32264,1.37933,1.04947e+006
SHS,4/19/2016 00:00:00,1.37933,1.37933,1.32264,1.34154,305300
SHS,4/20/2016 00:00:00,1.32264,1.34154,1.32264,1.34154,177500
SHS,4/21/2016 00:00:00,1.32264,1.36043,1.32264,1.32264,356000
SHS,4/22/2016 00:00:00,1.32264,1.34154,1.32264,1.34154,84400
SHS,4/25/2016 00:00:00,1.34154,1.36043,1.30375,1.30375,323000
SHS,4/26/2016 00:00:00,1.30375,1.32264,1.30375,1.30375,213310
SHS,4/27/2016 00:00:00,1.30375,1.32264,1.28485,1.30375,192000
SHS,4/28/2016 00:00:00,1.30375,1.30375,1.28485,1.28485,306300
SHS,4/29/2016 00:00:00,1.28485,1.30375,1.28485,1.28485,105000
SHS,5/4/2016 00:00:00,1.28485,1.30375,1.26596,1.28485,262560
SHS,5/5/2016 00:00:00,1.28485,1.32264,1.28485,1.28485,237300
SHS,5/6/2016 00:00:00,1.28485,1.32264,1.28485,1.28485,310350
SHS,5/9/2016 00:00:00,1.28485,1.30375,1.26596,1.26596,133000
SHS,5/10/2016 00:00:00,1.28485,1.28485,1.24706,1.26596,178400
SHS,5/11/2016 00:00:00,1.24706,1.26596,1.24706,1.26596,133320
SHS,5/12/2016 00:00:00,1.26596,1.28485,1.24706,1.28485,206210
SHS,5/13/2016 00:00:00,1.28485,1.28485,1.24706,1.26596,119900
SHS,5/16/2016 00:00:00,1.26596,1.26596,1.24706,1.26596,91400
SHS,5/17/2016 00:00:00,1.26596,1.26596,1.24706,1.26596,267000
SHS,5/18/2016 00:00:00,1.26596,1.26596,1.24706,1.26596,157730
SHS,5/19/2016 00:00:00,1.26596,1.28485,1.24706,1.24706,97810
SHS,5/20/2016 00:00:00,1.24706,1.26596,1.22817,1.24706,146400
SHS,5/23/2016 00:00:00,1.24706,1.24706,1.22817,1.22817,305800
SHS,5/24/2016 00:00:00,1.22817,1.24706,1.22817,1.22817,97400
SHS,5/25/2016 00:00:00,1.24706,1.24706,1.20928,1.20928,265500
SHS,5/26/2016 00:00:00,1.20928,1.20928,1.19038,1.19038,160430
SHS,5/27/2016 00:00:00,1.19038,1.22817,1.19038,1.22817,126300
SHS,5/30/2016 00:00:00,1.22817,1.26596,1.22817,1.22817,606700
SHS,5/31/2016 00:00:00,1.22817,1.24706,1.22817,1.22817,139600
SHS,6/1/2016 00:00:00,1.22817,1.24706,1.22817,1.22817,132300
SHS,6/2/2016 00:00:00,1.22817,1.26596,1.22817,1.26596,192600
SHS,6/3/2016 00:00:00,1.26596,1.26596,1.24706,1.24706,172900
SHS,6/6/2016 00:00:00,1.24706,1.24706,1.22817,1.22817,185700
SHS,6/7/2016 00:00:00,1.22817,1.24706,1.20928,1.24706,284000
SHS,6/8/2016 00:00:00,1.22817,1.26596,1.22817,1.26596,200000
SHS,6/9/2016 00:00:00,1.26596,1.28485,1.22817,1.26596,414600
SHS,6/10/2016 00:00:00,1.26596,1.28485,1.24706,1.26596,134500
SHS,6/13/2016 00:00:00,1.26596,1.26596,1.22817,1.24706,55800
SHS,6/14/2016 00:00:00,1.24706,1.26596,1.22817,1.24706,275500
SHS,6/15/2016 00:00:00,1.24706,1.24706,1.22817,1.22817,179200
SHS,6/16/2016 00:00:00,1.22817,1.24706,1.22817,1.22817,344130
SHS,6/17/2016 00:00:00,1.22817,1.24706,1.22817,1.22817,541800
SHS,6/20/2016 00:00:00,1.22817,1.22817,1.22817,1.22817,115100
SHS,6/21/2016 00:00:00,1.22817,1.24706,1.20928,1.22817,163400
SHS,6/22/2016 00:00:00,1.20928,1.22817,1.20928,1.20928,144370
SHS,6/23/2016 00:00:00,1.20928,1.22817,1.20928,1.20928,58220
SHS,6/24/2016 00:00:00,1.19038,1.19038,1.09591,1.15259,840600
SHS,6/27/2016 00:00:00,1.15259,1.15259,1.1148,1.15259,372800
SHS,6/28/2016 00:00:00,1.15259,1.17149,1.15259,1.17149,98400
SHS,6/29/2016 00:00:00,1.19038,1.19038,1.15259,1.17149,109800
SHS,6/30/2016 00:00:00,1.15259,1.17149,1.15259,1.15259,143700
SHS,7/1/2016 00:00:00,1.1337,1.15259,1.1337,1.15259,89600
SHS,7/4/2016 00:00:00,1.15259,1.26596,1.15259,1.26596,373000
SHS,7/5/2016 00:00:00,1.26596,1.34154,1.26596,1.28485,696600
SHS,7/6/2016 00:00:00,1.28485,1.30375,1.24706,1.28485,353900
SHS,7/7/2016 00:00:00,1.26596,1.28485,1.24706,1.28485,457600
SHS,7/8/2016 00:00:00,1.28485,1.28485,1.24706,1.24706,406210
SHS,7/11/2016 00:00:00,1.24706,1.28485,1.20928,1.20928,294700
SHS,7/12/2016 00:00:00,1.20928,1.26596,1.19038,1.24706,411900
SHS,7/13/2016 00:00:00,1.24706,1.36043,1.24706,1.32264,1.1611e+006
SHS,7/14/2016 00:00:00,1.34154,1.34154,1.28485,1.30375,494100
SHS,7/15/2016 00:00:00,1.30375,1.30375,1.28485,1.30375,224700
SHS,7/18/2016 00:00:00,1.28485,1.28485,1.24706,1.28485,391200
SHS,7/19/2016 00:00:00,1.28485,1.30375,1.26596,1.28485,376300
SHS,7/20/2016 00:00:00,1.26596,1.28485,1.24706,1.26596,91700
SHS,7/21/2016 00:00:00,1.26596,1.26596,1.24706,1.26596,233700
SHS,7/22/2016 00:00:00,1.26596,1.26596,1.22817,1.26596,455500
SHS,7/25/2016 00:00:00,1.26596,1.28485,1.26596,1.26596,330611
SHS,7/26/2016 00:00:00,1.26596,1.26596,1.20928,1.24706,188870
SHS,7/27/2016 00:00:00,1.26596,1.26596,1.22817,1.22817,93700
SHS,7/28/2016 00:00:00,1.22817,1.24706,1.20928,1.20928,114890
SHS,7/29/2016 00:00:00,1.22817,1.24706,1.20928,1.20928,224200
SHS,8/1/2016 00:00:00,1.22817,1.22817,1.20928,1.20928,97870
SHS,8/2/2016 00:00:00,1.20928,1.22817,1.19038,1.22817,372474
SHS,8/3/2016 00:00:00,1.20928,1.22817,1.20928,1.20928,249000
SHS,8/4/2016 00:00:00,1.22817,1.24706,1.22817,1.22817,349621
SHS,8/5/2016 00:00:00,1.20928,1.22817,1.20928,1.20928,182242
SHS,8/8/2016 00:00:00,1.20928,1.20928,1.19038,1.20928,198300
SHS,8/9/2016 00:00:00,1.20928,1.20928,1.19038,1.20928,80900
SHS,8/10/2016 00:00:00,1.19038,1.22817,1.19038,1.22817,160510
SHS,8/11/2016 00:00:00,1.20928,1.22817,1.19038,1.22817,49300
SHS,8/12/2016 00:00:00,1.20928,1.20928,1.17149,1.19038,106800
SHS,8/15/2016 00:00:00,1.19038,1.20928,1.19038,1.20928,43200
SHS,8/16/2016 00:00:00,1.20928,1.20928,1.19038,1.20928,283688
SHS,8/17/2016 00:00:00,1.19038,1.20928,1.19038,1.20928,60500
SHS,8/18/2016 00:00:00,1.19038,1.20928,1.19038,1.20928,36800
SHS,8/19/2016 00:00:00,1.19038,1.24706,1.17149,1.17149,108359
SHS,8/22/2016 00:00:00,1.17149,1.19038,1.1337,1.19038,222750
SHS,8/23/2016 00:00:00,1.17149,1.17149,1.17149,1.17149,103900
SHS,8/24/2016 00:00:00,1.17149,1.17149,1.17149,1.17149,60600
SHS,8/25/2016 00:00:00,1.15259,1.17149,1.15259,1.15259,93100
SHS,8/26/2016 00:00:00,1.15259,1.17149,1.1337,1.1337,428100
SHS,8/29/2016 00:00:00,1.15259,1.15259,1.1337,1.1337,173800
SHS,8/30/2016 00:00:00,1.1337,1.1337,1.1148,1.1148,105000
SHS,8/31/2016 00:00:00,1.1337,1.1337,1.1148,1.1148,47900
SHS,9/1/2016 00:00:00,1.1148,1.1337,1.1148,1.1148,335900
SHS,9/5/2016 00:00:00,1.1337,1.15259,1.09591,1.1337,267600
SHS,9/6/2016 00:00:00,1.1337,1.15259,1.1337,1.1337,40200
SHS,9/7/2016 00:00:00,1.1337,1.1337,1.1148,1.1148,88500
SHS,9/8/2016 00:00:00,1.09591,1.1337,1.09591,1.1148,300400
SHS,9/9/2016 00:00:00,1.1337,1.19038,1.1337,1.15259,1.3351e+006
SHS,9/12/2016 00:00:00,1.1337,1.1337,1.1148,1.1337,171100
SHS,9/13/2016 00:00:00,1.1337,1.1337,1.1148,1.1337,155400
SHS,9/14/2016 00:00:00,1.1148,1.1148,1.09591,1.09591,277900
SHS,9/15/2016 00:00:00,1.09591,1.09591,1.07701,1.07701,51000
SHS,9/16/2016 00:00:00,1.05812,1.07701,1.03922,1.05812,122900
SHS,9/19/2016 00:00:00,1.05812,1.09591,1.05812,1.09591,211920
SHS,9/20/2016 00:00:00,1.07701,1.09591,1.05812,1.05812,145807
SHS,9/21/2016 00:00:00,1.05812,1.07701,1.05812,1.07701,115600
SHS,9/22/2016 00:00:00,1.07701,1.09591,1.05812,1.07701,284100
SHS,9/23/2016 00:00:00,1.05812,1.07701,1.05812,1.05812,258700
SHS,9/26/2016 00:00:00,1.05812,1.05812,1.02033,1.02033,176910
SHS,9/27/2016 00:00:00,1.03922,1.03922,1.02033,1.02033,168900
SHS,9/28/2016 00:00:00,1.02033,1.05812,1.02033,1.03922,213200
SHS,9/29/2016 00:00:00,1.03922,1.03922,1.02033,1.02033,193700
SHS,9/30/2016 00:00:00,1.00143,1.02033,0.982536,1.00143,126200
SHS,10/3/2016 00:00:00,1.02033,1.03922,1.00143,1.00143,296400
SHS,10/4/2016 00:00:00,1.02033,1.03922,1.00143,1.02033,118700
SHS,10/5/2016 00:00:00,1.02033,1.03922,1.00143,1.02033,345600
SHS,10/6/2016 00:00:00,1.02033,1.09591,1.02033,1.05812,1.1842e+006
SHS,10/7/2016 00:00:00,1.05812,1.05812,1.02033,1.02033,299930
SHS,10/10/2016 00:00:00,1.02033,1.02033,1.00143,1.02033,349600
SHS,10/11/2016 00:00:00,1.00143,1.02033,0.982536,1.02033,370980
SHS,10/12/2016 00:00:00,0.982536,1.03922,0.982536,1.02033,246510
SHS,10/13/2016 00:00:00,1.00143,1.03922,1.00143,1.03922,253442
SHS,10/14/2016 00:00:00,1.03922,1.07701,1.03922,1.05812,441100
SHS,10/17/2016 00:00:00,1.05812,1.07701,1.05812,1.05812,242100
SHS,10/18/2016 00:00:00,1.05812,1.05812,1.03922,1.05812,59800
SHS,10/19/2016 00:00:00,1.03922,1.09591,1.03922,1.07701,417342
SHS,10/20/2016 00:00:00,1.07701,1.1148,1.07701,1.07701,250600
SHS,10/21/2016 00:00:00,1.07701,1.07701,1.03922,1.05812,327500
SHS,10/24/2016 00:00:00,1.03922,1.05812,1.03922,1.03922,318800
SHS,10/25/2016 00:00:00,1.03922,1.03922,1.02033,1.02033,201100
SHS,10/26/2016 00:00:00,1.02033,1.03922,1.00143,1.02033,165800
SHS,10/27/2016 00:00:00,1.02033,1.02033,0.982536,1.00143,252900
SHS,10/28/2016 00:00:00,1.00143,1.00143,0.982536,1.00143,109820
SHS,10/31/2016 00:00:00,1.00143,1.02033,0.982536,0.982536,176142
SHS,11/1/2016 00:00:00,1.00143,1.03922,0.982536,1.02033,182503
SHS,11/2/2016 00:00:00,1.02033,1.02033,1.00143,1.02033,102900
SHS,11/3/2016 00:00:00,1.00143,1.02033,0.982536,1.00143,45602
SHS,11/4/2016 00:00:00,1.00143,1.00143,0.982536,0.982536,110600
SHS,11/7/2016 00:00:00,0.982536,1.00143,0.982536,1.00143,80000
SHS,11/8/2016 00:00:00,1.00143,1.02033,1.00143,1.02033,67500
SHS,11/9/2016 00:00:00,1.00143,1.00143,0.963641,0.982536,169700
SHS,11/10/2016 00:00:00,0.982536,1.02033,0.982536,1.00143,37800
SHS,11/11/2016 00:00:00,1.00143,1.02033,1.00143,1.00143,47800
SHS,11/14/2016 00:00:00,0.982536,1.00143,0.982536,0.982536,815110
SHS,11/15/2016 00:00:00,1.00143,1.00143,0.982536,0.982536,67600
SHS,11/16/2016 00:00:00,1.00143,1.02033,0.982536,1.00143,216500
SHS,11/17/2016 00:00:00,0.982536,1.00143,0.982536,0.982536,26515
SHS,11/18/2016 00:00:00,0.982536,1.00143,0.982536,0.982536,343748
SHS,11/21/2016 00:00:00,1.00143,1.02033,0.982536,0.982536,398400
SHS,11/22/2016 00:00:00,1.00143,1.00143,0.982536,1.00143,57500
SHS,11/23/2016 00:00:00,1.00143,1.02033,0.982536,1.02033,272400
SHS,11/24/2016 00:00:00,1.00143,1.02033,0.982536,0.982536,265000
SHS,11/25/2016 00:00:00,0.982536,1.00143,0.982536,0.982536,96300
SHS,11/28/2016 00:00:00,0.982536,1.00143,0.982536,1.00143,271527
SHS,11/29/2016 00:00:00,0.982536,1.00143,0.982536,0.982536,230700
SHS,11/30/2016 00:00:00,1.00143,1.00143,0.963641,0.982536,113310
SHS,12/1/2016 00:00:00,0.982536,1.00143,0.982536,1.00143,70040
SHS,12/2/2016 00:00:00,1.00143,1.00143,0.982536,0.982536,114700
SHS,12/5/2016 00:00:00,0.963641,0.982536,0.963641,0.982536,155210
SHS,12/6/2016 00:00:00,0.963641,0.963641,0.925851,0.925851,285215
SHS,12/7/2016 00:00:00,0.925851,0.944746,0.906956,0.944746,310200
SHS,12/8/2016 00:00:00,0.944746,0.944746,0.925851,0.944746,222000
SHS,12/9/2016 00:00:00,0.925851,0.944746,0.906956,0.944746,278800
SHS,12/12/2016 00:00:00,0.925851,0.925851,0.906956,0.906956,102100
SHS,12/13/2016 00:00:00,0.906956,0.906956,0.831377,0.831377,209700
SHS,12/14/2016 00:00:00,0.850272,0.888061,0.850272,0.869166,122300
SHS,12/15/2016 00:00:00,0.869166,0.869166,0.850272,0.869166,40070
SHS,12/16/2016 00:00:00,0.869166,0.888061,0.869166,0.869166,112900
SHS,12/19/2016 00:00:00,0.869166,0.906956,0.869166,0.906956,255621
SHS,12/20/2016 00:00:00,0.906956,0.906956,0.888061,0.888061,68600
SHS,12/21/2016 00:00:00,0.906956,0.906956,0.869166,0.888061,207600
SHS,12/22/2016 00:00:00,0.869166,0.869166,0.850272,0.850272,122900
SHS,12/23/2016 00:00:00,0.850272,0.869166,0.850272,0.869166,26010
SHS,12/26/2016 00:00:00,0.869166,0.888061,0.869166,0.869166,24900
SHS,12/27/2016 00:00:00,0.869166,0.869166,0.850272,0.869166,53860
SHS,12/28/2016 00:00:00,0.850272,0.869166,0.850272,0.869166,6770
SHS,12/29/2016 00:00:00,0.869166,0.888061,0.850272,0.888061,40600
SHS,12/30/2016 00:00:00,0.869166,0.888061,0.869166,0.869166,45100
SHS,1/3/2017 00:00:00,0.869166,0.906956,0.869166,0.888061,97900
SHS,1/4/2017 00:00:00,0.888061,0.906956,0.888061,0.888061,92060
SHS,1/5/2017 00:00:00,0.888061,0.906956,0.888061,0.888061,146400
SHS,1/6/2017 00:00:00,0.888061,0.888061,0.869166,0.869166,159210
SHS,1/9/2017 00:00:00,0.869166,0.944746,0.869166,0.944746,1.13591e+006
SHS,1/10/2017 00:00:00,0.963641,1.00143,0.944746,0.963641,372920
SHS,1/11/2017 00:00:00,0.963641,0.963641,0.944746,0.944746,94300
SHS,1/12/2017 00:00:00,0.944746,0.944746,0.925851,0.944746,251430
SHS,1/13/2017 00:00:00,0.944746,0.963641,0.925851,0.944746,300420
SHS,1/16/2017 00:00:00,0.944746,0.963641,0.925851,0.944746,104900
SHS,1/17/2017 00:00:00,0.925851,0.944746,0.925851,0.925851,150700
SHS,1/18/2017 00:00:00,0.925851,0.944746,0.925851,0.925851,206300
SHS,1/19/2017 00:00:00,0.925851,0.925851,0.906956,0.925851,65600
SHS,1/20/2017 00:00:00,0.925851,0.925851,0.906956,0.925851,141800
SHS,1/23/2017 00:00:00,0.925851,0.944746,0.925851,0.944746,90100
SHS,1/24/2017 00:00:00,0.925851,0.944746,0.906956,0.925851,22800
SHS,1/25/2017 00:00:00,0.944746,0.944746,0.925851,0.944746,134200
SHS,2/2/2017 00:00:00,0.944746,0.944746,0.906956,0.925851,140700
SHS,2/3/2017 00:00:00,0.944746,0.944746,0.925851,0.944746,66500
SHS,2/6/2017 00:00:00,0.944746,0.982536,0.944746,0.963641,327400
SHS,2/7/2017 00:00:00,0.963641,0.982536,0.944746,0.963641,469406
SHS,2/8/2017 00:00:00,0.982536,1.02033,0.982536,1.00143,523900
SHS,2/9/2017 00:00:00,1.02033,1.02033,1.00143,1.02033,101810
SHS,2/10/2017 00:00:00,1.00143,1.02033,1.00143,1.00143,185600
SHS,2/13/2017 00:00:00,1.00143,1.02033,1.00143,1.00143,352240
SHS,2/14/2017 00:00:00,1.02033,1.03922,1.00143,1.02033,320536
SHS,2/15/2017 00:00:00,1.02033,1.02033,1.00143,1.00143,557960
SHS,2/16/2017 00:00:00,1.02033,1.05812,1.00143,1.02033,358010
SHS,2/17/2017 00:00:00,1.02033,1.02033,1.00143,1.02033,365010
SHS,2/20/2017 00:00:00,1.02033,1.03922,1.02033,1.03922,294210
SHS,2/21/2017 00:00:00,1.03922,1.1337,1.03922,1.1148,1.11459e+006
SHS,2/22/2017 00:00:00,1.1148,1.20928,1.1148,1.20928,1.68359e+006
SHS,2/23/2017 00:00:00,1.22817,1.22817,1.17149,1.19038,726490
SHS,2/24/2017 00:00:00,1.17149,1.19038,1.15259,1.17149,498550
SHS,2/27/2017 00:00:00,1.17149,1.28485,1.15259,1.26596,844323
SHS,2/28/2017 00:00:00,1.26596,1.32264,1.26596,1.26596,931835
SHS,3/1/2017 00:00:00,1.26596,1.26596,1.20928,1.26596,795300
SHS,3/2/2017 00:00:00,1.26596,1.26596,1.22817,1.26596,414600
SHS,3/3/2017 00:00:00,1.24706,1.26596,1.22817,1.24706,406600
SHS,3/6/2017 00:00:00,1.22817,1.26596,1.20928,1.22817,663356
SHS,3/7/2017 00:00:00,1.22817,1.26596,1.20928,1.26596,383400
SHS,3/8/2017 00:00:00,1.24706,1.26596,1.22817,1.22817,526900
SHS,3/9/2017 00:00:00,1.24706,1.26596,1.24706,1.24706,413551
SHS,3/10/2017 00:00:00,1.24706,1.26596,1.22817,1.26596,696500
SHS,3/13/2017 00:00:00,1.28485,1.28485,1.22817,1.26596,545839
SHS,3/14/2017 00:00:00,1.24706,1.36043,1.24706,1.34154,1.86314e+006
SHS,3/15/2017 00:00:00,1.34154,1.36043,1.32264,1.34154,719960
SHS,3/16/2017 00:00:00,1.34154,1.4738,1.32264,1.45491,1.67053e+006
SHS,3/17/2017 00:00:00,1.45491,1.51159,1.45491,1.4738,679670
SHS,3/20/2017 00:00:00,1.45491,1.51159,1.43601,1.45491,975410
SHS,3/21/2017 00:00:00,1.43601,1.4738,1.41712,1.4738,1.14623e+006
SHS,3/22/2017 00:00:00,1.4738,1.56828,1.45491,1.51159,2.20351e+006
SHS,3/23/2017 00:00:00,1.53049,1.54938,1.4738,1.53049,549300
SHS,3/24/2017 00:00:00,1.53049,1.56828,1.51159,1.53049,725441
SHS,3/27/2017 00:00:00,1.54938,1.58717,1.51159,1.54938,1.4703e+006
SHS,3/28/2017 00:00:00,1.56828,1.60607,1.54938,1.58717,797920
SHS,3/29/2017 00:00:00,1.58717,1.58717,1.53049,1.58717,852700
SHS,3/30/2017 00:00:00,1.58717,1.60607,1.54938,1.56828,541400
SHS,3/31/2017 00:00:00,1.54938,1.54938,1.51159,1.53049,1.09219e+006
SHS,4/3/2017 00:00:00,1.53049,1.54938,1.4927,1.51159,453120
SHS,4/4/2017 00:00:00,1.51159,1.53049,1.4738,1.4927,827940
SHS,4/5/2017 00:00:00,1.4738,1.51159,1.4738,1.4927,549370
SHS,4/7/2017 00:00:00,1.4738,1.4927,1.43601,1.45491,618000
SHS,4/10/2017 00:00:00,1.4738,1.58717,1.43601,1.58717,2.19225e+006
SHS,4/11/2017 00:00:00,1.60607,1.68165,1.58717,1.58717,1.24685e+006
SHS,4/12/2017 00:00:00,1.58717,1.58717,1.53049,1.56828,533150
SHS,4/13/2017 00:00:00,1.54938,1.58717,1.53049,1.54938,1.02588e+006
SHS,4/14/2017 00:00:00,1.54938,1.54938,1.4738,1.4738,1.25341e+006
SHS,4/17/2017 00:00:00,1.4738,1.51159,1.43601,1.45491,706201
SHS,4/18/2017 00:00:00,1.4738,1.4927,1.43601,1.4927,862660
SHS,4/19/2017 00:00:00,1.4927,1.53049,1.4738,1.53049,684475
SHS,4/20/2017 00:00:00,1.53049,1.54938,1.51159,1.53049,846800
SHS,4/21/2017 00:00:00,1.53049,1.56828,1.51159,1.54938,808501
SHS,4/24/2017 00:00:00,1.54938,1.56828,1.53049,1.53049,805600
SHS,4/25/2017 00:00:00,1.53049,1.53049,1.4927,1.51159,401000
SHS,4/26/2017 00:00:00,1.51159,1.53049,1.4927,1.53049,622800
SHS,4/27/2017 00:00:00,1.54938,1.56828,1.53049,1.53049,544690
SHS,4/28/2017 00:00:00,1.53049,1.53049,1.4927,1.4927,648400
SHS,5/3/2017 00:00:00,1.4927,1.51159,1.45491,1.4927,705210
SHS,5/4/2017 00:00:00,1.4927,1.53049,1.4927,1.4927,710865
SHS,5/5/2017 00:00:00,1.4927,1.51159,1.4738,1.4927,386759
SHS,5/8/2017 00:00:00,1.4927,1.53049,1.4738,1.4927,1.0341e+006
SHS,5/9/2017 00:00:00,1.4927,1.62496,1.4927,1.62496,3.71992e+006
SHS,5/10/2017 00:00:00,1.70054,1.73833,1.66275,1.66275,2.26421e+006
SHS,5/11/2017 00:00:00,1.66275,1.71944,1.66275,1.68165,1.21007e+006
SHS,5/12/2017 00:00:00,1.70054,1.75723,1.70054,1.73833,2.04339e+006
SHS,5/15/2017 00:00:00,1.70054,1.81391,1.70054,1.81391,1.34264e+006
SHS,5/16/2017 00:00:00,1.81391,1.8517,1.73833,1.73833,1.63609e+006
SHS,5/17/2017 00:00:00,1.73833,1.77612,1.71944,1.75723,1.15241e+006
SHS,5/18/2017 00:00:00,1.75723,1.83281,1.73833,1.77612,1.76476e+006
SHS,5/19/2017 00:00:00,1.77612,1.94618,1.77612,1.94618,3.13023e+006
SHS,5/22/2017 00:00:00,1.98397,2.02176,1.88949,1.92728,2.5681e+006
SHS,5/23/2017 00:00:00,1.90839,2.05955,1.88949,2.00286,1.90613e+006
SHS,5/24/2017 00:00:00,2.02176,2.19181,2.00286,2.19181,4.20227e+006
SHS,5/25/2017 00:00:00,2.29328,2.37446,2.21211,2.2324,2.61116e+006
SHS,5/26/2017 00:00:00,2.25269,2.37446,2.2324,2.37446,1.99641e+006
SHS,5/29/2017 00:00:00,2.39476,2.49623,2.29328,2.31358,3.43974e+006
SHS,5/30/2017 00:00:00,2.31358,2.31358,2.15122,2.15122,3.21822e+006
SHS,5/31/2017 00:00:00,2.15122,2.21211,2.11063,2.15122,1.41105e+006
SHS,6/1/2017 00:00:00,1.98887,2.25269,1.98887,2.19181,1.16101e+006
SHS,6/2/2017 00:00:00,2.2324,2.39476,2.21211,2.33387,2.56432e+006
SHS,6/5/2017 00:00:00,2.35417,2.47593,2.35417,2.41505,2.90821e+006
SHS,6/6/2017 00:00:00,2.41505,2.45564,2.37446,2.45564,1.18135e+006
SHS,6/7/2017 00:00:00,2.45564,2.57741,2.45564,2.53682,1.98112e+006
SHS,6/8/2017 00:00:00,2.53682,2.55711,2.41505,2.47593,1.23146e+006
SHS,6/9/2017 00:00:00,2.43535,2.53682,2.43535,2.45564,1.00077e+006
SHS,6/12/2017 00:00:00,2.47593,2.51652,2.43535,2.47593,1.04354e+006
SHS,6/13/2017 00:00:00,2.47593,2.65859,2.43535,2.63829,2.5005e+006
SHS,6/14/2017 00:00:00,2.67888,2.78035,2.67888,2.69917,1.59649e+006
SHS,6/15/2017 00:00:00,2.71947,2.76006,2.67888,2.76006,1.2919e+006
SHS,6/16/2017 00:00:00,2.76006,2.80065,2.67888,2.78035,1.50914e+006
SHS,6/19/2017 00:00:00,2.78035,2.82094,2.73976,2.78035,1.35946e+006
SHS,6/20/2017 00:00:00,2.73976,2.88183,2.73976,2.80065,1.86113e+006
SHS,6/21/2017 00:00:00,2.82094,2.84124,2.618,2.67888,3.3143e+006
SHS,6/22/2017 00:00:00,2.69917,2.78035,2.69917,2.71947,1.66941e+006
SHS,6/23/2017 00:00:00,2.69917,2.73976,2.65859,2.71947,1.12543e+006
SHS,6/26/2017 00:00:00,2.71947,2.82094,2.69917,2.78035,1.3457e+006
SHS,6/27/2017 00:00:00,2.78035,2.82094,2.73976,2.76006,1.44215e+006
SHS,6/28/2017 00:00:00,2.76006,2.80065,2.73976,2.80065,1.28471e+006
SHS,6/29/2017 00:00:00,2.82094,2.963,2.80065,2.94271,2.4601e+006
SHS,6/30/2017 00:00:00,2.94271,2.9833,2.84124,2.90212,1.63286e+006
SHS,7/3/2017 00:00:00,2.90212,3.14565,2.90212,3.12536,3.17948e+006
SHS,7/4/2017 00:00:00,3.10507,3.18624,3.08477,3.16595,1.85248e+006
SHS,7/5/2017 00:00:00,3.16595,3.32831,3.16595,3.32831,1.89972e+006
SHS,7/6/2017 00:00:00,3.32831,3.38919,3.28772,3.3486,1.94754e+006
SHS,7/7/2017 00:00:00,3.32831,3.36889,3.10507,3.10507,3.15515e+006
SHS,7/10/2017 00:00:00,3.14565,3.20654,2.92241,2.963,2.48526e+006
SHS,7/11/2017 00:00:00,2.963,3.04418,2.94271,3.04418,1.57285e+006
SHS,7/12/2017 00:00:00,3.06448,3.12536,3.04418,3.10507,1.20345e+006
SHS,7/13/2017 00:00:00,3.10507,3.10507,3.02389,3.10507,1.1561e+006
SHS,7/14/2017 00:00:00,3.08477,3.12536,3.06448,3.06448,981700
SHS,7/17/2017 00:00:00,3.06448,3.06448,2.80065,2.80065,2.10262e+006
SHS,7/18/2017 00:00:00,2.80065,2.86153,2.69917,2.80065,1.8001e+006
SHS,7/19/2017 00:00:00,2.84124,2.92241,2.76006,2.76006,1.14248e+006
SHS,7/20/2017 00:00:00,2.78035,2.84124,2.76006,2.82094,1.00547e+006
SHS,7/21/2017 00:00:00,2.9833,3.06448,2.92241,2.92241,1.95848e+006
SHS,7/24/2017 00:00:00,2.92241,2.92241,2.84124,2.88183,603780
SHS,7/25/2017 00:00:00,2.84124,2.90212,2.84124,2.90212,976240
SHS,7/26/2017 00:00:00,2.90212,3.10507,2.90212,3.10507,1.32656e+006
SHS,7/27/2017 00:00:00,3.12536,3.12536,3.04418,3.06448,885050
SHS,7/28/2017 00:00:00,3.04418,3.16595,3.04418,3.12536,1.24285e+006
SHS,7/31/2017 00:00:00,3.16595,3.22683,3.10507,3.14565,1.54771e+006
SHS,8/1/2017 00:00:00,3.16595,3.18624,3.10507,3.10507,916400
SHS,8/2/2017 00:00:00,3.10507,3.12536,3.06448,3.10507,935600
SHS,8/3/2017 00:00:00,3.10507,3.12536,3.06448,3.12536,1.03355e+006
SHS,8/4/2017 00:00:00,3.12536,3.40948,3.12536,3.36889,4.41567e+006
SHS,8/7/2017 00:00:00,3.36889,3.47037,3.36889,3.38919,1.99256e+006
SHS,8/8/2017 00:00:00,3.38919,3.42978,3.30801,3.32831,1.39236e+006
SHS,8/9/2017 00:00:00,3.30801,3.30801,3.14565,3.16595,3.02477e+006
SHS,8/10/2017 00:00:00,3.16595,3.22683,3.12536,3.16595,1.10545e+006
SHS,8/11/2017 00:00:00,3.16595,3.24713,3.14565,3.22683,737360
SHS,8/14/2017 00:00:00,3.24713,3.30801,3.20654,3.30801,748402
SHS,8/15/2017 00:00:00,3.30801,3.32831,3.20654,3.22683,1.09498e+006
SHS,8/16/2017 00:00:00,3.22683,3.24713,3.18624,3.22683,651910
SHS,8/17/2017 00:00:00,3.22683,3.22683,3.04418,3.04418,1.3526e+006
SHS,8/18/2017 00:00:00,3.02389,3.12536,2.9833,3.10507,1.15234e+006
SHS,8/21/2017 00:00:00,3.10507,3.12536,3.06448,3.06448,480720
SHS,8/22/2017 00:00:00,3.04418,3.06448,2.94271,2.963,1.60255e+006
SHS,8/23/2017 00:00:00,2.92241,3.00359,2.92241,3.00359,839430
SHS,8/24/2017 00:00:00,3.00359,3.12536,3.00359,3.12536,845224
SHS,8/25/2017 00:00:00,3.12536,3.12536,3.06448,3.08477,1.0976e+006
SHS,8/28/2017 00:00:00,3.04418,3.18624,2.963,3.16595,1.33332e+006
SHS,8/29/2017 00:00:00,3.16595,3.20654,3.12536,3.12536,1.23047e+006
SHS,8/30/2017 00:00:00,3.12536,3.14565,3.10507,3.10507,1.11952e+006
SHS,8/31/2017 00:00:00,3.08477,3.16595,3.08477,3.14565,1.01715e+006
SHS,9/1/2017 00:00:00,3.18624,3.20654,3.14565,3.16595,1.03674e+006
SHS,9/5/2017 00:00:00,3.16595,3.18624,3.12536,3.12536,1.01401e+006
SHS,9/6/2017 00:00:00,3.12536,3.16595,3.10507,3.14565,821202
SHS,9/7/2017 00:00:00,3.14565,3.3486,3.14565,3.30801,2.16207e+006
SHS,9/8/2017 00:00:00,3.32831,3.32831,3.24713,3.24713,1.37006e+006
SHS,9/11/2017 00:00:00,3.24713,3.26742,3.16595,3.18624,1.29472e+006
SHS,9/12/2017 00:00:00,3.18624,3.26742,3.18624,3.24713,1.03253e+006
SHS,9/13/2017 00:00:00,3.26742,3.36889,3.24713,3.32831,1.36152e+006
SHS,9/14/2017 00:00:00,3.30801,3.51096,3.30801,3.42978,3.32278e+006
SHS,9/15/2017 00:00:00,3.45007,3.47037,3.38919,3.47037,1.05401e+006
SHS,9/18/2017 00:00:00,3.47037,3.61243,3.45007,3.55155,1.87043e+006
SHS,9/19/2017 00:00:00,3.55155,3.59213,3.45007,3.47037,1.59519e+006
SHS,9/20/2017 00:00:00,3.47037,3.51096,3.42978,3.49066,1.27725e+006
SHS,9/21/2017 00:00:00,3.49066,3.59213,3.49066,3.55155,1.36353e+006
SHS,9/22/2017 00:00:00,3.57184,3.61243,3.53125,3.55155,1.06895e+006
SHS,9/25/2017 00:00:00,3.55155,3.57184,3.49066,3.49066,938056
SHS,9/26/2017 00:00:00,3.49066,3.51096,3.42978,3.47037,1.27566e+006
SHS,9/27/2017 00:00:00,3.47037,3.53125,3.47037,3.47037,641266
SHS,9/28/2017 00:00:00,3.49066,3.57184,3.45007,3.49066,1.70203e+006
SHS,9/29/2017 00:00:00,3.49066,3.63272,3.49066,3.61243,2.10497e+006
SHS,10/2/2017 00:00:00,3.63272,3.7342,3.61243,3.69361,2.42406e+006
SHS,10/3/2017 00:00:00,3.67331,3.7139,3.57184,3.69361,1.97551e+006
SHS,10/4/2017 00:00:00,3.67331,3.79508,3.65302,3.77479,1.99078e+006
SHS,10/5/2017 00:00:00,3.79508,3.79508,3.7139,3.7139,2.15641e+006
SHS,10/6/2017 00:00:00,3.7139,3.75449,3.69361,3.75449,1.19801e+006
SHS,10/9/2017 00:00:00,3.77479,3.81537,3.75449,3.81537,1.44286e+006
SHS,10/10/2017 00:00:00,3.85596,3.89655,3.79508,3.89655,1.51268e+006
SHS,10/11/2017 00:00:00,3.93714,3.95744,3.83567,3.85596,1.54722e+006
SHS,10/12/2017 00:00:00,3.91685,3.91685,3.7342,3.75449,2.13329e+006
SHS,10/13/2017 00:00:00,3.77479,3.81537,3.7139,3.81537,1.10735e+006
SHS,10/16/2017 00:00:00,3.81537,3.83567,3.75449,3.75449,1.3212e+006
SHS,10/17/2017 00:00:00,3.75449,3.85596,3.75449,3.81537,1.54001e+006
SHS,10/18/2017 00:00:00,3.85596,3.85596,3.75449,3.77479,1.07724e+006
SHS,10/19/2017 00:00:00,3.79508,3.79508,3.75449,3.75449,1.10708e+006
SHS,10/20/2017 00:00:00,3.77479,3.81537,3.65302,3.67331,2.11397e+006
SHS,10/23/2017 00:00:00,3.67331,3.69361,3.57184,3.57184,1.52156e+006
SHS,10/24/2017 00:00:00,3.51096,3.63272,3.51096,3.61243,863728
SHS,10/25/2017 00:00:00,3.63272,3.65302,3.59213,3.61243,722200
SHS,10/26/2017 00:00:00,3.61243,3.61243,3.51096,3.55155,1.18037e+006
SHS,10/27/2017 00:00:00,3.55155,3.57184,3.53125,3.55155,928436
SHS,10/30/2017 00:00:00,3.61243,3.63272,3.53125,3.53125,1.15952e+006
SHS,10/31/2017 00:00:00,3.53125,3.53125,3.40948,3.49066,1.35473e+006
SHS,11/1/2017 00:00:00,3.49066,3.51096,3.40948,3.45007,1.27806e+006
SHS,11/2/2017 00:00:00,3.47037,3.51096,3.3486,3.38919,1.23663e+006
SHS,11/3/2017 00:00:00,3.40948,3.42978,3.26742,3.40948,2.04766e+006
SHS,11/6/2017 00:00:00,3.40948,3.47037,3.40948,3.47037,1.04061e+006
SHS,11/7/2017 00:00:00,3.47037,3.49066,3.45007,3.47037,822728
SHS,11/8/2017 00:00:00,3.45007,3.49066,3.45007,3.49066,922770
SHS,11/9/2017 00:00:00,3.51096,3.57184,3.49066,3.53125,1.75914e+006
SHS,11/10/2017 00:00:00,3.53125,3.57184,3.51096,3.57184,1.9754e+006
SHS,11/13/2017 00:00:00,3.57184,3.7139,3.55155,3.7139,2.31644e+006
SHS,11/14/2017 00:00:00,3.7139,3.7342,3.63272,3.65302,2.74693e+006
SHS,11/15/2017 00:00:00,3.67331,3.69361,3.61243,3.63272,1.46525e+006
SHS,11/16/2017 00:00:00,3.63272,3.7139,3.63272,3.7139,2.06078e+006
SHS,11/17/2017 00:00:00,3.7342,3.77479,3.63272,3.67331,2.00643e+006
SHS,11/20/2017 00:00:00,3.67331,3.67331,3.61243,3.65302,1.65221e+006
SHS,11/21/2017 00:00:00,3.67331,3.7139,3.61243,3.61243,1.21967e+006
SHS,11/22/2017 00:00:00,3.61243,3.67331,3.57184,3.61243,1.18003e+006
SHS,11/23/2017 00:00:00,3.63272,3.7139,3.61243,3.65302,2.10285e+006
SHS,11/24/2017 00:00:00,3.65302,3.7342,3.63272,3.69361,1.43109e+006
SHS,11/27/2017 00:00:00,3.7139,4.05891,3.7139,4.03861,4.53928e+006
SHS,11/28/2017 00:00:00,4.05891,4.05891,3.89655,3.93714,1.91602e+006
SHS,11/29/2017 00:00:00,3.91685,4.03861,3.91685,4.03861,2.03804e+006
SHS,11/30/2017 00:00:00,4.05891,4.20097,4.03861,4.0995,2.93477e+006
SHS,12/1/2017 00:00:00,4.14009,4.20097,4.0995,4.16038,1.89521e+006
SHS,12/4/2017 00:00:00,4.16038,4.34303,4.16038,4.32274,2.24304e+006
SHS,12/5/2017 00:00:00,4.36333,4.36333,4.03861,4.03861,3.08968e+006
SHS,12/6/2017 00:00:00,4.05891,4.14009,3.97773,4.0995,2.01604e+006
SHS,12/7/2017 00:00:00,4.11979,4.14009,3.93714,3.99803,1.42037e+006
SHS,12/8/2017 00:00:00,3.99803,4.05891,3.93714,3.97773,1.56036e+006
SHS,12/11/2017 00:00:00,3.93714,3.95744,3.75449,3.75449,1.62172e+006
SHS,12/12/2017 00:00:00,3.75449,3.83567,3.51096,3.7342,2.65649e+006
SHS,12/13/2017 00:00:00,3.7342,3.81537,3.69361,3.75449,845092
SHS,12/14/2017 00:00:00,3.75449,3.93714,3.7139,3.93714,1.04695e+006
SHS,12/15/2017 00:00:00,3.93714,3.95744,3.87626,3.93714,1.08846e+006
SHS,12/18/2017 00:00:00,3.97773,4.05891,3.97773,4.03861,1.12257e+006
SHS,12/19/2017 00:00:00,4.05891,4.0995,3.97773,4.03861,1.42135e+006
SHS,12/20/2017 00:00:00,4.01832,4.18068,3.99803,4.14009,1.4389e+006
SHS,12/21/2017 00:00:00,4.16038,4.18068,4.0792,4.0792,1.16423e+006
SHS,12/22/2017 00:00:00,4.0792,4.0995,3.97773,3.97773,1.4206e+006
SHS,12/25/2017 00:00:00,3.95744,4.05891,3.95744,3.97773,956380
SHS,12/26/2017 00:00:00,3.97773,4.05891,3.97773,4.05891,1.19935e+006
SHS,12/27/2017 00:00:00,4.0792,4.11979,4.03861,4.03861,1.20109e+006
SHS,12/28/2017 00:00:00,4.03861,4.32274,4.03861,4.26185,2.36401e+006
SHS,12/29/2017 00:00:00,4.26185,4.42421,4.24156,4.30244,2.67163e+006
SHS,1/2/2018 00:00:00,4.30244,4.44451,4.30244,4.36333,1.52084e+006
SHS,1/3/2018 00:00:00,4.36333,4.44451,4.34303,4.34303,2.87134e+006
SHS,1/4/2018 00:00:00,4.36333,4.40392,4.28215,4.32274,2.60093e+006
SHS,1/5/2018 00:00:00,4.34303,4.34303,4.18068,4.18068,1.91703e+006
SHS,1/8/2018 00:00:00,4.18068,4.34303,4.14009,4.34303,1.41788e+006
SHS,1/9/2018 00:00:00,4.34303,4.54598,4.34303,4.54598,1.96153e+006
SHS,1/10/2018 00:00:00,4.56627,4.64745,4.48509,4.54598,1.81952e+006
SHS,1/11/2018 00:00:00,4.54598,4.58657,4.42421,4.54598,1.82228e+006
SHS,1/12/2018 00:00:00,4.54598,4.68804,4.44451,4.4648,2.18197e+006
SHS,1/15/2018 00:00:00,4.48509,4.58657,4.42421,4.52568,1.31362e+006
SHS,1/16/2018 00:00:00,4.52568,4.52568,4.40392,4.40392,1.30118e+006
SHS,1/17/2018 00:00:00,4.42421,4.4648,4.14009,4.14009,2.50788e+006
SHS,1/18/2018 00:00:00,4.0792,4.24156,4.0792,4.24156,1.23329e+006
SHS,1/19/2018 00:00:00,4.24156,4.42421,4.24156,4.36333,1.50282e+006
SHS,1/22/2018 00:00:00,4.4648,4.66775,4.4648,4.62716,3.56026e+006
SHS,1/23/2018 00:00:00,4.66775,4.78951,4.66775,4.78951,3.53684e+006
SHS,1/24/2018 00:00:00,4.8504,4.89099,4.70833,4.76922,2.99645e+006
SHS,1/25/2018 00:00:00,4.74892,4.8504,4.64745,4.70833,4.11838e+006
SHS,1/26/2018 00:00:00,4.78951,4.78951,4.52568,4.60686,4.63231e+006
SHS,1/29/2018 00:00:00,4.64745,4.8504,4.56627,4.8301,3.49017e+006
SHS,1/30/2018 00:00:00,4.8301,4.87069,4.66775,4.87069,2.52906e+006
SHS,1/31/2018 00:00:00,4.87069,4.91128,4.66775,4.66775,3.30272e+006
SHS,2/1/2018 00:00:00,4.66775,4.68804,4.44451,4.48509,3.80574e+006
SHS,2/2/2018 00:00:00,4.4648,4.56627,4.42421,4.52568,2.36344e+006
SHS,2/5/2018 00:00:00,4.52568,4.52568,4.11979,4.11979,3.49795e+006
SHS,2/6/2018 00:00:00,3.85596,4.11979,3.7139,4.03861,5.51141e+006
SHS,2/7/2018 00:00:00,4.26185,4.36333,4.11979,4.26185,2.01422e+006
SHS,2/8/2018 00:00:00,4.26185,4.26185,4.0792,4.16038,1.61133e+006
SHS,2/9/2018 00:00:00,3.99803,4.20097,3.75449,4.20097,2.05199e+006
SHS,2/12/2018 00:00:00,4.26185,4.4648,4.22127,4.4648,1.3294e+006
SHS,2/13/2018 00:00:00,4.4648,4.54598,4.44451,4.50539,1.12391e+006
SHS,2/21/2018 00:00:00,4.54598,4.62716,4.50539,4.58657,1.7443e+006
SHS,2/22/2018 00:00:00,4.56627,4.56627,4.38362,4.4648,1.99382e+006
SHS,2/23/2018 00:00:00,4.4648,4.56627,4.44451,4.54598,1.14242e+006
SHS,2/26/2018 00:00:00,4.58657,4.66775,4.54598,4.56627,2.72231e+006
SHS,2/27/2018 00:00:00,4.58657,4.58657,4.48509,4.56627,1.5223e+006
SHS,2/28/2018 00:00:00,4.54598,4.66775,4.44451,4.56627,3.05841e+006
SHS,3/1/2018 00:00:00,4.52568,4.78951,4.48509,4.66775,5.7187e+006
SHS,3/2/2018 00:00:00,4.62716,4.72863,4.58657,4.70833,2.49062e+006
SHS,3/5/2018 00:00:00,4.70833,4.8301,4.50539,4.50539,2.86652e+006
SHS,3/6/2018 00:00:00,4.58657,4.74892,4.48509,4.72863,3.56637e+006
SHS,3/7/2018 00:00:00,4.74892,4.76922,4.52568,4.60686,2.83482e+006
SHS,3/8/2018 00:00:00,4.60686,4.66775,4.58657,4.60686,1.32759e+006
SHS,3/9/2018 00:00:00,4.64745,4.72863,4.58657,4.62716,2.81816e+006
SHS,3/12/2018 00:00:00,4.64745,4.70833,4.54598,4.54598,1.58684e+006
SHS,3/13/2018 00:00:00,4.58657,4.60686,4.48509,4.54598,2.05844e+006
SHS,3/14/2018 00:00:00,4.60686,4.8301,4.58657,4.80981,5.3554e+006
SHS,3/15/2018 00:00:00,4.8504,4.97216,4.78951,4.93157,2.82533e+006
SHS,3/16/2018 00:00:00,4.95187,5.05334,4.89099,5.01275,3.4482e+006
SHS,3/19/2018 00:00:00,5.01275,5.05334,4.8504,4.87069,3.38906e+006
SHS,3/20/2018 00:00:00,4.87069,4.99246,4.80981,4.97216,2.32293e+006
SHS,3/21/2018 00:00:00,4.97216,5.01275,4.91128,4.95187,2.01714e+006
SHS,3/22/2018 00:00:00,4.95187,4.97216,4.78951,4.8504,2.15047e+006
SHS,3/23/2018 00:00:00,4.76922,4.76922,4.4648,4.76922,3.34163e+006
SHS,3/26/2018 00:00:00,4.70833,4.87069,4.70833,4.87069,1.6203e+006
SHS,3/27/2018 00:00:00,4.89099,4.97216,4.70833,4.76922,1.50563e+006
SHS,3/28/2018 00:00:00,4.76922,4.76922,4.66775,4.74892,1.10386e+006
SHS,3/29/2018 00:00:00,4.74892,4.78951,4.66775,4.72863,1.01816e+006
SHS,3/30/2018 00:00:00,4.72863,4.74892,4.66775,4.70833,1.1665e+006
SHS,4/2/2018 00:00:00,4.76922,4.89099,4.70833,4.8504,1.7346e+006
SHS,4/3/2018 00:00:00,4.8504,5.05334,4.76922,4.93157,3.1435e+006
SHS,4/4/2018 00:00:00,4.97216,5.07364,4.80981,4.89099,2.3071e+006
SHS,4/5/2018 00:00:00,4.91128,4.95187,4.8504,4.89099,1.7929e+006
SHS,4/6/2018 00:00:00,4.87069,4.97216,4.8504,4.87069,1.9996e+006
SHS,4/9/2018 00:00:00,4.87069,4.89099,4.74892,4.74892,3.1657e+006
SHS,4/10/2018 00:00:00,4.76922,4.87069,4.64745,4.66775,3.5088e+006
SHS,4/11/2018 00:00:00,4.8301,4.8301,4.42421,4.42421,3.5033e+006
SHS,4/12/2018 00:00:00,4.50539,4.54598,4.36333,4.54598,1.5521e+006
SHS,4/13/2018 00:00:00,4.56627,4.64745,4.38362,4.38362,1.4025e+006
SHS,4/16/2018 00:00:00,4.40392,4.54598,4.26185,4.52568,2.3843e+006
SHS,4/17/2018 00:00:00,4.54598,4.64745,4.52568,4.52568,1.8551e+006
SHS,4/18/2018 00:00:00,4.52568,4.62716,4.44451,4.44451,1.4068e+006
SHS,4/19/2018 00:00:00,4.44451,4.44451,4.20097,4.24156,1.872e+006
SHS,4/20/2018 00:00:00,4.22127,4.44451,4.20097,4.44451,1.1272e+006
SHS,4/23/2018 00:00:00,4.4648,4.4648,4.05891,4.05891,1.5804e+006
SHS,4/24/2018 00:00:00,3.75449,4.14009,3.75449,4.01832,1.7097e+006
SHS,4/26/2018 00:00:00,4.03861,4.03861,3.65302,3.7139,2.1863e+006
SHS,4/27/2018 00:00:00,3.7139,3.95744,3.7139,3.95744,1.1262e+006
SHS,5/2/2018 00:00:00,3.95744,4.01832,3.67331,3.77479,969300
SHS,5/3/2018 00:00:00,3.77479,3.85596,3.61243,3.85596,1.374e+006
SHS,5/4/2018 00:00:00,3.87626,3.91685,3.75449,3.77479,1.0726e+006
SHS,5/7/2018 00:00:00,3.83567,3.93714,3.77479,3.91685,894300
SHS,5/8/2018 00:00:00,3.91685,3.95744,3.83567,3.83567,1.0064e+006
SHS,5/9/2018 00:00:00,3.81537,3.85596,3.75449,3.77479,1.0076e+006
SHS,5/10/2018 00:00:00,3.83567,3.83567,3.53125,3.57184,1.4138e+006
SHS,5/11/2018 00:00:00,3.55155,3.63272,3.49066,3.57184,1.2607e+006
SHS,5/14/2018 00:00:00,3.61243,3.61243,3.55155,3.55155,716300
SHS,5/15/2018 00:00:00,3.55155,3.59213,3.40948,3.42978,1.4508e+006
SHS,5/16/2018 00:00:00,3.42978,3.49066,3.3486,3.38919,1.024e+006
SHS,5/17/2018 00:00:00,3.36889,3.40948,3.28772,3.32831,1.0952e+006
SHS,5/18/2018 00:00:00,3.32831,3.3486,3.02389,3.30801,1.3381e+006
SHS,5/21/2018 00:00:00,3.20654,3.36889,3.20654,3.30801,782400
SHS,5/22/2018 00:00:00,3.28772,3.28772,3.00359,3.04418,1.9108e+006
SHS,5/23/2018 00:00:00,3.04418,3.3486,2.92241,3.3486,1.7172e+006
SHS,5/24/2018 00:00:00,3.36889,3.40948,3.18624,3.24713,1.4678e+006
SHS,5/25/2018 00:00:00,3.24713,3.26742,3.10507,3.10507,1.2594e+006
SHS,5/28/2018 00:00:00,3.08477,3.08477,2.82094,2.82094,1.6617e+006
SHS,5/29/2018 00:00:00,2.82094,3.08477,2.82094,3.08477,1.3073e+006
SHS,5/30/2018 00:00:00,3.10507,3.16595,2.78035,3.10507,1.1612e+006
SHS,5/31/2018 00:00:00,3.10507,3.38919,3.06448,3.38919,2.3061e+006
SHS,6/1/2018 00:00:00,3.36889,3.45007,3.32831,3.36889,1.767e+006
SHS,6/4/2018 00:00:00,3.3486,3.47037,3.30801,3.42978,1.3549e+006
SHS,6/5/2018 00:00:00,3.42978,3.53125,3.38919,3.47037,1.202e+006
SHS,6/6/2018 00:00:00,3.55155,3.55155,3.38919,3.51096,1.0911e+006
SHS,6/7/2018 00:00:00,3.49066,3.51096,3.40948,3.40948,1.2307e+006
SHS,6/8/2018 00:00:00,3.40948,3.47037,3.36889,3.42978,1.0563e+006
SHS,6/11/2018 00:00:00,3.42978,3.45007,3.3486,3.38919,1.1964e+006
SHS,6/12/2018 00:00:00,3.3486,3.3486,3.18624,3.22683,1.3159e+006
SHS,6/13/2018 00:00:00,3.22683,3.28772,3.20654,3.28772,1.0341e+006
SHS,6/14/2018 00:00:00,3.26742,3.30801,3.14565,3.14565,1.15e+006
SHS,6/15/2018 00:00:00,2.963,3.18624,2.963,3.14565,824700
SHS,6/18/2018 00:00:00,3.14565,3.18624,2.9833,2.9833,991200
SHS,6/19/2018 00:00:00,2.94271,2.94271,2.69917,2.86153,1.9866e+006
SHS,6/20/2018 00:00:00,2.84124,3.00359,2.84124,2.9833,1.0736e+006
SHS,6/21/2018 00:00:00,2.94271,3.02389,2.90212,2.90212,1.1443e+006
SHS,6/22/2018 00:00:00,2.86153,2.94271,2.84124,2.94271,1.181e+006
SHS,6/25/2018 00:00:00,2.90212,3.08477,2.90212,3.00359,922800
SHS,6/26/2018 00:00:00,2.94271,2.963,2.90212,2.90212,1.0095e+006
SHS,6/27/2018 00:00:00,2.88183,2.963,2.84124,2.84124,1.0693e+006
SHS,6/28/2018 00:00:00,2.55711,2.84124,2.55711,2.78035,1.0425e+006
SHS,6/29/2018 00:00:00,2.76006,2.80065,2.5977,2.73976,925500
SHS,7/2/2018 00:00:00,2.73976,2.73976,2.53682,2.618,835300
SHS,7/3/2018 00:00:00,2.55711,2.65859,2.39476,2.39476,1.3108e+006
SHS,7/4/2018 00:00:00,2.39476,2.47593,2.2324,2.47593,999000
SHS,7/5/2018 00:00:00,2.43535,2.47593,2.25269,2.33387,955800
SHS,7/6/2018 00:00:00,2.33387,2.49623,2.13093,2.45564,1.1964e+006
SHS,7/9/2018 00:00:00,2.47593,2.51652,2.39476,2.43535,1.0134e+006
SHS,7/10/2018 00:00:00,2.43535,2.47593,2.41505,2.43535,994600
SHS,7/11/2018 00:00:00,2.43535,2.43535,2.33387,2.39476,1.8549e+006
SHS,7/12/2018 00:00:00,2.41505,2.47593,2.37446,2.47593,931500
SHS,7/13/2018 00:00:00,2.47593,2.55711,2.47593,2.55711,1.2701e+006
SHS,7/16/2018 00:00:00,2.57741,2.618,2.53682,2.5977,964800
SHS,7/17/2018 00:00:00,2.57741,2.65859,2.55711,2.65859,1.1781e+006
SHS,7/18/2018 00:00:00,2.65859,2.88183,2.65859,2.88183,1.539e+006
SHS,7/19/2018 00:00:00,2.90212,2.90212,2.80065,2.80065,1.2635e+006
SHS,7/20/2018 00:00:00,2.80065,2.92241,2.80065,2.92241,1.3916e+006
SHS,7/23/2018 00:00:00,2.94271,2.94271,2.84124,2.86153,1.3981e+006
SHS,7/24/2018 00:00:00,2.86153,2.90212,2.67888,2.82094,1.1633e+006
SHS,7/25/2018 00:00:00,2.78035,2.84124,2.69917,2.69917,1.1647e+006
SHS,7/26/2018 00:00:00,2.69917,2.71947,2.618,2.71947,1.0942e+006
SHS,7/27/2018 00:00:00,2.71947,2.80065,2.71947,2.78035,1.048e+006
SHS,7/30/2018 00:00:00,2.82094,2.84124,2.76006,2.82094,919800
SHS,7/31/2018 00:00:00,2.82094,2.88183,2.78035,2.84124,1.3947e+006
SHS,8/1/2018 00:00:00,2.84124,2.88183,2.78035,2.84124,1.072e+006
SHS,8/2/2018 00:00:00,2.84124,2.84124,2.76006,2.80065,949300
SHS,8/3/2018 00:00:00,2.80065,2.86153,2.80065,2.82094,1.1784e+006
SHS,8/6/2018 00:00:00,2.82094,2.84124,2.73976,2.73976,1.2039e+006
SHS,8/7/2018 00:00:00,2.78035,2.82094,2.73976,2.78035,1.0041e+006
SHS,8/8/2018 00:00:00,2.78035,2.92241,2.78035,2.90212,1.6626e+006
SHS,8/9/2018 00:00:00,2.92241,3.04418,2.92241,2.963,1.5814e+006
SHS,8/10/2018 00:00:00,2.963,3.02389,2.92241,3.02389,1.4307e+006
SHS,8/13/2018 00:00:00,3.02389,3.12536,3.02389,3.12536,1.3109e+006
SHS,8/14/2018 00:00:00,3.12536,3.12536,3.04418,3.08477,1.1193e+006
SHS,8/15/2018 00:00:00,3.08477,3.12536,2.94271,2.94271,1.4857e+006
SHS,8/16/2018 00:00:00,2.92241,2.9833,2.84124,2.94271,1.1804e+006
SHS,8/17/2018 00:00:00,2.9833,3.00359,2.94271,2.963,1.0092e+006
SHS,8/20/2018 00:00:00,2.963,2.963,2.90212,2.94271,1.0733e+006
SHS,8/21/2018 00:00:00,2.94271,3.02389,2.90212,3.02389,1.3078e+006
SHS,8/22/2018 00:00:00,2.92241,3.06448,2.88183,2.9833,1.1104e+006
SHS,8/23/2018 00:00:00,3.00359,3.02389,2.963,3.00359,1.0789e+006
SHS,8/24/2018 00:00:00,3.00359,3.02389,2.94271,3.00359,973800
SHS,8/27/2018 00:00:00,2.9833,3.12536,2.963,3.12536,2.8551e+006
SHS,8/28/2018 00:00:00,3.12536,3.18624,3.08477,3.16595,1.6562e+006
SHS,8/29/2018 00:00:00,3.16595,3.16595,3.10507,3.12536,1.2414e+006
SHS,8/30/2018 00:00:00,3.12536,3.14565,3.06448,3.14565,1.2553e+006
SHS,8/31/2018 00:00:00,3.14565,3.18624,3.08477,3.08477,1.2997e+006
SHS,9/4/2018 00:00:00,3.08477,3.08477,2.94271,2.94271,1.5704e+006
SHS,9/5/2018 00:00:00,2.94271,2.9833,2.88183,2.94271,1.2473e+006
SHS,9/6/2018 00:00:00,2.94271,2.963,2.90212,2.94271,921900
SHS,9/7/2018 00:00:00,2.94271,3.00359,2.92241,3.00359,1.0501e+006
SHS,9/10/2018 00:00:00,3.00359,3.04418,2.94271,2.963,1.0811e+006
SHS,9/11/2018 00:00:00,2.9833,3.06448,2.94271,3.06448,1.3592e+006
SHS,9/12/2018 00:00:00,3.08477,3.08477,2.9833,3.02389,1.2404e+006
SHS,9/13/2018 00:00:00,3.04418,3.10507,3.02389,3.06448,1.3318e+006
SHS,9/14/2018 00:00:00,3.06448,3.12536,3.06448,3.10507,1.7518e+006
SHS,9/17/2018 00:00:00,3.10507,3.30801,3.08477,3.28772,3.1898e+006
SHS,9/18/2018 00:00:00,3.28772,3.36889,3.20654,3.3486,1.6725e+006
SHS,9/19/2018 00:00:00,3.36889,3.36889,3.26742,3.30801,1.4578e+006
SHS,9/20/2018 00:00:00,3.30801,3.36889,3.28772,3.36889,1.9329e+006
SHS,9/21/2018 00:00:00,3.42978,3.45007,3.30801,3.36889,1.5072e+006
SHS,9/24/2018 00:00:00,3.40948,3.40948,3.30801,3.36889,1.3668e+006
SHS,9/25/2018 00:00:00,3.36889,3.42978,3.3486,3.36889,1.9116e+006
SHS,9/26/2018 00:00:00,3.26742,3.40948,3.26742,3.36889,1.59e+006
SHS,9/27/2018 00:00:00,3.36889,3.47037,3.36889,3.45007,2.1909e+006
SHS,9/28/2018 00:00:00,3.47037,3.47037,3.40948,3.40948,1.2535e+006
SHS,10/1/2018 00:00:00,3.40948,3.45007,3.32831,3.3486,1.5283e+006
SHS,10/2/2018 00:00:00,3.3486,3.38919,3.24713,3.24713,2.0451e+006
SHS,10/3/2018 00:00:00,3.30801,3.30801,3.22683,3.24713,1.6152e+006
SHS,10/4/2018 00:00:00,3.26742,3.36889,3.24713,3.36889,1.2319e+006
SHS,10/5/2018 00:00:00,3.36889,3.36889,3.24713,3.26742,1.4356e+006
SHS,10/8/2018 00:00:00,3.26742,3.30801,3.20654,3.20654,1.4045e+006
SHS,10/9/2018 00:00:00,3.22683,3.24713,3.18624,3.20654,983300
SHS,10/10/2018 00:00:00,3.20654,3.22683,3.14565,3.18624,904900
SHS,10/11/2018 00:00:00,3.10507,3.12536,2.88183,2.88183,3.5192e+006
SHS,10/12/2018 00:00:00,2.88183,3.00359,2.76006,2.94271,1.6029e+006
SHS,10/15/2018 00:00:00,2.94271,2.963,2.86153,2.86153,1.1707e+006
SHS,10/16/2018 00:00:00,2.80065,2.92241,2.73976,2.90212,1.1847e+006
SHS,10/17/2018 00:00:00,2.94271,2.9833,2.92241,2.963,1.0256e+006
SHS,10/18/2018 00:00:00,2.94271,2.963,2.88183,2.90212,918000
SHS,10/19/2018 00:00:00,2.88183,2.92241,2.80065,2.92241,1.0585e+006
SHS,10/22/2018 00:00:00,2.94271,2.963,2.88183,2.92241,1.3804e+006
SHS,10/23/2018 00:00:00,2.92241,2.963,2.76006,2.82094,3.6654e+006
SHS,10/24/2018 00:00:00,2.82094,2.84124,2.73976,2.73976,984100
SHS,10/25/2018 00:00:00,2.63829,2.73976,2.53682,2.73976,1.0853e+006
SHS,10/26/2018 00:00:00,2.73976,2.82094,2.71947,2.71947,1.2219e+006
SHS,10/29/2018 00:00:00,2.69917,2.71947,2.65859,2.71947,953800
SHS,10/30/2018 00:00:00,2.69917,2.76006,2.69917,2.73976,993900
SHS,10/31/2018 00:00:00,2.78035,2.90212,2.76006,2.88183,1.3654e+006
SHS,11/1/2018 00:00:00,2.90212,2.92241,2.78035,2.78035,1.0643e+006
SHS,11/2/2018 00:00:00,2.80065,2.88183,2.78035,2.88183,1.3505e+006
SHS,11/5/2018 00:00:00,2.92241,2.92241,2.80065,2.90212,1.0135e+006
SHS,11/6/2018 00:00:00,2.90212,2.92241,2.86153,2.86153,1.1032e+006
SHS,11/7/2018 00:00:00,2.88183,2.90212,2.80065,2.86153,848200
SHS,11/8/2018 00:00:00,2.86153,2.90212,2.86153,2.88183,876000
SHS,11/9/2018 00:00:00,2.84124,2.88183,2.78035,2.78035,832100
SHS,11/12/2018 00:00:00,2.78035,2.82094,2.73976,2.82094,917500
SHS,11/13/2018 00:00:00,2.76006,2.80065,2.71947,2.80065,874100
SHS,11/14/2018 00:00:00,2.76006,2.84124,2.73976,2.80065,817200
SHS,11/15/2018 00:00:00,2.80065,2.80065,2.73976,2.73976,825300
SHS,11/16/2018 00:00:00,2.76006,2.82094,2.71947,2.76006,781500
SHS,11/19/2018 00:00:00,2.76006,2.84124,2.76006,2.84124,932000
SHS,11/20/2018 00:00:00,2.82094,2.86153,2.55711,2.78035,794000
SHS,11/21/2018 00:00:00,2.76006,2.82094,2.73976,2.80065,471900
SHS,11/22/2018 00:00:00,2.82094,2.86153,2.80065,2.82094,837600
SHS,11/23/2018 00:00:00,2.82094,2.84124,2.76006,2.80065,617700
SHS,11/26/2018 00:00:00,2.80065,2.80065,2.76006,2.78035,615900
SHS,11/27/2018 00:00:00,2.80065,2.82094,2.73976,2.76006,823400
SHS,11/28/2018 00:00:00,2.78035,2.78035,2.71947,2.78035,830100
SHS,11/29/2018 00:00:00,2.80065,2.82094,2.73976,2.73976,774700
SHS,11/30/2018 00:00:00,2.76006,2.76006,2.71947,2.76006,555300
SHS,12/3/2018 00:00:00,2.78035,2.86153,2.78035,2.84124,1.0066e+006
SHS,12/4/2018 00:00:00,2.84124,2.86153,2.80065,2.84124,1.1661e+006
SHS,12/5/2018 00:00:00,2.80065,2.86153,2.78035,2.84124,1.0288e+006
SHS,12/6/2018 00:00:00,2.84124,2.86153,2.80065,2.84124,863100
SHS,12/7/2018 00:00:00,2.84124,3.00359,2.82094,2.963,1.9705e+006
SHS,12/10/2018 00:00:00,2.963,2.963,2.90212,2.92241,1.7819e+006
SHS,12/11/2018 00:00:00,2.94271,2.963,2.86153,2.90212,882800
SHS,12/12/2018 00:00:00,2.90212,2.94271,2.90212,2.94271,899700
SHS,12/13/2018 00:00:00,2.92241,2.963,2.92241,2.963,1.1226e+006
SHS,12/14/2018 00:00:00,2.963,2.963,2.92241,2.92241,935500
SHS,12/17/2018 00:00:00,2.90212,2.90212,2.80065,2.80065,1.1882e+006
SHS,12/18/2018 00:00:00,2.76006,2.78035,2.71947,2.78035,1.1339e+006
SHS,12/19/2018 00:00:00,2.80065,2.80065,2.69917,2.71947,808100
SHS,12/20/2018 00:00:00,2.69917,2.73976,2.67888,2.73976,730500
SHS,12/21/2018 00:00:00,2.71947,2.76006,2.67888,2.76006,603700
SHS,12/24/2018 00:00:00,2.76006,2.76006,2.67888,2.67888,943800
SHS,12/25/2018 00:00:00,2.63829,2.63829,2.47593,2.53682,970400
SHS,12/26/2018 00:00:00,2.5977,2.5977,2.49623,2.55711,675600
SHS,12/27/2018 00:00:00,2.5977,2.65859,2.5977,2.618,2.1879e+006
SHS,12/28/2018 00:00:00,2.618,2.63829,2.5977,2.5977,622600
SHS,1/2/2019 00:00:00,2.618,2.618,2.55711,2.55711,695300
SHS,1/3/2019 00:00:00,2.55711,2.55711,2.47593,2.49623,538100
SHS,1/4/2019 00:00:00,2.47593,2.49623,2.41505,2.49623,376200
SHS,1/7/2019 00:00:00,2.51652,2.53682,2.49623,2.51652,303700
SHS,1/8/2019 00:00:00,2.51652,2.53682,2.49623,2.51652,427800
SHS,1/9/2019 00:00:00,2.51652,2.57741,2.51652,2.51652,888900
SHS,1/10/2019 00:00:00,2.53682,2.53682,2.49623,2.49623,661900
SHS,1/11/2019 00:00:00,2.49623,2.51652,2.45564,2.45564,584200
SHS,1/14/2019 00:00:00,2.5569,2.68348,2.53159,2.68348,718400
SHS,1/15/2019 00:00:00,2.78475,2.78475,2.60754,2.60754,322500
SHS,1/16/2019 00:00:00,2.63285,2.65817,2.60754,2.63285,201800
SHS,1/17/2019 00:00:00,2.60754,2.65817,2.60754,2.63285,241100
SHS,1/18/2019 00:00:00,2.63285,2.65817,2.58222,2.63285,273800
SHS,1/21/2019 00:00:00,2.60754,2.7088,2.60754,2.7088,568300
SHS,1/22/2019 00:00:00,2.65817,2.68348,2.65817,2.65817,187300
SHS,1/23/2019 00:00:00,2.65817,2.65817,2.63285,2.65817,205900
SHS,1/24/2019 00:00:00,2.65817,2.7088,2.63285,2.63285,160700
SHS,1/25/2019 00:00:00,2.68348,2.7088,2.63285,2.65817,271800
SHS,1/28/2019 00:00:00,2.65817,2.65817,2.63285,2.63285,255700
SHS,1/29/2019 00:00:00,2.63285,2.63285,2.60754,2.63285,272700
SHS,1/30/2019 00:00:00,2.63285,2.65817,2.60754,2.60754,460900
SHS,1/31/2019 00:00:00,2.63285,2.63285,2.58222,2.63285,211700
SHS,2/1/2019 00:00:00,2.60754,2.63285,2.58222,2.63285,151800
SHS,2/11/2019 00:00:00,2.65817,2.78475,2.60754,2.78475,496000
SHS,2/12/2019 00:00:00,2.78475,2.86069,2.78475,2.83538,613300
SHS,2/13/2019 00:00:00,2.86069,2.86069,2.83538,2.83538,418700
SHS,2/14/2019 00:00:00,2.83538,2.83538,2.75943,2.81006,440500
SHS,2/15/2019 00:00:00,2.81006,2.86069,2.75943,2.81006,485600
SHS,2/18/2019 00:00:00,2.83538,2.91133,2.81006,2.91133,1.0823e+006
SHS,2/19/2019 00:00:00,2.91133,3.03791,2.88601,2.98727,1.593e+006
SHS,2/20/2019 00:00:00,2.98727,3.08854,2.98727,3.06322,1.6996e+006
SHS,2/21/2019 00:00:00,3.06322,3.08854,3.01259,3.03791,1.1772e+006
SHS,2/22/2019 00:00:00,3.01259,3.08854,2.96196,3.06322,1.4632e+006
SHS,2/25/2019 00:00:00,2.75943,3.13917,2.75943,3.06322,1.8283e+006
SHS,2/26/2019 00:00:00,3.06322,3.11385,2.98727,3.06322,895300
SHS,2/27/2019 00:00:00,3.06322,3.06322,2.98727,3.03791,733000
SHS,2/28/2019 00:00:00,3.01259,3.01259,2.88601,2.88601,945600
SHS,3/1/2019 00:00:00,2.93664,3.01259,2.93664,2.98727,550500
SHS,3/4/2019 00:00:00,3.03791,3.03791,2.98727,3.03791,864800
SHS,3/5/2019 00:00:00,3.06322,3.08854,2.98727,2.98727,685600
SHS,3/6/2019 00:00:00,2.98727,3.03791,2.93664,2.96196,1.0888e+006
SHS,3/7/2019 00:00:00,2.93664,2.98727,2.93664,2.93664,919800
SHS,3/8/2019 00:00:00,2.96196,2.98727,2.88601,2.88601,628200
SHS,3/11/2019 00:00:00,2.91133,2.91133,2.86069,2.88601,390900
SHS,3/12/2019 00:00:00,2.91133,2.96196,2.86069,2.93664,643600
SHS,3/13/2019 00:00:00,2.96196,3.06322,2.96196,3.03791,2.2243e+006
SHS,3/14/2019 00:00:00,3.06322,3.08854,3.01259,3.06322,625200
SHS,3/15/2019 00:00:00,3.06322,3.08854,2.98727,3.01259,464000
SHS,3/18/2019 00:00:00,3.03791,3.03791,2.98727,3.01259,693100
SHS,3/19/2019 00:00:00,3.01259,3.03791,2.96196,2.98727,1.0112e+006
SHS,3/20/2019 00:00:00,2.98727,2.98727,2.91133,2.96196,614600
SHS,3/21/2019 00:00:00,2.96196,2.96196,2.86069,2.86069,728300
SHS,3/22/2019 00:00:00,2.86069,2.88601,2.83538,2.88601,567200
SHS,3/25/2019 00:00:00,2.86069,2.86069,2.78475,2.78475,850900
SHS,3/26/2019 00:00:00,2.81006,2.86069,2.78475,2.83538,408900
SHS,3/27/2019 00:00:00,2.83538,2.88601,2.81006,2.86069,501000
SHS,3/28/2019 00:00:00,2.86069,2.86069,2.78475,2.86069,385700
SHS,3/29/2019 00:00:00,2.88601,2.88601,2.78475,2.86069,452100
SHS,4/1/2019 00:00:00,2.86069,2.88601,2.83538,2.86069,345600
SHS,4/2/2019 00:00:00,2.86069,2.91133,2.86069,2.88601,405100
SHS,4/3/2019 00:00:00,2.88601,2.91133,2.86069,2.88601,272500
SHS,4/4/2019 00:00:00,2.91133,2.91133,2.86069,2.88601,372400
SHS,4/5/2019 00:00:00,2.88601,2.88601,2.86069,2.88601,323600
SHS,4/8/2019 00:00:00,2.88601,3.01259,2.88601,2.98727,864800
SHS,4/9/2019 00:00:00,2.98727,3.01259,2.93664,2.93664,845300
SHS,4/10/2019 00:00:00,2.93664,2.98727,2.91133,2.96196,399700
SHS,4/11/2019 00:00:00,2.96196,2.98727,2.93664,2.93664,384900
SHS,4/12/2019 00:00:00,2.96196,2.96196,2.91133,2.93664,265900
SHS,4/16/2019 00:00:00,2.91133,2.93664,2.86069,2.88601,456500
SHS,4/17/2019 00:00:00,2.91133,2.91133,2.86069,2.86069,303800
SHS,4/18/2019 00:00:00,2.88601,2.93664,2.83538,2.88601,469300
SHS,4/19/2019 00:00:00,2.88601,2.91133,2.88601,2.91133,539100
SHS,4/22/2019 00:00:00,2.88601,2.93664,2.86069,2.86069,662600
SHS,4/23/2019 00:00:00,2.86069,2.93664,2.86069,2.91133,744300
SHS,4/24/2019 00:00:00,2.93664,2.96196,2.86069,2.88601,795900
SHS,4/25/2019 00:00:00,2.88601,2.91133,2.81006,2.83538,897000
SHS,4/26/2019 00:00:00,2.86069,2.91133,2.83538,2.91133,477800
SHS,5/2/2019 00:00:00,2.91133,2.93664,2.86069,2.91133,514600
SHS,5/3/2019 00:00:00,2.91133,2.91133,2.86069,2.86069,236800
SHS,5/6/2019 00:00:00,2.86069,2.88601,2.83538,2.86069,665500
SHS,5/7/2019 00:00:00,2.88601,2.91133,2.86069,2.91133,462800
SHS,5/8/2019 00:00:00,2.88601,2.91133,2.83538,2.91133,658200
SHS,5/9/2019 00:00:00,2.91133,2.91133,2.86069,2.88601,257600
SHS,5/10/2019 00:00:00,2.88601,2.96196,2.88601,2.93664,801500
SHS,5/13/2019 00:00:00,2.93664,3.03791,2.93664,3.01259,1.4413e+006
SHS,5/14/2019 00:00:00,2.96196,3.08854,2.93664,3.06322,1.3993e+006
SHS,5/15/2019 00:00:00,3.08854,3.11385,3.03791,3.08854,1.1526e+006
SHS,5/16/2019 00:00:00,3.06322,3.11385,3.03791,3.06322,737100
SHS,5/17/2019 00:00:00,3.06322,3.11385,3.03791,3.06322,586400
SHS,5/20/2019 00:00:00,3.03791,3.11385,3.03791,3.08854,893800
SHS,5/21/2019 00:00:00,3.08854,3.11385,2.96196,3.01259,1.0068e+006
SHS,5/22/2019 00:00:00,2.98727,2.98727,2.93664,2.96196,2.0653e+006
SHS,5/23/2019 00:00:00,2.93664,2.96196,2.88601,2.93664,1.3504e+006
SHS,5/24/2019 00:00:00,2.91133,2.93664,2.88601,2.91133,404900
SHS,5/27/2019 00:00:00,2.88601,2.93664,2.88601,2.93664,436200
SHS,5/28/2019 00:00:00,2.93664,2.93664,2.91133,2.93664,397900
SHS,5/29/2019 00:00:00,2.93664,2.93664,2.88601,2.91133,812000
SHS,5/30/2019 00:00:00,2.91133,2.91133,2.86069,2.88601,540200
SHS,5/31/2019 00:00:00,2.86069,2.91133,2.86069,2.86069,722100
SHS,6/3/2019 00:00:00,2.86069,2.86069,2.81006,2.81006,522800
SHS,6/4/2019 00:00:00,2.81006,2.86069,2.78475,2.83538,1.1575e+006
SHS,6/5/2019 00:00:00,2.86069,2.88601,2.83538,2.83538,1.0353e+006
SHS,6/6/2019 00:00:00,2.83538,2.86069,2.81006,2.86069,635400
SHS,6/7/2019 00:00:00,2.88601,3.01259,2.88601,3.01259,1.3018e+006
SHS,6/10/2019 00:00:00,3.01259,3.03791,2.93664,2.98727,798200
SHS,6/11/2019 00:00:00,2.98727,3.01259,2.96196,3.01259,657900
SHS,6/12/2019 00:00:00,3.01259,3.01259,2.96196,3.01259,608700
SHS,6/13/2019 00:00:00,3.01259,3.01259,2.96196,2.98727,352000
SHS,6/14/2019 00:00:00,2.98727,2.98727,2.93664,2.93664,851600
SHS,6/17/2019 00:00:00,2.96196,2.98727,2.91133,2.96196,653200
SHS,6/18/2019 00:00:00,2.96196,2.98727,2.93664,2.96196,540300
SHS,6/19/2019 00:00:00,2.991,3.02004,2.96196,3.02004,534700
SHS,6/20/2019 00:00:00,3.02004,3.02004,2.96196,2.991,305900
SHS,6/21/2019 00:00:00,2.96196,3.02004,2.93292,2.96196,646800
SHS,6/24/2019 00:00:00,2.991,2.991,2.93292,2.93292,400400
SHS,6/25/2019 00:00:00,2.96196,2.991,2.87484,2.87484,545600
SHS,6/26/2019 00:00:00,2.87484,2.93292,2.81676,2.90388,459400
SHS,6/27/2019 00:00:00,2.90388,2.90388,2.81676,2.81676,615200
SHS,6/28/2019 00:00:00,2.8458,2.87484,2.78772,2.87484,402600
SHS,7/1/2019 00:00:00,2.87484,2.87484,2.81676,2.87484,366700
SHS,7/2/2019 00:00:00,2.87484,2.87484,2.81676,2.8458,408400
SHS,7/3/2019 00:00:00,2.8458,2.87484,2.78772,2.81676,350600
SHS,7/4/2019 00:00:00,2.81676,2.8458,2.78772,2.8458,503300
SHS,7/5/2019 00:00:00,2.8458,2.90388,2.81676,2.87484,375400
SHS,7/8/2019 00:00:00,2.8458,2.87484,2.81676,2.81676,198300
SHS,7/9/2019 00:00:00,2.8458,2.8458,2.78772,2.78772,437100
SHS,7/10/2019 00:00:00,2.81676,2.81676,2.78772,2.81676,360300
SHS,7/11/2019 00:00:00,2.81676,2.8458,2.78772,2.81676,386600
SHS,7/12/2019 00:00:00,2.8458,2.8458,2.78772,2.78772,316500
SHS,7/15/2019 00:00:00,2.81676,2.8458,2.78772,2.78772,352500
SHS,7/16/2019 00:00:00,2.81676,2.8458,2.78772,2.8458,949400
SHS,7/17/2019 00:00:00,2.8458,2.93292,2.81676,2.90388,2.05e+006
SHS,7/18/2019 00:00:00,2.90388,2.90388,2.8458,2.90388,283700
SHS,7/19/2019 00:00:00,2.90388,2.90388,2.8458,2.90388,422400
SHS,7/22/2019 00:00:00,2.90388,2.90388,2.81676,2.81676,810100
SHS,7/23/2019 00:00:00,2.81676,2.81676,2.75869,2.78772,508100
SHS,7/24/2019 00:00:00,2.78772,2.78772,2.70061,2.70061,953900
SHS,7/25/2019 00:00:00,2.70061,2.70061,2.64253,2.67157,607100
SHS,7/26/2019 00:00:00,2.67157,2.72965,2.64253,2.70061,229300
SHS,7/29/2019 00:00:00,2.72965,2.72965,2.58445,2.64253,604300
SHS,7/30/2019 00:00:00,2.61349,2.64253,2.55541,2.55541,265400
SHS,7/31/2019 00:00:00,2.55541,2.61349,2.49734,2.61349,359500
SHS,8/1/2019 00:00:00,2.61349,2.61349,2.49734,2.49734,705800
SHS,8/2/2019 00:00:00,2.49734,2.52638,2.4683,2.4683,394400
SHS,8/5/2019 00:00:00,2.4683,2.49734,2.43926,2.4683,363500
SHS,8/6/2019 00:00:00,2.43926,2.4683,2.41022,2.43926,535500
SHS,8/7/2019 00:00:00,2.4683,2.49734,2.41022,2.43926,287900
SHS,8/8/2019 00:00:00,2.41022,2.49734,2.41022,2.4683,528000
SHS,8/9/2019 00:00:00,2.4683,2.52638,2.4683,2.52638,583200
SHS,8/12/2019 00:00:00,2.52638,2.55541,2.49734,2.49734,223300
SHS,8/13/2019 00:00:00,2.49734,2.49734,2.43926,2.4683,304600
SHS,8/14/2019 00:00:00,2.4683,2.49734,2.43926,2.4683,222500
SHS,8/15/2019 00:00:00,2.43926,2.43926,2.38118,2.41022,282100
SHS,8/16/2019 00:00:00,2.41022,2.52638,2.41022,2.4683,593200
SHS,8/19/2019 00:00:00,2.49734,2.49734,2.43926,2.4683,257100
SHS,8/20/2019 00:00:00,2.4683,2.49734,2.43926,2.4683,306900
SHS,8/21/2019 00:00:00,2.4683,2.49734,2.43926,2.43926,480800
SHS,8/22/2019 00:00:00,2.43926,2.43926,2.35214,2.38118,922600
SHS,8/23/2019 00:00:00,2.35214,2.38118,2.29407,2.35214,932000
SHS,8/26/2019 00:00:00,2.3231,2.35214,2.29407,2.3231,711500
SHS,8/27/2019 00:00:00,2.3231,2.35214,2.29407,2.29407,394200
SHS,8/28/2019 00:00:00,2.29407,2.29407,2.23599,2.23599,1.0902e+006
SHS,8/29/2019 00:00:00,2.26503,2.29407,2.20695,2.23599,270800
SHS,8/30/2019 00:00:00,2.23599,2.29407,2.23599,2.23599,388400
SHS,9/3/2019 00:00:00,2.26503,2.29407,2.17791,2.20695,1.1592e+006
SHS,9/4/2019 00:00:00,2.20695,2.23599,2.14887,2.14887,819000
SHS,9/5/2019 00:00:00,2.17791,2.17791,2.09079,2.14887,636600
SHS,9/6/2019 00:00:00,2.14887,2.17791,2.09079,2.11983,426100
SHS,9/9/2019 00:00:00,2.11983,2.11983,2.06175,2.06175,362000
SHS,9/10/2019 00:00:00,2.06175,2.06175,1.9456,1.97464,1.087e+006
SHS,9/11/2019 00:00:00,2.00368,2.00368,1.88752,1.97464,1.0639e+006
SHS,9/12/2019 00:00:00,1.97464,1.97464,1.91656,1.9456,557700
SHS,9/13/2019 00:00:00,1.9456,2.11983,1.91656,2.11983,1.3019e+006
SHS,9/16/2019 00:00:00,2.11983,2.17791,2.09079,2.14887,963900
SHS,9/17/2019 00:00:00,2.14887,2.14887,2.09079,2.14887,400600
SHS,9/18/2019 00:00:00,1.9456,2.14887,1.9456,2.11983,400000
SHS,9/19/2019 00:00:00,2.11983,2.20695,2.09079,2.20695,758900
SHS,9/20/2019 00:00:00,2.20695,2.23599,2.17791,2.17791,302400
SHS,9/23/2019 00:00:00,2.17791,2.23599,2.14887,2.23599,626600
SHS,9/24/2019 00:00:00,2.20695,2.23599,2.17791,2.23599,416800
SHS,9/25/2019 00:00:00,2.20695,2.23599,2.17791,2.20695,487300
SHS,9/26/2019 00:00:00,2.20695,2.41022,2.20695,2.38118,1.6838e+006
SHS,9/27/2019 00:00:00,2.41022,2.49734,2.41022,2.43926,1.8175e+006
SHS,9/30/2019 00:00:00,2.43926,2.49734,2.43926,2.43926,799100
SHS,10/1/2019 00:00:00,2.43926,2.49734,2.41022,2.49734,617500
SHS,10/2/2019 00:00:00,2.41022,2.55541,2.41022,2.52638,1.021e+006
SHS,10/3/2019 00:00:00,2.52638,2.52638,2.4683,2.52638,418700
SHS,10/4/2019 00:00:00,2.52638,2.55541,2.4683,2.49734,703600
SHS,10/7/2019 00:00:00,2.4683,2.49734,2.38118,2.38118,747400
SHS,10/8/2019 00:00:00,2.38118,2.43926,2.35214,2.41022,388500
SHS,10/9/2019 00:00:00,2.41022,2.41022,2.35214,2.41022,197500
SHS,10/10/2019 00:00:00,2.38118,2.41022,2.35214,2.41022,228600
SHS,10/11/2019 00:00:00,2.41022,2.41022,2.35214,2.38118,160000
SHS,10/14/2019 00:00:00,2.4683,2.49734,2.41022,2.4683,486200
SHS,10/15/2019 00:00:00,2.4683,2.4683,2.41022,2.4683,232900
SHS,10/16/2019 00:00:00,2.4683,2.4683,2.41022,2.43926,309400
SHS,10/17/2019 00:00:00,2.43926,2.43926,2.38118,2.38118,229300
SHS,10/18/2019 00:00:00,2.41022,2.4683,2.3231,2.3231,580300
SHS,10/21/2019 00:00:00,2.3231,2.41022,2.3231,2.38118,179600
SHS,10/22/2019 00:00:00,2.38118,2.41022,2.3231,2.38118,353500
SHS,10/23/2019 00:00:00,2.38118,2.38118,2.3231,2.3231,239300
SHS,10/24/2019 00:00:00,2.3231,2.35214,2.29407,2.35214,162900
SHS,10/25/2019 00:00:00,2.35214,2.38118,2.3231,2.38118,333600
SHS,10/28/2019 00:00:00,2.38118,2.41022,2.38118,2.38118,239200
SHS,10/29/2019 00:00:00,2.38118,2.41022,2.35214,2.35214,221500
SHS,10/30/2019 00:00:00,2.3231,2.38118,2.3231,2.35214,304000
SHS,10/31/2019 00:00:00,2.35214,2.38118,2.35214,2.38118,602900
SHS,11/1/2019 00:00:00,2.38118,2.4683,2.35214,2.4683,789800
SHS,11/4/2019 00:00:00,2.4683,2.49734,2.43926,2.4683,409500
SHS,11/5/2019 00:00:00,2.4683,2.52638,2.4683,2.49734,598500
SHS,11/6/2019 00:00:00,2.4683,2.49734,2.43926,2.4683,345500
SHS,11/7/2019 00:00:00,2.43926,2.49734,2.41022,2.4683,472200
SHS,11/8/2019 00:00:00,2.49734,2.58445,2.43926,2.52638,1.1015e+006
SHS,11/11/2019 00:00:00,2.52638,2.55541,2.4683,2.49734,418100
SHS,11/12/2019 00:00:00,2.4683,2.52638,2.4683,2.52638,324700
SHS,11/13/2019 00:00:00,2.55541,2.55541,2.4683,2.49734,702800
SHS,11/14/2019 00:00:00,2.49734,2.52638,2.43926,2.4683,315000
SHS,11/15/2019 00:00:00,2.4683,2.49734,2.41022,2.4683,307000
SHS,11/18/2019 00:00:00,2.4683,2.4683,2.38118,2.38118,360400
SHS,11/19/2019 00:00:00,2.41022,2.43926,2.38118,2.41022,365300
SHS,11/20/2019 00:00:00,2.41022,2.41022,2.38118,2.41022,196900
SHS,11/21/2019 00:00:00,2.41022,2.41022,2.35214,2.41022,283900
SHS,11/22/2019 00:00:00,2.41022,2.43926,2.3231,2.3231,520800
SHS,11/25/2019 00:00:00,2.3231,2.35214,2.29407,2.3231,389100
SHS,11/26/2019 00:00:00,2.3231,2.35214,2.3231,2.35214,156100
SHS,11/27/2019 00:00:00,2.35214,2.35214,2.29407,2.35214,335100
SHS,11/28/2019 00:00:00,2.3231,2.35214,2.29407,2.3231,436900
SHS,11/29/2019 00:00:00,2.3231,2.3231,2.29407,2.3231,134100
SHS,12/2/2019 00:00:00,2.3231,2.3231,2.23599,2.26503,388800
SHS,12/3/2019 00:00:00,2.26503,2.26503,2.20695,2.20695,232500
SHS,12/4/2019 00:00:00,2.20695,2.26503,2.17791,2.26503,181900
SHS,12/5/2019 00:00:00,2.26503,2.29407,2.23599,2.23599,191400
SHS,12/6/2019 00:00:00,2.23599,2.26503,2.23599,2.23599,150900
SHS,12/9/2019 00:00:00,2.23599,2.26503,2.20695,2.26503,263300
SHS,12/10/2019 00:00:00,2.23599,2.26503,2.20695,2.20695,230700
SHS,12/11/2019 00:00:00,2.23599,2.23599,2.20695,2.20695,124600
SHS,12/12/2019 00:00:00,2.20695,2.26503,2.20695,2.26503,882200
SHS,12/13/2019 00:00:00,2.26503,2.29407,2.23599,2.26503,162900
SHS,12/16/2019 00:00:00,2.26503,2.29407,2.26503,2.26503,247500
SHS,12/17/2019 00:00:00,2.26503,2.26503,2.23599,2.26503,135800
SHS,12/18/2019 00:00:00,2.23599,2.29407,2.23599,2.26503,238500
SHS,12/19/2019 00:00:00,2.26503,2.26503,2.23599,2.26503,127100
SHS,12/20/2019 00:00:00,2.26503,2.26503,2.20695,2.23599,208000
SHS,12/23/2019 00:00:00,2.20695,2.26503,2.20695,2.23599,73000
SHS,12/24/2019 00:00:00,2.23599,2.23599,2.20695,2.23599,136400
SHS,12/25/2019 00:00:00,2.23599,2.26503,2.20695,2.26503,149300
SHS,12/26/2019 00:00:00,2.23599,2.23599,2.20695,2.23599,212300
SHS,12/27/2019 00:00:00,2.23599,2.23599,2.17791,2.23599,237900
SHS,12/30/2019 00:00:00,2.23599,2.26503,2.20695,2.23599,445100
SHS,12/31/2019 00:00:00,2.23599,2.23599,2.20695,2.23599,171500
SHS,1/2/2020 00:00:00,2.20695,2.26503,2.20695,2.26503,220900
SHS,1/3/2020 00:00:00,2.26503,2.26503,2.23599,2.23599,267700
SHS,1/6/2020 00:00:00,2.23599,2.23599,2.14887,2.20695,342600
SHS,1/7/2020 00:00:00,2.20695,2.23599,2.14887,2.20695,353700
SHS,1/8/2020 00:00:00,2.17791,2.17791,2.11983,2.11983,201100
SHS,1/9/2020 00:00:00,2.14887,2.17791,2.11983,2.14887,260600
SHS,1/10/2020 00:00:00,2.14887,2.23599,2.14887,2.20695,577900
SHS,1/13/2020 00:00:00,2.20695,2.23599,2.14887,2.20695,275600
SHS,1/14/2020 00:00:00,2.20695,2.20695,2.14887,2.17791,283900
SHS,1/15/2020 00:00:00,2.17791,2.17791,2.14887,2.17791,165800
SHS,1/16/2020 00:00:00,2.17791,2.20695,2.14887,2.20695,614700
SHS,1/17/2020 00:00:00,2.20695,2.20695,2.14887,2.17791,262000
SHS,1/20/2020 00:00:00,2.17791,2.17791,2.14887,2.17791,308700
SHS,1/21/2020 00:00:00,2.14887,2.20695,2.14887,2.14887,544700
SHS,1/22/2020 00:00:00,2.17791,2.20695,2.14887,2.17791,365600
SHS,1/30/2020 00:00:00,2.17791,2.17791,2.09079,2.11983,332500
SHS,1/31/2020 00:00:00,2.11983,2.11983,2.03272,2.06175,435500
SHS,2/3/2020 00:00:00,2.00368,2.03272,1.85848,1.97464,1.2165e+006
SHS,2/4/2020 00:00:00,2.00368,2.03272,1.88752,1.88752,564100
SHS,2/5/2020 00:00:00,1.91656,1.97464,1.88752,1.91656,932500
SHS,2/6/2020 00:00:00,1.9456,2.09079,1.91656,2.09079,1.0951e+006
SHS,2/7/2020 00:00:00,2.09079,2.09079,2.03272,2.06175,672100
SHS,2/10/2020 00:00:00,2.03272,2.06175,2.03272,2.06175,884500
SHS,2/11/2020 00:00:00,1.85848,2.09079,1.85848,2.06175,403400
SHS,2/12/2020 00:00:00,2.09079,2.11983,2.06175,2.11983,414800
SHS,2/13/2020 00:00:00,2.11983,2.11983,2.03272,2.09079,427100
SHS,2/14/2020 00:00:00,2.09079,2.09079,2.03272,2.09079,218200
SHS,2/17/2020 00:00:00,2.06175,2.09079,2.06175,2.09079,131600
SHS,2/18/2020 00:00:00,2.09079,2.09079,2.03272,2.06175,272500
SHS,2/19/2020 00:00:00,2.06175,2.06175,2.03272,2.06175,402900
SHS,2/20/2020 00:00:00,2.06175,2.09079,2.03272,2.09079,258100
SHS,2/21/2020 00:00:00,2.09079,2.09079,2.03272,2.09079,540700
SHS,2/24/2020 00:00:00,2.06175,2.06175,1.88752,1.88752,580800
SHS,2/25/2020 00:00:00,1.88752,1.9456,1.88752,1.9456,1.3449e+006
SHS,2/26/2020 00:00:00,1.91656,2.00368,1.88752,2.00368,939400
SHS,2/27/2020 00:00:00,2.00368,2.09079,1.97464,2.09079,581500
SHS,2/28/2020 00:00:00,2.06175,2.29407,2.00368,2.29407,2.3913e+006
SHS,3/2/2020 00:00:00,2.35214,2.49734,2.3231,2.38118,2.0834e+006
SHS,3/3/2020 00:00:00,2.49734,2.52638,2.41022,2.4683,1.878e+006
SHS,3/4/2020 00:00:00,2.41022,2.43926,2.3231,2.43926,1.2919e+006
SHS,3/5/2020 00:00:00,2.43926,2.61349,2.41022,2.4683,3.2655e+006
SHS,3/6/2020 00:00:00,2.4683,2.52638,2.38118,2.4683,1.1786e+006
SHS,3/9/2020 00:00:00,2.38118,2.38118,2.23599,2.23599,969500
SHS,3/10/2020 00:00:00,2.06175,2.20695,2.03272,2.03272,3.7358e+006
SHS,3/11/2020 00:00:00,2.03272,2.14887,1.82944,2.03272,1.5245e+006
SHS,3/12/2020 00:00:00,1.97464,1.97464,1.82944,1.91656,2.4092e+006
SHS,3/13/2020 00:00:00,1.77137,1.9456,1.74233,1.91656,2.7411e+006
SHS,3/16/2020 00:00:00,1.91656,1.9456,1.80041,1.88752,1.1923e+006
SHS,3/17/2020 00:00:00,1.85848,2.03272,1.77137,2.03272,1.4168e+006
SHS,3/18/2020 00:00:00,1.88752,2.09079,1.88752,1.97464,1.0512e+006
SHS,3/19/2020 00:00:00,1.9456,1.97464,1.85848,1.9456,1.4923e+006
SHS,3/20/2020 00:00:00,1.85848,1.9456,1.85848,1.9456,1.0327e+006
SHS,3/23/2020 00:00:00,1.88752,1.88752,1.77137,1.77137,1.8423e+006
SHS,3/24/2020 00:00:00,1.68425,1.80041,1.68425,1.77137,738400
SHS,3/25/2020 00:00:00,1.80041,1.91656,1.80041,1.91656,1.0916e+006
SHS,3/26/2020 00:00:00,1.91656,1.91656,1.82944,1.85848,851900
SHS,3/27/2020 00:00:00,1.82944,1.82944,1.77137,1.80041,675600
SHS,3/30/2020 00:00:00,1.77137,1.80041,1.62617,1.62617,1.2285e+006
SHS,3/31/2020 00:00:00,1.65521,1.71329,1.5681,1.65521,937300
SHS,4/1/2020 00:00:00,1.59713,1.80041,1.59713,1.77137,1.0905e+006
SHS,4/3/2020 00:00:00,1.77137,1.88752,1.77137,1.88752,1.2212e+006
SHS,4/6/2020 00:00:00,1.88752,2.00368,1.88752,2.00368,1.6443e+006
SHS,4/7/2020 00:00:00,2.03272,2.06175,1.91656,2.00368,1.5911e+006
SHS,4/8/2020 00:00:00,1.97464,2.00368,1.88752,2.00368,1.1999e+006
SHS,4/9/2020 00:00:00,2.03272,2.17791,2.03272,2.17791,2.9789e+006
SHS,4/10/2020 00:00:00,2.23599,2.38118,2.23599,2.38118,3.8978e+006
SHS,4/13/2020 00:00:00,2.43926,2.61349,2.41022,2.61349,2.9614e+006
SHS,4/14/2020 00:00:00,2.78772,2.87484,2.4683,2.67157,4.4863e+006
SHS,4/15/2020 00:00:00,2.67157,2.78772,2.61349,2.67157,2.6416e+006
SHS,4/16/2020 00:00:00,2.67157,2.67157,2.58445,2.58445,1.7433e+006
SHS,4/17/2020 00:00:00,2.61349,2.67157,2.58445,2.58445,2.3526e+006
SHS,4/20/2020 00:00:00,2.58445,2.72965,2.55541,2.58445,3.7077e+006
SHS,4/21/2020 00:00:00,2.58445,2.58445,2.35214,2.35214,3.438e+006
SHS,4/22/2020 00:00:00,2.20695,2.52638,2.17791,2.43926,2.4357e+006
SHS,4/23/2020 00:00:00,2.49734,2.52638,2.35214,2.35214,1.3648e+006
SHS,4/24/2020 00:00:00,2.35214,2.41022,2.29407,2.35214,883700
SHS,4/27/2020 00:00:00,2.35214,2.38118,2.26503,2.26503,1.3203e+006
SHS,4/28/2020 00:00:00,2.29407,2.29407,2.17791,2.26503,956400
SHS,4/29/2020 00:00:00,2.29407,2.3231,2.23599,2.3231,614600
SHS,5/4/2020 00:00:00,2.3231,2.35214,2.26503,2.29407,646900
SHS,5/5/2020 00:00:00,2.29407,2.3231,2.26503,2.29407,737400
SHS,5/6/2020 00:00:00,2.3231,2.35214,2.26503,2.35214,1.3229e+006
SHS,5/7/2020 00:00:00,2.3231,2.49734,2.3231,2.49734,1.6439e+006
SHS,5/8/2020 00:00:00,2.4683,2.61349,2.4683,2.55541,1.83e+006
SHS,5/11/2020 00:00:00,2.55541,2.61349,2.52638,2.55541,1.3223e+006
SHS,5/12/2020 00:00:00,2.55541,2.55541,2.4683,2.52638,1.0976e+006
SHS,5/13/2020 00:00:00,2.55541,2.72965,2.4683,2.67157,2.8375e+006
SHS,5/14/2020 00:00:00,2.67157,2.75869,2.61349,2.70061,1.9959e+006
SHS,5/15/2020 00:00:00,2.75869,2.75869,2.58445,2.61349,2.4208e+006
SHS,5/18/2020 00:00:00,2.61349,2.67157,2.4683,2.61349,2.5574e+006
SHS,5/19/2020 00:00:00,2.58445,2.70061,2.55541,2.55541,2.5565e+006
SHS,5/20/2020 00:00:00,2.55541,2.58445,2.49734,2.55541,1.713e+006
SHS,5/21/2020 00:00:00,2.55541,2.58445,2.4683,2.52638,2.6019e+006
SHS,5/22/2020 00:00:00,2.52638,2.64253,2.49734,2.55541,1.5667e+006
SHS,5/25/2020 00:00:00,2.58445,2.61349,2.55541,2.61349,1.422e+006
SHS,5/26/2020 00:00:00,2.61349,2.72965,2.58445,2.70061,3.2384e+006
SHS,5/27/2020 00:00:00,2.72965,2.72965,2.61349,2.61349,2.253e+006
SHS,5/28/2020 00:00:00,2.61349,2.64253,2.58445,2.58445,1.2546e+006
SHS,5/29/2020 00:00:00,2.58445,2.61349,2.49734,2.55541,2.0172e+006
SHS,6/1/2020 00:00:00,2.55541,2.64253,2.55541,2.58445,2.2537e+006
SHS,6/2/2020 00:00:00,2.64253,2.67157,2.58445,2.61349,3.2102e+006
SHS,6/3/2020 00:00:00,2.61349,2.8458,2.61349,2.81676,3.8875e+006
SHS,6/4/2020 00:00:00,2.87484,3.07811,2.8458,3.07811,5.3454e+006
SHS,6/5/2020 00:00:00,3.25235,3.3685,3.16523,3.3685,8.8825e+006
SHS,6/8/2020 00:00:00,3.48466,3.68793,3.42658,3.68793,6.3044e+006
SHS,6/9/2020 00:00:00,3.77504,4.03639,3.51369,3.94928,4.5591e+006
SHS,6/10/2020 00:00:00,3.94928,3.94928,3.68793,3.77504,3.0703e+006
SHS,6/11/2020 00:00:00,3.77504,3.8912,3.39754,3.39754,4.9174e+006
SHS,6/12/2020 00:00:00,3.19427,3.71697,3.10715,3.71697,4.319e+006
SHS,6/15/2020 00:00:00,3.77504,3.8912,3.51369,3.57177,2.8908e+006
SHS,6/16/2020 00:00:00,3.62985,3.77504,3.62985,3.65889,2.4194e+006
SHS,6/17/2020 00:00:00,3.65889,3.92024,3.65889,3.68793,3.4744e+006
SHS,6/18/2020 00:00:00,3.68793,3.71697,3.57177,3.62985,1.6973e+006
SHS,6/19/2020 00:00:00,3.65889,3.77504,3.65889,3.71697,1.8981e+006
SHS,6/22/2020 00:00:00,3.74601,3.8912,3.74601,3.77504,3.4073e+006
SHS,6/23/2020 00:00:00,3.65889,4.15255,3.65889,4.00735,5.1389e+006
SHS,6/24/2020 00:00:00,4.00735,4.03639,3.77504,3.80408,2.3398e+006
SHS,6/25/2020 00:00:00,3.71697,3.83312,3.65889,3.83312,2.369e+006
SHS,6/26/2020 00:00:00,3.86216,3.8912,3.68793,3.71697,2.4557e+006
SHS,6/29/2020 00:00:00,3.68793,3.68793,3.3685,3.42658,3.5542e+006
SHS,6/30/2020 00:00:00,3.51369,3.57177,3.28138,3.42658,2.9456e+006
SHS,7/1/2020 00:00:00,3.45562,3.68793,3.39754,3.68793,2.0803e+006
SHS,7/2/2020 00:00:00,3.68793,3.71697,3.62985,3.65889,1.5099e+006
SHS,7/3/2020 00:00:00,3.65889,3.71697,3.60081,3.62985,1.1027e+006
SHS,7/6/2020 00:00:00,3.65889,3.71697,3.60081,3.68793,1.6227e+006
SHS,7/7/2020 00:00:00,3.68793,3.77504,3.68793,3.71697,1.7868e+006
SHS,7/8/2020 00:00:00,3.71697,3.71697,3.65889,3.71697,1.0172e+006
SHS,7/9/2020 00:00:00,3.71697,3.77504,3.68793,3.77504,1.582e+006
SHS,7/10/2020 00:00:00,3.77504,3.92024,3.74601,3.83312,2.6828e+006
SHS,7/13/2020 00:00:00,3.83312,3.8912,3.77504,3.83312,1.179e+006
SHS,7/14/2020 00:00:00,3.83312,3.97832,3.77504,3.94928,3.1746e+006
SHS,7/15/2020 00:00:00,4.03639,4.03639,3.92024,3.92024,1.9047e+006
SHS,7/16/2020 00:00:00,3.92024,3.97832,3.92024,3.97832,1.8976e+006
SHS,7/17/2020 00:00:00,3.97832,4.03639,3.94928,4.00735,1.9426e+006
SHS,7/20/2020 00:00:00,4.00735,4.00735,3.86216,3.8912,3.0837e+006
SHS,7/21/2020 00:00:00,3.92024,3.97832,3.86216,3.92024,2.3114e+006
SHS,7/22/2020 00:00:00,4.01585,4.04773,3.76088,3.79275,2.0405e+006
SHS,7/23/2020 00:00:00,3.82462,3.82462,3.60152,3.66526,1.8572e+006
SHS,7/24/2020 00:00:00,3.66526,3.66526,3.31467,3.31467,6.1449e+006
SHS,7/27/2020 00:00:00,3.0597,3.18719,2.99595,2.99595,5.515e+006
SHS,7/28/2020 00:00:00,2.93221,3.2828,2.93221,3.2828,2.9942e+006
SHS,7/29/2020 00:00:00,3.2828,3.2828,2.96408,3.25093,3.4749e+006
SHS,7/30/2020 00:00:00,3.25093,3.2828,3.15531,3.21906,1.6047e+006
SHS,7/31/2020 00:00:00,3.15531,3.21906,3.09157,3.12344,1.7812e+006
SHS,8/3/2020 00:00:00,3.0597,3.25093,3.0597,3.21906,2.1627e+006
SHS,8/4/2020 00:00:00,3.25093,3.37842,3.25093,3.31467,2.2471e+006
SHS,8/5/2020 00:00:00,3.34654,3.37842,3.25093,3.34654,1.7412e+006
SHS,8/6/2020 00:00:00,3.34654,3.34654,3.25093,3.2828,1.6431e+006
SHS,8/7/2020 00:00:00,3.2828,3.34654,3.25093,3.2828,1.4773e+006
SHS,8/10/2020 00:00:00,3.31467,3.44216,3.31467,3.34654,2.1037e+006
SHS,8/11/2020 00:00:00,3.34654,3.44216,3.31467,3.41029,2.4591e+006
SHS,8/12/2020 00:00:00,3.41029,3.47403,3.34654,3.37842,1.7436e+006
SHS,8/13/2020 00:00:00,3.37842,3.47403,3.37842,3.41029,2.104e+006
SHS,8/14/2020 00:00:00,3.44216,3.5059,3.37842,3.41029,2.6279e+006
SHS,8/17/2020 00:00:00,3.41029,3.41029,3.34654,3.41029,1.9677e+006
SHS,8/18/2020 00:00:00,3.41029,3.44216,3.37842,3.37842,815900
SHS,8/19/2020 00:00:00,3.37842,3.63339,3.37842,3.56965,4.4807e+006
SHS,8/20/2020 00:00:00,3.56965,3.56965,3.47403,3.47403,1.4312e+006
SHS,8/21/2020 00:00:00,3.47403,3.56965,3.47403,3.53778,1.6478e+006
SHS,8/24/2020 00:00:00,3.56965,3.63339,3.56965,3.60152,2.2356e+006
SHS,8/25/2020 00:00:00,3.60152,3.66526,3.56965,3.60152,2.8405e+006
SHS,8/26/2020 00:00:00,3.60152,3.76088,3.60152,3.66526,3.4445e+006
SHS,8/27/2020 00:00:00,3.66526,3.69713,3.63339,3.69713,1.3292e+006
SHS,8/28/2020 00:00:00,3.69713,3.79275,3.66526,3.66526,3.3196e+006
SHS,8/31/2020 00:00:00,3.66526,3.69713,3.5059,3.56965,2.5044e+006
SHS,9/1/2020 00:00:00,3.53778,3.63339,3.53778,3.60152,1.0785e+006
SHS,9/3/2020 00:00:00,3.60152,3.66526,3.47403,3.60152,2.1066e+006
SHS,9/4/2020 00:00:00,3.60152,3.72901,3.5059,3.69713,4.5426e+006
SHS,9/7/2020 00:00:00,3.69713,3.76088,3.63339,3.63339,2.3712e+006
SHS,9/8/2020 00:00:00,3.63339,3.66526,3.56965,3.63339,2.272e+006
SHS,9/9/2020 00:00:00,3.60152,3.63339,3.53778,3.63339,2.8588e+006
SHS,9/10/2020 00:00:00,3.66526,3.69713,3.60152,3.63339,1.5665e+006
SHS,9/11/2020 00:00:00,3.63339,3.72901,3.56965,3.69713,4.3151e+006
SHS,9/14/2020 00:00:00,3.69713,3.69713,3.63339,3.66526,2.669e+006
SHS,9/15/2020 00:00:00,3.69713,3.88837,3.66526,3.82462,6.7172e+006
SHS,9/16/2020 00:00:00,3.82462,3.85649,3.76088,3.76088,2.9882e+006
SHS,9/17/2020 00:00:00,3.76088,3.79275,3.72901,3.76088,1.7823e+006
SHS,9/18/2020 00:00:00,3.79275,3.82462,3.72901,3.79275,2.72e+006
SHS,9/21/2020 00:00:00,3.82462,3.92024,3.79275,3.79275,4.2461e+006
SHS,9/22/2020 00:00:00,3.85649,3.85649,3.76088,3.82462,2.3933e+006
SHS,9/23/2020 00:00:00,3.82462,3.88837,3.82462,3.85649,3.0872e+006
SHS,9/24/2020 00:00:00,3.82462,3.85649,3.76088,3.79275,2.5187e+006
SHS,9/25/2020 00:00:00,3.79275,3.82462,3.69713,3.79275,2.531e+006
SHS,9/28/2020 00:00:00,3.79275,3.92024,3.79275,3.88837,3.3603e+006
SHS,9/29/2020 00:00:00,3.88837,3.95211,3.79275,3.79275,2.8112e+006
SHS,9/30/2020 00:00:00,3.79275,3.85649,3.76088,3.82462,1.7184e+006
SHS,10/1/2020 00:00:00,3.82462,4.17521,3.82462,4.0796,7.759e+006
SHS,10/2/2020 00:00:00,4.0796,4.20708,3.92024,4.04773,5.6679e+006
SHS,10/5/2020 00:00:00,4.04773,4.20708,4.04773,4.14334,3.8961e+006
SHS,10/6/2020 00:00:00,4.17521,4.23896,4.0796,4.11147,3.8774e+006
SHS,10/7/2020 00:00:00,4.11147,4.14334,4.01585,4.01585,3.8182e+006
SHS,10/8/2020 00:00:00,4.04773,4.11147,4.01585,4.0796,3.6869e+006
SHS,10/9/2020 00:00:00,4.0796,4.20708,4.0796,4.20708,4.1231e+006
SHS,10/12/2020 00:00:00,4.20708,4.36644,4.20708,4.27083,5.5335e+006
SHS,10/13/2020 00:00:00,4.27083,4.27083,4.17521,4.20708,2.0515e+006
SHS,10/14/2020 00:00:00,4.20708,4.3027,4.20708,4.27083,2.9171e+006
SHS,10/15/2020 00:00:00,4.27083,4.39832,4.27083,4.33457,3.7955e+006
SHS,10/16/2020 00:00:00,4.33457,4.39832,4.27083,4.33457,2.4156e+006
SHS,10/19/2020 00:00:00,4.33457,4.43019,4.3027,4.33457,2.422e+006
SHS,10/20/2020 00:00:00,4.3027,4.36644,4.27083,4.36644,2.4033e+006
SHS,10/21/2020 00:00:00,4.39832,4.5258,4.27083,4.27083,6.7132e+006
SHS,10/22/2020 00:00:00,4.27083,4.3027,4.20708,4.3027,3.3443e+006
SHS,10/23/2020 00:00:00,4.3027,4.36644,4.27083,4.3027,1.7058e+006
SHS,10/26/2020 00:00:00,4.3027,4.36644,4.20708,4.20708,2.7296e+006
SHS,10/27/2020 00:00:00,4.20708,4.23896,4.04773,4.0796,3.6282e+006
SHS,10/28/2020 00:00:00,4.04773,4.11147,3.88837,3.88837,4.0567e+006
SHS,10/29/2020 00:00:00,3.82462,3.98398,3.79275,3.95211,3.025e+006
SHS,10/30/2020 00:00:00,3.95211,4.01585,3.85649,3.92024,1.8707e+006
SHS,11/2/2020 00:00:00,3.95211,3.95211,3.88837,3.95211,1.1953e+006
SHS,11/3/2020 00:00:00,3.98398,4.0796,3.98398,4.0796,2.1752e+006
SHS,11/4/2020 00:00:00,4.0796,4.20708,4.04773,4.20708,2.3577e+006
SHS,11/5/2020 00:00:00,4.20708,4.20708,4.11147,4.11147,1.689e+006
SHS,11/6/2020 00:00:00,4.11147,4.17521,4.0796,4.14334,1.7795e+006
SHS,11/9/2020 00:00:00,4.14334,4.23896,4.14334,4.23896,2.1411e+006
SHS,11/10/2020 00:00:00,4.3027,4.43019,4.23896,4.33457,4.45198e+006
SHS,11/11/2020 00:00:00,4.33457,4.39832,4.23896,4.27083,1.944e+006
SHS,11/12/2020 00:00:00,4.3027,4.33457,4.23896,4.3027,1.4593e+006
SHS,11/13/2020 00:00:00,4.3027,4.36644,4.3027,4.33457,2.2933e+006
SHS,11/16/2020 00:00:00,4.36644,4.46206,4.3027,4.3027,3.4948e+006
SHS,11/17/2020 00:00:00,4.3027,4.39832,4.3027,4.39832,2.4892e+006
SHS,11/18/2020 00:00:00,4.39832,4.62142,4.39832,4.55768,9.5393e+006
SHS,11/19/2020 00:00:00,4.55768,4.55768,4.49393,4.55768,2.3512e+006
SHS,11/20/2020 00:00:00,4.55768,4.62142,4.49393,4.5258,2.378e+006
SHS,11/23/2020 00:00:00,4.55768,4.62142,4.46206,4.58955,4.2284e+006
SHS,11/24/2020 00:00:00,4.58955,4.62142,4.43019,4.55768,3.7244e+006
SHS,11/25/2020 00:00:00,4.5258,4.58955,4.49393,4.55768,2.357e+006
SHS,11/26/2020 00:00:00,4.55768,4.55768,4.39832,4.55768,2.1797e+006
SHS,11/27/2020 00:00:00,4.58955,4.62142,4.5258,4.58955,3.5764e+006
SHS,11/30/2020 00:00:00,4.62142,4.68516,4.55768,4.55768,3.8419e+006
SHS,12/1/2020 00:00:00,4.5258,4.62142,4.43019,4.62142,3.458e+006
SHS,12/2/2020 00:00:00,4.62142,4.81265,4.55768,4.71703,6.4681e+006
SHS,12/3/2020 00:00:00,4.74891,4.78078,4.68516,4.74891,3.7184e+006
SHS,12/4/2020 00:00:00,4.74891,4.78078,4.68516,4.68516,2.7654e+006
SHS,12/7/2020 00:00:00,4.68516,4.74891,4.68516,4.74891,2.6806e+006
SHS,12/8/2020 00:00:00,4.78078,5.03575,4.74891,4.94014,5.0027e+006
SHS,12/9/2020 00:00:00,5.03575,5.03575,4.94014,5.00388,5.1864e+006
SHS,12/10/2020 00:00:00,5.03575,5.03575,4.84452,4.84452,5.0247e+006
SHS,12/11/2020 00:00:00,4.84452,4.90827,4.78078,4.84452,3.35e+006
SHS,12/14/2020 00:00:00,4.87639,5.29073,4.87639,5.19511,6.2191e+006
SHS,12/15/2020 00:00:00,5.13137,5.3226,5.0995,5.19511,5.3402e+006
SHS,12/16/2020 00:00:00,5.19511,5.29073,5.19511,5.25886,3.8202e+006
SHS,12/17/2020 00:00:00,5.22698,5.29073,5.16324,5.16324,5.0598e+006
SHS,12/18/2020 00:00:00,5.16324,5.57757,5.16324,5.51383,6.7003e+006
SHS,12/21/2020 00:00:00,5.57757,6.05565,5.5457,6.05565,8.2113e+006
SHS,12/22/2020 00:00:00,6.05565,6.31063,5.96004,6.1194,5.853e+006
SHS,12/23/2020 00:00:00,6.1194,6.18314,5.92816,6.05565,7.5976e+006
SHS,12/24/2020 00:00:00,6.05565,6.05565,5.5457,5.99191,9.5636e+006
SHS,12/25/2020 00:00:00,5.99191,6.5656,5.96004,6.5656,8.3428e+006
SHS,12/28/2020 00:00:00,6.69309,7.20304,6.69309,7.20304,6.461e+006
SHS,12/29/2020 00:00:00,7.20304,7.71299,7.20304,7.5855,4.9298e+006
SHS,12/30/2020 00:00:00,7.48989,7.55363,7.29865,7.3624,4.555e+006
SHS,12/31/2020 00:00:00,7.3624,8.09545,7.33053,7.96796,8.1016e+006
SHS,1/4/2021 00:00:00,7.96796,8.57353,7.96796,8.35043,3.8115e+006
SHS,1/5/2021 00:00:00,8.35043,8.44604,8.19107,8.3823,3.5659e+006
SHS,1/6/2021 00:00:00,8.41417,8.54166,8.06358,8.3823,4.7938e+006
SHS,1/7/2021 00:00:00,8.3823,8.70102,8.28668,8.50978,3.5398e+006
SHS,1/8/2021 00:00:00,8.50978,8.6054,8.3823,8.50978,3.8923e+006
SHS,1/11/2021 00:00:00,8.54166,8.63727,8.31855,8.35043,4.1079e+006
SHS,1/12/2021 00:00:00,8.31855,8.57353,8.03171,8.50978,8.1378e+006
SHS,1/13/2021 00:00:00,8.50978,8.73289,8.47791,8.54166,3.684e+006
SHS,1/14/2021 00:00:00,8.57353,9.37033,8.54166,9.37033,7.4972e+006
SHS,1/15/2021 00:00:00,9.43407,10.1034,9.43407,9.88027,4.9059e+006
SHS,1/18/2021 00:00:00,9.88027,10.199,9.56156,9.65717,4.3074e+006
SHS,1/19/2021 00:00:00,9.56156,9.72092,8.70102,9.52968,1.10871e+007
SHS,1/20/2021 00:00:00,9.56156,9.59343,8.95599,9.59343,5.0774e+006
SHS,1/21/2021 00:00:00,9.81653,10.0396,9.46594,9.52968,7.7249e+006
SHS,1/22/2021 00:00:00,9.72092,9.72092,9.37033,9.37033,4.5174e+006
SHS,1/25/2021 00:00:00,9.37033,9.43407,8.8285,8.8285,8.2754e+006
SHS,1/26/2021 00:00:00,8.8285,8.8285,7.96796,7.96796,1.00971e+007
SHS,1/27/2021 00:00:00,7.99984,7.99984,7.17117,7.20304,8.3811e+006
SHS,1/28/2021 00:00:00,6.85245,7.07555,6.50186,6.50186,6.9699e+006
SHS,1/29/2021 00:00:00,5.86442,7.1393,5.86442,7.1393,6.6215e+006
SHS,2/1/2021 00:00:00,7.17117,7.45801,6.59747,6.72496,6.2041e+006
SHS,2/2/2021 00:00:00,6.72496,7.23491,6.5656,7.23491,4.7332e+006
SHS,2/3/2021 00:00:00,7.39427,7.93609,7.29865,7.90422,8.0101e+006
SHS,2/4/2021 00:00:00,7.96796,8.25481,7.68112,7.90422,4.3895e+006
SHS,2/5/2021 00:00:00,7.90422,8.15919,7.84048,8.06358,5.0068e+006
SHS,2/8/2021 00:00:00,8.06358,8.44604,7.26678,7.64924,8.8512e+006
SHS,2/9/2021 00:00:00,7.45801,8.09545,7.01181,8.06358,4.2407e+006
SHS,2/17/2021 00:00:00,8.12732,8.41417,8.03171,8.31855,5.5669e+006
SHS,2/18/2021 00:00:00,8.31855,8.41417,7.96796,8.22294,6.7807e+006
SHS,2/19/2021 00:00:00,8.22294,8.31855,7.99984,8.19107,4.8922e+006
SHS,2/22/2021 00:00:00,8.19107,8.41417,8.12732,8.19107,6.5515e+006
SHS,2/23/2021 00:00:00,8.22294,8.50978,8.09545,8.31855,9.0455e+006
SHS,2/24/2021 00:00:00,8.50978,8.76476,8.28668,8.50978,1.19172e+007
SHS,2/25/2021 00:00:00,8.6054,8.8285,8.47791,8.63727,5.1724e+006
SHS,2/26/2021 00:00:00,8.57353,8.57353,8.31855,8.57353,6.9388e+006
SHS,3/1/2021 00:00:00,8.73289,8.98786,8.54166,8.92412,1.05409e+007
SHS,3/2/2021 00:00:00,8.95599,9.11535,8.79663,8.92412,6.5052e+006
SHS,3/3/2021 00:00:00,8.92412,8.92412,8.73289,8.8285,5.1363e+006
SHS,3/4/2021 00:00:00,8.76476,8.86038,8.19107,8.6054,1.11228e+007
SHS,3/5/2021 00:00:00,8.6054,8.92412,8.25481,8.76476,8.6271e+006
SHS,3/8/2021 00:00:00,8.76476,9.08348,8.76476,8.79663,8.2641e+006
SHS,3/9/2021 00:00:00,8.79663,8.8285,8.57353,8.57353,5.6543e+006
SHS,3/10/2021 00:00:00,8.57353,8.73289,8.50978,8.73289,5.2735e+006
SHS,3/11/2021 00:00:00,8.92412,9.08348,8.76476,8.98786,1.24067e+007
SHS,3/12/2021 00:00:00,8.76476,9.08348,8.76476,8.89225,5.8475e+006
SHS,3/15/2021 00:00:00,8.86038,8.95599,8.79663,8.86038,4.0204e+006
SHS,3/16/2021 00:00:00,8.86038,8.86038,8.63727,8.76476,7.4342e+006
SHS,3/17/2021 00:00:00,8.79663,8.98786,8.70102,8.92412,6.3882e+006
SHS,3/18/2021 00:00:00,8.95599,9.17909,8.95599,9.17909,1.09672e+007
SHS,3/19/2021 00:00:00,9.24284,9.43407,9.17909,9.33845,9.389e+006
SHS,3/22/2021 00:00:00,9.37033,9.4022,9.11535,9.17909,6.2022e+006
SHS,3/23/2021 00:00:00,9.17909,9.17909,8.86038,8.98786,1.01476e+007
SHS,3/24/2021 00:00:00,8.92412,8.92412,8.41417,8.8285,1.04553e+007
SHS,3/25/2021 00:00:00,8.8285,8.92412,8.63727,8.70102,4.6336e+006
SHS,3/26/2021 00:00:00,8.70102,9.08348,8.15919,8.92412,9.9253e+006
SHS,3/29/2021 00:00:00,8.92412,9.08348,8.76476,8.98786,6.9507e+006
SHS,3/30/2021 00:00:00,8.98786,9.24284,8.98786,9.08348,9.9043e+006
SHS,3/31/2021 00:00:00,9.11535,9.21097,8.92412,9.01973,8.6619e+006
SHS,4/1/2021 00:00:00,9.01973,9.91215,8.98786,9.91215,2.37075e+007
SHS,4/2/2021 00:00:00,10.0078,10.5177,9.94402,10.0078,1.18321e+007
SHS,4/5/2021 00:00:00,10.1352,10.3265,10.0078,10.0078,1.15807e+007
SHS,4/6/2021 00:00:00,9.94402,10.0396,9.75279,9.8484,1.49987e+007
SHS,4/7/2021 00:00:00,9.8484,10.0396,9.78466,9.94402,7.9787e+006
SHS,4/8/2021 00:00:00,9.94402,10.3584,9.91215,10.0715,9.5079e+006
SHS,4/9/2021 00:00:00,10.0715,10.199,10.0078,10.0715,7.3162e+006
SHS,4/12/2021 00:00:00,10.1352,10.3584,10.0715,10.3265,1.15615e+007
SHS,4/13/2021 00:00:00,10.3584,10.4858,9.88027,9.94402,1.56775e+007
SHS,4/14/2021 00:00:00,9.94402,10.1352,9.81653,10.1352,7.4966e+006
SHS,4/15/2021 00:00:00,10.1352,10.2627,9.75279,9.78466,1.08258e+007
SHS,4/16/2021 00:00:00,9.78466,9.8484,9.27471,9.56156,1.44643e+007
SHS,4/19/2021 00:00:00,9.6253,9.78466,9.49781,9.75279,5.5036e+006
SHS,4/20/2021 00:00:00,9.81653,9.91215,9.49781,9.49781,6.9346e+006
SHS,4/22/2021 00:00:00,9.49781,9.56156,8.57353,8.57353,1.48922e+007
SHS,4/23/2021 00:00:00,9.08348,9.24284,8.35043,9.01973,8.5187e+006
SHS,4/26/2021 00:00:00,9.01973,9.24284,8.6054,8.6054,5.6975e+006
SHS,4/27/2021 00:00:00,8.57353,8.70102,8.44604,8.57353,4.0206e+006
SHS,4/28/2021 00:00:00,8.57353,8.89225,8.50978,8.70102,4.7637e+006
SHS,4/29/2021 00:00:00,8.73289,8.86038,8.66914,8.73289,4.5506e+006
SHS,5/4/2021 00:00:00,8.6054,8.79663,8.31855,8.79663,6.3129e+006
SHS,5/5/2021 00:00:00,8.79663,9.24284,8.76476,9.08348,6.722e+006
SHS,5/6/2021 00:00:00,9.08348,9.21097,8.8285,8.86038,5.1198e+006
SHS,5/7/2021 00:00:00,8.8285,9.05161,8.63727,8.79663,6.4285e+006
SHS,5/10/2021 00:00:00,8.8285,9.46594,8.6054,9.30658,1.059e+007
SHS,5/11/2021 00:00:00,9.30658,9.72092,9.24284,9.30658,1.03754e+007
SHS,5/12/2021 00:00:00,9.33845,9.52968,9.14722,9.52968,4.746e+006
SHS,5/13/2021 00:00:00,9.49781,9.81653,9.4022,9.49781,9.4787e+006
SHS,5/14/2021 00:00:00,9.49781,9.78466,9.49781,9.59343,7.3825e+006
SHS,5/17/2021 00:00:00,9.6253,9.88027,9.49781,9.6253,8.2946e+006
SHS,5/18/2021 00:00:00,9.6253,9.81653,9.52968,9.59343,7.331e+006
SHS,5/19/2021 00:00:00,9.56156,10.1034,9.56156,10.0078,1.22124e+007
SHS,5/20/2021 00:00:00,10.0715,10.6771,9.91215,10.5815,1.60942e+007
SHS,5/21/2021 00:00:00,10.5815,10.8364,10.3902,10.4858,1.24341e+007
SHS,5/24/2021 00:00:00,10.5177,10.7727,10.3902,10.6771,9.8209e+006
SHS,5/25/2021 00:00:00,10.6771,10.9958,10.6133,10.8683,8.9157e+006
SHS,5/26/2021 00:00:00,10.8683,11.0277,10.7727,10.932,7.4973e+006
SHS,5/27/2021 00:00:00,10.932,10.9958,10.3584,10.6771,1.1268e+007
SHS,5/28/2021 00:00:00,10.4858,11.1551,10.4858,11.1551,1.10561e+007
SHS,5/31/2021 00:00:00,11.1233,12.1113,11.0914,12.1113,1.19409e+007
SHS,6/1/2021 00:00:00,12.1432,12.3663,11.6651,11.9519,1.46395e+007
SHS,6/2/2021 00:00:00,11.9519,12.5894,11.7607,12.5256,1.35227e+007
SHS,6/3/2021 00:00:00,12.5894,13.7368,12.5575,13.1631,9.9964e+006
SHS,6/4/2021 00:00:00,13.1949,13.3543,12.7806,13.1631,8.6855e+006
SHS,6/7/2021 00:00:00,13.1631,13.3543,11.8563,11.9519,2.05929e+007
SHS,6/8/2021 00:00:00,11.9519,12.2707,10.7727,10.8683,1.66318e+007
SHS,6/9/2021 00:00:00,10.7089,11.9201,10.7089,11.7288,1.07328e+007
SHS,6/10/2021 00:00:00,11.7288,11.9519,11.5376,11.7288,1.0952e+007
SHS,6/11/2021 00:00:00,11.7288,12.5575,11.6014,12.2388,1.08701e+007
SHS,6/14/2021 00:00:00,12.2388,13.3224,12.2388,13.0356,1.40841e+007
SHS,6/15/2021 00:00:00,13.0675,14.2148,12.8125,13.7686,1.74234e+007
SHS,6/16/2021 00:00:00,13.7686,13.8324,13.0037,13.2268,1.28343e+007
SHS,6/17/2021 00:00:00,13.2268,13.5137,11.9201,13.4499,7.4986e+006
SHS,6/18/2021 00:00:00,13.4499,13.673,13.2906,13.4818,6.632e+006
SHS,6/21/2021 00:00:00,13.4818,13.5137,13.0037,13.0037,7.085e+006
SHS,6/22/2021 00:00:00,13.0356,13.3862,12.9718,13.1312,4.6232e+006
SHS,6/23/2021 00:00:00,13.1312,13.5774,13.1312,13.2906,5.7641e+006
SHS,6/24/2021 00:00:00,13.2906,13.5137,13.1631,13.2268,4.1473e+006
SHS,6/25/2021 00:00:00,13.2268,13.8643,13.2268,13.8324,9.3447e+006
SHS,6/28/2021 00:00:00,13.8643,14.183,13.8643,13.9599,4.8069e+006
SHS,6/29/2021 00:00:00,14.1511,14.3423,13.8643,14.0236,7.0354e+006
SHS,6/30/2021 00:00:00,14.0236,14.0874,13.8961,14.0236,4.231e+006
SHS,7/1/2021 00:00:00,14.0236,14.9798,13.8961,14.9479,1.01901e+007
SHS,7/2/2021 00:00:00,14.916,15.5216,14.8523,15.0754,5.6601e+006
SHS,7/5/2021 00:00:00,15.1073,15.2347,14.3423,14.6292,8.1084e+006
SHS,7/6/2021 00:00:00,14.5973,14.916,13.1949,13.1949,9.9759e+006
SHS,7/7/2021 00:00:00,13.1949,14.0236,13.0356,14.0236,1.12568e+007
SHS,7/8/2021 00:00:00,14.0874,14.3742,13.8324,14.0236,5.6257e+006
SHS,7/9/2021 00:00:00,13.9599,14.1511,13.2268,13.3862,7.7408e+006
SHS,7/12/2021 00:00:00,13.7049,13.7049,12.0476,12.3025,1.51411e+007
SHS,7/13/2021 00:00:00,11.9519,12.6531,11.7926,12.6531,5.2542e+006
SHS,7/14/2021 00:00:00,12.6531,12.8125,11.7926,12.3344,6.0242e+006
SHS,7/15/2021 00:00:00,12.3344,13.0356,12.1113,12.9081,5.2355e+006
SHS,7/16/2021 00:00:00,12.9081,13.0037,12.7169,12.7169,4.0239e+006
SHS,7/19/2021 00:00:00,12.5256,12.5256,11.5695,11.6014,9.7372e+006
SHS,7/20/2021 00:00:00,11.5057,12.6213,11.1551,12.6213,8.5578e+006
SHS,7/21/2021 00:00:00,12.8125,12.9718,12.3982,12.5575,3.2836e+006
SHS,7/22/2021 00:00:00,12.5575,12.8762,12.43,12.7487,4.3919e+006
SHS,7/23/2021 00:00:00,12.7487,12.7806,12.2707,12.3025,3.9885e+006
SHS,7/26/2021 00:00:00,12.175,12.43,11.7926,12.3982,2.7612e+006
SHS,7/27/2021 00:00:00,12.4619,12.9718,12.4619,12.8125,6.075e+006
SHS,7/28/2021 00:00:00,12.7487,12.9081,12.7169,12.7169,4.1287e+006
SHS,7/29/2021 00:00:00,12.7169,13.1949,12.7169,13.1949,5.4365e+006
SHS,7/30/2021 00:00:00,13.1949,13.5455,13.0993,13.4499,6.0063e+006
SHS,8/2/2021 00:00:00,13.4499,13.5455,13.2906,13.3543,6.501e+006
SHS,8/3/2021 00:00:00,13.3224,13.673,13.1312,13.673,8.3003e+006
SHS,8/4/2021 00:00:00,13.7049,13.9917,13.6412,13.8324,5.8716e+006
SHS,8/5/2021 00:00:00,13.7686,13.9917,13.6412,13.928,5.6537e+006
SHS,8/6/2021 00:00:00,13.9599,13.9917,13.4818,13.4818,6.3879e+006
SHS,8/9/2021 00:00:00,13.3862,14.2148,13.3224,14.183,1.07279e+007
SHS,8/10/2021 00:00:00,14.3423,14.7248,14.183,14.4061,8.1235e+006
SHS,8/11/2021 00:00:00,14.7248,15.0116,14.5336,14.5973,8.167e+006
SHS,8/12/2021 00:00:00,14.6611,14.9479,14.5973,14.6611,6.4738e+006
SHS,8/13/2021 00:00:00,14.7248,15.7766,14.6611,15.7766,1.0744e+007
SHS,8/16/2021 00:00:00,15.9359,17.0514,15.8084,17.0196,8.1868e+006
SHS,8/17/2021 00:00:00,17.0196,17.1471,16.4777,16.6371,1.04214e+007
SHS,8/18/2021 00:00:00,16.6052,17.0833,16.414,16.924,9.5403e+006
SHS,8/19/2021 00:00:00,16.6371,17.0196,16.6052,16.8283,7.2034e+006
SHS,8/20/2021 00:00:00,16.8283,17.0196,15.6172,16.0953,1.64792e+007
SHS,8/23/2021 00:00:00,17.2068,17.6959,16.9845,17.6959,5.0439e+006
SHS,8/24/2021 00:00:00,18.8964,18.8964,16.8956,17.7848,1.12929e+007
SHS,8/25/2021 00:00:00,16.0064,18.0072,16.0064,17.8738,4.9037e+006
SHS,8/26/2021 00:00:00,17.8738,17.8738,17.2513,17.4291,4.0008e+006
SHS,8/27/2021 00:00:00,17.4291,17.607,16.8067,17.607,4.7e+006
SHS,8/30/2021 00:00:00,17.6515,17.8738,17.4291,17.8738,5.8945e+006
SHS,8/31/2021 00:00:00,17.8738,17.9627,17.5181,17.5181,4.8925e+006
SHS,9/1/2021 00:00:00,17.5181,17.6959,17.0735,17.5181,5.554e+006
SHS,9/6/2021 00:00:00,17.5181,17.7848,17.2068,17.3847,6.2366e+006
SHS,9/7/2021 00:00:00,17.4291,18.2295,17.2068,17.9182,1.19425e+007
SHS,9/8/2021 00:00:00,18.0072,18.185,17.6959,17.8293,5.5694e+006
SHS,9/9/2021 00:00:00,17.9182,17.9182,17.6959,17.9182,3.4966e+006
SHS,9/10/2021 00:00:00,17.9627,18.2295,17.7848,17.9627,6.9913e+006
SHS,9/13/2021 00:00:00,17.9627,18.0961,17.5181,17.7848,5.9747e+006
SHS,9/14/2021 00:00:00,17.7848,17.8293,17.3847,17.3847,3.6582e+006
SHS,9/15/2021 00:00:00,17.3402,17.5181,16.9845,17.3847,5.6373e+006
SHS,9/16/2021 00:00:00,17.3847,17.4736,17.029,17.1624,3.29e+006
SHS,9/17/2021 00:00:00,17.1624,17.9182,17.1179,17.7848,6.3531e+006
SHS,9/20/2021 00:00:00,17.9182,18.0072,17.4291,17.4736,4.4765e+006
SHS,9/21/2021 00:00:00,17.4736,17.5625,16.8956,17.2068,4.5217e+006
SHS,9/22/2021 00:00:00,17.2068,17.4291,16.9845,17.2068,2.9762e+006
SHS,9/23/2021 00:00:00,17.2513,17.3847,17.1179,17.1624,4.2727e+006
SHS,9/24/2021 00:00:00,17.3402,17.3402,16.9401,17.0735,2.8054e+006
SHS,9/27/2021 00:00:00,17.2068,17.2068,15.9619,16.0064,6.0865e+006
SHS,9/28/2021 00:00:00,15.7841,16.5399,15.7396,16.451,3.9341e+006
SHS,9/29/2021 00:00:00,16.4954,16.4954,16.0064,16.0953,2.8002e+006
SHS,9/30/2021 00:00:00,16.0953,16.2731,16.0953,16.1397,1.7934e+006
SHS,10/1/2021 00:00:00,16.1397,16.3176,15.7841,15.8285,3.6724e+006
SHS,10/4/2021 00:00:00,15.8285,15.9619,15.1171,15.3394,5.6251e+006
SHS,10/5/2021 00:00:00,15.3394,16.451,15.1171,16.3621,4.1273e+006
SHS,10/6/2021 00:00:00,16.4065,16.451,16.0953,16.2731,2.742e+006
SHS,10/7/2021 00:00:00,16.2287,16.6288,16.1397,16.5399,3.4663e+006
SHS,10/8/2021 00:00:00,16.5844,16.7622,16.4065,16.6288,3.4163e+006
SHS,10/11/2021 00:00:00,16.6733,16.9845,16.6288,16.9845,3.7535e+006
SHS,10/12/2021 00:00:00,16.9845,17.1179,16.6733,16.6733,3.7941e+006
SHS,10/13/2021 00:00:00,16.6733,16.8511,16.6288,16.6733,1.9053e+006
SHS,10/14/2021 00:00:00,16.7178,17.1179,16.6733,16.8067,4.6358e+006
SHS,10/15/2021 00:00:00,16.8067,17.1179,16.8067,16.8511,3.4954e+006
SHS,10/18/2021 00:00:00,16.8511,17.2958,16.7622,16.9845,4.6556e+006
SHS,10/19/2021 00:00:00,16.9845,17.2513,16.8956,16.9845,4.186e+006
SHS,10/20/2021 00:00:00,16.9845,17.2513,16.5844,17.0735,5.6044e+006
SHS,10/21/2021 00:00:00,17.1624,17.2513,16.8067,16.8511,2.6454e+006
SHS,10/22/2021 00:00:00,16.8956,16.9401,16.5399,16.6733,3.9711e+006
SHS,10/25/2021 00:00:00,16.5399,16.7178,16.2287,16.2731,4.2934e+006
SHS,10/26/2021 00:00:00,16.2731,16.5399,16.0064,16.451,2.819e+006
SHS,10/27/2021 00:00:00,16.451,16.7622,16.4065,16.7622,3.8556e+006
SHS,10/28/2021 00:00:00,16.8067,17.4291,16.7622,17.1179,8.6861e+006
SHS,10/29/2021 00:00:00,17.1624,17.3402,16.8511,17.1179,4.4002e+006
SHS,11/1/2021 00:00:00,17.1179,18.0516,17.1179,17.9627,1.21255e+007
SHS,11/2/2021 00:00:00,17.9627,18.4518,17.8738,18.4518,9.9675e+006
SHS,11/3/2021 00:00:00,18.5407,18.6741,18.0072,18.2295,9.031e+006
SHS,11/4/2021 00:00:00,18.2295,19.5189,18.1405,19.2521,1.14462e+007
SHS,11/5/2021 00:00:00,19.2521,19.5633,19.0742,19.2076,8.0485e+006
SHS,11/8/2021 00:00:00,19.2966,19.919,19.1632,19.5633,1.02175e+007
SHS,11/9/2021 00:00:00,19.5633,19.7856,18.9409,19.4744,7.9082e+006
SHS,11/10/2021 00:00:00,19.5189,19.8746,19.341,19.4299,6.537e+006
SHS,11/11/2021 00:00:00,19.4299,20.008,18.7186,19.4299,9.4202e+006
SHS,11/12/2021 00:00:00,19.4299,19.7856,19.2521,19.7856,6.2657e+006
SHS,11/15/2021 00:00:00,20.008,21.5641,19.8746,21.2974,8.7834e+006
SHS,11/16/2021 00:00:00,21.3418,21.5641,20.5415,21.2974,7.0081e+006
SHS,11/17/2021 00:00:00,21.2084,22.1421,20.008,21.6086,7.9564e+006
SHS,11/18/2021 00:00:00,21.6086,23.2092,21.5641,22.898,9.7301e+006
SHS,11/19/2021 00:00:00,22.898,22.898,20.6304,22.0087,1.85066e+007
SHS,11/22/2021 00:00:00,22.0087,22.4534,21.3418,21.9643,1.17247e+007
SHS,11/23/2021 00:00:00,22.0087,23.1203,21.3418,23.1203,1.21941e+007
SHS,11/24/2021 00:00:00,22.8091,24.0095,22.8091,23.6538,1.104e+007
SHS,11/25/2021 00:00:00,23.9206,24.8988,23.476,24.6765,1.20119e+007
SHS,11/26/2021 00:00:00,24.6765,24.8099,23.7872,24.0985,1.1439e+007
SHS,11/29/2021 00:00:00,24.0095,24.5431,23.3426,24.2763,1.06654e+007
SHS,11/30/2021 00:00:00,24.2763,25.1211,23.5649,24.2763,1.22559e+007
SHS,12/1/2021 00:00:00,24.4542,24.4542,23.3426,23.6983,1.10018e+007
SHS,12/2/2021 00:00:00,23.6983,23.9651,23.1648,23.1648,8.3716e+006
SHS,12/3/2021 00:00:00,23.1648,23.3426,21.2084,21.2084,1.77291e+007
SHS,12/6/2021 00:00:00,21.1195,21.6531,19.5633,20.4526,1.37622e+007
SHS,12/7/2021 00:00:00,20.6749,21.1195,20.4081,21.1195,7.3215e+006
SHS,12/8/2021 00:00:00,21.164,22.2311,21.1195,22.0087,1.14074e+007
SHS,12/9/2021 00:00:00,22.0087,22.9425,21.742,22.898,7.1335e+006
SHS,12/10/2021 00:00:00,22.898,23.3426,22.5868,22.7646,7.6263e+006
SHS,12/13/2021 00:00:00,22.7201,23.3426,22.4978,23.1203,6.0835e+006
SHS,12/14/2021 00:00:00,23.1203,23.5205,22.7646,22.8535,6.5646e+006
SHS,12/15/2021 00:00:00,22.8091,22.898,22.0087,22.0087,7.4029e+006
SHS,12/16/2021 00:00:00,22.0087,22.2311,21.4307,21.6086,8.9409e+006
SHS,12/17/2021 00:00:00,21.5641,22.6757,21.5641,22.6757,6.4527e+006
SHS,12/20/2021 00:00:00,22.6757,23.5649,22.5868,23.1203,8.0103e+006
SHS,12/21/2021 00:00:00,23.1203,23.1203,22.5423,22.6312,5.9061e+006
SHS,12/22/2021 00:00:00,22.6757,22.9869,21.8754,21.9198,6.7435e+006
SHS,12/23/2021 00:00:00,22.0087,22.0532,20.497,20.9861,9.7612e+006
SHS,12/24/2021 00:00:00,21.0306,21.7864,20.8527,21.3418,3.7865e+006
SHS,12/27/2021 00:00:00,21.3418,21.6975,21.2974,21.5197,3.0932e+006
SHS,12/28/2021 00:00:00,21.5197,21.7864,21.2084,21.3418,4.392e+006
SHS,12/29/2021 00:00:00,21.2974,21.9643,21.164,21.6086,4.8629e+006
SHS,12/30/2021 00:00:00,21.4752,22.8535,21.4752,22.7201,5.5153e+006
SHS,12/31/2021 00:00:00,22.6757,23.0758,22.32,22.4978,3.9054e+006
SHS,1/4/2022 00:00:00,22.4978,23.0758,22.4978,22.9425,5.9462e+006
SHS,1/5/2022 00:00:00,22.9425,23.7872,22.898,23.2092,1.06806e+007
SHS,1/6/2022 00:00:00,23.2981,23.3426,22.5868,22.6757,5.8309e+006
SHS,1/7/2022 00:00:00,22.6757,23.3426,22.3644,22.898,6.5886e+006
SHS,1/10/2022 00:00:00,22.898,23.1203,21.7864,21.8309,1.0726e+007
SHS,1/11/2022 00:00:00,21.8309,22.1421,20.8972,20.9417,8.1815e+006
SHS,1/12/2022 00:00:00,20.9417,22.1421,20.7193,21.9198,8.1776e+006
SHS,1/13/2022 00:00:00,22.0087,22.32,21.164,21.164,5.0083e+006
SHS,1/14/2022 00:00:00,21.2084,21.5641,20.6749,21.1195,3.971e+006
SHS,1/17/2022 00:00:00,21.1195,21.3418,19.0298,19.0298,1.51291e+007
SHS,1/18/2022 00:00:00,19.0298,19.0298,17.1624,17.5181,7.2476e+006
SHS,1/19/2022 00:00:00,17.3402,18.5407,17.2513,18.4518,4.6872e+006
SHS,1/20/2022 00:00:00,18.5852,19.1187,18.2295,18.8964,4.7043e+006
SHS,1/21/2022 00:00:00,18.8964,18.9853,18.2295,18.2295,3.8985e+006
SHS,1/24/2022 00:00:00,18.2295,18.2295,16.4065,16.4065,9.2082e+006
SHS,1/25/2022 00:00:00,16.3176,17.2513,16.0064,17.0735,4.6867e+006
SHS,1/26/2022 00:00:00,17.1179,17.3402,16.8956,16.8956,2.543e+006
SHS,1/27/2022 00:00:00,16.8956,17.7404,16.8067,17.3402,3.503e+006
SHS,1/28/2022 00:00:00,17.3402,17.9627,17.2958,17.7404,3.1802e+006
SHS,2/7/2022 00:00:00,17.7404,18.5852,17.7404,18.2295,2.8734e+006
SHS,2/8/2022 00:00:00,18.4073,18.6741,17.8738,18.4518,3.3003e+006
SHS,2/9/2022 00:00:00,18.4073,19.1187,18.3184,18.6741,4.6393e+006
SHS,2/10/2022 00:00:00,18.6741,18.8964,18.4518,18.5407,3.4545e+006
SHS,2/11/2022 00:00:00,18.5407,18.8964,18.4518,18.763,2.6159e+006
SHS,2/14/2022 00:00:00,17.3402,18.763,17.3402,17.8293,3.6715e+006
SHS,2/15/2022 00:00:00,17.8293,18.4073,17.6515,18.2739,2.468e+006
SHS,2/16/2022 00:00:00,18.2739,18.8519,18.2739,18.4518,3.1712e+006
SHS,2/17/2022 00:00:00,18.4962,18.5407,18.185,18.3184,4.4014e+006
SHS,2/18/2022 00:00:00,18.2739,19.0298,18.0072,18.8519,4.7808e+006
SHS,2/21/2022 00:00:00,18.8519,19.7412,18.8075,19.4299,6.1129e+006
SHS,2/22/2022 00:00:00,19.341,19.4299,18.7186,19.0742,5.5476e+006
SHS,2/23/2022 00:00:00,19.0742,19.4299,19.0298,19.2521,3.5772e+006
SHS,2/24/2022 00:00:00,19.2076,19.6523,18.2295,18.8964,9.4201e+006
SHS,2/25/2022 00:00:00,18.9409,19.8301,18.8964,19.5633,8.2433e+006
SHS,2/28/2022 00:00:00,19.5633,19.8746,19.5189,19.6078,4.0307e+006
SHS,3/1/2022 00:00:00,19.6078,19.919,19.4744,19.7856,4.5788e+006
SHS,3/2/2022 00:00:00,20.6304,20.6304,19.0742,19.2521,6.62e+006
SHS,3/3/2022 00:00:00,19.2521,19.5633,19.2076,19.5633,3.543e+006
SHS,3/4/2022 00:00:00,19.5189,20.2303,19.5189,19.7856,6.2016e+006
SHS,3/7/2022 00:00:00,19.7856,19.7856,19.341,19.5189,4.4356e+006
SHS,3/8/2022 00:00:00,19.5189,19.7856,19.0298,19.2076,7.6943e+006
SHS,3/9/2022 00:00:00,17.2958,19.3855,17.2958,18.8964,5.8031e+006
SHS,3/10/2022 00:00:00,19.1187,19.4744,18.9409,19.0298,3.1741e+006
SHS,3/11/2022 00:00:00,19.0298,19.0298,18.2739,18.3629,5.5069e+006
SHS,3/14/2022 00:00:00,18.3629,18.4518,17.5625,17.8738,4.7207e+006
SHS,3/15/2022 00:00:00,18.2295,18.2295,17.7404,17.9627,3.2325e+006
SHS,3/16/2022 00:00:00,18.0516,18.3184,18.0072,18.0961,3.0696e+006
SHS,3/17/2022 00:00:00,18.2295,18.9409,18.1405,18.3629,2.5074e+006
SHS,3/18/2022 00:00:00,18.3629,18.6741,18.0961,18.4073,5.6491e+006
SHS,3/21/2022 00:00:00,18.4518,18.6296,18.2739,18.5407,3.7142e+006
SHS,3/22/2022 00:00:00,18.5852,18.8964,18.5407,18.8075,4.8118e+006
SHS,3/23/2022 00:00:00,18.8964,19.2521,18.7186,19.1632,6.2131e+006
SHS,3/24/2022 00:00:00,19.3855,19.4299,19.1187,19.1187,4.3554e+006
SHS,3/25/2022 00:00:00,17.7848,19.2521,17.7848,18.763,3.497e+006
SHS,3/28/2022 00:00:00,18.6741,18.763,17.8738,18.1405,5.512e+006
SHS,3/29/2022 00:00:00,18.1405,18.5852,18.0961,18.3184,3.1613e+006
SHS,3/30/2022 00:00:00,16.5399,18.5407,16.5399,18.0072,3.9565e+006
SHS,3/31/2022 00:00:00,18.2295,18.4073,17.9627,18.0072,2.6858e+006
SHS,4/1/2022 00:00:00,18.0072,18.3629,17.7404,18.3629,3.6805e+006
SHS,4/4/2022 00:00:00,18.3184,19.6523,18.3184,19.2521,7.8581e+006
SHS,4/5/2022 00:00:00,19.2076,19.4299,18.8964,18.8964,3.8873e+006
SHS,4/6/2022 00:00:00,18.8519,19.1187,18.4518,18.763,4.2991e+006
SHS,4/7/2022 00:00:00,18.6741,18.8964,18.0072,18.0072,6.2587e+006
SHS,4/8/2022 00:00:00,17.9627,18.0072,16.9401,17.0735,8.5448e+006
SHS,4/12/2022 00:00:00,17.0735,17.2958,15.6062,16.8956,9.3245e+006
SHS,4/13/2022 00:00:00,16.8956,17.1624,16.5399,16.8956,8.541e+006
SHS,4/14/2022 00:00:00,18.5852,18.5852,17.0308,17.3011,5.0441e+006
SHS,4/15/2022 00:00:00,17.1659,17.5714,15.6791,16.4901,3.0653e+006
SHS,4/18/2022 00:00:00,14.8681,16.4901,14.8681,14.9357,4.5193e+006
SHS,4/19/2022 00:00:00,13.8544,15.544,13.8544,14.1247,3.5159e+006
SHS,4/20/2022 00:00:00,12.7731,14.5978,12.7731,13.922,3.8334e+006
SHS,4/21/2022 00:00:00,13.5841,14.5978,12.9758,13.8544,5.9236e+006
SHS,4/22/2022 00:00:00,13.8544,14.4626,13.5841,13.8544,4.4743e+006
SHS,4/25/2022 00:00:00,12.5703,14.2599,12.5027,12.5027,6.3479e+006
SHS,4/26/2022 00:00:00,11.3538,13.0434,11.2863,13.0434,5.4346e+006
SHS,4/27/2022 00:00:00,13.0434,13.2462,12.7055,13.111,2.6705e+006
SHS,4/28/2022 00:00:00,13.0434,13.3137,12.9082,12.9082,3.2425e+006
SHS,4/29/2022 00:00:00,12.9082,13.4489,12.7055,13.111,4.1938e+006
SHS,5/4/2022 00:00:00,11.8269,13.2462,11.8269,12.6379,2.2711e+006
SHS,5/5/2022 00:00:00,11.8269,13.0434,11.4214,12.4352,4.1247e+006
SHS,5/6/2022 00:00:00,11.9621,12.4352,11.2187,11.2187,5.0317e+006
SHS,5/9/2022 00:00:00,10.1374,11.8269,10.1374,10.1374,7.4022e+006
SHS,5/10/2022 00:00:00,9.32637,10.8132,9.12363,10.8132,6.5636e+006
SHS,5/11/2022 00:00:00,10.8132,11.1511,10.6104,11.0159,3.0798e+006
SHS,5/12/2022 00:00:00,11.0159,11.0159,10.0022,10.2049,6.7825e+006
SHS,5/13/2022 00:00:00,9.86703,10.4077,9.19121,9.52912,1.2423e+007
SHS,5/16/2022 00:00:00,9.52912,10.4077,9.52912,10.3401,1.71355e+007
SHS,5/17/2022 00:00:00,9.32637,11.3538,9.32637,11.3538,8.1882e+006
SHS,5/18/2022 00:00:00,11.3538,12.1648,11.1511,11.1511,1.22514e+007
SHS,5/19/2022 00:00:00,10.678,11.9621,10.4077,11.6918,1.37063e+007
SHS,5/20/2022 00:00:00,11.6918,12.1648,11.3538,11.7593,8.5941e+006
SHS,5/23/2022 00:00:00,11.7593,11.9621,10.6104,10.8808,1.31695e+007
SHS,5/24/2022 00:00:00,10.9484,11.489,10.2049,11.489,1.28572e+007
SHS,5/25/2022 00:00:00,11.489,12.5027,11.489,12.3,1.24667e+007
SHS,5/26/2022 00:00:00,12.3,12.6379,11.9621,12.1648,8.9141e+006
SHS,5/27/2022 00:00:00,12.2324,12.5027,11.8945,12.0973,9.0312e+006
SHS,5/30/2022 00:00:00,12.0973,12.6379,11.9621,12.1648,7.587e+006
SHS,5/31/2022 00:00:00,12.3676,12.3676,11.8945,12.3,8.4074e+006
SHS,6/1/2022 00:00:00,12.3,12.5027,11.9621,12.4352,8.6609e+006
SHS,6/2/2022 00:00:00,12.6379,13.1786,12.3676,12.5027,1.52863e+007
SHS,6/3/2022 00:00:00,12.5703,12.7731,12.0297,12.3,6.8625e+006
SHS,6/6/2022 00:00:00,12.3,12.7731,12.0973,12.0973,8.095e+006
SHS,6/7/2022 00:00:00,11.8945,12.3,11.0159,11.8945,1.55894e+007
SHS,6/8/2022 00:00:00,11.9621,12.7055,11.9621,12.3676,8.1599e+006
SHS,6/9/2022 00:00:00,12.3676,12.7731,12.3,12.5027,6.584e+006
SHS,6/10/2022 00:00:00,12.3,12.4352,11.8269,11.8269,8.5784e+006
SHS,6/13/2022 00:00:00,11.6242,11.8269,10.678,10.678,1.11374e+007
SHS,6/14/2022 00:00:00,10.5429,10.9484,10.1374,10.5429,6.2623e+006
SHS,6/15/2022 00:00:00,10.4077,10.8132,9.5967,9.79945,7.8622e+006
SHS,6/16/2022 00:00:00,9.86703,10.4077,9.73187,9.79945,5.0664e+006
SHS,6/17/2022 00:00:00,9.52912,9.79945,8.98846,8.98846,9.6065e+006
SHS,6/20/2022 00:00:00,8.98846,9.39396,8.24506,8.24506,8.595e+006
SHS,6/21/2022 00:00:00,8.17747,9.05604,8.10989,8.98846,8.1262e+006
SHS,6/22/2022 00:00:00,8.10989,9.79945,8.10989,9.46154,6.9095e+006
SHS,6/23/2022 00:00:00,9.46154,9.66429,9.25879,9.5967,5.4681e+006
SHS,6/24/2022 00:00:00,9.5967,9.93462,9.46154,9.5967,6.5452e+006
SHS,6/27/2022 00:00:00,9.5967,10.2725,9.5967,10.1374,6.3163e+006
SHS,6/28/2022 00:00:00,9.12363,10.2725,9.12363,9.93462,7.1732e+006
SHS,6/29/2022 00:00:00,9.86703,10.4077,9.79945,10.0022,6.5558e+006
SHS,6/30/2022 00:00:00,10.0698,10.1374,9.19121,9.19121,7.1131e+006
SHS,7/1/2022 00:00:00,9.12363,9.86703,9.05604,9.79945,9.507e+006
SHS,7/4/2022 00:00:00,9.93462,10.4753,9.79945,10.1374,6.4366e+006
SHS,7/5/2022 00:00:00,10.1374,10.3401,9.79945,9.79945,5.2003e+006
SHS,7/6/2022 00:00:00,9.66429,9.93462,9.25879,9.39396,7.4869e+006
SHS,7/7/2022 00:00:00,9.25879,9.52912,9.19121,9.32637,5.4583e+006
SHS,7/8/2022 00:00:00,9.66429,9.86703,9.25879,9.73187,1.22132e+007
SHS,7/11/2022 00:00:00,8.78571,9.93462,8.78571,9.46154,8.7735e+006
SHS,7/12/2022 00:00:00,9.25879,9.73187,9.25879,9.66429,6.4296e+006
SHS,7/13/2022 00:00:00,9.93462,10.2049,9.66429,9.86703,1.20448e+007
SHS,7/14/2022 00:00:00,9.86703,10.7456,9.66429,10.6104,1.84337e+007
SHS,7/15/2022 00:00:00,10.7456,11.0159,10.3401,10.3401,9.1672e+006
SHS,7/18/2022 00:00:00,10.5429,10.678,10.3401,10.4077,9.9537e+006
SHS,7/19/2022 00:00:00,11.4214,11.4214,10.0022,10.1374,1.31181e+007
SHS,7/20/2022 00:00:00,10.7456,10.7456,10.3401,10.4753,1.29239e+007
SHS,7/21/2022 00:00:00,10.2725,10.6104,10.1374,10.4077,1.74616e+007
SHS,7/22/2022 00:00:00,10.9154,11.1692,10.6615,10.6615,1.30596e+007
SHS,7/25/2022 00:00:00,10.6615,10.7462,10.3231,10.4923,8.57e+006
SHS,7/26/2022 00:00:00,10.4923,10.5769,10.3231,10.3231,6.4923e+006
SHS,7/27/2022 00:00:00,10.3231,10.4923,10.0692,10.4077,9.5653e+006
SHS,7/28/2022 00:00:00,10.4923,11.2538,10.4923,11,1.72254e+007
SHS,7/29/2022 00:00:00,11,11.3385,11,11.0846,1.13185e+007
SHS,8/1/2022 00:00:00,11.0846,12.1,11,12.0154,2.03789e+007
SHS,8/2/2022 00:00:00,12.1846,12.2692,11.6769,11.8462,1.95197e+007
SHS,8/3/2022 00:00:00,11.8462,12.1846,11.5077,12.1,1.39618e+007
SHS,8/4/2022 00:00:00,12.1846,12.6077,11.9308,12.1,1.8225e+007
SHS,8/5/2022 00:00:00,11.9308,12.6077,11.9308,12.3538,1.56216e+007
SHS,8/8/2022 00:00:00,12.3538,12.6077,12.1,12.5231,1.36343e+007
SHS,8/9/2022 00:00:00,12.5231,12.6923,12.1846,12.4385,1.24663e+007
SHS,8/10/2022 00:00:00,12.6077,12.6077,12.2692,12.2692,1.10285e+007
SHS,8/11/2022 00:00:00,12.4385,12.8615,12.0154,12.1846,2.31584e+007
SHS,8/12/2022 00:00:00,12.1846,12.6077,12.1,12.5231,1.10474e+007
SHS,8/15/2022 00:00:00,13.7077,13.7077,12.6077,12.6077,1.69129e+007
SHS,8/16/2022 00:00:00,12.9462,12.9462,12.4385,12.5231,7.7662e+006
SHS,8/17/2022 00:00:00,13.7077,13.7077,12.3538,12.3538,1.22775e+007
SHS,8/18/2022 00:00:00,12.3538,12.7769,12.1846,12.4385,1.76365e+007
SHS,8/19/2022 00:00:00,12.5231,12.6923,12.2692,12.4385,1.06907e+007
SHS,8/22/2022 00:00:00,11.4231,12.2692,11.2538,11.5077,3.50806e+007
SHS,8/23/2022 00:00:00,11.4231,12.1,11.0846,12.1,1.36375e+007
SHS,8/24/2022 00:00:00,12.1,12.1846,11.8462,11.9308,7.1675e+006
SHS,8/25/2022 00:00:00,11.9308,12.1,11.6769,11.6769,1.32016e+007
SHS,8/26/2022 00:00:00,11.6769,11.8462,11.4231,11.4231,1.25421e+007
SHS,8/29/2022 00:00:00,11.2538,11.4231,10.6615,11.3385,1.55224e+007
SHS,8/30/2022 00:00:00,11.3385,11.5923,11.0846,11.0846,7.3231e+006
SHS,8/31/2022 00:00:00,11.0846,11.3385,11,11.1692,5.768e+006
SHS,9/5/2022 00:00:00,11.0846,11.2538,10.0692,10.9154,4.5415e+006
SHS,9/6/2022 00:00:00,10.9154,11.3385,10.9154,11.0846,7.2649e+006
SHS,9/7/2022 00:00:00,11,11.1692,10.4923,10.4923,9.0419e+006
SHS,9/8/2022 00:00:00,9.47692,10.6615,9.47692,10.2385,1.13548e+007
SHS,9/9/2022 00:00:00,10.3231,10.4077,9.81538,10.3231,7.937e+006
SHS,9/12/2022 00:00:00,10.3231,10.5769,10.0692,10.1538,4.9773e+006
SHS,9/13/2022 00:00:00,10.1538,10.3231,9.98462,10.2385,4.7142e+006
SHS,9/14/2022 00:00:00,9.98462,10.4077,9.81538,10.3231,9.472e+006
SHS,9/15/2022 00:00:00,9.30769,10.4923,9.30769,10.1538,3.307e+006
SHS,9/16/2022 00:00:00,9.13846,10.1538,9.13846,9.64615,1.03587e+007
SHS,9/19/2022 00:00:00,9.64615,9.81538,9.05385,9.13846,9.8838e+006
SHS,9/20/2022 00:00:00,9.13846,9.47692,9.05385,9.39231,7.5333e+006
SHS,9/21/2022 00:00:00,9.39231,9.39231,9.22308,9.30769,3.6281e+006
SHS,9/22/2022 00:00:00,9.30769,9.73077,9.05385,9.64615,1.13612e+007
SHS,9/23/2022 00:00:00,9.64615,9.81538,9.47692,9.47692,5.55e+006
SHS,9/26/2022 00:00:00,9.47692,9.47692,8.63077,8.8,1.11143e+007
SHS,9/27/2022 00:00:00,8.71538,8.96923,8.71538,8.71538,5.6462e+006
SHS,9/28/2022 00:00:00,8.71538,9.05385,8.54615,8.8,1.29949e+007
SHS,9/29/2022 00:00:00,8.96923,9.05385,8.71538,8.71538,7.9101e+006
SHS,9/30/2022 00:00:00,8.54615,8.88461,8.20769,8.88461,1.14934e+007
SHS,10/3/2022 00:00:00,8.03846,8.88461,8.03846,8.03846,1.06588e+007
SHS,10/4/2022 00:00:00,7.95385,8.37692,7.7,7.7,8.8601e+006
SHS,10/5/2022 00:00:00,7.78462,8.20769,7.7,7.95385,6.0578e+006
SHS,10/6/2022 00:00:00,7.86923,8.12308,7.27692,7.36154,7.7839e+006
SHS,10/7/2022 00:00:00,7.19231,7.36154,6.76923,7.10769,1.26495e+007
SHS,10/10/2022 00:00:00,7.02308,7.53077,6.68462,7.27692,1.00761e+007
SHS,10/11/2022 00:00:00,7.10769,7.36154,6.6,6.6,1.20062e+007
SHS,10/12/2022 00:00:00,6.51538,7.19231,6.43077,7.02308,9.2804e+006
SHS,10/13/2022 00:00:00,7.10769,7.27692,6.93846,7.10769,4.8639e+006
SHS,10/14/2022 00:00:00,7.19231,7.7,7.19231,7.44615,1.40714e+007
SHS,10/17/2022 00:00:00,7.44615,7.44615,7.02308,7.19231,6.6197e+006
SHS,10/18/2022 00:00:00,7.27692,7.53077,7.19231,7.27692,8.6266e+006
SHS,10/19/2022 00:00:00,7.36154,7.44615,7.19231,7.19231,5.2485e+006
SHS,10/20/2022 00:00:00,7.19231,7.19231,7.02308,7.10769,3.766e+006
SHS,10/21/2022 00:00:00,7.02308,7.10769,6.43077,6.43077,1.64041e+007
SHS,10/24/2022 00:00:00,5.83846,6.68462,5.83846,5.83846,1.12561e+007
SHS,10/25/2022 00:00:00,5.66923,6.34615,5.41538,6.00769,1.32816e+007
SHS,10/26/2022 00:00:00,5.92308,6.26154,5.83846,5.92308,3.7751e+006
SHS,10/27/2022 00:00:00,5.33077,6.51538,5.33077,6.51538,1.24384e+007
SHS,10/28/2022 00:00:00,6.68462,6.85385,6.51538,6.51538,8.2433e+006
SHS,10/31/2022 00:00:00,6.51538,6.76923,6.09231,6.51538,1.20266e+007
SHS,11/1/2022 00:00:00,6.51538,7.10769,6.51538,6.93846,1.81911e+007
SHS,11/2/2022 00:00:00,6.93846,7.19231,6.85385,6.93846,1.02757e+007
SHS,11/3/2022 00:00:00,6.93846,7.10769,6.76923,6.93846,1.04615e+007
SHS,11/4/2022 00:00:00,6.93846,7.02308,6.51538,6.68462,1.68813e+007
SHS,11/7/2022 00:00:00,6.09231,6.76923,6.09231,6.09231,1.48912e+007
SHS,11/8/2022 00:00:00,6.09231,6.43077,5.83846,6.34615,1.04613e+007
SHS,11/9/2022 00:00:00,6.34615,6.6,6.26154,6.34615,7.7571e+006
SHS,11/10/2022 00:00:00,6.17692,6.34615,5.75385,5.75385,1.26126e+007
SHS,11/11/2022 00:00:00,5.24615,6.09231,5.24615,5.41538,1.16942e+007
SHS,11/14/2022 00:00:00,5.24615,5.58462,4.90769,5.07692,1.27045e+007
SHS,11/15/2022 00:00:00,4.99231,5.16154,4.56923,4.56923,1.18826e+007
SHS,11/16/2022 00:00:00,4.48462,4.99231,4.14615,4.99231,1.49191e+007
SHS,11/17/2022 00:00:00,4.99231,5.41538,4.73846,5.41538,1.57567e+007
SHS,11/18/2022 00:00:00,5.33077,5.92308,5.07692,5.92308,2.35774e+007
SHS,11/21/2022 00:00:00,5.66923,6.17692,5.66923,6.09231,9.0169e+006
SHS,11/22/2022 00:00:00,6.09231,6.6,5.92308,6.09231,1.9283e+007
SHS,11/23/2022 00:00:00,6.17692,6.17692,5.75385,5.75385,9.0465e+006
SHS,11/24/2022 00:00:00,5.66923,6.00769,5.5,6.00769,1.11329e+007
SHS,11/25/2022 00:00:00,5.75385,6.6,5.75385,6.6,1.64489e+007
SHS,11/28/2022 00:00:00,6.85385,7.19231,6.26154,7.19231,2.44328e+007
SHS,11/29/2022 00:00:00,7.27692,7.78462,6.93846,7.44615,2.55277e+007
SHS,11/30/2022 00:00:00,7.02308,7.61538,7.02308,7.44615,2.52502e+007
SHS,12/1/2022 00:00:00,7.53077,7.86923,7.02308,7.19231,3.2901e+007
SHS,12/2/2022 00:00:00,7.19231,7.86923,6.93846,7.86923,3.43925e+007
SHS,12/5/2022 00:00:00,8.37692,8.63077,8.12308,8.37692,3.73732e+007
SHS,12/6/2022 00:00:00,8.46154,8.54615,7.61538,7.61538,4.96707e+007
SHS,12/7/2022 00:00:00,7.61538,7.86923,7.10769,7.27692,2.49214e+007
SHS,12/8/2022 00:00:00,7.10769,7.95385,7.02308,7.95385,3.36664e+007
SHS,12/9/2022 00:00:00,8.03846,8.20769,7.7,7.86923,1.8092e+007
SHS,12/12/2022 00:00:00,7.86923,8.37692,7.27692,7.27692,3.66903e+007
SHS,12/13/2022 00:00:00,7.27692,7.95385,7.19231,7.95385,2.4908e+007
SHS,12/14/2022 00:00:00,7.86923,8.46154,7.86923,7.95385,2.19831e+007
SHS,12/15/2022 00:00:00,7.95385,8.20769,7.78462,8.03846,1.75982e+007
SHS,12/16/2022 00:00:00,7.95385,8.46154,7.78462,8.37692,3.5069e+007
SHS,12/19/2022 00:00:00,8.12308,8.96923,8.12308,8.29231,3.20559e+007
SHS,12/20/2022 00:00:00,7.53077,8.37692,7.53077,8.03846,3.67245e+007
SHS,12/21/2022 00:00:00,7.95385,8.20769,7.36154,7.7,2.22344e+007
SHS,12/22/2022 00:00:00,6.93846,7.95385,6.93846,7.53077,1.61331e+007
SHS,12/23/2022 00:00:00,7.53077,7.61538,7.36154,7.44615,1.1689e+007
SHS,12/26/2022 00:00:00,7.44615,7.53077,6.76923,6.76923,2.67378e+007
SHS,12/27/2022 00:00:00,6.68462,7.44615,6.51538,7.44615,1.66874e+007
SHS,12/28/2022 00:00:00,7.44615,7.61538,7.27692,7.36154,9.9465e+006
SHS,12/29/2022 00:00:00,7.36154,7.44615,7.10769,7.19231,8.0237e+006
SHS,12/30/2022 00:00:00,7.19231,7.36154,7.10769,7.10769,7.0688e+006
SHS,1/3/2023 00:00:00,6.93846,7.78462,6.93846,7.78462,2.37259e+007
SHS,1/4/2023 00:00:00,7.78462,8.03846,7.61538,7.61538,1.34556e+007
SHS,1/5/2023 00:00:00,7.61538,7.78462,7.44615,7.61538,1.19201e+007
SHS,1/6/2023 00:00:00,6.85385,7.86923,6.85385,7.53077,1.60117e+007
SHS,1/9/2023 00:00:00,7.53077,7.78462,7.44615,7.53077,7.6966e+006
SHS,1/10/2023 00:00:00,7.53077,7.7,7.27692,7.53077,1.04385e+007
SHS,1/11/2023 00:00:00,7.53077,7.95385,7.53077,7.7,1.66616e+007
SHS,1/12/2023 00:00:00,7.7,7.78462,7.44615,7.61538,8.6846e+006
SHS,1/13/2023 00:00:00,7.61538,7.95385,7.61538,7.7,1.88677e+007
SHS,1/16/2023 00:00:00,7.7,7.86923,7.53077,7.7,9.5293e+006
SHS,1/17/2023 00:00:00,7.7,8.12308,7.7,8.12308,2.21129e+007
SHS,1/18/2023 00:00:00,8.12308,8.20769,7.95385,8.03846,1.58539e+007
SHS,1/19/2023 00:00:00,8.12308,8.46154,7.95385,8.37692,1.84696e+007
SHS,1/27/2023 00:00:00,8.37692,8.63077,8.12308,8.20769,1.68064e+007
SHS,1/30/2023 00:00:00,8.03846,8.63077,8.03846,8.20769,2.52515e+007
SHS,1/31/2023 00:00:00,8.29231,8.46154,8.12308,8.46154,1.82665e+007
SHS,2/1/2023 00:00:00,8.63077,8.71538,7.7,7.86923,3.42589e+007
SHS,2/2/2023 00:00:00,7.86923,8.03846,7.61538,7.7,2.20189e+007
SHS,2/3/2023 00:00:00,7.78462,7.86923,7.44615,7.61538,1.24983e+007
SHS,2/6/2023 00:00:00,7.61538,7.7,7.44615,7.61538,1.03571e+007
SHS,2/7/2023 00:00:00,7.61538,7.78462,7.27692,7.27692,1.51815e+007
SHS,2/8/2023 00:00:00,7.27692,7.53077,7.10769,7.36154,1.47505e+007
SHS,2/9/2023 00:00:00,7.44615,7.44615,7.27692,7.27692,6.1037e+006
SHS,2/10/2023 00:00:00,7.27692,7.36154,7.10769,7.19231,8.2332e+006
SHS,2/13/2023 00:00:00,7.19231,7.19231,6.6,6.76923,1.91856e+007
SHS,2/14/2023 00:00:00,6.76923,7.02308,6.76923,6.85385,5.8604e+006
SHS,2/15/2023 00:00:00,6.85385,7.19231,6.76923,7.10769,1.01667e+007
SHS,2/16/2023 00:00:00,7.19231,7.27692,7.02308,7.27692,7.9764e+006
SHS,2/17/2023 00:00:00,7.27692,7.36154,7.10769,7.10769,6.5804e+006
SHS,2/20/2023 00:00:00,7.19231,7.7,7.10769,7.7,1.60412e+007
SHS,2/21/2023 00:00:00,7.7,7.86923,7.53077,7.53077,1.05622e+007
SHS,2/22/2023 00:00:00,7.53077,7.53077,7.19231,7.19231,1.60671e+007
SHS,2/23/2023 00:00:00,7.19231,7.27692,6.93846,7.27692,1.24933e+007
SHS,2/24/2023 00:00:00,7.27692,7.36154,7.02308,7.02308,5.9165e+006
SHS,2/27/2023 00:00:00,7.02308,7.10769,6.76923,6.85385,1.15068e+007
SHS,2/28/2023 00:00:00,6.85385,7.02308,6.85385,6.85385,5.5779e+006
SHS,3/1/2023 00:00:00,6.85385,7.19231,6.76923,7.19231,7.6887e+006
SHS,3/2/2023 00:00:00,7.19231,7.27692,7.02308,7.02308,3.7681e+006
SHS,3/3/2023 00:00:00,7.10769,7.19231,6.85385,6.85385,6.0219e+006
SHS,3/6/2023 00:00:00,6.93846,7.27692,6.93846,7.02308,8.9475e+006
SHS,3/7/2023 00:00:00,6.34615,7.19231,6.34615,7.19231,7.0543e+006
SHS,3/8/2023 00:00:00,7.10769,7.44615,7.02308,7.36154,1.5016e+007
SHS,3/9/2023 00:00:00,6.68462,7.44615,6.68462,7.36154,1.1476e+007
SHS,3/10/2023 00:00:00,7.36154,7.44615,7.19231,7.36154,1.31452e+007
SHS,3/13/2023 00:00:00,7.19231,7.36154,7.10769,7.19231,8.7248e+006
SHS,3/14/2023 00:00:00,7.27692,7.27692,6.85385,6.93846,1.48271e+007
SHS,3/15/2023 00:00:00,7.02308,7.61538,7.02308,7.61538,2.96825e+007
SHS,3/16/2023 00:00:00,7.53077,7.7,7.27692,7.36154,1.22394e+007
SHS,3/17/2023 00:00:00,7.36154,7.61538,7.27692,7.44615,1.12423e+007
SHS,3/20/2023 00:00:00,7.36154,7.44615,7.10769,7.10769,1.18274e+007
SHS,3/21/2023 00:00:00,6.85385,7.27692,6.85385,7.19231,8.1608e+006
SHS,3/22/2023 00:00:00,7.27692,7.36154,7.19231,7.19231,5.9682e+006
SHS,3/23/2023 00:00:00,7.19231,7.44615,7.10769,7.44615,1.23446e+007
SHS,3/24/2023 00:00:00,7.44615,7.7,7.44615,7.53077,2.08623e+007
SHS,3/27/2023 00:00:00,7.61538,7.78462,7.44615,7.7,2.28656e+007
SHS,3/28/2023 00:00:00,7.7,7.78462,7.44615,7.53077,1.71606e+007
SHS,3/29/2023 00:00:00,7.53077,7.61538,7.36154,7.53077,1.5324e+007
SHS,3/30/2023 00:00:00,7.61538,7.86923,7.53077,7.61538,2.34689e+007
SHS,3/31/2023 00:00:00,7.61538,7.86923,7.53077,7.78462,2.65988e+007
SHS,4/3/2023 00:00:00,7.95385,8.20769,7.86923,8.03846,2.24947e+007
SHS,4/4/2023 00:00:00,8.12308,8.20769,7.95385,8.12308,2.4834e+007
SHS,4/5/2023 00:00:00,8.12308,8.20769,8.03846,8.20769,1.78658e+007
SHS,4/6/2023 00:00:00,8.46154,8.46154,7.86923,7.86923,3.0225e+007
SHS,4/7/2023 00:00:00,7.86923,8.12308,7.78462,8.03846,2.6709e+007
SHS,4/10/2023 00:00:00,8.12308,8.8,8.03846,8.8,6.97339e+007
SHS,4/11/2023 00:00:00,8.8,8.96923,8.54615,8.96923,3.04021e+007
SHS,4/12/2023 00:00:00,8.96923,9.30769,8.8,8.88461,3.58372e+007
SHS,4/13/2023 00:00:00,8.96923,8.96923,8.71538,8.71538,2.16e+007
SHS,4/14/2023 00:00:00,8.71538,8.96923,8.54615,8.54615,3.50648e+007
SHS,4/17/2023 00:00:00,8.54615,8.63077,8.46154,8.54615,1.70876e+007
SHS,4/18/2023 00:00:00,8.46154,8.8,8.46154,8.8,2.28424e+007
SHS,4/19/2023 00:00:00,8.88461,8.88461,8.54615,8.54615,1.64101e+007
SHS,4/20/2023 00:00:00,8.63077,8.63077,8.46154,8.63077,1.1245e+007
SHS,4/21/2023 00:00:00,8.63077,8.96923,8.54615,8.63077,2.68933e+007
SHS,4/24/2023 00:00:00,8.63077,8.8,8.54615,8.63077,1.23151e+007
SHS,4/25/2023 00:00:00,8.63077,8.71538,8.29231,8.29231,2.48029e+007
SHS,4/26/2023 00:00:00,8.29231,8.37692,8.12308,8.37692,1.69225e+007
SHS,4/27/2023 00:00:00,8.46154,8.46154,8.29231,8.37692,8.411e+006
SHS,4/28/2023 00:00:00,8.46154,8.63077,8.29231,8.54615,1.49581e+007
SHS,5/4/2023 00:00:00,8.54615,8.8,8.46154,8.63077,1.73708e+007
SHS,5/5/2023 00:00:00,8.71538,8.8,8.54615,8.63077,1.34591e+007
SHS,5/8/2023 00:00:00,8.63077,9.13846,8.63077,9.13846,3.84659e+007
SHS,5/9/2023 00:00:00,9.22308,9.22308,8.96923,9.13846,1.23661e+007
SHS,5/10/2023 00:00:00,9.13846,9.56154,9.05385,9.39231,3.09595e+007
SHS,5/11/2023 00:00:00,9.47692,9.47692,9.30769,9.30769,1.75847e+007
SHS,5/12/2023 00:00:00,9.22308,9.64615,9.05385,9.56154,2.4657e+007
SHS,5/15/2023 00:00:00,9.64615,9.81538,9.22308,9.22308,2.02052e+007
SHS,5/16/2023 00:00:00,9.22308,9.39231,9.13846,9.30769,1.67933e+007
SHS,5/17/2023 00:00:00,9.30769,9.39231,9.05385,9.05385,2.82721e+007
SHS,5/18/2023 00:00:00,9.13846,9.47692,8.96923,9.13846,2.57887e+007
SHS,5/19/2023 00:00:00,9.13846,9.39231,9.13846,9.30769,1.3869e+007
SHS,5/22/2023 00:00:00,9.39231,9.47692,9.30769,9.39231,1.31433e+007
SHS,5/23/2023 00:00:00,9.39231,9.64615,9.30769,9.39231,2.47953e+007
SHS,5/24/2023 00:00:00,9.39231,9.64615,9.39231,9.39231,1.4575e+007
SHS,5/25/2023 00:00:00,9.47692,9.47692,9.22308,9.30769,1.15382e+007
SHS,5/26/2023 00:00:00,9.30769,9.47692,9.22308,9.39231,9.9016e+006
SHS,5/29/2023 00:00:00,9.39231,9.98462,9.39231,9.98462,3.22076e+007
SHS,5/30/2023 00:00:00,9.98462,10.0692,9.81538,9.98462,1.52362e+007
SHS,5/31/2023 00:00:00,9.98462,10.0692,9.64615,9.81538,2.23805e+007
SHS,6/1/2023 00:00:00,9.9,10.1538,9.73077,9.98462,2.09598e+007
SHS,6/2/2023 00:00:00,9.98462,10.3231,9.98462,10.1538,2.27464e+007
SHS,6/5/2023 00:00:00,10.1538,10.4077,9.98462,10.1538,2.01405e+007
SHS,6/6/2023 00:00:00,10.0692,10.7462,9.98462,10.7462,4.14038e+007
SHS,6/7/2023 00:00:00,10.8308,10.9154,10.5769,10.7462,1.74527e+007
SHS,6/8/2023 00:00:00,10.7462,10.8308,10.4077,10.4077,3.24086e+007
SHS,6/9/2023 00:00:00,10.4077,10.7462,10.3231,10.7462,2.4387e+007
SHS,6/12/2023 00:00:00,10.7462,11,10.5769,11,2.37039e+007
SHS,6/13/2023 00:00:00,11,11.5077,11,11.4231,3.24829e+007
SHS,6/14/2023 00:00:00,11.5077,11.5077,11.2538,11.2538,2.47844e+007
SHS,6/15/2023 00:00:00,11.1692,11.4231,11.0846,11.3385,1.69875e+007
SHS,6/16/2023 00:00:00,11.3385,12.0154,11.3385,11.4231,4.43883e+007
SHS,6/19/2023 00:00:00,11.4231,11.6769,11.2538,11.4231,2.66062e+007
SHS,6/20/2023 00:00:00,11.4231,11.6769,11.3385,11.6769,1.92828e+007
SHS,6/21/2023 00:00:00,11.7615,11.9308,11.5923,11.8462,2.09406e+007
SHS,6/22/2023 00:00:00,11.8462,11.9308,11.6769,11.7615,1.99409e+007
SHS,6/23/2023 00:00:00,11.8462,12.0154,11.5923,11.6769,2.34977e+007
SHS,6/26/2023 00:00:00,11.6769,11.6769,11.1692,11.5923,3.31893e+007
SHS,6/27/2023 00:00:00,11.5923,11.7615,11.4231,11.5923,1.42795e+007
SHS,6/28/2023 00:00:00,11.6769,11.7615,11.4231,11.4231,1.93507e+007
SHS,6/29/2023 00:00:00,11.5077,11.5077,11,11,3.31727e+007
SHS,6/30/2023 00:00:00,9.9,11.3385,9.9,11.1692,1.45173e+007
SHS,7/3/2023 00:00:00,11.1692,11.4231,11.1692,11.3385,1.04543e+007
SHS,7/4/2023 00:00:00,11.3385,11.6769,11.2538,11.5923,2.59584e+007
SHS,7/5/2023 00:00:00,11.6769,11.7615,11.5077,11.5077,1.69029e+007
SHS,7/6/2023 00:00:00,11.5077,11.6769,11.1692,11.5077,2.4482e+007
SHS,7/7/2023 00:00:00,11.5077,11.5923,11.1692,11.5923,1.71358e+007
SHS,7/10/2023 00:00:00,11.5923,12.1846,11.5923,12.1,3.66646e+007
SHS,7/11/2023 00:00:00,12.1,12.2692,11.9308,12.0154,1.80202e+007
SHS,7/12/2023 00:00:00,12.0154,12.2692,12.0154,12.1,1.67688e+007
SHS,7/13/2023 00:00:00,12.1,12.2692,11.5077,12.2692,1.46215e+007
SHS,7/14/2023 00:00:00,12.2692,12.3538,11.9308,12.3538,2.15225e+007
SHS,7/17/2023 00:00:00,12.3538,12.6077,12.2692,12.4385,1.74264e+007
SHS,7/18/2023 00:00:00,12.4385,12.5231,12.1846,12.2692,1.29176e+007
SHS,7/19/2023 00:00:00,12.2692,12.4385,12.1846,12.2692,1.67797e+007
SHS,7/20/2023 00:00:00,12.2692,12.3538,12.0154,12.1846,1.3663e+007
SHS,7/21/2023 00:00:00,12.2692,12.4385,12.1,12.4385,2.24292e+007
SHS,7/24/2023 00:00:00,12.4385,12.8615,12.4385,12.8615,2.34664e+007
SHS,7/25/2023 00:00:00,12.3538,13.0308,12.3538,12.7769,1.59187e+007
SHS,7/26/2023 00:00:00,12.7769,12.9462,12.6077,12.8615,1.21811e+007
SHS,7/27/2023 00:00:00,12.8615,13.0308,12.6923,12.8615,1.57658e+007
SHS,7/28/2023 00:00:00,12.8615,13.1154,12.7769,13.1154,2.16389e+007
SHS,7/31/2023 00:00:00,13.1154,13.2846,12.8615,13.2,1.38449e+007
SHS,8/1/2023 00:00:00,13.2846,13.2846,12.6923,12.6923,1.70882e+007
SHS,8/2/2023 00:00:00,12.6923,13.0308,12.6077,12.8615,1.26358e+007
SHS,8/3/2023 00:00:00,12.8615,13.1154,12.7769,12.9462,1.49672e+007
SHS,8/4/2023 00:00:00,12.9462,13.2846,12.8615,13.1154,1.73296e+007
SHS,8/7/2023 00:00:00,13.2,13.7923,13.2,13.6231,2.53911e+007
SHS,8/8/2023 00:00:00,13.7923,13.8769,13.4538,13.6231,1.7245e+007
SHS,8/9/2023 00:00:00,13.6231,13.7923,13.3692,13.3692,1.87502e+007
SHS,8/10/2023 00:00:00,13.3692,13.4538,13.0308,13.0308,1.9224e+007
SHS,8/11/2023 00:00:00,13.0308,13.5385,12.8615,13.5385,1.68726e+007
SHS,8/14/2023 00:00:00,13.5385,14.4692,13.4538,14.2154,3.21683e+007
SHS,8/15/2023 00:00:00,14.2154,14.3846,13.9615,14.0462,1.18396e+007
SHS,8/16/2023 00:00:00,13.9615,14.1308,13.7923,14.1308,1.47106e+007
SHS,8/17/2023 00:00:00,14.1308,14.7231,14.0462,14.1308,2.58001e+007
SHS,8/18/2023 00:00:00,14.1308,14.1308,12.7769,12.7769,4.51915e+007
SHS,8/21/2023 00:00:00,12.7769,13.5385,12.6077,13.2,2.55191e+007
SHS,8/22/2023 00:00:00,13.2846,13.8769,12.6923,13.8769,3.34044e+007
SHS,8/23/2023 00:00:00,13.8769,14.1308,13.5385,13.5385,1.72556e+007
SHS,8/24/2023 00:00:00,13.5385,14.3,13.4538,14.3,3.04183e+007
SHS,8/25/2023 00:00:00,14.3846,14.6385,14.1308,14.3,2.28814e+007
SHS,8/28/2023 00:00:00,14.3,14.6385,14.3,14.6385,2.2859e+007
SHS,8/29/2023 00:00:00,14.6385,15.0615,14.5538,14.9769,2.44397e+007
SHS,8/30/2023 00:00:00,14.9769,15.7385,14.8077,15.6538,2.27173e+007
SHS,8/31/2023 00:00:00,15.6538,15.8231,15.5692,15.7385,1.65478e+007
SHS,9/5/2023 00:00:00,15.9077,15.9077,15.0615,15.5692,1.81648e+007
SHS,9/6/2023 00:00:00,15.4846,16.4154,15.4,16.1615,1.73947e+007
SHS,9/7/2023 00:00:00,16.1615,16.3308,15.9923,15.9923,1.32803e+007
SHS,9/8/2023 00:00:00,16.0769,16.1615,15.9077,15.9077,1.18895e+007
SHS,9/11/2023 00:00:00,16.0769,16.5,15.8231,15.9077,2.23675e+007
SHS,9/12/2023 00:00:00,15.7385,17.3462,15.7385,17.3462,2.72008e+007
SHS,9/13/2023 00:00:00,17.3462,17.5154,16.7538,17.1769,1.89371e+007
SHS,9/14/2023 00:00:00,17.2615,17.2615,16.4154,16.5846,2.67427e+007
SHS,9/15/2023 00:00:00,16.5846,16.8385,16.3308,16.5846,1.59405e+007
SHS,9/18/2023 00:00:00,16.5846,16.9231,16.1615,16.5,1.88643e+007
SHS,9/19/2023 00:00:00,16.5,16.7538,15.9923,16.5846,2.00364e+007
SHS,9/20/2023 00:00:00,16.6692,17.1769,16.5846,17.0923,1.37542e+007
SHS,9/21/2023 00:00:00,17.0923,17.2615,16.1615,16.2462,3.19748e+007
SHS,9/22/2023 00:00:00,16.0769,16.2462,14.7231,15.0615,5.30623e+007
SHS,9/25/2023 00:00:00,14.8077,15.2308,13.6231,13.6231,3.86862e+007
SHS,9/26/2023 00:00:00,13.1154,14.8077,13.1154,13.8769,3.30729e+007
SHS,9/27/2023 00:00:00,13.9615,14.9769,13.7923,14.9769,3.15707e+007
SHS,9/28/2023 00:00:00,15.1462,15.1462,14.2154,14.7231,2.47752e+007
SHS,9/29/2023 00:00:00,14.8077,15.1462,14.4692,14.5538,2.15062e+007
SHS,10/2/2023 00:00:00,14.5538,14.9769,14.5538,14.7231,1.60673e+007
SHS,10/3/2023 00:00:00,14.7231,14.7231,13.4538,13.4538,4.03326e+007
SHS,10/4/2023 00:00:00,13.2846,14.6385,12.7769,14.3,3.39693e+007
SHS,10/5/2023 00:00:00,14.3846,14.6385,13.9615,14.0462,1.88099e+007
SHS,10/6/2023 00:00:00,13.9615,14.7231,13.7077,14.6385,2.41656e+007
SHS,10/9/2023 00:00:00,14.6385,15.0615,14.4692,14.8923,2.33915e+007
SHS,10/10/2023 00:00:00,14.8923,15.3154,14.6385,14.6385,2.45085e+007
SHS,10/11/2023 00:00:00,14.7231,15.4846,14.5538,15.4,2.98933e+007
SHS,10/12/2023 00:00:00,15.4,15.6538,14.8923,15.3154,2.45257e+007
SHS,10/13/2023 00:00:00,15.2308,15.5692,14.8923,15.4,2.21837e+007
SHS,10/16/2023 00:00:00,15.4,15.4846,14.8923,14.9769,2.07484e+007
SHS,10/17/2023 00:00:00,14.9769,15.2308,13.7077,13.7077,2.76188e+007
SHS,10/18/2023 00:00:00,13.7923,14.3846,12.9462,13.9615,3.8256e+007
SHS,10/19/2023 00:00:00,13.9615,14.1308,13.3692,13.3692,1.97372e+007
SHS,10/20/2023 00:00:00,13.3692,14.1308,12.7769,14.1308,2.90135e+007
SHS,10/23/2023 00:00:00,14.2154,14.2154,13.6231,13.7923,1.76516e+007
SHS,10/24/2023 00:00:00,12.4385,14.1308,12.4385,13.9615,1.93255e+007
SHS,10/25/2023 00:00:00,13.9615,14.3846,13.6231,13.7077,2.46584e+007
SHS,10/26/2023 00:00:00,13.5385,13.7077,12.3538,12.4385,6.31368e+007
SHS,10/27/2023 00:00:00,11.9308,12.9462,11.9308,12.7769,2.56014e+007
SHS,10/30/2023 00:00:00,12.7769,12.7769,11.6769,11.6769,1.95317e+007
SHS,10/31/2023 00:00:00,11.8462,11.9308,10.8308,10.9154,3.45663e+007
SHS,11/1/2023 00:00:00,10.7462,11.9308,10.3231,11.9308,4.73638e+007
SHS,11/2/2023 00:00:00,12.1,13.1154,11.8462,13.0308,3.75042e+007
SHS,11/3/2023 00:00:00,13.1154,13.2846,12.6077,12.9462,2.89478e+007
SHS,11/6/2023 00:00:00,12.9462,13.5385,12.0154,13.5385,3.38804e+007
SHS,11/7/2023 00:00:00,12.1846,13.9615,12.1846,13.4538,3.29925e+007
SHS,11/8/2023 00:00:00,12.3538,14.7231,12.3538,14.7231,4.33973e+007
SHS,11/9/2023 00:00:00,14.8923,15.3154,14.6385,14.6385,3.64416e+007
SHS,11/10/2023 00:00:00,14.6385,15.1462,14.3846,14.7231,3.58681e+007
SHS,11/13/2023 00:00:00,14.7231,14.9769,14.3846,14.8077,3.38756e+007
SHS,11/14/2023 00:00:00,14.8923,15.5692,14.7231,14.8923,2.76715e+007
SHS,11/15/2023 00:00:00,13.4538,15.8231,13.4538,14.9769,3.40791e+007
SHS,11/16/2023 00:00:00,14.8077,15.3154,14.8077,15.3154,1.60334e+007
SHS,11/17/2023 00:00:00,15.3154,15.5692,14.6385,14.7231,3.81146e+007
SHS,11/20/2023 00:00:00,14.5538,15.4846,13.7923,15.2308,3.21309e+007
SHS,11/21/2023 00:00:00,15.2308,15.5692,15.1462,15.2308,2.09668e+007
SHS,11/22/2023 00:00:00,15.2308,15.5692,15.1462,15.5692,2.91757e+007
SHS,11/23/2023 00:00:00,15.5692,15.7385,14.3846,14.3846,2.85468e+007
SHS,11/24/2023 00:00:00,14.5538,15.0615,14.1308,15.0615,3.8192e+007
SHS,11/27/2023 00:00:00,15.0615,15.2308,14.6385,14.7231,1.26496e+007
SHS,11/28/2023 00:00:00,13.9615,15.0615,13.9615,14.8923,1.98734e+007
SHS,11/29/2023 00:00:00,14.8923,15.4,14.8923,15.3154,2.37886e+007
SHS,11/30/2023 00:00:00,15.3154,15.7385,15.2308,15.3154,4.00301e+007
SHS,12/1/2023 00:00:00,15.4,15.7385,15.1462,15.5692,2.4571e+007
SHS,12/4/2023 00:00:00,15.6538,16.8385,15.6538,16.5,4.44805e+007
SHS,12/5/2023 00:00:00,15.9077,16.6692,15.9077,16.4154,2.08261e+007
SHS,12/6/2023 00:00:00,16.4154,16.6692,16.2462,16.6692,1.76709e+007
SHS,12/7/2023 00:00:00,16.6692,16.7538,15.5692,15.9923,6.54231e+007
SHS,12/8/2023 00:00:00,15.9923,16.1615,15.5692,15.6538,1.92186e+007
SHS,12/11/2023 00:00:00,15.6538,15.9923,15.4,15.8231,2.1468e+007
SHS,12/12/2023 00:00:00,15.6538,15.9923,14.3,15.7385,1.00678e+007
SHS,12/13/2023 00:00:00,15.7385,15.9923,15.2308,15.4,2.04963e+007
SHS,12/14/2023 00:00:00,15.4846,15.7385,15.3154,15.4,1.83541e+007
SHS,12/15/2023 00:00:00,15.4,15.8231,15.3154,15.6538,1.76502e+007
SHS,12/18/2023 00:00:00,15.4846,15.7385,15.4,15.4846,1.12686e+007
SHS,12/19/2023 00:00:00,15.4846,15.9077,15.4,15.9077,1.91413e+007
SHS,12/20/2023 00:00:00,15.7385,16.0769,15.7385,15.9077,1.24298e+007
SHS,12/21/2023 00:00:00,15.9077,15.9077,15.6538,15.9077,9.3365e+006
SHS,12/22/2023 00:00:00,15.7385,16.1615,15.4846,15.6538,3.19682e+007
SHS,12/25/2023 00:00:00,15.7385,15.9077,15.4846,15.7385,1.1253e+007
SHS,12/26/2023 00:00:00,14.2154,15.9923,14.2154,15.8231,1.19045e+007
SHS,12/27/2023 00:00:00,15.9077,16.1615,15.8231,15.9077,1.48649e+007
SHS,12/28/2023 00:00:00,15.9923,16.0769,15.8231,15.9077,1.07385e+007
SHS,12/29/2023 00:00:00,14.3846,16.0769,14.3846,15.9923,1.418e+007
SHS,1/2/2024 00:00:00,15.7385,16.1615,15.5692,15.6538,1.7222e+007
SHS,1/3/2024 00:00:00,15.6538,15.8231,15.5692,15.8231,1.05231e+007
SHS,1/4/2024 00:00:00,15.9077,16.2462,15.8231,15.8231,3.00378e+007
SHS,1/5/2024 00:00:00,15.9923,15.9923,15.7385,15.8231,1.23316e+007
SHS,1/8/2024 00:00:00,15.8231,16.1615,15.8231,15.9077,1.79774e+007
SHS,1/9/2024 00:00:00,15.9923,16.0769,15.8231,15.8231,1.43909e+007
SHS,1/10/2024 00:00:00,15.9077,15.9077,15.4846,15.5692,2.08938e+007
SHS,1/11/2024 00:00:00,15.5692,15.9923,15.4846,15.7385,2.00557e+007
SHS,1/12/2024 00:00:00,15.6538,15.8231,15.4,15.5692,2.06947e+007
SHS,1/15/2024 00:00:00,15.6538,15.7385,15.3154,15.3154,1.46739e+007
SHS,1/16/2024 00:00:00,15.3154,15.5692,15.1462,15.5692,1.56312e+007
SHS,1/17/2024 00:00:00,15.4,16.1615,15.3154,15.7385,2.5435e+007
SHS,1/18/2024 00:00:00,15.7385,15.9077,15.6538,15.7385,1.06685e+007
SHS,1/19/2024 00:00:00,15.7385,15.9923,15.5692,15.5692,1.27474e+007
SHS,1/22/2024 00:00:00,15.5692,15.9923,15.5692,15.7385,1.90603e+007
SHS,1/23/2024 00:00:00,15.6538,15.7385,15.4846,15.5692,1.78811e+007
SHS,1/24/2024 00:00:00,14.0462,15.8231,14.0462,15.5692,1.4153e+007
SHS,1/25/2024 00:00:00,15.5692,15.6538,15.4846,15.5692,5.9987e+006
SHS,1/26/2024 00:00:00,15.6538,15.7385,15.4846,15.5692,8.8051e+006
SHS,1/29/2024 00:00:00,15.5692,15.6538,15.4,15.4846,7.9666e+006
SHS,1/30/2024 00:00:00,15.4,15.5692,15.4,15.5692,5.879e+006
SHS,1/31/2024 00:00:00,15.5692,15.9923,15.4,15.4846,3.22092e+007
SHS,2/1/2024 00:00:00,15.5692,15.6538,15.4,15.4846,8.152e+006
SHS,2/2/2024 00:00:00,15.4846,15.7385,15.4,15.4846,2.07935e+007
SHS,2/5/2024 00:00:00,15.4846,15.6538,15.2308,15.3154,2.70707e+007
SHS,2/6/2024 00:00:00,13.7923,15.5692,13.7923,14.8077,4.00689e+007
SHS,2/7/2024 00:00:00,14.8077,15.0615,14.7231,14.8923,1.78087e+007
SHS,2/15/2024 00:00:00,14.9769,15.2308,14.8923,15.1462,1.11989e+007
SHS,2/16/2024 00:00:00,14.9769,15.3154,13.9615,15.1462,1.17816e+007
SHS,2/19/2024 00:00:00,15.1462,15.2308,14.8923,15.1462,1.43351e+007
SHS,2/20/2024 00:00:00,14.0462,15.4846,14.0462,15.2308,2.33885e+007
SHS,2/21/2024 00:00:00,15.3154,15.4,15.0615,15.1462,1.01662e+007
SHS,2/22/2024 00:00:00,15.1462,15.3154,14.9769,14.9769,1.1777e+007
SHS,2/23/2024 00:00:00,14.1308,15.0615,13.6231,14.6385,2.58017e+007
SHS,2/26/2024 00:00:00,14.5538,15.0615,14.2154,15.0615,2.04358e+007
SHS,2/27/2024 00:00:00,14.8077,15.3154,14.8077,15.1462,1.40909e+007
SHS,2/28/2024 00:00:00,14.7231,15.2308,14.7231,14.8923,1.52147e+007
SHS,2/29/2024 00:00:00,14.8923,15.3154,14.8923,14.9769,2.78958e+007
SHS,3/1/2024 00:00:00,15.0615,15.4,14.9769,15.2308,3.4227e+007
SHS,3/4/2024 00:00:00,15.1462,15.6538,14.8077,15.3154,2.20848e+007
SHS,3/5/2024 00:00:00,14.2154,15.4,14.2154,15.4,1.79809e+007
SHS,3/6/2024 00:00:00,15.4,15.4846,14.9769,15.0615,2.15526e+007
SHS,3/7/2024 00:00:00,13.6231,15.9923,13.6231,15.8231,6.26491e+007
SHS,3/8/2024 00:00:00,15.8231,16.1615,15.5692,15.6538,3.95701e+007
SHS,3/11/2024 00:00:00,15.6538,15.7385,15.0615,15.2308,2.55284e+007
SHS,3/12/2024 00:00:00,15.2308,15.3154,14.8923,14.9769,1.88966e+007
SHS,3/13/2024 00:00:00,14.6385,15.7385,14.6385,15.6538,3.25241e+007
SHS,3/14/2024 00:00:00,15.4,16.4154,15.4,16.1615,6.33631e+007
SHS,3/15/2024 00:00:00,16.1615,16.3308,15.8231,16.1615,2.92157e+007
SHS,3/18/2024 00:00:00,15.9923,16.6692,15.3154,15.9923,4.95666e+007
SHS,3/19/2024 00:00:00,16.0769,16.4154,15.8231,15.9077,3.10539e+007
SHS,3/20/2024 00:00:00,15.9077,16.2462,15.8231,16.2462,2.53889e+007
SHS,3/21/2024 00:00:00,16.3308,17.0923,16.3308,16.8385,5.8063e+007
SHS,3/22/2024 00:00:00,16.9231,17.2615,16.7538,16.9231,3.07029e+007
SHS,3/25/2024 00:00:00,16.9231,17.5154,16.8385,17.0077,3.98657e+007
SHS,3/26/2024 00:00:00,16.7538,17.2615,16.7538,17.2615,2.25381e+007
SHS,3/27/2024 00:00:00,17.2615,17.6,17.1769,17.3462,1.68516e+007
SHS,3/28/2024 00:00:00,17.4308,17.5154,17.1769,17.4308,1.86351e+007
SHS,3/29/2024 00:00:00,17.4308,17.5154,17.0077,17.0077,1.835e+007
SHS,4/1/2024 00:00:00,17.0077,17.3462,16.6692,17.1769,2.38124e+007
SHS,4/2/2024 00:00:00,17.1769,18.1077,16.8385,17.9385,3.21421e+007
SHS,4/3/2024 00:00:00,18.0231,18.1923,17.2615,17.6,2.34536e+007
SHS,4/4/2024 00:00:00,17.1769,17.6846,17.1769,17.2615,2.08853e+007
SHS,4/5/2024 00:00:00,17.1769,17.2615,16.7538,16.7538,2.74754e+007
SHS,4/8/2024 00:00:00,16.7538,16.9231,16.5,16.5,1.52364e+007
SHS,4/9/2024 00:00:00,16.5,17.0923,16.4154,17.0923,1.98173e+007
SHS,4/10/2024 00:00:00,16.9231,17.1769,16.6692,16.7538,1.16075e+007
SHS,4/11/2024 00:00:00,16.6692,17.1769,16.4154,17.0077,1.95462e+007
SHS,4/12/2024 00:00:00,17.0077,17.6846,16.7538,17.6,2.90476e+007
SHS,4/15/2024 00:00:00,17.6,18.1077,16.0769,16.0769,5.04849e+007
SHS,4/16/2024 00:00:00,16.0769,16.4154,15.7385,16.3308,3.81918e+007
SHS,4/17/2024 00:00:00,16.1615,16.5846,15.7385,15.7385,2.00958e+007
SHS,4/19/2024 00:00:00,14.2154,15.7385,14.2154,14.7231,4.47804e+007
SHS,4/22/2024 00:00:00,15.2308,15.9923,14.8923,15.5692,2.42459e+007
SHS,4/23/2024 00:00:00,15.5692,15.7385,14.8077,15.1462,1.78457e+007
SHS,4/24/2024 00:00:00,14.8077,15.9077,13.7077,15.7385,2.35244e+007
SHS,4/25/2024 00:00:00,15.7385,15.8231,15.4,15.8231,1.52008e+007
SHS,4/26/2024 00:00:00,15.4,15.8231,15.3154,15.4846,1.51865e+007
SHS,5/2/2024 00:00:00,15.4846,15.6538,15.2308,15.4,1.08828e+007
SHS,5/3/2024 00:00:00,15.4,15.8231,15.3154,15.4,1.29525e+007
SHS,5/6/2024 00:00:00,15.4846,16.0769,15.4,15.9077,2.4456e+007
SHS,5/7/2024 00:00:00,16.0769,16.0769,15.7385,15.9077,1.33949e+007
SHS,5/8/2024 00:00:00,15.9077,16.3308,15.6538,16.0769,2.46243e+007
SHS,5/9/2024 00:00:00,16.1615,16.3308,15.8231,15.9077,1.55977e+007
SHS,5/10/2024 00:00:00,16.0769,16.2462,15.7385,16.0769,1.93248e+007
SHS,5/13/2024 00:00:00,16.2462,16.2462,15.9077,16.0769,1.10639e+007
SHS,5/14/2024 00:00:00,16.0769,16.4154,15.9077,16.2462,1.87701e+007
SHS,5/15/2024 00:00:00,16.2462,16.6692,16.1615,16.4154,2.26073e+007
SHS,5/16/2024 00:00:00,16.5,16.8385,16.3308,16.4154,2.00668e+007
SHS,5/17/2024 00:00:00,16.4154,16.7538,16.3308,16.5846,1.83065e+007
SHS,5/20/2024 00:00:00,16.6692,16.9231,16.5846,16.5846,1.96406e+007
SHS,5/21/2024 00:00:00,14.9769,16.6692,14.9769,16.5,1.83924e+007
SHS,5/22/2024 00:00:00,14.8923,16.8385,14.8923,16.3308,2.84281e+007
SHS,5/23/2024 00:00:00,16.1615,16.4154,15.9923,16.4154,2.12444e+007
SHS,5/24/2024 00:00:00,16.4154,16.4154,15.4846,15.7385,3.04935e+007
SHS,5/27/2024 00:00:00,14.2154,15.8231,14.2154,15.6538,9.0268e+006
SHS,5/28/2024 00:00:00,15.7385,15.9923,15.6538,15.9077,9.4169e+006
SHS,5/29/2024 00:00:00,15.6538,16.0769,15.6538,15.6538,9.7767e+006
SHS,5/30/2024 00:00:00,15.6538,15.6538,15.2308,15.4846,2.08253e+007
SHS,5/31/2024 00:00:00,15.4846,15.6538,15.4,15.4,6.6635e+006
SHS,6/3/2024 00:00:00,15.4,15.9077,15.4,15.8231,1.06252e+007
SHS,6/4/2024 00:00:00,15.8231,16.0769,15.7385,15.7385,9.0113e+006
SHS,6/5/2024 00:00:00,15.6538,16.0769,15.5692,15.6538,1.17167e+007
SHS,6/6/2024 00:00:00,15.6538,15.9077,15.6538,15.7385,8.8597e+006
SHS,6/7/2024 00:00:00,15.7385,15.9923,15.6538,15.7385,6.7985e+006
SHS,6/10/2024 00:00:00,15.7385,16.1615,15.4846,15.8231,1.52522e+007
SHS,6/11/2024 00:00:00,15.8231,16.2462,15.8231,16.2462,1.7178e+007
SHS,6/12/2024 00:00:00,15.2308,16.5846,14.8923,16.5,1.84239e+007
SHS,6/13/2024 00:00:00,16.5,16.7538,16.4154,16.4154,1.41423e+007
SHS,6/14/2024 00:00:00,15.9077,16.6692,15.8231,15.8231,1.92109e+007
SHS,6/17/2024 00:00:00,14.5538,15.9077,14.5538,15.6538,1.27013e+007
SHS,6/18/2024 00:00:00,14.1308,15.8231,14.1308,15.6538,7.0667e+006
SHS,6/19/2024 00:00:00,15.6538,15.8231,15.4846,15.5692,1.02646e+007
SHS,6/20/2024 00:00:00,15.4,15.7385,15.2308,15.4,1.16605e+007
SHS,6/21/2024 00:00:00,15.3154,15.5692,15.2308,15.4,7.3013e+006
SHS,6/24/2024 00:00:00,13.8769,15.4846,13.8769,14.7231,2.71937e+007
SHS,6/25/2024 00:00:00,13.5385,14.9769,13.2846,14.8077,7.3313e+006
SHS,6/26/2024 00:00:00,14.6385,14.9769,14.4692,14.6385,7.7842e+006
SHS,6/27/2024 00:00:00,14.6385,14.7231,14.4692,14.6385,6.5048e+006
SHS,6/28/2024 00:00:00,13.2,14.7231,13.2,14.2154,1.57588e+007
SHS,7/1/2024 00:00:00,13.9615,14.4692,13.2,14.4692,4.8298e+006
SHS,7/2/2024 00:00:00,14.3846,14.7231,14.1308,14.6385,3.8135e+006
SHS,7/3/2024 00:00:00,13.2,15.0615,13.2,14.8923,1.15913e+007
SHS,7/4/2024 00:00:00,14.8077,15.3154,14.7231,14.9769,8.4201e+006
SHS,7/5/2024 00:00:00,14.9769,15.0615,14.7231,14.8923,6.7136e+006
SHS,7/8/2024 00:00:00,14.9769,15.0615,14.7231,14.7231,8.7519e+006
SHS,7/9/2024 00:00:00,14.7231,15.0615,14.6385,14.9769,1.0815e+007
SHS,7/10/2024 00:00:00,13.9615,15.0615,13.7923,14.8077,6.0602e+006
SHS,7/11/2024 00:00:00,13.3692,15.0615,13.3692,14.8923,7.4451e+006
SHS,7/12/2024 00:00:00,14.9769,15.0615,14.7231,14.8077,3.9301e+006
SHS,7/15/2024 00:00:00,14.6385,14.9769,14.6385,14.8077,4.721e+006
SHS,7/16/2024 00:00:00,13.7923,14.9769,13.3692,14.7231,7.3819e+006
SHS,7/17/2024 00:00:00,14.8077,14.9769,14.2154,14.4692,1.16619e+007
SHS,7/18/2024 00:00:00,14.4692,14.6385,14.2154,14.5538,6.1174e+006
SHS,7/19/2024 00:00:00,13.1154,14.8077,13.1154,14.6385,1.37854e+007
SHS,7/22/2024 00:00:00,14.7231,15.1462,14.6385,15.0615,1.99312e+007
SHS,7/23/2024 00:00:00,15.0615,15.0615,14.4692,14.4692,7.1279e+006
SHS,7/24/2024 00:00:00,14.3,14.4692,14.0462,14.3846,1.15845e+007
SHS,7/25/2024 00:00:00,13.4538,14.3,13.4538,14.0462,8.1478e+006
SHS,7/26/2024 00:00:00,14.0462,14.3,14.0462,14.2154,4.6912e+006
SHS,7/29/2024 00:00:00,14.2154,14.4692,14.1308,14.1308,3.7755e+006
SHS,7/30/2024 00:00:00,13.8769,14.2154,13.1154,13.8769,7.4254e+006
SHS,7/31/2024 00:00:00,13.8769,14.1308,13.7077,13.7077,6.0213e+006
SHS,8/1/2024 00:00:00,13.7077,13.8769,12.6077,12.7769,2.71654e+007
SHS,8/2/2024 00:00:00,12.4385,13.3692,11.8462,13.0308,1.11731e+007
SHS,8/5/2024 00:00:00,13.0308,13.0308,11.9308,11.9308,1.42486e+007
SHS,8/6/2024 00:00:00,11.9308,12.5231,11.6769,12.3538,1.11262e+007
SHS,8/7/2024 00:00:00,12.3538,12.5231,12.1846,12.3538,6.6047e+006
SHS,8/8/2024 00:00:00,11.2538,12.7769,11.2538,12.3538,9.9253e+006
SHS,8/9/2024 00:00:00,12.3538,13.0308,12.3538,12.9462,1.37953e+007
SHS,8/12/2024 00:00:00,11.9308,13.2,11.9308,13.2,5.4766e+006
SHS,8/13/2024 00:00:00,12.8615,13.2846,12.6923,13.0308,6.9853e+006
SHS,8/14/2024 00:00:00,12.1846,13.4538,12.1846,13.1154,9.9994e+006
SHS,8/15/2024 00:00:00,13.1154,13.2,12.8615,12.8615,4.3301e+006
SHS,8/16/2024 00:00:00,12.8615,13.7923,12.8615,13.7077,1.81572e+007
SHS,8/19/2024 00:00:00,13.7077,13.8769,12.7769,13.4538,9.4032e+006
SHS,8/20/2024 00:00:00,13.4538,13.7923,13.2846,13.6231,9.3762e+006
SHS,8/21/2024 00:00:00,13.7077,13.9615,13.5385,13.9615,9.9486e+006
SHS,8/22/2024 00:00:00,12.6077,14.1308,12.6077,14.1308,1.10197e+007
SHS,8/23/2024 00:00:00,15.4846,15.4846,13.9615,14.2154,1.02002e+007
SHS,8/26/2024 00:00:00,14.3846,14.5538,14.0462,14.1308,1.12292e+007
SHS,8/27/2024 00:00:00,12.7769,14.2154,12.7769,13.8769,5.1074e+006
SHS,8/28/2024 00:00:00,13.9615,13.9615,13.6231,13.8769,1.02552e+007
SHS,8/29/2024 00:00:00,12.5231,13.9615,12.5231,13.8769,3.7334e+006
SHS,8/30/2024 00:00:00,13.7923,13.9615,13.6231,13.8769,9.7587e+006
SHS,9/4/2024 00:00:00,13.7077,13.7923,13.5385,13.5385,8.5235e+006
SHS,9/5/2024 00:00:00,13.5385,13.7923,13.3692,13.5385,5.4749e+006
SHS,9/6/2024 00:00:00,13.3692,13.5385,12.7769,13.2,9.7992e+006
SHS,9/9/2024 00:00:00,13.2,13.3692,12.5231,12.8615,2.40457e+007
SHS,9/10/2024 00:00:00,11.5923,13.0308,11.5923,12.5231,1.23025e+007
SHS,9/11/2024 00:00:00,12.6077,12.6923,12.3538,12.5231,5.4409e+006
SHS,9/12/2024 00:00:00,12.2692,12.7769,11.4231,12.4385,5.4101e+006
SHS,9/13/2024 00:00:00,12.3538,12.7769,11.8462,12.5231,7.2615e+006
SHS,9/16/2024 00:00:00,11.5923,12.6923,11.5923,12.3538,4.1126e+006
SHS,9/17/2024 00:00:00,11.4231,12.7769,11.4231,12.6923,6.0836e+006
SHS,9/18/2024 00:00:00,12.6077,13.2,12.6077,12.9462,1.14606e+007
SHS,9/19/2024 00:00:00,11.6769,13.1154,11.6769,12.9462,6.2758e+006
SHS,9/20/2024 00:00:00,13.0308,13.2846,12.8615,12.9462,7.8452e+006
SHS,9/23/2024 00:00:00,12.8615,13.0308,12.6077,12.7769,5.6262e+006
SHS,9/24/2024 00:00:00,12.8615,12.9462,12.6923,12.9462,5.5307e+006
SHS,9/25/2024 00:00:00,11.6769,13.3692,11.6769,13.2,1.25991e+007
SHS,9/26/2024 00:00:00,12.1846,13.4538,12.1846,13.2846,8.8098e+006
SHS,9/27/2024 00:00:00,13.2846,13.4538,13.1154,13.2,7.4621e+006
SHS,9/30/2024 00:00:00,13.2,13.4538,13.1154,13.2,8.4778e+006
SHS,10/1/2024 00:00:00,13.2,14.0462,13.2,13.7077,2.23702e+007
SHS,10/2/2024 00:00:00,13.7077,13.8769,13.5385,13.7077,9.4361e+006
SHS,10/3/2024 00:00:00,13.7077,13.8769,13.3692,13.4538,1.56256e+007
SHS,10/4/2024 00:00:00,13.4538,13.5385,13.3692,13.3692,5.0978e+006
SHS,10/7/2024 00:00:00,13.3692,13.5385,13.1154,13.2846,1.1056e+007
SHS,10/8/2024 00:00:00,13.2,13.4538,13.0308,13.0308,1.14339e+007
SHS,10/9/2024 00:00:00,12.9462,13.3692,12.9462,13.2846,8.9056e+006
SHS,10/10/2024 00:00:00,13.2846,13.4538,13.1154,13.1154,4.702e+006
SHS,10/11/2024 00:00:00,13.1154,13.2,13.0308,13.1154,4.3336e+006
SHS,10/14/2024 00:00:00,13.1154,13.4538,13.1154,13.2846,6.7035e+006
SHS,10/15/2024 00:00:00,13.2846,13.4538,13.0308,13.0308,8.9811e+006
SHS,10/16/2024 00:00:00,13.0308,13.1154,12.7769,12.8615,6.2784e+006
SHS,10/17/2024 00:00:00,12.9462,13.0308,12.6077,13.0308,8.3669e+006
SHS,10/18/2024 00:00:00,11.7615,13.2,11.7615,12.9462,3.2728e+006
SHS,10/21/2024 00:00:00,12.6923,12.9462,12.0154,12.6077,1.05228e+007
SHS,10/22/2024 00:00:00,12.6077,12.6923,12.2692,12.3538,1.28249e+007
SHS,10/23/2024 00:00:00,12.1846,12.4385,12.1,12.2692,9.2588e+006
SHS,10/24/2024 00:00:00,12.1846,12.3538,11.9308,11.9308,9.2811e+006
SHS,10/25/2024 00:00:00,11.9308,12.1,11.8462,12.0154,5.5873e+006
SHS,10/28/2024 00:00:00,11.5077,12.1,11.5077,11.8462,1.22567e+007
SHS,10/29/2024 00:00:00,11.8462,12.1,11.6769,12.0154,4.1507e+006
SHS,10/30/2024 00:00:00,11.9308,12.1,11.7615,11.9308,5.4453e+006
SHS,10/31/2024 00:00:00,12.0154,12.1846,11,12.0154,5.4799e+006
SHS,11/1/2024 00:00:00,11.9308,12.1,11.8462,11.8462,4.7342e+006
SHS,11/4/2024 00:00:00,11.8462,12.0154,11.6769,11.8462,6.0215e+006
SHS,11/5/2024 00:00:00,11.8462,12.0154,11.8462,11.8462,2.6338e+006
SHS,11/6/2024 00:00:00,11,12.1,11,12.0154,5.039e+006
SHS,11/7/2024 00:00:00,12.1,12.2692,12.0154,12.0154,4.4492e+006
SHS,11/8/2024 00:00:00,12.0154,12.1846,11.9308,11.9308,4.1547e+006
SHS,11/11/2024 00:00:00,11.9308,12.0154,11.6769,11.8462,6.2874e+006
SHS,11/12/2024 00:00:00,11.8462,12.0154,11.8462,11.8462,4.076e+006
SHS,11/13/2024 00:00:00,11.6769,11.8462,11.6769,11.7615,4.5158e+006
SHS,11/14/2024 00:00:00,11.6769,11.8462,11.4231,11.5077,6.2056e+006
SHS,11/15/2024 00:00:00,11.5077,11.5923,11.0846,11.1692,9.2823e+006
SHS,11/18/2024 00:00:00,10.3231,11.4231,10.3231,11.1692,8.7891e+006
SHS,11/19/2024 00:00:00,11.0846,11.3385,10.9154,10.9154,5.3654e+006
SHS,11/20/2024 00:00:00,10.1538,11.4231,10.1538,11.0846,7.7973e+006
SHS,11/21/2024 00:00:00,11.0846,11.3385,11.0846,11.1692,2.6032e+006
SHS,11/22/2024 00:00:00,11.0846,11.2538,11,11,4.0575e+006
SHS,11/25/2024 00:00:00,10.9154,11.0846,10.9154,11.0846,3.0005e+006
SHS,11/26/2024 00:00:00,11,11.5077,10.9154,11.3385,7.6304e+006
SHS,11/27/2024 00:00:00,10.2385,11.4231,10.2385,11.3385,3.8792e+006
SHS,11/28/2024 00:00:00,10.2385,11.4231,10.2385,11.1692,3.5632e+006
SHS,11/29/2024 00:00:00,11.1692,11.2538,11.0846,11.1692,3.2619e+006
SHS,12/2/2024 00:00:00,11.1692,11.4231,11.1692,11.1692,2.3526e+006
SHS,12/3/2024 00:00:00,11.1692,11.2538,11.0846,11.0846,3.842e+006
SHS,12/4/2024 00:00:00,11,11.0846,10.8308,10.9154,6.2411e+006
SHS,12/5/2024 00:00:00,10.8308,11.8462,10.7462,11.7615,1.73553e+007
SHS,12/6/2024 00:00:00,11.8462,11.9308,11.5077,11.5077,8.2545e+006
SHS,12/9/2024 00:00:00,11.4231,11.7615,11.3385,11.5077,5.4834e+006
SHS,12/10/2024 00:00:00,11.4231,11.6769,11.3385,11.4231,4.5921e+006
SHS,12/11/2024 00:00:00,11.5077,11.5923,11.2538,11.4231,8.6864e+006
SHS,12/12/2024 00:00:00,11,11.5077,11,11.3385,5.1079e+006
SHS,12/13/2024 00:00:00,11.3385,11.3385,11.1692,11.1692,3.5406e+006
SHS,12/16/2024 00:00:00,11.1692,11.3385,11.1692,11.2538,3.8266e+006
SHS,12/17/2024 00:00:00,11.2538,11.3385,11.1692,11.2538,2.5047e+006
SHS,12/18/2024 00:00:00,11,11.3385,11,11.2538,5.2981e+006
SHS,12/19/2024 00:00:00,11.2538,11.2538,10.9154,11.0846,7.0246e+006
SHS,12/20/2024 00:00:00,11,11.1692,10.9154,11,4.5594e+006
SHS,12/23/2024 00:00:00,11,11.1692,10.9154,11,3.9916e+006
SHS,12/24/2024 00:00:00,10.1538,11.0846,10.1538,10.9154,3.5026e+006
SHS,12/25/2024 00:00:00,10.1538,11.3385,10.1538,11.0846,8.5504e+006
SHS,12/26/2024 00:00:00,11.0846,11.2538,11,11,1.9902e+006
SHS,12/27/2024 00:00:00,10.9154,11.1692,10.9154,11,4.0983e+006
SHS,12/30/2024 00:00:00,10.8308,11.0846,10.8308,11,4.6347e+006
SHS,12/31/2024 00:00:00,10.9154,11,10.8308,10.8308,4.4834e+006
SHS,1/2/2025 00:00:00,10.0692,11,10.0692,10.8308,3.7005e+006
SHS,1/3/2025 00:00:00,10.7462,10.9154,10.0692,10.5769,5.5826e+006
SHS,1/6/2025 00:00:00,10.5769,10.6615,10.3231,10.3231,6.2984e+006
SHS,1/7/2025 00:00:00,10.2385,10.4923,9.30769,10.1538,4.9423e+006
SHS,1/8/2025 00:00:00,10.1538,10.2385,9.56154,10.1538,4.7354e+006
SHS,1/9/2025 00:00:00,9.13846,10.2385,9.13846,9.98462,3.6509e+006
SHS,1/10/2025 00:00:00,9.81538,10.0692,9.13846,9.64615,7.514e+006
SHS,1/13/2025 00:00:00,8.96923,9.81538,8.71538,9.64615,7.7012e+006
SHS,1/14/2025 00:00:00,9.56154,9.73077,9.22308,9.47692,4.381e+006
SHS,1/15/2025 00:00:00,8.54615,9.9,8.54615,9.81538,8.8806e+006
SHS,1/16/2025 00:00:00,9.13846,10.4077,9.13846,10.0692,9.3975e+006
SHS,1/17/2025 00:00:00,9.98462,10.3231,9.98462,10.3231,4.8899e+006
SHS,1/20/2025 00:00:00,9.56154,10.4923,9.56154,10.1538,6.3693e+006
SHS,1/21/2025 00:00:00,10.0692,10.7462,9.56154,10.4923,1.51451e+007
SHS,1/22/2025 00:00:00,10.4923,10.6615,10.4923,10.4923,8.8456e+006
SHS,1/23/2025 00:00:00,10.4923,10.9154,10.4077,10.8308,1.04056e+007
SHS,1/24/2025 00:00:00,9.81538,10.9154,9.81538,10.8308,5.7636e+006
SHS,2/3/2025 00:00:00,10.6615,11.0846,10.6615,10.9154,1.46371e+007
SHS,2/4/2025 00:00:00,10.3231,11.7615,9.9,11.6769,2.53017e+007
SHS,2/5/2025 00:00:00,11.0846,11.7615,10.6615,11.5923,6.7799e+006
SHS,2/6/2025 00:00:00,10.4923,11.8462,10.4923,11.5923,1.06008e+007
SHS,2/7/2025 00:00:00,11.5923,11.6769,11.3385,11.5077,1.32537e+007
SHS,2/10/2025 00:00:00,11.4231,11.5923,11.2538,11.3385,1.29055e+007
SHS,2/11/2025 00:00:00,11.2538,11.5077,11.0846,11.4231,7.7964e+006
SHS,2/12/2025 00:00:00,10.3231,11.6769,10.3231,11.4231,6.7392e+006
SHS,2/13/2025 00:00:00,10.8308,11.5077,10.7462,11.4231,4.4736e+006
SHS,2/14/2025 00:00:00,11.4231,11.7615,11.4231,11.5923,1.60376e+007
SHS,2/17/2025 00:00:00,11.5077,12.1,11.5077,11.8462,1.62156e+007
SHS,2/18/2025 00:00:00,11.7615,12.1,11.5923,12.0154,1.43747e+007
SHS,2/19/2025 00:00:00,11.9308,12.2692,11.9308,12.1,8.3055e+006
SHS,2/20/2025 00:00:00,12.0154,12.2692,12.0154,12.1846,7.7124e+006
SHS,2/21/2025 00:00:00,12.1,12.1846,11.9308,12.0154,8.1898e+006
SHS,2/24/2025 00:00:00,10.8308,12.2692,10.8308,12.2692,9.7356e+006
SHS,2/25/2025 00:00:00,11.1692,12.5231,11.1692,12.1846,1.26188e+007
SHS,2/26/2025 00:00:00,12.1,12.3538,12.0154,12.1,1.12394e+007
SHS,2/27/2025 00:00:00,12.1846,12.2692,11.8462,12.1,1.17824e+007
SHS,2/28/2025 00:00:00,12.1846,12.3538,12.0154,12.1,8.8564e+006
SHS,3/3/2025 00:00:00,12.0154,12.1,11.5077,11.7615,2.89007e+007
SHS,3/4/2025 00:00:00,11.5923,11.8462,11.4231,11.6769,7.5142e+006
SHS,3/5/2025 00:00:00,11.5923,11.9308,11.5923,11.5923,7.7126e+006
SHS,3/6/2025 00:00:00,11.5923,12.1,11.5923,12.1,1.82651e+007
SHS,3/7/2025 00:00:00,12.1,12.1846,12.0154,12.1846,1.33803e+007
SHS,3/10/2025 00:00:00,12.1846,12.4385,12.1,12.2692,1.16571e+007
SHS,3/11/2025 00:00:00,11.9308,12.3538,11.9308,12.3538,1.01394e+007
SHS,3/12/2025 00:00:00,12.3538,12.8615,12.2692,12.6923,2.29774e+007
SHS,3/13/2025 00:00:00,11.4231,12.7769,11.4231,12.4385,1.27278e+007
SHS,3/14/2025 00:00:00,12.1,12.9462,11.4231,12.6077,1.65404e+007
SHS,3/17/2025 00:00:00,12.5231,13.0308,12.4385,12.6923,9.8801e+006
SHS,3/18/2025 00:00:00,12.7769,12.8615,12.5231,12.6077,9.6155e+006
SHS,3/19/2025 00:00:00,12.4385,12.6077,12.3538,12.4385,8.2686e+006
SHS,3/20/2025 00:00:00,12.4385,12.8615,12.4385,12.6077,1.63507e+007
SHS,3/21/2025 00:00:00,11.4231,12.6923,11.4231,12.4385,7.1867e+006
SHS,3/24/2025 00:00:00,12.5231,12.7769,12.3538,12.7769,1.17106e+007
SHS,3/25/2025 00:00:00,11.5077,12.9462,11.5077,12.6923,1.03887e+007
SHS,3/26/2025 00:00:00,12.7769,12.7769,12.3538,12.3538,1.30047e+007
SHS,3/27/2025 00:00:00,12.1,12.5231,12.1,12.4385,7.2465e+006
SHS,3/28/2025 00:00:00,12.4385,12.5231,12.2692,12.4385,8.0426e+006
SHS,3/31/2025 00:00:00,12.3538,12.4385,12.1846,12.1846,1.01716e+007
SHS,4/1/2025 00:00:00,12.1846,12.6077,12.1846,12.6077,1.15333e+007
SHS,4/2/2025 00:00:00,12.6077,12.7769,12.5231,12.6077,1.208e+007
SHS,4/3/2025 00:00:00,12.1,12.4385,11.4231,11.4231,3.03524e+007
SHS,4/4/2025 00:00:00,11.0846,11.3385,10.4923,11.2538,2.52671e+007
SHS,4/8/2025 00:00:00,11,11.2538,10.1538,10.1538,1.74829e+007
SHS,4/9/2025 00:00:00,9.13846,10.5769,9.13846,9.9,2.86474e+007
SHS,4/10/2025 00:00:00,10.6615,10.8308,10.6615,10.8308,1.9462e+006
SHS,4/11/2025 00:00:00,11.8462,11.8462,11.0846,11.5923,2.3894e+007
SHS,4/14/2025 00:00:00,11.6769,12.1846,11.4231,11.9308,1.94906e+007
SHS,4/15/2025 00:00:00,11.3385,12.1,11.3385,11.7615,1.48057e+007
SHS,4/16/2025 00:00:00,11.1692,12.0154,11.1692,11.8462,9.4995e+006
SHS,4/17/2025 00:00:00,11.8462,11.9308,11.6769,11.9308,8.9358e+006
SHS,4/18/2025 00:00:00,11.9308,12.7769,11.8462,12.4385,2.97133e+007
SHS,4/21/2025 00:00:00,11.3385,12.6077,11.3385,12.2692,1.67495e+007
SHS,4/22/2025 00:00:00,11.5923,12.3538,11.0846,12.0154,3.29897e+007
SHS,4/23/2025 00:00:00,11.8462,12.5231,11.8462,12.1,1.35641e+007
SHS,4/24/2025 00:00:00,13.2,13.3,12.2,12.3,1.81017e+007
SHS,4/25/2025 00:00:00,12.4,12.5,12.1,12.3,1.03082e+007
SHS,4/28/2025 00:00:00,12.3,12.5,12.2,12.3,1.001e+007
SHS,4/29/2025 00:00:00,12.3,12.4,12.2,12.3,5.7911e+006
SHS,5/5/2025 00:00:00,12.4,12.6,12.1,12.3,9.1925e+006
SHS,5/6/2025 00:00:00,12.3,12.7,12.2,12.4,1.68435e+007
SHS,5/7/2025 00:00:00,12.4,12.5,12.2,12.3,7.2169e+006
SHS,5/8/2025 00:00:00,12.4,12.6,12.3,12.5,1.53573e+007
SHS,5/9/2025 00:00:00,12.5,12.6,12.3,12.3,7.3005e+006
SHS,5/12/2025 00:00:00,12.3,12.5,12.2,12.4,1.17223e+007
SHS,5/13/2025 00:00:00,12.4,12.8,12.4,12.5,1.72027e+007
SHS,5/14/2025 00:00:00,12.5,13,12.5,12.8,2.76006e+007
SHS,5/15/2025 00:00:00,12.8,13.3,12.8,13.1,2.08822e+007
SHS,5/16/2025 00:00:00,13.1,13.4,12.8,12.8,1.50661e+007
SHS,5/19/2025 00:00:00,13,13,12.6,12.7,1.16657e+007
SHS,5/20/2025 00:00:00,12.7,13,12.6,12.9,1.07875e+007
SHS,5/21/2025 00:00:00,12.9,13.1,12.7,12.9,1.52049e+007
SHS,5/22/2025 00:00:00,12.9,13.6,12.8,13,3.21608e+007
SHS,5/23/2025 00:00:00,13,13.3,12.9,13.1,1.10936e+007
SHS,5/26/2025 00:00:00,13.1,13.3,12.9,13.3,1.49338e+007
SHS,5/27/2025 00:00:00,13.4,13.7,13.3,13.4,2.12607e+007
SHS,5/28/2025 00:00:00,13.5,13.8,13.3,13.4,1.43066e+007
SHS,5/29/2025 00:00:00,13.5,13.6,13.2,13.3,1.16111e+007
SHS,5/30/2025 00:00:00,13.4,13.6,13.1,13.1,1.68959e+007
SHS,6/2/2025 00:00:00,13,13.4,13,13.4,1.33586e+007
SHS,6/3/2025 00:00:00,13.4,14.3,13.4,13.8,4.27228e+007
SHS,6/4/2025 00:00:00,13.9,14.1,13.6,13.8,1.48069e+007
SHS,6/5/2025 00:00:00,13.8,13.9,13.4,13.5,1.98068e+007
SHS,6/6/2025 00:00:00,13.5,13.6,13.3,13.5,1.3072e+007
SHS,6/9/2025 00:00:00,13.5,13.6,13.2,13.3,1.30688e+007
SHS,6/10/2025 00:00:00,13.3,13.5,13.1,13.2,1.26459e+007
SHS,6/11/2025 00:00:00,12.2,13.3,12.2,13.1,9.5852e+006
SHS,6/12/2025 00:00:00,13.5,14,13.1,13.3,9.2994e+006
SHS,6/13/2025 00:00:00,13.3,13.3,12.6,12.8,3.60698e+007
SHS,6/16/2025 00:00:00,12.8,13.2,12.7,13.1,1.08626e+007
SHS,6/17/2025 00:00:00,13.1,13.2,12.9,13,1.02325e+007
SHS,6/18/2025 00:00:00,12.9,13.1,12.9,13,9.5514e+006
SHS,6/19/2025 00:00:00,13,13.1,12.3,12.8,8.3697e+006
SHS,6/20/2025 00:00:00,12.9,13.1,12.8,12.9,8.1816e+006
SHS,6/23/2025 00:00:00,12.8,12.9,12.7,12.7,8.4434e+006
SHS,6/24/2025 00:00:00,12.9,13.2,12.6,13,1.73627e+007
SHS,6/25/2025 00:00:00,13,13.1,12.9,12.9,8.9318e+006
SHS,6/26/2025 00:00:00,12.7,13,12.6,12.9,1.44996e+007
SHS,6/27/2025 00:00:00,12.3,13,12.3,12.9,9.724e+006
SHS,6/30/2025 00:00:00,13,13.2,12.9,12.9,9.9337e+006
SHS,7/1/2025 00:00:00,11.9,13,11.9,12.8,7.1362e+006
SHS,7/2/2025 00:00:00,11.6,13.6,11.6,13.4,3.08985e+007
SHS,7/3/2025 00:00:00,13.4,13.8,13.2,13.4,3.71779e+007
SHS,7/4/2025 00:00:00,13.5,13.7,13.3,13.5,1.71496e+007
SHS,7/7/2025 00:00:00,13.5,14.3,13.5,14.1,3.92819e+007
SHS,7/8/2025 00:00:00,14.1,14.4,14,14.2,2.57487e+007
SHS,7/9/2025 00:00:00,14.1,14.9,14.1,14.4,4.77762e+007
SHS,7/10/2025 00:00:00,14.5,14.6,14.2,14.4,1.86296e+007
SHS,7/11/2025 00:00:00,14.4,14.9,14.2,14.6,4.01975e+007
SHS,7/14/2025 00:00:00,14.7,15.2,14.4,14.7,3.18507e+007
SHS,7/15/2025 00:00:00,14.8,15.7,14.8,15,5.0635e+007
SHS,7/16/2025 00:00:00,15.1,16.2,15,16.2,5.92986e+007
SHS,7/17/2025 00:00:00,16.2,17.2,16.2,16.5,4.86558e+007
SHS,7/18/2025 00:00:00,16.5,17.5,16.4,16.8,3.90581e+007
SHS,7/21/2025 00:00:00,16.8,17,16.1,16.4,4.6604e+007
SHS,7/22/2025 00:00:00,16.4,17.5,16.1,17.4,4.86277e+007
SHS,7/23/2025 00:00:00,17.5,18.5,17.4,17.8,4.13891e+007
SHS,7/24/2025 00:00:00,17.8,18.1,17.4,17.8,3.32134e+007
SHS,7/25/2025 00:00:00,17.8,18.9,17.7,18.6,4.57297e+007
SHS,7/28/2025 00:00:00,18.7,20.4,18.7,20.4,4.36111e+007
SHS,7/29/2025 00:00:00,20.4,22.1,19.8,19.8,9.17575e+007
SHS,7/30/2025 00:00:00,19.7,21.7,19.6,21.7,6.00127e+007
SHS,7/31/2025 00:00:00,21.9,23.8,21.7,23,5.17474e+007
SHS,8/1/2025 00:00:00,22.3,23.3,21,21.5,7.17468e+007
SHS,8/4/2025 00:00:00,21.5,23.6,20.5,23.6,5.84968e+007
SHS,8/5/2025 00:00:00,23.6,25.2,21.4,23.2,8.03186e+007
SHS,8/6/2025 00:00:00,23.3,24.4,23,24.2,4.47366e+007
SHS,8/7/2025 00:00:00,25,25,23.5,24.1,3.00511e+007
SHS,8/8/2025 00:00:00,24.1,24.3,23,23.4,5.22104e+007
SHS,8/11/2025 00:00:00,23.4,24.5,23,24.4,4.74307e+007
SHS,8/12/2025 00:00:00,24,24.7,23.6,23.9,2.05589e+007
SHS,8/13/2025 00:00:00,24,25.2,23.8,24.9,6.07223e+007
SHS,8/14/2025 00:00:00,25,26.7,24.8,25.6,3.44286e+007
SHS,8/15/2025 00:00:00,25.7,26.3,24.7,25.3,4.35365e+007
SHS,8/18/2025 00:00:00,25.5,25.8,24.6,25.3,3.49039e+007
SHS,8/19/2025 00:00:00,25.4,27.1,25,26,4.49782e+007
SHS,8/20/2025 00:00:00,26,27,23.5,26.6,6.1348e+007
SHS,8/21/2025 00:00:00,26.3,27.3,25.9,26.6,3.25016e+007
SHS,8/22/2025 00:00:00,26.6,26.6,24.5,25.1,4.64121e+007
