Ticker,Date,Open,High,Low,Close,Volume
TYA,2/16/2006 00:00:00,7.91452,7.91452,7.91452,7.91452,179660
TYA,2/17/2006 00:00:00,7.79813,7.79813,7.79813,7.79813,120180
TYA,2/20/2006 00:00:00,8.16476,8.16476,8.03091,8.16476,153030
TYA,2/21/2006 00:00:00,8.5663,8.5663,8.5663,8.5663,43890
TYA,2/22/2006 00:00:00,8.99462,8.99462,8.99462,8.99462,202850
TYA,2/23/2006 00:00:00,9.1017,9.23555,9.1017,9.23555,90230
TYA,2/24/2006 00:00:00,9.28908,9.36939,9.28908,9.28908,119020
TYA,2/27/2006 00:00:00,9.23555,9.23555,9.1017,9.1017,82570
TYA,2/28/2006 00:00:00,8.99462,8.99462,8.834,8.834,123900
TYA,3/1/2006 00:00:00,8.94108,9.02139,8.94108,8.94108,94690
TYA,3/2/2006 00:00:00,9.1017,9.36939,9.1017,9.36939,136060
TYA,3/3/2006 00:00:00,9.23555,9.23555,8.99462,8.99462,153030
TYA,3/6/2006 00:00:00,8.99462,8.99462,8.99462,8.99462,49880
TYA,3/7/2006 00:00:00,9.04816,9.04816,9.04816,9.04816,68020
TYA,3/8/2006 00:00:00,9.04816,9.1017,9.04816,9.04816,41240
TYA,3/9/2006 00:00:00,9.23555,9.34262,9.23555,9.23555,100170
TYA,3/10/2006 00:00:00,9.36939,9.47647,9.36939,9.36939,82600
TYA,3/13/2006 00:00:00,9.36939,9.42293,9.36939,9.42293,73310
TYA,3/14/2006 00:00:00,9.42293,9.47647,9.36939,9.36939,56070
TYA,3/15/2006 00:00:00,9.04816,9.04816,8.99462,9.04816,100140
TYA,3/16/2006 00:00:00,9.23555,9.31585,9.23555,9.31585,72660
TYA,3/17/2006 00:00:00,9.36939,9.36939,9.36939,9.36939,71730
TYA,3/20/2006 00:00:00,9.47647,9.50324,9.47647,9.47647,89640
TYA,3/21/2006 00:00:00,9.69063,9.87802,9.69063,9.87802,193190
TYA,3/22/2006 00:00:00,9.87802,10.0386,9.87802,9.87802,154120
TYA,3/23/2006 00:00:00,9.87802,9.87802,9.63709,9.63709,79530
TYA,3/24/2006 00:00:00,9.50324,9.50324,9.36939,9.36939,41890
TYA,3/27/2006 00:00:00,9.36939,9.42293,9.36939,9.42293,38960
TYA,3/28/2006 00:00:00,9.50324,9.53001,9.50324,9.50324,45380
TYA,3/29/2006 00:00:00,9.50324,9.50324,9.50324,9.50324,106770
TYA,3/30/2006 00:00:00,9.63709,9.63709,9.63709,9.63709,90230
TYA,3/31/2006 00:00:00,9.66386,9.77094,9.66386,9.66386,119600
TYA,4/3/2006 00:00:00,9.66386,9.7174,9.66386,9.66386,58700
TYA,4/4/2006 00:00:00,9.36939,9.36939,9.36939,9.36939,112740
TYA,4/5/2006 00:00:00,9.36939,9.36939,9.36939,9.36939,86090
TYA,4/6/2006 00:00:00,9.36939,9.36939,9.36939,9.36939,105480
TYA,4/7/2006 00:00:00,9.69063,9.77094,9.69063,9.69063,137240
TYA,4/10/2006 00:00:00,9.90479,10.0386,9.90479,10.0386,216090
TYA,4/11/2006 00:00:00,10.5205,10.5205,10.5205,10.5205,238150
TYA,4/12/2006 00:00:00,11.0291,11.0291,11.0291,11.0291,132770
TYA,4/13/2006 00:00:00,11.5645,11.5645,11.5645,11.5645,37770
TYA,4/14/2006 00:00:00,12.1267,12.1267,12.1267,12.1267,26420
TYA,4/17/2006 00:00:00,12.7156,12.7156,12.7156,12.7156,90360
TYA,4/18/2006 00:00:00,13.3313,13.3313,13.3313,13.3313,64850
TYA,4/19/2006 00:00:00,13.3313,13.9202,13.3313,13.3313,223630
TYA,4/20/2006 00:00:00,13.3313,13.3313,13.2242,13.2242,278460
TYA,4/21/2006 00:00:00,13.7864,13.7864,13.7864,13.7864,154160
TYA,4/24/2006 00:00:00,14.4556,14.4556,14.4556,14.4556,67130
TYA,4/25/2006 00:00:00,15.1249,15.1249,15.1249,15.1249,49190
TYA,4/26/2006 00:00:00,15.7941,15.7941,15.7941,15.7941,121200
TYA,4/27/2006 00:00:00,15.7941,15.7941,15.1249,15.1249,225000
TYA,4/28/2006 00:00:00,15.1249,15.7941,14.4556,15.7941,227510
TYA,5/3/2006 00:00:00,16.4634,16.4634,16.4634,16.4634,130920
TYA,5/4/2006 00:00:00,16.0618,16.0618,15.928,15.928,127520
TYA,5/5/2006 00:00:00,15.928,15.928,15.7941,15.7941,67860
TYA,5/8/2006 00:00:00,15.1249,15.1249,15.1249,15.1249,13850
TYA,5/9/2006 00:00:00,14.4556,14.4556,14.4556,14.4556,17390
TYA,5/10/2006 00:00:00,13.7864,13.7864,13.7864,13.7864,1940
TYA,5/11/2006 00:00:00,13.7864,14.4556,13.1172,14.4556,145250
TYA,5/12/2006 00:00:00,14.7233,15.1249,14.7233,15.1249,209080
TYA,5/15/2006 00:00:00,15.1249,15.3926,15.1249,15.3926,137820
TYA,5/16/2006 00:00:00,15.2587,15.2587,14.7233,14.7233,182210
TYA,5/17/2006 00:00:00,14.991,15.2587,14.991,15.2587,107620
TYA,5/18/2006 00:00:00,15.1249,15.1249,14.8572,14.8572,41980
TYA,5/19/2006 00:00:00,14.8572,14.991,14.7233,14.991,56520
TYA,5/22/2006 00:00:00,14.5895,14.5895,14.3218,14.3218,85130
TYA,5/23/2006 00:00:00,13.6525,13.6525,13.6525,13.6525,57520
TYA,5/24/2006 00:00:00,13.6525,14.3218,13.6525,14.3218,142810
TYA,5/25/2006 00:00:00,13.7864,13.7864,13.6525,13.6525,112100
TYA,5/26/2006 00:00:00,13.3848,13.3848,13.3581,13.3581,49590
TYA,5/29/2006 00:00:00,13.1172,13.1172,12.7156,12.7156,69000
TYA,5/30/2006 00:00:00,12.0999,12.0999,12.0999,12.0999,83340
TYA,5/31/2006 00:00:00,12.0999,12.5282,12.0999,12.5282,74640
TYA,6/1/2006 00:00:00,12.5282,12.5282,12.3676,12.3676,46700
TYA,6/2/2006 00:00:00,12.4479,12.8495,12.4479,12.8495,51790
TYA,6/5/2006 00:00:00,12.9833,13.3848,12.9833,13.3848,62360
TYA,6/6/2006 00:00:00,13.3848,13.9202,13.251,13.251,59040
TYA,6/7/2006 00:00:00,12.903,12.903,12.903,12.903,31970
TYA,6/8/2006 00:00:00,13.3848,13.5187,13.3848,13.5187,78940
TYA,6/9/2006 00:00:00,13.5187,13.6525,13.5187,13.5187,66190
TYA,6/12/2006 00:00:00,13.5187,13.6525,13.5187,13.5187,47460
TYA,6/13/2006 00:00:00,13.3848,13.3848,13.251,13.251,49480
TYA,6/14/2006 00:00:00,13.251,13.3848,13.251,13.3848,50590
TYA,6/15/2006 00:00:00,13.3581,13.3581,13.251,13.251,26170
TYA,6/16/2006 00:00:00,13.1172,13.1172,12.8495,12.8495,43810
TYA,6/19/2006 00:00:00,12.8495,12.8495,12.7424,12.7424,26340
TYA,6/20/2006 00:00:00,12.7424,12.8495,12.5818,12.5818,110240
TYA,6/21/2006 00:00:00,12.3141,12.3141,11.9661,11.9661,91510
TYA,6/22/2006 00:00:00,12.555,12.555,12.555,12.555,25450
TYA,6/23/2006 00:00:00,13.1707,13.1707,13.1707,13.1707,101200
TYA,6/26/2006 00:00:00,13.1707,13.1707,12.9833,13.0636,84840
TYA,6/27/2006 00:00:00,13.0636,13.0904,12.9565,12.9565,108030
TYA,6/28/2006 00:00:00,12.9833,13.251,12.9833,13.251,85370
TYA,6/29/2006 00:00:00,13.251,13.3045,13.251,13.3045,68040
TYA,6/30/2006 00:00:00,13.3045,13.3848,13.251,13.251,112480
TYA,7/3/2006 00:00:00,13.2376,13.2376,12.9298,12.9298,87080
TYA,7/4/2006 00:00:00,12.9298,12.9298,12.6219,12.6219,55560
TYA,7/5/2006 00:00:00,12.6219,12.6219,12.5911,12.6219,50450
TYA,7/6/2006 00:00:00,12.6219,13.0837,12.6219,13.0837,36540
TYA,7/7/2006 00:00:00,13.3608,13.3915,13.3608,13.3915,73240
TYA,7/10/2006 00:00:00,13.6994,13.7302,13.6994,13.6994,100230
TYA,7/11/2006 00:00:00,13.6994,14.1612,13.6994,14.1612,105740
TYA,7/12/2006 00:00:00,14.0996,14.0996,13.8533,13.8533,57220
TYA,7/13/2006 00:00:00,13.8533,13.8533,13.8533,13.8533,44580
TYA,7/14/2006 00:00:00,13.9765,14.0072,13.9765,13.9765,69110
TYA,7/17/2006 00:00:00,13.8533,13.8533,13.5455,13.5455,32970
TYA,7/18/2006 00:00:00,13.5455,13.5455,13.5455,13.5455,39080
TYA,7/19/2006 00:00:00,13.3915,13.3915,12.9298,12.9298,41490
TYA,7/20/2006 00:00:00,12.9298,13.4839,12.9298,13.4839,44390
TYA,7/21/2006 00:00:00,13.4839,13.4839,13.0837,13.0837,24700
TYA,7/24/2006 00:00:00,12.9298,12.9298,12.7451,12.7451,42810
TYA,7/25/2006 00:00:00,12.3756,12.3756,12.1293,12.1293,83870
TYA,7/26/2006 00:00:00,12.1293,12.3141,12.0062,12.1293,63070
TYA,7/27/2006 00:00:00,12.2217,12.7143,12.2217,12.7143,54280
TYA,7/28/2006 00:00:00,12.7143,12.7758,12.6219,12.6219,34120
TYA,7/31/2006 00:00:00,12.3141,12.3141,12.0062,12.0062,38080
TYA,8/1/2006 00:00:00,11.7599,11.7599,11.4213,11.4213,63630
TYA,8/2/2006 00:00:00,11.4213,11.6984,11.2982,11.6984,73840
TYA,8/3/2006 00:00:00,12.0062,12.2833,12.0062,12.2833,44380
TYA,8/4/2006 00:00:00,12.8682,12.8682,12.8682,12.8682,83210
TYA,8/7/2006 00:00:00,12.8682,12.8682,12.2833,12.2833,53280
TYA,8/8/2006 00:00:00,12.468,12.6835,12.468,12.6835,44420
TYA,8/9/2006 00:00:00,12.6835,12.8374,12.6219,12.6219,47860
TYA,8/10/2006 00:00:00,12.6835,12.7143,12.6835,12.7143,51130
TYA,8/11/2006 00:00:00,12.7758,13.0837,12.7758,13.0837,78370
TYA,8/14/2006 00:00:00,13.7302,13.7302,13.7302,13.7302,79750
TYA,8/15/2006 00:00:00,13.7302,13.7302,13.3915,13.3915,107260
TYA,8/16/2006 00:00:00,13.8533,14.0072,13.8533,14.0072,180230
TYA,8/17/2006 00:00:00,14.1612,14.6845,14.1612,14.1612,184590
TYA,8/18/2006 00:00:00,14.192,14.3151,14.192,14.3151,81260
TYA,8/21/2006 00:00:00,14.3151,14.3151,14.1612,14.2227,78880
TYA,8/22/2006 00:00:00,13.6994,13.6994,13.5147,13.5147,112970
TYA,8/23/2006 00:00:00,13.5147,14.0072,13.5147,14.0072,76850
TYA,8/24/2006 00:00:00,14.0072,14.2843,14.0072,14.038,73960
TYA,8/25/2006 00:00:00,14.038,14.038,13.9457,14.038,44220
TYA,8/28/2006 00:00:00,14.192,14.4074,14.192,14.3151,165410
TYA,8/29/2006 00:00:00,14.469,14.6229,14.469,14.6229,178230
TYA,8/30/2006 00:00:00,15.0847,15.1155,15.0847,15.0847,274540
TYA,8/31/2006 00:00:00,15.0847,15.0847,14.9616,15.0539,155950
TYA,9/1/2006 00:00:00,15.1155,15.3926,15.1155,15.3926,223760
TYA,9/5/2006 00:00:00,15.7004,16.1622,15.7004,16.1622,105060
TYA,9/6/2006 00:00:00,16.1622,16.1622,16.1622,16.1622,244100
TYA,9/7/2006 00:00:00,16.1622,16.4701,16.0083,16.3161,139900
TYA,9/8/2006 00:00:00,16.3161,16.4701,16.3161,16.4701,90860
TYA,9/11/2006 00:00:00,16.9318,16.9318,16.9318,16.9318,120230
TYA,9/12/2006 00:00:00,16.4701,16.4701,16.1622,16.1622,149140
TYA,9/13/2006 00:00:00,16.3161,16.7779,16.3161,16.624,125690
TYA,9/14/2006 00:00:00,16.4701,16.4701,16.3161,16.3161,80560
TYA,9/15/2006 00:00:00,16.3161,16.3161,16.3161,16.3161,111440
TYA,9/18/2006 00:00:00,16.3161,16.3161,16.3161,16.3161,52350
TYA,9/19/2006 00:00:00,16.4701,16.4701,16.4701,16.4701,92780
TYA,9/20/2006 00:00:00,16.4701,16.624,16.3161,16.3161,118740
TYA,9/21/2006 00:00:00,16.3161,16.3161,16.0083,16.3161,67170
TYA,9/22/2006 00:00:00,16.3161,16.3161,16.1622,16.1622,107240
TYA,9/25/2006 00:00:00,16.1622,16.3161,16.1622,16.3161,89930
TYA,9/26/2006 00:00:00,16.3161,16.3161,16.1622,16.1622,110690
TYA,9/27/2006 00:00:00,16.1622,16.3161,16.1622,16.1622,90430
TYA,9/28/2006 00:00:00,16.1622,16.1622,16.1622,16.1622,57650
TYA,9/29/2006 00:00:00,16.3161,16.3161,16.3161,16.3161,65930
TYA,10/2/2006 00:00:00,16.3161,16.624,16.3161,16.624,109430
TYA,10/3/2006 00:00:00,16.9318,17.0858,16.9318,17.0858,114190
TYA,10/4/2006 00:00:00,17.0858,17.0858,16.9318,17.0858,174710
TYA,10/5/2006 00:00:00,16.9318,16.9318,16.624,16.624,64880
TYA,10/6/2006 00:00:00,16.624,16.624,16.3161,16.624,88880
TYA,10/9/2006 00:00:00,16.624,16.9318,16.624,16.624,66230
TYA,10/10/2006 00:00:00,16.3161,16.3161,16.0083,16.0083,75770
TYA,10/11/2006 00:00:00,16.0083,16.1622,15.8544,15.8544,92840
TYA,10/12/2006 00:00:00,15.8544,16.0083,15.8544,16.0083,87150
TYA,10/13/2006 00:00:00,16.0083,16.0083,15.7004,15.8544,53660
TYA,10/16/2006 00:00:00,15.5465,15.5465,15.5465,15.5465,126030
TYA,10/17/2006 00:00:00,15.2386,15.2386,14.9308,14.9308,192360
TYA,10/18/2006 00:00:00,14.9308,15.2386,14.6229,15.2386,114500
TYA,10/19/2006 00:00:00,15.5465,15.7004,15.5465,15.7004,73810
TYA,10/20/2006 00:00:00,15.7004,15.7004,15.5465,15.5465,51880
TYA,10/23/2006 00:00:00,15.3926,15.3926,15.3926,15.3926,51510
TYA,10/24/2006 00:00:00,15.3926,15.3926,15.3926,15.3926,45340
TYA,10/25/2006 00:00:00,15.3926,15.3926,15.2386,15.2386,28450
TYA,10/26/2006 00:00:00,15.331,15.3926,15.331,15.3926,48840
TYA,10/27/2006 00:00:00,15.3926,15.3926,15.2694,15.3926,96350
TYA,10/30/2006 00:00:00,15.1155,15.1155,14.9924,14.9924,37640
TYA,10/31/2006 00:00:00,14.9924,15.0847,14.7769,15.0847,49800
TYA,11/1/2006 00:00:00,15.2386,15.331,15.2386,15.331,24040
TYA,11/2/2006 00:00:00,15.331,15.3618,15.2386,15.2386,48420
TYA,11/3/2006 00:00:00,15.2386,15.2386,15.1155,15.1155,18270
TYA,11/6/2006 00:00:00,15.1155,15.2386,15.1155,15.2386,18680
TYA,11/7/2006 00:00:00,15.2694,15.5465,15.2694,15.5465,52830
TYA,11/8/2006 00:00:00,15.5465,15.5465,15.5465,15.5465,40320
TYA,11/9/2006 00:00:00,15.7004,16.0083,15.7004,16.0083,80550
TYA,11/10/2006 00:00:00,16.0083,16.3161,15.8544,15.8544,70770
TYA,11/13/2006 00:00:00,15.8544,16.1622,15.8544,16.1622,105250
TYA,11/14/2006 00:00:00,16.1622,16.3161,16.1622,16.3161,95530
TYA,11/15/2006 00:00:00,16.3161,16.3161,16.1622,16.1622,90320
TYA,11/16/2006 00:00:00,16.1622,16.1622,16.0083,16.1622,119280
TYA,11/17/2006 00:00:00,16.3161,16.624,16.3161,16.624,219200
TYA,11/20/2006 00:00:00,16.9318,17.0858,16.9318,17.0858,364330
TYA,11/21/2006 00:00:00,16.7779,16.7779,16.4701,16.4701,78050
TYA,11/22/2006 00:00:00,16.3161,16.3161,16.0083,16.3161,70850
TYA,11/23/2006 00:00:00,16.3161,16.7779,15.7004,16.7779,80040
TYA,11/24/2006 00:00:00,16.9318,16.9318,16.9318,16.9318,120090
TYA,11/27/2006 00:00:00,16.9318,17.0858,16.1622,16.1622,70400
TYA,11/28/2006 00:00:00,16.1622,16.1622,15.8544,16.1622,77930
TYA,11/29/2006 00:00:00,16.1622,16.1622,15.8544,15.8544,67120
TYA,11/30/2006 00:00:00,16.0083,16.1622,16.0083,16.1622,40280
TYA,12/1/2006 00:00:00,16.1622,16.1622,16.0083,16.0083,60400
TYA,12/4/2006 00:00:00,16.0083,16.3161,16.0083,16.0083,30160
TYA,12/5/2006 00:00:00,16.0083,16.1622,15.8544,16.0083,15870
TYA,12/6/2006 00:00:00,16.0083,16.0083,15.8544,16.0083,29620
TYA,12/7/2006 00:00:00,16.0083,16.0083,15.8544,16.0083,45740
TYA,12/8/2006 00:00:00,16.624,16.624,16.624,16.624,17680
TYA,12/11/2006 00:00:00,16.624,16.624,16.3161,16.3161,57680
TYA,12/12/2006 00:00:00,16.0083,16.0083,16.0083,16.0083,57500
TYA,12/13/2006 00:00:00,16.0083,16.0083,15.7004,16.0083,35560
TYA,12/14/2006 00:00:00,15.8544,15.8544,15.7004,15.7004,53590
TYA,12/15/2006 00:00:00,15.8544,15.8544,15.8544,15.8544,36360
TYA,12/18/2006 00:00:00,15.8544,15.8544,15.7004,15.7004,25760
TYA,12/19/2006 00:00:00,15.7004,15.8544,15.7004,15.8544,35710
TYA,12/20/2006 00:00:00,15.8544,16.0083,15.7004,15.7004,53130
TYA,12/21/2006 00:00:00,15.7004,15.8544,15.3926,15.3926,79290
TYA,12/22/2006 00:00:00,15.3926,15.3926,15.2386,15.2386,36850
TYA,12/25/2006 00:00:00,15.2386,15.3926,15.2386,15.3926,17810
TYA,12/26/2006 00:00:00,15.3926,15.3926,14.6229,14.9308,126490
TYA,12/27/2006 00:00:00,14.9308,15.2386,14.9308,15.2386,63440
TYA,12/28/2006 00:00:00,15.2386,15.3926,15.2386,15.2386,25300
TYA,12/29/2006 00:00:00,15.2386,15.3926,15.2386,15.2386,10740
TYA,1/2/2007 00:00:00,15.0847,15.0847,14.9308,15.0847,16840
TYA,1/3/2007 00:00:00,14.9616,14.9616,14.9616,14.9616,9060
TYA,1/4/2007 00:00:00,15.2386,15.3926,15.2386,15.3926,42470
TYA,1/5/2007 00:00:00,15.3926,15.5465,15.3926,15.5465,37360
TYA,1/8/2007 00:00:00,15.2386,15.2386,14.9308,14.9308,29500
TYA,1/9/2007 00:00:00,15.0847,15.5465,15.0847,15.0847,25610
TYA,1/10/2007 00:00:00,15.0847,15.2386,14.9308,15.0847,38050
TYA,1/11/2007 00:00:00,15.2386,15.7004,15.2386,15.7004,105570
TYA,1/12/2007 00:00:00,16.1622,16.4701,16.1622,16.4701,189090
TYA,1/15/2007 00:00:00,17.2397,17.2397,17.2397,17.2397,117320
TYA,1/16/2007 00:00:00,17.8554,18.0093,17.8554,18.0093,215180
TYA,1/17/2007 00:00:00,18.0093,18.3172,17.2397,17.2397,172430
TYA,1/18/2007 00:00:00,16.4701,16.4701,16.4701,16.4701,113620
TYA,1/19/2007 00:00:00,16.3161,16.3161,15.7004,16.3161,176930
TYA,1/22/2007 00:00:00,15.8544,15.8544,15.5465,15.8544,146550
TYA,1/23/2007 00:00:00,15.7004,15.7004,15.3926,15.3926,138400
TYA,1/24/2007 00:00:00,16.0083,16.1622,16.0083,16.1622,173540
TYA,1/25/2007 00:00:00,16.9318,16.9318,16.9318,16.9318,197090
TYA,1/26/2007 00:00:00,17.2397,17.7015,17.2397,17.5475,348890
TYA,1/29/2007 00:00:00,18.3172,18.3172,18.3172,18.3172,197320
TYA,1/30/2007 00:00:00,19.0868,19.0868,19.0868,19.0868,314440
TYA,1/31/2007 00:00:00,20.0103,20.0103,20.0103,20.0103,27700
TYA,2/1/2007 00:00:00,20.9339,20.9339,20.9339,20.9339,40140
TYA,2/2/2007 00:00:00,21.8575,21.8575,21.8575,21.8575,104430
TYA,2/5/2007 00:00:00,21.8575,22.9349,20.78,20.78,379840
TYA,2/6/2007 00:00:00,20.6261,20.6261,19.8564,19.8564,178020
TYA,2/7/2007 00:00:00,19.8564,19.8564,19.8564,19.8564,120800
TYA,2/8/2007 00:00:00,18.9329,18.9329,18.9329,18.9329,106190
TYA,2/9/2007 00:00:00,18.0093,18.0093,18.0093,18.0093,32000
TYA,2/12/2007 00:00:00,18.0093,18.7789,17.2397,18.7789,99150
TYA,2/13/2007 00:00:00,18.7789,19.7025,18.7789,19.0868,67310
TYA,2/14/2007 00:00:00,19.3946,19.3946,19.3946,19.3946,82140
TYA,2/15/2007 00:00:00,19.3946,19.7025,19.3946,19.7025,19190
TYA,2/26/2007 00:00:00,19.7025,19.8564,19.7025,19.8564,52250
TYA,2/27/2007 00:00:00,20.1643,20.4721,20.1643,20.3182,96920
TYA,2/28/2007 00:00:00,20.3182,20.4721,19.3946,19.3946,103220
TYA,3/1/2007 00:00:00,19.3946,19.3946,18.625,19.0868,44130
TYA,3/2/2007 00:00:00,19.2407,19.7025,19.2407,19.7025,52700
TYA,3/5/2007 00:00:00,18.7789,18.7789,18.7789,18.7789,180470
TYA,3/6/2007 00:00:00,19.3946,19.7025,19.3946,19.3946,88440
TYA,3/7/2007 00:00:00,19.3946,19.3946,19.0868,19.0868,70840
TYA,3/8/2007 00:00:00,19.0868,19.0868,18.9329,18.9329,96760
TYA,3/9/2007 00:00:00,19.3946,19.7025,19.3946,19.7025,107030
TYA,3/12/2007 00:00:00,20.3182,20.6261,20.3182,20.3182,89460
TYA,3/13/2007 00:00:00,20.9339,20.9339,20.9339,20.9339,236040
TYA,3/14/2007 00:00:00,20.3182,20.3182,20.0103,20.0103,53680
TYA,3/15/2007 00:00:00,19.0868,19.0868,19.0868,19.0868,106790
TYA,3/16/2007 00:00:00,19.0868,19.7025,19.0868,19.7025,25190
TYA,3/19/2007 00:00:00,19.7025,19.7025,19.7025,19.7025,65560
TYA,3/20/2007 00:00:00,19.7025,19.7025,18.9329,18.9329,63220
TYA,3/21/2007 00:00:00,18.9329,19.2407,18.9329,19.0868,37040
TYA,3/22/2007 00:00:00,18.7789,18.7789,18.4711,18.4711,32260
TYA,3/23/2007 00:00:00,18.1632,18.1632,17.8554,18.0093,34290
TYA,3/26/2007 00:00:00,17.5475,17.5475,17.2397,17.3936,28220
TYA,3/27/2007 00:00:00,16.624,16.624,16.624,16.624,13770
TYA,3/28/2007 00:00:00,16.0083,16.0083,15.8544,16.0083,48150
TYA,3/29/2007 00:00:00,16.7779,16.7779,16.7779,16.7779,39180
TYA,3/30/2007 00:00:00,17.5475,17.5475,17.5475,17.5475,33290
TYA,4/2/2007 00:00:00,18.3172,18.3172,18.3172,18.3172,108530
TYA,4/3/2007 00:00:00,17.5475,17.5475,17.5475,17.5475,11700
TYA,4/4/2007 00:00:00,17.2397,17.2397,16.7779,17.2397,29240
TYA,4/5/2007 00:00:00,17.2397,17.2397,17.2397,17.2397,17050
TYA,4/6/2007 00:00:00,16.9318,16.9318,16.624,16.9318,5100
TYA,4/9/2007 00:00:00,16.3161,16.3161,16.1622,16.3161,18840
TYA,4/10/2007 00:00:00,16.3161,16.624,16.3161,16.4701,11430
TYA,4/11/2007 00:00:00,16.4701,16.624,16.3161,16.624,23220
TYA,4/12/2007 00:00:00,16.0083,16.3161,16.0083,16.0083,12130
TYA,4/13/2007 00:00:00,15.3926,15.5465,15.3926,15.3926,20860
TYA,4/16/2007 00:00:00,14.6229,14.7153,14.6229,14.6229,16960
TYA,4/17/2007 00:00:00,14.1612,14.1612,14.1612,14.1612,40980
TYA,4/18/2007 00:00:00,14.1612,14.8692,14.1612,14.8692,29440
TYA,4/19/2007 00:00:00,15.3926,15.5465,15.3926,15.3926,45570
TYA,4/20/2007 00:00:00,14.6229,14.7769,14.6229,14.6229,10220
TYA,4/23/2007 00:00:00,13.9149,13.9149,13.9149,13.9149,20190
TYA,4/24/2007 00:00:00,13.2376,13.2376,13.2376,13.2376,10930
TYA,4/25/2007 00:00:00,12.6219,12.6219,12.5911,12.6219,73360
TYA,5/2/2007 00:00:00,12.6219,13.2376,12.6219,13.2376,31180
TYA,5/3/2007 00:00:00,12.9298,12.9298,12.9298,12.9298,9570
TYA,5/4/2007 00:00:00,12.468,12.6219,12.468,12.468,18320
TYA,5/7/2007 00:00:00,12.468,13.0837,12.468,13.0837,20210
TYA,5/8/2007 00:00:00,13.6994,13.7302,13.6994,13.6994,33720
TYA,5/9/2007 00:00:00,13.0529,13.5455,13.0529,13.0529,19630
TYA,5/10/2007 00:00:00,12.9298,12.9298,12.9298,12.9298,9970
TYA,5/11/2007 00:00:00,12.9298,13.0837,12.6219,13.0837,17590
TYA,5/14/2007 00:00:00,13.0837,13.6686,13.0837,13.0837,20070
TYA,5/15/2007 00:00:00,13.0837,13.0837,13.0837,13.0837,50190
TYA,5/16/2007 00:00:00,13.0837,13.0837,12.899,13.0837,16110
TYA,5/17/2007 00:00:00,13.0837,13.2068,13.0837,13.2068,16130
TYA,5/18/2007 00:00:00,13.5455,13.5763,13.5455,13.5455,29500
TYA,5/21/2007 00:00:00,13.6994,14.0072,13.6994,14.0072,35930
TYA,5/22/2007 00:00:00,14.1612,14.469,14.1612,14.469,34770
TYA,5/23/2007 00:00:00,14.4074,14.469,14.1612,14.4074,48520
TYA,5/24/2007 00:00:00,13.8841,14.4074,13.8841,13.8841,27800
TYA,5/25/2007 00:00:00,13.8533,13.8533,13.8533,13.8533,15260
TYA,5/28/2007 00:00:00,14.1612,14.5306,14.1612,14.1612,26880
TYA,5/29/2007 00:00:00,14.0072,14.1612,13.8533,14.0072,11890
TYA,5/30/2007 00:00:00,13.8533,13.8533,13.4531,13.8533,7320
TYA,5/31/2007 00:00:00,14.0072,14.1612,14.0072,14.1612,32060
TYA,6/1/2007 00:00:00,14.0072,14.0072,14.0072,14.0072,23630
TYA,6/4/2007 00:00:00,13.8533,13.8533,13.3915,13.5455,17370
TYA,6/5/2007 00:00:00,13.5455,13.5455,13.0837,13.0837,18150
TYA,6/6/2007 00:00:00,13.0837,13.2376,12.9605,13.2376,13060
TYA,6/7/2007 00:00:00,13.2376,13.2376,13.2376,13.2376,18710
TYA,6/8/2007 00:00:00,13.2376,13.2376,13.2376,13.2376,20220
TYA,6/11/2007 00:00:00,13.176,13.176,13.0837,13.0837,22870
TYA,6/12/2007 00:00:00,13.7148,13.7148,13.5455,13.5455,37430
TYA,6/13/2007 00:00:00,13.5455,13.5455,13.5455,13.5455,23880
TYA,6/14/2007 00:00:00,13.5455,13.6132,13.5455,13.6132,25930
TYA,6/15/2007 00:00:00,13.6132,13.6132,13.5455,13.5793,16040
TYA,6/18/2007 00:00:00,13.5793,13.5793,13.5455,13.5455,17050
TYA,6/19/2007 00:00:00,13.5455,13.5455,13.5455,13.5455,22240
TYA,6/20/2007 00:00:00,13.5455,13.5455,13.5116,13.5116,11560
TYA,6/21/2007 00:00:00,13.5116,13.5455,13.3761,13.3761,14800
TYA,6/22/2007 00:00:00,12.8682,12.8682,12.7327,12.8682,17480
TYA,6/25/2007 00:00:00,12.8682,12.8682,12.6989,12.8682,10200
TYA,6/26/2007 00:00:00,12.8682,13.3761,12.8682,13.3761,17020
TYA,6/27/2007 00:00:00,13.3761,13.5455,13.3761,13.4439,12040
TYA,6/28/2007 00:00:00,13.4439,13.5455,13.3761,13.3761,13150
TYA,6/29/2007 00:00:00,13.0375,13.0375,12.9698,13.0375,7050
TYA,7/2/2007 00:00:00,12.5296,12.5296,12.428,12.428,15220
TYA,7/3/2007 00:00:00,11.8523,11.8523,11.8523,11.8523,7180
TYA,7/4/2007 00:00:00,11.8523,12.428,11.8523,12.428,3250
TYA,7/5/2007 00:00:00,12.428,12.8682,12.428,12.665,5700
TYA,7/6/2007 00:00:00,12.665,12.665,12.5296,12.5296,5300
TYA,7/9/2007 00:00:00,12.5296,12.5296,12.4618,12.4618,1830
TYA,7/10/2007 00:00:00,12.5296,12.5296,12.5296,12.5296,12890
TYA,7/11/2007 00:00:00,12.5296,12.5973,12.5296,12.5296,10830
TYA,7/12/2007 00:00:00,12.6989,12.8682,12.6989,12.6989,6600
TYA,7/13/2007 00:00:00,12.6989,12.8682,12.6989,12.6989,9100
TYA,7/16/2007 00:00:00,12.6989,12.6989,12.5296,12.5296,8950
TYA,7/17/2007 00:00:00,12.5296,12.5296,12.5296,12.5296,6620
TYA,7/18/2007 00:00:00,12.5296,12.5296,12.5296,12.5296,11390
TYA,7/19/2007 00:00:00,12.5634,12.8343,12.5634,12.6989,17250
TYA,7/20/2007 00:00:00,12.8005,13.3084,12.8005,13.3084,29730
TYA,7/23/2007 00:00:00,13.3761,13.9518,13.3761,13.3761,33020
TYA,7/24/2007 00:00:00,13.2068,13.2068,13.0036,13.0036,5730
TYA,7/25/2007 00:00:00,13.0036,13.0375,12.8682,12.8682,5190
TYA,7/26/2007 00:00:00,12.8682,12.8682,12.5634,12.7666,9190
TYA,7/27/2007 00:00:00,12.5296,12.5296,12.4618,12.5296,19070
TYA,7/30/2007 00:00:00,12.5296,12.5296,12.4618,12.4618,2950
TYA,7/31/2007 00:00:00,12.3264,12.3264,12.1232,12.1232,6290
TYA,8/1/2007 00:00:00,12.1232,12.6989,11.92,12.6989,8860
TYA,8/2/2007 00:00:00,12.6989,12.6989,12.3941,12.3941,5640
TYA,8/3/2007 00:00:00,12.5296,12.5296,12.3941,12.3941,5730
TYA,8/6/2007 00:00:00,11.8523,12.1909,11.8523,12.1571,10720
TYA,8/7/2007 00:00:00,12.1909,12.1909,12.0216,12.1909,8980
TYA,8/8/2007 00:00:00,12.1909,12.1909,11.8523,12.0893,7830
TYA,8/9/2007 00:00:00,12.0893,12.1909,12.0216,12.1909,7490
TYA,8/10/2007 00:00:00,12.1909,12.1909,12.0893,12.1909,7820
TYA,8/13/2007 00:00:00,11.683,12.1909,11.683,11.8523,14450
TYA,8/14/2007 00:00:00,11.8523,11.8523,11.7168,11.8523,12770
TYA,8/15/2007 00:00:00,11.683,12.0216,11.683,12.0216,9620
TYA,8/16/2007 00:00:00,11.7507,11.8523,11.683,11.683,12530
TYA,8/17/2007 00:00:00,11.3443,11.8523,11.3443,11.8523,8610
TYA,8/20/2007 00:00:00,11.3443,11.5136,11.3443,11.5136,17580
TYA,8/21/2007 00:00:00,11.4121,11.5136,11.3443,11.3443,12130
TYA,8/22/2007 00:00:00,11.683,11.8861,11.5136,11.8861,23780
TYA,8/23/2007 00:00:00,12.4618,12.4618,12.4618,12.4618,31770
TYA,8/24/2007 00:00:00,12.7666,12.8005,12.1909,12.1909,55310
TYA,8/27/2007 00:00:00,12.2925,12.3602,11.8523,12.2586,19900
TYA,8/28/2007 00:00:00,12.1909,12.1909,11.92,11.92,10380
TYA,8/29/2007 00:00:00,11.683,11.8523,11.683,11.7168,4780
TYA,8/30/2007 00:00:00,12.2925,12.2925,11.5814,11.5814,15250
TYA,8/31/2007 00:00:00,11.8184,11.8523,11.6491,11.8523,9720
TYA,9/4/2007 00:00:00,11.8523,11.8861,11.2766,11.8523,45200
TYA,9/5/2007 00:00:00,11.8523,11.8523,11.7168,11.7168,22340
TYA,9/6/2007 00:00:00,11.8523,11.8523,11.7846,11.8523,24690
TYA,9/7/2007 00:00:00,12.0216,12.0216,11.8523,11.8523,7850
TYA,9/10/2007 00:00:00,12.1909,12.428,12.1909,12.428,56580
TYA,9/11/2007 00:00:00,12.8682,13.0375,12.6989,12.8682,81600
TYA,9/12/2007 00:00:00,12.3264,12.5296,12.2925,12.4618,27200
TYA,9/13/2007 00:00:00,12.4618,12.4618,12.1909,12.3602,6000
TYA,9/14/2007 00:00:00,12.0216,12.3264,12.0216,12.3264,15410
TYA,9/17/2007 00:00:00,11.9539,12.1909,11.9539,12.0216,22210
TYA,9/18/2007 00:00:00,12.0216,12.3602,12.0216,12.2586,17280
TYA,9/19/2007 00:00:00,12.3602,12.3941,12.2925,12.3264,15040
TYA,9/20/2007 00:00:00,12.3602,12.3602,12.1909,12.2925,26520
TYA,9/21/2007 00:00:00,12.2925,12.3602,12.1909,12.2586,21300
TYA,9/24/2007 00:00:00,12.2586,12.2586,12.1232,12.1571,35080
TYA,9/25/2007 00:00:00,12.1909,12.6311,12.1909,12.5296,54750
TYA,9/26/2007 00:00:00,12.8682,12.8682,12.5296,12.5296,38730
TYA,9/27/2007 00:00:00,12.6989,12.6989,12.5296,12.5296,37670
TYA,9/28/2007 00:00:00,12.5296,12.665,12.3941,12.5296,32290
TYA,10/1/2007 00:00:00,12.8682,13.1391,12.8682,13.1391,57880
TYA,10/2/2007 00:00:00,13.5116,13.5455,13.173,13.5455,96720
TYA,10/3/2007 00:00:00,13.5455,13.8841,13.3761,13.5455,40620
TYA,10/4/2007 00:00:00,13.5455,13.5455,13.2068,13.2068,48470
TYA,10/5/2007 00:00:00,13.2068,13.2068,12.8682,12.8682,24710
TYA,10/8/2007 00:00:00,12.8682,13.5116,12.8682,13.5116,44370
TYA,10/9/2007 00:00:00,14.1211,14.155,13.8841,14.0534,88000
TYA,10/10/2007 00:00:00,14.5614,14.5614,14.2227,14.5614,55200
TYA,10/11/2007 00:00:00,13.9518,14.5614,13.8841,14.5614,81310
TYA,10/12/2007 00:00:00,14.2227,14.3921,14.0534,14.2227,22810
TYA,10/15/2007 00:00:00,14.4936,14.5275,14.2227,14.2227,28340
TYA,10/16/2007 00:00:00,13.8841,14.2227,13.8841,13.8841,28130
TYA,10/17/2007 00:00:00,13.5455,13.8841,13.5455,13.8841,51050
TYA,10/18/2007 00:00:00,13.8841,14.0534,13.8841,13.8841,33820
TYA,10/19/2007 00:00:00,13.8841,13.8841,13.7148,13.8502,17670
TYA,10/22/2007 00:00:00,13.8841,13.8841,13.5793,13.5793,41270
TYA,10/23/2007 00:00:00,13.2068,13.2068,13.0714,13.0714,54010
TYA,10/24/2007 00:00:00,13.0714,13.2068,13.0714,13.2068,40120
TYA,10/25/2007 00:00:00,13.5455,13.5455,13.3761,13.3761,22270
TYA,10/26/2007 00:00:00,13.5455,13.5455,13.3761,13.3761,37310
TYA,10/29/2007 00:00:00,13.5455,13.5455,13.2068,13.2068,33350
TYA,10/30/2007 00:00:00,13.2068,13.2068,12.9698,13.0375,47850
TYA,10/31/2007 00:00:00,13.2068,13.3761,13.0036,13.0714,32790
TYA,11/1/2007 00:00:00,13.2068,13.2068,13.0375,13.1391,42280
TYA,11/2/2007 00:00:00,12.7327,13.0375,12.7327,13.0375,39080
TYA,11/5/2007 00:00:00,13.3761,13.3761,13.0375,13.2068,46260
TYA,11/6/2007 00:00:00,13.0375,13.0375,12.8682,12.8682,14400
TYA,11/7/2007 00:00:00,12.8682,12.8682,12.7327,12.7666,17120
TYA,11/8/2007 00:00:00,12.5296,12.5296,12.2248,12.2248,33910
TYA,11/9/2007 00:00:00,12.0555,12.1909,11.92,12.0893,35470
TYA,11/12/2007 00:00:00,12.0893,12.0893,11.683,11.683,13850
TYA,11/13/2007 00:00:00,11.5136,11.5136,11.1073,11.1073,25430
TYA,11/14/2007 00:00:00,11.6491,11.6491,11.6491,11.6491,23460
TYA,11/15/2007 00:00:00,11.8184,11.8184,11.6491,11.683,24240
TYA,11/16/2007 00:00:00,11.683,11.7507,11.5136,11.7507,8230
TYA,11/19/2007 00:00:00,11.5136,11.683,11.5136,11.5136,12580
TYA,11/20/2007 00:00:00,11.5136,11.5814,11.3443,11.3443,16210
TYA,11/21/2007 00:00:00,11.175,11.5136,11.0734,11.5136,23950
TYA,11/22/2007 00:00:00,11.5136,11.5475,11.5136,11.5136,9800
TYA,11/23/2007 00:00:00,11.5136,11.5136,11.4798,11.4798,10550
TYA,11/26/2007 00:00:00,11.3443,11.5136,11.3443,11.5136,22900
TYA,11/27/2007 00:00:00,11.8184,11.8184,11.683,11.7507,15090
TYA,11/28/2007 00:00:00,11.8523,11.8523,11.683,11.683,11120
TYA,11/29/2007 00:00:00,12.0216,12.0216,11.8523,11.8523,4030
TYA,11/30/2007 00:00:00,11.5136,11.8523,11.5136,11.8523,16870
TYA,12/3/2007 00:00:00,11.5475,11.8523,11.5136,11.8523,10380
TYA,12/4/2007 00:00:00,11.683,11.8523,11.683,11.7846,13720
TYA,12/5/2007 00:00:00,11.8523,11.8523,11.7168,11.7846,5590
TYA,12/6/2007 00:00:00,11.7846,11.7846,11.6152,11.6152,11500
TYA,12/7/2007 00:00:00,11.5475,11.683,11.5136,11.683,10720
TYA,12/10/2007 00:00:00,11.3443,11.683,11.3443,11.4459,7450
TYA,12/11/2007 00:00:00,11.2089,11.3105,11.175,11.175,19950
TYA,12/12/2007 00:00:00,11.175,11.4798,11.175,11.2427,16280
TYA,12/13/2007 00:00:00,11.175,11.2427,10.8364,10.8364,11500
TYA,12/14/2007 00:00:00,10.8364,11.175,10.8364,11.175,5410
TYA,12/17/2007 00:00:00,11.175,11.175,11.175,11.175,3070
TYA,12/18/2007 00:00:00,10.7686,10.8702,10.7686,10.8702,10970
TYA,12/19/2007 00:00:00,10.8364,11.3782,10.8364,11.3443,4680
TYA,12/20/2007 00:00:00,11.6491,11.6491,11.175,11.175,7960
TYA,12/21/2007 00:00:00,10.938,11.175,10.938,11.175,6560
TYA,12/24/2007 00:00:00,11.5136,11.5136,11.2089,11.4798,11560
TYA,12/25/2007 00:00:00,11.2427,11.4798,11.2427,11.2427,7420
TYA,12/26/2007 00:00:00,11.3443,11.5136,11.175,11.175,12670
TYA,12/27/2007 00:00:00,11.175,11.3443,11.175,11.175,6810
TYA,12/28/2007 00:00:00,11.175,11.2089,11.175,11.175,6740
TYA,1/2/2008 00:00:00,11.175,11.3443,11.175,11.2089,4270
TYA,1/3/2008 00:00:00,11.175,11.2089,11.175,11.2089,3240
TYA,1/4/2008 00:00:00,11.175,11.175,11.0057,11.1073,12270
TYA,1/7/2008 00:00:00,11.0057,11.0057,10.8702,10.9718,10110
TYA,1/8/2008 00:00:00,10.5655,11.0057,10.5655,11.0057,12410
TYA,1/9/2008 00:00:00,10.8364,10.8364,10.7009,10.7009,3900
TYA,1/10/2008 00:00:00,10.193,10.3284,10.193,10.193,7090
TYA,1/11/2008 00:00:00,10.0236,10.2946,10.0236,10.193,7930
TYA,1/14/2008 00:00:00,9.75274,9.7866,9.68501,9.68501,9710
TYA,1/15/2008 00:00:00,9.21092,9.65114,9.21092,9.34637,11700
TYA,1/16/2008 00:00:00,9.34637,9.7866,9.34637,9.7866,6200
TYA,1/17/2008 00:00:00,9.44796,9.65114,9.44796,9.44796,32050
TYA,1/18/2008 00:00:00,9.44796,9.58342,9.44796,9.58342,1620
TYA,1/21/2008 00:00:00,9.54955,9.65114,9.48183,9.65114,7420
TYA,1/22/2008 00:00:00,9.24478,9.31251,9.24478,9.31251,7600
TYA,1/23/2008 00:00:00,9.31251,9.31251,8.87228,8.87228,5840
TYA,1/24/2008 00:00:00,8.77069,8.90614,8.77069,8.87228,10760
TYA,1/25/2008 00:00:00,9.10933,9.10933,8.87228,8.97387,7880
TYA,1/28/2008 00:00:00,9.38023,9.4141,8.97387,9.27864,4480
TYA,1/29/2008 00:00:00,9.44796,9.65114,9.31251,9.65114,11690
TYA,1/30/2008 00:00:00,10.1252,10.1252,10.1252,10.1252,4270
TYA,1/31/2008 00:00:00,10.1591,10.1591,9.82046,9.82046,13690
TYA,2/1/2008 00:00:00,9.82046,10.2946,9.82046,10.2946,17740
TYA,2/12/2008 00:00:00,10.8025,10.8025,10.2946,10.4977,18110
TYA,2/13/2008 00:00:00,10.0914,10.1591,10.0914,10.0914,7310
TYA,2/14/2008 00:00:00,10.0914,10.3284,10.0914,10.193,3530
TYA,2/15/2008 00:00:00,10.193,10.193,10.0575,10.0575,9560
TYA,2/18/2008 00:00:00,9.61728,9.65114,9.58342,9.58342,9140
TYA,2/19/2008 00:00:00,9.58342,9.58342,9.48183,9.48183,5900
TYA,2/20/2008 00:00:00,9.00774,9.14319,9.00774,9.00774,5340
TYA,2/21/2008 00:00:00,8.56751,8.56751,8.56751,8.56751,5470
TYA,2/22/2008 00:00:00,8.16114,8.16114,8.16114,8.16114,16290
TYA,2/25/2008 00:00:00,8.16114,8.56751,8.16114,8.49978,10300
TYA,2/26/2008 00:00:00,8.80455,8.80455,8.12728,8.12728,14090
TYA,2/27/2008 00:00:00,8.46592,8.46592,8.12728,8.12728,6330
TYA,2/28/2008 00:00:00,8.12728,8.12728,7.85637,7.85637,7400
TYA,2/29/2008 00:00:00,7.78864,7.78864,7.51773,7.61932,14530
TYA,3/3/2008 00:00:00,7.28069,7.28069,7.24682,7.24682,11170
TYA,3/4/2008 00:00:00,6.90819,6.90819,6.90819,6.90819,6020
TYA,3/5/2008 00:00:00,6.56955,6.56955,6.56955,6.56955,19510
TYA,3/6/2008 00:00:00,6.87432,6.87432,6.87432,6.87432,8160
TYA,3/7/2008 00:00:00,7.21296,7.21296,7.21296,7.21296,44920
TYA,3/10/2008 00:00:00,7.5516,7.5516,6.87432,6.87432,64090
TYA,3/11/2008 00:00:00,6.77273,6.77273,6.53569,6.67114,11260
TYA,3/12/2008 00:00:00,6.67114,6.97591,6.67114,6.90819,30840
TYA,3/13/2008 00:00:00,7.11137,7.11137,6.77273,6.94205,15660
TYA,3/14/2008 00:00:00,6.94205,6.94205,6.77273,6.77273,29390
TYA,3/17/2008 00:00:00,6.56955,6.77273,6.4341,6.4341,21670
TYA,3/18/2008 00:00:00,6.26478,6.26478,6.12932,6.16319,22750
TYA,3/19/2008 00:00:00,5.92614,6.26478,5.92614,5.96,18830
TYA,3/20/2008 00:00:00,6.09546,6.09546,5.85841,6.09546,5790
TYA,3/21/2008 00:00:00,6.09546,6.26478,5.89228,5.92614,28310
TYA,3/24/2008 00:00:00,5.75682,6.0616,5.65523,5.65523,8810
TYA,3/25/2008 00:00:00,5.38432,5.38432,5.38432,5.38432,10470
TYA,3/26/2008 00:00:00,5.35046,5.51978,5.14728,5.51978,20140
TYA,3/27/2008 00:00:00,5.55364,5.55364,5.55364,5.55364,10790
TYA,3/28/2008 00:00:00,5.5875,5.5875,5.5875,5.5875,1060
TYA,3/31/2008 00:00:00,5.62137,5.62137,5.62137,5.62137,680
TYA,4/1/2008 00:00:00,5.65523,5.65523,5.65523,5.65523,20
TYA,4/2/2008 00:00:00,5.6891,5.6891,5.6891,5.6891,500
TYA,4/3/2008 00:00:00,5.72296,5.72296,5.72296,5.72296,1000
TYA,4/4/2008 00:00:00,5.75682,5.75682,5.75682,5.75682,260
TYA,4/7/2008 00:00:00,5.85841,5.85841,5.85841,5.85841,600
TYA,4/8/2008 00:00:00,5.85841,5.96,5.85841,5.96,21860
TYA,4/9/2008 00:00:00,6.0616,6.0616,5.85841,6.0616,21880
TYA,4/10/2008 00:00:00,6.16319,6.16319,5.96,5.96,22420
TYA,4/11/2008 00:00:00,5.85841,5.96,5.85841,5.92614,16220
TYA,4/16/2008 00:00:00,5.82455,5.82455,5.82455,5.82455,5700
TYA,4/17/2008 00:00:00,5.75682,5.92614,5.75682,5.92614,15360
TYA,4/18/2008 00:00:00,6.02773,6.02773,6.02773,6.02773,3850
TYA,4/21/2008 00:00:00,6.12932,6.12932,5.92614,5.92614,10560
TYA,4/22/2008 00:00:00,5.82455,5.85841,5.82455,5.82455,3980
TYA,4/23/2008 00:00:00,5.72296,5.72296,5.72296,5.72296,7250
TYA,4/24/2008 00:00:00,5.62137,5.62137,5.62137,5.62137,18850
TYA,4/25/2008 00:00:00,5.72296,5.72296,5.72296,5.72296,8740
TYA,4/28/2008 00:00:00,5.82455,5.82455,5.75682,5.75682,10310
TYA,4/29/2008 00:00:00,5.75682,5.75682,5.6891,5.75682,10890
TYA,5/5/2008 00:00:00,5.85841,5.85841,5.85841,5.85841,33700
TYA,5/6/2008 00:00:00,5.96,5.96,5.96,5.96,3810
TYA,5/7/2008 00:00:00,6.0616,6.0616,6.0616,6.0616,21550
TYA,5/8/2008 00:00:00,5.96,5.96,5.96,5.96,22880
TYA,5/9/2008 00:00:00,5.85841,5.85841,5.85841,5.85841,4040
TYA,5/12/2008 00:00:00,5.75682,5.75682,5.75682,5.75682,190
TYA,5/13/2008 00:00:00,5.65523,5.65523,5.65523,5.65523,100
TYA,5/14/2008 00:00:00,5.65523,5.65523,5.55364,5.55364,2060
TYA,5/15/2008 00:00:00,5.45205,5.45205,5.45205,5.45205,4800
TYA,5/16/2008 00:00:00,5.35046,5.35046,5.35046,5.35046,5430
TYA,5/19/2008 00:00:00,5.45205,5.45205,5.35046,5.45205,11140
TYA,5/20/2008 00:00:00,5.55364,5.55364,5.35046,5.35046,18090
TYA,5/21/2008 00:00:00,5.24887,5.24887,5.24887,5.24887,2030
TYA,5/22/2008 00:00:00,5.14728,5.14728,5.14728,5.14728,1510
TYA,5/23/2008 00:00:00,5.04569,5.04569,5.04569,5.04569,4940
TYA,5/26/2008 00:00:00,4.97796,4.97796,4.97796,4.97796,1710
TYA,5/30/2008 00:00:00,4.91023,4.91023,4.91023,4.91023,5540
TYA,6/2/2008 00:00:00,4.8425,4.8425,4.8425,4.8425,1310
TYA,6/3/2008 00:00:00,4.77478,4.77478,4.77478,4.77478,20
TYA,6/4/2008 00:00:00,4.70705,4.70705,4.70705,4.70705,4100
TYA,6/5/2008 00:00:00,4.63932,4.63932,4.63932,4.63932,70
TYA,6/6/2008 00:00:00,4.57159,4.57159,4.57159,4.57159,40
TYA,6/9/2008 00:00:00,4.50387,4.50387,4.50387,4.50387,500
TYA,6/10/2008 00:00:00,4.43614,4.43614,4.43614,4.43614,20
TYA,6/11/2008 00:00:00,4.36841,4.50387,4.36841,4.50387,23770
TYA,6/12/2008 00:00:00,4.57159,4.57159,4.57159,4.57159,2810
TYA,6/13/2008 00:00:00,4.63932,4.63932,4.63932,4.63932,1400
TYA,6/16/2008 00:00:00,4.70705,4.70705,4.70705,4.70705,120
TYA,6/17/2008 00:00:00,4.77478,4.77478,4.77478,4.77478,10
TYA,6/18/2008 00:00:00,4.8425,4.8425,4.70705,4.70705,18590
TYA,6/19/2008 00:00:00,4.57159,4.57159,4.57159,4.57159,11550
TYA,6/20/2008 00:00:00,4.43614,4.43614,4.43614,4.43614,3000
TYA,6/23/2008 00:00:00,4.36841,4.53773,4.36841,4.50387,5330
TYA,6/24/2008 00:00:00,4.60546,4.60546,4.50387,4.60546,10500
TYA,6/25/2008 00:00:00,4.74091,4.74091,4.67319,4.74091,14630
TYA,6/26/2008 00:00:00,4.87637,4.87637,4.70705,4.74091,15400
TYA,6/27/2008 00:00:00,4.60546,4.77478,4.60546,4.77478,6100
TYA,6/30/2008 00:00:00,4.63932,4.80864,4.63932,4.67319,5720
TYA,7/1/2008 00:00:00,4.53773,4.80864,4.53773,4.80864,38430
TYA,7/2/2008 00:00:00,4.9441,4.9441,4.74091,4.9441,24700
TYA,7/3/2008 00:00:00,5.04569,5.07955,4.9441,5.07955,36990
TYA,7/4/2008 00:00:00,5.22686,5.22686,5.1913,5.22686,108480
TYA,7/7/2008 00:00:00,5.08463,5.22686,5.08463,5.08463,50670
TYA,7/8/2008 00:00:00,4.9424,4.9424,4.9424,4.9424,3220
TYA,7/9/2008 00:00:00,4.97796,4.97796,4.83573,4.83573,37180
TYA,7/10/2008 00:00:00,4.83573,4.97796,4.72906,4.83573,86280
TYA,7/11/2008 00:00:00,4.97796,4.97796,4.6935,4.97796,133020
TYA,7/14/2008 00:00:00,5.12019,5.12019,4.97796,5.12019,254560
TYA,7/15/2008 00:00:00,5.26241,5.26241,5.01352,5.26241,332700
TYA,7/16/2008 00:00:00,5.12019,5.26241,5.12019,5.12019,287840
TYA,7/17/2008 00:00:00,5.15574,5.22686,4.97796,4.97796,203830
TYA,7/18/2008 00:00:00,4.83573,4.83573,4.83573,4.83573,66420
TYA,7/21/2008 00:00:00,4.6935,4.6935,4.6935,4.6935,23120
TYA,7/22/2008 00:00:00,4.58683,4.58683,4.58683,4.58683,4700
TYA,7/23/2008 00:00:00,4.48016,4.48016,4.48016,4.48016,6820
TYA,7/24/2008 00:00:00,4.37349,4.37349,4.37349,4.37349,17980
TYA,7/25/2008 00:00:00,4.26682,4.26682,4.26682,4.26682,14260
TYA,7/28/2008 00:00:00,4.16015,4.16015,4.16015,4.16015,26680
TYA,7/29/2008 00:00:00,4.05348,4.16015,4.05348,4.05348,215250
TYA,7/30/2008 00:00:00,3.98237,3.98237,3.94681,3.94681,87630
TYA,7/31/2008 00:00:00,3.84014,3.84014,3.84014,3.84014,18750
TYA,8/1/2008 00:00:00,3.73347,3.91125,3.73347,3.73347,185350
TYA,8/4/2008 00:00:00,3.84014,3.84014,3.76903,3.84014,114180
TYA,8/5/2008 00:00:00,3.94681,3.94681,3.84014,3.94681,143140
TYA,8/6/2008 00:00:00,4.05348,4.05348,4.05348,4.05348,21440
TYA,8/7/2008 00:00:00,4.16015,4.16015,4.16015,4.16015,64110
TYA,8/8/2008 00:00:00,4.16015,4.16015,4.05348,4.05348,117860
TYA,8/11/2008 00:00:00,4.16015,4.16015,4.12459,4.16015,71670
TYA,8/12/2008 00:00:00,4.26682,4.26682,4.08904,4.19571,213230
TYA,8/13/2008 00:00:00,4.08904,4.19571,4.08904,4.19571,100780
TYA,8/14/2008 00:00:00,4.19571,4.30238,4.16015,4.30238,118770
TYA,8/15/2008 00:00:00,4.40905,4.40905,4.40905,4.40905,15080
TYA,8/18/2008 00:00:00,4.62239,4.62239,4.62239,4.62239,4980
TYA,8/19/2008 00:00:00,4.83573,4.83573,4.83573,4.83573,17360
TYA,8/20/2008 00:00:00,5.04907,5.04907,5.04907,5.04907,36730
TYA,8/21/2008 00:00:00,5.29797,5.29797,5.29797,5.29797,17420
TYA,8/22/2008 00:00:00,5.54687,5.54687,5.54687,5.54687,22440
TYA,8/25/2008 00:00:00,5.79577,5.79577,5.79577,5.79577,18900
TYA,8/26/2008 00:00:00,6.08022,6.08022,6.08022,6.08022,4500
TYA,8/27/2008 00:00:00,6.36468,6.36468,6.36468,6.36468,9630
TYA,8/28/2008 00:00:00,6.64913,6.64913,6.08022,6.64913,538800
TYA,8/29/2008 00:00:00,6.96914,6.96914,6.96914,6.96914,343970
TYA,9/3/2008 00:00:00,7.28915,7.28915,7.28915,7.28915,34740
TYA,9/4/2008 00:00:00,7.64472,7.64472,7.64472,7.64472,83060
TYA,9/5/2008 00:00:00,8.00029,8.00029,7.82251,8.00029,223440
TYA,9/8/2008 00:00:00,7.60917,7.60917,7.60917,7.60917,117190
TYA,9/9/2008 00:00:00,7.2536,7.2536,7.2536,7.2536,77530
TYA,9/10/2008 00:00:00,6.89803,6.89803,6.89803,6.89803,26370
TYA,9/11/2008 00:00:00,6.57802,6.57802,6.57802,6.57802,10360
TYA,9/12/2008 00:00:00,6.25801,6.25801,6.25801,6.25801,2000
TYA,9/15/2008 00:00:00,5.97355,6.47135,5.97355,5.97355,252710
TYA,9/16/2008 00:00:00,5.6891,5.6891,5.6891,5.6891,48640
TYA,9/17/2008 00:00:00,5.40464,5.40464,5.40464,5.40464,9380
TYA,9/18/2008 00:00:00,5.15574,5.65354,5.15574,5.65354,438000
TYA,9/19/2008 00:00:00,5.90244,5.90244,5.90244,5.90244,7860
TYA,9/22/2008 00:00:00,6.18689,6.18689,6.18689,6.18689,5560
TYA,9/23/2008 00:00:00,6.40023,6.47135,6.22245,6.47135,386510
TYA,9/24/2008 00:00:00,6.40023,6.47135,6.22245,6.22245,266930
TYA,9/25/2008 00:00:00,6.40023,6.5069,6.29356,6.5069,103770
TYA,9/26/2008 00:00:00,6.82691,6.82691,6.32912,6.68469,152950
TYA,9/29/2008 00:00:00,6.57802,6.68469,6.36468,6.40023,145410
TYA,9/30/2008 00:00:00,6.08022,6.08022,6.08022,6.08022,8660
TYA,10/1/2008 00:00:00,6.32912,6.32912,5.86688,6.18689,109200
TYA,10/2/2008 00:00:00,6.40023,6.43579,6.18689,6.40023,105300
TYA,10/3/2008 00:00:00,6.25801,6.40023,6.25801,6.29356,52840
TYA,10/6/2008 00:00:00,6.04466,6.04466,6.00911,6.00911,79100
TYA,10/7/2008 00:00:00,5.72465,5.72465,5.72465,5.72465,7000
TYA,10/8/2008 00:00:00,5.4402,5.51131,5.4402,5.4402,144020
TYA,10/9/2008 00:00:00,5.22686,5.6891,5.22686,5.29797,110460
TYA,10/10/2008 00:00:00,5.04907,5.12019,5.04907,5.04907,95640
TYA,10/13/2008 00:00:00,4.83573,5.26241,4.83573,5.26241,53880
TYA,10/14/2008 00:00:00,5.51131,5.51131,5.51131,5.51131,1150
TYA,10/15/2008 00:00:00,5.76021,5.76021,5.51131,5.76021,140580
TYA,10/16/2008 00:00:00,5.47575,5.72465,5.47575,5.51131,76410
TYA,10/17/2008 00:00:00,5.51131,5.65354,5.47575,5.65354,34500
TYA,10/20/2008 00:00:00,5.79577,5.79577,5.51131,5.51131,18280
TYA,10/21/2008 00:00:00,5.76021,5.76021,5.54687,5.76021,132640
TYA,10/22/2008 00:00:00,5.76021,5.76021,5.51131,5.6891,61600
TYA,10/23/2008 00:00:00,5.40464,5.40464,5.40464,5.40464,89740
TYA,10/24/2008 00:00:00,5.22686,5.40464,5.15574,5.15574,43630
TYA,10/27/2008 00:00:00,4.90685,4.90685,4.90685,4.90685,18970
TYA,10/28/2008 00:00:00,4.6935,4.90685,4.6935,4.6935,135320
TYA,10/29/2008 00:00:00,4.90685,4.90685,4.65795,4.90685,103270
TYA,10/30/2008 00:00:00,4.90685,5.12019,4.90685,5.12019,47710
TYA,10/31/2008 00:00:00,5.1913,5.26241,5.1913,5.22686,44940
TYA,11/3/2008 00:00:00,5.08463,5.22686,4.97796,4.97796,81810
TYA,11/4/2008 00:00:00,5.01352,5.22686,4.97796,5.22686,63350
TYA,11/5/2008 00:00:00,5.47575,5.47575,5.47575,5.47575,46030
TYA,11/6/2008 00:00:00,5.22686,5.47575,5.22686,5.22686,63850
TYA,11/7/2008 00:00:00,4.97796,5.22686,4.97796,4.97796,65730
TYA,11/10/2008 00:00:00,4.72906,4.97796,4.72906,4.80017,40720
TYA,11/11/2008 00:00:00,4.80017,4.80017,4.62239,4.62239,82330
TYA,11/12/2008 00:00:00,4.51572,4.80017,4.51572,4.80017,40110
TYA,11/13/2008 00:00:00,4.76462,4.97796,4.72906,4.90685,26350
TYA,11/14/2008 00:00:00,5.12019,5.12019,4.76462,4.9424,141700
TYA,11/17/2008 00:00:00,4.87129,4.87129,4.76462,4.80017,31230
TYA,11/18/2008 00:00:00,4.6935,4.72906,4.6935,4.6935,26400
TYA,11/19/2008 00:00:00,4.83573,4.83573,4.62239,4.72906,17090
TYA,11/20/2008 00:00:00,4.58683,4.62239,4.51572,4.55128,34600
TYA,11/21/2008 00:00:00,4.37349,4.55128,4.37349,4.55128,27570
TYA,11/24/2008 00:00:00,4.55128,4.58683,4.44461,4.44461,36660
TYA,11/25/2008 00:00:00,4.44461,4.48016,4.37349,4.44461,7000
TYA,11/26/2008 00:00:00,4.51572,4.51572,4.23127,4.23127,51910
TYA,11/27/2008 00:00:00,4.16015,4.26682,4.05348,4.05348,36020
TYA,11/28/2008 00:00:00,4.05348,4.23127,4.05348,4.23127,34970
TYA,12/1/2008 00:00:00,4.23127,4.30238,4.23127,4.23127,22670
TYA,12/2/2008 00:00:00,4.05348,4.23127,4.05348,4.08904,16240
TYA,12/3/2008 00:00:00,4.08904,4.26682,4.08904,4.19571,16900
TYA,12/4/2008 00:00:00,4.26682,4.30238,4.12459,4.30238,23250
TYA,12/5/2008 00:00:00,4.08904,4.16015,4.08904,4.08904,19390
TYA,12/8/2008 00:00:00,4.19571,4.19571,3.91125,3.91125,37210
TYA,12/9/2008 00:00:00,3.73347,4.01792,3.73347,3.91125,27650
TYA,12/10/2008 00:00:00,3.91125,3.91125,3.80458,3.8757,12150
TYA,12/11/2008 00:00:00,3.94681,3.94681,3.76903,3.8757,9140
TYA,12/12/2008 00:00:00,3.94681,4.05348,3.94681,4.05348,39630
TYA,12/15/2008 00:00:00,4.19571,4.19571,4.05348,4.05348,24830
TYA,12/16/2008 00:00:00,3.91125,3.94681,3.8757,3.8757,25460
TYA,12/17/2008 00:00:00,3.80458,3.91125,3.76903,3.91125,5600
TYA,12/18/2008 00:00:00,3.84014,3.8757,3.80458,3.8757,16240
TYA,12/19/2008 00:00:00,3.8757,3.91125,3.8757,3.8757,9620
TYA,12/22/2008 00:00:00,3.8757,4.01792,3.8757,3.91125,13010
TYA,12/23/2008 00:00:00,3.80458,3.84014,3.73347,3.84014,19800
TYA,12/24/2008 00:00:00,3.73347,3.8757,3.73347,3.8757,12160
TYA,12/25/2008 00:00:00,3.8757,4.05348,3.76903,3.91125,5900
TYA,12/26/2008 00:00:00,3.80458,3.94681,3.76903,3.94681,14220
TYA,12/29/2008 00:00:00,3.80458,3.91125,3.76903,3.84014,6580
TYA,12/30/2008 00:00:00,3.84014,3.8757,3.73347,3.84014,19760
TYA,12/31/2008 00:00:00,3.8757,3.8757,3.76903,3.76903,7400
TYA,1/2/2009 00:00:00,3.73347,3.8757,3.73347,3.73347,35520
TYA,1/5/2009 00:00:00,3.91125,3.91125,3.8757,3.91125,34780
TYA,1/6/2009 00:00:00,4.08904,4.08904,3.94681,4.08904,23960
TYA,1/7/2009 00:00:00,4.26682,4.26682,4.23127,4.26682,76070
TYA,1/8/2009 00:00:00,4.26682,4.33794,4.12459,4.23127,38600
TYA,1/9/2009 00:00:00,4.23127,4.23127,4.08904,4.12459,17710
TYA,1/12/2009 00:00:00,4.12459,4.16015,3.98237,4.01792,22490
TYA,1/13/2009 00:00:00,3.98237,3.98237,3.8757,3.8757,22890
TYA,1/14/2009 00:00:00,3.76903,4.05348,3.76903,3.98237,26180
TYA,1/15/2009 00:00:00,3.8757,3.91125,3.8757,3.91125,8700
TYA,1/16/2009 00:00:00,4.01792,4.01792,3.84014,3.91125,4420
TYA,1/19/2009 00:00:00,3.91125,3.91125,3.76903,3.84014,10750
TYA,1/20/2009 00:00:00,3.8757,3.8757,3.76903,3.76903,12020
TYA,1/21/2009 00:00:00,3.91125,3.91125,3.80458,3.8757,4340
TYA,1/22/2009 00:00:00,3.80458,3.91125,3.80458,3.91125,5630
TYA,1/23/2009 00:00:00,3.84014,3.8757,3.84014,3.84014,9690
TYA,2/2/2009 00:00:00,3.73347,3.84014,3.69791,3.80458,12320
TYA,2/3/2009 00:00:00,3.73347,3.76903,3.6268,3.66236,21930
TYA,2/4/2009 00:00:00,3.66236,3.73347,3.59124,3.66236,15200
TYA,2/5/2009 00:00:00,3.55568,3.6268,3.55568,3.55568,19800
TYA,2/6/2009 00:00:00,3.55568,3.6268,3.55568,3.6268,31860
TYA,2/9/2009 00:00:00,3.6268,3.73347,3.6268,3.66236,14350
TYA,2/10/2009 00:00:00,3.55568,3.66236,3.48457,3.48457,10910
TYA,2/11/2009 00:00:00,3.34234,3.34234,3.34234,3.34234,880
TYA,2/12/2009 00:00:00,3.20012,3.20012,3.20012,3.20012,3300
TYA,2/13/2009 00:00:00,3.05789,3.05789,3.05789,3.05789,2110
TYA,2/16/2009 00:00:00,2.91566,2.91566,2.91566,2.91566,20
TYA,2/17/2009 00:00:00,2.77343,2.77343,2.77343,2.77343,50
TYA,2/18/2009 00:00:00,2.66676,2.66676,2.66676,2.66676,60
TYA,2/19/2009 00:00:00,2.56009,2.56009,2.56009,2.56009,3270
TYA,2/20/2009 00:00:00,2.45342,2.45342,2.45342,2.45342,2920
TYA,2/23/2009 00:00:00,2.34675,2.34675,2.34675,2.34675,1140
TYA,2/24/2009 00:00:00,2.24008,2.24008,2.24008,2.24008,360
TYA,2/25/2009 00:00:00,2.13341,2.13341,2.13341,2.13341,12930
TYA,2/26/2009 00:00:00,2.02674,2.02674,2.02674,2.02674,13890
TYA,2/27/2009 00:00:00,1.95563,2.09785,1.95563,2.09785,62750
TYA,3/2/2009 00:00:00,2.13341,2.16897,2.09785,2.16897,35130
TYA,3/3/2009 00:00:00,2.09785,2.16897,2.0623,2.0623,21280
TYA,3/4/2009 00:00:00,2.0623,2.13341,2.0623,2.09785,24030
TYA,3/5/2009 00:00:00,2.13341,2.13341,2.09785,2.09785,46070
TYA,3/6/2009 00:00:00,2.0623,2.09785,2.02674,2.09785,59480
TYA,3/9/2009 00:00:00,2.09785,2.13341,2.09785,2.13341,41090
TYA,3/10/2009 00:00:00,2.24008,2.24008,2.24008,2.24008,43590
TYA,3/11/2009 00:00:00,2.34675,2.34675,2.34675,2.34675,31600
TYA,3/12/2009 00:00:00,2.3112,2.41787,2.24008,2.24008,64080
TYA,3/13/2009 00:00:00,2.3112,2.34675,2.20452,2.20452,32360
TYA,3/16/2009 00:00:00,2.27564,2.3112,2.20452,2.3112,23080
TYA,3/17/2009 00:00:00,2.41787,2.41787,2.41787,2.41787,52420
TYA,3/18/2009 00:00:00,2.52454,2.52454,2.52454,2.52454,22550
TYA,3/19/2009 00:00:00,2.63121,2.63121,2.48898,2.52454,115760
TYA,3/20/2009 00:00:00,2.41787,2.59565,2.41787,2.59565,49400
TYA,3/23/2009 00:00:00,2.48898,2.59565,2.48898,2.48898,51530
TYA,3/24/2009 00:00:00,2.59565,2.59565,2.52454,2.52454,37170
TYA,3/25/2009 00:00:00,2.45342,2.56009,2.45342,2.52454,51690
TYA,3/26/2009 00:00:00,2.56009,2.56009,2.48898,2.48898,44840
TYA,3/27/2009 00:00:00,2.48898,2.48898,2.45342,2.48898,50490
TYA,3/30/2009 00:00:00,2.48898,2.48898,2.41787,2.45342,24950
TYA,3/31/2009 00:00:00,2.38231,2.41787,2.38231,2.38231,20460
TYA,4/1/2009 00:00:00,2.48898,2.48898,2.45342,2.48898,32370
TYA,4/2/2009 00:00:00,2.56009,2.59565,2.52454,2.59565,70450
TYA,4/3/2009 00:00:00,2.70232,2.70232,2.59565,2.70232,96230
TYA,4/7/2009 00:00:00,2.80899,2.80899,2.70232,2.80899,45240
TYA,4/8/2009 00:00:00,2.70232,2.8801,2.70232,2.73788,61220
TYA,4/9/2009 00:00:00,2.80899,2.84455,2.77343,2.84455,56490
TYA,4/10/2009 00:00:00,2.98678,2.98678,2.98678,2.98678,60680
TYA,4/13/2009 00:00:00,3.129,3.129,3.129,3.129,7860
TYA,4/14/2009 00:00:00,3.27123,3.27123,3.20012,3.27123,99710
TYA,4/15/2009 00:00:00,3.16456,3.27123,3.129,3.16456,124100
TYA,4/16/2009 00:00:00,3.30679,3.30679,3.27123,3.30679,70540
TYA,4/17/2009 00:00:00,3.44901,3.44901,3.30679,3.44901,168460
TYA,4/20/2009 00:00:00,3.34234,3.41346,3.30679,3.30679,79060
TYA,4/21/2009 00:00:00,3.16456,3.16456,3.16456,3.16456,31690
TYA,4/22/2009 00:00:00,3.20012,3.20012,3.02233,3.20012,73000
TYA,4/23/2009 00:00:00,3.09345,3.30679,3.05789,3.05789,34780
TYA,4/24/2009 00:00:00,2.91566,3.02233,2.91566,3.02233,68850
TYA,4/27/2009 00:00:00,2.95122,3.129,2.8801,2.8801,9550
TYA,4/28/2009 00:00:00,2.73788,2.95122,2.73788,2.95122,16390
TYA,4/29/2009 00:00:00,2.95122,2.98678,2.95122,2.98678,11290
TYA,5/4/2009 00:00:00,3.129,3.129,3.129,3.129,33210
TYA,5/5/2009 00:00:00,3.27123,3.27123,3.16456,3.16456,57930
TYA,5/6/2009 00:00:00,3.02233,3.02233,3.02233,3.02233,35640
TYA,5/7/2009 00:00:00,3.16456,3.16456,3.09345,3.09345,66570
TYA,5/8/2009 00:00:00,2.95122,3.05789,2.95122,2.95122,47340
TYA,5/11/2009 00:00:00,2.98678,3.02233,2.98678,2.98678,58620
TYA,5/12/2009 00:00:00,2.91566,3.129,2.91566,3.129,63460
TYA,5/13/2009 00:00:00,3.23567,3.23567,3.129,3.129,74410
TYA,5/14/2009 00:00:00,3.23567,3.27123,3.16456,3.23567,90110
TYA,5/15/2009 00:00:00,3.34234,3.3779,3.27123,3.3779,125100
TYA,5/18/2009 00:00:00,3.3779,3.41346,3.30679,3.41346,69390
TYA,5/19/2009 00:00:00,3.52013,3.55568,3.48457,3.55568,162940
TYA,5/20/2009 00:00:00,3.73347,3.73347,3.6268,3.73347,85320
TYA,5/21/2009 00:00:00,3.91125,3.91125,3.91125,3.91125,44260
TYA,5/22/2009 00:00:00,4.08904,4.08904,3.73347,3.73347,176500
TYA,5/25/2009 00:00:00,3.84014,3.91125,3.73347,3.91125,164500
TYA,5/26/2009 00:00:00,4.01792,4.05348,3.91125,3.91125,130530
TYA,5/27/2009 00:00:00,3.76903,3.84014,3.73347,3.73347,112110
TYA,5/28/2009 00:00:00,3.55568,3.73347,3.55568,3.55568,73610
TYA,5/29/2009 00:00:00,3.66236,3.66236,3.44901,3.55568,52940
TYA,6/1/2009 00:00:00,3.55568,3.73347,3.55568,3.73347,129350
TYA,6/2/2009 00:00:00,3.91125,3.91125,3.91125,3.91125,189670
TYA,6/3/2009 00:00:00,4.01792,4.08904,3.91125,4.08904,223510
TYA,6/4/2009 00:00:00,4.26682,4.26682,4.26682,4.26682,17140
TYA,6/5/2009 00:00:00,4.48016,4.48016,4.48016,4.48016,36170
TYA,6/8/2009 00:00:00,4.6935,4.6935,4.6935,4.6935,32930
TYA,6/9/2009 00:00:00,4.90685,4.90685,4.6935,4.90685,400790
TYA,6/10/2009 00:00:00,4.90685,4.90685,4.6935,4.6935,216470
TYA,6/11/2009 00:00:00,4.65795,4.90685,4.65795,4.90685,115700
TYA,6/12/2009 00:00:00,5.04907,5.04907,4.80017,4.90685,303310
TYA,6/15/2009 00:00:00,4.6935,4.6935,4.6935,4.6935,80550
TYA,6/16/2009 00:00:00,4.48016,4.48016,4.48016,4.48016,107430
TYA,6/17/2009 00:00:00,4.26682,4.26682,4.26682,4.26682,61580
TYA,6/18/2009 00:00:00,4.40905,4.44461,4.19571,4.26682,97180
TYA,6/19/2009 00:00:00,4.40905,4.40905,4.19571,4.19571,44730
TYA,6/22/2009 00:00:00,4.01792,4.05348,4.01792,4.01792,64750
TYA,6/23/2009 00:00:00,3.84014,3.84014,3.84014,3.84014,16880
TYA,6/24/2009 00:00:00,3.66236,4.01792,3.66236,4.01792,124110
TYA,6/25/2009 00:00:00,3.91125,4.12459,3.84014,3.84014,47870
TYA,6/26/2009 00:00:00,3.91125,3.94681,3.66236,3.66236,41270
TYA,6/29/2009 00:00:00,3.69791,3.84014,3.69791,3.84014,50040
TYA,6/30/2009 00:00:00,4.01792,4.01792,3.84014,3.91125,50770
TYA,7/1/2009 00:00:00,3.73347,3.8757,3.73347,3.73347,42220
TYA,7/2/2009 00:00:00,3.73347,3.73347,3.6268,3.66236,20070
TYA,7/3/2009 00:00:00,3.69791,3.69791,3.6268,3.6268,32150
TYA,7/6/2009 00:00:00,3.80458,3.80458,3.80458,3.80458,19820
TYA,7/7/2009 00:00:00,3.98237,3.98237,3.84014,3.8757,113450
TYA,7/8/2009 00:00:00,3.76903,3.94681,3.76903,3.84014,20070
TYA,7/9/2009 00:00:00,3.76903,3.91125,3.76903,3.84014,36060
TYA,7/10/2009 00:00:00,3.80458,3.84014,3.73347,3.73347,32910
TYA,7/13/2009 00:00:00,3.73347,3.91125,3.73347,3.8757,41310
TYA,7/14/2009 00:00:00,3.91125,3.91125,3.69791,3.73347,33680
TYA,7/15/2009 00:00:00,3.73347,3.84014,3.73347,3.76903,18030
TYA,7/16/2009 00:00:00,3.91125,3.91125,3.76903,3.80458,20470
TYA,7/17/2009 00:00:00,3.69791,3.84014,3.69791,3.73347,12240
TYA,7/20/2009 00:00:00,3.6268,3.66236,3.55568,3.59124,27180
TYA,7/21/2009 00:00:00,3.69791,3.69791,3.66236,3.66236,6670
TYA,7/22/2009 00:00:00,3.66236,3.69791,3.6268,3.6268,16650
TYA,7/23/2009 00:00:00,3.66236,3.76903,3.66236,3.66236,18500
TYA,7/24/2009 00:00:00,3.84014,3.84014,3.84014,3.84014,37260
TYA,7/27/2009 00:00:00,3.98237,4.01792,3.84014,4.01792,101590
TYA,7/28/2009 00:00:00,4.01792,4.05348,3.84014,3.84014,54250
TYA,7/29/2009 00:00:00,3.69791,3.76903,3.66236,3.69791,114370
TYA,7/30/2009 00:00:00,3.69791,3.69791,3.6268,3.66236,25170
TYA,7/31/2009 00:00:00,3.76903,3.76903,3.66236,3.73347,31610
TYA,8/3/2009 00:00:00,3.69791,3.76903,3.6268,3.6268,25590
TYA,8/4/2009 00:00:00,3.59124,3.66236,3.59124,3.6268,62860
TYA,8/5/2009 00:00:00,3.6268,3.6268,3.55568,3.59124,50310
TYA,8/6/2009 00:00:00,3.73347,3.76903,3.69791,3.69791,48220
TYA,8/7/2009 00:00:00,3.6268,3.69791,3.59124,3.69791,33850
TYA,8/10/2009 00:00:00,3.76903,3.8757,3.69791,3.80458,90520
TYA,8/11/2009 00:00:00,3.80458,3.80458,3.76903,3.76903,44190
TYA,8/12/2009 00:00:00,3.76903,3.80458,3.66236,3.66236,57480
TYA,8/13/2009 00:00:00,3.66236,3.73347,3.66236,3.73347,52370
TYA,8/14/2009 00:00:00,3.66236,3.73347,3.66236,3.66236,25610
TYA,8/17/2009 00:00:00,3.66236,3.73347,3.66236,3.73347,37950
TYA,8/18/2009 00:00:00,3.6268,3.73347,3.6268,3.6268,37490
TYA,8/19/2009 00:00:00,3.73347,3.73347,3.6268,3.69791,31950
TYA,8/20/2009 00:00:00,3.73347,3.73347,3.6268,3.66236,45430
TYA,8/21/2009 00:00:00,3.76903,3.76903,3.69791,3.73347,97830
TYA,8/24/2009 00:00:00,3.73347,3.80458,3.73347,3.80458,89510
TYA,8/25/2009 00:00:00,3.80458,3.98237,3.76903,3.98237,128690
TYA,8/26/2009 00:00:00,4.16015,4.16015,4.16015,4.16015,95780
TYA,8/27/2009 00:00:00,4.19571,4.19571,3.98237,4.12459,153920
TYA,8/28/2009 00:00:00,4.08904,4.16015,4.05348,4.08904,102570
TYA,8/31/2009 00:00:00,4.26682,4.26682,4.16015,4.26682,178290
TYA,9/1/2009 00:00:00,4.05348,4.16015,4.05348,4.08904,119350
TYA,9/3/2009 00:00:00,4.01792,4.19571,4.01792,4.19571,100370
TYA,9/4/2009 00:00:00,4.33794,4.37349,4.26682,4.26682,282020
TYA,9/7/2009 00:00:00,4.16015,4.16015,4.05348,4.12459,59670
TYA,9/8/2009 00:00:00,4.19571,4.19571,4.12459,4.16015,43260
TYA,9/9/2009 00:00:00,4.26682,4.26682,4.12459,4.16015,44100
TYA,9/10/2009 00:00:00,4.12459,4.16015,4.08904,4.08904,62140
TYA,9/11/2009 00:00:00,4.08904,4.16015,4.05348,4.05348,33560
TYA,9/14/2009 00:00:00,4.16015,4.23127,4.08904,4.23127,155720
TYA,9/15/2009 00:00:00,4.26682,4.26682,4.08904,4.12459,57140
TYA,9/16/2009 00:00:00,4.12459,4.16015,4.08904,4.08904,65470
TYA,9/17/2009 00:00:00,4.08904,4.12459,3.94681,4.01792,51360
TYA,9/18/2009 00:00:00,4.01792,4.01792,3.91125,3.98237,61670
TYA,9/21/2009 00:00:00,3.98237,4.01792,3.91125,3.98237,56510
TYA,9/22/2009 00:00:00,3.91125,3.98237,3.8757,3.91125,71630
TYA,9/23/2009 00:00:00,3.91125,4.08904,3.91125,3.98237,74060
TYA,9/24/2009 00:00:00,3.91125,3.94681,3.8757,3.91125,32500
TYA,9/25/2009 00:00:00,3.84014,3.91125,3.84014,3.8757,36750
TYA,9/28/2009 00:00:00,3.8757,3.8757,3.76903,3.76903,31960
TYA,9/29/2009 00:00:00,3.69791,3.94681,3.69791,3.94681,75120
TYA,9/30/2009 00:00:00,3.91125,3.94681,3.80458,3.80458,31550
TYA,10/1/2009 00:00:00,3.80458,3.91125,3.76903,3.80458,23780
TYA,10/2/2009 00:00:00,3.73347,3.73347,3.66236,3.69791,48930
TYA,10/5/2009 00:00:00,3.73347,3.76903,3.6268,3.6268,44610
TYA,10/6/2009 00:00:00,3.69791,3.73347,3.66236,3.69791,22450
TYA,10/7/2009 00:00:00,3.80458,3.80458,3.73347,3.76903,13570
TYA,10/8/2009 00:00:00,3.80458,3.84014,3.73347,3.73347,29990
TYA,10/9/2009 00:00:00,3.73347,3.76903,3.69791,3.73347,44990
TYA,10/12/2009 00:00:00,3.80458,3.80458,3.69791,3.69791,48160
TYA,10/13/2009 00:00:00,3.8757,3.8757,3.8757,3.8757,101220
TYA,10/14/2009 00:00:00,4.05348,4.05348,4.05348,4.05348,99330
TYA,10/15/2009 00:00:00,4.23127,4.23127,4.23127,4.23127,83370
TYA,10/16/2009 00:00:00,4.40905,4.40905,4.19571,4.33794,280550
TYA,10/19/2009 00:00:00,4.12459,4.19571,4.12459,4.19571,121980
TYA,10/20/2009 00:00:00,4.26682,4.37349,4.19571,4.37349,288430
TYA,10/21/2009 00:00:00,4.51572,4.58683,4.44461,4.58683,194500
TYA,10/22/2009 00:00:00,4.80017,4.80017,4.80017,4.80017,88740
TYA,10/23/2009 00:00:00,5.01352,5.01352,4.83573,4.87129,561170
TYA,10/26/2009 00:00:00,4.65795,4.80017,4.65795,4.65795,51510
TYA,10/27/2009 00:00:00,4.44461,4.44461,4.44461,4.44461,12810
TYA,10/28/2009 00:00:00,4.23127,4.44461,4.23127,4.26682,128700
TYA,10/29/2009 00:00:00,4.05348,4.08904,4.05348,4.05348,140550
TYA,10/30/2009 00:00:00,4.23127,4.23127,4.19571,4.23127,101160
TYA,11/2/2009 00:00:00,4.12459,4.23127,4.05348,4.12459,68500
TYA,11/3/2009 00:00:00,4.26682,4.30238,4.12459,4.26682,73610
TYA,11/4/2009 00:00:00,4.26682,4.30238,4.05348,4.05348,84240
TYA,11/5/2009 00:00:00,4.23127,4.23127,4.19571,4.23127,61390
TYA,11/6/2009 00:00:00,4.26682,4.26682,4.12459,4.26682,81390
TYA,11/9/2009 00:00:00,4.08904,4.26682,4.05348,4.08904,11610
TYA,11/10/2009 00:00:00,3.98237,4.05348,3.91125,3.91125,56640
TYA,11/11/2009 00:00:00,3.91125,4.05348,3.91125,3.98237,25520
TYA,11/12/2009 00:00:00,3.94681,4.05348,3.94681,4.05348,10500
TYA,11/13/2009 00:00:00,3.94681,4.01792,3.8757,3.91125,73300
TYA,11/16/2009 00:00:00,3.8757,3.98237,3.8757,3.91125,21120
TYA,11/17/2009 00:00:00,3.91125,4.08904,3.91125,4.08904,85880
TYA,11/18/2009 00:00:00,4.26682,4.26682,4.19571,4.26682,204120
TYA,11/19/2009 00:00:00,4.16015,4.26682,4.16015,4.26682,95050
TYA,11/20/2009 00:00:00,4.12459,4.23127,4.05348,4.05348,53780
TYA,11/23/2009 00:00:00,4.08904,4.08904,3.8757,3.94681,42500
TYA,11/24/2009 00:00:00,4.01792,4.01792,3.8757,3.8757,59570
TYA,11/25/2009 00:00:00,3.80458,3.80458,3.69791,3.69791,54620
TYA,11/26/2009 00:00:00,3.55568,3.55568,3.52013,3.52013,28860
TYA,11/27/2009 00:00:00,3.3779,3.66236,3.3779,3.6268,96630
TYA,11/30/2009 00:00:00,3.66236,3.73347,3.59124,3.66236,80600
TYA,12/1/2009 00:00:00,3.6268,3.84014,3.6268,3.6268,43430
TYA,12/2/2009 00:00:00,3.55568,3.6268,3.44901,3.44901,48690
TYA,12/3/2009 00:00:00,3.44901,3.55568,3.44901,3.55568,27930
TYA,12/4/2009 00:00:00,3.66236,3.66236,3.41346,3.55568,24900
TYA,12/7/2009 00:00:00,3.52013,3.59124,3.52013,3.55568,8430
TYA,12/8/2009 00:00:00,3.52013,3.52013,3.3779,3.48457,24800
TYA,12/9/2009 00:00:00,3.41346,3.41346,3.34234,3.34234,36540
TYA,12/10/2009 00:00:00,3.27123,3.34234,3.20012,3.20012,43680
TYA,12/11/2009 00:00:00,3.05789,3.27123,3.05789,3.05789,27840
TYA,12/14/2009 00:00:00,2.98678,3.20012,2.98678,3.20012,14430
TYA,12/15/2009 00:00:00,3.20012,3.20012,3.09345,3.20012,5120
TYA,12/16/2009 00:00:00,3.09345,3.16456,3.05789,3.05789,12050
TYA,12/17/2009 00:00:00,2.91566,3.09345,2.91566,2.95122,8530
TYA,12/18/2009 00:00:00,3.09345,3.09345,3.05789,3.09345,10570
TYA,12/21/2009 00:00:00,3.20012,3.23567,3.20012,3.23567,34660
TYA,12/22/2009 00:00:00,3.16456,3.27123,3.16456,3.16456,19670
TYA,12/23/2009 00:00:00,3.20012,3.20012,3.05789,3.09345,19830
TYA,12/24/2009 00:00:00,3.05789,3.129,3.02233,3.129,19520
TYA,12/25/2009 00:00:00,3.16456,3.27123,3.16456,3.27123,29390
TYA,12/28/2009 00:00:00,3.27123,3.30679,3.129,3.16456,29680
TYA,12/29/2009 00:00:00,3.09345,3.23567,3.09345,3.23567,7950
TYA,12/30/2009 00:00:00,3.27123,3.27123,3.20012,3.20012,10440
TYA,12/31/2009 00:00:00,3.23567,3.34234,3.20012,3.20012,32340
TYA,1/4/2010 00:00:00,3.34234,3.34234,3.30679,3.34234,38210
TYA,1/5/2010 00:00:00,3.48457,3.48457,3.44901,3.48457,45210
TYA,1/6/2010 00:00:00,3.48457,3.55568,3.3779,3.3779,15640
TYA,1/7/2010 00:00:00,3.41346,3.44901,3.30679,3.3779,16720
TYA,1/8/2010 00:00:00,3.48457,3.48457,3.34234,3.34234,21030
TYA,1/11/2010 00:00:00,3.41346,3.41346,3.30679,3.30679,28280
TYA,1/12/2010 00:00:00,3.30679,3.34234,3.27123,3.27123,14450
TYA,1/13/2010 00:00:00,3.23567,3.30679,3.23567,3.27123,10860
TYA,1/14/2010 00:00:00,3.23567,3.41346,3.23567,3.27123,13140
TYA,1/15/2010 00:00:00,3.27123,3.27123,3.23567,3.23567,3540
TYA,1/18/2010 00:00:00,3.20012,3.20012,3.09345,3.09345,17270
TYA,1/19/2010 00:00:00,3.20012,3.23567,3.09345,3.20012,8100
TYA,1/20/2010 00:00:00,3.23567,3.23567,3.129,3.129,2350
TYA,1/21/2010 00:00:00,3.05789,3.16456,2.98678,3.09345,20140
TYA,1/22/2010 00:00:00,2.95122,3.09345,2.95122,2.98678,16020
TYA,1/25/2010 00:00:00,2.95122,3.129,2.8801,3.02233,17820
TYA,1/26/2010 00:00:00,3.02233,3.09345,3.02233,3.02233,28320
TYA,1/27/2010 00:00:00,3.02233,3.05789,2.95122,2.95122,14070
TYA,1/28/2010 00:00:00,3.05789,3.05789,3.02233,3.05789,11640
TYA,1/29/2010 00:00:00,2.95122,3.09345,2.95122,2.95122,15530
TYA,2/1/2010 00:00:00,3.02233,3.02233,2.95122,2.98678,5710
TYA,2/2/2010 00:00:00,2.98678,3.05789,2.95122,2.95122,12570
TYA,2/3/2010 00:00:00,2.95122,2.98678,2.95122,2.98678,4760
TYA,2/4/2010 00:00:00,2.98678,3.02233,2.91566,3.02233,10260
TYA,2/5/2010 00:00:00,3.02233,3.02233,2.91566,2.91566,21600
TYA,2/8/2010 00:00:00,2.91566,2.95122,2.91566,2.95122,5310
TYA,2/9/2010 00:00:00,2.91566,2.95122,2.91566,2.95122,7650
TYA,2/10/2010 00:00:00,3.02233,3.02233,2.95122,2.95122,4790
TYA,2/11/2010 00:00:00,2.95122,2.95122,2.95122,2.95122,2110
TYA,2/12/2010 00:00:00,3.02233,3.02233,2.98678,2.98678,2650
TYA,2/22/2010 00:00:00,2.98678,3.02233,2.95122,2.98678,7510
TYA,2/23/2010 00:00:00,2.98678,2.98678,2.91566,2.95122,3180
TYA,2/24/2010 00:00:00,2.95122,2.98678,2.84455,2.84455,4150
TYA,2/25/2010 00:00:00,2.91566,2.91566,2.84455,2.8801,11870
TYA,2/26/2010 00:00:00,2.8801,2.8801,2.77343,2.8801,9740
TYA,3/1/2010 00:00:00,3.02233,3.02233,2.91566,2.95122,8000
TYA,3/2/2010 00:00:00,2.95122,2.95122,2.80899,2.84455,72420
TYA,3/3/2010 00:00:00,2.84455,2.91566,2.84455,2.91566,7490
TYA,3/4/2010 00:00:00,2.91566,2.98678,2.8801,2.95122,26980
TYA,3/5/2010 00:00:00,2.95122,2.98678,2.95122,2.95122,8230
TYA,3/8/2010 00:00:00,2.98678,2.98678,2.95122,2.98678,39520
TYA,3/9/2010 00:00:00,2.95122,3.05789,2.91566,3.05789,47280
TYA,3/10/2010 00:00:00,3.05789,3.05789,2.95122,2.95122,13840
TYA,3/11/2010 00:00:00,2.91566,2.98678,2.91566,2.98678,35580
TYA,3/12/2010 00:00:00,3.02233,3.02233,2.95122,2.98678,52540
TYA,3/15/2010 00:00:00,3.05789,3.09345,3.05789,3.09345,82950
TYA,3/16/2010 00:00:00,3.09345,3.129,2.95122,2.95122,42580
TYA,3/17/2010 00:00:00,2.98678,2.98678,2.95122,2.95122,30720
TYA,3/18/2010 00:00:00,2.95122,2.98678,2.95122,2.95122,11030
TYA,3/19/2010 00:00:00,2.98678,2.98678,2.91566,2.91566,19330
TYA,3/22/2010 00:00:00,2.95122,2.98678,2.91566,2.98678,11870
TYA,3/23/2010 00:00:00,2.95122,2.98678,2.95122,2.95122,4050
TYA,3/24/2010 00:00:00,2.98678,2.98678,2.80899,2.80899,30230
TYA,3/25/2010 00:00:00,2.84455,2.91566,2.84455,2.91566,28340
TYA,3/26/2010 00:00:00,2.8801,2.8801,2.80899,2.8801,17590
TYA,3/29/2010 00:00:00,2.84455,2.8801,2.80899,2.80899,9910
TYA,3/30/2010 00:00:00,2.80899,2.84455,2.80899,2.80899,7730
TYA,3/31/2010 00:00:00,2.84455,2.91566,2.84455,2.84455,22700
TYA,4/1/2010 00:00:00,2.84455,2.91566,2.84455,2.84455,5890
TYA,4/2/2010 00:00:00,2.80899,2.91566,2.80899,2.91566,17560
TYA,4/5/2010 00:00:00,2.84455,2.95122,2.84455,2.95122,34560
TYA,4/6/2010 00:00:00,2.95122,2.98678,2.91566,2.95122,31670
TYA,4/7/2010 00:00:00,2.91566,2.95122,2.8801,2.95122,20550
TYA,4/8/2010 00:00:00,2.95122,2.95122,2.8801,2.91566,15990
TYA,4/9/2010 00:00:00,2.95122,2.95122,2.8801,2.8801,32370
TYA,4/12/2010 00:00:00,2.8801,2.8801,2.8801,2.8801,58550
TYA,4/13/2010 00:00:00,2.91566,2.91566,2.8801,2.8801,44140
TYA,4/14/2010 00:00:00,2.84455,2.95122,2.84455,2.91566,35630
TYA,4/15/2010 00:00:00,2.95122,3.05789,2.91566,3.05789,112660
TYA,4/16/2010 00:00:00,3.129,3.20012,3.05789,3.20012,142440
TYA,4/19/2010 00:00:00,3.34234,3.34234,3.23567,3.34234,138110
TYA,4/20/2010 00:00:00,3.48457,3.48457,3.20012,3.20012,76080
TYA,4/21/2010 00:00:00,3.34234,3.34234,3.20012,3.34234,162230
TYA,4/22/2010 00:00:00,3.3779,3.3779,3.20012,3.20012,77600
TYA,4/26/2010 00:00:00,3.09345,3.20012,3.05789,3.05789,90330
TYA,4/27/2010 00:00:00,3.05789,3.16456,3.05789,3.16456,12810
TYA,4/28/2010 00:00:00,3.129,3.129,3.05789,3.09345,40440
TYA,4/29/2010 00:00:00,3.09345,3.16456,3.05789,3.09345,75210
TYA,5/4/2010 00:00:00,3.09345,3.23567,3.09345,3.20012,111720
TYA,5/5/2010 00:00:00,3.16456,3.20012,3.09345,3.16456,64800
TYA,5/6/2010 00:00:00,3.20012,3.30679,3.20012,3.30679,123950
TYA,5/7/2010 00:00:00,3.44901,3.44901,3.23567,3.44901,267680
TYA,5/10/2010 00:00:00,3.48457,3.48457,3.30679,3.30679,97980
TYA,5/11/2010 00:00:00,3.3779,3.41346,3.34234,3.41346,83530
TYA,5/12/2010 00:00:00,3.30679,3.30679,3.27123,3.27123,54820
TYA,5/13/2010 00:00:00,3.27123,3.3779,3.20012,3.23567,42960
TYA,5/14/2010 00:00:00,3.16456,3.20012,3.09345,3.129,80500
TYA,5/17/2010 00:00:00,3.129,3.129,2.98678,2.98678,77300
TYA,5/18/2010 00:00:00,2.98678,3.09345,2.95122,3.09345,20650
TYA,5/19/2010 00:00:00,2.95122,3.02233,2.95122,2.95122,45380
TYA,5/20/2010 00:00:00,2.84455,3.02233,2.80899,2.91566,27820
TYA,5/21/2010 00:00:00,2.77343,2.84455,2.77343,2.77343,65410
TYA,5/24/2010 00:00:00,2.77343,2.8801,2.77343,2.84455,12990
TYA,5/25/2010 00:00:00,2.84455,2.8801,2.84455,2.84455,23730
TYA,5/26/2010 00:00:00,2.95122,2.98678,2.91566,2.98678,32220
TYA,5/27/2010 00:00:00,3.05789,3.129,3.02233,3.129,77490
TYA,5/28/2010 00:00:00,3.23567,3.23567,3.129,3.20012,31210
TYA,5/31/2010 00:00:00,3.129,3.129,3.05789,3.05789,20800
TYA,6/1/2010 00:00:00,2.98678,3.05789,2.98678,2.98678,17240
TYA,6/2/2010 00:00:00,2.91566,3.05789,2.91566,2.95122,22140
TYA,6/3/2010 00:00:00,2.98678,2.98678,2.95122,2.95122,24970
TYA,6/4/2010 00:00:00,3.05789,3.05789,2.95122,2.98678,16880
TYA,6/7/2010 00:00:00,2.8801,2.98678,2.84455,2.91566,14760
TYA,6/8/2010 00:00:00,2.8801,2.98678,2.8801,2.98678,26050
TYA,6/9/2010 00:00:00,2.95122,3.02233,2.91566,2.95122,29890
TYA,6/10/2010 00:00:00,2.98678,2.98678,2.8801,2.95122,2000
TYA,6/11/2010 00:00:00,2.98678,3.02233,2.91566,2.91566,22050
TYA,6/14/2010 00:00:00,2.91566,2.98678,2.91566,2.98678,17260
TYA,6/15/2010 00:00:00,2.91566,2.98678,2.91566,2.95122,8920
TYA,6/16/2010 00:00:00,2.98678,3.09345,2.95122,3.05789,59990
TYA,6/17/2010 00:00:00,3.05789,3.05789,2.98678,2.98678,5840
TYA,6/18/2010 00:00:00,2.98678,2.98678,2.98678,2.98678,9360
TYA,6/21/2010 00:00:00,2.95122,3.05789,2.91566,3.02233,57830
TYA,6/22/2010 00:00:00,3.02233,3.02233,2.95122,2.95122,27720
TYA,6/23/2010 00:00:00,2.91566,3.05789,2.91566,3.02233,11670
TYA,6/24/2010 00:00:00,3.02233,3.05789,2.95122,2.98678,14120
TYA,6/25/2010 00:00:00,2.91566,2.95122,2.91566,2.95122,9350
TYA,6/28/2010 00:00:00,2.95122,3.02233,2.91566,2.95122,33900
TYA,6/29/2010 00:00:00,3.05789,3.05789,2.98678,3.02233,27260
TYA,6/30/2010 00:00:00,2.95122,2.98678,2.91566,2.95122,10200
TYA,7/1/2010 00:00:00,2.95122,2.98678,2.95122,2.95122,9730
TYA,7/2/2010 00:00:00,3.02233,3.02233,2.95122,2.98678,17560
TYA,7/5/2010 00:00:00,2.98678,3.02233,2.95122,2.95122,14640
TYA,7/6/2010 00:00:00,2.95122,2.95122,2.8801,2.95122,36050
TYA,7/7/2010 00:00:00,2.98678,3.09345,2.95122,3.09345,167510
TYA,7/8/2010 00:00:00,3.23567,3.23567,3.23567,3.23567,59530
TYA,7/9/2010 00:00:00,3.3779,3.3779,3.129,3.129,240740
TYA,7/12/2010 00:00:00,3.27123,3.27123,3.23567,3.27123,113890
TYA,7/13/2010 00:00:00,3.41346,3.41346,3.20012,3.20012,116680
TYA,7/14/2010 00:00:00,3.27123,3.27123,3.16456,3.20012,40510
TYA,7/15/2010 00:00:00,3.16456,3.16456,3.09345,3.129,54680
TYA,7/16/2010 00:00:00,3.09345,3.23567,3.05789,3.20012,63200
TYA,7/19/2010 00:00:00,3.16456,3.20012,3.129,3.129,32880
TYA,7/20/2010 00:00:00,3.09345,3.16456,3.09345,3.129,25170
TYA,7/21/2010 00:00:00,3.20012,3.20012,3.129,3.20012,47130
TYA,7/22/2010 00:00:00,3.129,3.20012,3.129,3.129,29860
TYA,7/23/2010 00:00:00,3.16456,3.20012,3.05789,3.09345,38620
TYA,7/26/2010 00:00:00,3.05789,3.05789,2.95122,2.95122,59750
TYA,7/27/2010 00:00:00,2.95122,3.02233,2.95122,2.98678,18720
TYA,7/28/2010 00:00:00,2.98678,3.02233,2.95122,2.95122,27930
TYA,7/29/2010 00:00:00,2.91566,3.02233,2.91566,2.95122,22910
TYA,7/30/2010 00:00:00,2.91566,2.98678,2.91566,2.91566,19890
TYA,8/2/2010 00:00:00,2.91566,3.02233,2.91566,2.95122,9660
TYA,8/3/2010 00:00:00,2.95122,2.95122,2.8801,2.8801,35500
TYA,8/4/2010 00:00:00,2.84455,2.8801,2.84455,2.84455,16950
TYA,8/5/2010 00:00:00,2.91566,2.91566,2.77343,2.84455,41630
TYA,8/6/2010 00:00:00,2.84455,2.8801,2.80899,2.84455,19480
TYA,8/9/2010 00:00:00,2.84455,2.84455,2.73788,2.77343,34840
TYA,8/10/2010 00:00:00,2.77343,2.80899,2.77343,2.77343,56950
TYA,8/11/2010 00:00:00,2.70232,2.8801,2.70232,2.8801,43160
TYA,8/12/2010 00:00:00,2.77343,2.8801,2.73788,2.73788,28890
TYA,8/13/2010 00:00:00,2.77343,2.77343,2.70232,2.73788,5140
TYA,8/16/2010 00:00:00,2.73788,2.84455,2.73788,2.77343,40530
TYA,8/17/2010 00:00:00,2.73788,2.80899,2.66676,2.66676,19120
TYA,8/18/2010 00:00:00,2.77343,2.77343,2.73788,2.77343,8140
TYA,8/19/2010 00:00:00,2.77343,2.77343,2.66676,2.77343,5850
TYA,8/20/2010 00:00:00,2.70232,2.73788,2.66676,2.73788,28160
TYA,8/23/2010 00:00:00,2.66676,2.66676,2.63121,2.66676,25170
TYA,8/24/2010 00:00:00,2.63121,2.66676,2.56009,2.56009,30880
TYA,8/25/2010 00:00:00,2.59565,2.59565,2.45342,2.45342,26300
TYA,8/26/2010 00:00:00,2.56009,2.56009,2.38231,2.41787,16140
TYA,8/27/2010 00:00:00,2.34675,2.45342,2.3112,2.45342,10090
TYA,8/30/2010 00:00:00,2.56009,2.56009,2.56009,2.56009,19560
TYA,8/31/2010 00:00:00,2.56009,2.63121,2.56009,2.63121,15380
TYA,9/1/2010 00:00:00,2.63121,2.63121,2.52454,2.52454,37100
TYA,9/6/2010 00:00:00,2.52454,2.63121,2.52454,2.56009,26060
TYA,9/7/2010 00:00:00,2.48898,2.59565,2.48898,2.52454,16450
TYA,9/8/2010 00:00:00,2.52454,2.52454,2.48898,2.52454,13460
TYA,9/9/2010 00:00:00,2.52454,2.56009,2.52454,2.52454,11070
TYA,9/10/2010 00:00:00,2.52454,2.56009,2.48898,2.52454,16110
TYA,9/13/2010 00:00:00,2.45342,2.48898,2.41787,2.45342,11980
TYA,9/14/2010 00:00:00,2.41787,2.52454,2.41787,2.45342,4700
TYA,9/15/2010 00:00:00,2.48898,2.48898,2.45342,2.45342,2730
TYA,9/16/2010 00:00:00,2.48898,2.48898,2.45342,2.45342,5950
TYA,9/17/2010 00:00:00,2.48898,2.52454,2.41787,2.45342,31570
TYA,9/20/2010 00:00:00,2.45342,2.52454,2.45342,2.48898,5150
TYA,9/21/2010 00:00:00,2.45342,2.45342,2.41787,2.45342,15090
TYA,9/22/2010 00:00:00,2.45342,2.45342,2.41787,2.45342,5300
TYA,9/23/2010 00:00:00,2.41787,2.41787,2.38231,2.38231,5150
TYA,9/24/2010 00:00:00,2.38231,2.45342,2.38231,2.41787,350
TYA,9/27/2010 00:00:00,2.41787,2.45342,2.41787,2.41787,9220
TYA,9/28/2010 00:00:00,2.45342,2.45342,2.41787,2.41787,5920
TYA,9/29/2010 00:00:00,2.38231,2.41787,2.38231,2.38231,9850
TYA,9/30/2010 00:00:00,2.38231,2.38231,2.3112,2.3112,10320
TYA,10/1/2010 00:00:00,2.3112,2.34675,2.3112,2.34675,3410
TYA,10/4/2010 00:00:00,2.3112,2.3112,2.27564,2.27564,1530
TYA,10/5/2010 00:00:00,2.16897,2.3112,2.16897,2.3112,33560
TYA,10/6/2010 00:00:00,2.27564,2.34675,2.24008,2.34675,4690
TYA,10/7/2010 00:00:00,2.34675,2.34675,2.27564,2.3112,5930
TYA,10/8/2010 00:00:00,2.3112,2.3112,2.20452,2.20452,26600
TYA,10/11/2010 00:00:00,2.24008,2.24008,2.13341,2.20452,9730
TYA,10/12/2010 00:00:00,2.16897,2.20452,2.13341,2.20452,13070
TYA,10/13/2010 00:00:00,2.20452,2.24008,2.20452,2.20452,3080
TYA,10/14/2010 00:00:00,2.24008,2.24008,2.13341,2.24008,25020
TYA,10/15/2010 00:00:00,2.24008,2.27564,2.20452,2.27564,7270
TYA,10/18/2010 00:00:00,2.24008,2.24008,2.20452,2.24008,14650
TYA,10/19/2010 00:00:00,2.24008,2.24008,2.16897,2.24008,4520
TYA,10/20/2010 00:00:00,2.20452,2.20452,2.13341,2.13341,6460
TYA,10/21/2010 00:00:00,2.13341,2.24008,2.13341,2.24008,51560
TYA,10/22/2010 00:00:00,2.34675,2.34675,2.34675,2.34675,10200
TYA,10/25/2010 00:00:00,2.45342,2.45342,2.34675,2.45342,118410
TYA,10/26/2010 00:00:00,2.48898,2.52454,2.41787,2.45342,53080
TYA,10/27/2010 00:00:00,2.45342,2.45342,2.34675,2.34675,25530
TYA,10/28/2010 00:00:00,2.41787,2.41787,2.34675,2.38231,11700
TYA,10/29/2010 00:00:00,2.34675,2.34675,2.27564,2.34675,34370
TYA,11/1/2010 00:00:00,2.38231,2.38231,2.24008,2.34675,20580
TYA,11/2/2010 00:00:00,2.34675,2.34675,2.24008,2.24008,14240
TYA,11/3/2010 00:00:00,2.24008,2.24008,2.13341,2.13341,47650
TYA,11/4/2010 00:00:00,2.13341,2.20452,2.13341,2.20452,5170
TYA,11/5/2010 00:00:00,2.24008,2.27564,2.20452,2.20452,11500
TYA,11/8/2010 00:00:00,2.20452,2.24008,2.20452,2.20452,14590
TYA,11/9/2010 00:00:00,2.20452,2.24008,2.16897,2.16897,5820
TYA,11/10/2010 00:00:00,2.24008,2.24008,2.13341,2.20452,460
TYA,11/11/2010 00:00:00,2.20452,2.20452,2.09785,2.13341,19910
TYA,11/12/2010 00:00:00,2.0623,2.09785,2.02674,2.02674,38080
TYA,11/15/2010 00:00:00,2.09785,2.09785,1.95563,1.95563,13530
TYA,11/16/2010 00:00:00,1.99118,2.02674,1.88451,1.92007,11350
TYA,11/17/2010 00:00:00,1.95563,1.99118,1.95563,1.99118,16840
TYA,11/18/2010 00:00:00,1.99118,2.0623,1.99118,2.02674,26360
TYA,11/19/2010 00:00:00,2.0623,2.0623,1.95563,2.02674,7790
TYA,11/22/2010 00:00:00,2.02674,2.02674,1.95563,2.02674,7080
TYA,11/23/2010 00:00:00,1.99118,2.02674,1.95563,1.95563,13350
TYA,11/24/2010 00:00:00,1.99118,1.99118,1.92007,1.99118,9690
TYA,11/25/2010 00:00:00,2.02674,2.0623,1.99118,2.0623,36130
TYA,11/26/2010 00:00:00,2.02674,2.0623,2.02674,2.0623,12550
TYA,11/29/2010 00:00:00,2.0623,2.13341,2.0623,2.13341,30370
TYA,11/30/2010 00:00:00,2.16897,2.24008,2.16897,2.20452,18340
TYA,12/1/2010 00:00:00,2.13341,2.16897,2.13341,2.13341,34960
TYA,12/2/2010 00:00:00,2.09785,2.20452,2.09785,2.20452,18360
TYA,12/3/2010 00:00:00,2.24008,2.3112,2.24008,2.3112,40620
TYA,12/6/2010 00:00:00,2.38231,2.38231,2.24008,2.34675,33790
TYA,12/7/2010 00:00:00,2.24008,2.27564,2.24008,2.24008,41380
TYA,12/8/2010 00:00:00,2.16897,2.16897,2.13341,2.13341,14610
TYA,12/9/2010 00:00:00,2.16897,2.24008,2.13341,2.24008,3800
TYA,12/10/2010 00:00:00,2.24008,2.3112,2.20452,2.27564,9190
TYA,12/13/2010 00:00:00,2.34675,2.38231,2.34675,2.38231,26420
TYA,12/14/2010 00:00:00,2.27564,2.34675,2.27564,2.27564,20820
TYA,12/15/2010 00:00:00,2.34675,2.34675,2.20452,2.20452,27390
TYA,12/16/2010 00:00:00,2.20452,2.20452,2.13341,2.20452,22330
TYA,12/17/2010 00:00:00,2.13341,2.24008,2.13341,2.20452,15950
TYA,12/20/2010 00:00:00,2.24008,2.24008,2.13341,2.13341,11930
TYA,12/21/2010 00:00:00,2.13341,2.20452,2.09785,2.20452,30200
TYA,12/22/2010 00:00:00,2.13341,2.24008,2.13341,2.20452,9990
TYA,12/23/2010 00:00:00,2.13341,2.13341,2.09785,2.13341,13390
TYA,12/24/2010 00:00:00,2.13341,2.16897,2.13341,2.13341,4050
TYA,12/27/2010 00:00:00,2.0623,2.20452,2.0623,2.20452,1300
TYA,12/28/2010 00:00:00,2.20452,2.20452,2.13341,2.13341,3010
TYA,12/29/2010 00:00:00,2.20452,2.20452,2.13341,2.13341,3600
TYA,12/30/2010 00:00:00,2.16897,2.16897,2.13341,2.13341,3860
TYA,12/31/2010 00:00:00,2.09785,2.20452,2.09785,2.13341,9830
TYA,1/4/2011 00:00:00,2.13341,2.16897,2.13341,2.16897,1420
TYA,1/5/2011 00:00:00,2.16897,2.16897,2.13341,2.13341,7580
TYA,1/6/2011 00:00:00,2.13341,2.20452,2.13341,2.16897,1110
TYA,1/7/2011 00:00:00,2.13341,2.20452,2.13341,2.16897,2510
TYA,1/10/2011 00:00:00,2.09785,2.13341,2.09785,2.13341,1170
TYA,1/11/2011 00:00:00,2.09785,2.13341,2.0623,2.09785,10070
TYA,1/12/2011 00:00:00,2.13341,2.13341,2.09785,2.13341,1270
TYA,1/13/2011 00:00:00,2.13341,2.16897,2.09785,2.09785,5990
TYA,1/14/2011 00:00:00,2.09785,2.09785,2.09785,2.09785,1000
TYA,1/17/2011 00:00:00,2.13341,2.13341,2.13341,2.13341,12280
TYA,1/18/2011 00:00:00,2.13341,2.13341,2.09785,2.13341,12720
TYA,1/19/2011 00:00:00,2.13341,2.13341,2.09785,2.13341,10610
TYA,1/20/2011 00:00:00,2.09785,2.13341,2.0623,2.13341,2160
TYA,1/21/2011 00:00:00,2.13341,2.13341,2.09785,2.09785,7100
TYA,1/24/2011 00:00:00,2.13341,2.13341,2.02674,2.09785,2720
TYA,1/25/2011 00:00:00,2.09785,2.09785,2.0623,2.09785,3090
TYA,1/26/2011 00:00:00,2.09785,2.09785,2.09785,2.09785,1100
TYA,1/27/2011 00:00:00,2.13341,2.13341,2.09785,2.13341,670
TYA,1/28/2011 00:00:00,2.13341,2.20452,2.13341,2.20452,25800
TYA,2/8/2011 00:00:00,2.24008,2.24008,2.13341,2.20452,10440
TYA,2/9/2011 00:00:00,2.20452,2.20452,2.16897,2.16897,3290
TYA,2/10/2011 00:00:00,2.16897,2.20452,2.13341,2.16897,16660
TYA,2/11/2011 00:00:00,2.16897,2.16897,2.13341,2.13341,11820
TYA,2/14/2011 00:00:00,2.16897,2.16897,2.09785,2.09785,11250
TYA,2/15/2011 00:00:00,2.13341,2.13341,2.0623,2.0623,2190
TYA,2/16/2011 00:00:00,2.09785,2.09785,2.0623,2.0623,24910
TYA,2/17/2011 00:00:00,2.09785,2.09785,1.99118,2.02674,36230
TYA,2/18/2011 00:00:00,2.0623,2.0623,1.95563,1.95563,22950
TYA,2/21/2011 00:00:00,2.02674,2.02674,1.88451,1.88451,54830
TYA,2/22/2011 00:00:00,1.88451,1.92007,1.8134,1.88451,11480
TYA,2/23/2011 00:00:00,1.92007,1.92007,1.8134,1.84896,11910
TYA,2/24/2011 00:00:00,1.84896,1.88451,1.84896,1.84896,13400
TYA,2/25/2011 00:00:00,1.84896,1.88451,1.8134,1.8134,14360
TYA,2/28/2011 00:00:00,1.88451,1.88451,1.77784,1.8134,20590
TYA,3/1/2011 00:00:00,1.8134,1.8134,1.77784,1.8134,8080
TYA,3/2/2011 00:00:00,1.8134,1.8134,1.74229,1.77784,8620
TYA,3/3/2011 00:00:00,1.74229,1.74229,1.70673,1.70673,2610
TYA,3/4/2011 00:00:00,1.70673,1.77784,1.70673,1.77784,2030
TYA,3/7/2011 00:00:00,1.77784,1.77784,1.70673,1.74229,20020
TYA,3/8/2011 00:00:00,1.74229,1.74229,1.74229,1.74229,3000
TYA,3/9/2011 00:00:00,1.74229,1.74229,1.70673,1.74229,8340
TYA,3/10/2011 00:00:00,1.74229,1.77784,1.70673,1.77784,8530
TYA,3/11/2011 00:00:00,1.8134,1.8134,1.74229,1.77784,27030
TYA,3/14/2011 00:00:00,1.74229,1.8134,1.74229,1.77784,32800
TYA,3/15/2011 00:00:00,1.74229,1.74229,1.70673,1.74229,23890
TYA,3/16/2011 00:00:00,1.74229,1.74229,1.74229,1.74229,610
TYA,3/17/2011 00:00:00,1.77784,1.77784,1.70673,1.70673,5740
TYA,3/18/2011 00:00:00,1.74229,1.74229,1.74229,1.74229,1320
TYA,3/21/2011 00:00:00,1.74229,1.74229,1.74229,1.74229,5770
TYA,3/22/2011 00:00:00,1.74229,1.77784,1.70673,1.70673,3730
TYA,3/23/2011 00:00:00,1.74229,1.74229,1.70673,1.74229,2550
TYA,3/24/2011 00:00:00,1.74229,1.74229,1.70673,1.74229,11860
TYA,3/25/2011 00:00:00,1.74229,1.74229,1.70673,1.74229,31930
TYA,3/28/2011 00:00:00,1.74229,1.74229,1.74229,1.74229,28500
TYA,3/29/2011 00:00:00,1.70673,1.70673,1.70673,1.70673,4140
TYA,3/30/2011 00:00:00,1.70673,1.70673,1.67117,1.70673,22530
TYA,3/31/2011 00:00:00,1.70673,1.70673,1.67117,1.70673,2960
TYA,4/1/2011 00:00:00,1.67117,1.74229,1.67117,1.67117,2910
TYA,4/4/2011 00:00:00,1.67117,1.70673,1.60006,1.67117,2080
TYA,4/5/2011 00:00:00,1.63561,1.63561,1.63561,1.63561,7830
TYA,4/6/2011 00:00:00,1.63561,1.70673,1.60006,1.70673,14600
TYA,4/7/2011 00:00:00,1.63561,1.70673,1.63561,1.70673,530
TYA,4/8/2011 00:00:00,1.74229,1.74229,1.70673,1.70673,11160
TYA,4/13/2011 00:00:00,1.67117,1.70673,1.63561,1.67117,10920
TYA,4/14/2011 00:00:00,1.63561,1.70673,1.63561,1.67117,6450
TYA,4/15/2011 00:00:00,1.60006,1.67117,1.60006,1.63561,1550
TYA,4/18/2011 00:00:00,1.63561,1.63561,1.63561,1.63561,150
TYA,4/19/2011 00:00:00,1.5645,1.63561,1.5645,1.63561,1730
TYA,4/20/2011 00:00:00,1.60006,1.63561,1.60006,1.63561,20900
TYA,4/21/2011 00:00:00,1.60006,1.63561,1.5645,1.5645,3430
TYA,4/22/2011 00:00:00,1.5645,1.60006,1.5645,1.60006,2300
TYA,4/25/2011 00:00:00,1.5645,1.5645,1.52894,1.52894,10330
TYA,4/26/2011 00:00:00,1.52894,1.52894,1.45783,1.49339,9000
TYA,4/27/2011 00:00:00,1.42227,1.45783,1.42227,1.45783,8640
TYA,4/28/2011 00:00:00,1.38672,1.52894,1.38672,1.52894,13270
TYA,4/29/2011 00:00:00,1.5645,1.60006,1.5645,1.60006,15770
TYA,5/4/2011 00:00:00,1.63561,1.67117,1.63561,1.67117,22260
TYA,5/5/2011 00:00:00,1.67117,1.70673,1.60006,1.60006,10730
TYA,5/6/2011 00:00:00,1.5645,1.5645,1.52894,1.52894,10740
TYA,5/9/2011 00:00:00,1.52894,1.60006,1.49339,1.60006,19260
TYA,5/10/2011 00:00:00,1.63561,1.63561,1.52894,1.60006,1310
TYA,5/11/2011 00:00:00,1.52894,1.67117,1.52894,1.52894,7670
TYA,5/12/2011 00:00:00,1.52894,1.5645,1.52894,1.5645,1690
TYA,5/13/2011 00:00:00,1.5645,1.5645,1.49339,1.49339,5850
TYA,5/16/2011 00:00:00,1.49339,1.52894,1.45783,1.49339,3020
TYA,5/17/2011 00:00:00,1.45783,1.52894,1.45783,1.52894,670
TYA,5/18/2011 00:00:00,1.52894,1.52894,1.45783,1.52894,2050
TYA,5/19/2011 00:00:00,1.45783,1.52894,1.45783,1.45783,7970
TYA,5/20/2011 00:00:00,1.42227,1.49339,1.42227,1.49339,520
TYA,5/23/2011 00:00:00,1.49339,1.49339,1.42227,1.45783,3960
TYA,5/24/2011 00:00:00,1.38672,1.38672,1.38672,1.38672,9190
TYA,5/25/2011 00:00:00,1.38672,1.38672,1.35116,1.35116,12780
TYA,5/26/2011 00:00:00,1.3156,1.38672,1.3156,1.3156,11000
TYA,5/27/2011 00:00:00,1.3156,1.35116,1.3156,1.35116,13280
TYA,5/30/2011 00:00:00,1.38672,1.38672,1.35116,1.38672,380
TYA,5/31/2011 00:00:00,1.38672,1.42227,1.38672,1.38672,5680
TYA,6/1/2011 00:00:00,1.38672,1.42227,1.38672,1.42227,9380
TYA,6/2/2011 00:00:00,1.42227,1.49339,1.42227,1.49339,9590
TYA,6/3/2011 00:00:00,1.52894,1.52894,1.42227,1.49339,13930
TYA,6/6/2011 00:00:00,1.49339,1.49339,1.42227,1.45783,6300
TYA,6/7/2011 00:00:00,1.45783,1.49339,1.42227,1.42227,4670
TYA,6/8/2011 00:00:00,1.42227,1.42227,1.35116,1.42227,7040
TYA,6/9/2011 00:00:00,1.42227,1.49339,1.35116,1.35116,17960
TYA,6/10/2011 00:00:00,1.35116,1.38672,1.35116,1.38672,7160
TYA,6/13/2011 00:00:00,1.38672,1.42227,1.35116,1.42227,15600
TYA,6/14/2011 00:00:00,1.42227,1.49339,1.42227,1.45783,28920
TYA,6/15/2011 00:00:00,1.45783,1.45783,1.42227,1.42227,13070
TYA,6/16/2011 00:00:00,1.42227,1.42227,1.42227,1.42227,2940
TYA,6/17/2011 00:00:00,1.35116,1.45783,1.35116,1.42227,4830
TYA,6/20/2011 00:00:00,1.35116,1.42227,1.35116,1.35116,2230
TYA,6/21/2011 00:00:00,1.38672,1.38672,1.38672,1.38672,8510
TYA,6/22/2011 00:00:00,1.42227,1.42227,1.42227,1.42227,18940
TYA,6/23/2011 00:00:00,1.45783,1.49339,1.38672,1.45783,19580
TYA,6/24/2011 00:00:00,1.38672,1.45783,1.38672,1.45783,12140
TYA,6/27/2011 00:00:00,1.38672,1.45783,1.38672,1.45783,420
TYA,6/28/2011 00:00:00,1.38672,1.45783,1.38672,1.38672,1290
TYA,6/29/2011 00:00:00,1.42227,1.42227,1.42227,1.42227,10
TYA,6/30/2011 00:00:00,1.42227,1.45783,1.38672,1.45783,1030
TYA,7/1/2011 00:00:00,1.42227,1.42227,1.38672,1.42227,3670
TYA,7/4/2011 00:00:00,1.35116,1.38672,1.35116,1.38672,6110
TYA,7/5/2011 00:00:00,1.42227,1.42227,1.35116,1.38672,7010
TYA,7/6/2011 00:00:00,1.35116,1.42227,1.35116,1.42227,30
TYA,7/7/2011 00:00:00,1.38672,1.38672,1.38672,1.38672,210
TYA,7/8/2011 00:00:00,1.38672,1.38672,1.35116,1.38672,850
TYA,7/11/2011 00:00:00,1.35116,1.35116,1.35116,1.35116,9180
TYA,7/12/2011 00:00:00,1.35116,1.35116,1.3156,1.3156,1650
TYA,7/13/2011 00:00:00,1.28005,1.35116,1.28005,1.35116,2900
TYA,7/15/2011 00:00:00,1.3156,1.35116,1.3156,1.35116,1100
TYA,7/18/2011 00:00:00,1.3156,1.3156,1.3156,1.3156,1320
TYA,7/19/2011 00:00:00,1.28005,1.28005,1.28005,1.28005,2450
TYA,7/20/2011 00:00:00,1.24449,1.28005,1.24449,1.28005,11920
TYA,7/21/2011 00:00:00,1.24449,1.24449,1.24449,1.24449,1610
TYA,7/22/2011 00:00:00,1.20893,1.28005,1.20893,1.28005,14120
TYA,7/25/2011 00:00:00,1.3156,1.3156,1.3156,1.3156,1180
TYA,7/26/2011 00:00:00,1.35116,1.35116,1.35116,1.35116,7090
TYA,7/27/2011 00:00:00,1.38672,1.38672,1.38672,1.38672,5030
TYA,7/28/2011 00:00:00,1.42227,1.42227,1.42227,1.42227,1190
TYA,7/29/2011 00:00:00,1.49339,1.49339,1.49339,1.49339,76380
TYA,8/1/2011 00:00:00,1.49339,1.49339,1.42227,1.42227,12960
TYA,8/2/2011 00:00:00,1.42227,1.42227,1.35116,1.35116,5610
TYA,8/3/2011 00:00:00,1.35116,1.38672,1.3156,1.35116,1470
TYA,8/4/2011 00:00:00,1.35116,1.38672,1.3156,1.38672,10580
TYA,8/5/2011 00:00:00,1.38672,1.42227,1.35116,1.35116,7840
TYA,8/8/2011 00:00:00,1.3156,1.38672,1.3156,1.38672,5410
TYA,8/9/2011 00:00:00,1.38672,1.38672,1.35116,1.35116,960
TYA,8/10/2011 00:00:00,1.3156,1.35116,1.3156,1.3156,7260
TYA,8/11/2011 00:00:00,1.28005,1.35116,1.28005,1.3156,8150
TYA,8/12/2011 00:00:00,1.3156,1.3156,1.3156,1.3156,8660
TYA,8/15/2011 00:00:00,1.28005,1.3156,1.28005,1.3156,2010
TYA,8/16/2011 00:00:00,1.35116,1.35116,1.28005,1.28005,5410
TYA,8/17/2011 00:00:00,1.28005,1.3156,1.28005,1.3156,360
TYA,8/18/2011 00:00:00,1.3156,1.35116,1.3156,1.3156,12670
TYA,8/19/2011 00:00:00,1.28005,1.3156,1.28005,1.3156,9820
TYA,8/22/2011 00:00:00,1.3156,1.35116,1.28005,1.35116,19020
TYA,8/23/2011 00:00:00,1.35116,1.38672,1.3156,1.3156,9960
TYA,8/24/2011 00:00:00,1.3156,1.3156,1.28005,1.3156,7620
TYA,8/25/2011 00:00:00,1.3156,1.35116,1.28005,1.3156,1520
TYA,8/26/2011 00:00:00,1.3156,1.35116,1.28005,1.28005,13670
TYA,8/29/2011 00:00:00,1.3156,1.3156,1.3156,1.3156,4000
TYA,8/30/2011 00:00:00,1.35116,1.35116,1.3156,1.35116,5070
TYA,8/31/2011 00:00:00,1.35116,1.35116,1.3156,1.35116,4460
TYA,9/1/2011 00:00:00,1.35116,1.35116,1.3156,1.35116,6080
TYA,9/5/2011 00:00:00,1.3156,1.35116,1.3156,1.3156,10760
TYA,9/6/2011 00:00:00,1.3156,1.3156,1.28005,1.3156,13860
TYA,9/7/2011 00:00:00,1.35116,1.35116,1.3156,1.35116,4710
TYA,9/8/2011 00:00:00,1.35116,1.38672,1.35116,1.38672,30020
TYA,9/9/2011 00:00:00,1.42227,1.42227,1.42227,1.42227,44810
TYA,9/12/2011 00:00:00,1.49339,1.49339,1.49339,1.49339,27760
TYA,9/13/2011 00:00:00,1.5645,1.5645,1.5645,1.5645,14480
TYA,9/14/2011 00:00:00,1.63561,1.63561,1.60006,1.63561,133270
TYA,9/15/2011 00:00:00,1.63561,1.67117,1.5645,1.67117,84120
TYA,9/16/2011 00:00:00,1.67117,1.67117,1.60006,1.60006,66570
TYA,9/19/2011 00:00:00,1.52894,1.60006,1.52894,1.5645,21190
TYA,9/20/2011 00:00:00,1.52894,1.5645,1.49339,1.49339,54950
TYA,9/21/2011 00:00:00,1.49339,1.49339,1.45783,1.49339,17210
TYA,9/22/2011 00:00:00,1.49339,1.49339,1.42227,1.45783,43110
TYA,9/23/2011 00:00:00,1.45783,1.45783,1.42227,1.45783,18150
TYA,9/26/2011 00:00:00,1.42227,1.45783,1.38672,1.42227,20340
TYA,9/27/2011 00:00:00,1.38672,1.45783,1.38672,1.45783,26560
TYA,9/28/2011 00:00:00,1.52894,1.52894,1.45783,1.49339,10280
TYA,9/29/2011 00:00:00,1.49339,1.49339,1.42227,1.49339,2230
TYA,9/30/2011 00:00:00,1.45783,1.49339,1.42227,1.42227,9060
TYA,10/3/2011 00:00:00,1.42227,1.42227,1.35116,1.42227,3750
TYA,10/4/2011 00:00:00,1.42227,1.42227,1.42227,1.42227,7570
TYA,10/5/2011 00:00:00,1.38672,1.42227,1.38672,1.42227,53430
TYA,10/6/2011 00:00:00,1.42227,1.45783,1.42227,1.42227,4200
TYA,10/7/2011 00:00:00,1.45783,1.45783,1.42227,1.45783,7970
TYA,10/10/2011 00:00:00,1.42227,1.42227,1.42227,1.42227,10850
TYA,10/11/2011 00:00:00,1.42227,1.42227,1.38672,1.42227,13710
TYA,10/12/2011 00:00:00,1.38672,1.38672,1.35116,1.38672,19950
TYA,10/13/2011 00:00:00,1.38672,1.38672,1.35116,1.38672,12510
TYA,10/14/2011 00:00:00,1.38672,1.42227,1.38672,1.42227,20530
TYA,10/17/2011 00:00:00,1.35116,1.42227,1.35116,1.42227,29340
TYA,10/18/2011 00:00:00,1.42227,1.42227,1.38672,1.38672,35680
TYA,10/19/2011 00:00:00,1.42227,1.42227,1.35116,1.42227,1510
TYA,10/20/2011 00:00:00,1.35116,1.42227,1.35116,1.42227,5170
TYA,10/21/2011 00:00:00,1.42227,1.42227,1.42227,1.42227,1600
TYA,10/24/2011 00:00:00,1.42227,1.45783,1.38672,1.38672,14870
TYA,10/25/2011 00:00:00,1.38672,1.38672,1.38672,1.38672,3880
TYA,10/26/2011 00:00:00,1.38672,1.38672,1.38672,1.38672,4660
TYA,10/27/2011 00:00:00,1.38672,1.38672,1.35116,1.38672,32130
TYA,10/28/2011 00:00:00,1.42227,1.42227,1.38672,1.42227,8390
TYA,10/31/2011 00:00:00,1.42227,1.42227,1.38672,1.38672,8220
TYA,11/1/2011 00:00:00,1.38672,1.42227,1.35116,1.42227,32890
TYA,11/2/2011 00:00:00,1.35116,1.42227,1.35116,1.35116,1360
TYA,11/3/2011 00:00:00,1.38672,1.38672,1.35116,1.35116,2080
TYA,11/4/2011 00:00:00,1.38672,1.38672,1.3156,1.3156,3360
TYA,11/7/2011 00:00:00,1.35116,1.35116,1.35116,1.35116,2270
TYA,11/8/2011 00:00:00,1.35116,1.35116,1.3156,1.35116,3120
TYA,11/9/2011 00:00:00,1.3156,1.35116,1.3156,1.35116,1200
TYA,11/10/2011 00:00:00,1.35116,1.35116,1.3156,1.35116,6100
TYA,11/11/2011 00:00:00,1.3156,1.3156,1.3156,1.3156,3360
TYA,11/14/2011 00:00:00,1.28005,1.28005,1.28005,1.28005,2480
TYA,11/15/2011 00:00:00,1.28005,1.28005,1.24449,1.24449,5460
TYA,11/16/2011 00:00:00,1.24449,1.24449,1.20893,1.24449,30880
TYA,11/17/2011 00:00:00,1.20893,1.24449,1.20893,1.24449,1900
TYA,11/18/2011 00:00:00,1.20893,1.24449,1.20893,1.24449,2190
TYA,11/21/2011 00:00:00,1.24449,1.24449,1.20893,1.20893,5100
TYA,11/22/2011 00:00:00,1.20893,1.20893,1.20893,1.20893,1340
TYA,11/23/2011 00:00:00,1.20893,1.24449,1.17338,1.17338,4660
TYA,11/24/2011 00:00:00,1.17338,1.17338,1.17338,1.17338,4320
TYA,11/25/2011 00:00:00,1.17338,1.20893,1.13782,1.20893,7200
TYA,11/28/2011 00:00:00,1.20893,1.24449,1.17338,1.24449,460
TYA,11/29/2011 00:00:00,1.20893,1.20893,1.20893,1.20893,3700
TYA,11/30/2011 00:00:00,1.20893,1.20893,1.17338,1.17338,3960
TYA,12/1/2011 00:00:00,1.17338,1.20893,1.17338,1.20893,520
TYA,12/2/2011 00:00:00,1.17338,1.24449,1.17338,1.24449,7120
TYA,12/5/2011 00:00:00,1.20893,1.28005,1.20893,1.24449,25070
TYA,12/6/2011 00:00:00,1.28005,1.28005,1.20893,1.20893,5000
TYA,12/7/2011 00:00:00,1.20893,1.24449,1.17338,1.20893,3260
TYA,12/8/2011 00:00:00,1.20893,1.24449,1.20893,1.20893,4670
TYA,12/9/2011 00:00:00,1.20893,1.24449,1.20893,1.24449,7130
TYA,12/12/2011 00:00:00,1.24449,1.24449,1.20893,1.20893,4320
TYA,12/13/2011 00:00:00,1.17338,1.17338,1.17338,1.17338,17930
TYA,12/14/2011 00:00:00,1.13782,1.17338,1.13782,1.13782,12510
TYA,12/15/2011 00:00:00,1.13782,1.13782,1.10226,1.10226,7090
TYA,12/16/2011 00:00:00,1.13782,1.13782,1.13782,1.13782,110
TYA,12/19/2011 00:00:00,1.13782,1.13782,1.10226,1.10226,3030
TYA,12/20/2011 00:00:00,1.10226,1.10226,1.10226,1.10226,2200
TYA,12/21/2011 00:00:00,1.10226,1.10226,1.10226,1.10226,1520
TYA,12/22/2011 00:00:00,1.06671,1.06671,1.06671,1.06671,2750
TYA,12/23/2011 00:00:00,1.10226,1.10226,1.03115,1.03115,1900
TYA,12/26/2011 00:00:00,0.995592,1.06671,0.995592,1.06671,2160
TYA,12/27/2011 00:00:00,1.03115,1.03115,1.03115,1.03115,50
TYA,12/28/2011 00:00:00,1.03115,1.03115,0.995592,1.03115,1330
TYA,12/29/2011 00:00:00,0.995592,0.995592,0.995592,0.995592,3100
TYA,12/30/2011 00:00:00,0.960035,0.995592,0.960035,0.960035,4260
TYA,1/3/2012 00:00:00,0.924478,0.995592,0.924478,0.995592,920
TYA,1/4/2012 00:00:00,0.960035,1.03115,0.960035,1.03115,14930
TYA,1/5/2012 00:00:00,0.995592,1.06671,0.995592,1.06671,14670
TYA,1/6/2012 00:00:00,1.06671,1.06671,1.06671,1.06671,11530
TYA,1/9/2012 00:00:00,1.03115,1.10226,1.03115,1.06671,4190
TYA,1/10/2012 00:00:00,1.03115,1.10226,1.03115,1.03115,11080
TYA,1/11/2012 00:00:00,1.03115,1.03115,1.03115,1.03115,260
TYA,1/12/2012 00:00:00,1.06671,1.06671,1.06671,1.06671,2500
TYA,1/13/2012 00:00:00,1.06671,1.06671,1.06671,1.06671,4140
TYA,1/16/2012 00:00:00,1.06671,1.10226,1.06671,1.10226,880
TYA,1/17/2012 00:00:00,1.06671,1.06671,1.06671,1.06671,1560
TYA,1/18/2012 00:00:00,1.03115,1.06671,1.03115,1.06671,6800
TYA,1/19/2012 00:00:00,1.06671,1.10226,1.06671,1.10226,210
TYA,1/20/2012 00:00:00,1.10226,1.13782,1.06671,1.06671,6400
TYA,1/30/2012 00:00:00,1.10226,1.10226,1.06671,1.10226,5970
TYA,1/31/2012 00:00:00,1.13782,1.13782,1.13782,1.13782,7940
TYA,2/1/2012 00:00:00,1.17338,1.17338,1.13782,1.13782,8060
TYA,2/2/2012 00:00:00,1.13782,1.17338,1.13782,1.17338,300
TYA,2/3/2012 00:00:00,1.20893,1.20893,1.13782,1.17338,6240
TYA,2/6/2012 00:00:00,1.13782,1.13782,1.13782,1.13782,1740
TYA,2/7/2012 00:00:00,1.13782,1.13782,1.10226,1.13782,4470
TYA,2/8/2012 00:00:00,1.13782,1.17338,1.10226,1.17338,13630
TYA,2/9/2012 00:00:00,1.17338,1.20893,1.17338,1.20893,10490
TYA,2/10/2012 00:00:00,1.20893,1.20893,1.20893,1.20893,30
TYA,2/13/2012 00:00:00,1.24449,1.24449,1.17338,1.17338,14490
TYA,2/14/2012 00:00:00,1.20893,1.20893,1.13782,1.17338,13460
TYA,2/15/2012 00:00:00,1.17338,1.20893,1.13782,1.17338,19630
TYA,2/16/2012 00:00:00,1.20893,1.20893,1.13782,1.17338,3380
TYA,2/17/2012 00:00:00,1.20893,1.20893,1.13782,1.17338,1440
TYA,2/20/2012 00:00:00,1.20893,1.20893,1.13782,1.17338,4390
TYA,2/21/2012 00:00:00,1.20893,1.20893,1.17338,1.17338,28900
TYA,2/22/2012 00:00:00,1.17338,1.20893,1.13782,1.20893,12030
TYA,2/23/2012 00:00:00,1.17338,1.20893,1.17338,1.20893,10480
TYA,2/24/2012 00:00:00,1.17338,1.20893,1.17338,1.20893,17440
TYA,2/27/2012 00:00:00,1.20893,1.24449,1.20893,1.20893,59890
TYA,2/28/2012 00:00:00,1.20893,1.24449,1.17338,1.24449,80550
TYA,2/29/2012 00:00:00,1.24449,1.28005,1.24449,1.28005,47670
TYA,3/1/2012 00:00:00,1.3156,1.3156,1.24449,1.28005,107310
TYA,3/2/2012 00:00:00,1.3156,1.3156,1.3156,1.3156,35670
TYA,3/5/2012 00:00:00,1.3156,1.35116,1.3156,1.35116,3310
TYA,3/6/2012 00:00:00,1.38672,1.38672,1.3156,1.38672,66870
TYA,3/7/2012 00:00:00,1.42227,1.42227,1.35116,1.42227,43230
TYA,3/8/2012 00:00:00,1.35116,1.42227,1.35116,1.42227,33430
TYA,3/9/2012 00:00:00,1.35116,1.35116,1.35116,1.35116,30090
TYA,3/12/2012 00:00:00,1.35116,1.35116,1.3156,1.3156,15700
TYA,3/13/2012 00:00:00,1.3156,1.3156,1.28005,1.28005,7660
TYA,3/14/2012 00:00:00,1.3156,1.3156,1.24449,1.24449,10970
TYA,3/15/2012 00:00:00,1.20893,1.28005,1.20893,1.28005,15960
TYA,3/16/2012 00:00:00,1.3156,1.3156,1.28005,1.3156,3910
TYA,3/19/2012 00:00:00,1.35116,1.35116,1.28005,1.28005,16930
TYA,3/20/2012 00:00:00,1.3156,1.3156,1.24449,1.28005,65740
TYA,3/21/2012 00:00:00,1.24449,1.3156,1.24449,1.28005,22900
TYA,3/22/2012 00:00:00,1.3156,1.3156,1.28005,1.3156,31840
TYA,3/23/2012 00:00:00,1.3156,1.35116,1.28005,1.35116,26790
TYA,3/26/2012 00:00:00,1.3156,1.38672,1.3156,1.38672,44610
TYA,3/27/2012 00:00:00,1.42227,1.42227,1.42227,1.42227,81870
TYA,3/28/2012 00:00:00,1.42227,1.49339,1.38672,1.45783,40910
TYA,3/29/2012 00:00:00,1.49339,1.49339,1.42227,1.49339,16700
TYA,3/30/2012 00:00:00,1.49339,1.49339,1.42227,1.45783,7730
TYA,4/3/2012 00:00:00,1.42227,1.42227,1.38672,1.42227,42490
TYA,4/4/2012 00:00:00,1.35116,1.38672,1.35116,1.35116,35480
TYA,4/5/2012 00:00:00,1.35116,1.38672,1.35116,1.38672,13510
TYA,4/6/2012 00:00:00,1.38672,1.38672,1.35116,1.38672,22560
TYA,4/9/2012 00:00:00,1.38672,1.38672,1.35116,1.38672,4210
TYA,4/10/2012 00:00:00,1.38672,1.38672,1.35116,1.35116,29790
TYA,4/11/2012 00:00:00,1.35116,1.38672,1.3156,1.38672,4280
TYA,4/12/2012 00:00:00,1.38672,1.38672,1.35116,1.38672,29110
TYA,4/13/2012 00:00:00,1.35116,1.35116,1.35116,1.35116,43070
TYA,4/16/2012 00:00:00,1.38672,1.38672,1.3156,1.38672,13840
TYA,4/17/2012 00:00:00,1.42227,1.42227,1.38672,1.42227,30020
TYA,4/18/2012 00:00:00,1.49339,1.49339,1.49339,1.49339,77420
TYA,4/19/2012 00:00:00,1.5645,1.5645,1.45783,1.52894,84620
TYA,4/20/2012 00:00:00,1.5645,1.5645,1.49339,1.52894,12410
TYA,4/23/2012 00:00:00,1.60006,1.60006,1.52894,1.52894,26260
TYA,4/24/2012 00:00:00,1.49339,1.52894,1.49339,1.52894,33750
TYA,4/25/2012 00:00:00,1.5645,1.5645,1.49339,1.5645,28750
TYA,4/26/2012 00:00:00,1.60006,1.60006,1.52894,1.5645,13110
TYA,4/27/2012 00:00:00,1.60006,1.63561,1.5645,1.63561,66930
TYA,5/2/2012 00:00:00,1.70673,1.70673,1.67117,1.70673,196780
TYA,5/3/2012 00:00:00,1.77784,1.77784,1.74229,1.77784,133620
TYA,5/4/2012 00:00:00,1.84896,1.84896,1.84896,1.84896,59180
TYA,5/7/2012 00:00:00,1.92007,1.92007,1.92007,1.92007,52880
TYA,5/8/2012 00:00:00,1.99118,1.99118,1.99118,1.99118,5530
TYA,5/9/2012 00:00:00,2.0623,2.0623,2.0623,2.0623,48370
TYA,5/10/2012 00:00:00,2.13341,2.13341,2.13341,2.13341,3710
TYA,5/11/2012 00:00:00,2.24008,2.24008,2.16897,2.20452,162460
TYA,5/14/2012 00:00:00,2.20452,2.20452,2.09785,2.09785,115320
TYA,5/15/2012 00:00:00,2.09785,2.09785,2.02674,2.02674,32840
TYA,5/16/2012 00:00:00,1.95563,1.95563,1.95563,1.95563,37480
TYA,5/17/2012 00:00:00,1.92007,2.02674,1.92007,1.92007,42070
TYA,5/18/2012 00:00:00,1.84896,1.88451,1.84896,1.84896,34850
TYA,5/21/2012 00:00:00,1.84896,1.92007,1.77784,1.92007,37930
TYA,5/22/2012 00:00:00,1.99118,1.99118,1.84896,1.84896,19780
TYA,5/23/2012 00:00:00,1.88451,1.88451,1.77784,1.77784,32340
TYA,5/24/2012 00:00:00,1.70673,1.8134,1.70673,1.70673,31630
TYA,5/25/2012 00:00:00,1.70673,1.77784,1.67117,1.74229,83270
TYA,5/28/2012 00:00:00,1.8134,1.8134,1.67117,1.77784,43480
TYA,5/29/2012 00:00:00,1.8134,1.8134,1.70673,1.77784,12290
TYA,5/30/2012 00:00:00,1.77784,1.8134,1.74229,1.74229,19250
TYA,5/31/2012 00:00:00,1.70673,1.74229,1.67117,1.70673,11400
TYA,6/1/2012 00:00:00,1.74229,1.74229,1.63561,1.70673,5840
TYA,6/4/2012 00:00:00,1.63561,1.74229,1.63561,1.63561,7950
TYA,6/5/2012 00:00:00,1.5645,1.67117,1.5645,1.60006,12930
TYA,6/6/2012 00:00:00,1.5645,1.67117,1.5645,1.63561,28690
TYA,6/7/2012 00:00:00,1.63561,1.70673,1.63561,1.70673,16420
TYA,6/8/2012 00:00:00,1.70673,1.74229,1.67117,1.70673,24620
TYA,6/11/2012 00:00:00,1.70673,1.70673,1.63561,1.63561,33720
TYA,6/12/2012 00:00:00,1.63561,1.67117,1.5645,1.5645,112060
TYA,6/13/2012 00:00:00,1.5645,1.5645,1.52894,1.5645,18590
TYA,6/14/2012 00:00:00,1.52894,1.5645,1.52894,1.5645,7930
TYA,6/15/2012 00:00:00,1.5645,1.63561,1.5645,1.60006,18270
TYA,6/18/2012 00:00:00,1.60006,1.67117,1.60006,1.63561,69690
TYA,6/19/2012 00:00:00,1.67117,1.67117,1.5645,1.63561,10740
TYA,6/20/2012 00:00:00,1.63561,1.63561,1.63561,1.63561,1040
TYA,6/21/2012 00:00:00,1.5645,1.63561,1.5645,1.63561,3970
TYA,6/22/2012 00:00:00,1.5645,1.63561,1.5645,1.60006,20990
TYA,6/25/2012 00:00:00,1.52894,1.60006,1.52894,1.52894,19750
TYA,6/26/2012 00:00:00,1.49339,1.49339,1.45783,1.45783,81220
TYA,6/27/2012 00:00:00,1.42227,1.45783,1.38672,1.42227,36830
TYA,6/28/2012 00:00:00,1.38672,1.45783,1.35116,1.35116,38360
TYA,6/29/2012 00:00:00,1.35116,1.38672,1.35116,1.38672,17420
TYA,7/2/2012 00:00:00,1.38672,1.38672,1.35116,1.38672,38090
TYA,7/3/2012 00:00:00,1.35116,1.38672,1.35116,1.35116,15480
TYA,7/4/2012 00:00:00,1.38672,1.38672,1.38672,1.38672,55650
TYA,7/5/2012 00:00:00,1.38672,1.42227,1.38672,1.42227,14340
TYA,7/6/2012 00:00:00,1.42227,1.45783,1.42227,1.45783,22060
TYA,7/9/2012 00:00:00,1.38672,1.45783,1.38672,1.42227,3790
TYA,7/10/2012 00:00:00,1.42227,1.42227,1.38672,1.38672,11060
TYA,7/11/2012 00:00:00,1.38672,1.42227,1.38672,1.42227,13420
TYA,7/12/2012 00:00:00,1.45783,1.45783,1.38672,1.45783,9260
TYA,7/13/2012 00:00:00,1.49339,1.52894,1.45783,1.52894,23960
TYA,7/16/2012 00:00:00,1.60006,1.60006,1.49339,1.52894,18320
TYA,7/17/2012 00:00:00,1.52894,1.52894,1.49339,1.52894,19060
TYA,7/18/2012 00:00:00,1.5645,1.5645,1.52894,1.52894,6230
TYA,7/19/2012 00:00:00,1.49339,1.60006,1.49339,1.60006,18720
TYA,7/20/2012 00:00:00,1.63561,1.63561,1.60006,1.63561,28180
TYA,7/23/2012 00:00:00,1.63561,1.63561,1.5645,1.5645,6070
TYA,7/24/2012 00:00:00,1.49339,1.49339,1.49339,1.49339,16600
TYA,7/25/2012 00:00:00,1.42227,1.52894,1.42227,1.52894,19420
TYA,7/26/2012 00:00:00,1.45783,1.5645,1.45783,1.5645,23220
TYA,7/27/2012 00:00:00,1.49339,1.49339,1.49339,1.49339,350
TYA,7/30/2012 00:00:00,1.42227,1.45783,1.42227,1.42227,24640
TYA,7/31/2012 00:00:00,1.42227,1.49339,1.38672,1.42227,7180
TYA,8/1/2012 00:00:00,1.38672,1.49339,1.35116,1.49339,28140
TYA,8/2/2012 00:00:00,1.42227,1.45783,1.42227,1.42227,7760
TYA,8/3/2012 00:00:00,1.35116,1.42227,1.35116,1.38672,4900
TYA,8/6/2012 00:00:00,1.42227,1.42227,1.38672,1.42227,13460
TYA,8/7/2012 00:00:00,1.42227,1.45783,1.42227,1.45783,330
TYA,8/8/2012 00:00:00,1.42227,1.45783,1.42227,1.45783,9980
TYA,8/9/2012 00:00:00,1.45783,1.45783,1.42227,1.45783,10620
TYA,8/10/2012 00:00:00,1.42227,1.42227,1.38672,1.38672,11480
TYA,8/13/2012 00:00:00,1.38672,1.42227,1.35116,1.38672,12290
TYA,8/14/2012 00:00:00,1.38672,1.42227,1.38672,1.42227,15370
TYA,8/15/2012 00:00:00,1.42227,1.42227,1.38672,1.38672,7230
TYA,8/16/2012 00:00:00,1.42227,1.42227,1.42227,1.42227,6030
TYA,8/17/2012 00:00:00,1.38672,1.42227,1.38672,1.42227,3030
TYA,8/20/2012 00:00:00,1.42227,1.42227,1.38672,1.42227,9540
TYA,8/21/2012 00:00:00,1.35116,1.38672,1.35116,1.35116,35900
TYA,8/22/2012 00:00:00,1.3156,1.35116,1.3156,1.35116,5270
TYA,8/23/2012 00:00:00,1.3156,1.3156,1.3156,1.3156,8200
TYA,8/24/2012 00:00:00,1.28005,1.35116,1.28005,1.35116,13160
TYA,8/27/2012 00:00:00,1.35116,1.35116,1.3156,1.3156,2600
TYA,8/28/2012 00:00:00,1.28005,1.3156,1.28005,1.28005,16060
TYA,8/29/2012 00:00:00,1.28005,1.3156,1.28005,1.3156,7030
TYA,8/30/2012 00:00:00,1.28005,1.3156,1.28005,1.3156,8850
TYA,8/31/2012 00:00:00,1.28005,1.3156,1.28005,1.3156,3040
TYA,9/4/2012 00:00:00,1.3156,1.35116,1.3156,1.35116,22280
TYA,9/5/2012 00:00:00,1.3156,1.3156,1.3156,1.3156,5760
TYA,9/6/2012 00:00:00,1.28005,1.3156,1.28005,1.3156,17520
TYA,9/7/2012 00:00:00,1.3156,1.3156,1.3156,1.3156,1360
TYA,9/10/2012 00:00:00,1.28005,1.3156,1.28005,1.3156,13070
TYA,9/11/2012 00:00:00,1.28005,1.3156,1.28005,1.3156,4410
TYA,9/12/2012 00:00:00,1.28005,1.3156,1.28005,1.3156,2300
TYA,9/13/2012 00:00:00,1.28005,1.3156,1.28005,1.3156,6010
TYA,9/14/2012 00:00:00,1.28005,1.35116,1.28005,1.35116,2500
TYA,9/17/2012 00:00:00,1.3156,1.35116,1.3156,1.35116,510
TYA,9/18/2012 00:00:00,1.3156,1.35116,1.3156,1.35116,6180
TYA,9/19/2012 00:00:00,1.3156,1.3156,1.3156,1.3156,5000
TYA,9/20/2012 00:00:00,1.28005,1.28005,1.28005,1.28005,5590
TYA,9/21/2012 00:00:00,1.24449,1.28005,1.24449,1.28005,19800
TYA,9/24/2012 00:00:00,1.28005,1.28005,1.24449,1.24449,5320
TYA,9/25/2012 00:00:00,1.20893,1.20893,1.20893,1.20893,12610
TYA,9/26/2012 00:00:00,1.24449,1.24449,1.24449,1.24449,4070
TYA,9/27/2012 00:00:00,1.28005,1.28005,1.24449,1.28005,1020
TYA,9/28/2012 00:00:00,1.24449,1.28005,1.24449,1.24449,2230
TYA,10/1/2012 00:00:00,1.24449,1.24449,1.20893,1.24449,3560
TYA,10/2/2012 00:00:00,1.20893,1.20893,1.20893,1.20893,3490
TYA,10/3/2012 00:00:00,1.24449,1.24449,1.17338,1.24449,9980
TYA,10/4/2012 00:00:00,1.20893,1.20893,1.20893,1.20893,12290
TYA,10/5/2012 00:00:00,1.24449,1.24449,1.17338,1.17338,1940
TYA,10/8/2012 00:00:00,1.20893,1.20893,1.17338,1.20893,15350
TYA,10/9/2012 00:00:00,1.20893,1.24449,1.17338,1.17338,4820
TYA,10/10/2012 00:00:00,1.20893,1.20893,1.17338,1.20893,6250
TYA,10/11/2012 00:00:00,1.20893,1.20893,1.17338,1.20893,25160
TYA,10/12/2012 00:00:00,1.17338,1.20893,1.17338,1.20893,4260
TYA,10/15/2012 00:00:00,1.20893,1.20893,1.17338,1.17338,3500
TYA,10/16/2012 00:00:00,1.17338,1.20893,1.13782,1.20893,25160
TYA,10/17/2012 00:00:00,1.20893,1.24449,1.20893,1.24449,3490
TYA,10/18/2012 00:00:00,1.24449,1.24449,1.24449,1.24449,10
TYA,10/19/2012 00:00:00,1.20893,1.24449,1.20893,1.24449,5320
TYA,10/22/2012 00:00:00,1.20893,1.20893,1.20893,1.20893,1500
TYA,10/23/2012 00:00:00,1.17338,1.24449,1.17338,1.24449,80
TYA,10/24/2012 00:00:00,1.20893,1.20893,1.20893,1.20893,10
TYA,10/25/2012 00:00:00,1.17338,1.20893,1.17338,1.17338,6430
TYA,10/26/2012 00:00:00,1.13782,1.20893,1.13782,1.20893,2170
TYA,10/29/2012 00:00:00,1.17338,1.20893,1.17338,1.17338,3400
TYA,10/30/2012 00:00:00,1.13782,1.17338,1.13782,1.13782,1570
TYA,10/31/2012 00:00:00,1.10226,1.10226,1.10226,1.10226,2000
TYA,11/1/2012 00:00:00,1.13782,1.13782,1.13782,1.13782,110
TYA,11/2/2012 00:00:00,1.13782,1.13782,1.13782,1.13782,2050
TYA,11/5/2012 00:00:00,1.17338,1.17338,1.17338,1.17338,950
TYA,11/6/2012 00:00:00,1.13782,1.13782,1.13782,1.13782,1890
TYA,11/7/2012 00:00:00,1.13782,1.17338,1.13782,1.17338,1110
TYA,11/8/2012 00:00:00,1.13782,1.13782,1.13782,1.13782,3000
TYA,11/9/2012 00:00:00,1.10226,1.17338,1.10226,1.17338,850
TYA,11/12/2012 00:00:00,1.17338,1.17338,1.17338,1.17338,1320
TYA,11/13/2012 00:00:00,1.13782,1.17338,1.13782,1.17338,410
TYA,11/14/2012 00:00:00,1.17338,1.20893,1.17338,1.20893,4910
TYA,11/15/2012 00:00:00,1.20893,1.20893,1.20893,1.20893,600
TYA,11/16/2012 00:00:00,1.17338,1.20893,1.17338,1.20893,3990
TYA,11/19/2012 00:00:00,1.17338,1.20893,1.17338,1.20893,910
TYA,11/20/2012 00:00:00,1.24449,1.24449,1.20893,1.20893,130
TYA,11/21/2012 00:00:00,1.24449,1.24449,1.17338,1.17338,4140
TYA,11/22/2012 00:00:00,1.20893,1.20893,1.20893,1.20893,1400
TYA,11/23/2012 00:00:00,1.24449,1.24449,1.17338,1.20893,8370
TYA,11/26/2012 00:00:00,1.20893,1.20893,1.20893,1.20893,30
TYA,11/27/2012 00:00:00,1.20893,1.24449,1.17338,1.17338,46510
TYA,11/28/2012 00:00:00,1.20893,1.20893,1.20893,1.20893,60
TYA,11/29/2012 00:00:00,1.20893,1.24449,1.20893,1.20893,1650
TYA,11/30/2012 00:00:00,1.17338,1.24449,1.17338,1.20893,5190
TYA,12/4/2012 00:00:00,1.17338,1.24449,1.17338,1.20893,4110
TYA,12/5/2012 00:00:00,1.20893,1.24449,1.20893,1.24449,260
TYA,12/6/2012 00:00:00,1.24449,1.24449,1.24449,1.24449,100
TYA,12/7/2012 00:00:00,1.24449,1.24449,1.20893,1.24449,4340
TYA,12/10/2012 00:00:00,1.28005,1.28005,1.20893,1.28005,10040
TYA,12/11/2012 00:00:00,1.28005,1.28005,1.24449,1.24449,5650
TYA,12/12/2012 00:00:00,1.24449,1.24449,1.20893,1.20893,48230
TYA,12/13/2012 00:00:00,1.24449,1.24449,1.24449,1.24449,220
TYA,12/14/2012 00:00:00,1.24449,1.24449,1.24449,1.24449,500
TYA,12/17/2012 00:00:00,1.20893,1.24449,1.20893,1.24449,330
TYA,12/18/2012 00:00:00,1.20893,1.24449,1.20893,1.24449,6270
TYA,12/19/2012 00:00:00,1.24449,1.24449,1.24449,1.24449,4610
TYA,12/20/2012 00:00:00,1.24449,1.24449,1.24449,1.24449,20
TYA,12/24/2012 00:00:00,1.24449,1.24449,1.20893,1.24449,2240
TYA,12/25/2012 00:00:00,1.24449,1.24449,1.20893,1.24449,10590
TYA,12/26/2012 00:00:00,1.20893,1.24449,1.20893,1.24449,5650
TYA,12/27/2012 00:00:00,1.20893,1.28005,1.20893,1.28005,14260
TYA,12/28/2012 00:00:00,1.24449,1.28005,1.24449,1.28005,1870
TYA,1/2/2013 00:00:00,1.28005,1.3156,1.24449,1.3156,65070
TYA,1/3/2013 00:00:00,1.3156,1.3156,1.28005,1.28005,800
TYA,1/4/2013 00:00:00,1.24449,1.3156,1.24449,1.3156,17450
TYA,1/7/2013 00:00:00,1.28005,1.35116,1.28005,1.28005,22580
TYA,1/8/2013 00:00:00,1.28005,1.3156,1.28005,1.3156,28490
TYA,1/9/2013 00:00:00,1.28005,1.3156,1.28005,1.3156,14480
TYA,1/10/2013 00:00:00,1.28005,1.3156,1.28005,1.3156,7950
TYA,1/11/2013 00:00:00,1.28005,1.35116,1.28005,1.35116,3080
TYA,1/14/2013 00:00:00,1.3156,1.3156,1.3156,1.3156,2210
TYA,1/15/2013 00:00:00,1.24449,1.35116,1.24449,1.35116,1420
TYA,1/16/2013 00:00:00,1.3156,1.38672,1.3156,1.38672,18200
TYA,1/17/2013 00:00:00,1.38672,1.38672,1.35116,1.38672,7240
TYA,1/18/2013 00:00:00,1.35116,1.35116,1.3156,1.3156,260
TYA,1/21/2013 00:00:00,1.38672,1.38672,1.38672,1.38672,12230
TYA,1/22/2013 00:00:00,1.45783,1.45783,1.38672,1.45783,125340
TYA,1/23/2013 00:00:00,1.52894,1.52894,1.52894,1.52894,26070
TYA,1/24/2013 00:00:00,1.63561,1.63561,1.63561,1.63561,14330
TYA,1/25/2013 00:00:00,1.74229,1.74229,1.67117,1.74229,271200
TYA,1/28/2013 00:00:00,1.67117,1.77784,1.67117,1.74229,34280
TYA,1/29/2013 00:00:00,1.77784,1.77784,1.67117,1.67117,3780
TYA,1/30/2013 00:00:00,1.67117,1.70673,1.63561,1.63561,16560
TYA,1/31/2013 00:00:00,1.5645,1.67117,1.5645,1.63561,16840
TYA,2/1/2013 00:00:00,1.60006,1.60006,1.52894,1.52894,81910
TYA,2/4/2013 00:00:00,1.52894,1.63561,1.52894,1.52894,6570
TYA,2/5/2013 00:00:00,1.52894,1.60006,1.52894,1.60006,18480
TYA,2/6/2013 00:00:00,1.5645,1.60006,1.49339,1.60006,6870
TYA,2/7/2013 00:00:00,1.60006,1.60006,1.49339,1.5645,29160
TYA,2/8/2013 00:00:00,1.5645,1.63561,1.5645,1.63561,44960
TYA,2/18/2013 00:00:00,1.70673,1.70673,1.63561,1.63561,9160
TYA,2/19/2013 00:00:00,1.63561,1.67117,1.5645,1.63561,13220
TYA,2/20/2013 00:00:00,1.63561,1.67117,1.60006,1.67117,5860
TYA,2/21/2013 00:00:00,1.67117,1.70673,1.60006,1.60006,7900
TYA,2/22/2013 00:00:00,1.63561,1.63561,1.63561,1.63561,10
TYA,2/25/2013 00:00:00,1.63561,1.63561,1.60006,1.63561,240
TYA,2/26/2013 00:00:00,1.5645,1.60006,1.52894,1.60006,9010
TYA,2/27/2013 00:00:00,1.60006,1.67117,1.60006,1.63561,270
TYA,2/28/2013 00:00:00,1.63561,1.63561,1.5645,1.5645,590
TYA,3/1/2013 00:00:00,1.60006,1.63561,1.60006,1.60006,7660
TYA,3/4/2013 00:00:00,1.49339,1.60006,1.49339,1.60006,1140
TYA,3/5/2013 00:00:00,1.60006,1.60006,1.60006,1.60006,10
TYA,3/7/2013 00:00:00,1.5645,1.5645,1.52894,1.5645,8120
TYA,3/8/2013 00:00:00,1.49339,1.60006,1.49339,1.60006,210
TYA,3/11/2013 00:00:00,1.49339,1.60006,1.49339,1.60006,130
TYA,3/12/2013 00:00:00,1.60006,1.60006,1.49339,1.60006,530
TYA,3/13/2013 00:00:00,1.5645,1.60006,1.5645,1.5645,3160
TYA,3/14/2013 00:00:00,1.5645,1.5645,1.52894,1.52894,1500
TYA,3/15/2013 00:00:00,1.5645,1.5645,1.45783,1.52894,16200
TYA,3/18/2013 00:00:00,1.5645,1.5645,1.52894,1.52894,920
TYA,3/19/2013 00:00:00,1.52894,1.5645,1.52894,1.5645,1870
TYA,3/20/2013 00:00:00,1.5645,1.60006,1.52894,1.52894,5590
TYA,3/21/2013 00:00:00,1.60006,1.60006,1.52894,1.52894,2270
TYA,3/22/2013 00:00:00,1.52894,1.52894,1.49339,1.49339,7800
TYA,3/25/2013 00:00:00,1.49339,1.5645,1.42227,1.52894,28860
TYA,3/26/2013 00:00:00,1.52894,1.52894,1.49339,1.49339,5060
TYA,3/27/2013 00:00:00,1.52894,1.52894,1.45783,1.45783,5110
TYA,3/28/2013 00:00:00,1.52894,1.52894,1.45783,1.45783,2420
TYA,3/29/2013 00:00:00,1.49339,1.52894,1.42227,1.42227,78930
TYA,4/1/2013 00:00:00,1.49339,1.49339,1.45783,1.49339,17550
TYA,4/2/2013 00:00:00,1.52894,1.5645,1.52894,1.5645,8990
TYA,4/3/2013 00:00:00,1.5645,1.60006,1.49339,1.52894,13370
TYA,4/4/2013 00:00:00,1.52894,1.52894,1.45783,1.52894,6440
TYA,4/5/2013 00:00:00,1.49339,1.5645,1.49339,1.52894,7970
TYA,4/8/2013 00:00:00,1.52894,1.52894,1.49339,1.52894,3340
TYA,4/9/2013 00:00:00,1.49339,1.52894,1.45783,1.52894,6120
TYA,4/10/2013 00:00:00,1.49339,1.49339,1.49339,1.49339,1100
TYA,4/11/2013 00:00:00,1.49339,1.52894,1.49339,1.49339,4020
TYA,4/12/2013 00:00:00,1.49339,1.52894,1.49339,1.52894,30
TYA,4/15/2013 00:00:00,1.49339,1.49339,1.45783,1.49339,10340
TYA,4/16/2013 00:00:00,1.42227,1.52894,1.42227,1.49339,5130
TYA,4/17/2013 00:00:00,1.49339,1.52894,1.45783,1.49339,6100
TYA,4/18/2013 00:00:00,1.49339,1.49339,1.45783,1.49339,2120
TYA,4/22/2013 00:00:00,1.42227,1.45783,1.42227,1.45783,32600
TYA,4/23/2013 00:00:00,1.45783,1.49339,1.45783,1.49339,4170
TYA,4/24/2013 00:00:00,1.49339,1.5645,1.49339,1.5645,29820
TYA,4/25/2013 00:00:00,1.5645,1.60006,1.52894,1.52894,6880
TYA,4/26/2013 00:00:00,1.49339,1.60006,1.49339,1.5645,1590
TYA,5/2/2013 00:00:00,1.63561,1.63561,1.49339,1.5645,1020
TYA,5/3/2013 00:00:00,1.5645,1.5645,1.49339,1.5645,1000
TYA,5/6/2013 00:00:00,1.5645,1.63561,1.5645,1.63561,1000
TYA,5/8/2013 00:00:00,1.60006,1.60006,1.52894,1.5645,5880
TYA,5/9/2013 00:00:00,1.45783,1.5645,1.45783,1.5645,1910
TYA,5/10/2013 00:00:00,1.45783,1.5645,1.45783,1.5645,100
TYA,5/13/2013 00:00:00,1.45783,1.52894,1.45783,1.52894,5140
TYA,5/14/2013 00:00:00,1.49339,1.52894,1.42227,1.52894,2990
TYA,5/16/2013 00:00:00,1.42227,1.49339,1.42227,1.42227,5110
TYA,5/17/2013 00:00:00,1.42227,1.49339,1.42227,1.49339,430
TYA,5/20/2013 00:00:00,1.45783,1.5645,1.42227,1.5645,17390
TYA,5/21/2013 00:00:00,1.5645,1.5645,1.5645,1.5645,20
TYA,5/22/2013 00:00:00,1.45783,1.5645,1.45783,1.52894,6020
TYA,5/23/2013 00:00:00,1.52894,1.52894,1.49339,1.49339,500
TYA,5/24/2013 00:00:00,1.45783,1.52894,1.45783,1.52894,290
TYA,5/27/2013 00:00:00,1.49339,1.52894,1.45783,1.52894,4080
TYA,5/28/2013 00:00:00,1.52894,1.52894,1.49339,1.49339,3550
TYA,5/29/2013 00:00:00,1.42227,1.49339,1.42227,1.45783,13470
TYA,5/30/2013 00:00:00,1.45783,1.49339,1.45783,1.45783,5370
TYA,5/31/2013 00:00:00,1.52894,1.52894,1.45783,1.49339,7770
TYA,6/3/2013 00:00:00,1.52894,1.52894,1.45783,1.49339,5020
TYA,6/4/2013 00:00:00,1.52894,1.52894,1.49339,1.49339,1160
TYA,6/5/2013 00:00:00,1.49339,1.49339,1.45783,1.49339,3370
TYA,6/6/2013 00:00:00,1.49339,1.49339,1.49339,1.49339,10000
TYA,6/7/2013 00:00:00,1.49339,1.52894,1.45783,1.45783,4840
TYA,6/10/2013 00:00:00,1.49339,1.49339,1.42227,1.45783,12090
TYA,6/11/2013 00:00:00,1.42227,1.45783,1.42227,1.42227,10370
TYA,6/12/2013 00:00:00,1.42227,1.49339,1.38672,1.49339,17000
TYA,6/13/2013 00:00:00,1.45783,1.45783,1.45783,1.45783,2040
TYA,6/14/2013 00:00:00,1.42227,1.42227,1.42227,1.42227,28930
TYA,6/17/2013 00:00:00,1.42227,1.42227,1.38672,1.38672,550
TYA,6/18/2013 00:00:00,1.42227,1.42227,1.42227,1.42227,50
TYA,6/19/2013 00:00:00,1.45783,1.45783,1.38672,1.42227,2740
TYA,6/20/2013 00:00:00,1.42227,1.45783,1.38672,1.45783,3690
TYA,6/21/2013 00:00:00,1.42227,1.45783,1.42227,1.45783,410
TYA,6/24/2013 00:00:00,1.38672,1.42227,1.38672,1.42227,4350
TYA,6/25/2013 00:00:00,1.38672,1.42227,1.38672,1.42227,2610
TYA,6/26/2013 00:00:00,1.35116,1.42227,1.35116,1.42227,1720
TYA,6/27/2013 00:00:00,1.42227,1.42227,1.35116,1.35116,1060
TYA,6/28/2013 00:00:00,1.38672,1.38672,1.3156,1.3156,3350
TYA,7/1/2013 00:00:00,1.35116,1.38672,1.35116,1.38672,610
TYA,7/2/2013 00:00:00,1.35116,1.42227,1.35116,1.42227,4090
TYA,7/3/2013 00:00:00,1.38672,1.42227,1.38672,1.42227,3650
TYA,7/4/2013 00:00:00,1.42227,1.42227,1.35116,1.35116,1220
TYA,7/5/2013 00:00:00,1.42227,1.42227,1.38672,1.42227,370
TYA,7/8/2013 00:00:00,1.38672,1.42227,1.38672,1.42227,2160
TYA,7/9/2013 00:00:00,1.42227,1.42227,1.42227,1.42227,270
TYA,7/10/2013 00:00:00,1.42227,1.42227,1.38672,1.42227,3770
TYA,7/11/2013 00:00:00,1.42227,1.42227,1.38672,1.38672,1980
TYA,7/12/2013 00:00:00,1.42227,1.42227,1.38672,1.42227,1830
TYA,7/15/2013 00:00:00,1.38672,1.42227,1.38672,1.42227,1500
TYA,7/16/2013 00:00:00,1.38672,1.38672,1.38672,1.38672,200
TYA,7/17/2013 00:00:00,1.35116,1.38672,1.35116,1.38672,3980
TYA,7/18/2013 00:00:00,1.38672,1.42227,1.35116,1.42227,1100
TYA,7/19/2013 00:00:00,1.35116,1.38672,1.35116,1.38672,7780
TYA,7/22/2013 00:00:00,1.35116,1.38672,1.3156,1.38672,13870
TYA,7/23/2013 00:00:00,1.3156,1.35116,1.3156,1.35116,10080
TYA,7/24/2013 00:00:00,1.3156,1.38672,1.28005,1.38672,47540
TYA,7/25/2013 00:00:00,1.3156,1.38672,1.3156,1.38672,10210
TYA,7/26/2013 00:00:00,1.3156,1.3156,1.3156,1.3156,12760
TYA,7/29/2013 00:00:00,1.28005,1.3156,1.24449,1.3156,24630
TYA,7/30/2013 00:00:00,1.24449,1.28005,1.24449,1.28005,2950
TYA,7/31/2013 00:00:00,1.28005,1.28005,1.28005,1.28005,4190
TYA,8/1/2013 00:00:00,1.3156,1.3156,1.24449,1.28005,910
TYA,8/2/2013 00:00:00,1.24449,1.28005,1.20893,1.28005,4270
TYA,8/5/2013 00:00:00,1.3156,1.3156,1.3156,1.3156,20
TYA,8/6/2013 00:00:00,1.3156,1.3156,1.24449,1.28005,1660
TYA,8/7/2013 00:00:00,1.24449,1.24449,1.24449,1.24449,2490
TYA,8/8/2013 00:00:00,1.24449,1.24449,1.24449,1.24449,20
TYA,8/9/2013 00:00:00,1.24449,1.28005,1.24449,1.28005,1650
TYA,8/12/2013 00:00:00,1.3156,1.3156,1.24449,1.3156,5400
TYA,8/13/2013 00:00:00,1.28005,1.3156,1.28005,1.28005,21810
TYA,8/14/2013 00:00:00,1.3156,1.35116,1.28005,1.35116,950
TYA,8/15/2013 00:00:00,1.3156,1.35116,1.3156,1.35116,12350
TYA,8/16/2013 00:00:00,1.35116,1.38672,1.35116,1.35116,12130
TYA,8/19/2013 00:00:00,1.35116,1.38672,1.35116,1.38672,15100
TYA,8/20/2013 00:00:00,1.35116,1.38672,1.35116,1.38672,7010
TYA,8/21/2013 00:00:00,1.35116,1.35116,1.35116,1.35116,9900
TYA,8/22/2013 00:00:00,1.3156,1.3156,1.3156,1.3156,10
TYA,8/23/2013 00:00:00,1.38672,1.38672,1.35116,1.35116,5010
TYA,8/26/2013 00:00:00,1.35116,1.35116,1.3156,1.35116,13150
TYA,8/27/2013 00:00:00,1.35116,1.38672,1.35116,1.38672,7170
TYA,8/28/2013 00:00:00,1.35116,1.38672,1.3156,1.38672,5410
TYA,8/29/2013 00:00:00,1.35116,1.38672,1.3156,1.38672,2480
TYA,8/30/2013 00:00:00,1.35116,1.35116,1.35116,1.35116,220
TYA,9/3/2013 00:00:00,1.35116,1.38672,1.3156,1.38672,13060
TYA,9/4/2013 00:00:00,1.3156,1.38672,1.3156,1.38672,520
TYA,9/5/2013 00:00:00,1.38672,1.38672,1.38672,1.38672,70
TYA,9/6/2013 00:00:00,1.3156,1.38672,1.3156,1.38672,2940
TYA,9/10/2013 00:00:00,1.3156,1.38672,1.3156,1.38672,2710
TYA,9/12/2013 00:00:00,1.3156,1.3156,1.3156,1.3156,8800
TYA,9/13/2013 00:00:00,1.3156,1.35116,1.3156,1.35116,2650
TYA,9/16/2013 00:00:00,1.28005,1.35116,1.28005,1.35116,220
TYA,9/17/2013 00:00:00,1.35116,1.35116,1.35116,1.35116,10
TYA,9/18/2013 00:00:00,1.3156,1.35116,1.3156,1.35116,4080
TYA,9/19/2013 00:00:00,1.3156,1.35116,1.3156,1.35116,5680
TYA,9/20/2013 00:00:00,1.3156,1.35116,1.3156,1.35116,7750
TYA,9/23/2013 00:00:00,1.3156,1.3156,1.3156,1.3156,80
TYA,9/24/2013 00:00:00,1.3156,1.35116,1.3156,1.35116,30
TYA,9/25/2013 00:00:00,1.3156,1.35116,1.3156,1.35116,240
TYA,9/26/2013 00:00:00,1.35116,1.35116,1.3156,1.35116,4350
TYA,9/27/2013 00:00:00,1.35116,1.35116,1.35116,1.35116,2000
TYA,9/30/2013 00:00:00,1.38672,1.38672,1.35116,1.35116,3270
TYA,10/1/2013 00:00:00,1.38672,1.38672,1.35116,1.35116,7890
TYA,10/2/2013 00:00:00,1.42227,1.42227,1.35116,1.38672,12050
TYA,10/3/2013 00:00:00,1.42227,1.42227,1.35116,1.38672,4490
TYA,10/4/2013 00:00:00,1.35116,1.35116,1.3156,1.35116,7190
TYA,10/7/2013 00:00:00,1.3156,1.38672,1.3156,1.3156,1530
TYA,10/8/2013 00:00:00,1.3156,1.35116,1.24449,1.3156,35440
TYA,10/9/2013 00:00:00,1.3156,1.3156,1.3156,1.3156,1170
TYA,10/10/2013 00:00:00,1.3156,1.35116,1.3156,1.35116,50
TYA,10/11/2013 00:00:00,1.3156,1.35116,1.3156,1.35116,15360
TYA,10/14/2013 00:00:00,1.35116,1.35116,1.35116,1.35116,760
TYA,10/15/2013 00:00:00,1.38672,1.38672,1.35116,1.35116,6940
TYA,10/16/2013 00:00:00,1.35116,1.35116,1.3156,1.3156,3720
TYA,10/17/2013 00:00:00,1.35116,1.38672,1.3156,1.38672,15380
TYA,10/18/2013 00:00:00,1.35116,1.38672,1.3156,1.38672,5940
TYA,10/21/2013 00:00:00,1.38672,1.45783,1.38672,1.45783,22290
TYA,10/22/2013 00:00:00,1.42227,1.45783,1.42227,1.42227,20290
TYA,10/23/2013 00:00:00,1.38672,1.45783,1.38672,1.45783,1940
TYA,10/24/2013 00:00:00,1.45783,1.49339,1.42227,1.45783,5620
TYA,10/25/2013 00:00:00,1.45783,1.49339,1.45783,1.45783,2360
TYA,10/28/2013 00:00:00,1.42227,1.49339,1.42227,1.49339,1610
TYA,10/29/2013 00:00:00,1.49339,1.49339,1.45783,1.45783,160
TYA,10/30/2013 00:00:00,1.42227,1.49339,1.42227,1.45783,5740
TYA,10/31/2013 00:00:00,1.49339,1.49339,1.49339,1.49339,10
TYA,11/1/2013 00:00:00,1.45783,1.49339,1.42227,1.42227,5400
TYA,11/4/2013 00:00:00,1.45783,1.45783,1.38672,1.38672,9780
TYA,11/5/2013 00:00:00,1.38672,1.42227,1.38672,1.38672,2810
TYA,11/6/2013 00:00:00,1.42227,1.45783,1.42227,1.45783,33970
TYA,11/7/2013 00:00:00,1.45783,1.45783,1.45783,1.45783,15240
TYA,11/8/2013 00:00:00,1.49339,1.49339,1.45783,1.49339,23090
TYA,11/11/2013 00:00:00,1.49339,1.49339,1.45783,1.49339,24800
TYA,11/12/2013 00:00:00,1.49339,1.52894,1.49339,1.52894,28360
TYA,11/13/2013 00:00:00,1.52894,1.5645,1.52894,1.52894,110
TYA,11/14/2013 00:00:00,1.63561,1.63561,1.63561,1.63561,65570
TYA,11/15/2013 00:00:00,1.74229,1.74229,1.74229,1.74229,48400
TYA,11/18/2013 00:00:00,1.84896,1.84896,1.84896,1.84896,248060
TYA,11/19/2013 00:00:00,1.92007,1.95563,1.88451,1.95563,175660
TYA,11/20/2013 00:00:00,2.0623,2.0623,2.0623,2.0623,102350
TYA,11/21/2013 00:00:00,2.20452,2.20452,2.20452,2.20452,176160
TYA,11/22/2013 00:00:00,2.3112,2.3112,2.09785,2.13341,180900
TYA,11/25/2013 00:00:00,2.13341,2.27564,2.13341,2.27564,381240
TYA,11/26/2013 00:00:00,2.34675,2.34675,2.27564,2.3112,123350
TYA,11/27/2013 00:00:00,2.20452,2.27564,2.16897,2.16897,210180
TYA,11/28/2013 00:00:00,2.09785,2.13341,2.02674,2.0623,272140
TYA,11/29/2013 00:00:00,2.09785,2.16897,1.95563,2.0623,74210
TYA,12/2/2013 00:00:00,2.0623,2.09785,1.92007,2.02674,152640
TYA,12/3/2013 00:00:00,2.0623,2.13341,1.99118,2.13341,143170
TYA,12/4/2013 00:00:00,2.13341,2.24008,2.13341,2.24008,173970
TYA,12/5/2013 00:00:00,2.24008,2.24008,2.16897,2.16897,67040
TYA,12/6/2013 00:00:00,2.20452,2.27564,2.16897,2.27564,77310
TYA,12/9/2013 00:00:00,2.27564,2.27564,2.16897,2.24008,112870
TYA,12/10/2013 00:00:00,2.24008,2.3112,2.16897,2.3112,180740
TYA,12/11/2013 00:00:00,2.34675,2.45342,2.3112,2.45342,228850
TYA,12/12/2013 00:00:00,2.48898,2.59565,2.34675,2.56009,186380
TYA,12/13/2013 00:00:00,2.66676,2.73788,2.66676,2.73788,108190
TYA,12/16/2013 00:00:00,2.73788,2.91566,2.70232,2.91566,158800
TYA,12/17/2013 00:00:00,2.91566,2.98678,2.84455,2.84455,89210
TYA,12/18/2013 00:00:00,2.84455,2.8801,2.73788,2.84455,83630
TYA,12/19/2013 00:00:00,2.77343,2.84455,2.66676,2.77343,184180
TYA,12/20/2013 00:00:00,2.77343,2.77343,2.59565,2.66676,282780
TYA,12/23/2013 00:00:00,2.59565,2.84455,2.59565,2.84455,288920
TYA,12/24/2013 00:00:00,2.98678,3.02233,2.95122,3.02233,212860
TYA,12/25/2013 00:00:00,3.02233,3.02233,2.84455,2.84455,244500
TYA,12/26/2013 00:00:00,2.91566,2.91566,2.80899,2.80899,74470
TYA,12/27/2013 00:00:00,2.8801,2.91566,2.63121,2.63121,117220
TYA,12/30/2013 00:00:00,2.56009,2.63121,2.45342,2.45342,174800
TYA,12/31/2013 00:00:00,2.48898,2.59565,2.48898,2.59565,112990
TYA,1/2/2014 00:00:00,2.77343,2.77343,2.77343,2.77343,66710
TYA,1/3/2014 00:00:00,2.95122,2.95122,2.8801,2.95122,310020
TYA,1/6/2014 00:00:00,2.84455,3.09345,2.84455,2.98678,205870
TYA,1/7/2014 00:00:00,2.98678,2.98678,2.80899,2.80899,114060
TYA,1/8/2014 00:00:00,2.73788,2.8801,2.70232,2.70232,106780
TYA,1/9/2014 00:00:00,2.70232,2.80899,2.66676,2.77343,87600
TYA,1/10/2014 00:00:00,2.84455,2.95122,2.77343,2.77343,86900
TYA,1/13/2014 00:00:00,2.77343,2.84455,2.73788,2.84455,14830
TYA,1/14/2014 00:00:00,2.73788,2.80899,2.70232,2.70232,55160
TYA,1/15/2014 00:00:00,2.77343,2.8801,2.63121,2.8801,177890
TYA,1/16/2014 00:00:00,2.95122,2.95122,2.77343,2.77343,30860
TYA,1/17/2014 00:00:00,2.77343,2.91566,2.73788,2.8801,87720
TYA,1/20/2014 00:00:00,2.84455,2.84455,2.70232,2.70232,125580
TYA,1/21/2014 00:00:00,2.70232,2.84455,2.59565,2.77343,31320
TYA,1/22/2014 00:00:00,2.63121,2.70232,2.59565,2.59565,107770
TYA,1/23/2014 00:00:00,2.52454,2.66676,2.52454,2.59565,10600
TYA,1/24/2014 00:00:00,2.59565,2.73788,2.59565,2.70232,11750
TYA,1/27/2014 00:00:00,2.73788,2.73788,2.56009,2.70232,8380
TYA,2/6/2014 00:00:00,2.63121,2.77343,2.59565,2.59565,5270
TYA,2/7/2014 00:00:00,2.63121,2.66676,2.56009,2.56009,87720
TYA,2/10/2014 00:00:00,2.56009,2.66676,2.56009,2.59565,65190
TYA,2/11/2014 00:00:00,2.66676,2.66676,2.59565,2.59565,90670
TYA,2/12/2014 00:00:00,2.59565,2.66676,2.59565,2.59565,33930
TYA,2/13/2014 00:00:00,2.73788,2.77343,2.66676,2.73788,139990
TYA,2/14/2014 00:00:00,2.70232,2.73788,2.63121,2.70232,71300
TYA,2/17/2014 00:00:00,2.66676,2.70232,2.63121,2.66676,78370
TYA,2/18/2014 00:00:00,2.66676,2.70232,2.59565,2.66676,96230
TYA,2/19/2014 00:00:00,2.70232,2.84455,2.66676,2.84455,279450
TYA,2/20/2014 00:00:00,2.84455,2.84455,2.66676,2.66676,128570
TYA,2/21/2014 00:00:00,2.66676,2.77343,2.52454,2.63121,25160
TYA,2/24/2014 00:00:00,2.63121,2.63121,2.56009,2.56009,84280
TYA,2/25/2014 00:00:00,2.63121,2.66676,2.59565,2.59565,63370
TYA,2/26/2014 00:00:00,2.66676,2.66676,2.56009,2.59565,49730
TYA,2/27/2014 00:00:00,2.66676,2.66676,2.56009,2.59565,107020
TYA,2/28/2014 00:00:00,2.59565,2.63121,2.56009,2.59565,33530
TYA,3/3/2014 00:00:00,2.56009,2.56009,2.45342,2.48898,155630
TYA,3/4/2014 00:00:00,2.45342,2.52454,2.45342,2.52454,45110
TYA,3/5/2014 00:00:00,2.52454,2.59565,2.52454,2.59565,58490
TYA,3/6/2014 00:00:00,2.59565,2.63121,2.52454,2.59565,66780
TYA,3/7/2014 00:00:00,2.56009,2.63121,2.56009,2.56009,29180
TYA,3/10/2014 00:00:00,2.59565,2.70232,2.56009,2.66676,155020
TYA,3/11/2014 00:00:00,2.73788,2.84455,2.73788,2.84455,468680
TYA,3/12/2014 00:00:00,2.98678,3.02233,2.8801,2.95122,191700
TYA,3/13/2014 00:00:00,2.8801,2.91566,2.77343,2.80899,130370
TYA,3/14/2014 00:00:00,2.80899,2.8801,2.70232,2.77343,147490
TYA,3/17/2014 00:00:00,2.77343,2.84455,2.73788,2.77343,145040
TYA,3/18/2014 00:00:00,2.77343,2.95122,2.77343,2.95122,279320
TYA,3/19/2014 00:00:00,3.129,3.129,3.129,3.129,88850
TYA,3/20/2014 00:00:00,3.34234,3.34234,3.16456,3.27123,505970
TYA,3/21/2014 00:00:00,3.129,3.30679,3.129,3.27123,182610
TYA,3/24/2014 00:00:00,3.27123,3.30679,3.20012,3.27123,227960
TYA,3/25/2014 00:00:00,3.20012,3.27123,3.20012,3.23567,163720
TYA,3/26/2014 00:00:00,3.16456,3.23567,3.02233,3.02233,162040
TYA,3/27/2014 00:00:00,2.95122,2.98678,2.8801,2.98678,55070
TYA,3/28/2014 00:00:00,2.98678,3.02233,2.8801,2.91566,44770
TYA,3/31/2014 00:00:00,3.02233,3.02233,2.84455,2.91566,36510
TYA,4/1/2014 00:00:00,2.91566,3.02233,2.77343,2.77343,16880
TYA,4/2/2014 00:00:00,2.84455,2.84455,2.63121,2.77343,45720
TYA,4/3/2014 00:00:00,2.77343,2.8801,2.77343,2.8801,49130
TYA,4/4/2014 00:00:00,2.95122,2.95122,2.77343,2.8801,69170
TYA,4/7/2014 00:00:00,2.8801,2.8801,2.77343,2.84455,15140
TYA,4/8/2014 00:00:00,2.8801,2.8801,2.77343,2.84455,73650
TYA,4/10/2014 00:00:00,2.8801,2.95122,2.80899,2.91566,39630
TYA,4/11/2014 00:00:00,2.84455,2.95122,2.80899,2.91566,24110
TYA,4/14/2014 00:00:00,2.95122,2.95122,2.77343,2.77343,84560
TYA,4/15/2014 00:00:00,2.84455,2.95122,2.77343,2.91566,115350
TYA,4/16/2014 00:00:00,2.95122,2.95122,2.73788,2.84455,74800
TYA,4/17/2014 00:00:00,2.84455,2.8801,2.77343,2.80899,54550
TYA,4/18/2014 00:00:00,2.70232,2.77343,2.63121,2.66676,74430
TYA,4/21/2014 00:00:00,2.56009,2.66676,2.48898,2.63121,25000
TYA,4/22/2014 00:00:00,2.63121,2.70232,2.48898,2.70232,27560
TYA,4/23/2014 00:00:00,2.70232,2.70232,2.56009,2.56009,14770
TYA,4/24/2014 00:00:00,2.56009,2.63121,2.56009,2.63121,7890
TYA,4/25/2014 00:00:00,2.66676,2.66676,2.56009,2.63121,14660
TYA,4/28/2014 00:00:00,2.56009,2.70232,2.56009,2.56009,6650
TYA,4/29/2014 00:00:00,2.66676,2.66676,2.56009,2.63121,6160
TYA,5/5/2014 00:00:00,2.56009,2.56009,2.52454,2.52454,30030
TYA,5/6/2014 00:00:00,2.52454,2.56009,2.45342,2.56009,13780
TYA,5/7/2014 00:00:00,2.48898,2.56009,2.48898,2.56009,12710
TYA,5/8/2014 00:00:00,2.56009,2.56009,2.38231,2.38231,5870
TYA,5/9/2014 00:00:00,2.45342,2.45342,2.24008,2.45342,22300
TYA,5/12/2014 00:00:00,2.3112,2.38231,2.3112,2.3112,34750
TYA,5/13/2014 00:00:00,2.3112,2.38231,2.20452,2.20452,3640
TYA,5/14/2014 00:00:00,2.16897,2.3112,2.0623,2.3112,36250
TYA,5/15/2014 00:00:00,2.38231,2.38231,2.27564,2.38231,4970
TYA,5/16/2014 00:00:00,2.27564,2.48898,2.24008,2.48898,17400
TYA,5/19/2014 00:00:00,2.38231,2.48898,2.34675,2.45342,26660
TYA,5/20/2014 00:00:00,2.41787,2.45342,2.3112,2.45342,23380
TYA,5/21/2014 00:00:00,2.41787,2.48898,2.41787,2.48898,17670
TYA,5/22/2014 00:00:00,2.45342,2.45342,2.45342,2.45342,10660
TYA,5/23/2014 00:00:00,2.41787,2.41787,2.3112,2.38231,31210
TYA,5/26/2014 00:00:00,2.38231,2.41787,2.24008,2.38231,5820
TYA,5/27/2014 00:00:00,2.38231,2.45342,2.3112,2.45342,8280
TYA,5/28/2014 00:00:00,2.38231,2.45342,2.38231,2.45342,15830
TYA,5/29/2014 00:00:00,2.38231,2.45342,2.38231,2.38231,7150
TYA,5/30/2014 00:00:00,2.41787,2.45342,2.41787,2.45342,500
TYA,6/2/2014 00:00:00,2.34675,2.45342,2.3112,2.45342,17030
TYA,6/3/2014 00:00:00,2.34675,2.41787,2.34675,2.41787,4460
TYA,6/4/2014 00:00:00,2.34675,2.41787,2.27564,2.41787,30100
TYA,6/5/2014 00:00:00,2.41787,2.41787,2.34675,2.41787,3880
TYA,6/6/2014 00:00:00,2.3112,2.38231,2.3112,2.38231,1230
TYA,6/9/2014 00:00:00,2.38231,2.52454,2.38231,2.48898,19070
TYA,6/10/2014 00:00:00,2.41787,2.41787,2.34675,2.34675,39430
TYA,6/11/2014 00:00:00,2.45342,2.45342,2.3112,2.41787,71530
TYA,6/12/2014 00:00:00,2.45342,2.45342,2.41787,2.41787,12920
TYA,6/13/2014 00:00:00,2.41787,2.45342,2.38231,2.41787,2860
TYA,6/16/2014 00:00:00,2.48898,2.48898,2.34675,2.41787,36290
TYA,6/17/2014 00:00:00,2.3112,2.41787,2.3112,2.41787,19710
TYA,6/18/2014 00:00:00,2.41787,2.41787,2.38231,2.38231,6840
TYA,6/19/2014 00:00:00,2.3112,2.38231,2.27564,2.38231,39870
TYA,6/20/2014 00:00:00,2.38231,2.38231,2.34675,2.38231,5600
TYA,6/23/2014 00:00:00,2.3112,2.38231,2.3112,2.34675,1870
TYA,6/24/2014 00:00:00,2.34675,2.34675,2.27564,2.3112,18030
TYA,6/25/2014 00:00:00,2.38231,2.38231,2.3112,2.38231,1200
TYA,6/26/2014 00:00:00,2.3112,2.38231,2.27564,2.34675,21570
TYA,6/27/2014 00:00:00,2.3112,2.34675,2.3112,2.3112,27990
TYA,6/30/2014 00:00:00,2.34675,2.34675,2.34675,2.34675,1890
TYA,7/1/2014 00:00:00,2.38231,2.38231,2.3112,2.3112,27170
TYA,7/2/2014 00:00:00,2.34675,2.45342,2.34675,2.45342,18380
TYA,7/3/2014 00:00:00,2.48898,2.56009,2.45342,2.45342,29610
TYA,7/4/2014 00:00:00,2.48898,2.52454,2.45342,2.52454,48900
TYA,7/7/2014 00:00:00,2.56009,2.59565,2.48898,2.48898,14300
TYA,7/8/2014 00:00:00,2.52454,2.52454,2.45342,2.48898,11310
TYA,7/9/2014 00:00:00,2.52454,2.52454,2.45342,2.48898,14020
TYA,7/10/2014 00:00:00,2.45342,2.48898,2.41787,2.48898,12570
TYA,7/11/2014 00:00:00,2.48898,2.48898,2.38231,2.48898,3800
TYA,7/14/2014 00:00:00,2.41787,2.48898,2.41787,2.48898,15010
TYA,7/15/2014 00:00:00,2.48898,2.52454,2.48898,2.52454,20440
TYA,7/16/2014 00:00:00,2.52454,2.56009,2.45342,2.52454,28880
TYA,7/17/2014 00:00:00,2.52454,2.52454,2.48898,2.48898,1110
TYA,7/18/2014 00:00:00,2.63121,2.63121,2.63121,2.63121,31180
TYA,7/21/2014 00:00:00,2.80899,2.80899,2.80899,2.80899,131290
TYA,7/22/2014 00:00:00,2.80899,2.84455,2.77343,2.84455,134770
TYA,7/23/2014 00:00:00,2.77343,2.84455,2.77343,2.84455,78310
TYA,7/24/2014 00:00:00,2.80899,2.80899,2.73788,2.80899,27490
TYA,7/25/2014 00:00:00,2.73788,2.80899,2.66676,2.70232,15820
TYA,7/28/2014 00:00:00,2.63121,2.77343,2.52454,2.63121,32100
TYA,7/29/2014 00:00:00,2.56009,2.63121,2.48898,2.63121,33140
TYA,7/30/2014 00:00:00,2.66676,2.66676,2.59565,2.63121,5290
TYA,7/31/2014 00:00:00,2.63121,2.66676,2.59565,2.66676,19870
TYA,8/1/2014 00:00:00,2.59565,2.66676,2.59565,2.66676,6870
TYA,8/4/2014 00:00:00,2.66676,2.66676,2.52454,2.59565,21530
TYA,8/5/2014 00:00:00,2.63121,2.66676,2.59565,2.59565,24680
TYA,8/6/2014 00:00:00,2.63121,2.66676,2.63121,2.66676,32490
TYA,8/7/2014 00:00:00,2.63121,2.66676,2.59565,2.63121,62900
TYA,8/8/2014 00:00:00,2.66676,2.80899,2.66676,2.80899,75050
TYA,8/11/2014 00:00:00,2.91566,2.91566,2.73788,2.77343,17850
TYA,8/12/2014 00:00:00,2.80899,2.91566,2.77343,2.80899,21000
TYA,8/13/2014 00:00:00,2.80899,2.80899,2.66676,2.80899,8960
TYA,8/14/2014 00:00:00,2.70232,2.84455,2.70232,2.77343,8540
TYA,8/15/2014 00:00:00,2.77343,2.80899,2.73788,2.73788,34560
TYA,8/18/2014 00:00:00,2.80899,2.80899,2.66676,2.73788,35110
TYA,8/19/2014 00:00:00,2.80899,2.80899,2.66676,2.73788,68830
TYA,8/20/2014 00:00:00,2.73788,2.73788,2.70232,2.73788,38830
TYA,8/21/2014 00:00:00,2.77343,2.77343,2.66676,2.73788,39330
TYA,8/22/2014 00:00:00,2.73788,2.91566,2.66676,2.84455,197050
TYA,8/25/2014 00:00:00,2.91566,2.95122,2.84455,2.8801,42860
TYA,8/26/2014 00:00:00,2.95122,2.95122,2.80899,2.8801,11870
TYA,8/27/2014 00:00:00,2.84455,2.84455,2.77343,2.84455,66240
TYA,8/28/2014 00:00:00,2.77343,2.84455,2.73788,2.80899,42070
TYA,8/29/2014 00:00:00,2.91566,2.95122,2.80899,2.8801,44750
TYA,9/3/2014 00:00:00,2.91566,2.91566,2.8801,2.91566,35680
TYA,9/4/2014 00:00:00,2.80899,2.91566,2.80899,2.8801,23800
TYA,9/5/2014 00:00:00,2.77343,2.91566,2.77343,2.91566,238010
TYA,9/8/2014 00:00:00,2.91566,2.98678,2.8801,2.98678,88120
TYA,9/9/2014 00:00:00,2.98678,2.98678,2.80899,2.84455,23550
TYA,9/10/2014 00:00:00,2.84455,2.84455,2.73788,2.80899,17290
TYA,9/11/2014 00:00:00,2.91566,2.91566,2.77343,2.91566,117540
TYA,9/12/2014 00:00:00,2.84455,2.95122,2.80899,2.91566,99430
TYA,9/15/2014 00:00:00,2.95122,2.95122,2.91566,2.91566,2520
TYA,9/16/2014 00:00:00,2.91566,2.91566,2.80899,2.84455,8580
TYA,9/17/2014 00:00:00,2.91566,2.91566,2.80899,2.80899,19490
TYA,9/18/2014 00:00:00,2.84455,2.84455,2.70232,2.73788,48350
TYA,9/19/2014 00:00:00,2.77343,2.77343,2.73788,2.77343,31320
TYA,9/22/2014 00:00:00,2.80899,2.80899,2.70232,2.77343,8280
TYA,9/23/2014 00:00:00,2.77343,2.77343,2.70232,2.77343,24720
TYA,9/24/2014 00:00:00,2.77343,2.77343,2.73788,2.73788,19300
TYA,9/25/2014 00:00:00,2.77343,2.77343,2.70232,2.77343,45070
TYA,9/26/2014 00:00:00,2.77343,2.84455,2.70232,2.80899,2240
TYA,9/29/2014 00:00:00,2.77343,2.80899,2.73788,2.77343,8210
TYA,9/30/2014 00:00:00,2.73788,2.77343,2.63121,2.77343,36910
TYA,10/1/2014 00:00:00,2.77343,2.84455,2.70232,2.77343,2060
TYA,10/2/2014 00:00:00,2.80899,2.80899,2.73788,2.73788,30810
TYA,10/3/2014 00:00:00,2.77343,2.77343,2.77343,2.77343,12180
TYA,10/6/2014 00:00:00,2.84455,2.84455,2.77343,2.84455,16990
TYA,10/7/2014 00:00:00,2.84455,2.84455,2.77343,2.80899,20230
TYA,10/8/2014 00:00:00,2.80899,2.98678,2.80899,2.91566,112610
TYA,10/9/2014 00:00:00,2.8801,2.98678,2.8801,2.98678,47100
TYA,10/10/2014 00:00:00,2.95122,2.95122,2.8801,2.95122,43110
TYA,10/13/2014 00:00:00,2.84455,2.8801,2.80899,2.8801,78150
TYA,10/14/2014 00:00:00,2.84455,2.84455,2.77343,2.80899,19970
TYA,10/15/2014 00:00:00,2.77343,2.98678,2.73788,2.98678,169870
TYA,10/16/2014 00:00:00,3.02233,3.05789,2.91566,2.98678,135830
TYA,10/17/2014 00:00:00,2.98678,3.02233,2.95122,3.02233,46130
TYA,10/20/2014 00:00:00,3.05789,3.20012,3.05789,3.20012,302510
TYA,10/21/2014 00:00:00,3.27123,3.41346,3.20012,3.20012,206080
TYA,10/22/2014 00:00:00,3.30679,3.34234,3.20012,3.23567,26360
TYA,10/23/2014 00:00:00,3.23567,3.23567,3.09345,3.20012,58940
TYA,10/24/2014 00:00:00,3.20012,3.20012,3.02233,3.09345,49240
TYA,10/27/2014 00:00:00,3.20012,3.20012,2.98678,3.02233,28720
TYA,10/28/2014 00:00:00,3.02233,3.129,2.95122,3.129,100000
TYA,10/29/2014 00:00:00,3.129,3.23567,3.02233,3.20012,108600
TYA,10/30/2014 00:00:00,3.20012,3.23567,3.05789,3.20012,42630
TYA,10/31/2014 00:00:00,3.20012,3.23567,3.129,3.23567,73930
TYA,11/3/2014 00:00:00,3.23567,3.23567,3.129,3.16456,48180
TYA,11/4/2014 00:00:00,3.16456,3.20012,3.129,3.16456,19720
TYA,11/5/2014 00:00:00,3.20012,3.30679,3.20012,3.23567,235290
TYA,11/6/2014 00:00:00,3.27123,3.27123,3.20012,3.20012,30750
TYA,11/7/2014 00:00:00,3.20012,3.27123,3.20012,3.27123,13080
TYA,11/10/2014 00:00:00,3.23567,3.30679,3.20012,3.27123,62770
TYA,11/11/2014 00:00:00,3.30679,3.30679,3.20012,3.23567,35570
TYA,11/12/2014 00:00:00,3.27123,3.27123,3.16456,3.23567,24430
TYA,11/13/2014 00:00:00,3.20012,3.23567,3.129,3.16456,92050
TYA,11/14/2014 00:00:00,3.129,3.20012,3.129,3.16456,65740
TYA,11/17/2014 00:00:00,3.20012,3.20012,3.129,3.16456,26410
TYA,11/18/2014 00:00:00,3.16456,3.23567,3.129,3.23567,128050
TYA,11/19/2014 00:00:00,3.23567,3.23567,3.129,3.129,57700
TYA,11/20/2014 00:00:00,3.16456,3.20012,3.129,3.20012,9370
TYA,11/21/2014 00:00:00,3.20012,3.20012,3.129,3.20012,40840
TYA,11/24/2014 00:00:00,3.129,3.16456,3.05789,3.16456,18410
TYA,11/25/2014 00:00:00,3.129,3.20012,3.129,3.20012,4170
TYA,11/26/2014 00:00:00,3.20012,3.20012,3.02233,3.16456,51140
TYA,11/27/2014 00:00:00,3.16456,3.16456,3.129,3.16456,28660
TYA,11/28/2014 00:00:00,3.129,3.20012,3.129,3.129,23620
TYA,12/1/2014 00:00:00,3.16456,3.20012,3.16456,3.20012,64750
TYA,12/2/2014 00:00:00,3.16456,3.20012,3.129,3.20012,9620
TYA,12/3/2014 00:00:00,3.20012,3.41346,3.16456,3.41346,265810
TYA,12/4/2014 00:00:00,3.59124,3.6268,3.55568,3.6268,402140
TYA,12/5/2014 00:00:00,3.73347,3.8757,3.73347,3.76903,396550
TYA,12/8/2014 00:00:00,3.59124,3.84014,3.55568,3.80458,166650
TYA,12/9/2014 00:00:00,3.69791,3.84014,3.59124,3.59124,157230
TYA,12/10/2014 00:00:00,3.59124,3.76903,3.41346,3.69791,96850
TYA,12/11/2014 00:00:00,3.73347,3.94681,3.6268,3.94681,295630
TYA,12/12/2014 00:00:00,4.05348,4.19571,4.05348,4.19571,310290
TYA,12/15/2014 00:00:00,4.40905,4.48016,4.33794,4.37349,451810
TYA,12/16/2014 00:00:00,4.23127,4.40905,4.08904,4.08904,244360
TYA,12/17/2014 00:00:00,3.98237,4.26682,3.80458,3.80458,112000
TYA,12/18/2014 00:00:00,3.80458,4.05348,3.69791,4.05348,169790
TYA,12/19/2014 00:00:00,3.91125,4.23127,3.84014,3.91125,93660
TYA,12/22/2014 00:00:00,4.05348,4.08904,3.94681,3.98237,42690
TYA,12/23/2014 00:00:00,4.01792,4.01792,3.8757,3.8757,68290
TYA,12/24/2014 00:00:00,3.91125,3.94681,3.84014,3.94681,37360
TYA,12/25/2014 00:00:00,3.98237,3.98237,3.73347,3.73347,46010
TYA,12/26/2014 00:00:00,3.73347,3.73347,3.52013,3.6268,142610
TYA,12/29/2014 00:00:00,3.66236,3.8757,3.48457,3.48457,62460
TYA,12/30/2014 00:00:00,3.52013,3.69791,3.3779,3.55568,74290
TYA,12/31/2014 00:00:00,3.55568,3.80458,3.55568,3.80458,79630
TYA,1/5/2015 00:00:00,3.80458,4.05348,3.6268,4.05348,81210
TYA,1/6/2015 00:00:00,4.05348,4.26682,4.05348,4.23127,106320
TYA,1/7/2015 00:00:00,4.19571,4.23127,3.98237,4.19571,57100
TYA,1/8/2015 00:00:00,4.23127,4.23127,3.91125,4.16015,155950
TYA,1/9/2015 00:00:00,3.98237,4.26682,3.98237,4.12459,42110
TYA,1/12/2015 00:00:00,3.98237,4.26682,3.91125,4.05348,100120
TYA,1/13/2015 00:00:00,3.84014,4.08904,3.84014,4.08904,42910
TYA,1/14/2015 00:00:00,4.08904,4.23127,4.01792,4.05348,90070
TYA,1/15/2015 00:00:00,4.05348,4.23127,3.98237,4.08904,130390
TYA,1/16/2015 00:00:00,4.08904,4.12459,4.05348,4.08904,12220
TYA,1/19/2015 00:00:00,3.98237,4.16015,3.94681,3.98237,64240
TYA,1/20/2015 00:00:00,3.98237,4.23127,3.98237,4.08904,260560
TYA,1/21/2015 00:00:00,4.08904,4.12459,4.05348,4.05348,17890
TYA,1/22/2015 00:00:00,4.05348,4.05348,4.01792,4.05348,41890
TYA,1/23/2015 00:00:00,4.05348,4.19571,3.98237,3.98237,53060
TYA,1/26/2015 00:00:00,3.98237,4.08904,3.98237,3.98237,32640
TYA,1/27/2015 00:00:00,3.98237,4.08904,3.73347,3.84014,47040
TYA,1/28/2015 00:00:00,3.80458,3.91125,3.73347,3.8757,49910
TYA,1/29/2015 00:00:00,4.01792,4.01792,3.80458,3.8757,46100
TYA,1/30/2015 00:00:00,3.80458,3.8757,3.76903,3.76903,15010
TYA,2/2/2015 00:00:00,3.66236,3.8757,3.6268,3.6268,34080
TYA,2/3/2015 00:00:00,3.66236,3.69791,3.55568,3.55568,70040
TYA,2/4/2015 00:00:00,3.55568,3.59124,3.52013,3.52013,56950
TYA,2/5/2015 00:00:00,3.55568,3.69791,3.52013,3.6268,35630
TYA,2/6/2015 00:00:00,3.6268,3.66236,3.52013,3.6268,17650
TYA,2/9/2015 00:00:00,3.59124,3.59124,3.55568,3.59124,4790
TYA,2/10/2015 00:00:00,3.52013,3.69791,3.52013,3.66236,14870
TYA,2/11/2015 00:00:00,3.6268,3.66236,3.59124,3.6268,11850
TYA,2/12/2015 00:00:00,3.6268,3.66236,3.55568,3.6268,34230
TYA,2/13/2015 00:00:00,3.6268,3.69791,3.55568,3.69791,22900
TYA,2/24/2015 00:00:00,3.73347,3.80458,3.69791,3.80458,7300
TYA,2/25/2015 00:00:00,3.80458,3.80458,3.69791,3.73347,9580
TYA,2/26/2015 00:00:00,3.73347,3.80458,3.73347,3.80458,1130
TYA,2/27/2015 00:00:00,3.80458,3.80458,3.66236,3.73347,3750
TYA,3/2/2015 00:00:00,3.73347,3.76903,3.73347,3.76903,34110
TYA,3/3/2015 00:00:00,3.76903,3.76903,3.66236,3.73347,26340
TYA,3/4/2015 00:00:00,3.73347,3.76903,3.6268,3.6268,91180
TYA,3/5/2015 00:00:00,3.66236,3.8757,3.66236,3.8757,125910
TYA,3/6/2015 00:00:00,4.01792,4.01792,3.84014,3.84014,10470
TYA,3/9/2015 00:00:00,3.76903,3.80458,3.73347,3.76903,27440
TYA,3/10/2015 00:00:00,3.73347,3.76903,3.66236,3.69791,46930
TYA,3/11/2015 00:00:00,3.69791,3.80458,3.69791,3.76903,24870
TYA,3/12/2015 00:00:00,3.73347,3.76903,3.69791,3.76903,32750
TYA,3/13/2015 00:00:00,3.73347,3.76903,3.69791,3.76903,1330
TYA,3/16/2015 00:00:00,3.73347,3.80458,3.73347,3.76903,27130
TYA,3/17/2015 00:00:00,3.76903,4.01792,3.76903,3.94681,289330
TYA,3/18/2015 00:00:00,3.94681,4.01792,3.84014,3.8757,70420
TYA,3/19/2015 00:00:00,3.91125,4.01792,3.8757,3.94681,44080
TYA,3/20/2015 00:00:00,3.91125,3.91125,3.84014,3.8757,16260
TYA,3/23/2015 00:00:00,3.91125,3.94681,3.84014,3.8757,24240
TYA,3/24/2015 00:00:00,3.84014,3.8757,3.80458,3.8757,25870
TYA,3/25/2015 00:00:00,3.94681,3.94681,3.80458,3.91125,13460
TYA,3/26/2015 00:00:00,3.80458,3.91125,3.76903,3.8757,26200
TYA,3/27/2015 00:00:00,3.8757,3.91125,3.76903,3.8757,29470
TYA,3/30/2015 00:00:00,3.84014,3.84014,3.66236,3.69791,69240
TYA,3/31/2015 00:00:00,3.69791,3.80458,3.69791,3.76903,20450
TYA,4/1/2015 00:00:00,3.76903,3.80458,3.69791,3.73347,10280
TYA,4/2/2015 00:00:00,3.73347,3.84014,3.69791,3.73347,31490
TYA,4/3/2015 00:00:00,3.80458,3.84014,3.73347,3.84014,12660
TYA,4/6/2015 00:00:00,3.76903,3.80458,3.76903,3.80458,5540
TYA,4/7/2015 00:00:00,3.80458,3.91125,3.76903,3.8757,28420
TYA,4/8/2015 00:00:00,3.8757,3.91125,3.84014,3.84014,2680
TYA,4/9/2015 00:00:00,3.80458,3.94681,3.80458,3.91125,46420
TYA,4/10/2015 00:00:00,3.94681,3.98237,3.8757,3.98237,29190
TYA,4/13/2015 00:00:00,3.98237,4.05348,3.91125,3.91125,38250
TYA,4/14/2015 00:00:00,3.94681,3.94681,3.80458,3.91125,29750
TYA,4/15/2015 00:00:00,3.8757,4.05348,3.8757,4.05348,50080
TYA,4/16/2015 00:00:00,4.05348,4.05348,3.98237,4.01792,8660
TYA,4/17/2015 00:00:00,4.01792,4.01792,3.80458,4.01792,33390
TYA,4/20/2015 00:00:00,4.01792,4.05348,3.76903,3.80458,23660
TYA,4/21/2015 00:00:00,3.91125,3.91125,3.76903,3.80458,50770
TYA,4/22/2015 00:00:00,3.84014,3.8757,3.76903,3.80458,45780
TYA,4/23/2015 00:00:00,3.76903,3.84014,3.69791,3.84014,64970
TYA,4/24/2015 00:00:00,3.84014,3.8757,3.80458,3.84014,9070
TYA,4/27/2015 00:00:00,3.76903,3.91125,3.76903,3.84014,22530
TYA,5/4/2015 00:00:00,3.84014,3.84014,3.66236,3.69791,32690
TYA,5/5/2015 00:00:00,3.76903,3.76903,3.6268,3.6268,12400
TYA,5/6/2015 00:00:00,3.6268,3.84014,3.6268,3.73347,5620
TYA,5/7/2015 00:00:00,3.73347,3.73347,3.69791,3.69791,1220
TYA,5/8/2015 00:00:00,3.73347,3.73347,3.69791,3.69791,4150
TYA,5/11/2015 00:00:00,3.69791,3.80458,3.69791,3.69791,5830
TYA,5/12/2015 00:00:00,3.69791,3.84014,3.66236,3.84014,27870
TYA,5/13/2015 00:00:00,3.80458,3.80458,3.69791,3.69791,9270
TYA,5/14/2015 00:00:00,3.69791,3.80458,3.66236,3.80458,6540
TYA,5/15/2015 00:00:00,3.73347,3.80458,3.69791,3.80458,2360
TYA,5/18/2015 00:00:00,3.73347,3.80458,3.6268,3.66236,8250
TYA,5/19/2015 00:00:00,3.69791,3.73347,3.66236,3.66236,44020
TYA,5/20/2015 00:00:00,3.66236,3.73347,3.66236,3.66236,23060
TYA,5/21/2015 00:00:00,3.73347,3.91125,3.73347,3.8757,29880
TYA,5/22/2015 00:00:00,3.76903,3.84014,3.76903,3.80458,14690
TYA,5/25/2015 00:00:00,3.98237,4.01792,3.76903,3.84014,13870
TYA,5/26/2015 00:00:00,3.84014,3.84014,3.76903,3.80458,29790
TYA,5/27/2015 00:00:00,3.88303,3.92225,3.80458,3.88303,14580
TYA,5/28/2015 00:00:00,3.84381,3.84381,3.68692,3.76536,44820
TYA,5/29/2015 00:00:00,3.76536,3.84381,3.72614,3.84381,36710
TYA,6/1/2015 00:00:00,3.84381,3.84381,3.64769,3.80458,27590
TYA,6/2/2015 00:00:00,3.68692,4.03992,3.68692,4.03992,32120
TYA,6/3/2015 00:00:00,3.76536,4.0007,3.76536,3.92225,20060
TYA,6/4/2015 00:00:00,3.72614,4.03992,3.72614,4.0007,42720
TYA,6/5/2015 00:00:00,4.0007,4.0007,3.84381,4.0007,6420
TYA,6/8/2015 00:00:00,4.0007,4.07914,3.80458,4.03992,14320
TYA,6/9/2015 00:00:00,4.03992,4.03992,3.92225,4.0007,2260
TYA,6/10/2015 00:00:00,3.92225,4.0007,3.92225,4.0007,6040
TYA,6/11/2015 00:00:00,3.96147,4.11836,3.96147,4.0007,125210
TYA,6/12/2015 00:00:00,4.07914,4.23603,4.0007,4.19681,72540
TYA,6/15/2015 00:00:00,4.19681,4.47137,4.19681,4.47137,181640
TYA,6/16/2015 00:00:00,4.47137,4.47137,4.3537,4.3537,13660
TYA,6/17/2015 00:00:00,4.43214,4.43214,4.19681,4.19681,26610
TYA,6/18/2015 00:00:00,4.11836,4.39292,4.11836,4.31448,28380
TYA,6/19/2015 00:00:00,4.3537,4.3537,4.23603,4.23603,9210
TYA,6/22/2015 00:00:00,4.19681,4.39292,4.11836,4.31448,13200
TYA,6/23/2015 00:00:00,4.19681,4.27525,4.19681,4.27525,15860
TYA,6/24/2015 00:00:00,4.19681,4.31448,4.19681,4.19681,7500
TYA,6/25/2015 00:00:00,4.19681,4.27525,4.15759,4.27525,10380
TYA,6/26/2015 00:00:00,4.15759,4.27525,4.15759,4.27525,22150
TYA,6/29/2015 00:00:00,4.19681,4.27525,4.19681,4.27525,810
TYA,6/30/2015 00:00:00,4.19681,4.23603,4.15759,4.19681,7660
TYA,7/1/2015 00:00:00,4.23603,4.23603,4.15759,4.23603,830
TYA,7/2/2015 00:00:00,4.19681,4.23603,4.11836,4.11836,6450
TYA,7/3/2015 00:00:00,4.11836,4.27525,4.03992,4.11836,6470
TYA,7/6/2015 00:00:00,4.23603,4.23603,4.19681,4.23603,1820
TYA,7/7/2015 00:00:00,4.19681,4.23603,4.15759,4.19681,21500
TYA,7/8/2015 00:00:00,4.15759,4.15759,4.07914,4.15759,17440
TYA,7/9/2015 00:00:00,4.19681,4.19681,4.07914,4.15759,3470
TYA,7/10/2015 00:00:00,4.23603,4.23603,3.96147,4.23603,20860
TYA,7/13/2015 00:00:00,4.15759,4.15759,4.07914,4.15759,2860
TYA,7/14/2015 00:00:00,4.07914,4.07914,3.92225,4.03992,34620
TYA,7/15/2015 00:00:00,4.0007,4.23603,4.0007,4.03992,2160
TYA,7/16/2015 00:00:00,4.23603,4.23603,3.88303,3.96147,34400
TYA,7/17/2015 00:00:00,4.23603,4.23603,4.0007,4.11836,23240
TYA,7/20/2015 00:00:00,4.11836,4.19681,4.0007,4.19681,10100
TYA,7/21/2015 00:00:00,4.11836,4.19681,4.03992,4.03992,4150
TYA,7/22/2015 00:00:00,4.07914,4.11836,4.0007,4.11836,3250
TYA,7/23/2015 00:00:00,4.0007,4.11836,3.96147,4.07914,11060
TYA,7/24/2015 00:00:00,4.0007,4.07914,3.92225,4.07914,6230
TYA,7/27/2015 00:00:00,4.03992,4.07914,3.92225,4.07914,29940
TYA,7/28/2015 00:00:00,4.07914,4.07914,4.0007,4.03992,1030
TYA,7/29/2015 00:00:00,4.03992,4.03992,4.0007,4.03992,540
TYA,7/30/2015 00:00:00,3.96147,4.0007,3.92225,4.0007,5050
TYA,7/31/2015 00:00:00,3.96147,4.07914,3.76536,4.0007,17180
TYA,8/3/2015 00:00:00,4.0007,4.0007,3.84381,3.96147,11810
TYA,8/4/2015 00:00:00,3.96147,3.96147,3.96147,3.96147,60
TYA,8/5/2015 00:00:00,3.96147,4.19681,3.96147,4.03992,10760
TYA,8/6/2015 00:00:00,3.96147,4.19681,3.92225,4.03992,9470
TYA,8/7/2015 00:00:00,4.03992,4.03992,3.92225,4.03992,9840
TYA,8/10/2015 00:00:00,4.03992,4.03992,3.88303,4.03992,3340
TYA,8/11/2015 00:00:00,3.92225,4.03992,3.88303,4.0007,7700
TYA,8/12/2015 00:00:00,3.92225,4.03992,3.88303,4.0007,3640
TYA,8/13/2015 00:00:00,3.92225,3.96147,3.92225,3.96147,1010
TYA,8/14/2015 00:00:00,3.88303,4.19681,3.88303,4.03992,510
TYA,8/17/2015 00:00:00,3.92225,4.0007,3.92225,4.0007,4030
TYA,8/18/2015 00:00:00,3.96147,3.96147,3.76536,3.92225,11190
TYA,8/19/2015 00:00:00,3.92225,4.11836,3.64769,3.64769,27900
TYA,8/20/2015 00:00:00,3.68692,3.84381,3.68692,3.84381,53130
TYA,8/21/2015 00:00:00,4.0007,4.0007,3.76536,3.88303,5600
TYA,8/24/2015 00:00:00,3.88303,3.92225,3.64769,3.68692,28040
TYA,8/25/2015 00:00:00,3.68692,3.88303,3.68692,3.88303,5320
TYA,8/26/2015 00:00:00,3.84381,3.84381,3.72614,3.76536,15240
TYA,8/27/2015 00:00:00,3.88303,3.88303,3.72614,3.76536,7470
TYA,8/28/2015 00:00:00,3.88303,3.88303,3.72614,3.76536,1430
TYA,8/31/2015 00:00:00,3.84381,3.92225,3.76536,3.88303,11550
TYA,9/1/2015 00:00:00,3.92225,4.11836,3.72614,3.92225,4490
TYA,9/3/2015 00:00:00,3.84381,3.92225,3.84381,3.88303,1590
TYA,9/4/2015 00:00:00,3.88303,3.88303,3.76536,3.76536,2900
TYA,9/7/2015 00:00:00,3.88303,4.0007,3.68692,3.68692,10410
TYA,9/8/2015 00:00:00,3.68692,3.88303,3.68692,3.88303,6760
TYA,9/9/2015 00:00:00,3.88303,3.92225,3.88303,3.88303,1240
TYA,9/10/2015 00:00:00,3.84381,3.88303,3.76536,3.76536,2090
TYA,9/11/2015 00:00:00,3.92225,4.0007,3.92225,4.0007,110
TYA,9/14/2015 00:00:00,3.88303,3.88303,3.72614,3.84381,35900
TYA,9/15/2015 00:00:00,3.76536,3.80458,3.72614,3.72614,620
TYA,9/16/2015 00:00:00,3.80458,3.84381,3.68692,3.84381,14280
TYA,9/17/2015 00:00:00,3.84381,3.88303,3.68692,3.68692,8010
TYA,9/18/2015 00:00:00,3.80458,3.84381,3.64769,3.80458,9140
TYA,9/21/2015 00:00:00,3.68692,3.80458,3.68692,3.76536,620
TYA,9/22/2015 00:00:00,3.72614,3.72614,3.72614,3.72614,210
TYA,9/23/2015 00:00:00,3.68692,3.76536,3.64769,3.72614,8640
TYA,9/24/2015 00:00:00,3.72614,3.76536,3.64769,3.72614,6600
TYA,9/25/2015 00:00:00,3.64769,3.76536,3.60847,3.72614,1260
TYA,9/28/2015 00:00:00,3.64769,3.76536,3.56925,3.72614,20080
TYA,9/29/2015 00:00:00,3.60847,3.72614,3.60847,3.68692,18890
TYA,9/30/2015 00:00:00,3.72614,3.80458,3.60847,3.60847,25060
TYA,10/1/2015 00:00:00,3.76536,3.80458,3.60847,3.64769,23990
TYA,10/2/2015 00:00:00,3.68692,3.76536,3.68692,3.76536,10070
TYA,10/5/2015 00:00:00,3.76536,3.76536,3.68692,3.76536,7440
TYA,10/6/2015 00:00:00,3.80458,3.84381,3.76536,3.76536,4360
TYA,10/7/2015 00:00:00,3.72614,3.76536,3.68692,3.76536,2400
TYA,10/8/2015 00:00:00,3.68692,3.84381,3.64769,3.80458,22610
TYA,10/9/2015 00:00:00,3.80458,3.88303,3.72614,3.80458,7470
TYA,10/12/2015 00:00:00,3.72614,3.72614,3.72614,3.72614,2190
TYA,10/13/2015 00:00:00,3.68692,3.96147,3.68692,3.80458,21640
TYA,10/14/2015 00:00:00,3.88303,3.92225,3.76536,3.92225,8700
TYA,10/15/2015 00:00:00,3.80458,3.92225,3.80458,3.80458,5760
TYA,10/16/2015 00:00:00,3.92225,4.0007,3.88303,3.92225,20280
TYA,10/19/2015 00:00:00,3.80458,3.88303,3.80458,3.88303,2000
TYA,10/20/2015 00:00:00,3.80458,3.88303,3.68692,3.80458,24570
TYA,10/21/2015 00:00:00,3.80458,3.92225,3.72614,3.88303,73990
TYA,10/22/2015 00:00:00,3.88303,3.92225,3.84381,3.88303,15440
TYA,10/23/2015 00:00:00,3.76536,4.07914,3.76536,4.07914,6780
TYA,10/26/2015 00:00:00,4.07914,4.19681,3.80458,3.96147,9750
TYA,10/27/2015 00:00:00,3.80458,3.92225,3.80458,3.92225,6720
TYA,10/28/2015 00:00:00,3.72614,3.88303,3.72614,3.76536,4200
TYA,10/29/2015 00:00:00,3.80458,3.80458,3.76536,3.76536,2400
TYA,10/30/2015 00:00:00,3.72614,3.80458,3.68692,3.80458,5040
TYA,11/2/2015 00:00:00,3.80458,3.80458,3.80458,3.80458,100
TYA,11/3/2015 00:00:00,3.72614,3.76536,3.72614,3.76536,9280
TYA,11/4/2015 00:00:00,3.68692,3.88303,3.64769,3.84381,9740
TYA,11/5/2015 00:00:00,3.84381,4.07914,3.84381,4.0007,8200
TYA,11/6/2015 00:00:00,3.96147,4.07914,3.92225,3.96147,370
TYA,11/9/2015 00:00:00,4.0007,4.03992,3.76536,3.88303,4690
TYA,11/10/2015 00:00:00,3.92225,3.96147,3.76536,3.92225,14370
TYA,11/11/2015 00:00:00,3.88303,4.0007,3.76536,3.88303,2810
TYA,11/12/2015 00:00:00,3.84381,4.03992,3.84381,4.03992,9930
TYA,11/13/2015 00:00:00,3.88303,3.96147,3.88303,3.96147,6240
TYA,11/16/2015 00:00:00,4.0007,4.0007,3.76536,3.88303,3250
TYA,11/17/2015 00:00:00,3.76536,3.88303,3.68692,3.88303,2330
TYA,11/18/2015 00:00:00,3.88303,3.88303,3.72614,3.84381,1980
TYA,11/19/2015 00:00:00,3.92225,3.92225,3.68692,3.92225,3070
TYA,11/20/2015 00:00:00,3.92225,3.92225,3.92225,3.92225,4630
TYA,11/23/2015 00:00:00,3.92225,3.92225,3.92225,3.92225,1870
TYA,11/24/2015 00:00:00,3.76536,3.92225,3.76536,3.92225,2960
TYA,11/25/2015 00:00:00,3.72614,3.88303,3.72614,3.88303,5030
TYA,11/26/2015 00:00:00,3.88303,3.92225,3.88303,3.92225,13990
TYA,11/27/2015 00:00:00,3.76536,3.88303,3.76536,3.88303,6170
TYA,11/30/2015 00:00:00,3.76536,4.0007,3.68692,4.0007,21960
TYA,12/1/2015 00:00:00,3.84381,3.92225,3.84381,3.92225,1520
TYA,12/2/2015 00:00:00,3.92225,4.0007,3.88303,3.88303,2840
TYA,12/3/2015 00:00:00,3.76536,3.88303,3.76536,3.88303,140
TYA,12/4/2015 00:00:00,3.76536,3.88303,3.76536,3.88303,90
TYA,12/7/2015 00:00:00,3.76536,3.76536,3.76536,3.76536,10
TYA,12/8/2015 00:00:00,3.84381,3.88303,3.76536,3.88303,1500
TYA,12/9/2015 00:00:00,3.84381,3.88303,3.84381,3.88303,70
TYA,12/10/2015 00:00:00,3.88303,3.88303,3.88303,3.88303,10
TYA,12/15/2015 00:00:00,3.88303,3.88303,3.64769,3.84381,35720
TYA,12/16/2015 00:00:00,3.80458,4.0007,3.64769,3.88303,16890
TYA,12/17/2015 00:00:00,3.88303,3.92225,3.64769,3.80458,23660
TYA,12/18/2015 00:00:00,3.68692,3.80458,3.64769,3.80458,1640
TYA,12/21/2015 00:00:00,3.56925,3.76536,3.56925,3.76536,12630
TYA,12/22/2015 00:00:00,3.72614,3.76536,3.60847,3.60847,510
TYA,12/23/2015 00:00:00,3.68692,3.68692,3.45158,3.68692,6590
TYA,12/24/2015 00:00:00,3.60847,3.88303,3.45158,3.45158,24970
TYA,12/25/2015 00:00:00,3.45158,3.60847,3.41236,3.60847,5220
TYA,12/28/2015 00:00:00,3.68692,3.68692,3.68692,3.68692,1500
TYA,12/29/2015 00:00:00,3.4908,3.88303,3.4908,3.88303,8250
TYA,12/30/2015 00:00:00,3.64769,3.88303,3.64769,3.84381,21000
TYA,12/31/2015 00:00:00,3.84381,3.96147,3.64769,3.64769,1520
TYA,1/4/2016 00:00:00,3.64769,3.84381,3.60847,3.64769,39460
TYA,1/5/2016 00:00:00,3.72614,3.84381,3.64769,3.64769,1300
TYA,1/6/2016 00:00:00,3.64769,3.64769,3.64769,3.64769,330
TYA,1/7/2016 00:00:00,3.72614,3.72614,3.68692,3.68692,150
TYA,1/8/2016 00:00:00,3.76536,3.76536,3.56925,3.72614,1490
TYA,1/11/2016 00:00:00,3.76536,3.84381,3.53003,3.60847,10380
TYA,1/13/2016 00:00:00,3.80458,3.80458,3.80458,3.80458,30
TYA,1/14/2016 00:00:00,3.60847,3.64769,3.56925,3.64769,5680
TYA,1/15/2016 00:00:00,3.45158,3.45158,3.45158,3.45158,10
TYA,1/18/2016 00:00:00,3.53003,3.68692,3.45158,3.64769,660
TYA,1/19/2016 00:00:00,3.64769,3.80458,3.56925,3.72614,1300
TYA,1/20/2016 00:00:00,3.68692,3.68692,3.64769,3.68692,280
TYA,1/21/2016 00:00:00,3.56925,3.76536,3.56925,3.76536,2010
TYA,1/22/2016 00:00:00,3.60847,3.80458,3.56925,3.72614,2490
TYA,1/25/2016 00:00:00,3.68692,3.84381,3.60847,3.76536,3380
TYA,1/26/2016 00:00:00,3.72614,3.80458,3.60847,3.80458,3860
TYA,1/27/2016 00:00:00,3.76536,3.80458,3.60847,3.60847,7290
TYA,1/28/2016 00:00:00,3.60847,3.80458,3.60847,3.76536,31670
TYA,1/29/2016 00:00:00,3.72614,3.72614,3.72614,3.72614,550
TYA,2/1/2016 00:00:00,3.76536,3.84381,3.72614,3.80458,28610
TYA,2/2/2016 00:00:00,3.80458,4.03992,3.80458,4.03992,38590
TYA,2/3/2016 00:00:00,4.11836,4.27525,4.11836,4.23603,28910
TYA,2/4/2016 00:00:00,4.23603,4.39292,4.23603,4.31448,19430
TYA,2/5/2016 00:00:00,4.23603,4.27525,4.19681,4.27525,11740
TYA,2/15/2016 00:00:00,4.27525,4.31448,4.27525,4.27525,16250
TYA,2/16/2016 00:00:00,4.27525,4.27525,4.19681,4.27525,12150
TYA,2/17/2016 00:00:00,4.27525,4.54981,4.27525,4.54981,149710
TYA,2/18/2016 00:00:00,4.74592,4.82437,4.74592,4.74592,183300
TYA,2/19/2016 00:00:00,4.74592,4.82437,4.7067,4.7067,78420
TYA,2/22/2016 00:00:00,4.66748,4.90281,4.66748,4.86359,147010
TYA,2/23/2016 00:00:00,4.78515,4.86359,4.66748,4.7067,42480
TYA,2/24/2016 00:00:00,4.78515,4.94204,4.7067,4.78515,194750
TYA,2/25/2016 00:00:00,4.90281,4.90281,4.7067,4.7067,88030
TYA,2/26/2016 00:00:00,4.78515,4.78515,4.62826,4.7067,33770
TYA,2/29/2016 00:00:00,4.66748,4.78515,4.62826,4.7067,29350
TYA,3/1/2016 00:00:00,4.7067,4.74592,4.62826,4.62826,71020
TYA,3/2/2016 00:00:00,4.58903,4.7067,4.58903,4.66748,161490
TYA,3/3/2016 00:00:00,4.66748,4.66748,4.62826,4.62826,38480
TYA,3/4/2016 00:00:00,4.66748,4.78515,4.51059,4.78515,27000
TYA,3/7/2016 00:00:00,4.58903,4.78515,4.58903,4.58903,52350
TYA,3/8/2016 00:00:00,4.54981,4.66748,4.51059,4.66748,49810
TYA,3/9/2016 00:00:00,4.66748,4.78515,4.62826,4.66748,60950
TYA,3/10/2016 00:00:00,4.66748,4.78515,4.62826,4.78515,120860
TYA,3/11/2016 00:00:00,4.78515,5.09893,4.78515,5.09893,422210
TYA,3/14/2016 00:00:00,5.37348,5.41271,5.33426,5.33426,295550
TYA,3/15/2016 00:00:00,5.33426,5.33426,5.0597,5.09893,89590
TYA,3/16/2016 00:00:00,5.02048,5.25582,5.02048,5.21659,73400
TYA,3/17/2016 00:00:00,5.13815,5.49115,5.13815,5.21659,119310
TYA,3/18/2016 00:00:00,5.25582,5.25582,5.0597,5.0597,91080
TYA,3/21/2016 00:00:00,5.09893,5.33426,4.94204,4.98126,60990
TYA,3/22/2016 00:00:00,4.98126,5.29504,4.94204,5.25582,198310
TYA,3/23/2016 00:00:00,5.29504,5.33426,5.09893,5.13815,85450
TYA,3/24/2016 00:00:00,5.09893,5.25582,4.78515,4.98126,132380
TYA,3/25/2016 00:00:00,4.94204,5.09893,4.86359,5.0597,60840
TYA,3/28/2016 00:00:00,4.94204,5.0597,4.74592,4.74592,250730
TYA,3/29/2016 00:00:00,4.74592,4.98126,4.62826,4.7067,113240
TYA,3/30/2016 00:00:00,4.7067,4.90281,4.62826,4.82437,42330
TYA,3/31/2016 00:00:00,4.82437,4.82437,4.54981,4.7067,90650
TYA,4/1/2016 00:00:00,4.58903,4.7067,4.39292,4.43214,137280
TYA,4/4/2016 00:00:00,4.43214,4.58903,4.3537,4.54981,36950
TYA,4/5/2016 00:00:00,4.47137,4.7067,4.43214,4.62826,44720
TYA,4/6/2016 00:00:00,4.66748,4.66748,4.47137,4.51059,29410
TYA,4/7/2016 00:00:00,4.47137,4.54981,4.47137,4.47137,10950
TYA,4/8/2016 00:00:00,4.47137,4.58903,4.43214,4.54981,34360
TYA,4/11/2016 00:00:00,4.7067,4.86359,4.66748,4.86359,144050
TYA,4/12/2016 00:00:00,4.90281,4.94204,4.74592,4.74592,27470
TYA,4/13/2016 00:00:00,4.7067,4.90281,4.7067,4.82437,37460
TYA,4/14/2016 00:00:00,4.7067,4.74592,4.66748,4.74592,78610
TYA,4/15/2016 00:00:00,4.78515,4.78515,4.66748,4.66748,11340
TYA,4/19/2016 00:00:00,4.66748,4.86359,4.66748,4.7067,85690
TYA,4/20/2016 00:00:00,4.78515,4.94204,4.7067,4.82437,111940
TYA,4/21/2016 00:00:00,5.02048,5.02048,4.90281,5.02048,48100
TYA,4/22/2016 00:00:00,5.02048,5.09893,4.98126,5.02048,139160
TYA,4/25/2016 00:00:00,5.13815,5.33426,5.09893,5.25582,206520
TYA,4/26/2016 00:00:00,5.33426,5.33426,5.17737,5.17737,119480
TYA,4/27/2016 00:00:00,5.25582,5.49115,5.17737,5.17737,49120
TYA,4/28/2016 00:00:00,5.21659,5.45193,5.21659,5.29504,99180
TYA,4/29/2016 00:00:00,5.41271,5.41271,5.21659,5.33426,29140
TYA,5/4/2016 00:00:00,5.33426,5.45193,5.25582,5.37348,68060
TYA,5/5/2016 00:00:00,5.41271,5.41271,5.29504,5.33426,68820
TYA,5/6/2016 00:00:00,5.33426,5.68726,5.33426,5.60882,150540
TYA,5/9/2016 00:00:00,5.64804,5.88338,5.60882,5.80493,248370
TYA,5/10/2016 00:00:00,5.80493,6.15793,5.76571,6.04027,137740
TYA,5/11/2016 00:00:00,6.04027,6.04027,5.88338,5.88338,73410
TYA,5/12/2016 00:00:00,5.88338,6.19716,5.88338,5.96182,108210
TYA,5/13/2016 00:00:00,5.96182,6.04027,5.9226,6.04027,96470
TYA,5/16/2016 00:00:00,6.07949,6.07949,5.96182,6.04027,53640
TYA,5/17/2016 00:00:00,5.96182,6.07949,5.9226,5.96182,115990
TYA,5/18/2016 00:00:00,5.96182,6.35405,5.96182,6.2756,69160
TYA,5/19/2016 00:00:00,6.19716,6.2756,6.07949,6.19716,55990
TYA,5/20/2016 00:00:00,6.11871,6.43249,6.04027,6.39327,130920
TYA,5/23/2016 00:00:00,6.2756,6.6286,6.2756,6.6286,118550
TYA,5/24/2016 00:00:00,6.66783,6.98161,6.55016,6.66783,149290
TYA,5/25/2016 00:00:00,6.66783,6.70705,6.55016,6.66783,40210
TYA,5/26/2016 00:00:00,6.51094,6.78549,6.51094,6.58938,101870
TYA,5/27/2016 00:00:00,6.58938,6.74627,6.47171,6.74627,77350
TYA,5/30/2016 00:00:00,6.70705,6.78549,6.58938,6.66783,53640
TYA,5/31/2016 00:00:00,6.66783,6.70705,6.55016,6.66783,42620
TYA,6/1/2016 00:00:00,6.55016,6.66783,6.47171,6.6286,29180
TYA,6/2/2016 00:00:00,6.6286,6.6286,6.43249,6.43249,62630
TYA,6/3/2016 00:00:00,6.51094,6.58938,6.31482,6.58938,137720
TYA,6/6/2016 00:00:00,6.58938,6.98161,6.58938,6.86394,92540
TYA,6/7/2016 00:00:00,6.94238,7.02083,6.74627,6.74627,63490
TYA,6/8/2016 00:00:00,6.82472,6.94238,6.74627,6.86394,51830
TYA,6/9/2016 00:00:00,6.82472,6.94238,6.82472,6.94238,75410
TYA,6/10/2016 00:00:00,6.90316,7.06005,6.78549,6.86394,62480
TYA,6/13/2016 00:00:00,6.82472,6.98161,6.74627,6.90316,31780
TYA,6/14/2016 00:00:00,6.90316,7.17772,6.86394,7.02083,102280
TYA,6/15/2016 00:00:00,7.02083,7.02083,6.86394,6.90316,79340
TYA,6/16/2016 00:00:00,6.90316,7.02083,6.86394,6.86394,35300
TYA,6/17/2016 00:00:00,6.82472,6.82472,6.66783,6.74627,107210
TYA,6/20/2016 00:00:00,6.70705,6.86394,6.66783,6.78549,67800
TYA,6/21/2016 00:00:00,6.78549,7.02083,6.74627,7.02083,47060
TYA,6/22/2016 00:00:00,6.90316,7.02083,6.82472,6.82472,45940
TYA,6/23/2016 00:00:00,6.82472,7.29539,6.82472,7.29539,273770
TYA,6/24/2016 00:00:00,7.72683,7.72683,6.78549,7.56994,132350
TYA,6/27/2016 00:00:00,7.56994,7.64839,7.29539,7.64839,24310
TYA,6/28/2016 00:00:00,7.60917,7.60917,7.29539,7.45228,120120
TYA,6/29/2016 00:00:00,7.37383,7.64839,7.37383,7.53072,72170
TYA,6/30/2016 00:00:00,7.72683,7.72683,7.37383,7.45228,84350
TYA,7/1/2016 00:00:00,7.37383,7.8445,7.37383,7.72683,91530
TYA,7/4/2016 00:00:00,7.8445,8.15828,7.8445,8.11906,115370
TYA,7/5/2016 00:00:00,8.39362,8.66817,8.23673,8.58973,128460
TYA,7/6/2016 00:00:00,9.18983,9.18983,8.62895,8.88782,81240
TYA,7/7/2016 00:00:00,8.88782,9.10354,8.80153,8.80153,82430
TYA,7/8/2016 00:00:00,8.80153,9.01725,8.37008,8.80153,132940
TYA,7/11/2016 00:00:00,8.71524,8.80153,8.1975,8.1975,168450
TYA,7/12/2016 00:00:00,8.15436,8.28379,7.89549,8.06807,72110
TYA,7/13/2016 00:00:00,7.98178,8.37008,7.76606,8.02492,67290
TYA,7/14/2016 00:00:00,7.8092,8.15436,7.8092,8.02492,26510
TYA,7/15/2016 00:00:00,8.02492,8.02492,7.67977,7.72291,56960
TYA,7/18/2016 00:00:00,7.72291,7.93863,7.50719,7.59348,41020
TYA,7/19/2016 00:00:00,7.59348,7.93863,7.59348,7.85234,56990
TYA,7/20/2016 00:00:00,7.98178,8.37008,7.72291,8.24065,63850
TYA,7/21/2016 00:00:00,8.28379,8.37008,7.98178,8.06807,16750
TYA,7/22/2016 00:00:00,7.8092,8.11121,7.76606,7.93863,28860
TYA,7/25/2016 00:00:00,8.02492,8.06807,7.8092,7.93863,10460
TYA,7/26/2016 00:00:00,7.89549,7.98178,7.8092,7.8092,45440
TYA,7/27/2016 00:00:00,7.8092,7.93863,7.76606,7.85234,13530
TYA,7/28/2016 00:00:00,7.89549,7.93863,7.72291,7.85234,104800
TYA,7/29/2016 00:00:00,7.76606,7.93863,7.76606,7.93863,15940
TYA,8/1/2016 00:00:00,7.93863,8.02492,7.85234,7.85234,8430
TYA,8/2/2016 00:00:00,7.8092,7.8092,7.37775,7.4209,97070
TYA,8/3/2016 00:00:00,7.37775,7.4209,7.20517,7.24832,55680
TYA,8/4/2016 00:00:00,7.33461,7.33461,7.03259,7.03259,25040
TYA,8/5/2016 00:00:00,6.90316,7.07574,6.60115,6.77373,52690
TYA,8/8/2016 00:00:00,6.77373,7.20517,6.77373,7.07574,45200
TYA,8/9/2016 00:00:00,7.20517,7.50719,7.20517,7.50719,46640
TYA,8/10/2016 00:00:00,7.50719,7.59348,7.37775,7.55033,34780
TYA,8/11/2016 00:00:00,7.50719,7.67977,7.50719,7.63662,26360
TYA,8/12/2016 00:00:00,7.55033,7.76606,7.33461,7.55033,33200
TYA,8/15/2016 00:00:00,7.46404,7.63662,7.46404,7.59348,20640
TYA,8/16/2016 00:00:00,7.59348,7.72291,7.59348,7.67977,39520
TYA,8/17/2016 00:00:00,7.67977,8.15436,7.37775,8.11121,157980
TYA,8/18/2016 00:00:00,7.89549,8.11121,7.89549,7.89549,29720
TYA,8/19/2016 00:00:00,7.89549,8.15436,7.85234,8.06807,63460
TYA,8/22/2016 00:00:00,7.76606,8.02492,7.76606,7.76606,43980
TYA,8/23/2016 00:00:00,7.8092,7.89549,7.59348,7.67977,78360
TYA,8/24/2016 00:00:00,7.63662,7.72291,7.55033,7.67977,27900
TYA,8/25/2016 00:00:00,7.67977,7.67977,7.55033,7.67977,50720
TYA,8/26/2016 00:00:00,7.67977,7.67977,7.50719,7.55033,23040
TYA,8/29/2016 00:00:00,7.55033,7.55033,7.29146,7.29146,66580
TYA,8/30/2016 00:00:00,7.37775,7.59348,7.29146,7.33461,37980
TYA,8/31/2016 00:00:00,7.33461,7.50719,7.29146,7.4209,27870
TYA,9/1/2016 00:00:00,7.55033,7.63662,7.37775,7.55033,38530
TYA,9/5/2016 00:00:00,7.37775,7.67977,7.33461,7.55033,37160
TYA,9/6/2016 00:00:00,7.4209,7.63662,7.4209,7.59348,33440
TYA,9/7/2016 00:00:00,7.59348,7.59348,7.4209,7.59348,13060
TYA,9/8/2016 00:00:00,7.63662,7.63662,7.4209,7.63662,34300
TYA,9/9/2016 00:00:00,7.63662,7.76606,7.50719,7.50719,21870
TYA,9/12/2016 00:00:00,7.50719,7.67977,7.33461,7.46404,23050
TYA,9/13/2016 00:00:00,7.4209,7.44247,7.29146,7.33461,44920
TYA,9/14/2016 00:00:00,7.37775,7.46404,7.16203,7.37775,67980
TYA,9/15/2016 00:00:00,7.33461,7.50719,7.29146,7.33461,18290
TYA,9/16/2016 00:00:00,7.11888,7.4209,7.11888,7.33461,15880
TYA,9/19/2016 00:00:00,7.4209,7.72291,7.24832,7.4209,25180
TYA,9/20/2016 00:00:00,7.4209,7.46404,7.4209,7.4209,11400
TYA,9/21/2016 00:00:00,7.33461,7.50719,7.33461,7.37775,37430
TYA,9/22/2016 00:00:00,7.4209,7.8092,7.4209,7.67977,54950
TYA,9/23/2016 00:00:00,7.89549,7.89549,7.72291,7.72291,17090
TYA,9/26/2016 00:00:00,7.8092,7.8092,7.46404,7.55033,25450
TYA,9/27/2016 00:00:00,7.65819,7.65819,7.46404,7.55033,16040
TYA,9/28/2016 00:00:00,7.65819,7.67977,7.33461,7.63662,31180
TYA,9/29/2016 00:00:00,7.67977,7.72291,7.55033,7.63662,10700
TYA,9/30/2016 00:00:00,7.63662,8.11121,7.59348,7.98178,130690
TYA,10/3/2016 00:00:00,8.08964,8.1975,7.98178,8.11121,123870
TYA,10/4/2016 00:00:00,8.06807,8.37008,8.02492,8.11121,100780
TYA,10/5/2016 00:00:00,8.11121,8.1975,8.0465,8.0465,46410
TYA,10/6/2016 00:00:00,8.0465,8.11121,7.91706,7.98178,34430
TYA,10/7/2016 00:00:00,8.02492,8.41323,7.98178,8.32694,114560
TYA,10/10/2016 00:00:00,8.41323,8.54266,7.98178,8.1975,31900
TYA,10/11/2016 00:00:00,8.11121,8.15436,7.63662,8.15436,44340
TYA,10/12/2016 00:00:00,8.15436,8.15436,7.67977,7.76606,73340
TYA,10/13/2016 00:00:00,7.76606,7.8092,7.55033,7.63662,34470
TYA,10/14/2016 00:00:00,7.59348,7.76606,7.59348,7.67977,23920
TYA,10/17/2016 00:00:00,7.8092,7.93863,7.48561,7.59348,45690
TYA,10/18/2016 00:00:00,7.59348,7.59348,7.24832,7.46404,132440
TYA,10/19/2016 00:00:00,7.5719,7.59348,7.29146,7.46404,91240
TYA,10/20/2016 00:00:00,7.50719,7.72291,7.35618,7.4209,13820
TYA,10/21/2016 00:00:00,7.33461,7.4209,7.11888,7.11888,55890
TYA,10/24/2016 00:00:00,7.03259,7.11888,6.88159,6.88159,73660
TYA,10/25/2016 00:00:00,7.03259,7.07574,6.81687,7.07574,26630
TYA,10/26/2016 00:00:00,6.90316,7.11888,6.90316,7.03259,14680
TYA,10/27/2016 00:00:00,6.77373,7.20517,6.77373,6.90316,37670
TYA,10/28/2016 00:00:00,6.90316,7.09731,6.77373,6.98945,11100
TYA,10/31/2016 00:00:00,7.16203,7.16203,6.77373,6.94631,5800
TYA,11/1/2016 00:00:00,6.81687,6.90316,6.73058,6.77373,30850
TYA,11/2/2016 00:00:00,6.77373,6.81687,6.51486,6.51486,34440
TYA,11/3/2016 00:00:00,6.558,6.68744,6.47171,6.53643,54040
TYA,11/4/2016 00:00:00,6.53643,6.68744,6.51486,6.68744,8300
TYA,11/7/2016 00:00:00,6.81687,6.81687,6.51486,6.57957,4760
TYA,11/8/2016 00:00:00,6.51486,6.60115,6.51486,6.51486,14460
TYA,11/9/2016 00:00:00,6.47171,6.66586,6.06184,6.34228,40320
TYA,11/10/2016 00:00:00,6.42857,6.68744,6.34228,6.68744,13680
TYA,11/11/2016 00:00:00,6.68744,6.68744,6.38542,6.60115,8120
TYA,11/14/2016 00:00:00,6.57957,6.57957,6.42857,6.51486,3610
TYA,11/15/2016 00:00:00,6.34228,6.60115,6.34228,6.47171,6270
TYA,11/16/2016 00:00:00,6.29913,6.42857,6.12655,6.407,28150
TYA,11/17/2016 00:00:00,6.19127,6.45014,6.19127,6.38542,7340
TYA,11/18/2016 00:00:00,6.21284,6.38542,6.21284,6.29913,20710
TYA,11/21/2016 00:00:00,6.1697,6.73058,6.1697,6.38542,11290
TYA,11/22/2016 00:00:00,6.47171,6.558,6.23442,6.558,27850
TYA,11/23/2016 00:00:00,6.558,6.558,6.38542,6.38542,7400
TYA,11/24/2016 00:00:00,6.558,6.558,6.29913,6.45014,2170
TYA,11/25/2016 00:00:00,6.32071,6.34228,6.08341,6.08341,14100
TYA,11/28/2016 00:00:00,6.42857,6.42857,5.67353,5.67353,50160
TYA,11/29/2016 00:00:00,5.9324,5.99712,5.60882,5.65196,72960
TYA,11/30/2016 00:00:00,5.99712,5.99712,5.56567,5.99712,31650
TYA,12/1/2016 00:00:00,5.82454,5.82454,5.58725,5.73825,46240
TYA,12/2/2016 00:00:00,5.43624,5.82454,5.43624,5.73825,3470
TYA,12/5/2016 00:00:00,5.56567,5.95398,5.56567,5.7814,8810
TYA,12/6/2016 00:00:00,5.65196,5.9324,5.52253,5.60882,17350
TYA,12/7/2016 00:00:00,5.67353,5.82454,5.52253,5.73825,3580
TYA,12/8/2016 00:00:00,5.7814,5.7814,5.52253,5.52253,10430
TYA,12/9/2016 00:00:00,5.60882,5.60882,5.19894,5.19894,26290
TYA,12/12/2016 00:00:00,5.19894,5.19894,4.85378,4.85378,131090
TYA,12/13/2016 00:00:00,4.85378,5.04794,4.5302,4.5302,177620
TYA,12/14/2016 00:00:00,4.61649,4.83221,4.27133,4.83221,250970
TYA,12/15/2016 00:00:00,5.00479,5.1558,4.9185,5.1558,100970
TYA,12/16/2016 00:00:00,5.39309,5.39309,5.00479,5.00479,35990
TYA,12/19/2016 00:00:00,4.87536,5.13423,4.87536,5.00479,48940
TYA,12/20/2016 00:00:00,4.87536,4.96165,4.65963,4.65963,84830
TYA,12/21/2016 00:00:00,4.74592,4.96165,4.5302,4.74592,31010
TYA,12/22/2016 00:00:00,4.96165,4.96165,4.70278,4.74592,57940
TYA,12/23/2016 00:00:00,4.65963,4.83221,4.57334,4.65963,57500
TYA,12/26/2016 00:00:00,4.74592,4.74592,4.48705,4.48705,29190
TYA,12/27/2016 00:00:00,4.5302,4.65963,4.48705,4.65963,14660
TYA,12/28/2016 00:00:00,4.5302,4.65963,4.5302,4.65963,2400
TYA,12/29/2016 00:00:00,4.57334,4.70278,4.55177,4.55177,25930
TYA,12/30/2016 00:00:00,4.57334,4.65963,4.55177,4.57334,18370
TYA,1/3/2017 00:00:00,4.70278,4.70278,4.48705,4.50863,27610
TYA,1/4/2017 00:00:00,4.48705,4.57334,4.44391,4.48705,20810
TYA,1/5/2017 00:00:00,4.5302,4.5302,4.42234,4.48705,31300
TYA,1/6/2017 00:00:00,4.57334,4.57334,4.48705,4.5302,35840
TYA,1/9/2017 00:00:00,4.72435,4.72435,4.5302,4.57334,24530
TYA,1/10/2017 00:00:00,4.55177,4.68121,4.48705,4.65963,94930
TYA,1/11/2017 00:00:00,4.65963,4.98322,4.65963,4.98322,84650
TYA,1/12/2017 00:00:00,5.04794,5.32838,5.04794,5.26366,211140
TYA,1/13/2017 00:00:00,5.26366,5.43624,5.09108,5.26366,70850
TYA,1/16/2017 00:00:00,5.00479,5.26366,5.00479,5.06951,15990
TYA,1/17/2017 00:00:00,4.98322,5.09108,4.96165,5.02636,53560
TYA,1/18/2017 00:00:00,4.98322,5.04794,4.70278,4.70278,43980
TYA,1/19/2017 00:00:00,4.37919,4.63806,4.37919,4.55177,340780
TYA,1/20/2017 00:00:00,4.61649,4.61649,4.27133,4.48705,17830
TYA,1/23/2017 00:00:00,4.2325,4.40076,4.2325,4.40076,56340
TYA,1/24/2017 00:00:00,4.59492,4.59492,4.35762,4.46548,40560
TYA,1/25/2017 00:00:00,4.5302,4.70278,4.35762,4.70278,67810
TYA,2/2/2017 00:00:00,4.83221,4.83221,4.57334,4.57334,18780
TYA,2/3/2017 00:00:00,4.57334,4.65963,4.48705,4.65963,68120
TYA,2/6/2017 00:00:00,4.65963,4.65963,4.48705,4.5302,20050
TYA,2/7/2017 00:00:00,4.61649,4.78907,4.5302,4.68121,25590
TYA,2/8/2017 00:00:00,4.68121,4.68121,4.5302,4.68121,7010
TYA,2/9/2017 00:00:00,4.68121,4.68121,4.57334,4.57334,8320
TYA,2/10/2017 00:00:00,4.70278,4.70278,4.46548,4.57334,60720
TYA,2/13/2017 00:00:00,4.44391,4.70278,4.44391,4.61649,2380
TYA,2/14/2017 00:00:00,4.70278,4.70278,4.48705,4.59492,29590
TYA,2/15/2017 00:00:00,4.57334,4.59492,4.48705,4.5302,16640
TYA,2/16/2017 00:00:00,4.5302,4.5302,4.44391,4.44391,26830
TYA,2/17/2017 00:00:00,4.44391,4.44391,4.22819,4.27133,116940
TYA,2/20/2017 00:00:00,4.31448,4.55177,4.22819,4.5302,79230
TYA,2/21/2017 00:00:00,4.61649,4.61649,4.40076,4.44391,41300
TYA,2/22/2017 00:00:00,4.44391,4.48705,4.44391,4.46548,43030
TYA,2/23/2017 00:00:00,4.5302,4.5302,4.40076,4.44391,34330
TYA,2/24/2017 00:00:00,4.5302,4.57334,4.37919,4.37919,28870
TYA,2/27/2017 00:00:00,4.48705,4.5302,4.33605,4.5302,7740
TYA,2/28/2017 00:00:00,4.57334,4.57334,4.48705,4.48705,18400
TYA,3/1/2017 00:00:00,4.5302,4.55177,4.44391,4.5302,31770
TYA,3/2/2017 00:00:00,4.44391,4.5302,4.37919,4.5302,6180
TYA,3/3/2017 00:00:00,4.44391,4.5302,4.31448,4.31448,14230
TYA,3/6/2017 00:00:00,4.18504,4.5302,4.18504,4.42234,7480
TYA,3/7/2017 00:00:00,4.50863,4.50863,4.50863,4.50863,1100
TYA,3/8/2017 00:00:00,4.48705,4.5302,4.35762,4.50863,9810
TYA,3/9/2017 00:00:00,4.5302,4.5302,4.37919,4.48705,3080
TYA,3/10/2017 00:00:00,4.44391,4.44391,4.33605,4.33605,34740
TYA,3/13/2017 00:00:00,4.5302,4.5302,4.31448,4.44391,25830
TYA,3/14/2017 00:00:00,4.2929,4.40076,4.2929,4.40076,2970
TYA,3/15/2017 00:00:00,4.35762,4.50863,4.35762,4.48705,5440
TYA,3/16/2017 00:00:00,4.35762,4.48705,4.35762,4.46548,7740
TYA,3/17/2017 00:00:00,4.35762,4.46548,4.31448,4.46548,40830
TYA,3/20/2017 00:00:00,4.46548,4.46548,4.35762,4.44391,6120
TYA,3/21/2017 00:00:00,4.35762,4.44391,4.35762,4.40076,6970
TYA,3/22/2017 00:00:00,4.44391,4.61649,4.35762,4.44391,9510
TYA,3/23/2017 00:00:00,4.48705,4.48705,4.33605,4.44391,8380
TYA,3/24/2017 00:00:00,4.48705,4.48705,4.37919,4.46548,14310
TYA,3/27/2017 00:00:00,4.46548,4.55177,4.46548,4.46548,64760
TYA,3/28/2017 00:00:00,4.48705,4.7675,4.46548,4.7675,99340
TYA,3/29/2017 00:00:00,4.96165,5.09108,4.94007,5.09108,140420
TYA,3/30/2017 00:00:00,5.43624,5.43624,5.09108,5.09108,118630
TYA,3/31/2017 00:00:00,5.00479,5.00479,4.78907,4.81064,36770
TYA,4/3/2017 00:00:00,4.74592,4.94007,4.70278,4.89693,25940
TYA,4/4/2017 00:00:00,4.78907,4.89693,4.65963,4.65963,73240
TYA,4/5/2017 00:00:00,4.61649,4.87536,4.59492,4.72435,39780
TYA,4/7/2017 00:00:00,4.72435,4.72435,4.59492,4.70278,16350
TYA,4/10/2017 00:00:00,4.87536,4.87536,4.55177,4.78907,44050
TYA,4/11/2017 00:00:00,4.78907,4.83221,4.70278,4.83221,46260
TYA,4/12/2017 00:00:00,5.00479,5.04794,4.70278,4.9185,56040
TYA,4/13/2017 00:00:00,4.9185,4.9185,4.65963,4.65963,40550
TYA,4/14/2017 00:00:00,4.9185,4.9185,4.59492,4.70278,73570
TYA,4/17/2017 00:00:00,4.74592,4.74592,4.57334,4.57334,16110
TYA,4/18/2017 00:00:00,4.74592,4.74592,4.5302,4.61649,22550
TYA,4/19/2017 00:00:00,4.70278,4.74592,4.57334,4.74592,19690
TYA,4/20/2017 00:00:00,4.70278,4.70278,4.57334,4.70278,19550
TYA,4/21/2017 00:00:00,4.61649,4.74592,4.57334,4.65963,28220
TYA,4/24/2017 00:00:00,4.72435,4.74592,4.44391,4.74592,42930
TYA,4/25/2017 00:00:00,4.74592,4.9185,4.65963,4.83221,12070
TYA,4/26/2017 00:00:00,4.81064,4.81064,4.5302,4.74592,11310
TYA,4/27/2017 00:00:00,4.78907,4.94007,4.63806,4.83221,10530
TYA,4/28/2017 00:00:00,4.83221,4.87536,4.72435,4.83221,15360
TYA,5/3/2017 00:00:00,4.9185,4.9185,4.57334,4.83221,20120
TYA,5/4/2017 00:00:00,4.70278,4.78907,4.63806,4.78907,18000
TYA,5/5/2017 00:00:00,4.7675,4.7675,4.61649,4.74592,27150
TYA,5/8/2017 00:00:00,4.65963,4.72435,4.65963,4.70278,7990
TYA,5/9/2017 00:00:00,4.72435,4.9185,4.68121,4.74592,14520
TYA,5/10/2017 00:00:00,4.70278,4.78907,4.65963,4.74592,28220
TYA,5/11/2017 00:00:00,4.72435,4.72435,4.68121,4.72435,26090
TYA,5/12/2017 00:00:00,4.72435,4.78907,4.65963,4.74592,2680
TYA,5/15/2017 00:00:00,4.65963,4.74592,4.61649,4.74592,18890
TYA,5/16/2017 00:00:00,4.74592,4.74592,4.65963,4.72435,9620
TYA,5/17/2017 00:00:00,4.72435,4.81064,4.70278,4.78907,30680
TYA,5/18/2017 00:00:00,4.83221,4.83221,4.74592,4.83221,11140
TYA,5/19/2017 00:00:00,4.74592,4.9185,4.70278,4.9185,26790
TYA,5/22/2017 00:00:00,4.96165,4.96165,4.74592,4.87536,25430
TYA,5/23/2017 00:00:00,4.78907,4.78907,4.70278,4.70278,23980
TYA,5/24/2017 00:00:00,4.70278,4.87536,4.68121,4.81064,22170
TYA,5/25/2017 00:00:00,4.70278,4.81064,4.70278,4.81064,15470
TYA,5/26/2017 00:00:00,4.72435,4.78907,4.72435,4.78907,5110
TYA,5/29/2017 00:00:00,4.70278,4.9185,4.65963,4.7675,11130
TYA,5/30/2017 00:00:00,4.72435,4.74592,4.65963,4.65963,45920
TYA,5/31/2017 00:00:00,4.89693,4.98322,4.7675,4.9185,63850
TYA,6/1/2017 00:00:00,4.87536,5.24209,4.87536,5.24209,164080
TYA,6/2/2017 00:00:00,5.39309,5.56567,5.34995,5.5441,121120
TYA,6/5/2017 00:00:00,5.5441,5.5441,5.34995,5.39309,39780
TYA,6/6/2017 00:00:00,5.26366,5.39309,5.17737,5.34995,45610
TYA,6/7/2017 00:00:00,5.22052,5.32838,5.22052,5.26366,22230
TYA,6/8/2017 00:00:00,5.26366,5.43624,5.22052,5.34995,81750
TYA,6/9/2017 00:00:00,5.39309,5.39309,5.26366,5.34995,19520
TYA,6/12/2017 00:00:00,5.34995,5.43624,5.17737,5.43624,44350
TYA,6/13/2017 00:00:00,5.48393,5.48393,5.19781,5.24549,36140
TYA,6/14/2017 00:00:00,5.07859,5.24549,5.07859,5.07859,24700
TYA,6/15/2017 00:00:00,5.07859,5.15012,5.00706,5.10243,30080
TYA,6/16/2017 00:00:00,5.19781,5.19781,5.05475,5.07859,15680
TYA,6/19/2017 00:00:00,5.24549,5.24549,5.03091,5.05475,10920
TYA,6/20/2017 00:00:00,5.05475,5.10243,4.93553,5.00706,17370
TYA,6/21/2017 00:00:00,4.95938,4.95938,4.864,4.88785,13580
TYA,6/22/2017 00:00:00,4.84016,5.00706,4.74002,4.88785,28440
TYA,6/23/2017 00:00:00,5.05475,5.05475,4.81632,4.91169,1080
TYA,6/26/2017 00:00:00,5.05475,5.05475,4.76863,4.91169,40810
TYA,6/27/2017 00:00:00,4.76863,4.864,4.67326,4.864,48680
TYA,6/28/2017 00:00:00,4.76863,4.864,4.75909,4.864,6730
TYA,6/29/2017 00:00:00,4.79247,4.864,4.76863,4.864,4440
TYA,6/30/2017 00:00:00,4.81632,4.864,4.76863,4.864,12330
TYA,7/3/2017 00:00:00,5.00706,5.00706,4.76863,4.91169,4120
TYA,7/4/2017 00:00:00,4.91169,4.95938,4.76863,4.76863,11560
TYA,7/5/2017 00:00:00,4.76863,4.95938,4.72094,4.93553,8630
TYA,7/6/2017 00:00:00,4.98322,4.98322,4.81632,4.864,17040
TYA,7/7/2017 00:00:00,4.95938,5.00706,4.84016,4.864,27540
TYA,7/10/2017 00:00:00,4.95938,4.95938,4.81632,4.81632,18790
TYA,7/11/2017 00:00:00,4.76863,4.88785,4.76863,4.81632,10020
TYA,7/12/2017 00:00:00,4.76863,4.864,4.76863,4.81632,14210
TYA,7/13/2017 00:00:00,4.76863,4.93553,4.76386,4.76863,8510
TYA,7/14/2017 00:00:00,4.88785,4.95938,4.84016,4.95938,18850
TYA,7/17/2017 00:00:00,4.81632,4.88785,4.81632,4.864,2960
TYA,7/18/2017 00:00:00,4.76863,4.98322,4.76863,4.81632,6970
TYA,7/19/2017 00:00:00,4.93553,4.93553,4.76863,4.88785,4080
TYA,7/20/2017 00:00:00,4.79247,4.91169,4.76863,4.88785,3820
TYA,7/21/2017 00:00:00,4.91169,5.22165,4.91169,5.15012,68130
TYA,7/24/2017 00:00:00,5.15012,5.34087,4.79247,5.15012,49760
TYA,7/25/2017 00:00:00,5.15012,5.19781,4.79247,5.10243,91430
TYA,7/26/2017 00:00:00,5.10243,5.10243,4.864,5.00706,16880
TYA,7/27/2017 00:00:00,4.91169,4.98322,4.81632,4.98322,38280
TYA,7/28/2017 00:00:00,4.81632,5.17396,4.81632,5.17396,59570
TYA,7/31/2017 00:00:00,5.15012,5.24549,5.05475,5.17396,38280
TYA,8/1/2017 00:00:00,5.17396,5.29318,5.17396,5.29318,38920
TYA,8/2/2017 00:00:00,5.31702,5.48393,5.31702,5.43624,120290
TYA,8/3/2017 00:00:00,5.53161,5.53161,5.34087,5.48393,38240
TYA,8/4/2017 00:00:00,5.53161,5.53161,5.48393,5.53161,2000
TYA,8/7/2017 00:00:00,5.53161,5.53161,5.24549,5.48393,39610
TYA,8/8/2017 00:00:00,5.48393,5.53161,5.29318,5.43624,48690
TYA,8/9/2017 00:00:00,5.29318,5.79389,5.29318,5.50777,17640
TYA,8/10/2017 00:00:00,5.50777,5.5793,5.34087,5.34087,20440
TYA,8/11/2017 00:00:00,5.53161,5.69851,5.19781,5.48393,28470
TYA,8/14/2017 00:00:00,5.48393,5.48393,5.24549,5.48393,21120
TYA,8/15/2017 00:00:00,5.72236,5.72236,5.24549,5.48393,14910
TYA,8/16/2017 00:00:00,5.29318,5.48393,5.24549,5.24549,20010
TYA,8/17/2017 00:00:00,5.10243,5.43624,5.10243,5.34087,27320
TYA,8/18/2017 00:00:00,5.34087,5.48393,5.24549,5.48393,36770
TYA,8/21/2017 00:00:00,5.48393,5.48393,5.29318,5.38855,320
TYA,8/22/2017 00:00:00,5.24549,5.38855,5.24549,5.38855,70
TYA,8/23/2017 00:00:00,5.19781,5.38855,5.19781,5.38855,3910
TYA,8/24/2017 00:00:00,5.38855,5.38855,5.10243,5.38855,550
TYA,8/25/2017 00:00:00,5.24549,5.38855,5.24549,5.38855,1190
TYA,8/29/2017 00:00:00,5.07859,5.38855,5.07859,5.34087,1520
TYA,8/30/2017 00:00:00,5.62698,5.62698,5.19781,5.19781,8240
TYA,8/31/2017 00:00:00,5.34087,5.34087,5.29318,5.29318,2050
TYA,9/1/2017 00:00:00,5.29318,5.29318,5.29318,5.29318,580
TYA,9/5/2017 00:00:00,5.19781,5.24549,5.19781,5.24549,8470
TYA,9/6/2017 00:00:00,5.19781,5.29318,5.19781,5.29318,6370
TYA,9/7/2017 00:00:00,5.24549,5.29318,5.15012,5.24549,4630
TYA,9/8/2017 00:00:00,5.05475,5.24549,5.05475,5.24549,13930
TYA,9/11/2017 00:00:00,5.12628,5.24549,5.12628,5.24549,1020
TYA,9/12/2017 00:00:00,5.15012,5.19781,5.10243,5.19781,70
TYA,9/13/2017 00:00:00,5.19781,5.19781,5.19781,5.19781,7100
TYA,9/14/2017 00:00:00,5.19781,5.24549,5.10243,5.24549,5000
TYA,9/15/2017 00:00:00,5.07859,5.24549,5.07859,5.10243,10530
TYA,9/18/2017 00:00:00,5.34087,5.34087,5.15012,5.24549,1990
TYA,9/19/2017 00:00:00,5.24549,5.34087,5.07859,5.24549,5810
TYA,9/20/2017 00:00:00,5.24549,5.24549,5.10243,5.24549,4570
TYA,9/21/2017 00:00:00,5.10243,5.24549,5.10243,5.24549,8470
TYA,9/22/2017 00:00:00,5.38855,5.5793,5.10243,5.34087,5620
TYA,9/25/2017 00:00:00,5.15012,5.67467,5.15012,5.38855,5750
TYA,9/26/2017 00:00:00,5.24549,5.34087,5.24549,5.34087,590
TYA,9/27/2017 00:00:00,5.24549,5.34087,5.07859,5.07859,19820
TYA,9/28/2017 00:00:00,5.29318,5.29318,5.05475,5.24549,350
TYA,9/29/2017 00:00:00,5.29318,5.31702,5.07859,5.31702,9880
TYA,10/2/2017 00:00:00,5.05475,5.34087,5.05475,5.29318,370
TYA,10/3/2017 00:00:00,5.24549,5.24549,5.00706,5.24549,5530
TYA,10/5/2017 00:00:00,5.29318,5.29318,5.17396,5.24549,6010
TYA,10/9/2017 00:00:00,5.29318,5.29318,5.29318,5.29318,6430
TYA,10/10/2017 00:00:00,5.15012,5.34087,5.10243,5.29318,1580
TYA,10/11/2017 00:00:00,5.10243,5.19781,5.10243,5.19781,620
TYA,10/12/2017 00:00:00,5.34087,5.34087,5.07859,5.24549,120
TYA,10/13/2017 00:00:00,5.10243,5.24549,5.07859,5.19781,2780
TYA,10/16/2017 00:00:00,5.29318,5.48393,5.24549,5.29318,5530
TYA,10/17/2017 00:00:00,5.15012,5.38855,5.15012,5.34087,38650
TYA,10/18/2017 00:00:00,5.48393,5.65083,5.38855,5.62698,51170
TYA,10/19/2017 00:00:00,5.69851,5.69851,5.38855,5.5793,15890
TYA,10/20/2017 00:00:00,5.5793,5.5793,5.34087,5.55545,4370
TYA,10/23/2017 00:00:00,5.67467,5.67467,5.19781,5.48393,22600
TYA,10/24/2017 00:00:00,5.48393,5.53161,5.34087,5.48393,38610
TYA,10/25/2017 00:00:00,5.5793,5.5793,5.43624,5.48393,22240
TYA,10/26/2017 00:00:00,5.65083,5.65083,5.34087,5.43624,46660
TYA,10/27/2017 00:00:00,5.43624,5.43624,5.29318,5.38855,9740
TYA,10/30/2017 00:00:00,5.24549,5.43624,5.24549,5.38855,18580
TYA,10/31/2017 00:00:00,5.43624,5.62698,5.24549,5.62698,14470
TYA,11/1/2017 00:00:00,5.5793,5.62698,5.43624,5.43624,18330
TYA,11/2/2017 00:00:00,5.5793,5.5793,5.38855,5.43624,740
TYA,11/3/2017 00:00:00,5.48393,5.48393,5.24549,5.38855,8590
TYA,11/6/2017 00:00:00,5.48393,5.48393,5.24549,5.43624,15070
TYA,11/7/2017 00:00:00,5.38855,5.38855,5.24549,5.26934,7060
TYA,11/8/2017 00:00:00,5.38855,5.38855,5.24549,5.38855,8890
TYA,11/9/2017 00:00:00,5.38855,5.38855,5.24549,5.24549,15600
TYA,11/10/2017 00:00:00,5.38855,5.38855,5.10243,5.24549,49360
TYA,11/13/2017 00:00:00,5.38855,5.38855,5.19781,5.29318,12900
TYA,11/14/2017 00:00:00,5.38855,5.38855,5.10243,5.24549,23220
TYA,11/15/2017 00:00:00,5.29318,5.34087,5.24549,5.34087,10770
TYA,11/16/2017 00:00:00,5.38855,5.38855,5.19781,5.24549,22080
TYA,11/17/2017 00:00:00,5.36471,5.36471,5.15012,5.34087,150
TYA,11/20/2017 00:00:00,5.4124,5.4124,5.12628,5.12628,10070
TYA,11/21/2017 00:00:00,5.12628,5.29318,5.05475,5.29318,13660
TYA,11/22/2017 00:00:00,5.05475,5.24549,5.05475,5.24549,15540
TYA,11/23/2017 00:00:00,5.24549,5.24549,5.12628,5.24549,7870
TYA,11/24/2017 00:00:00,5.19781,5.24549,5.10243,5.22165,13910
TYA,11/27/2017 00:00:00,5.17396,5.24549,5.10243,5.24549,16270
TYA,11/28/2017 00:00:00,5.24549,5.24549,5.24549,5.24549,300
TYA,11/29/2017 00:00:00,5.15012,5.24549,5.10243,5.24549,35470
TYA,11/30/2017 00:00:00,5.29318,5.55545,5.10243,5.4124,28450
TYA,12/1/2017 00:00:00,5.38855,5.4124,5.24549,5.4124,2820
TYA,12/4/2017 00:00:00,5.34087,5.34087,5.24549,5.24549,16900
TYA,12/5/2017 00:00:00,5.15012,5.36471,5.15012,5.29318,8300
TYA,12/6/2017 00:00:00,5.24549,5.26934,5.24549,5.26934,7760
TYA,12/7/2017 00:00:00,5.26934,5.26934,5.24549,5.24549,20
TYA,12/8/2017 00:00:00,5.24549,5.24549,5.15012,5.24549,1050
TYA,12/11/2017 00:00:00,5.10243,5.24549,5.05475,5.19781,4190
TYA,12/12/2017 00:00:00,5.10243,5.19781,5.10243,5.19781,3360
TYA,12/13/2017 00:00:00,5.07859,5.22165,4.84016,5.15012,18770
TYA,12/14/2017 00:00:00,5.24549,5.24549,4.79247,5.19781,9360
TYA,12/15/2017 00:00:00,5.19781,5.29318,5.15012,5.15012,14660
TYA,12/18/2017 00:00:00,5.00706,5.15012,5.00706,5.15012,11550
TYA,12/19/2017 00:00:00,5.24549,5.24549,5.05475,5.24549,7240
TYA,12/20/2017 00:00:00,5.24549,5.24549,5.15012,5.19781,7450
TYA,12/21/2017 00:00:00,5.24549,5.24549,5.24549,5.24549,50
TYA,12/22/2017 00:00:00,5.19781,5.24549,5.10243,5.24549,7070
TYA,12/26/2017 00:00:00,5.10243,5.24549,5.10243,5.24549,40
TYA,12/27/2017 00:00:00,5.10243,5.24549,5.10243,5.24549,2130
TYA,12/28/2017 00:00:00,5.10243,5.19781,5.07859,5.19781,6930
TYA,12/29/2017 00:00:00,5.24549,5.24549,5.15012,5.24549,6640
TYA,1/2/2018 00:00:00,5.19781,5.29318,5.19781,5.19781,180
TYA,1/3/2018 00:00:00,5.19781,5.24549,5.15012,5.19781,19640
TYA,1/4/2018 00:00:00,5.15012,5.38855,5.15012,5.38855,8400
TYA,1/5/2018 00:00:00,5.48393,5.48393,5.15012,5.29318,9310
TYA,1/8/2018 00:00:00,5.38855,5.38855,5.19781,5.34087,2120
TYA,1/9/2018 00:00:00,5.19781,5.36471,5.10243,5.19781,8540
TYA,1/10/2018 00:00:00,5.36471,5.36471,5.19781,5.19781,8920
TYA,1/11/2018 00:00:00,5.36471,5.36471,5.19781,5.19781,64100
TYA,1/12/2018 00:00:00,5.36471,5.36471,5.24549,5.29318,6230
TYA,1/15/2018 00:00:00,5.38855,5.38855,5.24549,5.29318,30
TYA,1/16/2018 00:00:00,5.22165,5.24549,5.12628,5.24549,1510
TYA,1/17/2018 00:00:00,5.12628,5.29318,5.10243,5.24549,3910
TYA,1/18/2018 00:00:00,5.10243,5.24549,5.07859,5.24549,9890
TYA,1/19/2018 00:00:00,5.24549,5.38855,5.10243,5.31702,4840
TYA,1/22/2018 00:00:00,5.10243,5.31702,5.10243,5.24549,4860
TYA,1/25/2018 00:00:00,5.34087,5.34087,5.24549,5.29318,4430
TYA,1/26/2018 00:00:00,5.29318,5.34087,5.24549,5.24549,12850
TYA,1/29/2018 00:00:00,5.34087,5.5793,5.24549,5.38855,6330
TYA,1/30/2018 00:00:00,5.38855,5.5793,5.38855,5.53161,89150
TYA,1/31/2018 00:00:00,5.79389,5.79389,5.53161,5.53161,47630
TYA,2/1/2018 00:00:00,5.65083,5.65083,5.38855,5.53161,5930
TYA,2/2/2018 00:00:00,5.69851,5.69851,5.34087,5.53161,5410
TYA,2/5/2018 00:00:00,5.53161,5.53161,5.19781,5.43624,8280
TYA,2/6/2018 00:00:00,5.10243,5.53161,5.10243,5.43624,6890
TYA,2/7/2018 00:00:00,5.65083,5.65083,5.43624,5.43624,420
TYA,2/8/2018 00:00:00,5.60314,5.60314,5.19781,5.43624,1140
TYA,2/9/2018 00:00:00,5.43624,5.43624,5.24549,5.38855,8400
TYA,2/12/2018 00:00:00,5.38855,5.62698,5.19781,5.48393,2550
TYA,2/13/2018 00:00:00,5.38855,5.38855,5.24549,5.31702,11930
TYA,2/21/2018 00:00:00,5.46008,5.46008,5.29318,5.36471,13230
TYA,2/22/2018 00:00:00,5.4124,5.4124,5.24549,5.29318,33830
TYA,2/23/2018 00:00:00,5.19781,5.34087,5.19781,5.34087,12320
TYA,2/26/2018 00:00:00,5.4124,5.43624,5.29318,5.4124,12890
TYA,2/27/2018 00:00:00,5.24549,5.36471,5.22165,5.36471,7550
TYA,2/28/2018 00:00:00,5.4124,5.4124,5.31702,5.34087,18040
TYA,3/1/2018 00:00:00,5.34087,5.36471,5.29318,5.36471,390
TYA,3/2/2018 00:00:00,5.36471,5.36471,5.29318,5.34087,2030
TYA,3/5/2018 00:00:00,5.29318,5.34087,5.29318,5.34087,13230
TYA,3/6/2018 00:00:00,5.43624,5.43624,5.24549,5.38855,16370
TYA,3/7/2018 00:00:00,5.34087,5.38855,5.24549,5.38855,2540
TYA,3/8/2018 00:00:00,5.43624,5.43624,5.4124,5.43624,5210
TYA,3/9/2018 00:00:00,5.38855,5.48393,5.38855,5.48393,370
TYA,3/12/2018 00:00:00,5.43624,5.67467,5.43624,5.53161,2380
TYA,3/13/2018 00:00:00,5.48393,5.53161,5.31702,5.48393,4950
TYA,3/14/2018 00:00:00,5.48393,5.48393,5.48393,5.48393,440
TYA,3/15/2018 00:00:00,5.53161,5.53161,5.38855,5.38855,18600
TYA,3/16/2018 00:00:00,5.48393,5.48393,5.48393,5.48393,470
TYA,3/19/2018 00:00:00,5.86542,5.86542,5.48393,5.77004,38150
TYA,3/20/2018 00:00:00,5.62698,5.77004,5.62698,5.77004,210
TYA,3/21/2018 00:00:00,5.72236,6.10385,5.53161,5.81773,9110
TYA,3/22/2018 00:00:00,5.72236,5.72236,5.5793,5.67467,8340
TYA,3/23/2018 00:00:00,5.79389,5.79389,5.38855,5.62698,15670
TYA,3/26/2018 00:00:00,5.81773,5.81773,5.5793,5.77004,2040
TYA,3/27/2018 00:00:00,5.72236,5.77004,5.5793,5.72236,11210
TYA,3/28/2018 00:00:00,5.67467,5.7462,5.67467,5.72236,15640
TYA,3/29/2018 00:00:00,5.79389,5.79389,5.77004,5.77004,70
TYA,3/30/2018 00:00:00,5.77004,5.96079,5.72236,5.88926,7380
TYA,4/2/2018 00:00:00,6.05616,6.05616,5.81773,5.86542,4740
TYA,4/3/2018 00:00:00,5.77004,5.9131,5.77004,5.81773,11510
TYA,4/4/2018 00:00:00,5.96079,6.22306,5.9131,6.22306,132930
TYA,4/5/2018 00:00:00,6.65224,6.65224,6.65224,6.65224,45540
TYA,4/6/2018 00:00:00,7.10526,7.10526,7.10526,7.10526,69030
TYA,4/9/2018 00:00:00,7.58212,7.58212,7.58212,7.58212,24190
TYA,4/10/2018 00:00:00,8.10667,8.10667,7.70134,7.70134,333450
TYA,4/11/2018 00:00:00,7.72518,8.20204,7.70134,8.15436,106590
TYA,4/12/2018 00:00:00,8.39279,8.70275,8.10667,8.58354,78530
TYA,4/13/2018 00:00:00,8.77428,8.91734,8.20204,8.20204,116770
TYA,4/16/2018 00:00:00,7.96361,8.20204,7.72518,7.86824,58740
TYA,4/17/2018 00:00:00,7.86824,8.10667,7.62981,7.96361,45210
TYA,4/18/2018 00:00:00,7.96361,8.0113,7.82055,7.86824,43410
TYA,4/19/2018 00:00:00,7.82055,7.86824,7.62981,7.6775,59970
TYA,4/20/2018 00:00:00,7.6775,7.77287,7.62981,7.77287,47580
TYA,4/23/2018 00:00:00,7.31985,7.77287,7.24832,7.24832,106160
TYA,4/24/2018 00:00:00,6.84298,7.20063,6.74761,6.74761,52770
TYA,4/26/2018 00:00:00,6.72377,7.10526,6.48534,6.86683,39520
TYA,4/27/2018 00:00:00,7.296,7.296,6.53302,7.10526,9310
TYA,5/2/2018 00:00:00,7.20063,7.24832,6.67608,7.22448,11260
TYA,5/3/2018 00:00:00,7.22448,7.22448,6.86683,7.1291,6130
TYA,5/4/2018 00:00:00,7.10526,7.10526,6.86683,7.10526,8180
TYA,5/7/2018 00:00:00,6.74761,7.22448,6.74761,7.15295,11270
TYA,5/8/2018 00:00:00,7.15295,7.15295,6.77146,6.77146,29450
TYA,5/9/2018 00:00:00,6.77146,6.9622,6.74761,6.9622,11550
TYA,5/10/2018 00:00:00,6.81914,6.9622,6.77146,6.81914,11620
TYA,5/11/2018 00:00:00,6.9622,7.20063,6.81914,7.00989,130
TYA,5/14/2018 00:00:00,7.05757,7.05757,6.81914,6.84298,5300
TYA,5/15/2018 00:00:00,6.91451,6.9622,6.81914,6.91451,25810
TYA,5/16/2018 00:00:00,6.91451,6.93836,6.7953,6.93836,1730
TYA,5/17/2018 00:00:00,6.93836,6.9622,6.93836,6.9622,1730
TYA,5/18/2018 00:00:00,6.9622,7.15295,6.9622,7.08142,5310
TYA,5/21/2018 00:00:00,7.00989,7.08142,6.93836,7.05757,8250
TYA,5/22/2018 00:00:00,6.93836,7.05757,6.86683,6.91451,10970
TYA,5/23/2018 00:00:00,6.81914,7.05757,6.81914,6.9622,8660
TYA,5/24/2018 00:00:00,6.86683,7.03373,6.7953,6.9622,4540
TYA,5/25/2018 00:00:00,6.91451,6.9622,6.91451,6.91451,13510
TYA,5/28/2018 00:00:00,7.34369,7.34369,6.7953,7.10526,11290
TYA,5/29/2018 00:00:00,6.9622,7.24832,6.91451,6.9622,37750
TYA,5/30/2018 00:00:00,7.34369,7.34369,7.10526,7.24832,86650
TYA,5/31/2018 00:00:00,7.34369,7.74902,7.34369,7.60597,203860
TYA,6/1/2018 00:00:00,7.70134,7.72518,7.60597,7.62981,31350
TYA,6/4/2018 00:00:00,7.62981,7.72518,7.48675,7.6775,77600
TYA,6/5/2018 00:00:00,7.6775,7.72518,7.53444,7.53444,75600
TYA,6/6/2018 00:00:00,7.58212,7.62981,7.43906,7.62981,28930
TYA,6/7/2018 00:00:00,7.62981,7.62981,7.43906,7.43906,40020
TYA,6/8/2018 00:00:00,7.58212,7.60597,7.46291,7.46291,34610
TYA,6/11/2018 00:00:00,7.58212,7.62981,7.46291,7.53444,56420
TYA,6/12/2018 00:00:00,7.53444,7.58212,7.41522,7.58212,68340
TYA,6/13/2018 00:00:00,7.58212,7.6775,7.55828,7.6775,189040
TYA,6/14/2018 00:00:00,7.6775,7.6775,7.30508,7.33373,46250
TYA,6/15/2018 00:00:00,7.16184,7.64885,7.04725,7.64885,24010
TYA,6/18/2018 00:00:00,7.33373,7.39102,7.1332,7.36237,18190
TYA,6/19/2018 00:00:00,6.93266,6.93266,6.87537,6.87537,28680
TYA,6/20/2018 00:00:00,6.93266,6.93266,6.41701,6.41701,72430
TYA,6/21/2018 00:00:00,6.27377,6.50295,6.27377,6.44566,14990
TYA,6/22/2018 00:00:00,6.47431,6.47431,6.15918,6.44566,21560
TYA,6/25/2018 00:00:00,6.47431,6.47431,6.24513,6.24513,17130
TYA,6/26/2018 00:00:00,6.41701,6.41701,6.07324,6.24513,37020
TYA,6/27/2018 00:00:00,6.24513,6.67484,6.18783,6.50295,16030
TYA,6/28/2018 00:00:00,6.18783,6.5889,6.10189,6.44566,16940
TYA,6/29/2018 00:00:00,6.56025,6.56025,6.56025,6.56025,3030
TYA,7/2/2018 00:00:00,6.30242,6.5889,6.13054,6.5316,14190
TYA,7/3/2018 00:00:00,6.18783,6.30242,6.10189,6.21648,10150
TYA,7/4/2018 00:00:00,6.5889,6.5889,5.81542,6.27377,25470
TYA,7/5/2018 00:00:00,6.27377,6.5316,5.90136,6.30242,5550
TYA,7/6/2018 00:00:00,6.01595,6.21648,5.87271,6.18783,28380
TYA,7/9/2018 00:00:00,6.13054,6.15918,5.87271,5.87271,3310
TYA,7/10/2018 00:00:00,5.87271,6.10189,5.75812,5.95865,14660
TYA,7/11/2018 00:00:00,5.95865,5.95865,5.78677,5.78677,44440
TYA,7/12/2018 00:00:00,5.75812,5.90136,5.72947,5.78677,7960
TYA,7/13/2018 00:00:00,5.78677,5.90136,5.72947,5.84406,36560
TYA,7/16/2018 00:00:00,6.15918,6.15918,5.75812,5.95865,6580
TYA,7/17/2018 00:00:00,6.01595,6.01595,5.90136,6.01595,1280
TYA,7/18/2018 00:00:00,6.01595,6.01595,5.87271,6.01595,2320
TYA,7/19/2018 00:00:00,6.07324,6.27377,5.72947,6.13054,16580
TYA,7/20/2018 00:00:00,6.13054,6.27377,5.93001,6.13054,23290
TYA,7/23/2018 00:00:00,6.18783,6.18783,5.84406,6.13054,16330
TYA,7/24/2018 00:00:00,6.13054,6.13054,5.87271,5.90136,12340
TYA,7/25/2018 00:00:00,5.87271,6.13054,5.87271,5.9873,14080
TYA,7/26/2018 00:00:00,5.87271,6.07324,5.84406,5.84406,8080
TYA,7/27/2018 00:00:00,5.95865,5.95865,5.81542,5.95865,10980
TYA,7/30/2018 00:00:00,5.9873,5.9873,5.78677,5.9873,26550
TYA,7/31/2018 00:00:00,5.9873,5.9873,5.78677,5.95865,23460
TYA,8/1/2018 00:00:00,5.78677,5.95865,5.78677,5.78677,25040
TYA,8/2/2018 00:00:00,5.84406,5.9873,5.72947,5.84406,47530
TYA,8/3/2018 00:00:00,5.84406,5.93001,5.84406,5.90136,18310
TYA,8/6/2018 00:00:00,5.93001,6.01595,5.93001,5.9873,14550
TYA,8/7/2018 00:00:00,5.95865,6.01595,5.95865,5.9873,8420
TYA,8/8/2018 00:00:00,6.01595,6.15918,5.9873,6.0446,5460
TYA,8/9/2018 00:00:00,6.0446,6.10189,6.0446,6.07324,19600
TYA,8/10/2018 00:00:00,6.15918,6.15918,6.07324,6.13054,20680
TYA,8/13/2018 00:00:00,6.18783,6.27377,6.13054,6.24513,18220
TYA,8/14/2018 00:00:00,6.30242,6.30242,6.18783,6.21648,16310
TYA,8/15/2018 00:00:00,6.18783,6.21648,6.18783,6.18783,31520
TYA,8/16/2018 00:00:00,6.13054,6.18783,6.13054,6.13054,2640
TYA,8/17/2018 00:00:00,6.21648,6.21648,6.18783,6.18783,1050
TYA,8/20/2018 00:00:00,6.18783,6.21648,6.01595,6.21648,3080
TYA,8/21/2018 00:00:00,6.21648,6.21648,5.90136,6.15918,4120
TYA,8/22/2018 00:00:00,6.18783,6.18783,6.01595,6.01595,12570
TYA,8/23/2018 00:00:00,5.90136,6.07324,5.90136,5.95865,8440
TYA,8/24/2018 00:00:00,6.0446,6.0446,6.01595,6.01595,10310
TYA,8/27/2018 00:00:00,6.13054,6.13054,6.07324,6.07324,12610
TYA,8/28/2018 00:00:00,6.07324,6.07324,6.01595,6.01595,2940
TYA,8/29/2018 00:00:00,6.01595,6.07324,5.95865,6.01595,7520
TYA,8/30/2018 00:00:00,6.10189,6.10189,5.95865,6.01595,9410
TYA,8/31/2018 00:00:00,6.01595,6.0446,5.93001,6.01595,14480
TYA,9/4/2018 00:00:00,5.95865,5.95865,5.84406,5.87271,45820
TYA,9/5/2018 00:00:00,6.07324,6.07324,5.55759,5.90136,22550
TYA,9/6/2018 00:00:00,5.78677,5.95865,5.78677,5.93001,5140
TYA,9/7/2018 00:00:00,5.87271,6.01595,5.87271,5.9873,3500
TYA,9/10/2018 00:00:00,5.9873,5.9873,5.90136,5.93001,7750
TYA,9/11/2018 00:00:00,5.90136,5.93001,5.87271,5.87271,8290
TYA,9/12/2018 00:00:00,6.01595,6.01595,5.87271,5.9873,16880
TYA,9/13/2018 00:00:00,5.9873,6.01595,5.84406,6.01595,4700
TYA,9/14/2018 00:00:00,5.95865,6.0446,5.90136,5.9873,2550
TYA,9/17/2018 00:00:00,5.90136,5.9873,5.84406,5.95865,6120
TYA,9/18/2018 00:00:00,5.84406,5.95865,5.84406,5.95865,7330
TYA,9/19/2018 00:00:00,5.95865,5.95865,5.90136,5.90136,1420
TYA,9/20/2018 00:00:00,5.93001,5.95865,5.84406,5.95865,7890
TYA,9/21/2018 00:00:00,5.95865,5.95865,5.87271,5.95865,4540
TYA,9/24/2018 00:00:00,5.87271,5.95865,5.87271,5.95865,1020
TYA,9/25/2018 00:00:00,5.95865,5.95865,5.90136,5.95865,4600
TYA,9/26/2018 00:00:00,5.90136,5.95865,5.90136,5.90136,5250
TYA,9/27/2018 00:00:00,5.90136,5.93001,5.84406,5.90136,33470
TYA,9/28/2018 00:00:00,5.90136,5.95865,5.87271,5.87271,9330
TYA,10/1/2018 00:00:00,5.95865,6.01595,5.95865,5.9873,5880
TYA,10/2/2018 00:00:00,5.9873,5.9873,5.84406,5.95865,28590
TYA,10/3/2018 00:00:00,5.93001,5.95865,5.90136,5.95865,4330
TYA,10/4/2018 00:00:00,5.9873,5.9873,5.90136,5.95865,430
TYA,10/5/2018 00:00:00,5.90136,5.95865,5.90136,5.93001,3250
TYA,10/8/2018 00:00:00,5.90136,5.95865,5.87271,5.95865,15540
TYA,10/9/2018 00:00:00,5.90136,6.30242,5.90136,6.13054,10390
TYA,10/10/2018 00:00:00,6.07324,6.18783,6.07324,6.18783,19750
TYA,10/11/2018 00:00:00,6.18783,6.18783,5.95865,6.13054,5400
TYA,10/12/2018 00:00:00,6.01595,6.13054,5.95865,6.07324,1190
TYA,10/15/2018 00:00:00,5.9873,6.07324,5.95865,6.07324,5010
TYA,10/16/2018 00:00:00,5.90136,6.18783,5.72947,6.01595,29810
TYA,10/17/2018 00:00:00,6.07324,6.30242,6.07324,6.21648,13860
TYA,10/18/2018 00:00:00,6.07324,6.24513,6.07324,6.24513,1640
TYA,10/19/2018 00:00:00,6.0446,6.24513,5.95865,6.0446,14460
TYA,10/22/2018 00:00:00,6.18783,6.18783,6.13054,6.15918,3860
TYA,10/23/2018 00:00:00,6.13054,6.13054,6.01595,6.13054,3340
TYA,10/24/2018 00:00:00,6.13054,6.13054,5.84406,5.87271,6450
TYA,10/25/2018 00:00:00,5.78677,5.87271,5.78677,5.87271,8290
TYA,10/26/2018 00:00:00,5.84406,6.01595,5.84406,6.01595,1950
TYA,10/29/2018 00:00:00,5.84406,6.01595,5.72947,6.01595,10010
TYA,10/30/2018 00:00:00,6.01595,6.01595,6.01595,6.01595,100
TYA,10/31/2018 00:00:00,6.01595,6.30242,5.87271,6.24513,11640
TYA,11/1/2018 00:00:00,6.18783,6.18783,5.95865,6.18783,2620
TYA,11/2/2018 00:00:00,5.90136,6.15918,5.81542,6.15918,17150
TYA,11/5/2018 00:00:00,5.78677,6.07324,5.78677,6.0446,6110
TYA,11/6/2018 00:00:00,6.0446,6.15918,5.90136,6.01595,2640
TYA,11/7/2018 00:00:00,6.01595,6.01595,6.01595,6.01595,3500
TYA,11/8/2018 00:00:00,6.01595,6.01595,5.84406,6.01595,5180
TYA,11/9/2018 00:00:00,6.10189,6.10189,5.87271,5.9873,80
TYA,11/12/2018 00:00:00,6.10189,6.10189,5.87271,5.9873,130
TYA,11/13/2018 00:00:00,5.87271,5.95865,5.87271,5.95865,470
TYA,11/14/2018 00:00:00,5.90136,5.95865,5.90136,5.95865,490
TYA,11/15/2018 00:00:00,5.75812,5.95865,5.75812,5.95865,1400
TYA,11/16/2018 00:00:00,5.93001,5.95865,5.84406,5.95865,180
TYA,11/19/2018 00:00:00,5.90136,5.90136,5.90136,5.90136,10
TYA,11/20/2018 00:00:00,5.78677,5.95865,5.78677,5.90136,330
TYA,11/21/2018 00:00:00,5.90136,5.90136,5.90136,5.90136,160
TYA,11/22/2018 00:00:00,5.81542,5.95865,5.72947,5.95865,5990
TYA,11/23/2018 00:00:00,5.78677,5.93001,5.78677,5.93001,120
TYA,11/26/2018 00:00:00,5.78677,5.95865,5.72947,5.95865,320
TYA,11/28/2018 00:00:00,5.84406,5.93001,5.84406,5.93001,3680
TYA,11/29/2018 00:00:00,5.84406,5.93001,5.84406,5.93001,2510
TYA,11/30/2018 00:00:00,5.90136,6.01595,5.90136,6.01595,9850
TYA,12/3/2018 00:00:00,5.90136,6.01595,5.90136,5.9873,400
TYA,12/4/2018 00:00:00,5.84406,5.9873,5.78677,5.84406,5040
TYA,12/5/2018 00:00:00,5.93001,5.95865,5.93001,5.93001,8150
TYA,12/6/2018 00:00:00,5.95865,6.24513,5.95865,6.24513,1490
TYA,12/7/2018 00:00:00,5.9873,5.9873,5.84406,5.93001,2760
TYA,12/10/2018 00:00:00,6.01595,6.01595,6.01595,6.01595,1130
TYA,12/11/2018 00:00:00,6.18783,6.18783,5.90136,6.01595,6330
TYA,12/12/2018 00:00:00,6.01595,6.01595,6.01595,6.01595,12020
TYA,12/13/2018 00:00:00,6.01595,6.0446,5.95865,6.01595,4210
TYA,12/14/2018 00:00:00,6.01595,6.0446,6.01595,6.0446,8060
TYA,12/17/2018 00:00:00,6.01595,6.0446,5.95865,6.01595,9030
TYA,12/18/2018 00:00:00,6.0446,6.10189,5.95865,6.01595,2260
TYA,12/19/2018 00:00:00,6.01595,6.13054,5.9873,6.01595,8980
TYA,12/20/2018 00:00:00,6.01595,6.10189,5.95865,6.0446,2990
TYA,12/21/2018 00:00:00,6.01595,6.01595,6.01595,6.01595,7100
TYA,12/24/2018 00:00:00,6.10189,6.15918,6.10189,6.13054,14780
TYA,12/25/2018 00:00:00,6.01595,6.15918,6.01595,6.13054,2650
TYA,12/26/2018 00:00:00,6.01595,6.07324,6.01595,6.07324,1030
TYA,12/27/2018 00:00:00,6.07324,6.13054,6.01595,6.13054,2130
TYA,12/28/2018 00:00:00,6.18783,6.18783,6.13054,6.13054,2520
TYA,1/2/2019 00:00:00,6.18783,6.18783,6.13054,6.13054,2010
TYA,1/3/2019 00:00:00,6.13054,6.18783,5.78677,6.13054,3010
TYA,1/4/2019 00:00:00,6.13054,6.13054,6.13054,6.13054,500
TYA,1/7/2019 00:00:00,6.13054,6.13054,6.01595,6.13054,1610
TYA,1/8/2019 00:00:00,6.01595,6.13054,6.01595,6.13054,3700
TYA,1/9/2019 00:00:00,6.07324,6.10189,6.07324,6.10189,5500
TYA,1/10/2019 00:00:00,6.10189,6.10189,6.10189,6.10189,1000
TYA,1/11/2019 00:00:00,6.10189,6.13054,6.01595,6.10189,520
TYA,1/14/2019 00:00:00,6.01595,6.10189,6.01595,6.10189,3500
TYA,1/15/2019 00:00:00,6.10189,6.10189,5.95865,6.07324,1430
TYA,1/16/2019 00:00:00,5.84406,6.07324,5.84406,6.07324,7240
TYA,1/17/2019 00:00:00,6.07324,6.07324,6.07324,6.07324,50
TYA,1/18/2019 00:00:00,5.90136,6.07324,5.90136,6.07324,2030
TYA,1/21/2019 00:00:00,5.87271,6.01595,5.87271,6.01595,750
TYA,1/22/2019 00:00:00,5.93001,6.30242,5.93001,6.07324,12240
TYA,1/23/2019 00:00:00,6.18783,6.27377,6.18783,6.27377,660
TYA,1/25/2019 00:00:00,5.87271,6.24513,5.87271,6.24513,410
TYA,1/28/2019 00:00:00,6.24513,6.24513,6.24513,6.24513,10
TYA,1/29/2019 00:00:00,6.24513,6.24513,6.13054,6.24513,2210
TYA,1/30/2019 00:00:00,6.30242,6.30242,6.18783,6.27377,2340
TYA,1/31/2019 00:00:00,6.35972,6.35972,6.24513,6.24513,3820
TYA,2/1/2019 00:00:00,6.30242,6.67484,6.24513,6.5889,26070
TYA,2/11/2019 00:00:00,6.5889,6.5889,6.35972,6.35972,2610
TYA,2/12/2019 00:00:00,6.30242,6.35972,6.24513,6.35972,4380
TYA,2/13/2019 00:00:00,6.30242,6.5889,6.24513,6.35972,7000
TYA,2/14/2019 00:00:00,6.35972,6.5889,6.35972,6.5316,4360
TYA,2/15/2019 00:00:00,6.5316,6.5316,6.33107,6.33107,9060
TYA,2/18/2019 00:00:00,6.47431,6.76078,6.35972,6.5316,5690
TYA,2/19/2019 00:00:00,6.50295,6.5316,6.33107,6.5316,10090
TYA,2/20/2019 00:00:00,6.47431,6.93266,6.47431,6.76078,3270
TYA,2/21/2019 00:00:00,6.5889,6.70348,6.47431,6.56025,6930
TYA,2/22/2019 00:00:00,6.64619,6.64619,6.5889,6.61754,540
TYA,2/25/2019 00:00:00,6.87537,6.87537,6.81807,6.81807,5610
TYA,2/26/2019 00:00:00,6.87537,6.87537,6.5889,6.81807,2210
TYA,2/27/2019 00:00:00,6.84672,6.84672,6.64619,6.78943,10560
TYA,2/28/2019 00:00:00,6.78943,6.78943,6.64619,6.64619,5190
TYA,3/1/2019 00:00:00,6.76078,6.87537,6.76078,6.81807,24110
TYA,3/4/2019 00:00:00,6.87537,6.93266,6.87537,6.93266,2980
TYA,3/5/2019 00:00:00,6.93266,6.93266,6.87537,6.93266,3390
TYA,3/6/2019 00:00:00,6.93266,6.93266,6.84672,6.93266,7330
TYA,3/7/2019 00:00:00,7.04725,7.04725,6.98996,7.01861,6060
TYA,3/8/2019 00:00:00,7.01861,7.01861,6.84672,7.01861,330
TYA,3/11/2019 00:00:00,7.01861,7.04725,7.01861,7.01861,5220
TYA,3/12/2019 00:00:00,6.87537,7.01861,6.81807,6.98996,6810
TYA,3/13/2019 00:00:00,6.87537,6.98996,6.81807,6.93266,7020
TYA,3/14/2019 00:00:00,6.93266,6.93266,6.76078,6.87537,4890
TYA,3/15/2019 00:00:00,6.87537,7.0759,6.87537,7.04725,8720
TYA,3/18/2019 00:00:00,7.04725,7.16184,6.98996,7.10455,5430
TYA,3/19/2019 00:00:00,7.0759,7.0759,6.98996,7.04725,2540
TYA,3/20/2019 00:00:00,6.98996,7.0759,6.98996,7.04725,6220
TYA,3/21/2019 00:00:00,7.01861,7.04725,7.01861,7.04725,2050
TYA,3/22/2019 00:00:00,7.10455,7.10455,6.98996,7.04725,4030
TYA,3/25/2019 00:00:00,7.04725,7.04725,7.01861,7.04725,9270
TYA,3/26/2019 00:00:00,7.01861,7.10455,7.01861,7.10455,2060
TYA,3/27/2019 00:00:00,7.10455,7.1332,7.04725,7.1332,19180
TYA,3/28/2019 00:00:00,7.16184,7.16184,7.10455,7.1332,2070
TYA,3/29/2019 00:00:00,7.16184,7.16184,7.10455,7.1332,5500
TYA,4/1/2019 00:00:00,7.16184,7.21914,7.16184,7.21914,13600
TYA,4/2/2019 00:00:00,7.24778,7.44832,7.21914,7.27643,22260
TYA,4/3/2019 00:00:00,7.27643,7.6202,7.27643,7.6202,18500
TYA,4/4/2019 00:00:00,7.79208,7.79208,7.6775,7.73479,3690
TYA,4/5/2019 00:00:00,7.73479,7.99262,7.73479,7.96397,11950
TYA,4/8/2019 00:00:00,7.96397,8.07856,7.6202,7.99262,18530
TYA,4/9/2019 00:00:00,7.99262,7.99262,7.96397,7.96397,2410
TYA,4/10/2019 00:00:00,7.90667,7.90667,7.79208,7.90667,7760
TYA,4/11/2019 00:00:00,7.96397,7.96397,7.87803,7.93532,4820
TYA,4/12/2019 00:00:00,8.02126,8.07856,7.96397,7.96397,2070
TYA,4/16/2019 00:00:00,8.07856,8.10721,7.93532,8.02126,15120
TYA,4/17/2019 00:00:00,8.13585,8.13585,7.73479,8.02126,4590
TYA,4/18/2019 00:00:00,7.96397,7.96397,7.73479,7.96397,7510
TYA,4/19/2019 00:00:00,7.87803,7.90667,7.87803,7.90667,6630
TYA,4/22/2019 00:00:00,7.93532,8.02126,7.93532,7.96397,26590
TYA,4/23/2019 00:00:00,7.96397,8.04991,7.93532,8.02126,18080
TYA,4/24/2019 00:00:00,8.02126,8.02126,7.90667,8.02126,11250
TYA,4/25/2019 00:00:00,7.96397,8.30774,7.93532,8.30774,28620
TYA,4/26/2019 00:00:00,8.30774,8.30774,7.90667,8.30774,18920
TYA,5/2/2019 00:00:00,8.25044,8.25044,8.02126,8.25044,11040
TYA,5/3/2019 00:00:00,8.13585,8.2218,8.02126,8.19315,11700
TYA,5/6/2019 00:00:00,7.96397,8.13585,7.84938,8.13585,1090
TYA,5/7/2019 00:00:00,8.13585,8.42233,8.02126,8.25044,50
TYA,5/8/2019 00:00:00,8.2218,8.2218,7.87803,7.87803,51910
TYA,5/9/2019 00:00:00,7.84938,8.10721,7.84938,8.04991,1150
TYA,5/10/2019 00:00:00,8.04991,8.04991,7.90667,8.04991,13960
TYA,5/13/2019 00:00:00,8.04991,8.04991,7.90667,8.02126,19450
TYA,5/14/2019 00:00:00,7.93532,8.02126,7.93532,7.93532,16170
TYA,5/15/2019 00:00:00,8.02126,8.02126,7.84938,7.99262,14380
TYA,5/16/2019 00:00:00,8.02126,8.07856,7.87803,7.87803,29260
TYA,5/17/2019 00:00:00,7.99262,7.99262,7.6775,7.84938,52990
TYA,5/20/2019 00:00:00,7.93532,7.93532,7.84938,7.93532,16550
TYA,5/21/2019 00:00:00,7.93532,8.02126,7.87803,7.87803,128140
TYA,5/22/2019 00:00:00,8.02126,8.02126,7.84938,7.99262,7860
TYA,5/23/2019 00:00:00,8.02126,8.02126,7.90667,7.99262,46720
TYA,5/24/2019 00:00:00,7.90667,7.96397,7.84938,7.84938,18700
TYA,5/27/2019 00:00:00,7.96397,7.96397,7.82073,7.93532,32300
TYA,5/28/2019 00:00:00,7.99262,7.99262,7.87803,7.96397,16550
TYA,5/29/2019 00:00:00,7.96397,7.96397,7.90667,7.96397,11150
TYA,5/30/2019 00:00:00,7.99262,7.99262,7.76344,7.96397,33010
TYA,5/31/2019 00:00:00,7.96397,7.96397,7.76344,7.87803,22970
TYA,6/3/2019 00:00:00,7.87803,7.90667,7.73479,7.90667,21860
TYA,6/4/2019 00:00:00,7.90667,7.90667,7.76344,7.90667,18170
TYA,6/5/2019 00:00:00,7.90667,7.90667,7.84938,7.90667,11060
TYA,6/6/2019 00:00:00,7.84938,7.87803,7.76344,7.84938,34300
TYA,6/7/2019 00:00:00,7.90667,7.90667,7.73479,7.84938,13180
TYA,6/10/2019 00:00:00,7.79208,8.13585,7.79208,7.84938,36940
TYA,6/11/2019 00:00:00,7.92833,7.92833,7.53356,7.76385,64160
TYA,6/12/2019 00:00:00,7.56646,7.63226,7.53356,7.63226,6420
TYA,6/13/2019 00:00:00,7.56646,7.69805,7.40197,7.40197,24200
TYA,6/14/2019 00:00:00,7.40197,7.53356,7.27038,7.53356,40230
TYA,6/17/2019 00:00:00,7.53356,7.63226,7.43487,7.56646,5780
TYA,6/18/2019 00:00:00,7.36907,7.59936,7.36907,7.36907,9660
TYA,6/19/2019 00:00:00,7.69805,7.69805,7.30328,7.50066,22890
TYA,6/20/2019 00:00:00,7.40197,7.50066,7.23748,7.46777,32710
TYA,6/21/2019 00:00:00,7.40197,7.40197,7.33618,7.33618,8550
TYA,6/24/2019 00:00:00,7.33618,7.46777,7.33618,7.40197,8440
TYA,6/25/2019 00:00:00,7.40197,7.40197,7.36907,7.40197,8900
TYA,6/26/2019 00:00:00,7.33618,7.43487,7.27038,7.40197,17340
TYA,6/27/2019 00:00:00,7.30328,7.43487,7.30328,7.43487,9130
TYA,6/28/2019 00:00:00,7.36907,7.46777,7.36907,7.43487,13470
TYA,7/1/2019 00:00:00,7.50066,7.69805,7.43487,7.59936,34600
TYA,7/2/2019 00:00:00,7.59936,7.63226,7.46777,7.59936,17950
TYA,7/3/2019 00:00:00,7.56646,7.63226,7.53356,7.63226,5320
TYA,7/4/2019 00:00:00,7.59936,7.63226,7.56646,7.63226,7380
TYA,7/5/2019 00:00:00,7.59936,7.63226,7.46777,7.59936,1700
TYA,7/8/2019 00:00:00,7.43487,7.66515,7.43487,7.66515,4200
TYA,7/9/2019 00:00:00,7.63226,7.69805,7.46777,7.66515,18630
TYA,7/10/2019 00:00:00,7.66515,7.76385,7.66515,7.76385,20180
TYA,7/11/2019 00:00:00,7.63226,7.82964,7.63226,7.82964,35440
TYA,7/12/2019 00:00:00,7.89544,8.05992,7.89544,8.05992,50010
TYA,7/15/2019 00:00:00,8.05992,8.32311,8.05992,8.29021,51120
TYA,7/16/2019 00:00:00,8.15862,8.32311,8.05992,8.32311,43680
TYA,7/17/2019 00:00:00,8.12572,8.356,8.12572,8.356,10300
TYA,7/18/2019 00:00:00,8.29021,8.356,8.12572,8.29021,19560
TYA,7/19/2019 00:00:00,8.32311,8.4547,8.29021,8.356,46580
TYA,7/22/2019 00:00:00,8.4218,8.61918,8.356,8.61918,64990
TYA,7/23/2019 00:00:00,8.61918,8.68498,8.4218,8.68498,16160
TYA,7/24/2019 00:00:00,8.48759,8.68498,8.22441,8.68498,34320
TYA,7/25/2019 00:00:00,8.52049,8.75078,8.48759,8.48759,44110
TYA,7/26/2019 00:00:00,8.4547,8.68498,8.4547,8.61918,16410
TYA,7/29/2019 00:00:00,8.68498,8.71788,8.55339,8.61918,22750
TYA,7/30/2019 00:00:00,8.61918,8.65208,8.48759,8.61918,17750
TYA,7/31/2019 00:00:00,8.48759,8.48759,8.25731,8.48759,33370
TYA,8/1/2019 00:00:00,8.4218,8.55339,8.356,8.55339,23960
TYA,8/2/2019 00:00:00,8.48759,8.61918,8.4218,8.55339,90280
TYA,8/5/2019 00:00:00,8.55339,8.55339,8.52049,8.55339,6350
TYA,8/6/2019 00:00:00,8.4547,8.52049,8.3889,8.52049,22850
TYA,8/7/2019 00:00:00,8.4547,8.55339,8.4218,8.48759,27070
TYA,8/8/2019 00:00:00,8.52049,8.52049,8.32311,8.48759,13030
TYA,8/9/2019 00:00:00,8.55339,8.68498,8.52049,8.55339,129430
TYA,8/12/2019 00:00:00,8.75078,8.88237,8.58629,8.58629,45600
TYA,8/13/2019 00:00:00,8.75078,8.75078,8.55339,8.58629,9760
TYA,8/14/2019 00:00:00,8.58629,8.65208,8.4547,8.61918,9220
TYA,8/15/2019 00:00:00,8.55339,8.65208,8.48759,8.61918,37700
TYA,8/16/2019 00:00:00,8.52049,8.58629,8.4547,8.58629,18050
TYA,8/19/2019 00:00:00,8.58629,8.61918,8.55339,8.58629,21170
TYA,8/20/2019 00:00:00,8.61918,8.68498,8.55339,8.68498,16320
TYA,8/21/2019 00:00:00,8.68498,8.71788,8.55339,8.58629,28290
TYA,8/22/2019 00:00:00,8.52049,8.75078,8.52049,8.71788,47810
TYA,8/23/2019 00:00:00,8.71788,8.84947,8.65208,8.71788,44950
TYA,8/26/2019 00:00:00,8.71788,8.71788,8.58629,8.58629,2600
TYA,8/27/2019 00:00:00,8.81657,8.81657,8.58629,8.58629,20900
TYA,8/28/2019 00:00:00,8.58629,8.65208,8.58629,8.58629,13730
TYA,8/29/2019 00:00:00,8.55339,8.65208,8.55339,8.61918,18740
TYA,8/30/2019 00:00:00,8.61918,8.71788,8.61918,8.68498,17520
TYA,9/3/2019 00:00:00,8.61918,8.71788,8.61918,8.71788,45160
TYA,9/4/2019 00:00:00,8.71788,8.75078,8.55339,8.75078,30850
TYA,9/5/2019 00:00:00,8.78367,9.01396,8.68498,8.81657,28760
TYA,9/6/2019 00:00:00,8.84947,8.84947,8.68498,8.81657,15820
TYA,9/9/2019 00:00:00,8.81657,8.81657,8.68498,8.78367,5900
TYA,9/10/2019 00:00:00,8.71788,8.88237,8.65208,8.78367,27420
TYA,9/11/2019 00:00:00,8.61918,8.75078,8.61918,8.75078,20750
TYA,9/12/2019 00:00:00,8.71788,8.81657,8.68498,8.78367,25130
TYA,9/13/2019 00:00:00,8.78367,8.81657,8.75078,8.81657,11430
TYA,9/16/2019 00:00:00,8.81657,8.88237,8.71788,8.71788,46970
TYA,9/17/2019 00:00:00,8.71788,8.81657,8.71788,8.78367,33880
TYA,9/18/2019 00:00:00,8.75078,8.81657,8.75078,8.78367,7050
TYA,9/19/2019 00:00:00,8.75078,8.78367,8.65208,8.78367,23940
TYA,9/20/2019 00:00:00,8.78367,9.37583,8.78367,9.14555,250270
TYA,9/23/2019 00:00:00,9.34293,9.54032,9.34293,9.40873,81800
TYA,9/24/2019 00:00:00,9.47452,9.47452,9.27714,9.34293,18080
TYA,9/25/2019 00:00:00,9.34293,9.34293,9.07975,9.14555,29430
TYA,9/26/2019 00:00:00,9.07975,9.34293,9.07975,9.14555,13300
TYA,9/27/2019 00:00:00,9.37583,9.37583,9.07975,9.17844,12170
TYA,9/30/2019 00:00:00,9.11265,9.60611,9.11265,9.24424,54620
TYA,10/1/2019 00:00:00,9.21134,9.31003,9.07975,9.21134,27490
TYA,10/2/2019 00:00:00,9.17844,9.21134,9.11265,9.21134,6360
TYA,10/3/2019 00:00:00,9.21134,9.21134,9.01396,9.07975,29680
TYA,10/4/2019 00:00:00,9.07975,9.11265,9.04685,9.11265,20710
TYA,10/7/2019 00:00:00,9.04685,9.21134,9.04685,9.21134,3580
TYA,10/8/2019 00:00:00,9.21134,9.21134,9.01396,9.14555,18120
TYA,10/9/2019 00:00:00,9.14555,9.21134,9.04685,9.14555,9290
TYA,10/10/2019 00:00:00,9.21134,9.21134,9.04685,9.07975,5350
TYA,10/11/2019 00:00:00,9.21134,9.21134,9.01396,9.17844,12570
TYA,10/14/2019 00:00:00,9.11265,9.14555,9.01396,9.14555,17150
TYA,10/15/2019 00:00:00,9.04685,9.11265,9.04685,9.11265,11000
TYA,10/16/2019 00:00:00,9.11265,9.11265,9.01396,9.11265,12210
TYA,10/17/2019 00:00:00,9.11265,9.17844,9.01396,9.01396,16360
TYA,10/18/2019 00:00:00,9.01396,9.54032,9.01396,9.47452,37500
TYA,10/21/2019 00:00:00,9.47452,9.47452,9.11265,9.27714,28390
TYA,10/22/2019 00:00:00,9.34293,9.44163,9.14555,9.31003,70010
TYA,10/23/2019 00:00:00,9.57322,9.57322,9.17844,9.37583,18770
TYA,10/24/2019 00:00:00,9.21134,9.47452,9.17844,9.37583,15710
TYA,10/25/2019 00:00:00,9.17844,9.37583,9.07975,9.27714,34250
TYA,10/28/2019 00:00:00,8.75078,9.37583,8.75078,9.11265,10980
TYA,10/29/2019 00:00:00,9.14555,9.21134,9.07975,9.07975,15190
TYA,10/30/2019 00:00:00,9.07975,9.07975,9.01396,9.07975,4790
TYA,10/31/2019 00:00:00,9.14555,9.17844,9.01396,9.11265,4160
TYA,11/1/2019 00:00:00,9.17844,9.17844,9.01396,9.14555,27570
TYA,11/4/2019 00:00:00,9.07975,9.14555,9.07975,9.14555,4100
TYA,11/5/2019 00:00:00,9.07975,9.07975,9.01396,9.04685,15300
TYA,11/6/2019 00:00:00,9.04685,9.14555,9.01396,9.07975,9290
TYA,11/7/2019 00:00:00,9.01396,9.07975,9.01396,9.07975,2090
TYA,11/8/2019 00:00:00,9.07975,9.07975,9.01396,9.07975,6110
TYA,11/11/2019 00:00:00,9.07975,9.07975,8.91526,9.01396,4050
TYA,11/12/2019 00:00:00,8.94816,9.14555,8.91526,9.01396,10380
TYA,11/13/2019 00:00:00,9.01396,9.01396,8.98106,8.98106,2760
TYA,11/14/2019 00:00:00,8.91526,9.01396,8.91526,9.01396,4990
TYA,11/15/2019 00:00:00,8.98106,9.11265,8.91526,9.07975,15910
TYA,11/18/2019 00:00:00,9.04685,9.07975,9.04685,9.07975,990
TYA,11/19/2019 00:00:00,8.48759,9.01396,8.48759,9.01396,1260
TYA,11/20/2019 00:00:00,8.94816,9.07975,8.68498,9.07975,12180
TYA,11/21/2019 00:00:00,8.91526,9.11265,8.91526,9.07975,11110
TYA,11/22/2019 00:00:00,9.11265,9.11265,8.4547,9.07975,36220
TYA,11/25/2019 00:00:00,8.78367,9.04685,8.78367,9.04685,16960
TYA,11/26/2019 00:00:00,8.81657,8.94816,8.81657,8.94816,3310
TYA,11/27/2019 00:00:00,8.88237,9.01396,8.75078,8.98106,13190
TYA,11/28/2019 00:00:00,8.88237,9.01396,8.88237,9.01396,5010
TYA,11/29/2019 00:00:00,8.88237,9.01396,8.84947,9.01396,7010
TYA,12/2/2019 00:00:00,9.01396,9.01396,8.78367,9.01396,9970
TYA,12/3/2019 00:00:00,8.88237,9.01396,8.75078,9.01396,32360
TYA,12/4/2019 00:00:00,8.88237,9.04685,8.71788,8.71788,31370
TYA,12/5/2019 00:00:00,8.71788,8.91526,8.65208,8.91526,24930
TYA,12/6/2019 00:00:00,8.81657,8.98106,8.81657,8.98106,11200
TYA,12/9/2019 00:00:00,8.78367,9.01396,8.78367,8.98106,32060
TYA,12/10/2019 00:00:00,8.94816,8.98106,8.75078,8.98106,24770
TYA,12/11/2019 00:00:00,8.88237,8.98106,8.88237,8.98106,13810
TYA,12/12/2019 00:00:00,8.88237,9.04685,8.88237,9.04685,45110
TYA,12/13/2019 00:00:00,8.94816,8.98106,8.94816,8.98106,13100
TYA,12/16/2019 00:00:00,8.78367,8.98106,8.78367,8.98106,13290
TYA,12/17/2019 00:00:00,8.98106,9.01396,8.84947,8.84947,23450
TYA,12/18/2019 00:00:00,8.88237,9.01396,8.88237,8.88237,18880
TYA,12/19/2019 00:00:00,9.01396,9.47452,8.75078,8.81657,8020
TYA,12/20/2019 00:00:00,9.01396,9.04685,8.81657,9.01396,26430
TYA,12/23/2019 00:00:00,8.91526,9.04685,8.91526,9.04685,6000
TYA,12/24/2019 00:00:00,9.01396,9.01396,9.01396,9.01396,1580
TYA,12/25/2019 00:00:00,9.01396,9.14555,8.88237,9.07975,16210
TYA,12/26/2019 00:00:00,9.07975,9.17844,8.91526,9.14555,21870
TYA,12/27/2019 00:00:00,9.01396,9.21134,8.98106,9.17844,21360
TYA,12/30/2019 00:00:00,9.11265,9.40873,9.11265,9.21134,57040
TYA,12/31/2019 00:00:00,9.40873,9.40873,9.21134,9.21134,15930
TYA,1/2/2020 00:00:00,9.34293,9.60611,9.21134,9.40873,6800
TYA,1/3/2020 00:00:00,9.21134,9.37583,9.14555,9.37583,26420
TYA,1/6/2020 00:00:00,9.27714,9.44163,8.88237,9.37583,20720
TYA,1/7/2020 00:00:00,9.34293,9.50742,8.98106,9.40873,11130
TYA,1/8/2020 00:00:00,8.94816,9.31003,8.94816,9.31003,1250
TYA,1/9/2020 00:00:00,8.91526,9.34293,8.91526,9.34293,9220
TYA,1/10/2020 00:00:00,9.27714,9.34293,9.27714,9.34293,3030
TYA,1/13/2020 00:00:00,9.21134,9.34293,9.01396,9.34293,2610
TYA,1/14/2020 00:00:00,9.24424,9.31003,9.14555,9.31003,3900
TYA,1/15/2020 00:00:00,9.34293,9.34293,9.01396,9.17844,22480
TYA,1/16/2020 00:00:00,9.17844,9.17844,9.01396,9.14555,8230
TYA,1/17/2020 00:00:00,9.17844,9.17844,8.88237,8.98106,25940
TYA,1/20/2020 00:00:00,8.94816,9.17844,8.94816,9.04685,34900
TYA,1/21/2020 00:00:00,8.98106,9.04685,8.98106,9.04685,1640
TYA,1/22/2020 00:00:00,9.04685,9.21134,9.01396,9.21134,8750
TYA,1/30/2020 00:00:00,9.21134,9.40873,9.07975,9.34293,12900
TYA,1/31/2020 00:00:00,9.21134,9.34293,8.88237,9.27714,17320
TYA,2/3/2020 00:00:00,8.68498,9.21134,8.68498,9.11265,1100
TYA,2/4/2020 00:00:00,9.21134,9.21134,9.07975,9.17844,11180
TYA,2/5/2020 00:00:00,9.27714,9.27714,9.14555,9.17844,8950
TYA,2/6/2020 00:00:00,9.27714,9.27714,9.21134,9.27714,2900
TYA,2/7/2020 00:00:00,9.07975,9.34293,9.07975,9.34293,16850
TYA,2/10/2020 00:00:00,9.27714,9.27714,9.27714,9.27714,20
TYA,2/11/2020 00:00:00,9.14555,9.34293,9.01396,9.31003,4680
TYA,2/12/2020 00:00:00,9.27714,9.34293,9.14555,9.34293,17100
TYA,2/13/2020 00:00:00,9.34293,9.34293,9.07975,9.34293,9390
TYA,2/14/2020 00:00:00,9.21134,9.37583,9.14555,9.34293,11500
TYA,2/17/2020 00:00:00,9.21134,9.21134,9.14555,9.21134,5620
TYA,2/18/2020 00:00:00,9.14555,9.21134,8.88237,9.14555,68950
TYA,2/19/2020 00:00:00,8.94816,9.07975,8.94816,9.07975,12420
TYA,2/20/2020 00:00:00,9.04685,9.14555,9.01396,9.14555,29340
TYA,2/21/2020 00:00:00,9.14555,9.21134,9.07975,9.14555,42470
TYA,2/24/2020 00:00:00,9.01396,9.14555,9.01396,9.01396,66010
TYA,2/25/2020 00:00:00,9.11265,9.11265,9.07975,9.07975,1040
TYA,2/26/2020 00:00:00,9.07975,9.07975,9.07975,9.07975,1320
TYA,2/27/2020 00:00:00,8.94816,9.14555,8.94816,9.14555,5050
TYA,2/28/2020 00:00:00,9.11265,9.14555,9.11265,9.14555,3200
TYA,3/2/2020 00:00:00,9.11265,9.14555,9.04685,9.14555,2180
TYA,3/3/2020 00:00:00,9.34293,9.34293,8.91526,9.24424,7940
TYA,3/4/2020 00:00:00,8.98106,9.21134,8.94816,9.14555,44400
TYA,3/5/2020 00:00:00,9.14555,9.14555,8.91526,9.14555,13710
TYA,3/6/2020 00:00:00,9.01396,9.01396,8.81657,9.01396,15910
TYA,3/9/2020 00:00:00,8.94816,9.01396,8.55339,9.01396,1910
TYA,3/10/2020 00:00:00,9.01396,9.07975,9.01396,9.07975,1140
TYA,3/11/2020 00:00:00,8.91526,9.07975,8.88237,9.04685,5000
TYA,3/12/2020 00:00:00,8.68498,9.04685,8.4218,8.4218,40140
TYA,3/13/2020 00:00:00,8.15862,8.4218,7.89544,8.356,33420
TYA,3/16/2020 00:00:00,8.22441,8.32311,7.89544,8.05992,25040
TYA,3/17/2020 00:00:00,7.89544,8.05992,7.50066,8.05992,16810
TYA,3/18/2020 00:00:00,8.02703,8.12572,7.92833,8.09282,4850
TYA,3/19/2020 00:00:00,7.99413,8.12572,7.56646,8.09282,7030
TYA,3/20/2020 00:00:00,8.02703,8.12572,7.53356,7.56646,41490
TYA,3/23/2020 00:00:00,7.56646,7.79674,7.0401,7.0401,96790
TYA,3/24/2020 00:00:00,7.50066,7.50066,7.43487,7.43487,4030
TYA,3/25/2020 00:00:00,7.76385,7.76385,7.69805,7.73095,2210
TYA,3/26/2020 00:00:00,7.36907,7.63226,7.20459,7.43487,22510
TYA,3/27/2020 00:00:00,7.53356,7.53356,7.53356,7.53356,1500
TYA,3/30/2020 00:00:00,7.23748,7.40197,7.07299,7.40197,9520
TYA,3/31/2020 00:00:00,7.56646,7.56646,7.17169,7.50066,24460
TYA,4/1/2020 00:00:00,7.56646,7.76385,7.23748,7.69805,3550
TYA,4/3/2020 00:00:00,7.69805,7.73095,7.46777,7.73095,8940
TYA,4/6/2020 00:00:00,7.79674,8.15862,7.50066,7.89544,47000
TYA,4/7/2020 00:00:00,7.69805,8.09282,7.63226,7.89544,22650
TYA,4/8/2020 00:00:00,7.89544,7.96123,7.53356,7.86254,26320
TYA,4/9/2020 00:00:00,7.89544,7.92833,7.66515,7.89544,3570
TYA,4/10/2020 00:00:00,7.96123,8.4218,7.96123,8.356,14820
TYA,4/13/2020 00:00:00,8.356,8.88237,7.79674,8.32311,29800
TYA,4/14/2020 00:00:00,8.29021,8.48759,7.79674,8.22441,31020
TYA,4/15/2020 00:00:00,8.22441,8.356,7.86254,8.32311,11690
TYA,4/16/2020 00:00:00,8.19151,8.4547,8.05992,8.22441,14360
TYA,4/17/2020 00:00:00,8.22441,8.4218,8.05992,8.356,35130
TYA,4/20/2020 00:00:00,7.96123,8.356,7.82964,7.92833,31530
TYA,4/21/2020 00:00:00,7.92833,8.19151,7.82964,7.89544,10450
TYA,4/22/2020 00:00:00,7.82964,8.22441,7.79674,7.89544,26310
TYA,4/23/2020 00:00:00,8.29021,8.29021,7.89544,7.89544,53070
TYA,4/24/2020 00:00:00,8.09282,8.356,7.82964,8.356,70180
TYA,4/27/2020 00:00:00,8.19151,8.22441,7.96123,8.19151,46060
TYA,4/28/2020 00:00:00,7.92833,8.22441,7.92833,8.19151,35150
TYA,4/29/2020 00:00:00,8.19151,8.22441,7.96123,8.22441,44270
TYA,5/4/2020 00:00:00,8.25731,8.29021,8.09282,8.12572,32040
TYA,5/5/2020 00:00:00,8.12572,8.22441,8.05992,8.05992,29460
TYA,5/6/2020 00:00:00,8.15862,8.15862,7.96123,8.15862,29810
TYA,5/7/2020 00:00:00,8.02703,8.19151,7.92833,8.12572,108730
TYA,5/8/2020 00:00:00,8.12572,8.15862,7.96123,8.12572,48160
TYA,5/11/2020 00:00:00,8.15862,8.29021,7.96123,8.22441,49390
TYA,5/12/2020 00:00:00,8.22441,8.22441,8.09282,8.15862,21850
TYA,5/13/2020 00:00:00,8.15862,8.22441,8.09282,8.22441,47730
TYA,5/14/2020 00:00:00,8.15862,8.22441,8.02703,8.12572,94870
TYA,5/15/2020 00:00:00,8.15862,8.19151,8.02703,8.12572,60950
TYA,5/18/2020 00:00:00,8.15862,8.15862,8.09282,8.12572,26260
TYA,5/19/2020 00:00:00,8.15862,8.19151,8.12572,8.15862,98910
TYA,5/20/2020 00:00:00,8.22441,8.25731,8.09282,8.19151,26190
TYA,5/21/2020 00:00:00,8.19151,8.25731,8.15862,8.19151,24480
TYA,5/22/2020 00:00:00,8.15862,8.22441,8.12572,8.19151,32440
TYA,5/25/2020 00:00:00,8.19151,8.22441,8.15862,8.22441,19550
TYA,5/26/2020 00:00:00,8.22441,8.48759,8.22441,8.3889,148270
TYA,5/27/2020 00:00:00,8.4547,8.48759,8.356,8.4218,50400
TYA,5/28/2020 00:00:00,8.25731,8.48759,8.25731,8.4218,14140
TYA,5/29/2020 00:00:00,8.4218,8.4218,8.356,8.4218,24230
TYA,6/1/2020 00:00:00,8.4218,8.48759,8.356,8.4218,10540
TYA,6/2/2020 00:00:00,8.4218,8.52049,8.4218,8.4218,28570
TYA,6/3/2020 00:00:00,8.4218,8.52049,8.3889,8.4218,40690
TYA,6/4/2020 00:00:00,8.4218,8.65208,8.4218,8.65208,73980
TYA,6/5/2020 00:00:00,8.65208,8.68498,8.55339,8.68498,19330
TYA,6/8/2020 00:00:00,8.71788,8.94816,8.68498,8.71788,57070
TYA,6/9/2020 00:00:00,8.75078,8.81657,8.68498,8.75078,86500
TYA,6/10/2020 00:00:00,8.81657,8.81657,8.61918,8.78367,29960
TYA,6/11/2020 00:00:00,8.78367,8.78367,8.61918,8.61918,67350
TYA,6/12/2020 00:00:00,8.4218,8.61918,8.4218,8.55339,79700
TYA,6/15/2020 00:00:00,9.14555,9.14555,9.11265,9.14555,219730
TYA,6/16/2020 00:00:00,9.47452,9.47452,9.01396,9.17844,40070
TYA,6/17/2020 00:00:00,9.17844,9.24424,9.14555,9.14555,155560
TYA,6/18/2020 00:00:00,9.34293,9.67191,9.34293,9.44163,110360
TYA,6/19/2020 00:00:00,9.44163,9.57322,9.40873,9.57322,46970
TYA,6/22/2020 00:00:00,9.57322,9.67191,9.47452,9.67191,100690
TYA,6/23/2020 00:00:00,9.57322,9.67191,9.57322,9.67191,53050
TYA,6/24/2020 00:00:00,9.67191,9.70481,9.63901,9.63901,44380
TYA,6/25/2020 00:00:00,9.57322,9.63901,9.40873,9.63901,44030
TYA,6/26/2020 00:00:00,9.63901,9.70481,9.60611,9.60611,40780
TYA,6/29/2020 00:00:00,9.60611,9.67191,9.54032,9.63901,33110
TYA,6/30/2020 00:00:00,9.54032,9.63901,9.47452,9.47452,43820
TYA,7/1/2020 00:00:00,9.47452,9.57322,9.34293,9.50742,65300
TYA,7/2/2020 00:00:00,9.50742,9.60611,9.44163,9.54032,30070
TYA,7/3/2020 00:00:00,9.67191,9.8693,9.60611,9.8693,28030
TYA,7/6/2020 00:00:00,9.8693,9.93509,9.8035,9.8693,44970
TYA,7/7/2020 00:00:00,9.8693,10.1654,9.8035,10.1325,80370
TYA,7/8/2020 00:00:00,10.1325,10.1654,9.90219,10.1325,33740
TYA,7/9/2020 00:00:00,10.1325,10.1654,10.0009,10.1654,72930
TYA,7/10/2020 00:00:00,10.0009,10.1654,9.93509,10.0667,62800
TYA,7/13/2020 00:00:00,10.0667,10.0996,10.0009,10.0996,50690
TYA,7/14/2020 00:00:00,10.0996,10.1325,10.0667,10.0667,27470
TYA,7/15/2020 00:00:00,10.1325,10.1325,10.0009,10.0996,15410
TYA,7/16/2020 00:00:00,10.0996,10.3957,10.0667,10.1983,100660
TYA,7/17/2020 00:00:00,10.4615,10.5272,10.3299,10.4615,141560
TYA,7/20/2020 00:00:00,10.5601,10.6917,10.4615,10.5272,148530
TYA,7/21/2020 00:00:00,10.4615,10.4615,10.1983,10.2641,142860
TYA,7/22/2020 00:00:00,10.2641,10.3957,10.1325,10.1983,60430
TYA,7/23/2020 00:00:00,10.1983,10.1983,10.0009,10.0996,92280
TYA,7/24/2020 00:00:00,10.1325,10.1654,9.8035,10.1654,243720
TYA,7/27/2020 00:00:00,9.7377,10.0338,9.67191,9.67191,131570
TYA,7/28/2020 00:00:00,9.67191,10.0996,9.67191,10.0338,118880
TYA,7/29/2020 00:00:00,10.0338,10.0338,9.47452,9.8364,165580
TYA,7/30/2020 00:00:00,9.8364,9.8693,9.67191,9.8035,79930
TYA,7/31/2020 00:00:00,9.54032,10.1325,9.54032,10.1325,116890
TYA,8/3/2020 00:00:00,10.1325,10.8233,10.1325,10.8233,761930
TYA,8/4/2020 00:00:00,11.0536,11.4484,11.0536,11.2839,404230
TYA,8/5/2020 00:00:00,11.3497,11.3826,11.1523,11.3826,498490
TYA,8/6/2020 00:00:00,10.8514,11.2308,10.7376,10.8514,111240
TYA,8/7/2020 00:00:00,10.6617,11.117,10.5479,10.7755,38030
TYA,8/10/2020 00:00:00,10.7755,10.7755,10.3202,10.3202,192510
TYA,8/11/2020 00:00:00,10.3202,10.5479,10.2823,10.3202,30680
TYA,8/12/2020 00:00:00,10.5479,10.5479,10.2823,10.3202,14930
TYA,8/13/2020 00:00:00,10.3202,10.3961,10.2823,10.3202,44570
TYA,8/14/2020 00:00:00,10.2443,10.2443,10.0167,10.0546,68060
TYA,8/17/2020 00:00:00,10.0167,10.0546,9.86491,9.86491,61550
TYA,8/18/2020 00:00:00,9.86491,9.94079,9.6752,9.82697,106540
TYA,8/19/2020 00:00:00,9.90285,10.0167,9.82697,10.0167,52270
TYA,8/20/2020 00:00:00,10.0546,10.0926,9.97873,9.97873,103750
TYA,8/21/2020 00:00:00,10.0546,10.0926,10.0167,10.0926,49430
TYA,8/24/2020 00:00:00,10.1684,10.1684,10.0167,10.0926,51580
TYA,8/25/2020 00:00:00,10.0546,10.0926,9.94079,9.97873,37030
TYA,8/26/2020 00:00:00,9.86491,10.0546,9.86491,10.0546,33410
TYA,8/27/2020 00:00:00,10.0546,10.1305,10.0167,10.0167,25370
TYA,8/28/2020 00:00:00,10.0167,10.0926,9.97873,10.0546,47970
TYA,8/31/2020 00:00:00,10.0926,10.0926,10.0167,10.0546,30230
TYA,9/1/2020 00:00:00,10.0546,10.0546,9.86491,10.0546,51910
TYA,9/3/2020 00:00:00,9.94079,10.0167,9.78903,9.86491,43200
TYA,9/4/2020 00:00:00,9.71314,9.86491,9.71314,9.86491,19980
TYA,9/7/2020 00:00:00,9.86491,9.90285,9.75108,9.82697,33360
TYA,9/8/2020 00:00:00,9.86491,9.86491,9.75108,9.86491,21060
TYA,9/9/2020 00:00:00,9.71314,9.86491,9.71314,9.86491,7230
TYA,9/10/2020 00:00:00,9.86491,9.94079,9.78903,9.86491,33580
TYA,9/11/2020 00:00:00,9.86491,9.94079,9.78903,9.86491,31830
TYA,9/14/2020 00:00:00,9.90285,9.90285,9.82697,9.86491,25030
TYA,9/15/2020 00:00:00,9.90285,9.94079,9.86491,9.94079,27040
TYA,9/16/2020 00:00:00,9.90285,9.94079,9.86491,9.94079,7830
TYA,9/17/2020 00:00:00,9.90285,9.97873,9.86491,9.90285,40250
TYA,9/18/2020 00:00:00,9.97873,9.97873,9.86491,9.94079,30700
TYA,9/21/2020 00:00:00,9.94079,9.97873,9.86491,9.97873,26470
TYA,9/22/2020 00:00:00,9.94079,9.94079,9.86491,9.90285,32600
TYA,9/23/2020 00:00:00,9.94079,10.0546,9.86491,10.0167,37150
TYA,9/24/2020 00:00:00,10.0167,10.0167,9.90285,10.0167,17940
TYA,9/25/2020 00:00:00,10.0167,10.0926,9.97873,10.0167,45240
TYA,9/28/2020 00:00:00,10.0926,10.2823,10.0546,10.2064,14700
TYA,9/29/2020 00:00:00,10.0926,10.2443,10.0926,10.1305,3740
TYA,9/30/2020 00:00:00,10.1305,10.1305,9.94079,10.0546,8230
TYA,10/1/2020 00:00:00,10.0546,10.1684,9.94079,10.0926,12880
TYA,10/2/2020 00:00:00,10.0926,10.0926,9.82697,9.86491,30150
TYA,10/5/2020 00:00:00,9.86491,10.0926,9.86491,9.94079,24660
TYA,10/6/2020 00:00:00,9.94079,10.0167,9.86491,10.0167,24730
TYA,10/7/2020 00:00:00,10.0167,10.1305,9.94079,10.0546,22590
TYA,10/8/2020 00:00:00,10.0546,10.0546,9.94079,10.0546,3970
TYA,10/9/2020 00:00:00,10.0167,10.0546,9.94079,10.0167,7000
TYA,10/12/2020 00:00:00,10.0167,10.0167,9.97873,9.97873,7690
TYA,10/13/2020 00:00:00,10.0546,10.0546,9.86491,9.97873,17530
TYA,10/14/2020 00:00:00,10.0546,10.0546,9.86491,10.0167,9310
TYA,10/15/2020 00:00:00,10.0167,10.0546,9.86491,9.97873,27200
TYA,10/16/2020 00:00:00,9.94079,10.0167,9.94079,9.94079,16750
TYA,10/19/2020 00:00:00,9.94079,10.0167,9.86491,9.94079,13680
TYA,10/20/2020 00:00:00,10.0167,10.0167,9.94079,10.0167,30510
TYA,10/21/2020 00:00:00,9.97873,10.0167,9.97873,10.0167,15340
TYA,10/22/2020 00:00:00,10.0167,10.0167,9.86491,9.97873,18670
TYA,10/23/2020 00:00:00,9.94079,10.0926,9.86491,9.97873,24140
TYA,10/26/2020 00:00:00,9.97873,9.97873,9.78903,9.90285,29240
TYA,10/27/2020 00:00:00,9.90285,9.94079,9.78903,9.94079,35100
TYA,10/28/2020 00:00:00,9.97873,9.97873,9.86491,9.90285,9010
TYA,10/29/2020 00:00:00,9.90285,9.94079,9.86491,9.90285,4810
TYA,10/30/2020 00:00:00,9.90285,9.90285,9.86491,9.86491,5490
TYA,11/2/2020 00:00:00,9.90285,9.94079,9.78903,9.94079,11530
TYA,11/3/2020 00:00:00,9.94079,10.0167,9.86491,10.0167,9790
TYA,11/4/2020 00:00:00,10.0546,10.0546,9.86491,10.0167,4950
TYA,11/5/2020 00:00:00,9.90285,9.97873,9.90285,9.97873,2340
TYA,11/6/2020 00:00:00,9.90285,9.97873,9.90285,9.97873,1010
TYA,11/9/2020 00:00:00,9.90285,10.0167,9.90285,10.0167,31160
TYA,11/10/2020 00:00:00,10.0167,10.0926,10.0167,10.0926,92850
TYA,11/11/2020 00:00:00,10.0167,10.2064,10.0167,10.1684,11790
TYA,11/12/2020 00:00:00,10.1684,10.2064,10.0926,10.2064,25010
TYA,11/13/2020 00:00:00,10.2064,10.2064,10.0926,10.2064,19300
TYA,11/16/2020 00:00:00,10.1684,10.2443,10.0167,10.2443,32650
TYA,11/17/2020 00:00:00,10.2443,10.2443,10.0926,10.2064,11000
TYA,11/18/2020 00:00:00,10.2064,10.2064,10.0926,10.0926,15330
TYA,11/19/2020 00:00:00,10.2064,10.2064,10.1305,10.1684,27720
TYA,11/20/2020 00:00:00,10.1684,10.2064,10.0546,10.1684,12980
TYA,11/23/2020 00:00:00,10.1305,10.2443,10.0926,10.2443,38330
TYA,11/24/2020 00:00:00,10.2443,10.2443,10.0546,10.1684,52130
TYA,11/25/2020 00:00:00,10.1684,10.1684,10.0926,10.1684,6330
TYA,11/26/2020 00:00:00,10.0926,10.1305,10.0926,10.0926,15170
TYA,11/27/2020 00:00:00,10.1684,10.1684,10.0926,10.1684,13870
TYA,11/30/2020 00:00:00,10.1684,10.1684,10.0546,10.1684,25470
TYA,12/1/2020 00:00:00,10.0926,10.1305,10.0167,10.1305,47840
TYA,12/2/2020 00:00:00,10.1305,10.3961,10.1305,10.3961,70760
TYA,12/3/2020 00:00:00,10.5099,10.8514,10.3961,10.8514,71230
TYA,12/4/2020 00:00:00,10.5858,11.0032,10.5858,11.0032,18850
TYA,12/7/2020 00:00:00,11.0032,11.0411,10.6996,10.9273,37870
TYA,12/8/2020 00:00:00,10.8135,10.9273,10.6996,10.9273,63100
TYA,12/9/2020 00:00:00,10.6996,11.0032,10.6237,10.8893,26250
TYA,12/10/2020 00:00:00,10.8893,10.8893,10.7376,10.8514,6140
TYA,12/11/2020 00:00:00,10.7376,11.0032,10.7376,10.9652,49150
TYA,12/14/2020 00:00:00,10.9652,10.9652,10.7376,10.9652,28920
TYA,12/15/2020 00:00:00,10.8135,11.0032,10.7755,10.9652,106070
TYA,12/16/2020 00:00:00,11.0032,11.0032,10.8893,11.0032,40120
TYA,12/17/2020 00:00:00,11.0032,11.0032,10.8893,10.9273,23490
TYA,12/18/2020 00:00:00,10.9273,11.0411,10.8893,11.0411,67730
TYA,12/21/2020 00:00:00,11.0032,11.117,10.9652,11.0032,51530
TYA,12/22/2020 00:00:00,11.0032,11.0411,10.9273,11.0032,32120
TYA,12/23/2020 00:00:00,11.0032,11.1929,10.9652,11.1549,63780
TYA,12/24/2020 00:00:00,11.1549,11.2688,11.0791,11.117,41840
TYA,12/25/2020 00:00:00,11.117,11.2308,11.0032,11.1549,52780
TYA,12/28/2020 00:00:00,11.1549,11.3826,11.117,11.3826,99020
TYA,12/29/2020 00:00:00,11.4585,12.0655,11.4585,11.8379,75580
TYA,12/30/2020 00:00:00,11.9138,12.0655,11.9138,12.0655,58770
TYA,12/31/2020 00:00:00,12.1035,12.1035,11.9138,11.9138,71160
TYA,1/4/2021 00:00:00,11.9138,12.0655,11.762,11.9517,38600
TYA,1/5/2021 00:00:00,11.8379,12.0655,11.8379,11.9897,22300
TYA,1/6/2021 00:00:00,12.0276,12.1035,11.9138,11.9897,31200
TYA,1/7/2021 00:00:00,11.9897,12.0655,11.9138,12.0276,28500
TYA,1/8/2021 00:00:00,11.9897,12.1035,11.8758,11.9138,63000
TYA,1/11/2021 00:00:00,11.6102,12.0655,11.1549,12.0655,26000
TYA,1/12/2021 00:00:00,11.9897,12.0655,11.5344,11.9517,52800
TYA,1/13/2021 00:00:00,12.0276,12.0276,11.6102,11.8758,46600
TYA,1/14/2021 00:00:00,11.8379,11.9138,11.6482,11.9138,57400
TYA,1/15/2021 00:00:00,11.9138,11.9138,11.6861,11.9138,31300
TYA,1/18/2021 00:00:00,11.6861,11.9138,11.6861,11.7999,18000
TYA,1/19/2021 00:00:00,11.7999,11.9897,11.2688,11.3826,48700
TYA,1/20/2021 00:00:00,11.6861,11.6861,11.3446,11.6482,25200
TYA,1/21/2021 00:00:00,12.0276,12.3691,11.5344,12.2553,80700
TYA,1/22/2021 00:00:00,12.1794,12.2553,12.1035,12.2553,59000
TYA,1/25/2021 00:00:00,12.1414,12.3691,12.1035,12.2553,28900
TYA,1/26/2021 00:00:00,12.2932,12.2932,12.1035,12.2553,9100
TYA,1/27/2021 00:00:00,11.6482,12.1794,11.6482,12.0655,50300
TYA,1/28/2021 00:00:00,11.8379,11.8379,11.2308,11.5344,75400
TYA,1/29/2021 00:00:00,11.5344,11.5344,11.3826,11.4964,10600
TYA,2/1/2021 00:00:00,11.5344,11.6102,11.3826,11.5344,16300
TYA,2/2/2021 00:00:00,11.5344,11.5344,11.3067,11.5344,34800
TYA,2/3/2021 00:00:00,11.4964,11.6482,11.4585,11.6482,10800
TYA,2/4/2021 00:00:00,11.6482,11.762,11.3826,11.762,39900
TYA,2/5/2021 00:00:00,11.9897,11.9897,11.3826,11.762,61700
TYA,2/8/2021 00:00:00,11.6482,11.6861,11.4585,11.4585,13800
TYA,2/9/2021 00:00:00,11.3826,11.7999,11.3446,11.7999,37100
TYA,2/17/2021 00:00:00,11.8758,12.1414,11.7999,12.0276,28200
TYA,2/18/2021 00:00:00,12.1035,12.1794,11.8379,11.8379,36500
TYA,2/19/2021 00:00:00,11.6861,12.0655,11.6861,12.0655,11000
TYA,2/22/2021 00:00:00,11.6861,12.1414,11.6861,11.9897,28200
TYA,2/23/2021 00:00:00,11.9897,12.1035,11.6102,12.0276,69100
TYA,2/24/2021 00:00:00,11.762,12.0655,11.7241,11.9517,12600
TYA,2/25/2021 00:00:00,11.9517,12.1414,11.7241,12.1035,51900
TYA,2/26/2021 00:00:00,11.7999,12.1414,11.7241,12.1414,74800
TYA,3/1/2021 00:00:00,12.0655,12.2173,12.0655,12.1794,21000
TYA,3/2/2021 00:00:00,12.2553,12.2932,11.9517,11.9517,33500
TYA,3/3/2021 00:00:00,11.9517,12.1035,11.8758,12.1035,53400
TYA,3/4/2021 00:00:00,12.1414,12.2173,11.9897,11.9897,35800
TYA,3/5/2021 00:00:00,12.1414,12.1794,11.9138,11.9138,20100
TYA,3/8/2021 00:00:00,12.0655,12.2173,11.9138,12.1794,42100
TYA,3/9/2021 00:00:00,11.9897,12.2553,11.9517,12.2173,77500
TYA,3/10/2021 00:00:00,12.1414,12.2932,12.0276,12.2932,76400
TYA,3/11/2021 00:00:00,12.2932,12.3691,12.0276,12.3691,50400
TYA,3/12/2021 00:00:00,12.1035,12.407,12.0655,12.2932,120800
TYA,3/15/2021 00:00:00,12.1794,12.2553,12.1794,12.2553,33400
TYA,3/16/2021 00:00:00,12.2932,12.2932,12.1035,12.2173,43200
TYA,3/17/2021 00:00:00,12.1794,12.2932,12.0276,12.2553,105300
TYA,3/18/2021 00:00:00,12.8623,12.8623,12.5208,12.7106,170600
TYA,3/19/2021 00:00:00,12.8244,12.8244,12.6347,12.7106,161700
TYA,3/22/2021 00:00:00,12.7106,12.8244,12.7106,12.8244,176800
TYA,3/23/2021 00:00:00,12.8623,12.8623,12.7485,12.8244,155300
TYA,3/24/2021 00:00:00,12.7485,12.8244,12.5208,12.5967,74000
TYA,3/25/2021 00:00:00,12.5967,12.5967,12.445,12.445,55700
TYA,3/26/2021 00:00:00,12.445,12.445,12.1414,12.3691,107000
TYA,3/29/2021 00:00:00,12.4829,12.6726,12.2932,12.407,59000
TYA,3/30/2021 00:00:00,12.445,12.5967,12.1414,12.4829,26400
TYA,3/31/2021 00:00:00,12.5208,12.6347,12.2173,12.5208,54100
TYA,4/1/2021 00:00:00,12.5208,12.6726,12.3691,12.6726,31700
TYA,4/2/2021 00:00:00,12.6726,12.7485,12.5967,12.5967,28400
TYA,4/5/2021 00:00:00,12.7485,12.8244,12.5967,12.7485,81300
TYA,4/6/2021 00:00:00,12.7485,12.7864,12.6347,12.6726,88900
TYA,4/7/2021 00:00:00,12.6347,12.6726,12.5208,12.5208,79200
TYA,4/8/2021 00:00:00,12.5208,12.5967,12.407,12.5967,71400
TYA,4/9/2021 00:00:00,12.4829,12.5967,12.4829,12.5967,71000
TYA,4/12/2021 00:00:00,12.5588,12.5967,12.3691,12.5967,38200
TYA,4/13/2021 00:00:00,12.5967,12.7106,12.5208,12.6726,80500
TYA,4/14/2021 00:00:00,12.6726,12.7106,12.5208,12.7106,57600
TYA,4/15/2021 00:00:00,12.7485,13.2038,12.6726,13.2038,707700
TYA,4/16/2021 00:00:00,13.2797,13.9626,13.052,13.052,263800
TYA,4/19/2021 00:00:00,13.052,13.2797,13.052,13.2417,30500
TYA,4/20/2021 00:00:00,13.1279,13.1279,12.7485,13.052,172100
TYA,4/22/2021 00:00:00,12.9003,12.9003,12.2553,12.2553,161900
TYA,4/23/2021 00:00:00,12.1414,12.5588,12.1035,12.5588,66400
TYA,4/26/2021 00:00:00,12.2932,12.6726,12.2932,12.407,61000
TYA,4/27/2021 00:00:00,12.2173,12.2932,12.0655,12.2932,83900
TYA,4/28/2021 00:00:00,12.445,12.5588,12.3311,12.5208,68300
TYA,4/29/2021 00:00:00,12.5967,12.5967,12.3691,12.4829,45100
TYA,5/4/2021 00:00:00,12.1414,12.445,12.1035,12.445,57600
TYA,5/5/2021 00:00:00,12.3691,12.445,12.1414,12.445,93600
TYA,5/6/2021 00:00:00,12.445,12.445,12.3311,12.445,19200
TYA,5/7/2021 00:00:00,12.5208,12.5208,12.2553,12.445,34900
TYA,5/10/2021 00:00:00,12.445,12.7485,12.2932,12.7485,78500
TYA,5/11/2021 00:00:00,12.9003,13.052,12.7485,12.9003,62800
TYA,5/12/2021 00:00:00,12.9003,12.9003,12.5208,12.8623,40900
TYA,5/13/2021 00:00:00,12.8244,12.8244,12.5208,12.5208,53100
TYA,5/14/2021 00:00:00,12.5208,12.6347,12.2932,12.5208,70800
TYA,5/17/2021 00:00:00,12.5208,12.5208,12.3691,12.407,17200
TYA,5/18/2021 00:00:00,12.445,12.5967,12.2932,12.5967,51200
TYA,5/19/2021 00:00:00,12.4829,12.5588,12.3691,12.5208,8000
TYA,5/20/2021 00:00:00,12.3691,12.4829,12.2932,12.3691,42900
TYA,5/21/2021 00:00:00,12.4829,12.5208,12.3691,12.4829,37700
TYA,5/24/2021 00:00:00,12.5208,12.6726,12.445,12.6726,37500
TYA,5/25/2021 00:00:00,12.6726,12.8623,12.5967,12.8244,97200
TYA,5/26/2021 00:00:00,12.8244,13.0141,12.7485,12.8623,81600
TYA,5/27/2021 00:00:00,12.8623,12.8623,12.7485,12.8623,46200
TYA,5/28/2021 00:00:00,12.9003,13.0141,12.7864,12.8244,32300
TYA,5/31/2021 00:00:00,12.9003,13.2038,12.8244,13.2038,70800
TYA,6/1/2021 00:00:00,13.2797,13.2797,12.9761,12.9761,46600
TYA,6/2/2021 00:00:00,12.9761,13.2038,12.9761,13.1279,50600
TYA,6/3/2021 00:00:00,13.2038,13.2038,13.052,13.1279,54200
TYA,6/4/2021 00:00:00,13.2038,13.2038,13.052,13.052,116800
TYA,6/7/2021 00:00:00,13.1279,13.2797,13.1279,13.1659,42100
TYA,6/8/2021 00:00:00,13.1659,13.2797,13.1279,13.2038,79100
TYA,6/9/2021 00:00:00,13.2038,13.2038,13.052,13.2038,71900
TYA,6/10/2021 00:00:00,13.2797,13.2797,13.1659,13.2417,47000
TYA,6/11/2021 00:00:00,13.3935,13.5073,13.052,13.3176,107700
TYA,6/14/2021 00:00:00,13.3935,13.4315,13.2797,13.3556,198400
TYA,6/15/2021 00:00:00,13.482,13.482,13.0607,13.1028,41000
TYA,6/16/2021 00:00:00,13.1449,13.3977,12.3866,13.3556,49500
TYA,6/17/2021 00:00:00,13.0607,13.2292,13.0185,13.0607,42700
TYA,6/18/2021 00:00:00,13.0607,13.1028,13.0185,13.1028,99100
TYA,6/21/2021 00:00:00,13.1028,13.1449,13.0185,13.0185,56300
TYA,6/22/2021 00:00:00,13.0185,13.0607,12.9764,12.9764,32800
TYA,6/23/2021 00:00:00,13.187,13.187,12.8921,12.9764,50000
TYA,6/24/2021 00:00:00,12.9764,13.0185,12.85,12.9764,23100
TYA,6/25/2021 00:00:00,12.9764,12.9764,12.8921,12.9343,32900
TYA,6/28/2021 00:00:00,12.9343,12.9764,12.8921,12.9764,23300
TYA,6/29/2021 00:00:00,12.9343,12.9764,12.9343,12.9764,13500
TYA,6/30/2021 00:00:00,13.0607,13.0607,12.8921,12.9764,13600
TYA,7/1/2021 00:00:00,13.0607,13.0607,12.8921,12.9764,15800
TYA,7/2/2021 00:00:00,12.9343,12.9764,12.9343,12.9764,22400
TYA,7/5/2021 00:00:00,12.9764,12.9764,12.6815,12.8079,45600
TYA,7/6/2021 00:00:00,12.9764,12.9764,12.8079,12.8079,6400
TYA,7/7/2021 00:00:00,12.7236,12.8079,12.6393,12.8079,15800
TYA,7/8/2021 00:00:00,12.8079,12.8079,12.6815,12.7236,6700
TYA,7/9/2021 00:00:00,12.7236,12.7236,12.5551,12.6393,22100
TYA,7/12/2021 00:00:00,12.6393,12.6393,11.7967,12.218,41600
TYA,7/13/2021 00:00:00,12.218,12.4708,12.1759,12.1759,13900
TYA,7/14/2021 00:00:00,12.1338,12.1759,12.0074,12.1338,43200
TYA,7/15/2021 00:00:00,12.0916,12.5972,12.0495,12.5972,45500
TYA,7/16/2021 00:00:00,12.218,12.5551,12.218,12.4287,11100
TYA,7/19/2021 00:00:00,12.218,12.218,12.1338,12.218,28800
TYA,7/20/2021 00:00:00,12.218,12.218,12.0495,12.1759,5500
TYA,7/21/2021 00:00:00,12.218,12.3023,12.1759,12.3023,52200
TYA,7/22/2021 00:00:00,12.218,12.5972,12.218,12.4287,4800
TYA,7/23/2021 00:00:00,12.3866,12.3866,12.218,12.2602,9900
TYA,7/26/2021 00:00:00,12.6393,13.1028,12.6393,12.8921,199600
TYA,7/27/2021 00:00:00,13.3556,13.3977,13.0607,13.0607,25300
TYA,7/28/2021 00:00:00,13.3977,13.3977,13.0607,13.2292,9000
TYA,7/29/2021 00:00:00,13.0607,13.1028,12.8921,13.0607,53800
TYA,7/30/2021 00:00:00,12.8921,13.1028,12.8921,12.9764,52200
TYA,8/2/2021 00:00:00,12.9764,13.0607,12.6393,13.0185,44400
TYA,8/3/2021 00:00:00,13.0185,13.1028,12.9343,13.1028,34800
TYA,8/4/2021 00:00:00,12.9764,13.187,12.9764,13.1449,39600
TYA,8/5/2021 00:00:00,13.187,13.187,12.9764,13.0607,14500
TYA,8/6/2021 00:00:00,13.0607,13.1449,12.9764,13.0185,46200
TYA,8/9/2021 00:00:00,13.0607,13.1028,12.9764,13.0185,58100
TYA,8/10/2021 00:00:00,13.0185,13.1449,12.9764,13.1449,57500
TYA,8/11/2021 00:00:00,13.1028,13.2292,13.1028,13.2292,48900
TYA,8/12/2021 00:00:00,13.1028,13.2292,13.1028,13.1449,58800
TYA,8/13/2021 00:00:00,13.187,13.2713,13.1449,13.1449,80500
TYA,8/16/2021 00:00:00,13.187,13.3134,13.1449,13.3134,44600
TYA,8/17/2021 00:00:00,13.3977,13.3977,13.2713,13.2713,47200
TYA,8/18/2021 00:00:00,13.3134,14.1982,13.3134,14.1982,210200
TYA,8/19/2021 00:00:00,15.1672,15.1672,14.3667,14.8302,119700
TYA,8/20/2021 00:00:00,14.8302,14.8302,14.2403,14.6195,61600
TYA,8/23/2021 00:00:00,14.3667,14.3667,14.0718,14.3246,66700
TYA,8/24/2021 00:00:00,14.1561,14.7459,13.9454,14.5352,76000
TYA,8/25/2021 00:00:00,14.4931,14.4931,13.9875,14.4088,8100
TYA,8/26/2021 00:00:00,14.1561,14.4088,13.9033,14.3246,47700
TYA,8/27/2021 00:00:00,14.3246,14.4088,14.1139,14.4088,30800
TYA,8/30/2021 00:00:00,14.4088,14.5352,14.3246,14.451,63800
TYA,8/31/2021 00:00:00,14.4931,15.1672,14.4931,14.788,112400
TYA,9/1/2021 00:00:00,14.788,14.9566,14.6616,14.9144,53000
TYA,9/6/2021 00:00:00,14.9144,14.9144,14.788,14.8723,86700
TYA,9/7/2021 00:00:00,14.8723,15.1672,14.8723,14.9566,69900
TYA,9/8/2021 00:00:00,14.9566,15.2936,14.7459,14.9987,196400
TYA,9/9/2021 00:00:00,15.0408,15.0829,14.9144,14.9987,25900
TYA,9/10/2021 00:00:00,14.9987,14.9987,14.7459,14.9566,36400
TYA,9/13/2021 00:00:00,14.9566,15.0829,14.8302,14.9144,57000
TYA,9/14/2021 00:00:00,14.9987,14.9987,14.8302,14.9144,60600
TYA,9/15/2021 00:00:00,14.9144,14.9987,14.8302,14.9987,48300
TYA,9/16/2021 00:00:00,14.9987,15.0408,14.8723,14.9566,31300
TYA,9/17/2021 00:00:00,14.9987,15.8413,14.9987,15.3357,102000
TYA,9/20/2021 00:00:00,15.42,15.5885,15.42,15.42,58500
TYA,9/21/2021 00:00:00,15.3779,15.6728,15.2515,15.6728,72300
TYA,9/22/2021 00:00:00,15.6306,15.757,15.5043,15.5885,19200
TYA,9/23/2021 00:00:00,15.757,15.8413,15.5464,15.757,40300
TYA,9/24/2021 00:00:00,15.8413,15.9677,15.5464,15.7992,57000
TYA,9/27/2021 00:00:00,15.7992,15.8413,15.5464,15.5464,62400
TYA,9/28/2021 00:00:00,15.7992,15.7992,15.5464,15.757,27600
TYA,9/29/2021 00:00:00,15.6728,15.6728,15.5464,15.6728,46900
TYA,9/30/2021 00:00:00,15.8413,15.8413,15.6728,15.6728,22800
TYA,10/1/2021 00:00:00,15.7992,15.7992,15.5885,15.7149,11500
TYA,10/4/2021 00:00:00,15.7992,16.0098,15.5885,15.9256,102600
TYA,10/5/2021 00:00:00,15.8834,17.021,15.8834,17.021,97500
TYA,10/6/2021 00:00:00,17.2738,17.5266,16.9788,16.9788,52100
TYA,10/7/2021 00:00:00,17.1052,17.6951,16.8103,16.9788,35700
TYA,10/8/2021 00:00:00,17.2738,17.2738,16.6839,16.8946,47900
TYA,10/11/2021 00:00:00,16.8525,17.1474,16.5575,16.8525,55600
TYA,10/12/2021 00:00:00,16.8525,17.2738,16.5154,17.0631,56900
TYA,10/13/2021 00:00:00,17.1052,17.5266,17.0631,17.2738,21600
TYA,10/14/2021 00:00:00,17.2738,17.2738,17.021,17.1474,21100
TYA,10/15/2021 00:00:00,17.021,17.2738,16.6839,16.9788,42400
TYA,10/18/2021 00:00:00,16.8525,17.2738,16.8525,17.2738,40100
TYA,10/19/2021 00:00:00,17.3159,17.358,16.6418,16.8525,79200
TYA,10/20/2021 00:00:00,16.8525,17.1895,16.2626,16.389,208300
TYA,10/21/2021 00:00:00,16.5154,16.7261,16.2626,16.5154,92900
TYA,10/22/2021 00:00:00,16.5154,16.6839,16.4733,16.6839,68700
TYA,10/25/2021 00:00:00,16.7682,16.7682,16.5154,16.6839,32400
TYA,10/26/2021 00:00:00,16.6839,16.6839,16.0098,16.5575,25400
TYA,10/27/2021 00:00:00,16.5575,16.5575,16.4311,16.5575,49900
TYA,10/28/2021 00:00:00,16.4733,16.7682,16.4733,16.7682,33200
TYA,10/29/2021 00:00:00,16.6839,16.6839,16.5154,16.6839,24800
TYA,11/1/2021 00:00:00,16.6839,16.7682,16.5997,16.7261,16200
TYA,11/2/2021 00:00:00,16.7261,16.7682,16.4733,16.6839,52700
TYA,11/3/2021 00:00:00,16.6418,16.6839,16.5997,16.6418,27400
TYA,11/4/2021 00:00:00,16.6418,16.7682,16.5997,16.6418,21700
TYA,11/5/2021 00:00:00,16.6418,16.8103,16.5575,16.7682,63100
TYA,11/8/2021 00:00:00,16.7682,16.7682,16.6418,16.6418,58600
TYA,11/9/2021 00:00:00,16.7682,16.7682,16.4311,16.5997,79200
TYA,11/10/2021 00:00:00,16.4733,16.5154,16.4311,16.4311,41600
TYA,11/11/2021 00:00:00,16.6839,16.6839,16.4311,16.5997,43300
TYA,11/12/2021 00:00:00,16.5154,16.6418,16.389,16.4311,86800
TYA,11/15/2021 00:00:00,16.4311,16.4733,16.3469,16.4311,57200
TYA,11/16/2021 00:00:00,16.4311,16.8525,16.389,16.6839,66400
TYA,11/17/2021 00:00:00,16.7682,16.7682,16.5997,16.5997,27500
TYA,11/18/2021 00:00:00,16.5997,16.7682,16.5997,16.6839,62400
TYA,11/19/2021 00:00:00,16.7682,16.7682,16.5997,16.5997,43900
TYA,11/22/2021 00:00:00,16.5997,16.5997,16.4733,16.4733,31400
TYA,11/23/2021 00:00:00,16.4733,16.5997,16.389,16.4733,20700
TYA,11/24/2021 00:00:00,16.5154,16.5154,16.4733,16.5154,14100
TYA,11/25/2021 00:00:00,16.5154,16.6418,16.5154,16.5997,16400
TYA,11/26/2021 00:00:00,16.5997,16.6839,16.389,16.5154,80000
TYA,11/29/2021 00:00:00,16.0941,16.5154,16.0941,16.5154,13600
TYA,11/30/2021 00:00:00,16.4311,16.5154,16.3469,16.389,24900
TYA,12/1/2021 00:00:00,16.5154,17.1052,16.5154,16.9367,56700
TYA,12/2/2021 00:00:00,16.9367,16.9367,16.6839,16.8525,22800
TYA,12/3/2021 00:00:00,16.5154,16.7682,16.4733,16.5154,16800
TYA,12/6/2021 00:00:00,16.4311,16.6418,16.0098,16.0098,53700
TYA,12/7/2021 00:00:00,16.052,16.3469,16.0098,16.3469,8500
TYA,12/8/2021 00:00:00,16.3469,16.3469,16.0941,16.1784,14400
TYA,12/9/2021 00:00:00,16.1784,16.1784,15.3357,15.8413,33900
TYA,12/10/2021 00:00:00,16.0098,16.0098,15.6728,15.8413,8200
TYA,12/13/2021 00:00:00,16.0098,16.3469,16.0098,16.0098,13500
TYA,12/14/2021 00:00:00,16.0098,16.1362,16.0098,16.0941,10300
TYA,12/15/2021 00:00:00,16.1784,16.3047,16.0941,16.3047,2100
TYA,12/16/2021 00:00:00,16.3469,16.3469,16.052,16.2205,8000
TYA,12/17/2021 00:00:00,16.2205,16.2205,16.0098,16.0941,7700
TYA,12/20/2021 00:00:00,16.0098,16.0098,15.7992,15.9256,11800
TYA,12/21/2021 00:00:00,16.0941,16.2626,15.8413,15.8834,2000
TYA,12/22/2021 00:00:00,15.8413,16.1784,15.757,15.8413,17500
TYA,12/23/2021 00:00:00,15.8413,15.8413,15.5043,15.8413,31400
TYA,12/24/2021 00:00:00,15.8413,15.8413,15.6306,15.8413,3300
TYA,12/27/2021 00:00:00,15.757,15.9256,15.7149,15.8834,3000
TYA,12/28/2021 00:00:00,15.9256,15.9256,15.6728,15.8834,6000
TYA,12/29/2021 00:00:00,15.9256,15.9256,15.8413,15.9256,1200
TYA,12/30/2021 00:00:00,15.9256,15.9256,15.5885,15.9256,25100
TYA,12/31/2021 00:00:00,15.9256,15.9256,15.6728,15.757,17800
TYA,1/4/2022 00:00:00,15.9256,16.0098,15.757,15.9256,11400
TYA,1/5/2022 00:00:00,15.9256,16.0941,15.9256,16.0098,41200
TYA,1/6/2022 00:00:00,16.0098,16.0941,15.5043,15.7149,38000
TYA,1/7/2022 00:00:00,15.8413,15.8413,15.5885,15.8413,46600
TYA,1/10/2022 00:00:00,15.8413,15.8413,15.6306,15.757,4800
TYA,1/11/2022 00:00:00,15.757,15.757,15.5885,15.757,14200
TYA,1/12/2022 00:00:00,15.5043,15.8413,15.42,15.8413,3000
TYA,1/13/2022 00:00:00,16.0098,16.0098,15.5885,15.6306,16800
TYA,1/14/2022 00:00:00,15.5043,16.0098,15.5043,15.5885,6600
TYA,1/17/2022 00:00:00,15.9256,16.0098,15.5043,15.5885,13300
TYA,1/18/2022 00:00:00,15.8413,15.8413,15.5464,15.5885,19100
TYA,1/19/2022 00:00:00,15.5885,15.8834,15.5885,15.5885,3000
TYA,1/20/2022 00:00:00,15.5464,16.6418,15.5464,16.4311,25600
TYA,1/21/2022 00:00:00,16.0941,16.0941,15.8413,15.8413,2900
TYA,1/24/2022 00:00:00,15.8413,15.8413,15.8413,15.8413,9900
TYA,1/25/2022 00:00:00,15.6728,15.9256,15.6728,15.9256,11600
TYA,1/26/2022 00:00:00,15.9677,15.9677,15.8413,15.8413,1600
TYA,1/27/2022 00:00:00,15.8413,15.8413,15.5885,15.8413,10700
TYA,1/28/2022 00:00:00,15.5043,15.9256,15.5043,15.9256,16400
TYA,2/7/2022 00:00:00,16.0098,16.1784,16.0098,16.1784,7200
TYA,2/8/2022 00:00:00,16.4311,16.4311,16.0941,16.2205,7400
TYA,2/9/2022 00:00:00,16.2626,16.2626,16.1784,16.2626,2000
TYA,2/10/2022 00:00:00,16.4311,16.4311,16.3047,16.3469,13100
TYA,2/11/2022 00:00:00,16.4311,16.4311,16.3047,16.4311,6900
TYA,2/14/2022 00:00:00,16.4311,16.4311,16.3469,16.389,12300
TYA,2/15/2022 00:00:00,16.389,16.389,16.389,16.389,3900
TYA,2/16/2022 00:00:00,15.9256,16.4311,15.9256,16.4311,300
TYA,2/17/2022 00:00:00,16.1362,16.6839,16.1362,16.5997,14800
TYA,2/18/2022 00:00:00,16.5997,16.5997,16.5997,16.5997,600
TYA,2/21/2022 00:00:00,16.5997,16.5997,16.3469,16.4733,5200
TYA,2/22/2022 00:00:00,16.4311,16.7682,15.3357,16.4733,7400
TYA,2/23/2022 00:00:00,16.2626,16.5997,16.0941,16.4733,9900
TYA,2/24/2022 00:00:00,16.4311,16.5575,16.1784,16.1784,24400
TYA,2/25/2022 00:00:00,16.3047,16.3469,16.2205,16.2205,21000
TYA,2/28/2022 00:00:00,16.3469,16.6839,16.3469,16.6839,200
TYA,3/1/2022 00:00:00,16.6839,16.6839,16.4311,16.4311,5900
TYA,3/2/2022 00:00:00,16.1784,16.4311,16.1784,16.3469,21000
TYA,3/3/2022 00:00:00,16.4311,16.4311,16.2205,16.4311,9400
TYA,3/4/2022 00:00:00,16.5154,16.5997,16.3469,16.5154,13400
TYA,3/7/2022 00:00:00,16.4311,16.5997,16.4311,16.5997,18000
TYA,3/8/2022 00:00:00,16.5154,16.5154,16.4311,16.5154,10500
TYA,3/9/2022 00:00:00,16.5154,16.5997,16.3469,16.5997,21200
TYA,3/10/2022 00:00:00,16.5997,16.6839,16.5154,16.5997,19700
TYA,3/11/2022 00:00:00,16.4311,16.5997,16.4311,16.5997,1700
TYA,3/14/2022 00:00:00,16.5997,16.6839,16.4311,16.5997,32300
TYA,3/15/2022 00:00:00,16.5997,16.6839,16.4311,16.6839,7000
TYA,3/16/2022 00:00:00,16.3469,16.6839,16.3469,16.6839,6800
TYA,3/17/2022 00:00:00,16.4311,16.6839,16.4311,16.6839,8000
TYA,3/18/2022 00:00:00,16.6839,16.7682,16.4311,16.6839,20900
TYA,3/21/2022 00:00:00,16.6839,16.6839,16.6839,16.6839,100
TYA,3/22/2022 00:00:00,16.5997,16.6839,16.5997,16.6839,4000
TYA,3/23/2022 00:00:00,16.5997,16.6839,16.5154,16.6839,6200
TYA,3/24/2022 00:00:00,16.5154,16.6418,16.4311,16.6418,5200
TYA,3/25/2022 00:00:00,16.6418,16.6418,16.5575,16.6418,11000
TYA,3/28/2022 00:00:00,16.6839,16.8103,16.5997,16.6839,43400
TYA,3/29/2022 00:00:00,16.6839,16.7261,16.5154,16.6839,27200
TYA,3/30/2022 00:00:00,16.6839,16.7682,16.5997,16.6839,17200
TYA,3/31/2022 00:00:00,17.021,17.1052,16.8525,16.9367,48400
TYA,4/1/2022 00:00:00,16.9367,16.9367,16.7682,16.7682,21100
TYA,4/4/2022 00:00:00,16.6839,16.7682,16.5154,16.5154,7600
TYA,4/5/2022 00:00:00,16.5154,16.6839,16.5154,16.6839,17000
TYA,4/6/2022 00:00:00,16.6839,16.6839,16.6839,16.6839,800
TYA,4/7/2022 00:00:00,16.5154,16.7261,16.5154,16.7261,1200
TYA,4/8/2022 00:00:00,16.6418,16.6418,16.0098,16.5575,14500
TYA,4/12/2022 00:00:00,16.5575,16.5575,16.1784,16.4311,8100
TYA,4/13/2022 00:00:00,16.4311,16.7261,16.4311,16.7261,43200
TYA,4/14/2022 00:00:00,16.7261,16.8525,16.7261,16.8103,14700
TYA,4/15/2022 00:00:00,16.6418,16.8103,16.5997,16.5997,19700
TYA,4/18/2022 00:00:00,16.5997,16.5997,16.2205,16.3047,17300
TYA,4/19/2022 00:00:00,16.3047,16.5997,16.3047,16.3469,22900
TYA,4/20/2022 00:00:00,16.0098,16.1784,16.0098,16.1362,12500
TYA,4/21/2022 00:00:00,16.052,16.1784,15.7992,16.052,23700
TYA,4/22/2022 00:00:00,16.0098,17.021,16.0098,16.8525,9800
TYA,4/25/2022 00:00:00,16.8525,16.8525,15.6728,16.2205,44600
TYA,4/26/2022 00:00:00,15.6728,16.2205,15.5885,16.2205,3200
TYA,4/27/2022 00:00:00,15.6306,16.7261,15.6306,16.5154,8500
TYA,4/28/2022 00:00:00,15.7149,16.5997,15.7149,16.5997,3700
TYA,4/29/2022 00:00:00,16.5997,16.5997,16.5997,16.5997,100
TYA,5/4/2022 00:00:00,16.5997,16.5997,16.052,16.5154,15900
TYA,5/5/2022 00:00:00,16.5154,16.5154,16.0941,16.5154,500
TYA,5/6/2022 00:00:00,15.8834,16.3469,15.5885,16.2205,6500
TYA,5/9/2022 00:00:00,16.0098,16.3469,15.6728,16.0098,13000
TYA,5/10/2022 00:00:00,15.2515,15.8413,15.2515,15.8413,5800
TYA,5/11/2022 00:00:00,15.8413,15.9256,15.3357,15.9256,1300
TYA,5/12/2022 00:00:00,15.5043,15.9256,15.5043,15.9256,600
TYA,5/13/2022 00:00:00,15.8413,16.7261,15.1672,15.42,28900
TYA,5/16/2022 00:00:00,14.5774,16.4733,14.5774,15.8834,15200
TYA,5/17/2022 00:00:00,16.4311,16.4311,15.5043,15.5464,30900
TYA,5/19/2022 00:00:00,16.0941,16.0941,16.0098,16.0098,300
TYA,5/20/2022 00:00:00,15.6306,16.3469,15.42,15.42,17200
TYA,5/23/2022 00:00:00,15.5043,15.5043,15.1672,15.1672,10600
TYA,5/24/2022 00:00:00,14.7459,15.1672,14.7459,15.1672,8600
TYA,5/25/2022 00:00:00,15.1672,15.42,15.1672,15.1672,9800
TYA,5/26/2022 00:00:00,14.788,16.0098,14.4931,16.0098,2700
TYA,5/30/2022 00:00:00,15.757,15.757,15.5885,15.5885,800
TYA,5/31/2022 00:00:00,14.9144,14.9144,14.9144,14.9144,1000
TYA,6/1/2022 00:00:00,15.0408,15.4621,14.9987,15.4621,10700
TYA,6/2/2022 00:00:00,15.1672,15.1672,14.4088,14.7459,63900
TYA,6/3/2022 00:00:00,14.8302,15.1672,14.0297,14.5774,13300
TYA,6/6/2022 00:00:00,14.5774,14.5774,14.5774,14.5774,100
TYA,6/7/2022 00:00:00,14.5774,14.5774,14.4931,14.5774,15200
TYA,6/8/2022 00:00:00,14.5774,14.5774,14.5774,14.5774,7300
TYA,6/9/2022 00:00:00,14.5352,14.5352,14.1561,14.3246,64900
TYA,6/10/2022 00:00:00,14.3667,14.3667,14.1561,14.1561,900
TYA,6/13/2022 00:00:00,14.1561,14.2403,13.7347,13.9033,28200
TYA,6/14/2022 00:00:00,14.1139,14.1561,13.9033,13.9033,1600
TYA,6/15/2022 00:00:00,13.9875,13.9875,13.5662,13.6505,11900
TYA,6/16/2022 00:00:00,13.6505,13.6505,12.8079,13.6084,44600
TYA,6/20/2022 00:00:00,13.482,13.482,13.187,13.2292,35500
TYA,6/21/2022 00:00:00,13.2292,13.2713,13.1449,13.1449,25500
TYA,6/22/2022 00:00:00,13.1449,13.1449,13.1449,13.1449,21300
TYA,6/23/2022 00:00:00,13.9875,13.9875,13.9875,13.9875,100
TYA,6/24/2022 00:00:00,13.9875,13.9875,13.482,13.482,2700
TYA,6/27/2022 00:00:00,13.482,14.1561,13.3134,13.482,43000
TYA,6/28/2022 00:00:00,14.1561,14.1561,13.7347,13.819,23300
TYA,6/29/2022 00:00:00,13.3134,13.7769,13.3134,13.6505,116000
TYA,6/30/2022 00:00:00,13.6505,13.6505,13.3134,13.6505,55400
TYA,7/1/2022 00:00:00,13.472,13.5613,13.3828,13.5613,15100
TYA,7/4/2022 00:00:00,13.3382,13.3382,13.2936,13.2936,17200
TYA,7/5/2022 00:00:00,13.2936,13.2936,13.1152,13.1152,10400
TYA,7/6/2022 00:00:00,12.9367,13.026,12.4906,12.9367,15100
TYA,7/7/2022 00:00:00,13.7397,13.7397,12.9367,12.9367,10900
TYA,7/8/2022 00:00:00,13.026,13.026,12.8475,12.8475,5000
TYA,7/11/2022 00:00:00,13.026,13.026,12.7583,12.8921,20600
TYA,7/12/2022 00:00:00,12.9367,13.2936,12.9367,13.2936,5800
TYA,7/13/2022 00:00:00,12.9367,13.2936,12.9367,13.1152,11500
TYA,7/14/2022 00:00:00,13.026,13.2936,12.7583,13.2936,20100
TYA,7/15/2022 00:00:00,12.7583,13.2936,12.7583,13.0706,31600
TYA,7/18/2022 00:00:00,12.9367,13.2936,12.9367,13.026,30000
TYA,7/19/2022 00:00:00,13.026,13.026,12.8029,12.9813,25800
TYA,7/20/2022 00:00:00,12.9813,13.2936,12.8475,13.2936,35100
TYA,7/21/2022 00:00:00,13.2936,13.2936,13.026,13.1598,29300
TYA,7/22/2022 00:00:00,13.2044,13.2044,12.9367,13.2044,15900
TYA,7/25/2022 00:00:00,13.2044,13.472,13.1152,13.3828,49500
TYA,7/26/2022 00:00:00,13.3828,13.5167,13.249,13.3382,32200
TYA,7/27/2022 00:00:00,13.249,13.249,13.1152,13.249,12200
TYA,7/28/2022 00:00:00,13.4274,13.4274,13.1598,13.3382,61000
TYA,7/29/2022 00:00:00,13.1598,13.3382,12.7583,13.3382,47300
TYA,8/1/2022 00:00:00,13.249,13.3382,13.249,13.2936,141700
TYA,8/2/2022 00:00:00,13.2936,13.8289,13.1598,13.472,152700
TYA,8/3/2022 00:00:00,13.3828,13.6505,13.249,13.5613,65300
TYA,8/4/2022 00:00:00,13.3828,13.472,13.3382,13.3828,51400
TYA,8/5/2022 00:00:00,13.2044,13.5167,13.2044,13.3382,16900
TYA,8/8/2022 00:00:00,13.3382,13.472,13.0706,13.1152,59300
TYA,8/9/2022 00:00:00,13.1598,13.3382,13.026,13.2936,177900
TYA,8/10/2022 00:00:00,13.0706,13.249,12.9813,13.0706,75100
TYA,8/11/2022 00:00:00,13.026,13.1152,12.9367,13.0706,72100
TYA,8/12/2022 00:00:00,13.1598,13.1598,12.8921,13.0706,113900
TYA,8/15/2022 00:00:00,13.1152,13.2044,12.9813,13.2044,106400
TYA,8/16/2022 00:00:00,13.1152,13.249,13.026,13.1598,80800
TYA,8/17/2022 00:00:00,13.1152,13.3828,12.9813,13.3382,60200
TYA,8/18/2022 00:00:00,13.2044,13.472,13.2044,13.3828,31400
TYA,8/19/2022 00:00:00,13.2936,13.5613,13.2044,13.472,37000
TYA,8/22/2022 00:00:00,13.3382,13.4274,13.2936,13.3382,28500
TYA,8/23/2022 00:00:00,13.3382,13.4274,13.0706,13.3382,26000
TYA,8/24/2022 00:00:00,13.2936,13.3828,13.1598,13.3382,32100
TYA,8/25/2022 00:00:00,13.249,13.3828,13.249,13.3382,9600
TYA,8/26/2022 00:00:00,13.4274,13.4274,13.0706,13.3828,54800
TYA,8/29/2022 00:00:00,13.2044,13.3382,13.1152,13.1152,54300
TYA,8/30/2022 00:00:00,13.1152,13.249,13.0706,13.2044,16500
TYA,8/31/2022 00:00:00,13.1598,13.2936,13.1152,13.249,30000
TYA,9/5/2022 00:00:00,13.2044,13.4274,13.2044,13.3382,25800
TYA,9/6/2022 00:00:00,13.2044,13.472,13.0706,13.1598,23800
TYA,9/7/2022 00:00:00,13.1598,13.3382,13.0706,13.1152,26100
TYA,9/8/2022 00:00:00,13.0706,13.2936,13.026,13.249,65800
TYA,9/9/2022 00:00:00,13.1598,13.2936,13.1152,13.2044,22800
TYA,9/12/2022 00:00:00,13.1152,13.3828,13.1152,13.3828,34200
TYA,9/13/2022 00:00:00,13.3828,13.3828,13.1598,13.3828,24800
TYA,9/14/2022 00:00:00,13.1598,13.3828,12.9813,13.3828,43900
TYA,9/15/2022 00:00:00,13.2936,13.4274,13.1598,13.2044,38600
TYA,9/16/2022 00:00:00,13.3382,13.3828,13.1598,13.249,25800
TYA,9/19/2022 00:00:00,13.1598,13.3382,13.026,13.1152,39300
TYA,9/20/2022 00:00:00,13.1152,13.2044,13.1152,13.1598,16800
TYA,9/21/2022 00:00:00,13.026,13.2044,12.8921,13.2044,26100
TYA,9/22/2022 00:00:00,12.9367,13.1598,12.9367,13.1598,13900
TYA,9/23/2022 00:00:00,13.1598,13.249,12.9813,13.2044,44800
TYA,9/26/2022 00:00:00,13.1152,13.1152,12.8921,12.9367,35100
TYA,9/27/2022 00:00:00,12.8921,12.9813,12.8475,12.9367,5600
TYA,9/28/2022 00:00:00,12.9367,13.1152,12.4906,12.9367,54300
TYA,9/29/2022 00:00:00,12.8475,12.8921,12.7137,12.8921,10400
TYA,9/30/2022 00:00:00,12.7137,12.8921,12.0445,12.8921,44200
TYA,10/3/2022 00:00:00,12.4906,12.7583,12.3122,12.3122,46300
TYA,10/4/2022 00:00:00,12.4906,12.8921,12.1784,12.4014,16300
TYA,10/5/2022 00:00:00,12.4014,12.446,12.4014,12.4014,2200
TYA,10/6/2022 00:00:00,12.4014,12.4906,12.1338,12.1338,30100
TYA,10/7/2022 00:00:00,11.8661,12.3122,11.8661,12.1338,15700
TYA,10/10/2022 00:00:00,12.1338,12.4014,11.6877,12.3568,9500
TYA,10/11/2022 00:00:00,12.3568,12.5799,12.3122,12.3568,30100
TYA,10/12/2022 00:00:00,12.4906,12.4906,12.3568,12.446,7600
TYA,10/13/2022 00:00:00,12.4014,12.5799,12.4014,12.5799,8900
TYA,10/14/2022 00:00:00,12.4906,12.6691,12.3568,12.6691,18000
TYA,10/17/2022 00:00:00,12.446,12.5799,12.446,12.5799,11000
TYA,10/18/2022 00:00:00,12.5353,12.6691,12.5353,12.6691,6700
TYA,10/19/2022 00:00:00,12.2676,12.3568,11.8661,12.0445,29600
TYA,10/20/2022 00:00:00,11.6877,12.3122,11.6877,12.223,14600
TYA,10/21/2022 00:00:00,11.8661,12.223,11.6877,11.7323,24700
TYA,10/24/2022 00:00:00,10.9293,11.4646,10.9293,10.9293,79100
TYA,10/25/2022 00:00:00,10.2602,10.617,10.171,10.2602,53900
TYA,10/26/2022 00:00:00,9.81408,10.3494,9.81408,10.2602,108000
TYA,10/27/2022 00:00:00,9.90329,10.617,9.90329,10.617,37400
TYA,10/28/2022 00:00:00,10.617,10.6617,10.617,10.6617,6000
TYA,10/31/2022 00:00:00,10.5278,10.5278,10.0817,10.0817,4900
TYA,11/1/2022 00:00:00,10.6617,10.6617,10.0817,10.1263,26900
TYA,11/2/2022 00:00:00,10.1263,10.5278,10.1263,10.5278,6000
TYA,11/3/2022 00:00:00,10.394,10.4386,10.3494,10.4386,5000
TYA,11/4/2022 00:00:00,10.2602,10.617,10.171,10.617,5000
TYA,11/7/2022 00:00:00,10.617,10.617,10.5278,10.5278,2700
TYA,11/8/2022 00:00:00,10.5278,10.5278,10.4832,10.5278,2200
TYA,11/9/2022 00:00:00,10.4832,10.5278,10.3494,10.3494,12600
TYA,11/10/2022 00:00:00,10.2602,10.2602,9.81408,10.0817,13200
TYA,11/11/2022 00:00:00,10.2602,10.2602,9.50181,10.0371,15800
TYA,11/14/2022 00:00:00,9.76947,10.1263,9.54642,9.99251,11800
TYA,11/15/2022 00:00:00,9.90329,9.90329,9.32337,9.63564,11700
TYA,11/16/2022 00:00:00,9.54642,10.3048,8.9665,10.3048,15100
TYA,11/17/2022 00:00:00,9.9479,10.5278,9.90329,10.394,9800
TYA,11/18/2022 00:00:00,10.4386,10.4386,10.2602,10.4386,5600
TYA,11/21/2022 00:00:00,10.394,10.7955,10.394,10.7955,14500
TYA,11/22/2022 00:00:00,10.7063,11.42,10.7063,11.197,13900
TYA,11/23/2022 00:00:00,10.5278,11.2416,10.4386,10.5278,23500
TYA,11/24/2022 00:00:00,10.7063,10.7063,10.0817,10.5278,26500
TYA,11/25/2022 00:00:00,10.5278,10.7509,10.2602,10.5278,64200
TYA,11/28/2022 00:00:00,10.4386,10.617,10.2602,10.5278,23600
TYA,11/29/2022 00:00:00,10.5724,10.617,10.4386,10.5278,37400
TYA,11/30/2022 00:00:00,10.5278,10.5278,10.4832,10.5278,8300
TYA,12/1/2022 00:00:00,10.5278,10.7063,10.4832,10.5278,63400
TYA,12/2/2022 00:00:00,10.5278,10.617,10.5278,10.5278,13300
TYA,12/5/2022 00:00:00,10.9293,10.9739,10.6617,10.6617,20500
TYA,12/6/2022 00:00:00,10.7063,10.8401,10.6617,10.6617,13800
TYA,12/7/2022 00:00:00,10.617,10.9293,10.4832,10.8401,18000
TYA,12/8/2022 00:00:00,10.8401,10.9739,10.617,10.9739,26600
TYA,12/9/2022 00:00:00,10.8401,11.2416,10.7063,11.1524,20300
TYA,12/12/2022 00:00:00,11.1524,11.2416,11.1524,11.2416,3700
TYA,12/13/2022 00:00:00,11.2416,11.2862,10.9739,10.9739,8500
TYA,12/14/2022 00:00:00,10.9739,11.1524,10.7955,11.1077,31000
TYA,12/15/2022 00:00:00,10.8847,11.1077,10.7509,11.1077,22900
TYA,12/16/2022 00:00:00,10.8401,11.1077,10.7509,11.1077,27200
TYA,12/19/2022 00:00:00,10.9293,11.1077,10.8847,11.1077,37300
TYA,12/20/2022 00:00:00,10.7955,11.0631,10.7955,11.0631,7900
TYA,12/21/2022 00:00:00,11.1077,11.1077,11.1077,11.1077,3400
TYA,12/22/2022 00:00:00,11.1077,11.1077,10.7063,10.7063,21200
TYA,12/23/2022 00:00:00,10.7509,11.0185,10.6617,10.8401,44500
TYA,12/26/2022 00:00:00,10.9739,10.9739,10.7063,10.9293,15000
TYA,12/27/2022 00:00:00,10.8847,10.9739,10.8401,10.8401,1900
TYA,12/28/2022 00:00:00,10.8401,10.8401,10.8401,10.8401,1200
TYA,12/29/2022 00:00:00,10.8847,10.8847,10.8847,10.8847,8300
TYA,12/30/2022 00:00:00,10.7955,10.9739,10.7955,10.9739,600
TYA,1/3/2023 00:00:00,10.9739,10.9739,10.9739,10.9739,2500
TYA,1/4/2023 00:00:00,10.9739,10.9739,10.9739,10.9739,300
TYA,1/5/2023 00:00:00,10.9739,11.0185,10.9739,11.0185,10500
TYA,1/6/2023 00:00:00,10.9739,11.1524,10.8401,11.0631,11200
TYA,1/9/2023 00:00:00,11.0631,11.2862,11.0631,11.2862,20100
TYA,1/10/2023 00:00:00,11.1524,11.42,10.9293,11.3308,39300
TYA,1/11/2023 00:00:00,11.0631,11.42,10.9739,11.42,34100
TYA,1/12/2023 00:00:00,11.2416,11.42,11.1524,11.42,22600
TYA,1/13/2023 00:00:00,11.42,11.4646,10.9739,11.4646,18500
TYA,1/16/2023 00:00:00,11.4646,11.5985,11.2862,11.5985,13100
TYA,1/17/2023 00:00:00,11.6877,11.7323,11.6877,11.7323,12200
TYA,1/18/2023 00:00:00,10.9739,11.5538,10.9739,11.1524,29700
TYA,1/19/2023 00:00:00,10.8401,11.8215,10.7955,11.8215,51300
TYA,1/27/2023 00:00:00,11.0631,11.3754,11.0185,11.3754,32400
TYA,1/30/2023 00:00:00,11.3754,11.5538,11.3308,11.3754,34300
TYA,1/31/2023 00:00:00,11.42,11.5092,11.1524,11.42,9700
TYA,2/1/2023 00:00:00,11.42,11.4646,11.197,11.4646,36700
TYA,2/2/2023 00:00:00,10.8847,11.4646,10.8847,11.4646,38500
TYA,2/3/2023 00:00:00,11.0631,11.4646,11.0631,11.3308,7400
TYA,2/6/2023 00:00:00,11.3308,11.4646,11.3308,11.4646,200
TYA,2/7/2023 00:00:00,11.42,11.5092,11.42,11.4646,3600
TYA,2/8/2023 00:00:00,11.2416,11.3754,10.7509,11.3754,13400
TYA,2/9/2023 00:00:00,11.2862,11.42,11.1077,11.3754,16000
TYA,2/10/2023 00:00:00,11.3308,11.3308,11.3308,11.3308,300
TYA,2/13/2023 00:00:00,10.9293,11.2416,10.6617,11.1524,71900
TYA,2/14/2023 00:00:00,10.8847,11.1524,10.7955,10.8847,9900
TYA,2/15/2023 00:00:00,10.7063,10.9739,10.3494,10.9293,73200
TYA,2/16/2023 00:00:00,10.5724,11.5092,10.4386,10.9739,37200
TYA,2/17/2023 00:00:00,10.617,11.0631,10.617,11.0631,29000
TYA,2/20/2023 00:00:00,10.5724,10.9739,10.5278,10.9293,31500
TYA,2/21/2023 00:00:00,10.7955,11.0185,10.617,11.0185,45600
TYA,2/22/2023 00:00:00,10.6617,10.9293,10.5724,10.9293,24900
TYA,2/23/2023 00:00:00,10.7509,10.8847,10.4832,10.7509,21000
TYA,2/24/2023 00:00:00,10.7509,10.8847,10.617,10.8847,49900
TYA,2/27/2023 00:00:00,10.617,10.9739,10.4832,10.9739,28500
TYA,2/28/2023 00:00:00,10.6617,10.7955,10.5724,10.7955,18100
TYA,3/1/2023 00:00:00,10.7955,10.7955,10.7063,10.7955,12700
TYA,3/2/2023 00:00:00,10.7955,10.7955,10.5724,10.7509,10700
TYA,3/3/2023 00:00:00,10.7063,10.7063,10.617,10.617,1000
TYA,3/6/2023 00:00:00,10.617,10.8847,10.617,10.7509,7400
TYA,3/7/2023 00:00:00,10.7063,10.8847,10.4386,10.8847,25800
TYA,3/8/2023 00:00:00,10.7955,10.7955,10.4386,10.7063,26400
TYA,3/9/2023 00:00:00,10.617,10.8401,10.4832,10.7509,14900
TYA,3/10/2023 00:00:00,10.7955,10.9739,10.7063,10.9739,21500
TYA,3/13/2023 00:00:00,10.9739,11.0631,10.617,10.617,24900
TYA,3/14/2023 00:00:00,10.617,10.7063,10.3494,10.7063,47100
TYA,3/15/2023 00:00:00,10.7955,10.7955,10.171,10.7063,56100
TYA,3/16/2023 00:00:00,10.6617,10.6617,10.171,10.171,28200
TYA,3/17/2023 00:00:00,10.2602,10.4386,10.2602,10.2602,4100
TYA,3/20/2023 00:00:00,10.3494,10.3494,10.171,10.171,15100
TYA,3/21/2023 00:00:00,10.1263,10.171,10.1263,10.1263,3800
TYA,3/22/2023 00:00:00,10.1263,10.2156,10.0817,10.171,15900
TYA,3/23/2023 00:00:00,10.171,10.171,10.0371,10.171,3800
TYA,3/24/2023 00:00:00,9.90329,10.0817,9.81408,9.9479,21700
TYA,3/27/2023 00:00:00,9.99251,10.0817,9.90329,9.9479,7100
TYA,3/28/2023 00:00:00,9.85868,10.0817,9.76947,9.81408,14600
TYA,3/29/2023 00:00:00,9.9479,9.9479,9.72486,9.90329,5400
TYA,3/30/2023 00:00:00,9.81408,9.90329,9.72486,9.90329,18300
TYA,3/31/2023 00:00:00,9.99251,10.3494,9.99251,10.3494,3000
TYA,4/3/2023 00:00:00,10.8847,10.8847,10.2602,10.5278,4000
TYA,4/4/2023 00:00:00,10.4386,10.4832,10.171,10.4832,4500
TYA,4/6/2023 00:00:00,10.2602,10.2602,10.2602,10.2602,6800
TYA,4/7/2023 00:00:00,10.0817,10.2602,10.0817,10.171,65600
TYA,4/10/2023 00:00:00,10.2156,10.4832,10.2156,10.3048,20100
TYA,4/11/2023 00:00:00,10.2602,10.2602,10.2602,10.2602,700
TYA,4/12/2023 00:00:00,10.4386,10.4386,10.2602,10.2602,6400
TYA,4/13/2023 00:00:00,10.4832,10.4832,10.4832,10.4832,100
TYA,4/14/2023 00:00:00,10.617,10.617,10.617,10.617,100
TYA,4/17/2023 00:00:00,9.90329,9.9479,9.90329,9.9479,400
TYA,4/18/2023 00:00:00,9.99251,10.0817,9.9479,10.0817,11400
TYA,4/19/2023 00:00:00,10.1263,10.1263,9.90329,9.90329,10600
TYA,4/20/2023 00:00:00,10.0817,10.0817,9.9479,9.9479,2300
TYA,4/21/2023 00:00:00,10.0371,10.0371,9.9479,9.9479,1900
TYA,4/24/2023 00:00:00,9.9479,10.0817,9.9479,9.9479,10700
TYA,4/25/2023 00:00:00,9.81408,9.81408,9.81408,9.81408,400
TYA,4/26/2023 00:00:00,10.0371,10.0371,9.81408,9.81408,9300
TYA,4/27/2023 00:00:00,9.90329,10.0817,9.81408,9.81408,9400
TYA,4/28/2023 00:00:00,10.0817,10.0817,10.0817,10.0817,100
TYA,5/4/2023 00:00:00,10.0817,10.0817,9.85868,9.85868,10400
TYA,5/5/2023 00:00:00,9.90329,9.90329,9.90329,9.90329,700
TYA,5/8/2023 00:00:00,9.90329,9.90329,9.81408,9.90329,17100
TYA,5/9/2023 00:00:00,9.68025,9.99251,9.68025,9.99251,10400
TYA,5/10/2023 00:00:00,10.0371,10.0371,9.99251,10.0371,2500
TYA,5/11/2023 00:00:00,10.3494,10.3494,9.85868,10.1263,9800
TYA,5/12/2023 00:00:00,10.1263,10.1263,10.1263,10.1263,9800
TYA,5/15/2023 00:00:00,9.90329,9.90329,9.90329,9.90329,100
TYA,5/16/2023 00:00:00,10.1263,10.1263,9.90329,9.90329,3600
TYA,5/17/2023 00:00:00,9.99251,10.0817,9.90329,10.0817,5100
TYA,5/18/2023 00:00:00,10.0817,10.0817,10.0817,10.0817,100
TYA,5/19/2023 00:00:00,10.0817,10.0817,9.90329,9.90329,8500
TYA,5/22/2023 00:00:00,10.2602,10.2602,9.99251,9.99251,600
TYA,5/23/2023 00:00:00,10.171,10.171,9.81408,9.81408,7000
TYA,5/24/2023 00:00:00,9.85868,9.90329,9.85868,9.90329,200
TYA,5/26/2023 00:00:00,9.54642,10.1263,9.54642,9.90329,10100
TYA,5/29/2023 00:00:00,9.90329,9.99251,9.81408,9.90329,22000
TYA,5/30/2023 00:00:00,9.90329,10.2156,9.90329,10.171,21700
TYA,5/31/2023 00:00:00,10.171,10.3048,9.99251,10.1263,16900
TYA,6/1/2023 00:00:00,10.0817,10.0817,9.72486,9.90329,38000
TYA,6/2/2023 00:00:00,9.76947,10.2602,9.76947,9.9479,28400
TYA,6/5/2023 00:00:00,10.171,10.2156,10.0817,10.1263,8800
TYA,6/6/2023 00:00:00,10.1263,10.1263,9.9479,9.99251,14700
TYA,6/7/2023 00:00:00,10.0371,10.1263,9.99251,10.1263,11300
TYA,6/8/2023 00:00:00,10.171,10.7955,10.171,10.3048,13400
TYA,6/9/2023 00:00:00,10.4386,10.4386,10.0817,10.2156,11600
TYA,6/12/2023 00:00:00,10.5278,10.5278,10.2602,10.2602,1600
TYA,6/13/2023 00:00:00,10.171,10.171,10.0817,10.1263,10100
TYA,6/14/2023 00:00:00,10.394,10.394,10.171,10.3494,1900
TYA,6/15/2023 00:00:00,10.2602,10.3494,10.0817,10.1263,18200
TYA,6/16/2023 00:00:00,10.1263,10.4386,10.1263,10.3048,7400
TYA,6/19/2023 00:00:00,10.3048,10.3048,10.1263,10.171,7300
TYA,6/20/2023 00:00:00,10.0371,10.171,9.81408,10.0817,13900
TYA,6/21/2023 00:00:00,10.0817,10.171,9.99251,10.171,5400
TYA,6/22/2023 00:00:00,10.171,10.171,10.171,10.171,400
TYA,6/23/2023 00:00:00,10.171,10.171,10.0817,10.0817,6000
TYA,6/26/2023 00:00:00,9.81408,10.2156,9.81408,10.171,4500
TYA,6/27/2023 00:00:00,9.99251,10.1263,9.99251,10.0817,3100
TYA,6/28/2023 00:00:00,10.0817,10.2602,10.0817,10.2602,30200
TYA,6/29/2023 00:00:00,10.2602,10.9072,10.2602,10.3064,4300
TYA,6/30/2023 00:00:00,10.3064,10.5375,10.3064,10.5375,13800
TYA,7/3/2023 00:00:00,10.4913,10.4913,10.4913,10.4913,500
TYA,7/4/2023 00:00:00,10.4913,10.4913,10.1677,10.3064,5300
TYA,7/5/2023 00:00:00,10.3064,10.3988,10.3064,10.3064,2600
TYA,7/6/2023 00:00:00,10.4913,10.4913,10.214,10.214,500
TYA,7/7/2023 00:00:00,10.214,10.214,10.214,10.214,2800
TYA,7/10/2023 00:00:00,10.214,10.3526,10.214,10.3526,1400
TYA,7/11/2023 00:00:00,10.3064,10.3526,10.2602,10.2602,19300
TYA,7/12/2023 00:00:00,10.2602,10.2602,10.1677,10.2602,25800
TYA,7/13/2023 00:00:00,10.2602,10.3064,10.2602,10.3064,31500
TYA,7/14/2023 00:00:00,10.3064,10.445,10.3064,10.445,1600
TYA,7/17/2023 00:00:00,10.2602,10.3988,10.1677,10.1677,11100
TYA,7/18/2023 00:00:00,10.214,10.214,10.1677,10.214,6500
TYA,7/19/2023 00:00:00,10.214,10.214,10.1215,10.214,8200
TYA,7/20/2023 00:00:00,10.1215,10.1677,10.0291,10.0291,9300
TYA,7/21/2023 00:00:00,10.0753,10.1677,10.0291,10.1677,12600
TYA,7/24/2023 00:00:00,10.1215,10.2602,10.1215,10.1677,5200
TYA,7/25/2023 00:00:00,10.1677,10.1677,10.0753,10.1677,7300
TYA,7/26/2023 00:00:00,10.1677,10.1677,10.0753,10.0753,3100
TYA,7/27/2023 00:00:00,9.98287,10.1215,9.98287,9.98287,13900
TYA,7/28/2023 00:00:00,9.98287,9.98287,9.89043,9.98287,11500
TYA,7/31/2023 00:00:00,9.89043,9.98287,9.84422,9.98287,6000
TYA,8/1/2023 00:00:00,9.84422,9.84422,9.61313,9.61313,3400
TYA,8/2/2023 00:00:00,9.84422,9.84422,9.61313,9.70557,16100
TYA,8/3/2023 00:00:00,9.70557,9.798,9.70557,9.798,3200
TYA,8/4/2023 00:00:00,9.798,9.798,9.61313,9.75178,6900
TYA,8/7/2023 00:00:00,9.75178,10.0753,9.65935,9.89043,12000
TYA,8/8/2023 00:00:00,9.70557,9.84422,9.70557,9.84422,2200
TYA,8/9/2023 00:00:00,9.84422,9.98287,9.75178,9.89043,9000
TYA,8/10/2023 00:00:00,9.98287,9.98287,9.75178,9.84422,5400
TYA,8/11/2023 00:00:00,9.84422,9.84422,9.70557,9.798,6300
TYA,8/14/2023 00:00:00,9.798,9.798,9.798,9.798,6000
TYA,8/15/2023 00:00:00,9.84422,9.89043,9.84422,9.89043,3400
TYA,8/16/2023 00:00:00,9.98287,9.98287,9.89043,9.98287,6700
TYA,8/17/2023 00:00:00,9.98287,9.98287,9.89043,9.93665,8000
TYA,8/18/2023 00:00:00,9.93665,9.93665,9.70557,9.70557,11600
TYA,8/21/2023 00:00:00,9.70557,9.84422,9.70557,9.70557,3200
TYA,8/22/2023 00:00:00,9.65935,9.70557,9.65935,9.70557,8000
TYA,8/23/2023 00:00:00,9.98287,9.98287,9.65935,9.70557,7100
TYA,8/24/2023 00:00:00,9.70557,9.84422,9.61313,9.84422,10200
TYA,8/25/2023 00:00:00,9.70557,9.70557,9.70557,9.70557,600
TYA,8/28/2023 00:00:00,9.70557,9.798,9.61313,9.61313,9700
TYA,8/29/2023 00:00:00,9.70557,9.75178,9.70557,9.70557,7000
TYA,8/30/2023 00:00:00,9.798,9.798,9.75178,9.798,3200
TYA,8/31/2023 00:00:00,9.70557,9.798,9.70557,9.798,2600
TYA,9/5/2023 00:00:00,9.798,9.798,9.70557,9.70557,7800
TYA,9/6/2023 00:00:00,9.70557,9.89043,9.70557,9.89043,6000
TYA,9/7/2023 00:00:00,9.93665,9.93665,9.84422,9.84422,300
TYA,9/8/2023 00:00:00,9.798,10.0753,9.70557,9.798,6500
TYA,9/11/2023 00:00:00,9.93665,9.93665,9.93665,9.93665,100
TYA,9/12/2023 00:00:00,9.798,9.798,9.798,9.798,6500
TYA,9/13/2023 00:00:00,9.798,9.798,9.798,9.798,3000
TYA,9/14/2023 00:00:00,9.75178,9.798,9.70557,9.70557,26700
TYA,9/18/2023 00:00:00,9.65935,9.65935,9.65935,9.65935,3500
TYA,9/19/2023 00:00:00,9.84422,9.93665,9.61313,9.65935,2100
TYA,9/20/2023 00:00:00,9.65935,9.65935,9.65935,9.65935,100
TYA,9/21/2023 00:00:00,9.798,9.798,9.798,9.798,200
TYA,9/22/2023 00:00:00,9.798,9.798,9.56692,9.70557,1600
TYA,9/25/2023 00:00:00,9.70557,9.70557,9.70557,9.70557,2800
TYA,9/26/2023 00:00:00,9.70557,9.70557,9.61313,9.61313,4400
TYA,9/27/2023 00:00:00,9.84422,9.84422,9.5207,9.61313,4200
TYA,9/28/2023 00:00:00,9.61313,9.65935,9.61313,9.61313,1600
TYA,9/29/2023 00:00:00,9.61313,9.61313,9.61313,9.61313,6700
TYA,10/2/2023 00:00:00,9.61313,9.65935,9.5207,9.61313,14200
TYA,10/3/2023 00:00:00,9.61313,9.61313,9.56692,9.61313,8500
TYA,10/4/2023 00:00:00,9.5207,9.61313,9.5207,9.61313,900
TYA,10/5/2023 00:00:00,9.5207,9.61313,9.5207,9.5207,3100
TYA,10/6/2023 00:00:00,9.42826,9.42826,9.42826,9.42826,1000
TYA,10/9/2023 00:00:00,9.5207,9.5207,9.38205,9.38205,1100
TYA,10/10/2023 00:00:00,9.5207,9.56692,9.5207,9.5207,13500
TYA,10/11/2023 00:00:00,9.5207,9.5207,9.5207,9.5207,200
TYA,10/12/2023 00:00:00,9.56692,9.65935,9.5207,9.65935,2800
TYA,10/13/2023 00:00:00,9.65935,9.65935,9.5207,9.5207,6200
TYA,10/16/2023 00:00:00,9.5207,9.5207,9.5207,9.5207,7300
TYA,10/17/2023 00:00:00,9.70557,9.84422,9.70557,9.70557,1700
TYA,10/19/2023 00:00:00,9.42826,9.42826,9.33583,9.33583,2500
TYA,10/20/2023 00:00:00,9.98287,9.98287,9.33583,9.33583,3700
TYA,10/23/2023 00:00:00,9.33583,9.38205,9.33583,9.38205,900
TYA,10/24/2023 00:00:00,9.38205,9.38205,9.33583,9.33583,5600
TYA,10/25/2023 00:00:00,9.38205,9.38205,9.38205,9.38205,300
TYA,10/26/2023 00:00:00,9.38205,9.42826,9.38205,9.38205,15300
TYA,10/27/2023 00:00:00,9.38205,9.38205,9.38205,9.38205,100
TYA,10/30/2023 00:00:00,9.38205,9.38205,9.2434,9.38205,900
TYA,10/31/2023 00:00:00,9.38205,9.38205,9.2434,9.2434,13200
TYA,11/1/2023 00:00:00,9.38205,9.38205,9.15096,9.15096,1100
TYA,11/2/2023 00:00:00,9.2434,9.42826,9.2434,9.42826,17300
TYA,11/3/2023 00:00:00,9.33583,9.33583,9.33583,9.33583,1100
TYA,11/7/2023 00:00:00,9.47448,9.47448,9.28961,9.28961,1100
TYA,11/9/2023 00:00:00,9.28961,9.38205,9.28961,9.38205,900
TYA,11/10/2023 00:00:00,9.38205,9.38205,9.38205,9.38205,1600
TYA,11/13/2023 00:00:00,9.33583,9.33583,9.2434,9.2434,6000
TYA,11/14/2023 00:00:00,9.42826,9.42826,9.2434,9.38205,8900
TYA,11/15/2023 00:00:00,9.38205,9.38205,9.38205,9.38205,3000
TYA,11/16/2023 00:00:00,9.42826,9.42826,9.42826,9.42826,100
TYA,11/17/2023 00:00:00,9.33583,9.33583,9.33583,9.33583,400
TYA,11/20/2023 00:00:00,9.28961,9.38205,9.07701,9.38205,1700
TYA,11/21/2023 00:00:00,9.33583,9.33583,9.33583,9.33583,1000
TYA,11/22/2023 00:00:00,9.28961,9.28961,9.28961,9.28961,4300
TYA,11/24/2023 00:00:00,9.28961,9.28961,9.2434,9.28961,5000
TYA,11/27/2023 00:00:00,9.2434,9.28961,9.15096,9.15096,33700
TYA,11/28/2023 00:00:00,9.06777,9.06777,9.06777,9.06777,1000
TYA,11/29/2023 00:00:00,9.15096,9.2434,9.15096,9.2434,1000
TYA,11/30/2023 00:00:00,9.2434,9.2434,9.2434,9.2434,2400
TYA,12/1/2023 00:00:00,9.38205,9.89043,9.38205,9.61313,1600
TYA,12/4/2023 00:00:00,9.61313,9.61313,9.61313,9.61313,100
TYA,12/5/2023 00:00:00,9.89043,9.89043,9.2434,9.65935,5300
TYA,12/6/2023 00:00:00,9.5207,9.70557,9.33583,9.33583,2600
TYA,12/7/2023 00:00:00,9.65935,9.65935,9.65935,9.65935,100
TYA,12/11/2023 00:00:00,9.56692,9.75178,9.56692,9.75178,200
TYA,12/12/2023 00:00:00,9.42826,9.42826,9.42826,9.42826,200
TYA,12/13/2023 00:00:00,9.70557,9.70557,8.77198,9.42826,4700
TYA,12/14/2023 00:00:00,9.42826,9.42826,9.42826,9.42826,100
TYA,12/15/2023 00:00:00,9.42826,9.42826,9.42826,9.42826,100
TYA,12/18/2023 00:00:00,9.42826,9.42826,9.42826,9.42826,100
TYA,12/19/2023 00:00:00,9.2434,9.2434,9.2434,9.2434,12600
TYA,12/20/2023 00:00:00,9.2434,9.42826,9.2434,9.42826,5700
TYA,12/21/2023 00:00:00,9.2434,9.2434,9.2434,9.2434,800
TYA,12/22/2023 00:00:00,9.2434,9.2434,9.2434,9.2434,100
TYA,12/25/2023 00:00:00,9.38205,9.5207,9.38205,9.42826,400
TYA,12/26/2023 00:00:00,9.42826,9.42826,9.42826,9.42826,500
TYA,12/27/2023 00:00:00,9.42826,9.42826,9.42826,9.42826,200
TYA,12/29/2023 00:00:00,9.42826,9.5207,9.42826,9.5207,1600
TYA,1/2/2024 00:00:00,9.75178,9.75178,9.70557,9.70557,200
TYA,1/4/2024 00:00:00,9.42826,9.798,9.33583,9.61313,4100
TYA,1/5/2024 00:00:00,9.33583,9.70557,9.33583,9.70557,2200
TYA,1/8/2024 00:00:00,9.70557,9.70557,9.42826,9.70557,1300
TYA,1/10/2024 00:00:00,9.42826,9.70557,9.33583,9.70557,3100
TYA,1/11/2024 00:00:00,9.28961,9.70557,9.28961,9.33583,73900
TYA,1/12/2024 00:00:00,9.33583,9.42826,9.33583,9.33583,45900
TYA,1/16/2024 00:00:00,9.2434,9.2434,9.2434,9.2434,100
TYA,1/17/2024 00:00:00,9.38205,9.38205,9.38205,9.38205,2000
TYA,1/18/2024 00:00:00,9.38205,9.42826,9.38205,9.42826,300
TYA,1/19/2024 00:00:00,9.5207,9.5207,9.33583,9.42826,1900
TYA,1/22/2024 00:00:00,9.28961,9.38205,9.28961,9.33583,17800
TYA,1/23/2024 00:00:00,9.2434,9.38205,9.2434,9.33583,10600
TYA,1/24/2024 00:00:00,9.2434,9.33583,9.2434,9.33583,14100
TYA,1/25/2024 00:00:00,9.33583,9.33583,9.33583,9.33583,2200
TYA,1/26/2024 00:00:00,9.2434,9.33583,9.2434,9.33583,1100
TYA,1/29/2024 00:00:00,9.28961,9.28961,9.15096,9.15096,1100
TYA,1/30/2024 00:00:00,8.78123,9.23415,8.78123,9.22491,15800
TYA,1/31/2024 00:00:00,9.2434,9.28961,9.05853,9.28961,9600
TYA,2/1/2024 00:00:00,9.28961,9.28961,9.05853,9.05853,10100
TYA,2/2/2024 00:00:00,9.05853,9.05853,9.05853,9.05853,200
TYA,2/5/2024 00:00:00,9.05853,9.15096,9.05853,9.15096,300
TYA,2/7/2024 00:00:00,9.20642,9.75178,9.20642,9.2434,2900
TYA,2/15/2024 00:00:00,9.20642,9.2434,9.19718,9.2434,10100
TYA,2/16/2024 00:00:00,9.2434,9.2434,9.2434,9.2434,200
TYA,2/19/2024 00:00:00,9.05853,9.2434,9.05853,9.2434,4200
TYA,2/20/2024 00:00:00,9.2434,9.2434,9.2434,9.2434,500
TYA,2/21/2024 00:00:00,9.2434,9.33583,9.2434,9.33583,1200
TYA,2/22/2024 00:00:00,9.2434,9.47448,9.2434,9.47448,1200
TYA,2/23/2024 00:00:00,9.2434,9.42826,9.2434,9.33583,4800
TYA,2/27/2024 00:00:00,9.2434,9.47448,9.2434,9.42826,500
TYA,2/28/2024 00:00:00,9.28961,9.28961,9.28961,9.28961,100
TYA,2/29/2024 00:00:00,9.2434,9.28961,9.2434,9.28961,12600
TYA,3/1/2024 00:00:00,9.2434,9.2434,9.2434,9.2434,3700
TYA,3/4/2024 00:00:00,9.2434,9.42826,9.10474,9.10474,6800
TYA,3/5/2024 00:00:00,9.42826,9.42826,9.19718,9.23415,1900
TYA,3/6/2024 00:00:00,9.23415,9.2434,9.23415,9.2434,200
TYA,3/7/2024 00:00:00,9.2434,9.42826,9.2434,9.2434,7900
TYA,3/8/2024 00:00:00,9.19718,9.19718,9.19718,9.19718,1200
TYA,3/11/2024 00:00:00,9.28961,9.28961,9.2434,9.2434,6100
TYA,3/12/2024 00:00:00,9.2434,9.2434,9.2434,9.2434,1500
TYA,3/13/2024 00:00:00,9.2434,9.28961,9.2434,9.28961,600
TYA,3/14/2024 00:00:00,9.28961,9.28961,9.28961,9.28961,1100
TYA,3/15/2024 00:00:00,9.2434,9.28961,9.2434,9.28961,1700
TYA,3/18/2024 00:00:00,9.28961,9.28961,9.28961,9.28961,500
TYA,3/19/2024 00:00:00,9.15096,9.33583,9.15096,9.33583,1600
TYA,3/20/2024 00:00:00,9.2434,9.2434,9.2434,9.2434,100
TYA,3/21/2024 00:00:00,9.28961,9.38205,9.28961,9.38205,400
TYA,3/22/2024 00:00:00,9.2434,9.2434,9.2434,9.2434,3800
TYA,3/25/2024 00:00:00,9.2434,9.33583,9.2434,9.28961,2100
TYA,3/27/2024 00:00:00,9.15096,9.15096,9.15096,9.15096,300
TYA,3/28/2024 00:00:00,9.16021,9.28961,9.16021,9.2434,4500
TYA,3/29/2024 00:00:00,9.16021,9.2434,9.16021,9.17869,1300
TYA,4/1/2024 00:00:00,9.33583,9.33583,9.23415,9.2434,2600
TYA,4/2/2024 00:00:00,9.2434,9.2434,9.19718,9.19718,700
TYA,4/3/2024 00:00:00,9.19718,9.19718,9.16021,9.16021,1000
TYA,4/4/2024 00:00:00,9.19718,9.19718,9.19718,9.19718,5000
TYA,4/5/2024 00:00:00,9.19718,9.19718,9.06777,9.15096,7900
TYA,4/8/2024 00:00:00,9.15096,9.15096,9.15096,9.15096,11000
TYA,4/9/2024 00:00:00,9.15096,9.15096,9.14172,9.14172,800
TYA,4/10/2024 00:00:00,8.96609,9.19718,8.96609,9.19718,10300
TYA,4/12/2024 00:00:00,9.2434,9.798,9.19718,9.19718,1000
TYA,4/15/2024 00:00:00,9.15096,9.15096,9.15096,9.15096,1000
TYA,4/16/2024 00:00:00,9.10474,9.10474,9.05853,9.05853,1800
TYA,4/17/2024 00:00:00,9.2434,9.2434,8.96609,8.96609,6700
TYA,4/19/2024 00:00:00,8.87366,9.19718,8.78123,9.19718,3700
TYA,4/22/2024 00:00:00,9.15096,9.15096,8.96609,9.15096,2200
TYA,4/23/2024 00:00:00,8.96609,8.97534,8.67955,8.67955,2900
TYA,4/24/2024 00:00:00,9.15096,9.15096,8.73501,8.73501,500
TYA,4/25/2024 00:00:00,9.15096,9.33583,8.78123,8.78123,1900
TYA,4/26/2024 00:00:00,8.91988,9.04928,8.64258,8.64258,3800
TYA,5/2/2024 00:00:00,8.87366,8.96609,8.87366,8.96609,500
TYA,5/3/2024 00:00:00,8.96609,8.96609,8.96609,8.96609,100
TYA,5/6/2024 00:00:00,9.05853,9.05853,9.05853,9.05853,8300
TYA,5/7/2024 00:00:00,9.05853,9.2434,9.05853,9.2434,3300
TYA,5/8/2024 00:00:00,9.15096,9.2434,9.05853,9.2434,3700
TYA,5/10/2024 00:00:00,9.47448,9.47448,9.47448,9.47448,200
TYA,5/13/2024 00:00:00,9.28961,9.47448,9.28961,9.47448,1500
TYA,5/15/2024 00:00:00,9.47448,9.56692,9.47448,9.56692,9100
TYA,5/17/2024 00:00:00,9.56692,9.56692,9.56692,9.56692,300
TYA,5/20/2024 00:00:00,9.42826,9.56692,9.42826,9.56692,900
TYA,5/21/2024 00:00:00,9.42826,9.42826,9.42826,9.42826,600
TYA,5/22/2024 00:00:00,9.47448,9.98287,9.47448,9.89043,31200
TYA,5/23/2024 00:00:00,9.89043,9.93665,9.798,9.93665,13400
TYA,5/24/2024 00:00:00,9.93665,9.98287,9.84422,9.89043,2900
TYA,5/27/2024 00:00:00,9.89043,9.89043,9.798,9.798,1600
TYA,5/28/2024 00:00:00,9.84422,9.98287,9.798,9.98287,8900
TYA,5/29/2024 00:00:00,9.98287,10.0291,9.75178,10.0291,6000
TYA,5/30/2024 00:00:00,9.89043,10.0753,9.89043,10.0291,12900
TYA,5/31/2024 00:00:00,10.0291,10.0291,9.89043,9.89043,13100
TYA,6/3/2024 00:00:00,9.89043,10.5375,9.89043,10.5375,36400
TYA,6/4/2024 00:00:00,10.5375,10.8148,10.3526,10.5837,11100
TYA,6/5/2024 00:00:00,10.5837,10.5837,9.89043,9.93665,8800
TYA,6/6/2024 00:00:00,9.98287,9.98287,9.93665,9.98287,2800
TYA,6/7/2024 00:00:00,9.98287,10.2602,9.42826,10.2602,3600
TYA,6/10/2024 00:00:00,10.1677,10.445,10.1677,10.1677,18000
TYA,6/11/2024 00:00:00,10.1677,10.2602,10.1677,10.1677,15600
TYA,6/12/2024 00:00:00,10.0753,10.1677,9.70557,10.1677,11400
TYA,6/13/2024 00:00:00,10.1677,10.1677,9.89043,10.1677,3800
TYA,6/14/2024 00:00:00,10.1677,10.1677,9.98287,9.98287,6300
TYA,6/17/2024 00:00:00,9.98287,9.98287,9.98287,9.98287,1700
TYA,6/18/2024 00:00:00,9.98287,10.0753,9.98287,10.0291,3300
TYA,6/19/2024 00:00:00,10.1215,10.1215,9.89043,9.89043,6700
TYA,6/20/2024 00:00:00,9.98287,10.1677,9.798,10.1677,15500
TYA,6/21/2024 00:00:00,10.1677,10.1677,9.798,9.89043,2700
TYA,6/24/2024 00:00:00,10.1677,10.1677,9.70557,9.798,7400
TYA,6/25/2024 00:00:00,9.98287,9.98287,9.798,9.798,2400
TYA,6/26/2024 00:00:00,9.89043,9.89043,9.70557,9.798,3900
TYA,6/27/2024 00:00:00,9.798,9.798,9.798,9.798,2500
TYA,6/28/2024 00:00:00,9.70333,10.1767,9.70333,9.70333,2900
TYA,7/2/2024 00:00:00,10.1293,10.366,10.1293,10.366,22200
TYA,7/3/2024 00:00:00,10.366,10.792,10.1293,10.5553,1000
TYA,7/4/2024 00:00:00,10.224,10.3187,9.94,10.0347,22200
TYA,7/5/2024 00:00:00,10.0347,10.0347,10.0347,10.0347,3600
TYA,7/8/2024 00:00:00,10.0347,10.2713,9.98733,10.224,9400
TYA,7/9/2024 00:00:00,10.3187,10.4133,10.3187,10.4133,10700
TYA,7/10/2024 00:00:00,10.4133,10.4133,10.366,10.4133,3700
TYA,7/11/2024 00:00:00,10.4133,10.4133,10.224,10.366,3000
TYA,7/12/2024 00:00:00,10.4133,10.508,10.366,10.4133,6200
TYA,7/16/2024 00:00:00,10.4133,10.4133,10.0347,10.3187,8600
TYA,7/17/2024 00:00:00,10.224,10.224,10.224,10.224,1100
TYA,7/18/2024 00:00:00,10.224,10.224,10.1293,10.224,10500
TYA,7/19/2024 00:00:00,10.224,10.792,10.224,10.792,17900
TYA,7/22/2024 00:00:00,10.792,11.502,10.792,11.076,44900
TYA,7/23/2024 00:00:00,11.076,11.5493,11.076,11.36,19800
TYA,7/24/2024 00:00:00,11.4547,12.1173,11.4547,12.1173,102400
TYA,7/25/2024 00:00:00,12.6853,12.6853,11.644,12.3067,17700
TYA,7/26/2024 00:00:00,11.8333,11.8333,11.5967,11.786,18900
TYA,7/29/2024 00:00:00,11.7387,11.8333,11.7387,11.7387,8800
TYA,7/30/2024 00:00:00,11.8333,12.5433,11.8333,12.5433,43100
TYA,7/31/2024 00:00:00,12.5907,12.8747,12.3067,12.3067,13800
TYA,8/1/2024 00:00:00,12.3067,12.3067,11.5493,12.212,15200
TYA,8/2/2024 00:00:00,11.5493,12.07,11.5493,12.07,10000
TYA,8/5/2024 00:00:00,11.8333,11.8333,11.644,11.6913,20200
TYA,8/6/2024 00:00:00,11.6913,12.1173,11.4547,12.1173,3000
TYA,8/7/2024 00:00:00,12.1173,12.212,12.07,12.07,3000
TYA,8/8/2024 00:00:00,11.8333,12.496,11.8333,12.496,3200
TYA,8/9/2024 00:00:00,12.212,12.4487,12.212,12.4487,4100
TYA,8/12/2024 00:00:00,12.3067,12.4487,12.1173,12.4487,6200
TYA,8/13/2024 00:00:00,12.4013,12.4013,12.4013,12.4013,1000
TYA,8/14/2024 00:00:00,12.0227,12.07,12.0227,12.07,500
TYA,8/15/2024 00:00:00,12.07,12.1173,12.07,12.07,1100
TYA,8/16/2024 00:00:00,12.07,12.3067,12.07,12.212,6100
TYA,8/19/2024 00:00:00,12.212,12.212,12.212,12.212,300
TYA,8/20/2024 00:00:00,12.212,12.212,12.212,12.212,1400
TYA,8/21/2024 00:00:00,12.212,12.3067,12.212,12.212,5100
TYA,8/22/2024 00:00:00,12.212,12.212,12.212,12.212,1300
TYA,8/23/2024 00:00:00,12.212,12.212,12.212,12.212,3000
TYA,8/26/2024 00:00:00,12.212,12.212,12.212,12.212,5000
TYA,8/27/2024 00:00:00,12.212,12.212,12.212,12.212,10000
TYA,8/28/2024 00:00:00,12.1647,12.1647,12.1647,12.1647,5600
TYA,8/29/2024 00:00:00,11.8333,12.0227,11.8333,12.0227,9500
TYA,8/30/2024 00:00:00,12.0227,12.0227,12.0227,12.0227,7000
TYA,9/4/2024 00:00:00,12.0227,12.0227,12.0227,12.0227,3200
TYA,9/5/2024 00:00:00,12.0227,12.0227,12.0227,12.0227,2200
TYA,9/6/2024 00:00:00,12.0227,12.2593,11.8333,12.2593,2400
TYA,9/9/2024 00:00:00,12.2593,12.2593,11.928,11.9753,1100
TYA,9/10/2024 00:00:00,12.1173,12.1173,11.928,11.9753,14500
TYA,9/11/2024 00:00:00,11.9753,11.9753,11.928,11.928,8000
TYA,9/12/2024 00:00:00,11.928,11.928,11.928,11.928,2300
TYA,9/13/2024 00:00:00,11.9753,12.0227,11.9753,12.0227,1700
TYA,9/16/2024 00:00:00,12.0227,12.0227,12.0227,12.0227,200
TYA,9/19/2024 00:00:00,12.4487,12.4487,12.0227,12.0227,5000
TYA,9/20/2024 00:00:00,11.928,11.928,11.8333,11.8333,1400
TYA,9/23/2024 00:00:00,11.8333,12.0227,11.8333,11.928,11500
TYA,9/24/2024 00:00:00,11.928,12.0227,11.928,12.0227,1000
TYA,9/25/2024 00:00:00,11.9753,11.9753,11.9753,11.9753,200
TYA,9/26/2024 00:00:00,11.928,12.1173,11.8333,11.928,10100
TYA,9/27/2024 00:00:00,11.9753,11.9753,11.8333,11.8333,13900
TYA,9/30/2024 00:00:00,11.8333,11.8807,11.8333,11.8807,1900
TYA,10/1/2024 00:00:00,11.8807,12.0227,11.8807,11.8807,11900
TYA,10/3/2024 00:00:00,11.928,11.928,11.928,11.928,1100
TYA,10/4/2024 00:00:00,11.928,11.928,11.5493,11.5493,400
TYA,10/7/2024 00:00:00,11.5493,12.354,11.5493,12.3067,1800
TYA,10/8/2024 00:00:00,12.212,12.212,12.212,12.212,400
TYA,10/9/2024 00:00:00,12.0227,12.0227,12.0227,12.0227,1400
TYA,10/10/2024 00:00:00,12.0227,12.07,12.0227,12.07,3500
TYA,10/11/2024 00:00:00,12.07,12.07,12.07,12.07,200
TYA,10/14/2024 00:00:00,12.07,12.07,12.07,12.07,2500
TYA,10/17/2024 00:00:00,11.786,12.07,11.786,11.8807,3200
TYA,10/18/2024 00:00:00,11.8807,11.9753,11.8807,11.9753,8600
TYA,10/21/2024 00:00:00,12.1173,12.7327,12.1173,12.212,51400
TYA,10/22/2024 00:00:00,12.212,12.8747,12.0227,12.5433,9800
TYA,10/23/2024 00:00:00,12.5433,12.5433,11.8807,12.4487,1100
TYA,10/24/2024 00:00:00,12.496,12.6853,12.496,12.638,19400
TYA,10/25/2024 00:00:00,12.638,12.638,12.496,12.638,8900
TYA,10/28/2024 00:00:00,12.354,12.638,12.354,12.638,2500
TYA,10/29/2024 00:00:00,12.5907,12.5907,12.5907,12.5907,100
TYA,10/30/2024 00:00:00,12.5907,12.5907,12.496,12.496,1000
TYA,10/31/2024 00:00:00,12.4013,12.78,12.4013,12.4013,31500
TYA,11/1/2024 00:00:00,12.4013,12.4013,12.354,12.354,11500
TYA,11/4/2024 00:00:00,12.354,12.4013,12.354,12.4013,12000
TYA,11/5/2024 00:00:00,12.4013,12.4013,12.354,12.354,2400
TYA,11/6/2024 00:00:00,12.4013,12.4487,12.4013,12.4013,42900
TYA,11/7/2024 00:00:00,12.4013,12.9693,12.4013,12.4013,23000
TYA,11/8/2024 00:00:00,12.9693,12.9693,12.496,12.78,41600
TYA,11/11/2024 00:00:00,12.7327,13.4427,12.4487,13.1113,97300
TYA,11/12/2024 00:00:00,13.2533,13.4427,13.1587,13.1587,17800
TYA,11/13/2024 00:00:00,13.1587,13.5373,13.1587,13.4427,17800
TYA,11/15/2024 00:00:00,12.922,13.064,12.6853,12.9693,61600
TYA,11/18/2024 00:00:00,12.6853,13.0167,12.6853,13.0167,1500
TYA,11/19/2024 00:00:00,12.9693,12.9693,12.5907,12.5907,12600
TYA,11/20/2024 00:00:00,12.5907,12.78,12.3067,12.6853,27300
TYA,11/21/2024 00:00:00,12.6853,12.8747,12.5907,12.8747,5700
TYA,11/22/2024 00:00:00,13.2533,13.2533,12.78,12.78,3800
TYA,11/25/2024 00:00:00,12.6853,12.8747,12.5907,12.8747,1100
TYA,11/26/2024 00:00:00,12.9693,12.9693,12.78,12.922,3000
TYA,11/27/2024 00:00:00,12.78,12.78,12.78,12.78,11300
TYA,11/28/2024 00:00:00,12.78,12.9693,12.78,12.9693,8400
TYA,11/29/2024 00:00:00,12.78,12.922,12.78,12.78,15600
TYA,12/2/2024 00:00:00,13.1587,13.1587,12.8747,12.8747,2900
TYA,12/3/2024 00:00:00,12.8747,12.8747,12.5907,12.638,13500
TYA,12/4/2024 00:00:00,12.638,12.8747,12.638,12.8747,5400
TYA,12/5/2024 00:00:00,12.78,12.8747,12.6853,12.8747,1000
TYA,12/10/2024 00:00:00,12.8747,13.2533,12.8747,13.2533,3600
TYA,12/11/2024 00:00:00,13.2533,13.2533,13.2533,13.2533,4500
TYA,12/12/2024 00:00:00,12.8747,12.8747,12.8747,12.8747,1000
TYA,12/16/2024 00:00:00,12.78,12.78,12.78,12.78,400
TYA,12/17/2024 00:00:00,12.78,12.78,12.78,12.78,3000
TYA,12/18/2024 00:00:00,12.78,12.78,12.6853,12.6853,600
TYA,12/20/2024 00:00:00,12.6853,12.6853,12.6853,12.6853,400
TYA,12/23/2024 00:00:00,12.6853,12.6853,12.6853,12.6853,800
TYA,12/24/2024 00:00:00,12.6853,12.78,12.6853,12.7327,2200
TYA,12/25/2024 00:00:00,12.7327,12.9693,12.7327,12.78,10800
TYA,12/26/2024 00:00:00,12.8273,12.8273,12.8273,12.8273,700
TYA,12/30/2024 00:00:00,12.7327,12.8747,12.7327,12.8747,2600
TYA,12/31/2024 00:00:00,12.8747,12.8747,12.8747,12.8747,500
TYA,1/2/2025 00:00:00,12.8747,12.9693,12.6853,12.9693,7100
TYA,1/3/2025 00:00:00,12.8747,12.8747,12.8747,12.8747,2600
TYA,1/6/2025 00:00:00,12.6853,12.6853,12.3067,12.5907,1100
TYA,1/7/2025 00:00:00,12.6853,12.6853,12.6853,12.6853,2100
TYA,1/8/2025 00:00:00,12.6853,12.78,12.6853,12.78,8000
TYA,1/9/2025 00:00:00,12.8747,12.8747,12.8273,12.8747,3000
TYA,1/10/2025 00:00:00,12.8747,12.8747,12.78,12.78,2700
TYA,1/13/2025 00:00:00,12.78,12.9693,12.78,12.9693,1700
TYA,1/14/2025 00:00:00,13.2533,13.2533,12.8747,13.0167,16800
TYA,1/15/2025 00:00:00,13.0167,13.064,13.0167,13.064,6700
TYA,1/16/2025 00:00:00,13.064,13.9633,13.064,13.9633,68500
TYA,1/17/2025 00:00:00,14.2,14.91,14.1053,14.91,123800
TYA,1/20/2025 00:00:00,14.91,15.052,14.484,15.052,52300
TYA,1/21/2025 00:00:00,14.5787,14.9573,14.5313,14.7207,10700
TYA,1/22/2025 00:00:00,14.7207,14.8627,14.6733,14.8627,10000
TYA,1/23/2025 00:00:00,14.5313,14.8627,14.484,14.8627,10800
TYA,1/24/2025 00:00:00,15.62,15.62,14.91,15.0047,23100
TYA,2/3/2025 00:00:00,15.0047,15.336,15.0047,15.194,26100
TYA,2/4/2025 00:00:00,15.194,15.2413,15.0047,15.194,22000
TYA,2/5/2025 00:00:00,14.91,15.2413,14.91,15.2413,26000
TYA,2/6/2025 00:00:00,15.1467,15.62,15.1467,15.4307,32300
TYA,2/7/2025 00:00:00,15.2887,15.4307,15.2887,15.2887,6000
TYA,2/10/2025 00:00:00,16.0933,16.188,15.336,15.3833,12000
TYA,2/11/2025 00:00:00,15.4307,15.8567,15.4307,15.8093,11100
TYA,2/12/2025 00:00:00,15.478,15.8093,15.4307,15.5727,5100
TYA,2/13/2025 00:00:00,15.62,15.8093,15.5727,15.5727,12400
TYA,2/14/2025 00:00:00,15.5727,15.8093,15.5727,15.62,13000
TYA,2/17/2025 00:00:00,15.62,15.7147,15.5253,15.62,14000
TYA,2/18/2025 00:00:00,15.62,15.7147,15.5253,15.62,15900
TYA,2/19/2025 00:00:00,15.7147,16.7087,15.7147,16.7087,83700
TYA,2/20/2025 00:00:00,17.324,17.324,16.5193,16.5193,18800
TYA,2/21/2025 00:00:00,16.6613,16.6613,15.8093,15.9987,31600
TYA,2/24/2025 00:00:00,15.9513,15.9987,15.9513,15.9987,10100
TYA,2/25/2025 00:00:00,15.9987,16.046,15.5727,16.046,33200
TYA,2/26/2025 00:00:00,16.046,16.5667,15.9987,16.2827,34000
TYA,2/27/2025 00:00:00,16.2827,16.3773,16.2827,16.2827,15700
TYA,2/28/2025 00:00:00,16.3773,16.3773,16.1407,16.3773,11500
TYA,3/3/2025 00:00:00,16.3773,16.8507,16.2827,16.3773,4800
TYA,3/4/2025 00:00:00,16.2827,16.3773,16.046,16.0933,6700
TYA,3/5/2025 00:00:00,15.904,16.188,15.904,15.9987,11900
TYA,3/6/2025 00:00:00,16.33,16.33,16.0933,16.188,10800
TYA,3/7/2025 00:00:00,16.0933,16.188,16.0933,16.188,11900
TYA,3/10/2025 00:00:00,16.0933,16.2827,16.0933,16.188,8000
TYA,3/11/2025 00:00:00,16.046,16.188,15.9987,16.188,21300
TYA,3/12/2025 00:00:00,16.1407,16.2353,15.9987,16.1407,28400
TYA,3/13/2025 00:00:00,16.0933,16.1407,16.0933,16.0933,13000
TYA,3/14/2025 00:00:00,16.0933,16.0933,15.904,16.0933,9800
TYA,3/17/2025 00:00:00,16.1407,16.3773,16.0933,16.0933,13900
TYA,3/18/2025 00:00:00,16.3773,17.1347,16.3773,16.5193,301200
TYA,3/19/2025 00:00:00,16.6613,16.6613,16.472,16.5193,6000
TYA,3/20/2025 00:00:00,16.5193,16.8033,16.2353,16.6613,6800
TYA,3/21/2025 00:00:00,16.33,16.3773,16.188,16.2353,9000
TYA,3/24/2025 00:00:00,16.188,16.2353,15.336,15.336,72500
TYA,3/25/2025 00:00:00,15.1467,15.1467,14.4367,14.8627,80600
TYA,3/26/2025 00:00:00,14.91,14.9573,14.6733,14.9573,33200
TYA,3/27/2025 00:00:00,14.9573,14.9573,14.6733,14.6733,18100
TYA,3/28/2025 00:00:00,15.0993,15.0993,14.6733,14.6733,4100
TYA,3/31/2025 00:00:00,14.6733,14.6733,14.484,14.6733,2100
TYA,4/1/2025 00:00:00,14.3893,14.6733,14.3893,14.6733,1300
TYA,4/2/2025 00:00:00,14.6733,14.7207,14.626,14.7207,6800
TYA,4/3/2025 00:00:00,13.7267,13.8213,13.7267,13.7267,14600
TYA,4/4/2025 00:00:00,12.78,13.2533,12.78,13.2533,38800
TYA,4/8/2025 00:00:00,12.78,12.78,12.354,12.354,11100
TYA,4/9/2025 00:00:00,11.502,11.644,11.502,11.502,50700
TYA,4/10/2025 00:00:00,12.3067,12.3067,12.3067,12.3067,5700
TYA,4/11/2025 00:00:00,13.1587,13.1587,12.4013,12.8747,15000
TYA,4/14/2025 00:00:00,13.064,13.064,12.8273,12.8273,10400
TYA,4/15/2025 00:00:00,12.8747,12.8747,12.5907,12.638,27300
TYA,4/16/2025 00:00:00,12.7327,12.8747,12.6853,12.8747,2000
TYA,4/17/2025 00:00:00,12.5433,12.922,12.4487,12.8747,6500
TYA,4/18/2025 00:00:00,12.5907,13.348,12.5907,13.2533,3500
TYA,4/21/2025 00:00:00,12.922,13.064,12.78,12.78,7300
TYA,4/22/2025 00:00:00,12.78,12.78,11.9753,12.3067,14600
TYA,4/23/2025 00:00:00,12.8273,12.8273,12.496,12.496,3200
TYA,4/24/2025 00:00:00,12.496,13.0167,12.496,13.0167,28200
TYA,4/25/2025 00:00:00,13.2533,13.916,13.2533,13.916,22000
TYA,4/28/2025 00:00:00,14.8627,14.8627,14.8627,14.8627,11700
TYA,4/29/2025 00:00:00,15.8567,15.8567,14.8627,15.0993,93800
TYA,5/5/2025 00:00:00,15.052,15.052,14.2947,14.2947,5900
TYA,5/6/2025 00:00:00,14.6733,14.6733,13.9633,13.9633,18800
TYA,5/7/2025 00:00:00,14.1527,14.2,13.6793,13.7267,13700
TYA,5/8/2025 00:00:00,14.1053,14.2,13.632,14.1527,42300
TYA,5/9/2025 00:00:00,13.8687,14.3893,13.8687,14.1053,6600
TYA,5/12/2025 00:00:00,14.1053,14.484,14.0107,14.2947,21200
TYA,5/13/2025 00:00:00,14.2947,14.5787,14.1527,14.484,12100
TYA,5/14/2025 00:00:00,14.5787,15.0993,14.484,14.8153,3500
TYA,5/15/2025 00:00:00,14.9573,14.9573,14.484,14.484,14700
TYA,5/16/2025 00:00:00,14.7207,14.7207,14.2473,14.2473,33800
TYA,5/19/2025 00:00:00,14.2473,14.3893,14.058,14.3893,14800
TYA,5/20/2025 00:00:00,14.3893,14.4367,14.1053,14.2947,10500
TYA,5/21/2025 00:00:00,14.2947,14.2947,14.1527,14.1527,1600
TYA,5/22/2025 00:00:00,14.1527,14.2,14.0107,14.2,14000
TYA,5/23/2025 00:00:00,14.0107,14.2473,14.0107,14.1053,3500
TYA,5/26/2025 00:00:00,14.0107,14.4367,13.9633,14.4367,8000
TYA,5/27/2025 00:00:00,14.2473,14.2473,14.2473,14.2473,300
TYA,5/28/2025 00:00:00,14.2947,14.2947,14.058,14.058,1000
TYA,5/29/2025 00:00:00,14.1053,14.2,14.1053,14.1527,1600
TYA,5/30/2025 00:00:00,14.3893,14.3893,14.342,14.3893,5200
TYA,6/2/2025 00:00:00,14.8627,14.8627,14.1527,14.3893,20000
TYA,6/3/2025 00:00:00,14.2,14.5313,14.2,14.2,21000
TYA,6/4/2025 00:00:00,14.1527,14.2947,14.1527,14.2947,1700
TYA,6/5/2025 00:00:00,14.2,14.3893,14.2,14.2,8600
TYA,6/9/2025 00:00:00,14.2,14.4367,14.1053,14.4367,10000
TYA,6/10/2025 00:00:00,14.3893,14.3893,14.3893,14.3893,100
TYA,6/12/2025 00:00:00,14.2947,14.3893,14.2,14.3893,11700
TYA,6/13/2025 00:00:00,14.2473,14.3893,14.0107,14.342,19400
TYA,6/16/2025 00:00:00,14.2473,14.2947,14.058,14.2947,12900
TYA,6/17/2025 00:00:00,14.2947,14.2947,14.1053,14.2947,800
TYA,6/18/2025 00:00:00,14.2947,14.342,14.2,14.2473,8100
TYA,6/19/2025 00:00:00,14.4367,14.4367,14.4367,14.4367,100
TYA,6/20/2025 00:00:00,14.2947,14.3893,14.2,14.2,400
TYA,6/23/2025 00:00:00,14,14.35,14,14.35,8100
TYA,6/24/2025 00:00:00,14.3,14.3,14.25,14.3,2700
TYA,6/25/2025 00:00:00,14.35,14.4,14.35,14.4,52400
TYA,6/26/2025 00:00:00,14.35,14.4,14.25,14.4,2900
TYA,6/27/2025 00:00:00,14.5,14.5,14.25,14.45,2100
TYA,6/30/2025 00:00:00,14.35,14.35,14.3,14.35,2800
TYA,7/1/2025 00:00:00,14.4,14.4,14.2,14.3,254200
TYA,7/2/2025 00:00:00,14.45,14.55,14.45,14.5,2500
TYA,7/3/2025 00:00:00,14.3,14.45,14.2,14.45,4200
TYA,7/4/2025 00:00:00,14.45,14.45,14.45,14.45,100
TYA,7/7/2025 00:00:00,14.3,14.45,14.3,14.45,1800
TYA,7/8/2025 00:00:00,14.35,14.5,14.3,14.45,2600
TYA,7/9/2025 00:00:00,14.5,14.6,14.4,14.5,18900
TYA,7/10/2025 00:00:00,14.5,14.7,14.5,14.7,4000
TYA,7/11/2025 00:00:00,14.75,14.95,14.75,14.95,10000
TYA,7/14/2025 00:00:00,14.95,15,14.95,15,19700
TYA,7/15/2025 00:00:00,15.2,15.25,15,15,15200
TYA,7/16/2025 00:00:00,15,15,14.9,14.9,700
TYA,7/17/2025 00:00:00,14.4,14.9,14.4,14.85,5500
TYA,7/18/2025 00:00:00,14.8,14.8,14.6,14.7,12200
TYA,7/21/2025 00:00:00,14.7,14.75,14.6,14.7,9400
TYA,7/22/2025 00:00:00,14.7,14.95,14.7,14.95,5000
TYA,7/23/2025 00:00:00,14.8,15.95,14.6,15.95,45200
TYA,7/24/2025 00:00:00,17.05,17.05,17.05,17.05,19000
TYA,7/25/2025 00:00:00,18.2,18.2,17.6,17.9,207200
TYA,7/28/2025 00:00:00,17.9,18,17.5,17.6,41600
TYA,7/29/2025 00:00:00,17.7,18.2,16.5,16.8,56400
TYA,7/30/2025 00:00:00,16.6,17.55,16.6,17,17800
TYA,7/31/2025 00:00:00,17,17.2,16.8,16.85,26800
TYA,8/1/2025 00:00:00,17.65,17.65,16.8,17,45100
TYA,8/4/2025 00:00:00,17,17.2,17,17,16400
TYA,8/5/2025 00:00:00,17.05,17.05,16.5,16.7,35800
TYA,8/6/2025 00:00:00,16.7,17.2,16.7,17.2,41300
TYA,8/7/2025 00:00:00,17,17.2,17,17,32600
TYA,8/8/2025 00:00:00,17,17.55,17,17.35,29700
TYA,8/11/2025 00:00:00,17.35,17.8,17.35,17.4,47300
TYA,8/12/2025 00:00:00,17.4,17.5,17.2,17.5,9500
TYA,8/13/2025 00:00:00,17.5,17.5,17,17.5,36100
TYA,8/14/2025 00:00:00,17.7,17.7,17.05,17.25,9000
TYA,8/15/2025 00:00:00,17.25,17.35,17.15,17.15,32200
TYA,8/18/2025 00:00:00,17.2,17.3,17.2,17.3,15500
TYA,8/19/2025 00:00:00,17.2,17.75,17.2,17.3,12000
TYA,8/20/2025 00:00:00,17.8,17.8,17.1,17.2,25500
TYA,8/21/2025 00:00:00,17.2,17.3,17.2,17.2,9700
TYA,8/22/2025 00:00:00,17.15,17.2,16.9,17,24600
TYA,8/25/2025 00:00:00,17,17.5,17,17.5,13900
TYA,8/26/2025 00:00:00,17.2,17.2,17.1,17.1,2800
TYA,8/27/2025 00:00:00,17.5,17.95,17.2,17.5,5900
TYA,8/28/2025 00:00:00,17.9,17.9,17.5,17.9,6200
TYA,9/3/2025 00:00:00,17.6,17.95,17.6,17.6,5500
TYA,9/8/2025 00:00:00,17.6,17.6,17.3,17.3,17400
TYA,9/9/2025 00:00:00,17.25,17.3,17.25,17.3,11100
TYA,9/10/2025 00:00:00,17.35,17.45,17.35,17.4,6700
TYA,9/11/2025 00:00:00,17.45,18.6,17.35,18.5,50200
TYA,9/12/2025 00:00:00,18.8,18.8,18.25,18.25,5400
TYA,9/15/2025 00:00:00,18.8,18.85,18.4,18.75,24200
TYA,9/16/2025 00:00:00,18.8,18.8,18.25,18.4,6700
TYA,9/17/2025 00:00:00,18.45,19.05,18.45,19.05,27800
TYA,9/18/2025 00:00:00,19.05,19.25,18.8,19,37000
TYA,9/19/2025 00:00:00,19,19,18.6,18.7,7500
TYA,9/22/2025 00:00:00,19.2,19.55,18.7,18.7,63600
TYA,9/23/2025 00:00:00,18.7,18.8,18.7,18.8,6800
TYA,9/24/2025 00:00:00,19.45,19.45,18.8,18.8,800
TYA,9/25/2025 00:00:00,18.4,18.9,18.4,18.9,3500
TYA,9/26/2025 00:00:00,18.85,18.9,18,18.7,21500
TYA,9/29/2025 00:00:00,18,18.7,18,18.2,15500
TYA,9/30/2025 00:00:00,17.8,18.1,17.8,17.85,22300
TYA,10/1/2025 00:00:00,17.9,18.2,17.9,18.2,11000
TYA,10/2/2025 00:00:00,18.1,18.1,17.9,18,15800
TYA,10/3/2025 00:00:00,17.95,17.95,17.7,17.7,20200
TYA,10/6/2025 00:00:00,17.75,18.2,17.7,17.75,20900
TYA,10/7/2025 00:00:00,17.9,18.4,17.85,17.85,11900
TYA,10/8/2025 00:00:00,19.05,19.05,17.85,18.75,6300
TYA,10/9/2025 00:00:00,18.75,19.2,18.75,19,7400
TYA,10/10/2025 00:00:00,19,19.35,18.8,18.9,8800
TYA,10/13/2025 00:00:00,18.7,18.9,18.5,18.65,3200
TYA,10/14/2025 00:00:00,18.6,18.95,18.5,18.55,10000
TYA,10/15/2025 00:00:00,18.5,18.7,18.5,18.7,3000
TYA,10/16/2025 00:00:00,19,19.5,19,19.5,27800
TYA,10/17/2025 00:00:00,19.5,20,19.5,19.55,23400
TYA,10/20/2025 00:00:00,19.9,19.9,18.6,18.6,12200
TYA,10/21/2025 00:00:00,19,19.9,18.6,19,79200
TYA,10/22/2025 00:00:00,18.4,19.3,18.4,19.2,5100
TYA,10/23/2025 00:00:00,19,19,18.5,18.65,8800
TYA,10/24/2025 00:00:00,18.65,19,18.55,18.9,13000
TYA,10/27/2025 00:00:00,18.25,18.25,17.6,17.6,165700
TYA,10/28/2025 00:00:00,17.7,17.7,17.25,17.6,18200
TYA,10/29/2025 00:00:00,17.25,17.75,17.25,17.5,18400
TYA,10/30/2025 00:00:00,17.5,17.5,17.25,17.5,10800
TYA,10/31/2025 00:00:00,17.5,17.7,17.2,17.6,22200
TYA,11/3/2025 00:00:00,17.6,17.7,17.4,17.6,49400
TYA,11/4/2025 00:00:00,17.6,17.6,17.3,17.5,4800
TYA,11/5/2025 00:00:00,17.45,17.5,17.3,17.45,6000
TYA,11/6/2025 00:00:00,17.45,17.45,17.3,17.4,1200
TYA,11/7/2025 00:00:00,17.5,17.5,17.5,17.5,400
TYA,11/10/2025 00:00:00,17.1,17.45,17,17.45,700
TYA,11/11/2025 00:00:00,17.45,17.65,17.45,17.65,9800
TYA,11/12/2025 00:00:00,17.15,17.6,17.15,17.6,3700
TYA,11/13/2025 00:00:00,17.6,17.6,17.4,17.6,900
TYA,11/14/2025 00:00:00,17.6,17.75,17.6,17.75,15400
TYA,11/17/2025 00:00:00,17.8,18.95,17.8,18.15,51300
TYA,11/18/2025 00:00:00,18.15,18.85,18.15,18.75,20900
TYA,11/19/2025 00:00:00,18.7,18.7,18.65,18.65,800
TYA,11/20/2025 00:00:00,18.65,18.7,18.65,18.7,4000
TYA,11/21/2025 00:00:00,18.7,18.85,18.7,18.85,8000
TYA,11/26/2025 00:00:00,18.75,18.95,18,18,21900
TYA,12/1/2025 00:00:00,17.85,18,17.8,18,5700
TYA,12/2/2025 00:00:00,17.8,18,17.75,17.9,7000
TYA,12/3/2025 00:00:00,17.65,17.9,17.65,17.9,3900
TYA,12/4/2025 00:00:00,17.9,17.9,17.9,17.9,5300
TYA,12/5/2025 00:00:00,17.9,17.9,17.5,17.5,2500
TYA,12/8/2025 00:00:00,17.9,18,17.9,18,9100
TYA,12/9/2025 00:00:00,18.2,18.5,18,18,17500
TYA,12/10/2025 00:00:00,18,18,18,18,3200
TYA,12/11/2025 00:00:00,18.1,18.15,18,18,6900
TYA,12/12/2025 00:00:00,18,18,18,18,13200
TYA,12/15/2025 00:00:00,18,18,18,18,2600
TYA,12/16/2025 00:00:00,18.1,18.5,17.8,17.8,31400
TYA,12/17/2025 00:00:00,17.6,18.3,17.6,18.3,6500
TYA,12/19/2025 00:00:00,18.2,18.4,17.65,17.7,5500
TYA,12/22/2025 00:00:00,17.5,18.2,17.4,18.2,16500
TYA,12/23/2025 00:00:00,17.55,18,17.55,18,2900
TYA,12/24/2025 00:00:00,17.8,18.6,17.8,18.6,9000
TYA,12/25/2025 00:00:00,18,18,18,18,700
TYA,12/26/2025 00:00:00,17.8,17.8,17.35,17.55,2400
TYA,12/30/2025 00:00:00,17.6,17.6,17.55,17.55,1600
TYA,12/31/2025 00:00:00,17.55,17.55,17.4,17.4,8300
TYA,1/5/2026 00:00:00,17.5,17.55,17.05,17.55,900
TYA,1/6/2026 00:00:00,17.55,17.55,17.55,17.55,2500
TYA,1/7/2026 00:00:00,17.75,17.75,17,17.45,26500
TYA,1/8/2026 00:00:00,17.4,17.45,17.4,17.45,26300
TYA,1/9/2026 00:00:00,17.45,17.45,17.45,17.45,200
TYA,1/12/2026 00:00:00,17.35,17.35,16.95,17.25,10200
TYA,1/13/2026 00:00:00,17.25,17.25,17.05,17.25,45600
TYA,1/14/2026 00:00:00,17.05,17.25,16.45,17,55300
TYA,1/15/2026 00:00:00,17,17.9,17,17.8,1500
TYA,1/16/2026 00:00:00,17.75,17.75,17.35,17.4,4400
TYA,1/19/2026 00:00:00,17.4,18.6,17.2,18.6,228200
TYA,1/20/2026 00:00:00,19.6,19.6,19,19.25,53000
TYA,1/21/2026 00:00:00,19.3,19.3,18.6,19.1,69400
TYA,1/22/2026 00:00:00,19.1,19.8,19.1,19.5,5400
TYA,1/23/2026 00:00:00,19.7,20.15,18.9,19.6,32800
TYA,1/26/2026 00:00:00,19.15,19.35,18.85,19,23300
TYA,1/27/2026 00:00:00,18.9,18.95,18.55,18.6,24900
TYA,1/28/2026 00:00:00,18.85,19,18.6,19,14700
TYA,1/29/2026 00:00:00,19,19.1,18.7,19,31400
TYA,1/30/2026 00:00:00,19,20.3,19,20.3,161200
TYA,2/2/2026 00:00:00,20.3,20.75,19.95,20.25,48700
TYA,2/3/2026 00:00:00,20.05,20.35,19.1,19.2,63300
TYA,2/5/2026 00:00:00,18.9,19.25,18.8,19,37500
TYA,2/6/2026 00:00:00,18.9,18.95,18.4,18.55,32800
TYA,2/9/2026 00:00:00,18.55,18.65,18.1,18.5,32100
TYA,2/10/2026 00:00:00,18.6,18.6,18.2,18.5,9700
TYA,2/11/2026 00:00:00,18.6,18.85,18.5,18.85,12000
TYA,2/12/2026 00:00:00,18.9,19,18.65,18.85,22200
TYA,2/13/2026 00:00:00,19,19.05,18.95,19,11700
TYA,2/23/2026 00:00:00,18.85,18.95,18.7,18.9,7400
TYA,2/24/2026 00:00:00,18.7,18.9,18.5,18.7,22700
TYA,2/25/2026 00:00:00,18.6,18.95,18.6,18.75,7500
TYA,2/27/2026 00:00:00,18.95,19,18.75,18.75,20400
TYA,3/2/2026 00:00:00,18.45,18.85,18.45,18.6,12900
