Ticker,Date,Open,High,Low,Close,Volume
VHM,5/22/2018 00:00:00,68.8938,68.8938,68.8938,68.8938,20
VHM,5/23/2018 00:00:00,66.7372,66.7372,64.1143,64.2892,4.83958e+006
VHM,5/24/2018 00:00:00,64.5806,66.9121,64.1726,66.7372,1.93724e+006
VHM,5/25/2018 00:00:00,66.9121,69.8846,66.7372,68.4858,1.74972e+006
VHM,5/28/2018 00:00:00,64.6972,68.7772,64.6972,68.1943,2.94474e+006
VHM,5/29/2018 00:00:00,68.1943,68.3109,65.9212,67.6115,884320
VHM,5/30/2018 00:00:00,67.6115,68.1943,65.8629,68.1943,2.44826e+006
VHM,5/31/2018 00:00:00,68.1943,68.4858,67.0869,67.0869,1.17869e+006
VHM,6/1/2018 00:00:00,67.0869,68.4858,66.7372,67.9029,814870
VHM,6/4/2018 00:00:00,67.6115,68.7189,67.3201,68.7189,1.76263e+006
VHM,6/5/2018 00:00:00,68.7189,69.3601,68.1943,68.7772,1.22989e+006
VHM,6/6/2018 00:00:00,68.4858,70.4675,68.1943,69.9429,712230
VHM,6/7/2018 00:00:00,71.1086,71.1086,65.0469,69.9429,1.16721e+006
VHM,6/8/2018 00:00:00,69.9429,70.4675,68.4858,69.9429,462940
VHM,6/11/2018 00:00:00,70.4092,70.4092,69.3601,69.9429,425790
VHM,6/12/2018 00:00:00,69.9429,69.9429,68.1943,68.7772,816310
VHM,6/13/2018 00:00:00,68.7772,69.0103,68.5441,68.7772,289590
VHM,6/14/2018 00:00:00,68.7772,69.0686,67.7863,68.1943,624230
VHM,6/15/2018 00:00:00,68.6023,68.6023,67.9029,67.9029,213150
VHM,6/18/2018 00:00:00,67.9029,68.7772,67.6115,67.9029,626280
VHM,6/19/2018 00:00:00,67.9029,67.9029,66.8538,67.0286,770730
VHM,6/20/2018 00:00:00,62.4241,67.6115,62.4241,67.0286,613980
VHM,6/21/2018 00:00:00,67.0286,67.0869,66.4458,67.0286,117280
VHM,6/22/2018 00:00:00,67.0286,67.0286,66.4458,66.5623,83230
VHM,6/25/2018 00:00:00,66.5623,67.5532,66.5623,67.3201,214260
VHM,6/26/2018 00:00:00,67.3201,67.3201,66.5041,67.0286,112440
VHM,6/27/2018 00:00:00,65.5715,66.5041,64.1143,64.1143,305740
VHM,6/28/2018 00:00:00,64.1143,65.8629,62.9486,64.1143,185920
VHM,6/29/2018 00:00:00,65.8629,65.8629,63.2401,65.5132,321730
VHM,7/2/2018 00:00:00,65.5715,65.5715,64.1143,64.8721,456190
VHM,7/3/2018 00:00:00,64.8721,64.8721,60.3841,60.3841,165430
VHM,7/4/2018 00:00:00,59.5098,64.5806,59.5098,64.5806,1.35817e+006
VHM,7/5/2018 00:00:00,64.5806,67.0286,64.5806,66.4458,1.20863e+006
VHM,7/6/2018 00:00:00,64.9886,66.3875,64.9886,65.5715,497040
VHM,7/9/2018 00:00:00,65.5715,66.0961,65.5715,65.7463,134390
VHM,7/10/2018 00:00:00,65.6881,65.7463,63.2401,64.6972,298180
VHM,7/11/2018 00:00:00,64.1143,64.6972,62.9486,63.9395,86370
VHM,7/12/2018 00:00:00,63.9395,64.5806,62.9486,64.1143,113470
VHM,7/13/2018 00:00:00,62.5406,64.6972,62.5406,63.7063,57420
VHM,7/16/2018 00:00:00,64.4058,64.4058,61.7829,61.7829,93750
VHM,7/17/2018 00:00:00,63.5315,64.6972,61.7829,61.7829,410540
VHM,7/18/2018 00:00:00,64.1143,64.1143,62.3658,62.5989,115930
VHM,7/19/2018 00:00:00,62.9486,62.9486,62.0743,62.0743,359780
VHM,7/20/2018 00:00:00,62.3658,62.9486,61.8412,62.3075,361710
VHM,7/23/2018 00:00:00,60.0343,63.8229,60.0343,62.8321,140470
VHM,7/24/2018 00:00:00,60.0343,62.7738,60.0343,62.0743,52950
VHM,7/25/2018 00:00:00,62.3658,62.3658,61.4332,62.0743,123900
VHM,7/26/2018 00:00:00,62.0743,62.8321,61.7829,61.7829,205970
VHM,7/27/2018 00:00:00,61.7829,62.0743,61.2001,61.7246,67370
VHM,7/30/2018 00:00:00,61.7829,64.4058,61.2001,64.4058,324540
VHM,7/31/2018 00:00:00,65.2801,65.2801,63.4149,64.2892,170450
VHM,8/1/2018 00:00:00,64.2892,64.3475,63.2401,63.2983,320670
VHM,8/2/2018 00:00:00,64.0561,64.0561,63.2983,63.4149,265210
VHM,8/3/2018 00:00:00,63.6481,63.9395,63.2401,63.5315,398200
VHM,8/6/2018 00:00:00,63.5315,63.5898,63.4149,63.5315,182880
VHM,8/7/2018 00:00:00,63.5315,63.5315,62.3658,62.6572,160500
VHM,8/8/2018 00:00:00,62.6572,63.4149,62.6572,62.9486,134310
VHM,8/9/2018 00:00:00,62.9486,63.5315,62.9486,63.3566,285670
VHM,8/10/2018 00:00:00,63.5315,63.5315,61.7829,62.3075,120470
VHM,8/13/2018 00:00:00,63.1818,63.1818,62.3075,62.6572,1.08842e+006
VHM,8/14/2018 00:00:00,62.3658,62.9486,62.3658,62.8321,406610
VHM,8/15/2018 00:00:00,62.8321,62.8903,62.4241,62.8321,436300
VHM,8/16/2018 00:00:00,62.8321,62.8903,62.4241,62.8321,726220
VHM,8/17/2018 00:00:00,66.4458,66.4458,63.4149,63.4149,1.12557e+006
VHM,8/20/2018 00:00:00,64.9303,64.9303,63.4149,63.4149,575880
VHM,8/21/2018 00:00:00,63.4149,64.4058,63.4149,64.0561,741280
VHM,8/22/2018 00:00:00,64.0561,64.5806,63.8812,64.0561,415780
VHM,8/23/2018 00:00:00,64.1143,65.3383,64.1143,65.2218,1.37178e+006
VHM,8/24/2018 00:00:00,65.3966,65.8046,64.7555,64.9886,1.34048e+006
VHM,8/27/2018 00:00:00,65.2218,65.2218,64.8721,64.9886,913670
VHM,8/28/2018 00:00:00,64.9886,64.9886,64.4058,64.6972,817180
VHM,8/29/2018 00:00:00,64.6972,64.6972,63.1235,63.1235,303590
VHM,8/30/2018 00:00:00,62.9486,62.9486,62.0743,62.5989,409540
VHM,8/31/2018 00:00:00,62.5989,64.8138,60.6172,60.6172,3.02764e+006
VHM,9/4/2018 00:00:00,62.3075,62.7738,60.7338,61.1418,225530
VHM,9/5/2018 00:00:00,61.6663,61.7829,61.2583,61.7829,318560
VHM,9/6/2018 00:00:00,61.7829,61.7829,60.9669,61.2001,287240
VHM,9/7/2018 00:00:00,60.6172,61.2001,60.6172,61.0835,459090
VHM,9/10/2018 00:00:00,61.4915,61.4915,60.9669,60.9669,532950
VHM,9/11/2018 00:00:00,60.6172,61.2001,60.4423,60.4423,483770
VHM,9/12/2018 00:00:00,61.0835,61.0835,60.5006,60.6172,605640
VHM,9/13/2018 00:00:00,60.6172,61.5498,60.6172,61.2583,836910
VHM,9/14/2018 00:00:00,61.6663,61.7829,61.3749,61.4915,591790
VHM,9/17/2018 00:00:00,61.4915,62.1909,61.4332,61.4915,1.28724e+006
VHM,9/18/2018 00:00:00,61.4915,61.4915,60.6172,60.9669,207550
VHM,9/19/2018 00:00:00,61.4332,61.4332,60.0343,60.9669,258160
VHM,9/20/2018 00:00:00,61.2001,61.2001,60.5589,61.2001,336900
VHM,9/21/2018 00:00:00,60.9669,61.2583,59.16,59.16,8.10252e+006
VHM,9/24/2018 00:00:00,59.16,60.0343,59.16,59.9761,634680
VHM,9/25/2018 00:00:00,60.0343,60.2675,59.2183,59.6846,472130
VHM,9/26/2018 00:00:00,59.4515,59.7429,59.3932,59.3932,473580
VHM,9/27/2018 00:00:00,60.0343,60.9086,60.0343,60.6172,525990
VHM,9/28/2018 00:00:00,61.4915,61.7829,60.9669,61.7829,846730
VHM,10/1/2018 00:00:00,62.0743,62.4241,60.0926,60.0926,523580
VHM,10/2/2018 00:00:00,60.7921,61.2001,60.5006,60.6172,534540
VHM,10/3/2018 00:00:00,61.1418,61.1418,59.3932,59.4515,467970
VHM,10/4/2018 00:00:00,60.6172,60.6172,59.8012,59.8012,331810
VHM,10/5/2018 00:00:00,60.6172,60.6172,59.5098,59.5098,304710
VHM,10/8/2018 00:00:00,60.1072,60.4715,58.2858,58.2858,265800
VHM,10/9/2018 00:00:00,59.16,59.8886,58.2858,58.2858,267080
VHM,10/10/2018 00:00:00,59.3786,59.3786,58.2858,58.3586,378520
VHM,10/11/2018 00:00:00,56.1,58.4315,54.7158,55.7358,736740
VHM,10/12/2018 00:00:00,55.7358,57.5572,55.3715,56.1,666960
VHM,10/15/2018 00:00:00,56.1,56.1,53.1858,53.2586,505140
VHM,10/16/2018 00:00:00,53.2586,54.7158,53.2586,54.3515,349810
VHM,10/17/2018 00:00:00,55.59,56.1,54.6429,55.6629,300010
VHM,10/18/2018 00:00:00,55.6629,55.9543,55.0072,55.08,146220
VHM,10/19/2018 00:00:00,54.3515,55.4443,53.9143,54.4972,282610
VHM,10/22/2018 00:00:00,54.4972,55.0072,54.4243,54.4243,252630
VHM,10/23/2018 00:00:00,53.7686,54.2786,53.4772,53.9872,136760
VHM,10/24/2018 00:00:00,53.55,54.06,52.8215,52.8215,233830
VHM,10/25/2018 00:00:00,49.9072,51.1458,49.5429,49.9072,479440
VHM,10/26/2018 00:00:00,49.9072,50.2715,46.4829,47.3572,1.00422e+006
VHM,10/29/2018 00:00:00,45.5358,46.3372,44.4429,45.0258,338080
VHM,10/30/2018 00:00:00,43.7872,45.9,43.7143,45.2443,574230
VHM,10/31/2018 00:00:00,45.39,48.3772,45.39,48.3772,1.09906e+006
VHM,11/1/2018 00:00:00,47.43,51,47.43,50.2715,871070
VHM,11/2/2018 00:00:00,51,53.7686,51,52.4572,1.17001e+006
VHM,11/5/2018 00:00:00,53.1858,53.7686,51.7286,52.4572,758430
VHM,11/6/2018 00:00:00,53.1858,53.1858,51.7286,52.4572,379000
VHM,11/7/2018 00:00:00,52.7486,52.9672,51.5829,52.9672,298710
VHM,11/8/2018 00:00:00,53.4772,54.4243,53.1858,54.4243,481780
VHM,11/9/2018 00:00:00,54.2786,55.8086,53.9143,55.3715,520370
VHM,11/12/2018 00:00:00,54.9343,55.5172,54.7158,55.3715,274460
VHM,11/13/2018 00:00:00,53.2586,55.3715,53.2586,55.2258,271790
VHM,11/14/2018 00:00:00,55.2258,55.3715,54.6429,55.2258,284050
VHM,11/15/2018 00:00:00,54.4972,55.2258,54.2786,55.0072,301910
VHM,11/16/2018 00:00:00,54.2786,54.57,51.3643,51.8743,788790
VHM,11/19/2018 00:00:00,52.0929,53.1129,50.9272,53.1129,323690
VHM,11/20/2018 00:00:00,52.53,55.0072,52.53,54.6429,500750
VHM,11/21/2018 00:00:00,54.6429,55.2258,53.3315,55.2258,451550
VHM,11/22/2018 00:00:00,55.0072,56.8286,54.6429,56.1,504210
VHM,11/23/2018 00:00:00,56.1,56.6829,55.4443,55.4443,89640
VHM,11/26/2018 00:00:00,55.3715,56.3186,55.0072,56.1,301550
VHM,11/27/2018 00:00:00,56.4643,57.2658,56.3915,57.0472,399420
VHM,11/28/2018 00:00:00,56.8286,57.12,56.4643,57.0472,170200
VHM,11/29/2018 00:00:00,57.1929,57.4843,57.12,57.3386,473940
VHM,11/30/2018 00:00:00,57.3386,57.4843,55.3715,56.6829,593960
VHM,12/3/2018 00:00:00,57.1929,57.3386,56.6101,56.6101,194530
VHM,12/4/2018 00:00:00,56.8286,60.4715,56.8286,59.7429,700280
VHM,12/5/2018 00:00:00,58.2858,60.1072,58.2858,58.7958,384670
VHM,12/6/2018 00:00:00,59.0143,59.6701,58.6501,59.3058,256140
VHM,12/7/2018 00:00:00,59.3058,59.3058,58.2858,58.2858,250620
VHM,12/10/2018 00:00:00,58.14,58.2858,57.5572,58.2858,345240
VHM,12/11/2018 00:00:00,59.3058,59.3058,58.2129,58.5043,141650
VHM,12/12/2018 00:00:00,58.5043,58.5772,58.0672,58.5043,204900
VHM,12/13/2018 00:00:00,58.3586,59.2329,58.3586,58.5043,162470
VHM,12/14/2018 00:00:00,58.5043,58.5043,57.9215,58.14,97030
VHM,12/17/2018 00:00:00,58.14,58.2129,55.7358,56.4643,461140
VHM,12/18/2018 00:00:00,55.3715,56.8286,55.0072,56.4643,323660
VHM,12/19/2018 00:00:00,56.8286,56.8286,55.8815,56.4643,217620
VHM,12/20/2018 00:00:00,55.9543,56.5372,55.9543,56.3915,184090
VHM,12/21/2018 00:00:00,55.9543,55.9543,53.8415,53.8415,1.46927e+006
VHM,12/24/2018 00:00:00,54.6429,55.3715,54.1329,54.2058,172180
VHM,12/25/2018 00:00:00,53.1858,53.9143,52.6758,53.55,232270
VHM,12/26/2018 00:00:00,53.2586,53.55,52.02,52.4572,547940
VHM,12/27/2018 00:00:00,53.8415,53.8415,53.1129,53.4043,304690
VHM,12/28/2018 00:00:00,53.7686,54.2786,53.4772,53.4772,399190
VHM,1/2/2019 00:00:00,53.6958,53.6958,52.9672,53.55,334420
VHM,1/3/2019 00:00:00,52.53,53.3315,52.0929,53.3315,475210
VHM,1/4/2019 00:00:00,52.4572,54.2786,51.6558,53.9143,277640
VHM,1/7/2019 00:00:00,54.3515,54.3515,53.4043,54.06,186030
VHM,1/8/2019 00:00:00,53.9143,54.06,53.2586,54.06,205460
VHM,1/9/2019 00:00:00,54.2786,54.2786,53.9143,54.06,92720
VHM,1/10/2019 00:00:00,54.2786,54.3515,53.55,54.3515,108550
VHM,1/11/2019 00:00:00,54.57,55.8086,54.4243,55.8086,241490
VHM,1/14/2019 00:00:00,56.8286,56.8286,55.8086,56.3186,193920
VHM,1/15/2019 00:00:00,56.1,58.2129,56.1,58.2129,297510
VHM,1/16/2019 00:00:00,58.2129,59.7429,57.6301,58.5043,327390
VHM,1/17/2019 00:00:00,58.9415,59.16,58.14,58.14,214330
VHM,1/18/2019 00:00:00,58.5772,59.0872,57.5572,58.6501,289350
VHM,1/21/2019 00:00:00,59.0143,59.0143,58.2858,58.6501,411510
VHM,1/22/2019 00:00:00,58.7229,59.0143,57.9943,57.9943,285720
VHM,1/23/2019 00:00:00,58.2129,58.2858,57.5572,57.9943,214610
VHM,1/24/2019 00:00:00,57.9943,57.9943,56.8286,57.4115,176750
VHM,1/25/2019 00:00:00,57.1929,57.3386,56.4643,56.8286,226260
VHM,1/28/2019 00:00:00,58.2858,58.7229,56.6829,58.7229,284550
VHM,1/29/2019 00:00:00,59.3786,59.3786,58.6501,59.3786,334250
VHM,1/30/2019 00:00:00,58.5772,59.7429,58.5772,59.7429,246940
VHM,1/31/2019 00:00:00,59.7429,59.7429,57.9943,58.2858,773010
VHM,2/1/2019 00:00:00,58.2858,58.2858,57.9943,58.2858,974540
VHM,2/11/2019 00:00:00,59.0143,59.0143,57.9943,58.2129,353110
VHM,2/12/2019 00:00:00,58.5772,58.5772,57.9215,58.2858,531210
VHM,2/13/2019 00:00:00,58.3586,58.8686,57.7758,58.2858,506510
VHM,2/14/2019 00:00:00,58.5772,60.1801,58.3586,59.6701,971710
VHM,2/15/2019 00:00:00,59.7429,59.7429,59.0872,59.16,422250
VHM,2/18/2019 00:00:00,59.3786,59.7429,58.8686,59.7429,607000
VHM,2/19/2019 00:00:00,60.1072,63.8958,60.1072,63.3858,1.2443e+006
VHM,2/20/2019 00:00:00,63.3858,66.1543,63.3858,65.8629,815580
VHM,2/21/2019 00:00:00,65.9358,70.4529,64.9886,70.4529,1.20987e+006
VHM,2/22/2019 00:00:00,69.2143,70.3072,67.5386,67.8301,950950
VHM,2/25/2019 00:00:00,68.8501,69.2872,66.5186,67.0286,838040
VHM,2/26/2019 00:00:00,67.0286,67.7572,65.5715,67.0286,1.10336e+006
VHM,2/27/2019 00:00:00,67.7572,67.9758,66.6643,67.5386,896260
VHM,2/28/2019 00:00:00,67.1015,67.2472,63.7501,63.7501,1.27019e+006
VHM,3/1/2019 00:00:00,64.4786,66.5915,63.7501,66.3001,806340
VHM,3/4/2019 00:00:00,67.0286,68.1215,65.2801,67.9029,910620
VHM,3/5/2019 00:00:00,67.1743,67.6843,65.9358,66.3001,1.15265e+006
VHM,3/6/2019 00:00:00,66.3001,66.9558,66.1543,66.8829,592410
VHM,3/7/2019 00:00:00,67.0286,69.4329,66.9558,67.0286,1.30697e+006
VHM,3/8/2019 00:00:00,67.0286,67.6843,66.5915,66.6643,699850
VHM,3/11/2019 00:00:00,66.3001,67.2472,65.5715,65.5715,533740
VHM,3/12/2019 00:00:00,66.4458,67.4658,66.2272,67.2472,864570
VHM,3/13/2019 00:00:00,67.4658,69.9429,67.3929,68.4858,1.65485e+006
VHM,3/14/2019 00:00:00,68.7043,68.9229,67.6115,68.4858,708190
VHM,3/15/2019 00:00:00,68.4858,68.4858,67.3929,67.9758,2.49676e+006
VHM,3/18/2019 00:00:00,68.4858,69.1415,68.4858,68.7043,1.05639e+006
VHM,3/19/2019 00:00:00,69.2143,69.3601,68.1215,68.4858,1.1009e+006
VHM,3/20/2019 00:00:00,67.8301,68.0486,66.3001,67.1743,1.06195e+006
VHM,3/21/2019 00:00:00,67.7572,67.7572,64.2601,64.2601,1.00993e+006
VHM,3/22/2019 00:00:00,64.8429,66.4458,64.1143,66.3729,957080
VHM,3/25/2019 00:00:00,65.2072,65.2072,63.7501,64.8429,793070
VHM,3/26/2019 00:00:00,65.5715,66.0815,65.2072,65.4986,617980
VHM,3/27/2019 00:00:00,66.3001,66.3001,65.4986,65.6443,389620
VHM,3/28/2019 00:00:00,65.7901,67.9758,65.5715,67.8301,894540
VHM,3/29/2019 00:00:00,68.4858,68.7043,66.6643,66.6643,1.05406e+006
VHM,4/1/2019 00:00:00,67.3201,68.3401,66.8829,67.3201,334480
VHM,4/2/2019 00:00:00,68.0486,68.2672,67.0286,67.1743,359690
VHM,4/3/2019 00:00:00,67.1743,67.1743,66.3729,67.0286,281350
VHM,4/4/2019 00:00:00,67.5386,67.6115,66.5186,67.0286,489550
VHM,4/5/2019 00:00:00,67.3929,67.9029,67.1015,67.4658,454260
VHM,4/8/2019 00:00:00,67.7572,68.9229,67.5386,68.9229,657320
VHM,4/9/2019 00:00:00,69.2143,69.9429,67.7572,68.3401,973210
VHM,4/10/2019 00:00:00,68.3401,68.3401,67.2472,67.3929,328400
VHM,4/11/2019 00:00:00,67.6115,68.3401,67.1743,68.1215,233360
VHM,4/12/2019 00:00:00,68.0486,68.1943,67.0286,67.9758,299590
VHM,4/16/2019 00:00:00,65.5715,66.9558,63.9686,66.3001,913790
VHM,4/17/2019 00:00:00,66.3001,66.9558,65.3529,65.4258,761350
VHM,4/18/2019 00:00:00,65.4986,65.9358,64.1872,64.8429,609680
VHM,4/19/2019 00:00:00,64.8429,65.8629,64.8429,64.8429,258960
VHM,4/22/2019 00:00:00,65.3529,65.5715,64.5515,65.5715,211620
VHM,4/23/2019 00:00:00,65.3529,65.5715,64.7701,64.8429,494910
VHM,4/24/2019 00:00:00,65.3529,65.7172,65.3529,65.3529,629420
VHM,4/25/2019 00:00:00,65.2072,65.7172,65.1343,65.7172,680080
VHM,4/26/2019 00:00:00,65.7172,67.0286,65.4986,67.0286,1.07035e+006
VHM,5/2/2019 00:00:00,67.0286,67.2472,66.2272,66.5915,452510
VHM,5/3/2019 00:00:00,66.8829,66.8829,65.8629,65.8629,621150
VHM,5/6/2019 00:00:00,65.5715,65.5715,64.5515,64.8429,522550
VHM,5/7/2019 00:00:00,65.4258,65.4258,63.8958,64.0415,576290
VHM,5/8/2019 00:00:00,63.3858,63.6043,62.2201,62.3658,894240
VHM,5/9/2019 00:00:00,61.9286,62.3658,60.9086,61.5643,983320
VHM,5/10/2019 00:00:00,62.3658,62.6572,61.0543,61.2001,980260
VHM,5/13/2019 00:00:00,61.0543,62.0743,61.0543,61.9286,691670
VHM,5/14/2019 00:00:00,61.2001,62.6572,61.2001,61.9286,1.32252e+006
VHM,5/15/2019 00:00:00,62.0743,63.0215,62.0743,62.6572,1.1343e+006
VHM,5/16/2019 00:00:00,62.6572,63.4586,62.4386,63.3858,953330
VHM,5/17/2019 00:00:00,63.3858,63.3858,62.8758,63.1672,791790
VHM,5/20/2019 00:00:00,63.0215,63.2401,62.5115,63.2401,638340
VHM,5/21/2019 00:00:00,64.0415,64.1872,63.1672,63.1672,1.0567e+006
VHM,5/22/2019 00:00:00,62.8029,64.0415,62.8029,63.0215,702510
VHM,5/23/2019 00:00:00,63.0943,63.0943,62.7301,63.0215,377180
VHM,5/24/2019 00:00:00,63.1672,63.1672,61.5643,61.5643,854870
VHM,5/27/2019 00:00:00,61.5643,61.8558,61.4915,61.4915,487560
VHM,5/28/2019 00:00:00,61.4915,61.6372,60.8358,60.8358,1.4366e+006
VHM,5/29/2019 00:00:00,61.2001,61.3458,60.7629,60.9086,921510
VHM,5/30/2019 00:00:00,60.9086,61.0543,60.1072,60.1801,930290
VHM,5/31/2019 00:00:00,60.6172,60.6172,59.0143,59.7429,720930
VHM,6/3/2019 00:00:00,59.7429,59.7429,57.9943,58.7229,527220
VHM,6/4/2019 00:00:00,58.6501,59.0143,57.4843,58.7229,557890
VHM,6/5/2019 00:00:00,59.16,59.3786,58.5043,58.7229,452630
VHM,6/6/2019 00:00:00,58.6501,58.8686,57.4843,58.5043,582690
VHM,6/7/2019 00:00:00,58.6501,60.4715,58.2129,59.8886,572380
VHM,6/10/2019 00:00:00,60.4715,60.4715,59.3058,59.7429,596360
VHM,6/11/2019 00:00:00,59.7429,59.7429,59.2329,59.6701,375370
VHM,6/12/2019 00:00:00,59.3786,59.3786,57.9215,58.2858,893930
VHM,6/13/2019 00:00:00,57.9215,58.2858,55.8086,58.2858,2.02258e+006
VHM,6/14/2019 00:00:00,57.4115,58.2129,57.2658,58.2129,482820
VHM,6/17/2019 00:00:00,58.2129,58.2129,56.5372,56.8286,458320
VHM,6/18/2019 00:00:00,56.6829,56.8286,55.59,56.8286,1.64062e+006
VHM,6/19/2019 00:00:00,56.8286,57.0472,56.6829,56.9015,729570
VHM,6/20/2019 00:00:00,57.12,57.4843,56.8286,57.12,1.56125e+006
VHM,6/21/2019 00:00:00,57.2658,57.7758,57.1929,57.1929,3.7422e+006
VHM,6/24/2019 00:00:00,57.2658,58.5772,57.2658,57.9215,1.45227e+006
VHM,6/25/2019 00:00:00,58.14,58.3586,57.9215,57.9215,866490
VHM,6/26/2019 00:00:00,57.7758,57.9943,57.3386,57.5572,1.17421e+006
VHM,6/27/2019 00:00:00,57.5572,57.5572,56.4643,56.4643,815110
VHM,6/28/2019 00:00:00,55.8086,57.9215,55.7358,57.7758,928700
VHM,7/1/2019 00:00:00,57.9215,59.0143,57.7758,59.0143,1.09057e+006
VHM,7/2/2019 00:00:00,59.0143,59.16,58.2858,59.0872,1.08763e+006
VHM,7/3/2019 00:00:00,58.7229,59.7429,58.3586,59.7429,1.51766e+006
VHM,7/4/2019 00:00:00,59.7429,61.9286,59.6701,61.9286,2.07563e+006
VHM,7/5/2019 00:00:00,61.3458,62.6572,60.8358,62.6572,1.23443e+006
VHM,7/8/2019 00:00:00,61.9286,62.0743,60.4715,60.4715,666020
VHM,7/9/2019 00:00:00,60.4715,61.0543,60.1072,60.5443,579540
VHM,7/10/2019 00:00:00,60.5443,61.0543,60.5443,60.7629,321230
VHM,7/11/2019 00:00:00,60.9815,61.1272,60.5443,60.5443,392510
VHM,7/12/2019 00:00:00,60.5443,60.9815,60.0343,60.5443,626820
VHM,7/15/2019 00:00:00,60.4715,60.4715,59.2329,59.7429,713050
VHM,7/16/2019 00:00:00,59.7429,61.2001,59.7429,61.1272,833350
VHM,7/17/2019 00:00:00,61.1272,62.2929,61.1272,61.2001,816530
VHM,7/18/2019 00:00:00,60.4715,61.2001,60.4715,61.2001,513470
VHM,7/19/2019 00:00:00,61.2001,62.1472,60.7629,61.5643,1.02811e+006
VHM,7/22/2019 00:00:00,61.5643,61.6372,61.0543,61.6372,471720
VHM,7/23/2019 00:00:00,61.6372,62.6572,61.4186,62.5115,826210
VHM,7/24/2019 00:00:00,62.6572,63.1672,62.0743,62.5115,542990
VHM,7/25/2019 00:00:00,62.5115,64.7701,62.2929,63.7501,1.37969e+006
VHM,7/26/2019 00:00:00,63.7501,64.0415,63.0943,63.7501,473900
VHM,7/29/2019 00:00:00,63.7501,64.1143,63.2401,63.9686,423030
VHM,7/30/2019 00:00:00,65.1343,65.1343,61.2001,61.2001,987720
VHM,7/31/2019 00:00:00,61.9286,64.9886,61.9286,64.2601,991720
VHM,8/1/2019 00:00:00,64.8429,66.1543,64.1143,65.9358,913610
VHM,8/2/2019 00:00:00,64.5515,65.7172,64.1872,65.7172,627380
VHM,8/5/2019 00:00:00,64.8429,65.5715,62.0743,62.0743,902620
VHM,8/6/2019 00:00:00,61.5643,61.7101,60.3986,60.8358,960830
VHM,8/7/2019 00:00:00,61.9286,62.1472,60.6901,61.2001,724520
VHM,8/8/2019 00:00:00,61.9374,63.0434,60.9788,62.3061,556040
VHM,8/9/2019 00:00:00,62.6748,62.6748,61.6425,61.9374,352540
VHM,8/12/2019 00:00:00,61.495,62.1586,61.4213,62.0849,229140
VHM,8/13/2019 00:00:00,61.9374,61.9374,60.5364,61.1263,723240
VHM,8/14/2019 00:00:00,61.5687,62.2323,61.2001,61.2001,487320
VHM,8/15/2019 00:00:00,60.4627,61.9374,59.7254,61.9374,368870
VHM,8/16/2019 00:00:00,61.6425,62.8222,61.5687,61.5687,589570
VHM,8/19/2019 00:00:00,61.9374,62.1586,61.5687,62.0849,341980
VHM,8/20/2019 00:00:00,62.0849,64.002,62.0849,63.9282,642320
VHM,8/21/2019 00:00:00,63.8545,64.8868,63.707,64.3707,548090
VHM,8/22/2019 00:00:00,64.5181,64.8131,64.002,64.8131,380330
VHM,8/23/2019 00:00:00,64.8868,64.8868,64.1495,64.1495,582580
VHM,8/26/2019 00:00:00,62.6748,63.5596,62.6748,63.3384,375290
VHM,8/27/2019 00:00:00,63.3384,64.8131,63.3384,63.8545,871250
VHM,8/28/2019 00:00:00,63.4121,64.5181,63.4121,64.002,297410
VHM,8/29/2019 00:00:00,64.002,64.1495,62.896,64.002,344570
VHM,8/30/2019 00:00:00,64.002,64.8868,64.002,64.7393,436220
VHM,9/3/2019 00:00:00,64.7393,64.8131,64.2969,64.5919,243420
VHM,9/4/2019 00:00:00,64.6656,65.7716,64.2969,65.6242,862730
VHM,9/5/2019 00:00:00,65.6242,66.0666,65.3292,65.6242,429760
VHM,9/6/2019 00:00:00,65.6242,65.6242,64.8868,65.4767,243750
VHM,9/9/2019 00:00:00,65.4767,65.4767,64.8131,65.1817,336920
VHM,9/10/2019 00:00:00,65.1817,65.2555,64.3707,64.8868,317650
VHM,9/11/2019 00:00:00,64.5181,64.7393,63.2646,63.6333,549770
VHM,9/12/2019 00:00:00,64.4444,64.4444,63.6333,64.0757,289830
VHM,9/13/2019 00:00:00,64.4444,64.8868,63.4858,64.8868,361780
VHM,9/16/2019 00:00:00,64.2232,65.5504,64.2232,65.2555,563460
VHM,9/17/2019 00:00:00,65.2555,66.7302,65.1817,66.5827,921810
VHM,9/18/2019 00:00:00,66.5827,66.7302,66.2878,66.6564,437190
VHM,9/19/2019 00:00:00,66.6564,66.6564,65.108,66.5827,506070
VHM,9/20/2019 00:00:00,66.6564,66.6564,65.9928,66.0666,1.03229e+006
VHM,9/23/2019 00:00:00,66.0666,66.2878,65.4767,65.9928,267270
VHM,9/24/2019 00:00:00,65.9928,66.214,65.5504,65.9928,286560
VHM,9/25/2019 00:00:00,65.6979,66.2878,65.4029,65.9928,227170
VHM,9/26/2019 00:00:00,65.9928,66.2878,64.5181,65.4029,533860
VHM,9/27/2019 00:00:00,65.4029,66.214,65.108,65.8454,384950
VHM,9/30/2019 00:00:00,66.3615,66.3615,65.5504,65.8454,491120
VHM,10/1/2019 00:00:00,65.9928,65.9928,65.4029,65.7716,231930
VHM,10/2/2019 00:00:00,65.7716,65.8454,65.2555,65.6242,462090
VHM,10/3/2019 00:00:00,65.2555,65.8454,64.8868,65.8454,327140
VHM,10/4/2019 00:00:00,65.9928,65.9928,65.1817,65.7716,428530
VHM,10/7/2019 00:00:00,65.6242,65.6242,65.0343,65.6242,481420
VHM,10/8/2019 00:00:00,65.6242,65.6242,64.9605,65.3292,315010
VHM,10/9/2019 00:00:00,65.3292,65.4767,64.9605,65.2555,293220
VHM,10/10/2019 00:00:00,65.3292,65.3292,64.5919,65.2555,359140
VHM,10/11/2019 00:00:00,65.3292,65.3292,64.8868,65.1817,450000
VHM,10/14/2019 00:00:00,65.1817,65.1817,64.5181,64.8131,285650
VHM,10/15/2019 00:00:00,64.5181,64.7393,63.2646,63.707,643130
VHM,10/16/2019 00:00:00,63.707,63.707,62.896,63.707,630230
VHM,10/17/2019 00:00:00,63.6333,64.8868,62.896,63.7808,688380
VHM,10/18/2019 00:00:00,63.7808,64.3707,63.5596,64.1495,327740
VHM,10/21/2019 00:00:00,64.1495,64.1495,63.1172,63.7808,484630
VHM,10/22/2019 00:00:00,63.7808,64.002,63.3384,63.4121,350630
VHM,10/23/2019 00:00:00,63.4121,63.4121,62.6748,63.3384,535550
VHM,10/24/2019 00:00:00,63.1909,63.4858,62.8222,63.4858,543560
VHM,10/25/2019 00:00:00,63.4121,63.5596,62.9697,63.4121,681140
VHM,10/28/2019 00:00:00,63.4121,63.9282,63.0434,63.4121,728480
VHM,10/29/2019 00:00:00,64.1495,64.8868,64.0757,64.5919,1.01497e+006
VHM,10/30/2019 00:00:00,64.8868,65.6979,64.6656,65.4767,737640
VHM,10/31/2019 00:00:00,65.4767,66.214,65.4029,65.6242,1.00856e+006
VHM,11/1/2019 00:00:00,65.9191,70.1957,65.7716,70.1957,2.59403e+006
VHM,11/4/2019 00:00:00,70.5644,71.8916,69.827,70.7856,1.12451e+006
VHM,11/5/2019 00:00:00,70.7856,72.629,70.6381,72.1866,1.83696e+006
VHM,11/6/2019 00:00:00,71.8179,74.4724,71.8179,73.2926,1.67531e+006
VHM,11/7/2019 00:00:00,73.0714,75.4309,73.0714,73.3663,2.08165e+006
VHM,11/8/2019 00:00:00,73.3663,73.6613,72.2603,72.629,1.23337e+006
VHM,11/11/2019 00:00:00,72.5552,73.5138,72.1866,72.7765,765160
VHM,11/12/2019 00:00:00,72.9977,73.2926,71.8916,72.1128,1.38083e+006
VHM,11/13/2019 00:00:00,72.1128,72.4078,71.228,71.5967,1.30568e+006
VHM,11/14/2019 00:00:00,72.4815,73.2189,70.9331,71.0805,1.48064e+006
VHM,11/15/2019 00:00:00,71.6704,71.8179,70.9331,71.0068,1.01849e+006
VHM,11/18/2019 00:00:00,71.1543,71.3755,70.5644,71.0068,1.16883e+006
VHM,11/19/2019 00:00:00,71.1543,72.5552,70.7119,71.1543,2.30562e+006
VHM,11/20/2019 00:00:00,71.6704,71.6704,70.1957,70.9331,2.01094e+006
VHM,11/21/2019 00:00:00,70.9331,71.0805,70.122,70.2695,3.20282e+006
VHM,11/22/2019 00:00:00,70.7119,70.7119,66.5827,68.9422,3.79193e+006
VHM,11/25/2019 00:00:00,68.2049,69.2372,67.615,68.721,2.30082e+006
VHM,11/26/2019 00:00:00,69.3109,69.3846,68.7948,68.7948,3.28478e+006
VHM,11/27/2019 00:00:00,68.9422,68.9422,68.4261,68.5736,2.13511e+006
VHM,11/28/2019 00:00:00,68.5736,68.5736,67.4675,67.5413,2.59871e+006
VHM,11/29/2019 00:00:00,67.5413,67.8362,66.9514,67.7625,2.83931e+006
VHM,12/2/2019 00:00:00,68.2049,68.5736,67.3938,67.7625,4.40762e+006
VHM,12/3/2019 00:00:00,67.2463,68.0574,65.9928,67.6887,3.35796e+006
VHM,12/4/2019 00:00:00,67.615,68.0574,66.8039,67.6887,2.4509e+006
VHM,12/5/2019 00:00:00,68.4261,68.9422,67.6887,67.8362,3.4184e+006
VHM,12/6/2019 00:00:00,67.8362,67.9837,67.5413,67.8362,2.52508e+006
VHM,12/9/2019 00:00:00,67.8362,68.5736,67.4675,67.8362,625460
VHM,12/10/2019 00:00:00,68.0574,68.0574,64.8868,67.4675,1.54855e+006
VHM,12/11/2019 00:00:00,67.3201,67.4675,65.9191,67.1726,645660
VHM,12/12/2019 00:00:00,67.1726,67.2463,66.3615,67.2463,884980
VHM,12/13/2019 00:00:00,67.2463,67.3938,65.6979,65.6979,419210
VHM,12/16/2019 00:00:00,64.5919,65.2555,63.1172,63.4858,1.43778e+006
VHM,12/17/2019 00:00:00,63.4858,64.1495,62.3798,63.0434,859640
VHM,12/18/2019 00:00:00,62.4535,63.0434,61.2001,61.8637,1.33984e+006
VHM,12/19/2019 00:00:00,61.7899,62.6748,60.8314,61.8637,1.0475e+006
VHM,12/20/2019 00:00:00,61.9374,63.1172,61.9374,62.0849,1.52519e+006
VHM,12/23/2019 00:00:00,62.6748,62.6748,61.6425,61.7899,568720
VHM,12/24/2019 00:00:00,61.4213,61.7899,60.3152,61.7162,838840
VHM,12/25/2019 00:00:00,61.7162,62.0849,61.0526,61.7162,361820
VHM,12/26/2019 00:00:00,61.7162,62.601,61.3475,62.0849,426570
VHM,12/27/2019 00:00:00,62.0849,62.601,61.495,62.3061,519680
VHM,12/30/2019 00:00:00,62.2323,63.8545,62.2323,63.0434,896520
VHM,12/31/2019 00:00:00,63.0434,63.2646,62.3061,62.5273,430660
VHM,1/2/2020 00:00:00,62.3061,63.0434,62.3061,62.601,238600
VHM,1/3/2020 00:00:00,62.601,62.9697,62.3798,62.8222,394470
VHM,1/6/2020 00:00:00,62.3798,62.6748,61.0526,61.495,1.02527e+006
VHM,1/7/2020 00:00:00,61.2001,62.5273,61.2001,61.7899,590360
VHM,1/8/2020 00:00:00,61.2001,61.5687,59.7254,60.8314,553690
VHM,1/9/2020 00:00:00,61.495,61.7162,61.1263,61.4213,421250
VHM,1/10/2020 00:00:00,61.4213,62.601,60.9788,62.3061,699780
VHM,1/13/2020 00:00:00,62.5273,64.002,62.3061,63.6333,882160
VHM,1/14/2020 00:00:00,63.5596,64.002,63.4858,63.6333,361600
VHM,1/15/2020 00:00:00,63.7808,63.7808,63.2646,63.6333,420650
VHM,1/16/2020 00:00:00,63.707,63.707,63.3384,63.4858,441860
VHM,1/17/2020 00:00:00,63.5596,64.8131,63.4121,63.4121,552190
VHM,1/20/2020 00:00:00,63.4121,63.707,63.1909,63.4121,711830
VHM,1/21/2020 00:00:00,63.4121,64.5181,63.4121,64.5181,653680
VHM,1/22/2020 00:00:00,64.4444,65.9928,64.3707,65.9191,673070
VHM,1/30/2020 00:00:00,64.2969,64.7393,63.2646,64.4444,1.414e+006
VHM,1/31/2020 00:00:00,64.5181,65.2555,64.2232,64.5181,1.28437e+006
VHM,2/3/2020 00:00:00,61.3475,63.3384,60.4627,62.8222,755310
VHM,2/4/2020 00:00:00,62.8222,63.7808,62.6748,63.1909,829790
VHM,2/5/2020 00:00:00,64.002,64.002,62.9697,63.4121,2.41037e+006
VHM,2/6/2020 00:00:00,63.6333,64.1495,63.4121,64.002,484420
VHM,2/7/2020 00:00:00,64.0757,64.7393,64.002,64.1495,587610
VHM,2/10/2020 00:00:00,63.4858,63.9282,63.2646,63.5596,373600
VHM,2/11/2020 00:00:00,63.4121,63.707,63.0434,63.5596,602090
VHM,2/12/2020 00:00:00,63.9282,63.9282,63.5596,63.7808,395320
VHM,2/13/2020 00:00:00,63.5596,63.707,63.0434,63.4121,421050
VHM,2/14/2020 00:00:00,63.0434,65.3292,63.0434,64.5919,481520
VHM,2/17/2020 00:00:00,64.8868,64.8868,63.7808,63.9282,164600
VHM,2/18/2020 00:00:00,63.8545,64.1495,63.1172,63.4121,323870
VHM,2/19/2020 00:00:00,63.1172,63.7808,62.8222,63.4121,514110
VHM,2/20/2020 00:00:00,63.7808,64.3707,63.3384,64.0757,271380
VHM,2/21/2020 00:00:00,63.7808,64.0757,63.4121,63.4858,184170
VHM,2/24/2020 00:00:00,61.4213,62.7485,61.4213,61.9374,619380
VHM,2/25/2020 00:00:00,60.6839,61.7899,59.7254,61.2738,410300
VHM,2/26/2020 00:00:00,61.2001,61.2001,59.2092,59.6516,651880
VHM,2/27/2020 00:00:00,58.9143,59.7254,58.2507,59.5779,1.28025e+006
VHM,2/28/2020 00:00:00,57.882,59.2829,57.882,59.2829,860760
VHM,3/2/2020 00:00:00,58.3244,59.4304,58.2507,59.3567,447980
VHM,3/3/2020 00:00:00,59.3567,59.7991,59.1355,59.3567,742520
VHM,3/4/2020 00:00:00,58.3244,59.3567,58.1769,59.3567,901070
VHM,3/5/2020 00:00:00,59.0617,60.094,59.0617,59.7254,361110
VHM,3/6/2020 00:00:00,58.988,59.6516,58.2507,59.6516,339740
VHM,3/9/2020 00:00:00,57.9557,57.9557,55.5225,55.5225,973190
VHM,3/10/2020 00:00:00,52.3519,56.4073,52.3519,56.4073,1.05011e+006
VHM,3/11/2020 00:00:00,56.4073,56.6285,52.4993,56.4073,932900
VHM,3/12/2020 00:00:00,55.6699,55.6699,52.4993,53.0892,1.16112e+006
VHM,3/13/2020 00:00:00,49.4025,53.0892,49.4025,53.0892,1.33718e+006
VHM,3/16/2020 00:00:00,52.3519,52.9417,49.7711,52.9417,968810
VHM,3/17/2020 00:00:00,49.7711,52.6468,49.7711,51.5408,1.09546e+006
VHM,3/18/2020 00:00:00,51.3933,51.8357,49.7711,51.2458,1.70775e+006
VHM,3/19/2020 00:00:00,49.6237,51.0984,47.9278,50.5085,1.48217e+006
VHM,3/20/2020 00:00:00,50.5085,50.5085,47.0429,47.0429,1.35155e+006
VHM,3/23/2020 00:00:00,44.241,45.7157,43.7986,43.7986,198200
VHM,3/24/2020 00:00:00,40.8492,43.0612,40.7755,40.7755,2.03651e+006
VHM,3/25/2020 00:00:00,42.029,43.5774,39.8169,43.5774,1.83229e+006
VHM,3/26/2020 00:00:00,43.5774,46.4531,42.1764,44.9784,2.02082e+006
VHM,3/27/2020 00:00:00,44.241,45.2733,43.135,44.241,710770
VHM,3/30/2020 00:00:00,41.1441,42.029,41.1441,41.1441,929820
VHM,3/31/2020 00:00:00,41.1441,42.6926,38.3422,40.5543,661010
VHM,4/1/2020 00:00:00,39.227,42.2502,39.227,40.4068,553900
VHM,4/3/2020 00:00:00,41.4391,42.5451,40.7017,42.5451,940470
VHM,4/6/2020 00:00:00,44.241,45.4945,43.2087,45.4945,534020
VHM,4/7/2020 00:00:00,48.2964,48.6651,45.7894,48.6651,902670
VHM,4/8/2020 00:00:00,47.5591,51.6145,47.1904,51.6145,950920
VHM,4/9/2020 00:00:00,51.6145,52.2781,50.7297,50.8772,854470
VHM,4/10/2020 00:00:00,50.5085,51.0246,49.4025,49.4762,513310
VHM,4/13/2020 00:00:00,50.1398,51.2458,49.4762,49.6237,449470
VHM,4/14/2020 00:00:00,50.1398,50.8034,49.0338,50.1398,642490
VHM,4/15/2020 00:00:00,50.4347,50.8772,49.7711,49.9923,533620
VHM,4/16/2020 00:00:00,49.8449,50.2873,49.255,49.7711,670940
VHM,4/17/2020 00:00:00,49.7711,51.0246,49.7711,50.5085,734070
VHM,4/20/2020 00:00:00,51.1721,51.1721,50.1398,50.5085,512370
VHM,4/21/2020 00:00:00,50.1398,50.361,48.7388,50.1398,1.21359e+006
VHM,4/22/2020 00:00:00,48.0752,50.1398,48.0752,48.2227,1.30359e+006
VHM,4/23/2020 00:00:00,49.4025,49.6974,48.3702,49.1075,1.09303e+006
VHM,4/24/2020 00:00:00,49.1075,49.255,47.4116,47.9278,2.14787e+006
VHM,4/27/2020 00:00:00,48.2964,49.3287,47.1904,47.5591,1.23553e+006
VHM,4/28/2020 00:00:00,49.4025,50.5085,47.5591,47.6328,3.6311e+006
VHM,4/29/2020 00:00:00,47.6328,47.9278,46.6743,46.8955,2.7012e+006
VHM,5/4/2020 00:00:00,46.8955,47.854,46.8955,47.854,1.57704e+006
VHM,5/5/2020 00:00:00,47.7065,48.2964,46.748,46.8955,2.39712e+006
VHM,5/6/2020 00:00:00,46.8955,49.7711,46.748,49.4025,4.28663e+006
VHM,5/7/2020 00:00:00,49.7711,50.1398,48.8126,49.8449,1.47445e+006
VHM,5/8/2020 00:00:00,50.1398,53.3104,49.9923,52.2781,3.6358e+006
VHM,5/11/2020 00:00:00,52.3519,54.4902,52.2044,54.1952,2.79264e+006
VHM,5/12/2020 00:00:00,54.0478,54.4902,53.0892,54.1952,1.7691e+006
VHM,5/13/2020 00:00:00,53.5316,53.8266,52.2781,52.6468,3.37331e+006
VHM,5/14/2020 00:00:00,52.2781,52.6468,51.9094,52.0569,2.26827e+006
VHM,5/15/2020 00:00:00,52.3519,53.0892,51.9832,52.7943,1.55645e+006
VHM,5/18/2020 00:00:00,52.5731,53.5316,52.2781,53.0155,1.65608e+006
VHM,5/19/2020 00:00:00,53.8266,55.08,53.3104,53.974,3.68871e+006
VHM,5/20/2020 00:00:00,53.7528,56.8497,53.6791,56.8497,4.29831e+006
VHM,5/21/2020 00:00:00,57.1446,57.882,56.6285,57.5133,2.26643e+006
VHM,5/22/2020 00:00:00,56.776,57.0709,55.7437,56.4073,2.15446e+006
VHM,5/25/2020 00:00:00,56.3335,57.882,55.1538,56.6285,4.66445e+006
VHM,5/26/2020 00:00:00,57.1446,57.4396,56.3335,56.3335,2.99656e+006
VHM,5/27/2020 00:00:00,56.4073,57.2184,55.0063,55.08,3.76907e+006
VHM,5/28/2020 00:00:00,55.2275,56.0386,54.8588,55.3013,4.34727e+006
VHM,5/29/2020 00:00:00,55.7437,56.8497,55.6699,56.481,3.94212e+006
VHM,6/1/2020 00:00:00,57.0709,58.6193,56.9972,58.3244,3.25407e+006
VHM,6/2/2020 00:00:00,58.3244,58.3981,57.2921,57.3658,2.63592e+006
VHM,6/3/2020 00:00:00,57.5133,57.7345,57.0709,57.4396,2.65547e+006
VHM,6/4/2020 00:00:00,57.5133,58.0294,56.776,57.1446,3.1278e+006
VHM,6/5/2020 00:00:00,56.8497,57.4396,56.481,56.9972,2.19142e+006
VHM,6/8/2020 00:00:00,57.5133,58.0294,57.1446,57.3658,2.66338e+006
VHM,6/9/2020 00:00:00,57.5133,58.0294,57.0709,57.2184,2.8374e+006
VHM,6/10/2020 00:00:00,57.2184,57.3658,56.7022,57.1446,3.21898e+006
VHM,6/11/2020 00:00:00,57.1446,57.9557,56.4073,56.4073,5.7148e+006
VHM,6/12/2020 00:00:00,54.1952,55.7437,54.1952,55.3013,3.15219e+006
VHM,6/15/2020 00:00:00,55.7437,55.8174,51.6145,51.6145,3.35678e+006
VHM,6/16/2020 00:00:00,53.6791,55.2275,53.1629,55.2275,3.07709e+006
VHM,6/17/2020 00:00:00,56.2598,57.2184,55.3013,56.0386,2.17304e+006
VHM,6/18/2020 00:00:00,55.7437,56.5547,55.5962,56.4073,1.6364e+006
VHM,6/19/2020 00:00:00,56.1123,56.9234,56.1123,56.4073,1.68807e+006
VHM,6/22/2020 00:00:00,56.9972,57.8082,56.7022,57.7345,2.79778e+006
VHM,6/23/2020 00:00:00,58.0294,58.0294,56.1123,57.2921,2.14628e+006
VHM,6/24/2020 00:00:00,57.2921,57.9557,55.6699,55.8174,2.00454e+006
VHM,6/25/2020 00:00:00,55.1538,55.9649,54.7851,55.6699,1.24169e+006
VHM,6/26/2020 00:00:00,56.0386,56.481,55.3013,55.7437,753970
VHM,6/29/2020 00:00:00,55.3013,55.3013,53.974,54.5639,1.06899e+006
VHM,6/30/2020 00:00:00,55.3013,56.776,54.7851,55.6699,2.30262e+006
VHM,7/1/2020 00:00:00,55.5225,56.776,55.5225,56.7022,936450
VHM,7/2/2020 00:00:00,56.776,57.0709,56.3335,56.7022,893400
VHM,7/3/2020 00:00:00,56.776,57.3658,56.7022,57.3658,1.38227e+006
VHM,7/6/2020 00:00:00,57.7345,60.094,57.0709,59.5779,4.33028e+006
VHM,7/7/2020 00:00:00,59.7254,60.389,59.3567,59.5779,1.41407e+006
VHM,7/8/2020 00:00:00,59.2092,59.7254,58.8405,59.2829,800360
VHM,7/9/2020 00:00:00,59.5779,60.2415,59.2092,59.5779,1.22073e+006
VHM,7/10/2020 00:00:00,59.3567,59.5041,58.2507,58.5456,1.70652e+006
VHM,7/13/2020 00:00:00,59.0617,59.0617,58.3244,58.3244,988800
VHM,7/14/2020 00:00:00,58.1032,59.7254,57.882,59.3567,1.46155e+006
VHM,7/15/2020 00:00:00,59.9466,61.2001,59.5779,59.7991,2.35156e+006
VHM,7/16/2020 00:00:00,59.7991,60.094,59.2092,60.094,922350
VHM,7/17/2020 00:00:00,60.094,60.094,59.2829,59.3567,835720
VHM,7/20/2020 00:00:00,59.3567,59.7991,58.2507,58.3981,1.36125e+006
VHM,7/21/2020 00:00:00,58.4719,58.6193,57.1446,58.1032,2.10804e+006
VHM,7/22/2020 00:00:00,58.1032,58.6193,56.776,57.1446,1.70715e+006
VHM,7/23/2020 00:00:00,57.1446,58.1032,57.1446,58.1032,882880
VHM,7/24/2020 00:00:00,57.5133,58.1032,54.9326,56.0386,2.64939e+006
VHM,7/27/2020 00:00:00,53.0892,54.9326,52.2781,52.2781,2.66239e+006
VHM,7/28/2020 00:00:00,52.4993,55.8911,52.4993,55.8911,2.5618e+006
VHM,7/29/2020 00:00:00,55.5225,55.5225,53.5316,54.5639,1.809e+006
VHM,7/30/2020 00:00:00,54.5639,56.9234,54.5639,56.481,1.63712e+006
VHM,7/31/2020 00:00:00,55.0063,57.4396,55.0063,57.2921,2.41773e+006
VHM,8/3/2020 00:00:00,56.776,58.1032,56.6285,57.882,1.48235e+006
VHM,8/4/2020 00:00:00,58.6193,58.6193,57.3658,58.2507,1.38276e+006
VHM,8/5/2020 00:00:00,58.2507,58.7668,57.3658,58.6931,1.30368e+006
VHM,8/6/2020 00:00:00,58.2507,58.9143,57.9557,58.6931,1.07222e+006
VHM,8/7/2020 00:00:00,58.7668,58.988,57.9557,58.6931,1.19911e+006
VHM,8/10/2020 00:00:00,58.8405,58.988,58.1769,58.6931,1.68877e+006
VHM,8/11/2020 00:00:00,58.9143,58.9143,57.9557,58.5456,905140
VHM,8/12/2020 00:00:00,58.6931,58.6931,57.8082,58.5456,1.49732e+006
VHM,8/13/2020 00:00:00,58.6193,58.7668,58.0294,58.5456,2.02509e+006
VHM,8/14/2020 00:00:00,58.1769,59.6516,58.1769,58.7668,1.18975e+006
VHM,8/17/2020 00:00:00,58.2507,58.9143,57.8082,58.7668,1.10705e+006
VHM,8/18/2020 00:00:00,58.7668,58.7668,57.9557,58.6931,1.42598e+006
VHM,8/19/2020 00:00:00,58.6193,59.6516,58.1769,58.988,1.15526e+006
VHM,8/20/2020 00:00:00,58.988,60.6102,58.8405,58.988,2.42843e+006
VHM,8/21/2020 00:00:00,58.988,59.0617,58.6193,58.6193,1.07433e+006
VHM,8/24/2020 00:00:00,58.988,59.4304,58.7668,58.988,1.47524e+006
VHM,8/25/2020 00:00:00,58.988,59.3567,58.6931,58.6931,1.90734e+006
VHM,8/26/2020 00:00:00,58.6931,59.2092,58.4719,58.6193,2.24968e+006
VHM,8/27/2020 00:00:00,58.5456,58.6193,57.6608,57.882,2.357e+006
VHM,8/28/2020 00:00:00,58.2507,58.3244,57.7345,57.9557,1.74284e+006
VHM,8/31/2020 00:00:00,57.882,58.3981,57.6608,57.882,1.68238e+006
VHM,9/1/2020 00:00:00,57.7345,58.1769,57.1446,58.0294,1.56562e+006
VHM,9/3/2020 00:00:00,58.3244,59.4304,58.0294,58.6931,2.91359e+006
VHM,9/4/2020 00:00:00,58.3981,59.2092,58.1032,58.988,2.17101e+006
VHM,9/7/2020 00:00:00,59.2092,59.8728,58.2507,58.3244,2.01325e+006
VHM,9/8/2020 00:00:00,58.3981,58.6931,57.6608,57.882,1.81612e+006
VHM,9/9/2020 00:00:00,57.5133,57.9557,57.1446,57.9557,1.95688e+006
VHM,9/10/2020 00:00:00,58.2507,59.4304,57.3658,57.587,4.22999e+006
VHM,9/11/2020 00:00:00,57.587,57.6608,57.1446,57.2921,2.34493e+006
VHM,9/14/2020 00:00:00,57.2921,57.7345,57.1446,57.1446,1.82467e+006
VHM,9/15/2020 00:00:00,57.4396,57.4396,56.4073,56.6285,4.71763e+006
VHM,9/16/2020 00:00:00,56.481,57.2921,56.481,56.9234,1.37955e+006
VHM,9/17/2020 00:00:00,56.9234,57.0709,56.481,56.5547,1.80983e+006
VHM,9/18/2020 00:00:00,56.776,56.9234,56.5547,56.7022,1.79116e+006
VHM,9/21/2020 00:00:00,56.8497,57.2184,56.8497,56.8497,1.67755e+006
VHM,9/22/2020 00:00:00,56.8497,56.9234,56.4073,56.6285,1.6125e+006
VHM,9/23/2020 00:00:00,56.776,57.4396,56.7022,57.1446,1.39894e+006
VHM,9/24/2020 00:00:00,57.1446,57.8082,56.8497,56.8497,1.70425e+006
VHM,9/25/2020 00:00:00,56.8497,57.4396,56.776,56.8497,919900
VHM,9/28/2020 00:00:00,56.9972,57.3658,56.481,56.481,2.01568e+006
VHM,9/29/2020 00:00:00,56.5547,56.7022,55.375,55.5225,3.77216e+006
VHM,9/30/2020 00:00:00,55.5225,56.3335,55.375,55.6699,1.67715e+006
VHM,10/1/2020 00:00:00,56.2598,56.9234,56.1123,56.8497,1.35951e+006
VHM,10/2/2020 00:00:00,56.776,57.0709,55.3013,55.9649,1.73082e+006
VHM,10/5/2020 00:00:00,56.0386,56.7022,55.9649,56.0386,1.08084e+006
VHM,10/6/2020 00:00:00,56.0386,56.6285,56.0386,56.1123,1.50551e+006
VHM,10/7/2020 00:00:00,56.1123,57.0709,56.1123,56.6285,2.59606e+006
VHM,10/8/2020 00:00:00,56.776,56.9234,56.2598,56.481,1.04343e+006
VHM,10/9/2020 00:00:00,56.481,57.0709,56.4073,56.776,1.45658e+006
VHM,10/12/2020 00:00:00,56.9234,58.3981,56.776,57.1446,4.2653e+006
VHM,10/13/2020 00:00:00,57.4396,57.9557,57.2184,57.587,1.23386e+006
VHM,10/14/2020 00:00:00,57.8082,58.1769,57.587,57.882,2.03087e+006
VHM,10/15/2020 00:00:00,58.0294,58.3244,57.1446,57.1446,2.68983e+006
VHM,10/16/2020 00:00:00,57.4396,57.4396,56.7022,56.776,1.81151e+006
VHM,10/19/2020 00:00:00,56.6285,56.776,56.0386,56.1123,2.46745e+006
VHM,10/20/2020 00:00:00,56.1123,56.481,55.8911,56.1861,2.25763e+006
VHM,10/21/2020 00:00:00,56.3335,57.2921,56.1861,56.3335,1.86263e+006
VHM,10/22/2020 00:00:00,56.4073,57.1446,56.1861,57.1446,1.59187e+006
VHM,10/23/2020 00:00:00,57.5133,58.9143,57.3658,58.6193,5.83089e+006
VHM,10/26/2020 00:00:00,59.3567,59.7991,57.882,57.882,3.66895e+006
VHM,10/27/2020 00:00:00,58.2507,58.3981,57.2184,57.2184,2.42248e+006
VHM,10/28/2020 00:00:00,56.9234,57.2921,55.7437,55.7437,3.13999e+006
VHM,10/29/2020 00:00:00,55.6699,56.5547,55.5962,56.1861,2.08833e+006
VHM,10/30/2020 00:00:00,56.776,56.776,55.2275,56.0386,3.0138e+006
VHM,11/2/2020 00:00:00,56.0386,56.2598,55.5962,55.9649,1.16289e+006
VHM,11/3/2020 00:00:00,56.1861,56.1861,55.6699,55.8911,2.06732e+006
VHM,11/4/2020 00:00:00,56.0386,56.4073,55.8174,55.9649,1.82577e+006
VHM,11/5/2020 00:00:00,56.0386,56.7022,55.8174,55.8174,1.77957e+006
VHM,11/6/2020 00:00:00,55.8174,56.0386,55.7437,55.8174,1.69529e+006
VHM,11/9/2020 00:00:00,56.0386,57.5133,56.0386,57.5133,3.74687e+006
VHM,11/10/2020 00:00:00,58.0294,58.2507,57.0709,57.0709,3.62775e+006
VHM,11/11/2020 00:00:00,57.4396,57.587,56.481,56.481,2.71777e+006
VHM,11/12/2020 00:00:00,56.481,57.1446,56.481,56.9234,1.4643e+006
VHM,11/13/2020 00:00:00,56.9234,57.882,56.9234,57.7345,2.42526e+006
VHM,11/16/2020 00:00:00,57.9557,58.3981,56.0386,56.481,4.09611e+006
VHM,11/17/2020 00:00:00,56.776,57.7345,56.5547,57.7345,2.25018e+006
VHM,11/18/2020 00:00:00,57.6608,57.6608,56.9972,56.9972,2.00809e+006
VHM,11/19/2020 00:00:00,57.1446,57.6608,56.9234,57.1446,2.45138e+006
VHM,11/20/2020 00:00:00,57.5133,58.1032,57.2184,57.882,2.69282e+006
VHM,11/23/2020 00:00:00,58.5456,59.6516,58.4719,59.4304,5.10711e+006
VHM,11/24/2020 00:00:00,59.7254,61.7899,59.4304,61.7899,5.4589e+006
VHM,11/25/2020 00:00:00,61.9374,63.1909,61.495,61.5687,3.544e+006
VHM,11/26/2020 00:00:00,61.1263,61.3475,60.5364,60.9788,2.3136e+006
VHM,11/27/2020 00:00:00,60.9788,61.5687,60.5364,61.2001,2.02424e+006
VHM,11/30/2020 00:00:00,61.5687,62.1586,60.6102,60.9051,3.53337e+006
VHM,12/1/2020 00:00:00,60.094,61.4213,60.094,61.4213,2.59766e+006
VHM,12/2/2020 00:00:00,61.3475,63.2646,61.3475,62.8222,4.70354e+006
VHM,12/3/2020 00:00:00,63.1172,63.1172,62.3061,62.601,1.67326e+006
VHM,12/4/2020 00:00:00,62.6748,62.8222,62.0111,62.601,2.19095e+006
VHM,12/7/2020 00:00:00,62.3061,62.7485,61.7899,62.4535,1.47939e+006
VHM,12/8/2020 00:00:00,62.601,63.1909,62.1586,62.2323,1.53253e+006
VHM,12/9/2020 00:00:00,62.3061,62.896,62.0849,62.6748,2.1367e+006
VHM,12/10/2020 00:00:00,62.9697,63.1909,61.6425,61.6425,2.40616e+006
VHM,12/11/2020 00:00:00,61.6425,62.6748,61.495,62.6748,2.40618e+006
VHM,12/14/2020 00:00:00,62.9697,64.1495,62.6748,64.1495,2.97417e+006
VHM,12/15/2020 00:00:00,63.7808,64.9605,62.6748,63.4121,4.05009e+006
VHM,12/16/2020 00:00:00,63.4121,63.8545,63.0434,63.5596,1.81247e+006
VHM,12/17/2020 00:00:00,63.4121,63.4121,62.3061,62.4535,4.87032e+006
VHM,12/18/2020 00:00:00,62.4535,63.4121,62.3798,62.896,3.03889e+006
VHM,12/21/2020 00:00:00,63.1172,64.3707,63.1172,64.2232,3.32225e+006
VHM,12/22/2020 00:00:00,64.2969,64.8131,63.707,64.0757,2.16313e+006
VHM,12/23/2020 00:00:00,64.4444,65.6242,64.002,64.4444,3.2208e+006
VHM,12/24/2020 00:00:00,64.8868,64.9605,62.3061,63.6333,2.68743e+006
VHM,12/25/2020 00:00:00,63.5596,64.5919,63.1172,64.5919,1.58494e+006
VHM,12/28/2020 00:00:00,65.2555,65.3292,63.9282,64.6656,1.90567e+006
VHM,12/29/2020 00:00:00,64.6656,66.7302,64.2232,66.5827,3.45116e+006
VHM,12/30/2020 00:00:00,66.8039,67.8362,66.3615,66.509,2.02768e+006
VHM,12/31/2020 00:00:00,67.2463,67.3938,65.9928,65.9928,1.27281e+006
VHM,1/4/2021 00:00:00,67.0989,68.4998,66.2878,67.8362,3.0775e+006
VHM,1/5/2021 00:00:00,67.6887,70.7856,67.4675,70.4907,2.8532e+006
VHM,1/6/2021 00:00:00,71.228,71.228,69.4584,69.9008,2.8382e+006
VHM,1/7/2021 00:00:00,69.9008,70.122,68.8685,69.9008,2.9264e+006
VHM,1/8/2021 00:00:00,70.4169,71.3755,70.2695,71.0805,2.1872e+006
VHM,1/11/2021 00:00:00,72.2603,76.0208,71.9654,76.0208,4.5127e+006
VHM,1/12/2021 00:00:00,77.2743,77.348,76.0208,76.242,2.8626e+006
VHM,1/13/2021 00:00:00,76.6844,76.7581,73.4401,74.3986,2.9725e+006
VHM,1/14/2021 00:00:00,74.3986,74.6198,72.7027,73.4401,3.2748e+006
VHM,1/15/2021 00:00:00,74.2512,74.9148,73.2926,74.9148,2.0781e+006
VHM,1/18/2021 00:00:00,75.2097,75.7996,73.4401,74.4724,2.2912e+006
VHM,1/19/2021 00:00:00,73.735,74.2512,69.3109,71.3755,3.5525e+006
VHM,1/20/2021 00:00:00,71.523,75.9471,69.6796,71.8916,3.4573e+006
VHM,1/21/2021 00:00:00,72.2603,73.2926,72.1128,72.9977,3.0183e+006
VHM,1/22/2021 00:00:00,73.2926,74.4724,72.9239,73.2189,2.2628e+006
VHM,1/25/2021 00:00:00,73.3663,73.8087,72.7027,73.3663,2.142e+006
VHM,1/26/2021 00:00:00,73.4401,73.5138,70.0483,72.2603,2.1057e+006
VHM,1/27/2021 00:00:00,70.7856,72.4078,67.4675,69.2372,3.312e+006
VHM,1/28/2021 00:00:00,64.5181,66.1403,64.4444,64.4444,3.1976e+006
VHM,1/29/2021 00:00:00,61.9374,68.9422,61.9374,68.9422,5.4694e+006
VHM,2/1/2021 00:00:00,69.016,70.0483,65.108,65.108,2.6342e+006
VHM,2/2/2021 00:00:00,65.6242,69.6058,64.8868,69.6058,2.7569e+006
VHM,2/3/2021 00:00:00,69.6796,72.9239,69.6796,71.6704,3.3659e+006
VHM,2/4/2021 00:00:00,71.6704,72.9239,70.1957,72.5552,2.4989e+006
VHM,2/5/2021 00:00:00,72.9239,73.4401,72.4815,73.2189,2.2458e+006
VHM,2/8/2021 00:00:00,73.2189,73.2926,68.2049,69.827,4.8031e+006
VHM,2/9/2021 00:00:00,70.7119,71.7442,69.2372,71.3755,2.6686e+006
VHM,2/17/2021 00:00:00,72.2603,74.6198,71.523,74.4724,3.7017e+006
VHM,2/18/2021 00:00:00,74.4724,76.0945,73.735,76.0945,4.4994e+006
VHM,2/19/2021 00:00:00,75.2097,76.242,74.6936,76.0208,1.9118e+006
VHM,2/22/2021 00:00:00,76.3895,78.3066,76.3895,78.0116,4.3905e+006
VHM,2/23/2021 00:00:00,78.0116,78.454,76.6844,77.643,2.0391e+006
VHM,2/24/2021 00:00:00,78.1591,78.1591,74.4724,75.7996,3.7207e+006
VHM,2/25/2021 00:00:00,75.9471,76.3895,74.841,75.7996,2.3009e+006
VHM,2/26/2021 00:00:00,74.6936,75.7996,74.0299,74.9148,2.3856e+006
VHM,3/1/2021 00:00:00,75.2097,76.242,75.136,75.9471,2.302e+006
VHM,3/2/2021 00:00:00,76.6844,77.0531,74.9885,75.7996,2.46e+006
VHM,3/3/2021 00:00:00,75.5784,75.5784,74.6936,74.841,2.1484e+006
VHM,3/4/2021 00:00:00,75.136,75.2097,72.2603,73.735,2.7143e+006
VHM,3/5/2021 00:00:00,72.5552,73.3663,72.2603,72.5552,2.8653e+006
VHM,3/8/2021 00:00:00,73.5138,73.5875,71.3755,71.6704,3.0465e+006
VHM,3/9/2021 00:00:00,71.523,73.2189,70.1957,72.4078,2.1963e+006
VHM,3/10/2021 00:00:00,73.3663,73.9562,72.2603,73.6613,2.4067e+006
VHM,3/11/2021 00:00:00,74.4724,74.7673,72.9239,73.735,1.7269e+006
VHM,3/12/2021 00:00:00,73.735,74.6198,73.2189,73.6613,1.7334e+006
VHM,3/15/2021 00:00:00,73.6613,73.735,72.629,73.5875,2.2884e+006
VHM,3/16/2021 00:00:00,73.4401,73.5875,72.334,73.3663,1.3175e+006
VHM,3/17/2021 00:00:00,72.8502,73.5138,72.334,73.2189,2.0074e+006
VHM,3/18/2021 00:00:00,73.3663,73.6613,72.2603,73.5138,1.3748e+006
VHM,3/19/2021 00:00:00,72.9977,73.2189,72.1128,72.1128,2.7472e+006
VHM,3/22/2021 00:00:00,72.7765,73.3663,72.2603,73.2189,1.5767e+006
VHM,3/23/2021 00:00:00,72.7027,73.1451,72.2603,72.7765,1.3199e+006
VHM,3/24/2021 00:00:00,71.9654,72.2603,70.7856,71.6704,2.1033e+006
VHM,3/25/2021 00:00:00,71.6704,72.0391,70.0483,71.3018,2.404e+006
VHM,3/26/2021 00:00:00,71.1543,71.3018,69.3846,70.5644,2.2658e+006
VHM,3/29/2021 00:00:00,70.7856,71.1543,70.122,70.9331,1.446e+006
VHM,3/30/2021 00:00:00,70.9331,72.1866,70.7119,71.0068,2.9013e+006
VHM,3/31/2021 00:00:00,71.1543,72.5552,71.1543,71.7442,1.8975e+006
VHM,4/1/2021 00:00:00,71.8916,73.3663,71.5967,72.9977,2.5787e+006
VHM,4/2/2021 00:00:00,73.735,75.0622,73.5138,74.2512,2.2032e+006
VHM,4/5/2021 00:00:00,77.4218,77.4218,74.4724,74.9885,2.6532e+006
VHM,4/6/2021 00:00:00,74.9885,75.9471,74.6936,74.9885,2.1026e+006
VHM,4/7/2021 00:00:00,74.2512,74.7673,73.3663,74.1037,2.4853e+006
VHM,4/8/2021 00:00:00,74.1037,74.1037,73.5138,73.5138,1.5849e+006
VHM,4/9/2021 00:00:00,73.1451,73.1451,72.2603,72.9239,2.1111e+006
VHM,4/12/2021 00:00:00,73.3663,75.2097,73.2189,75.0622,3.2699e+006
VHM,4/13/2021 00:00:00,75.8733,77.4218,75.0622,75.5784,4.0168e+006
VHM,4/14/2021 00:00:00,72.629,74.1037,72.1866,74.1037,8.169e+006
VHM,4/15/2021 00:00:00,75.0622,77.0531,74.2512,74.6198,7.9723e+006
VHM,4/16/2021 00:00:00,74.6198,77.0531,72.2603,74.4724,6.5931e+006
VHM,4/19/2021 00:00:00,75.9471,77.0531,74.6936,77.0531,9.1049e+006
VHM,4/20/2021 00:00:00,79.1177,82.4357,78.6015,80.0762,1.5266e+007
VHM,4/22/2021 00:00:00,80.3712,82.8781,76.0208,76.0208,6.6479e+006
VHM,4/23/2021 00:00:00,76.3895,77.4218,75.2097,77.4218,8.8232e+006
VHM,4/26/2021 00:00:00,77.4218,77.4218,73.4401,73.4401,8.9826e+006
VHM,4/27/2021 00:00:00,73.4401,74.5461,72.4078,73.735,3.9798e+006
VHM,4/28/2021 00:00:00,73.735,75.8733,73.735,74.3986,5.7569e+006
VHM,4/29/2021 00:00:00,74.7673,74.841,72.9977,73.2189,5.3743e+006
VHM,5/4/2021 00:00:00,72.2603,73.3663,70.8593,73.1451,4.3885e+006
VHM,5/5/2021 00:00:00,73.1451,74.6198,73.1451,73.4401,2.8506e+006
VHM,5/6/2021 00:00:00,73.4401,74.4724,72.7765,72.7765,2.7936e+006
VHM,5/7/2021 00:00:00,72.629,73.3663,71.523,71.5967,5.1142e+006
VHM,5/10/2021 00:00:00,70.8593,73.5875,70.8593,73.0714,3.9337e+006
VHM,5/11/2021 00:00:00,73.6613,73.6613,72.2603,72.2603,3.1426e+006
VHM,5/12/2021 00:00:00,71.8916,72.4815,71.3755,72.0391,3.5103e+006
VHM,5/13/2021 00:00:00,71.6704,72.4815,71.4492,71.523,2.5606e+006
VHM,5/14/2021 00:00:00,71.523,72.629,71.4492,71.6704,2.9905e+006
VHM,5/17/2021 00:00:00,73.3663,76.3157,73.2189,74.3249,5.913e+006
VHM,5/18/2021 00:00:00,74.9148,75.2097,72.9239,72.9239,3.4557e+006
VHM,5/19/2021 00:00:00,72.9977,74.2512,72.629,74.0299,2.871e+006
VHM,5/20/2021 00:00:00,74.0299,75.2097,73.1451,75.2097,3.9231e+006
VHM,5/21/2021 00:00:00,74.841,76.8319,74.1037,76.6107,6.0758e+006
VHM,5/24/2021 00:00:00,77.2743,78.8965,76.6844,78.1591,5.182e+006
VHM,5/25/2021 00:00:00,77.5692,78.0854,76.8319,77.1268,2.8651e+006
VHM,5/26/2021 00:00:00,77.1268,79.0439,76.5369,77.9379,4.6791e+006
VHM,5/27/2021 00:00:00,78.1591,79.2651,72.7765,76.9793,4.5307e+006
VHM,5/28/2021 00:00:00,77.4218,77.7904,76.0945,77.1268,3.2377e+006
VHM,5/31/2021 00:00:00,77.0531,77.0531,74.5461,75.6521,5.0759e+006
VHM,6/1/2021 00:00:00,75.2097,77.9379,74.6936,76.6844,3.8691e+006
VHM,6/2/2021 00:00:00,76.3157,77.7904,75.9471,76.9793,2.6641e+006
VHM,6/3/2021 00:00:00,77.1268,78.1591,77.1268,77.7167,5.0449e+006
VHM,6/4/2021 00:00:00,78.8965,79.1177,76.5369,77.0531,3.6352e+006
VHM,6/7/2021 00:00:00,77.0531,78.749,77.0531,78.1591,4.2494e+006
VHM,6/8/2021 00:00:00,78.6752,80.7398,77.4218,77.643,7.2526e+006
VHM,6/9/2021 00:00:00,78.1591,78.749,77.0531,78.2328,3.3226e+006
VHM,6/10/2021 00:00:00,77.7904,78.8965,76.6844,76.7581,3.3694e+006
VHM,6/11/2021 00:00:00,76.6844,78.454,76.5369,78.1591,3.8843e+006
VHM,6/14/2021 00:00:00,78.9702,81.7721,78.9702,81.0348,7.5326e+006
VHM,6/15/2021 00:00:00,82.5832,83.3943,81.9196,83.0256,5.3945e+006
VHM,6/16/2021 00:00:00,82.5832,83.3206,80.4449,81.1085,4.0212e+006
VHM,6/17/2021 00:00:00,80.0025,81.1085,79.7075,80.3712,3.8663e+006
VHM,6/18/2021 00:00:00,81.1085,85.5326,80.2237,82.9519,4.7898e+006
VHM,6/21/2021 00:00:00,82.5095,83.3206,81.8459,82.5832,3.3508e+006
VHM,6/22/2021 00:00:00,82.5095,82.8044,82.2145,82.2145,2.4978e+006
VHM,6/23/2021 00:00:00,82.5832,82.5832,80.2974,82.0671,3.8748e+006
VHM,6/24/2021 00:00:00,81.7721,84.7953,81.1085,82.6569,3.9369e+006
VHM,6/25/2021 00:00:00,83.2468,83.6892,82.2883,82.6569,2.8463e+006
VHM,6/28/2021 00:00:00,83.3206,85.1639,82.8781,85.1639,7.1566e+006
VHM,6/29/2021 00:00:00,85.5326,88.0396,85.3851,87.4497,5.9076e+006
VHM,6/30/2021 00:00:00,87.7447,88.7769,86.4912,87.0073,5.1354e+006
VHM,7/1/2021 00:00:00,86.3437,87.376,86.1225,86.4174,3.7002e+006
VHM,7/2/2021 00:00:00,86.4174,87.8921,85.9013,87.0073,3.1524e+006
VHM,7/5/2021 00:00:00,87.7447,87.7447,84.9427,87.376,4.5534e+006
VHM,7/6/2021 00:00:00,87.081,87.8184,81.3297,81.3297,4.2554e+006
VHM,7/7/2021 00:00:00,82.5832,86.27,80.7398,86.27,7.0713e+006
VHM,7/8/2021 00:00:00,85.1639,86.0488,83.9104,84.7953,4.6647e+006
VHM,7/9/2021 00:00:00,83.8367,85.4589,82.2145,82.9519,3.9021e+006
VHM,7/12/2021 00:00:00,82.5832,82.5832,77.2005,79.6338,8.0652e+006
VHM,7/13/2021 00:00:00,81.0348,81.0348,78.1591,80.7398,2.5625e+006
VHM,7/14/2021 00:00:00,80.8873,82.7307,79.4863,80.7398,3.3253e+006
VHM,7/15/2021 00:00:00,80.0025,81.5509,80.0025,81.3297,4.5558e+006
VHM,7/16/2021 00:00:00,81.3297,81.4772,80.1499,80.3712,2.1192e+006
VHM,7/19/2021 00:00:00,78.8227,79.4126,76.1683,76.9056,3.1898e+006
VHM,7/20/2021 00:00:00,77.8642,78.6015,75.9471,78.6015,4.0456e+006
VHM,7/21/2021 00:00:00,79.2651,80.2237,78.6015,79.6338,3.042e+006
VHM,7/22/2021 00:00:00,79.6338,81.8459,78.8965,81.8459,3.4025e+006
VHM,7/23/2021 00:00:00,81.1085,82.2145,79.3389,79.3389,2.6352e+006
VHM,7/26/2021 00:00:00,79.2651,81.5509,79.0439,80.8136,2.7535e+006
VHM,7/27/2021 00:00:00,81.6246,81.6984,79.3389,79.4863,5.3425e+006
VHM,7/28/2021 00:00:00,78.9702,79.4126,77.8642,78.5278,4.9095e+006
VHM,7/29/2021 00:00:00,80.3712,80.5924,78.5278,79.5601,3.9546e+006
VHM,7/30/2021 00:00:00,79.6338,80.2237,78.8965,79.855,4.7316e+006
VHM,8/2/2021 00:00:00,79.6338,79.9287,78.9702,79.7075,4.8077e+006
VHM,8/3/2021 00:00:00,79.4863,82.7307,79.4863,81.7721,9.9513e+006
VHM,8/4/2021 00:00:00,82.2145,82.5832,80.7398,81.4772,4.1216e+006
VHM,8/5/2021 00:00:00,81.4034,82.362,81.0348,82.362,5.2582e+006
VHM,8/6/2021 00:00:00,82.5832,84.4266,82.4357,83.9842,1.12265e+007
VHM,8/9/2021 00:00:00,83.9842,86.5649,83.6892,86.5649,6.329e+006
VHM,8/10/2021 00:00:00,87.376,87.8184,86.27,86.27,7.7004e+006
VHM,8/11/2021 00:00:00,86.27,86.7861,85.0902,85.5326,8.2506e+006
VHM,8/12/2021 00:00:00,85.3851,86.4912,84.9427,86.27,5.2289e+006
VHM,8/13/2021 00:00:00,87.0073,88.9981,86.4174,88.482,1.01596e+007
VHM,8/16/2021 00:00:00,89.883,89.883,84.5003,85.5326,1.86867e+007
VHM,8/17/2021 00:00:00,84.7953,85.1639,81.4772,81.8459,1.99752e+007
VHM,8/18/2021 00:00:00,81.1085,83.6892,79.5601,81.1085,2.35164e+007
VHM,8/19/2021 00:00:00,81.1085,82.1408,80.3712,81.8459,1.81532e+007
VHM,8/20/2021 00:00:00,81.8459,81.8459,79.4863,79.7075,2.05007e+007
VHM,8/23/2021 00:00:00,79.2651,80.3712,79.0439,79.0439,1.59555e+007
VHM,8/24/2021 00:00:00,79.2651,79.7075,78.5278,79.1177,2.06914e+007
VHM,8/25/2021 00:00:00,79.2651,79.5601,78.749,78.8965,1.61841e+007
VHM,8/26/2021 00:00:00,78.8965,79.1914,77.4218,78.6015,1.31824e+007
VHM,8/27/2021 00:00:00,78.1591,78.8227,77.4218,78.8227,9.9539e+006
VHM,8/30/2021 00:00:00,78.9702,79.4126,78.6015,78.8227,8.7827e+006
VHM,8/31/2021 00:00:00,78.8965,78.9702,78.3066,78.454,1.0567e+007
VHM,9/1/2021 00:00:00,79.9287,80.5186,78.6015,78.8965,2.19772e+007
VHM,9/6/2021 00:00:00,79.5601,80.2974,78.749,79.9287,1.30775e+007
VHM,9/7/2021 00:00:00,80.3712,81.8459,80.0025,80.8136,1.15989e+007
VHM,9/8/2021 00:00:00,80.8873,81.1085,79.4126,79.5601,9.3115e+006
VHM,9/9/2021 00:00:00,79.2651,80.2974,78.9702,79.4126,9.925e+006
VHM,9/10/2021 00:00:00,79.6338,80.2974,79.2651,79.2651,1.51931e+007
VHM,9/13/2021 00:00:00,79.6338,79.7075,78.749,78.8965,9.8216e+006
VHM,9/14/2021 00:00:00,78.8965,79.9287,78.6752,78.8965,1.09662e+007
VHM,9/15/2021 00:00:00,79.9652,81.1312,78.4106,79.5766,9.2874e+006
VHM,9/16/2021 00:00:00,79.6738,80.1596,77.7305,77.8277,7.9251e+006
VHM,9/17/2021 00:00:00,77.8277,79.1879,77.3418,78.8965,6.8736e+006
VHM,9/20/2021 00:00:00,78.5078,78.7993,77.6333,77.6333,5.4569e+006
VHM,9/21/2021 00:00:00,76.273,77.5362,73.9411,75.3014,1.34345e+007
VHM,9/22/2021 00:00:00,75.7872,75.9816,73.844,75.7872,8.7596e+006
VHM,9/23/2021 00:00:00,75.8844,77.2447,75.7872,77.0504,4.6873e+006
VHM,9/24/2021 00:00:00,77.0504,78.022,76.4674,77.3418,4.5773e+006
VHM,9/27/2021 00:00:00,77.3418,77.3418,75.9816,75.9816,5.1517e+006
VHM,9/28/2021 00:00:00,75.3014,77.1475,75.2043,76.273,5.2985e+006
VHM,9/29/2021 00:00:00,76.273,76.6617,75.4957,75.9816,2.9921e+006
VHM,9/30/2021 00:00:00,76.273,77.1475,75.9816,76.0787,3.1511e+006
VHM,10/1/2021 00:00:00,76.0787,76.0787,74.8156,74.8156,4.1154e+006
VHM,10/4/2021 00:00:00,74.8156,75.9816,74.0383,75.7872,4.1046e+006
VHM,10/5/2021 00:00:00,75.5929,77.3418,75.3014,77.1475,4.5731e+006
VHM,10/6/2021 00:00:00,77.439,78.2163,77.3418,78.2163,4.488e+006
VHM,10/7/2021 00:00:00,78.3135,78.5078,77.439,77.7305,2.5562e+006
VHM,10/8/2021 00:00:00,77.5362,78.5078,77.439,77.6333,3.4662e+006
VHM,10/11/2021 00:00:00,77.6333,78.7021,77.2447,78.7021,5.384e+006
VHM,10/12/2021 00:00:00,78.7021,79.2851,78.1191,78.605,8.0969e+006
VHM,10/13/2021 00:00:00,78.7021,78.7021,77.6333,77.7305,5.2597e+006
VHM,10/14/2021 00:00:00,77.7305,77.7305,76.5645,76.6617,8.5878e+006
VHM,10/15/2021 00:00:00,76.6617,77.2447,75.8844,76.4674,5.2691e+006
VHM,10/18/2021 00:00:00,76.5645,77.2447,76.273,76.6617,4.542e+006
VHM,10/19/2021 00:00:00,76.6617,77.5362,76.273,77.1475,5.5684e+006
VHM,10/20/2021 00:00:00,77.3418,77.3418,75.9816,76.5645,5.5077e+006
VHM,10/21/2021 00:00:00,76.5645,76.6617,75.6901,75.6901,5.8619e+006
VHM,10/22/2021 00:00:00,75.9816,76.6617,75.7872,75.7872,4.1531e+006
VHM,10/25/2021 00:00:00,76.3702,77.439,75.9816,76.273,6.7816e+006
VHM,10/26/2021 00:00:00,76.6617,77.0504,76.273,76.4674,2.9401e+006
VHM,10/27/2021 00:00:00,76.6617,78.8965,76.6617,78.7021,8.7807e+006
VHM,10/28/2021 00:00:00,78.9936,79.1879,78.2163,78.7021,5.31e+006
VHM,10/29/2021 00:00:00,78.8965,83.0745,78.8965,83.0745,1.5578e+007
VHM,11/1/2021 00:00:00,83.5603,84.4348,81.617,81.9085,9.7236e+006
VHM,11/2/2021 00:00:00,82.0057,82.783,81.9085,82.5887,5.784e+006
VHM,11/3/2021 00:00:00,82.6858,83.0745,80.2567,80.5482,1.12305e+007
VHM,11/4/2021 00:00:00,80.1596,81.1312,79.4794,80.3539,8.2411e+006
VHM,11/5/2021 00:00:00,79.8681,80.4511,79.2851,79.6738,8.2441e+006
VHM,11/8/2021 00:00:00,80.1596,80.6454,79.1879,80.0624,8.2032e+006
VHM,11/9/2021 00:00:00,80.1596,82.1028,79.6738,80.6454,8.1392e+006
VHM,11/10/2021 00:00:00,81.034,81.1312,80.2567,80.2567,4.1548e+006
VHM,11/11/2021 00:00:00,80.3539,80.4511,79.0908,79.1879,9.4313e+006
VHM,11/12/2021 00:00:00,79.2851,79.6738,78.5078,79.6738,5.3165e+006
VHM,11/15/2021 00:00:00,80.1596,82.0057,79.7709,81.617,9.6732e+006
VHM,11/16/2021 00:00:00,81.617,81.9085,80.3539,80.6454,6.1142e+006
VHM,11/17/2021 00:00:00,80.6454,81.617,80.4511,81.1312,5.2596e+006
VHM,11/18/2021 00:00:00,81.1312,81.5199,80.0624,80.4511,6.3116e+006
VHM,11/19/2021 00:00:00,80.5482,80.7426,77.7305,78.2163,7.5176e+006
VHM,11/22/2021 00:00:00,78.8965,79.1879,77.439,78.7021,6.3267e+006
VHM,11/23/2021 00:00:00,78.7021,80.1596,78.4106,80.1596,3.5837e+006
VHM,11/24/2021 00:00:00,80.3539,81.3255,79.4794,81.3255,7.3224e+006
VHM,11/25/2021 00:00:00,81.9085,82.5887,81.1312,81.5199,8.611e+006
VHM,11/26/2021 00:00:00,81.5199,82.4915,80.8397,80.9369,8.5761e+006
VHM,11/29/2021 00:00:00,79.2851,82.3943,79.2851,82.3943,1.12657e+007
VHM,11/30/2021 00:00:00,83.0745,83.0745,80.6454,82.2,8.5016e+006
VHM,12/1/2021 00:00:00,81.8113,82.1028,80.4511,80.5482,6.7875e+006
VHM,12/2/2021 00:00:00,80.8397,81.034,79.9652,79.9652,4.8132e+006
VHM,12/3/2021 00:00:00,80.2567,80.7426,77.9248,77.9248,5.6994e+006
VHM,12/6/2021 00:00:00,78.605,78.7993,77.1475,77.439,6.6418e+006
VHM,12/7/2021 00:00:00,78.3135,79.4794,77.9248,79.2851,4.5227e+006
VHM,12/8/2021 00:00:00,79.3823,79.4794,78.605,78.7021,3.8101e+006
VHM,12/9/2021 00:00:00,78.7993,79.4794,78.3135,79.2851,2.7664e+006
VHM,12/10/2021 00:00:00,78.9936,79.2851,78.3135,78.605,4.3271e+006
VHM,12/13/2021 00:00:00,78.7021,81.1312,78.605,79.7709,6.503e+006
VHM,12/14/2021 00:00:00,80.1596,80.6454,79.5766,79.7709,3.0821e+006
VHM,12/15/2021 00:00:00,79.8681,80.5482,79.2851,80.2567,3.5898e+006
VHM,12/16/2021 00:00:00,80.4511,80.4511,79.3823,79.9652,3.2905e+006
VHM,12/17/2021 00:00:00,80.0624,83.5603,80.0624,82.1028,2.51858e+007
VHM,12/20/2021 00:00:00,82.783,82.783,80.9369,81.1312,4.6526e+006
VHM,12/21/2021 00:00:00,81.1312,84.3376,81.1312,83.5603,1.60163e+007
VHM,12/22/2021 00:00:00,84.3376,85.0177,82.783,83.2688,8.9288e+006
VHM,12/23/2021 00:00:00,83.4631,83.6574,80.1596,80.1596,8.8973e+006
VHM,12/24/2021 00:00:00,80.3539,80.9369,79.8681,80.5482,6.8132e+006
VHM,12/27/2021 00:00:00,80.7426,81.1312,79.1879,80.4511,4.9997e+006
VHM,12/28/2021 00:00:00,80.6454,81.8113,80.2567,80.4511,4.4691e+006
VHM,12/29/2021 00:00:00,80.5482,81.1312,79.3823,79.3823,5.2293e+006
VHM,12/30/2021 00:00:00,80.0624,80.0624,79.2851,79.2851,5.8455e+006
VHM,12/31/2021 00:00:00,79.6738,79.9652,79.2851,79.6738,4.6339e+006
VHM,1/4/2022 00:00:00,80.3539,82.9773,80.1596,82.6858,1.01901e+007
VHM,1/5/2022 00:00:00,82.6858,83.4631,81.617,81.617,7.3731e+006
VHM,1/6/2022 00:00:00,81.617,83.5603,81.617,82.8801,1.05517e+007
VHM,1/7/2022 00:00:00,83.0745,83.9489,81.9085,82.9773,8.2408e+006
VHM,1/10/2022 00:00:00,83.0745,84.9206,82.2,82.9773,9.915e+006
VHM,1/11/2022 00:00:00,83.0745,83.2688,80.6454,81.2284,6.1356e+006
VHM,1/12/2022 00:00:00,80.6454,82.0057,79.0908,81.2284,6.5338e+006
VHM,1/13/2022 00:00:00,81.617,81.9085,79.6738,79.8681,6.6835e+006
VHM,1/14/2022 00:00:00,79.6738,80.4511,79.2851,79.8681,3.5897e+006
VHM,1/17/2022 00:00:00,79.9652,80.1596,76.856,76.856,8.3105e+006
VHM,1/18/2022 00:00:00,76.9532,77.7305,73.9411,74.8156,8.0739e+006
VHM,1/19/2022 00:00:00,74.8156,76.0787,74.8156,75.3986,3.3444e+006
VHM,1/20/2022 00:00:00,75.3986,77.3418,75.2043,76.3702,3.6277e+006
VHM,1/21/2022 00:00:00,77.1475,77.2447,75.4957,77.1475,5.0401e+006
VHM,1/24/2022 00:00:00,76.4674,76.7589,74.0383,74.0383,5.6053e+006
VHM,1/25/2022 00:00:00,74.3298,78.7021,73.5525,78.7021,5.762e+006
VHM,1/26/2022 00:00:00,78.7021,78.8965,77.7305,78.8965,3.9226e+006
VHM,1/27/2022 00:00:00,78.8965,79.4794,77.439,78.7021,4.4468e+006
VHM,1/28/2022 00:00:00,78.1191,78.8965,77.9248,78.022,3.9001e+006
VHM,2/7/2022 00:00:00,79.2851,80.6454,78.8965,79.8681,4.8681e+006
VHM,2/8/2022 00:00:00,80.1596,80.1596,78.7021,78.8965,3.1019e+006
VHM,2/9/2022 00:00:00,78.8965,81.617,78.8965,79.1879,4.7063e+006
VHM,2/10/2022 00:00:00,79.4794,79.4794,77.3418,77.8277,5.8728e+006
VHM,2/11/2022 00:00:00,77.7305,78.2163,77.2447,77.439,3.4808e+006
VHM,2/14/2022 00:00:00,76.7589,77.2447,75.8844,75.8844,5.0935e+006
VHM,2/15/2022 00:00:00,75.8844,78.605,75.8844,77.7305,3.7775e+006
VHM,2/16/2022 00:00:00,78.022,78.2163,77.439,77.7305,2.3344e+006
VHM,2/17/2022 00:00:00,77.7305,78.5078,77.439,78.5078,2.8032e+006
VHM,2/18/2022 00:00:00,77.7305,78.022,77.3418,77.439,3.3733e+006
VHM,2/21/2022 00:00:00,77.7305,78.2163,77.439,77.7305,3.1168e+006
VHM,2/22/2022 00:00:00,77.0504,77.2447,76.1759,77.0504,5.1467e+006
VHM,2/23/2022 00:00:00,77.5362,78.022,77.0504,77.1475,2.85e+006
VHM,2/24/2022 00:00:00,77.0504,77.2447,74.9128,76.3702,5.2843e+006
VHM,2/25/2022 00:00:00,76.7589,77.0504,76.0787,76.0787,2.6933e+006
VHM,2/28/2022 00:00:00,76.0787,76.3702,75.3014,75.3014,2.8373e+006
VHM,3/1/2022 00:00:00,75.3014,75.9816,75.3014,75.7872,2.4592e+006
VHM,3/2/2022 00:00:00,75.4957,75.7872,74.8156,75.3014,3.3978e+006
VHM,3/3/2022 00:00:00,75.6901,76.273,75.0099,75.7872,3.9424e+006
VHM,3/4/2022 00:00:00,75.7872,76.273,75.0099,75.6901,4.102e+006
VHM,3/7/2022 00:00:00,75.0099,75.0099,73.6496,74.0383,7.6343e+006
VHM,3/8/2022 00:00:00,73.7468,74.3298,72.4837,72.4837,6.0328e+006
VHM,3/9/2022 00:00:00,72.8723,72.8723,71.7064,71.9007,7.3954e+006
VHM,3/10/2022 00:00:00,72.678,73.7468,72.3865,73.0667,3.7757e+006
VHM,3/11/2022 00:00:00,73.0667,73.0667,71.9007,72.8723,3.6102e+006
VHM,3/14/2022 00:00:00,72.4837,72.5808,71.3177,72.3865,3.4372e+006
VHM,3/15/2022 00:00:00,72.678,72.678,71.6092,72.3865,4.1632e+006
VHM,3/16/2022 00:00:00,72.1922,72.3865,71.6092,72.095,4.0472e+006
VHM,3/17/2022 00:00:00,71.9007,73.6496,71.8035,71.9007,2.8696e+006
VHM,3/18/2022 00:00:00,72.5808,74.1355,72.095,72.4837,7.4108e+006
VHM,3/21/2022 00:00:00,73.1638,75.3014,73.0667,75.3014,4.454e+006
VHM,3/22/2022 00:00:00,75.3986,76.273,74.6213,75.7872,4.1304e+006
VHM,3/23/2022 00:00:00,75.7872,75.8844,74.9128,75.0099,3.6177e+006
VHM,3/24/2022 00:00:00,74.8156,74.8156,73.4553,73.5525,4.5277e+006
VHM,3/25/2022 00:00:00,73.6496,74.1355,73.3582,73.7468,2.7137e+006
VHM,3/28/2022 00:00:00,73.1638,73.5525,72.2894,72.7752,3.7124e+006
VHM,3/29/2022 00:00:00,72.7752,74.4269,72.678,74.3298,2.8626e+006
VHM,3/30/2022 00:00:00,73.6496,74.1355,72.5808,73.6496,4.0884e+006
VHM,3/31/2022 00:00:00,73.4553,73.844,72.9695,73.6496,3.3943e+006
VHM,4/1/2022 00:00:00,73.3582,74.3298,72.9695,74.0383,4.095e+006
VHM,4/4/2022 00:00:00,74.8156,74.8156,73.9411,74.1355,3.1277e+006
VHM,4/5/2022 00:00:00,74.1355,75.3014,73.844,74.2326,3.7859e+006
VHM,4/6/2022 00:00:00,73.844,74.1355,72.9695,74.1355,3.8799e+006
VHM,4/7/2022 00:00:00,73.844,73.9411,72.5808,72.8723,4.6018e+006
VHM,4/8/2022 00:00:00,72.9695,73.844,72.3865,72.9695,4.4719e+006
VHM,4/12/2022 00:00:00,72.7752,72.9695,70.9291,70.9291,4.3562e+006
VHM,4/13/2022 00:00:00,71.1234,71.3177,70.1518,71.0262,3.8252e+006
VHM,4/14/2022 00:00:00,71.2206,71.4149,69.9574,70.2489,3.6791e+006
VHM,4/15/2022 00:00:00,70.2489,70.3461,68.6943,69.083,4.0408e+006
VHM,4/18/2022 00:00:00,68.1114,68.7915,66.1681,67.8199,5.6687e+006
VHM,4/19/2022 00:00:00,67.2369,68.5,66.4596,66.9454,2.7322e+006
VHM,4/20/2022 00:00:00,66.5567,66.6539,63.8362,64.905,5.981e+006
VHM,4/21/2022 00:00:00,64.6135,65.0993,62.1844,62.1844,6.5367e+006
VHM,4/22/2022 00:00:00,62.8645,63.9333,62.0872,62.8645,6.1805e+006
VHM,4/25/2022 00:00:00,63.156,63.2532,58.4922,61.2128,6.8574e+006
VHM,4/26/2022 00:00:00,59.561,63.156,57.5206,63.156,6.3239e+006
VHM,4/27/2022 00:00:00,62.4759,63.156,60.9213,63.156,4.7733e+006
VHM,4/28/2022 00:00:00,63.0589,63.0589,60.8241,62.6702,6.2904e+006
VHM,4/29/2022 00:00:00,61.3099,63.156,61.2128,63.156,6.8196e+006
VHM,5/4/2022 00:00:00,63.156,63.3504,61.6986,62.6702,2.5117e+006
VHM,5/5/2022 00:00:00,62.7674,66.8482,62.5731,66.8482,7.5184e+006
VHM,5/6/2022 00:00:00,65.0993,66.8482,64.8078,66.7511,5.5607e+006
VHM,5/9/2022 00:00:00,65.9738,66.5567,64.5163,66.0709,5.6584e+006
VHM,5/10/2022 00:00:00,65.0021,67.917,63.156,67.917,4.3527e+006
VHM,5/11/2022 00:00:00,67.0426,69.1801,66.6539,68.5,3.0728e+006
VHM,5/12/2022 00:00:00,67.2369,67.917,65.0993,66.9454,4.1173e+006
VHM,5/13/2022 00:00:00,66.9454,66.9454,62.6702,66.0709,6.9243e+006
VHM,5/16/2022 00:00:00,66.0709,66.1681,62.6702,63.9333,5.2964e+006
VHM,5/17/2022 00:00:00,63.3504,65.0021,61.5043,65.0021,4.8307e+006
VHM,5/18/2022 00:00:00,65.0021,65.0021,63.4475,65.0021,4.2663e+006
VHM,5/19/2022 00:00:00,63.156,65.7794,63.156,65.0993,3.316e+006
VHM,5/20/2022 00:00:00,65.1965,65.4879,64.1277,64.905,2.3058e+006
VHM,5/23/2022 00:00:00,64.8078,65.4879,63.4475,64.8078,2.9013e+006
VHM,5/24/2022 00:00:00,63.9333,65.0021,63.8362,65.0021,2.242e+006
VHM,5/25/2022 00:00:00,64.905,65.9738,64.4192,65.9738,3.0771e+006
VHM,5/26/2022 00:00:00,65.9738,67.6255,65.9738,66.7511,3.0486e+006
VHM,5/27/2022 00:00:00,67.0426,67.7227,66.5567,67.7227,2.4519e+006
VHM,5/30/2022 00:00:00,68.0142,68.5,66.8482,68.5,2.5939e+006
VHM,5/31/2022 00:00:00,68.7,69.9,68.5,69.6,3.6929e+006
VHM,6/1/2022 00:00:00,69.6,70.3,69,70.3,3.7046e+006
VHM,6/2/2022 00:00:00,70.1,70.1,68.6,69.5,3.1157e+006
VHM,6/3/2022 00:00:00,68.6,69.4,68,69.4,2.7526e+006
VHM,6/6/2022 00:00:00,69.4,69.5,68.2,69.3,3.3316e+006
VHM,6/7/2022 00:00:00,69,69,67.8,68.5,3.5689e+006
VHM,6/8/2022 00:00:00,68.5,69.2,68,68.5,2.0853e+006
VHM,6/9/2022 00:00:00,68.7,68.7,67.5,68.3,3.5441e+006
VHM,6/10/2022 00:00:00,67.2,68.3,67.2,68.3,2.4522e+006
VHM,6/13/2022 00:00:00,66.5,67,65.2,66,3.3738e+006
VHM,6/14/2022 00:00:00,65.6,66,64.7,66,3.0153e+006
VHM,6/15/2022 00:00:00,66,66.3,64.7,65.9,3.508e+006
VHM,6/16/2022 00:00:00,65.9,66.7,65.6,66,2.4378e+006
VHM,6/17/2022 00:00:00,64.8,66,63.8,66,3.1069e+006
VHM,6/20/2022 00:00:00,65.9,66,64.7,65,2.7017e+006
VHM,6/21/2022 00:00:00,64.7,65,63.8,65,2.3651e+006
VHM,6/22/2022 00:00:00,64.5,65,63.5,64.8,3.4609e+006
VHM,6/23/2022 00:00:00,63.9,64.2,63,63.2,5.5342e+006
VHM,6/24/2022 00:00:00,63.3,63.8,63.1,63.2,2.2565e+006
VHM,6/27/2022 00:00:00,63.2,64.9,63.2,63.5,2.6661e+006
VHM,6/28/2022 00:00:00,63.5,64.1,63.5,63.8,1.4559e+006
VHM,6/29/2022 00:00:00,63.6,64,63.1,63.3,1.5717e+006
VHM,6/30/2022 00:00:00,63.3,63.8,62.1,62.1,2.4802e+006
VHM,7/1/2022 00:00:00,62.2,63.5,61.4,61.4,2.974e+006
VHM,7/4/2022 00:00:00,62,62,61,61,2.2562e+006
VHM,7/5/2022 00:00:00,61.1,61.5,60.4,60.5,3.1338e+006
VHM,7/6/2022 00:00:00,60.2,60.5,58.4,59.1,6.7228e+006
VHM,7/7/2022 00:00:00,59,61,58.3,61,2.0988e+006
VHM,7/8/2022 00:00:00,61.3,61.3,59.5,61,1.7939e+006
VHM,7/11/2022 00:00:00,59.1,60.5,58.4,60.5,4.8832e+006
VHM,7/12/2022 00:00:00,59.5,60.5,59.1,60.2,3.6027e+006
VHM,7/13/2022 00:00:00,60,60.5,59,60.1,2.3346e+006
VHM,7/14/2022 00:00:00,60.1,60.3,59.2,60.1,1.9063e+006
VHM,7/15/2022 00:00:00,59.5,60.2,59.4,60,2.3019e+006
VHM,7/18/2022 00:00:00,60,60,59,59,2.0234e+006
VHM,7/19/2022 00:00:00,58.6,59.1,58.6,58.8,1.8648e+006
VHM,7/20/2022 00:00:00,59,59.7,58.5,59.7,1.91e+006
VHM,7/21/2022 00:00:00,59.6,59.7,58.9,58.9,2.0707e+006
VHM,7/22/2022 00:00:00,58.9,59,58.5,58.7,1.5305e+006
VHM,7/25/2022 00:00:00,58.5,59.1,58.5,58.9,1.2295e+006
VHM,7/26/2022 00:00:00,59,59.3,58.5,58.7,737100
VHM,7/27/2022 00:00:00,58.5,58.8,58.5,58.6,502800
VHM,7/28/2022 00:00:00,59,59.1,58.5,58.8,1.9143e+006
VHM,7/29/2022 00:00:00,58.9,60.5,58.8,59.9,3.2355e+006
VHM,8/1/2022 00:00:00,59.8,60,59,60,1.7038e+006
VHM,8/2/2022 00:00:00,59.8,62.8,59.4,62.5,4.3202e+006
VHM,8/3/2022 00:00:00,62,62.7,61.4,61.9,2.0058e+006
VHM,8/4/2022 00:00:00,62,63.1,62,63,5.2189e+006
VHM,8/5/2022 00:00:00,62.7,62.7,61.6,61.8,2.2904e+006
VHM,8/8/2022 00:00:00,61.5,61.9,61.5,61.5,2.2336e+006
VHM,8/9/2022 00:00:00,61.7,61.9,60.9,60.9,2.2347e+006
VHM,8/10/2022 00:00:00,61,62.3,60.8,61.3,1.5946e+006
VHM,8/11/2022 00:00:00,61.9,61.9,61,61.4,2.2367e+006
VHM,8/12/2022 00:00:00,61.4,61.5,61.1,61.2,1.4234e+006
VHM,8/15/2022 00:00:00,61.5,62.3,61.3,61.5,2.1895e+006
VHM,8/16/2022 00:00:00,61.5,61.8,61.1,61.3,1.1073e+006
VHM,8/17/2022 00:00:00,61.5,61.8,61.3,61.3,2.5058e+006
VHM,8/18/2022 00:00:00,61.3,61.8,61.1,61.1,3.3502e+006
VHM,8/19/2022 00:00:00,61,61.1,59.5,60.1,2.7807e+006
VHM,8/22/2022 00:00:00,59.9,60.4,59.1,59.4,2.1169e+006
VHM,8/23/2022 00:00:00,59.2,59.7,59.1,59.5,1.3533e+006
VHM,8/24/2022 00:00:00,59.6,59.8,59.3,59.7,1.0499e+006
VHM,8/25/2022 00:00:00,59.9,61.2,59.8,61,2.0258e+006
VHM,8/26/2022 00:00:00,61,61.4,60.2,60.3,851200
VHM,8/29/2022 00:00:00,59.6,59.8,58.9,59.7,2.0356e+006
VHM,8/30/2022 00:00:00,59.7,60.4,59.5,59.9,1.7705e+006
VHM,8/31/2022 00:00:00,59.9,61.4,59.7,61,2.8373e+006
VHM,9/5/2022 00:00:00,61.2,61.8,61,61,1.5295e+006
VHM,9/6/2022 00:00:00,61.2,61.5,61,61.1,1.2852e+006
VHM,9/7/2022 00:00:00,61,61.1,59.5,59.5,1.8471e+006
VHM,9/8/2022 00:00:00,59.6,59.8,59.3,59.6,1.642e+006
VHM,9/9/2022 00:00:00,59.8,60.2,59.5,59.9,1.4431e+006
VHM,9/12/2022 00:00:00,60.1,61.8,60.1,61.4,3.8685e+006
VHM,9/13/2022 00:00:00,61.5,61.5,60.7,60.7,2.2521e+006
VHM,9/14/2022 00:00:00,59.8,60.3,59.7,60,1.7845e+006
VHM,9/15/2022 00:00:00,60,60.5,59.8,60.5,1.9109e+006
VHM,9/16/2022 00:00:00,60,61.1,59.6,59.6,2.3688e+006
VHM,9/19/2022 00:00:00,59.6,59.8,58.4,58.4,1.9449e+006
VHM,9/20/2022 00:00:00,58.6,59.3,58.6,58.9,1.5394e+006
VHM,9/21/2022 00:00:00,58.9,58.9,58,58.3,1.7327e+006
VHM,9/22/2022 00:00:00,57.8,58,56.6,57.7,2.3707e+006
VHM,9/23/2022 00:00:00,57.5,57.7,57,57.2,630900
VHM,9/26/2022 00:00:00,56.5,57,55.2,55.9,2.7346e+006
VHM,9/27/2022 00:00:00,55.9,55.9,54.1,54.1,1.2395e+006
VHM,9/28/2022 00:00:00,53.6,54,51,51.2,2.6244e+006
VHM,9/29/2022 00:00:00,52.1,52.5,50.7,50.8,1.9674e+006
VHM,9/30/2022 00:00:00,50,52,48,50.7,4.399e+006
VHM,10/3/2022 00:00:00,50.7,50.8,47.2,50.4,4.2166e+006
VHM,10/4/2022 00:00:00,50.7,50.7,48.3,50.6,2.9816e+006
VHM,10/5/2022 00:00:00,51,53.8,50.9,53.8,3.9263e+006
VHM,10/6/2022 00:00:00,53.6,54.1,52.7,53.6,2.7155e+006
VHM,10/7/2022 00:00:00,53.6,53.8,50.7,53.8,4.0538e+006
VHM,10/10/2022 00:00:00,53,53.9,51.8,53.9,2.1625e+006
VHM,10/11/2022 00:00:00,52.6,52.6,50.8,51.8,4.0807e+006
VHM,10/12/2022 00:00:00,51.8,52.9,50.5,52.5,2.0586e+006
VHM,10/13/2022 00:00:00,52.5,52.8,51,52.8,2.1288e+006
VHM,10/14/2022 00:00:00,53,53.1,51.3,51.9,1.6966e+006
VHM,10/17/2022 00:00:00,51.5,51.5,49.5,49.5,2.9347e+006
VHM,10/18/2022 00:00:00,50,50.5,48.35,50.5,2.5529e+006
VHM,10/19/2022 00:00:00,50.4,50.5,49.05,50,1.2402e+006
VHM,10/20/2022 00:00:00,49.5,50,48.9,50,2.7479e+006
VHM,10/21/2022 00:00:00,49.95,49.95,46.5,47.95,5.3839e+006
VHM,10/24/2022 00:00:00,47.95,47.95,44.6,44.6,1.834e+006
VHM,10/25/2022 00:00:00,44.6,44.7,41.5,44.6,6.2936e+006
VHM,10/26/2022 00:00:00,44.6,44.6,41.75,43.5,3.7003e+006
VHM,10/27/2022 00:00:00,43.4,44.6,42.9,44,4.8691e+006
VHM,10/28/2022 00:00:00,44.5,46.3,44.1,44.9,3.0762e+006
VHM,10/31/2022 00:00:00,45.5,46.8,44.1,45,2.5239e+006
VHM,11/1/2022 00:00:00,45.8,46.2,45,45,2.6228e+006
VHM,11/2/2022 00:00:00,45,45.5,44.7,44.9,2.2631e+006
VHM,11/3/2022 00:00:00,44.55,45.35,44.35,45,2.0998e+006
VHM,11/4/2022 00:00:00,44.8,44.8,42.5,44.5,4.3384e+006
VHM,11/7/2022 00:00:00,44,44,42.2,43.9,3.0205e+006
VHM,11/8/2022 00:00:00,43.1,43.8,41.25,43.8,5.5211e+006
VHM,11/9/2022 00:00:00,43.8,45,43.8,44.55,4.9334e+006
VHM,11/10/2022 00:00:00,44.1,44.1,42.3,43.95,4.0204e+006
VHM,11/11/2022 00:00:00,43.95,44.55,43.75,44.15,4.0841e+006
VHM,11/14/2022 00:00:00,43.8,44.9,42.35,44,2.665e+006
VHM,11/15/2022 00:00:00,42.55,43.85,42.45,43.4,3.0932e+006
VHM,11/16/2022 00:00:00,43,45,41.5,44.9,3.3709e+006
VHM,11/17/2022 00:00:00,45,47.95,44.95,47.95,4.3036e+006
VHM,11/18/2022 00:00:00,47.95,48.8,46.6,48,3.6417e+006
VHM,11/21/2022 00:00:00,48,48,45.75,46.95,2.7127e+006
VHM,11/22/2022 00:00:00,45.8,48.5,45.3,45.3,1.8518e+006
VHM,11/23/2022 00:00:00,45,46,44.3,44.4,1.1113e+006
VHM,11/24/2022 00:00:00,44.35,45.5,44.2,45,1.1826e+006
VHM,11/25/2022 00:00:00,46,47.05,45.8,47,3.3445e+006
VHM,11/28/2022 00:00:00,47.5,50.2,47.4,50.2,7.815e+006
VHM,11/29/2022 00:00:00,51.6,53.1,50.4,53.1,7.4318e+006
VHM,11/30/2022 00:00:00,53.6,54.5,52,54.5,6.1919e+006
VHM,12/1/2022 00:00:00,55.1,56.2,53.5,53.5,5.8683e+006
VHM,12/2/2022 00:00:00,53.5,57.2,53,57.2,6.3644e+006
VHM,12/5/2022 00:00:00,57.5,58.3,56.8,58.3,4.5973e+006
VHM,12/6/2022 00:00:00,58.3,58.3,54.3,55,4.2616e+006
VHM,12/7/2022 00:00:00,54.2,56.7,54.2,55.5,3.601e+006
VHM,12/8/2022 00:00:00,57,57,54.5,55.4,4.142e+006
VHM,12/9/2022 00:00:00,55.4,55.6,53.7,54.1,3.3291e+006
VHM,12/12/2022 00:00:00,54.2,54.2,50.5,50.5,3.8673e+006
VHM,12/13/2022 00:00:00,50.5,53,49.95,53,4.2506e+006
VHM,12/14/2022 00:00:00,53.7,53.7,51.4,53,3.2187e+006
VHM,12/15/2022 00:00:00,53,53.1,50.7,50.7,2.9494e+006
VHM,12/16/2022 00:00:00,50.3,51.2,49.3,49.3,3.4909e+006
VHM,12/19/2022 00:00:00,49.4,50.2,48.2,48.2,2.1402e+006
VHM,12/20/2022 00:00:00,48.2,48.6,46.3,48.2,3.2903e+006
VHM,12/21/2022 00:00:00,48.8,48.8,46.6,48.5,1.8809e+006
VHM,12/22/2022 00:00:00,48.55,49.65,48.55,49,2.1709e+006
VHM,12/23/2022 00:00:00,49.4,50,48.2,49.8,1.3481e+006
VHM,12/26/2022 00:00:00,49.5,49.6,47,47,2.1396e+006
VHM,12/27/2022 00:00:00,46.3,50.2,45.15,47.5,2.8725e+006
VHM,12/28/2022 00:00:00,47.7,48.5,46.5,47.7,1.4855e+006
VHM,12/29/2022 00:00:00,47.6,48.5,47.4,47.8,1.2581e+006
VHM,12/30/2022 00:00:00,49,49,47.55,48,1.1971e+006
VHM,1/3/2023 00:00:00,48,49.4,47,49.4,1.6223e+006
VHM,1/4/2023 00:00:00,49.9,49.9,49,49,1.1764e+006
VHM,1/5/2023 00:00:00,49,50,49,49.7,1.9517e+006
VHM,1/6/2023 00:00:00,49.75,50.3,49.5,49.9,1.1718e+006
VHM,1/9/2023 00:00:00,50.2,50.5,49.7,50.2,1.1964e+006
VHM,1/10/2023 00:00:00,50.1,50.4,49.75,49.75,894100
VHM,1/11/2023 00:00:00,50.3,50.9,49.8,50.8,1.1861e+006
VHM,1/12/2023 00:00:00,51.1,51.7,51,51.5,1.2387e+006
VHM,1/13/2023 00:00:00,51.7,52,51.1,52,1.047e+006
VHM,1/16/2023 00:00:00,52,52.3,51.3,51.3,1.1189e+006
VHM,1/17/2023 00:00:00,51.3,52,49.55,52,1.4536e+006
VHM,1/18/2023 00:00:00,52,52.9,50.9,52.5,1.2643e+006
VHM,1/19/2023 00:00:00,52.4,53.4,51.5,52.2,2.2357e+006
VHM,1/27/2023 00:00:00,52.4,53.9,51.9,53.3,1.2827e+006
VHM,1/30/2023 00:00:00,53.3,53.5,51.5,51.5,1.3495e+006
VHM,1/31/2023 00:00:00,51.5,51.8,50.4,50.9,1.312e+006
VHM,2/1/2023 00:00:00,50.7,50.9,48,48,3.6483e+006
VHM,2/2/2023 00:00:00,48.5,49.2,47.7,47.9,2.1561e+006
VHM,2/3/2023 00:00:00,48,48.5,47.5,48.1,1.2462e+006
VHM,2/6/2023 00:00:00,47.9,48,47.1,47.95,1.693e+006
VHM,2/7/2023 00:00:00,48,48,46.05,46.8,2.5421e+006
VHM,2/8/2023 00:00:00,46.7,46.7,44.45,46.6,4.7447e+006
VHM,2/9/2023 00:00:00,45.65,46.7,45.3,45.3,3.1211e+006
VHM,2/10/2023 00:00:00,45,45.75,45,45.4,1.6022e+006
VHM,2/13/2023 00:00:00,44.8,45,43.4,44.4,2.4676e+006
VHM,2/14/2023 00:00:00,44,44.2,42.2,42.75,3.875e+006
VHM,2/15/2023 00:00:00,42.7,42.7,41.6,42.5,4.2883e+006
VHM,2/16/2023 00:00:00,42.75,42.75,42,42.5,2.366e+006
VHM,2/17/2023 00:00:00,42.7,43.6,42.5,43.3,2.0645e+006
VHM,2/20/2023 00:00:00,43.5,46.3,43.4,45.2,4.177e+006
VHM,2/21/2023 00:00:00,45.5,46.15,45.1,45.2,1.5712e+006
VHM,2/22/2023 00:00:00,44.6,44.8,42.6,42.6,3.7123e+006
VHM,2/23/2023 00:00:00,42.6,42.85,40.6,42,4.588e+006
VHM,2/24/2023 00:00:00,41.7,42,40.9,41,3.0135e+006
VHM,2/27/2023 00:00:00,40,40.9,39.4,40.9,5.3259e+006
VHM,2/28/2023 00:00:00,41,41.95,40.4,41.5,1.6319e+006
VHM,3/1/2023 00:00:00,41.05,41.3,39.8,41.2,3.3251e+006
VHM,3/2/2023 00:00:00,41,41.5,40.45,41.1,1.9474e+006
VHM,3/3/2023 00:00:00,41,41.2,40.55,40.95,1.3872e+006
VHM,3/6/2023 00:00:00,41.75,43.2,41.5,42.1,2.9961e+006
VHM,3/7/2023 00:00:00,42.7,43,42.1,42.3,1.6706e+006
VHM,3/8/2023 00:00:00,41.3,42.35,41.3,42.35,1.9529e+006
VHM,3/9/2023 00:00:00,42.35,43,42.25,42.4,1.7801e+006
VHM,3/10/2023 00:00:00,42.4,43,42,42.85,2.5366e+006
VHM,3/13/2023 00:00:00,42.8,44.8,42.75,44.75,3.2251e+006
VHM,3/14/2023 00:00:00,44.2,45.35,44.1,44.75,2.8382e+006
VHM,3/15/2023 00:00:00,45.25,46.6,44.95,46,2.0694e+006
VHM,3/16/2023 00:00:00,45.8,45.8,44.25,44.5,2.039e+006
VHM,3/17/2023 00:00:00,44.6,45.2,43.35,43.35,4.9426e+006
VHM,3/20/2023 00:00:00,44.1,44.1,42.55,42.55,2.1674e+006
VHM,3/21/2023 00:00:00,43,45.5,43,45.4,2.5383e+006
VHM,3/22/2023 00:00:00,45.6,48,45.6,47.65,4.3949e+006
VHM,3/23/2023 00:00:00,47.4,48,46.85,48,2.2712e+006
VHM,3/24/2023 00:00:00,48,49.85,48,49,2.6093e+006
VHM,3/27/2023 00:00:00,49,49.5,48.4,48.4,1.8693e+006
VHM,3/28/2023 00:00:00,48.45,49.5,47,48,2.55e+006
VHM,3/29/2023 00:00:00,48.05,48.05,47.1,48,1.2511e+006
VHM,3/30/2023 00:00:00,48.8,49.95,48.1,49.55,1.6751e+006
VHM,3/31/2023 00:00:00,49.6,51.5,49.6,51.5,2.7189e+006
VHM,4/3/2023 00:00:00,52.2,53.7,52,52.6,2.8422e+006
VHM,4/4/2023 00:00:00,53,53,51,51,1.5156e+006
VHM,4/5/2023 00:00:00,51,52.3,50.6,52.2,2.1889e+006
VHM,4/6/2023 00:00:00,52,52.2,51.2,51.2,1.0342e+006
VHM,4/7/2023 00:00:00,51.2,51.5,50.3,50.7,779800
VHM,4/10/2023 00:00:00,51.4,51.5,49.8,49.8,1.3261e+006
VHM,4/11/2023 00:00:00,49.3,51.7,49.3,51.5,2.0775e+006
VHM,4/12/2023 00:00:00,51.9,52.1,51,51.6,2.0315e+006
VHM,4/13/2023 00:00:00,51.6,51.7,50.3,50.5,1.3405e+006
VHM,4/14/2023 00:00:00,50.7,51.5,49.7,50,1.3184e+006
VHM,4/17/2023 00:00:00,50.1,50.9,50,50.3,1.028e+006
VHM,4/18/2023 00:00:00,50.9,51.3,50.5,50.8,1.7616e+006
VHM,4/19/2023 00:00:00,50.8,51.2,50,50.4,973100
VHM,4/20/2023 00:00:00,50.5,50.7,49.85,50.7,483600
VHM,4/21/2023 00:00:00,50.5,50.7,49.9,50.3,734700
VHM,4/24/2023 00:00:00,50.8,52,50.2,50.5,1.3448e+006
VHM,4/25/2023 00:00:00,51.2,51.2,49.85,50.2,2.139e+006
VHM,4/26/2023 00:00:00,49.9,49.9,48,48,2.2767e+006
VHM,4/27/2023 00:00:00,48,48.7,46.85,47.5,2.648e+006
VHM,4/28/2023 00:00:00,47.7,49.5,47.4,49.5,1.1449e+006
VHM,5/4/2023 00:00:00,49.5,49.5,48.2,49.5,1.3144e+006
VHM,5/5/2023 00:00:00,49.15,49.5,48.6,49,793200
VHM,5/8/2023 00:00:00,48.85,49.55,48.6,49.4,1.0575e+006
VHM,5/9/2023 00:00:00,49.05,49.5,48.75,49.3,1.2701e+006
VHM,5/10/2023 00:00:00,49.3,49.4,48.9,49.35,518800
VHM,5/11/2023 00:00:00,49.5,49.5,48.95,49.15,523900
VHM,5/12/2023 00:00:00,49.1,51.2,48.9,51.2,1.4397e+006
VHM,5/15/2023 00:00:00,52,52.5,51.5,51.7,1.6995e+006
VHM,5/16/2023 00:00:00,51.7,52.2,51.5,52.2,1.4958e+006
VHM,5/17/2023 00:00:00,52.2,53.9,52.2,53.4,3.1098e+006
VHM,5/18/2023 00:00:00,53.9,55.8,53.5,55,3.5294e+006
VHM,5/19/2023 00:00:00,55.5,55.5,53.5,54.1,1.8441e+006
VHM,5/22/2023 00:00:00,55,55,53.5,54.1,1.6504e+006
VHM,5/23/2023 00:00:00,54.5,54.5,53,53.7,1.1573e+006
VHM,5/24/2023 00:00:00,53.7,54.5,53.3,54.5,848900
VHM,5/25/2023 00:00:00,54.7,55.6,54,55,1.6077e+006
VHM,5/26/2023 00:00:00,55,56.4,54.6,55,1.7914e+006
VHM,5/29/2023 00:00:00,55,56.3,55,55.5,1.6062e+006
VHM,5/30/2023 00:00:00,56,56,54.6,54.9,1.39e+006
VHM,5/31/2023 00:00:00,55,55,53.5,53.5,1.5381e+006
VHM,6/1/2023 00:00:00,53.5,54,53,53,913700
VHM,6/2/2023 00:00:00,53.5,53.9,53,53.4,1.3564e+006
VHM,6/5/2023 00:00:00,54,55.1,53.3,53.7,1.4307e+006
VHM,6/6/2023 00:00:00,54.4,55,53.9,55,1.3615e+006
VHM,6/7/2023 00:00:00,55.3,55.7,54.5,55.3,1.8573e+006
VHM,6/8/2023 00:00:00,55.3,56,55.1,55.4,2.3254e+006
VHM,6/9/2023 00:00:00,55,55.8,54.8,55.5,1.0511e+006
VHM,6/12/2023 00:00:00,55.5,55.5,54.4,55.4,1.1506e+006
VHM,6/13/2023 00:00:00,55.2,56.7,55.1,56.7,2.3704e+006
VHM,6/14/2023 00:00:00,56.8,58.2,56.7,57,2.4553e+006
VHM,6/15/2023 00:00:00,57,57.9,55.8,56.5,2.4532e+006
VHM,6/16/2023 00:00:00,56.4,56.9,55,56,2.452e+006
VHM,6/19/2023 00:00:00,56.1,56.1,54.8,55,1.5285e+006
VHM,6/20/2023 00:00:00,55,55.7,54.5,55.1,984300
VHM,6/21/2023 00:00:00,55,55.3,54.3,54.6,2.3677e+006
VHM,6/22/2023 00:00:00,55,55.7,54.7,55.7,1.9149e+006
VHM,6/23/2023 00:00:00,55.2,56,55.1,56,2.1599e+006
VHM,6/26/2023 00:00:00,55.6,55.8,54.8,55.5,1.4221e+006
VHM,6/27/2023 00:00:00,55.5,55.9,55.4,55.9,991900
VHM,6/28/2023 00:00:00,56.1,56.2,55,55.4,1.3889e+006
VHM,6/29/2023 00:00:00,55.4,55.4,54.9,55,1.2477e+006
VHM,6/30/2023 00:00:00,54.8,55.5,54.3,55,1.458e+006
VHM,7/3/2023 00:00:00,55,55.9,55,55.9,1.0435e+006
VHM,7/4/2023 00:00:00,55.9,56.8,55.5,56.5,1.4501e+006
VHM,7/5/2023 00:00:00,56.5,56.5,55.3,56.1,1.6227e+006
VHM,7/6/2023 00:00:00,55.3,55.9,54.5,54.5,1.4054e+006
VHM,7/7/2023 00:00:00,54.5,54.9,54,54,1.2205e+006
VHM,7/10/2023 00:00:00,54.1,54.4,53.6,53.8,2.1503e+006
VHM,7/11/2023 00:00:00,53.6,53.9,53.6,53.9,2.6154e+006
VHM,7/12/2023 00:00:00,53.9,55.3,53.9,55.1,2.1854e+006
VHM,7/13/2023 00:00:00,55.4,56.3,55.3,56.3,3.01e+006
VHM,7/14/2023 00:00:00,56.5,56.6,55.8,56.4,2.0542e+006
VHM,7/17/2023 00:00:00,56.7,59,56.5,59,4.2677e+006
VHM,7/18/2023 00:00:00,58.5,59.4,58,58.8,2.9089e+006
VHM,7/19/2023 00:00:00,58.8,59,58.2,58.5,2.216e+006
VHM,7/20/2023 00:00:00,58.5,58.5,57.3,57.7,3.5884e+006
VHM,7/21/2023 00:00:00,57.5,59,57.3,59,3.6038e+006
VHM,7/24/2023 00:00:00,59.5,59.5,58.1,59.1,2.0488e+006
VHM,7/25/2023 00:00:00,58.8,59.2,58.2,58.6,3.6193e+006
VHM,7/26/2023 00:00:00,58.3,59,58.3,59,3.0752e+006
VHM,7/27/2023 00:00:00,59,59.1,57.5,57.5,2.724e+006
VHM,7/28/2023 00:00:00,57.7,58.9,57.4,58.9,2.8672e+006
VHM,7/31/2023 00:00:00,62.2,63,61,63,5.5061e+006
VHM,8/1/2023 00:00:00,63.9,66.2,62.8,62.8,6.5535e+006
VHM,8/2/2023 00:00:00,62.6,62.9,61.9,61.9,3.4389e+006
VHM,8/3/2023 00:00:00,62,62.2,60.1,60.1,2.9444e+006
VHM,8/4/2023 00:00:00,60.9,63.8,60.6,63,4.715e+006
VHM,8/7/2023 00:00:00,63.7,63.7,61.6,62.9,3.3955e+006
VHM,8/8/2023 00:00:00,62.9,63.8,62.5,62.8,5.3004e+006
VHM,8/9/2023 00:00:00,62.3,62.7,60.6,60.6,5.591e+006
VHM,8/10/2023 00:00:00,60.7,61.6,60.6,60.6,4.7431e+006
VHM,8/11/2023 00:00:00,62.3,62.5,59.8,60.9,4.7927e+006
VHM,8/14/2023 00:00:00,60.9,61.8,60.8,61.2,6.2163e+006
VHM,8/15/2023 00:00:00,61.2,62.5,60.9,61.7,5.6872e+006
VHM,8/16/2023 00:00:00,63,64.1,62.3,62.9,6.3669e+006
VHM,8/17/2023 00:00:00,62.1,62.6,61,61,5.4371e+006
VHM,8/18/2023 00:00:00,60.8,60.8,56.8,56.8,9.5621e+006
VHM,8/21/2023 00:00:00,56.8,57.2,55.7,56,5.2292e+006
VHM,8/22/2023 00:00:00,56.8,56.8,54.5,55.5,4.5671e+006
VHM,8/23/2023 00:00:00,56.9,56.9,54.4,54.5,6.6845e+006
VHM,8/24/2023 00:00:00,54.9,56.1,54.4,55.4,4.6477e+006
VHM,8/25/2023 00:00:00,55.5,55.5,54,54.1,5.1291e+006
VHM,8/28/2023 00:00:00,54.5,55.3,54.2,54.7,5.2234e+006
VHM,8/29/2023 00:00:00,55,55.8,54.4,54.6,5.3054e+006
VHM,8/30/2023 00:00:00,54.6,55.1,54.1,54.6,5.0334e+006
VHM,8/31/2023 00:00:00,54.8,55.9,54.7,54.7,6.4204e+006
VHM,9/5/2023 00:00:00,55.2,55.5,54.4,55.3,9.0602e+006
VHM,9/6/2023 00:00:00,55.5,57,55.4,55.9,9.7716e+006
VHM,9/7/2023 00:00:00,56.5,56.6,54.9,55.1,8.7256e+006
VHM,9/8/2023 00:00:00,55,55.5,54,54,1.04286e+007
VHM,9/11/2023 00:00:00,54.6,54.9,52.5,52.5,8.4736e+006
VHM,9/12/2023 00:00:00,52.8,53.5,52,53.5,7.4184e+006
VHM,9/13/2023 00:00:00,53.8,53.8,52.1,52.1,1.19509e+007
VHM,9/14/2023 00:00:00,52.1,52.3,49,49,1.16409e+007
VHM,9/15/2023 00:00:00,49.6,50.5,49.4,50.5,1.05154e+007
VHM,9/18/2023 00:00:00,50.1,50.5,48.7,48.95,5.1007e+006
VHM,9/19/2023 00:00:00,50,50.7,49,49.35,7.5237e+006
VHM,9/20/2023 00:00:00,49.7,50.9,49.5,50.7,4.5161e+006
VHM,9/21/2023 00:00:00,51,51.4,50,50.2,5.1876e+006
VHM,9/22/2023 00:00:00,49.4,49.45,47.85,48,7.9623e+006
VHM,9/25/2023 00:00:00,48,48.75,46,47,5.318e+006
VHM,9/26/2023 00:00:00,47,47.8,45,45,4.0723e+006
VHM,9/27/2023 00:00:00,45,45.8,43.85,45.1,6.5013e+006
VHM,9/28/2023 00:00:00,45.1,45.5,44.05,44.5,3.4144e+006
VHM,9/29/2023 00:00:00,45,47.5,45,45.5,7.2893e+006
VHM,10/2/2023 00:00:00,45.6,46.2,45.2,45.75,1.82e+006
VHM,10/3/2023 00:00:00,45,45.25,44.05,44.05,4.6603e+006
VHM,10/4/2023 00:00:00,43.25,45.4,43.25,44.6,3.4693e+006
VHM,10/5/2023 00:00:00,44.7,45.25,44.25,44.55,2.7015e+006
VHM,10/6/2023 00:00:00,44.85,46.15,44.55,46.05,3.4318e+006
VHM,10/9/2023 00:00:00,46.1,47.5,46.05,47,3.8613e+006
VHM,10/10/2023 00:00:00,47.15,48,46.9,48,4.8344e+006
VHM,10/11/2023 00:00:00,47.7,47.8,46.85,47.4,2.9191e+006
VHM,10/12/2023 00:00:00,47.6,48,47.35,47.55,2.4505e+006
VHM,10/13/2023 00:00:00,47.05,47.2,46.5,46.9,2.577e+006
VHM,10/16/2023 00:00:00,46.9,47,45.55,45.55,3.2714e+006
VHM,10/17/2023 00:00:00,45.6,45.9,44.5,44.5,2.3985e+006
VHM,10/18/2023 00:00:00,44.6,45.8,43,43.3,3.8562e+006
VHM,10/19/2023 00:00:00,43.45,43.45,42.5,42.5,3.7335e+006
VHM,10/20/2023 00:00:00,42.5,44.8,41.7,44.5,3.1904e+006
VHM,10/23/2023 00:00:00,44.5,45.3,44,44.5,5.6854e+006
VHM,10/24/2023 00:00:00,44.9,45,44,44.6,3.1817e+006
VHM,10/25/2023 00:00:00,45.4,45.95,44.75,44.9,3.9199e+006
VHM,10/26/2023 00:00:00,41.8,41.8,41.8,41.8,6.0859e+006
VHM,10/27/2023 00:00:00,40,41.5,38.9,39.2,1.81738e+007
VHM,10/30/2023 00:00:00,39,40,37.75,39.2,6.7576e+006
VHM,10/31/2023 00:00:00,39.2,39.7,38,39,7.7117e+006
VHM,11/1/2023 00:00:00,38.9,39,36.75,38.45,9.75e+006
VHM,11/2/2023 00:00:00,38.45,40,37.7,39.95,9.1394e+006
VHM,11/3/2023 00:00:00,40.45,40.55,39.95,40.5,8.2695e+006
VHM,11/6/2023 00:00:00,40.65,41.4,40.6,41,6.3375e+006
VHM,11/7/2023 00:00:00,40.9,40.95,40,40,4.4405e+006
VHM,11/8/2023 00:00:00,39.95,41.5,39.2,41,7.7039e+006
VHM,11/9/2023 00:00:00,41.6,43.05,41.45,42.9,1.54598e+007
VHM,11/10/2023 00:00:00,42.5,43.2,42.3,42.3,6.5202e+006
VHM,11/13/2023 00:00:00,42.6,42.6,41.3,41.35,7.2251e+006
VHM,11/14/2023 00:00:00,41.85,41.9,40.75,41,7.4974e+006
VHM,11/15/2023 00:00:00,41.8,42.6,41.35,41.45,8.5854e+006
VHM,11/16/2023 00:00:00,41.4,41.65,40.8,41.15,5.3948e+006
VHM,11/17/2023 00:00:00,41.3,41.75,38.5,38.95,1.63136e+007
VHM,11/20/2023 00:00:00,38.5,39.5,38.3,38.95,4.8976e+006
VHM,11/21/2023 00:00:00,39.75,39.75,38.9,39.1,4.7891e+006
VHM,11/22/2023 00:00:00,39.4,39.6,38.85,39,4.8076e+006
VHM,11/23/2023 00:00:00,39.35,39.95,39,39,7.6596e+006
VHM,11/24/2023 00:00:00,39,39.2,38.05,39.1,7.3829e+006
VHM,11/27/2023 00:00:00,39.1,40,39.1,39.8,5.7106e+006
VHM,11/28/2023 00:00:00,39.8,40.75,39.65,40.75,7.3844e+006
VHM,11/29/2023 00:00:00,41.05,41.3,40.75,41.2,4.2093e+006
VHM,11/30/2023 00:00:00,41.2,41.35,40.6,41.3,7.7417e+006
VHM,12/1/2023 00:00:00,41.3,41.4,40.4,40.9,6.9708e+006
VHM,12/4/2023 00:00:00,40.95,41.5,40.85,41.3,8.1367e+006
VHM,12/5/2023 00:00:00,41.5,41.5,40.5,40.5,8.3006e+006
VHM,12/6/2023 00:00:00,40.5,40.55,39.65,40.45,1.0848e+007
VHM,12/7/2023 00:00:00,40.45,40.55,39.4,39.7,1.1343e+007
VHM,12/8/2023 00:00:00,39.7,40.1,39.45,39.65,9.8937e+006
VHM,12/11/2023 00:00:00,40.15,41.3,40.1,41,8.699e+006
VHM,12/12/2023 00:00:00,41,41.3,40.75,41.05,6.1691e+006
VHM,12/13/2023 00:00:00,41.2,41.65,40.65,40.75,9.94e+006
VHM,12/14/2023 00:00:00,41.1,41.25,40.25,40.3,4.7043e+006
VHM,12/15/2023 00:00:00,40.45,40.55,39.85,39.9,6.7999e+006
VHM,12/18/2023 00:00:00,40.2,40.2,39.85,39.9,3.5634e+006
VHM,12/19/2023 00:00:00,39.9,39.95,39.3,39.5,5.2275e+006
VHM,12/20/2023 00:00:00,39.85,39.95,39.5,39.95,2.3566e+006
VHM,12/21/2023 00:00:00,39.7,40.45,39.65,40.2,3.5565e+006
VHM,12/22/2023 00:00:00,40.2,40.4,40,40.3,3.2894e+006
VHM,12/25/2023 00:00:00,40.3,41.25,40.3,41.2,5.9577e+006
VHM,12/26/2023 00:00:00,41.5,42.2,41.3,41.9,1.03947e+007
VHM,12/27/2023 00:00:00,42,42.15,41.85,41.9,6.0342e+006
VHM,12/28/2023 00:00:00,42.1,43.8,42.05,43.7,1.31299e+007
VHM,12/29/2023 00:00:00,44.05,44.1,43.2,43.2,5.3245e+006
VHM,1/2/2024 00:00:00,43.3,43.75,42.55,43,7.5885e+006
VHM,1/3/2024 00:00:00,42.6,43.4,42.55,43.4,6.1126e+006
VHM,1/4/2024 00:00:00,43.55,43.7,43.25,43.45,8.778e+006
VHM,1/5/2024 00:00:00,43.45,43.55,43.05,43.1,4.5087e+006
VHM,1/8/2024 00:00:00,43.2,43.85,42.9,43.35,6.2139e+006
VHM,1/9/2024 00:00:00,43.15,43.3,42.65,43,6.3771e+006
VHM,1/10/2024 00:00:00,43,43,42.1,42.7,6.7894e+006
VHM,1/11/2024 00:00:00,42.5,43.05,42,42,6.969e+006
VHM,1/12/2024 00:00:00,41.8,41.9,40.9,41.3,8.3271e+006
VHM,1/15/2024 00:00:00,41.8,41.85,41.4,41.6,3.1495e+006
VHM,1/16/2024 00:00:00,41.6,42.65,41.45,42.65,3.7744e+006
VHM,1/17/2024 00:00:00,42.65,42.85,41.9,41.9,6.3435e+006
VHM,1/18/2024 00:00:00,42.25,43.5,42.05,43.2,8.9388e+006
VHM,1/19/2024 00:00:00,43.35,43.6,43,43.05,5.5314e+006
VHM,1/22/2024 00:00:00,43.35,43.45,42.8,43,4.7091e+006
VHM,1/23/2024 00:00:00,43.05,43.2,42.3,42.35,5.2558e+006
VHM,1/24/2024 00:00:00,42.35,42.95,42.3,42.5,2.7412e+006
VHM,1/25/2024 00:00:00,42.5,42.5,42.05,42.1,2.2954e+006
VHM,1/26/2024 00:00:00,42.2,42.5,42,42,4.3515e+006
VHM,1/29/2024 00:00:00,42.3,42.3,41.8,41.8,3.1662e+006
VHM,1/30/2024 00:00:00,41.8,42.3,41.7,42,2.9083e+006
VHM,1/31/2024 00:00:00,42.05,42.25,41.5,41.5,6.3071e+006
VHM,2/1/2024 00:00:00,41.35,41.5,41.1,41.2,7.1072e+006
VHM,2/2/2024 00:00:00,41.5,42.1,41.15,41.2,5.7753e+006
VHM,2/5/2024 00:00:00,41.4,41.6,41.1,41.25,3.3615e+006
VHM,2/6/2024 00:00:00,41.4,41.45,41,41,5.5353e+006
VHM,2/7/2024 00:00:00,41.05,41.85,41,41.8,3.7689e+006
VHM,2/15/2024 00:00:00,42.15,42.2,41.8,41.95,4.3171e+006
VHM,2/16/2024 00:00:00,42.15,42.8,41.95,42.7,6.0244e+006
VHM,2/19/2024 00:00:00,43,45.65,42.9,45.55,2.01564e+007
VHM,2/20/2024 00:00:00,46,46.7,45.85,46.15,1.29256e+007
VHM,2/21/2024 00:00:00,46.1,46.1,44.8,45,8.9457e+006
VHM,2/22/2024 00:00:00,45.1,45.45,44.8,44.8,6.8097e+006
VHM,2/23/2024 00:00:00,45,45.1,43.25,43.3,1.17532e+007
VHM,2/26/2024 00:00:00,43.45,43.85,43.1,43.35,7e+006
VHM,2/27/2024 00:00:00,43.75,44.2,43.3,44.2,7.1587e+006
VHM,2/28/2024 00:00:00,44.45,44.9,44,44.4,6.2832e+006
VHM,2/29/2024 00:00:00,44.55,44.7,43.4,43.4,1.10413e+007
VHM,3/1/2024 00:00:00,43.7,44.2,43.3,43.95,6.8739e+006
VHM,3/4/2024 00:00:00,44.05,44.6,43.8,43.95,7.0363e+006
VHM,3/5/2024 00:00:00,43.95,44.25,43.3,43.65,7.6902e+006
VHM,3/6/2024 00:00:00,43.65,44.55,43.05,43.1,1.13228e+007
VHM,3/7/2024 00:00:00,43.3,43.3,42.85,43.2,7.3147e+006
VHM,3/8/2024 00:00:00,43.5,43.6,42.55,42.55,9.5263e+006
VHM,3/11/2024 00:00:00,42.6,43,42.5,42.55,6.0562e+006
VHM,3/12/2024 00:00:00,42.55,42.9,42.35,42.7,4.7562e+006
VHM,3/13/2024 00:00:00,42.8,43,42.5,42.95,7.3329e+006
VHM,3/14/2024 00:00:00,43.4,43.8,42.8,42.9,1.26062e+007
VHM,3/15/2024 00:00:00,42.9,43.15,42.4,42.4,9.8852e+006
VHM,3/18/2024 00:00:00,42.65,43.15,41.3,42.1,1.47855e+007
VHM,3/19/2024 00:00:00,42.35,43.05,41.85,42.9,9.4643e+006
VHM,3/20/2024 00:00:00,43,43,42.2,42.5,5.4369e+006
VHM,3/21/2024 00:00:00,42.85,43.05,42.55,42.9,1.09783e+007
VHM,3/22/2024 00:00:00,43.2,43.5,42.6,42.8,9.9968e+006
VHM,3/25/2024 00:00:00,43,43.35,42.4,42.55,1.03095e+007
VHM,3/26/2024 00:00:00,42.7,42.9,42.45,42.75,4.2637e+006
VHM,3/27/2024 00:00:00,42.9,42.9,42.5,42.5,7.5519e+006
VHM,3/28/2024 00:00:00,42.8,44.05,42.6,43.3,1.85635e+007
VHM,3/29/2024 00:00:00,43.4,43.7,42.85,42.85,7.6869e+006
VHM,4/1/2024 00:00:00,42.9,43.15,42.65,42.9,7.5179e+006
VHM,4/2/2024 00:00:00,42.7,43.15,42.2,43.15,1.37581e+007
VHM,4/3/2024 00:00:00,43.15,43.75,42.9,43.1,1.18374e+007
VHM,4/4/2024 00:00:00,42.8,43.2,42.75,43,9.6667e+006
VHM,4/5/2024 00:00:00,42.7,43.1,42.4,42.95,1.34644e+007
VHM,4/8/2024 00:00:00,43.05,43.1,42.4,43,1.67377e+007
VHM,4/9/2024 00:00:00,43.1,43.2,42.9,43.2,1.09438e+007
VHM,4/10/2024 00:00:00,43.55,44.65,43.45,44.2,2.43222e+007
VHM,4/11/2024 00:00:00,44.25,44.25,43.75,44.15,1.45653e+007
VHM,4/12/2024 00:00:00,44.5,44.8,44.3,44.5,1.68228e+007
VHM,4/15/2024 00:00:00,44.5,44.5,42.2,42.4,2.04165e+007
VHM,4/16/2024 00:00:00,42.4,42.8,40.75,42.7,1.68478e+007
VHM,4/17/2024 00:00:00,43,43.05,41.55,41.8,1.08621e+007
VHM,4/19/2024 00:00:00,40.95,41.5,40.3,41.5,1.25268e+007
VHM,4/22/2024 00:00:00,41.5,41.8,40.65,41.45,9.1733e+006
VHM,4/23/2024 00:00:00,41,41.4,40.2,40.2,8.6232e+006
VHM,4/24/2024 00:00:00,40.35,40.9,40.25,40.6,5.0415e+006
VHM,4/25/2024 00:00:00,40.85,40.85,40.4,40.7,2.9891e+006
VHM,4/26/2024 00:00:00,40.4,41.05,40.3,40.8,4.7044e+006
VHM,5/2/2024 00:00:00,40.8,41.25,40.35,41.15,4.57e+006
VHM,5/3/2024 00:00:00,41.3,41.4,40.85,41.1,4.3916e+006
VHM,5/6/2024 00:00:00,41.15,41.2,40.85,41.15,4.9446e+006
VHM,5/7/2024 00:00:00,41.25,41.25,40.9,41.05,4.2769e+006
VHM,5/8/2024 00:00:00,41,41,40.5,40.9,6.6257e+006
VHM,5/9/2024 00:00:00,41,41.75,40.85,40.95,7.2997e+006
VHM,5/10/2024 00:00:00,41,41.1,40.35,40.35,7.2765e+006
VHM,5/13/2024 00:00:00,40.45,40.55,39.7,40.1,9.0939e+006
VHM,5/14/2024 00:00:00,41.1,41.25,40.15,40.15,6.866e+006
VHM,5/15/2024 00:00:00,40.2,40.4,40.05,40.25,6.5948e+006
VHM,5/16/2024 00:00:00,40.3,40.4,40.15,40.25,8.2597e+006
VHM,5/17/2024 00:00:00,40.35,41.2,40.2,40.85,1.33079e+007
VHM,5/20/2024 00:00:00,41.05,41.25,40.45,40.45,9.5371e+006
VHM,5/21/2024 00:00:00,40.5,40.75,40.05,40.2,9.6402e+006
VHM,5/22/2024 00:00:00,40.2,41.65,40.2,40.35,1.19278e+007
VHM,5/23/2024 00:00:00,40.45,40.55,40.1,40.55,6.3877e+006
VHM,5/24/2024 00:00:00,40.4,40.55,39.75,39.8,1.29122e+007
VHM,5/27/2024 00:00:00,39.85,40.05,39.75,39.8,4.6209e+006
VHM,5/28/2024 00:00:00,39.85,40.05,39.75,39.95,5.5557e+006
VHM,5/29/2024 00:00:00,40,40.1,39.45,39.45,8.0304e+006
VHM,5/30/2024 00:00:00,39.45,39.5,39,39,6.4237e+006
VHM,5/31/2024 00:00:00,39.2,39.65,38.85,38.85,5.8517e+006
VHM,6/3/2024 00:00:00,39.2,39.4,39.1,39.3,5.242e+006
VHM,6/4/2024 00:00:00,39.4,40.2,39.4,39.4,7.9553e+006
VHM,6/5/2024 00:00:00,39.55,39.9,39.3,39.3,6.2163e+006
VHM,6/6/2024 00:00:00,39.4,39.6,39,39.05,5.109e+006
VHM,6/7/2024 00:00:00,39.3,39.3,39,39,4.5195e+006
VHM,6/10/2024 00:00:00,39.15,39.2,38.85,38.9,6.32e+006
VHM,6/11/2024 00:00:00,38.9,38.95,38.15,38.15,1.43981e+007
VHM,6/12/2024 00:00:00,38.15,38.85,37.7,38.5,1.23766e+007
VHM,6/13/2024 00:00:00,38.55,38.7,38.1,38.25,5.9896e+006
VHM,6/14/2024 00:00:00,38.4,38.85,38.05,38.2,8.5897e+006
VHM,6/17/2024 00:00:00,38.25,38.5,37.9,38.3,8.5946e+006
VHM,6/18/2024 00:00:00,38.5,38.5,38.2,38.3,6.5885e+006
VHM,6/19/2024 00:00:00,38.3,38.35,37.75,38,7.9968e+006
VHM,6/20/2024 00:00:00,37.9,38,37.55,38,7.5875e+006
VHM,6/21/2024 00:00:00,37.75,37.8,37.45,37.75,1.30311e+007
VHM,6/24/2024 00:00:00,37.75,38.2,37.1,37.45,7.671e+006
VHM,6/25/2024 00:00:00,37.3,38.05,37.2,37.8,6.3501e+006
VHM,6/26/2024 00:00:00,37.8,38.15,37.5,37.5,4.5365e+006
VHM,6/27/2024 00:00:00,37.5,37.85,37.35,37.6,3.4542e+006
VHM,6/28/2024 00:00:00,37.6,37.75,37.3,37.65,5.9652e+006
VHM,7/1/2024 00:00:00,37.65,37.7,37.1,37.7,4.5156e+006
VHM,7/2/2024 00:00:00,37.75,38.35,37.55,38.15,5.4227e+006
VHM,7/3/2024 00:00:00,38.05,38.2,37.7,38.1,5.2328e+006
VHM,7/4/2024 00:00:00,38.1,38.5,37.8,38.45,7.4644e+006
VHM,7/5/2024 00:00:00,38.3,38.5,37.95,38.45,6.5717e+006
VHM,7/8/2024 00:00:00,38.15,38.4,37.8,38,7.9214e+006
VHM,7/9/2024 00:00:00,38,38.3,37.8,38.3,8.1949e+006
VHM,7/10/2024 00:00:00,38.35,38.4,37.95,38.25,5.45e+006
VHM,7/11/2024 00:00:00,38.25,38.7,38.1,38.45,8.8026e+006
VHM,7/12/2024 00:00:00,38.5,38.85,38.3,38.5,5.1361e+006
VHM,7/15/2024 00:00:00,38.5,38.5,37.8,38,4.8867e+006
VHM,7/16/2024 00:00:00,37.8,38.05,37.65,37.9,4.7657e+006
VHM,7/17/2024 00:00:00,37.9,37.9,36.8,37.3,7.0316e+006
VHM,7/18/2024 00:00:00,37.25,37.45,36.7,37.45,6.2844e+006
VHM,7/19/2024 00:00:00,37.7,38.2,37.55,37.85,6.1808e+006
VHM,7/22/2024 00:00:00,38,38,37.3,37.9,5.1357e+006
VHM,7/23/2024 00:00:00,37.65,37.95,37.35,37.85,4.8592e+006
VHM,7/24/2024 00:00:00,37.6,37.85,37.4,37.85,4.43e+006
VHM,7/25/2024 00:00:00,37.6,38.3,37.55,37.8,6.2245e+006
VHM,7/26/2024 00:00:00,37.8,37.9,37.5,37.75,3.9083e+006
VHM,7/29/2024 00:00:00,37.75,37.9,37.1,37.1,4.356e+006
VHM,7/30/2024 00:00:00,37.1,37.2,36.7,36.7,4.6844e+006
VHM,7/31/2024 00:00:00,36.85,37.05,36.65,36.7,3.7182e+006
VHM,8/1/2024 00:00:00,36.75,37,36,36.45,6.1909e+006
VHM,8/2/2024 00:00:00,36.05,36.3,34.6,36,8.614e+006
VHM,8/5/2024 00:00:00,35.2,35.7,34,34.5,9.9565e+006
VHM,8/6/2024 00:00:00,34.8,34.8,34,34.8,5.8534e+006
VHM,8/7/2024 00:00:00,36.95,37.2,36.6,37.2,3.67327e+007
VHM,8/8/2024 00:00:00,37.5,38.1,36.95,37.6,8.8333e+006
VHM,8/9/2024 00:00:00,37.8,37.8,36.8,37.2,8.6916e+006
VHM,8/12/2024 00:00:00,37.15,37.15,36.35,36.5,8.353e+006
VHM,8/13/2024 00:00:00,36.35,36.65,35.85,36.35,7.1459e+006
VHM,8/14/2024 00:00:00,36.35,37.4,36,37.2,1.01192e+007
VHM,8/15/2024 00:00:00,37.5,38.3,37.15,37.85,1.77787e+007
VHM,8/16/2024 00:00:00,38.2,38.7,38,38.4,1.47961e+007
VHM,8/19/2024 00:00:00,38.6,38.8,38.2,38.6,1.07797e+007
VHM,8/20/2024 00:00:00,38.6,39.8,38.5,39.4,1.75523e+007
VHM,8/21/2024 00:00:00,39.25,39.75,38.9,39.75,1.36615e+007
VHM,8/22/2024 00:00:00,39.75,40.15,39.5,39.8,9.2245e+006
VHM,8/23/2024 00:00:00,39.6,40,39.35,39.75,9.3406e+006
VHM,8/26/2024 00:00:00,39.85,40.75,39.85,40.5,1.56251e+007
VHM,8/27/2024 00:00:00,40.5,42.3,40.35,41.4,1.82193e+007
VHM,8/28/2024 00:00:00,41.7,41.8,40.6,40.9,1.11992e+007
VHM,8/29/2024 00:00:00,40.85,41.5,40.7,41.5,9.3042e+006
VHM,8/30/2024 00:00:00,41.5,41.65,41.1,41.5,1.13206e+007
VHM,9/4/2024 00:00:00,41,42.5,41,42.5,1.38102e+007
VHM,9/5/2024 00:00:00,42.7,44.45,42.7,43.75,2.21461e+007
VHM,9/6/2024 00:00:00,44,44,43.25,43.9,1.02304e+007
VHM,9/9/2024 00:00:00,43.65,43.65,43,43,1.03009e+007
VHM,9/10/2024 00:00:00,43.15,43.55,42.15,42.8,1.29306e+007
VHM,9/11/2024 00:00:00,42.55,43.15,41.75,43,1.3399e+007
VHM,9/12/2024 00:00:00,43.4,43.5,43.1,43.1,5.6634e+006
VHM,9/13/2024 00:00:00,43.05,43.4,42.7,43,5.405e+006
VHM,9/16/2024 00:00:00,42.85,42.9,41.75,41.75,8.3611e+006
VHM,9/17/2024 00:00:00,41.75,44,41.7,44,1.57863e+007
VHM,9/18/2024 00:00:00,44.1,45.15,43.9,43.9,1.24853e+007
VHM,9/19/2024 00:00:00,43.9,44.4,43.75,44.15,9.9031e+006
VHM,9/20/2024 00:00:00,44.2,44.9,43.7,43.75,2.53184e+007
VHM,9/23/2024 00:00:00,43.8,44.1,43.15,43.65,7.376e+006
VHM,9/24/2024 00:00:00,43.65,44.25,43.45,44.25,6.9583e+006
VHM,9/25/2024 00:00:00,44.4,44.4,43.8,44.15,1.06729e+007
VHM,9/26/2024 00:00:00,44.2,44.6,44.1,44.4,1.22594e+007
VHM,9/27/2024 00:00:00,44.5,44.6,43,43.4,1.63634e+007
VHM,9/30/2024 00:00:00,43.5,43.5,42.55,42.8,9.1291e+006
VHM,10/1/2024 00:00:00,42.9,44.1,42.9,43.45,1.12205e+007
VHM,10/2/2024 00:00:00,43.05,43.45,42.85,43.4,7.9701e+006
VHM,10/3/2024 00:00:00,43,43.25,41.6,41.6,2.68872e+007
VHM,10/4/2024 00:00:00,41.55,41.95,41.15,41.5,6.7643e+006
VHM,10/7/2024 00:00:00,41.65,41.8,40.9,41.2,7.2241e+006
VHM,10/8/2024 00:00:00,41.45,41.6,40.7,41.6,8.5814e+006
VHM,10/9/2024 00:00:00,41.65,42.55,41.6,42.5,6.7429e+006
VHM,10/10/2024 00:00:00,42.7,42.9,42.15,42.15,5.4463e+006
VHM,10/11/2024 00:00:00,42.45,43.8,42.3,43.6,1.5621e+007
VHM,10/14/2024 00:00:00,45.5,46.4,45.1,45.35,2.07371e+007
VHM,10/15/2024 00:00:00,45.5,45.5,44.6,44.65,9.2195e+006
VHM,10/16/2024 00:00:00,44.5,45.2,44.45,45,6.8213e+006
VHM,10/17/2024 00:00:00,45.1,45.5,44.8,45.1,6.6771e+006
VHM,10/18/2024 00:00:00,45.7,46,45.15,45.25,8.9608e+006
VHM,10/21/2024 00:00:00,45.5,47.8,45.5,47.8,2.11629e+007
VHM,10/22/2024 00:00:00,48.15,48.55,47.4,48.25,1.26713e+007
VHM,10/23/2024 00:00:00,48.25,48.35,46.5,47,3.33494e+007
VHM,10/24/2024 00:00:00,46.6,46.75,43.85,43.85,3.36099e+007
VHM,10/25/2024 00:00:00,44.55,44.65,43.5,43.85,2.45527e+007
VHM,10/28/2024 00:00:00,43.7,44.25,42.5,42.7,1.95435e+007
VHM,10/29/2024 00:00:00,42.95,43.05,42.55,42.75,1.73608e+007
VHM,10/30/2024 00:00:00,43,43,40.85,41.15,3.18203e+007
VHM,10/31/2024 00:00:00,41.15,41.55,40.45,41.5,2.37399e+007
VHM,11/1/2024 00:00:00,41.5,42.2,41.3,41.5,1.69522e+007
VHM,11/4/2024 00:00:00,41.5,41.5,40.55,41.5,1.9838e+007
VHM,11/5/2024 00:00:00,41.5,41.8,41.25,41.5,1.41403e+007
VHM,11/6/2024 00:00:00,41.5,41.7,41.3,41.55,1.50646e+007
VHM,11/7/2024 00:00:00,41.7,41.7,41.3,41.4,1.59957e+007
VHM,11/8/2024 00:00:00,41.3,41.35,40,40,2.2517e+007
VHM,11/11/2024 00:00:00,40,40.85,39.25,40.6,1.53121e+007
VHM,11/12/2024 00:00:00,40.6,41.35,40.3,40.3,1.62175e+007
VHM,11/13/2024 00:00:00,40.3,40.7,40.15,40.3,1.40666e+007
VHM,11/14/2024 00:00:00,40.35,41.1,40.3,40.35,1.69472e+007
VHM,11/15/2024 00:00:00,40.35,40.6,40,40.25,1.70243e+007
VHM,11/18/2024 00:00:00,40.3,40.8,39.6,40.8,2.30329e+007
VHM,11/19/2024 00:00:00,40.9,42.25,40.9,42.2,2.64697e+007
VHM,11/20/2024 00:00:00,42.2,43.4,41.75,43.3,2.84174e+007
VHM,11/21/2024 00:00:00,43.25,43.7,42.85,43.3,3.44049e+007
VHM,11/22/2024 00:00:00,42.65,42.75,41.6,41.6,9.0916e+006
VHM,11/25/2024 00:00:00,41.5,42.95,41.45,42.7,4.4012e+006
VHM,11/26/2024 00:00:00,42.7,43.3,42.4,42.4,4.2895e+006
VHM,11/27/2024 00:00:00,42.2,42.85,41.9,41.9,3.6504e+006
VHM,11/28/2024 00:00:00,42.25,42.35,41.1,41.1,6.5142e+006
VHM,11/29/2024 00:00:00,41.3,41.3,40.75,40.8,5.5244e+006
VHM,12/2/2024 00:00:00,41.1,41.15,40.75,40.75,3.7812e+006
VHM,12/3/2024 00:00:00,40.8,41.3,40.5,40.9,5.1872e+006
VHM,12/4/2024 00:00:00,40.7,40.85,40.1,40.1,5.1674e+006
VHM,12/5/2024 00:00:00,40.5,41.8,40.2,41.4,4.8528e+006
VHM,12/6/2024 00:00:00,41.6,42,41.2,41.5,4.87e+006
VHM,12/9/2024 00:00:00,41.5,41.9,41.4,41.45,3.6191e+006
VHM,12/10/2024 00:00:00,41.45,41.65,40.95,40.95,4.5793e+006
VHM,12/11/2024 00:00:00,40.95,41.35,40.8,40.85,4.0206e+006
VHM,12/12/2024 00:00:00,40.9,41.15,40.75,40.75,2.9848e+006
VHM,12/13/2024 00:00:00,40.7,40.8,40.5,40.65,3.1269e+006
VHM,12/16/2024 00:00:00,40.65,41.15,40.55,40.95,2.668e+006
VHM,12/17/2024 00:00:00,41,41.4,40.8,41.3,3.7086e+006
VHM,12/18/2024 00:00:00,41.3,41.6,40.9,40.9,2.4319e+006
VHM,12/19/2024 00:00:00,40.6,40.75,40.2,40.2,5.7248e+006
VHM,12/20/2024 00:00:00,40.4,40.45,40.2,40.35,3.4753e+006
VHM,12/23/2024 00:00:00,40.8,40.85,40.4,40.6,1.9924e+006
VHM,12/24/2024 00:00:00,40.5,40.6,40.1,40.35,3.2149e+006
VHM,12/25/2024 00:00:00,40.5,40.75,40.35,40.6,3.5597e+006
VHM,12/26/2024 00:00:00,40.75,41.3,40.65,40.65,3.6909e+006
VHM,12/27/2024 00:00:00,40.8,41.05,40.35,40.35,2.8472e+006
VHM,12/30/2024 00:00:00,40.45,40.6,40.3,40.3,2.5163e+006
VHM,12/31/2024 00:00:00,40.5,40.5,40,40,4.1919e+006
VHM,1/2/2025 00:00:00,40.1,40.2,39.95,40,3.0099e+006
VHM,1/3/2025 00:00:00,40.05,40.05,39.75,40,4.2691e+006
VHM,1/6/2025 00:00:00,40,40,39.75,40,3.3213e+006
VHM,1/7/2025 00:00:00,39.85,40.05,39.85,40,2.8497e+006
VHM,1/8/2025 00:00:00,40,40.05,39.7,40,2.4387e+006
VHM,1/9/2025 00:00:00,40,41.05,40,40.4,4.2114e+006
VHM,1/10/2025 00:00:00,40.4,40.7,39.9,40,2.32e+006
VHM,1/13/2025 00:00:00,39.8,40,38.7,40,3.9789e+006
VHM,1/14/2025 00:00:00,39.7,40,39.4,40,5.4076e+006
VHM,1/15/2025 00:00:00,40,40.1,39.8,40,2.7072e+006
VHM,1/16/2025 00:00:00,40.2,40.65,40,40,5.1388e+006
VHM,1/17/2025 00:00:00,40.1,40.1,39.85,40.1,4.1531e+006
VHM,1/20/2025 00:00:00,40,40.2,39.9,40,2.9969e+006
VHM,1/21/2025 00:00:00,40,40.15,39.8,40,4.4946e+006
VHM,1/22/2025 00:00:00,40,40,39.5,39.5,3.6405e+006
VHM,1/23/2025 00:00:00,39.55,39.95,39.25,39.5,4.6328e+006
VHM,1/24/2025 00:00:00,39.5,39.8,39.4,39.5,4.8385e+006
VHM,2/3/2025 00:00:00,39.55,39.55,38.85,39,4.7388e+006
VHM,2/4/2025 00:00:00,38.95,39.15,38.55,38.75,6.2224e+006
VHM,2/5/2025 00:00:00,39,39.45,38.85,38.85,2.7192e+006
VHM,2/6/2025 00:00:00,39,39.2,38.8,38.8,2.8176e+006
VHM,2/7/2025 00:00:00,38.85,39.05,38.75,38.75,3.0138e+006
VHM,2/10/2025 00:00:00,38.7,38.75,37.8,37.8,5.8509e+006
VHM,2/11/2025 00:00:00,37.85,37.9,37.6,37.75,5.8988e+006
VHM,2/12/2025 00:00:00,37.8,38.3,37.8,38,3.8087e+006
VHM,2/13/2025 00:00:00,37.9,38.9,37.9,38.75,4.9227e+006
VHM,2/14/2025 00:00:00,38.95,39.05,38.75,38.8,4.2456e+006
VHM,2/17/2025 00:00:00,38.8,39.15,38.7,38.8,4.0387e+006
VHM,2/18/2025 00:00:00,38.9,39.2,38.85,38.9,3.0871e+006
VHM,2/19/2025 00:00:00,39.15,39.15,38.8,39.1,2.9327e+006
VHM,2/20/2025 00:00:00,39.2,40.8,39.15,40.55,1.11067e+007
VHM,2/21/2025 00:00:00,40.7,40.7,40.25,40.3,3.8933e+006
VHM,2/24/2025 00:00:00,40.1,40.3,39.95,40.25,4.7719e+006
VHM,2/25/2025 00:00:00,40.3,41.25,40.3,40.75,5.5666e+006
VHM,2/26/2025 00:00:00,40.8,40.9,40.5,40.7,4.1872e+006
VHM,2/27/2025 00:00:00,40.75,41.15,40.6,41.05,6.36e+006
VHM,2/28/2025 00:00:00,41.05,41.6,40.85,41.2,8.3945e+006
VHM,3/3/2025 00:00:00,41.3,42.55,41.2,42.55,9.4679e+006
VHM,3/4/2025 00:00:00,42.55,43.15,42.05,42.05,1.12648e+007
VHM,3/5/2025 00:00:00,42.05,43,42.05,42.7,1.06822e+007
VHM,3/6/2025 00:00:00,42.85,43.6,42.85,43.6,1.19528e+007
VHM,3/7/2025 00:00:00,43.6,45.75,43.3,44.95,1.78233e+007
VHM,3/10/2025 00:00:00,45,45.8,44.7,45.3,1.20664e+007
VHM,3/11/2025 00:00:00,44.6,45.55,44.2,45.5,1.21034e+007
VHM,3/12/2025 00:00:00,45.4,47.3,45.4,46.95,1.56412e+007
VHM,3/13/2025 00:00:00,47,49.55,46.55,47.8,2.22699e+007
VHM,3/14/2025 00:00:00,47.7,48.9,47.7,47.9,1.68617e+007
VHM,3/17/2025 00:00:00,47.95,48,46.8,47.8,1.10178e+007
VHM,3/18/2025 00:00:00,47.6,48.75,46.8,47.3,1.22395e+007
VHM,3/19/2025 00:00:00,46.8,47.9,46.25,47.35,1.34425e+007
VHM,3/20/2025 00:00:00,47.35,48.2,46.95,47.35,1.34584e+007
VHM,3/21/2025 00:00:00,47.1,48.4,47.1,48.25,1.36957e+007
VHM,3/24/2025 00:00:00,48.45,51.4,48.35,51.3,1.55521e+007
VHM,3/25/2025 00:00:00,51.9,52.5,51.1,51.5,1.29188e+007
VHM,3/26/2025 00:00:00,51.8,52.2,50.2,51.5,9.611e+006
VHM,3/27/2025 00:00:00,51.5,51.7,50.5,51.2,7.9043e+006
VHM,3/28/2025 00:00:00,51.1,51.9,50.7,51.2,8.166e+006
VHM,3/31/2025 00:00:00,51.2,51.6,51,51.3,9.3742e+006
VHM,4/1/2025 00:00:00,51.8,53.5,51.5,53,1.1851e+007
VHM,4/2/2025 00:00:00,53.2,53.5,52.6,53.2,4.497e+006
