{"initial_reset_timestamp": 1589280636.2892745, "timestamps": [1589280639.8970554, 1589280640.0289757, 1589280640.0509627, 1589280640.0689511, 1589280640.08694], "episode_lengths": [123, 81, 98, 82, 85], "episode_rewards": [-230.00852141915706, -308.30884657052707, -288.7035104459701, -189.2665382281067, -88.67214262373172], "episode_types": ["t", "t", "t", "t", "t", "t"]}