rewards,steps,epsilon
-244.7115931421845,113,0.9954855999999968
9.865717470118097,91,0.9918423999999941
-319.9553088183499,113,0.9873279999999909
-247.13865655834437,104,0.9831699999999879
40.939493592009384,75,0.9801603999999857
-300.3106937623577,112,0.9756855999999825
1.1456470039275954,63,0.9731511999999807
-292.1999087919245,101,0.9691119999999778
77.19690717327602,75,0.9661023999999756
-36.56495434362465,67,0.9634095999999737
