rewards,steps,epsilon
-212.23906302551828,101,0.9899020000000041
-1.6147392609157833,69,0.9829720000000068
-38.13078783478349,109,0.9720820000000112
-35.94221830154436,73,0.9647560000000142
-205.365775413233,128,0.9519850000000193
27.011920735304116,98,0.9421840000000232
-7.571465765336043,94,0.932779000000027
38.910026705047585,74,0.92535400000003
-102.10054542799222,148,0.9106030000000359
-8.838863139700173,92,0.9013960000000396
